{"type": "FeatureCollection", "features": [{"type": "Feature", "properties": {"record_id": "535082740916f254", "table": "hazard_watch", "location_raw": "रसुवा, नुवाकोट र धादिङ आसपासका क्षेत्र", "location_ne": "", "admin_level": "district", "district": "", "province": "Bagmati", "geo_basis": "text_explicit", "as_of": "2026-08-28", "as_of_basis": "stated", "first_reported": "2026-08-28", "last_reported": "2026-08-28", "confidence": "medium", "confidence_note": "Names three districts jointly; specific single district not distinguished.", "density": "1", "effective_sources": "1", "independent_origins": "1", "origin": "media_own", "origin_note": "single outlet", "corroboration": "single_source", "evidence_quote": "जल तथा मौसम विज्ञान विभाग, मौसम पूर्वानुमान महाशाखाले बाढी प्रभावित रसुवा, नुवाकोट र धादिङ आसपासका क्षेत्रमा आज राति मध्यमदेखि भारी वर्षा हुन सक्ने भन्दै उच्च सतर्कता अपनाउन आग्रह गरेको छ।", "evidence_quote_en": "", "temporal_contamination_flag": "False", "hazard": "further_flooding", "action": "warning_issued", "source_outlets": "Nagarik News", "source_outlet_count": 1, "entity_key": "further_flooding|रसुवा, नुवाकोट र धादिङ आसपासका क्षेत्र", "geo_resolution": "district", "geo_statement": "District recovered as Nuwakot by locating \"नुवाकोट\"; anchored to the district, not the site", "geo_match_name": null, "geo_match_osm_id": null, "geo_anchor_id": "79688334B17077666187877", "geo_anchor_name": "Nuwakot"}, "geometry": {"type": "Point", "coordinates": [85.20729652963067, 27.936643231647253]}}, {"type": "Feature", "properties": {"record_id": "e04c4fa0cb5947ae", "table": "hazard_watch", "location_raw": "रसुवा र नुवाकोट क्षेत्र", "location_ne": "", "admin_level": "district", "district": "", "province": "Bagmati", "geo_basis": "text_explicit", "as_of": "2026-08-28", "as_of_basis": "stated", "first_reported": "2026-08-28", "last_reported": "2026-08-28", "confidence": "medium", "confidence_note": "Weakened ground from the flood raises landslide risk even with normal rainfall, per DHM meteorologist.", "density": "1", "effective_sources": "1", "independent_origins": "1", "origin": "media_own", "origin_note": "single outlet", "corroboration": "single_source", "evidence_quote": "बाढीका कारण जमिन कमजोर र थिचिएको अवस्थामा रहेकाले ठूलो वर्षा नभए पनि कमजोर माटो बग्ने, पहिरो जाने तथा स्थानीय खोलामा आकस्मिक बहाव बढ्न सक्ने जोखिम रहेको उनले बताए।", "evidence_quote_en": "", "temporal_contamination_flag": "False", "hazard": "landslide", "action": "warning_issued", "source_outlets": "Nagarik News", "source_outlet_count": 1, "entity_key": "landslide|रसुवा र नुवाकोट क्षेत्र", "geo_resolution": "province", "geo_statement": "Located to Bagmati province only — the source names no district", "geo_match_name": null, "geo_match_osm_id": null, "geo_anchor_id": "38925275B1624743257395", "geo_anchor_name": "Bagmati"}, "geometry": {"type": "Point", "coordinates": [85.39309228206186, 27.652735693974222]}}, {"type": "Feature", "properties": {"record_id": "2361260f73006967", "table": "hazard_watch", "location_raw": "Koshi, Bagmati and Gandaki provinces", "location_ne": "", "admin_level": "province", "district": "", "province": "", "geo_basis": "text_explicit", "as_of": "2026-08-28", "as_of_basis": "article_date", "first_reported": "2026-08-28", "last_reported": "2026-08-28", "confidence": "medium", "confidence_note": "Forecast spans three provinces; province field left blank since no single one applies.", "density": "1", "effective_sources": "1", "independent_origins": "1", "origin": "media_own", "origin_note": "single outlet", "corroboration": "single_source", "evidence_quote": "the country’s weather agency forecasting heavy rainfall in parts of Koshi, Bagmati and Gandaki provinces over the next 24 hours.", "evidence_quote_en": "", "temporal_contamination_flag": "", "hazard": "further_flooding", "action": "warning_issued", "source_outlets": "News18", "source_outlet_count": 1, "entity_key": "further_flooding|Koshi, Bagmati and Gandaki provinces", "geo_resolution": "district", "geo_statement": "District recovered as Kathmandu by locating \"Bagmati\"; anchored to the district, not the site", "geo_match_name": null, "geo_match_osm_id": null, "geo_anchor_id": "79688334B75108943206003", "geo_anchor_name": "Kathmandu"}, "geometry": {"type": "Point", "coordinates": [85.26981408551208, 27.69905151590865]}}, {"type": "Feature", "properties": {"record_id": "659db6fe21133b0c", "table": "hazard_watch", "location_raw": "Bhotekoshi and Trishuli areas", "location_ne": "", "admin_level": "province", "district": "", "province": "Bagmati", "geo_basis": "text_explicit", "as_of": "2026-08-28", "as_of_basis": "inferred_from_text", "first_reported": "2026-08-28", "last_reported": "2026-08-29", "confidence": "medium", "confidence_note": "Reach spans Rasuwa, Dhading and Nuwakot per this article; no single district specified for the hazard.", "density": "3", "effective_sources": "3", "independent_origins": "3", "origin": "unattributed", "origin_note": "3 outlets, no reporting body named; independence not established", "corroboration": "independent", "evidence_quote": "The National Disaster Risk Reduction and Management Authority (NDRRMA) on Friday said the rise in the water level at the site where a devastating flash flood occurred earlier this week raised the risk of another flood in the area.", "evidence_quote_en": "", "temporal_contamination_flag": "False", "hazard": "further_flooding", "action": "warning_issued", "source_outlets": "Rediff; ETV Bharat; Republic World", "source_outlet_count": 3, "entity_key": "further_flooding|Bhotekoshi and Trishuli areas", "geo_resolution": "district", "geo_statement": "District recovered as Sindhupalchok by locating \"Bhotekoshi\"; anchored to the district, not the site", "geo_match_name": null, "geo_match_osm_id": null, "geo_anchor_id": "79688334B45086844065391", "geo_anchor_name": "Sindhupalchok"}, "geometry": {"type": "Point", "coordinates": [85.72157873296592, 27.889285609515667]}}, {"type": "Feature", "properties": {"record_id": "1a472645ae62c4ba", "table": "hazard_watch", "location_raw": "Bhote Koshi and Trishuli areas", "location_ne": "", "admin_level": "province", "district": "", "province": "Bagmati", "geo_basis": "text_explicit", "as_of": "2026-08-28", "as_of_basis": "inferred_from_text", "first_reported": "2026-08-28", "last_reported": "2026-08-28", "confidence": "low", "confidence_note": "Lake feeds the Bhote Koshi system into Nepal; no specific district given.", "density": "1", "effective_sources": "1", "independent_origins": "1", "origin": "media_own", "origin_note": "single outlet", "corroboration": "single_source", "evidence_quote": "Chinese authorities had informed Nepal that around 2 million cubic metres of water had accumulated in the lake, with another 3 million cubic metres potentially entering it over three days, raising concerns about a possible breach.", "evidence_quote_en": "", "temporal_contamination_flag": "False", "hazard": "barrier_lake", "action": "monitoring", "source_outlets": "Rediff", "source_outlet_count": 1, "entity_key": "barrier_lake|Bhote Koshi and Trishuli areas", "geo_resolution": "district", "geo_statement": "District recovered as Sindhupalchok by locating \"Bhote Koshi\"; anchored to the district, not the site", "geo_match_name": null, "geo_match_osm_id": null, "geo_anchor_id": "79688334B45086844065391", "geo_anchor_name": "Sindhupalchok"}, "geometry": {"type": "Point", "coordinates": [85.72157873296592, 27.889285609515667]}}, {"type": "Feature", "properties": {"record_id": "d5c98566b05dc99f", "table": "hazard_watch", "location_raw": "Trishuli River banks, up to Mugling", "location_ne": "", "admin_level": "district", "district": "", "province": "Bagmati", "geo_basis": "text_explicit", "as_of": "2026-08-28", "as_of_basis": "article_date", "first_reported": "2026-08-28", "last_reported": "2026-08-28", "confidence": "medium", "confidence_note": "Spans a long river corridor from Rasuwa downstream to Mugling; district left blank.", "density": "1", "effective_sources": "1", "independent_origins": "1", "origin": "media_own", "origin_note": "single outlet", "corroboration": "single_source", "evidence_quote": "Residents along the banks of the Trishuli River, up to Mugling, have been urged to exercise heightened caution and stay in safe locations until further notice", "evidence_quote_en": "", "temporal_contamination_flag": "False", "hazard": "further_flooding", "action": "warning_issued", "source_outlets": "OnlineKhabar English News", "source_outlet_count": 1, "entity_key": "further_flooding|Trishuli River banks, up to Mugling", "geo_resolution": "province", "geo_statement": "Located to Bagmati province only — the source names no district", "geo_match_name": null, "geo_match_osm_id": null, "geo_anchor_id": "38925275B1624743257395", "geo_anchor_name": "Bagmati"}, "geometry": {"type": "Point", "coordinates": [85.39309228206186, 27.652735693974222]}}, {"type": "Feature", "properties": {"record_id": "82f6028a8a4cf123", "table": "hazard_watch", "location_raw": "Trishuli River, Syabrubesi to Mugling", "location_ne": "", "admin_level": "settlement", "district": "", "province": "Bagmati", "geo_basis": "text_explicit", "as_of": "2026-08-28", "as_of_basis": "stated", "first_reported": "2026-08-28", "last_reported": "2026-08-28", "confidence": "medium", "confidence_note": "Flood Forecasting Division notice names Syabrubesi (Rasuwa) to Mugling span; district left blank as span crosses districts.", "density": "1", "effective_sources": "1", "independent_origins": "1", "origin": "media_own", "origin_note": "single outlet", "corroboration": "single_source", "evidence_quote": "the Bhotekoshi flood has reached Syabrubesi.\nHigh alert issued for downstream areas in Bhotekoshi, Trishuli...\nAs the flood continues to rise, the Division has urged people living along the Trishuli River to remain on high alert up to Mugling.", "evidence_quote_en": "", "temporal_contamination_flag": "", "hazard": "further_flooding", "action": "warning_issued", "source_outlets": "myRepublica", "source_outlet_count": 1, "entity_key": "further_flooding|Trishuli River, Syabrubesi to Mugling", "geo_resolution": "province", "geo_statement": "Located to Bagmati province only — the source names no district", "geo_match_name": null, "geo_match_osm_id": null, "geo_anchor_id": "38925275B1624743257395", "geo_anchor_name": "Bagmati"}, "geometry": {"type": "Point", "coordinates": [85.39309228206186, 27.652735693974222]}}, {"type": "Feature", "properties": {"record_id": "28597107a6c45f9b", "table": "hazard_watch", "location_raw": "भोटेकोशी, त्रिशूली र नारायणी नदी किनार", "location_ne": "", "admin_level": "district", "district": "", "province": "", "geo_basis": "text_explicit", "as_of": "2026-08-28", "as_of_basis": "article_date", "first_reported": "2026-08-28", "last_reported": "2026-08-28", "confidence": "medium", "confidence_note": "Warning issued by Nepal Police and NDRRMA flood forecasting division spans multiple districts (Rasuwa, Nuwakot named as high-alert; Dhading, Gorkha, Chitwan, Nawalparasi also on rescue-team alert) so a single district field is left blank.", "density": "1", "effective_sources": "1", "independent_origins": "1", "origin": "media_own", "origin_note": "single outlet", "corroboration": "single_source", "evidence_quote": "तिब्बत की तरफ बने एक बांध के टूटने की खबरों के बाद यह अलर्ट जारी किया गया है.", "evidence_quote_en": "This alert was issued after reports that a dam formed on the Tibet side had broken, raising fresh flood risk in the Bhotekoshi river; people living along the Bhotekoshi, Trishuli and Narayani rivers have been told to take special precaution, and Rasuwa and Nuwakot are on high alert.", "temporal_contamination_flag": "", "hazard": "landslide_dam", "action": "warning_issued", "source_outlets": "Aaj Tak News", "source_outlet_count": 1, "entity_key": "landslide_dam|भोटेकोशी, त्रिशूली र नारायणी नदी किनार", "geo_resolution": "district", "geo_statement": "District recovered as Sindhupalchok by locating \"भोटेकोशी\"; anchored to the district, not the site", "geo_match_name": null, "geo_match_osm_id": null, "geo_anchor_id": "79688334B45086844065391", "geo_anchor_name": "Sindhupalchok"}, "geometry": {"type": "Point", "coordinates": [85.72157873296592, 27.889285609515667]}}, {"type": "Feature", "properties": {"record_id": "250f59a76e937f30", "table": "hazard_watch", "location_raw": "रसुवा, नुवाकोट, धादिंङ, चितवनलगायतका प्रभावित क्षेत्र", "location_ne": "रसुवा, नुवाकोट, धादिंङ, चितवनलगायतका प्रभावित क्षेत्र", "admin_level": "district", "district": "", "province": "Bagmati", "geo_basis": "text_explicit", "as_of": "2026-08-30", "as_of_basis": "stated", "first_reported": "2026-08-30", "last_reported": "2026-08-30", "confidence": "high", "confidence_note": "Direct NDRRMA notice naming four districts; no single district is the sole location so district field left blank.", "density": "1", "effective_sources": "1", "independent_origins": "1", "origin": "media_own", "origin_note": "single outlet", "corroboration": "single_source", "evidence_quote": "रसुवाको भोटेकोशी नदीमा बाढीको बहाव थप केही बढेको सूचना प्राप्त भएकोले रसुवा, नुवाकोट, धादिंङ, चितवनलगायतका प्रभावित क्षेत्रमा खोज, उद्धार तथा राहतमा खटिएका, तटीय क्षेत्रमा रहेका एवं अन्य सम्बन्धित सबैमा सतर्कता अपनाउनु हुन अनुरोध छ।", "evidence_quote_en": "Having received information that the flow of the Bhotekoshi flood in Rasuwa has increased further, all those deployed in search, rescue and relief, those in riverside areas, and other concerned parties in the affected areas including Rasuwa, Nuwakot, Dhading and Chitwan are requested to exercise caution.", "temporal_contamination_flag": "", "hazard": "further_flooding", "action": "warning_issued", "source_outlets": "Onlinekhabar", "source_outlet_count": 1, "entity_key": "further_flooding|रसुवा, नुवाकोट, धादिंङ, चितवनलगायतका प्रभावित क्षेत्र", "geo_resolution": "district", "geo_statement": "District recovered as Nuwakot by locating \"नुवाकोट\"; anchored to the district, not the site", "geo_match_name": null, "geo_match_osm_id": null, "geo_anchor_id": "79688334B17077666187877", "geo_anchor_name": "Nuwakot"}, "geometry": {"type": "Point", "coordinates": [85.20729652963067, 27.936643231647253]}}, {"type": "Feature", "properties": {"record_id": "d03e66c5917c9efd", "table": "hazard_watch", "location_raw": "नारायणी नदी, गण्डकी प्रदेश", "location_ne": "नारायणी नदी, गण्डकी प्रदेश", "admin_level": "province", "district": "", "province": "Gandaki", "geo_basis": "text_explicit", "as_of": "2026-08-30", "as_of_basis": "inferred_from_text", "first_reported": "2026-08-30", "last_reported": "2026-08-30", "confidence": "medium", "confidence_note": "Province named explicitly; no specific district given for which riverside stretch is most at risk.", "density": "3", "effective_sources": "3", "independent_origins": "3", "origin": "unattributed", "origin_note": "3 outlets, no reporting body named; independence not established", "corroboration": "independent", "evidence_quote": "साथै गण्डकी प्रदेशका विभिन्न जलाधार क्षेत्रमा भारी वर्षा मापन भएको नारायणी नदी र यसका सहायक नदीमा जलसतह बढ्ने भएकोले तटीय क्षेत्रमा सतर्कता अपनाउन महाशाखाले भनेको छ ।", "evidence_quote_en": "Also, since heavy rainfall was measured in various watershed areas of Gandaki Province, water levels in the Narayani river and its tributaries are expected to rise, so the Division has asked riverside areas to exercise caution.", "temporal_contamination_flag": "", "hazard": "further_flooding", "action": "warning_issued", "source_outlets": "Onlinekhabar; OnlineKhabar English News", "source_outlet_count": 3, "entity_key": "further_flooding|नारायणी नदी, गण्डकी प्रदेश", "geo_resolution": "province", "geo_statement": "Located to Gandaki province only — the source names no district", "geo_match_name": null, "geo_match_osm_id": null, "geo_anchor_id": "38925275B44970447822435", "geo_anchor_name": "Gandaki"}, "geometry": {"type": "Point", "coordinates": [84.03596844663488, 28.384470374032695]}}, {"type": "Feature", "properties": {"record_id": "819ee957d1c18d01", "table": "hazard_watch", "location_raw": "भोटेकोशी तथा त्रिशूली नदीको माथिल्लो क्षेत्र", "location_ne": "भोटेकोशी तथा त्रिशूली नदीको माथिल्लो क्षेत्र", "admin_level": "district", "district": "", "province": "Bagmati", "geo_basis": "text_adjacent", "as_of": "2026-08-30", "as_of_basis": "stated", "first_reported": "2026-08-30", "last_reported": "2026-08-30", "confidence": "low", "confidence_note": "Bhotekoshi/Trishuli rivers named directly, but the specific district of the upstream glacial lake is not stated in this passage; left blank rather than guessed. Single-source expert warning, recorded per hazard_watch's inclusiveness rule for barrier-lake reports.", "density": "1", "effective_sources": "1", "independent_origins": "1", "origin": "media_own", "origin_note": "single outlet", "corroboration": "single_source", "evidence_quote": "यसैबीच, विज्ञहरूले भोटेकोशी तथा त्रिशूली नदी क्षेत्रमा बाढीको जोखिम कायमै रहेको र माथिल्लो क्षेत्रमा बनेको हिमताल फुट्ने सम्भावनासमेत रहेकाले थप वर्षाका कारण राहत, उद्धारमा समस्या आउने भनी सम्बद्ध पक्षको ध्यानाकर्षण गराएका छन् ।", "evidence_quote_en": "Meanwhile, experts have drawn the attention of concerned parties, saying flood risk remains persistent in the Bhotekoshi and Trishuli river areas and that a glacial lake formed in the upper region could also burst, which combined with further rain could cause problems for relief and rescue.", "temporal_contamination_flag": "False", "hazard": "barrier_lake", "action": "warning_issued", "source_outlets": "Ratopati", "source_outlet_count": 1, "entity_key": "barrier_lake|भोटेकोशी तथा त्रिशूली नदीको माथिल्लो क्षेत्र", "geo_resolution": "province", "geo_statement": "Located to Bagmati province only — the source names no district", "geo_match_name": null, "geo_match_osm_id": null, "geo_anchor_id": "38925275B1624743257395", "geo_anchor_name": "Bagmati"}, "geometry": {"type": "Point", "coordinates": [85.39309228206186, 27.652735693974222]}}, {"type": "Feature", "properties": {"record_id": "39b1ca46752c4ccd", "table": "hazard_watch", "location_raw": "भोटेकोशी तथा त्रिशूली नदी क्षेत्र", "location_ne": "भोटेकोशी तथा त्रिशूली नदी क्षेत्र", "admin_level": "district", "district": "", "province": "Bagmati", "geo_basis": "text_adjacent", "as_of": "2026-08-30", "as_of_basis": "stated", "first_reported": "2026-08-30", "last_reported": "2026-08-30", "confidence": "low", "confidence_note": "Companion fact from the same sentence as the barrier-lake warning: experts state flood risk 'remains persistent' in the Bhotekoshi/Trishuli river area; specific district not stated.", "density": "1", "effective_sources": "1", "independent_origins": "1", "origin": "media_own", "origin_note": "single outlet", "corroboration": "single_source", "evidence_quote": "यसैबीच, विज्ञहरूले भोटेकोशी तथा त्रिशूली नदी क्षेत्रमा बाढीको जोखिम कायमै रहेको र माथिल्लो क्षेत्रमा बनेको हिमताल फुट्ने सम्भावनासमेत रहेकाले थप वर्षाका कारण राहत, उद्धारमा समस्या आउने भनी सम्बद्ध पक्षको ध्यानाकर्षण गराएका छन् ।", "evidence_quote_en": "Meanwhile, experts have drawn the attention of concerned parties, saying flood risk remains persistent in the Bhotekoshi and Trishuli river areas and that a glacial lake formed in the upper region could also burst, which combined with further rain could cause problems for relief and rescue.", "temporal_contamination_flag": "False", "hazard": "further_flooding", "action": "warning_issued", "source_outlets": "Ratopati", "source_outlet_count": 1, "entity_key": "further_flooding|भोटेकोशी तथा त्रिशूली नदी क्षेत्र", "geo_resolution": "province", "geo_statement": "Located to Bagmati province only — the source names no district", "geo_match_name": null, "geo_match_osm_id": null, "geo_anchor_id": "38925275B1624743257395", "geo_anchor_name": "Bagmati"}, "geometry": {"type": "Point", "coordinates": [85.39309228206186, 27.652735693974222]}}, {"type": "Feature", "properties": {"record_id": "a82aae3b80f4a400", "table": "hazard_watch", "location_raw": "रसुवा, नुवाकोट, धादिङ, चितवन", "location_ne": "", "admin_level": "district", "district": "", "province": "Bagmati", "geo_basis": "text_explicit", "as_of": "2026-08-30", "as_of_basis": "inferred_from_text", "first_reported": "2026-08-30", "last_reported": "2026-08-30", "confidence": "high", "confidence_note": "Four named districts, current-day local administration alert.", "density": "1", "effective_sources": "1", "independent_origins": "1", "origin": "media_own", "origin_note": "single outlet", "corroboration": "single_source", "evidence_quote": "बाढीको बहाव बढ्दा यसले रसुवा, नुवाकोट, धादिङ, चितवनलगायतका प्रभावित क्षेत्रमा असर पर्ने भएकाले सतर्कता अपनाउन भनिएको हो ।", "evidence_quote_en": "As the rising flood flow will affect Rasuwa, Nuwakot, Dhading, Chitwan and other affected areas, caution has been urged.", "temporal_contamination_flag": "", "hazard": "further_flooding", "action": "warning_issued", "source_outlets": "Janakpur Today", "source_outlet_count": 1, "entity_key": "further_flooding|रसुवा, नुवाकोट, धादिङ, चितवन", "geo_resolution": "district", "geo_statement": "District recovered as Nuwakot by locating \"नुवाकोट\"; anchored to the district, not the site", "geo_match_name": null, "geo_match_osm_id": null, "geo_anchor_id": "79688334B17077666187877", "geo_anchor_name": "Nuwakot"}, "geometry": {"type": "Point", "coordinates": [85.20729652963067, 27.936643231647253]}}, {"type": "Feature", "properties": {"record_id": "f240c80a0c3ade58", "table": "hazard_watch", "location_raw": "माथिल्लो त्रिशूली-३ 'ए' जलविद्युत् आयोजना क्षेत्र", "location_ne": "", "admin_level": "settlement", "district": "", "province": "Bagmati", "geo_basis": "text_explicit", "as_of": "2026-08-30", "as_of_basis": "stated", "first_reported": "2026-08-30", "last_reported": "2026-08-30", "confidence": "medium", "confidence_note": "Project explicitly named; specific district not stated in this article.", "density": "1", "effective_sources": "1", "independent_origins": "1", "origin": "media_own", "origin_note": "single outlet", "corroboration": "single_source", "evidence_quote": "तर, आइतबार बिहान करिब ४ बजे आयोजना क्षेत्रमा पुनः बाढी आएपछि त्रिशूली नदीको जलसतह ५ देखि १० मिटरसम्म बढेको छ ।", "evidence_quote_en": "After a fresh flood hit the project area around 4am Sunday, the water level of the Trishuli river rose by 5 to 10 metres.", "temporal_contamination_flag": "False", "hazard": "further_flooding", "action": "monitoring", "source_outlets": "Gorkhapatra", "source_outlet_count": 1, "entity_key": "further_flooding|माथिल्लो त्रिशूली-३ 'ए' जलविद्युत् आयोजना क्षेत्र", "geo_resolution": "province", "geo_statement": "Located to Bagmati province only — the source names no district", "geo_match_name": null, "geo_match_osm_id": null, "geo_anchor_id": "38925275B1624743257395", "geo_anchor_name": "Bagmati"}, "geometry": {"type": "Point", "coordinates": [85.39309228206186, 27.652735693974222]}}, {"type": "Feature", "properties": {"record_id": "f2faa4382f4e89e4", "table": "hazard_watch", "location_raw": "Rasuwa and Nuwakot districts", "location_ne": "", "admin_level": "district", "district": "", "province": "Bagmati", "geo_basis": "text_explicit", "as_of": "2026-08-30", "as_of_basis": "article_date", "first_reported": "2026-08-30", "last_reported": "2026-08-30", "confidence": "medium", "confidence_note": "Village-level, unnamed settlements across the two districts.", "density": "1", "effective_sources": "1", "independent_origins": "1", "origin": "media_own", "origin_note": "single outlet", "corroboration": "single_source", "evidence_quote": "Bodies remain uncollected and have begun to decompose, creating a foul stench in villages and raising the risk of a secondary health crisis.", "evidence_quote_en": "", "temporal_contamination_flag": "False", "hazard": "disease_outbreak", "action": "none", "source_outlets": "NepalNews", "source_outlet_count": 1, "entity_key": "disease_outbreak|Rasuwa and Nuwakot districts", "geo_resolution": "province", "geo_statement": "Located to Bagmati province only — the source names no district", "geo_match_name": null, "geo_match_osm_id": null, "geo_anchor_id": "38925275B1624743257395", "geo_anchor_name": "Bagmati"}, "geometry": {"type": "Point", "coordinates": [85.39309228206186, 27.652735693974222]}}, {"type": "Feature", "properties": {"record_id": "c2f2c70621a01233", "table": "hazard_watch", "location_raw": "Narayani River coastal areas including Chitwan, Nawalparasi", "location_ne": "", "admin_level": "district", "district": "", "province": "Bagmati", "geo_basis": "text_explicit", "as_of": "2026-08-30", "as_of_basis": "stated", "first_reported": "2026-08-30", "last_reported": "2026-08-30", "confidence": "medium", "confidence_note": "Districts named directly for the alert.", "density": "1", "effective_sources": "1", "independent_origins": "1", "origin": "media_own", "origin_note": "single outlet", "corroboration": "single_source", "evidence_quote": "\"रसुवा से आई बाढ़ और गण्डकी प्रदेश की भारी वर्षा के कारण नारायणी नदी का जलस्तर बढ़ते क्रम में है। अतः चितवन, नवलपरासी सहित नारायणी नदी के तटीय क्षेत्र में रहने वाले निवासियों से आज दिनभर उच्च सतर्कता बरतने का अनुरोध किया जाता है।\"", "evidence_quote_en": "Due to the flood from Rasuwa and heavy rain in Gandaki province, the Narayani River's water level is rising; residents of the Narayani's riverine areas including Chitwan and Nawalparasi are requested to exercise high alert throughout today.", "temporal_contamination_flag": "False", "hazard": "further_flooding", "action": "warning_issued", "source_outlets": "Ratopati", "source_outlet_count": 1, "entity_key": "further_flooding|Narayani River coastal areas including Chitwan, Nawalparasi", "geo_resolution": "province", "geo_statement": "Located to Bagmati province only — the source names no district", "geo_match_name": null, "geo_match_osm_id": null, "geo_anchor_id": "38925275B1624743257395", "geo_anchor_name": "Bagmati"}, "geometry": {"type": "Point", "coordinates": [85.39309228206186, 27.652735693974222]}}, {"type": "Feature", "properties": {"record_id": "c7e10fa0fe21f85c", "table": "hazard_watch", "location_raw": "रसुवा, नुवाकोट और धाडिंग", "location_ne": "", "admin_level": "district", "district": "", "province": "Bagmati", "geo_basis": "text_explicit", "as_of": "2026-08-30", "as_of_basis": "article_date", "first_reported": "2026-08-30", "last_reported": "2026-08-30", "confidence": "medium", "confidence_note": "Spans three districts; no single district assigned.", "density": "1", "effective_sources": "1", "independent_origins": "1", "origin": "media_own", "origin_note": "single outlet", "corroboration": "single_source", "evidence_quote": "रसुवा के जिला प्रशासन कार्यालय को जानकारी मिली है कि भोटे कोशी नदी में बाढ़ का बहाव तेज होने की आवाज़ सुनी गई है। इसलिए, हम रसुवा, नुवाकोट और धाडिंग तक नदी के आस-पास के इलाकों में सावधानी बरतने का अनुरोध करते हैं।", "evidence_quote_en": "", "temporal_contamination_flag": "False", "hazard": "further_flooding", "action": "warning_issued", "source_outlets": "republicbharat.com", "source_outlet_count": 1, "entity_key": "further_flooding|रसुवा, नुवाकोट और धाडिंग", "geo_resolution": "province", "geo_statement": "Located to Bagmati province only — the source names no district", "geo_match_name": null, "geo_match_osm_id": null, "geo_anchor_id": "38925275B1624743257395", "geo_anchor_name": "Bagmati"}, "geometry": {"type": "Point", "coordinates": [85.39309228206186, 27.652735693974222]}}, {"type": "Feature", "properties": {"record_id": "31a760e82afa9771", "table": "hazard_watch", "location_raw": "रसुवा, नुवाकोट और धाडिंग", "location_ne": "", "admin_level": "district", "district": "", "province": "Bagmati", "geo_basis": "text_explicit", "as_of": "2026-08-30", "as_of_basis": "article_date", "first_reported": "2026-08-30", "last_reported": "2026-08-30", "confidence": "medium", "confidence_note": "Movement near riverbanks restricted across three districts.", "density": "1", "effective_sources": "1", "independent_origins": "1", "origin": "media_own", "origin_note": "single outlet", "corroboration": "single_source", "evidence_quote": "बहते पानी और गर्जना की तेज आवाज सुने जाने के बाद नदी तटों के पास आवाजाही पर रोक लगा दी गई है।", "evidence_quote_en": "", "temporal_contamination_flag": "False", "hazard": "further_flooding", "action": "area_closed", "source_outlets": "UPUKLive", "source_outlet_count": 1, "entity_key": "further_flooding|रसुवा, नुवाकोट और धाडिंग", "geo_resolution": "province", "geo_statement": "Located to Bagmati province only — the source names no district", "geo_match_name": null, "geo_match_osm_id": null, "geo_anchor_id": "38925275B1624743257395", "geo_anchor_name": "Bagmati"}, "geometry": {"type": "Point", "coordinates": [85.39309228206186, 27.652735693974222]}}, {"type": "Feature", "properties": {"record_id": "410ccaa3b6a11486", "table": "hazard_watch", "location_raw": "रसुवा, नुवाकोट, धादिङ", "location_ne": "", "admin_level": "district", "district": "", "province": "Bagmati", "geo_basis": "text_explicit", "as_of": "2026-08-30", "as_of_basis": "stated", "first_reported": "2026-08-30", "last_reported": "2026-08-30", "confidence": "high", "confidence_note": "NDRRMA advisory citing report of increased Bhotekoshi flow.", "density": "1", "effective_sources": "1", "independent_origins": "1", "origin": "media_own", "origin_note": "single outlet", "corroboration": "single_source", "evidence_quote": "रसुवा, नुवाकोट, धादिङसम्म नदी आसपासका क्षेत्रमा सतर्कता अपनाउनु हुन अनुरोध गर्दछौँ।", "evidence_quote_en": "", "temporal_contamination_flag": "False", "hazard": "further_flooding", "action": "warning_issued", "source_outlets": "Arghakhanchi", "source_outlet_count": 1, "entity_key": "further_flooding|रसुवा, नुवाकोट, धादिङ", "geo_resolution": "district", "geo_statement": "District recovered as Nuwakot by locating \"नुवाकोट\"; anchored to the district, not the site", "geo_match_name": null, "geo_match_osm_id": null, "geo_anchor_id": "79688334B17077666187877", "geo_anchor_name": "Nuwakot"}, "geometry": {"type": "Point", "coordinates": [85.20729652963067, 27.936643231647253]}}, {"type": "Feature", "properties": {"record_id": "17b228e782386f23", "table": "hazard_watch", "location_raw": "रसुवा, नुवाकोट और धादिङ", "location_ne": "", "admin_level": "district", "district": "", "province": "Bagmati", "geo_basis": "text_explicit", "as_of": "2026-08-30", "as_of_basis": "article_date", "first_reported": "2026-08-30", "last_reported": "2026-08-30", "confidence": "medium", "confidence_note": "Expert-cited GLOF/flood risk across three districts.", "density": "1", "effective_sources": "1", "independent_origins": "1", "origin": "media_own", "origin_note": "single outlet", "corroboration": "single_source", "evidence_quote": "विशेषज्ञों ने भोटेकोशी तथा त्रिशूली नदी क्षेत्र में बाढ़ का जोखिम बरकरार रहने और ऊपरी क्षेत्र में बनी हिमानी झील (ग्लेशियल लेक) के फटने की संभावना भी होने के कारण अतिरिक्त वर्षा के कारण राहत और बचाव कार्य में समस्या आने की बात कहते हुए संबंधित पक्षों का ध्यान आकर्षित किया है।", "evidence_quote_en": "", "temporal_contamination_flag": "False", "hazard": "barrier_lake", "action": "monitoring", "source_outlets": "Ratopati", "source_outlet_count": 1, "entity_key": "barrier_lake|रसुवा, नुवाकोट और धादिङ", "geo_resolution": "province", "geo_statement": "Located to Bagmati province only — the source names no district", "geo_match_name": null, "geo_match_osm_id": null, "geo_anchor_id": "38925275B1624743257395", "geo_anchor_name": "Bagmati"}, "geometry": {"type": "Point", "coordinates": [85.39309228206186, 27.652735693974222]}}, {"type": "Feature", "properties": {"record_id": "0aa71be79f7ee0bb", "table": "hazard_watch", "location_raw": "Bardiya", "location_ne": "", "admin_level": "district", "district": "Bardiya", "province": "Lumbini", "geo_basis": "text_explicit", "as_of": "2026-08-30", "as_of_basis": "article_date", "first_reported": "2026-08-30", "last_reported": "2026-08-30", "confidence": "high", "confidence_note": "District named explicitly by the Department of Hydrology and Meteorology's flood-risk warning (AI-translated Ratopati English edition of the same story as a04014).", "density": "2", "effective_sources": "2", "independent_origins": "2", "origin": "unattributed", "origin_note": "2 outlets, no reporting body named; independence not established", "corroboration": "independent", "evidence_quote": "The Department of Hydrology and Meteorology has urged for alertness, stating that there could be sudden floods in rivers and streams due to the possibility of heavy rainfall in some places in Kailali, Kanchanpur, and Bardiya.", "evidence_quote_en": "", "temporal_contamination_flag": "False", "hazard": "further_flooding", "action": "warning_issued", "source_outlets": "Ratopati", "source_outlet_count": 2, "entity_key": "further_flooding|Bardiya", "geo_resolution": "district", "geo_statement": "Located to Bardiya district only", "geo_match_name": null, "geo_match_osm_id": null, "geo_anchor_id": "79688334B42581855207757", "geo_anchor_name": "Bardiya"}, "geometry": {"type": "Point", "coordinates": [81.48194542562268, 28.38835750181974]}}, {"type": "Feature", "properties": {"record_id": "717b4e8b2da3bff0", "table": "hazard_watch", "location_raw": "Chitwan", "location_ne": "", "admin_level": "district", "district": "Chitwan", "province": "Bagmati", "geo_basis": "text_explicit", "as_of": "2026-08-27", "as_of_basis": "stated", "first_reported": "2026-08-28", "last_reported": "2026-08-30", "confidence": "high", "confidence_note": "District explicitly named in flood-alert list.", "density": "4", "effective_sources": "4", "independent_origins": "4", "origin": "unattributed", "origin_note": "4 outlets, no reporting body named; independence not established", "corroboration": "independent", "evidence_quote": "5 districts under flood alert: Rasuwa, Nuwakot, Dhading, Gorkha and Chitwan", "evidence_quote_en": "", "temporal_contamination_flag": "", "hazard": "further_flooding", "action": "warning_issued", "source_outlets": "myRepublica; Direct Relief; srpske.rs; ANI News", "source_outlet_count": 4, "entity_key": "further_flooding|Chitwan", "geo_resolution": "district", "geo_statement": "Located to Chitawan district only", "geo_match_name": null, "geo_match_osm_id": null, "geo_anchor_id": "79688334B4548911343314", "geo_anchor_name": "Chitawan"}, "geometry": {"type": "Point", "coordinates": [84.44753493868009, 27.652526088822412]}}, {"type": "Feature", "properties": {"record_id": "d91bda9c5a569029", "table": "hazard_watch", "location_raw": "त्रिशूली/नारायणी नदी, देवघाट मापन केन्द्र", "location_ne": "", "admin_level": "district", "district": "Chitwan", "province": "Bagmati", "geo_basis": "text_explicit", "as_of": "2026-08-30", "as_of_basis": "article_date", "first_reported": "2026-08-30", "last_reported": "2026-08-30", "confidence": "medium", "confidence_note": "Chitwan is the article dateline; Devghat station sits near a district border so precise district is uncertain.", "density": "2", "effective_sources": "2", "independent_origins": "2", "origin": "unattributed", "origin_note": "2 outlets, no reporting body named; independence not established", "corroboration": "independent", "evidence_quote": "बाढी पूर्वानुमान महाशाखाका ‘हाइड्रोलोजिष्ट’ सचित कर्मचार्यका अनुसार त्रिशूलीमा पानीको बहाव बाढी आउनुअघिको भन्दा तीनदेखि तीन दशमलव पाँच मिटर बढेको छ ।", "evidence_quote_en": "Water flow in the Trishuli has increased three to three-point-five metres more than before the flood.", "temporal_contamination_flag": "False", "hazard": "further_flooding", "action": "monitoring", "source_outlets": "Onlinekhabar; Ratopati", "source_outlet_count": 2, "entity_key": "further_flooding|Chitwan", "geo_resolution": "district", "geo_statement": "Located to Chitawan district only", "geo_match_name": null, "geo_match_osm_id": null, "geo_anchor_id": "79688334B4548911343314", "geo_anchor_name": "Chitawan"}, "geometry": {"type": "Point", "coordinates": [84.44753493868009, 27.652526088822412]}}, {"type": "Feature", "properties": {"record_id": "d02019b08b374b07", "table": "hazard_watch", "location_raw": "Narayangadh-Mugling route", "location_ne": "", "admin_level": "settlement", "district": "Chitwan", "province": "Bagmati", "geo_basis": "text_explicit", "as_of": "2026-08-30", "as_of_basis": "article_date", "first_reported": "2026-08-30", "last_reported": "2026-08-30", "confidence": "low", "confidence_note": "Generic caution statement, no specific new hazard location beyond the route already named.", "density": "1", "effective_sources": "1", "independent_origins": "1", "origin": "media_own", "origin_note": "single outlet", "corroboration": "single_source", "evidence_quote": "However, authorities have urged the public to remain highly alert as the risk of floods and landslides has not completely subsided.", "evidence_quote_en": "", "temporal_contamination_flag": "False", "hazard": "further_flooding", "action": "monitoring", "source_outlets": "NepalNews", "source_outlet_count": 1, "entity_key": "further_flooding|Chitwan", "geo_resolution": "district", "geo_statement": "Located to Chitawan district only — the source names a place we could not resolve", "geo_match_name": null, "geo_match_osm_id": null, "geo_anchor_id": "79688334B4548911343314", "geo_anchor_name": "Chitawan"}, "geometry": {"type": "Point", "coordinates": [84.44753493868009, 27.652526088822412]}}, {"type": "Feature", "properties": {"record_id": "a6ebe973bd7ac63e", "table": "hazard_watch", "location_raw": "Galchhi", "location_ne": "", "admin_level": "settlement", "district": "Dhading", "province": "Bagmati", "geo_basis": "text_explicit", "as_of": "2026-08-26", "as_of_basis": "inferred_from_text", "first_reported": "2026-08-28", "last_reported": "2026-08-28", "confidence": "medium", "confidence_note": "ICIMOD-sourced surge measurement at named settlement Galchhi; recorded here as evidence of extreme/rapid flooding severity rather than a forward-looking warning.", "density": "1", "effective_sources": "1", "independent_origins": "1", "origin": "media_own", "origin_note": "single outlet", "corroboration": "single_source", "evidence_quote": "water levels on the river at the Galchhi area downstream reportedly rose by as much as nine metres (30 feet) within 30 minutes", "evidence_quote_en": "", "temporal_contamination_flag": "", "hazard": "further_flooding", "action": "none", "source_outlets": "The Business Standard", "source_outlet_count": 1, "entity_key": "further_flooding|Dhading", "geo_resolution": "point", "geo_statement": "Matched \"Galchhi\" to a named OSM place in Dhading", "geo_match_name": "गल्छी", "geo_match_osm_id": "node/279374592", "geo_anchor_id": null, "geo_anchor_name": null}, "geometry": {"type": "Point", "coordinates": [85.0004606, 27.7973963]}}, {"type": "Feature", "properties": {"record_id": "f851cd80c1d63ec2", "table": "hazard_watch", "location_raw": "धडिंग जिला", "location_ne": "", "admin_level": "district", "district": "Dhading", "province": "Bagmati", "geo_basis": "text_explicit", "as_of": "2026-08-28", "as_of_basis": "inferred_from_text", "first_reported": "2026-08-28", "last_reported": "2026-08-28", "confidence": "high", "confidence_note": "District explicitly named; Nepal Police, special forces and APF vacated homes/shops in Dhading district after fresh lake-break alert; date inferred from \"शुक्रवार\" (Friday) elsewhere in article.", "density": "1", "effective_sources": "1", "independent_origins": "1", "origin": "media_own", "origin_note": "single outlet", "corroboration": "single_source", "evidence_quote": "नेपाल के धडिंग जिले पुलिस, स्पेशल फोर्सेज और एपीएफ के लोगों में सबके मकान दुकान खाली करा दिए हैं.", "evidence_quote_en": "", "temporal_contamination_flag": "False", "hazard": "barrier_lake", "action": "evacuation_ordered", "source_outlets": "ndtv.in", "source_outlet_count": 1, "entity_key": "barrier_lake|Dhading", "geo_resolution": "district", "geo_statement": "Located to Dhading district only", "geo_match_name": null, "geo_match_osm_id": null, "geo_anchor_id": "79688334B79703604543181", "geo_anchor_name": "Dhading"}, "geometry": {"type": "Point", "coordinates": [84.87763638110704, 28.025043976557015]}}, {"type": "Feature", "properties": {"record_id": "0cd19563e69ff02e", "table": "hazard_watch", "location_raw": "धादिङ", "location_ne": "धादिङ", "admin_level": "district", "district": "Dhading", "province": "Bagmati", "geo_basis": "text_explicit", "as_of": "2026-08-30", "as_of_basis": "stated", "first_reported": "2026-08-30", "last_reported": "2026-08-30", "confidence": "medium", "confidence_note": "Dhading is named explicitly, but only as one of five districts in a shared blanket flood-risk statement; no Dhading-specific detail is given, and the explicit resident warning elsewhere in the article names only Kanchanpur and Arghakhanchi, not Dhading.", "density": "8", "effective_sources": "8", "independent_origins": "8", "origin": "unattributed", "origin_note": "8 outlets, no reporting body named; independence not established", "corroboration": "independent", "evidence_quote": "कञ्चनपुर, सिन्धुपाल्चोक, अर्घाखाँची, धादिङ र गोरखाका केही ठाउँमा धेरै भारी वर्षा हुँदा नदी तथा खोलामा बाढीको जोखिम बढेको विभागले जनाएको छ।", "evidence_quote_en": "The department reports that river and stream flood risk has increased due to very heavy rain in some places of Kanchanpur, Sindhupalchok, Arghakhanchi, Dhading and Gorkha.", "temporal_contamination_flag": "False", "hazard": "further_flooding", "action": "monitoring", "source_outlets": "Onlinekhabar; Ratopati; Janakpur Today; OnlineKhabar English News; National Herald", "source_outlet_count": 8, "entity_key": "further_flooding|Dhading", "geo_resolution": "district", "geo_statement": "Located to Dhading district only", "geo_match_name": null, "geo_match_osm_id": null, "geo_anchor_id": "79688334B79703604543181", "geo_anchor_name": "Dhading"}, "geometry": {"type": "Point", "coordinates": [84.87763638110704, 28.025043976557015]}}, {"type": "Feature", "properties": {"record_id": "4e1c8d30cd2aa7a9", "table": "hazard_watch", "location_raw": "बेनिघाट, धादिङ", "location_ne": "बेनिघाट, धादिङ", "admin_level": "rural_municipality", "district": "Dhading", "province": "Bagmati", "geo_basis": "text_explicit", "as_of": "2026-08-30", "as_of_basis": "inferred_from_text", "first_reported": "2026-08-30", "last_reported": "2026-08-30", "confidence": "high", "confidence_note": "Dhading and Benighat named directly as the location for the forecast rise.", "density": "1", "effective_sources": "1", "independent_origins": "1", "origin": "media_own", "origin_note": "single outlet", "corroboration": "single_source", "evidence_quote": "बितेका नौ घण्टामा आरुघाटसहित बूढीगण्डकी जलाधार क्षेत्रमा भारी वर्षा भएकाले धादिङको बेनिघाटदेखि तल्लो त्रिशूली नदीमा पानीको सतह उल्लेख्य रूपमा बढ्न सक्ने सम्भावना छ।", "evidence_quote_en": "Because heavy rain has occurred in the Budhi Gandaki watershed area including Arughat in the past nine hours, there is a possibility that water levels in the lower Trishuli river from Benighat, Dhading, may rise significantly.", "temporal_contamination_flag": "False", "hazard": "further_flooding", "action": "warning_issued", "source_outlets": "Deshsanchar", "source_outlet_count": 1, "entity_key": "further_flooding|Dhading", "geo_resolution": "district", "geo_statement": "Located to Dhading district only — the source names a place we could not resolve", "geo_match_name": null, "geo_match_osm_id": null, "geo_anchor_id": "79688334B79703604543181", "geo_anchor_name": "Dhading"}, "geometry": {"type": "Point", "coordinates": [84.87763638110704, 28.025043976557015]}}, {"type": "Feature", "properties": {"record_id": "5aa841d046bcee79", "table": "hazard_watch", "location_raw": "गल्छी, धादिङ", "location_ne": "गल्छी, धादिङ", "admin_level": "settlement", "district": "Dhading", "province": "Bagmati", "geo_basis": "text_explicit", "as_of": "2026-08-30", "as_of_basis": "article_date", "first_reported": "2026-08-30", "last_reported": "2026-08-30", "confidence": "high", "confidence_note": "Measuring station location named directly in Dhading.", "density": "1", "effective_sources": "1", "independent_origins": "1", "origin": "media_own", "origin_note": "single outlet", "corroboration": "single_source", "evidence_quote": "बाढी पूर्वानुमान महाशाखाका अनुसार गल्छी धादिङस्थित बाढीमापन केन्द्रमा त्रिशूली नदीको जलसतह करिब ३ मिटरले बढेको रेकर्ड गरिएको छ।", "evidence_quote_en": "According to the Flood Forecasting Division, at the flood-measuring station in Galchhi, Dhading, the water level of the Trishuli river has been recorded as having risen by about 3 meters.", "temporal_contamination_flag": "False", "hazard": "further_flooding", "action": "warning_issued", "source_outlets": "Deshsanchar", "source_outlet_count": 1, "entity_key": "further_flooding|Dhading", "geo_resolution": "point", "geo_statement": "Matched \"गल्छी\" to a named OSM place in Dhading", "geo_match_name": "गल्छी", "geo_match_osm_id": "node/279374592", "geo_anchor_id": null, "geo_anchor_name": null}, "geometry": {"type": "Point", "coordinates": [85.0004606, 27.7973963]}}, {"type": "Feature", "properties": {"record_id": "9ba6d5b36be24e0f", "table": "hazard_watch", "location_raw": "धादिङ", "location_ne": "धादिङ", "admin_level": "district", "district": "Dhading", "province": "Bagmati", "geo_basis": "text_explicit", "as_of": "2026-08-30", "as_of_basis": "stated", "first_reported": "2026-08-28", "last_reported": "2026-08-30", "confidence": "medium", "confidence_note": "Dhading named in the medium-risk district list; kept because Dhading is directly relevant to the ongoing Trishuli rise described in related articles.", "density": "8", "effective_sources": "8", "independent_origins": "8", "origin": "unattributed", "origin_note": "8 outlets, no reporting body named; independence not established", "corroboration": "independent", "evidence_quote": "यस्तै पाँचथर, तेह्रथुम, ताप्लेजुङ, संखुवासभा, सोलुखुम्बु, ओखलढुंगा, रामेछाप, दोलखा, सिन्धुली, सिन्धुपाल्चोक, काभ्रेपलाञ्चोक, ललितपुर, भक्तपुर, काठमाण्डौ, धादिङ र मकवानपुरमा बाढीको मध्यम जोखिम छ।", "evidence_quote_en": "Similarly Panchthar, Terhathum, Taplejung, Sankhuwasabha, Solukhumbu, Okhaldhunga, Ramechhap, Dolakha, Sindhuli, Sindhupalchok, Kavrepalanchok, Lalitpur, Bhaktapur, Kathmandu, Dhading and Makwanpur are at medium flood risk.", "temporal_contamination_flag": "False", "hazard": "further_flooding", "action": "warning_issued", "source_outlets": "myRepublica; Direct Relief; srpske.rs; Ujyaalo Online; Onlinekhabar; OnlineKhabar English News; Arghakhanchi; ANI News", "source_outlet_count": 8, "entity_key": "further_flooding|Dhading", "geo_resolution": "district", "geo_statement": "Located to Dhading district only", "geo_match_name": null, "geo_match_osm_id": null, "geo_anchor_id": "79688334B79703604543181", "geo_anchor_name": "Dhading"}, "geometry": {"type": "Point", "coordinates": [84.87763638110704, 28.025043976557015]}}, {"type": "Feature", "properties": {"record_id": "481ea121d595aafa", "table": "hazard_watch", "location_raw": "Trishuli River, Galchhi, Dhading", "location_ne": "", "admin_level": "rural_municipality", "district": "Dhading", "province": "Bagmati", "geo_basis": "text_explicit", "as_of": "2026-08-30", "as_of_basis": "article_date", "first_reported": "2026-08-30", "last_reported": "2026-08-30", "confidence": "high", "confidence_note": "Article names Galchhi, Dhading directly for the river-level rise.", "density": "1", "effective_sources": "1", "independent_origins": "1", "origin": "media_own", "origin_note": "single outlet", "corroboration": "single_source", "evidence_quote": "Trishuli River in Galchhi, Dhading, has risen 3 metres above normal levels", "evidence_quote_en": "", "temporal_contamination_flag": "False", "hazard": "further_flooding", "action": "monitoring", "source_outlets": "Sarkaritel.com", "source_outlet_count": 1, "entity_key": "further_flooding|Dhading", "geo_resolution": "point", "geo_statement": "Matched \"Galchhi\" to a named OSM place in Dhading", "geo_match_name": "गल्छी", "geo_match_osm_id": "node/279374592", "geo_anchor_id": null, "geo_anchor_name": null}, "geometry": {"type": "Point", "coordinates": [85.0004606, 27.7973963]}}, {"type": "Feature", "properties": {"record_id": "b7b605ddfea9d82b", "table": "hazard_watch", "location_raw": "त्रिशूली नदी किनार, धादिङ", "location_ne": "", "admin_level": "settlement", "district": "Dhading", "province": "Bagmati", "geo_basis": "text_adjacent", "as_of": "2026-08-30", "as_of_basis": "article_date", "first_reported": "2026-08-30", "last_reported": "2026-08-30", "confidence": "medium", "confidence_note": "Location inferred from surrounding paragraph about Dhading's riverside response, not independently named.", "density": "1", "effective_sources": "1", "independent_origins": "1", "origin": "media_own", "origin_note": "single outlet", "corroboration": "single_source", "evidence_quote": "प्रहरीले माइकिङ गर्दै नदी आसपास रहेको बस्ती खाली गराएको थियो।", "evidence_quote_en": "Police evacuated the settlement near the river using loudspeaker announcements.", "temporal_contamination_flag": "False", "hazard": "further_flooding", "action": "evacuation_ordered", "source_outlets": "Nepal Live", "source_outlet_count": 1, "entity_key": "further_flooding|Dhading", "geo_resolution": "district", "geo_statement": "Located to Dhading district only — the source names a place we could not resolve", "geo_match_name": null, "geo_match_osm_id": null, "geo_anchor_id": "79688334B79703604543181", "geo_anchor_name": "Dhading"}, "geometry": {"type": "Point", "coordinates": [84.87763638110704, 28.025043976557015]}}, {"type": "Feature", "properties": {"record_id": "a03630b4f2ee94ab", "table": "hazard_watch", "location_raw": "Galchhi, Dhading District", "location_ne": "", "admin_level": "settlement", "district": "Dhading", "province": "Bagmati", "geo_basis": "text_explicit", "as_of": "2026-08-30", "as_of_basis": "stated", "first_reported": "2026-08-30", "last_reported": "2026-08-30", "confidence": "medium", "confidence_note": "Eyewitness/photo observation of a swollen river; no formal action stated.", "density": "1", "effective_sources": "1", "independent_origins": "1", "origin": "media_own", "origin_note": "single outlet", "corroboration": "single_source", "evidence_quote": "A resident looks at the swollen Trishuli river in Galchhi, Dhading District, Nepal, Sunday, Aug. 30, 2026.", "evidence_quote_en": "", "temporal_contamination_flag": "False", "hazard": "further_flooding", "action": "none", "source_outlets": "The New Indian Express", "source_outlet_count": 1, "entity_key": "further_flooding|Dhading", "geo_resolution": "point", "geo_statement": "Matched \"Galchhi\" to a named OSM place in Dhading", "geo_match_name": "गल्छी", "geo_match_osm_id": "node/279374592", "geo_anchor_id": null, "geo_anchor_name": null}, "geometry": {"type": "Point", "coordinates": [85.0004606, 27.7973963]}}, {"type": "Feature", "properties": {"record_id": "e0ca27682a949335", "table": "hazard_watch", "location_raw": "Galchhi, Dhading", "location_ne": "", "admin_level": "settlement", "district": "Dhading", "province": "Bagmati", "geo_basis": "text_explicit", "as_of": "2026-08-30", "as_of_basis": "stated", "first_reported": "2026-08-30", "last_reported": "2026-08-30", "confidence": "high", "confidence_note": "Flood measurement station and district named directly.", "density": "1", "effective_sources": "1", "independent_origins": "1", "origin": "media_own", "origin_note": "single outlet", "corroboration": "single_source", "evidence_quote": "बाढ़ पूर्वानुमान महाशाखा के अनुसार आज सुबह 7:00 बजे के मापन में धादिङ के गल्छी स्थित बाढ़ मापन केंद्र में त्रिशूली नदी का जलस्तर 3 मीटर बढ़ा है।", "evidence_quote_en": "According to the Flood Forecasting Division, in this morning's 7am measurement at the flood measurement station in Galchhi, Dhading, the Trishuli River water level rose 3 metres.", "temporal_contamination_flag": "False", "hazard": "further_flooding", "action": "warning_issued", "source_outlets": "Ratopati", "source_outlet_count": 1, "entity_key": "further_flooding|Dhading", "geo_resolution": "point", "geo_statement": "Matched \"Galchhi\" to a named OSM place in Dhading", "geo_match_name": "गल्छी", "geo_match_osm_id": "node/279374592", "geo_anchor_id": null, "geo_anchor_name": null}, "geometry": {"type": "Point", "coordinates": [85.0004606, 27.7973963]}}, {"type": "Feature", "properties": {"record_id": "4fffc831bf32ab87", "table": "hazard_watch", "location_raw": "Galchhi, Dhading", "location_ne": "", "admin_level": "settlement", "district": "Dhading", "province": "Bagmati", "geo_basis": "text_explicit", "as_of": "2026-08-30", "as_of_basis": "stated", "first_reported": "2026-08-30", "last_reported": "2026-08-30", "confidence": "high", "confidence_note": "Named gauge station and district.", "density": "2", "effective_sources": "2", "independent_origins": "2", "origin": "unattributed", "origin_note": "2 outlets, no reporting body named; independence not established", "corroboration": "independent", "evidence_quote": "the water level of the Trishuli River has increased by 3 meters at the flood measurement center in Galchhi, Dhading, as measured at 7:00 AM today.", "evidence_quote_en": "", "temporal_contamination_flag": "False", "hazard": "further_flooding", "action": "monitoring", "source_outlets": "Ratopati; National Herald", "source_outlet_count": 2, "entity_key": "further_flooding|Dhading", "geo_resolution": "point", "geo_statement": "Matched \"Galchhi\" to a named OSM place in Dhading", "geo_match_name": "गल्छी", "geo_match_osm_id": "node/279374592", "geo_anchor_id": null, "geo_anchor_name": null}, "geometry": {"type": "Point", "coordinates": [85.0004606, 27.7973963]}}, {"type": "Feature", "properties": {"record_id": "8b8c654dbdd7d7ad", "table": "hazard_watch", "location_raw": "गोरखा", "location_ne": "गोरखा", "admin_level": "district", "district": "Gorkha", "province": "Gandaki", "geo_basis": "text_explicit", "as_of": "2026-08-30", "as_of_basis": "stated", "first_reported": "2026-08-28", "last_reported": "2026-08-30", "confidence": "medium", "confidence_note": "Gorkha named directly in the Flood Forecasting Division's at-risk district list; included for consistency with Dhading, since Gorkha is also a body-count district for this event per other articles in the shard.", "density": "3", "effective_sources": "3", "independent_origins": "3", "origin": "unattributed", "origin_note": "3 outlets, no reporting body named; independence not established", "corroboration": "independent", "evidence_quote": "गोरखा, लमजुङ, तनहुँ, स्याङ्जा, कास्की, पर्वत, म्याग्दी, बागलुङ, गुल्मी र बर्दिया तथा कैलाली, दार्चुला, बैतडी, डडेल्धुरा र कञ्चनपुर पनि बाढीको जोखिममा रहेका महाशाखाले जनाएको छ।", "evidence_quote_en": "Gorkha, Lamjung, Tanahun, Syangja, Kaski, Parbat, Myagdi, Baglung, Gulmi and Bardiya, and Kailali, Darchula, Baitadi, Dadeldhura and Kanchanpur are also at flood risk, the Division said.", "temporal_contamination_flag": "False", "hazard": "further_flooding", "action": "warning_issued", "source_outlets": "Direct Relief; srpske.rs; Ujyaalo Online", "source_outlet_count": 3, "entity_key": "further_flooding|Gorkha", "geo_resolution": "district", "geo_statement": "Located to Gorkha district only", "geo_match_name": null, "geo_match_osm_id": null, "geo_anchor_id": "79688334B93802880856426", "geo_anchor_name": "Gorkha"}, "geometry": {"type": "Point", "coordinates": [84.81454945836937, 28.29653345281497]}}, {"type": "Feature", "properties": {"record_id": "b5c2b4433188bab5", "table": "hazard_watch", "location_raw": "Arughat, Gorkha (Dhading-Gorkha border)", "location_ne": "", "admin_level": "settlement", "district": "Gorkha", "province": "Gandaki", "geo_basis": "text_explicit", "as_of": "2026-08-30", "as_of_basis": "stated", "first_reported": "2026-08-30", "last_reported": "2026-08-30", "confidence": "medium", "confidence_note": "Rainfall station named in a flood-affected district; general flood-risk warning applies to affected districts broadly.", "density": "1", "effective_sources": "1", "independent_origins": "1", "origin": "media_own", "origin_note": "single outlet", "corroboration": "single_source", "evidence_quote": "The Arughat station in Gorkha recorded 124.4 millimetres of rainfall, resulting in heavy rain along the Dhading Gorkha border.", "evidence_quote_en": "", "temporal_contamination_flag": "False", "hazard": "further_flooding", "action": "warning_issued", "source_outlets": "myRepublica", "source_outlet_count": 1, "entity_key": "further_flooding|Gorkha", "geo_resolution": "palika", "geo_statement": "Located to Gorkha local unit in Gorkha district — anchored to the unit, not an exact site", "geo_match_name": null, "geo_match_osm_id": null, "geo_anchor_id": "92635248B3615236193059", "geo_anchor_name": "Gorkha"}, "geometry": {"type": "Point", "coordinates": [84.60720171509175, 27.977304863747307]}}, {"type": "Feature", "properties": {"record_id": "ebb915414b2d4bf8", "table": "hazard_watch", "location_raw": "Kailali", "location_ne": "", "admin_level": "district", "district": "Kailali", "province": "Sudurpashchim", "geo_basis": "text_explicit", "as_of": "2026-08-30", "as_of_basis": "article_date", "first_reported": "2026-08-30", "last_reported": "2026-08-30", "confidence": "high", "confidence_note": "District named explicitly by the Department of Hydrology and Meteorology's flood-risk warning (AI-translated Ratopati English edition of the same story as a04014).", "density": "3", "effective_sources": "3", "independent_origins": "3", "origin": "unattributed", "origin_note": "3 outlets, no reporting body named; independence not established", "corroboration": "independent", "evidence_quote": "The Department of Hydrology and Meteorology has urged for alertness, stating that there could be sudden floods in rivers and streams due to the possibility of heavy rainfall in some places in Kailali, Kanchanpur, and Bardiya.", "evidence_quote_en": "", "temporal_contamination_flag": "False", "hazard": "further_flooding", "action": "warning_issued", "source_outlets": "Ratopati", "source_outlet_count": 3, "entity_key": "further_flooding|Kailali", "geo_resolution": "district", "geo_statement": "Located to Kailali district only", "geo_match_name": null, "geo_match_osm_id": null, "geo_anchor_id": "79688334B92674154876378", "geo_anchor_name": "Kailali"}, "geometry": {"type": "Point", "coordinates": [80.90354095523756, 28.75858781736349]}}, {"type": "Feature", "properties": {"record_id": "504132c88c87f02b", "table": "hazard_watch", "location_raw": "Kanchanpur", "location_ne": "", "admin_level": "district", "district": "Kanchanpur", "province": "Sudurpashchim", "geo_basis": "text_explicit", "as_of": "2026-08-30", "as_of_basis": "article_date", "first_reported": "2026-08-30", "last_reported": "2026-08-30", "confidence": "high", "confidence_note": "District named explicitly by the Department of Hydrology and Meteorology's flood-risk warning (AI-translated Ratopati English edition of the same story as a04014).", "density": "3", "effective_sources": "3", "independent_origins": "3", "origin": "unattributed", "origin_note": "3 outlets, no reporting body named; independence not established", "corroboration": "independent", "evidence_quote": "The Department of Hydrology and Meteorology has urged for alertness, stating that there could be sudden floods in rivers and streams due to the possibility of heavy rainfall in some places in Kailali, Kanchanpur, and Bardiya.", "evidence_quote_en": "", "temporal_contamination_flag": "False", "hazard": "further_flooding", "action": "warning_issued", "source_outlets": "Ratopati", "source_outlet_count": 3, "entity_key": "further_flooding|Kanchanpur", "geo_resolution": "district", "geo_statement": "Located to Kanchanpur district only", "geo_match_name": null, "geo_match_osm_id": null, "geo_anchor_id": "79688334B95323632068313", "geo_anchor_name": "Kanchanpur"}, "geometry": {"type": "Point", "coordinates": [80.29505467836461, 28.86147165008302]}}, {"type": "Feature", "properties": {"record_id": "d7e784fdff870f30", "table": "hazard_watch", "location_raw": "Upper Mustang", "location_ne": "", "admin_level": "district", "district": "Mustang", "province": "Gandaki", "geo_basis": "text_explicit", "as_of": "2026-08-30", "as_of_basis": "article_date", "first_reported": "2026-08-30", "last_reported": "2026-08-30", "confidence": "medium", "confidence_note": "District named directly; drone/field monitoring found no immediate risk so far.", "density": "3", "effective_sources": "3", "independent_origins": "3", "origin": "unattributed", "origin_note": "3 outlets, no reporting body named; independence not established", "corroboration": "independent", "evidence_quote": "उपल्लो मुस्ताङका उच्च हिमाली क्षेत्रमा सम्भावित हिमताल तथा बाढीको जोखिमबारे स्थलगत र ड्रोनमार्फत अनुगमन सुरु गरिएको छ । हालसम्म अनुगमन गरिएका क्षेत्रमा तत्काल कुनै सम्भावित जोखिमको सङ्केत नदेखिएको अधिकारीहरूले बताएका छन् ।", "evidence_quote_en": "Field and drone-based monitoring has begun on the potential risk of glacial lakes and floods in the high Himalayan areas of Upper Mustang. Officials say no immediate signs of risk have been seen in the areas monitored so far.", "temporal_contamination_flag": "False", "hazard": "barrier_lake", "action": "monitoring", "source_outlets": "Khabarhub; Onlinekhabar; Deshsanchar", "source_outlet_count": 3, "entity_key": "barrier_lake|Mustang", "geo_resolution": "district", "geo_statement": "Located to Mustang district only", "geo_match_name": null, "geo_match_osm_id": null, "geo_anchor_id": "79688334B73312243480989", "geo_anchor_name": "Mustang"}, "geometry": {"type": "Point", "coordinates": [83.86471421093114, 28.977665344347315]}}, {"type": "Feature", "properties": {"record_id": "3030c1dcc1d6f8f4", "table": "hazard_watch", "location_raw": "Ghyakarchu Lake, above Lomanthang, Mustang", "location_ne": "", "admin_level": "settlement", "district": "Mustang", "province": "Gandaki", "geo_basis": "text_explicit", "as_of": "2026-08-30", "as_of_basis": "article_date", "first_reported": "2026-08-30", "last_reported": "2026-08-30", "confidence": "medium", "confidence_note": "Specific lake and location named.", "density": "2", "effective_sources": "2", "independent_origins": "2", "origin": "unattributed", "origin_note": "2 outlets, no reporting body named; independence not established", "corroboration": "independent", "evidence_quote": "अनुगमनको दोस्रो चरणमा लोमान्थाङ माथिको उच्च पर्वतीय क्षेत्रमा रहेको घ्याकरछु तालको निरीक्षण गरिएको छ । समुद्रसतहबाट करिब पाँच हजार पाँच सय ५० मिटरको उचाइमा रहेको उक्त क्षेत्रमा ड्रोनमार्फत गरिएको निरीक्षणका क्रममा हिमनदीका ढिस्काहरू देखिए पनि तत्काल कुनै जोखिमको सङ्केत नदेखिएको पौडेलले बताए ।", "evidence_quote_en": "In the second phase of monitoring, the Ghyakarchu Lake above Lomanthang was inspected by drone; although glacial chunks were seen, no immediate signs of risk were seen, Paudel said.", "temporal_contamination_flag": "False", "hazard": "barrier_lake", "action": "monitoring", "source_outlets": "Onlinekhabar; Deshsanchar", "source_outlet_count": 2, "entity_key": "barrier_lake|Mustang", "geo_resolution": "district", "geo_statement": "Located to Mustang district only — the source names a place we could not resolve", "geo_match_name": null, "geo_match_osm_id": null, "geo_anchor_id": "79688334B73312243480989", "geo_anchor_name": "Mustang"}, "geometry": {"type": "Point", "coordinates": [83.86471421093114, 28.977665344347315]}}, {"type": "Feature", "properties": {"record_id": "0eee0a55ceb611a3", "table": "hazard_watch", "location_raw": "Devighat area (Bhotekoshi River)", "location_ne": "", "admin_level": "settlement", "district": "Nuwakot", "province": "Bagmati", "geo_basis": "text_adjacent", "as_of": "2026-08-27", "as_of_basis": "stated", "first_reported": "2026-08-28", "last_reported": "2026-08-28", "confidence": "medium", "confidence_note": "Location anchored via photo caption naming Devighat area, Nuwakot, dated August 27, 2026.", "density": "1", "effective_sources": "1", "independent_origins": "1", "origin": "media_own", "origin_note": "single outlet", "corroboration": "single_source", "evidence_quote": "Debris from an ice-rock avalanche has created a temporary dam at a river confluence in Nepal, raising the risk of a secondary flash flood.", "evidence_quote_en": "", "temporal_contamination_flag": "False", "hazard": "landslide_dam", "action": "monitoring", "source_outlets": "Rediff", "source_outlet_count": 1, "entity_key": "landslide_dam|Nuwakot", "geo_resolution": "district", "geo_statement": "Located to Nuwakot district only — the source names a place we could not resolve", "geo_match_name": null, "geo_match_osm_id": null, "geo_anchor_id": "79688334B17077666187877", "geo_anchor_name": "Nuwakot"}, "geometry": {"type": "Point", "coordinates": [85.20729652963067, 27.936643231647253]}}, {"type": "Feature", "properties": {"record_id": "30982793942e554e", "table": "hazard_watch", "location_raw": "विदुर, नुवाकोट", "location_ne": "", "admin_level": "municipality", "district": "Nuwakot", "province": "Bagmati", "geo_basis": "text_explicit", "as_of": "2026-08-28", "as_of_basis": "stated", "first_reported": "2026-08-28", "last_reported": "2026-08-28", "confidence": "high", "confidence_note": "Police loudspeaker warning explicitly located in Bidur, Nuwakot.", "density": "1", "effective_sources": "1", "independent_origins": "1", "origin": "media_own", "origin_note": "single outlet", "corroboration": "single_source", "evidence_quote": "“फेरि बाढी आएको सूचना आएको छ । नदीनजिक नजानुहोला, अग्लो सुरक्षित स्थानतर्फ बस्नुहोला,” प्रहरीले नुवाकोटको विदुरमा माइकिङ गर्दै भनेको छ ।", "evidence_quote_en": "", "temporal_contamination_flag": "False", "hazard": "further_flooding", "action": "warning_issued", "source_outlets": "Baahrakhari", "source_outlet_count": 1, "entity_key": "further_flooding|Nuwakot", "geo_resolution": "point", "geo_statement": "Matched \"नुवाकोट\" to a named OSM place in Nuwakot", "geo_match_name": "नुवाकोट", "geo_match_osm_id": "node/3488022930", "geo_anchor_id": null, "geo_anchor_name": null}, "geometry": {"type": "Point", "coordinates": [85.1647073, 27.9151007]}}, {"type": "Feature", "properties": {"record_id": "80666c0664977471", "table": "hazard_watch", "location_raw": "Trishuli area", "location_ne": "", "admin_level": "settlement", "district": "Nuwakot", "province": "Bagmati", "geo_basis": "text_explicit", "as_of": "2026-08-28", "as_of_basis": "stated", "first_reported": "2026-08-28", "last_reported": "2026-08-28", "confidence": "high", "confidence_note": "Explicit evacuation of the Trishuli area, attributed to Nepal Police.", "density": "2", "effective_sources": "2", "independent_origins": "2", "origin": "unattributed", "origin_note": "2 outlets, no reporting body named; independence not established", "corroboration": "independent", "evidence_quote": "People in the Trishuli area of Nepal were evacuated again as a heavy flow of water from above has threatened to raise the river's water level, Nepal Police stated after an earthquake of magnitude 5.1 jolted Longchang City in southwest China's Sichuan Province.", "evidence_quote_en": "", "temporal_contamination_flag": "False", "hazard": "barrier_lake", "action": "evacuation_ordered", "source_outlets": "The Tribune; The Sunday Guardian", "source_outlet_count": 2, "entity_key": "barrier_lake|Nuwakot", "geo_resolution": "district", "geo_statement": "Located to Nuwakot district only — the source names a place we could not resolve", "geo_match_name": null, "geo_match_osm_id": null, "geo_anchor_id": "79688334B17077666187877", "geo_anchor_name": "Nuwakot"}, "geometry": {"type": "Point", "coordinates": [85.20729652963067, 27.936643231647253]}}, {"type": "Feature", "properties": {"record_id": "3b16d9517098e158", "table": "hazard_watch", "location_raw": "Bidur", "location_ne": "", "admin_level": "municipality", "district": "Nuwakot", "province": "Bagmati", "geo_basis": "text_explicit", "as_of": "2026-08-28", "as_of_basis": "stated", "first_reported": "2026-08-28", "last_reported": "2026-08-28", "confidence": "high", "confidence_note": "Article explicitly names Bidur, Nuwakot district, Bagmati province.", "density": "1", "effective_sources": "1", "independent_origins": "1", "origin": "media_own", "origin_note": "single outlet", "corroboration": "single_source", "evidence_quote": "Rescue efforts in Bidur, the capital of Nuwakot district in Bagmati province, Nepal, were disrupted on Friday morning as the Trishuli River began to rise again after the lake near the China border burst its banks", "evidence_quote_en": "", "temporal_contamination_flag": "", "hazard": "further_flooding", "action": "none", "source_outlets": "Irish Examiner", "source_outlet_count": 1, "entity_key": "further_flooding|Nuwakot", "geo_resolution": "point", "geo_statement": "Matched \"Bidur\" to a named OSM place in Nuwakot", "geo_match_name": "बिदुर", "geo_match_osm_id": "node/3499801960", "geo_anchor_id": null, "geo_anchor_name": null}, "geometry": {"type": "Point", "coordinates": [85.146446, 27.89526]}}, {"type": "Feature", "properties": {"record_id": "0c9c302960ac6fbf", "table": "hazard_watch", "location_raw": "Trishuli", "location_ne": "", "admin_level": "municipality", "district": "Nuwakot", "province": "Bagmati", "geo_basis": "text_explicit", "as_of": "2026-08-28", "as_of_basis": "article_date", "first_reported": "2026-08-28", "last_reported": "2026-08-28", "confidence": "high", "confidence_note": "Trishuli is in Nuwakot district; evacuation explicitly stated.", "density": "1", "effective_sources": "1", "independent_origins": "1", "origin": "media_own", "origin_note": "single outlet", "corroboration": "single_source", "evidence_quote": "Nepal Police issued a new flood alert and evacuated people from Trishuli after a dam in Tibet burst, triggered by an earthquake in China.", "evidence_quote_en": "", "temporal_contamination_flag": "", "hazard": "barrier_lake", "action": "evacuation_ordered", "source_outlets": "Asianet Newsable", "source_outlet_count": 1, "entity_key": "barrier_lake|Nuwakot", "geo_resolution": "district", "geo_statement": "Located to Nuwakot district only — the source names a place we could not resolve", "geo_match_name": null, "geo_match_osm_id": null, "geo_anchor_id": "79688334B17077666187877", "geo_anchor_name": "Nuwakot"}, "geometry": {"type": "Point", "coordinates": [85.20729652963067, 27.936643231647253]}}, {"type": "Feature", "properties": {"record_id": "5078d9460a765746", "table": "hazard_watch", "location_raw": "धुंडे बाजार (Dhunge Bazaar)", "location_ne": "", "admin_level": "settlement", "district": "Nuwakot", "province": "Bagmati", "geo_basis": "text_explicit", "as_of": "2026-08-28", "as_of_basis": "article_date", "first_reported": "2026-08-28", "last_reported": "2026-08-28", "confidence": "high", "confidence_note": "Police-ordered evacuation warning for Dhunge Bazaar and surrounding areas in Nuwakot.", "density": "1", "effective_sources": "1", "independent_origins": "1", "origin": "media_own", "origin_note": "single outlet", "corroboration": "single_source", "evidence_quote": "धुंडे बाजार और आसपास के इलाकों में पुलिस ने लोगों को तुरंत सुरक्षित जगहों पर जाने की चेतावनी दी है.", "evidence_quote_en": "", "temporal_contamination_flag": "False", "hazard": "further_flooding", "action": "evacuation_ordered", "source_outlets": "Aaj Tak News", "source_outlet_count": 1, "entity_key": "further_flooding|Nuwakot", "geo_resolution": "district", "geo_statement": "Located to Nuwakot district only — the source names a place we could not resolve", "geo_match_name": null, "geo_match_osm_id": null, "geo_anchor_id": "79688334B17077666187877", "geo_anchor_name": "Nuwakot"}, "geometry": {"type": "Point", "coordinates": [85.20729652963067, 27.936643231647253]}}, {"type": "Feature", "properties": {"record_id": "aa6be0e9196266a3", "table": "hazard_watch", "location_raw": "Trishuli area", "location_ne": "", "admin_level": "district", "district": "Nuwakot", "province": "Bagmati", "geo_basis": "text_adjacent", "as_of": "2026-08-28", "as_of_basis": "stated", "first_reported": "2026-08-29", "last_reported": "2026-08-29", "confidence": "medium", "confidence_note": "Trishuli area loosely mapped to Nuwakot district.", "density": "3", "effective_sources": "3", "independent_origins": "3", "origin": "unattributed", "origin_note": "3 outlets, no reporting body named; independence not established", "corroboration": "independent", "evidence_quote": "Nepal Police issued a fresh flood alert for the Trishuli area on Friday, prompting authorities to evacuate residents and halt rescue and roadwork operations in vulnerable locations.", "evidence_quote_en": "", "temporal_contamination_flag": "", "hazard": "further_flooding", "action": "evacuation_ordered", "source_outlets": "The Tribune; Asianet Newsable; Pragativadi", "source_outlet_count": 3, "entity_key": "further_flooding|Nuwakot", "geo_resolution": "district", "geo_statement": "Located to Nuwakot district only", "geo_match_name": null, "geo_match_osm_id": null, "geo_anchor_id": "79688334B17077666187877", "geo_anchor_name": "Nuwakot"}, "geometry": {"type": "Point", "coordinates": [85.20729652963067, 27.936643231647253]}}, {"type": "Feature", "properties": {"record_id": "30f491b62dd83e1d", "table": "hazard_watch", "location_raw": "Trishuli River at Betrawati, Nuwakot", "location_ne": "", "admin_level": "settlement", "district": "Nuwakot", "province": "Bagmati", "geo_basis": "text_explicit", "as_of": "2026-08-29", "as_of_basis": "stated", "first_reported": "2026-08-29", "last_reported": "2026-08-29", "confidence": "high", "confidence_note": "Named settlement (Betrawati) and 3-day forecast window.", "density": "1", "effective_sources": "1", "independent_origins": "1", "origin": "media_own", "origin_note": "single outlet", "corroboration": "single_source", "evidence_quote": "पूर्वानुमान तालिकाअनुसार बेत्रावतीस्थित त्रिशूली नदीमा आगामी तीन दिनसम्म बहाव उल्लेख्य बढ्ने भन्दै पविशेष सतर्कता सङ्केत गरिएको छ", "evidence_quote_en": "Per the forecast table, special alert has been signalled for the Trishuli River at Betrawati, where flow is expected to rise significantly over the next three days.", "temporal_contamination_flag": "", "hazard": "further_flooding", "action": "warning_issued", "source_outlets": "Ratopati", "source_outlet_count": 1, "entity_key": "further_flooding|Nuwakot", "geo_resolution": "district", "geo_statement": "Located to Nuwakot district only — the source names a place we could not resolve", "geo_match_name": null, "geo_match_osm_id": null, "geo_anchor_id": "79688334B17077666187877", "geo_anchor_name": "Nuwakot"}, "geometry": {"type": "Point", "coordinates": [85.20729652963067, 27.936643231647253]}}, {"type": "Feature", "properties": {"record_id": "38e7f6df22c97f78", "table": "hazard_watch", "location_raw": "Trishuli 3A hydroelectric site", "location_ne": "", "admin_level": "settlement", "district": "Nuwakot", "province": "Bagmati", "geo_basis": "gazetteer_match", "as_of": "2026-08-30", "as_of_basis": "stated", "first_reported": "2026-08-30", "last_reported": "2026-08-30", "confidence": "medium", "confidence_note": "Single-source rising-water/caution report at named tunnel site; recorded per instruction to be inclusive on hazard_watch.", "density": "2", "effective_sources": "1", "independent_origins": "1", "origin": "media_own", "origin_note": "single outlet", "corroboration": "syndicated", "evidence_quote": "But overnight rain and rising river waters hampered rescue efforts at that site and Nepal's disaster authorities urged rescue teams on Sunday to exercise caution.", "evidence_quote_en": "", "temporal_contamination_flag": "", "hazard": "further_flooding", "action": "monitoring", "source_outlets": "The Daily Star; Gulf News", "source_outlet_count": 2, "entity_key": "further_flooding|Nuwakot", "geo_resolution": "district", "geo_statement": "Located to Nuwakot district only — the source names a place we could not resolve", "geo_match_name": null, "geo_match_osm_id": null, "geo_anchor_id": "79688334B17077666187877", "geo_anchor_name": "Nuwakot"}, "geometry": {"type": "Point", "coordinates": [85.20729652963067, 27.936643231647253]}}, {"type": "Feature", "properties": {"record_id": "7e09d202bd8169bd", "table": "hazard_watch", "location_raw": "Nuwakot", "location_ne": "Nuwakot", "admin_level": "district", "district": "Nuwakot", "province": "Bagmati", "geo_basis": "text_explicit", "as_of": "2026-08-30", "as_of_basis": "stated", "first_reported": "2026-08-30", "last_reported": "2026-08-30", "confidence": "high", "confidence_note": "Nuwakot is one of three districts named explicitly in the Department of Hydrology and Meteorology's forecast.", "density": "3", "effective_sources": "3", "independent_origins": "3", "origin": "unattributed", "origin_note": "3 outlets, no reporting body named; independence not established", "corroboration": "independent", "evidence_quote": "भोटेकोशी बाढीग्रस्त रसुवा, नुवाकोट र धादिङ आसपासका क्षेत्रमा आज दिउँसो वर्षा हुने सम्भावना रहेकाले उद्धार कार्य प्रभावित हुने देखिएको छ ।", "evidence_quote_en": "Since rain is likely this afternoon in the Bhotekoshi flood-hit areas around Rasuwa, Nuwakot and Dhading, rescue work is expected to be affected.", "temporal_contamination_flag": "False", "hazard": "further_flooding", "action": "monitoring", "source_outlets": "Onlinekhabar; Ratopati", "source_outlet_count": 3, "entity_key": "further_flooding|Nuwakot", "geo_resolution": "district", "geo_statement": "Located to Nuwakot district only", "geo_match_name": null, "geo_match_osm_id": null, "geo_anchor_id": "79688334B17077666187877", "geo_anchor_name": "Nuwakot"}, "geometry": {"type": "Point", "coordinates": [85.20729652963067, 27.936643231647253]}}, {"type": "Feature", "properties": {"record_id": "865283e3a1751b49", "table": "hazard_watch", "location_raw": "नुवाकोट", "location_ne": "नुवाकोट", "admin_level": "district", "district": "Nuwakot", "province": "Bagmati", "geo_basis": "text_explicit", "as_of": "2026-08-30", "as_of_basis": "stated", "first_reported": "2026-08-28", "last_reported": "2026-08-30", "confidence": "high", "confidence_note": "District named directly with explicit high-risk designation for today.", "density": "8", "effective_sources": "8", "independent_origins": "8", "origin": "unattributed", "origin_note": "8 outlets, no reporting body named; independence not established", "corroboration": "independent", "evidence_quote": "बाढी पूर्वानुमान महाशाखाका अनुसार नुवाकोट र र रसुवा जिल्ला बाढीको उच्च जोखिममा छन्।", "evidence_quote_en": "According to the Flood Forecasting Division, Nuwakot and Rasuwa districts are at high risk of flooding.", "temporal_contamination_flag": "False", "hazard": "further_flooding", "action": "warning_issued", "source_outlets": "myRepublica; Direct Relief; srpske.rs; Arab News; Yahoo News Australia; Arghakhanchi; Ujyaalo Online; ANI News", "source_outlet_count": 8, "entity_key": "further_flooding|Nuwakot", "geo_resolution": "district", "geo_statement": "Located to Nuwakot district only", "geo_match_name": null, "geo_match_osm_id": null, "geo_anchor_id": "79688334B17077666187877", "geo_anchor_name": "Nuwakot"}, "geometry": {"type": "Point", "coordinates": [85.20729652963067, 27.936643231647253]}}, {"type": "Feature", "properties": {"record_id": "8fc3aae5b343ceda", "table": "hazard_watch", "location_raw": "त्रिशूली नदी, बेत्रावती", "location_ne": "त्रिशूली नदी, बेत्रावती", "admin_level": "settlement", "district": "Nuwakot", "province": "Bagmati", "geo_basis": "text_explicit", "as_of": "2026-08-30", "as_of_basis": "stated", "first_reported": "2026-08-30", "last_reported": "2026-08-30", "confidence": "high", "confidence_note": "Betrawati named directly, a settlement in Nuwakot on the Trishuli river.", "density": "1", "effective_sources": "1", "independent_origins": "1", "origin": "media_own", "origin_note": "single outlet", "corroboration": "single_source", "evidence_quote": "विशेषगरी त्रिशूली नदीको बेत्रावती क्षेत्रमा अबको तीन दिन नै जल सतह उल्लेख्य रूपमा बढ्ने पूर्वानुमान गरिएको छ।", "evidence_quote_en": "Especially in the Betrawati area of the Trishuli river, water levels are forecast to rise significantly over the next three days.", "temporal_contamination_flag": "False", "hazard": "further_flooding", "action": "warning_issued", "source_outlets": "Ujyaalo Online", "source_outlet_count": 1, "entity_key": "further_flooding|Nuwakot", "geo_resolution": "district", "geo_statement": "Located to Nuwakot district only — the source names a place we could not resolve", "geo_match_name": null, "geo_match_osm_id": null, "geo_anchor_id": "79688334B17077666187877", "geo_anchor_name": "Nuwakot"}, "geometry": {"type": "Point", "coordinates": [85.20729652963067, 27.936643231647253]}}, {"type": "Feature", "properties": {"record_id": "617e6929edab0ecd", "table": "hazard_watch", "location_raw": "Rasuwagadhi border, Lhende Khola, Rasuwa", "location_ne": "", "admin_level": "district", "district": "Rasuwa", "province": "Bagmati", "geo_basis": "text_explicit", "as_of": "2026-08-27", "as_of_basis": "stated", "first_reported": "2026-08-28", "last_reported": "2026-08-30", "confidence": "high", "confidence_note": "NDRRMA satellite-based assessment with named reference point.", "density": "40", "effective_sources": "38", "independent_origins": "38", "origin": "unattributed", "origin_note": "38 outlets, no reporting body named; independence not established", "corroboration": "independent", "evidence_quote": "A preliminary analysis of a satellite image taken at 11:44 am on 27 August indicated that the obstruction, located about 18 km from the Rasuwagadhi border point, had created a lake covering approximately 0.11 square kilometres, according to the NDRRMA.", "evidence_quote_en": "", "temporal_contamination_flag": "False", "hazard": "barrier_lake", "action": "monitoring", "source_outlets": "bhaskardigital.com; The Business Standard; malaysiasun.com; TRT World; Irish Examiner; Yahoo; Latest news from Azerbaijan; USA Today; Telangana Today; Aaj Tak News; WCCB Charlotte; Onlinekhabar; ImageKhabar; Nepali Times; Zee News; ArcGIS StoryMaps; The Kathmandu Post; The Assam Tribune; BBC; Mathrubhumi English; Vatican News; NewsCord; Helsinki Times; The Independent; Business Standard; Firstpost; India Today; Khabarhub; Nepal News; NepalNews; Open Magazine; The Rising Nepal; Deshsanchar; The Times of India; The New Indian Express; Sarkaritel.com; National Herald", "source_outlet_count": 40, "entity_key": "barrier_lake|Rasuwa", "geo_resolution": "district", "geo_statement": "Located to Rasuwa district only", "geo_match_name": null, "geo_match_osm_id": null, "geo_anchor_id": "79688334B50883418539268", "geo_anchor_name": "Rasuwa"}, "geometry": {"type": "Point", "coordinates": [85.43275923020244, 28.17010993431697]}}, {"type": "Feature", "properties": {"record_id": "e23749b0e4abc292", "table": "hazard_watch", "location_raw": "Nepal-China border / Lhende Khola, Rasuwa", "location_ne": "", "admin_level": "district", "district": "Rasuwa", "province": "Bagmati", "geo_basis": "text_explicit", "as_of": "2026-08-28", "as_of_basis": "inferred_from_text", "first_reported": "2026-08-30", "last_reported": "2026-08-30", "confidence": "high", "confidence_note": "'Friday' inferred as 28 Aug 2026.", "density": "1", "effective_sources": "1", "independent_origins": "1", "origin": "media_own", "origin_note": "single outlet", "corroboration": "single_source", "evidence_quote": "Rescue operations had also been suspended on Friday after a lake formed across the Nepal-China border began overflowing into the Lhende Khola and Trishuli rivers.", "evidence_quote_en": "", "temporal_contamination_flag": "", "hazard": "barrier_lake", "action": "area_closed", "source_outlets": "The Times of India", "source_outlet_count": 1, "entity_key": "barrier_lake|Rasuwa", "geo_resolution": "district", "geo_statement": "Located to Rasuwa district only", "geo_match_name": null, "geo_match_osm_id": null, "geo_anchor_id": "79688334B50883418539268", "geo_anchor_name": "Rasuwa"}, "geometry": {"type": "Point", "coordinates": [85.43275923020244, 28.17010993431697]}}, {"type": "Feature", "properties": {"record_id": "4f384859e3b2dfc9", "table": "hazard_watch", "location_raw": "Rasuwa district", "location_ne": "", "admin_level": "district", "district": "Rasuwa", "province": "Bagmati", "geo_basis": "text_explicit", "as_of": "2026-08-28", "as_of_basis": "stated", "first_reported": "2026-08-28", "last_reported": "2026-08-30", "confidence": "high", "confidence_note": "Nepal Police alert quoted directly for Rasuwa.", "density": "66", "effective_sources": "57", "independent_origins": "57", "origin": "unattributed", "origin_note": "57 outlets, no reporting body named; independence not established", "corroboration": "independent", "evidence_quote": "Water reservoir on the Tibet side has burst again... As information has been received that the water level on the Tibet side has risen again, all security personnel, rescue workers and members of the public involved in rescue and relief operations are requested to remain alert immediately and move toward/notify people about a safe location,\" the police force said in the alert.", "evidence_quote_en": "", "temporal_contamination_flag": "", "hazard": "barrier_lake", "action": "warning_issued", "source_outlets": "The Statesman; The Hindu; Arab News; Kashmir Life; The Straits Times; The Daily Star; The Economic Times; The Indian Express; BusinessLine; Tuoi Tre News | The News Gateway to Vietnam; Moneycontrol Hindi; Amar Ujala; nayaindia.com; Yahoo News UK; The Business Standard; srpske.rs; DT Next; The Tribune; The Guardian; newsdrum.in; tabla.com.sg; daily-sun.com; Hindusthan Samachar English; OnlineKhabar English News; inkl; TRT World; Yahoo; 아시아경제; news24online.com; RTE.ie; Onlinekhabar; ImageKhabar; Baahrakhari; News.com.au; The Federal; NDTV; Hindustan; Sarkaritel.com; TechnoSports Media Group; India Today; BBC; Mathrubhumi English; Business Standard; UA.NEWS; Khabarhub; Nepal News; The Daily Jagran; NepalNews; Nine.com.au; India's News.Net; The Times of India; Ratopati; Arghakhanchi; National Herald", "source_outlet_count": 66, "entity_key": "barrier_lake|Rasuwa", "geo_resolution": "district", "geo_statement": "Located to Rasuwa district only", "geo_match_name": null, "geo_match_osm_id": null, "geo_anchor_id": "79688334B50883418539268", "geo_anchor_name": "Rasuwa"}, "geometry": {"type": "Point", "coordinates": [85.43275923020244, 28.17010993431697]}}, {"type": "Feature", "properties": {"record_id": "5a2c98f480c4cbcf", "table": "hazard_watch", "location_raw": "गोसाइँकुण्ड, रसुवा", "location_ne": "", "admin_level": "rural_municipality", "district": "Rasuwa", "province": "Bagmati", "geo_basis": "text_explicit", "as_of": "2026-08-28", "as_of_basis": "stated", "first_reported": "2026-08-28", "last_reported": "2026-08-28", "confidence": "high", "confidence_note": "Rasuwa is currently flood-affected; further rain on weakened terrain raises renewed risk.", "density": "1", "effective_sources": "1", "independent_origins": "1", "origin": "media_own", "origin_note": "single outlet", "corroboration": "single_source", "evidence_quote": "शुक्रबार रसुवाको गोसाइँकुण्ड क्षेत्रमा दिउँसो धेरै ठाउँमा अपराह्नदेखि मध्यम वर्षा हुने तथा राति केही ठाउँमा मध्यम र एक–दुई ठाउँमा भारी वर्षा हुनसक्ने सम्भावना छ।", "evidence_quote_en": "", "temporal_contamination_flag": "False", "hazard": "further_flooding", "action": "warning_issued", "source_outlets": "Arghakhanchi", "source_outlet_count": 1, "entity_key": "further_flooding|Rasuwa", "geo_resolution": "point", "geo_statement": "Matched \"गोसाइँकुण्ड\" to a named OSM place in Rasuwa", "geo_match_name": "गोसाइँकुण्ड", "geo_match_osm_id": "node/13242877445", "geo_anchor_id": null, "geo_anchor_name": null}, "geometry": {"type": "Point", "coordinates": [85.298525, 28.110361]}}, {"type": "Feature", "properties": {"record_id": "514722a9fa8936a3", "table": "hazard_watch", "location_raw": "Rasuwagadhi checkpoint", "location_ne": "", "admin_level": "settlement", "district": "Rasuwa", "province": "Bagmati", "geo_basis": "text_explicit", "as_of": "2026-08-28", "as_of_basis": "article_date", "first_reported": "2026-08-28", "last_reported": "2026-08-28", "confidence": "medium", "confidence_note": "NDRRMA post on X, exact post date not given in passage.", "density": "1", "effective_sources": "1", "independent_origins": "1", "origin": "media_own", "origin_note": "single outlet", "corroboration": "single_source", "evidence_quote": "A lake had formed roughly 18 kilometers above the Rasuwagadhi checkpoint at the Nepal-China border as the flow of the Lhende Khola River has been obstructed, according to the Nepal National Disaster Risk Reduction and Management Authority. “The risk still remains that the natural dam of that lake could burst and cause another major flood,” the agency wrote in a post on X.", "evidence_quote_en": "", "temporal_contamination_flag": "False", "hazard": "barrier_lake", "action": "warning_issued", "source_outlets": "The Korea Herald", "source_outlet_count": 1, "entity_key": "barrier_lake|Rasuwa", "geo_resolution": "district", "geo_statement": "Located to Rasuwa district only — the source names a place we could not resolve", "geo_match_name": null, "geo_match_osm_id": null, "geo_anchor_id": "79688334B50883418539268", "geo_anchor_name": "Rasuwa"}, "geometry": {"type": "Point", "coordinates": [85.43275923020244, 28.17010993431697]}}, {"type": "Feature", "properties": {"record_id": "823f3539d1059d56", "table": "hazard_watch", "location_raw": "रसुवागढ़ी सीमा से करीब 18 किलोमीटर ऊपर ल्हेंदे नदी", "location_ne": "", "admin_level": "district", "district": "Rasuwa", "province": "Bagmati", "geo_basis": "text_explicit", "as_of": "2026-08-28", "as_of_basis": "article_date", "first_reported": "2026-08-28", "last_reported": "2026-08-28", "confidence": "medium", "confidence_note": "Passage describes risk of a new barrier lake but does not state any specific action taken in this article's text.", "density": "1", "effective_sources": "1", "independent_origins": "1", "origin": "media_own", "origin_note": "single outlet", "corroboration": "single_source", "evidence_quote": "चीन के मुताबिक रसुवागढ़ी सीमा से करीब 18 किलोमीटर ऊपर ल्हेंदे नदी में एक नई बैरियर झील बनी है", "evidence_quote_en": "", "temporal_contamination_flag": "", "hazard": "barrier_lake", "action": "none", "source_outlets": "peoplesupdate.com", "source_outlet_count": 1, "entity_key": "barrier_lake|Rasuwa", "geo_resolution": "district", "geo_statement": "Located to Rasuwa district only", "geo_match_name": null, "geo_match_osm_id": null, "geo_anchor_id": "79688334B50883418539268", "geo_anchor_name": "Rasuwa"}, "geometry": {"type": "Point", "coordinates": [85.43275923020244, 28.17010993431697]}}, {"type": "Feature", "properties": {"record_id": "cfb92f9ad6dc0f25", "table": "hazard_watch", "location_raw": "Rasuwa district", "location_ne": "", "admin_level": "district", "district": "Rasuwa", "province": "Bagmati", "geo_basis": "text_explicit", "as_of": "2026-08-28", "as_of_basis": "stated", "first_reported": "2026-08-28", "last_reported": "2026-08-28", "confidence": "medium", "confidence_note": "Residents self-evacuated uphill rather than a formal evacuation order, but no closer enum value exists.", "density": "4", "effective_sources": "4", "independent_origins": "4", "origin": "unattributed", "origin_note": "4 outlets, no reporting body named; independence not established", "corroboration": "independent", "evidence_quote": "Residents in Nepal’s Rasuwa district, on the border with Tibet, were seen rushing up hillsides on Friday to escape a possible surge in the river, according to witnesses", "evidence_quote_en": "", "temporal_contamination_flag": "", "hazard": "further_flooding", "action": "evacuation_ordered", "source_outlets": "The Guardian; Irish Examiner; The Kathmandu Post; The Assam Tribune", "source_outlet_count": 4, "entity_key": "further_flooding|Rasuwa", "geo_resolution": "district", "geo_statement": "Located to Rasuwa district only", "geo_match_name": null, "geo_match_osm_id": null, "geo_anchor_id": "79688334B50883418539268", "geo_anchor_name": "Rasuwa"}, "geometry": {"type": "Point", "coordinates": [85.43275923020244, 28.17010993431697]}}, {"type": "Feature", "properties": {"record_id": "474571169c5b27fb", "table": "hazard_watch", "location_raw": "Nepal-Tibet border area (Rasuwa)", "location_ne": "", "admin_level": "district", "district": "Rasuwa", "province": "Bagmati", "geo_basis": "text_adjacent", "as_of": "2026-08-28", "as_of_basis": "stated", "first_reported": "2026-08-28", "last_reported": "2026-08-28", "confidence": "medium", "confidence_note": "Nepal Police alert warns rescue/security personnel near the Nepal-Tibet border (Rasuwa) to move to safer ground; formation itself is on Tibetan side but the warning and threatened personnel are in Nepal.", "density": "3", "effective_sources": "3", "independent_origins": "3", "origin": "unattributed", "origin_note": "3 outlets, no reporting body named; independence not established", "corroboration": "independent", "evidence_quote": "Nepal Police issued a fresh alert Friday after receiving reports that a separate dam-like formation on the Tibetan side of the border was beginning to overflow. Rescue and security personnel were told to remain on high alert and to move to safer ground if conditions worsened", "evidence_quote_en": "", "temporal_contamination_flag": "", "hazard": "landslide_dam", "action": "warning_issued", "source_outlets": "International Business Times Australia; Latest news from Azerbaijan; Business Today", "source_outlet_count": 3, "entity_key": "landslide_dam|Rasuwa", "geo_resolution": "district", "geo_statement": "Located to Rasuwa district only", "geo_match_name": null, "geo_match_osm_id": null, "geo_anchor_id": "79688334B50883418539268", "geo_anchor_name": "Rasuwa"}, "geometry": {"type": "Point", "coordinates": [85.43275923020244, 28.17010993431697]}}, {"type": "Feature", "properties": {"record_id": "19013eb19935f554", "table": "hazard_watch", "location_raw": "Nepal-Tibet border area (Rasuwa)", "location_ne": "", "admin_level": "district", "district": "Rasuwa", "province": "Bagmati", "geo_basis": "text_adjacent", "as_of": "2026-08-28", "as_of_basis": "stated", "first_reported": "2026-08-28", "last_reported": "2026-08-29", "confidence": "medium", "confidence_note": "Dam is on the Tibet side; Nepal Police's safety instruction is directed at personnel and public on the Nepal side, inferred as the Rasuwa border area from surrounding context.", "density": "3", "effective_sources": "2", "independent_origins": "1", "origin": "Nepal_Police", "origin_note": "2 outlets carrying Nepal_Police's figure", "corroboration": "independent", "evidence_quote": "Information has been received that the water dam on the Tibet side has burst again. Therefore, all security personnel, rescue workers involved in rescue and relief operations, and the general public are requested to remain immediately alert and move to safe locations or notify others", "evidence_quote_en": "", "temporal_contamination_flag": "", "hazard": "landslide_dam", "action": "evacuation_ordered", "source_outlets": "The New Indian Express; malaysiasun.com; myRepublica", "source_outlet_count": 3, "entity_key": "landslide_dam|Rasuwa", "geo_resolution": "district", "geo_statement": "Located to Rasuwa district only", "geo_match_name": null, "geo_match_osm_id": null, "geo_anchor_id": "79688334B50883418539268", "geo_anchor_name": "Rasuwa"}, "geometry": {"type": "Point", "coordinates": [85.43275923020244, 28.17010993431697]}}, {"type": "Feature", "properties": {"record_id": "1f4c8f3e2499d5c2", "table": "hazard_watch", "location_raw": "Rasuwa district", "location_ne": "", "admin_level": "district", "district": "Rasuwa", "province": "Bagmati", "geo_basis": "text_explicit", "as_of": "2026-08-28", "as_of_basis": "stated", "first_reported": "2026-08-28", "last_reported": "2026-08-29", "confidence": "high", "confidence_note": "Article names Rasuwa district and gives the exact date (Friday, August 28).", "density": "3", "effective_sources": "3", "independent_origins": "3", "origin": "unattributed", "origin_note": "3 outlets, no reporting body named; independence not established", "corroboration": "independent", "evidence_quote": "A fresh flood alert was issued in Nepal’s flood-hit Rasuwa district on Friday, August 28, after a landslide-dammed lake on the Tibet side of the Nepal-China border began overflowing, raising fears of another sudden surge in the Bhote Koshi and Trishuli rivers. Nepalese authorities temporarily halted rescue operations for about 90 minutes and asked rescuers and residents near riverbanks to move to safer, higher ground", "evidence_quote_en": "", "temporal_contamination_flag": "False", "hazard": "barrier_lake", "action": "evacuation_ordered", "source_outlets": "The Tribune; The Logical Indian; RTE.ie", "source_outlet_count": 3, "entity_key": "barrier_lake|Rasuwa", "geo_resolution": "district", "geo_statement": "Located to Rasuwa district only", "geo_match_name": null, "geo_match_osm_id": null, "geo_anchor_id": "79688334B50883418539268", "geo_anchor_name": "Rasuwa"}, "geometry": {"type": "Point", "coordinates": [85.43275923020244, 28.17010993431697]}}, {"type": "Feature", "properties": {"record_id": "3168b35f8c2f7032", "table": "hazard_watch", "location_raw": "उत्तरगया गाउँपालिका, नदी किनार (riverbank, Uttargaya), रसुवा", "location_ne": "", "admin_level": "rural_municipality", "district": "Rasuwa", "province": "Bagmati", "geo_basis": "text_explicit", "as_of": "2026-08-28", "as_of_basis": "article_date", "first_reported": "2026-08-28", "last_reported": "2026-08-28", "confidence": "medium", "confidence_note": "Single-source account from the rural municipality chair (name omitted); recorded per instructions to be inclusive of hazard reports.", "density": "1", "effective_sources": "1", "independent_origins": "1", "origin": "media_own", "origin_note": "single outlet", "corroboration": "single_source", "evidence_quote": "नदी किनारमा ५० औँको संख्यामा शवहरू सड्न थालेर गाउँ नै दुर्गन्धित बन्दा पनि ‘माथिको आदेश’ नभएको भन्दै शव व्यवस्थापन हुन नसकेको र यसले बस्तीमा ठूलो महामारी फैलिने खतरा बढाएको उनको भनाइ छ।", "evidence_quote_en": "Even as dozens (in the fifties) of bodies have begun decomposing along the riverbank, making the whole village foul-smelling, body management has not been possible for lack of 'orders from above', and this has increased the risk of a major epidemic spreading in the settlement, he says.", "temporal_contamination_flag": "", "hazard": "disease_outbreak", "action": "none", "source_outlets": "Deshsanchar", "source_outlet_count": 1, "entity_key": "disease_outbreak|Rasuwa", "geo_resolution": "point", "geo_statement": "Matched \"Uttargaya\" to a named OSM place in Rasuwa", "geo_match_name": "उत्तरगया", "geo_match_osm_id": "node/13242877440", "geo_anchor_id": null, "geo_anchor_name": null}, "geometry": {"type": "Point", "coordinates": [85.1951685, 28.0116144]}}, {"type": "Feature", "properties": {"record_id": "453b04572721c9c7", "table": "hazard_watch", "location_raw": "तिरु क्षेत्र (Tiru area), उत्तरगया, रसुवा", "location_ne": "", "admin_level": "settlement", "district": "Rasuwa", "province": "Bagmati", "geo_basis": "text_explicit", "as_of": "2026-08-28", "as_of_basis": "article_date", "first_reported": "2026-08-28", "last_reported": "2026-08-28", "confidence": "medium", "confidence_note": "Local chair's appeal identifying landslide risk in Tiru area (name omitted from quote).", "density": "1", "effective_sources": "1", "independent_origins": "1", "origin": "media_own", "origin_note": "single outlet", "corroboration": "single_source", "evidence_quote": "पहिरोको उच्च जोखिममा रहेको तिरु क्षेत्रमा फसेका नागरिक तथा त्रिशुली नदी वारिपारि विच्छेद भएकाहरूको तत्काल उद्धार गर्न र राहत उपलब्ध गराउन", "evidence_quote_en": "...for the immediate rescue and provision of relief to citizens trapped in the Tiru area, which is at high risk of landslide, and those cut off on both sides of the Trishuli river...", "temporal_contamination_flag": "", "hazard": "landslide", "action": "none", "source_outlets": "Deshsanchar", "source_outlet_count": 1, "entity_key": "landslide|Rasuwa", "geo_resolution": "point", "geo_statement": "Matched \"उत्तरगया\" to a named OSM place in Rasuwa", "geo_match_name": "उत्तरगया", "geo_match_osm_id": "node/13242877440", "geo_anchor_id": null, "geo_anchor_name": null}, "geometry": {"type": "Point", "coordinates": [85.1951685, 28.0116144]}}, {"type": "Feature", "properties": {"record_id": "093eff19091de9c9", "table": "hazard_watch", "location_raw": "Lende River, 18km north of Rasuwagadhi", "location_ne": "", "admin_level": "settlement", "district": "Rasuwa", "province": "Bagmati", "geo_basis": "text_explicit", "as_of": "2026-08-28", "as_of_basis": "article_date", "first_reported": "2026-08-28", "last_reported": "2026-08-28", "confidence": "high", "confidence_note": "NDRRMA-verified satellite finding with explicit district/province.", "density": "1", "effective_sources": "1", "independent_origins": "1", "origin": "media_own", "origin_note": "single outlet", "corroboration": "single_source", "evidence_quote": "satellite imagery verified by Nepal's National Disaster Risk Reduction and Management Authority captured the flow of the Lende River blocked 18 kilometers north of the Rasuwagadhi border checkpoint in Bagmati Province", "evidence_quote_en": "", "temporal_contamination_flag": "", "hazard": "barrier_lake", "action": "monitoring", "source_outlets": "news.sbs.co.kr", "source_outlet_count": 1, "entity_key": "barrier_lake|Rasuwa", "geo_resolution": "district", "geo_statement": "Located to Rasuwa district only — the source names a place we could not resolve", "geo_match_name": null, "geo_match_osm_id": null, "geo_anchor_id": "79688334B50883418539268", "geo_anchor_name": "Rasuwa"}, "geometry": {"type": "Point", "coordinates": [85.43275923020244, 28.17010993431697]}}, {"type": "Feature", "properties": {"record_id": "bae5684059897dfa", "table": "hazard_watch", "location_raw": "Syafrubesi, Rasuwa", "location_ne": "", "admin_level": "settlement", "district": "Rasuwa", "province": "Bagmati", "geo_basis": "text_explicit", "as_of": "2026-08-28", "as_of_basis": "article_date", "first_reported": "2026-08-28", "last_reported": "2026-08-28", "confidence": "high", "confidence_note": "Attributed to the Flood Forecasting Division with a precise arrival time.", "density": "1", "effective_sources": "1", "independent_origins": "1", "origin": "media_own", "origin_note": "single outlet", "corroboration": "single_source", "evidence_quote": "the Bhotekoshi River flood arrived in Syafrubesi at 12:31 pm", "evidence_quote_en": "", "temporal_contamination_flag": "False", "hazard": "barrier_lake", "action": "none", "source_outlets": "OnlineKhabar English News", "source_outlet_count": 1, "entity_key": "barrier_lake|Rasuwa", "geo_resolution": "district", "geo_statement": "Located to Rasuwa district only — the source names a place we could not resolve", "geo_match_name": null, "geo_match_osm_id": null, "geo_anchor_id": "79688334B50883418539268", "geo_anchor_name": "Rasuwa"}, "geometry": {"type": "Point", "coordinates": [85.43275923020244, 28.17010993431697]}}, {"type": "Feature", "properties": {"record_id": "1f93bfc1b16025b0", "table": "hazard_watch", "location_raw": "Lhende Khola region, Rasuwa", "location_ne": "", "admin_level": "settlement", "district": "Rasuwa", "province": "Bagmati", "geo_basis": "text_explicit", "as_of": "2026-08-28", "as_of_basis": "article_date", "first_reported": "2026-08-28", "last_reported": "2026-08-28", "confidence": "high", "confidence_note": "Explicitly located in Nepal's Lhende Khola region by satellite analytics firm.", "density": "1", "effective_sources": "1", "independent_origins": "1", "origin": "media_own", "origin_note": "single outlet", "corroboration": "single_source", "evidence_quote": "Space analytics firm Suhora Technologies has said the lake is around 20.25 hectares in size in Nepal's high-altitude Lhende Khola region.", "evidence_quote_en": "", "temporal_contamination_flag": "", "hazard": "barrier_lake", "action": "monitoring", "source_outlets": "Firstpost", "source_outlet_count": 1, "entity_key": "barrier_lake|Rasuwa", "geo_resolution": "district", "geo_statement": "Located to Rasuwa district only — the source names a place we could not resolve", "geo_match_name": null, "geo_match_osm_id": null, "geo_anchor_id": "79688334B50883418539268", "geo_anchor_name": "Rasuwa"}, "geometry": {"type": "Point", "coordinates": [85.43275923020244, 28.17010993431697]}}, {"type": "Feature", "properties": {"record_id": "0ab115bf4699949d", "table": "hazard_watch", "location_raw": "रसुवाको भोटेकोशी बाढी प्रभावित क्षेत्र (Bhotekoshi flood-affected area, Rasuwa)", "location_ne": "", "admin_level": "district", "district": "Rasuwa", "province": "Bagmati", "geo_basis": "text_explicit", "as_of": "2026-08-29", "as_of_basis": "stated", "first_reported": "2026-08-28", "last_reported": "2026-08-30", "confidence": "high", "confidence_note": "DHM meteorologist statement, district explicitly named, dated \"today\".", "density": "34", "effective_sources": "34", "independent_origins": "34", "origin": "unattributed", "origin_note": "34 outlets, no reporting body named; independence not established", "corroboration": "independent", "evidence_quote": "महाशाखाका मौसमविद् हरिप्रसाद दाहालले रसुवाको भोटेकोशी बाढी प्रभावित क्षेत्रमा आज अधिकांश स्थानमा मध्यमसम्म वर्षा हुने सम्भावना रहेको जानकारी दिए । “एकदुई स्थानमा भारी वर्षा हुनसक्ने भएकाले खोज तथा उद्धार प्रभावित हुनसक्छ । त्यसैले सतर्कता आवश्यक छ,” उनले भने ।", "evidence_quote_en": "Meteorologist Hari Prasad Dahal of the division said moderate rain is expected today in most of the Bhotekoshi flood-affected area of Rasuwa. \"Heavy rain may occur in one or two places, which could affect search and rescue. So caution is needed,\" he said.", "temporal_contamination_flag": "", "hazard": "further_flooding", "action": "warning_issued", "source_outlets": "ABC NEWS NEPAL; myRepublica; Direct Relief; srpske.rs; DT Next; The Hindu; Fana News -; The Times of India; Rediff; Telangana Today; NepalNews; The Japan Times; Business Standard; India Today; Ratopati; The Daily Jagran; nepyork; The New Indian Express; Bernama; Onlinekhabar; Ujyaalo Online; Khabarhub; malaysiasun.com; ANI News; Sarkaritel.com; Epping Forest Guardian; Bhaskar English; NewsCord", "source_outlet_count": 34, "entity_key": "further_flooding|Rasuwa", "geo_resolution": "district", "geo_statement": "Located to Rasuwa district only", "geo_match_name": null, "geo_match_osm_id": null, "geo_anchor_id": "79688334B50883418539268", "geo_anchor_name": "Rasuwa"}, "geometry": {"type": "Point", "coordinates": [85.43275923020244, 28.17010993431697]}}, {"type": "Feature", "properties": {"record_id": "78aa20e058458706", "table": "hazard_watch", "location_raw": "Lhende River, about 18 km upstream from Rasuwagadhi border crossing", "location_ne": "", "admin_level": "settlement", "district": "Rasuwa", "province": "Bagmati", "geo_basis": "text_explicit", "as_of": "2026-08-29", "as_of_basis": "article_date", "first_reported": "2026-08-29", "last_reported": "2026-08-29", "confidence": "high", "confidence_note": "Specific river, distance and lake size given relative to a named border crossing.", "density": "1", "effective_sources": "1", "independent_origins": "1", "origin": "media_own", "origin_note": "single outlet", "corroboration": "single_source", "evidence_quote": "Preliminary satellite analysis indicates that the flow of the Lhende River has been blocked about 18 kilometers upstream from the Rasuwagadhi border crossing, creating a lake estimated at about 0.11 square kilometer.", "evidence_quote_en": "", "temporal_contamination_flag": "False", "hazard": "barrier_lake", "action": "warning_issued", "source_outlets": "nepyork", "source_outlet_count": 1, "entity_key": "barrier_lake|Rasuwa", "geo_resolution": "district", "geo_statement": "Located to Rasuwa district only — the source names a place we could not resolve", "geo_match_name": null, "geo_match_osm_id": null, "geo_anchor_id": "79688334B50883418539268", "geo_anchor_name": "Rasuwa"}, "geometry": {"type": "Point", "coordinates": [85.43275923020244, 28.17010993431697]}}, {"type": "Feature", "properties": {"record_id": "8305e9ad1e902027", "table": "hazard_watch", "location_raw": "Rasuwagadhi border crossing (Lhende River)", "location_ne": "", "admin_level": "settlement", "district": "Rasuwa", "province": "Bagmati", "geo_basis": "text_explicit", "as_of": "2026-08-29", "as_of_basis": "article_date", "first_reported": "2026-08-29", "last_reported": "2026-08-29", "confidence": "high", "confidence_note": "Specific named river and border crossing, warning attributed to NDRRMA.", "density": "1", "effective_sources": "1", "independent_origins": "1", "origin": "media_own", "origin_note": "single outlet", "corroboration": "single_source", "evidence_quote": "Satellite analysis showed a large new lake formed above the Rasuwagadhi border crossing due to the obstruction of the Lhende River, prompting an earlier warning from Kathmandu’s Disaster Risk Reduction and Management Authority.", "evidence_quote_en": "", "temporal_contamination_flag": "False", "hazard": "barrier_lake", "action": "warning_issued", "source_outlets": "Irish Independent", "source_outlet_count": 1, "entity_key": "barrier_lake|Rasuwa", "geo_resolution": "district", "geo_statement": "Located to Rasuwa district only — the source names a place we could not resolve", "geo_match_name": null, "geo_match_osm_id": null, "geo_anchor_id": "79688334B50883418539268", "geo_anchor_name": "Rasuwa"}, "geometry": {"type": "Point", "coordinates": [85.43275923020244, 28.17010993431697]}}, {"type": "Feature", "properties": {"record_id": "af4304216738bb77", "table": "hazard_watch", "location_raw": "Rasuwa", "location_ne": "", "admin_level": "district", "district": "Rasuwa", "province": "Bagmati", "geo_basis": "text_explicit", "as_of": "2026-08-30", "as_of_basis": "stated", "first_reported": "2026-08-28", "last_reported": "2026-08-30", "confidence": "high", "confidence_note": "Bhote Koshi rise explicitly located in Rasuwa.", "density": "10", "effective_sources": "10", "independent_origins": "10", "origin": "unattributed", "origin_note": "10 outlets, no reporting body named; independence not established", "corroboration": "independent", "evidence_quote": "The Sunkoshi crossed the alert level in Sindhuli, while the Bhote Koshi in Rasuwa rose sharply around 3 am before the water level began to decline.", "evidence_quote_en": "", "temporal_contamination_flag": "", "hazard": "further_flooding", "action": "monitoring", "source_outlets": "DT Next; International Business Times Australia; Baahrakhari; Helsinki Times; The Rising Nepal; Onlinekhabar; Ratopati; India Today; Gulf News", "source_outlet_count": 10, "entity_key": "further_flooding|Rasuwa", "geo_resolution": "district", "geo_statement": "Located to Rasuwa district only", "geo_match_name": null, "geo_match_osm_id": null, "geo_anchor_id": "79688334B50883418539268", "geo_anchor_name": "Rasuwa"}, "geometry": {"type": "Point", "coordinates": [85.43275923020244, 28.17010993431697]}}, {"type": "Feature", "properties": {"record_id": "ede571ba247fbf18", "table": "hazard_watch", "location_raw": "ल्हेन्दे खोला", "location_ne": "ल्हेन्दे खोला", "admin_level": "settlement", "district": "Rasuwa", "province": "Bagmati", "geo_basis": "text_explicit", "as_of": "2026-08-30", "as_of_basis": "stated", "first_reported": "2026-08-30", "last_reported": "2026-08-30", "confidence": "medium", "confidence_note": "Scientist assessment of reduced downstream risk; ties to same Lhende Khola/Rasuwa site as prior sentence.", "density": "1", "effective_sources": "1", "independent_origins": "1", "origin": "media_own", "origin_note": "single outlet", "corroboration": "single_source", "evidence_quote": "उहाँले भन्नुभयो, “दुईवटै ताल एकै पटक फुटेको भए तल्लो तटीय क्षेत्रमा फेरि पनि ठुलो बाढी आउने सम्भावना रहन्थ्यो तर फरक फरक समयमा तालको पानी फुटेकोले भोटेकोशीमा केही समय बाढी बढेपनि अब तालको पानी निकास भइसकेको र बाढीको मात्रा घट्न थालेको छ ।”", "evidence_quote_en": "He said: 'Had both lakes burst at the same time, there would have been a chance of another large flood downstream, but since the lake waters burst at different times, although flooding in Bhotekoshi increased for a while, the lake water has now drained and the flood volume has begun to decrease.'", "temporal_contamination_flag": "False", "hazard": "barrier_lake", "action": "monitoring", "source_outlets": "Gorkhapatra", "source_outlet_count": 1, "entity_key": "barrier_lake|Rasuwa", "geo_resolution": "district", "geo_statement": "Located to Rasuwa district only — the source names a place we could not resolve", "geo_match_name": null, "geo_match_osm_id": null, "geo_anchor_id": "79688334B50883418539268", "geo_anchor_name": "Rasuwa"}, "geometry": {"type": "Point", "coordinates": [85.43275923020244, 28.17010993431697]}}, {"type": "Feature", "properties": {"record_id": "ac4bd98919765e80", "table": "hazard_watch", "location_raw": "Nepal-China border area, Rasuwa", "location_ne": "", "admin_level": "district", "district": "Rasuwa", "province": "Bagmati", "geo_basis": "text_explicit", "as_of": "2026-08-30", "as_of_basis": "article_date", "first_reported": "2026-08-30", "last_reported": "2026-08-30", "confidence": "high", "confidence_note": "Ongoing agency monitoring statement.", "density": "1", "effective_sources": "1", "independent_origins": "1", "origin": "media_own", "origin_note": "single outlet", "corroboration": "single_source", "evidence_quote": "The division stated that it is conducting further studies on avalanches, glacial lakes, glaciers, and overall ice areas near the border.", "evidence_quote_en": "", "temporal_contamination_flag": "", "hazard": "landslide_dam", "action": "monitoring", "source_outlets": "Ratopati", "source_outlet_count": 1, "entity_key": "landslide_dam|Rasuwa", "geo_resolution": "district", "geo_statement": "Located to Rasuwa district only", "geo_match_name": null, "geo_match_osm_id": null, "geo_anchor_id": "79688334B50883418539268", "geo_anchor_name": "Rasuwa"}, "geometry": {"type": "Point", "coordinates": [85.43275923020244, 28.17010993431697]}}, {"type": "Feature", "properties": {"record_id": "18396ec4cf05521d", "table": "hazard_watch", "location_raw": "Dhunche, Rasuwa", "location_ne": "", "admin_level": "settlement", "district": "Rasuwa", "province": "Bagmati", "geo_basis": "text_explicit", "as_of": "2026-08-30", "as_of_basis": "stated", "first_reported": "2026-08-30", "last_reported": "2026-08-30", "confidence": "medium", "confidence_note": "Fresh renewed flooding on the article's publish date, distinct from the original Aug 26 event.", "density": "1", "effective_sources": "1", "independent_origins": "1", "origin": "media_own", "origin_note": "single outlet", "corroboration": "single_source", "evidence_quote": "The flood hit at approximately 3:30 am with a deafening roar, causing residents of Dhunche, who live above the riverbank, to seek shelter in the upper hospital area and the local playground.", "evidence_quote_en": "", "temporal_contamination_flag": "False", "hazard": "further_flooding", "action": "monitoring", "source_outlets": "Nepal News", "source_outlet_count": 1, "entity_key": "further_flooding|Rasuwa", "geo_resolution": "point", "geo_statement": "Matched \"Dhunche\" to a named OSM place in Rasuwa", "geo_match_name": "धुन्चे", "geo_match_osm_id": "node/10315965426", "geo_anchor_id": null, "geo_anchor_name": null}, "geometry": {"type": "Point", "coordinates": [85.2960583, 28.1127948]}}, {"type": "Feature", "properties": {"record_id": "77c922eaf111704e", "table": "hazard_watch", "location_raw": "west of Langtang", "location_ne": "", "admin_level": "settlement", "district": "Rasuwa", "province": "Bagmati", "geo_basis": "text_explicit", "as_of": "2026-08-30", "as_of_basis": "article_date", "first_reported": "2026-08-30", "last_reported": "2026-08-30", "confidence": "low", "confidence_note": "ICIMOD scientist describing satellite imagery; exact district not stated in this passage though area is west of Langtang. [no date in text; fell back to publication date]", "density": "1", "effective_sources": "1", "independent_origins": "1", "origin": "media_own", "origin_note": "single outlet", "corroboration": "single_source", "evidence_quote": "Images also show a 0.25-sq-km lake has formed in the area of glacier detachment, and part of it may have already burst.", "evidence_quote_en": "", "temporal_contamination_flag": "False", "hazard": "barrier_lake", "action": "monitoring", "source_outlets": "The Times of India", "source_outlet_count": 1, "entity_key": "barrier_lake|Rasuwa", "geo_resolution": "district", "geo_statement": "Located to Rasuwa district only — the source names a place we could not resolve", "geo_match_name": null, "geo_match_osm_id": null, "geo_anchor_id": "79688334B50883418539268", "geo_anchor_name": "Rasuwa"}, "geometry": {"type": "Point", "coordinates": [85.43275923020244, 28.17010993431697]}}, {"type": "Feature", "properties": {"record_id": "8038d7bc7029c990", "table": "hazard_watch", "location_raw": "Betrawati / Jibjibe, Kalika Rural Municipality-5, Rasuwa", "location_ne": "", "admin_level": "settlement", "district": "Rasuwa", "province": "Bagmati", "geo_basis": "text_explicit", "as_of": "2026-08-30", "as_of_basis": "stated", "first_reported": "2026-08-30", "last_reported": "2026-08-30", "confidence": "high", "confidence_note": "Specific ward and settlement named.", "density": "1", "effective_sources": "1", "independent_origins": "1", "origin": "media_own", "origin_note": "single outlet", "corroboration": "single_source", "evidence_quote": "Local residents have become frightened as a loud noise started coming from the river in the Betrawati area of the Bhote Koshi. According to Sharada Devkota Dhungel, a local from Kalika Rural Municipality 5, Jibjibe, Rasuwa, the river has been gurgling unusually since 4:15 AM, and after receiving a warning message from the Flood Forecasting Section on her mobile, a situation of panic and chaos has arisen among the locals.", "evidence_quote_en": "", "temporal_contamination_flag": "False", "hazard": "further_flooding", "action": "warning_issued", "source_outlets": "Ratopati", "source_outlet_count": 1, "entity_key": "further_flooding|Rasuwa", "geo_resolution": "point", "geo_statement": "Matched \"Betrawati\" to a named OSM place in Rasuwa", "geo_match_name": "बेत्रावती", "geo_match_osm_id": "node/268864226", "geo_anchor_id": null, "geo_anchor_name": null}, "geometry": {"type": "Point", "coordinates": [85.1859528, 27.9731085]}}, {"type": "Feature", "properties": {"record_id": "b6da5d1a69c61f99", "table": "hazard_watch", "location_raw": "सुनकोशी नदी, खुर्कोट, सिन्धुली", "location_ne": "सुनकोशी नदी, खुर्कोट, सिन्धुली", "admin_level": "settlement", "district": "Sindhuli", "province": "Bagmati", "geo_basis": "text_explicit", "as_of": "2026-08-30", "as_of_basis": "inferred_from_text", "first_reported": "2026-08-30", "last_reported": "2026-08-30", "confidence": "high", "confidence_note": "Settlement (Khurkot) and district (Sindhuli) explicitly named for this gauge station.", "density": "1", "effective_sources": "1", "independent_origins": "1", "origin": "media_own", "origin_note": "single outlet", "corroboration": "single_source", "evidence_quote": "यस्तै, सुनकोशी नदी खुर्कोट सिन्धुली जलमापनन केन्द्रमा पनि जलसतहले सतर्कता तह पार गरेको महाशाखाले जनाएको छ ।", "evidence_quote_en": "Similarly, the Division stated that the water level at the Sunkoshi river's Khurkot, Sindhuli gauge station has also crossed the alert level.", "temporal_contamination_flag": "", "hazard": "further_flooding", "action": "monitoring", "source_outlets": "Onlinekhabar", "source_outlet_count": 1, "entity_key": "further_flooding|Sindhuli", "geo_resolution": "district", "geo_statement": "Located to Sindhuli district only — the source names a place we could not resolve", "geo_match_name": null, "geo_match_osm_id": null, "geo_anchor_id": "79688334B98864242576983", "geo_anchor_name": "Sindhuli"}, "geometry": {"type": "Point", "coordinates": [86.08651134116971, 27.172876296579034]}}, {"type": "Feature", "properties": {"record_id": "31e8eb2ad27c12f6", "table": "hazard_watch", "location_raw": "Khurkot, Sunkoshi River, Sindhuli", "location_ne": "", "admin_level": "settlement", "district": "Sindhuli", "province": "Bagmati", "geo_basis": "text_explicit", "as_of": "2026-08-30", "as_of_basis": "article_date", "first_reported": "2026-08-30", "last_reported": "2026-08-30", "confidence": "high", "confidence_note": "Distinct river system from Bhotekoshi/Trishuli, still Nepal monsoon-wide monitoring.", "density": "1", "effective_sources": "1", "independent_origins": "1", "origin": "media_own", "origin_note": "single outlet", "corroboration": "single_source", "evidence_quote": "Meanwhile, the water level at the Khurkot hydrological station on the Sunkoshi River in Sindhuli has also crossed the alert level, according to the Flood Forecasting Division.", "evidence_quote_en": "", "temporal_contamination_flag": "", "hazard": "further_flooding", "action": "monitoring", "source_outlets": "OnlineKhabar English News", "source_outlet_count": 1, "entity_key": "further_flooding|Sindhuli", "geo_resolution": "district", "geo_statement": "Located to Sindhuli district only — the source names a place we could not resolve", "geo_match_name": null, "geo_match_osm_id": null, "geo_anchor_id": "79688334B98864242576983", "geo_anchor_name": "Sindhuli"}, "geometry": {"type": "Point", "coordinates": [86.08651134116971, 27.172876296579034]}}, {"type": "Feature", "properties": {"record_id": "d2cd8f7266f3d189", "table": "hazard_watch", "location_raw": "Sindhuli", "location_ne": "", "admin_level": "district", "district": "Sindhuli", "province": "Bagmati", "geo_basis": "text_explicit", "as_of": "2026-08-30", "as_of_basis": "stated", "first_reported": "2026-08-30", "last_reported": "2026-08-30", "confidence": "high", "confidence_note": "District explicitly named for Sunkoshi alert-level crossing.", "density": "1", "effective_sources": "1", "independent_origins": "1", "origin": "media_own", "origin_note": "single outlet", "corroboration": "single_source", "evidence_quote": "The Sunkoshi crossed the alert level in Sindhuli, while the Bhote Koshi in Rasuwa rose sharply around 3 am before the water level began to decline.", "evidence_quote_en": "", "temporal_contamination_flag": "", "hazard": "further_flooding", "action": "monitoring", "source_outlets": "India Today", "source_outlet_count": 1, "entity_key": "further_flooding|Sindhuli", "geo_resolution": "district", "geo_statement": "Located to Sindhuli district only", "geo_match_name": null, "geo_match_osm_id": null, "geo_anchor_id": "79688334B98864242576983", "geo_anchor_name": "Sindhuli"}, "geometry": {"type": "Point", "coordinates": [86.08651134116971, 27.172876296579034]}}, {"type": "Feature", "properties": {"record_id": "abbb529bab473724", "table": "hazard_watch", "location_raw": "Khurkot, Sindhuli (Sunkoshi River)", "location_ne": "", "admin_level": "settlement", "district": "Sindhuli", "province": "Bagmati", "geo_basis": "text_explicit", "as_of": "2026-08-30", "as_of_basis": "article_date", "first_reported": "2026-08-30", "last_reported": "2026-08-30", "confidence": "high", "confidence_note": "Station and district named directly.", "density": "1", "effective_sources": "1", "independent_origins": "1", "origin": "media_own", "origin_note": "single outlet", "corroboration": "single_source", "evidence_quote": "यस्तै, सुनकोशी नदी खुर्कोट सिन्धुली जलमापनन केन्द्रमा पनि जलसतहले सतर्कता तह पार गरेको महाशाखाले जनाएको छ । यहाँ पनि नदी तटीय क्षेत्रका बासिन्दाहरु सतर्क रहन अनुरोध गरिएको छ ।", "evidence_quote_en": "Similarly, the water level at the Sunkoshi River's Khurkot hydrological station in Sindhuli has also crossed the alert level; residents along the riverbank there are also requested to remain alert.", "temporal_contamination_flag": "False", "hazard": "further_flooding", "action": "warning_issued", "source_outlets": "Onlinekhabar", "source_outlet_count": 1, "entity_key": "further_flooding|Sindhuli", "geo_resolution": "district", "geo_statement": "Located to Sindhuli district only — the source names a place we could not resolve", "geo_match_name": null, "geo_match_osm_id": null, "geo_anchor_id": "79688334B98864242576983", "geo_anchor_name": "Sindhuli"}, "geometry": {"type": "Point", "coordinates": [86.08651134116971, 27.172876296579034]}}, {"type": "Feature", "properties": {"record_id": "7d396334de5bbbfd", "table": "hazard_watch", "location_raw": "Sunkoshi River, Khurkot, Sindhuli", "location_ne": "", "admin_level": "settlement", "district": "Sindhuli", "province": "Bagmati", "geo_basis": "text_explicit", "as_of": "2026-08-30", "as_of_basis": "article_date", "first_reported": "2026-08-30", "last_reported": "2026-08-30", "confidence": "high", "confidence_note": "Station and district named directly.", "density": "1", "effective_sources": "1", "independent_origins": "1", "origin": "media_own", "origin_note": "single outlet", "corroboration": "single_source", "evidence_quote": "Meanwhile, the water level in the Sunkoshi River at the Khurkot hydrological station in Sindhuli has also crossed the alert level.", "evidence_quote_en": "", "temporal_contamination_flag": "False", "hazard": "further_flooding", "action": "warning_issued", "source_outlets": "OnlineKhabar English News", "source_outlet_count": 1, "entity_key": "further_flooding|Sindhuli", "geo_resolution": "district", "geo_statement": "Located to Sindhuli district only — the source names a place we could not resolve", "geo_match_name": null, "geo_match_osm_id": null, "geo_anchor_id": "79688334B98864242576983", "geo_anchor_name": "Sindhuli"}, "geometry": {"type": "Point", "coordinates": [86.08651134116971, 27.172876296579034]}}, {"type": "Feature", "properties": {"record_id": "256599472e13307a", "table": "hazard_watch", "location_raw": "तनहुँ", "location_ne": "तनहुँ", "admin_level": "district", "district": "Tanahun", "province": "Gandaki", "geo_basis": "text_explicit", "as_of": "2026-08-30", "as_of_basis": "stated", "first_reported": "2026-08-30", "last_reported": "2026-08-30", "confidence": "medium", "confidence_note": "Tanahun named directly in the Flood Forecasting Division's at-risk district list; included for consistency with Dhading, since Tanahun is also a body-count district for this event per other articles in the shard.", "density": "1", "effective_sources": "1", "independent_origins": "1", "origin": "media_own", "origin_note": "single outlet", "corroboration": "single_source", "evidence_quote": "गोरखा, लमजुङ, तनहुँ, स्याङ्जा, कास्की, पर्वत, म्याग्दी, बागलुङ, गुल्मी र बर्दिया तथा कैलाली, दार्चुला, बैतडी, डडेल्धुरा र कञ्चनपुर पनि बाढीको जोखिममा रहेका महाशाखाले जनाएको छ।", "evidence_quote_en": "Gorkha, Lamjung, Tanahun, Syangja, Kaski, Parbat, Myagdi, Baglung, Gulmi and Bardiya, and Kailali, Darchula, Baitadi, Dadeldhura and Kanchanpur are also at flood risk, the Division said.", "temporal_contamination_flag": "False", "hazard": "further_flooding", "action": "warning_issued", "source_outlets": "Ujyaalo Online", "source_outlet_count": 1, "entity_key": "further_flooding|Tanahun", "geo_resolution": "district", "geo_statement": "Located to Tanahu district only", "geo_match_name": null, "geo_match_osm_id": null, "geo_anchor_id": "79688334B55235398820876", "geo_anchor_name": "Tanahu"}, "geometry": {"type": "Point", "coordinates": [84.20649035780602, 27.96895687741744]}}]}