{"type": "FeatureCollection", "features": [{"type": "Feature", "properties": {"record_id": "3a9443594b7bfcf2", "table": "access", "location_raw": "hardest-hit communities in Rasuwa, Nuwakot and Dhading districts", "location_ne": "", "admin_level": "district", "district": "", "province": "Bagmati", "geo_basis": "text_adjacent", "as_of": "2026-08-27", "as_of_basis": "article_date", "first_reported": "2026-08-27", "last_reported": "2026-08-27", "confidence": "medium", "confidence_note": "No specific route/segment named; three affected districts established in preceding sentence.", "density": "1", "effective_sources": "1", "independent_origins": "1", "origin": "media_own", "origin_note": "single outlet", "corroboration": "single_source", "evidence_quote": "disrupted communications and blocked access routes are making it difficult to reach some of the hardest-hit communities.", "evidence_quote_en": "", "temporal_contamination_flag": "", "segment_from": "", "segment_to": "", "mode": "road", "passability": "blocked", "source_outlets": "UNICEF Australia", "source_outlet_count": 1, "entity_key": "hardest-hit communities in Rasuwa, Nuwakot and Dhading districts||road", "geo_resolution": "province", "geo_statement": "Located to Bagmati province only — the source names no district", "geo_match_name": null, "geo_match_osm_id": null, "geo_anchor_id": "38925275B1624743257395", "geo_anchor_name": "Bagmati"}, "geometry": {"type": "Point", "coordinates": [85.39309228206186, 27.652735693974222]}}, {"type": "Feature", "properties": {"record_id": "f6b79abe4de81cdb", "table": "access", "location_raw": "गल्छी–विदुर–त्रिशूली सडकखण्ड", "location_ne": "", "admin_level": "district", "district": "", "province": "Bagmati", "geo_basis": "text_adjacent", "as_of": "2026-08-27", "as_of_basis": "stated", "first_reported": "2026-08-28", "last_reported": "2026-08-28", "confidence": "low", "confidence_note": "Segment spans Dhading and Nuwakot; single district not distinguished.", "density": "1", "effective_sources": "1", "independent_origins": "1", "origin": "media_own", "origin_note": "single outlet", "corroboration": "single_source", "evidence_quote": "गल्छी–विदुर–त्रिशूली तथा बैरेनी–मुग्लिन सडकखण्डमा अवरोध हटाउन उपकरण परिचालन गरिएको छ ।", "evidence_quote_en": "", "temporal_contamination_flag": "False", "segment_from": "गल्छी", "segment_to": "त्रिशूली", "mode": "road", "passability": "blocked", "source_outlets": "Deshsanchar", "source_outlet_count": 1, "entity_key": "गल्छी|त्रिशूली|road", "geo_resolution": "province", "geo_statement": "Located to Bagmati province only — the source names no district", "geo_match_name": null, "geo_match_osm_id": null, "geo_anchor_id": "38925275B1624743257395", "geo_anchor_name": "Bagmati"}, "geometry": {"type": "Point", "coordinates": [85.39309228206186, 27.652735693974222]}}, {"type": "Feature", "properties": {"record_id": "167796dcf5bc8442", "table": "access", "location_raw": "बैरेनी–मुग्लिन सडकखण्ड", "location_ne": "", "admin_level": "district", "district": "", "province": "Bagmati", "geo_basis": "text_adjacent", "as_of": "2026-08-27", "as_of_basis": "stated", "first_reported": "2026-08-28", "last_reported": "2026-08-28", "confidence": "low", "confidence_note": "Baireni is in Dhading, Mugling on the Chitwan side; single district not distinguished.", "density": "1", "effective_sources": "1", "independent_origins": "1", "origin": "media_own", "origin_note": "single outlet", "corroboration": "single_source", "evidence_quote": "गल्छी–विदुर–त्रिशूली तथा बैरेनी–मुग्लिन सडकखण्डमा अवरोध हटाउन उपकरण परिचालन गरिएको छ ।", "evidence_quote_en": "", "temporal_contamination_flag": "False", "segment_from": "बैरेनी", "segment_to": "मुग्लिन", "mode": "road", "passability": "blocked", "source_outlets": "Deshsanchar", "source_outlet_count": 1, "entity_key": "बैरेनी|मुग्लिन|road", "geo_resolution": "province", "geo_statement": "Located to Bagmati province only — the source names no district", "geo_match_name": null, "geo_match_osm_id": null, "geo_anchor_id": "38925275B1624743257395", "geo_anchor_name": "Bagmati"}, "geometry": {"type": "Point", "coordinates": [85.39309228206186, 27.652735693974222]}}, {"type": "Feature", "properties": {"record_id": "843fac3f050b3e4e", "table": "access", "location_raw": "Galchi to Trishuli road", "location_ne": "", "admin_level": "district", "district": "", "province": "Bagmati", "geo_basis": "text_explicit", "as_of": "2026-08-27", "as_of_basis": "inferred_from_text", "first_reported": "2026-08-28", "last_reported": "2026-08-28", "confidence": "medium", "confidence_note": "Galchi is in Dhading, Trishuli town in Nuwakot; district left blank.", "density": "3", "effective_sources": "3", "independent_origins": "3", "origin": "unattributed", "origin_note": "3 outlets, no reporting body named; independence not established", "corroboration": "independent", "evidence_quote": "about 10 kilometers of the road from Galchi to Trishuli is also closed", "evidence_quote_en": "", "temporal_contamination_flag": "False", "segment_from": "Galchi", "segment_to": "Trishuli", "mode": "road", "passability": "blocked", "source_outlets": "The Statesman; Deccan Chronicle; Deshsanchar", "source_outlet_count": 3, "entity_key": "Galchi|Trishuli|road", "geo_resolution": "province", "geo_statement": "Located to Bagmati province only — the source names no district", "geo_match_name": null, "geo_match_osm_id": null, "geo_anchor_id": "38925275B1624743257395", "geo_anchor_name": "Bagmati"}, "geometry": {"type": "Point", "coordinates": [85.39309228206186, 27.652735693974222]}}, {"type": "Feature", "properties": {"record_id": "a851b901bbdda2e7", "table": "access", "location_raw": "Prithvi Highway", "location_ne": "", "admin_level": "district", "district": "", "province": "Bagmati", "geo_basis": "text_explicit", "as_of": "2026-08-27", "as_of_basis": "inferred_from_text", "first_reported": "2026-08-28", "last_reported": "2026-08-28", "confidence": "medium", "confidence_note": "Prithvi Highway spans multiple districts; covered in debris but not fully destroyed.", "density": "1", "effective_sources": "1", "independent_origins": "1", "origin": "media_own", "origin_note": "single outlet", "corroboration": "single_source", "evidence_quote": "around 13 kilometers of the Prithvi Highway are covered in debris", "evidence_quote_en": "", "temporal_contamination_flag": "False", "segment_from": "", "segment_to": "", "mode": "road", "passability": "partial", "source_outlets": "Deshsanchar", "source_outlet_count": 1, "entity_key": "Prithvi Highway||road", "geo_resolution": "district", "geo_statement": "District recovered as Nuwakot by locating \"Prithvi Highway\"; anchored to the district, not the site", "geo_match_name": null, "geo_match_osm_id": null, "geo_anchor_id": "79688334B17077666187877", "geo_anchor_name": "Nuwakot"}, "geometry": {"type": "Point", "coordinates": [85.20729652963067, 27.936643231647253]}}, {"type": "Feature", "properties": {"record_id": "f5e5d8152c1154c5", "table": "access", "location_raw": "Muglin-Galchhi section, Prithvi highway", "location_ne": "", "admin_level": "province", "district": "", "province": "Bagmati", "geo_basis": "text_explicit", "as_of": "2026-08-28", "as_of_basis": "stated", "first_reported": "2026-08-28", "last_reported": "2026-08-31", "confidence": "low", "confidence_note": "Segment spans the Chitwan-Dhading area; single district not given.", "density": "2", "effective_sources": "2", "independent_origins": "2", "origin": "unattributed", "origin_note": "2 outlets, no reporting body named; independence not established", "corroboration": "independent", "evidence_quote": "According to Police Headquarters, Muglin-Galchhi section, Muglin-Narayangadh sections under Prithvi highway, Mechi highway, Rukum Paschim Bheri Corridor, Pasang Lhamu and Martyr highway of Rolpa have been obstructed.", "evidence_quote_en": "", "temporal_contamination_flag": "False", "segment_from": "", "segment_to": "", "mode": "road", "passability": "blocked", "source_outlets": "The Rising Nepal; Ratopati", "source_outlet_count": 2, "entity_key": "Muglin-Galchhi section, Prithvi highway||road", "geo_resolution": "district", "geo_statement": "District recovered as Nuwakot by locating \"Prithvi highway\"; anchored to the district, not the site", "geo_match_name": null, "geo_match_osm_id": null, "geo_anchor_id": "79688334B17077666187877", "geo_anchor_name": "Nuwakot"}, "geometry": {"type": "Point", "coordinates": [85.20729652963067, 27.936643231647253]}}, {"type": "Feature", "properties": {"record_id": "138d96bbf94eb90d", "table": "access", "location_raw": "Galchhi-Trishuli section", "location_ne": "", "admin_level": "province", "district": "", "province": "Bagmati", "geo_basis": "text_explicit", "as_of": "2026-08-28", "as_of_basis": "article_date", "first_reported": "2026-08-27", "last_reported": "2026-08-28", "confidence": "low", "confidence_note": "Segment spans the Dhading-Nuwakot boundary area; exact single district not given. The \"10 km\" figure is in the quote text (access table has no capacity/unit field).", "density": "5", "effective_sources": "5", "independent_origins": "5", "origin": "unattributed", "origin_note": "5 outlets, no reporting body named; independence not established", "corroboration": "independent", "evidence_quote": "The disaster has completely snapped the essential Betrawati–Mailung–Syabrubesi–Rasuwagadhi stretch, while a 10 km section between Galchhi and Trishuli remains blocked.", "evidence_quote_en": "", "temporal_contamination_flag": "False", "segment_from": "Galchhi", "segment_to": "Trishuli", "mode": "road", "passability": "blocked", "source_outlets": "Khabarhub; Adarsha Samaj; Nepal News; Arghakhanchi", "source_outlet_count": 5, "entity_key": "Galchhi|Trishuli|road", "geo_resolution": "province", "geo_statement": "Located to Bagmati province only — the source names no district", "geo_match_name": null, "geo_match_osm_id": null, "geo_anchor_id": "38925275B1624743257395", "geo_anchor_name": "Bagmati"}, "geometry": {"type": "Point", "coordinates": [85.39309228206186, 27.652735693974222]}}, {"type": "Feature", "properties": {"record_id": "4d404079f9ab81b4", "table": "access", "location_raw": "area across the Trishuli (त्रिशूली पारिको क्षेत्र)", "location_ne": "", "admin_level": "settlement", "district": "", "province": "Bagmati", "geo_basis": "text_explicit", "as_of": "2026-08-28", "as_of_basis": "article_date", "first_reported": "2026-08-28", "last_reported": "2026-08-28", "confidence": "medium", "confidence_note": "Area named as \"across the Trishuli\" without a specific district; province inferred from the disaster corridor context.", "density": "1", "effective_sources": "1", "independent_origins": "1", "origin": "media_own", "origin_note": "single outlet", "corroboration": "single_source", "evidence_quote": "‘नेपाली सेनासँग स्थानीय प्रशासन र जनप्रतिनिधिहरूको सहज पहुँच स्थापित हुन सकेको देखिँदैन’, पोखरेलले भनेका छन्, ‘त्रिशूली पारिको क्षेत्रमा पुग्ने लाइफलाइन पूर्णतः विच्छेद भएको छ र अहिलेसम्म जोड्न सकिएको छैन । जसका कारण ती क्षेत्रहरूमा स्वयंसेवक र राहत सामग्री पुग्न सकेका छैनन् ।", "evidence_quote_en": "The lifeline reaching the area across the Trishuli has been completely severed and has not yet been reconnected, due to which volunteers and relief materials have been unable to reach those areas.", "temporal_contamination_flag": "", "segment_from": "", "segment_to": "", "mode": "road", "passability": "blocked", "source_outlets": "Ratopati", "source_outlet_count": 1, "entity_key": "area across the Trishuli (त्रिशूली पारिको क्षेत्र)||road", "geo_resolution": "province", "geo_statement": "Located to Bagmati province only — the source names no district", "geo_match_name": null, "geo_match_osm_id": null, "geo_anchor_id": "38925275B1624743257395", "geo_anchor_name": "Bagmati"}, "geometry": {"type": "Point", "coordinates": [85.39309228206186, 27.652735693974222]}}, {"type": "Feature", "properties": {"record_id": "e96b035c9c256d1a", "table": "access", "location_raw": "BP Highway, Khurkot–Nepalthok–Katunjebesi", "location_ne": "", "admin_level": "province", "district": "", "province": "Bagmati", "geo_basis": "text_explicit", "as_of": "2026-08-28", "as_of_basis": "article_date", "first_reported": "2026-08-28", "last_reported": "2026-08-29", "confidence": "medium", "confidence_note": "Nighttime travel ban; province-level route in Bagmati Province.", "density": "2", "effective_sources": "2", "independent_origins": "2", "origin": "unattributed", "origin_note": "2 outlets, no reporting body named; independence not established", "corroboration": "independent", "evidence_quote": "On the BP Highway (Khurkot–Nepalthok–Katunjebesi stretch), vehicle movement is banned daily from 6:00 PM to 4:00 AM, with limited daytime operation subject to weather conditions.", "evidence_quote_en": "", "temporal_contamination_flag": "False", "segment_from": "Khurkot", "segment_to": "Katunjebesi", "mode": "road", "passability": "partial", "source_outlets": "Nepal News", "source_outlet_count": 2, "entity_key": "Khurkot|Katunjebesi|road", "geo_resolution": "district", "geo_statement": "District recovered as Sindhupalchok by locating \"BP Highway\"; anchored to the district, not the site", "geo_match_name": null, "geo_match_osm_id": null, "geo_anchor_id": "79688334B45086844065391", "geo_anchor_name": "Sindhupalchok"}, "geometry": {"type": "Point", "coordinates": [85.72157873296592, 27.889285609515667]}}, {"type": "Feature", "properties": {"record_id": "17c0a5845d7cbab7", "table": "access", "location_raw": "Mechi highway", "location_ne": "", "admin_level": "province", "district": "", "province": "Koshi", "geo_basis": "text_explicit", "as_of": "2026-08-28", "as_of_basis": "stated", "first_reported": "2026-08-28", "last_reported": "2026-08-28", "confidence": "low", "confidence_note": "Mechi highway spans several Koshi Province districts; no single district named.", "density": "1", "effective_sources": "1", "independent_origins": "1", "origin": "media_own", "origin_note": "single outlet", "corroboration": "single_source", "evidence_quote": "According to Police Headquarters, Muglin-Galchhi section, Muglin-Narayangadh sections under Prithvi highway, Mechi highway, Rukum Paschim Bheri Corridor, Pasang Lhamu and Martyr highway of Rolpa have been obstructed.", "evidence_quote_en": "", "temporal_contamination_flag": "False", "segment_from": "", "segment_to": "", "mode": "road", "passability": "blocked", "source_outlets": "The Rising Nepal", "source_outlet_count": 1, "entity_key": "Mechi highway||road", "geo_resolution": "province", "geo_statement": "Located to Madhesh province only — the source names no district", "geo_match_name": null, "geo_match_osm_id": null, "geo_anchor_id": "38925275B32852473043531", "geo_anchor_name": "Madhesh"}, "geometry": {"type": "Point", "coordinates": [85.60773075485221, 26.942755597694998]}}, {"type": "Feature", "properties": {"record_id": "6b8652b38dd4b846", "table": "access", "location_raw": "Galchhi-Trishuli-Mailung-Syaphrubesi-Rasuwagadhi road", "location_ne": "", "admin_level": "district", "district": "", "province": "Bagmati", "geo_basis": "text_explicit", "as_of": "2026-08-29", "as_of_basis": "stated", "first_reported": "2026-08-29", "last_reported": "2026-08-29", "confidence": "high", "confidence_note": "Road spans Dhading/Nuwakot/Rasuwa; district left blank.", "density": "1", "effective_sources": "1", "independent_origins": "1", "origin": "media_own", "origin_note": "single outlet", "corroboration": "single_source", "evidence_quote": "यातायातका पूर्वाधारतर्फ १५ वटा पक्की पुल र ९ वटा झोलुङ्गे पुलमा क्षति पुगेको छ, जसका कारण गल्छी–त्रिशूली–मैलुङ–स्याफ्रुबेसी–रसुवागढी सडक खण्ड पूर्ण रूपमा अवरुद्ध भएको छ", "evidence_quote_en": "On transport infrastructure, 15 concrete bridges and 9 suspension bridges were damaged, due to which the Galchhi-Trishuli-Mailung-Syaphrubesi-Rasuwagadhi road section is completely blocked.", "temporal_contamination_flag": "", "segment_from": "Galchhi", "segment_to": "Rasuwagadhi", "mode": "road", "passability": "blocked", "source_outlets": "Ratopati", "source_outlet_count": 1, "entity_key": "Galchhi|Rasuwagadhi|road", "geo_resolution": "province", "geo_statement": "Located to Bagmati province only — the source names no district", "geo_match_name": null, "geo_match_osm_id": null, "geo_anchor_id": "38925275B1624743257395", "geo_anchor_name": "Bagmati"}, "geometry": {"type": "Point", "coordinates": [85.39309228206186, 27.652735693974222]}}, {"type": "Feature", "properties": {"record_id": "7eea5f8e5c69c241", "table": "access", "location_raw": "गल्छी-त्रिशूली-मैलुङ-स्याफ्रुबेँसी-रसुवागढी सडक खण्ड", "location_ne": "", "admin_level": "district", "district": "", "province": "Bagmati", "geo_basis": "text_explicit", "as_of": "2026-08-29", "as_of_basis": "article_date", "first_reported": "2026-08-29", "last_reported": "2026-08-29", "confidence": "high", "confidence_note": "Road section stated as fully blocked due to bridge damage.", "density": "1", "effective_sources": "1", "independent_origins": "1", "origin": "media_own", "origin_note": "single outlet", "corroboration": "single_source", "evidence_quote": "यातायात क्षेत्रमा १५ वटा पक्की पुल र ९ वटा झोलुङ्गे पुलमा क्षति पुग्दा गल्छी-त्रिशूली-मैलुङ-स्याफ्रुबेँसी-रसुवागढी सडक खण्ड पूर्ण रूपमा अवरुद्ध भएको छ।", "evidence_quote_en": "In the transport sector, 15 concrete bridges and 9 suspension bridges were damaged, fully blocking the Galchhi-Trishuli-Mailung-Syafrubesi-Rasuwagadhi road section.", "temporal_contamination_flag": "False", "segment_from": "गल्छी", "segment_to": "रसुवागढी", "mode": "road", "passability": "blocked", "source_outlets": "Deshsanchar", "source_outlet_count": 1, "entity_key": "गल्छी|रसुवागढी|road", "geo_resolution": "province", "geo_statement": "Located to Bagmati province only — the source names no district", "geo_match_name": null, "geo_match_osm_id": null, "geo_anchor_id": "38925275B1624743257395", "geo_anchor_name": "Bagmati"}, "geometry": {"type": "Point", "coordinates": [85.39309228206186, 27.652735693974222]}}, {"type": "Feature", "properties": {"record_id": "bdf0280a5da816bd", "table": "access", "location_raw": "माथिल्लो त्रिशूली-३ 'ए' जलविद्युत् आयोजना क्षेत्र", "location_ne": "", "admin_level": "settlement", "district": "", "province": "Bagmati", "geo_basis": "text_explicit", "as_of": "2026-08-30", "as_of_basis": "article_date", "first_reported": "2026-08-30", "last_reported": "2026-08-30", "confidence": "medium", "confidence_note": "Project explicitly named; specific district not stated in this article.", "density": "1", "effective_sources": "1", "independent_origins": "1", "origin": "media_own", "origin_note": "single outlet", "corroboration": "single_source", "evidence_quote": "बाढीका कारण सडक पहुँचसमेत अवरुद्ध भएकाले उद्धार तथा व्यवस्थापन कार्यमा थप चुनौती देखिएको छ ।", "evidence_quote_en": "Because road access has also been blocked due to the flood, rescue and management work faces further challenges.", "temporal_contamination_flag": "False", "segment_from": "", "segment_to": "", "mode": "road", "passability": "blocked", "source_outlets": "Gorkhapatra", "source_outlet_count": 1, "entity_key": "माथिल्लो त्रिशूली-३ 'ए' जलविद्युत् आयोजना क्षेत्र||road", "geo_resolution": "province", "geo_statement": "Located to Bagmati province only — the source names no district", "geo_match_name": null, "geo_match_osm_id": null, "geo_anchor_id": "38925275B1624743257395", "geo_anchor_name": "Bagmati"}, "geometry": {"type": "Point", "coordinates": [85.39309228206186, 27.652735693974222]}}, {"type": "Feature", "properties": {"record_id": "b6e9d0516fe6894f", "table": "access", "location_raw": "Rasuwa and Nuwakot districts", "location_ne": "", "admin_level": "district", "district": "", "province": "Bagmati", "geo_basis": "text_explicit", "as_of": "2026-08-30", "as_of_basis": "article_date", "first_reported": "2026-08-30", "last_reported": "2026-08-30", "confidence": "medium", "confidence_note": "General statement across both districts, no specific segment named.", "density": "1", "effective_sources": "1", "independent_origins": "1", "origin": "media_own", "origin_note": "single outlet", "corroboration": "single_source", "evidence_quote": "Roads and bridges have been swept away, completely severing transportation links.", "evidence_quote_en": "", "temporal_contamination_flag": "False", "segment_from": "", "segment_to": "", "mode": "road", "passability": "blocked", "source_outlets": "NepalNews", "source_outlet_count": 1, "entity_key": "Rasuwa and Nuwakot districts||road", "geo_resolution": "province", "geo_statement": "Located to Bagmati province only — the source names no district", "geo_match_name": null, "geo_match_osm_id": null, "geo_anchor_id": "38925275B1624743257395", "geo_anchor_name": "Bagmati"}, "geometry": {"type": "Point", "coordinates": [85.39309228206186, 27.652735693974222]}}, {"type": "Feature", "properties": {"record_id": "03937017f501fd20", "table": "access", "location_raw": "घ्याचोक (गोरखा) - चाराउडी (धाडिंग)", "location_ne": "", "admin_level": "settlement", "district": "", "province": "", "geo_basis": "text_explicit", "as_of": "2026-08-30", "as_of_basis": "stated", "first_reported": "2026-08-30", "last_reported": "2026-08-30", "confidence": "medium", "confidence_note": "Suspension bridge (a foot crossing) destroyed; district/province left blank as the crossing spans two districts.", "density": "1", "effective_sources": "1", "independent_origins": "1", "origin": "media_own", "origin_note": "single outlet", "corroboration": "single_source", "evidence_quote": "रविवार को बाढ़ के पानी ने त्रिशूली नदी पर बने एक सस्पेंशन ब्रिज को भी बहा दिया, जो गोरखा के घ्याचोक को धाडिंग के चाराउडी से जोड़ता था।", "evidence_quote_en": "On Sunday, floodwaters also swept away a suspension bridge over the Trishuli River that connected Ghyachok in Gorkha to Charaudi in Dhading.", "temporal_contamination_flag": "False", "segment_from": "घ्याचोक (गोरखा)", "segment_to": "चाराउडी (धाडिंग)", "mode": "foot", "passability": "blocked", "source_outlets": "Navbharat Times", "source_outlet_count": 1, "entity_key": "घ्याचोक (गोरखा)|चाराउडी (धाडिंग)|foot", "geo_resolution": "point", "geo_statement": "Matched \"गोरखा\" to a named OSM place", "geo_match_name": "गोरखा", "geo_match_osm_id": "node/4896508190", "geo_anchor_id": null, "geo_anchor_name": null}, "geometry": {"type": "Point", "coordinates": [84.6259428, 27.9969584]}}, {"type": "Feature", "properties": {"record_id": "78bbf2eaccaa70ad", "table": "access", "location_raw": "Bahunbesi-Dhunche alternate road", "location_ne": "", "admin_level": "district", "district": "", "province": "Bagmati", "geo_basis": "text_explicit", "as_of": "2026-08-31", "as_of_basis": "article_date", "first_reported": "2026-08-31", "last_reported": "2026-08-31", "confidence": "medium", "confidence_note": "Alternate route spans Nuwakot into Rasuwa; single district not specified.", "density": "2", "effective_sources": "2", "independent_origins": "2", "origin": "unattributed", "origin_note": "2 outlets, no reporting body named; independence not established", "corroboration": "independent", "evidence_quote": "वैकल्पिक सड़क संकीर्ण और अत्यधिक फिसलन भरी होने के कारण यात्रा के दौरान यात्रियों तथा चालकों को भारी कठिनाइयों का सामना करना पड़ रहा है।", "evidence_quote_en": "Because the alternate road is narrow and extremely slippery, passengers and drivers are facing great difficulties during travel.", "temporal_contamination_flag": "False", "segment_from": "Bahunbesi", "segment_to": "Dhunche", "mode": "road", "passability": "partial", "source_outlets": "Deshsanchar; Ratopati", "source_outlet_count": 2, "entity_key": "Bahunbesi|Dhunche|road", "geo_resolution": "province", "geo_statement": "Located to Bagmati province only — the source names no district", "geo_match_name": null, "geo_match_osm_id": null, "geo_anchor_id": "38925275B1624743257395", "geo_anchor_name": "Bagmati"}, "geometry": {"type": "Point", "coordinates": [85.39309228206186, 27.652735693974222]}}, {"type": "Feature", "properties": {"record_id": "748e268fc26c1459", "table": "access", "location_raw": "Muglin-Narayangadh section, Prithvi highway", "location_ne": "", "admin_level": "district", "district": "Chitwan", "province": "Bagmati", "geo_basis": "gazetteer_match", "as_of": "2026-08-28", "as_of_basis": "stated", "first_reported": "2026-08-28", "last_reported": "2026-08-28", "confidence": "medium", "confidence_note": "Both Muglin and Narayangadh(Bharatpur) are within Chitwan district.", "density": "1", "effective_sources": "1", "independent_origins": "1", "origin": "media_own", "origin_note": "single outlet", "corroboration": "single_source", "evidence_quote": "According to Police Headquarters, Muglin-Galchhi section, Muglin-Narayangadh sections under Prithvi highway, Mechi highway, Rukum Paschim Bheri Corridor, Pasang Lhamu and Martyr highway of Rolpa have been obstructed.", "evidence_quote_en": "", "temporal_contamination_flag": "False", "segment_from": "", "segment_to": "", "mode": "road", "passability": "blocked", "source_outlets": "The Rising Nepal", "source_outlet_count": 1, "entity_key": "Muglin-Narayangadh section, Prithvi highway||road", "geo_resolution": "district", "geo_statement": "Located to Chitawan district only", "geo_match_name": null, "geo_match_osm_id": null, "geo_anchor_id": "79688334B4548911343314", "geo_anchor_name": "Chitawan"}, "geometry": {"type": "Point", "coordinates": [84.44753493868009, 27.652526088822412]}}, {"type": "Feature", "properties": {"record_id": "d18439477d605a56", "table": "access", "location_raw": "Kathmandu-Chitwan highway", "location_ne": "", "admin_level": "district", "district": "Chitwan", "province": "Bagmati", "geo_basis": "text_explicit", "as_of": "2026-08-30", "as_of_basis": "stated", "first_reported": "2026-08-30", "last_reported": "2026-08-31", "confidence": "high", "confidence_note": "Explicit closure dated to Sunday.", "density": "2", "effective_sources": "2", "independent_origins": "2", "origin": "unattributed", "origin_note": "2 outlets, no reporting body named; independence not established", "corroboration": "independent", "evidence_quote": "Fresh landslides in the area on Sunday closed the main highway linking the capital city of Kathmandu and Chitwan, a day after it partially reopened, complicating efforts to move bodies and relief supplies.", "evidence_quote_en": "", "temporal_contamination_flag": "", "segment_from": "Kathmandu", "segment_to": "Chitwan", "mode": "road", "passability": "blocked", "source_outlets": "ABC News - Breaking News, Latest News and Videos; India Today", "source_outlet_count": 2, "entity_key": "Kathmandu|Chitwan|road", "geo_resolution": "district", "geo_statement": "Located to Chitawan district only", "geo_match_name": null, "geo_match_osm_id": null, "geo_anchor_id": "79688334B4548911343314", "geo_anchor_name": "Chitawan"}, "geometry": {"type": "Point", "coordinates": [84.44753493868009, 27.652526088822412]}}, {"type": "Feature", "properties": {"record_id": "d33575b73d75ac8f", "table": "access", "location_raw": "Galchhi-Baireni section, Prithvi Highway", "location_ne": "", "admin_level": "district", "district": "Dhading", "province": "Bagmati", "geo_basis": "text_explicit", "as_of": "2026-08-27", "as_of_basis": "stated", "first_reported": "2026-08-28", "last_reported": "2026-08-28", "confidence": "high", "confidence_note": "Segment named, Dhading district.", "density": "1", "effective_sources": "1", "independent_origins": "1", "origin": "media_own", "origin_note": "single outlet", "corroboration": "single_source", "evidence_quote": "One-way traffic has been operating along the Galchhi–Baireni section of the Prithvi Highway since Thursday evening.", "evidence_quote_en": "", "temporal_contamination_flag": "False", "segment_from": "Galchhi", "segment_to": "Baireni", "mode": "road", "passability": "partial", "source_outlets": "Khabarhub", "source_outlet_count": 1, "entity_key": "Galchhi|Baireni|road", "geo_resolution": "district", "geo_statement": "Located to Dhading district only", "geo_match_name": null, "geo_match_osm_id": null, "geo_anchor_id": "79688334B79703604543181", "geo_anchor_name": "Dhading"}, "geometry": {"type": "Point", "coordinates": [84.87763638110704, 28.025043976557015]}}, {"type": "Feature", "properties": {"record_id": "62cad1054958911c", "table": "access", "location_raw": "Baireni-Muglin road section", "location_ne": "", "admin_level": "district", "district": "Dhading", "province": "Bagmati", "geo_basis": "text_explicit", "as_of": "2026-08-27", "as_of_basis": "stated", "first_reported": "2026-08-28", "last_reported": "2026-08-28", "confidence": "medium", "confidence_note": "", "density": "4", "effective_sources": "4", "independent_origins": "4", "origin": "unattributed", "origin_note": "4 outlets, no reporting body named; independence not established", "corroboration": "independent", "evidence_quote": "Road clearance operations are also underway. The report said road obstructions at Devighat have been cleared, while equipment has been deployed to clear blockages on the Galchi-Bidur-Trishuli and Baireni-Muglin road sections.", "evidence_quote_en": "", "temporal_contamination_flag": "False", "segment_from": "Baireni", "segment_to": "Muglin", "mode": "road", "passability": "blocked", "source_outlets": "Khabarhub; Asianet Newsable; The Statesman; Deccan Chronicle", "source_outlet_count": 4, "entity_key": "Baireni|Muglin|road", "geo_resolution": "district", "geo_statement": "Located to Dhading district only", "geo_match_name": null, "geo_match_osm_id": null, "geo_anchor_id": "79688334B79703604543181", "geo_anchor_name": "Dhading"}, "geometry": {"type": "Point", "coordinates": [84.87763638110704, 28.025043976557015]}}, {"type": "Feature", "properties": {"record_id": "1f019794848bf443", "table": "access", "location_raw": "Bishaltar, Benighat Rural Municipality, Dhading", "location_ne": "", "admin_level": "rural_municipality", "district": "Dhading", "province": "Bagmati", "geo_basis": "text_adjacent", "as_of": "2026-08-28", "as_of_basis": "article_date", "first_reported": "2026-08-28", "last_reported": "2026-08-28", "confidence": "medium", "confidence_note": "Speaker's location (Bishaltar, Benighat RM, Dhading) is named two sentences earlier in the interview, not within this exact quote.", "density": "1", "effective_sources": "1", "independent_origins": "1", "origin": "media_own", "origin_note": "single outlet", "corroboration": "single_source", "evidence_quote": "काठमाडौँ आउने–जाने बाटो बन्द छ, तर जनजीवन सामान्य बन्नेतर्फ उन्मुख छ ।", "evidence_quote_en": "The road to/from Kathmandu is closed, but daily life is trending toward normal.", "temporal_contamination_flag": "", "segment_from": "", "segment_to": "", "mode": "road", "passability": "blocked", "source_outlets": "Ratopati", "source_outlet_count": 1, "entity_key": "Bishaltar, Benighat Rural Municipality, Dhading||road", "geo_resolution": "point", "geo_statement": "Matched \"Bishaltar\" to a named OSM place in Dhading", "geo_match_name": "विशालटार", "geo_match_osm_id": "node/1537553862", "geo_anchor_id": null, "geo_anchor_name": null}, "geometry": {"type": "Point", "coordinates": [84.7641169, 27.8131268]}}, {"type": "Feature", "properties": {"record_id": "ea34df1355ef934a", "table": "access", "location_raw": "गजुरी गाउँपालिका-५ को गलौदी र बाहुनी भीर", "location_ne": "", "admin_level": "rural_municipality", "district": "Dhading", "province": "Bagmati", "geo_basis": "text_explicit", "as_of": "2026-08-28", "as_of_basis": "stated", "first_reported": "2026-08-28", "last_reported": "2026-08-28", "confidence": "high", "confidence_note": "Rural municipality and ward explicitly named, Dhading district.", "density": "1", "effective_sources": "1", "independent_origins": "1", "origin": "media_own", "origin_note": "single outlet", "corroboration": "single_source", "evidence_quote": "गजुरी गाउँपालिका-५ को गलौदी र बाहुनी भीर तथा गल्छी गाउँपालिकाको महेश दोभानमा लेदो हटाउन बाँकी रहेकाे छ।", "evidence_quote_en": "", "temporal_contamination_flag": "False", "segment_from": "गलौदी", "segment_to": "बाहुनी भीर", "mode": "road", "passability": "blocked", "source_outlets": "ImageKhabar", "source_outlet_count": 1, "entity_key": "गलौदी|बाहुनी भीर|road", "geo_resolution": "district", "geo_statement": "Located to Dhading district only — the source names a place we could not resolve", "geo_match_name": null, "geo_match_osm_id": null, "geo_anchor_id": "79688334B79703604543181", "geo_anchor_name": "Dhading"}, "geometry": {"type": "Point", "coordinates": [84.87763638110704, 28.025043976557015]}}, {"type": "Feature", "properties": {"record_id": "a122f970bc36c11c", "table": "access", "location_raw": "गल्छी गाउँपालिका, महेश दोभान", "location_ne": "", "admin_level": "rural_municipality", "district": "Dhading", "province": "Bagmati", "geo_basis": "text_explicit", "as_of": "2026-08-28", "as_of_basis": "stated", "first_reported": "2026-08-28", "last_reported": "2026-08-28", "confidence": "high", "confidence_note": "Rural municipality explicitly named, Dhading district.", "density": "1", "effective_sources": "1", "independent_origins": "1", "origin": "media_own", "origin_note": "single outlet", "corroboration": "single_source", "evidence_quote": "गजुरी गाउँपालिका-५ को गलौदी र बाहुनी भीर तथा गल्छी गाउँपालिकाको महेश दोभानमा लेदो हटाउन बाँकी रहेकाे छ।", "evidence_quote_en": "", "temporal_contamination_flag": "False", "segment_from": "महेश दोभान", "segment_to": "", "mode": "road", "passability": "blocked", "source_outlets": "ImageKhabar", "source_outlet_count": 1, "entity_key": "महेश दोभान||road", "geo_resolution": "point", "geo_statement": "Matched \"गल्छी\" to a named OSM place in Dhading", "geo_match_name": "गल्छी", "geo_match_osm_id": "node/279374592", "geo_anchor_id": null, "geo_anchor_name": null}, "geometry": {"type": "Point", "coordinates": [85.0004606, 27.7973963]}}, {"type": "Feature", "properties": {"record_id": "afcc0bd4c8e31426", "table": "access", "location_raw": "Malekhu-Galaudi section", "location_ne": "", "admin_level": "district", "district": "Dhading", "province": "Bagmati", "geo_basis": "text_explicit", "as_of": "2026-08-28", "as_of_basis": "article_date", "first_reported": "2026-08-28", "last_reported": "2026-08-28", "confidence": "high", "confidence_note": "Segment named, Dhading district.", "density": "1", "effective_sources": "1", "independent_origins": "1", "origin": "media_own", "origin_note": "single outlet", "corroboration": "single_source", "evidence_quote": "Meanwhile, efforts are underway to remove around 700 meters of silt from the Malekhu–Galaudi section.", "evidence_quote_en": "", "temporal_contamination_flag": "False", "segment_from": "Malekhu", "segment_to": "Galaudi", "mode": "road", "passability": "blocked", "source_outlets": "Khabarhub", "source_outlet_count": 1, "entity_key": "Malekhu|Galaudi|road", "geo_resolution": "district", "geo_statement": "Located to Dhading district only", "geo_match_name": null, "geo_match_osm_id": null, "geo_anchor_id": "79688334B79703604543181", "geo_anchor_name": "Dhading"}, "geometry": {"type": "Point", "coordinates": [84.87763638110704, 28.025043976557015]}}, {"type": "Feature", "properties": {"record_id": "4fc0a47e286662cc", "table": "access", "location_raw": "Jyangkhola, Benighat Rorang Rural Municipality-10, Dhading", "location_ne": "", "admin_level": "rural_municipality", "district": "Dhading", "province": "Bagmati", "geo_basis": "text_explicit", "as_of": "2026-08-28", "as_of_basis": "article_date", "first_reported": "2026-08-28", "last_reported": "2026-08-28", "confidence": "high", "confidence_note": "Ward and rural municipality explicitly named, Dhading district.", "density": "1", "effective_sources": "1", "independent_origins": "1", "origin": "media_own", "origin_note": "single outlet", "corroboration": "single_source", "evidence_quote": "According to Nepal Police Headquarters, clearance work is also underway at Jyangkhola in Benighat Rorang Rural Municipality-10, Dhading, which was blocked following the recent Rasuwa flood.", "evidence_quote_en": "", "temporal_contamination_flag": "False", "segment_from": "Jyangkhola", "segment_to": "", "mode": "road", "passability": "blocked", "source_outlets": "Khabarhub", "source_outlet_count": 1, "entity_key": "Jyangkhola||road", "geo_resolution": "point", "geo_statement": "Matched \"Benighat Rorang -10\" to a named OSM place in Dhading", "geo_match_name": "बेनीघाट रोराङ", "geo_match_osm_id": "node/13235260367", "geo_anchor_id": null, "geo_anchor_name": null}, "geometry": {"type": "Point", "coordinates": [84.769707, 27.8074205]}}, {"type": "Feature", "properties": {"record_id": "0852a728e0b8c569", "table": "access", "location_raw": "Galaudi, Ward No. 5, Gajuri Rural Municipality", "location_ne": "", "admin_level": "rural_municipality", "district": "Dhading", "province": "Bagmati", "geo_basis": "text_explicit", "as_of": "2026-08-28", "as_of_basis": "article_date", "first_reported": "2026-08-28", "last_reported": "2026-08-28", "confidence": "high", "confidence_note": "Ward explicitly named; rural municipality/district inferred from surrounding article context (Gajuri, Dhading).", "density": "1", "effective_sources": "1", "independent_origins": "1", "origin": "media_own", "origin_note": "single outlet", "corroboration": "single_source", "evidence_quote": "The road at Galaudi in Ward No. 5 has also been obstructed as excavators and other heavy equipment have been unable to reach the site.", "evidence_quote_en": "", "temporal_contamination_flag": "False", "segment_from": "Galaudi", "segment_to": "", "mode": "road", "passability": "blocked", "source_outlets": "Khabarhub", "source_outlet_count": 1, "entity_key": "Galaudi||road", "geo_resolution": "point", "geo_statement": "Matched \"Gajuri\" to a named OSM place in Dhading", "geo_match_name": "गजुरी", "geo_match_osm_id": "node/279374584", "geo_anchor_id": null, "geo_anchor_name": null}, "geometry": {"type": "Point", "coordinates": [84.8771186, 27.8046804]}}, {"type": "Feature", "properties": {"record_id": "7dccf9526ce679f3", "table": "access", "location_raw": "Jaharkhet-Bangemod, Gajuri Rural Municipality-6, Dhading", "location_ne": "", "admin_level": "rural_municipality", "district": "Dhading", "province": "Bagmati", "geo_basis": "text_explicit", "as_of": "2026-08-28", "as_of_basis": "article_date", "first_reported": "2026-08-28", "last_reported": "2026-08-28", "confidence": "high", "confidence_note": "Ward and rural municipality explicitly named, Dhading district.", "density": "1", "effective_sources": "1", "independent_origins": "1", "origin": "media_own", "origin_note": "single outlet", "corroboration": "single_source", "evidence_quote": "Likewise, the road section between Jaharkhet and Bangemod in Gajuri Rural Municipality-6, Dhading, remains blocked.", "evidence_quote_en": "", "temporal_contamination_flag": "False", "segment_from": "Jaharkhet", "segment_to": "Bangemod", "mode": "road", "passability": "blocked", "source_outlets": "Khabarhub", "source_outlet_count": 1, "entity_key": "Jaharkhet|Bangemod|road", "geo_resolution": "point", "geo_statement": "Matched \"Gajuri -6\" to a named OSM place in Dhading", "geo_match_name": "गजुरी", "geo_match_osm_id": "node/279374584", "geo_anchor_id": null, "geo_anchor_name": null}, "geometry": {"type": "Point", "coordinates": [84.8771186, 27.8046804]}}, {"type": "Feature", "properties": {"record_id": "231ab1d8c5d98c67", "table": "access", "location_raw": "Galaudi and Bahuni Bhir, Gajuri Rural Municipality-5", "location_ne": "", "admin_level": "rural_municipality", "district": "Dhading", "province": "Bagmati", "geo_basis": "text_explicit", "as_of": "2026-08-28", "as_of_basis": "article_date", "first_reported": "2026-08-28", "last_reported": "2026-08-28", "confidence": "high", "confidence_note": "Ward and rural municipality explicitly named, Dhading district.", "density": "1", "effective_sources": "1", "independent_origins": "1", "origin": "media_own", "origin_note": "single outlet", "corroboration": "single_source", "evidence_quote": "Pandey said significant amounts of mud have accumulated at Galaudi and Bahuni Bhir in Gajuri Rural Municipality-5.", "evidence_quote_en": "", "temporal_contamination_flag": "False", "segment_from": "Galaudi", "segment_to": "Bahuni Bhir", "mode": "road", "passability": "blocked", "source_outlets": "Khabarhub", "source_outlet_count": 1, "entity_key": "Galaudi|Bahuni Bhir|road", "geo_resolution": "point", "geo_statement": "Matched \"Gajuri -5\" to a named OSM place in Dhading", "geo_match_name": "गजुरी", "geo_match_osm_id": "node/279374584", "geo_anchor_id": null, "geo_anchor_name": null}, "geometry": {"type": "Point", "coordinates": [84.8771186, 27.8046804]}}, {"type": "Feature", "properties": {"record_id": "78c22f1ce537ba09", "table": "access", "location_raw": "Mahesh Dobhan, Galchhi Rural Municipality", "location_ne": "", "admin_level": "rural_municipality", "district": "Dhading", "province": "Bagmati", "geo_basis": "text_explicit", "as_of": "2026-08-28", "as_of_basis": "article_date", "first_reported": "2026-08-28", "last_reported": "2026-08-28", "confidence": "high", "confidence_note": "Rural municipality explicitly named, Dhading district.", "density": "1", "effective_sources": "1", "independent_origins": "1", "origin": "media_own", "origin_note": "single outlet", "corroboration": "single_source", "evidence_quote": "Similarly, mud remains to be removed from Mahesh Dobhan in Galchhi Rural Municipality.", "evidence_quote_en": "", "temporal_contamination_flag": "False", "segment_from": "Mahesh Dobhan", "segment_to": "", "mode": "road", "passability": "blocked", "source_outlets": "Khabarhub", "source_outlet_count": 1, "entity_key": "Mahesh Dobhan||road", "geo_resolution": "point", "geo_statement": "Matched \"Galchhi\" to a named OSM place in Dhading", "geo_match_name": "गल्छी", "geo_match_osm_id": "node/279374592", "geo_anchor_id": null, "geo_anchor_name": null}, "geometry": {"type": "Point", "coordinates": [85.0004606, 27.7973963]}}, {"type": "Feature", "properties": {"record_id": "336053e1c0fbbb4a", "table": "access", "location_raw": "काठमाडौ–मुग्लिङ", "location_ne": "", "admin_level": "district", "district": "Dhading", "province": "Bagmati", "geo_basis": "text_explicit", "as_of": "2026-08-28", "as_of_basis": "article_date", "first_reported": "2026-08-28", "last_reported": "2026-08-28", "confidence": "medium", "confidence_note": "Route runs through Dhading district; opened one-way only.", "density": "1", "effective_sources": "1", "independent_origins": "1", "origin": "media_own", "origin_note": "single outlet", "corroboration": "single_source", "evidence_quote": "काठमाडौ मुग्लिङको बाटो एक तर्फी रुपमा सन्चालनमा ल्याइएको छ ।", "evidence_quote_en": "", "temporal_contamination_flag": "", "segment_from": "काठमाडौ", "segment_to": "मुग्लिङ", "mode": "road", "passability": "partial", "source_outlets": "ImageKhabar", "source_outlet_count": 1, "entity_key": "काठमाडौ|मुग्लिङ|road", "geo_resolution": "district", "geo_statement": "Located to Dhading district only", "geo_match_name": null, "geo_match_osm_id": null, "geo_anchor_id": "79688334B79703604543181", "geo_anchor_name": "Dhading"}, "geometry": {"type": "Point", "coordinates": [84.87763638110704, 28.025043976557015]}}, {"type": "Feature", "properties": {"record_id": "c2272d1b7920e356", "table": "access", "location_raw": "Dhading", "location_ne": "", "admin_level": "district", "district": "Dhading", "province": "Bagmati", "geo_basis": "text_explicit", "as_of": "2026-08-28", "as_of_basis": "article_date", "first_reported": "2026-08-28", "last_reported": "2026-08-28", "confidence": "medium", "confidence_note": "Article states road connections to this district were disrupted by bridge damage; specific origin segment not given.", "density": "1", "effective_sources": "1", "independent_origins": "1", "origin": "media_own", "origin_note": "single outlet", "corroboration": "single_source", "evidence_quote": "The damage has disrupted road connections to Dhading, Rasuwa, Nuwakot and other affected areas", "evidence_quote_en": "", "temporal_contamination_flag": "", "segment_from": "", "segment_to": "Dhading", "mode": "road", "passability": "blocked", "source_outlets": "myRepublica", "source_outlet_count": 1, "entity_key": "Dhading|Dhading|road", "geo_resolution": "district", "geo_statement": "Located to Dhading district only", "geo_match_name": null, "geo_match_osm_id": null, "geo_anchor_id": "79688334B79703604543181", "geo_anchor_name": "Dhading"}, "geometry": {"type": "Point", "coordinates": [84.87763638110704, 28.025043976557015]}}, {"type": "Feature", "properties": {"record_id": "a14bc4fc8d7398b1", "table": "access", "location_raw": "विशालटार, बेनीघाट रोराङ गाउँपालिका, धादिङ", "location_ne": "", "admin_level": "rural_municipality", "district": "Dhading", "province": "Bagmati", "geo_basis": "text_explicit", "as_of": "2026-08-28", "as_of_basis": "article_date", "first_reported": "2026-08-28", "last_reported": "2026-08-28", "confidence": "medium", "confidence_note": "Expert speaking from Bishaltar, Benighat Rorang rural municipality, Dhading.", "density": "1", "effective_sources": "1", "independent_origins": "1", "origin": "media_own", "origin_note": "single outlet", "corroboration": "single_source", "evidence_quote": "काठमांडू आने-जाने का रास्ता बंद है, लेकिन जनजीवन सामान्य होने की ओर अग्रसर है", "evidence_quote_en": "The road to and from Kathmandu is closed, but life is gradually returning to normal.", "temporal_contamination_flag": "False", "segment_from": "Benighat Rorang (Dhading)", "segment_to": "Kathmandu", "mode": "road", "passability": "blocked", "source_outlets": "Ratopati", "source_outlet_count": 1, "entity_key": "Benighat Rorang (Dhading)|Kathmandu|road", "geo_resolution": "point", "geo_statement": "Matched \"बेनीघाट\" to a named OSM place in Dhading", "geo_match_name": "बेनीघाट", "geo_match_osm_id": "node/4941656353", "geo_anchor_id": null, "geo_anchor_name": null}, "geometry": {"type": "Point", "coordinates": [84.7951205, 27.7834662]}}, {"type": "Feature", "properties": {"record_id": "d01eb6cc4955db3c", "table": "access", "location_raw": "Jyangkhola, Benighat Rorang Rural Municipality, Dhading", "location_ne": "", "admin_level": "rural_municipality", "district": "Dhading", "province": "Bagmati", "geo_basis": "text_explicit", "as_of": "2026-08-28", "as_of_basis": "stated", "first_reported": "2026-08-28", "last_reported": "2026-08-28", "confidence": "high", "confidence_note": "Rural municipality and district both named explicitly.", "density": "1", "effective_sources": "1", "independent_origins": "1", "origin": "media_own", "origin_note": "single outlet", "corroboration": "single_source", "evidence_quote": "Activities are underway to remove flash flood debris at Jyangkhola of benighat Rorang rural municipality-10 and Benighat Rorang rural municipality-2 in Dhading", "evidence_quote_en": "", "temporal_contamination_flag": "False", "segment_from": "", "segment_to": "", "mode": "road", "passability": "blocked", "source_outlets": "The Rising Nepal", "source_outlet_count": 1, "entity_key": "Jyangkhola, Benighat Rorang Rural Municipality, Dhading||road", "geo_resolution": "point", "geo_statement": "Matched \"Benighat Rorang\" to a named OSM place in Dhading", "geo_match_name": "बेनीघाट रोराङ", "geo_match_osm_id": "node/13235260367", "geo_anchor_id": null, "geo_anchor_name": null}, "geometry": {"type": "Point", "coordinates": [84.769707, 27.8074205]}}, {"type": "Feature", "properties": {"record_id": "07d3843f41826744", "table": "access", "location_raw": "Kathmandu-Mugling road, Bairenee (Dhading) to Galaudi", "location_ne": "", "admin_level": "district", "district": "Dhading", "province": "Bagmati", "geo_basis": "text_explicit", "as_of": "2026-08-29", "as_of_basis": "stated", "first_reported": "2026-08-29", "last_reported": "2026-08-29", "confidence": "high", "confidence_note": "Named traffic office source, Bairenee-Galaudi segment explicit.", "density": "1", "effective_sources": "1", "independent_origins": "1", "origin": "media_own", "origin_note": "single outlet", "corroboration": "single_source", "evidence_quote": "बाढीले ठाउँठाउँमा थुपारेको लेदो पन्छाएपछि शुक्रबार राति ८ बजेदेखि सडक एकतर्फी सञ्चालनमा आएको सुरक्षा तथा ट्राफिक व्यवस्थापन कार्यालय, रामनगरका प्रमुख डिल्ली नारायण पाण्डेले अनलाइनखबरलाई जानकारी दिए", "evidence_quote_en": "After clearing the silt deposited by the Bhotekoshi flood on the Kathmandu-Mugling road from Bairenee (Dhading) to Galaudi, the road came into one-way operation from 8pm Friday.", "temporal_contamination_flag": "", "segment_from": "Bairenee", "segment_to": "Galaudi", "mode": "road", "passability": "partial", "source_outlets": "Onlinekhabar", "source_outlet_count": 1, "entity_key": "Bairenee|Galaudi|road", "geo_resolution": "district", "geo_statement": "Located to Dhading district only", "geo_match_name": null, "geo_match_osm_id": null, "geo_anchor_id": "79688334B79703604543181", "geo_anchor_name": "Dhading"}, "geometry": {"type": "Point", "coordinates": [84.87763638110704, 28.025043976557015]}}, {"type": "Feature", "properties": {"record_id": "a58b0aa332dfd007", "table": "access", "location_raw": "Prithvi Highway, Bairenee / Galchhi / Bange sections", "location_ne": "", "admin_level": "district", "district": "Dhading", "province": "Bagmati", "geo_basis": "text_explicit", "as_of": "2026-08-29", "as_of_basis": "stated", "first_reported": "2026-08-29", "last_reported": "2026-08-29", "confidence": "high", "confidence_note": "Named road office source and specific locations.", "density": "1", "effective_sources": "1", "independent_origins": "1", "origin": "media_own", "origin_note": "single outlet", "corroboration": "single_source", "evidence_quote": "कार्यालयका अनुसार बैरेनी, गल्छी र बाङ्गे लगायतका स्थानमा सडक एकतर्फी मात्र सञ्चालनमा रहेको छ", "evidence_quote_en": "According to the office, sections at Bairenee, Galchhi and Bange remain open to one-way traffic only.", "temporal_contamination_flag": "", "segment_from": "Bairenee", "segment_to": "Galchhi", "mode": "road", "passability": "partial", "source_outlets": "Ratopati", "source_outlet_count": 1, "entity_key": "Bairenee|Galchhi|road", "geo_resolution": "district", "geo_statement": "Located to Dhading district only", "geo_match_name": null, "geo_match_osm_id": null, "geo_anchor_id": "79688334B79703604543181", "geo_anchor_name": "Dhading"}, "geometry": {"type": "Point", "coordinates": [84.87763638110704, 28.025043976557015]}}, {"type": "Feature", "properties": {"record_id": "83727fa503b7db85", "table": "access", "location_raw": "गजुरी गाउँपालिका, धादिङ", "location_ne": "", "admin_level": "rural_municipality", "district": "Dhading", "province": "Bagmati", "geo_basis": "text_explicit", "as_of": "2026-08-29", "as_of_basis": "article_date", "first_reported": "2026-08-29", "last_reported": "2026-08-29", "confidence": "medium", "confidence_note": "Local chairperson's own account of the ward's main road being blocked and under repair.", "density": "1", "effective_sources": "1", "independent_origins": "1", "origin": "media_own", "origin_note": "single outlet", "corroboration": "single_source", "evidence_quote": "बाढीले यस क्षेत्रको सडकको मुख्य मार्ग अवरोध भएकाले त्यसलाई खोल्ने कार्यमा स्थानीय तहका जनप्रतिनिधिको सक्रियतामा काम भइरहेको श्रेष्ठले बताउनुभयो ।", "evidence_quote_en": "Shrestha said the flood had blocked the area's main road, and work to reopen it is under way through the efforts of local elected representatives.", "temporal_contamination_flag": "False", "segment_from": "गजुरी गाउँपालिका मुख्य सडक मार्ग", "segment_to": "", "mode": "road", "passability": "blocked", "source_outlets": "Gorkhapatra", "source_outlet_count": 1, "entity_key": "गजुरी गाउँपालिका मुख्य सडक मार्ग||road", "geo_resolution": "district", "geo_statement": "Located to Dhading district only — the source names a place we could not resolve", "geo_match_name": null, "geo_match_osm_id": null, "geo_anchor_id": "79688334B79703604543181", "geo_anchor_name": "Dhading"}, "geometry": {"type": "Point", "coordinates": [84.87763638110704, 28.025043976557015]}}, {"type": "Feature", "properties": {"record_id": "6056607a4871e9a3", "table": "access", "location_raw": "पृथ्वी राजमार्ग (गलौँदी, गल्छी, घाटबेँसीको पोखरीभिर खण्ड)", "location_ne": "", "admin_level": "district", "district": "Dhading", "province": "Bagmati", "geo_basis": "text_explicit", "as_of": "2026-08-29", "as_of_basis": "article_date", "first_reported": "2026-08-29", "last_reported": "2026-08-29", "confidence": "high", "confidence_note": "Engineer-sourced, names specific mud-blocked segments of Prithvi Highway in Dhading.", "density": "1", "effective_sources": "1", "independent_origins": "1", "origin": "media_own", "origin_note": "single outlet", "corroboration": "single_source", "evidence_quote": "त्रिशूली नदीमा बढेको पानीको बहाबसँगै राजमार्गमा ठुलो मात्रामा लेदो र हिलो जम्दा विगत तीन दिनदेखि पृथ्वी राजमार्ग अवरुद्ध छ । पृथ्वी राजमार्ग अन्तर्गत नौबिसे–मुग्लिङ सडक आयोजनाका इन्जिनियर राजीव मानन्धरका अनुसार धादिङको गलौँदीमा करिब दुई सय मिटर, गल्छीमा करिब एक किलोमिटर र घाटबेँसीको पोखरीभिरमा करिब तीन सय मिटर सडक हिलाम्मे भएर लेदो जम्दा राजमार्ग अवरुद्ध भएको हो ।", "evidence_quote_en": "With increased water flow in the Trishuli River, large amounts of silt and mud piled up on the highway, and Prithvi Highway has been blocked for the past three days. According to engineer Rajiv Manandhar of the Naubise-Muglin road project, about 200 metres of road in Galaudi (Dhading), about 1 km in Galchhi, and about 300 metres in Pokharibhir, Ghatbesi became muddy and silted, blocking the highway.", "temporal_contamination_flag": "False", "segment_from": "गलौँदी/गल्छी/घाटबेँसी (पृथ्वी राजमार्ग)", "segment_to": "", "mode": "road", "passability": "blocked", "source_outlets": "Gorkhapatra", "source_outlet_count": 1, "entity_key": "गलौँदी/गल्छी/घाटबेँसी (पृथ्वी राजमार्ग)||road", "geo_resolution": "district", "geo_statement": "Located to Dhading district only", "geo_match_name": null, "geo_match_osm_id": null, "geo_anchor_id": "79688334B79703604543181", "geo_anchor_name": "Dhading"}, "geometry": {"type": "Point", "coordinates": [84.87763638110704, 28.025043976557015]}}, {"type": "Feature", "properties": {"record_id": "b8edc6163a67d6ec", "table": "access", "location_raw": "Prithvi Highway (Jwangkhola, Galchi, Baireni), Dhading", "location_ne": "", "admin_level": "district", "district": "Dhading", "province": "Bagmati", "geo_basis": "text_explicit", "as_of": "2026-08-29", "as_of_basis": "article_date", "first_reported": "2026-08-29", "last_reported": "2026-08-29", "confidence": "high", "confidence_note": "Police-sourced, one-way only at named locations.", "density": "1", "effective_sources": "1", "independent_origins": "1", "origin": "media_own", "origin_note": "single outlet", "corroboration": "single_source", "evidence_quote": "Along the Prithvi Highway, traffic is operating only one-way at various locations in Dhading (Jwangkhola, Galchi, and Baireni) due to flooding.", "evidence_quote_en": "", "temporal_contamination_flag": "False", "segment_from": "Jwangkhola/Galchi/Baireni", "segment_to": "", "mode": "road", "passability": "partial", "source_outlets": "Nepal News", "source_outlet_count": 1, "entity_key": "Jwangkhola/Galchi/Baireni||road", "geo_resolution": "district", "geo_statement": "Located to Dhading district only", "geo_match_name": null, "geo_match_osm_id": null, "geo_anchor_id": "79688334B79703604543181", "geo_anchor_name": "Dhading"}, "geometry": {"type": "Point", "coordinates": [84.87763638110704, 28.025043976557015]}}, {"type": "Feature", "properties": {"record_id": "df35985ca6a3f31e", "table": "access", "location_raw": "Baireni Bazaar, Dhading", "location_ne": "", "admin_level": "settlement", "district": "Dhading", "province": "Bagmati", "geo_basis": "text_explicit", "as_of": "2026-08-29", "as_of_basis": "article_date", "first_reported": "2026-08-29", "last_reported": "2026-08-29", "confidence": "high", "confidence_note": "One-way 1km stretch, police-sourced.", "density": "1", "effective_sources": "1", "independent_origins": "1", "origin": "media_own", "origin_note": "single outlet", "corroboration": "single_source", "evidence_quote": "However, police reported that traffic is running only one-way along a 1-kilometer stretch in Baireni Bazaar, Dhading.", "evidence_quote_en": "", "temporal_contamination_flag": "False", "segment_from": "Baireni Bazaar", "segment_to": "", "mode": "road", "passability": "partial", "source_outlets": "Nepal News", "source_outlet_count": 1, "entity_key": "Baireni Bazaar||road", "geo_resolution": "district", "geo_statement": "Located to Dhading district only — the source names a place we could not resolve", "geo_match_name": null, "geo_match_osm_id": null, "geo_anchor_id": "79688334B79703604543181", "geo_anchor_name": "Dhading"}, "geometry": {"type": "Point", "coordinates": [84.87763638110704, 28.025043976557015]}}, {"type": "Feature", "properties": {"record_id": "fc628b48993ae7be", "table": "access", "location_raw": "Baireni Bazar", "location_ne": "", "admin_level": "settlement", "district": "Dhading", "province": "Bagmati", "geo_basis": "text_explicit", "as_of": "2026-08-29", "as_of_basis": "article_date", "first_reported": "2026-08-29", "last_reported": "2026-08-29", "confidence": "high", "confidence_note": "Named settlement, one-way traffic explicitly stated.", "density": "2", "effective_sources": "2", "independent_origins": "2", "origin": "unattributed", "origin_note": "2 outlets, no reporting body named; independence not established", "corroboration": "independent", "evidence_quote": "Meanwhile, Nepal Police said that the road section between Kathmandu and Mugling is fully operational, with only a one-kilometre stretch at Baireni Bazar in Dhading operating under one-way traffic. (ANI)", "evidence_quote_en": "", "temporal_contamination_flag": "", "segment_from": "Baireni Bazar", "segment_to": "", "mode": "road", "passability": "partial", "source_outlets": "The Tribune; Asianet Newsable", "source_outlet_count": 2, "entity_key": "Baireni Bazar||road", "geo_resolution": "district", "geo_statement": "Located to Dhading district only — the source names a place we could not resolve", "geo_match_name": null, "geo_match_osm_id": null, "geo_anchor_id": "79688334B79703604543181", "geo_anchor_name": "Dhading"}, "geometry": {"type": "Point", "coordinates": [84.87763638110704, 28.025043976557015]}}, {"type": "Feature", "properties": {"record_id": "1f7f79a1440d3f75", "table": "access", "location_raw": "Malekhu - Dhading headquarters", "location_ne": "", "admin_level": "district", "district": "Dhading", "province": "Bagmati", "geo_basis": "text_explicit", "as_of": "2026-08-29", "as_of_basis": "article_date", "first_reported": "2026-08-29", "last_reported": "2026-08-29", "confidence": "high", "confidence_note": "Bridge loss explicitly cuts off district headquarters access.", "density": "1", "effective_sources": "1", "independent_origins": "1", "origin": "media_own", "origin_note": "single outlet", "corroboration": "single_source", "evidence_quote": "In Dhading, the bridge over the Trishuli river at Phurke Khola near Malekhu was also swept away, cutting off access to the district headquarters from the Prithvi Highway.", "evidence_quote_en": "", "temporal_contamination_flag": "", "segment_from": "Prithvi Highway (Malekhu)", "segment_to": "Dhading district headquarters", "mode": "road", "passability": "blocked", "source_outlets": "The Kathmandu Post", "source_outlet_count": 1, "entity_key": "Prithvi Highway (Malekhu)|Dhading district headquarters|road", "geo_resolution": "district", "geo_statement": "Located to Dhading district only", "geo_match_name": null, "geo_match_osm_id": null, "geo_anchor_id": "79688334B79703604543181", "geo_anchor_name": "Dhading"}, "geometry": {"type": "Point", "coordinates": [84.87763638110704, 28.025043976557015]}}, {"type": "Feature", "properties": {"record_id": "444a20f5757f82c7", "table": "access", "location_raw": "ज्वाङखोला, गल्छी, बैरेनी (पृथ्वी राजमार्ग), धादिङ", "location_ne": "", "admin_level": "district", "district": "Dhading", "province": "Bagmati", "geo_basis": "text_explicit", "as_of": "2026-08-29", "as_of_basis": "article_date", "first_reported": "2026-08-28", "last_reported": "2026-08-29", "confidence": "high", "confidence_note": "District explicitly named; one-way operation on Prithvi Highway sections in Dhading.", "density": "2", "effective_sources": "2", "independent_origins": "2", "origin": "unattributed", "origin_note": "2 outlets, no reporting body named; independence not established", "corroboration": "independent", "evidence_quote": "पृथ्वी राजमार्ग अन्तर्गत धादिङका विभिन्न स्थानहरू (ज्वाङखोला, गल्छी, बैरेनी आदि) मा बाढीका कारण सडक एकतर्फी मात्र सञ्चालनमा रहेको छ ।", "evidence_quote_en": "", "temporal_contamination_flag": "", "segment_from": "", "segment_to": "", "mode": "road", "passability": "partial", "source_outlets": "The Rising Nepal; Ratopati", "source_outlet_count": 2, "entity_key": "ज्वाङखोला, गल्छी, बैरेनी (पृथ्वी राजमार्ग), धादिङ||road", "geo_resolution": "district", "geo_statement": "Located to Dhading district only", "geo_match_name": null, "geo_match_osm_id": null, "geo_anchor_id": "79688334B79703604543181", "geo_anchor_name": "Dhading"}, "geometry": {"type": "Point", "coordinates": [84.87763638110704, 28.025043976557015]}}, {"type": "Feature", "properties": {"record_id": "c51b9d9fdf0cc874", "table": "access", "location_raw": "धादिङको बैरेनी बजार क्षेत्र", "location_ne": "", "admin_level": "settlement", "district": "Dhading", "province": "Bagmati", "geo_basis": "text_explicit", "as_of": "2026-08-29", "as_of_basis": "stated", "first_reported": "2026-08-29", "last_reported": "2026-08-29", "confidence": "high", "confidence_note": "Nepal Police update, Aug 29 2026 6:30am.", "density": "2", "effective_sources": "2", "independent_origins": "2", "origin": "unattributed", "origin_note": "2 outlets, no reporting body named; independence not established", "corroboration": "independent", "evidence_quote": "काठमाडौं उपत्यका जोड्ने मुख्य नाका नागढुङ्गा-मुग्लिन सडक खण्ड पूर्ण रूपमा सुचारु भइसकेको भए पनि धादिङको बैरेनी बजार क्षेत्रमा १ किलोमिटर सडक एकतर्फी मात्र सञ्चालन भइरहेको छ।", "evidence_quote_en": "", "temporal_contamination_flag": "", "segment_from": "बैरेनी बजार", "segment_to": "बैरेनी बजार (१ किमी)", "mode": "road", "passability": "partial", "source_outlets": "Arghakhanchi", "source_outlet_count": 2, "entity_key": "बैरेनी बजार|बैरेनी बजार (१ किमी)|road", "geo_resolution": "district", "geo_statement": "Located to Dhading district only — the source names a place we could not resolve", "geo_match_name": null, "geo_match_osm_id": null, "geo_anchor_id": "79688334B79703604543181", "geo_anchor_name": "Dhading"}, "geometry": {"type": "Point", "coordinates": [84.87763638110704, 28.025043976557015]}}, {"type": "Feature", "properties": {"record_id": "b55f3eaf1ee01aad", "table": "access", "location_raw": "बेनिघाट रोराङ/गजुरी/गल्छी गाउँपालिका, धादिङ (पृथ्वी राजमार्ग)", "location_ne": "", "admin_level": "district", "district": "Dhading", "province": "Bagmati", "geo_basis": "text_explicit", "as_of": "2026-08-29", "as_of_basis": "stated", "first_reported": "2026-08-29", "last_reported": "2026-08-29", "confidence": "high", "confidence_note": "Multiple named points on Prithvi Highway within Dhading, one-way only.", "density": "1", "effective_sources": "1", "independent_origins": "1", "origin": "media_own", "origin_note": "single outlet", "corroboration": "single_source", "evidence_quote": "पृथ्वी राजमार्गअन्तर्गत धादिङको बेनिघाट रोराङ गाउँपालिका-१० स्थित ज्याङखोला, गजुरी गाउँपालिकाका बिहानीपम्प, गलौँदी, जहरे खेत र बाङ्गे मोड तथा गल्छी गाउँपालिकाको बैरेनिमा बाढीका कारण सडक एकतर्फी मात्र सञ्चालनमा आएको छ।", "evidence_quote_en": "", "temporal_contamination_flag": "", "segment_from": "ज्याङखोला/बिहानीपम्प/गलौँदी/जहरे खेत/बाङ्गे मोड/बैरेनि", "segment_to": "", "mode": "road", "passability": "partial", "source_outlets": "Arghakhanchi", "source_outlet_count": 1, "entity_key": "ज्याङखोला/बिहानीपम्प/गलौँदी/जहरे खेत/बाङ्गे मोड/बैरेनि||road", "geo_resolution": "district", "geo_statement": "Located to Dhading district only", "geo_match_name": null, "geo_match_osm_id": null, "geo_anchor_id": "79688334B79703604543181", "geo_anchor_name": "Dhading"}, "geometry": {"type": "Point", "coordinates": [84.87763638110704, 28.025043976557015]}}, {"type": "Feature", "properties": {"record_id": "2111de2d7f52b2c7", "table": "access", "location_raw": "कृष्णभीर हुँदै काठमाडौं-मुग्लिन सडक", "location_ne": "कृष्णभीर हुँदै काठमाडौं-मुग्लिन सडक", "admin_level": "settlement", "district": "Dhading", "province": "Bagmati", "geo_basis": "text_explicit", "as_of": "2026-08-30", "as_of_basis": "stated", "first_reported": "2026-08-30", "last_reported": "2026-08-30", "confidence": "high", "confidence_note": "Blockage point (Krishnabhir, Dhading) is explicitly located earlier in the same article; police statement confirms closure is in effect today.", "density": "1", "effective_sources": "1", "independent_origins": "1", "origin": "media_own", "origin_note": "single outlet", "corroboration": "single_source", "evidence_quote": "चितवन प्रहरीले अर्को सूचना जारी नभएसम्मका लागि चितवनको नारायणगढबाट काठमाडौं जाने र काठमाडौंबाट यसतर्फ आउने सवारीसाधनहरू सञ्चालनमा रोक लगाएको जनाएको छ ।", "evidence_quote_en": "Chitwan Police stated that, until further notice, vehicles going from Narayangadh (Chitwan) to Kathmandu, and coming from Kathmandu this way, have been halted.", "temporal_contamination_flag": "", "segment_from": "Narayangadh, Chitwan", "segment_to": "Kathmandu", "mode": "road", "passability": "blocked", "source_outlets": "Onlinekhabar", "source_outlet_count": 1, "entity_key": "Narayangadh, Chitwan|Kathmandu|road", "geo_resolution": "district", "geo_statement": "Located to Dhading district only — the source names a place we could not resolve", "geo_match_name": null, "geo_match_osm_id": null, "geo_anchor_id": "79688334B79703604543181", "geo_anchor_name": "Dhading"}, "geometry": {"type": "Point", "coordinates": [84.87763638110704, 28.025043976557015]}}, {"type": "Feature", "properties": {"record_id": "1eabc2218488b0f4", "table": "access", "location_raw": "कृष्णभीर, पृथ्वी राजमार्ग", "location_ne": "", "admin_level": "settlement", "district": "Dhading", "province": "Bagmati", "geo_basis": "gazetteer_match", "as_of": "2026-08-30", "as_of_basis": "article_date", "first_reported": "2026-08-30", "last_reported": "2026-08-30", "confidence": "medium", "confidence_note": "Krishnabhir is a known landslide site on Prithvi Highway in Dhading district; this article does not itself name the district.", "density": "2", "effective_sources": "2", "independent_origins": "2", "origin": "unattributed", "origin_note": "2 outlets, no reporting body named; independence not established", "corroboration": "independent", "evidence_quote": "यसैबीच पृथ्वीराजमार्गको कृष्णभीरमा सडक भासिएपछि सो राजमार्ग अवरुद्ध भएको चितवनका प्रहरी नायब उपरीक्षक सुवास भट्टले जानकारी दिए ।", "evidence_quote_en": "Meanwhile, after the road subsided at Krishnabhir on the Prithvi Highway, that highway became blocked, Chitwan Deputy Superintendent of Police Suvas Bhatta said.", "temporal_contamination_flag": "False", "segment_from": "Chitwan", "segment_to": "Kathmandu", "mode": "road", "passability": "blocked", "source_outlets": "Onlinekhabar; Ratopati", "source_outlet_count": 2, "entity_key": "Chitwan|Kathmandu|road", "geo_resolution": "district", "geo_statement": "Located to Dhading district only — the source names a place we could not resolve", "geo_match_name": null, "geo_match_osm_id": null, "geo_anchor_id": "79688334B79703604543181", "geo_anchor_name": "Dhading"}, "geometry": {"type": "Point", "coordinates": [84.87763638110704, 28.025043976557015]}}, {"type": "Feature", "properties": {"record_id": "514af743b7ee26c0", "table": "access", "location_raw": "कृष्णभीर, बेनीघाट रोराङ गाउँपालिका", "location_ne": "", "admin_level": "rural_municipality", "district": "Dhading", "province": "Bagmati", "geo_basis": "text_explicit", "as_of": "2026-08-30", "as_of_basis": "article_date", "first_reported": "2026-08-30", "last_reported": "2026-08-30", "confidence": "high", "confidence_note": "District and rural municipality both explicit.", "density": "1", "effective_sources": "1", "independent_origins": "1", "origin": "media_own", "origin_note": "single outlet", "corroboration": "single_source", "evidence_quote": "सोही बाढीले धादिङको बेनीघाट रोराङ गाउँपालिका–स्थित कृष्णभीरमा सडक भासिएको छ।", "evidence_quote_en": "The same flood caused the road to subside at Krishnabhir in Benighat Rorang Rural Municipality, Dhading.", "temporal_contamination_flag": "False", "segment_from": "", "segment_to": "", "mode": "road", "passability": "blocked", "source_outlets": "Nepal Live", "source_outlet_count": 1, "entity_key": "कृष्णभीर, बेनीघाट रोराङ गाउँपालिका||road", "geo_resolution": "point", "geo_statement": "Matched \"बेनीघाट\" to a named OSM place in Dhading", "geo_match_name": "बेनीघाट", "geo_match_osm_id": "node/4941656353", "geo_anchor_id": null, "geo_anchor_name": null}, "geometry": {"type": "Point", "coordinates": [84.7951205, 27.7834662]}}, {"type": "Feature", "properties": {"record_id": "1bf27445ded26212", "table": "access", "location_raw": "मुग्लिन–काठमाडौं सडक (पृथ्वी राजमार्ग), कृष्णभिर", "location_ne": "मुग्लिन–काठमाडौं सडक, कृष्णभिर", "admin_level": "municipality", "district": "Dhading", "province": "Bagmati", "geo_basis": "text_explicit", "as_of": "2026-08-30", "as_of_basis": "stated", "first_reported": "2026-08-30", "last_reported": "2026-08-31", "confidence": "high", "confidence_note": "Location and date explicit.", "density": "8", "effective_sources": "8", "independent_origins": "8", "origin": "unattributed", "origin_note": "8 outlets, no reporting body named; independence not established", "corroboration": "independent", "evidence_quote": "कृष्णभिरमा आइतबार गएको पहिरोले पृथ्वीराजमार्गअन्तर्गत मुग्लिन–काठमाडौं सडक पूर्ण रूपमा ठप्प भएको छ।", "evidence_quote_en": "A landslide at Krishnabhir on Sunday has completely blocked the Mugling-Kathmandu road under the Prithvi Highway.", "temporal_contamination_flag": "", "segment_from": "Mugling", "segment_to": "Kathmandu", "mode": "road", "passability": "blocked", "source_outlets": "Ratopati; Rajdhani Daily; ImageKhabar; Deshsanchar; Nepal News; Onlinekhabar", "source_outlet_count": 8, "entity_key": "Mugling|Kathmandu|road", "geo_resolution": "district", "geo_statement": "Located to Dhading district only — the source names a place we could not resolve", "geo_match_name": null, "geo_match_osm_id": null, "geo_anchor_id": "79688334B79703604543181", "geo_anchor_name": "Dhading"}, "geometry": {"type": "Point", "coordinates": [84.87763638110704, 28.025043976557015]}}, {"type": "Feature", "properties": {"record_id": "8e3899141741df7f", "table": "access", "location_raw": "गल्छी–मलेखु सडकखण्ड", "location_ne": "गल्छी–मलेखु सडकखण्ड", "admin_level": "municipality", "district": "Dhading", "province": "Bagmati", "geo_basis": "text_explicit", "as_of": "2026-08-30", "as_of_basis": "article_date", "first_reported": "2026-08-30", "last_reported": "2026-08-30", "confidence": "high", "confidence_note": "Location explicit; police-attributed.", "density": "1", "effective_sources": "1", "independent_origins": "1", "origin": "media_own", "origin_note": "single outlet", "corroboration": "single_source", "evidence_quote": "गल्छी–मलेखु सडकखण्डको त्रिशूली नदी किनारको पहिरोका कारण सडक सञ्चालन गर्न कम्तीमा एक महिना लाग्ने प्रहरीले जनाएको छ।", "evidence_quote_en": "Police say it will take at least a month to reopen the Galchi-Malekhu road section due to a landslide on the Trishuli riverbank.", "temporal_contamination_flag": "", "segment_from": "Galchi", "segment_to": "Malekhu", "mode": "road", "passability": "blocked", "source_outlets": "Onlinekhabar", "source_outlet_count": 1, "entity_key": "Galchi|Malekhu|road", "geo_resolution": "district", "geo_statement": "Located to Dhading district only — the source names a place we could not resolve", "geo_match_name": null, "geo_match_osm_id": null, "geo_anchor_id": "79688334B79703604543181", "geo_anchor_name": "Dhading"}, "geometry": {"type": "Point", "coordinates": [84.87763638110704, 28.025043976557015]}}, {"type": "Feature", "properties": {"record_id": "3f64194deb655660", "table": "access", "location_raw": "काठमाडौं-मुग्लिन खण्ड, कृष्णभिर", "location_ne": "काठमाडौं-मुग्लिन खण्ड", "admin_level": "municipality", "district": "Dhading", "province": "Bagmati", "geo_basis": "text_explicit", "as_of": "2026-08-30", "as_of_basis": "stated", "first_reported": "2026-08-30", "last_reported": "2026-08-31", "confidence": "high", "confidence_note": "Location and status explicit.", "density": "2", "effective_sources": "2", "independent_origins": "2", "origin": "unattributed", "origin_note": "2 outlets, no reporting body named; independence not established", "corroboration": "independent", "evidence_quote": "कृष्णभिरमा भासियो सडक\nराजधानीलाई देशका अन्य भाग र वाह्य बजारसँग जोड्ने मुख्य ‘लाइफलाइन’ मानिएको काठमाडौं-मुग्लिन खण्ड (पृथ्वी राजमार्ग) पूर्णरूपमा अवरुद्ध छ ।", "evidence_quote_en": "The road caved in at Krishnabhir: the Kathmandu-Mugling section (Prithvi Highway), considered the main 'lifeline' connecting the capital to the rest of the country, is fully blocked.", "temporal_contamination_flag": "", "segment_from": "Kathmandu", "segment_to": "Mugling", "mode": "road", "passability": "blocked", "source_outlets": "Onlinekhabar; Setopati", "source_outlet_count": 2, "entity_key": "Kathmandu|Mugling|road", "geo_resolution": "district", "geo_statement": "Located to Dhading district only — the source names a place we could not resolve", "geo_match_name": null, "geo_match_osm_id": null, "geo_anchor_id": "79688334B79703604543181", "geo_anchor_name": "Dhading"}, "geometry": {"type": "Point", "coordinates": [84.87763638110704, 28.025043976557015]}}, {"type": "Feature", "properties": {"record_id": "aabc77f8e87d35b4", "table": "access", "location_raw": "Krishnabhir, Dhading (Prithvi Highway)", "location_ne": "", "admin_level": "settlement", "district": "Dhading", "province": "Bagmati", "geo_basis": "text_explicit", "as_of": "2026-08-30", "as_of_basis": "stated", "first_reported": "2026-08-30", "last_reported": "2026-08-31", "confidence": "high", "confidence_note": "Named location and district for the collapse.", "density": "2", "effective_sources": "2", "independent_origins": "2", "origin": "unattributed", "origin_note": "2 outlets, no reporting body named; independence not established", "corroboration": "independent", "evidence_quote": "Traffic on Nepal's Prithvi Highway was disrupted after a section of the road collapsed in the Krishnabhir area of Dhading.", "evidence_quote_en": "", "temporal_contamination_flag": "", "segment_from": "Krishnabhir", "segment_to": "Krishnabhir", "mode": "road", "passability": "blocked", "source_outlets": "Mathrubhumi English; Onlinekhabar", "source_outlet_count": 2, "entity_key": "Krishnabhir|Krishnabhir|road", "geo_resolution": "district", "geo_statement": "Located to Dhading district only — the source names a place we could not resolve", "geo_match_name": null, "geo_match_osm_id": null, "geo_anchor_id": "79688334B79703604543181", "geo_anchor_name": "Dhading"}, "geometry": {"type": "Point", "coordinates": [84.87763638110704, 28.025043976557015]}}, {"type": "Feature", "properties": {"record_id": "66b9d049e0922ba8", "table": "access", "location_raw": "Galchhi area, across the river", "location_ne": "", "admin_level": "settlement", "district": "Dhading", "province": "Bagmati", "geo_basis": "text_adjacent", "as_of": "2026-08-30", "as_of_basis": "article_date", "first_reported": "2026-08-30", "last_reported": "2026-08-30", "confidence": "medium", "confidence_note": "Bridges destroyed cutting off river-crossing access near Galchhi.", "density": "1", "effective_sources": "1", "independent_origins": "1", "origin": "media_own", "origin_note": "single outlet", "corroboration": "single_source", "evidence_quote": "Large concrete and smaller suspension bridges were destroyed, leaving communities on the other side of the river with less easy access.", "evidence_quote_en": "", "temporal_contamination_flag": "", "segment_from": "Galchhi", "segment_to": "communities across the river", "mode": "road", "passability": "blocked", "source_outlets": "Euronews.com", "source_outlet_count": 1, "entity_key": "Galchhi|communities across the river|road", "geo_resolution": "district", "geo_statement": "Located to Dhading district only — the source names a place we could not resolve", "geo_match_name": null, "geo_match_osm_id": null, "geo_anchor_id": "79688334B79703604543181", "geo_anchor_name": "Dhading"}, "geometry": {"type": "Point", "coordinates": [84.87763638110704, 28.025043976557015]}}, {"type": "Feature", "properties": {"record_id": "5a9afd4a8a6602bb", "table": "access", "location_raw": "Parewatar, Gajuri-3, Dhading (Prithvi Highway)", "location_ne": "", "admin_level": "ward", "district": "Dhading", "province": "Bagmati", "geo_basis": "text_explicit", "as_of": "2026-08-30", "as_of_basis": "stated", "first_reported": "2026-08-31", "last_reported": "2026-08-31", "confidence": "high", "confidence_note": "Figure and location stated directly in the quoted passage.", "density": "1", "effective_sources": "1", "independent_origins": "1", "origin": "media_own", "origin_note": "single outlet", "corroboration": "single_source", "evidence_quote": "त्रिशूलीको बाढीले बेस कटान गरेपछि धादिङको गजुरी गाउँपालिका-३ परेवाटारमा पृथ्वी राजमार्ग भासिएर दुईतर्फी अवरुद्ध भएको छ।", "evidence_quote_en": "After the Trishuli flood eroded the base, the Prithvi Highway at Parewatar in Gajuri Rural Municipality-3, Dhading has sunk and is blocked in both directions.", "temporal_contamination_flag": "", "segment_from": "Parewatar", "segment_to": "Parewatar", "mode": "road", "passability": "blocked", "source_outlets": "Onlinekhabar", "source_outlet_count": 1, "entity_key": "Parewatar|Parewatar|road", "geo_resolution": "point", "geo_statement": "Matched \"Gajuri-3\" to a named OSM place in Dhading", "geo_match_name": "गजुरी", "geo_match_osm_id": "node/279374584", "geo_anchor_id": null, "geo_anchor_name": null}, "geometry": {"type": "Point", "coordinates": [84.8771186, 27.8046804]}}, {"type": "Feature", "properties": {"record_id": "728bb033ef89f028", "table": "access", "location_raw": "Krishnabhir, Dhading", "location_ne": "", "admin_level": "settlement", "district": "Dhading", "province": "Bagmati", "geo_basis": "text_explicit", "as_of": "2026-08-30", "as_of_basis": "stated", "first_reported": "2026-08-31", "last_reported": "2026-08-31", "confidence": "high", "confidence_note": "Named settlement and district.", "density": "1", "effective_sources": "1", "independent_origins": "1", "origin": "media_own", "origin_note": "single outlet", "corroboration": "single_source", "evidence_quote": "The Prithvi Highway--a vital transportation lifeline connecting the capital city of Kathmandu with the rest of the nation--was completely disconnected on Sunday following a fresh landslide and major road collapse in the Krishnabhir area of Dhading district. The collapse occurred after the swollen Trishuli River severely eroded the road's retaining wall and foundation. Authorities have halted all vehicular and pedestrian traffic as the damaged stretch continues to subside.", "evidence_quote_en": "", "temporal_contamination_flag": "", "segment_from": "", "segment_to": "", "mode": "road", "passability": "blocked", "source_outlets": "Republic World", "source_outlet_count": 1, "entity_key": "Krishnabhir, Dhading||road", "geo_resolution": "district", "geo_statement": "Located to Dhading district only — the source names a place we could not resolve", "geo_match_name": null, "geo_match_osm_id": null, "geo_anchor_id": "79688334B79703604543181", "geo_anchor_name": "Dhading"}, "geometry": {"type": "Point", "coordinates": [84.87763638110704, 28.025043976557015]}}, {"type": "Feature", "properties": {"record_id": "4f29c18e25bab4c0", "table": "access", "location_raw": "Dhading", "location_ne": "", "admin_level": "district", "district": "Dhading", "province": "Bagmati", "geo_basis": "text_adjacent", "as_of": "2026-08-30", "as_of_basis": "article_date", "first_reported": "2026-08-28", "last_reported": "2026-08-31", "confidence": "medium", "confidence_note": "Bridge destruction isolated communities.", "density": "2", "effective_sources": "2", "independent_origins": "2", "origin": "unattributed", "origin_note": "2 outlets, no reporting body named; independence not established", "corroboration": "independent", "evidence_quote": "Destruction of major concrete and suspension bridges has isolated several local communities.", "evidence_quote_en": "", "temporal_contamination_flag": "", "segment_from": "", "segment_to": "", "mode": "road", "passability": "blocked", "source_outlets": "The Rising Nepal; Mathrubhumi English", "source_outlet_count": 2, "entity_key": "Dhading||road", "geo_resolution": "district", "geo_statement": "Located to Dhading district only", "geo_match_name": null, "geo_match_osm_id": null, "geo_anchor_id": "79688334B79703604543181", "geo_anchor_name": "Dhading"}, "geometry": {"type": "Point", "coordinates": [84.87763638110704, 28.025043976557015]}}, {"type": "Feature", "properties": {"record_id": "ab3a745c116d52a9", "table": "access", "location_raw": "Dhading and Trishuli", "location_ne": "", "admin_level": "district", "district": "Dhading", "province": "Bagmati", "geo_basis": "text_explicit", "as_of": "2026-08-30", "as_of_basis": "article_date", "first_reported": "2026-08-30", "last_reported": "2026-08-30", "confidence": "medium", "confidence_note": "Trishuli here refers to the town in Nuwakot/Dhading area; district set to Dhading only.", "density": "2", "effective_sources": "2", "independent_origins": "2", "origin": "unattributed", "origin_note": "2 outlets, no reporting body named; independence not established", "corroboration": "independent", "evidence_quote": "The obstruction of roads leading to Dhading and Trishuli hospitals, along with damaged road networks, has created a major challenge in delivering health services and relief materials to remote and displaced areas.", "evidence_quote_en": "", "temporal_contamination_flag": "False", "segment_from": "", "segment_to": "hospitals in Dhading and Trishuli", "mode": "road", "passability": "partial", "source_outlets": "dainiksaveratimes.com; Ratopati", "source_outlet_count": 2, "entity_key": "Dhading and Trishuli|hospitals in Dhading and Trishuli|road", "geo_resolution": "district", "geo_statement": "Located to Dhading district only", "geo_match_name": null, "geo_match_osm_id": null, "geo_anchor_id": "79688334B79703604543181", "geo_anchor_name": "Dhading"}, "geometry": {"type": "Point", "coordinates": [84.87763638110704, 28.025043976557015]}}, {"type": "Feature", "properties": {"record_id": "7903776524680563", "table": "access", "location_raw": "कृष्णभीर, धादिङ", "location_ne": "कृष्णभीर, धादिङ", "admin_level": "settlement", "district": "Dhading", "province": "Bagmati", "geo_basis": "text_explicit", "as_of": "2026-08-30", "as_of_basis": "article_date", "first_reported": "2026-08-30", "last_reported": "2026-08-30", "confidence": "high", "confidence_note": "Named blockage site, Dhading district.", "density": "1", "effective_sources": "1", "independent_origins": "1", "origin": "media_own", "origin_note": "single outlet", "corroboration": "single_source", "evidence_quote": "हेटौँडा । धादिङको कृष्णभीरमा पृथ्वी राजमार्ग अवरुद्ध भएपछि मकवानपुर हुँदै काठमाडौँ आवतजावत गर्ने सवारीसाधनको चाप बढेको भन्दै जिल्ला प्रशासन कार्यालय मकवानपुरले वैकल्पिक मार्ग प्रयोग गर्न आग्रह गरेको छ ।", "evidence_quote_en": "After the Prithvi Highway was blocked at Krishnabhir, Dhading, traffic via Makwanpur to Kathmandu increased; Makwanpur DAO urged use of alternate routes.", "temporal_contamination_flag": "False", "segment_from": "Krishnabhir", "segment_to": "", "mode": "road", "passability": "blocked", "source_outlets": "Arghakhanchi", "source_outlet_count": 1, "entity_key": "Krishnabhir||road", "geo_resolution": "district", "geo_statement": "Located to Dhading district only — the source names a place we could not resolve", "geo_match_name": null, "geo_match_osm_id": null, "geo_anchor_id": "79688334B79703604543181", "geo_anchor_name": "Dhading"}, "geometry": {"type": "Point", "coordinates": [84.87763638110704, 28.025043976557015]}}, {"type": "Feature", "properties": {"record_id": "94d632b0d82d8094", "table": "access", "location_raw": "पृथ्वी हाईवे, मुग्लिन-काठमांडू सेक्शन, कृष्णभीर (धाडिंग)", "location_ne": "", "admin_level": "district", "district": "Dhading", "province": "Bagmati", "geo_basis": "text_explicit", "as_of": "2026-08-30", "as_of_basis": "article_date", "first_reported": "2026-08-30", "last_reported": "2026-08-30", "confidence": "high", "confidence_note": "Krishnabhir, Dhading is a specifically named place along a named highway section.", "density": "1", "effective_sources": "1", "independent_origins": "1", "origin": "media_own", "origin_note": "single outlet", "corroboration": "single_source", "evidence_quote": "बाढ़ के कारण हुए कटाव और उसके बाद धाडिंग के कृष्णभीर में हुए भूस्खलन ने पृथ्वी हाईवे के मुग्लिन-काठमांडू सेक्शन को पूरी तरह से बंद कर दिया है।", "evidence_quote_en": "Erosion caused by the flood, followed by a landslide at Krishnabhir in Dhading, has completely closed the Mugling-Kathmandu section of the Prithvi Highway.", "temporal_contamination_flag": "False", "segment_from": "मुग्लिन", "segment_to": "काठमांडू", "mode": "road", "passability": "blocked", "source_outlets": "Navbharat Times", "source_outlet_count": 1, "entity_key": "मुग्लिन|काठमांडू|road", "geo_resolution": "district", "geo_statement": "Located to Dhading district only", "geo_match_name": null, "geo_match_osm_id": null, "geo_anchor_id": "79688334B79703604543181", "geo_anchor_name": "Dhading"}, "geometry": {"type": "Point", "coordinates": [84.87763638110704, 28.025043976557015]}}, {"type": "Feature", "properties": {"record_id": "3961b646c705c16e", "table": "access", "location_raw": "Parewatar, Dhading", "location_ne": "", "admin_level": "district", "district": "Dhading", "province": "Bagmati", "geo_basis": "text_explicit", "as_of": "2026-08-31", "as_of_basis": "stated", "first_reported": "2026-08-31", "last_reported": "2026-08-31", "confidence": "high", "confidence_note": "Figure and location stated directly in the quoted passage.", "density": "1", "effective_sources": "1", "independent_origins": "1", "origin": "media_own", "origin_note": "single outlet", "corroboration": "single_source", "evidence_quote": "धादिङमा भने अहिले वैकल्पिक मार्ग पनि अवरुद्ध भएको छ । धादिङवेशी परेवाटार-नेपालटार-गजुरीटार-आदमटार-बेलिनटार-केउरिनीटार हुँदै मास्टार (ह्याम्लेट रेष्टुरेन्ट) पृथ्वी राजमार्ग सञ्चालनमा आएकोमा परेवाटारमा सडक भासिएको छ । अहिले सडक दुईतर्फी बन्द भएको छ । यसको वैकल्पिक मार्ग तय भइसकेको छैन ।", "evidence_quote_en": "In Dhading, the alternate route is now also blocked. The Dhadingbesi-Parewatar-Nepaltar-Gajuritar-Adamtar-Belintar-Keurinitar route to Mastar (Hamlet Restaurant) on the Prithvi Highway was operating, but the road at Parewatar has sunk. The road is now blocked in both directions. No alternate route has been identified yet.", "temporal_contamination_flag": "", "segment_from": "Dhadingbesi", "segment_to": "Mastar (Prithvi Highway)", "mode": "road", "passability": "blocked", "source_outlets": "Onlinekhabar", "source_outlet_count": 1, "entity_key": "Dhadingbesi|Mastar (Prithvi Highway)|road", "geo_resolution": "district", "geo_statement": "Located to Dhading district only", "geo_match_name": null, "geo_match_osm_id": null, "geo_anchor_id": "79688334B79703604543181", "geo_anchor_name": "Dhading"}, "geometry": {"type": "Point", "coordinates": [84.87763638110704, 28.025043976557015]}}, {"type": "Feature", "properties": {"record_id": "f865a5e15b0d7026", "table": "access", "location_raw": "Krishnabhir, Benighat Rorang-7, Prithvi Highway", "location_ne": "", "admin_level": "ward", "district": "Dhading", "province": "Bagmati", "geo_basis": "text_explicit", "as_of": "2026-08-31", "as_of_basis": "article_date", "first_reported": "2026-08-31", "last_reported": "2026-08-31", "confidence": "high", "confidence_note": "Blocked even to foot traffic per the quote.", "density": "1", "effective_sources": "1", "independent_origins": "1", "origin": "media_own", "origin_note": "single outlet", "corroboration": "single_source", "evidence_quote": "प्रहरी प्रधान कार्यालयका अनुसार पृथ्वीराजमार्गअन्तर्गत बेनिघाट रोराङ गाउँपालिका–७ कृष्णभिरस्थित त्रिशूली नदीले कटान गर्दा सडक भासिन गई मानिससमेत आवतजावत गर्न नसक्ने गरी पूर्ण रुपमा अवरुद्ध भएको छ ।", "evidence_quote_en": "According to Police Headquarters, erosion by the Trishuli River at Krishnabhir in Benighat Rorang Rural Municipality-7 under the Prithvi Highway has caused the road to sink, fully blocking it such that even pedestrians cannot pass.", "temporal_contamination_flag": "", "segment_from": "Krishnabhir", "segment_to": "Krishnabhir", "mode": "foot", "passability": "blocked", "source_outlets": "Rajdhani Daily", "source_outlet_count": 1, "entity_key": "Krishnabhir|Krishnabhir|foot", "geo_resolution": "point", "geo_statement": "Matched \"Benighat Rorang-7\" to a named OSM place in Dhading", "geo_match_name": "बेनीघाट रोराङ", "geo_match_osm_id": "node/13235260367", "geo_anchor_id": null, "geo_anchor_name": null}, "geometry": {"type": "Point", "coordinates": [84.769707, 27.8074205]}}, {"type": "Feature", "properties": {"record_id": "a6a6ef7b68ed1080", "table": "access", "location_raw": "Parewabhir, Gajuri-2, Dhading", "location_ne": "", "admin_level": "ward", "district": "Dhading", "province": "Bagmati", "geo_basis": "text_explicit", "as_of": "2026-08-31", "as_of_basis": "article_date", "first_reported": "2026-08-31", "last_reported": "2026-08-31", "confidence": "high", "confidence_note": "Distinct location (Parewabhir, Gajuri-2) from a04223's Parewatar, Gajuri-3.", "density": "1", "effective_sources": "1", "independent_origins": "1", "origin": "media_own", "origin_note": "single outlet", "corroboration": "single_source", "evidence_quote": "त्यसैगरी धादिङको गजुरी गाउँपालिका–२ स्थित परेवाभिरमा पनि बाढीको कारण सडकको तल्लो भाग भासिएको कारणले पूर्ण रुपमा अवरुद्ध भएको छ ।", "evidence_quote_en": "Similarly, at Parewabhir in Gajuri Rural Municipality-2, Dhading, the lower part of the road has also sunk due to the flood and is fully blocked.", "temporal_contamination_flag": "", "segment_from": "Parewabhir", "segment_to": "Parewabhir", "mode": "road", "passability": "blocked", "source_outlets": "Rajdhani Daily", "source_outlet_count": 1, "entity_key": "Parewabhir|Parewabhir|road", "geo_resolution": "point", "geo_statement": "Matched \"Gajuri-2\" to a named OSM place in Dhading", "geo_match_name": "गजुरी", "geo_match_osm_id": "node/279374584", "geo_anchor_id": null, "geo_anchor_name": null}, "geometry": {"type": "Point", "coordinates": [84.8771186, 27.8046804]}}, {"type": "Feature", "properties": {"record_id": "23602f0f824976b7", "table": "access", "location_raw": "Krishnabhir, Benighat Rorang RM-7, Dhading", "location_ne": "", "admin_level": "settlement", "district": "Dhading", "province": "Bagmati", "geo_basis": "text_explicit", "as_of": "2026-08-31", "as_of_basis": "article_date", "first_reported": "2026-08-31", "last_reported": "2026-08-31", "confidence": "high", "confidence_note": "Named settlement/RM ward and district.", "density": "1", "effective_sources": "1", "independent_origins": "1", "origin": "media_own", "origin_note": "single outlet", "corroboration": "single_source", "evidence_quote": "The Prithvi Highway has been completely blocked at Krishnabhir in Benighat Rorang Rural Municipality-7 after the Trishuli River eroded part of the road, making the route impassable.", "evidence_quote_en": "", "temporal_contamination_flag": "", "segment_from": "", "segment_to": "", "mode": "road", "passability": "blocked", "source_outlets": "Khabarhub", "source_outlet_count": 1, "entity_key": "Krishnabhir, Benighat Rorang RM-7, Dhading||road", "geo_resolution": "point", "geo_statement": "Matched \"Benighat Rorang -7\" to a named OSM place in Dhading", "geo_match_name": "बेनीघाट रोराङ", "geo_match_osm_id": "node/13235260367", "geo_anchor_id": null, "geo_anchor_name": null}, "geometry": {"type": "Point", "coordinates": [84.769707, 27.8074205]}}, {"type": "Feature", "properties": {"record_id": "5bec98b769129895", "table": "access", "location_raw": "road to and from Kathmandu, Benighat Rural Municipality", "location_ne": "", "admin_level": "rural_municipality", "district": "Dhading", "province": "Bagmati", "geo_basis": "text_explicit", "as_of": "2026-08-31", "as_of_basis": "article_date", "first_reported": "2026-08-31", "last_reported": "2026-08-31", "confidence": "medium", "confidence_note": "Location is where the interviewee is based (Bishaltar, Benighat RM, Dhading).", "density": "1", "effective_sources": "1", "independent_origins": "1", "origin": "media_own", "origin_note": "single outlet", "corroboration": "single_source", "evidence_quote": "The road to and from Kathmandu is closed, but life is gradually returning to normal.", "evidence_quote_en": "", "temporal_contamination_flag": "False", "segment_from": "Kathmandu", "segment_to": "Benighat Rural Municipality, Dhading", "mode": "road", "passability": "blocked", "source_outlets": "Ratopati", "source_outlet_count": 1, "entity_key": "Kathmandu|Benighat Rural Municipality, Dhading|road", "geo_resolution": "point", "geo_statement": "Matched \"Benighat\" to a named OSM place in Dhading", "geo_match_name": "बेनीघाट", "geo_match_osm_id": "node/4941656353", "geo_anchor_id": null, "geo_anchor_name": null}, "geometry": {"type": "Point", "coordinates": [84.7951205, 27.7834662]}}, {"type": "Feature", "properties": {"record_id": "f5fe739379307789", "table": "access", "location_raw": "Prithvi Highway (Krishnabhir, Parewa Bhir)", "location_ne": "", "admin_level": "district", "district": "Dhading", "province": "Bagmati", "geo_basis": "text_explicit", "as_of": "2026-08-31", "as_of_basis": "stated", "first_reported": "2026-08-31", "last_reported": "2026-08-31", "confidence": "high", "confidence_note": "District named directly; 6:00 AM bulletin cited.", "density": "1", "effective_sources": "1", "independent_origins": "1", "origin": "media_own", "origin_note": "single outlet", "corroboration": "single_source", "evidence_quote": "The Prithvi Highway has been completely shut down following severe landslides at Krishnabhir and Parewa Bhir in Dhading, cutting off a vital arterial link to the capital as persistent heavy rainfall triggers widespread transportation chaos across Koshi, Bagmati, and Karnali provinces.", "evidence_quote_en": "", "temporal_contamination_flag": "False", "segment_from": "Krishnabhir", "segment_to": "Parewa Bhir", "mode": "road", "passability": "blocked", "source_outlets": "NepalNews", "source_outlet_count": 1, "entity_key": "Krishnabhir|Parewa Bhir|road", "geo_resolution": "district", "geo_statement": "Located to Dhading district only", "geo_match_name": null, "geo_match_osm_id": null, "geo_anchor_id": "79688334B79703604543181", "geo_anchor_name": "Dhading"}, "geometry": {"type": "Point", "coordinates": [84.87763638110704, 28.025043976557015]}}, {"type": "Feature", "properties": {"record_id": "04e242bf9a79c9ba", "table": "access", "location_raw": "Ghyalchowk-Charaudi, Gorkha", "location_ne": "", "admin_level": "settlement", "district": "Gorkha", "province": "Gandaki", "geo_basis": "text_explicit", "as_of": "2026-08-30", "as_of_basis": "stated", "first_reported": "2026-08-31", "last_reported": "2026-08-31", "confidence": "high", "confidence_note": "Named RM and district.", "density": "1", "effective_sources": "1", "independent_origins": "1", "origin": "media_own", "origin_note": "single outlet", "corroboration": "single_source", "evidence_quote": "Furthermore, officials said a fresh flood was also reported in the Trishuli River on Sunday, which swept away a suspension bridge that connected Ghyalchowk of Gandaki Rural Municipality-8 in Gorkha district of Gandaki province with Charaudi along the Prithvi Highway.", "evidence_quote_en": "", "temporal_contamination_flag": "", "segment_from": "", "segment_to": "", "mode": "road", "passability": "blocked", "source_outlets": "India TV News", "source_outlet_count": 1, "entity_key": "Ghyalchowk-Charaudi, Gorkha||road", "geo_resolution": "palika", "geo_statement": "Located to Gorkha local unit in Gorkha district — anchored to the unit, not an exact site", "geo_match_name": null, "geo_match_osm_id": null, "geo_anchor_id": "92635248B3615236193059", "geo_anchor_name": "Gorkha"}, "geometry": {"type": "Point", "coordinates": [84.60720171509175, 27.977304863747307]}}, {"type": "Feature", "properties": {"record_id": "cf12e5bcb72e0a80", "table": "access", "location_raw": "Gandaki Rural Municipality wards 7 and 8", "location_ne": "", "admin_level": "rural_municipality", "district": "Gorkha", "province": "Gandaki", "geo_basis": "text_explicit", "as_of": "2026-08-30", "as_of_basis": "stated", "first_reported": "2026-08-30", "last_reported": "2026-08-31", "confidence": "high", "confidence_note": "District named directly.", "density": "3", "effective_sources": "3", "independent_origins": "3", "origin": "unattributed", "origin_note": "3 outlets, no reporting body named; independence not established", "corroboration": "independent", "evidence_quote": "The loss of the bridge has made it difficult for residents of Gandaki Rural Municipality wards 7 and 8 to cross the Trishuli River and reach the highway.", "evidence_quote_en": "", "temporal_contamination_flag": "False", "segment_from": "Gandaki Rural Municipality wards 7/8", "segment_to": "Prithvi Highway", "mode": "road", "passability": "blocked", "source_outlets": "Khabarhub; bhaskardigital.com; News On AIR", "source_outlet_count": 3, "entity_key": "Gandaki Rural Municipality wards 7/8|Prithvi Highway|road", "geo_resolution": "district", "geo_statement": "Located to Gorkha district only — the source names a place we could not resolve", "geo_match_name": null, "geo_match_osm_id": null, "geo_anchor_id": "79688334B93802880856426", "geo_anchor_name": "Gorkha"}, "geometry": {"type": "Point", "coordinates": [84.81454945836937, 28.29653345281497]}}, {"type": "Feature", "properties": {"record_id": "97bc5367fc9b82d2", "table": "access", "location_raw": "राजदुवाली, मेची राजमार्ग, इलाम", "location_ne": "", "admin_level": "district", "district": "Ilam", "province": "Koshi", "geo_basis": "text_explicit", "as_of": "2026-08-29", "as_of_basis": "article_date", "first_reported": "2026-08-29", "last_reported": "2026-08-29", "confidence": "high", "confidence_note": "District explicitly named.", "density": "1", "effective_sources": "1", "independent_origins": "1", "origin": "media_own", "origin_note": "single outlet", "corroboration": "single_source", "evidence_quote": "कोशी प्रदेशको मेची राजमार्ग अन्तर्गत इलामको राजदुवालीमा अविरल वर्षाका कारण सडक पूर्ण रूपमा अवरुद्ध भएको छ ।", "evidence_quote_en": "", "temporal_contamination_flag": "", "segment_from": "", "segment_to": "", "mode": "road", "passability": "blocked", "source_outlets": "Ratopati", "source_outlet_count": 1, "entity_key": "राजदुवाली, मेची राजमार्ग, इलाम||road", "geo_resolution": "district", "geo_statement": "Located to Ilam district only", "geo_match_name": null, "geo_match_osm_id": null, "geo_anchor_id": "79688334B6151505937554", "geo_anchor_name": "Ilam"}, "geometry": {"type": "Point", "coordinates": [87.9186847380159, 26.891127611416692]}}, {"type": "Feature", "properties": {"record_id": "ca4687ca7758432a", "table": "access", "location_raw": "राजदुवाली, इलाम (मेची राजमार्ग, झापा-ताप्लेजुङ सडक)", "location_ne": "", "admin_level": "settlement", "district": "Ilam", "province": "Koshi", "geo_basis": "text_explicit", "as_of": "2026-08-29", "as_of_basis": "stated", "first_reported": "2026-08-29", "last_reported": "2026-08-29", "confidence": "high", "confidence_note": "Mechi Highway fully blocked by continuous rain at Rajduwali, Ilam.", "density": "1", "effective_sources": "1", "independent_origins": "1", "origin": "media_own", "origin_note": "single outlet", "corroboration": "single_source", "evidence_quote": "पूर्वी नेपालतर्फ ईलामको राजदुवालीस्थित मेची राजमार्ग (झापा-ताप्लेजुङ सडक) अविरल वर्षाका कारण पूर्ण रूपमा अवरुद्ध भएको छ।", "evidence_quote_en": "", "temporal_contamination_flag": "", "segment_from": "झापा", "segment_to": "ताप्लेजुङ", "mode": "road", "passability": "blocked", "source_outlets": "Arghakhanchi", "source_outlet_count": 1, "entity_key": "झापा|ताप्लेजुङ|road", "geo_resolution": "district", "geo_statement": "Located to Ilam district only — the source names a place we could not resolve", "geo_match_name": null, "geo_match_osm_id": null, "geo_anchor_id": "79688334B6151505937554", "geo_anchor_name": "Ilam"}, "geometry": {"type": "Point", "coordinates": [87.9186847380159, 26.891127611416692]}}, {"type": "Feature", "properties": {"record_id": "38a9782e8463f941", "table": "access", "location_raw": "Mechi Highway (Jhapa-Taplejung section, Rajduwali)", "location_ne": "", "admin_level": "district", "district": "Ilam", "province": "Koshi", "geo_basis": "text_explicit", "as_of": "2026-08-31", "as_of_basis": "stated", "first_reported": "2026-08-28", "last_reported": "2026-08-31", "confidence": "high", "confidence_note": "District named directly; alternative route available so marked partial rather than blocked.", "density": "2", "effective_sources": "2", "independent_origins": "2", "origin": "unattributed", "origin_note": "2 outlets, no reporting body named; independence not established", "corroboration": "independent", "evidence_quote": "In eastern Koshi Province, the Mechi Highway’s Jhapa–Taplejung section is impassable at Rajduwali, Ilam, though an alternative route is available.", "evidence_quote_en": "", "temporal_contamination_flag": "False", "segment_from": "Jhapa", "segment_to": "Taplejung", "mode": "road", "passability": "partial", "source_outlets": "Nepal News; NepalNews", "source_outlet_count": 2, "entity_key": "Jhapa|Taplejung|road", "geo_resolution": "district", "geo_statement": "Located to Ilam district only", "geo_match_name": null, "geo_match_osm_id": null, "geo_anchor_id": "79688334B6151505937554", "geo_anchor_name": "Ilam"}, "geometry": {"type": "Point", "coordinates": [87.9186847380159, 26.891127611416692]}}, {"type": "Feature", "properties": {"record_id": "7d8d9bad3eab05f7", "table": "access", "location_raw": "खुर्कोट-नेपालथोक-कटुन्जेबेँसी खण्ड, काभ्रे (बि.पि. राजमार्ग)", "location_ne": "", "admin_level": "district", "district": "Kavrepalanchok", "province": "Bagmati", "geo_basis": "text_explicit", "as_of": "2026-08-29", "as_of_basis": "stated", "first_reported": "2026-08-29", "last_reported": "2026-08-29", "confidence": "high", "confidence_note": "Night traffic ban, daytime conditional on conditions.", "density": "1", "effective_sources": "1", "independent_origins": "1", "origin": "media_own", "origin_note": "single outlet", "corroboration": "single_source", "evidence_quote": "बागमती प्रदेशका अन्य प्रमुख सडकहरूमा काभ्रेस्थित बि.पि. राजमार्गको खुर्कोट-नेपालथोक-कटुन्जेबेँसी खण्डमा साँझ ६ बजेदेखि बिहान ४ बजेसम्म सवारी सञ्चालनमा रोक लगाइएको छ भने दिउँसोको समयमा परिस्थिति हेरेर मात्र गाडी खुलाउने गरिएको छ।", "evidence_quote_en": "", "temporal_contamination_flag": "", "segment_from": "खुर्कोट", "segment_to": "कटुन्जेबेँसी", "mode": "road", "passability": "partial", "source_outlets": "Arghakhanchi", "source_outlet_count": 1, "entity_key": "खुर्कोट|कटुन्जेबेँसी|road", "geo_resolution": "district", "geo_statement": "Located to Kabherepalanchok district only", "geo_match_name": null, "geo_match_osm_id": null, "geo_anchor_id": "79688334B6633706619717", "geo_anchor_name": "Kabherepalanchok"}, "geometry": {"type": "Point", "coordinates": [85.60127411023883, 27.54617456460494]}}, {"type": "Feature", "properties": {"record_id": "d24c0a9f07526e3c", "table": "access", "location_raw": "BP Highway, Kavre", "location_ne": "", "admin_level": "district", "district": "Kavrepalanchok", "province": "Bagmati", "geo_basis": "text_explicit", "as_of": "2026-08-31", "as_of_basis": "stated", "first_reported": "2026-08-29", "last_reported": "2026-08-31", "confidence": "high", "confidence_note": "Nightly travel ban (6PM-4AM) due to flood/landslide threat; road open by day.", "density": "2", "effective_sources": "2", "independent_origins": "2", "origin": "unattributed", "origin_note": "2 outlets, no reporting body named; independence not established", "corroboration": "independent", "evidence_quote": "Central region travel is further constrained as Bagmati Province implements strict night-travel bans on key corridors: the BP Highway in Kavre suspends movement from 6:00 PM to 4:00 AM, while Makwanpur’s Kanti Lokpath (5:00 PM to 5:00 AM) and Nuwakot’s Tokha–Chhahare road (10:00 PM to 5:00 AM) remain closed overnight due to active flood and landslide threats.", "evidence_quote_en": "", "temporal_contamination_flag": "False", "segment_from": "", "segment_to": "", "mode": "road", "passability": "partial", "source_outlets": "Ratopati; NepalNews", "source_outlet_count": 2, "entity_key": "BP Highway, Kavre||road", "geo_resolution": "district", "geo_statement": "Located to Kabherepalanchok district only", "geo_match_name": null, "geo_match_osm_id": null, "geo_anchor_id": "79688334B6633706619717", "geo_anchor_name": "Kabherepalanchok"}, "geometry": {"type": "Point", "coordinates": [85.60127411023883, 27.54617456460494]}}, {"type": "Feature", "properties": {"record_id": "965ee4244a03f415", "table": "access", "location_raw": "Shreechaur, Marsyangdi RM-4, Lamjung", "location_ne": "", "admin_level": "settlement", "district": "Lamjung", "province": "Gandaki", "geo_basis": "text_explicit", "as_of": "2026-08-31", "as_of_basis": "article_date", "first_reported": "2026-08-31", "last_reported": "2026-08-31", "confidence": "high", "confidence_note": "Named settlement/RM and district.", "density": "1", "effective_sources": "1", "independent_origins": "1", "origin": "media_own", "origin_note": "single outlet", "corroboration": "single_source", "evidence_quote": "According to the Police Headquarters, the Besisahar-Manang road has also been completely blocked at Shreechaur in Marsyangdi Rural Municipality-4, Lamjung.", "evidence_quote_en": "", "temporal_contamination_flag": "", "segment_from": "", "segment_to": "", "mode": "road", "passability": "blocked", "source_outlets": "Khabarhub", "source_outlet_count": 1, "entity_key": "Shreechaur, Marsyangdi RM-4, Lamjung||road", "geo_resolution": "palika", "geo_statement": "Located to Marsyangdi local unit in Lamjung district — anchored to the unit, not an exact site", "geo_match_name": null, "geo_match_osm_id": null, "geo_anchor_id": "92635248B24948027037191", "geo_anchor_name": "Marsyangdi"}, "geometry": {"type": "Point", "coordinates": [84.41653630560268, 28.38045036361742]}}, {"type": "Feature", "properties": {"record_id": "95d4f61c456a167a", "table": "access", "location_raw": "Hetauda-Tingan-Bagmati-Lalitpur, Makawanpur", "location_ne": "", "admin_level": "district", "district": "Makwanpur", "province": "Bagmati", "geo_basis": "text_explicit", "as_of": "2026-08-30", "as_of_basis": "article_date", "first_reported": "2026-08-30", "last_reported": "2026-08-30", "confidence": "high", "confidence_note": "Explicitly 'prohibited'.", "density": "2", "effective_sources": "2", "independent_origins": "2", "origin": "unattributed", "origin_note": "2 outlets, no reporting body named; independence not established", "corroboration": "independent", "evidence_quote": "Meanwhile, vehicle movement has been prohibited along the Hetauda-Tingan-Bagmati-Lalitpur road section in Makawanpur due to the risk of possible floods and landslides.", "evidence_quote_en": "", "temporal_contamination_flag": "", "segment_from": "Hetauda", "segment_to": "Lalitpur", "mode": "road", "passability": "blocked", "source_outlets": "Khabarhub; Nepal News", "source_outlet_count": 2, "entity_key": "Hetauda|Lalitpur|road", "geo_resolution": "district", "geo_statement": "Located to Makawanpur district only", "geo_match_name": null, "geo_match_osm_id": null, "geo_anchor_id": "79688334B4770070965791", "geo_anchor_name": "Makawanpur"}, "geometry": {"type": "Point", "coordinates": [84.95784960207959, 27.45125549024656]}}, {"type": "Feature", "properties": {"record_id": "e2d6d6b33c517e39", "table": "access", "location_raw": "Kanti Lokpath, Makwanpur", "location_ne": "", "admin_level": "district", "district": "Makwanpur", "province": "Bagmati", "geo_basis": "text_explicit", "as_of": "2026-08-31", "as_of_basis": "stated", "first_reported": "2026-08-29", "last_reported": "2026-08-31", "confidence": "high", "confidence_note": "Nightly travel ban (5PM-5AM) due to flood/landslide threat; road open by day.", "density": "3", "effective_sources": "3", "independent_origins": "3", "origin": "unattributed", "origin_note": "3 outlets, no reporting body named; independence not established", "corroboration": "independent", "evidence_quote": "Central region travel is further constrained as Bagmati Province implements strict night-travel bans on key corridors: the BP Highway in Kavre suspends movement from 6:00 PM to 4:00 AM, while Makwanpur’s Kanti Lokpath (5:00 PM to 5:00 AM) and Nuwakot’s Tokha–Chhahare road (10:00 PM to 5:00 AM) remain closed overnight due to active flood and landslide threats.", "evidence_quote_en": "", "temporal_contamination_flag": "False", "segment_from": "", "segment_to": "", "mode": "road", "passability": "partial", "source_outlets": "Ratopati; Arghakhanchi; NepalNews", "source_outlet_count": 3, "entity_key": "Kanti Lokpath, Makwanpur||road", "geo_resolution": "district", "geo_statement": "Located to Makawanpur district only", "geo_match_name": null, "geo_match_osm_id": null, "geo_anchor_id": "79688334B4770070965791", "geo_anchor_name": "Makawanpur"}, "geometry": {"type": "Point", "coordinates": [84.95784960207959, 27.45125549024656]}}, {"type": "Feature", "properties": {"record_id": "4bb7fa5689addd6d", "table": "access", "location_raw": "Nagma-Mugu Gamgadhi road (Jhyarikhola, Tokla)", "location_ne": "", "admin_level": "district", "district": "Mugu", "province": "Karnali", "geo_basis": "text_explicit", "as_of": "2026-08-31", "as_of_basis": "stated", "first_reported": "2026-08-31", "last_reported": "2026-08-31", "confidence": "high", "confidence_note": "District named directly.", "density": "2", "effective_sources": "2", "independent_origins": "2", "origin": "unattributed", "origin_note": "2 outlets, no reporting body named; independence not established", "corroboration": "independent", "evidence_quote": "Meanwhile, in western Karnali Province, the Nagma–Mugu Gamgadhi road in Mugu district remains cut off at Jhyarikhola and Tokla.", "evidence_quote_en": "", "temporal_contamination_flag": "False", "segment_from": "", "segment_to": "", "mode": "road", "passability": "blocked", "source_outlets": "Khabarhub; NepalNews", "source_outlet_count": 2, "entity_key": "Nagma-Mugu Gamgadhi road (Jhyarikhola, Tokla)||road", "geo_resolution": "province", "geo_statement": "Located to Karnali province only — the source names no district", "geo_match_name": null, "geo_match_osm_id": null, "geo_anchor_id": "38925275B76883637113030", "geo_anchor_name": "Karnali"}, "geometry": {"type": "Point", "coordinates": [82.47500660051091, 29.29921684759764]}}, {"type": "Feature", "properties": {"record_id": "bf43a3801244be36", "table": "access", "location_raw": "Korola checkpoint, Jomsom", "location_ne": "", "admin_level": "settlement", "district": "Mustang", "province": "Gandaki", "geo_basis": "text_explicit", "as_of": "2026-08-30", "as_of_basis": "stated", "first_reported": "2026-08-31", "last_reported": "2026-08-31", "confidence": "medium", "confidence_note": "Alternate trade route carrying cargo diverted after the Rasuwagadhi-Kerung closure.", "density": "2", "effective_sources": "2", "independent_origins": "2", "origin": "unattributed", "origin_note": "2 outlets, no reporting body named; independence not established", "corroboration": "independent", "evidence_quote": "A total of 66 goods-laden trucks were recorded at the Armed Police Force, Nepal check post in Jomsom, Mustang, on Sunday evening.", "evidence_quote_en": "", "temporal_contamination_flag": "False", "segment_from": "Rasuwagadhi-Kerung", "segment_to": "Korola (Mustang)", "mode": "road", "passability": "open", "source_outlets": "Onlinekhabar; Khabarhub", "source_outlet_count": 2, "entity_key": "Rasuwagadhi-Kerung|Korola (Mustang)|road", "geo_resolution": "district", "geo_statement": "Located to Mustang district only — the source names a place we could not resolve", "geo_match_name": null, "geo_match_osm_id": null, "geo_anchor_id": "79688334B73312243480989", "geo_anchor_name": "Mustang"}, "geometry": {"type": "Point", "coordinates": [83.86471421093114, 28.977665344347315]}}, {"type": "Feature", "properties": {"record_id": "3335f174bb65bdeb", "table": "access", "location_raw": "Devighat", "location_ne": "", "admin_level": "settlement", "district": "Nuwakot", "province": "Bagmati", "geo_basis": "text_explicit", "as_of": "2026-08-27", "as_of_basis": "stated", "first_reported": "2026-08-28", "last_reported": "2026-08-28", "confidence": "high", "confidence_note": "", "density": "3", "effective_sources": "3", "independent_origins": "3", "origin": "unattributed", "origin_note": "3 outlets, no reporting body named; independence not established", "corroboration": "independent", "evidence_quote": "Road clearance operations are also underway. The report said road obstructions at Devighat have been cleared, while equipment has been deployed to clear blockages on the Galchi-Bidur-Trishuli and Baireni-Muglin road sections.", "evidence_quote_en": "", "temporal_contamination_flag": "False", "segment_from": "Devighat", "segment_to": "", "mode": "road", "passability": "open", "source_outlets": "Khabarhub; Asianet Newsable; Deshsanchar", "source_outlet_count": 3, "entity_key": "Devighat||road", "geo_resolution": "point", "geo_statement": "Matched \"Devighat\" to a named OSM place in Nuwakot", "geo_match_name": "देवीघाट", "geo_match_osm_id": "node/4156044161", "geo_anchor_id": null, "geo_anchor_name": null}, "geometry": {"type": "Point", "coordinates": [85.1100635, 27.8600323]}}, {"type": "Feature", "properties": {"record_id": "861b64e22d1a2994", "table": "access", "location_raw": "Galchi-Bidur-Trishuli road section", "location_ne": "", "admin_level": "district", "district": "Nuwakot", "province": "Bagmati", "geo_basis": "text_explicit", "as_of": "2026-08-27", "as_of_basis": "stated", "first_reported": "2026-08-28", "last_reported": "2026-08-28", "confidence": "medium", "confidence_note": "", "density": "1", "effective_sources": "1", "independent_origins": "1", "origin": "media_own", "origin_note": "single outlet", "corroboration": "single_source", "evidence_quote": "Road clearance operations are also underway. The report said road obstructions at Devighat have been cleared, while equipment has been deployed to clear blockages on the Galchi-Bidur-Trishuli and Baireni-Muglin road sections.", "evidence_quote_en": "", "temporal_contamination_flag": "False", "segment_from": "Galchi", "segment_to": "Trishuli (via Bidur)", "mode": "road", "passability": "blocked", "source_outlets": "Asianet Newsable", "source_outlet_count": 1, "entity_key": "Galchi|Trishuli (via Bidur)|road", "geo_resolution": "district", "geo_statement": "Located to Nuwakot district only", "geo_match_name": null, "geo_match_osm_id": null, "geo_anchor_id": "79688334B17077666187877", "geo_anchor_name": "Nuwakot"}, "geometry": {"type": "Point", "coordinates": [85.20729652963067, 27.936643231647253]}}, {"type": "Feature", "properties": {"record_id": "3134bf513ef2c918", "table": "access", "location_raw": "villages in Nuwakot", "location_ne": "", "admin_level": "district", "district": "Nuwakot", "province": "Bagmati", "geo_basis": "text_explicit", "as_of": "2026-08-27", "as_of_basis": "stated", "first_reported": "2026-08-28", "last_reported": "2026-08-28", "confidence": "medium", "confidence_note": "District explicit; specific villages not named.", "density": "2", "effective_sources": "2", "independent_origins": "2", "origin": "unattributed", "origin_note": "2 outlets, no reporting body named; independence not established", "corroboration": "independent", "evidence_quote": "Nuwakot is the worst-affected; some villages are now reachable only by air.", "evidence_quote_en": "", "temporal_contamination_flag": "", "segment_from": "", "segment_to": "", "mode": "helicopter", "passability": "heli_only", "source_outlets": "Direct Relief; Ratopati", "source_outlet_count": 2, "entity_key": "villages in Nuwakot||helicopter", "geo_resolution": "district", "geo_statement": "Located to Nuwakot district only", "geo_match_name": null, "geo_match_osm_id": null, "geo_anchor_id": "79688334B17077666187877", "geo_anchor_name": "Nuwakot"}, "geometry": {"type": "Point", "coordinates": [85.20729652963067, 27.936643231647253]}}, {"type": "Feature", "properties": {"record_id": "4ec6245f04ed8142", "table": "access", "location_raw": "Tokha–Chhare road section, Nuwakot", "location_ne": "", "admin_level": "district", "district": "Nuwakot", "province": "Bagmati", "geo_basis": "text_explicit", "as_of": "2026-08-28", "as_of_basis": "article_date", "first_reported": "2026-08-28", "last_reported": "2026-08-28", "confidence": "high", "confidence_note": "Nuwakot explicitly named.", "density": "1", "effective_sources": "1", "independent_origins": "1", "origin": "media_own", "origin_note": "single outlet", "corroboration": "single_source", "evidence_quote": "Nighttime vehicular movement has also been suspended until 5:00 AM along Kanti Lokpath (Hetauda–Thingan–Lalitpur) and the Tokha–Chhare road section in Nuwakot to prevent potential casualties from nocturnal floods and landslides.", "evidence_quote_en": "", "temporal_contamination_flag": "False", "segment_from": "Tokha", "segment_to": "Chhare", "mode": "road", "passability": "partial", "source_outlets": "Nepal News", "source_outlet_count": 1, "entity_key": "Tokha|Chhare|road", "geo_resolution": "district", "geo_statement": "Located to Nuwakot district only", "geo_match_name": null, "geo_match_osm_id": null, "geo_anchor_id": "79688334B17077666187877", "geo_anchor_name": "Nuwakot"}, "geometry": {"type": "Point", "coordinates": [85.20729652963067, 27.936643231647253]}}, {"type": "Feature", "properties": {"record_id": "ccc0e43e8f915bf2", "table": "access", "location_raw": "Bidur", "location_ne": "", "admin_level": "settlement", "district": "Nuwakot", "province": "Bagmati", "geo_basis": "text_explicit", "as_of": "2026-08-28", "as_of_basis": "article_date", "first_reported": "2026-08-28", "last_reported": "2026-08-28", "confidence": "medium", "confidence_note": "Bidur described as 'the last point up to which vehicles can reach'; beyond is not passable by road.", "density": "1", "effective_sources": "1", "independent_origins": "1", "origin": "media_own", "origin_note": "single outlet", "corroboration": "single_source", "evidence_quote": "reached Bidur, the district headquarters of Nuwakot, which abuts Rasuwa, by road. With 19 bridges and 40 kilometres of roads damaged, it is the last point up to which vehicles can reach.", "evidence_quote_en": "", "temporal_contamination_flag": "False", "segment_from": "Bidur", "segment_to": "Rasuwa", "mode": "road", "passability": "blocked", "source_outlets": "The Hindu", "source_outlet_count": 1, "entity_key": "Bidur|Rasuwa|road", "geo_resolution": "point", "geo_statement": "Matched \"Bidur\" to a named OSM place in Nuwakot", "geo_match_name": "बिदुर", "geo_match_osm_id": "node/3499801960", "geo_anchor_id": null, "geo_anchor_name": null}, "geometry": {"type": "Point", "coordinates": [85.146446, 27.89526]}}, {"type": "Feature", "properties": {"record_id": "8ba2fb8d8012bf95", "table": "access", "location_raw": "Devighat", "location_ne": "", "admin_level": "settlement", "district": "Nuwakot", "province": "Bagmati", "geo_basis": "text_explicit", "as_of": "2026-08-28", "as_of_basis": "article_date", "first_reported": "2026-08-28", "last_reported": "2026-08-28", "confidence": "medium", "confidence_note": "Settlement named directly, district not stated in this passage.", "density": "2", "effective_sources": "2", "independent_origins": "2", "origin": "unattributed", "origin_note": "2 outlets, no reporting body named; independence not established", "corroboration": "independent", "evidence_quote": "road obstructions at Devighat have been cleared, while equipment has been deployed to clear blockages on the Galchi-Bidur-Trishuli and Baireni-Muglin road sections.", "evidence_quote_en": "", "temporal_contamination_flag": "", "segment_from": "Devighat", "segment_to": "Devighat", "mode": "road", "passability": "open", "source_outlets": "The Statesman; Deccan Chronicle", "source_outlet_count": 2, "entity_key": "Devighat|Devighat|road", "geo_resolution": "point", "geo_statement": "Matched \"Devighat\" to a named OSM place in Nuwakot", "geo_match_name": "देवीघाट", "geo_match_osm_id": "node/4156044161", "geo_anchor_id": null, "geo_anchor_name": null}, "geometry": {"type": "Point", "coordinates": [85.1100635, 27.8600323]}}, {"type": "Feature", "properties": {"record_id": "8133d4561d29799a", "table": "access", "location_raw": "बेत्रावती", "location_ne": "", "admin_level": "district", "district": "Nuwakot", "province": "Bagmati", "geo_basis": "text_explicit", "as_of": "2026-08-28", "as_of_basis": "article_date", "first_reported": "2026-08-28", "last_reported": "2026-08-28", "confidence": "high", "confidence_note": "Named settlement, district explicit.", "density": "1", "effective_sources": "1", "independent_origins": "1", "origin": "media_own", "origin_note": "single outlet", "corroboration": "single_source", "evidence_quote": "बेत्रावतीमा सडक पूर्ण रूपमा अवरुद्ध भएको छ र घरहरूमा क्षति पुगेको छ।", "evidence_quote_en": "", "temporal_contamination_flag": "", "segment_from": "", "segment_to": "बेत्रावती", "mode": "road", "passability": "blocked", "source_outlets": "Onlinekhabar", "source_outlet_count": 1, "entity_key": "बेत्रावती|बेत्रावती|road", "geo_resolution": "district", "geo_statement": "Located to Nuwakot district only", "geo_match_name": null, "geo_match_osm_id": null, "geo_anchor_id": "79688334B17077666187877", "geo_anchor_name": "Nuwakot"}, "geometry": {"type": "Point", "coordinates": [85.20729652963067, 27.936643231647253]}}, {"type": "Feature", "properties": {"record_id": "65248859cd4a9ff9", "table": "access", "location_raw": "Nuwakot", "location_ne": "", "admin_level": "district", "district": "Nuwakot", "province": "Bagmati", "geo_basis": "text_explicit", "as_of": "2026-08-28", "as_of_basis": "stated", "first_reported": "2026-08-28", "last_reported": "2026-08-28", "confidence": "high", "confidence_note": "IFRC relief-truck route to Nuwakot explicitly stated as unreachable on Aug. 28 due to the secondary flood risk.", "density": "2", "effective_sources": "2", "independent_origins": "2", "origin": "unattributed", "origin_note": "2 outlets, no reporting body named; independence not established", "corroboration": "independent", "evidence_quote": "today we were not able to reach Nuwakot due to safety concerns related to the secondary flood", "evidence_quote_en": "", "temporal_contamination_flag": "", "segment_from": "", "segment_to": "Nuwakot", "mode": "road", "passability": "blocked", "source_outlets": "myRepublica; USA Today", "source_outlet_count": 2, "entity_key": "Nuwakot|Nuwakot|road", "geo_resolution": "district", "geo_statement": "Located to Nuwakot district only", "geo_match_name": null, "geo_match_osm_id": null, "geo_anchor_id": "79688334B17077666187877", "geo_anchor_name": "Nuwakot"}, "geometry": {"type": "Point", "coordinates": [85.20729652963067, 27.936643231647253]}}, {"type": "Feature", "properties": {"record_id": "e8244701184b986c", "table": "access", "location_raw": "देवीघाट (Devighat)", "location_ne": "देवीघाट", "admin_level": "settlement", "district": "Nuwakot", "province": "Bagmati", "geo_basis": "text_explicit", "as_of": "2026-08-28", "as_of_basis": "article_date", "first_reported": "2026-08-28", "last_reported": "2026-08-28", "confidence": "high", "confidence_note": "Explicit statement that the area is disconnected from the road network.", "density": "1", "effective_sources": "1", "independent_origins": "1", "origin": "media_own", "origin_note": "single outlet", "corroboration": "single_source", "evidence_quote": "केही तल रहेको अर्को पुलसमेत बाढीले बगाएपछि देवीघाट क्षेत्र अहिले सडक सम्पर्कबाट टाढिएको छ ।", "evidence_quote_en": "After another bridge slightly downstream was also swept away by the flood, the Devighat area is now cut off from road contact.", "temporal_contamination_flag": "", "segment_from": "", "segment_to": "", "mode": "road", "passability": "blocked", "source_outlets": "Onlinekhabar", "source_outlet_count": 1, "entity_key": "देवीघाट (Devighat)||road", "geo_resolution": "point", "geo_statement": "Matched \"Devighat\" to a named OSM place in Nuwakot", "geo_match_name": "देवीघाट", "geo_match_osm_id": "node/4156044161", "geo_anchor_id": null, "geo_anchor_name": null}, "geometry": {"type": "Point", "coordinates": [85.1100635, 27.8600323]}}, {"type": "Feature", "properties": {"record_id": "c8e5e80ecc61e7cc", "table": "access", "location_raw": "बेत्रावती, सोले, कर्मेटार, अक्करे, सिमुटार, त्रिशूलीबजार, बान्द्रेढुंगा, शिरखाली", "location_ne": "बेत्रावती, सोले, कर्मेटार, अक्करे, सिमुटार, त्रिशूलीबजार, बान्द्रेढुंगा, शिरखाली", "admin_level": "settlement", "district": "Nuwakot", "province": "Bagmati", "geo_basis": "text_explicit", "as_of": "2026-08-28", "as_of_basis": "article_date", "first_reported": "2026-08-28", "last_reported": "2026-08-28", "confidence": "medium", "confidence_note": "Article explicitly states status is unknown; per instructions, as_of_basis is 'unknown' rather than guessed. [no date in text; fell back to publication date]", "density": "1", "effective_sources": "1", "independent_origins": "1", "origin": "media_own", "origin_note": "single outlet", "corroboration": "single_source", "evidence_quote": "विशेषगरी त्रिशूली पारि रहेका बेत्रावती, सोले, कर्मेटार, अक्करे, सिमुटार, त्रिशूलीबजारसँगै नदीको तटीय तल्लो बेल्ट बान्द्रेढुंगा र शिरखाली क्षेत्रको अवस्था के छ भन्ने अन्योल नै छ।", "evidence_quote_en": "In particular, the status of Betrawati, Sole, Karmaitar, Akkare, Simutar, and Trishuli Bazar, along with the lower riverside belt of Bandredhunga and Shirkhali across the Trishuli, remains unclear.", "temporal_contamination_flag": "", "segment_from": "", "segment_to": "", "mode": "road", "passability": "unknown", "source_outlets": "Ratopati", "source_outlet_count": 1, "entity_key": "बेत्रावती, सोले, कर्मेटार, अक्करे, सिमुटार, त्रिशूलीबजार, बान्द्रेढुंगा, शिरखाली||road", "geo_resolution": "district", "geo_statement": "Located to Nuwakot district only — the source names a place we could not resolve", "geo_match_name": null, "geo_match_osm_id": null, "geo_anchor_id": "79688334B17077666187877", "geo_anchor_name": "Nuwakot"}, "geometry": {"type": "Point", "coordinates": [85.20729652963067, 27.936643231647253]}}, {"type": "Feature", "properties": {"record_id": "bbf5a3002f66098e", "table": "access", "location_raw": "Trishuli, Nuwakot", "location_ne": "", "admin_level": "settlement", "district": "Nuwakot", "province": "Bagmati", "geo_basis": "text_explicit", "as_of": "2026-08-28", "as_of_basis": "article_date", "first_reported": "2026-08-28", "last_reported": "2026-08-28", "confidence": "high", "confidence_note": "Named hospital and district explicitly.", "density": "1", "effective_sources": "1", "independent_origins": "1", "origin": "media_own", "origin_note": "single outlet", "corroboration": "single_source", "evidence_quote": "The Nepal Army has deployed MI-17 helicopters to establish an emergency airlift corridor to the District Hospital in Trishuli, allowing critically injured survivors to be evacuated and supporting search-and-rescue teams in isolated areas.", "evidence_quote_en": "", "temporal_contamination_flag": "False", "segment_from": "isolated flood-affected areas", "segment_to": "District Hospital, Trishuli", "mode": "helicopter", "passability": "heli_only", "source_outlets": "Yahoo News Australia", "source_outlet_count": 1, "entity_key": "isolated flood-affected areas|District Hospital, Trishuli|helicopter", "geo_resolution": "district", "geo_statement": "Located to Nuwakot district only — the source names a place we could not resolve", "geo_match_name": null, "geo_match_osm_id": null, "geo_anchor_id": "79688334B17077666187877", "geo_anchor_name": "Nuwakot"}, "geometry": {"type": "Point", "coordinates": [85.20729652963067, 27.936643231647253]}}, {"type": "Feature", "properties": {"record_id": "bac864262c0f6fe4", "table": "access", "location_raw": "Rasuwa-Nuwakot connecting bridge, Betrawati", "location_ne": "", "admin_level": "settlement", "district": "Nuwakot", "province": "Bagmati", "geo_basis": "text_explicit", "as_of": "2026-08-28", "as_of_basis": "article_date", "first_reported": "2026-08-28", "last_reported": "2026-08-28", "confidence": "high", "confidence_note": "The bridge connecting the two districts at Betrawati is gone, blocking the crossing.", "density": "1", "effective_sources": "1", "independent_origins": "1", "origin": "media_own", "origin_note": "single outlet", "corroboration": "single_source", "evidence_quote": "रसुवालाई नुवाकोट जोड्ने पुलको नामोनिशान छैन ।", "evidence_quote_en": "", "temporal_contamination_flag": "False", "segment_from": "Rasuwa", "segment_to": "Nuwakot", "mode": "road", "passability": "blocked", "source_outlets": "Himal Khabar", "source_outlet_count": 1, "entity_key": "Rasuwa|Nuwakot|road", "geo_resolution": "point", "geo_statement": "Matched \"Betrawati\" to a named OSM place in Nuwakot", "geo_match_name": "बेत्रावती", "geo_match_osm_id": "node/268864226", "geo_anchor_id": null, "geo_anchor_name": null}, "geometry": {"type": "Point", "coordinates": [85.1859528, 27.9731085]}}, {"type": "Feature", "properties": {"record_id": "073c41d9f184e947", "table": "access", "location_raw": "Devighat", "location_ne": "", "admin_level": "settlement", "district": "Nuwakot", "province": "Bagmati", "geo_basis": "text_explicit", "as_of": "2026-08-28", "as_of_basis": "article_date", "first_reported": "2026-08-28", "last_reported": "2026-08-28", "confidence": "high", "confidence_note": "Locals quoted describing Devighat as completely disconnected by road.", "density": "1", "effective_sources": "1", "independent_origins": "1", "origin": "media_own", "origin_note": "single outlet", "corroboration": "single_source", "evidence_quote": "It is completely disconnected now,” locals said.", "evidence_quote_en": "", "temporal_contamination_flag": "False", "segment_from": "Devighat", "segment_to": "", "mode": "road", "passability": "blocked", "source_outlets": "OnlineKhabar English News", "source_outlet_count": 1, "entity_key": "Devighat||road", "geo_resolution": "point", "geo_statement": "Matched \"Devighat\" to a named OSM place in Nuwakot", "geo_match_name": "देवीघाट", "geo_match_osm_id": "node/4156044161", "geo_anchor_id": null, "geo_anchor_name": null}, "geometry": {"type": "Point", "coordinates": [85.1100635, 27.8600323]}}, {"type": "Feature", "properties": {"record_id": "7e7497f06d88a9f4", "table": "access", "location_raw": "Kathmandu to Nuwakot district", "location_ne": "", "admin_level": "district", "district": "Nuwakot", "province": "Bagmati", "geo_basis": "text_explicit", "as_of": "2026-08-28", "as_of_basis": "stated", "first_reported": "2026-08-29", "last_reported": "2026-08-29", "confidence": "medium", "confidence_note": "Embassy's account of the road's current reach.", "density": "1", "effective_sources": "1", "independent_origins": "1", "origin": "media_own", "origin_note": "single outlet", "corroboration": "single_source", "evidence_quote": "From Kathmandu, it is currently possible to travel by car only as far as the Nuwakot district.", "evidence_quote_en": "", "temporal_contamination_flag": "False", "segment_from": "Kathmandu", "segment_to": "Nuwakot district", "mode": "road", "passability": "partial", "source_outlets": "UA.NEWS", "source_outlet_count": 1, "entity_key": "Kathmandu|Nuwakot district|road", "geo_resolution": "district", "geo_statement": "Located to Nuwakot district only", "geo_match_name": null, "geo_match_osm_id": null, "geo_anchor_id": "79688334B17077666187877", "geo_anchor_name": "Nuwakot"}, "geometry": {"type": "Point", "coordinates": [85.20729652963067, 27.936643231647253]}}, {"type": "Feature", "properties": {"record_id": "650bd0a88bb1371d", "table": "access", "location_raw": "Trishuli-Kathmandu road", "location_ne": "", "admin_level": "settlement", "district": "Nuwakot", "province": "Bagmati", "geo_basis": "gazetteer_match", "as_of": "2026-08-29", "as_of_basis": "stated", "first_reported": "2026-08-30", "last_reported": "2026-08-30", "confidence": "medium", "confidence_note": "Trishuli Bazaar named explicitly; district not itself stated in the article. A subsequent patient was airlifted to Kathmandu instead.", "density": "1", "effective_sources": "1", "independent_origins": "1", "origin": "media_own", "origin_note": "single outlet", "corroboration": "single_source", "evidence_quote": "Trishuli Hospital could not handle the delivery, but the family had no road access to Kathmandu.", "evidence_quote_en": "", "temporal_contamination_flag": "False", "segment_from": "Trishuli", "segment_to": "Kathmandu", "mode": "road", "passability": "blocked", "source_outlets": "Inquirer.net", "source_outlet_count": 1, "entity_key": "Trishuli|Kathmandu|road", "geo_resolution": "district", "geo_statement": "Located to Nuwakot district only — the source names a place we could not resolve", "geo_match_name": null, "geo_match_osm_id": null, "geo_anchor_id": "79688334B17077666187877", "geo_anchor_name": "Nuwakot"}, "geometry": {"type": "Point", "coordinates": [85.20729652963067, 27.936643231647253]}}, {"type": "Feature", "properties": {"record_id": "b549738674d21718", "table": "access", "location_raw": "Nuwakot", "location_ne": "", "admin_level": "district", "district": "Nuwakot", "province": "Bagmati", "geo_basis": "text_explicit", "as_of": "2026-08-29", "as_of_basis": "stated", "first_reported": "2026-08-30", "last_reported": "2026-08-30", "confidence": "high", "confidence_note": "Direct dated statement from IFRC Nepal delegation head.", "density": "1", "effective_sources": "1", "independent_origins": "1", "origin": "media_own", "origin_note": "single outlet", "corroboration": "single_source", "evidence_quote": "Fisher was in Nuwakot on Aug 29, a heavily affected district in Nepal still partially accessible by road.", "evidence_quote_en": "", "temporal_contamination_flag": "False", "segment_from": "", "segment_to": "Nuwakot", "mode": "road", "passability": "partial", "source_outlets": "The Straits Times", "source_outlet_count": 1, "entity_key": "Nuwakot|Nuwakot|road", "geo_resolution": "district", "geo_statement": "Located to Nuwakot district only", "geo_match_name": null, "geo_match_osm_id": null, "geo_anchor_id": "79688334B17077666187877", "geo_anchor_name": "Nuwakot"}, "geometry": {"type": "Point", "coordinates": [85.20729652963067, 27.936643231647253]}}, {"type": "Feature", "properties": {"record_id": "cae13a26f9d7883f", "table": "access", "location_raw": "Nuwakot district", "location_ne": "", "admin_level": "district", "district": "Nuwakot", "province": "Bagmati", "geo_basis": "text_explicit", "as_of": "2026-08-29", "as_of_basis": "stated", "first_reported": "2026-08-30", "last_reported": "2026-08-30", "confidence": "medium", "confidence_note": "Drone delivery implies affected areas are cut off from road access.", "density": "1", "effective_sources": "1", "independent_origins": "1", "origin": "media_own", "origin_note": "single outlet", "corroboration": "single_source", "evidence_quote": "Authorities use drones to deliver relief supplies to areas cut off by flash floods in Nepal’s Nuwakot district, Saturday, Aug. 29, 2026.", "evidence_quote_en": "", "temporal_contamination_flag": "False", "segment_from": "", "segment_to": "areas cut off by flash floods", "mode": "road", "passability": "blocked", "source_outlets": "The New Indian Express", "source_outlet_count": 1, "entity_key": "Nuwakot district|areas cut off by flash floods|road", "geo_resolution": "district", "geo_statement": "Located to Nuwakot district only", "geo_match_name": null, "geo_match_osm_id": null, "geo_anchor_id": "79688334B17077666187877", "geo_anchor_name": "Nuwakot"}, "geometry": {"type": "Point", "coordinates": [85.20729652963067, 27.936643231647253]}}, {"type": "Feature", "properties": {"record_id": "1c00179bebb68f60", "table": "access", "location_raw": "Trishuli area (Mid-Hill Highway)", "location_ne": "", "admin_level": "settlement", "district": "Nuwakot", "province": "Bagmati", "geo_basis": "text_explicit", "as_of": "2026-08-29", "as_of_basis": "stated", "first_reported": "2026-08-29", "last_reported": "2026-08-29", "confidence": "medium", "confidence_note": "Trishuli area named; district attribution to Nuwakot is an inference from the place name.", "density": "2", "effective_sources": "1", "independent_origins": "1", "origin": "media_own", "origin_note": "single outlet", "corroboration": "syndicated", "evidence_quote": "Simultaneously, efforts are underway to reopen the Mid-Hill Highway after sections of the road were blocked in the Trishuli area.", "evidence_quote_en": "", "temporal_contamination_flag": "", "segment_from": "Trishuli", "segment_to": "", "mode": "road", "passability": "blocked", "source_outlets": "NepalNews; Nepal News", "source_outlet_count": 2, "entity_key": "Trishuli||road", "geo_resolution": "district", "geo_statement": "Located to Nuwakot district only — the source names a place we could not resolve", "geo_match_name": null, "geo_match_osm_id": null, "geo_anchor_id": "79688334B17077666187877", "geo_anchor_name": "Nuwakot"}, "geometry": {"type": "Point", "coordinates": [85.20729652963067, 27.936643231647253]}}, {"type": "Feature", "properties": {"record_id": "6ca36ff7f46dece0", "table": "access", "location_raw": "Tokha–Chhahare road, Nuwakot", "location_ne": "", "admin_level": "district", "district": "Nuwakot", "province": "Bagmati", "geo_basis": "text_explicit", "as_of": "2026-08-29", "as_of_basis": "article_date", "first_reported": "2026-08-29", "last_reported": "2026-08-29", "confidence": "high", "confidence_note": "Night-time suspension in Nuwakot.", "density": "1", "effective_sources": "1", "independent_origins": "1", "origin": "media_own", "origin_note": "single outlet", "corroboration": "single_source", "evidence_quote": "On the Tokha–Chhahare road section in Nuwakot, traffic movement has also been suspended from 10:00 PM to 5:00 AM.", "evidence_quote_en": "", "temporal_contamination_flag": "False", "segment_from": "Tokha", "segment_to": "Chhahare", "mode": "road", "passability": "partial", "source_outlets": "Nepal News", "source_outlet_count": 1, "entity_key": "Tokha|Chhahare|road", "geo_resolution": "district", "geo_statement": "Located to Nuwakot district only", "geo_match_name": null, "geo_match_osm_id": null, "geo_anchor_id": "79688334B17077666187877", "geo_anchor_name": "Nuwakot"}, "geometry": {"type": "Point", "coordinates": [85.20729652963067, 27.936643231647253]}}, {"type": "Feature", "properties": {"record_id": "987098635d184c4b", "table": "access", "location_raw": "Trishuli region", "location_ne": "", "admin_level": "district", "district": "Nuwakot", "province": "Bagmati", "geo_basis": "text_adjacent", "as_of": "2026-08-29", "as_of_basis": "article_date", "first_reported": "2026-08-29", "last_reported": "2026-08-29", "confidence": "medium", "confidence_note": "Helicopter operations halted due to weather.", "density": "2", "effective_sources": "2", "independent_origins": "2", "origin": "unattributed", "origin_note": "2 outlets, no reporting body named; independence not established", "corroboration": "independent", "evidence_quote": "Rescue operations in Nepal's Trishuli region have been temporarily suspended as heavy rain intensified, raising the river level and forcing authorities to halt helicopter operations due to adverse weather conditions.\nThe worsening weather conditions have also prompted authorities to evacuate people from areas surrounding the rising river as a precautionary measure, officials said.", "evidence_quote_en": "", "temporal_contamination_flag": "", "segment_from": "", "segment_to": "", "mode": "helicopter", "passability": "blocked", "source_outlets": "The Tribune; Asianet Newsable", "source_outlet_count": 2, "entity_key": "Trishuli region||helicopter", "geo_resolution": "district", "geo_statement": "Located to Nuwakot district only", "geo_match_name": null, "geo_match_osm_id": null, "geo_anchor_id": "79688334B17077666187877", "geo_anchor_name": "Nuwakot"}, "geometry": {"type": "Point", "coordinates": [85.20729652963067, 27.936643231647253]}}, {"type": "Feature", "properties": {"record_id": "e380ff5b368f7680", "table": "access", "location_raw": "Bidur Municipality", "location_ne": "", "admin_level": "municipality", "district": "Nuwakot", "province": "Bagmati", "geo_basis": "text_explicit", "as_of": "2026-08-29", "as_of_basis": "article_date", "first_reported": "2026-08-29", "last_reported": "2026-08-29", "confidence": "high", "confidence_note": "Explicit statement that helicopter is required for intra-municipal travel.", "density": "1", "effective_sources": "1", "independent_origins": "1", "origin": "media_own", "origin_note": "single outlet", "corroboration": "single_source", "evidence_quote": "“We have reached a point where a helicopter is needed to travel between wards of the same municipality,” Dawadi told Kantipur.", "evidence_quote_en": "", "temporal_contamination_flag": "", "segment_from": "", "segment_to": "", "mode": "helicopter", "passability": "heli_only", "source_outlets": "The Kathmandu Post", "source_outlet_count": 1, "entity_key": "Bidur Municipality||helicopter", "geo_resolution": "point", "geo_statement": "Matched \"Bidur\" to a named OSM place in Nuwakot", "geo_match_name": "बिदुर", "geo_match_osm_id": "node/3499801960", "geo_anchor_id": null, "geo_anchor_name": null}, "geometry": {"type": "Point", "coordinates": [85.146446, 27.89526]}}, {"type": "Feature", "properties": {"record_id": "215f2e015f1cf5cb", "table": "access", "location_raw": "Upper Trishuli-1 project", "location_ne": "", "admin_level": "settlement", "district": "Nuwakot", "province": "Bagmati", "geo_basis": "text_explicit", "as_of": "2026-08-29", "as_of_basis": "article_date", "first_reported": "2026-08-29", "last_reported": "2026-08-29", "confidence": "medium", "confidence_note": "Named hydropower project; district attribution medium-confidence.", "density": "1", "effective_sources": "1", "independent_origins": "1", "origin": "media_own", "origin_note": "single outlet", "corroboration": "single_source", "evidence_quote": "The largest concentration was at the Korean-funded 216MW Upper Trishuli-1 project, where workers had taken shelter inside tunnels as floodwater and debris destroyed access routes.", "evidence_quote_en": "", "temporal_contamination_flag": "", "segment_from": "", "segment_to": "", "mode": "road", "passability": "blocked", "source_outlets": "The Times of India", "source_outlet_count": 1, "entity_key": "Upper Trishuli-1 project||road", "geo_resolution": "district", "geo_statement": "Located to Nuwakot district only — the source names a place we could not resolve", "geo_match_name": null, "geo_match_osm_id": null, "geo_anchor_id": "79688334B17077666187877", "geo_anchor_name": "Nuwakot"}, "geometry": {"type": "Point", "coordinates": [85.20729652963067, 27.936643231647253]}}, {"type": "Feature", "properties": {"record_id": "8bb16bb0425f1c3f", "table": "access", "location_raw": "Tokha-Chhahare, Ghaderikhola, Shivapuri RM-5, Nuwakot", "location_ne": "", "admin_level": "rural_municipality", "district": "Nuwakot", "province": "Bagmati", "geo_basis": "text_explicit", "as_of": "2026-08-30", "as_of_basis": "article_date", "first_reported": "2026-08-30", "last_reported": "2026-08-30", "confidence": "medium", "confidence_note": "Article states 'affected by landslides'; exact passability inferred from article's overall 'disrupted transport' framing.", "density": "2", "effective_sources": "2", "independent_origins": "2", "origin": "unattributed", "origin_note": "2 outlets, no reporting body named; independence not established", "corroboration": "independent", "evidence_quote": "The Tokha-Chhahare road section in the Ghaderikhola area of Shivapuri Rural Municipality-5, Nuwakot, has been affected by landslides.", "evidence_quote_en": "", "temporal_contamination_flag": "", "segment_from": "Tokha", "segment_to": "Chhahare", "mode": "road", "passability": "blocked", "source_outlets": "Khabarhub; Nepal News", "source_outlet_count": 2, "entity_key": "Tokha|Chhahare|road", "geo_resolution": "point", "geo_statement": "Matched \"Shivapuri -5\" to a named OSM place in Nuwakot", "geo_match_name": "शिवपुरी", "geo_match_osm_id": "node/13369073590", "geo_anchor_id": null, "geo_anchor_name": null}, "geometry": {"type": "Point", "coordinates": [85.3578972, 27.8651272]}}, {"type": "Feature", "properties": {"record_id": "9ae43c83545d613b", "table": "access", "location_raw": "बेलकोटगढी–७, महादेव माध्यमिक विद्यालय (Mahadev Secondary School, Belkotgadhi-7)", "location_ne": "", "admin_level": "ward", "district": "Nuwakot", "province": "Bagmati", "geo_basis": "text_explicit", "as_of": "2026-08-30", "as_of_basis": "article_date", "first_reported": "2026-08-30", "last_reported": "2026-08-30", "confidence": "high", "confidence_note": "Explicit statement that helicopter is required due to swept-away bridges.", "density": "1", "effective_sources": "1", "independent_origins": "1", "origin": "media_own", "origin_note": "single outlet", "corroboration": "single_source", "evidence_quote": "तर तादी र कोल्पुखोलाको पुल बगाएसँगै बेलकोटगढी–७ महादेव माध्यमिक विद्यालयमा सञ्चालित होल्डिङ सेन्टरसम्म राहत सामग्री पु¥याउन पनि हेलिकप्टर नै प्रयोग गर्नुपर्ने अवस्था छ ।", "evidence_quote_en": "With the Tadi and Kolpukhola bridges swept away, relief for the holding centre at Mahadev Secondary School, Belkotgadhi-7, must be delivered by helicopter.", "temporal_contamination_flag": "False", "segment_from": "सदरमुकाम (district headquarters)", "segment_to": "बेलकोटगढी–७ महादेव माध्यमिक विद्यालय", "mode": "helicopter", "passability": "heli_only", "source_outlets": "Ratopati", "source_outlet_count": 1, "entity_key": "सदरमुकाम (district headquarters)|बेलकोटगढी–७ महादेव माध्यमिक विद्यालय|helicopter", "geo_resolution": "point", "geo_statement": "Matched \"Belkotgadhi-7\" to a named OSM place in Nuwakot", "geo_match_name": "बेलकोटगढी", "geo_match_osm_id": "node/13370197382", "geo_anchor_id": null, "geo_anchor_name": null}, "geometry": {"type": "Point", "coordinates": [85.1325401, 27.8391652]}}, {"type": "Feature", "properties": {"record_id": "75af3b3df83243a6", "table": "access", "location_raw": "नुवाकोट (Nuwakot, areas vehicles cannot reach)", "location_ne": "", "admin_level": "district", "district": "Nuwakot", "province": "Bagmati", "geo_basis": "text_explicit", "as_of": "2026-08-30", "as_of_basis": "article_date", "first_reported": "2026-08-30", "last_reported": "2026-08-30", "confidence": "medium", "confidence_note": "General district-level statement, specific segment not named.", "density": "1", "effective_sources": "1", "independent_origins": "1", "origin": "media_own", "origin_note": "single outlet", "corroboration": "single_source", "evidence_quote": "सङ्कलित सामग्री गाडी नपुग्ने स्थानमा हेलिकप्टरमार्फत पठाइएको उनले जानकारी दिए ।", "evidence_quote_en": "He said collected materials are sent by helicopter to places vehicles cannot reach.", "temporal_contamination_flag": "False", "segment_from": "", "segment_to": "होल्डिङ सेन्टर (holding centres beyond vehicle access)", "mode": "helicopter", "passability": "heli_only", "source_outlets": "Ratopati", "source_outlet_count": 1, "entity_key": "नुवाकोट (Nuwakot, areas vehicles cannot reach)|होल्डिङ सेन्टर (holding centres beyond vehicle access)|helicopter", "geo_resolution": "district", "geo_statement": "Located to Nuwakot district only", "geo_match_name": null, "geo_match_osm_id": null, "geo_anchor_id": "79688334B17077666187877", "geo_anchor_name": "Nuwakot"}, "geometry": {"type": "Point", "coordinates": [85.20729652963067, 27.936643231647253]}}, {"type": "Feature", "properties": {"record_id": "bd79c0b139404e2d", "table": "access", "location_raw": "Tokha-Chhahare road, Nuwakot", "location_ne": "", "admin_level": "district", "district": "Nuwakot", "province": "Bagmati", "geo_basis": "text_explicit", "as_of": "2026-08-31", "as_of_basis": "stated", "first_reported": "2026-08-27", "last_reported": "2026-08-31", "confidence": "high", "confidence_note": "Nightly travel ban (10PM-5AM) due to flood/landslide threat; road open by day.", "density": "5", "effective_sources": "4", "independent_origins": "4", "origin": "unattributed", "origin_note": "4 outlets, no reporting body named; independence not established", "corroboration": "independent", "evidence_quote": "Central region travel is further constrained as Bagmati Province implements strict night-travel bans on key corridors: the BP Highway in Kavre suspends movement from 6:00 PM to 4:00 AM, while Makwanpur’s Kanti Lokpath (5:00 PM to 5:00 AM) and Nuwakot’s Tokha–Chhahare road (10:00 PM to 5:00 AM) remain closed overnight due to active flood and landslide threats.", "evidence_quote_en": "", "temporal_contamination_flag": "False", "segment_from": "", "segment_to": "", "mode": "road", "passability": "partial", "source_outlets": "DW.com; ABP Live English; Ratopati; bastillepost.com; NepalNews", "source_outlet_count": 5, "entity_key": "Tokha-Chhahare road, Nuwakot||road", "geo_resolution": "district", "geo_statement": "Located to Nuwakot district only", "geo_match_name": null, "geo_match_osm_id": null, "geo_anchor_id": "79688334B17077666187877", "geo_anchor_name": "Nuwakot"}, "geometry": {"type": "Point", "coordinates": [85.20729652963067, 27.936643231647253]}}, {"type": "Feature", "properties": {"record_id": "b050c7d2e7ff3985", "table": "access", "location_raw": "Nuwakot's main highways", "location_ne": "", "admin_level": "district", "district": "Nuwakot", "province": "Bagmati", "geo_basis": "text_explicit", "as_of": "2026-08-31", "as_of_basis": "stated", "first_reported": "2026-08-28", "last_reported": "2026-08-31", "confidence": "medium", "confidence_note": "District named directly, but specific highway segment not named.", "density": "10", "effective_sources": "8", "independent_origins": "8", "origin": "unattributed", "origin_note": "8 outlets, no reporting body named; independence not established", "corroboration": "independent", "evidence_quote": "In Rasuwa, the Trishuli Mailung Syabrubesi section is blocked at Khalte, alongside complete blockages on Nuwakot’s main highways, the Pasang Lhamu Highway, and the Araniko Highway at Kodari in Sindhupalchok.", "evidence_quote_en": "", "temporal_contamination_flag": "False", "segment_from": "", "segment_to": "", "mode": "road", "passability": "blocked", "source_outlets": "NepalNews; Direct Relief; Ratopati; India Today; Nepal News; Khabarhub; Arghakhanchi", "source_outlet_count": 10, "entity_key": "Nuwakot's main highways||road", "geo_resolution": "district", "geo_statement": "Located to Nuwakot district only", "geo_match_name": null, "geo_match_osm_id": null, "geo_anchor_id": "79688334B17077666187877", "geo_anchor_name": "Nuwakot"}, "geometry": {"type": "Point", "coordinates": [85.20729652963067, 27.936643231647253]}}, {"type": "Feature", "properties": {"record_id": "d5c5a74f32a7991e", "table": "access", "location_raw": "Manebhanjyang RM wards 6-7, Siddhicharan Highway, Okhaldhunga", "location_ne": "", "admin_level": "rural_municipality", "district": "Okhaldhunga", "province": "Koshi", "geo_basis": "text_explicit", "as_of": "2026-08-31", "as_of_basis": "article_date", "first_reported": "2026-08-31", "last_reported": "2026-08-31", "confidence": "high", "confidence_note": "Named RM and district.", "density": "1", "effective_sources": "1", "independent_origins": "1", "origin": "media_own", "origin_note": "single outlet", "corroboration": "single_source", "evidence_quote": "In Okhaldhunga, the road linking wards 6 and 7 of Manebhanjyang Rural Municipality along the Siddhicharan Highway has been obstructed.", "evidence_quote_en": "", "temporal_contamination_flag": "", "segment_from": "", "segment_to": "", "mode": "road", "passability": "blocked", "source_outlets": "Khabarhub", "source_outlet_count": 1, "entity_key": "Manebhanjyang RM wards 6-7, Siddhicharan Highway, Okhaldhunga||road", "geo_resolution": "district", "geo_statement": "Located to Okhaldhunga district only — the source names a place we could not resolve", "geo_match_name": null, "geo_match_osm_id": null, "geo_anchor_id": "79688334B37255875594651", "geo_anchor_name": "Okhaldhunga"}, "geometry": {"type": "Point", "coordinates": [86.45091689298832, 27.322627239309895]}}, {"type": "Feature", "properties": {"record_id": "f49c4b961e2674f5", "table": "access", "location_raw": "Rasuwagadhi", "location_ne": "", "admin_level": "settlement", "district": "Rasuwa", "province": "Bagmati", "geo_basis": "text_explicit", "as_of": "2026-08-26", "as_of_basis": "stated", "first_reported": "2026-08-30", "last_reported": "2026-08-30", "confidence": "high", "confidence_note": "Named crossing in named district.", "density": "1", "effective_sources": "1", "independent_origins": "1", "origin": "media_own", "origin_note": "single outlet", "corroboration": "single_source", "evidence_quote": "The floods that tore through the Bhotekoshi corridor on August 26 destroyed this vital crossing and left Nepal’s main overland trade gateway with China cut off.", "evidence_quote_en": "", "temporal_contamination_flag": "", "segment_from": "Rasuwagadhi", "segment_to": "Kerung/Gyirong (China border)", "mode": "road", "passability": "blocked", "source_outlets": "The Kathmandu Post", "source_outlet_count": 1, "entity_key": "Rasuwagadhi|Kerung/Gyirong (China border)|road", "geo_resolution": "point", "geo_statement": "Matched \"Rasuwagadhi\" to a named OSM place in Rasuwa", "geo_match_name": "रसुवागढी", "geo_match_osm_id": "node/992955542", "geo_anchor_id": null, "geo_anchor_name": null}, "geometry": {"type": "Point", "coordinates": [85.3777789, 28.2777749]}}, {"type": "Feature", "properties": {"record_id": "00cb2e012757334b", "table": "access", "location_raw": "Timure / Rasuwagadhi area, Rasuwa", "location_ne": "", "admin_level": "settlement", "district": "Rasuwa", "province": "Bagmati", "geo_basis": "text_explicit", "as_of": "2026-08-26", "as_of_basis": "stated", "first_reported": "2026-08-31", "last_reported": "2026-08-31", "confidence": "high", "confidence_note": "Named settlements and district.", "density": "1", "effective_sources": "1", "independent_origins": "1", "origin": "media_own", "origin_note": "single outlet", "corroboration": "single_source", "evidence_quote": "Bridges and sections of the Pasang Lhamu Highway were swept away, leaving communities isolated and making rescue and relief operations extremely difficult.", "evidence_quote_en": "", "temporal_contamination_flag": "", "segment_from": "", "segment_to": "", "mode": "road", "passability": "blocked", "source_outlets": "Khabarhub", "source_outlet_count": 1, "entity_key": "Timure / Rasuwagadhi area, Rasuwa||road", "geo_resolution": "point", "geo_statement": "Matched \"Timure\" to a named OSM place in Rasuwa", "geo_match_name": "टिमुरे", "geo_match_osm_id": "node/2553894641", "geo_anchor_id": null, "geo_anchor_name": null}, "geometry": {"type": "Point", "coordinates": [85.3666715, 28.2528483]}}, {"type": "Feature", "properties": {"record_id": "89688b610d49e9b0", "table": "access", "location_raw": "Trisuli River valley to Nepal-China border", "location_ne": "", "admin_level": "district", "district": "Rasuwa", "province": "Bagmati", "geo_basis": "text_explicit", "as_of": "2026-08-26", "as_of_basis": "stated", "first_reported": "2026-08-28", "last_reported": "2026-08-28", "confidence": "high", "confidence_note": "Article explicitly states roads to the Nepal-China border (via Rasuwa) were cut off.", "density": "1", "effective_sources": "1", "independent_origins": "1", "origin": "media_own", "origin_note": "single outlet", "corroboration": "single_source", "evidence_quote": "The torrent of mud, rock, ice and debris swept down the Trisuli River on August 26, devastating settlements in its path and cutting off roads to the Nepal-China border.", "evidence_quote_en": "", "temporal_contamination_flag": "", "segment_from": "Trisuli River valley settlements", "segment_to": "Nepal-China border", "mode": "road", "passability": "blocked", "source_outlets": "The Daily Star", "source_outlet_count": 1, "entity_key": "Trisuli River valley settlements|Nepal-China border|road", "geo_resolution": "district", "geo_statement": "Located to Rasuwa district only", "geo_match_name": null, "geo_match_osm_id": null, "geo_anchor_id": "79688334B50883418539268", "geo_anchor_name": "Rasuwa"}, "geometry": {"type": "Point", "coordinates": [85.43275923020244, 28.17010993431697]}}, {"type": "Feature", "properties": {"record_id": "95693bcd0f26cbd8", "table": "access", "location_raw": "रसुवा भन्सार नाका (Rasuwa customs checkpoint / border)", "location_ne": "", "admin_level": "settlement", "district": "Rasuwa", "province": "Bagmati", "geo_basis": "text_explicit", "as_of": "2026-08-26", "as_of_basis": "inferred_from_text", "first_reported": "2026-08-28", "last_reported": "2026-08-28", "confidence": "high", "confidence_note": "Customs Department decision to allow alternate checkpoints implies the Rasuwa checkpoint route is not usable for imports.", "density": "1", "effective_sources": "1", "independent_origins": "1", "origin": "media_own", "origin_note": "single outlet", "corroboration": "single_source", "evidence_quote": "बुधबार आएको बाढीका कारण रसुवा नाका प्रभावित भएपछि विभागले यो निर्णय लिएको हो।", "evidence_quote_en": "The department made this decision after the Rasuwa checkpoint was affected by Wednesday's flood.", "temporal_contamination_flag": "", "segment_from": "Rasuwa customs checkpoint", "segment_to": "Nepal-China border trade route", "mode": "road", "passability": "blocked", "source_outlets": "Ratopati", "source_outlet_count": 1, "entity_key": "Rasuwa customs checkpoint|Nepal-China border trade route|road", "geo_resolution": "district", "geo_statement": "Located to Rasuwa district only — the source names a place we could not resolve", "geo_match_name": null, "geo_match_osm_id": null, "geo_anchor_id": "79688334B50883418539268", "geo_anchor_name": "Rasuwa"}, "geometry": {"type": "Point", "coordinates": [85.43275923020244, 28.17010993431697]}}, {"type": "Feature", "properties": {"record_id": "9a5fcd6075cd41fb", "table": "access", "location_raw": "Syabrubesi–Rasuwagadhi road", "location_ne": "", "admin_level": "district", "district": "Rasuwa", "province": "Bagmati", "geo_basis": "text_explicit", "as_of": "2026-08-26", "as_of_basis": "inferred_from_text", "first_reported": "2026-08-28", "last_reported": "2026-08-28", "confidence": "high", "confidence_note": "Road segment explicitly named.", "density": "1", "effective_sources": "1", "independent_origins": "1", "origin": "media_own", "origin_note": "single outlet", "corroboration": "single_source", "evidence_quote": "Hydropower plants on the lower banks were swept away, along with the road connecting Syabrubesi to the Rasuwagadhi border crossing, itself only partially rebuilt since 2025.", "evidence_quote_en": "", "temporal_contamination_flag": "", "segment_from": "Syabrubesi", "segment_to": "Rasuwagadhi", "mode": "road", "passability": "blocked", "source_outlets": "The Korea Times", "source_outlet_count": 1, "entity_key": "Syabrubesi|Rasuwagadhi|road", "geo_resolution": "district", "geo_statement": "Located to Rasuwa district only", "geo_match_name": null, "geo_match_osm_id": null, "geo_anchor_id": "79688334B50883418539268", "geo_anchor_name": "Rasuwa"}, "geometry": {"type": "Point", "coordinates": [85.43275923020244, 28.17010993431697]}}, {"type": "Feature", "properties": {"record_id": "e71422105f3f91d7", "table": "access", "location_raw": "Uttargaya Rural Municipality, Rasuwa", "location_ne": "", "admin_level": "rural_municipality", "district": "Rasuwa", "province": "Bagmati", "geo_basis": "text_explicit", "as_of": "2026-08-27", "as_of_basis": "inferred_from_text", "first_reported": "2026-08-30", "last_reported": "2026-08-30", "confidence": "medium", "confidence_note": "'Thursday' inferred as Aug 27, the day after the Wednesday Aug 26 flood.", "density": "1", "effective_sources": "1", "independent_origins": "1", "origin": "media_own", "origin_note": "single outlet", "corroboration": "single_source", "evidence_quote": "Madhav Prasad Aryal, Chairperson of Uttargaya Rural Municipality in Rasuwa, stated that despite coordinating with the federal government for 10 hours on Thursday to arrange a helicopter rescue for critically injured victims, no rescue was carried out.", "evidence_quote_en": "", "temporal_contamination_flag": "False", "segment_from": "", "segment_to": "", "mode": "helicopter", "passability": "blocked", "source_outlets": "NepalNews", "source_outlet_count": 1, "entity_key": "Uttargaya Rural Municipality, Rasuwa||helicopter", "geo_resolution": "point", "geo_statement": "Matched \"Uttargaya\" to a named OSM place in Rasuwa", "geo_match_name": "उत्तरगया", "geo_match_osm_id": "node/13242877440", "geo_anchor_id": null, "geo_anchor_name": null}, "geometry": {"type": "Point", "coordinates": [85.1951685, 28.0116144]}}, {"type": "Feature", "properties": {"record_id": "a6ded93e590189b7", "table": "access", "location_raw": "धुन्चे-स्याफ्रुबेँसी", "location_ne": "धुन्चे-स्याफ्रुबेँसी", "admin_level": "district", "district": "Rasuwa", "province": "Bagmati", "geo_basis": "text_explicit", "as_of": "2026-08-27", "as_of_basis": "article_date", "first_reported": "2026-08-27", "last_reported": "2026-08-27", "confidence": "high", "confidence_note": "Named route segment, district Rasuwa.", "density": "1", "effective_sources": "1", "independent_origins": "1", "origin": "media_own", "origin_note": "single outlet", "corroboration": "single_source", "evidence_quote": "वेत्रावतीसम्मको सडक सञ्चालनमा नआएसम्म धुन्चे हुँदै स्याफ्रुबेँसी पुग्न सक्ने अवस्था नरहेको मन्त्रालयले जनाएको छ ।", "evidence_quote_en": "Until the road up to Betrawati is operational, it is not possible to reach Syaphrubesi via Dhunche, per the ministry.", "temporal_contamination_flag": "False", "segment_from": "Dhunche", "segment_to": "Syaphrubesi", "mode": "road", "passability": "blocked", "source_outlets": "Arghakhanchi", "source_outlet_count": 1, "entity_key": "Dhunche|Syaphrubesi|road", "geo_resolution": "district", "geo_statement": "Located to Rasuwa district only", "geo_match_name": null, "geo_match_osm_id": null, "geo_anchor_id": "79688334B50883418539268", "geo_anchor_name": "Rasuwa"}, "geometry": {"type": "Point", "coordinates": [85.43275923020244, 28.17010993431697]}}, {"type": "Feature", "properties": {"record_id": "ae089d154afa0f42", "table": "access", "location_raw": "धुञ्चे–ग्राङ सडकखण्ड", "location_ne": "", "admin_level": "district", "district": "Rasuwa", "province": "Bagmati", "geo_basis": "text_explicit", "as_of": "2026-08-27", "as_of_basis": "stated", "first_reported": "2026-08-28", "last_reported": "2026-08-28", "confidence": "medium", "confidence_note": "Heavy equipment deployed implies section still blocked/being cleared.", "density": "1", "effective_sources": "1", "independent_origins": "1", "origin": "media_own", "origin_note": "single outlet", "corroboration": "single_source", "evidence_quote": "धुञ्चे–ग्राङ सडकखण्डमा एउटा हिल एक्साभेटर, एउटा लोडर र एउटा टिपर परिचालन गरिएको छ ।", "evidence_quote_en": "", "temporal_contamination_flag": "False", "segment_from": "धुञ्चे", "segment_to": "ग्राङ", "mode": "road", "passability": "blocked", "source_outlets": "Deshsanchar", "source_outlet_count": 1, "entity_key": "धुञ्चे|ग्राङ|road", "geo_resolution": "district", "geo_statement": "Located to Rasuwa district only", "geo_match_name": null, "geo_match_osm_id": null, "geo_anchor_id": "79688334B50883418539268", "geo_anchor_name": "Rasuwa"}, "geometry": {"type": "Point", "coordinates": [85.43275923020244, 28.17010993431697]}}, {"type": "Feature", "properties": {"record_id": "9b82ac18259f6f95", "table": "access", "location_raw": "Dhunche-Grang road section", "location_ne": "", "admin_level": "district", "district": "Rasuwa", "province": "Bagmati", "geo_basis": "text_explicit", "as_of": "2026-08-27", "as_of_basis": "stated", "first_reported": "2026-08-28", "last_reported": "2026-08-28", "confidence": "medium", "confidence_note": "Heavy equipment deployed implies section still blocked/being cleared.", "density": "1", "effective_sources": "1", "independent_origins": "1", "origin": "media_own", "origin_note": "single outlet", "corroboration": "single_source", "evidence_quote": "A hill excavator, loader and tipper have been deployed along the Dhunche–Grang road section.", "evidence_quote_en": "", "temporal_contamination_flag": "False", "segment_from": "Dhunche", "segment_to": "Grang", "mode": "road", "passability": "blocked", "source_outlets": "Khabarhub", "source_outlet_count": 1, "entity_key": "Dhunche|Grang|road", "geo_resolution": "district", "geo_statement": "Located to Rasuwa district only", "geo_match_name": null, "geo_match_osm_id": null, "geo_anchor_id": "79688334B50883418539268", "geo_anchor_name": "Rasuwa"}, "geometry": {"type": "Point", "coordinates": [85.43275923020244, 28.17010993431697]}}, {"type": "Feature", "properties": {"record_id": "c72f6b44bc955468", "table": "access", "location_raw": "Rasuwa", "location_ne": "", "admin_level": "district", "district": "Rasuwa", "province": "Bagmati", "geo_basis": "text_explicit", "as_of": "2026-08-27", "as_of_basis": "inferred_from_text", "first_reported": "2026-08-28", "last_reported": "2026-08-29", "confidence": "medium", "confidence_note": "District explicit; no specific segment named.", "density": "8", "effective_sources": "8", "independent_origins": "8", "origin": "unattributed", "origin_note": "8 outlets, no reporting body named; independence not established", "corroboration": "independent", "evidence_quote": "Communities in Rasuwa and upper Nuwakot are served by health posts reached along a small number of roads and bridges through steep river valleys.\nThe flood removed those routes. Roads are inundated and mountain areas are now impassable to the functioning medical facilities where people would otherwise receive care.", "evidence_quote_en": "", "temporal_contamination_flag": "", "segment_from": "", "segment_to": "", "mode": "road", "passability": "blocked", "source_outlets": "Direct Relief; The Korea Times; Ratopati; The Climate Watch; The Kathmandu Post", "source_outlet_count": 8, "entity_key": "Rasuwa||road", "geo_resolution": "district", "geo_statement": "Located to Rasuwa district only", "geo_match_name": null, "geo_match_osm_id": null, "geo_anchor_id": "79688334B50883418539268", "geo_anchor_name": "Rasuwa"}, "geometry": {"type": "Point", "coordinates": [85.43275923020244, 28.17010993431697]}}, {"type": "Feature", "properties": {"record_id": "01268a1d0ddf5d67", "table": "access", "location_raw": "बेत्रावती से रसुवागढ़ी", "location_ne": "", "admin_level": "settlement", "district": "Rasuwa", "province": "Bagmati", "geo_basis": "text_explicit", "as_of": "2026-08-27", "as_of_basis": "article_date", "first_reported": "2026-08-28", "last_reported": "2026-08-28", "confidence": "medium", "confidence_note": "'Damaged in several places' along the corridor implies partial passability, not full closure.", "density": "1", "effective_sources": "1", "independent_origins": "1", "origin": "media_own", "origin_note": "single outlet", "corroboration": "single_source", "evidence_quote": "बेत्रावती से रसुवागढ़ी के बीच 42 किलोमीटर लंबा सड़क मार्ग कई स्थानों पर क्षतिग्रस्त हो गया है", "evidence_quote_en": "The 42km road between Betrawati and Rasuwagadhi has been damaged in several places", "temporal_contamination_flag": "", "segment_from": "Betrawati", "segment_to": "Rasuwagadhi", "mode": "road", "passability": "partial", "source_outlets": "LatestLY", "source_outlet_count": 1, "entity_key": "Betrawati|Rasuwagadhi|road", "geo_resolution": "district", "geo_statement": "Located to Rasuwa district only — the source names a place we could not resolve", "geo_match_name": null, "geo_match_osm_id": null, "geo_anchor_id": "79688334B50883418539268", "geo_anchor_name": "Rasuwa"}, "geometry": {"type": "Point", "coordinates": [85.43275923020244, 28.17010993431697]}}, {"type": "Feature", "properties": {"record_id": "793da17d5eee59a9", "table": "access", "location_raw": "रसुवागढ़ी-केरुङ सीमावर्ती क्षेत्र", "location_ne": "", "admin_level": "settlement", "district": "Rasuwa", "province": "Bagmati", "geo_basis": "text_explicit", "as_of": "2026-08-27", "as_of_basis": "article_date", "first_reported": "2026-08-28", "last_reported": "2026-08-28", "confidence": "medium", "confidence_note": "Bridges, roads and communications linking the two countries at the border reported completely destroyed.", "density": "1", "effective_sources": "1", "independent_origins": "1", "origin": "media_own", "origin_note": "single outlet", "corroboration": "single_source", "evidence_quote": "इस भीषण फ्लैश फ्लड के कारण रसूवागढ़ी, चिलिमे और त्रिशूली जैसे छह प्रमुख जलविद्युत स्टेशन बुरी तरह क्षतिग्रस्त हुए हैं, साथ ही दोनों देशों को जोड़ने वाले पुल, सड़कें और संचार तंत्र पूरी तरह ध्वस्त हो गए हैं.", "evidence_quote_en": "", "temporal_contamination_flag": "False", "segment_from": "Nepal", "segment_to": "China (Kerung)", "mode": "road", "passability": "blocked", "source_outlets": "CG Khabar", "source_outlet_count": 1, "entity_key": "Nepal|China (Kerung)|road", "geo_resolution": "district", "geo_statement": "Located to Rasuwa district only — the source names a place we could not resolve", "geo_match_name": null, "geo_match_osm_id": null, "geo_anchor_id": "79688334B50883418539268", "geo_anchor_name": "Rasuwa"}, "geometry": {"type": "Point", "coordinates": [85.43275923020244, 28.17010993431697]}}, {"type": "Feature", "properties": {"record_id": "5e517446f227f552", "table": "access", "location_raw": "Betrawati-Syafrubesi-Rasuwagadhi via Mailung", "location_ne": "", "admin_level": "district", "district": "Rasuwa", "province": "Bagmati", "geo_basis": "text_explicit", "as_of": "2026-08-27", "as_of_basis": "inferred_from_text", "first_reported": "2026-08-28", "last_reported": "2026-08-28", "confidence": "high", "confidence_note": "Ministry of Infrastructure Development press release; date resolved from 'on Thursday' (weekday only).", "density": "5", "effective_sources": "5", "independent_origins": "5", "origin": "unattributed", "origin_note": "5 outlets, no reporting body named; independence not established", "corroboration": "independent", "evidence_quote": "The Ministry of Infrastructure Development has reported that approximately 40 kilometers of road in Rasuwa have been completely damaged due to flooding.\n\n“The road connecting Betrawati to Syafrubesi–Rasuwagadhi via Mailung has been completely destroyed. Additionally, about 10 kilometers of the road from Galchi to Trishuli is also closed", "evidence_quote_en": "", "temporal_contamination_flag": "False", "segment_from": "Betrawati", "segment_to": "Rasuwagadhi", "mode": "road", "passability": "blocked", "source_outlets": "The Annapurna Express; The Statesman; خبرگزاری اطلس; Deshsanchar; Nepal News", "source_outlet_count": 5, "entity_key": "Betrawati|Rasuwagadhi|road", "geo_resolution": "district", "geo_statement": "Located to Rasuwa district only", "geo_match_name": null, "geo_match_osm_id": null, "geo_anchor_id": "79688334B50883418539268", "geo_anchor_name": "Rasuwa"}, "geometry": {"type": "Point", "coordinates": [85.43275923020244, 28.17010993431697]}}, {"type": "Feature", "properties": {"record_id": "441646ef86b350c9", "table": "access", "location_raw": "roads into Rasuwa", "location_ne": "", "admin_level": "district", "district": "Rasuwa", "province": "Bagmati", "geo_basis": "text_explicit", "as_of": "2026-08-27", "as_of_basis": "stated", "first_reported": "2026-08-28", "last_reported": "2026-08-28", "confidence": "high", "confidence_note": "ReliefWeb sitrep explicitly states roads into Rasuwa cut off.", "density": "2", "effective_sources": "2", "independent_origins": "2", "origin": "unattributed", "origin_note": "2 outlets, no reporting body named; independence not established", "corroboration": "independent", "evidence_quote": "Communication and physical access remain severely constrained, with telephone towers and electricity infrastructure damaged and roads into Rasuwa cut off, delaying assessments and the delivery of humanitarian assistance.", "evidence_quote_en": "", "temporal_contamination_flag": "", "segment_from": "", "segment_to": "Rasuwa", "mode": "road", "passability": "blocked", "source_outlets": "myRepublica; ReliefWeb", "source_outlet_count": 2, "entity_key": "roads into Rasuwa|Rasuwa|road", "geo_resolution": "district", "geo_statement": "Located to Rasuwa district only", "geo_match_name": null, "geo_match_osm_id": null, "geo_anchor_id": "79688334B50883418539268", "geo_anchor_name": "Rasuwa"}, "geometry": {"type": "Point", "coordinates": [85.43275923020244, 28.17010993431697]}}, {"type": "Feature", "properties": {"record_id": "fc40623368c7c534", "table": "access", "location_raw": "Temure", "location_ne": "", "admin_level": "settlement", "district": "Rasuwa", "province": "Bagmati", "geo_basis": "text_adjacent", "as_of": "2026-08-28", "as_of_basis": "stated", "first_reported": "2026-08-30", "last_reported": "2026-08-30", "confidence": "medium", "confidence_note": "Place named directly; district inferred as Rasuwa from other same-event coverage of these named villages, not stated explicitly in this passage -- kept medium confidence.", "density": "1", "effective_sources": "1", "independent_origins": "1", "origin": "media_own", "origin_note": "single outlet", "corroboration": "single_source", "evidence_quote": "The mud was making it difficult for helicopters to land and take off in affected areas including Temure, Syabrubesi and Mailung", "evidence_quote_en": "", "temporal_contamination_flag": "", "segment_from": "", "segment_to": "", "mode": "helicopter", "passability": "partial", "source_outlets": "Qatar Tribune", "source_outlet_count": 1, "entity_key": "Temure||helicopter", "geo_resolution": "district", "geo_statement": "Located to Rasuwa district only — the source names a place we could not resolve", "geo_match_name": null, "geo_match_osm_id": null, "geo_anchor_id": "79688334B50883418539268", "geo_anchor_name": "Rasuwa"}, "geometry": {"type": "Point", "coordinates": [85.43275923020244, 28.17010993431697]}}, {"type": "Feature", "properties": {"record_id": "3392acc713d70497", "table": "access", "location_raw": "Syabrubesi", "location_ne": "", "admin_level": "settlement", "district": "Rasuwa", "province": "Bagmati", "geo_basis": "text_adjacent", "as_of": "2026-08-28", "as_of_basis": "stated", "first_reported": "2026-08-30", "last_reported": "2026-08-30", "confidence": "medium", "confidence_note": "Place named directly; district inferred as Rasuwa from other same-event coverage of these named villages, not stated explicitly in this passage -- kept medium confidence.", "density": "1", "effective_sources": "1", "independent_origins": "1", "origin": "media_own", "origin_note": "single outlet", "corroboration": "single_source", "evidence_quote": "The mud was making it difficult for helicopters to land and take off in affected areas including Temure, Syabrubesi and Mailung", "evidence_quote_en": "", "temporal_contamination_flag": "", "segment_from": "", "segment_to": "", "mode": "helicopter", "passability": "partial", "source_outlets": "Qatar Tribune", "source_outlet_count": 1, "entity_key": "Syabrubesi||helicopter", "geo_resolution": "district", "geo_statement": "Located to Rasuwa district only — the source names a place we could not resolve", "geo_match_name": null, "geo_match_osm_id": null, "geo_anchor_id": "79688334B50883418539268", "geo_anchor_name": "Rasuwa"}, "geometry": {"type": "Point", "coordinates": [85.43275923020244, 28.17010993431697]}}, {"type": "Feature", "properties": {"record_id": "e4978eb6d9ab6b61", "table": "access", "location_raw": "Mailung", "location_ne": "", "admin_level": "settlement", "district": "Rasuwa", "province": "Bagmati", "geo_basis": "text_adjacent", "as_of": "2026-08-28", "as_of_basis": "stated", "first_reported": "2026-08-30", "last_reported": "2026-08-30", "confidence": "medium", "confidence_note": "Place named directly; district inferred as Rasuwa from other same-event coverage of these named villages, not stated explicitly in this passage -- kept medium confidence.", "density": "1", "effective_sources": "1", "independent_origins": "1", "origin": "media_own", "origin_note": "single outlet", "corroboration": "single_source", "evidence_quote": "The mud was making it difficult for helicopters to land and take off in affected areas including Temure, Syabrubesi and Mailung", "evidence_quote_en": "", "temporal_contamination_flag": "", "segment_from": "", "segment_to": "", "mode": "helicopter", "passability": "partial", "source_outlets": "Qatar Tribune", "source_outlet_count": 1, "entity_key": "Mailung||helicopter", "geo_resolution": "point", "geo_statement": "Matched \"Mailung\" to a named OSM place in Rasuwa", "geo_match_name": "मैलुङ", "geo_match_osm_id": "node/3415533959", "geo_anchor_id": null, "geo_anchor_name": null}, "geometry": {"type": "Point", "coordinates": [85.2070031, 28.0717737]}}, {"type": "Feature", "properties": {"record_id": "4cb7db50411c7fce", "table": "access", "location_raw": "वेत्रावती, रसुवा", "location_ne": "", "admin_level": "settlement", "district": "Rasuwa", "province": "Bagmati", "geo_basis": "text_explicit", "as_of": "2026-08-28", "as_of_basis": "article_date", "first_reported": "2026-08-28", "last_reported": "2026-08-28", "confidence": "medium", "confidence_note": "Bailey bridge being prepared implies Rasuwa's road link is currently cut.", "density": "1", "effective_sources": "1", "independent_origins": "1", "origin": "media_own", "origin_note": "single outlet", "corroboration": "single_source", "evidence_quote": "पृथ्वीराजमार्ग सञ्चालनमा ल्याउन तथा रसुवालाई सडक सञ्जालसँग जोड्न वेत्रावतीमा बेलिब्रिज राख्ने तयारी भइरहेको छ ।", "evidence_quote_en": "", "temporal_contamination_flag": "False", "segment_from": "वेत्रावती", "segment_to": "", "mode": "road", "passability": "blocked", "source_outlets": "Rajdhani Daily", "source_outlet_count": 1, "entity_key": "वेत्रावती||road", "geo_resolution": "district", "geo_statement": "Located to Rasuwa district only — the source names a place we could not resolve", "geo_match_name": null, "geo_match_osm_id": null, "geo_anchor_id": "79688334B50883418539268", "geo_anchor_name": "Rasuwa"}, "geometry": {"type": "Point", "coordinates": [85.43275923020244, 28.17010993431697]}}, {"type": "Feature", "properties": {"record_id": "a7ee3791f67240c4", "table": "access", "location_raw": "Trishuli–Mailung–Syabrubesi corridor at Uttargaya, Rasuwa", "location_ne": "", "admin_level": "district", "district": "Rasuwa", "province": "Bagmati", "geo_basis": "text_explicit", "as_of": "2026-08-28", "as_of_basis": "article_date", "first_reported": "2026-08-28", "last_reported": "2026-08-29", "confidence": "high", "confidence_note": "Rasuwa explicitly named.", "density": "2", "effective_sources": "2", "independent_origins": "2", "origin": "unattributed", "origin_note": "2 outlets, no reporting body named; independence not established", "corroboration": "independent", "evidence_quote": "Meanwhile, critical links in Rasuwa—including the Trishuli–Mailung–Syabrubesi corridor at Uttargaya and all main highways—are fully blocked until further notice following extensive flood damage.", "evidence_quote_en": "", "temporal_contamination_flag": "False", "segment_from": "Trishuli", "segment_to": "Syabrubesi", "mode": "road", "passability": "blocked", "source_outlets": "Nepal News", "source_outlet_count": 2, "entity_key": "Trishuli|Syabrubesi|road", "geo_resolution": "district", "geo_statement": "Located to Rasuwa district only", "geo_match_name": null, "geo_match_osm_id": null, "geo_anchor_id": "79688334B50883418539268", "geo_anchor_name": "Rasuwa"}, "geometry": {"type": "Point", "coordinates": [85.43275923020244, 28.17010993431697]}}, {"type": "Feature", "properties": {"record_id": "4f13f9803c98f62c", "table": "access", "location_raw": "upper Rasuwa valleys", "location_ne": "", "admin_level": "district", "district": "Rasuwa", "province": "Bagmati", "geo_basis": "text_adjacent", "as_of": "2026-08-28", "as_of_basis": "article_date", "first_reported": "2026-08-28", "last_reported": "2026-08-28", "confidence": "low", "confidence_note": "", "density": "2", "effective_sources": "2", "independent_origins": "2", "origin": "unattributed", "origin_note": "2 outlets, no reporting body named; independence not established", "corroboration": "independent", "evidence_quote": "Roads, bridges, power lines and communications remain severed across the upper valleys, leaving helicopters as the only lifeline.", "evidence_quote_en": "", "temporal_contamination_flag": "False", "segment_from": "", "segment_to": "", "mode": "helicopter", "passability": "heli_only", "source_outlets": "streamlinefeed.co.ke; srpske.rs", "source_outlet_count": 2, "entity_key": "upper Rasuwa valleys||helicopter", "geo_resolution": "district", "geo_statement": "Located to Rasuwa district only", "geo_match_name": null, "geo_match_osm_id": null, "geo_anchor_id": "79688334B50883418539268", "geo_anchor_name": "Rasuwa"}, "geometry": {"type": "Point", "coordinates": [85.43275923020244, 28.17010993431697]}}, {"type": "Feature", "properties": {"record_id": "da3977fa72c2c50f", "table": "access", "location_raw": "बेत्रावती से रसुवागढ़ी सीमा चौकी", "location_ne": "", "admin_level": "settlement", "district": "Rasuwa", "province": "Bagmati", "geo_basis": "text_explicit", "as_of": "2026-08-28", "as_of_basis": "article_date", "first_reported": "2026-08-28", "last_reported": "2026-08-28", "confidence": "high", "confidence_note": "'Completely washed away' (पूरी तरह बह गया) indicates the road segment is blocked.", "density": "1", "effective_sources": "1", "independent_origins": "1", "origin": "media_own", "origin_note": "single outlet", "corroboration": "single_source", "evidence_quote": "नेपाल के सड़क विभाग के अनुसार, बेत्रावती से रसुवागढ़ी सीमा चौकी तक जाने वाली सड़क का क़रीब 42 किलोमीटर हिस्सा बाढ़ में पूरी तरह बह गया है.", "evidence_quote_en": "According to Nepal's Roads Department, about 42km of the road from Betrawati to the Rasuwagadhi border checkpoint was completely washed away in the flood.", "temporal_contamination_flag": "", "segment_from": "Betrawati", "segment_to": "Rasuwagadhi border checkpoint", "mode": "road", "passability": "blocked", "source_outlets": "BBC", "source_outlet_count": 1, "entity_key": "Betrawati|Rasuwagadhi border checkpoint|road", "geo_resolution": "district", "geo_statement": "Located to Rasuwa district only — the source names a place we could not resolve", "geo_match_name": null, "geo_match_osm_id": null, "geo_anchor_id": "79688334B50883418539268", "geo_anchor_name": "Rasuwa"}, "geometry": {"type": "Point", "coordinates": [85.43275923020244, 28.17010993431697]}}, {"type": "Feature", "properties": {"record_id": "2c67473fb9e52f17", "table": "access", "location_raw": "रसुवा", "location_ne": "", "admin_level": "district", "district": "Rasuwa", "province": "Bagmati", "geo_basis": "text_explicit", "as_of": "2026-08-28", "as_of_basis": "article_date", "first_reported": "2026-08-28", "last_reported": "2026-08-28", "confidence": "high", "confidence_note": "District named directly.", "density": "1", "effective_sources": "1", "independent_origins": "1", "origin": "media_own", "origin_note": "single outlet", "corroboration": "single_source", "evidence_quote": "बाढ़ के चलते रसुवा तक जाने कारास्ता पूरी तरह से तबाह हो गया है", "evidence_quote_en": "", "temporal_contamination_flag": "", "segment_from": "", "segment_to": "रसुवा", "mode": "road", "passability": "blocked", "source_outlets": "navbharatlive.com", "source_outlet_count": 1, "entity_key": "रसुवा|रसुवा|road", "geo_resolution": "district", "geo_statement": "Located to Rasuwa district only", "geo_match_name": null, "geo_match_osm_id": null, "geo_anchor_id": "79688334B50883418539268", "geo_anchor_name": "Rasuwa"}, "geometry": {"type": "Point", "coordinates": [85.43275923020244, 28.17010993431697]}}, {"type": "Feature", "properties": {"record_id": "658a233656ad0153", "table": "access", "location_raw": "रसुवा", "location_ne": "", "admin_level": "district", "district": "Rasuwa", "province": "Bagmati", "geo_basis": "text_explicit", "as_of": "2026-08-28", "as_of_basis": "article_date", "first_reported": "2026-08-28", "last_reported": "2026-08-28", "confidence": "high", "confidence_note": "District named directly.", "density": "1", "effective_sources": "1", "independent_origins": "1", "origin": "media_own", "origin_note": "single outlet", "corroboration": "single_source", "evidence_quote": "रसुवा में फिलहाल हेलीकॉप्टर के जरिए राहत-बचाव अभियान चलाया जा रहा है", "evidence_quote_en": "", "temporal_contamination_flag": "", "segment_from": "", "segment_to": "रसुवा", "mode": "helicopter", "passability": "heli_only", "source_outlets": "navbharatlive.com", "source_outlet_count": 1, "entity_key": "रसुवा|रसुवा|helicopter", "geo_resolution": "district", "geo_statement": "Located to Rasuwa district only", "geo_match_name": null, "geo_match_osm_id": null, "geo_anchor_id": "79688334B50883418539268", "geo_anchor_name": "Rasuwa"}, "geometry": {"type": "Point", "coordinates": [85.43275923020244, 28.17010993431697]}}, {"type": "Feature", "properties": {"record_id": "9f0936107bb8a75a", "table": "access", "location_raw": "स्याफ्रुबेँसीदेखि टिमुरे", "location_ne": "", "admin_level": "district", "district": "Rasuwa", "province": "Bagmati", "geo_basis": "text_explicit", "as_of": "2026-08-28", "as_of_basis": "article_date", "first_reported": "2026-08-28", "last_reported": "2026-08-28", "confidence": "high", "confidence_note": "Named road segment, district explicit.", "density": "1", "effective_sources": "1", "independent_origins": "1", "origin": "media_own", "origin_note": "single outlet", "corroboration": "single_source", "evidence_quote": "स्याफ्रुबेँसीदेखि टिमुरे जाने सडक पूर्ण रूपमा अवरुद्ध बनाएको छ।", "evidence_quote_en": "", "temporal_contamination_flag": "", "segment_from": "स्याफ्रुबेँसी", "segment_to": "टिमुरे", "mode": "road", "passability": "blocked", "source_outlets": "Onlinekhabar", "source_outlet_count": 1, "entity_key": "स्याफ्रुबेँसी|टिमुरे|road", "geo_resolution": "district", "geo_statement": "Located to Rasuwa district only", "geo_match_name": null, "geo_match_osm_id": null, "geo_anchor_id": "79688334B50883418539268", "geo_anchor_name": "Rasuwa"}, "geometry": {"type": "Point", "coordinates": [85.43275923020244, 28.17010993431697]}}, {"type": "Feature", "properties": {"record_id": "1d2dbb0ce5ad27ae", "table": "access", "location_raw": "काठमाडौं–टोखा–छहरे–...–धुन्चे (रसुवा)", "location_ne": "", "admin_level": "district", "district": "Rasuwa", "province": "Bagmati", "geo_basis": "text_explicit", "as_of": "2026-08-28", "as_of_basis": "article_date", "first_reported": "2026-08-28", "last_reported": "2026-08-28", "confidence": "high", "confidence_note": "Alternative route to Rasuwa district headquarters, small 4-wheel vehicles only.", "density": "1", "effective_sources": "1", "independent_origins": "1", "origin": "media_own", "origin_note": "single outlet", "corroboration": "single_source", "evidence_quote": "काठमाडौं–टोखा–छहरे–गड्खार पुल–आप्र–नर्जा–लच्याङ–सरमथली–पाटीखर्क हुँदै बोगटीटार–कालिकास्थान–धुन्चेसम्मको वैकल्पिक सडक साना चारपाङ्ग्रे सवारीसाधनका लागि सुचारु भएको छ।", "evidence_quote_en": "", "temporal_contamination_flag": "", "segment_from": "काठमाडौं", "segment_to": "धुन्चे", "mode": "road", "passability": "partial", "source_outlets": "ImageKhabar", "source_outlet_count": 1, "entity_key": "काठमाडौं|धुन्चे|road", "geo_resolution": "district", "geo_statement": "Located to Rasuwa district only", "geo_match_name": null, "geo_match_osm_id": null, "geo_anchor_id": "79688334B50883418539268", "geo_anchor_name": "Rasuwa"}, "geometry": {"type": "Point", "coordinates": [85.43275923020244, 28.17010993431697]}}, {"type": "Feature", "properties": {"record_id": "f843b6896aa1512c", "table": "access", "location_raw": "Kathmandu-Tokha-Chhahare-Gadkhar Bridge-Aap-Narja-Lachyang-Sarmathli-Patikharak road section", "location_ne": "", "admin_level": "district", "district": "Rasuwa", "province": "Bagmati", "geo_basis": "text_adjacent", "as_of": "2026-08-28", "as_of_basis": "inferred_from_text", "first_reported": "2026-08-28", "last_reported": "2026-08-29", "confidence": "medium", "confidence_note": "Route runs via Dhunche, the Rasuwa district HQ.", "density": "2", "effective_sources": "1", "independent_origins": "1", "origin": "media_own", "origin_note": "single outlet", "corroboration": "syndicated", "evidence_quote": "Meanwhile, NDRRMA said the Kathmandu-Tokha-Chhahare-Gadkhar Bridge-Aap-Narja-Lachyang-Sarmathli-Patikharak road section via Bogtitar, Kalikashthan and Dhunche, a key road link, has become operational for small four-wheeled vehicles.", "evidence_quote_en": "", "temporal_contamination_flag": "False", "segment_from": "Kathmandu", "segment_to": "Patikharak", "mode": "road", "passability": "partial", "source_outlets": "ANI News; India's News.Net", "source_outlet_count": 2, "entity_key": "Kathmandu|Patikharak|road", "geo_resolution": "district", "geo_statement": "Located to Rasuwa district only", "geo_match_name": null, "geo_match_osm_id": null, "geo_anchor_id": "79688334B50883418539268", "geo_anchor_name": "Rasuwa"}, "geometry": {"type": "Point", "coordinates": [85.43275923020244, 28.17010993431697]}}, {"type": "Feature", "properties": {"record_id": "87ab43aa2e978567", "table": "access", "location_raw": "Rasuwa temporary alternative road route", "location_ne": "", "admin_level": "district", "district": "Rasuwa", "province": "Bagmati", "geo_basis": "text_explicit", "as_of": "2026-08-28", "as_of_basis": "article_date", "first_reported": "2026-08-28", "last_reported": "2026-08-28", "confidence": "high", "confidence_note": "District named directly.", "density": "1", "effective_sources": "1", "independent_origins": "1", "origin": "media_own", "origin_note": "single outlet", "corroboration": "single_source", "evidence_quote": "A temporary alternative road route has reopened Rasuwa to small four-wheeled vehicles, while the Kathmandu-Muglin highway has been reopened for one-way traffic.", "evidence_quote_en": "", "temporal_contamination_flag": "False", "segment_from": "", "segment_to": "", "mode": "road", "passability": "partial", "source_outlets": "nepyork", "source_outlet_count": 1, "entity_key": "Rasuwa temporary alternative road route||road", "geo_resolution": "district", "geo_statement": "Located to Rasuwa district only", "geo_match_name": null, "geo_match_osm_id": null, "geo_anchor_id": "79688334B50883418539268", "geo_anchor_name": "Rasuwa"}, "geometry": {"type": "Point", "coordinates": [85.43275923020244, 28.17010993431697]}}, {"type": "Feature", "properties": {"record_id": "4b9db790fdebbf57", "table": "access", "location_raw": "Rasuwa", "location_ne": "", "admin_level": "district", "district": "Rasuwa", "province": "Bagmati", "geo_basis": "text_explicit", "as_of": "2026-08-28", "as_of_basis": "inferred_from_text", "first_reported": "2026-08-28", "last_reported": "2026-08-28", "confidence": "medium", "confidence_note": "Friday, Aug 28 established earlier in the same article; not restated in this exact sentence.", "density": "3", "effective_sources": "3", "independent_origins": "3", "origin": "unattributed", "origin_note": "3 outlets, no reporting body named; independence not established", "corroboration": "independent", "evidence_quote": "Helicopter operations in Rasuwa were also halted as authorities reassessed the danger, with people in affected areas seen moving towards higher ground", "evidence_quote_en": "", "temporal_contamination_flag": "False", "segment_from": "", "segment_to": "", "mode": "helicopter", "passability": "blocked", "source_outlets": "The Korea Times; The Daily Star; The Logical Indian", "source_outlet_count": 3, "entity_key": "Rasuwa||helicopter", "geo_resolution": "district", "geo_statement": "Located to Rasuwa district only", "geo_match_name": null, "geo_match_osm_id": null, "geo_anchor_id": "79688334B50883418539268", "geo_anchor_name": "Rasuwa"}, "geometry": {"type": "Point", "coordinates": [85.43275923020244, 28.17010993431697]}}, {"type": "Feature", "properties": {"record_id": "b28d6b0edf04b27b", "table": "access", "location_raw": "रसुवा (Rasuwa) to संघीय राजधानी (federal capital)", "location_ne": "", "admin_level": "district", "district": "Rasuwa", "province": "Bagmati", "geo_basis": "text_explicit", "as_of": "2026-08-28", "as_of_basis": "article_date", "first_reported": "2026-08-28", "last_reported": "2026-08-28", "confidence": "high", "confidence_note": "District-level statement of road/power/telecom disruption cutting Rasuwa off from Kathmandu.", "density": "1", "effective_sources": "1", "independent_origins": "1", "origin": "media_own", "origin_note": "single outlet", "corroboration": "single_source", "evidence_quote": "रसुवामा बुधबार बिहानको बाढीले सडक, विद्युत् र टेलिफोन सेवा अवरुद्ध हुँदा संघीय राजधानीसँग सम्पर्क टुटेको छ ।", "evidence_quote_en": "After Wednesday morning's flood blocked road, electricity and telephone service in Rasuwa, contact with the federal capital has been cut off.", "temporal_contamination_flag": "", "segment_from": "Rasuwa", "segment_to": "Kathmandu (federal capital)", "mode": "road", "passability": "blocked", "source_outlets": "Onlinekhabar", "source_outlet_count": 1, "entity_key": "Rasuwa|Kathmandu (federal capital)|road", "geo_resolution": "district", "geo_statement": "Located to Rasuwa district only", "geo_match_name": null, "geo_match_osm_id": null, "geo_anchor_id": "79688334B50883418539268", "geo_anchor_name": "Rasuwa"}, "geometry": {"type": "Point", "coordinates": [85.43275923020244, 28.17010993431697]}}, {"type": "Feature", "properties": {"record_id": "4f96a350b8398ec7", "table": "access", "location_raw": "उत्तरगया (Uttargaya), रसुवा", "location_ne": "", "admin_level": "rural_municipality", "district": "Rasuwa", "province": "Bagmati", "geo_basis": "text_explicit", "as_of": "2026-08-28", "as_of_basis": "article_date", "first_reported": "2026-08-28", "last_reported": "2026-08-28", "confidence": "high", "confidence_note": "Direct Q&A confirming road link lost and rescue work halted in Uttargaya.", "density": "1", "effective_sources": "1", "independent_origins": "1", "origin": "media_own", "origin_note": "single outlet", "corroboration": "single_source", "evidence_quote": "अब सडक सम्बन्ध पनि छुटेको छ । यसको अर्थ उद्धार कार्य ठप्पै हो ?\nउद्धार कार्य बन्द छ ।", "evidence_quote_en": "'Road connection has now also been lost. Does that mean rescue work is at a standstill?' 'Rescue work is stopped.'", "temporal_contamination_flag": "", "segment_from": "Uttargaya rural municipality", "segment_to": "rest of district/Kathmandu", "mode": "road", "passability": "blocked", "source_outlets": "Onlinekhabar", "source_outlet_count": 1, "entity_key": "Uttargaya rural municipality|rest of district/Kathmandu|road", "geo_resolution": "point", "geo_statement": "Matched \"Uttargaya\" to a named OSM place in Rasuwa", "geo_match_name": "उत्तरगया", "geo_match_osm_id": "node/13242877440", "geo_anchor_id": null, "geo_anchor_name": null}, "geometry": {"type": "Point", "coordinates": [85.1951685, 28.0116144]}}, {"type": "Feature", "properties": {"record_id": "551d0b907b4f70bd", "table": "access", "location_raw": "Syafrubesi–Rasuwagadhi road (via Betrawati–Mailung)", "location_ne": "", "admin_level": "district", "district": "Rasuwa", "province": "Bagmati", "geo_basis": "text_explicit", "as_of": "2026-08-28", "as_of_basis": "article_date", "first_reported": "2026-08-28", "last_reported": "2026-08-28", "confidence": "high", "confidence_note": "Road section named and located within Rasuwa district.", "density": "1", "effective_sources": "1", "independent_origins": "1", "origin": "media_own", "origin_note": "single outlet", "corroboration": "single_source", "evidence_quote": "The flood has disrupted the Syafrubesi–Rasuwagadhi road section through Betrawati–Mailung.", "evidence_quote_en": "", "temporal_contamination_flag": "", "segment_from": "Syafrubesi", "segment_to": "Rasuwagadhi", "mode": "road", "passability": "blocked", "source_outlets": "Khabarhub", "source_outlet_count": 1, "entity_key": "Syafrubesi|Rasuwagadhi|road", "geo_resolution": "district", "geo_statement": "Located to Rasuwa district only", "geo_match_name": null, "geo_match_osm_id": null, "geo_anchor_id": "79688334B50883418539268", "geo_anchor_name": "Rasuwa"}, "geometry": {"type": "Point", "coordinates": [85.43275923020244, 28.17010993431697]}}, {"type": "Feature", "properties": {"record_id": "73c3a6b37d72fc1e", "table": "access", "location_raw": "Uttargaya Rural Municipality", "location_ne": "", "admin_level": "rural_municipality", "district": "Rasuwa", "province": "Bagmati", "geo_basis": "text_explicit", "as_of": "2026-08-28", "as_of_basis": "article_date", "first_reported": "2026-08-28", "last_reported": "2026-08-28", "confidence": "high", "confidence_note": "Direct quote from the Uttargaya Rural Municipality chairperson naming his own municipality in Rasuwa.", "density": "1", "effective_sources": "1", "independent_origins": "1", "origin": "media_own", "origin_note": "single outlet", "corroboration": "single_source", "evidence_quote": "Our region is completely cut off from road access. Prolonged power outages have downed mobile networks, severing all communication", "evidence_quote_en": "", "temporal_contamination_flag": "", "segment_from": "Uttargaya Rural Municipality", "segment_to": "", "mode": "road", "passability": "blocked", "source_outlets": "The Annapurna Express", "source_outlet_count": 1, "entity_key": "Uttargaya Rural Municipality||road", "geo_resolution": "point", "geo_statement": "Matched \"Uttargaya\" to a named OSM place in Rasuwa", "geo_match_name": "उत्तरगया", "geo_match_osm_id": "node/13242877440", "geo_anchor_id": null, "geo_anchor_name": null}, "geometry": {"type": "Point", "coordinates": [85.1951685, 28.0116144]}}, {"type": "Feature", "properties": {"record_id": "886ffb3b6b63a5cc", "table": "access", "location_raw": "Kathmandu to Rasuwa", "location_ne": "", "admin_level": "district", "district": "Rasuwa", "province": "Bagmati", "geo_basis": "text_explicit", "as_of": "2026-08-28", "as_of_basis": "stated", "first_reported": "2026-08-28", "last_reported": "2026-08-29", "confidence": "medium", "confidence_note": "Roads from Kathmandu to Rasuwa described as cut off as of the 28th.", "density": "2", "effective_sources": "2", "independent_origins": "2", "origin": "unattributed", "origin_note": "2 outlets, no reporting body named; independence not established", "corroboration": "independent", "evidence_quote": "Helicopters have been flying all day over the skies to search for the missing as roads leading from the capital, Kathmandu, to major affected areas like Rasuwa have been cut off.", "evidence_quote_en": "", "temporal_contamination_flag": "False", "segment_from": "Kathmandu", "segment_to": "Rasuwa", "mode": "road", "passability": "blocked", "source_outlets": "news.sbs.co.kr; 조선일보", "source_outlet_count": 2, "entity_key": "Kathmandu|Rasuwa|road", "geo_resolution": "district", "geo_statement": "Located to Rasuwa district only", "geo_match_name": null, "geo_match_osm_id": null, "geo_anchor_id": "79688334B50883418539268", "geo_anchor_name": "Rasuwa"}, "geometry": {"type": "Point", "coordinates": [85.43275923020244, 28.17010993431697]}}, {"type": "Feature", "properties": {"record_id": "e8b80412bf5145f1", "table": "access", "location_raw": "Nuwakot to affected areas (Rasuwa)", "location_ne": "", "admin_level": "district", "district": "Rasuwa", "province": "Bagmati", "geo_basis": "text_adjacent", "as_of": "2026-08-28", "as_of_basis": "stated", "first_reported": "2026-08-29", "last_reported": "2026-08-29", "confidence": "medium", "confidence_note": "Beyond Nuwakot, embassy states access is primarily by helicopter.", "density": "1", "effective_sources": "1", "independent_origins": "1", "origin": "media_own", "origin_note": "single outlet", "corroboration": "single_source", "evidence_quote": "By car from Kathmandu, it is currently only possible to reach the Nuwakot district, and further access to the affected areas is primarily by helicopter", "evidence_quote_en": "", "temporal_contamination_flag": "False", "segment_from": "Nuwakot district", "segment_to": "affected areas", "mode": "helicopter", "passability": "heli_only", "source_outlets": "UA.NEWS", "source_outlet_count": 1, "entity_key": "Nuwakot district|affected areas|helicopter", "geo_resolution": "district", "geo_statement": "Located to Rasuwa district only", "geo_match_name": null, "geo_match_osm_id": null, "geo_anchor_id": "79688334B50883418539268", "geo_anchor_name": "Rasuwa"}, "geometry": {"type": "Point", "coordinates": [85.43275923020244, 28.17010993431697]}}, {"type": "Feature", "properties": {"record_id": "8ee5c0e90e2afc17", "table": "access", "location_raw": "उत्तरगया गाउँपालिका, रसुवा", "location_ne": "", "admin_level": "rural_municipality", "district": "Rasuwa", "province": "Bagmati", "geo_basis": "text_explicit", "as_of": "2026-08-28", "as_of_basis": "article_date", "first_reported": "2026-08-28", "last_reported": "2026-08-28", "confidence": "medium", "confidence_note": "Chair states road access to his municipality is fully severed; no specific segment named.", "density": "1", "effective_sources": "1", "independent_origins": "1", "origin": "media_own", "origin_note": "single outlet", "corroboration": "single_source", "evidence_quote": "सडक सम्पर्क पूर्ण रूपमा विच्छेद भएकाले उद्धार तथा राहतमा थप कठिनाइ भएको अध्यक्ष अर्यालले बताएका छन्", "evidence_quote_en": "", "temporal_contamination_flag": "", "segment_from": "", "segment_to": "", "mode": "road", "passability": "blocked", "source_outlets": "Arghakhanchi", "source_outlet_count": 1, "entity_key": "उत्तरगया गाउँपालिका, रसुवा||road", "geo_resolution": "point", "geo_statement": "Matched \"उत्तरगया\" to a named OSM place in Rasuwa", "geo_match_name": "उत्तरगया", "geo_match_osm_id": "node/13242877440", "geo_anchor_id": null, "geo_anchor_name": null}, "geometry": {"type": "Point", "coordinates": [85.1951685, 28.0116144]}}, {"type": "Feature", "properties": {"record_id": "2f37afc08f511855", "table": "access", "location_raw": "Rasuwa district", "location_ne": "", "admin_level": "district", "district": "Rasuwa", "province": "Bagmati", "geo_basis": "text_explicit", "as_of": "2026-08-29", "as_of_basis": "inferred_from_text", "first_reported": "2026-08-30", "last_reported": "2026-08-30", "confidence": "medium", "confidence_note": "District named; 'yesterday' relative to Sunday publish date.", "density": "1", "effective_sources": "1", "independent_origins": "1", "origin": "media_own", "origin_note": "single outlet", "corroboration": "single_source", "evidence_quote": "According to officials in the hard-hit Rasuwa district, search and rescue operations resumed yesterday after being temporarily halted because of rain and fog.", "evidence_quote_en": "", "temporal_contamination_flag": "False", "segment_from": "", "segment_to": "", "mode": "helicopter", "passability": "partial", "source_outlets": "News On AIR", "source_outlet_count": 1, "entity_key": "Rasuwa district||helicopter", "geo_resolution": "district", "geo_statement": "Located to Rasuwa district only", "geo_match_name": null, "geo_match_osm_id": null, "geo_anchor_id": "79688334B50883418539268", "geo_anchor_name": "Rasuwa"}, "geometry": {"type": "Point", "coordinates": [85.43275923020244, 28.17010993431697]}}, {"type": "Feature", "properties": {"record_id": "66b055be517520d4", "table": "access", "location_raw": "Rasuwa district", "location_ne": "", "admin_level": "district", "district": "Rasuwa", "province": "Bagmati", "geo_basis": "text_explicit", "as_of": "2026-08-29", "as_of_basis": "article_date", "first_reported": "2026-08-29", "last_reported": "2026-08-29", "confidence": "medium", "confidence_note": "Broad district-wide statement, not a specific named segment.", "density": "1", "effective_sources": "1", "independent_origins": "1", "origin": "media_own", "origin_note": "single outlet", "corroboration": "single_source", "evidence_quote": "Many flood-affected areas in Rasuwa remain cut off from both road transport and communications networks.", "evidence_quote_en": "", "temporal_contamination_flag": "", "segment_from": "Rasuwa flood-affected areas", "segment_to": "", "mode": "road", "passability": "blocked", "source_outlets": "The Annapurna Express", "source_outlet_count": 1, "entity_key": "Rasuwa flood-affected areas||road", "geo_resolution": "district", "geo_statement": "Located to Rasuwa district only", "geo_match_name": null, "geo_match_osm_id": null, "geo_anchor_id": "79688334B50883418539268", "geo_anchor_name": "Rasuwa"}, "geometry": {"type": "Point", "coordinates": [85.43275923020244, 28.17010993431697]}}, {"type": "Feature", "properties": {"record_id": "4d39bf73b209eeb3", "table": "access", "location_raw": "Gyirong border crossing", "location_ne": "", "admin_level": "settlement", "district": "Rasuwa", "province": "Bagmati", "geo_basis": "text_explicit", "as_of": "2026-08-29", "as_of_basis": "inferred_from_text", "first_reported": "2026-08-30", "last_reported": "2026-08-30", "confidence": "medium", "confidence_note": "Route to the border crossing named explicitly; exact segment start not stated.", "density": "1", "effective_sources": "1", "independent_origins": "1", "origin": "media_own", "origin_note": "single outlet", "corroboration": "single_source", "evidence_quote": "Getting to the Gyirong border crossing has been impossible by car, with rescuers only able to helicopter in.", "evidence_quote_en": "", "temporal_contamination_flag": "", "segment_from": "Kathmandu", "segment_to": "Gyirong border crossing", "mode": "helicopter", "passability": "heli_only", "source_outlets": "The Guardian", "source_outlet_count": 1, "entity_key": "Kathmandu|Gyirong border crossing|helicopter", "geo_resolution": "district", "geo_statement": "Located to Rasuwa district only — the source names a place we could not resolve", "geo_match_name": null, "geo_match_osm_id": null, "geo_anchor_id": "79688334B50883418539268", "geo_anchor_name": "Rasuwa"}, "geometry": {"type": "Point", "coordinates": [85.43275923020244, 28.17010993431697]}}, {"type": "Feature", "properties": {"record_id": "f9cd6299ea30f38b", "table": "access", "location_raw": "Dhunche", "location_ne": "", "admin_level": "municipality", "district": "Rasuwa", "province": "Bagmati", "geo_basis": "text_explicit", "as_of": "2026-08-29", "as_of_basis": "stated", "first_reported": "2026-08-29", "last_reported": "2026-08-29", "confidence": "high", "confidence_note": "Route and district explicitly named; described as a temporary/alternative route.", "density": "2", "effective_sources": "1", "independent_origins": "1", "origin": "media_own", "origin_note": "single outlet", "corroboration": "syndicated", "evidence_quote": "The Bagmati Province government arranged a temporary route to bring pilgrims, tourists, and other stranded passengers from Dhunche to the Kathmandu Valley, with Chief Minister Kiran Thapa Magar coordinating the rescue and transportation arrangements.", "evidence_quote_en": "", "temporal_contamination_flag": "", "segment_from": "Dhunche", "segment_to": "Kathmandu Valley", "mode": "road", "passability": "partial", "source_outlets": "NepalNews; Nepal News", "source_outlet_count": 2, "entity_key": "Dhunche|Kathmandu Valley|road", "geo_resolution": "point", "geo_statement": "Matched \"Dhunche\" to a named OSM place in Rasuwa", "geo_match_name": "धुन्चे", "geo_match_osm_id": "node/10315965426", "geo_anchor_id": null, "geo_anchor_name": null}, "geometry": {"type": "Point", "coordinates": [85.2960583, 28.1127948]}}, {"type": "Feature", "properties": {"record_id": "49d3961782d776d3", "table": "access", "location_raw": "Mahabir to Chaugati", "location_ne": "", "admin_level": "settlement", "district": "Rasuwa", "province": "Bagmati", "geo_basis": "text_explicit", "as_of": "2026-08-29", "as_of_basis": "stated", "first_reported": "2026-08-29", "last_reported": "2026-08-29", "confidence": "high", "confidence_note": "Segment explicitly named as a walking-only stretch of the evacuation route.", "density": "3", "effective_sources": "2", "independent_origins": "2", "origin": "unattributed", "origin_note": "2 outlets, no reporting body named; independence not established", "corroboration": "independent", "evidence_quote": "From Mahabir, passengers walk for approximately one hour to Chaugati, where vehicles are available to transport them onward to Kathmandu.", "evidence_quote_en": "", "temporal_contamination_flag": "", "segment_from": "Mahabir", "segment_to": "Chaugati", "mode": "foot", "passability": "foot_only", "source_outlets": "NepalNews; Khabarhub; Nepal News", "source_outlet_count": 3, "entity_key": "Mahabir|Chaugati|foot", "geo_resolution": "district", "geo_statement": "Located to Rasuwa district only — the source names a place we could not resolve", "geo_match_name": null, "geo_match_osm_id": null, "geo_anchor_id": "79688334B50883418539268", "geo_anchor_name": "Rasuwa"}, "geometry": {"type": "Point", "coordinates": [85.43275923020244, 28.17010993431697]}}, {"type": "Feature", "properties": {"record_id": "8b69d62f3e384311", "table": "access", "location_raw": "Kathmandu-Dhunche corridor (via Tokha, Chhahare, Gadhkhar Bridge, Aapra, Nanja, Lachhyang, Sarmathali, Patikharka, Bogetitar, Kalikasthan)", "location_ne": "", "admin_level": "district", "district": "Rasuwa", "province": "Bagmati", "geo_basis": "text_explicit", "as_of": "2026-08-29", "as_of_basis": "stated", "first_reported": "2026-08-28", "last_reported": "2026-08-29", "confidence": "high", "confidence_note": "Full route named and attributed to NDRRMA; reopened only to small four-wheeled vehicles, so marked partial rather than open.", "density": "6", "effective_sources": "5", "independent_origins": "5", "origin": "unattributed", "origin_note": "5 outlets, no reporting body named; independence not established", "corroboration": "independent", "evidence_quote": "The National Disaster Risk Reduction and Management Authority reported that the road section linking Kathmandu, Tokha, Chhahare, Gadhkhar Bridge, Aapra, Nanja, Lachhyang, Sarmathali, and Patikharka with Bogetitar, Kalikasthan, and Dhunche has reopened to small four-wheeled vehicles.", "evidence_quote_en": "", "temporal_contamination_flag": "", "segment_from": "Kathmandu", "segment_to": "Dhunche", "mode": "road", "passability": "partial", "source_outlets": "newsdrum.in; Deshsanchar; OnlineKhabar English News; NepalNews; Khabarhub; Nepal News", "source_outlet_count": 6, "entity_key": "Kathmandu|Dhunche|road", "geo_resolution": "district", "geo_statement": "Located to Rasuwa district only", "geo_match_name": null, "geo_match_osm_id": null, "geo_anchor_id": "79688334B50883418539268", "geo_anchor_name": "Rasuwa"}, "geometry": {"type": "Point", "coordinates": [85.43275923020244, 28.17010993431697]}}, {"type": "Feature", "properties": {"record_id": "d1d0b1469febd113", "table": "access", "location_raw": "महावीर-चौगटी", "location_ne": "", "admin_level": "district", "district": "Rasuwa", "province": "Bagmati", "geo_basis": "text_explicit", "as_of": "2026-08-29", "as_of_basis": "article_date", "first_reported": "2026-08-29", "last_reported": "2026-08-29", "confidence": "medium", "confidence_note": "Approx. one-hour walking segment of the alternate route out of Dhunche.", "density": "1", "effective_sources": "1", "independent_origins": "1", "origin": "media_own", "origin_note": "single outlet", "corroboration": "single_source", "evidence_quote": "‘धुन्चेमा रोकिएका तिर्थयात्री, पर्यटक सर्वसाधारणलाई हामीले त्यहीँ निःशुल्क खाना खुवाउने व्यवस्था गरेका छौँ, खाना खुवाइ सकेपछि उहाँहरूलाई मोटरमार्फत महावीरसम्म पु¥याउने र महावीरबाट करिब एक घण्टा पैदल हिँडे पछि चौगटीसम्म पुगे पछि त्यहाँबाट पुनः सवारीसाधनमार्फत काठमाडौँ पठाउने कार्य गरिरहेका छौं’ उनले सञ्चारकर्मीसँग भने ।", "evidence_quote_en": "'We have arranged to feed the pilgrims, tourists and general public stopped in Dhunche free food there; after eating, we take them by vehicle to Mahavir, and after about an hour's walk from Mahavir to Chaugtee, we send them onward to Kathmandu by vehicle again,' he told reporters.", "temporal_contamination_flag": "False", "segment_from": "महावीर", "segment_to": "चौगटी", "mode": "foot", "passability": "foot_only", "source_outlets": "Arghakhanchi", "source_outlet_count": 1, "entity_key": "महावीर|चौगटी|foot", "geo_resolution": "district", "geo_statement": "Located to Rasuwa district only", "geo_match_name": null, "geo_match_osm_id": null, "geo_anchor_id": "79688334B50883418539268", "geo_anchor_name": "Rasuwa"}, "geometry": {"type": "Point", "coordinates": [85.43275923020244, 28.17010993431697]}}, {"type": "Feature", "properties": {"record_id": "a5cc7a2ad33bd0a7", "table": "access", "location_raw": "काठमाडौँ–...–धुन्चे (Kathmandu-...-Dhunche road)", "location_ne": "", "admin_level": "district", "district": "Rasuwa", "province": "Bagmati", "geo_basis": "text_explicit", "as_of": "2026-08-29", "as_of_basis": "article_date", "first_reported": "2026-08-29", "last_reported": "2026-08-29", "confidence": "high", "confidence_note": "NDRRMA-sourced; passability marked partial because only small 4-wheel vehicles are permitted, not full traffic.", "density": "1", "effective_sources": "1", "independent_origins": "1", "origin": "media_own", "origin_note": "single outlet", "corroboration": "single_source", "evidence_quote": "राष्ट्रिय विपद् जोखिम न्यूनीकरण तथा व्यवस्थापन प्राधिकरणका अनुसार काठमाडौँ–टोखा–छहरे–गड्खारपुल–आप्र–नर्जा–लच्याङ–सरमथली–पाटीखर्क हुँदै बोगटीटार–कालिकास्थान–धुन्चेसम्मको सडकखण्डमा चारपाङ्ग्रे साना सवारीसाधन सञ्चालन हुने गरी सुचारु भएको हो।", "evidence_quote_en": "Per the National Disaster Risk Reduction and Management Authority, small four-wheeled vehicles have resumed operating on the Kathmandu-Tokha-Chhahare-...-Dhunche road segment.", "temporal_contamination_flag": "", "segment_from": "काठमाडौँ (Kathmandu)", "segment_to": "धुन्चे (Dhunche)", "mode": "road", "passability": "partial", "source_outlets": "Onlinekhabar", "source_outlet_count": 1, "entity_key": "काठमाडौँ (Kathmandu)|धुन्चे (Dhunche)|road", "geo_resolution": "district", "geo_statement": "Located to Rasuwa district only", "geo_match_name": null, "geo_match_osm_id": null, "geo_anchor_id": "79688334B50883418539268", "geo_anchor_name": "Rasuwa"}, "geometry": {"type": "Point", "coordinates": [85.43275923020244, 28.17010993431697]}}, {"type": "Feature", "properties": {"record_id": "dae3f927b1633a34", "table": "access", "location_raw": "Rasuwa to Kathmandu", "location_ne": "", "admin_level": "district", "district": "Rasuwa", "province": "Bagmati", "geo_basis": "text_explicit", "as_of": "2026-08-29", "as_of_basis": "article_date", "first_reported": "2026-08-29", "last_reported": "2026-08-29", "confidence": "medium", "confidence_note": "Alternate route open only for light vehicles.", "density": "1", "effective_sources": "1", "independent_origins": "1", "origin": "media_own", "origin_note": "single outlet", "corroboration": "single_source", "evidence_quote": "Alternate routes have reconnected Rasuwa to Kathmandu for light vehicles", "evidence_quote_en": "", "temporal_contamination_flag": "", "segment_from": "Rasuwa", "segment_to": "Kathmandu", "mode": "road", "passability": "partial", "source_outlets": "India's News.Net", "source_outlet_count": 1, "entity_key": "Rasuwa|Kathmandu|road", "geo_resolution": "district", "geo_statement": "Located to Rasuwa district only", "geo_match_name": null, "geo_match_osm_id": null, "geo_anchor_id": "79688334B50883418539268", "geo_anchor_name": "Rasuwa"}, "geometry": {"type": "Point", "coordinates": [85.43275923020244, 28.17010993431697]}}, {"type": "Feature", "properties": {"record_id": "8c7f9e95d28f840c", "table": "access", "location_raw": "Temure, Syabrubesi and Mailung", "location_ne": "", "admin_level": "district", "district": "Rasuwa", "province": "Bagmati", "geo_basis": "text_explicit", "as_of": "2026-08-29", "as_of_basis": "article_date", "first_reported": "2026-08-29", "last_reported": "2026-08-29", "confidence": "high", "confidence_note": "Locations named directly, all in Rasuwa.", "density": "1", "effective_sources": "1", "independent_origins": "1", "origin": "media_own", "origin_note": "single outlet", "corroboration": "single_source", "evidence_quote": "the mud was making it difficult for helicopters to land and take off in affected areas, including Temure, Syabrubesi and Mailung", "evidence_quote_en": "", "temporal_contamination_flag": "", "segment_from": "Temure/Syabrubesi/Mailung", "segment_to": "", "mode": "helicopter", "passability": "partial", "source_outlets": "The Star", "source_outlet_count": 1, "entity_key": "Temure/Syabrubesi/Mailung||helicopter", "geo_resolution": "district", "geo_statement": "Located to Rasuwa district only", "geo_match_name": null, "geo_match_osm_id": null, "geo_anchor_id": "79688334B50883418539268", "geo_anchor_name": "Rasuwa"}, "geometry": {"type": "Point", "coordinates": [85.43275923020244, 28.17010993431697]}}, {"type": "Feature", "properties": {"record_id": "6f77b25b8eb4c621", "table": "access", "location_raw": "उत्तरगया गाउँपालिका-५ खाल्टे, रसुवा", "location_ne": "", "admin_level": "rural_municipality", "district": "Rasuwa", "province": "Bagmati", "geo_basis": "text_explicit", "as_of": "2026-08-29", "as_of_basis": "stated", "first_reported": "2026-08-29", "last_reported": "2026-08-29", "confidence": "high", "confidence_note": "Trishuli-Mailung-Syaphrubesi segment blocked long-term by flood at Khalte.", "density": "1", "effective_sources": "1", "independent_origins": "1", "origin": "media_own", "origin_note": "single outlet", "corroboration": "single_source", "evidence_quote": "रसुवाको उत्तरगया गाउँपालिका-५ खाल्टेमा बाढी आउँदा त्रिशुली-मैलुङ-स्याफ्रुबेँसी सडक खण्ड लामो समयका लागि अवरुद्ध बनेको छ।", "evidence_quote_en": "", "temporal_contamination_flag": "", "segment_from": "त्रिशुली", "segment_to": "स्याफ्रुबेँसी", "mode": "road", "passability": "blocked", "source_outlets": "Arghakhanchi", "source_outlet_count": 1, "entity_key": "त्रिशुली|स्याफ्रुबेँसी|road", "geo_resolution": "district", "geo_statement": "Located to Rasuwa district only — the source names a place we could not resolve", "geo_match_name": null, "geo_match_osm_id": null, "geo_anchor_id": "79688334B50883418539268", "geo_anchor_name": "Rasuwa"}, "geometry": {"type": "Point", "coordinates": [85.43275923020244, 28.17010993431697]}}, {"type": "Feature", "properties": {"record_id": "d80657caeabbabeb", "table": "access", "location_raw": "Upper Trishuli-1 Hydroelectric Project", "location_ne": "", "admin_level": "settlement", "district": "Rasuwa", "province": "Bagmati", "geo_basis": "text_explicit", "as_of": "2026-08-30", "as_of_basis": "article_date", "first_reported": "2026-08-30", "last_reported": "2026-08-30", "confidence": "high", "confidence_note": "Explicit statement of helicopter-only access to the named site.", "density": "1", "effective_sources": "1", "independent_origins": "1", "origin": "media_own", "origin_note": "single outlet", "corroboration": "single_source", "evidence_quote": "Since roads in the area have been washed away, the site can now be reached only by helicopter.", "evidence_quote_en": "", "temporal_contamination_flag": "False", "segment_from": "", "segment_to": "Upper Trishuli-1 Hydroelectric Project", "mode": "helicopter", "passability": "heli_only", "source_outlets": "Korea JoongAng Daily", "source_outlet_count": 1, "entity_key": "Upper Trishuli-1 Hydroelectric Project|Upper Trishuli-1 Hydroelectric Project|helicopter", "geo_resolution": "district", "geo_statement": "Located to Rasuwa district only — the source names a place we could not resolve", "geo_match_name": null, "geo_match_osm_id": null, "geo_anchor_id": "79688334B50883418539268", "geo_anchor_name": "Rasuwa"}, "geometry": {"type": "Point", "coordinates": [85.43275923020244, 28.17010993431697]}}, {"type": "Feature", "properties": {"record_id": "e0ca90da3e98a6b2", "table": "access", "location_raw": "Rasuwa", "location_ne": "", "admin_level": "district", "district": "Rasuwa", "province": "Bagmati", "geo_basis": "text_explicit", "as_of": "2026-08-30", "as_of_basis": "article_date", "first_reported": "2026-08-30", "last_reported": "2026-08-30", "confidence": "medium", "confidence_note": "Quoted expert statement, translated context; district explicit.", "density": "1", "effective_sources": "1", "independent_origins": "1", "origin": "media_own", "origin_note": "single outlet", "corroboration": "single_source", "evidence_quote": "“The truth that the world sees is that in the case of Rasuwa, there is no transportation other than helicopters.”", "evidence_quote_en": "", "temporal_contamination_flag": "", "segment_from": "Rasuwa", "segment_to": "", "mode": "helicopter", "passability": "heli_only", "source_outlets": "Ratopati", "source_outlet_count": 1, "entity_key": "Rasuwa||helicopter", "geo_resolution": "district", "geo_statement": "Located to Rasuwa district only", "geo_match_name": null, "geo_match_osm_id": null, "geo_anchor_id": "79688334B50883418539268", "geo_anchor_name": "Rasuwa"}, "geometry": {"type": "Point", "coordinates": [85.43275923020244, 28.17010993431697]}}, {"type": "Feature", "properties": {"record_id": "48d14bec04279823", "table": "access", "location_raw": "Upper Trishuli-1 Hydropower Project, Rasuwa", "location_ne": "", "admin_level": "settlement", "district": "Rasuwa", "province": "Bagmati", "geo_basis": "text_explicit", "as_of": "2026-08-30", "as_of_basis": "article_date", "first_reported": "2026-08-30", "last_reported": "2026-08-30", "confidence": "high", "confidence_note": "Explicit statement that roads are washed out and site cannot be reached by land.", "density": "1", "effective_sources": "1", "independent_origins": "1", "origin": "media_own", "origin_note": "single outlet", "corroboration": "single_source", "evidence_quote": "Beyond Bidur lies the Upper Trishuli-1 hydroelectric power project in Rasuwa, where the nine Korean workers went missing, but the roads there have been washed out and the site cannot be reached by land.", "evidence_quote_en": "", "temporal_contamination_flag": "", "segment_from": "", "segment_to": "Upper Trishuli-1 project site", "mode": "road", "passability": "blocked", "source_outlets": "Korea JoongAng Daily", "source_outlet_count": 1, "entity_key": "Upper Trishuli-1 Hydropower Project, Rasuwa|Upper Trishuli-1 project site|road", "geo_resolution": "district", "geo_statement": "Located to Rasuwa district only — the source names a place we could not resolve", "geo_match_name": null, "geo_match_osm_id": null, "geo_anchor_id": "79688334B50883418539268", "geo_anchor_name": "Rasuwa"}, "geometry": {"type": "Point", "coordinates": [85.43275923020244, 28.17010993431697]}}, {"type": "Feature", "properties": {"record_id": "e1dbaf546fdf78d6", "table": "access", "location_raw": "Aamachhodingmo-4", "location_ne": "", "admin_level": "ward", "district": "Rasuwa", "province": "Bagmati", "geo_basis": "text_explicit", "as_of": "2026-08-30", "as_of_basis": "article_date", "first_reported": "2026-08-30", "last_reported": "2026-08-30", "confidence": "medium", "confidence_note": "Resident quote implying the road is currently closed.", "density": "1", "effective_sources": "1", "independent_origins": "1", "origin": "media_own", "origin_note": "single outlet", "corroboration": "single_source", "evidence_quote": "\"रोडको चिन्ता छ। बाटो खुल्न पाए हुन्थ्यो। राहत त खोइ आउँछ कि आउँदैन।\"", "evidence_quote_en": "\"We're worried about the road. If only the road would open. As for relief, who knows if it'll come.\"", "temporal_contamination_flag": "", "segment_from": "", "segment_to": "", "mode": "road", "passability": "blocked", "source_outlets": "BBC Nepali", "source_outlet_count": 1, "entity_key": "Aamachhodingmo-4||road", "geo_resolution": "point", "geo_statement": "Matched \"Aamachhodingmo-4\" to a named OSM place in Rasuwa", "geo_match_name": "आमाछोदिङ्मो", "geo_match_osm_id": "node/13242877442", "geo_anchor_id": null, "geo_anchor_name": null}, "geometry": {"type": "Point", "coordinates": [85.3130932, 28.1705778]}}, {"type": "Feature", "properties": {"record_id": "997bea663f2b41ca", "table": "access", "location_raw": "गिजेलको जङ्गल, नौकुण्ड गाउँपालिका-३", "location_ne": "", "admin_level": "settlement", "district": "Rasuwa", "province": "Bagmati", "geo_basis": "text_explicit", "as_of": "2026-08-30", "as_of_basis": "inferred_from_text", "first_reported": "2026-08-31", "last_reported": "2026-08-31", "confidence": "high", "confidence_note": "Specific location and vehicle count for the alternate road into Rasuwa.", "density": "1", "effective_sources": "1", "independent_origins": "1", "origin": "media_own", "origin_note": "single outlet", "corroboration": "single_source", "evidence_quote": "पहिरो र हिलोका कारण रसुवाको नौकुण्ड गाउँपालिका-३ मा पर्ने गिजेलको जङ्गलमा एक सय भन्दा बढी सवारी साधन फसेका छन्।", "evidence_quote_en": "Due to landslides and mud, more than 100 vehicles are stuck in the Gijel forest area of Naukunda Rural Municipality-3, Rasuwa.", "temporal_contamination_flag": "False", "segment_from": "Bahunbesi", "segment_to": "Dhunche", "mode": "road", "passability": "blocked", "source_outlets": "Deshsanchar", "source_outlet_count": 1, "entity_key": "Bahunbesi|Dhunche|road", "geo_resolution": "district", "geo_statement": "Located to Rasuwa district only — the source names a place we could not resolve", "geo_match_name": null, "geo_match_osm_id": null, "geo_anchor_id": "79688334B50883418539268", "geo_anchor_name": "Rasuwa"}, "geometry": {"type": "Point", "coordinates": [85.43275923020244, 28.17010993431697]}}, {"type": "Feature", "properties": {"record_id": "0e9d1005af6536ac", "table": "access", "location_raw": "Trishuli-Mailung-Syabrubesi section (Khalte)", "location_ne": "", "admin_level": "district", "district": "Rasuwa", "province": "Bagmati", "geo_basis": "text_explicit", "as_of": "2026-08-31", "as_of_basis": "stated", "first_reported": "2026-08-31", "last_reported": "2026-08-31", "confidence": "high", "confidence_note": "District named directly.", "density": "1", "effective_sources": "1", "independent_origins": "1", "origin": "media_own", "origin_note": "single outlet", "corroboration": "single_source", "evidence_quote": "In Rasuwa, the Trishuli Mailung Syabrubesi section is blocked at Khalte, alongside complete blockages on Nuwakot’s main highways, the Pasang Lhamu Highway, and the Araniko Highway at Kodari in Sindhupalchok.", "evidence_quote_en": "", "temporal_contamination_flag": "False", "segment_from": "", "segment_to": "Khalte", "mode": "road", "passability": "blocked", "source_outlets": "NepalNews", "source_outlet_count": 1, "entity_key": "Trishuli-Mailung-Syabrubesi section (Khalte)|Khalte|road", "geo_resolution": "district", "geo_statement": "Located to Rasuwa district only", "geo_match_name": null, "geo_match_osm_id": null, "geo_anchor_id": "79688334B50883418539268", "geo_anchor_name": "Rasuwa"}, "geometry": {"type": "Point", "coordinates": [85.43275923020244, 28.17010993431697]}}, {"type": "Feature", "properties": {"record_id": "1ea5d6c95ec82137", "table": "access", "location_raw": "Martyr highway of Rolpa", "location_ne": "", "admin_level": "district", "district": "Rolpa", "province": "Lumbini", "geo_basis": "text_explicit", "as_of": "2026-08-28", "as_of_basis": "stated", "first_reported": "2026-08-28", "last_reported": "2026-08-29", "confidence": "high", "confidence_note": "District named directly in the highway description.", "density": "2", "effective_sources": "2", "independent_origins": "2", "origin": "unattributed", "origin_note": "2 outlets, no reporting body named; independence not established", "corroboration": "independent", "evidence_quote": "According to Police Headquarters, Muglin-Galchhi section, Muglin-Narayangadh sections under Prithvi highway, Mechi highway, Rukum Paschim Bheri Corridor, Pasang Lhamu and Martyr highway of Rolpa have been obstructed.", "evidence_quote_en": "", "temporal_contamination_flag": "False", "segment_from": "", "segment_to": "", "mode": "road", "passability": "blocked", "source_outlets": "The Rising Nepal; Ratopati", "source_outlet_count": 2, "entity_key": "Martyr highway of Rolpa||road", "geo_resolution": "district", "geo_statement": "Located to Rolpa district only", "geo_match_name": null, "geo_match_osm_id": null, "geo_anchor_id": "79688334B20911860961651", "geo_anchor_name": "Rolpa"}, "geometry": {"type": "Point", "coordinates": [82.631324276752, 28.336743541865644]}}, {"type": "Feature", "properties": {"record_id": "3beb4db9104a8a4f", "table": "access", "location_raw": "परिवर्तन गाउँपालिका-४ खरिबोट, रोल्पा", "location_ne": "", "admin_level": "rural_municipality", "district": "Rolpa", "province": "Lumbini", "geo_basis": "text_explicit", "as_of": "2026-08-29", "as_of_basis": "stated", "first_reported": "2026-08-29", "last_reported": "2026-08-29", "confidence": "high", "confidence_note": "Shahid Highway fully blocked by landslide at Kharibot.", "density": "1", "effective_sources": "1", "independent_origins": "1", "origin": "media_own", "origin_note": "single outlet", "corroboration": "single_source", "evidence_quote": "यता लुम्बिनी प्रदेशको रोल्पास्थित परिवर्तन गाउँपालिका-४ खरिबोटमा पहिरो जाँदा शहिद राजमार्ग पूर्ण रूपमा ठप्प छ।", "evidence_quote_en": "", "temporal_contamination_flag": "", "segment_from": "", "segment_to": "", "mode": "road", "passability": "blocked", "source_outlets": "Arghakhanchi", "source_outlet_count": 1, "entity_key": "परिवर्तन गाउँपालिका-४ खरिबोट, रोल्पा||road", "geo_resolution": "district", "geo_statement": "Located to Rolpa district only — the source names a place we could not resolve", "geo_match_name": null, "geo_match_osm_id": null, "geo_anchor_id": "79688334B20911860961651", "geo_anchor_name": "Rolpa"}, "geometry": {"type": "Point", "coordinates": [82.631324276752, 28.336743541865644]}}, {"type": "Feature", "properties": {"record_id": "aec9716fa9ea280a", "table": "access", "location_raw": "Rukum Paschim Bheri Corridor", "location_ne": "", "admin_level": "district", "district": "Rukum Pashchim", "province": "Karnali", "geo_basis": "text_explicit", "as_of": "2026-08-28", "as_of_basis": "stated", "first_reported": "2026-08-28", "last_reported": "2026-08-29", "confidence": "high", "confidence_note": "District named directly in the corridor name.", "density": "2", "effective_sources": "2", "independent_origins": "2", "origin": "unattributed", "origin_note": "2 outlets, no reporting body named; independence not established", "corroboration": "independent", "evidence_quote": "According to Police Headquarters, Muglin-Galchhi section, Muglin-Narayangadh sections under Prithvi highway, Mechi highway, Rukum Paschim Bheri Corridor, Pasang Lhamu and Martyr highway of Rolpa have been obstructed.", "evidence_quote_en": "", "temporal_contamination_flag": "False", "segment_from": "", "segment_to": "", "mode": "road", "passability": "blocked", "source_outlets": "The Rising Nepal; Ratopati", "source_outlet_count": 2, "entity_key": "Rukum Paschim Bheri Corridor||road", "geo_resolution": "district", "geo_statement": "Located to Rukum_W district only", "geo_match_name": null, "geo_match_osm_id": null, "geo_anchor_id": "79688334B34133508701345", "geo_anchor_name": "Rukum_W"}, "geometry": {"type": "Point", "coordinates": [82.17053285701346, 28.884234988463305]}}, {"type": "Feature", "properties": {"record_id": "af03a65eb6a4707c", "table": "access", "location_raw": "कोदारी, भोटेकोशी गाउँपालिका-२, सिन्धुपाल्चोक", "location_ne": "", "admin_level": "rural_municipality", "district": "Sindhupalchok", "province": "Bagmati", "geo_basis": "text_explicit", "as_of": "2026-08-29", "as_of_basis": "article_date", "first_reported": "2026-08-29", "last_reported": "2026-08-29", "confidence": "high", "confidence_note": "Rural municipality and district explicitly named (Araniko Highway landslide).", "density": "1", "effective_sources": "1", "independent_origins": "1", "origin": "media_own", "origin_note": "single outlet", "corroboration": "single_source", "evidence_quote": "सिन्धुपाल्चोकको भोटेकोशी गाउँपालिका–२ कोदारीमा पहिरो जाँदा अरनिको राजमार्ग पूर्ण रूपमा अवरुद्ध भएको छ ।", "evidence_quote_en": "", "temporal_contamination_flag": "", "segment_from": "", "segment_to": "", "mode": "road", "passability": "blocked", "source_outlets": "Ratopati", "source_outlet_count": 1, "entity_key": "कोदारी, भोटेकोशी गाउँपालिका-२, सिन्धुपाल्चोक||road", "geo_resolution": "district", "geo_statement": "Located to Sindhupalchok district only — the source names a place we could not resolve", "geo_match_name": null, "geo_match_osm_id": null, "geo_anchor_id": "79688334B45086844065391", "geo_anchor_name": "Sindhupalchok"}, "geometry": {"type": "Point", "coordinates": [85.72157873296592, 27.889285609515667]}}, {"type": "Feature", "properties": {"record_id": "a660e480bae8f351", "table": "access", "location_raw": "भोटेकोशी गाउँपालिका-२ कोदारी, सिन्धुपाल्चोक", "location_ne": "", "admin_level": "rural_municipality", "district": "Sindhupalchok", "province": "Bagmati", "geo_basis": "text_explicit", "as_of": "2026-08-29", "as_of_basis": "stated", "first_reported": "2026-08-29", "last_reported": "2026-08-29", "confidence": "high", "confidence_note": "Araniko Highway fully blocked by landslide at Kodari.", "density": "1", "effective_sources": "1", "independent_origins": "1", "origin": "media_own", "origin_note": "single outlet", "corroboration": "single_source", "evidence_quote": "सिन्धुपाल्चोकको भोटेकोशी गाउँपालिका-२ कोदारीमा पहिरो जाँदा अरनिको राजमार्ग पूर्ण रूपमा ठप्प भएको छ।", "evidence_quote_en": "", "temporal_contamination_flag": "", "segment_from": "कोदारी", "segment_to": "", "mode": "road", "passability": "blocked", "source_outlets": "Arghakhanchi", "source_outlet_count": 1, "entity_key": "कोदारी||road", "geo_resolution": "district", "geo_statement": "Located to Sindhupalchok district only — the source names a place we could not resolve", "geo_match_name": null, "geo_match_osm_id": null, "geo_anchor_id": "79688334B45086844065391", "geo_anchor_name": "Sindhupalchok"}, "geometry": {"type": "Point", "coordinates": [85.72157873296592, 27.889285609515667]}}, {"type": "Feature", "properties": {"record_id": "d7e84288d654b189", "table": "access", "location_raw": "Araniko Highway at Kodari", "location_ne": "", "admin_level": "district", "district": "Sindhupalchok", "province": "Bagmati", "geo_basis": "text_explicit", "as_of": "2026-08-31", "as_of_basis": "stated", "first_reported": "2026-08-31", "last_reported": "2026-08-31", "confidence": "high", "confidence_note": "District named directly.", "density": "1", "effective_sources": "1", "independent_origins": "1", "origin": "media_own", "origin_note": "single outlet", "corroboration": "single_source", "evidence_quote": "In Rasuwa, the Trishuli Mailung Syabrubesi section is blocked at Khalte, alongside complete blockages on Nuwakot’s main highways, the Pasang Lhamu Highway, and the Araniko Highway at Kodari in Sindhupalchok.", "evidence_quote_en": "", "temporal_contamination_flag": "False", "segment_from": "", "segment_to": "Kodari", "mode": "road", "passability": "blocked", "source_outlets": "NepalNews", "source_outlet_count": 1, "entity_key": "Araniko Highway at Kodari|Kodari|road", "geo_resolution": "district", "geo_statement": "Located to Sindhupalchok district only", "geo_match_name": null, "geo_match_osm_id": null, "geo_anchor_id": "79688334B45086844065391", "geo_anchor_name": "Sindhupalchok"}, "geometry": {"type": "Point", "coordinates": [85.72157873296592, 27.889285609515667]}}, {"type": "Feature", "properties": {"record_id": "baf5a1d30a2fb75e", "table": "access", "location_raw": "आठबिसकोट नगरपालिका-६ रिजेगार्ड खोला, रुकुम पश्चिम", "location_ne": "", "admin_level": "municipality", "district": "Western Rukum", "province": "Karnali", "geo_basis": "text_explicit", "as_of": "2026-08-29", "as_of_basis": "stated", "first_reported": "2026-08-29", "last_reported": "2026-08-29", "confidence": "high", "confidence_note": "Jajarkot-Dolpa road fully closed by flood at Rizegad Khola.", "density": "1", "effective_sources": "1", "independent_origins": "1", "origin": "media_own", "origin_note": "single outlet", "corroboration": "single_source", "evidence_quote": "त्यस्तै कर्णाली प्रदेशको रुकुम पश्चिमस्थित आठबिसकोट नगरपालिका-६ रिजेगार्ड खोलामा आएको बाढीका कारण जाजरकोट-डोल्पा सडक खण्ड पूर्ण रूपमा बन्द भएको छ।", "evidence_quote_en": "", "temporal_contamination_flag": "", "segment_from": "जाजरकोट", "segment_to": "डोल्पा", "mode": "road", "passability": "blocked", "source_outlets": "Arghakhanchi", "source_outlet_count": 1, "entity_key": "जाजरकोट|डोल्पा|road", "geo_resolution": "district", "geo_statement": "Located to Rukum_W district only — the source names a place we could not resolve", "geo_match_name": null, "geo_match_osm_id": null, "geo_anchor_id": "79688334B34133508701345", "geo_anchor_name": "Rukum_W"}, "geometry": {"type": "Point", "coordinates": [82.17053285701346, 28.884234988463305]}}]}