{"type": "FeatureCollection", "features": [{"type": "Feature", "properties": {"record_id": "97afbac32278808f", "table": "aid_delivery", "location_raw": "Trishuli 3A hydropower project site", "location_ne": "", "admin_level": "settlement", "district": "", "province": "", "geo_basis": "text_explicit", "as_of": "2026-08-27", "as_of_basis": "article_date", "first_reported": "2026-08-27", "last_reported": "2026-08-27", "confidence": "high", "confidence_note": "Actor and site explicit.", "density": "1", "effective_sources": "1", "independent_origins": "1", "origin": "media_own", "origin_note": "single outlet", "corroboration": "single_source", "evidence_quote": "\"Two helicopters have been dispatched, but it is challenging because it is tough to even locate the entry points of the tunnel,\" army spokesman Raja Ram Basnet told AFP.", "evidence_quote_en": "", "temporal_contamination_flag": "", "actor": "Nepal Army", "actor_type": "army", "commodity": "rescue", "quantity": "2.0", "unit": "helicopters", "beneficiaries": "", "target_group": "", "self_reported": "False", "source_outlets": "The Economic Times", "source_outlet_count": 1, "entity_key": "Nepal Army|rescue|Trishuli 3A hydropower project site", "geo_resolution": "district", "geo_statement": "Names the Upper Trishuli 3A, which the validated power database places in Nuwakot district — anchored to the district, not the site", "geo_match_name": "Upper Trishuli 3A", "geo_match_osm_id": null, "geo_anchor_id": "79688334B17077666187877", "geo_anchor_name": "Nuwakot"}, "geometry": {"type": "Point", "coordinates": [85.20729652963067, 27.936643231647253]}}, {"type": "Feature", "properties": {"record_id": "e1243ab44ead253d", "table": "aid_delivery", "location_raw": "रसुवा, नुवाकोट, धादिङ (बाढी प्रभावित क्षेत्र)", "location_ne": "", "admin_level": "district", "district": "", "province": "Bagmati", "geo_basis": "text_adjacent", "as_of": "2026-08-27", "as_of_basis": "stated", "first_reported": "2026-08-29", "last_reported": "2026-08-29", "confidence": "medium", "confidence_note": "Foundation/bank's own announcement that distribution began on Bhadra 11 (Aug 27); this sentence does not itemise commodities (the itemised list elsewhere in the article is future-tense — 'will be delivered' — so not recorded as a completed delivery to avoid overstating).", "density": "1", "effective_sources": "1", "independent_origins": "1", "origin": "self:चौधरी फाउन्डेसन र नबिल बैंक (Chaudhary Foundation & Nabil Bank)", "origin_note": "single outlet", "corroboration": "single_source", "evidence_quote": "राहत सामग्री वितरण भदौ ११ गतेदेखि सुरु भइसकेको फाउन्डेसन र बैंकले जनाएको छ।", "evidence_quote_en": "The Foundation and the Bank stated that distribution of relief materials had already begun from Bhadra 11 (Aug 27).", "temporal_contamination_flag": "False", "actor": "चौधरी फाउन्डेसन र नबिल बैंक (Chaudhary Foundation & Nabil Bank)", "actor_type": "private", "commodity": "other", "quantity": "", "unit": "", "beneficiaries": "", "target_group": "बाढी प्रभावित परिवार", "self_reported": "True", "source_outlets": "Rajdhani Daily", "source_outlet_count": 1, "entity_key": "चौधरी फाउन्डेसन र नबिल बैंक (Chaudhary Foundation & Nabil Bank)|other|रसुवा, नुवाकोट, धादिङ (बाढी प्रभावित क्षेत्र)", "geo_resolution": "district", "geo_statement": "District recovered as Nuwakot by locating \"नुवाकोट\"; anchored to the district, not the site", "geo_match_name": null, "geo_match_osm_id": null, "geo_anchor_id": "79688334B17077666187877", "geo_anchor_name": "Nuwakot"}, "geometry": {"type": "Point", "coordinates": [85.20729652963067, 27.936643231647253]}}, {"type": "Feature", "properties": {"record_id": "f13566f9ed936249", "table": "aid_delivery", "location_raw": "रसुवा, नुवाकोट, धादिङ", "location_ne": "", "admin_level": "district", "district": "", "province": "Bagmati", "geo_basis": "text_explicit", "as_of": "2026-08-27", "as_of_basis": "stated", "first_reported": "2026-08-29", "last_reported": "2026-08-29", "confidence": "medium", "confidence_note": "Cash and in-kind assistance provided on Bhadra 11 (Aug 27); quantity not itemised.", "density": "1", "effective_sources": "1", "independent_origins": "1", "origin": "self:नेपाल चेम्बर अफ कमर्स (Nepal Chamber of Commerce)", "origin_note": "single outlet", "corroboration": "single_source", "evidence_quote": "चेम्बरले रसुवा, नुवाकोट तथा धादिङलगायत प्रभावित जिल्लामा भाद्र ११ गते तत्कालै नगद तथा जिन्सी सहयोग उपलब्ध गराएको छ भने राहत अभियानलाई अगाडी बढाउदै सहयोग कार्यलाई निरन्तरता दिने चेम्बरले जनाएको छ ।", "evidence_quote_en": "The Chamber immediately provided cash and in-kind assistance in Rasuwa, Nuwakot, Dhading and other affected districts on Bhadra 11 (Aug 27), and said it would continue the relief effort.", "temporal_contamination_flag": "False", "actor": "नेपाल चेम्बर अफ कमर्स (Nepal Chamber of Commerce)", "actor_type": "private", "commodity": "cash", "quantity": "", "unit": "", "beneficiaries": "", "target_group": "बाढी प्रभावित जिल्लाका नागरिक", "self_reported": "True", "source_outlets": "Sajhapana", "source_outlet_count": 1, "entity_key": "नेपाल चेम्बर अफ कमर्स (Nepal Chamber of Commerce)|cash|रसुवा, नुवाकोट, धादिङ", "geo_resolution": "district", "geo_statement": "District recovered as Nuwakot by locating \"नुवाकोट\"; anchored to the district, not the site", "geo_match_name": null, "geo_match_osm_id": null, "geo_anchor_id": "79688334B17077666187877", "geo_anchor_name": "Nuwakot"}, "geometry": {"type": "Point", "coordinates": [85.20729652963067, 27.936643231647253]}}, {"type": "Feature", "properties": {"record_id": "5d0524baa1e9338c", "table": "aid_delivery", "location_raw": "Chilime and Langtang", "location_ne": "", "admin_level": "settlement", "district": "", "province": "Bagmati", "geo_basis": "text_explicit", "as_of": "2026-08-28", "as_of_basis": "inferred_from_text", "first_reported": "2026-08-30", "last_reported": "2026-08-30", "confidence": "medium", "confidence_note": "Places named (Chilime, Langtang) but district not stated in article.", "density": "2", "effective_sources": "1", "independent_origins": "1", "origin": "media_own", "origin_note": "single outlet", "corroboration": "syndicated", "evidence_quote": "The 11-member Indian team was flown to the two designated areas but the Nepal government on Saturday turned down another Indian request to send a bigger search and rescue team.", "evidence_quote_en": "", "temporal_contamination_flag": "False", "actor": "India (National Disaster Response Force)", "actor_type": "government", "commodity": "rescue", "quantity": "11.0", "unit": "people", "beneficiaries": "", "target_group": "", "self_reported": "False", "source_outlets": "The Kathmandu Post; Inquirer.net", "source_outlet_count": 2, "entity_key": "India (National Disaster Response Force)|rescue|Chilime and Langtang", "geo_resolution": "point", "geo_statement": "Matched \"Chilime\" to a named OSM place", "geo_match_name": "चिलिमे", "geo_match_osm_id": "node/13242877444", "geo_anchor_id": null, "geo_anchor_name": null}, "geometry": {"type": "Point", "coordinates": [85.3022373, 28.1836181]}}, {"type": "Feature", "properties": {"record_id": "39c23ee0d38bb223", "table": "aid_delivery", "location_raw": "प्रभावित क्षेत्र (रसुवा, नुवाकोट, धादिङ)", "location_ne": "", "admin_level": "province", "district": "", "province": "Bagmati", "geo_basis": "text_adjacent", "as_of": "2026-08-28", "as_of_basis": "article_date", "first_reported": "2026-08-28", "last_reported": "2026-08-28", "confidence": "low", "confidence_note": "Only 'affected area' stated, not a specific district.", "density": "1", "effective_sources": "1", "independent_origins": "1", "origin": "self:नेपाल चेम्बर अफ कमर्स", "origin_note": "single outlet", "corroboration": "single_source", "evidence_quote": "चेम्बरले प्रभावित क्षेत्रमा १२५ वटा पावर बैंकसमेत उपलब्ध गराइसकेको छ ।", "evidence_quote_en": "", "temporal_contamination_flag": "False", "actor": "नेपाल चेम्बर अफ कमर्स", "actor_type": "private", "commodity": "other", "quantity": "125.0", "unit": "power banks", "beneficiaries": "", "target_group": "", "self_reported": "True", "source_outlets": "Sajhapana", "source_outlet_count": 1, "entity_key": "नेपाल चेम्बर अफ कमर्स|other|प्रभावित क्षेत्र (रसुवा, नुवाकोट, धादिङ)", "geo_resolution": "district", "geo_statement": "District recovered as Nuwakot by locating \"नुवाकोट\"; anchored to the district, not the site", "geo_match_name": null, "geo_match_osm_id": null, "geo_anchor_id": "79688334B17077666187877", "geo_anchor_name": "Nuwakot"}, "geometry": {"type": "Point", "coordinates": [85.20729652963067, 27.936643231647253]}}, {"type": "Feature", "properties": {"record_id": "37da0fa6a7ac9fec", "table": "aid_delivery", "location_raw": "त्रिशूली उपत्यका (Trishuli valley), रसुवा/नुवाकोट/धादिङ", "location_ne": "", "admin_level": "province", "district": "", "province": "Bagmati", "geo_basis": "text_explicit", "as_of": "2026-08-28", "as_of_basis": "article_date", "first_reported": "2026-08-28", "last_reported": "2026-08-28", "confidence": "high", "confidence_note": "Army spokesperson statement (name omitted).", "density": "1", "effective_sources": "1", "independent_origins": "1", "origin": "media_own", "origin_note": "single outlet", "corroboration": "single_source", "evidence_quote": "उद्धारमा नेपाली सेनाको ६ वटा र निजी क्षेत्रका ९ वटा हेलिकप्टर परिचालन गरिएको छ ।", "evidence_quote_en": "6 Nepali Army helicopters and 9 private-sector helicopters have been mobilized for rescue.", "temporal_contamination_flag": "", "actor": "private sector", "actor_type": "private", "commodity": "rescue", "quantity": "9.0", "unit": "helicopters", "beneficiaries": "", "target_group": "general", "self_reported": "False", "source_outlets": "Ratopati", "source_outlet_count": 1, "entity_key": "private sector|rescue|त्रिशूली उपत्यका (Trishuli valley), रसुवा/नुवाकोट/धादिङ", "geo_resolution": "district", "geo_statement": "District recovered as Nuwakot by locating \"नुवाकोट\"; anchored to the district, not the site", "geo_match_name": null, "geo_match_osm_id": null, "geo_anchor_id": "79688334B17077666187877", "geo_anchor_name": "Nuwakot"}, "geometry": {"type": "Point", "coordinates": [85.20729652963067, 27.936643231647253]}}, {"type": "Feature", "properties": {"record_id": "e76078d5b4f72573", "table": "aid_delivery", "location_raw": "रसुवा, नुवाकोट (Rasuwa, Nuwakot combined)", "location_ne": "", "admin_level": "province", "district": "", "province": "Bagmati", "geo_basis": "text_explicit", "as_of": "2026-08-28", "as_of_basis": "article_date", "first_reported": "2026-08-28", "last_reported": "2026-08-28", "confidence": "high", "confidence_note": "Combined total health services figure, directly stated by the army (matches sum of the Trishuli/Dhunche figures, not computed by us).", "density": "1", "effective_sources": "1", "independent_origins": "1", "origin": "self:Nepal Army", "origin_note": "single outlet", "corroboration": "single_source", "evidence_quote": "अहिलेसम्म बाढीबाट प्रभावित ११ सय ४५ जनालाई स्वास्थ्य सेवा प्रदान गरिएको सेनाले जनाएको छ ।", "evidence_quote_en": "The army stated that 1,145 flood-affected people have been provided health services so far.", "temporal_contamination_flag": "", "actor": "Nepal Army", "actor_type": "army", "commodity": "medical", "quantity": "1145.0", "unit": "", "beneficiaries": "1145.0", "target_group": "flood-affected", "self_reported": "True", "source_outlets": "Ratopati", "source_outlet_count": 1, "entity_key": "Nepal Army|medical|रसुवा, नुवाकोट (Rasuwa, Nuwakot combined)", "geo_resolution": "district", "geo_statement": "District recovered as Nuwakot by locating \"नुवाकोट\"; anchored to the district, not the site", "geo_match_name": null, "geo_match_osm_id": null, "geo_anchor_id": "79688334B17077666187877", "geo_anchor_name": "Nuwakot"}, "geometry": {"type": "Point", "coordinates": [85.20729652963067, 27.936643231647253]}}, {"type": "Feature", "properties": {"record_id": "9aaa928eeb9bf4f1", "table": "aid_delivery", "location_raw": "रसुवा र नुवाकोट लगायतका जिल्ला", "location_ne": "", "admin_level": "province", "district": "", "province": "Bagmati", "geo_basis": "text_explicit", "as_of": "2026-08-28", "as_of_basis": "inferred_from_text", "first_reported": "2026-08-29", "last_reported": "2026-08-29", "confidence": "medium", "confidence_note": "Completed transfer to PM Disaster Relief Fund earmarked for Rasuwa/Nuwakot; handed over Friday evening.", "density": "1", "effective_sources": "1", "independent_origins": "1", "origin": "self:वीरगन्ज हेल्थ केयर अस्पताल", "origin_note": "single outlet", "corroboration": "single_source", "evidence_quote": "रसुवा र नुवाकोट लगायतका जिल्लामा बाढी-पहिरोबाट प्रभावित भएका नागरिकको सहायताका लागि वीरगन्ज हेल्थ केयर अस्पतालले प्रधानमन्त्री दैवीप्रकोप उद्धार कोषमा १० लाख रुपैयाँ आर्थिक सहयोग गरेको छ।", "evidence_quote_en": "", "temporal_contamination_flag": "", "actor": "वीरगन्ज हेल्थ केयर अस्पताल", "actor_type": "private", "commodity": "cash", "quantity": "1000000.0", "unit": "NPR", "beneficiaries": "", "target_group": "रसुवा र नुवाकोटका बाढी-पहिरो प्रभावित नागरिक", "self_reported": "True", "source_outlets": "Arghakhanchi", "source_outlet_count": 1, "entity_key": "वीरगन्ज हेल्थ केयर अस्पताल|cash|रसुवा र नुवाकोट लगायतका जिल्ला", "geo_resolution": "province", "geo_statement": "Located to Bagmati province only — the source names no district", "geo_match_name": null, "geo_match_osm_id": null, "geo_anchor_id": "38925275B1624743257395", "geo_anchor_name": "Bagmati"}, "geometry": {"type": "Point", "coordinates": [85.39309228206186, 27.652735693974222]}}, {"type": "Feature", "properties": {"record_id": "07d63409f71cc0b1", "table": "aid_delivery", "location_raw": "रसुवा र नुवाकोट", "location_ne": "", "admin_level": "district", "district": "", "province": "Bagmati", "geo_basis": "text_explicit", "as_of": "2026-08-29", "as_of_basis": "article_date", "first_reported": "2026-08-29", "last_reported": "2026-08-29", "confidence": "medium", "confidence_note": "Stated as 'more than 4,200'; covers Rasuwa and Nuwakot jointly, not split by district.", "density": "1", "effective_sources": "1", "independent_origins": "1", "origin": "self:नेपाली सेना (Nepal Army)", "origin_note": "single outlet", "corroboration": "single_source", "evidence_quote": "रसुवा र नुवाकोटमा मात्रै चार हजार दुई सयभन्दा बढी नेपाली सेना परिचालन गरिएको छ।", "evidence_quote_en": "In Rasuwa and Nuwakot alone, more than 4,200 Nepal Army personnel have been mobilised.", "temporal_contamination_flag": "False", "actor": "नेपाली सेना (Nepal Army)", "actor_type": "army", "commodity": "rescue", "quantity": "4200.0", "unit": "personnel", "beneficiaries": "", "target_group": "", "self_reported": "True", "source_outlets": "Gorkhapatra", "source_outlet_count": 1, "entity_key": "नेपाली सेना (Nepal Army)|rescue|रसुवा र नुवाकोट", "geo_resolution": "district", "geo_statement": "District recovered as Nuwakot by locating \"नुवाकोट\"; anchored to the district, not the site", "geo_match_name": null, "geo_match_osm_id": null, "geo_anchor_id": "79688334B17077666187877", "geo_anchor_name": "Nuwakot"}, "geometry": {"type": "Point", "coordinates": [85.20729652963067, 27.936643231647253]}}, {"type": "Feature", "properties": {"record_id": "24c1d7f1b53f6cff", "table": "aid_delivery", "location_raw": "Dhunche to Kathmandu route", "location_ne": "", "admin_level": "province", "district": "", "province": "Bagmati", "geo_basis": "text_explicit", "as_of": "2026-08-29", "as_of_basis": "article_date", "first_reported": "2026-08-29", "last_reported": "2026-08-29", "confidence": "medium", "confidence_note": "Province government arranged free buses for the Dhunche evacuation route.", "density": "1", "effective_sources": "1", "independent_origins": "1", "origin": "media_own", "origin_note": "single outlet", "corroboration": "single_source", "evidence_quote": "He added that the provincial government has arranged free buses for stranded passengers being rescued and transported to Kathmandu.", "evidence_quote_en": "", "temporal_contamination_flag": "False", "actor": "Bagmati Province government", "actor_type": "government", "commodity": "transport", "quantity": "", "unit": "", "beneficiaries": "", "target_group": "stranded passengers being rescued and transported to Kathmandu", "self_reported": "", "source_outlets": "Khabarhub", "source_outlet_count": 1, "entity_key": "Bagmati Province government|transport|Dhunche to Kathmandu route", "geo_resolution": "province", "geo_statement": "Located to Bagmati province only — the source names no district", "geo_match_name": null, "geo_match_osm_id": null, "geo_anchor_id": "38925275B1624743257395", "geo_anchor_name": "Bagmati"}, "geometry": {"type": "Point", "coordinates": [85.39309228206186, 27.652735693974222]}}, {"type": "Feature", "properties": {"record_id": "510720567ecf78e8", "table": "aid_delivery", "location_raw": "Bagmati Province", "location_ne": "", "admin_level": "province", "district": "", "province": "Bagmati", "geo_basis": "text_explicit", "as_of": "2026-08-30", "as_of_basis": "stated", "first_reported": "2026-08-30", "last_reported": "2026-08-30", "confidence": "medium", "confidence_note": "Self-announced by the donor bank, reported via Korean outlet; recipient area is province-level only.", "density": "1", "effective_sources": "1", "independent_origins": "1", "origin": "self:Export-Import Bank of Korea (via Korean Red Cross)", "origin_note": "single outlet", "corroboration": "single_source", "evidence_quote": "The Export-Import Bank of Korea announced on August 30 that it sponsored 200 million Korean won to the Korean Red Cross to help with recovery efforts and relief for victims of the large-scale floods that occurred in Nepal’s Bagmati Province on August 26.", "evidence_quote_en": "", "temporal_contamination_flag": "", "actor": "Export-Import Bank of Korea (via Korean Red Cross)", "actor_type": "government", "commodity": "cash", "quantity": "200.0", "unit": "KRW_million", "beneficiaries": "", "target_group": "flood victims in Bagmati Province", "self_reported": "True", "source_outlets": "조선일보", "source_outlet_count": 1, "entity_key": "Export-Import Bank of Korea (via Korean Red Cross)|cash|Bagmati Province", "geo_resolution": "province", "geo_statement": "Located to Bagmati province only — the source names no district", "geo_match_name": null, "geo_match_osm_id": null, "geo_anchor_id": "38925275B1624743257395", "geo_anchor_name": "Bagmati"}, "geometry": {"type": "Point", "coordinates": [85.39309228206186, 27.652735693974222]}}, {"type": "Feature", "properties": {"record_id": "b499e2ad4c1ee85b", "table": "aid_delivery", "location_raw": "Trishuli-3B hydropower project site", "location_ne": "", "admin_level": "settlement", "district": "", "province": "Bagmati", "geo_basis": "text_adjacent", "as_of": "2026-08-30", "as_of_basis": "article_date", "first_reported": "2026-08-30", "last_reported": "2026-08-30", "confidence": "low", "confidence_note": "'in Rasuwa' ambiguously modifies the flood or the site; district left blank rather than guessed.", "density": "1", "effective_sources": "1", "independent_origins": "1", "origin": "self:Nepali Army technical team", "origin_note": "single outlet", "corroboration": "single_source", "evidence_quote": "A technical team, including personnel from the Nepali Army, has been mobilised to carry out search and rescue operations at the Trishuli-3B hydropower project site, which was affected by the Bhotekoshi flood in Rasuwa.", "evidence_quote_en": "", "temporal_contamination_flag": "", "actor": "Nepali Army technical team", "actor_type": "army", "commodity": "rescue", "quantity": "", "unit": "", "beneficiaries": "", "target_group": "hydropower project site personnel", "self_reported": "True", "source_outlets": "Khabarhub", "source_outlet_count": 1, "entity_key": "Nepali Army technical team|rescue|Trishuli-3B hydropower project site", "geo_resolution": "district", "geo_statement": "Names the Upper Trishuli-3B, which the validated power database places in Nuwakot district — anchored to the district, not the site", "geo_match_name": "Upper Trishuli-3B", "geo_match_osm_id": null, "geo_anchor_id": "79688334B17077666187877", "geo_anchor_name": "Nuwakot"}, "geometry": {"type": "Point", "coordinates": [85.20729652963067, 27.936643231647253]}}, {"type": "Feature", "properties": {"record_id": "779b16bb9fdcf682", "table": "aid_delivery", "location_raw": "Bagmati Province", "location_ne": "", "admin_level": "province", "district": "", "province": "Bagmati", "geo_basis": "text_explicit", "as_of": "2026-08-30", "as_of_basis": "stated", "first_reported": "2026-08-30", "last_reported": "2026-08-30", "confidence": "high", "confidence_note": "Announced by the donor itself.", "density": "1", "effective_sources": "1", "independent_origins": "1", "origin": "self:Export-Import Bank of Korea", "origin_note": "single outlet", "corroboration": "single_source", "evidence_quote": "The Export-Import Bank of Korea said on the 30th that it donated 200 million won to help people displaced by the massive flooding that struck Nepal's Bagmati Province on the 26th.", "evidence_quote_en": "", "temporal_contamination_flag": "", "actor": "Export-Import Bank of Korea", "actor_type": "government", "commodity": "cash", "quantity": "200.0", "unit": "KRW_million", "beneficiaries": "", "target_group": "displaced people", "self_reported": "True", "source_outlets": "Chosunbiz", "source_outlet_count": 1, "entity_key": "Export-Import Bank of Korea|cash|Bagmati Province", "geo_resolution": "province", "geo_statement": "Located to Bagmati province only — the source names no district", "geo_match_name": null, "geo_match_osm_id": null, "geo_anchor_id": "38925275B1624743257395", "geo_anchor_name": "Bagmati"}, "geometry": {"type": "Point", "coordinates": [85.39309228206186, 27.652735693974222]}}, {"type": "Feature", "properties": {"record_id": "e326c7cc624cc293", "table": "aid_delivery", "location_raw": "Uttargaya and Dhunche", "location_ne": "", "admin_level": "settlement", "district": "", "province": "Bagmati", "geo_basis": "text_explicit", "as_of": "2026-08-30", "as_of_basis": "article_date", "first_reported": "2026-08-30", "last_reported": "2026-08-30", "confidence": "medium", "confidence_note": "Uttargaya and Dhunche named as destinations; district not explicitly stated in this passage (Dhunche is Rasuwa's headquarters).", "density": "2", "effective_sources": "2", "independent_origins": "2", "origin": "unattributed", "origin_note": "2 outlets, no reporting body named; independence not established", "corroboration": "independent", "evidence_quote": "Relief operations have dispatched 50 transport vehicles alongside eight helicopter flights carrying food, communication units, and emergency supplies to isolated communities such as Uttargaya and Dhunche.", "evidence_quote_en": "", "temporal_contamination_flag": "", "actor": "Government of Nepal", "actor_type": "government", "commodity": "other", "quantity": "50.0", "unit": "transport vehicles", "beneficiaries": "", "target_group": "", "self_reported": "", "source_outlets": "Lokmarg; The Statesman", "source_outlet_count": 2, "entity_key": "Government of Nepal|other|Uttargaya and Dhunche", "geo_resolution": "point", "geo_statement": "Matched \"Uttargaya\" to a named OSM place", "geo_match_name": "उत्तरगया", "geo_match_osm_id": "node/13242877440", "geo_anchor_id": null, "geo_anchor_name": null}, "geometry": {"type": "Point", "coordinates": [85.1951685, 28.0116144]}}, {"type": "Feature", "properties": {"record_id": "91b6cfa19698a94c", "table": "aid_delivery", "location_raw": "रसुवा र नुवाकोट", "location_ne": "", "admin_level": "district", "district": "", "province": "Bagmati", "geo_basis": "text_explicit", "as_of": "2026-08-30", "as_of_basis": "stated", "first_reported": "2026-08-31", "last_reported": "2026-08-31", "confidence": "medium", "confidence_note": "Combined Rasuwa+Nuwakot district-level total.", "density": "1", "effective_sources": "1", "independent_origins": "1", "origin": "media_own", "origin_note": "single outlet", "corroboration": "single_source", "evidence_quote": "आइतबार मात्रै प्रभावित दुई जिल्लामा ३ हजार ४ सय ५४ जनालाई आश्रय तथा राहत वितरण गरिएको छ ।", "evidence_quote_en": "On Sunday alone, 3,454 people were provided shelter and relief distribution across the two affected districts.", "temporal_contamination_flag": "False", "actor": "राष्ट्रिय विपद् जोखिम न्यूनीकरण तथा व्यवस्थापन प्राधिकरण (NDRRMA)", "actor_type": "government", "commodity": "shelter_NFI", "quantity": "", "unit": "", "beneficiaries": "3454.0", "target_group": "", "self_reported": "False", "source_outlets": "ImageKhabar", "source_outlet_count": 1, "entity_key": "राष्ट्रिय विपद् जोखिम न्यूनीकरण तथा व्यवस्थापन प्राधिकरण (NDRRMA)|shelter_NFI|रसुवा र नुवाकोट", "geo_resolution": "district", "geo_statement": "District recovered as Nuwakot by locating \"नुवाकोट\"; anchored to the district, not the site", "geo_match_name": null, "geo_match_osm_id": null, "geo_anchor_id": "79688334B17077666187877", "geo_anchor_name": "Nuwakot"}, "geometry": {"type": "Point", "coordinates": [85.20729652963067, 27.936643231647253]}}, {"type": "Feature", "properties": {"record_id": "12383dfcb983cb15", "table": "aid_delivery", "location_raw": "Chilime and Langtang", "location_ne": "", "admin_level": "settlement", "district": "", "province": "", "geo_basis": "text_explicit", "as_of": "2026-08-31", "as_of_basis": "article_date", "first_reported": "2026-08-31", "last_reported": "2026-08-31", "confidence": "low", "confidence_note": "District left blank; Chilime/Langtang district not stated in text.", "density": "1", "effective_sources": "1", "independent_origins": "1", "origin": "self:Government of India", "origin_note": "single outlet", "corroboration": "single_source", "evidence_quote": "Meanwhile, an Indian tunnel rescue team is working with the Nepali Army at hydropower sites in Chilime and Langtang.", "evidence_quote_en": "", "temporal_contamination_flag": "", "actor": "Government of India", "actor_type": "government", "commodity": "rescue", "quantity": "", "unit": "", "beneficiaries": "", "target_group": "", "self_reported": "True", "source_outlets": "Latest news from Azerbaijan", "source_outlet_count": 1, "entity_key": "Government of India|rescue|Chilime and Langtang", "geo_resolution": "point", "geo_statement": "Matched \"Chilime\" to a named OSM place", "geo_match_name": "चिलिमे", "geo_match_osm_id": "node/13242877444", "geo_anchor_id": null, "geo_anchor_name": null}, "geometry": {"type": "Point", "coordinates": [85.3022373, 28.1836181]}}, {"type": "Feature", "properties": {"record_id": "3c942a3e2ab26b59", "table": "aid_delivery", "location_raw": "Bhaktapur (Duwakot)", "location_ne": "", "admin_level": "settlement", "district": "Bhaktapur", "province": "Bagmati", "geo_basis": "text_adjacent", "as_of": "2026-08-31", "as_of_basis": "article_date", "first_reported": "2026-08-31", "last_reported": "2026-08-31", "confidence": "medium", "confidence_note": "Ongoing service ('गर्दै आएको छ'), not a future pledge; named-couple transplant detail excluded per no-individual-record rule.", "density": "1", "effective_sources": "1", "independent_origins": "1", "origin": "self:Kathmandu Medical College", "origin_note": "single outlet", "corroboration": "single_source", "evidence_quote": "यस विपद्को कठिन परिस्थितिमा बाढीपीडित नागरिकहरूको स्वास्थ्य उपचारमा सहजीकरण गर्ने उद्देश्यले काठमाडौं मेडिकल कलेजले सम्पूर्ण बाढीपीडित नागरिकको निःशुल्क उपचारको व्यवस्था गर्दै आएको छ।", "evidence_quote_en": "Kathmandu Medical College has been arranging free treatment for all flood-affected citizens, to facilitate health treatment in this difficult disaster situation.", "temporal_contamination_flag": "", "actor": "Kathmandu Medical College", "actor_type": "private", "commodity": "medical", "quantity": "", "unit": "", "beneficiaries": "", "target_group": "flood-affected citizens", "self_reported": "True", "source_outlets": "Nagarik News", "source_outlet_count": 1, "entity_key": "Kathmandu Medical College|medical|Bhaktapur", "geo_resolution": "point", "geo_statement": "Matched \"Duwakot\" to a named OSM place in Bhaktapur", "geo_match_name": "दुवाकोट", "geo_match_osm_id": "node/2148707722", "geo_anchor_id": null, "geo_anchor_name": null}, "geometry": {"type": "Point", "coordinates": [85.412682, 27.694099]}}, {"type": "Feature", "properties": {"record_id": "cc984f0a89d391d8", "table": "aid_delivery", "location_raw": "Narayani river, Bharatpur, Chitwan", "location_ne": "", "admin_level": "settlement", "district": "Chitwan", "province": "Bagmati", "geo_basis": "text_explicit", "as_of": "2026-08-30", "as_of_basis": "stated", "first_reported": "2026-08-31", "last_reported": "2026-08-31", "confidence": "high", "confidence_note": "Photo caption naming settlement and district explicitly.", "density": "1", "effective_sources": "1", "independent_origins": "1", "origin": "media_own", "origin_note": "single outlet", "corroboration": "single_source", "evidence_quote": "Army personnel conduct a search and rescue operation for flood victims along the Narayani river at Bharatpur in Nepal's Chitwan district on Sunday.", "evidence_quote_en": "", "temporal_contamination_flag": "", "actor": "Nepal Army", "actor_type": "army", "commodity": "rescue", "quantity": "", "unit": "", "beneficiaries": "", "target_group": "", "self_reported": "False", "source_outlets": "The Japan Times", "source_outlet_count": 1, "entity_key": "Nepal Army|rescue|Chitwan", "geo_resolution": "point", "geo_statement": "Matched \"Bharatpur\" to a named OSM place in Chitawan", "geo_match_name": "भरतपुर", "geo_match_osm_id": "node/567090203", "geo_anchor_id": null, "geo_anchor_name": null}, "geometry": {"type": "Point", "coordinates": [84.4301652, 27.6811896]}}, {"type": "Feature", "properties": {"record_id": "6ce3db668444bc2e", "table": "aid_delivery", "location_raw": "Chitwan", "location_ne": "", "admin_level": "district", "district": "Chitwan", "province": "Bagmati", "geo_basis": "text_explicit", "as_of": "2026-08-30", "as_of_basis": "article_date", "first_reported": "2026-08-30", "last_reported": "2026-08-30", "confidence": "medium", "confidence_note": "Districts named as a group; ongoing provision, no quantities given.", "density": "1", "effective_sources": "1", "independent_origins": "1", "origin": "media_own", "origin_note": "single outlet", "corroboration": "single_source", "evidence_quote": "रसुवा, नुवाकोट, धादिङ, गोरखा और चितवन आदि प्रभावित जिलों में एकीकृत दल आपातकालीन स्वास्थ्य उपचार, खाद्यान्न, सुरक्षित पीने का पानी और अस्थायी आश्रय उपलब्ध करा रहे हैं।", "evidence_quote_en": "In affected districts including Rasuwa, Nuwakot, Dhading, Gorkha and Chitwan, integrated teams are providing emergency health treatment, food, safe drinking water and temporary shelter.", "temporal_contamination_flag": "False", "actor": "integrated relief teams", "actor_type": "government", "commodity": "medical", "quantity": "", "unit": "", "beneficiaries": "", "target_group": "flood-affected", "self_reported": "False", "source_outlets": "Ratopati", "source_outlet_count": 1, "entity_key": "integrated relief teams|medical|Chitwan", "geo_resolution": "district", "geo_statement": "Located to Chitawan district only", "geo_match_name": null, "geo_match_osm_id": null, "geo_anchor_id": "79688334B4548911343314", "geo_anchor_name": "Chitawan"}, "geometry": {"type": "Point", "coordinates": [84.44753493868009, 27.652526088822412]}}, {"type": "Feature", "properties": {"record_id": "67dae1ed82ed5372", "table": "aid_delivery", "location_raw": "Chitwan", "location_ne": "", "admin_level": "district", "district": "Chitwan", "province": "Bagmati", "geo_basis": "text_explicit", "as_of": "2026-08-30", "as_of_basis": "article_date", "first_reported": "2026-08-30", "last_reported": "2026-08-30", "confidence": "medium", "confidence_note": "Districts named as a group; ongoing provision, no quantities given.", "density": "1", "effective_sources": "1", "independent_origins": "1", "origin": "media_own", "origin_note": "single outlet", "corroboration": "single_source", "evidence_quote": "रसुवा, नुवाकोट, धादिङ, गोरखा और चितवन आदि प्रभावित जिलों में एकीकृत दल आपातकालीन स्वास्थ्य उपचार, खाद्यान्न, सुरक्षित पीने का पानी और अस्थायी आश्रय उपलब्ध करा रहे हैं।", "evidence_quote_en": "In affected districts including Rasuwa, Nuwakot, Dhading, Gorkha and Chitwan, integrated teams are providing emergency health treatment, food, safe drinking water and temporary shelter.", "temporal_contamination_flag": "False", "actor": "integrated relief teams", "actor_type": "government", "commodity": "food", "quantity": "", "unit": "", "beneficiaries": "", "target_group": "flood-affected", "self_reported": "False", "source_outlets": "Ratopati", "source_outlet_count": 1, "entity_key": "integrated relief teams|food|Chitwan", "geo_resolution": "district", "geo_statement": "Located to Chitawan district only", "geo_match_name": null, "geo_match_osm_id": null, "geo_anchor_id": "79688334B4548911343314", "geo_anchor_name": "Chitawan"}, "geometry": {"type": "Point", "coordinates": [84.44753493868009, 27.652526088822412]}}, {"type": "Feature", "properties": {"record_id": "bbe591c4c307db6e", "table": "aid_delivery", "location_raw": "Chitwan", "location_ne": "", "admin_level": "district", "district": "Chitwan", "province": "Bagmati", "geo_basis": "text_explicit", "as_of": "2026-08-30", "as_of_basis": "article_date", "first_reported": "2026-08-30", "last_reported": "2026-08-30", "confidence": "medium", "confidence_note": "Districts named as a group; ongoing provision, no quantities given.", "density": "1", "effective_sources": "1", "independent_origins": "1", "origin": "media_own", "origin_note": "single outlet", "corroboration": "single_source", "evidence_quote": "रसुवा, नुवाकोट, धादिङ, गोरखा और चितवन आदि प्रभावित जिलों में एकीकृत दल आपातकालीन स्वास्थ्य उपचार, खाद्यान्न, सुरक्षित पीने का पानी और अस्थायी आश्रय उपलब्ध करा रहे हैं।", "evidence_quote_en": "In affected districts including Rasuwa, Nuwakot, Dhading, Gorkha and Chitwan, integrated teams are providing emergency health treatment, food, safe drinking water and temporary shelter.", "temporal_contamination_flag": "False", "actor": "integrated relief teams", "actor_type": "government", "commodity": "water", "quantity": "", "unit": "", "beneficiaries": "", "target_group": "flood-affected", "self_reported": "False", "source_outlets": "Ratopati", "source_outlet_count": 1, "entity_key": "integrated relief teams|water|Chitwan", "geo_resolution": "district", "geo_statement": "Located to Chitawan district only", "geo_match_name": null, "geo_match_osm_id": null, "geo_anchor_id": "79688334B4548911343314", "geo_anchor_name": "Chitawan"}, "geometry": {"type": "Point", "coordinates": [84.44753493868009, 27.652526088822412]}}, {"type": "Feature", "properties": {"record_id": "60f133f1994ca33e", "table": "aid_delivery", "location_raw": "Chitwan", "location_ne": "", "admin_level": "district", "district": "Chitwan", "province": "Bagmati", "geo_basis": "text_explicit", "as_of": "2026-08-30", "as_of_basis": "article_date", "first_reported": "2026-08-30", "last_reported": "2026-08-30", "confidence": "medium", "confidence_note": "Districts named as a group; ongoing provision, no quantities given.", "density": "1", "effective_sources": "1", "independent_origins": "1", "origin": "media_own", "origin_note": "single outlet", "corroboration": "single_source", "evidence_quote": "रसुवा, नुवाकोट, धादिङ, गोरखा और चितवन आदि प्रभावित जिलों में एकीकृत दल आपातकालीन स्वास्थ्य उपचार, खाद्यान्न, सुरक्षित पीने का पानी और अस्थायी आश्रय उपलब्ध करा रहे हैं।", "evidence_quote_en": "In affected districts including Rasuwa, Nuwakot, Dhading, Gorkha and Chitwan, integrated teams are providing emergency health treatment, food, safe drinking water and temporary shelter.", "temporal_contamination_flag": "False", "actor": "integrated relief teams", "actor_type": "government", "commodity": "shelter_NFI", "quantity": "", "unit": "", "beneficiaries": "", "target_group": "flood-affected", "self_reported": "False", "source_outlets": "Ratopati", "source_outlet_count": 1, "entity_key": "integrated relief teams|shelter_NFI|Chitwan", "geo_resolution": "district", "geo_statement": "Located to Chitawan district only", "geo_match_name": null, "geo_match_osm_id": null, "geo_anchor_id": "79688334B4548911343314", "geo_anchor_name": "Chitawan"}, "geometry": {"type": "Point", "coordinates": [84.44753493868009, 27.652526088822412]}}, {"type": "Feature", "properties": {"record_id": "0809e2cca69921b4", "table": "aid_delivery", "location_raw": "भरतपुर, चितवन", "location_ne": "", "admin_level": "settlement", "district": "Chitwan", "province": "Bagmati", "geo_basis": "text_explicit", "as_of": "2026-08-31", "as_of_basis": "stated", "first_reported": "2026-08-31", "last_reported": "2026-08-31", "confidence": "high", "confidence_note": "Completed handover to District Administration Office, Kathmandu, via Nepal Police disaster training centre; only lead item quantified.", "density": "1", "effective_sources": "1", "independent_origins": "1", "origin": "self:नेपाल चेम्बर अफ कमर्स (Nepal Chamber of Commerce)", "origin_note": "single outlet", "corroboration": "single_source", "evidence_quote": "हस्तान्तरण गरिएको राहत सामग्रीमा चिउरा ३४ बोरा तथा विभिन्न परिमाणमा थप चिउरा, कोदोको बिस्कुट ८० कार्टुन, मकै मह बिस्कुट ८३ कार्टुन, चोको चिप्स बिस्कुट ८७ कार्टुन, सेनिटरी प्याड १० कार्टुन, आयो नुन टिसर्ट ७ कार्टुन, टुथपेस्ट १ कार्टुन, टुथब्रस २ कार्टुन, पञ्जा तथा मास्क ३ कार्टुन, अन्य टिसर्ट २ बोरा २५० थान, ‘आक्र्स फुड ’ लेखिएको टिसर्ट १ बोरा ७३ थान तथा दाल १ सानो बोरा (१० केजी) रहेको छ ।", "evidence_quote_en": "Handed-over relief materials included 34 sacks of beaten rice plus more, 80 cartons of biscuits, 83 cartons of biscuits, 87 cartons of biscuits, 10 cartons of sanitary pads, and other NFIs.", "temporal_contamination_flag": "", "actor": "नेपाल चेम्बर अफ कमर्स (Nepal Chamber of Commerce)", "actor_type": "private", "commodity": "food", "quantity": "34.0", "unit": "sacks (चिउरा/beaten rice)", "beneficiaries": "", "target_group": "flood-affected citizens", "self_reported": "True", "source_outlets": "Sajhapana", "source_outlet_count": 1, "entity_key": "नेपाल चेम्बर अफ कमर्स (Nepal Chamber of Commerce)|food|Chitwan", "geo_resolution": "district", "geo_statement": "Located to Chitawan district only — the source names a place we could not resolve", "geo_match_name": null, "geo_match_osm_id": null, "geo_anchor_id": "79688334B4548911343314", "geo_anchor_name": "Chitawan"}, "geometry": {"type": "Point", "coordinates": [84.44753493868009, 27.652526088822412]}}, {"type": "Feature", "properties": {"record_id": "283dc7cd44002ebb", "table": "aid_delivery", "location_raw": "धादिङ", "location_ne": "", "admin_level": "district", "district": "Dhading", "province": "Bagmati", "geo_basis": "text_explicit", "as_of": "2026-08-27", "as_of_basis": "stated", "first_reported": "2026-08-28", "last_reported": "2026-08-28", "confidence": "high", "confidence_note": "Explicit district-wise cash disbursement from NDRRMA report.", "density": "1", "effective_sources": "1", "independent_origins": "1", "origin": "self:Government of Nepal", "origin_note": "single outlet", "corroboration": "single_source", "evidence_quote": "नेपाल सरकारले तत्काल राहत कार्य वितरणका लागि रसुवामा रु एक करोड, नुवाकोटमा रु एक करोड र धादिङमा रु ५० लाख गरी कुल दुई करोड ५० लाख नगद पठाएको जनाइएको छ ।", "evidence_quote_en": "", "temporal_contamination_flag": "False", "actor": "Government of Nepal", "actor_type": "government", "commodity": "cash", "quantity": "50.0", "unit": "NPR_lakh", "beneficiaries": "", "target_group": "", "self_reported": "True", "source_outlets": "Deshsanchar", "source_outlet_count": 1, "entity_key": "Government of Nepal|cash|Dhading", "geo_resolution": "district", "geo_statement": "Located to Dhading district only", "geo_match_name": null, "geo_match_osm_id": null, "geo_anchor_id": "79688334B79703604543181", "geo_anchor_name": "Dhading"}, "geometry": {"type": "Point", "coordinates": [84.87763638110704, 28.025043976557015]}}, {"type": "Feature", "properties": {"record_id": "b543637007046024", "table": "aid_delivery", "location_raw": "Dhading", "location_ne": "", "admin_level": "district", "district": "Dhading", "province": "Bagmati", "geo_basis": "text_explicit", "as_of": "2026-08-28", "as_of_basis": "inferred_from_text", "first_reported": "2026-08-28", "last_reported": "2026-08-29", "confidence": "high", "confidence_note": "District named directly; completed cash release, not a pledge.", "density": "19", "effective_sources": "18", "independent_origins": "18", "origin": "unattributed", "origin_note": "18 outlets, no reporting body named; independence not established", "corroboration": "independent", "evidence_quote": "The Nepalese government also released NPR 10 million each for Rasuwa and Nuwakot and NPR 5 million for Dhading for relief operations.", "evidence_quote_en": "", "temporal_contamination_flag": "False", "actor": "Government of Nepal", "actor_type": "government", "commodity": "cash", "quantity": "5.0", "unit": "NPR_million", "beneficiaries": "", "target_group": "", "self_reported": "False", "source_outlets": "The Tribune; The Statesman; The News Mill; ANI News; Asianet Newsable; Deccan Chronicle; Ratopati; Hindustan Times; NepalNews; LatestLY; Deshsanchar; newsdrum.in; Hindusthan Samachar English; India's News.Net", "source_outlet_count": 19, "entity_key": "Government of Nepal|cash|Dhading", "geo_resolution": "district", "geo_statement": "Located to Dhading district only", "geo_match_name": null, "geo_match_osm_id": null, "geo_anchor_id": "79688334B79703604543181", "geo_anchor_name": "Dhading"}, "geometry": {"type": "Point", "coordinates": [84.87763638110704, 28.025043976557015]}}, {"type": "Feature", "properties": {"record_id": "f12201ff0576110f", "table": "aid_delivery", "location_raw": "Dhading district", "location_ne": "", "admin_level": "district", "district": "Dhading", "province": "Bagmati", "geo_basis": "text_explicit", "as_of": "2026-08-29", "as_of_basis": "stated", "first_reported": "2026-08-29", "last_reported": "2026-08-29", "confidence": "high", "confidence_note": "Government cash relief already provided (past tense), not a pledge.", "density": "3", "effective_sources": "3", "independent_origins": "3", "origin": "unattributed", "origin_note": "3 outlets, no reporting body named; independence not established", "corroboration": "independent", "evidence_quote": "नेपाल सरकारबाट रसुवा र नुवाकोटलाई १–१ करोड तथा धादिङलाई ५० लाख रुपैयाँ नगद राहत उपलब्ध गराइएको छ", "evidence_quote_en": "The Government of Nepal has provided cash relief of 1 crore rupees each to Rasuwa and Nuwakot, and 50 lakh rupees to Dhading.", "temporal_contamination_flag": "", "actor": "Government of Nepal", "actor_type": "government", "commodity": "cash", "quantity": "50.0", "unit": "NPR_lakh", "beneficiaries": "", "target_group": "", "self_reported": "", "source_outlets": "Ratopati; Daily Finland; myRepublica", "source_outlet_count": 3, "entity_key": "Government of Nepal|cash|Dhading", "geo_resolution": "district", "geo_statement": "Located to Dhading district only", "geo_match_name": null, "geo_match_osm_id": null, "geo_anchor_id": "79688334B79703604543181", "geo_anchor_name": "Dhading"}, "geometry": {"type": "Point", "coordinates": [84.87763638110704, 28.025043976557015]}}, {"type": "Feature", "properties": {"record_id": "1aa21eb6491bc837", "table": "aid_delivery", "location_raw": "Dhading", "location_ne": "", "admin_level": "district", "district": "Dhading", "province": "Bagmati", "geo_basis": "text_explicit", "as_of": "2026-08-30", "as_of_basis": "stated", "first_reported": "2026-08-30", "last_reported": "2026-08-31", "confidence": "high", "confidence_note": "District explicitly named.", "density": "7", "effective_sources": "7", "independent_origins": "1", "origin": "self:Government of Nepal", "origin_note": "7 outlets carrying self:Government of Nepal's figure", "corroboration": "independent", "evidence_quote": "The Government of Nepal has provided NPR 10 million each to Rasuwa and Nuwakot, NPR 5 million to Dhading and NPR 67.5 million to 15 local municipalities as cash assistance.", "evidence_quote_en": "", "temporal_contamination_flag": "", "actor": "Government of Nepal", "actor_type": "government", "commodity": "cash", "quantity": "5.0", "unit": "NPR_million", "beneficiaries": "", "target_group": "district administration", "self_reported": "True", "source_outlets": "Khabarhub; ANI News; Lokmarg; The Statesman; ndtv.in; Asia News Network; myRepublica", "source_outlet_count": 7, "entity_key": "Government of Nepal|cash|Dhading", "geo_resolution": "district", "geo_statement": "Located to Dhading district only", "geo_match_name": null, "geo_match_osm_id": null, "geo_anchor_id": "79688334B79703604543181", "geo_anchor_name": "Dhading"}, "geometry": {"type": "Point", "coordinates": [84.87763638110704, 28.025043976557015]}}, {"type": "Feature", "properties": {"record_id": "3ad22da52bfafb5d", "table": "aid_delivery", "location_raw": "धादिङ", "location_ne": "", "admin_level": "district", "district": "Dhading", "province": "Bagmati", "geo_basis": "text_explicit", "as_of": "2026-08-30", "as_of_basis": "stated", "first_reported": "2026-08-30", "last_reported": "2026-08-30", "confidence": "high", "confidence_note": "", "density": "1", "effective_sources": "1", "independent_origins": "1", "origin": "media_own", "origin_note": "single outlet", "corroboration": "single_source", "evidence_quote": "नेपाल सरकारले रसुवा र नुवाकोटलाई १–१ करोड, धादिङलाई ५० लाख र १५ पालिकालाई ६ करोड ७५ लाख रुपैयाँ नगद राहत वितरण गरेको छ।", "evidence_quote_en": "", "temporal_contamination_flag": "False", "actor": "नेपाल सरकार", "actor_type": "government", "commodity": "cash", "quantity": "5000000.0", "unit": "NPR", "beneficiaries": "", "target_group": "", "self_reported": "False", "source_outlets": "Arghakhanchi", "source_outlet_count": 1, "entity_key": "नेपाल सरकार|cash|Dhading", "geo_resolution": "district", "geo_statement": "Located to Dhading district only", "geo_match_name": null, "geo_match_osm_id": null, "geo_anchor_id": "79688334B79703604543181", "geo_anchor_name": "Dhading"}, "geometry": {"type": "Point", "coordinates": [84.87763638110704, 28.025043976557015]}}, {"type": "Feature", "properties": {"record_id": "72b5faee15b204e4", "table": "aid_delivery", "location_raw": "Dhading", "location_ne": "", "admin_level": "district", "district": "Dhading", "province": "Bagmati", "geo_basis": "text_explicit", "as_of": "2026-08-30", "as_of_basis": "article_date", "first_reported": "2026-08-30", "last_reported": "2026-08-30", "confidence": "medium", "confidence_note": "Districts named as a group; ongoing provision, no quantities given.", "density": "1", "effective_sources": "1", "independent_origins": "1", "origin": "media_own", "origin_note": "single outlet", "corroboration": "single_source", "evidence_quote": "रसुवा, नुवाकोट, धादिङ, गोरखा और चितवन आदि प्रभावित जिलों में एकीकृत दल आपातकालीन स्वास्थ्य उपचार, खाद्यान्न, सुरक्षित पीने का पानी और अस्थायी आश्रय उपलब्ध करा रहे हैं।", "evidence_quote_en": "In affected districts including Rasuwa, Nuwakot, Dhading, Gorkha and Chitwan, integrated teams are providing emergency health treatment, food, safe drinking water and temporary shelter.", "temporal_contamination_flag": "False", "actor": "integrated relief teams", "actor_type": "government", "commodity": "medical", "quantity": "", "unit": "", "beneficiaries": "", "target_group": "flood-affected", "self_reported": "False", "source_outlets": "Ratopati", "source_outlet_count": 1, "entity_key": "integrated relief teams|medical|Dhading", "geo_resolution": "district", "geo_statement": "Located to Dhading district only", "geo_match_name": null, "geo_match_osm_id": null, "geo_anchor_id": "79688334B79703604543181", "geo_anchor_name": "Dhading"}, "geometry": {"type": "Point", "coordinates": [84.87763638110704, 28.025043976557015]}}, {"type": "Feature", "properties": {"record_id": "b184761d8d36b7d0", "table": "aid_delivery", "location_raw": "Dhading", "location_ne": "", "admin_level": "district", "district": "Dhading", "province": "Bagmati", "geo_basis": "text_explicit", "as_of": "2026-08-30", "as_of_basis": "article_date", "first_reported": "2026-08-30", "last_reported": "2026-08-30", "confidence": "medium", "confidence_note": "Districts named as a group; ongoing provision, no quantities given.", "density": "1", "effective_sources": "1", "independent_origins": "1", "origin": "media_own", "origin_note": "single outlet", "corroboration": "single_source", "evidence_quote": "रसुवा, नुवाकोट, धादिङ, गोरखा और चितवन आदि प्रभावित जिलों में एकीकृत दल आपातकालीन स्वास्थ्य उपचार, खाद्यान्न, सुरक्षित पीने का पानी और अस्थायी आश्रय उपलब्ध करा रहे हैं।", "evidence_quote_en": "In affected districts including Rasuwa, Nuwakot, Dhading, Gorkha and Chitwan, integrated teams are providing emergency health treatment, food, safe drinking water and temporary shelter.", "temporal_contamination_flag": "False", "actor": "integrated relief teams", "actor_type": "government", "commodity": "food", "quantity": "", "unit": "", "beneficiaries": "", "target_group": "flood-affected", "self_reported": "False", "source_outlets": "Ratopati", "source_outlet_count": 1, "entity_key": "integrated relief teams|food|Dhading", "geo_resolution": "district", "geo_statement": "Located to Dhading district only", "geo_match_name": null, "geo_match_osm_id": null, "geo_anchor_id": "79688334B79703604543181", "geo_anchor_name": "Dhading"}, "geometry": {"type": "Point", "coordinates": [84.87763638110704, 28.025043976557015]}}, {"type": "Feature", "properties": {"record_id": "18be235bcb898cd0", "table": "aid_delivery", "location_raw": "Dhading", "location_ne": "", "admin_level": "district", "district": "Dhading", "province": "Bagmati", "geo_basis": "text_explicit", "as_of": "2026-08-30", "as_of_basis": "article_date", "first_reported": "2026-08-30", "last_reported": "2026-08-30", "confidence": "medium", "confidence_note": "Districts named as a group; ongoing provision, no quantities given.", "density": "1", "effective_sources": "1", "independent_origins": "1", "origin": "media_own", "origin_note": "single outlet", "corroboration": "single_source", "evidence_quote": "रसुवा, नुवाकोट, धादिङ, गोरखा और चितवन आदि प्रभावित जिलों में एकीकृत दल आपातकालीन स्वास्थ्य उपचार, खाद्यान्न, सुरक्षित पीने का पानी और अस्थायी आश्रय उपलब्ध करा रहे हैं।", "evidence_quote_en": "In affected districts including Rasuwa, Nuwakot, Dhading, Gorkha and Chitwan, integrated teams are providing emergency health treatment, food, safe drinking water and temporary shelter.", "temporal_contamination_flag": "False", "actor": "integrated relief teams", "actor_type": "government", "commodity": "water", "quantity": "", "unit": "", "beneficiaries": "", "target_group": "flood-affected", "self_reported": "False", "source_outlets": "Ratopati", "source_outlet_count": 1, "entity_key": "integrated relief teams|water|Dhading", "geo_resolution": "district", "geo_statement": "Located to Dhading district only", "geo_match_name": null, "geo_match_osm_id": null, "geo_anchor_id": "79688334B79703604543181", "geo_anchor_name": "Dhading"}, "geometry": {"type": "Point", "coordinates": [84.87763638110704, 28.025043976557015]}}, {"type": "Feature", "properties": {"record_id": "ca71efa664b95191", "table": "aid_delivery", "location_raw": "Dhading", "location_ne": "", "admin_level": "district", "district": "Dhading", "province": "Bagmati", "geo_basis": "text_explicit", "as_of": "2026-08-30", "as_of_basis": "article_date", "first_reported": "2026-08-30", "last_reported": "2026-08-30", "confidence": "medium", "confidence_note": "Districts named as a group; ongoing provision, no quantities given.", "density": "1", "effective_sources": "1", "independent_origins": "1", "origin": "media_own", "origin_note": "single outlet", "corroboration": "single_source", "evidence_quote": "रसुवा, नुवाकोट, धादिङ, गोरखा और चितवन आदि प्रभावित जिलों में एकीकृत दल आपातकालीन स्वास्थ्य उपचार, खाद्यान्न, सुरक्षित पीने का पानी और अस्थायी आश्रय उपलब्ध करा रहे हैं।", "evidence_quote_en": "In affected districts including Rasuwa, Nuwakot, Dhading, Gorkha and Chitwan, integrated teams are providing emergency health treatment, food, safe drinking water and temporary shelter.", "temporal_contamination_flag": "False", "actor": "integrated relief teams", "actor_type": "government", "commodity": "shelter_NFI", "quantity": "", "unit": "", "beneficiaries": "", "target_group": "flood-affected", "self_reported": "False", "source_outlets": "Ratopati", "source_outlet_count": 1, "entity_key": "integrated relief teams|shelter_NFI|Dhading", "geo_resolution": "district", "geo_statement": "Located to Dhading district only", "geo_match_name": null, "geo_match_osm_id": null, "geo_anchor_id": "79688334B79703604543181", "geo_anchor_name": "Dhading"}, "geometry": {"type": "Point", "coordinates": [84.87763638110704, 28.025043976557015]}}, {"type": "Feature", "properties": {"record_id": "6e48711054f47017", "table": "aid_delivery", "location_raw": "Gorkha", "location_ne": "", "admin_level": "district", "district": "Gorkha", "province": "Gandaki", "geo_basis": "text_explicit", "as_of": "2026-08-30", "as_of_basis": "article_date", "first_reported": "2026-08-30", "last_reported": "2026-08-30", "confidence": "medium", "confidence_note": "Districts named as a group; ongoing provision, no quantities given.", "density": "1", "effective_sources": "1", "independent_origins": "1", "origin": "media_own", "origin_note": "single outlet", "corroboration": "single_source", "evidence_quote": "रसुवा, नुवाकोट, धादिङ, गोरखा और चितवन आदि प्रभावित जिलों में एकीकृत दल आपातकालीन स्वास्थ्य उपचार, खाद्यान्न, सुरक्षित पीने का पानी और अस्थायी आश्रय उपलब्ध करा रहे हैं।", "evidence_quote_en": "In affected districts including Rasuwa, Nuwakot, Dhading, Gorkha and Chitwan, integrated teams are providing emergency health treatment, food, safe drinking water and temporary shelter.", "temporal_contamination_flag": "False", "actor": "integrated relief teams", "actor_type": "government", "commodity": "medical", "quantity": "", "unit": "", "beneficiaries": "", "target_group": "flood-affected", "self_reported": "False", "source_outlets": "Ratopati", "source_outlet_count": 1, "entity_key": "integrated relief teams|medical|Gorkha", "geo_resolution": "district", "geo_statement": "Located to Gorkha district only", "geo_match_name": null, "geo_match_osm_id": null, "geo_anchor_id": "79688334B93802880856426", "geo_anchor_name": "Gorkha"}, "geometry": {"type": "Point", "coordinates": [84.81454945836937, 28.29653345281497]}}, {"type": "Feature", "properties": {"record_id": "74edbabf49aeefcc", "table": "aid_delivery", "location_raw": "Gorkha", "location_ne": "", "admin_level": "district", "district": "Gorkha", "province": "Gandaki", "geo_basis": "text_explicit", "as_of": "2026-08-30", "as_of_basis": "article_date", "first_reported": "2026-08-30", "last_reported": "2026-08-30", "confidence": "medium", "confidence_note": "Districts named as a group; ongoing provision, no quantities given.", "density": "1", "effective_sources": "1", "independent_origins": "1", "origin": "media_own", "origin_note": "single outlet", "corroboration": "single_source", "evidence_quote": "रसुवा, नुवाकोट, धादिङ, गोरखा और चितवन आदि प्रभावित जिलों में एकीकृत दल आपातकालीन स्वास्थ्य उपचार, खाद्यान्न, सुरक्षित पीने का पानी और अस्थायी आश्रय उपलब्ध करा रहे हैं।", "evidence_quote_en": "In affected districts including Rasuwa, Nuwakot, Dhading, Gorkha and Chitwan, integrated teams are providing emergency health treatment, food, safe drinking water and temporary shelter.", "temporal_contamination_flag": "False", "actor": "integrated relief teams", "actor_type": "government", "commodity": "food", "quantity": "", "unit": "", "beneficiaries": "", "target_group": "flood-affected", "self_reported": "False", "source_outlets": "Ratopati", "source_outlet_count": 1, "entity_key": "integrated relief teams|food|Gorkha", "geo_resolution": "district", "geo_statement": "Located to Gorkha district only", "geo_match_name": null, "geo_match_osm_id": null, "geo_anchor_id": "79688334B93802880856426", "geo_anchor_name": "Gorkha"}, "geometry": {"type": "Point", "coordinates": [84.81454945836937, 28.29653345281497]}}, {"type": "Feature", "properties": {"record_id": "a1884e782955f5f1", "table": "aid_delivery", "location_raw": "Gorkha", "location_ne": "", "admin_level": "district", "district": "Gorkha", "province": "Gandaki", "geo_basis": "text_explicit", "as_of": "2026-08-30", "as_of_basis": "article_date", "first_reported": "2026-08-30", "last_reported": "2026-08-30", "confidence": "medium", "confidence_note": "Districts named as a group; ongoing provision, no quantities given.", "density": "1", "effective_sources": "1", "independent_origins": "1", "origin": "media_own", "origin_note": "single outlet", "corroboration": "single_source", "evidence_quote": "रसुवा, नुवाकोट, धादिङ, गोरखा और चितवन आदि प्रभावित जिलों में एकीकृत दल आपातकालीन स्वास्थ्य उपचार, खाद्यान्न, सुरक्षित पीने का पानी और अस्थायी आश्रय उपलब्ध करा रहे हैं।", "evidence_quote_en": "In affected districts including Rasuwa, Nuwakot, Dhading, Gorkha and Chitwan, integrated teams are providing emergency health treatment, food, safe drinking water and temporary shelter.", "temporal_contamination_flag": "False", "actor": "integrated relief teams", "actor_type": "government", "commodity": "water", "quantity": "", "unit": "", "beneficiaries": "", "target_group": "flood-affected", "self_reported": "False", "source_outlets": "Ratopati", "source_outlet_count": 1, "entity_key": "integrated relief teams|water|Gorkha", "geo_resolution": "district", "geo_statement": "Located to Gorkha district only", "geo_match_name": null, "geo_match_osm_id": null, "geo_anchor_id": "79688334B93802880856426", "geo_anchor_name": "Gorkha"}, "geometry": {"type": "Point", "coordinates": [84.81454945836937, 28.29653345281497]}}, {"type": "Feature", "properties": {"record_id": "555b59dad555b0d2", "table": "aid_delivery", "location_raw": "Gorkha", "location_ne": "", "admin_level": "district", "district": "Gorkha", "province": "Gandaki", "geo_basis": "text_explicit", "as_of": "2026-08-30", "as_of_basis": "article_date", "first_reported": "2026-08-30", "last_reported": "2026-08-30", "confidence": "medium", "confidence_note": "Districts named as a group; ongoing provision, no quantities given.", "density": "1", "effective_sources": "1", "independent_origins": "1", "origin": "media_own", "origin_note": "single outlet", "corroboration": "single_source", "evidence_quote": "रसुवा, नुवाकोट, धादिङ, गोरखा और चितवन आदि प्रभावित जिलों में एकीकृत दल आपातकालीन स्वास्थ्य उपचार, खाद्यान्न, सुरक्षित पीने का पानी और अस्थायी आश्रय उपलब्ध करा रहे हैं।", "evidence_quote_en": "In affected districts including Rasuwa, Nuwakot, Dhading, Gorkha and Chitwan, integrated teams are providing emergency health treatment, food, safe drinking water and temporary shelter.", "temporal_contamination_flag": "False", "actor": "integrated relief teams", "actor_type": "government", "commodity": "shelter_NFI", "quantity": "", "unit": "", "beneficiaries": "", "target_group": "flood-affected", "self_reported": "False", "source_outlets": "Ratopati", "source_outlet_count": 1, "entity_key": "integrated relief teams|shelter_NFI|Gorkha", "geo_resolution": "district", "geo_statement": "Located to Gorkha district only", "geo_match_name": null, "geo_match_osm_id": null, "geo_anchor_id": "79688334B93802880856426", "geo_anchor_name": "Gorkha"}, "geometry": {"type": "Point", "coordinates": [84.81454945836937, 28.29653345281497]}}, {"type": "Feature", "properties": {"record_id": "c186e7693913267a", "table": "aid_delivery", "location_raw": "Pokhara", "location_ne": "", "admin_level": "municipality", "district": "Kaski", "province": "Gandaki", "geo_basis": "text_explicit", "as_of": "2026-08-30", "as_of_basis": "article_date", "first_reported": "2026-08-31", "last_reported": "2026-08-31", "confidence": "high", "confidence_note": "Actor and district named directly.", "density": "1", "effective_sources": "1", "independent_origins": "1", "origin": "media_own", "origin_note": "single outlet", "corroboration": "single_source", "evidence_quote": "विपद् प्रभावितहरूका लागि यहाँस्थित स्क्वायर्स मोटर्सले तीन लाख पाँच हजार ५५५ रूपैयाँ कोषमा जम्मा गरेको छ।", "evidence_quote_en": "For flood victims, Square Motors of Pokhara deposited Rs 305,555 into the fund.", "temporal_contamination_flag": "False", "actor": "Square Motors", "actor_type": "private", "commodity": "cash", "quantity": "305555.0", "unit": "NPR", "beneficiaries": "", "target_group": "Prime Minister's Disaster Relief Fund", "self_reported": "", "source_outlets": "Ratopati", "source_outlet_count": 1, "entity_key": "Square Motors|cash|Kaski", "geo_resolution": "district", "geo_statement": "Located to Kaski district only — the source names a place we could not resolve", "geo_match_name": null, "geo_match_osm_id": null, "geo_anchor_id": "79688334B51705960872508", "geo_anchor_name": "Kaski"}, "geometry": {"type": "Point", "coordinates": [83.98696603706088, 28.412436357031254]}}, {"type": "Feature", "properties": {"record_id": "cc7d6e72385f56b3", "table": "aid_delivery", "location_raw": "Pokhara-1", "location_ne": "", "admin_level": "ward", "district": "Kaski", "province": "Gandaki", "geo_basis": "text_explicit", "as_of": "2026-08-30", "as_of_basis": "article_date", "first_reported": "2026-08-31", "last_reported": "2026-08-31", "confidence": "high", "confidence_note": "Actor and ward named directly.", "density": "1", "effective_sources": "1", "independent_origins": "1", "origin": "media_own", "origin_note": "single outlet", "corroboration": "single_source", "evidence_quote": "यस्तै पोखरा-१ मा रहेको इन्द्रेणी एकीकृत विकास केन्द्रले भोटेकोशी बाढी प्रभावितका लागि एक लाख रूपैयाँ सहयोग गरेको छ।", "evidence_quote_en": "Likewise, Indreni Ekikrit Vikas Kendra of Pokhara-1 has contributed Rs 100,000 for Bhotekoshi flood victims.", "temporal_contamination_flag": "False", "actor": "Indreni Ekikrit Vikas Kendra", "actor_type": "local_NGO", "commodity": "cash", "quantity": "100000.0", "unit": "NPR", "beneficiaries": "", "target_group": "Bhotekoshi flood victims", "self_reported": "", "source_outlets": "Ratopati", "source_outlet_count": 1, "entity_key": "Indreni Ekikrit Vikas Kendra|cash|Kaski", "geo_resolution": "district", "geo_statement": "Located to Kaski district only — the source names a place we could not resolve", "geo_match_name": null, "geo_match_osm_id": null, "geo_anchor_id": "79688334B51705960872508", "geo_anchor_name": "Kaski"}, "geometry": {"type": "Point", "coordinates": [83.98696603706088, 28.412436357031254]}}, {"type": "Feature", "properties": {"record_id": "f517ea88af8d6ce1", "table": "aid_delivery", "location_raw": "Pokhara", "location_ne": "", "admin_level": "municipality", "district": "Kaski", "province": "Gandaki", "geo_basis": "text_explicit", "as_of": "2026-08-30", "as_of_basis": "article_date", "first_reported": "2026-08-31", "last_reported": "2026-08-31", "confidence": "high", "confidence_note": "Actor and district named directly.", "density": "1", "effective_sources": "1", "independent_origins": "1", "origin": "media_own", "origin_note": "single outlet", "corroboration": "single_source", "evidence_quote": "पोखराका व्यवसायी तथा सिटीजन फर्निचरले उद्धार कोषमा एक लाख ११ हजार १११ रूपैयाँ सहयोग गरेको छ भने भूतपूर्व खेलाडी मञ्च नेपालले बाढी प्रभावितका लागि कोषमा ५० हजार रूपैयाँ सहयोग गर्ने जनाएको छ।", "evidence_quote_en": "Pokhara businessman/company Citizen Furniture has contributed Rs 111,111 to the relief fund.", "temporal_contamination_flag": "False", "actor": "Citizen Furniture", "actor_type": "private", "commodity": "cash", "quantity": "111111.0", "unit": "NPR", "beneficiaries": "", "target_group": "Prime Minister's Disaster Relief Fund", "self_reported": "", "source_outlets": "Ratopati", "source_outlet_count": 1, "entity_key": "Citizen Furniture|cash|Kaski", "geo_resolution": "district", "geo_statement": "Located to Kaski district only — the source names a place we could not resolve", "geo_match_name": null, "geo_match_osm_id": null, "geo_anchor_id": "79688334B51705960872508", "geo_anchor_name": "Kaski"}, "geometry": {"type": "Point", "coordinates": [83.98696603706088, 28.412436357031254]}}, {"type": "Feature", "properties": {"record_id": "3ba0a669b811e75c", "table": "aid_delivery", "location_raw": "Kathmandu", "location_ne": "", "admin_level": "municipality", "district": "Kathmandu", "province": "Bagmati", "geo_basis": "text_explicit", "as_of": "2026-08-26", "as_of_basis": "stated", "first_reported": "2026-08-28", "last_reported": "2026-08-28", "confidence": "high", "confidence_note": "Completed delivery to Kathmandu, dated to the night of Aug 26.", "density": "1", "effective_sources": "1", "independent_origins": "1", "origin": "self:India (Indian Air Force)", "origin_note": "single outlet", "corroboration": "single_source", "evidence_quote": "An Indian Air Force C-130J aircraft carrying 10 tonnes of humanitarian and disaster-relief supplies reached Kathmandu the same night, less than 12 hours after the disaster.", "evidence_quote_en": "", "temporal_contamination_flag": "", "actor": "India (Indian Air Force)", "actor_type": "government", "commodity": "other", "quantity": "10.0", "unit": "tonnes", "beneficiaries": "", "target_group": "", "self_reported": "True", "source_outlets": "PGurus", "source_outlet_count": 1, "entity_key": "India (Indian Air Force)|other|Kathmandu", "geo_resolution": "palika", "geo_statement": "Located to Kathmandu local unit in Kathmandu district — anchored to the unit, not an exact site", "geo_match_name": null, "geo_match_osm_id": null, "geo_anchor_id": "92635248B69748389600023", "geo_anchor_name": "Kathmandu"}, "geometry": {"type": "Point", "coordinates": [85.32732598855569, 27.708680269500327]}}, {"type": "Feature", "properties": {"record_id": "8424d07a07cb8821", "table": "aid_delivery", "location_raw": "Kathmandu", "location_ne": "", "admin_level": "settlement", "district": "Kathmandu", "province": "Bagmati", "geo_basis": "text_adjacent", "as_of": "2026-08-27", "as_of_basis": "inferred_from_text", "first_reported": "2026-08-28", "last_reported": "2026-08-28", "confidence": "medium", "confidence_note": "Kathmandu location established earlier in article referring to \"a Kathmandu hospital\"; only source is the hospital's own statement relayed by local media.", "density": "1", "effective_sources": "1", "independent_origins": "1", "origin": "self:Bir Hospital", "origin_note": "single outlet", "corroboration": "single_source", "evidence_quote": "The Bir hospital said it would treat all victims for free and was “fully prepared” to handle the surge in patients, local media reported.", "evidence_quote_en": "", "temporal_contamination_flag": "False", "actor": "Bir Hospital", "actor_type": "government", "commodity": "medical", "quantity": "", "unit": "", "beneficiaries": "", "target_group": "flood victims", "self_reported": "True", "source_outlets": "The Daily Star", "source_outlet_count": 1, "entity_key": "Bir Hospital|medical|Kathmandu", "geo_resolution": "palika", "geo_statement": "Located to Kathmandu local unit in Kathmandu district — anchored to the unit, not an exact site", "geo_match_name": null, "geo_match_osm_id": null, "geo_anchor_id": "92635248B69748389600023", "geo_anchor_name": "Kathmandu"}, "geometry": {"type": "Point", "coordinates": [85.32732598855569, 27.708680269500327]}}, {"type": "Feature", "properties": {"record_id": "86e00a073e791e43", "table": "aid_delivery", "location_raw": "Kathmandu", "location_ne": "", "admin_level": "municipality", "district": "Kathmandu", "province": "Bagmati", "geo_basis": "text_explicit", "as_of": "2026-08-28", "as_of_basis": "inferred_from_text", "first_reported": "2026-08-30", "last_reported": "2026-08-30", "confidence": "medium", "confidence_note": "Flight departed for Kathmandu; arrival not separately confirmed in this article.", "density": "1", "effective_sources": "1", "independent_origins": "1", "origin": "media_own", "origin_note": "single outlet", "corroboration": "single_source", "evidence_quote": "A third flight carrying another 10 tonnes of humanitarian assistance left for Kathmandu on Friday.", "evidence_quote_en": "", "temporal_contamination_flag": "False", "actor": "India (Government of India)", "actor_type": "government", "commodity": "other", "quantity": "10.0", "unit": "tonnes", "beneficiaries": "", "target_group": "", "self_reported": "False", "source_outlets": "The Business Standard", "source_outlet_count": 1, "entity_key": "India (Government of India)|other|Kathmandu", "geo_resolution": "palika", "geo_statement": "Located to Kathmandu local unit in Kathmandu district — anchored to the unit, not an exact site", "geo_match_name": null, "geo_match_osm_id": null, "geo_anchor_id": "92635248B69748389600023", "geo_anchor_name": "Kathmandu"}, "geometry": {"type": "Point", "coordinates": [85.32732598855569, 27.708680269500327]}}, {"type": "Feature", "properties": {"record_id": "a2ed067d09716dc2", "table": "aid_delivery", "location_raw": "Kathmandu, Nepal", "location_ne": "", "admin_level": "municipality", "district": "Kathmandu", "province": "Bagmati", "geo_basis": "text_explicit", "as_of": "2026-08-28", "as_of_basis": "article_date", "first_reported": "2026-08-28", "last_reported": "2026-08-28", "confidence": "medium", "confidence_note": "No explicit date for this second flight within this passage; article publish date used as fallback.", "density": "1", "effective_sources": "1", "independent_origins": "1", "origin": "self:Indian Air Force", "origin_note": "single outlet", "corroboration": "single_source", "evidence_quote": "Carrying the second consignment, a C-17 Globemaster aircraft of the Indian Air Force flew to Kathmandu with an additional 37.5 tonnes of relief material, including food packets and essential medicines.", "evidence_quote_en": "", "temporal_contamination_flag": "", "actor": "Indian Air Force", "actor_type": "army", "commodity": "other", "quantity": "37.5", "unit": "tonnes", "beneficiaries": "", "target_group": "", "self_reported": "True", "source_outlets": "Hindusthan Samachar English", "source_outlet_count": 1, "entity_key": "Indian Air Force|other|Kathmandu", "geo_resolution": "palika", "geo_statement": "Located to Kathmandu local unit in Kathmandu district — anchored to the unit, not an exact site", "geo_match_name": null, "geo_match_osm_id": null, "geo_anchor_id": "92635248B69748389600023", "geo_anchor_name": "Kathmandu"}, "geometry": {"type": "Point", "coordinates": [85.32732598855569, 27.708680269500327]}}, {"type": "Feature", "properties": {"record_id": "95c1cffc4d4b89f4", "table": "aid_delivery", "location_raw": "Kathmandu, Nepal", "location_ne": "", "admin_level": "settlement", "district": "Kathmandu", "province": "Bagmati", "geo_basis": "text_explicit", "as_of": "2026-08-29", "as_of_basis": "article_date", "first_reported": "2026-08-30", "last_reported": "2026-08-30", "confidence": "high", "confidence_note": "Cumulative Indian relief airlift total to Kathmandu.", "density": "1", "effective_sources": "1", "independent_origins": "1", "origin": "media_own", "origin_note": "single outlet", "corroboration": "single_source", "evidence_quote": "इसके साथ ही भारत की ओर से अब तक कुल 68.5 टन राहत सामग्री एयरलिफ्ट की जा चुकी है।", "evidence_quote_en": "In addition, a cumulative total of 68.5 tonnes of relief material has so far been airlifted from India.", "temporal_contamination_flag": "False", "actor": "Government of India / Indian Air Force", "actor_type": "government", "commodity": "other", "quantity": "68.5", "unit": "tons", "beneficiaries": "", "target_group": "flood-affected Nepal", "self_reported": "", "source_outlets": "Times Now Navbharat", "source_outlet_count": 1, "entity_key": "Government of India / Indian Air Force|other|Kathmandu", "geo_resolution": "palika", "geo_statement": "Located to Kathmandu local unit in Kathmandu district — anchored to the unit, not an exact site", "geo_match_name": null, "geo_match_osm_id": null, "geo_anchor_id": "92635248B69748389600023", "geo_anchor_name": "Kathmandu"}, "geometry": {"type": "Point", "coordinates": [85.32732598855569, 27.708680269500327]}}, {"type": "Feature", "properties": {"record_id": "fb3297d4612d1846", "table": "aid_delivery", "location_raw": "काठमाडौँ", "location_ne": "", "admin_level": "settlement", "district": "Kathmandu", "province": "Bagmati", "geo_basis": "text_explicit", "as_of": "2026-08-29", "as_of_basis": "stated", "first_reported": "2026-08-30", "last_reported": "2026-08-30", "confidence": "high", "confidence_note": "", "density": "2", "effective_sources": "2", "independent_origins": "1", "origin": "self:भारत", "origin_note": "2 outlets carrying self:भारत's figure", "corroboration": "independent", "evidence_quote": "भारतबाट ११ टन सहयोग सामग्री बोकेको चौथो उडान शनिबार राति काठमाडौँ आइपुगेको छ ।", "evidence_quote_en": "", "temporal_contamination_flag": "False", "actor": "भारत", "actor_type": "government", "commodity": "shelter_NFI", "quantity": "11.0", "unit": "tons", "beneficiaries": "", "target_group": "", "self_reported": "True", "source_outlets": "Arghakhanchi", "source_outlet_count": 2, "entity_key": "भारत|shelter_NFI|Kathmandu", "geo_resolution": "district", "geo_statement": "Located to Kathmandu district only — the source names a place we could not resolve", "geo_match_name": null, "geo_match_osm_id": null, "geo_anchor_id": "79688334B75108943206003", "geo_anchor_name": "Kathmandu"}, "geometry": {"type": "Point", "coordinates": [85.26981408551208, 27.69905151590865]}}, {"type": "Feature", "properties": {"record_id": "2bc7dc8db33fe183", "table": "aid_delivery", "location_raw": "काठमांडू", "location_ne": "", "admin_level": "settlement", "district": "Kathmandu", "province": "Bagmati", "geo_basis": "text_explicit", "as_of": "2026-08-29", "as_of_basis": "stated", "first_reported": "2026-08-30", "last_reported": "2026-08-30", "confidence": "high", "confidence_note": "", "density": "1", "effective_sources": "1", "independent_origins": "1", "origin": "self:भारतीय वायुसेना", "origin_note": "single outlet", "corroboration": "single_source", "evidence_quote": "विदेश मंत्री एस जयशंकर ने बताया कि भारतीय वायुसेना की चौथी उड़ान 11 टन आपातकालीन राहत सामग्री लेकर काठमांडू पहुंची है.", "evidence_quote_en": "", "temporal_contamination_flag": "False", "actor": "भारतीय वायुसेना", "actor_type": "government", "commodity": "shelter_NFI", "quantity": "11.0", "unit": "tons", "beneficiaries": "", "target_group": "", "self_reported": "True", "source_outlets": "India.com", "source_outlet_count": 1, "entity_key": "भारतीय वायुसेना|shelter_NFI|Kathmandu", "geo_resolution": "district", "geo_statement": "Located to Kathmandu district only — the source names a place we could not resolve", "geo_match_name": null, "geo_match_osm_id": null, "geo_anchor_id": "79688334B75108943206003", "geo_anchor_name": "Kathmandu"}, "geometry": {"type": "Point", "coordinates": [85.26981408551208, 27.69905151590865]}}, {"type": "Feature", "properties": {"record_id": "215b56927cf2d006", "table": "aid_delivery", "location_raw": "Kathmandu", "location_ne": "", "admin_level": "settlement", "district": "Kathmandu", "province": "Bagmati", "geo_basis": "text_explicit", "as_of": "2026-08-29", "as_of_basis": "stated", "first_reported": "2026-08-30", "last_reported": "2026-08-30", "confidence": "high", "confidence_note": "Confirmed arrival (not merely pledged); quantity not restated in this article.", "density": "1", "effective_sources": "1", "independent_origins": "1", "origin": "self:UAE Aid Agency", "origin_note": "single outlet", "corroboration": "single_source", "evidence_quote": "The aid arrived in Kathmandu on Saturday under the directives of UAE President Sheikh Mohamed bin Zayed Al Nahyan", "evidence_quote_en": "", "temporal_contamination_flag": "", "actor": "UAE Aid Agency", "actor_type": "government", "commodity": "other", "quantity": "", "unit": "", "beneficiaries": "", "target_group": "", "self_reported": "True", "source_outlets": "myRepublica", "source_outlet_count": 1, "entity_key": "UAE Aid Agency|other|Kathmandu", "geo_resolution": "palika", "geo_statement": "Located to Kathmandu local unit in Kathmandu district — anchored to the unit, not an exact site", "geo_match_name": null, "geo_match_osm_id": null, "geo_anchor_id": "92635248B69748389600023", "geo_anchor_name": "Kathmandu"}, "geometry": {"type": "Point", "coordinates": [85.32732598855569, 27.708680269500327]}}, {"type": "Feature", "properties": {"record_id": "c6a9d9cefbeeb82c", "table": "aid_delivery", "location_raw": "काठमांडू, नेपाल", "location_ne": "", "admin_level": "municipality", "district": "Kathmandu", "province": "Bagmati", "geo_basis": "text_explicit", "as_of": "2026-08-29", "as_of_basis": "stated", "first_reported": "2026-08-29", "last_reported": "2026-08-29", "confidence": "high", "confidence_note": "Explicit date and location (Kathmandu arrival).", "density": "1", "effective_sources": "1", "independent_origins": "1", "origin": "self:भारत (Government of India)", "origin_note": "single outlet", "corroboration": "single_source", "evidence_quote": "काठमांडू, 29 अगस्त (भाषा) नेपाल में अचानक आई भीषण बाढ़ के बाद स्थानीय अधिकारियों की सहायता के लिए 11 सदस्यीय भारतीय टीम शनिवार को काठमांडू पहुंची।", "evidence_quote_en": "An 11-member Indian team reached Kathmandu on Saturday to help local authorities after the sudden severe flood in Nepal.", "temporal_contamination_flag": "", "actor": "भारत (Government of India)", "actor_type": "government", "commodity": "medical", "quantity": "11.0", "unit": "personnel", "beneficiaries": "", "target_group": "local authorities in flood-affected areas", "self_reported": "True", "source_outlets": "ThePrint Hindi", "source_outlet_count": 1, "entity_key": "भारत (Government of India)|medical|Kathmandu", "geo_resolution": "district", "geo_statement": "Located to Kathmandu district only — the source names a place we could not resolve", "geo_match_name": null, "geo_match_osm_id": null, "geo_anchor_id": "79688334B75108943206003", "geo_anchor_name": "Kathmandu"}, "geometry": {"type": "Point", "coordinates": [85.26981408551208, 27.69905151590865]}}, {"type": "Feature", "properties": {"record_id": "c79a14a0802996c6", "table": "aid_delivery", "location_raw": "Kathmandu, Nepal", "location_ne": "", "admin_level": "municipality", "district": "Kathmandu", "province": "Bagmati", "geo_basis": "text_explicit", "as_of": "2026-08-29", "as_of_basis": "stated", "first_reported": "2026-08-29", "last_reported": "2026-08-29", "confidence": "high", "confidence_note": "Dateline confirms Kathmandu, August 29.", "density": "1", "effective_sources": "1", "independent_origins": "1", "origin": "self:Government of India", "origin_note": "single outlet", "corroboration": "single_source", "evidence_quote": "Kathmandu [Nepal], August 29 (ANI): An 11-member specialised medical and tunnel rescue team arrived in Nepal aboard the Indian Air Force's third assistance flight, marking a critical transition in India's disaster response from immediate supply delivery to complex, high-risk search and rescue operations.", "evidence_quote_en": "", "temporal_contamination_flag": "", "actor": "Government of India", "actor_type": "government", "commodity": "medical", "quantity": "11.0", "unit": "personnel", "beneficiaries": "", "target_group": "", "self_reported": "True", "source_outlets": "ANI News", "source_outlet_count": 1, "entity_key": "Government of India|medical|Kathmandu", "geo_resolution": "palika", "geo_statement": "Located to Kathmandu local unit in Kathmandu district — anchored to the unit, not an exact site", "geo_match_name": null, "geo_match_osm_id": null, "geo_anchor_id": "92635248B69748389600023", "geo_anchor_name": "Kathmandu"}, "geometry": {"type": "Point", "coordinates": [85.32732598855569, 27.708680269500327]}}, {"type": "Feature", "properties": {"record_id": "32c26a09c0b78c70", "table": "aid_delivery", "location_raw": "काठमाडौँ", "location_ne": "काठमाडौँ", "admin_level": "settlement", "district": "Kathmandu", "province": "Bagmati", "geo_basis": "text_explicit", "as_of": "2026-08-30", "as_of_basis": "stated", "first_reported": "2026-08-30", "last_reported": "2026-08-30", "confidence": "medium", "confidence_note": "Landing point Kathmandu stated explicitly; final distribution site to the flood-affected area is not specified in this passage.", "density": "1", "effective_sources": "1", "independent_origins": "1", "origin": "self:भारत (भारतीय दूतावास)", "origin_note": "single outlet", "corroboration": "single_source", "evidence_quote": "भारतबाट ११ टन राहत सामग्री बोकेको चौथो चरणको उडान आज बिहान काठमाडौँमा अवतरण गरेको छ । राहत सामग्रीमा खोज तथा उद्धारका लागि आवश्यक उपकरणसहितको सुरुङ उद्धार प्राविधिक टोली, डीएनए विश्लेषणका लागि फरेन्सिक विज्ञहरूको टोली तथा कम्बल, स्लीपिङ ब्याग, त्रिपाल, प्लास्टिक सिट र सरसफाइ किटलगायत सामग्री समावेश रहेको यहाँस्थित भारतीय दूतावासले जनाएको छ ।", "evidence_quote_en": "The 4th-phase flight carrying 11 tons of relief material from India landed in Kathmandu this morning. The Indian Embassy here said the relief material includes a tunnel rescue technical team with search-and-rescue equipment, a forensic experts' team for DNA analysis, and blankets, sleeping bags, tarpaulins, plastic sheets and sanitation kits.", "temporal_contamination_flag": "False", "actor": "भारत (भारतीय दूतावास)", "actor_type": "government", "commodity": "shelter_NFI", "quantity": "11.0", "unit": "tons", "beneficiaries": "", "target_group": "भोटेकोशी बाढी प्रभावित", "self_reported": "True", "source_outlets": "Ratopati", "source_outlet_count": 1, "entity_key": "भारत (भारतीय दूतावास)|shelter_NFI|Kathmandu", "geo_resolution": "district", "geo_statement": "Located to Kathmandu district only — the source names a place we could not resolve", "geo_match_name": null, "geo_match_osm_id": null, "geo_anchor_id": "79688334B75108943206003", "geo_anchor_name": "Kathmandu"}, "geometry": {"type": "Point", "coordinates": [85.26981408551208, 27.69905151590865]}}, {"type": "Feature", "properties": {"record_id": "6b9a44b62a882bb7", "table": "aid_delivery", "location_raw": "काठमाडौँ", "location_ne": "काठमाडौँ", "admin_level": "settlement", "district": "Kathmandu", "province": "Bagmati", "geo_basis": "text_explicit", "as_of": "2026-08-30", "as_of_basis": "inferred_from_text", "first_reported": "2026-08-30", "last_reported": "2026-08-30", "confidence": "medium", "confidence_note": "Presented immediately after the dated 4th-phase flight paragraph; own sentence carries no separate date stamp.", "density": "1", "effective_sources": "1", "independent_origins": "1", "origin": "self:भारतीय सेना", "origin_note": "single outlet", "corroboration": "single_source", "evidence_quote": "स्थलगत निरीक्षण टोलीको मूल्याङ्कनका आधारमा विशेष उपकरणसहित १३ सदस्यीय भारतीय सेनाको सुरुङ उद्धार टोली नेपाल आएको हो ।", "evidence_quote_en": "Based on the assessment of the on-site inspection team, a 13-member Indian Army tunnel rescue team with special equipment has come to Nepal.", "temporal_contamination_flag": "False", "actor": "भारतीय सेना", "actor_type": "government", "commodity": "rescue", "quantity": "13.0", "unit": "personnel", "beneficiaries": "", "target_group": "सुरुङमा फसेका व्यक्ति", "self_reported": "True", "source_outlets": "Ratopati", "source_outlet_count": 1, "entity_key": "भारतीय सेना|rescue|Kathmandu", "geo_resolution": "district", "geo_statement": "Located to Kathmandu district only — the source names a place we could not resolve", "geo_match_name": null, "geo_match_osm_id": null, "geo_anchor_id": "79688334B75108943206003", "geo_anchor_name": "Kathmandu"}, "geometry": {"type": "Point", "coordinates": [85.26981408551208, 27.69905151590865]}}, {"type": "Feature", "properties": {"record_id": "6116225fb9da9d14", "table": "aid_delivery", "location_raw": "काठमाडौँ", "location_ne": "काठमाडौँ", "admin_level": "settlement", "district": "Kathmandu", "province": "Bagmati", "geo_basis": "text_explicit", "as_of": "2026-08-30", "as_of_basis": "inferred_from_text", "first_reported": "2026-08-30", "last_reported": "2026-08-30", "confidence": "medium", "confidence_note": "Same paragraph as the 4th-phase flight; no separate date stamp.", "density": "1", "effective_sources": "1", "independent_origins": "1", "origin": "self:भारतीय फरेन्सिक टोली", "origin_note": "single outlet", "corroboration": "single_source", "evidence_quote": "मृतकका अवशेषको पहिचानका लागि डीएनए नमुना विश्लेषणमा सहयोग गर्न छ वटा फरेन्सिक टोलीका १९ सदस्यीय समूह पनि नेपाल आएको दूतावासले जनाएको छ ।", "evidence_quote_en": "The Embassy also said a 19-member group from six forensic teams has come to Nepal to help with DNA sample analysis for identifying the remains of the deceased.", "temporal_contamination_flag": "False", "actor": "भारतीय फरेन्सिक टोली", "actor_type": "government", "commodity": "other", "quantity": "19.0", "unit": "personnel", "beneficiaries": "", "target_group": "मृतकका अवशेष पहिचान", "self_reported": "True", "source_outlets": "Ratopati", "source_outlet_count": 1, "entity_key": "भारतीय फरेन्सिक टोली|other|Kathmandu", "geo_resolution": "district", "geo_statement": "Located to Kathmandu district only — the source names a place we could not resolve", "geo_match_name": null, "geo_match_osm_id": null, "geo_anchor_id": "79688334B75108943206003", "geo_anchor_name": "Kathmandu"}, "geometry": {"type": "Point", "coordinates": [85.26981408551208, 27.69905151590865]}}, {"type": "Feature", "properties": {"record_id": "459202e81c74baab", "table": "aid_delivery", "location_raw": "त्रिभुवन अन्तर्राष्ट्रिय विमानस्थल, काठमाडौँ", "location_ne": "त्रिभुवन अन्तर्राष्ट्रिय विमानस्थल, काठमाडौँ", "admin_level": "settlement", "district": "Kathmandu", "province": "Bagmati", "geo_basis": "text_explicit", "as_of": "2026-08-30", "as_of_basis": "stated", "first_reported": "2026-08-30", "last_reported": "2026-08-30", "confidence": "high", "confidence_note": "Airport and date explicitly stated.", "density": "1", "effective_sources": "1", "independent_origins": "1", "origin": "self:चीन (जनमुक्ति सेना वायुसेना)", "origin_note": "single outlet", "corroboration": "single_source", "evidence_quote": "आज बिहान चीनको जनमुक्ति सेना वायुसेनाका दुई वटा ढुवानी विमान चीनद्वारा प्रदान गरिएको आपत्कालीन राहत सामग्री लिएर त्रिभुवन अन्तर्राष्ट्रिय विमानस्थलमा आइपुगेका छन् । चार जना चिनियाँ सुरुङ उद्धार विशेषज्ञ उद्धार उपकरणसहित विमानमा आएका छन् ।", "evidence_quote_en": "This morning, two PLA Air Force transport aircraft arrived at Tribhuvan International Airport carrying emergency relief material provided by China. Four Chinese tunnel rescue experts arrived on the plane with rescue equipment.", "temporal_contamination_flag": "False", "actor": "चीन (जनमुक्ति सेना वायुसेना)", "actor_type": "government", "commodity": "rescue", "quantity": "4.0", "unit": "personnel", "beneficiaries": "", "target_group": "सुरुङ उद्धार", "self_reported": "True", "source_outlets": "Ratopati", "source_outlet_count": 1, "entity_key": "चीन (जनमुक्ति सेना वायुसेना)|rescue|Kathmandu", "geo_resolution": "district", "geo_statement": "Located to Kathmandu district only — the source names a place we could not resolve", "geo_match_name": null, "geo_match_osm_id": null, "geo_anchor_id": "79688334B75108943206003", "geo_anchor_name": "Kathmandu"}, "geometry": {"type": "Point", "coordinates": [85.26981408551208, 27.69905151590865]}}, {"type": "Feature", "properties": {"record_id": "cf36f6bb12c0d7d2", "table": "aid_delivery", "location_raw": "त्रिभुवन अन्तर्राष्ट्रिय विमानस्थल, काठमाडौँ", "location_ne": "त्रिभुवन अन्तर्राष्ट्रिय विमानस्थल, काठमाडौँ", "admin_level": "settlement", "district": "Kathmandu", "province": "Bagmati", "geo_basis": "text_explicit", "as_of": "2026-08-30", "as_of_basis": "stated", "first_reported": "2026-08-30", "last_reported": "2026-08-30", "confidence": "high", "confidence_note": "Airport and date explicitly stated.", "density": "1", "effective_sources": "1", "independent_origins": "1", "origin": "self:चीन", "origin_note": "single outlet", "corroboration": "single_source", "evidence_quote": "दुवै ढुवानी विमानले चीनको छेन्दु शुआङ्लिउ अन्तर्राष्ट्रिय विमानस्थलबाट उडान भरेका थिए । करिब तीन घण्टाको उडानपछि काठमाडौँ आइपुगेका ती विमानले पाल, कम्बल, स्लीपिङ ब्याग, हार्डट्याक तथा प्राथमिक उपचार किटलगायत १३ हजार दुई सय थान आपत्कालीन राहत सामग्रीसहित ५० टन सामग्री ल्याएका छन् ।", "evidence_quote_en": "Both transport aircraft had flown from Chengdu Shuangliu International Airport in China. After about a three-hour flight arriving in Kathmandu, those planes brought 50 tons of material including 13,200 pieces of emergency relief supplies such as tents, blankets, sleeping bags, hardtack and first-aid kits.", "temporal_contamination_flag": "False", "actor": "चीन", "actor_type": "government", "commodity": "other", "quantity": "50.0", "unit": "tons", "beneficiaries": "", "target_group": "भोटेकोशी बाढी प्रभावित", "self_reported": "True", "source_outlets": "Ratopati", "source_outlet_count": 1, "entity_key": "चीन|other|Kathmandu", "geo_resolution": "district", "geo_statement": "Located to Kathmandu district only — the source names a place we could not resolve", "geo_match_name": null, "geo_match_osm_id": null, "geo_anchor_id": "79688334B75108943206003", "geo_anchor_name": "Kathmandu"}, "geometry": {"type": "Point", "coordinates": [85.26981408551208, 27.69905151590865]}}, {"type": "Feature", "properties": {"record_id": "64f5fab50a6fb0b5", "table": "aid_delivery", "location_raw": "त्रिभुवन अन्तर्राष्ट्रिय विमानस्थल, काठमाडौं", "location_ne": "", "admin_level": "settlement", "district": "Kathmandu", "province": "Bagmati", "geo_basis": "text_explicit", "as_of": "2026-08-30", "as_of_basis": "stated", "first_reported": "2026-08-30", "last_reported": "2026-08-30", "confidence": "high", "confidence_note": "Public handover ceremony at Tribhuvan Intl. Airport attended by Nepal's minister and Chinese ambassador.", "density": "1", "effective_sources": "1", "independent_origins": "1", "origin": "media_own", "origin_note": "single outlet", "corroboration": "single_source", "evidence_quote": "विमानमा कुल ५० टन तौल बराबरका १३ हजार २०० थान आपत्कालीन राहत सामग्री ल्याइएको छ।", "evidence_quote_en": "A total of 13,200 items of emergency relief material weighing 50 tonnes were brought on the planes.", "temporal_contamination_flag": "False", "actor": "China (Government of China)", "actor_type": "government", "commodity": "shelter_NFI", "quantity": "13200.0", "unit": "items (approx. 50 tonnes)", "beneficiaries": "", "target_group": "विपद् प्रभावितहरू (flood affected)", "self_reported": "False", "source_outlets": "Onlinekhabar", "source_outlet_count": 1, "entity_key": "China (Government of China)|shelter_NFI|Kathmandu", "geo_resolution": "point", "geo_statement": "Matched \"काठमाडौं\" to a named OSM place in Kathmandu", "geo_match_name": "काठमाडौं", "geo_match_osm_id": "node/67157058", "geo_anchor_id": null, "geo_anchor_name": null}, "geometry": {"type": "Point", "coordinates": [85.3205817, 27.708317]}}, {"type": "Feature", "properties": {"record_id": "169eceea47ab94a3", "table": "aid_delivery", "location_raw": "त्रिभुवन अन्तर्राष्ट्रिय विमानस्थल, काठमाडौं", "location_ne": "", "admin_level": "settlement", "district": "Kathmandu", "province": "Bagmati", "geo_basis": "text_explicit", "as_of": "2026-08-30", "as_of_basis": "stated", "first_reported": "2026-08-30", "last_reported": "2026-08-30", "confidence": "high", "confidence_note": "Same public handover event.", "density": "1", "effective_sources": "1", "independent_origins": "1", "origin": "media_own", "origin_note": "single outlet", "corroboration": "single_source", "evidence_quote": "काठमाडौंस्थित चिनियाँ दूतावासका अनुसार, विमानमार्फत आपत्कालीन राहत सामग्रीका साथै चार जना चिनियाँ सुरुङ उद्धार विशेषज्ञ पनि आवश्यक उद्धार उपकरणसहित नेपाल आइपुगेका छन्।", "evidence_quote_en": "Along with the emergency relief material, four Chinese tunnel rescue experts also arrived in Nepal with necessary rescue equipment.", "temporal_contamination_flag": "False", "actor": "China (Government of China)", "actor_type": "government", "commodity": "rescue", "quantity": "4.0", "unit": "tunnel rescue experts", "beneficiaries": "", "target_group": "उद्धार कार्य (rescue operations)", "self_reported": "False", "source_outlets": "Onlinekhabar", "source_outlet_count": 1, "entity_key": "China (Government of China)|rescue|Kathmandu", "geo_resolution": "point", "geo_statement": "Matched \"काठमाडौं\" to a named OSM place in Kathmandu", "geo_match_name": "काठमाडौं", "geo_match_osm_id": "node/67157058", "geo_anchor_id": null, "geo_anchor_name": null}, "geometry": {"type": "Point", "coordinates": [85.3205817, 27.708317]}}, {"type": "Feature", "properties": {"record_id": "adb65fa68f0752cb", "table": "aid_delivery", "location_raw": "काठमाडौं", "location_ne": "", "admin_level": "settlement", "district": "Kathmandu", "province": "Bagmati", "geo_basis": "text_explicit", "as_of": "2026-08-30", "as_of_basis": "stated", "first_reported": "2026-08-30", "last_reported": "2026-08-30", "confidence": "high", "confidence_note": "Public handover at Kathmandu airport.", "density": "1", "effective_sources": "1", "independent_origins": "1", "origin": "media_own", "origin_note": "single outlet", "corroboration": "single_source", "evidence_quote": "विमानहरूमा), कम्बल, स्लिपिङ ब्याग, सुक्खा खाना र प्राथमिक उपचार किटहरू गरी कूल ५० टन तौलका १३ हजार २ सय थान आपत्कालीन राहत सामग्रीहरू ल्याइएको चिनियाँ दूतावासले जनाएको हाे।", "evidence_quote_en": "A total of 13,200 items of emergency relief material weighing 50 tonnes, including blankets, sleeping bags, dry food and first-aid kits, were brought.", "temporal_contamination_flag": "False", "actor": "China (Government of China)", "actor_type": "government", "commodity": "shelter_NFI", "quantity": "13200.0", "unit": "items (approx. 50 tonnes)", "beneficiaries": "", "target_group": "", "self_reported": "False", "source_outlets": "ImageKhabar", "source_outlet_count": 1, "entity_key": "China (Government of China)|shelter_NFI|Kathmandu", "geo_resolution": "point", "geo_statement": "Matched \"काठमाडौं\" to a named OSM place in Kathmandu", "geo_match_name": "काठमाडौं", "geo_match_osm_id": "node/67157058", "geo_anchor_id": null, "geo_anchor_name": null}, "geometry": {"type": "Point", "coordinates": [85.3205817, 27.708317]}}, {"type": "Feature", "properties": {"record_id": "9ffb58b454401f03", "table": "aid_delivery", "location_raw": "काठमाडौं", "location_ne": "", "admin_level": "settlement", "district": "Kathmandu", "province": "Bagmati", "geo_basis": "text_explicit", "as_of": "2026-08-30", "as_of_basis": "stated", "first_reported": "2026-08-30", "last_reported": "2026-08-30", "confidence": "high", "confidence_note": "Public handover at Kathmandu airport.", "density": "1", "effective_sources": "1", "independent_origins": "1", "origin": "media_own", "origin_note": "single outlet", "corroboration": "single_source", "evidence_quote": "विमानमा चारजना चिनियाँ सुरङ उद्धार विशेषज्ञहरू र उद्धार सामग्रीहरू पनि आएका छन् ।", "evidence_quote_en": "Four Chinese tunnel rescue experts and rescue equipment also arrived on the planes.", "temporal_contamination_flag": "False", "actor": "China (Government of China)", "actor_type": "government", "commodity": "rescue", "quantity": "4.0", "unit": "tunnel rescue experts", "beneficiaries": "", "target_group": "", "self_reported": "False", "source_outlets": "ImageKhabar", "source_outlet_count": 1, "entity_key": "China (Government of China)|rescue|Kathmandu", "geo_resolution": "point", "geo_statement": "Matched \"काठमाडौं\" to a named OSM place in Kathmandu", "geo_match_name": "काठमाडौं", "geo_match_osm_id": "node/67157058", "geo_anchor_id": null, "geo_anchor_name": null}, "geometry": {"type": "Point", "coordinates": [85.3205817, 27.708317]}}, {"type": "Feature", "properties": {"record_id": "5cb06d8a202bef48", "table": "aid_delivery", "location_raw": "Kathmandu", "location_ne": "", "admin_level": "settlement", "district": "Kathmandu", "province": "Bagmati", "geo_basis": "text_explicit", "as_of": "2026-08-30", "as_of_basis": "stated", "first_reported": "2026-08-30", "last_reported": "2026-08-30", "confidence": "high", "confidence_note": "Received by Nepal's Minister for Innovation from the Chinese Ambassador; public handover.", "density": "1", "effective_sources": "1", "independent_origins": "1", "origin": "media_own", "origin_note": "single outlet", "corroboration": "single_source", "evidence_quote": "China has provided 13,200 relief items for flood victims, including tarpaulins, blankets, sleeping bags, compressed dry food and first-aid kits. The supplies weigh around 50 tonnes.", "evidence_quote_en": "", "temporal_contamination_flag": "False", "actor": "China (Government of China)", "actor_type": "government", "commodity": "shelter_NFI", "quantity": "13200.0", "unit": "items (approx. 50 tonnes)", "beneficiaries": "", "target_group": "flood victims", "self_reported": "False", "source_outlets": "Khabarhub", "source_outlet_count": 1, "entity_key": "China (Government of China)|shelter_NFI|Kathmandu", "geo_resolution": "palika", "geo_statement": "Located to Kathmandu local unit in Kathmandu district — anchored to the unit, not an exact site", "geo_match_name": null, "geo_match_osm_id": null, "geo_anchor_id": "92635248B69748389600023", "geo_anchor_name": "Kathmandu"}, "geometry": {"type": "Point", "coordinates": [85.32732598855569, 27.708680269500327]}}, {"type": "Feature", "properties": {"record_id": "658a374c1a5d268c", "table": "aid_delivery", "location_raw": "Kathmandu", "location_ne": "", "admin_level": "municipality", "district": "Kathmandu", "province": "Bagmati", "geo_basis": "text_explicit", "as_of": "2026-08-30", "as_of_basis": "stated", "first_reported": "2026-08-30", "last_reported": "2026-08-30", "confidence": "high", "confidence_note": "Cumulative total, source is India's Ministry of External Affairs.", "density": "1", "effective_sources": "1", "independent_origins": "1", "origin": "self:India (Government of India)", "origin_note": "single outlet", "corroboration": "single_source", "evidence_quote": "India said it has so far airlifted a total of 68.5 tonnes of relief supplies to Kathmandu during the disaster.", "evidence_quote_en": "", "temporal_contamination_flag": "False", "actor": "India (Government of India)", "actor_type": "government", "commodity": "other", "quantity": "68.5", "unit": "tonnes", "beneficiaries": "", "target_group": "", "self_reported": "True", "source_outlets": "OnlineKhabar English News", "source_outlet_count": 1, "entity_key": "India (Government of India)|other|Kathmandu", "geo_resolution": "palika", "geo_statement": "Located to Kathmandu local unit in Kathmandu district — anchored to the unit, not an exact site", "geo_match_name": null, "geo_match_osm_id": null, "geo_anchor_id": "92635248B69748389600023", "geo_anchor_name": "Kathmandu"}, "geometry": {"type": "Point", "coordinates": [85.32732598855569, 27.708680269500327]}}, {"type": "Feature", "properties": {"record_id": "c800ebaa9107ca8d", "table": "aid_delivery", "location_raw": "Kathmandu", "location_ne": "", "admin_level": "municipality", "district": "Kathmandu", "province": "Bagmati", "geo_basis": "text_explicit", "as_of": "2026-08-30", "as_of_basis": "stated", "first_reported": "2026-08-30", "last_reported": "2026-08-30", "confidence": "high", "confidence_note": "Delivered via two military aircraft to Tribhuvan International Airport, Kathmandu; source is Chinese Embassy.", "density": "1", "effective_sources": "1", "independent_origins": "1", "origin": "self:China (Chinese Embassy / Ministry of Emergency Management)", "origin_note": "single outlet", "corroboration": "single_source", "evidence_quote": "China has sent 50 tonnes of emergency relief supplies to Nepal to support rescue and relief efforts following the devastating flood in the Bhotekoshi and Trishuli river systems.", "evidence_quote_en": "", "temporal_contamination_flag": "False", "actor": "China (Chinese Embassy / Ministry of Emergency Management)", "actor_type": "government", "commodity": "other", "quantity": "50.0", "unit": "tonnes", "beneficiaries": "", "target_group": "", "self_reported": "True", "source_outlets": "The Kathmandu Post", "source_outlet_count": 1, "entity_key": "China (Chinese Embassy / Ministry of Emergency Management)|other|Kathmandu", "geo_resolution": "palika", "geo_statement": "Located to Kathmandu local unit in Kathmandu district — anchored to the unit, not an exact site", "geo_match_name": null, "geo_match_osm_id": null, "geo_anchor_id": "92635248B69748389600023", "geo_anchor_name": "Kathmandu"}, "geometry": {"type": "Point", "coordinates": [85.32732598855569, 27.708680269500327]}}, {"type": "Feature", "properties": {"record_id": "3e6061e7c231301d", "table": "aid_delivery", "location_raw": "काठमांडू", "location_ne": "", "admin_level": "settlement", "district": "Kathmandu", "province": "Bagmati", "geo_basis": "text_explicit", "as_of": "2026-08-30", "as_of_basis": "article_date", "first_reported": "2026-08-30", "last_reported": "2026-08-30", "confidence": "high", "confidence_note": "Stated by Indian ambassador; arrival point named.", "density": "1", "effective_sources": "1", "independent_origins": "1", "origin": "self:भारत सरकार", "origin_note": "single outlet", "corroboration": "single_source", "evidence_quote": "भारत से चौथी उड़ान काठमांडू पहुंची, जिसमें 11 टन राहत सामग्री थी - जैसे कंबल, स्लीपिंग बैग, तिरपाल, प्लास्टिक शीट और हाइजीन किट।", "evidence_quote_en": "", "temporal_contamination_flag": "False", "actor": "भारत सरकार", "actor_type": "government", "commodity": "shelter_NFI", "quantity": "11.0", "unit": "tons", "beneficiaries": "", "target_group": "", "self_reported": "True", "source_outlets": "republicbharat.com", "source_outlet_count": 1, "entity_key": "भारत सरकार|shelter_NFI|Kathmandu", "geo_resolution": "district", "geo_statement": "Located to Kathmandu district only — the source names a place we could not resolve", "geo_match_name": null, "geo_match_osm_id": null, "geo_anchor_id": "79688334B75108943206003", "geo_anchor_name": "Kathmandu"}, "geometry": {"type": "Point", "coordinates": [85.26981408551208, 27.69905151590865]}}, {"type": "Feature", "properties": {"record_id": "9cdbd6f6ea30c8c7", "table": "aid_delivery", "location_raw": "काठमांडू", "location_ne": "", "admin_level": "settlement", "district": "Kathmandu", "province": "Bagmati", "geo_basis": "text_explicit", "as_of": "2026-08-30", "as_of_basis": "article_date", "first_reported": "2026-08-30", "last_reported": "2026-08-30", "confidence": "high", "confidence_note": "Indian ambassador statement.", "density": "2", "effective_sources": "2", "independent_origins": "1", "origin": "self:भारत", "origin_note": "2 outlets carrying self:भारत's figure", "corroboration": "independent", "evidence_quote": "भारत से राहत सामग्री की चौथी विशेष उड़ान काठमांडू पहुंच चुकी है। इस खेप में 11 टन आवश्यक सामग्री शामिल है", "evidence_quote_en": "", "temporal_contamination_flag": "False", "actor": "भारत", "actor_type": "government", "commodity": "shelter_NFI", "quantity": "11.0", "unit": "tons", "beneficiaries": "", "target_group": "", "self_reported": "True", "source_outlets": "UPUKLive; Navbharat Times", "source_outlet_count": 2, "entity_key": "भारत|shelter_NFI|Kathmandu", "geo_resolution": "district", "geo_statement": "Located to Kathmandu district only — the source names a place we could not resolve", "geo_match_name": null, "geo_match_osm_id": null, "geo_anchor_id": "79688334B75108943206003", "geo_anchor_name": "Kathmandu"}, "geometry": {"type": "Point", "coordinates": [85.26981408551208, 27.69905151590865]}}, {"type": "Feature", "properties": {"record_id": "fdd0f0c8c66f8cb6", "table": "aid_delivery", "location_raw": "Tribhuvan International Airport, Kathmandu", "location_ne": "", "admin_level": "settlement", "district": "Kathmandu", "province": "Bagmati", "geo_basis": "text_explicit", "as_of": "2026-08-30", "as_of_basis": "stated", "first_reported": "2026-08-30", "last_reported": "2026-08-30", "confidence": "high", "confidence_note": "Named airport and arrival time.", "density": "1", "effective_sources": "1", "independent_origins": "1", "origin": "media_own", "origin_note": "single outlet", "corroboration": "single_source", "evidence_quote": "Two Chinese Air Force Y-20 military cargo planes landed at Tribhuvan International Airport on Sunday morning carrying 13,200 pieces of essential relief supplies for victims of the devastating Bhotekoshi and Trishuli river floods in Rasuwa.", "evidence_quote_en": "", "temporal_contamination_flag": "False", "actor": "China (Chinese Air Force)", "actor_type": "government", "commodity": "shelter_NFI", "quantity": "13200.0", "unit": "pieces", "beneficiaries": "", "target_group": "", "self_reported": "False", "source_outlets": "Nepal News", "source_outlet_count": 1, "entity_key": "China (Chinese Air Force)|shelter_NFI|Kathmandu", "geo_resolution": "point", "geo_statement": "Matched \"Tribhuvan International Airport\" to a named OSM facilitie in Kathmandu", "geo_match_name": "त्रिभुवन अन्तर्राष्ट्रिय विमानस्थल", "geo_match_osm_id": "way/118505122", "geo_anchor_id": null, "geo_anchor_name": null}, "geometry": {"type": "Point", "coordinates": [85.3591384, 27.6937065]}}, {"type": "Feature", "properties": {"record_id": "e8163a1b077074d0", "table": "aid_delivery", "location_raw": "काठमांडू", "location_ne": "काठमांडू", "admin_level": "municipality", "district": "Kathmandu", "province": "Bagmati", "geo_basis": "text_explicit", "as_of": "2026-08-30", "as_of_basis": "article_date", "first_reported": "2026-08-30", "last_reported": "2026-08-30", "confidence": "high", "confidence_note": "Kathmandu named explicitly as delivery point; cumulative total per Foreign Minister's statement (self-reported by donor).", "density": "1", "effective_sources": "1", "independent_origins": "1", "origin": "self:Government of India", "origin_note": "single outlet", "corroboration": "single_source", "evidence_quote": "जयशंकर के मुताबिक, अब तक कुल 68.5 टन राहत सामग्री काठमांडू पहुंचाई जा चुकी है", "evidence_quote_en": "According to Jaishankar, a cumulative total of 68.5 tonnes of relief material has been delivered to Kathmandu so far.", "temporal_contamination_flag": "False", "actor": "Government of India", "actor_type": "government", "commodity": "other", "quantity": "68.5", "unit": "tonne", "beneficiaries": "", "target_group": "", "self_reported": "True", "source_outlets": "ABP News", "source_outlet_count": 1, "entity_key": "Government of India|other|Kathmandu", "geo_resolution": "district", "geo_statement": "Located to Kathmandu district only — the source names a place we could not resolve", "geo_match_name": null, "geo_match_osm_id": null, "geo_anchor_id": "79688334B75108943206003", "geo_anchor_name": "Kathmandu"}, "geometry": {"type": "Point", "coordinates": [85.26981408551208, 27.69905151590865]}}, {"type": "Feature", "properties": {"record_id": "576a5fc143684481", "table": "aid_delivery", "location_raw": "Kathmandu", "location_ne": "", "admin_level": "settlement", "district": "Kathmandu", "province": "Bagmati", "geo_basis": "text_explicit", "as_of": "2026-08-30", "as_of_basis": "stated", "first_reported": "2026-08-30", "last_reported": "2026-08-30", "confidence": "high", "confidence_note": "", "density": "1", "effective_sources": "1", "independent_origins": "1", "origin": "media_own", "origin_note": "single outlet", "corroboration": "single_source", "evidence_quote": "Chinese Ambassador to Nepal Zhang Maoming handed over a cheque for $2 million, equivalent to around Rs 305 million, to Finance Minister Dr Swarnim Wagle at the Ministry of Finance on Sunday.", "evidence_quote_en": "", "temporal_contamination_flag": "", "actor": "Government of China", "actor_type": "government", "commodity": "cash", "quantity": "2.0", "unit": "USD_million", "beneficiaries": "", "target_group": "", "self_reported": "False", "source_outlets": "myRepublica", "source_outlet_count": 1, "entity_key": "Government of China|cash|Kathmandu", "geo_resolution": "palika", "geo_statement": "Located to Kathmandu local unit in Kathmandu district — anchored to the unit, not an exact site", "geo_match_name": null, "geo_match_osm_id": null, "geo_anchor_id": "92635248B69748389600023", "geo_anchor_name": "Kathmandu"}, "geometry": {"type": "Point", "coordinates": [85.32732598855569, 27.708680269500327]}}, {"type": "Feature", "properties": {"record_id": "178c97d50c595b07", "table": "aid_delivery", "location_raw": "Kathmandu", "location_ne": "", "admin_level": "settlement", "district": "Kathmandu", "province": "Bagmati", "geo_basis": "text_explicit", "as_of": "2026-08-30", "as_of_basis": "stated", "first_reported": "2026-08-30", "last_reported": "2026-08-30", "confidence": "high", "confidence_note": "", "density": "1", "effective_sources": "1", "independent_origins": "1", "origin": "media_own", "origin_note": "single outlet", "corroboration": "single_source", "evidence_quote": "The ambassador also handed over $200,000, equivalent to around Rs 30.6 million, provided by the Red Cross Society of China.", "evidence_quote_en": "", "temporal_contamination_flag": "", "actor": "Red Cross Society of China", "actor_type": "INGO", "commodity": "cash", "quantity": "200000.0", "unit": "USD", "beneficiaries": "", "target_group": "", "self_reported": "False", "source_outlets": "myRepublica", "source_outlet_count": 1, "entity_key": "Red Cross Society of China|cash|Kathmandu", "geo_resolution": "palika", "geo_statement": "Located to Kathmandu local unit in Kathmandu district — anchored to the unit, not an exact site", "geo_match_name": null, "geo_match_osm_id": null, "geo_anchor_id": "92635248B69748389600023", "geo_anchor_name": "Kathmandu"}, "geometry": {"type": "Point", "coordinates": [85.32732598855569, 27.708680269500327]}}, {"type": "Feature", "properties": {"record_id": "5aab7f7e014eb71d", "table": "aid_delivery", "location_raw": "Kathmandu", "location_ne": "", "admin_level": "settlement", "district": "Kathmandu", "province": "Bagmati", "geo_basis": "text_explicit", "as_of": "2026-08-30", "as_of_basis": "stated", "first_reported": "2026-08-30", "last_reported": "2026-08-30", "confidence": "high", "confidence_note": "13,200 items / 50 tonnes, mixed commodities (tents, blankets, sleeping bags, hardtack, first-aid kits).", "density": "1", "effective_sources": "1", "independent_origins": "1", "origin": "media_own", "origin_note": "single outlet", "corroboration": "single_source", "evidence_quote": "The aircraft landed at around 7 am local time, bringing 13,200 items of emergency relief materials weighing around 50 tonnes. The supplies include tents, blankets, sleeping bags, hardtack and first-aid kits.", "evidence_quote_en": "", "temporal_contamination_flag": "", "actor": "Government of China (PLA Air Force)", "actor_type": "government", "commodity": "other", "quantity": "50.0", "unit": "tonnes", "beneficiaries": "", "target_group": "", "self_reported": "", "source_outlets": "myRepublica", "source_outlet_count": 1, "entity_key": "Government of China (PLA Air Force)|other|Kathmandu", "geo_resolution": "palika", "geo_statement": "Located to Kathmandu local unit in Kathmandu district — anchored to the unit, not an exact site", "geo_match_name": null, "geo_match_osm_id": null, "geo_anchor_id": "92635248B69748389600023", "geo_anchor_name": "Kathmandu"}, "geometry": {"type": "Point", "coordinates": [85.32732598855569, 27.708680269500327]}}, {"type": "Feature", "properties": {"record_id": "8c2ed5c894e02c82", "table": "aid_delivery", "location_raw": "Kathmandu", "location_ne": "", "admin_level": "settlement", "district": "Kathmandu", "province": "Bagmati", "geo_basis": "text_explicit", "as_of": "2026-08-30", "as_of_basis": "stated", "first_reported": "2026-08-30", "last_reported": "2026-08-30", "confidence": "high", "confidence_note": "", "density": "1", "effective_sources": "1", "independent_origins": "1", "origin": "media_own", "origin_note": "single outlet", "corroboration": "single_source", "evidence_quote": "Four Chinese tunnel rescue experts also arrived in Kathmandu along with rescue equipment to assist in emergency response efforts.", "evidence_quote_en": "", "temporal_contamination_flag": "", "actor": "Government of China", "actor_type": "government", "commodity": "rescue", "quantity": "4.0", "unit": "people", "beneficiaries": "", "target_group": "workers", "self_reported": "", "source_outlets": "myRepublica", "source_outlet_count": 1, "entity_key": "Government of China|rescue|Kathmandu", "geo_resolution": "palika", "geo_statement": "Located to Kathmandu local unit in Kathmandu district — anchored to the unit, not an exact site", "geo_match_name": null, "geo_match_osm_id": null, "geo_anchor_id": "92635248B69748389600023", "geo_anchor_name": "Kathmandu"}, "geometry": {"type": "Point", "coordinates": [85.32732598855569, 27.708680269500327]}}, {"type": "Feature", "properties": {"record_id": "9a7a4859348eb1b8", "table": "aid_delivery", "location_raw": "Kathmandu", "location_ne": "", "admin_level": "district", "district": "Kathmandu", "province": "Bagmati", "geo_basis": "text_explicit", "as_of": "2026-08-30", "as_of_basis": "stated", "first_reported": "2026-08-31", "last_reported": "2026-08-31", "confidence": "high", "confidence_note": "Team and location explicitly named.", "density": "2", "effective_sources": "2", "independent_origins": "1", "origin": "self:India", "origin_note": "2 outlets carrying self:India's figure", "corroboration": "independent", "evidence_quote": "A 19-member specialised forensics team from India began work in Kathmandu on Sunday to help analyse DNA samples and identify victims' remains.", "evidence_quote_en": "", "temporal_contamination_flag": "False", "actor": "India", "actor_type": "government", "commodity": "other", "quantity": "19.0", "unit": "person", "beneficiaries": "", "target_group": "forensic identification support", "self_reported": "True", "source_outlets": "The New Indian Express; Firstpost", "source_outlet_count": 2, "entity_key": "India|other|Kathmandu", "geo_resolution": "district", "geo_statement": "Located to Kathmandu district only", "geo_match_name": null, "geo_match_osm_id": null, "geo_anchor_id": "79688334B75108943206003", "geo_anchor_name": "Kathmandu"}, "geometry": {"type": "Point", "coordinates": [85.26981408551208, 27.69905151590865]}}, {"type": "Feature", "properties": {"record_id": "3db0def88b05db3a", "table": "aid_delivery", "location_raw": "Kathmandu", "location_ne": "", "admin_level": "settlement", "district": "Kathmandu", "province": "Bagmati", "geo_basis": "text_explicit", "as_of": "2026-08-30", "as_of_basis": "inferred_from_text", "first_reported": "2026-08-31", "last_reported": "2026-08-31", "confidence": "high", "confidence_note": "4th relief flight, quantified and dated.", "density": "2", "effective_sources": "2", "independent_origins": "1", "origin": "self:Government of India", "origin_note": "2 outlets carrying self:Government of India's figure", "corroboration": "independent", "evidence_quote": "The 4th flight carrying 11 tonnes of relief assistance has landed in Kathmandu, and relief material has been handed over to Nepal government.", "evidence_quote_en": "", "temporal_contamination_flag": "", "actor": "Government of India", "actor_type": "government", "commodity": "other", "quantity": "11.0", "unit": "tonnes", "beneficiaries": "", "target_group": "", "self_reported": "True", "source_outlets": "The Indian Awaaz; Mid-Day", "source_outlet_count": 2, "entity_key": "Government of India|other|Kathmandu", "geo_resolution": "palika", "geo_statement": "Located to Kathmandu local unit in Kathmandu district — anchored to the unit, not an exact site", "geo_match_name": null, "geo_match_osm_id": null, "geo_anchor_id": "92635248B69748389600023", "geo_anchor_name": "Kathmandu"}, "geometry": {"type": "Point", "coordinates": [85.32732598855569, 27.708680269500327]}}, {"type": "Feature", "properties": {"record_id": "e06d48d4a3afe258", "table": "aid_delivery", "location_raw": "Kathmandu", "location_ne": "", "admin_level": "settlement", "district": "Kathmandu", "province": "Bagmati", "geo_basis": "text_explicit", "as_of": "2026-08-30", "as_of_basis": "stated", "first_reported": "2026-08-31", "last_reported": "2026-08-31", "confidence": "high", "confidence_note": "Team confirmed to have begun work Sunday; completed dispatch, not a pledge.", "density": "1", "effective_sources": "1", "independent_origins": "1", "origin": "media_own", "origin_note": "single outlet", "corroboration": "single_source", "evidence_quote": "India has sent a 19-member specialised forensics team to Kathmandu to help Nepal identify victims whose mortal remains have been recovered.", "evidence_quote_en": "", "temporal_contamination_flag": "False", "actor": "India (Ministry of External Affairs)", "actor_type": "government", "commodity": "medical", "quantity": "19.0", "unit": "personnel", "beneficiaries": "", "target_group": "general", "self_reported": "False", "source_outlets": "Oneindia", "source_outlet_count": 1, "entity_key": "India (Ministry of External Affairs)|medical|Kathmandu", "geo_resolution": "palika", "geo_statement": "Located to Kathmandu local unit in Kathmandu district — anchored to the unit, not an exact site", "geo_match_name": null, "geo_match_osm_id": null, "geo_anchor_id": "92635248B69748389600023", "geo_anchor_name": "Kathmandu"}, "geometry": {"type": "Point", "coordinates": [85.32732598855569, 27.708680269500327]}}, {"type": "Feature", "properties": {"record_id": "f853dfe048c1bff9", "table": "aid_delivery", "location_raw": "काठमाडौं", "location_ne": "", "admin_level": "municipality", "district": "Kathmandu", "province": "Bagmati", "geo_basis": "text_explicit", "as_of": "2026-08-30", "as_of_basis": "inferred_from_text", "first_reported": "2026-08-31", "last_reported": "2026-08-31", "confidence": "high", "confidence_note": "Completed handover to Government of Nepal in Kathmandu.", "density": "1", "effective_sources": "1", "independent_origins": "1", "origin": "self:Government of India", "origin_note": "single outlet", "corroboration": "single_source", "evidence_quote": "11 टन राहत सामग्री लेकर चौथी उड़ान काठमांडू पहुंच गई है, जिसे नेपाल सरकार को सौंप दिया गया है।", "evidence_quote_en": "A fourth flight carrying 11 tonnes of relief material reached Kathmandu and was handed over to the Government of Nepal.", "temporal_contamination_flag": "False", "actor": "Government of India", "actor_type": "government", "commodity": "other", "quantity": "11.0", "unit": "tonnes", "beneficiaries": "", "target_group": "flood-affected", "self_reported": "True", "source_outlets": "The Indian Awaaz", "source_outlet_count": 1, "entity_key": "Government of India|other|Kathmandu", "geo_resolution": "point", "geo_statement": "Matched \"काठमाडौं\" to a named OSM place in Kathmandu", "geo_match_name": "काठमाडौं", "geo_match_osm_id": "node/67157058", "geo_anchor_id": null, "geo_anchor_name": null}, "geometry": {"type": "Point", "coordinates": [85.3205817, 27.708317]}}, {"type": "Feature", "properties": {"record_id": "4dcff885e4317dfb", "table": "aid_delivery", "location_raw": "काठमांडू (अनुमानित)", "location_ne": "", "admin_level": "settlement", "district": "Kathmandu", "province": "Bagmati", "geo_basis": "text_adjacent", "as_of": "2026-08-30", "as_of_basis": "article_date", "first_reported": "2026-08-30", "last_reported": "2026-08-30", "confidence": "medium", "confidence_note": "A preceding sentence names Kathmandu as the destination for Indian Air Force flights; this specific quote doesn't restate it.", "density": "1", "effective_sources": "1", "independent_origins": "1", "origin": "self:भारतीय वायुसेना / भारत सरकार", "origin_note": "single outlet", "corroboration": "single_source", "evidence_quote": "अब तक चार उड़ानों में करीब 68.5 टन राहत सामग्री पहुंच चुकी है।", "evidence_quote_en": "So far, around 68.5 tonnes of relief material has arrived across four flights.", "temporal_contamination_flag": "False", "actor": "भारतीय वायुसेना / भारत सरकार", "actor_type": "government", "commodity": "other", "quantity": "68.5", "unit": "tons", "beneficiaries": "", "target_group": "", "self_reported": "True", "source_outlets": "Jagran", "source_outlet_count": 1, "entity_key": "भारतीय वायुसेना / भारत सरकार|other|Kathmandu", "geo_resolution": "district", "geo_statement": "Located to Kathmandu district only — the source names a place we could not resolve", "geo_match_name": null, "geo_match_osm_id": null, "geo_anchor_id": "79688334B75108943206003", "geo_anchor_name": "Kathmandu"}, "geometry": {"type": "Point", "coordinates": [85.26981408551208, 27.69905151590865]}}, {"type": "Feature", "properties": {"record_id": "c5bd659a624d8334", "table": "aid_delivery", "location_raw": "Ministry of Finance, Kathmandu", "location_ne": "", "admin_level": "settlement", "district": "Kathmandu", "province": "Bagmati", "geo_basis": "text_explicit", "as_of": "2026-08-30", "as_of_basis": "stated", "first_reported": "2026-08-30", "last_reported": "2026-08-30", "confidence": "high", "confidence_note": "Handover location (Ministry of Finance, Kathmandu) and date (Sunday) explicit.", "density": "1", "effective_sources": "1", "independent_origins": "1", "origin": "media_own", "origin_note": "single outlet", "corroboration": "single_source", "evidence_quote": "The Chinese government has provided $2 million, equivalent to more than Rs 300 million, in cash assistance to support relief and rescue efforts for people affected by floods and landslides in Nepal.", "evidence_quote_en": "", "temporal_contamination_flag": "False", "actor": "Chinese government", "actor_type": "government", "commodity": "cash", "quantity": "2000000.0", "unit": "USD", "beneficiaries": "", "target_group": "Government of Nepal", "self_reported": "False", "source_outlets": "Khabarhub", "source_outlet_count": 1, "entity_key": "Chinese government|cash|Kathmandu", "geo_resolution": "palika", "geo_statement": "Located to Kathmandu local unit in Kathmandu district — anchored to the unit, not an exact site", "geo_match_name": null, "geo_match_osm_id": null, "geo_anchor_id": "92635248B69748389600023", "geo_anchor_name": "Kathmandu"}, "geometry": {"type": "Point", "coordinates": [85.32732598855569, 27.708680269500327]}}, {"type": "Feature", "properties": {"record_id": "85d10b400ac98d9f", "table": "aid_delivery", "location_raw": "Ministry of Finance, Kathmandu", "location_ne": "", "admin_level": "settlement", "district": "Kathmandu", "province": "Bagmati", "geo_basis": "text_explicit", "as_of": "2026-08-30", "as_of_basis": "stated", "first_reported": "2026-08-30", "last_reported": "2026-08-30", "confidence": "high", "confidence_note": "Same handover ceremony, Kathmandu.", "density": "1", "effective_sources": "1", "independent_origins": "1", "origin": "media_own", "origin_note": "single outlet", "corroboration": "single_source", "evidence_quote": "The ambassador also handed over an additional $200,000, equivalent to around Rs 30.6 million, in cash assistance provided by the Red Cross Society of China.", "evidence_quote_en": "", "temporal_contamination_flag": "False", "actor": "Red Cross Society of China", "actor_type": "INGO", "commodity": "cash", "quantity": "200000.0", "unit": "USD", "beneficiaries": "", "target_group": "Government of Nepal", "self_reported": "False", "source_outlets": "Khabarhub", "source_outlet_count": 1, "entity_key": "Red Cross Society of China|cash|Kathmandu", "geo_resolution": "palika", "geo_statement": "Located to Kathmandu local unit in Kathmandu district — anchored to the unit, not an exact site", "geo_match_name": null, "geo_match_osm_id": null, "geo_anchor_id": "92635248B69748389600023", "geo_anchor_name": "Kathmandu"}, "geometry": {"type": "Point", "coordinates": [85.32732598855569, 27.708680269500327]}}, {"type": "Feature", "properties": {"record_id": "83594218f0fd9142", "table": "aid_delivery", "location_raw": "Kathmandu", "location_ne": "", "admin_level": "settlement", "district": "Kathmandu", "province": "Bagmati", "geo_basis": "text_explicit", "as_of": "2026-08-30", "as_of_basis": "stated", "first_reported": "2026-08-30", "last_reported": "2026-08-30", "confidence": "high", "confidence_note": "Kathmandu and date explicit; mixed commodity load (NFI/medical/food) so commodity set to other.", "density": "1", "effective_sources": "1", "independent_origins": "1", "origin": "media_own", "origin_note": "single outlet", "corroboration": "single_source", "evidence_quote": "Two Chinese aircraft brought 50 tonnes of relief supplies to Kathmandu on Sunday, including tents, blankets, sleeping bags, medical kits and biscuits.", "evidence_quote_en": "", "temporal_contamination_flag": "False", "actor": "Chinese government", "actor_type": "government", "commodity": "other", "quantity": "50.0", "unit": "tonnes", "beneficiaries": "", "target_group": "", "self_reported": "False", "source_outlets": "Khabarhub", "source_outlet_count": 1, "entity_key": "Chinese government|other|Kathmandu", "geo_resolution": "palika", "geo_statement": "Located to Kathmandu local unit in Kathmandu district — anchored to the unit, not an exact site", "geo_match_name": null, "geo_match_osm_id": null, "geo_anchor_id": "92635248B69748389600023", "geo_anchor_name": "Kathmandu"}, "geometry": {"type": "Point", "coordinates": [85.32732598855569, 27.708680269500327]}}, {"type": "Feature", "properties": {"record_id": "05e5f48b6df52148", "table": "aid_delivery", "location_raw": "काठमांडू (अनुमानित)", "location_ne": "", "admin_level": "settlement", "district": "Kathmandu", "province": "Bagmati", "geo_basis": "text_adjacent", "as_of": "2026-08-30", "as_of_basis": "inferred_from_text", "first_reported": "2026-08-31", "last_reported": "2026-08-31", "confidence": "medium", "confidence_note": "Kathmandu is named in the adjacent sentence about the forensic team's flight; this specific sentence just says 'reached Nepal.'", "density": "1", "effective_sources": "1", "independent_origins": "1", "origin": "self:भारतीय विदेश मंत्रालय / भारत सरकार", "origin_note": "single outlet", "corroboration": "single_source", "evidence_quote": "भारतीय विदेश मंत्रालय ने कहा कि 11 टन राहत सामग्री लेकर चौथी उड़ान नेपाल पहुंच गई है।", "evidence_quote_en": "The Indian Ministry of External Affairs said the fourth flight carrying 11 tonnes of relief material has reached Nepal.", "temporal_contamination_flag": "False", "actor": "भारतीय विदेश मंत्रालय / भारत सरकार", "actor_type": "government", "commodity": "other", "quantity": "11.0", "unit": "tons", "beneficiaries": "", "target_group": "", "self_reported": "True", "source_outlets": "DD News", "source_outlet_count": 1, "entity_key": "भारतीय विदेश मंत्रालय / भारत सरकार|other|Kathmandu", "geo_resolution": "district", "geo_statement": "Located to Kathmandu district only — the source names a place we could not resolve", "geo_match_name": null, "geo_match_osm_id": null, "geo_anchor_id": "79688334B75108943206003", "geo_anchor_name": "Kathmandu"}, "geometry": {"type": "Point", "coordinates": [85.26981408551208, 27.69905151590865]}}, {"type": "Feature", "properties": {"record_id": "9c2ae1bf7e00b6c3", "table": "aid_delivery", "location_raw": "काठमांडू", "location_ne": "", "admin_level": "settlement", "district": "Kathmandu", "province": "Bagmati", "geo_basis": "text_explicit", "as_of": "2026-08-30", "as_of_basis": "inferred_from_text", "first_reported": "2026-08-31", "last_reported": "2026-08-31", "confidence": "high", "confidence_note": "Kathmandu named explicitly as arrival point.", "density": "1", "effective_sources": "1", "independent_origins": "1", "origin": "self:भारत सरकार (फोरेंसिक टीम एवं टनल टेक्निकल टीम)", "origin_note": "single outlet", "corroboration": "single_source", "evidence_quote": "फोरेंसिक टीम चौथी भारतीय राहत उड़ान से काठमांडू पहुंची। इस उड़ान में जरूरी राहत सामग्री के साथ-साथ आपदा राहत कार्यों में मदद के लिए खास तकनीकी कर्मचारी और उपकरण भी लाए गए थे।", "evidence_quote_en": "The forensic team arrived in Kathmandu on the fourth Indian relief flight. Along with essential relief material, this flight also brought specialised technical personnel and equipment to help with disaster relief work.", "temporal_contamination_flag": "False", "actor": "भारत सरकार (फोरेंसिक टीम एवं टनल टेक्निकल टीम)", "actor_type": "government", "commodity": "rescue", "quantity": "", "unit": "", "beneficiaries": "", "target_group": "", "self_reported": "True", "source_outlets": "DD News", "source_outlet_count": 1, "entity_key": "भारत सरकार (फोरेंसिक टीम एवं टनल टेक्निकल टीम)|rescue|Kathmandu", "geo_resolution": "district", "geo_statement": "Located to Kathmandu district only — the source names a place we could not resolve", "geo_match_name": null, "geo_match_osm_id": null, "geo_anchor_id": "79688334B75108943206003", "geo_anchor_name": "Kathmandu"}, "geometry": {"type": "Point", "coordinates": [85.26981408551208, 27.69905151590865]}}, {"type": "Feature", "properties": {"record_id": "e6a4162d910e1c3c", "table": "aid_delivery", "location_raw": "नेपाल पुलिस केन्द्रीय फोरेंसिक विज्ञान प्रयोगशाला, त्रिभुवन विश्वविद्यालय शिक्षण अस्पताल, काठमांडू", "location_ne": "", "admin_level": "settlement", "district": "Kathmandu", "province": "Bagmati", "geo_basis": "text_explicit", "as_of": "2026-08-30", "as_of_basis": "stated", "first_reported": "2026-08-31", "last_reported": "2026-08-31", "confidence": "high", "confidence_note": "Both meeting venues named explicitly, both in Kathmandu.", "density": "1", "effective_sources": "1", "independent_origins": "1", "origin": "self:भारतीय फॉरेंसिक टीम", "origin_note": "single outlet", "corroboration": "single_source", "evidence_quote": "भारत से पहुंचे फॉरेंसिक एक्सपर्ट्स ने नेपाल पुलिस की केंद्रीय फॉरेंसिक विज्ञान प्रयोगशाला और त्रिभुवन यूनिवर्सिटी टीचिंग हॉस्पिटल में नेपाली विशेषज्ञों के साथ बैठक की है.", "evidence_quote_en": "Forensic experts who arrived from India met with Nepali experts at Nepal Police's Central Forensic Science Laboratory and Tribhuvan University Teaching Hospital.", "temporal_contamination_flag": "False", "actor": "भारतीय फॉरेंसिक टीम", "actor_type": "government", "commodity": "other", "quantity": "", "unit": "", "beneficiaries": "", "target_group": "", "self_reported": "True", "source_outlets": "ndtv.in", "source_outlet_count": 1, "entity_key": "भारतीय फॉरेंसिक टीम|other|Kathmandu", "geo_resolution": "district", "geo_statement": "Located to Kathmandu district only — the source names a place we could not resolve", "geo_match_name": null, "geo_match_osm_id": null, "geo_anchor_id": "79688334B75108943206003", "geo_anchor_name": "Kathmandu"}, "geometry": {"type": "Point", "coordinates": [85.26981408551208, 27.69905151590865]}}, {"type": "Feature", "properties": {"record_id": "e00c398af8d460d0", "table": "aid_delivery", "location_raw": "काठमांडू", "location_ne": "", "admin_level": "settlement", "district": "Kathmandu", "province": "Bagmati", "geo_basis": "text_explicit", "as_of": "2026-08-30", "as_of_basis": "stated", "first_reported": "2026-08-31", "last_reported": "2026-08-31", "confidence": "high", "confidence_note": "Kathmandu and quantity both explicit.", "density": "1", "effective_sources": "1", "independent_origins": "1", "origin": "self:भारत सरकार", "origin_note": "single outlet", "corroboration": "single_source", "evidence_quote": "नेपाल में राहत अभियान को और मजबूती देने के लिए भारत की चौथी राहत उड़ान भी काठमांडू पहुंची. इस उड़ान में करीब 11 टन राहत सामग्री भेजी गई, जिसमें कंबल, स्लीपिंग बैग, तिरपाल, प्लास्टिक शीट और स्वच्छता किट शामिल हैं.", "evidence_quote_en": "To further strengthen the relief operation in Nepal, India's fourth relief flight also reached Kathmandu. This flight carried around 11 tonnes of relief material, including blankets, sleeping bags, tarpaulins, plastic sheets and hygiene kits.", "temporal_contamination_flag": "False", "actor": "भारत सरकार", "actor_type": "government", "commodity": "other", "quantity": "11.0", "unit": "tons", "beneficiaries": "", "target_group": "", "self_reported": "True", "source_outlets": "ndtv.in", "source_outlet_count": 1, "entity_key": "भारत सरकार|other|Kathmandu", "geo_resolution": "district", "geo_statement": "Located to Kathmandu district only — the source names a place we could not resolve", "geo_match_name": null, "geo_match_osm_id": null, "geo_anchor_id": "79688334B75108943206003", "geo_anchor_name": "Kathmandu"}, "geometry": {"type": "Point", "coordinates": [85.26981408551208, 27.69905151590865]}}, {"type": "Feature", "properties": {"record_id": "b7338d26322dc8d7", "table": "aid_delivery", "location_raw": "Kathmandu", "location_ne": "", "admin_level": "settlement", "district": "Kathmandu", "province": "Bagmati", "geo_basis": "text_explicit", "as_of": "2026-08-31", "as_of_basis": "article_date", "first_reported": "2026-08-31", "last_reported": "2026-08-31", "confidence": "high", "confidence_note": "Indian forensic team deployed to Kathmandu.", "density": "1", "effective_sources": "1", "independent_origins": "1", "origin": "self:Government of India", "origin_note": "single outlet", "corroboration": "single_source", "evidence_quote": "A 19-member specialised forensic team has begun work in Kathmandu, helping analyse DNA samples and identify victims.", "evidence_quote_en": "", "temporal_contamination_flag": "", "actor": "Government of India", "actor_type": "government", "commodity": "other", "quantity": "19.0", "unit": "people", "beneficiaries": "", "target_group": "", "self_reported": "True", "source_outlets": "Latest news from Azerbaijan", "source_outlet_count": 1, "entity_key": "Government of India|other|Kathmandu", "geo_resolution": "palika", "geo_statement": "Located to Kathmandu local unit in Kathmandu district — anchored to the unit, not an exact site", "geo_match_name": null, "geo_match_osm_id": null, "geo_anchor_id": "92635248B69748389600023", "geo_anchor_name": "Kathmandu"}, "geometry": {"type": "Point", "coordinates": [85.32732598855569, 27.708680269500327]}}, {"type": "Feature", "properties": {"record_id": "54d02d4182de3879", "table": "aid_delivery", "location_raw": "Kathmandu", "location_ne": "", "admin_level": "settlement", "district": "Kathmandu", "province": "Bagmati", "geo_basis": "text_explicit", "as_of": "2026-08-31", "as_of_basis": "article_date", "first_reported": "2026-08-31", "last_reported": "2026-08-31", "confidence": "high", "confidence_note": "Kathmandu explicitly named; completed action ('has begun work'), not a pledge.", "density": "1", "effective_sources": "1", "independent_origins": "1", "origin": "media_own", "origin_note": "single outlet", "corroboration": "single_source", "evidence_quote": "A 19-member Indian forensics team has begun work in Kathmandu to help Nepalese authorities identify victims whose remains cannot be identified visually.", "evidence_quote_en": "", "temporal_contamination_flag": "False", "actor": "Indian forensics team", "actor_type": "government", "commodity": "other", "quantity": "19.0", "unit": "personnel", "beneficiaries": "", "target_group": "", "self_reported": "False", "source_outlets": "NDTV Profit", "source_outlet_count": 1, "entity_key": "Indian forensics team|other|Kathmandu", "geo_resolution": "palika", "geo_statement": "Located to Kathmandu local unit in Kathmandu district — anchored to the unit, not an exact site", "geo_match_name": null, "geo_match_osm_id": null, "geo_anchor_id": "92635248B69748389600023", "geo_anchor_name": "Kathmandu"}, "geometry": {"type": "Point", "coordinates": [85.32732598855569, 27.708680269500327]}}, {"type": "Feature", "properties": {"record_id": "9c32cba26c84306e", "table": "aid_delivery", "location_raw": "Kavrepalanchok", "location_ne": "", "admin_level": "district", "district": "Kavrepalanchok", "province": "Bagmati", "geo_basis": "text_explicit", "as_of": "2026-08-27", "as_of_basis": "stated", "first_reported": "2026-08-28", "last_reported": "2026-08-28", "confidence": "high", "confidence_note": "Direct Relief's own account of its supply deployment to a named partner hospital.", "density": "1", "effective_sources": "1", "independent_origins": "1", "origin": "self:Direct Relief", "origin_note": "single outlet", "corroboration": "single_source", "evidence_quote": "Dhulikhel Hospital, a 475-bed facility in Kavrepalanchok east of Kathmandu, deployed medical staff on Thursday equipped with Direct Relief field medic packs and emergency supplies.", "evidence_quote_en": "", "temporal_contamination_flag": "", "actor": "Direct Relief", "actor_type": "INGO", "commodity": "medical", "quantity": "", "unit": "", "beneficiaries": "", "target_group": "patients evacuated from flood-affected communities", "self_reported": "True", "source_outlets": "Direct Relief", "source_outlet_count": 1, "entity_key": "Direct Relief|medical|Kavrepalanchok", "geo_resolution": "district", "geo_statement": "Located to Kabherepalanchok district only", "geo_match_name": null, "geo_match_osm_id": null, "geo_anchor_id": "79688334B6633706619717", "geo_anchor_name": "Kabherepalanchok"}, "geometry": {"type": "Point", "coordinates": [85.60127411023883, 27.54617456460494]}}, {"type": "Feature", "properties": {"record_id": "6ab72d0716775825", "table": "aid_delivery", "location_raw": "Dhulikhel, Kavrepalanchok", "location_ne": "", "admin_level": "municipality", "district": "Kavrepalanchok", "province": "Bagmati", "geo_basis": "text_explicit", "as_of": "2026-08-27", "as_of_basis": "inferred_from_text", "first_reported": "2026-08-28", "last_reported": "2026-08-28", "confidence": "high", "confidence_note": "Explicit location (Dhulikhel, Kavrepalanchok) and date (Thursday = 2026-08-27).", "density": "1", "effective_sources": "1", "independent_origins": "1", "origin": "self:Dhulikhel Hospital", "origin_note": "single outlet", "corroboration": "single_source", "evidence_quote": "Dhulikhel Hospital deployed medical staff Thursday equipped with Direct Relief-provided field medic packs and emergency supplies.", "evidence_quote_en": "", "temporal_contamination_flag": "", "actor": "Dhulikhel Hospital", "actor_type": "national_NGO", "commodity": "medical", "quantity": "", "unit": "", "beneficiaries": "", "target_group": "", "self_reported": "True", "source_outlets": "Direct Relief", "source_outlet_count": 1, "entity_key": "Dhulikhel Hospital|medical|Kavrepalanchok", "geo_resolution": "point", "geo_statement": "Matched \"Dhulikhel\" to a named OSM place in Kabherepalanchok", "geo_match_name": "धुलिखेल", "geo_match_osm_id": "node/1833834697", "geo_anchor_id": null, "geo_anchor_name": null}, "geometry": {"type": "Point", "coordinates": [85.552917, 27.618921]}}, {"type": "Feature", "properties": {"record_id": "d17018fd3b627a69", "table": "aid_delivery", "location_raw": "Bidur, Nuwakot", "location_ne": "", "admin_level": "municipality", "district": "Nuwakot", "province": "Bagmati", "geo_basis": "text_explicit", "as_of": "2026-08-27", "as_of_basis": "stated", "first_reported": "2026-08-30", "last_reported": "2026-08-30", "confidence": "high", "confidence_note": "Explicit day and destination given; Thursday = 27 Aug 2026.", "density": "1", "effective_sources": "1", "independent_origins": "1", "origin": "media_own", "origin_note": "single outlet", "corroboration": "single_source", "evidence_quote": "Around 10 am on Thursday, another Army helicopter arrived and flew them to Bidur.", "evidence_quote_en": "", "temporal_contamination_flag": "", "actor": "Nepali Army", "actor_type": "army", "commodity": "rescue", "quantity": "", "unit": "", "beneficiaries": "", "target_group": "stranded survivors near Timure", "self_reported": "", "source_outlets": "The Times of India", "source_outlet_count": 1, "entity_key": "Nepali Army|rescue|Nuwakot", "geo_resolution": "point", "geo_statement": "Matched \"Bidur\" to a named OSM place in Nuwakot", "geo_match_name": "बिदुर", "geo_match_osm_id": "node/3499801960", "geo_anchor_id": null, "geo_anchor_name": null}, "geometry": {"type": "Point", "coordinates": [85.146446, 27.89526]}}, {"type": "Feature", "properties": {"record_id": "234d0f8d1d207471", "table": "aid_delivery", "location_raw": "Nuwakot (base camp)", "location_ne": "", "admin_level": "district", "district": "Nuwakot", "province": "Bagmati", "geo_basis": "text_explicit", "as_of": "2026-08-28", "as_of_basis": "article_date", "first_reported": "2026-08-28", "last_reported": "2026-08-28", "confidence": "high", "confidence_note": "Base camp district explicitly named (Nuwakot).", "density": "1", "effective_sources": "1", "independent_origins": "1", "origin": "media_own", "origin_note": "single outlet", "corroboration": "single_source", "evidence_quote": "‘सरकारले उद्धारको काम गरिरहेको छ । नुवाकोटलाई बेसक्याम्प बनाएर सेनाको नेतृत्वमा हवाई उद्धारको काम भइरहेको छ, यो सकारात्मक छ ।", "evidence_quote_en": "The government is carrying out rescue work. With Nuwakot made into a base camp, aerial rescue work led by the army is underway; this is positive.", "temporal_contamination_flag": "", "actor": "Nepal Army", "actor_type": "army", "commodity": "rescue", "quantity": "", "unit": "", "beneficiaries": "", "target_group": "", "self_reported": "False", "source_outlets": "Ratopati", "source_outlet_count": 1, "entity_key": "Nepal Army|rescue|Nuwakot", "geo_resolution": "district", "geo_statement": "Located to Nuwakot district only", "geo_match_name": null, "geo_match_osm_id": null, "geo_anchor_id": "79688334B17077666187877", "geo_anchor_name": "Nuwakot"}, "geometry": {"type": "Point", "coordinates": [85.20729652963067, 27.936643231647253]}}, {"type": "Feature", "properties": {"record_id": "f1df533125bb4a90", "table": "aid_delivery", "location_raw": "Nuwakot", "location_ne": "", "admin_level": "district", "district": "Nuwakot", "province": "Bagmati", "geo_basis": "text_explicit", "as_of": "2026-08-28", "as_of_basis": "inferred_from_text", "first_reported": "2026-08-28", "last_reported": "2026-08-29", "confidence": "high", "confidence_note": "District named directly; completed cash release, not a pledge.", "density": "19", "effective_sources": "18", "independent_origins": "18", "origin": "unattributed", "origin_note": "18 outlets, no reporting body named; independence not established", "corroboration": "independent", "evidence_quote": "The Nepalese government also released NPR 10 million each for Rasuwa and Nuwakot and NPR 5 million for Dhading for relief operations.", "evidence_quote_en": "", "temporal_contamination_flag": "False", "actor": "Government of Nepal", "actor_type": "government", "commodity": "cash", "quantity": "10.0", "unit": "NPR_million", "beneficiaries": "", "target_group": "", "self_reported": "False", "source_outlets": "The Tribune; The Statesman; The News Mill; ANI News; Asianet Newsable; Deccan Chronicle; Ratopati; Hindustan Times; NepalNews; LatestLY; Deshsanchar; newsdrum.in; Hindusthan Samachar English; India's News.Net", "source_outlet_count": 19, "entity_key": "Government of Nepal|cash|Nuwakot", "geo_resolution": "district", "geo_statement": "Located to Nuwakot district only", "geo_match_name": null, "geo_match_osm_id": null, "geo_anchor_id": "79688334B17077666187877", "geo_anchor_name": "Nuwakot"}, "geometry": {"type": "Point", "coordinates": [85.20729652963067, 27.936643231647253]}}, {"type": "Feature", "properties": {"record_id": "7cba2766fcd2d20a", "table": "aid_delivery", "location_raw": "Trishuli", "location_ne": "", "admin_level": "district", "district": "Nuwakot", "province": "Bagmati", "geo_basis": "text_explicit", "as_of": "2026-08-28", "as_of_basis": "article_date", "first_reported": "2026-08-28", "last_reported": "2026-08-28", "confidence": "medium", "confidence_note": "", "density": "1", "effective_sources": "1", "independent_origins": "1", "origin": "media_own", "origin_note": "single outlet", "corroboration": "single_source", "evidence_quote": "A Mil Mi-17 inserted an emergency medical team from Birendra Hospital into Trishuli, casualties are being treated at the No. 1 Military Training Centre, and a BHISHM Cube field hospital stands prepared.", "evidence_quote_en": "", "temporal_contamination_flag": "False", "actor": "Nepali Army / Birendra Hospital", "actor_type": "army", "commodity": "medical", "quantity": "", "unit": "", "beneficiaries": "", "target_group": "", "self_reported": "", "source_outlets": "streamlinefeed.co.ke", "source_outlet_count": 1, "entity_key": "Nepali Army / Birendra Hospital|medical|Nuwakot", "geo_resolution": "district", "geo_statement": "Located to Nuwakot district only", "geo_match_name": null, "geo_match_osm_id": null, "geo_anchor_id": "79688334B17077666187877", "geo_anchor_name": "Nuwakot"}, "geometry": {"type": "Point", "coordinates": [85.20729652963067, 27.936643231647253]}}, {"type": "Feature", "properties": {"record_id": "43673c252071b99b", "table": "aid_delivery", "location_raw": "Nuwakot", "location_ne": "", "admin_level": "district", "district": "Nuwakot", "province": "Bagmati", "geo_basis": "text_explicit", "as_of": "2026-08-28", "as_of_basis": "article_date", "first_reported": "2026-08-28", "last_reported": "2026-08-28", "confidence": "high", "confidence_note": "Recipient Nepal Army camp explicitly located in Nuwakot.", "density": "1", "effective_sources": "1", "independent_origins": "1", "origin": "self:Kumari Bank", "origin_note": "single outlet", "corroboration": "single_source", "evidence_quote": "It has also provided around Rs 3.9 million worth of rescue and communication equipment, including five surveillance drones equipped with advanced cameras, three 5-kilowatt portable generators and 100 power banks, which have been sent for handover to a Nepal Army camp in Nuwakot.", "evidence_quote_en": "", "temporal_contamination_flag": "", "actor": "Kumari Bank", "actor_type": "private", "commodity": "other", "quantity": "3.9", "unit": "NPR_million", "beneficiaries": "", "target_group": "Nepal Army camp", "self_reported": "True", "source_outlets": "myRepublica", "source_outlet_count": 1, "entity_key": "Kumari Bank|other|Nuwakot", "geo_resolution": "district", "geo_statement": "Located to Nuwakot district only", "geo_match_name": null, "geo_match_osm_id": null, "geo_anchor_id": "79688334B17077666187877", "geo_anchor_name": "Nuwakot"}, "geometry": {"type": "Point", "coordinates": [85.20729652963067, 27.936643231647253]}}, {"type": "Feature", "properties": {"record_id": "28c515362282f2b3", "table": "aid_delivery", "location_raw": "Nuwakot", "location_ne": "", "admin_level": "district", "district": "Nuwakot", "province": "Bagmati", "geo_basis": "text_explicit", "as_of": "2026-08-28", "as_of_basis": "article_date", "first_reported": "2026-08-28", "last_reported": "2026-08-28", "confidence": "high", "confidence_note": "District named directly; explicitly 'sent'.", "density": "3", "effective_sources": "3", "independent_origins": "3", "origin": "unattributed", "origin_note": "3 outlets, no reporting body named; independence not established", "corroboration": "independent", "evidence_quote": "Another 17,000 litres of aviation fuel has been sent to Nuwakot.", "evidence_quote_en": "", "temporal_contamination_flag": "", "actor": "Government of Nepal", "actor_type": "government", "commodity": "fuel", "quantity": "17000.0", "unit": "litres (aviation fuel)", "beneficiaries": "", "target_group": "rescue operations", "self_reported": "False", "source_outlets": "ImageKhabar; Ratopati; The Tribune", "source_outlet_count": 3, "entity_key": "Government of Nepal|fuel|Nuwakot", "geo_resolution": "district", "geo_statement": "Located to Nuwakot district only", "geo_match_name": null, "geo_match_osm_id": null, "geo_anchor_id": "79688334B17077666187877", "geo_anchor_name": "Nuwakot"}, "geometry": {"type": "Point", "coordinates": [85.20729652963067, 27.936643231647253]}}, {"type": "Feature", "properties": {"record_id": "72a0b4ec97ebe90f", "table": "aid_delivery", "location_raw": "नुवाकोट", "location_ne": "", "admin_level": "district", "district": "Nuwakot", "province": "Bagmati", "geo_basis": "text_explicit", "as_of": "2026-08-28", "as_of_basis": "article_date", "first_reported": "2026-08-28", "last_reported": "2026-08-28", "confidence": "high", "confidence_note": "Kathmandu Upatyaka Khanepani Limited (public water utility), district explicit.", "density": "1", "effective_sources": "1", "independent_origins": "1", "origin": "self:KUKL", "origin_note": "single outlet", "corroboration": "single_source", "evidence_quote": "नुवाकोटमा KUKL का ४ वटा वाटर ट्याङ्कर परिचालन गरिएको छ भने सुरक्षित खानेपानीका लागि ९०० केजी ब्लिचिङ पाउडर प्रभावित क्षेत्रमा पठाइएको छ।", "evidence_quote_en": "", "temporal_contamination_flag": "", "actor": "KUKL", "actor_type": "government", "commodity": "water", "quantity": "4.0", "unit": "water tankers", "beneficiaries": "", "target_group": "", "self_reported": "True", "source_outlets": "ImageKhabar", "source_outlet_count": 1, "entity_key": "KUKL|water|Nuwakot", "geo_resolution": "district", "geo_statement": "Located to Nuwakot district only", "geo_match_name": null, "geo_match_osm_id": null, "geo_anchor_id": "79688334B17077666187877", "geo_anchor_name": "Nuwakot"}, "geometry": {"type": "Point", "coordinates": [85.20729652963067, 27.936643231647253]}}, {"type": "Feature", "properties": {"record_id": "c8c94ac6eb0da5c9", "table": "aid_delivery", "location_raw": "प्रभावित क्षेत्र (नुवाकोट)", "location_ne": "", "admin_level": "district", "district": "Nuwakot", "province": "Bagmati", "geo_basis": "text_explicit", "as_of": "2026-08-28", "as_of_basis": "article_date", "first_reported": "2026-08-28", "last_reported": "2026-08-28", "confidence": "high", "confidence_note": "For water purification; district explicit.", "density": "1", "effective_sources": "1", "independent_origins": "1", "origin": "self:Government of Nepal", "origin_note": "single outlet", "corroboration": "single_source", "evidence_quote": "सुरक्षित खानेपानीका लागि ९०० केजी ब्लिचिङ पाउडर प्रभावित क्षेत्रमा पठाइएको छ।", "evidence_quote_en": "", "temporal_contamination_flag": "", "actor": "Government of Nepal", "actor_type": "government", "commodity": "water", "quantity": "900.0", "unit": "kg (bleaching powder)", "beneficiaries": "", "target_group": "", "self_reported": "True", "source_outlets": "ImageKhabar", "source_outlet_count": 1, "entity_key": "Government of Nepal|water|Nuwakot", "geo_resolution": "district", "geo_statement": "Located to Nuwakot district only", "geo_match_name": null, "geo_match_osm_id": null, "geo_anchor_id": "79688334B17077666187877", "geo_anchor_name": "Nuwakot"}, "geometry": {"type": "Point", "coordinates": [85.20729652963067, 27.936643231647253]}}, {"type": "Feature", "properties": {"record_id": "38cfac2f36e9d64f", "table": "aid_delivery", "location_raw": "school in Nuwakot (temporary aid distribution center)", "location_ne": "", "admin_level": "settlement", "district": "Nuwakot", "province": "Bagmati", "geo_basis": "text_explicit", "as_of": "2026-08-28", "as_of_basis": "stated", "first_reported": "2026-08-28", "last_reported": "2026-08-28", "confidence": "low", "confidence_note": "Actor described only generically as 'nongovernmental organizations'; no name or exact type given; witnessed directly by AP.", "density": "1", "effective_sources": "1", "independent_origins": "1", "origin": "media_own", "origin_note": "single outlet", "corroboration": "single_source", "evidence_quote": "The Associated Press visited a school in Nuwakot that is being used as a temporary aid distribution center, where nongovernmental organizations distributed solar panels, clothes", "evidence_quote_en": "", "temporal_contamination_flag": "", "actor": "nongovernmental organizations", "actor_type": "national_NGO", "commodity": "shelter_NFI", "quantity": "", "unit": "", "beneficiaries": "", "target_group": "general", "self_reported": "False", "source_outlets": "AP News", "source_outlet_count": 1, "entity_key": "nongovernmental organizations|shelter_NFI|Nuwakot", "geo_resolution": "district", "geo_statement": "Located to Nuwakot district only — the source names a place we could not resolve", "geo_match_name": null, "geo_match_osm_id": null, "geo_anchor_id": "79688334B17077666187877", "geo_anchor_name": "Nuwakot"}, "geometry": {"type": "Point", "coordinates": [85.20729652963067, 27.936643231647253]}}, {"type": "Feature", "properties": {"record_id": "860004643e43abcf", "table": "aid_delivery", "location_raw": "त्रिशूली, नुवाकोट (Trishuli, Nuwakot)", "location_ne": "", "admin_level": "settlement", "district": "Nuwakot", "province": "Bagmati", "geo_basis": "text_explicit", "as_of": "2026-08-28", "as_of_basis": "article_date", "first_reported": "2026-08-28", "last_reported": "2026-08-28", "confidence": "high", "confidence_note": "Emergency treatment center count.", "density": "1", "effective_sources": "1", "independent_origins": "1", "origin": "self:Nepal Army", "origin_note": "single outlet", "corroboration": "single_source", "evidence_quote": "सेनाले नुवाकोटको त्रिशूलीमा आपतकालीन उपचार केन्द्र स्थापना गरेर ५८३ जना र फिल्ड एम्बुलेन्समार्फत रसुवाको धुन्चेमा ५६२ जनाको उपचार गरेको छ ।", "evidence_quote_en": "The army set up an emergency treatment center in Trishuli, Nuwakot, and treated 583 people, and treated 562 people via field ambulance in Dhunche, Rasuwa.", "temporal_contamination_flag": "", "actor": "Nepal Army", "actor_type": "army", "commodity": "medical", "quantity": "583.0", "unit": "", "beneficiaries": "583.0", "target_group": "flood-affected", "self_reported": "True", "source_outlets": "Ratopati", "source_outlet_count": 1, "entity_key": "Nepal Army|medical|Nuwakot", "geo_resolution": "point", "geo_statement": "Matched \"नुवाकोट\" to a named OSM place in Nuwakot", "geo_match_name": "नुवाकोट", "geo_match_osm_id": "node/3488022930", "geo_anchor_id": null, "geo_anchor_name": null}, "geometry": {"type": "Point", "coordinates": [85.1647073, 27.9151007]}}, {"type": "Feature", "properties": {"record_id": "c3a97a9d93d7871a", "table": "aid_delivery", "location_raw": "त्रिशूली, नुवाकोट (Trishuli, Nuwakot)", "location_ne": "", "admin_level": "settlement", "district": "Nuwakot", "province": "Bagmati", "geo_basis": "text_explicit", "as_of": "2026-08-28", "as_of_basis": "article_date", "first_reported": "2026-08-28", "last_reported": "2026-08-28", "confidence": "high", "confidence_note": "Relief materials not further itemized ('राहत सामग्री').", "density": "1", "effective_sources": "1", "independent_origins": "1", "origin": "self:Nepal Army", "origin_note": "single outlet", "corroboration": "single_source", "evidence_quote": "सेनाले २० वटा ट्रकबाट त्रिशूलीमा राहत सामग्री पुर्याएको छ ।", "evidence_quote_en": "The army has delivered relief materials to Trishuli via 20 trucks.", "temporal_contamination_flag": "", "actor": "Nepal Army", "actor_type": "army", "commodity": "other", "quantity": "20.0", "unit": "trucks", "beneficiaries": "", "target_group": "general", "self_reported": "True", "source_outlets": "Ratopati", "source_outlet_count": 1, "entity_key": "Nepal Army|other|Nuwakot", "geo_resolution": "point", "geo_statement": "Matched \"नुवाकोट\" to a named OSM place in Nuwakot", "geo_match_name": "नुवाकोट", "geo_match_osm_id": "node/3488022930", "geo_anchor_id": null, "geo_anchor_name": null}, "geometry": {"type": "Point", "coordinates": [85.1647073, 27.9151007]}}, {"type": "Feature", "properties": {"record_id": "53e299d90da95de1", "table": "aid_delivery", "location_raw": "त्रिशूली, नुवाकोट", "location_ne": "", "admin_level": "settlement", "district": "Nuwakot", "province": "Bagmati", "geo_basis": "text_explicit", "as_of": "2026-08-28", "as_of_basis": "article_date", "first_reported": "2026-08-28", "last_reported": "2026-08-28", "confidence": "high", "confidence_note": "Location (Trishuli, Nuwakot) and quantity explicitly stated by named army spokesperson.", "density": "1", "effective_sources": "1", "independent_origins": "1", "origin": "media_own", "origin_note": "single outlet", "corroboration": "single_source", "evidence_quote": "नेपाली सेना के प्रवक्ता सहायक मेजर जनरल राजाराम बस्नेत बताते हैं कि नेपाली सेना के 20 ट्रकों द्वारा त्रिशूली में राहत सामग्री ढुलाई की गई है।", "evidence_quote_en": "Nepal Army spokesperson Assistant Major General Rajaram Basnet says relief material has been transported to Trishuli by 20 Nepal Army trucks.", "temporal_contamination_flag": "False", "actor": "नेपाली सेना (Nepal Army)", "actor_type": "army", "commodity": "transport", "quantity": "20.0", "unit": "trucks", "beneficiaries": "", "target_group": "", "self_reported": "False", "source_outlets": "Ratopati", "source_outlet_count": 1, "entity_key": "नेपाली सेना (Nepal Army)|transport|Nuwakot", "geo_resolution": "point", "geo_statement": "Matched \"नुवाकोट\" to a named OSM place in Nuwakot", "geo_match_name": "नुवाकोट", "geo_match_osm_id": "node/3488022930", "geo_anchor_id": null, "geo_anchor_name": null}, "geometry": {"type": "Point", "coordinates": [85.1647073, 27.9151007]}}, {"type": "Feature", "properties": {"record_id": "0c6ae010a3d66fe1", "table": "aid_delivery", "location_raw": "Trishuli 3A hydroelectric site", "location_ne": "", "admin_level": "settlement", "district": "Nuwakot", "province": "Bagmati", "geo_basis": "gazetteer_match", "as_of": "2026-08-29", "as_of_basis": "stated", "first_reported": "2026-08-30", "last_reported": "2026-08-30", "confidence": "medium", "confidence_note": "District (Nuwakot) inferred from known location of the named Trishuli 3A project, not stated in article. Personal name (minister) redacted per rule.", "density": "1", "effective_sources": "1", "independent_origins": "1", "origin": "self:Nepali Army", "origin_note": "single outlet", "corroboration": "single_source", "evidence_quote": "The Nepali army inserted a pipe into one of the tunnels at the Trishuli 3A hydroelectric site late on Saturday and started sending air through it, Minister [name] said.", "evidence_quote_en": "", "temporal_contamination_flag": "", "actor": "Nepali Army", "actor_type": "army", "commodity": "rescue", "quantity": "", "unit": "", "beneficiaries": "", "target_group": "workers trapped in hydropower tunnel", "self_reported": "True", "source_outlets": "The Daily Star", "source_outlet_count": 1, "entity_key": "Nepali Army|rescue|Nuwakot", "geo_resolution": "district", "geo_statement": "Located to Nuwakot district only — the source names a place we could not resolve", "geo_match_name": null, "geo_match_osm_id": null, "geo_anchor_id": "79688334B17077666187877", "geo_anchor_name": "Nuwakot"}, "geometry": {"type": "Point", "coordinates": [85.20729652963067, 27.936643231647253]}}, {"type": "Feature", "properties": {"record_id": "cfcbadd6c8c82a44", "table": "aid_delivery", "location_raw": "Nuwakot", "location_ne": "", "admin_level": "district", "district": "Nuwakot", "province": "Bagmati", "geo_basis": "text_explicit", "as_of": "2026-08-29", "as_of_basis": "stated", "first_reported": "2026-08-30", "last_reported": "2026-08-30", "confidence": "high", "confidence_note": "District explicitly named.", "density": "2", "effective_sources": "2", "independent_origins": "2", "origin": "unattributed", "origin_note": "2 outlets, no reporting body named; independence not established", "corroboration": "independent", "evidence_quote": "In Nuwakot, one of the districts devastated by the floods, helicopters arrived carrying boxes and bags of aid, including clothes, instant noodles, crackers and rice.", "evidence_quote_en": "", "temporal_contamination_flag": "", "actor": "Nepal military", "actor_type": "army", "commodity": "food", "quantity": "", "unit": "", "beneficiaries": "", "target_group": "", "self_reported": "False", "source_outlets": "Daily Observer; Bangalore Mirror", "source_outlet_count": 2, "entity_key": "Nepal military|food|Nuwakot", "geo_resolution": "district", "geo_statement": "Located to Nuwakot district only", "geo_match_name": null, "geo_match_osm_id": null, "geo_anchor_id": "79688334B17077666187877", "geo_anchor_name": "Nuwakot"}, "geometry": {"type": "Point", "coordinates": [85.20729652963067, 27.936643231647253]}}, {"type": "Feature", "properties": {"record_id": "5da64c6548964e8f", "table": "aid_delivery", "location_raw": "Nuwakot", "location_ne": "", "admin_level": "district", "district": "Nuwakot", "province": "Bagmati", "geo_basis": "text_explicit", "as_of": "2026-08-29", "as_of_basis": "stated", "first_reported": "2026-08-30", "last_reported": "2026-08-30", "confidence": "high", "confidence_note": "District explicitly named for this specific deployment.", "density": "1", "effective_sources": "1", "independent_origins": "1", "origin": "media_own", "origin_note": "single outlet", "corroboration": "single_source", "evidence_quote": "A team of Chinese experts was also deployed to the Nuwakot area on Saturday to assist with rescue operations.", "evidence_quote_en": "", "temporal_contamination_flag": "False", "actor": "China (Government of China)", "actor_type": "government", "commodity": "rescue", "quantity": "", "unit": "", "beneficiaries": "", "target_group": "rescue operations", "self_reported": "False", "source_outlets": "Khabarhub", "source_outlet_count": 1, "entity_key": "China (Government of China)|rescue|Nuwakot", "geo_resolution": "district", "geo_statement": "Located to Nuwakot district only", "geo_match_name": null, "geo_match_osm_id": null, "geo_anchor_id": "79688334B17077666187877", "geo_anchor_name": "Nuwakot"}, "geometry": {"type": "Point", "coordinates": [85.20729652963067, 27.936643231647253]}}, {"type": "Feature", "properties": {"record_id": "432c9136f04b13d5", "table": "aid_delivery", "location_raw": "Nuwakot district", "location_ne": "", "admin_level": "district", "district": "Nuwakot", "province": "Bagmati", "geo_basis": "text_explicit", "as_of": "2026-08-29", "as_of_basis": "stated", "first_reported": "2026-08-30", "last_reported": "2026-08-30", "confidence": "high", "confidence_note": "Photo caption; no quantity given.", "density": "1", "effective_sources": "1", "independent_origins": "1", "origin": "media_own", "origin_note": "single outlet", "corroboration": "single_source", "evidence_quote": "Authorities use drones to deliver relief supplies to areas cut off by flash floods in Nepal’s Nuwakot district, Saturday, Aug. 29, 2026.", "evidence_quote_en": "", "temporal_contamination_flag": "False", "actor": "Nepal authorities", "actor_type": "government", "commodity": "other", "quantity": "", "unit": "", "beneficiaries": "", "target_group": "", "self_reported": "False", "source_outlets": "The New Indian Express", "source_outlet_count": 1, "entity_key": "Nepal authorities|other|Nuwakot", "geo_resolution": "district", "geo_statement": "Located to Nuwakot district only", "geo_match_name": null, "geo_match_osm_id": null, "geo_anchor_id": "79688334B17077666187877", "geo_anchor_name": "Nuwakot"}, "geometry": {"type": "Point", "coordinates": [85.20729652963067, 27.936643231647253]}}, {"type": "Feature", "properties": {"record_id": "0b69e995818d2921", "table": "aid_delivery", "location_raw": "Trishuli, Nuwakot district", "location_ne": "", "admin_level": "district", "district": "Nuwakot", "province": "Bagmati", "geo_basis": "text_explicit", "as_of": "2026-08-29", "as_of_basis": "stated", "first_reported": "2026-08-30", "last_reported": "2026-08-31", "confidence": "high", "confidence_note": "Team size and district explicit.", "density": "2", "effective_sources": "1", "independent_origins": "1", "origin": "self:India (technical team)", "origin_note": "single outlet", "corroboration": "syndicated", "evidence_quote": "An 11-member Indian technical team comprising doctors, paramedics and tunnel engineers carried out on-site reconnaissance of hydropower tunnels in the flood-affected area on Saturday, the Indian Embassy in Kathmandu said.", "evidence_quote_en": "", "temporal_contamination_flag": "", "actor": "India (technical team)", "actor_type": "government", "commodity": "rescue", "quantity": "11.0", "unit": "personnel", "beneficiaries": "", "target_group": "trapped hydropower workers", "self_reported": "True", "source_outlets": "DT Next; Daily Pioneer", "source_outlet_count": 2, "entity_key": "India (technical team)|rescue|Nuwakot", "geo_resolution": "district", "geo_statement": "Located to Nuwakot district only", "geo_match_name": null, "geo_match_osm_id": null, "geo_anchor_id": "79688334B17077666187877", "geo_anchor_name": "Nuwakot"}, "geometry": {"type": "Point", "coordinates": [85.20729652963067, 27.936643231647253]}}, {"type": "Feature", "properties": {"record_id": "e5e397c40a3e6f26", "table": "aid_delivery", "location_raw": "Trishuli, Nuwakot district", "location_ne": "", "admin_level": "district", "district": "Nuwakot", "province": "Bagmati", "geo_basis": "text_adjacent", "as_of": "2026-08-29", "as_of_basis": "inferred_from_text", "first_reported": "2026-08-30", "last_reported": "2026-08-30", "confidence": "medium", "confidence_note": "Team reached Trishuli, Nuwakot per adjacent sentence; reconnaissance is a completed action, not a pledge.", "density": "2", "effective_sources": "2", "independent_origins": "1", "origin": "self:India", "origin_note": "2 outlets carrying self:India's figure", "corroboration": "independent", "evidence_quote": "An 11-member Indian technical team comprising doctors, paramedics and tunnel engineers carried out on-site reconnaissance of hydropower tunnels in the flood-affected area on Saturday, the Indian Embassy in Kathmandu said.", "evidence_quote_en": "", "temporal_contamination_flag": "", "actor": "India", "actor_type": "government", "commodity": "rescue", "quantity": "11.0", "unit": "people", "beneficiaries": "", "target_group": "trapped hydropower workers", "self_reported": "True", "source_outlets": "Business Standard; The Economic Times", "source_outlet_count": 2, "entity_key": "India|rescue|Nuwakot", "geo_resolution": "district", "geo_statement": "Located to Nuwakot district only", "geo_match_name": null, "geo_match_osm_id": null, "geo_anchor_id": "79688334B17077666187877", "geo_anchor_name": "Nuwakot"}, "geometry": {"type": "Point", "coordinates": [85.20729652963067, 27.936643231647253]}}, {"type": "Feature", "properties": {"record_id": "be9e107102845b0e", "table": "aid_delivery", "location_raw": "Nuwakot district", "location_ne": "", "admin_level": "district", "district": "Nuwakot", "province": "Bagmati", "geo_basis": "text_explicit", "as_of": "2026-08-29", "as_of_basis": "article_date", "first_reported": "2026-08-29", "last_reported": "2026-08-29", "confidence": "high", "confidence_note": "Named district, running camp.", "density": "1", "effective_sources": "1", "independent_origins": "1", "origin": "media_own", "origin_note": "single outlet", "corroboration": "single_source", "evidence_quote": "घटनाकै दिनदेखि नुवाकोटमा विशेषज्ञ चिकित्सकसहित स्वास्थ्य शिविर सञ्चालन गरिएको छ। उक्त शिविरबाट हालसम्म १ सय ४३ जनाको उपचार गरिएको छ", "evidence_quote_en": "A health camp with specialist doctors has been operating in Nuwakot since the day of the incident. So far 143 people have been treated at that camp.", "temporal_contamination_flag": "", "actor": "Armed Police Force Nepal", "actor_type": "police", "commodity": "medical", "quantity": "143.0", "unit": "people_treated", "beneficiaries": "143.0", "target_group": "", "self_reported": "", "source_outlets": "Onlinekhabar", "source_outlet_count": 1, "entity_key": "Armed Police Force Nepal|medical|Nuwakot", "geo_resolution": "district", "geo_statement": "Located to Nuwakot district only", "geo_match_name": null, "geo_match_osm_id": null, "geo_anchor_id": "79688334B17077666187877", "geo_anchor_name": "Nuwakot"}, "geometry": {"type": "Point", "coordinates": [85.20729652963067, 27.936643231647253]}}, {"type": "Feature", "properties": {"record_id": "d538a7495e45df97", "table": "aid_delivery", "location_raw": "Nuwakot district", "location_ne": "", "admin_level": "district", "district": "Nuwakot", "province": "Bagmati", "geo_basis": "text_explicit", "as_of": "2026-08-29", "as_of_basis": "stated", "first_reported": "2026-08-29", "last_reported": "2026-08-29", "confidence": "high", "confidence_note": "Government cash relief already provided (past tense), not a pledge.", "density": "3", "effective_sources": "3", "independent_origins": "3", "origin": "unattributed", "origin_note": "3 outlets, no reporting body named; independence not established", "corroboration": "independent", "evidence_quote": "नेपाल सरकारबाट रसुवा र नुवाकोटलाई १–१ करोड तथा धादिङलाई ५० लाख रुपैयाँ नगद राहत उपलब्ध गराइएको छ", "evidence_quote_en": "The Government of Nepal has provided cash relief of 1 crore rupees each to Rasuwa and Nuwakot, and 50 lakh rupees to Dhading.", "temporal_contamination_flag": "", "actor": "Government of Nepal", "actor_type": "government", "commodity": "cash", "quantity": "1.0", "unit": "NPR_crore", "beneficiaries": "", "target_group": "", "self_reported": "", "source_outlets": "Ratopati; Daily Finland; myRepublica", "source_outlet_count": 3, "entity_key": "Government of Nepal|cash|Nuwakot", "geo_resolution": "district", "geo_statement": "Located to Nuwakot district only", "geo_match_name": null, "geo_match_osm_id": null, "geo_anchor_id": "79688334B17077666187877", "geo_anchor_name": "Nuwakot"}, "geometry": {"type": "Point", "coordinates": [85.20729652963067, 27.936643231647253]}}, {"type": "Feature", "properties": {"record_id": "45f5cf7f8216e8bf", "table": "aid_delivery", "location_raw": "Nuwakot district", "location_ne": "", "admin_level": "district", "district": "Nuwakot", "province": "Bagmati", "geo_basis": "text_explicit", "as_of": "2026-08-29", "as_of_basis": "stated", "first_reported": "2026-08-29", "last_reported": "2026-08-29", "confidence": "high", "confidence_note": "Aviation fuel already sent (completed), supporting helicopter rescue operations.", "density": "1", "effective_sources": "1", "independent_origins": "1", "origin": "media_own", "origin_note": "single outlet", "corroboration": "single_source", "evidence_quote": "हवाई इन्धनतर्फ ३९ हजार लिटर नुवाकोट पठाइसकिएको छ", "evidence_quote_en": "39,000 litres of aviation fuel have already been sent to Nuwakot.", "temporal_contamination_flag": "", "actor": "Government of Nepal", "actor_type": "government", "commodity": "fuel", "quantity": "39000.0", "unit": "litres", "beneficiaries": "", "target_group": "", "self_reported": "", "source_outlets": "Ratopati", "source_outlet_count": 1, "entity_key": "Government of Nepal|fuel|Nuwakot", "geo_resolution": "district", "geo_statement": "Located to Nuwakot district only", "geo_match_name": null, "geo_match_osm_id": null, "geo_anchor_id": "79688334B17077666187877", "geo_anchor_name": "Nuwakot"}, "geometry": {"type": "Point", "coordinates": [85.20729652963067, 27.936643231647253]}}, {"type": "Feature", "properties": {"record_id": "87e38d9671e40adc", "table": "aid_delivery", "location_raw": "Nuwakot district", "location_ne": "", "admin_level": "district", "district": "Nuwakot", "province": "Bagmati", "geo_basis": "text_explicit", "as_of": "2026-08-29", "as_of_basis": "article_date", "first_reported": "2026-08-29", "last_reported": "2026-08-29", "confidence": "high", "confidence_note": "UN's own deployment of emergency supplies to Nuwakot.", "density": "1", "effective_sources": "1", "independent_origins": "1", "origin": "self:United Nations / UNICEF", "origin_note": "single outlet", "corroboration": "single_source", "evidence_quote": "The United Nations has deployed emergency supplies to Nepal's flood-devastated Nuwakot district as the displaced families, including women and young children, await relief.", "evidence_quote_en": "", "temporal_contamination_flag": "False", "actor": "United Nations / UNICEF", "actor_type": "UN", "commodity": "shelter_NFI", "quantity": "", "unit": "", "beneficiaries": "", "target_group": "displaced families including women and young children", "self_reported": "True", "source_outlets": "The Daily Jagran", "source_outlet_count": 1, "entity_key": "United Nations / UNICEF|shelter_NFI|Nuwakot", "geo_resolution": "district", "geo_statement": "Located to Nuwakot district only", "geo_match_name": null, "geo_match_osm_id": null, "geo_anchor_id": "79688334B17077666187877", "geo_anchor_name": "Nuwakot"}, "geometry": {"type": "Point", "coordinates": [85.20729652963067, 27.936643231647253]}}, {"type": "Feature", "properties": {"record_id": "8d4c60c4aa2f6375", "table": "aid_delivery", "location_raw": "Nuwakot", "location_ne": "", "admin_level": "district", "district": "Nuwakot", "province": "Bagmati", "geo_basis": "text_explicit", "as_of": "2026-08-29", "as_of_basis": "article_date", "first_reported": "2026-08-29", "last_reported": "2026-08-29", "confidence": "medium", "confidence_note": "Diesel stock maintained at Nuwakot oil stores to support operations.", "density": "1", "effective_sources": "1", "independent_origins": "1", "origin": "self:Government of Nepal (authorities)", "origin_note": "single outlet", "corroboration": "single_source", "evidence_quote": "Nuwakot has 41,000 litres of diesel and 24,000 litres of petrol in stock at the Bhairavi, Suryamati and Panchakanya oil stores.", "evidence_quote_en": "", "temporal_contamination_flag": "False", "actor": "Government of Nepal (authorities)", "actor_type": "government", "commodity": "fuel", "quantity": "41000.0", "unit": "litres (diesel)", "beneficiaries": "", "target_group": "", "self_reported": "True", "source_outlets": "Daily Finland", "source_outlet_count": 1, "entity_key": "Government of Nepal (authorities)|fuel|Nuwakot", "geo_resolution": "district", "geo_statement": "Located to Nuwakot district only", "geo_match_name": null, "geo_match_osm_id": null, "geo_anchor_id": "79688334B17077666187877", "geo_anchor_name": "Nuwakot"}, "geometry": {"type": "Point", "coordinates": [85.20729652963067, 27.936643231647253]}}, {"type": "Feature", "properties": {"record_id": "8c59759646bf83f1", "table": "aid_delivery", "location_raw": "Nuwakot", "location_ne": "", "admin_level": "district", "district": "Nuwakot", "province": "Bagmati", "geo_basis": "text_explicit", "as_of": "2026-08-29", "as_of_basis": "article_date", "first_reported": "2026-08-29", "last_reported": "2026-08-29", "confidence": "medium", "confidence_note": "Diesel stock at Nuwakot oil stores.", "density": "1", "effective_sources": "1", "independent_origins": "1", "origin": "self:Relief agencies", "origin_note": "single outlet", "corroboration": "single_source", "evidence_quote": "Fuel supplies have been sent to Nuwakot, where petrol stations including Bahiravi, Suryamati and Panchkanya oil stores have 41,000 litres of diesel and 24,000 litres of petrol in stock.", "evidence_quote_en": "", "temporal_contamination_flag": "False", "actor": "Relief agencies", "actor_type": "government", "commodity": "fuel", "quantity": "41000.0", "unit": "litres (diesel)", "beneficiaries": "", "target_group": "", "self_reported": "True", "source_outlets": "myRepublica", "source_outlet_count": 1, "entity_key": "Relief agencies|fuel|Nuwakot", "geo_resolution": "district", "geo_statement": "Located to Nuwakot district only", "geo_match_name": null, "geo_match_osm_id": null, "geo_anchor_id": "79688334B17077666187877", "geo_anchor_name": "Nuwakot"}, "geometry": {"type": "Point", "coordinates": [85.20729652963067, 27.936643231647253]}}, {"type": "Feature", "properties": {"record_id": "54033c737ce0f7a6", "table": "aid_delivery", "location_raw": "Nuwakot", "location_ne": "", "admin_level": "district", "district": "Nuwakot", "province": "Bagmati", "geo_basis": "text_explicit", "as_of": "2026-08-29", "as_of_basis": "article_date", "first_reported": "2026-08-29", "last_reported": "2026-08-29", "confidence": "high", "confidence_note": "District named directly.", "density": "1", "effective_sources": "1", "independent_origins": "1", "origin": "self:KUKL", "origin_note": "single outlet", "corroboration": "single_source", "evidence_quote": "The Nepalese Prime Minister said four KUKL water tankers have been deployed in Nuwakot", "evidence_quote_en": "", "temporal_contamination_flag": "", "actor": "KUKL", "actor_type": "government", "commodity": "water", "quantity": "4.0", "unit": "tankers", "beneficiaries": "", "target_group": "", "self_reported": "True", "source_outlets": "India's News.Net", "source_outlet_count": 1, "entity_key": "KUKL|water|Nuwakot", "geo_resolution": "district", "geo_statement": "Located to Nuwakot district only", "geo_match_name": null, "geo_match_osm_id": null, "geo_anchor_id": "79688334B17077666187877", "geo_anchor_name": "Nuwakot"}, "geometry": {"type": "Point", "coordinates": [85.20729652963067, 27.936643231647253]}}, {"type": "Feature", "properties": {"record_id": "deec250537debd78", "table": "aid_delivery", "location_raw": "Nuwakot", "location_ne": "", "admin_level": "district", "district": "Nuwakot", "province": "Bagmati", "geo_basis": "text_explicit", "as_of": "2026-08-30", "as_of_basis": "stated", "first_reported": "2026-08-30", "last_reported": "2026-08-31", "confidence": "high", "confidence_note": "District explicitly named.", "density": "7", "effective_sources": "7", "independent_origins": "1", "origin": "self:Government of Nepal", "origin_note": "7 outlets carrying self:Government of Nepal's figure", "corroboration": "independent", "evidence_quote": "The Government of Nepal has provided NPR 10 million each to Rasuwa and Nuwakot, NPR 5 million to Dhading and NPR 67.5 million to 15 local municipalities as cash assistance.", "evidence_quote_en": "", "temporal_contamination_flag": "", "actor": "Government of Nepal", "actor_type": "government", "commodity": "cash", "quantity": "10.0", "unit": "NPR_million", "beneficiaries": "", "target_group": "district administration", "self_reported": "True", "source_outlets": "Khabarhub; ANI News; Lokmarg; The Statesman; ndtv.in; Asia News Network; myRepublica", "source_outlet_count": 7, "entity_key": "Government of Nepal|cash|Nuwakot", "geo_resolution": "district", "geo_statement": "Located to Nuwakot district only", "geo_match_name": null, "geo_match_osm_id": null, "geo_anchor_id": "79688334B17077666187877", "geo_anchor_name": "Nuwakot"}, "geometry": {"type": "Point", "coordinates": [85.20729652963067, 27.936643231647253]}}, {"type": "Feature", "properties": {"record_id": "f610e06dfdcfc0e9", "table": "aid_delivery", "location_raw": "Nuwakot", "location_ne": "", "admin_level": "district", "district": "Nuwakot", "province": "Bagmati", "geo_basis": "text_explicit", "as_of": "2026-08-30", "as_of_basis": "stated", "first_reported": "2026-08-30", "last_reported": "2026-08-30", "confidence": "high", "confidence_note": "District explicitly named.", "density": "1", "effective_sources": "1", "independent_origins": "1", "origin": "media_own", "origin_note": "single outlet", "corroboration": "single_source", "evidence_quote": "In Nuwakot, one of the worst-hit districts, helicopters ferried relief supplies including clothes, noodles, crackers and rice, while returning with survivors.", "evidence_quote_en": "", "temporal_contamination_flag": "", "actor": "Nepal military", "actor_type": "army", "commodity": "food", "quantity": "", "unit": "", "beneficiaries": "", "target_group": "", "self_reported": "False", "source_outlets": "The New Indian Express", "source_outlet_count": 1, "entity_key": "Nepal military|food|Nuwakot", "geo_resolution": "district", "geo_statement": "Located to Nuwakot district only", "geo_match_name": null, "geo_match_osm_id": null, "geo_anchor_id": "79688334B17077666187877", "geo_anchor_name": "Nuwakot"}, "geometry": {"type": "Point", "coordinates": [85.20729652963067, 27.936643231647253]}}, {"type": "Feature", "properties": {"record_id": "2468c5ac9d774ab5", "table": "aid_delivery", "location_raw": "नुवाकोट (Nuwakot district)", "location_ne": "", "admin_level": "district", "district": "Nuwakot", "province": "Bagmati", "geo_basis": "text_explicit", "as_of": "2026-08-30", "as_of_basis": "article_date", "first_reported": "2026-08-30", "last_reported": "2026-08-30", "confidence": "medium", "confidence_note": "No quantity given; distributed via holding centres through the district committee's one-door system.", "density": "1", "effective_sources": "1", "independent_origins": "1", "origin": "self:जिल्ला विपद् व्यवस्थापन समिति (District Disaster Management Committee)", "origin_note": "single outlet", "corroboration": "single_source", "evidence_quote": "राहत सामग्रीमा धेरैजसो चामल, दाल, चाउचाउ, बिस्कुटजस्ता खाद्य सामग्री प्राप्त भइरहेको छ ।", "evidence_quote_en": "Most of the relief materials being received are food items like rice, lentils, noodles and biscuits.", "temporal_contamination_flag": "False", "actor": "जिल्ला विपद् व्यवस्थापन समिति (District Disaster Management Committee)", "actor_type": "government", "commodity": "food", "quantity": "", "unit": "", "beneficiaries": "", "target_group": "", "self_reported": "True", "source_outlets": "Ratopati", "source_outlet_count": 1, "entity_key": "जिल्ला विपद् व्यवस्थापन समिति (District Disaster Management Committee)|food|Nuwakot", "geo_resolution": "district", "geo_statement": "Located to Nuwakot district only", "geo_match_name": null, "geo_match_osm_id": null, "geo_anchor_id": "79688334B17077666187877", "geo_anchor_name": "Nuwakot"}, "geometry": {"type": "Point", "coordinates": [85.20729652963067, 27.936643231647253]}}, {"type": "Feature", "properties": {"record_id": "d7d9970e7f957cd6", "table": "aid_delivery", "location_raw": "नुवाकोट दरबार (Nuwakot Durbar/Palace camp)", "location_ne": "", "admin_level": "settlement", "district": "Nuwakot", "province": "Bagmati", "geo_basis": "text_explicit", "as_of": "2026-08-30", "as_of_basis": "article_date", "first_reported": "2026-08-30", "last_reported": "2026-08-30", "confidence": "high", "confidence_note": "Named camp location; no quantity of supplies given.", "density": "1", "effective_sources": "1", "independent_origins": "1", "origin": "self:मिराज ढुंगानाको टोली (Miraj Dhungana-led Gen-Z activist team)", "origin_note": "single outlet", "corroboration": "single_source", "evidence_quote": "नुवाकोट दरबारमा उद्धार गरी ल्याइएका बाढीपीडितहरूको क्याम्पमा खाद्यान्नलगायत मेडिकल किटहरूसहितका राहत सामग्री लिएर मिराजको समूह प्रभावित क्षेत्र पुगेको हो ।", "evidence_quote_en": "Miraj's group brought relief materials including food and medical kits to the camp of flood victims rescued and brought to Nuwakot Durbar.", "temporal_contamination_flag": "False", "actor": "मिराज ढुंगानाको टोली (Miraj Dhungana-led Gen-Z activist team)", "actor_type": "individual", "commodity": "other", "quantity": "", "unit": "", "beneficiaries": "", "target_group": "", "self_reported": "True", "source_outlets": "Nepal Live", "source_outlet_count": 1, "entity_key": "मिराज ढुंगानाको टोली (Miraj Dhungana-led Gen-Z activist team)|other|Nuwakot", "geo_resolution": "district", "geo_statement": "Located to Nuwakot district only — the source names a place we could not resolve", "geo_match_name": null, "geo_match_osm_id": null, "geo_anchor_id": "79688334B17077666187877", "geo_anchor_name": "Nuwakot"}, "geometry": {"type": "Point", "coordinates": [85.20729652963067, 27.936643231647253]}}, {"type": "Feature", "properties": {"record_id": "dede99e1642977b6", "table": "aid_delivery", "location_raw": "Battar, Nuwakot", "location_ne": "", "admin_level": "settlement", "district": "Nuwakot", "province": "Bagmati", "geo_basis": "text_explicit", "as_of": "2026-08-30", "as_of_basis": "article_date", "first_reported": "2026-08-30", "last_reported": "2026-08-31", "confidence": "high", "confidence_note": "Location and actor explicit.", "density": "2", "effective_sources": "1", "independent_origins": "1", "origin": "media_own", "origin_note": "single outlet", "corroboration": "syndicated", "evidence_quote": "The Nepali Army dismantled excavators and bulldozers and airlifted them by helicopter to Battar, Nuwakot, to facilitate access to the flood-hit project site, the Nepal News web portal reported.", "evidence_quote_en": "", "temporal_contamination_flag": "", "actor": "Nepal Army", "actor_type": "army", "commodity": "rescue", "quantity": "", "unit": "", "beneficiaries": "", "target_group": "trapped hydropower workers", "self_reported": "False", "source_outlets": "DT Next; Daily Pioneer", "source_outlet_count": 2, "entity_key": "Nepal Army|rescue|Nuwakot", "geo_resolution": "district", "geo_statement": "Located to Nuwakot district only — the source names a place we could not resolve", "geo_match_name": null, "geo_match_osm_id": null, "geo_anchor_id": "79688334B17077666187877", "geo_anchor_name": "Nuwakot"}, "geometry": {"type": "Point", "coordinates": [85.20729652963067, 27.936643231647253]}}, {"type": "Feature", "properties": {"record_id": "67810d05b474bac5", "table": "aid_delivery", "location_raw": "Bidur", "location_ne": "", "admin_level": "municipality", "district": "Nuwakot", "province": "Bagmati", "geo_basis": "text_explicit", "as_of": "2026-08-30", "as_of_basis": "article_date", "first_reported": "2026-08-30", "last_reported": "2026-08-30", "confidence": "medium", "confidence_note": "Resident's account of government relief, not the source's own report.", "density": "1", "effective_sources": "1", "independent_origins": "1", "origin": "media_own", "origin_note": "single outlet", "corroboration": "single_source", "evidence_quote": "\"The authorities are giving rice and water to people who lost their houses, but there is nothing else yet,\" said a resident named Bhanu.", "evidence_quote_en": "", "temporal_contamination_flag": "", "actor": "government", "actor_type": "government", "commodity": "food", "quantity": "", "unit": "", "beneficiaries": "", "target_group": "people who lost their houses", "self_reported": "False", "source_outlets": "Korea JoongAng Daily", "source_outlet_count": 1, "entity_key": "government|food|Nuwakot", "geo_resolution": "point", "geo_statement": "Matched \"Bidur\" to a named OSM place in Nuwakot", "geo_match_name": "बिदुर", "geo_match_osm_id": "node/3499801960", "geo_anchor_id": null, "geo_anchor_name": null}, "geometry": {"type": "Point", "coordinates": [85.146446, 27.89526]}}, {"type": "Feature", "properties": {"record_id": "bcec83d8b1d55dd1", "table": "aid_delivery", "location_raw": "Bidur", "location_ne": "", "admin_level": "municipality", "district": "Nuwakot", "province": "Bagmati", "geo_basis": "text_explicit", "as_of": "2026-08-30", "as_of_basis": "article_date", "first_reported": "2026-08-30", "last_reported": "2026-08-30", "confidence": "medium", "confidence_note": "Resident's account of government relief, not the source's own report.", "density": "1", "effective_sources": "1", "independent_origins": "1", "origin": "media_own", "origin_note": "single outlet", "corroboration": "single_source", "evidence_quote": "\"The authorities are giving rice and water to people who lost their houses, but there is nothing else yet,\" said a resident named Bhanu.", "evidence_quote_en": "", "temporal_contamination_flag": "", "actor": "government", "actor_type": "government", "commodity": "water", "quantity": "", "unit": "", "beneficiaries": "", "target_group": "people who lost their houses", "self_reported": "False", "source_outlets": "Korea JoongAng Daily", "source_outlet_count": 1, "entity_key": "government|water|Nuwakot", "geo_resolution": "point", "geo_statement": "Matched \"Bidur\" to a named OSM place in Nuwakot", "geo_match_name": "बिदुर", "geo_match_osm_id": "node/3499801960", "geo_anchor_id": null, "geo_anchor_name": null}, "geometry": {"type": "Point", "coordinates": [85.146446, 27.89526]}}, {"type": "Feature", "properties": {"record_id": "99b8c18b9aeee4a0", "table": "aid_delivery", "location_raw": "Trishuli area, Nuwakot district", "location_ne": "", "admin_level": "district", "district": "Nuwakot", "province": "Bagmati", "geo_basis": "text_explicit", "as_of": "2026-08-30", "as_of_basis": "article_date", "first_reported": "2026-08-31", "last_reported": "2026-08-31", "confidence": "high", "confidence_note": "Truck count and equipment purpose explicitly stated by the embassy.", "density": "1", "effective_sources": "1", "independent_origins": "1", "origin": "self:India", "origin_note": "single outlet", "corroboration": "single_source", "evidence_quote": "additionally, 16 trucks carrying equipment for a 230-foot single-lane modular steel bridge have arrived there.", "evidence_quote_en": "", "temporal_contamination_flag": "False", "actor": "India", "actor_type": "government", "commodity": "other", "quantity": "16.0", "unit": "trucks", "beneficiaries": "", "target_group": "hydropower tunnel rescue infrastructure", "self_reported": "True", "source_outlets": "The Indian Awaaz", "source_outlet_count": 1, "entity_key": "India|other|Nuwakot", "geo_resolution": "district", "geo_statement": "Located to Nuwakot district only", "geo_match_name": null, "geo_match_osm_id": null, "geo_anchor_id": "79688334B17077666187877", "geo_anchor_name": "Nuwakot"}, "geometry": {"type": "Point", "coordinates": [85.20729652963067, 27.936643231647253]}}, {"type": "Feature", "properties": {"record_id": "5100fa0d676fce37", "table": "aid_delivery", "location_raw": "देवीघाट र त्रिशूली, नुवाकोट", "location_ne": "", "admin_level": "settlement", "district": "Nuwakot", "province": "Bagmati", "geo_basis": "text_explicit", "as_of": "2026-08-30", "as_of_basis": "stated", "first_reported": "2026-08-31", "last_reported": "2026-08-31", "confidence": "medium", "confidence_note": "Mixed relief cargo (food items, solar/battery, clothing, medical supplies) reduced to a single 'food' commodity value; self-reported by the campaign.", "density": "1", "effective_sources": "1", "independent_origins": "1", "origin": "self:राष्ट्रिय जेनजी नागरिक अभियान (National GenZ Citizens' Campaign)", "origin_note": "single outlet", "corroboration": "single_source", "evidence_quote": "अभियानको टोलीले आइतबार नुवाकोटको देवीघाट र त्रिशूली लगायत बाढी प्रभावित क्षेत्रमा राहत सामग्री वितरण गरेको थियो ।", "evidence_quote_en": "On Sunday, the campaign's team had distributed relief material in flood-affected areas including Devighat and Trishuli in Nuwakot.", "temporal_contamination_flag": "False", "actor": "राष्ट्रिय जेनजी नागरिक अभियान (National GenZ Citizens' Campaign)", "actor_type": "local_NGO", "commodity": "food", "quantity": "", "unit": "", "beneficiaries": "", "target_group": "general", "self_reported": "True", "source_outlets": "ImageKhabar", "source_outlet_count": 1, "entity_key": "राष्ट्रिय जेनजी नागरिक अभियान (National GenZ Citizens' Campaign)|food|Nuwakot", "geo_resolution": "point", "geo_statement": "Matched \"देवीघाट\" to a named OSM place in Nuwakot", "geo_match_name": "देवीघाट", "geo_match_osm_id": "node/4156044161", "geo_anchor_id": null, "geo_anchor_name": null}, "geometry": {"type": "Point", "coordinates": [85.1100635, 27.8600323]}}, {"type": "Feature", "properties": {"record_id": "9a5e6769de364366", "table": "aid_delivery", "location_raw": "Nuwakot", "location_ne": "", "admin_level": "district", "district": "Nuwakot", "province": "Bagmati", "geo_basis": "text_explicit", "as_of": "2026-08-30", "as_of_basis": "article_date", "first_reported": "2026-08-30", "last_reported": "2026-08-30", "confidence": "medium", "confidence_note": "Districts named as a group; ongoing provision, no quantities given.", "density": "1", "effective_sources": "1", "independent_origins": "1", "origin": "media_own", "origin_note": "single outlet", "corroboration": "single_source", "evidence_quote": "रसुवा, नुवाकोट, धादिङ, गोरखा और चितवन आदि प्रभावित जिलों में एकीकृत दल आपातकालीन स्वास्थ्य उपचार, खाद्यान्न, सुरक्षित पीने का पानी और अस्थायी आश्रय उपलब्ध करा रहे हैं।", "evidence_quote_en": "In affected districts including Rasuwa, Nuwakot, Dhading, Gorkha and Chitwan, integrated teams are providing emergency health treatment, food, safe drinking water and temporary shelter.", "temporal_contamination_flag": "False", "actor": "integrated relief teams", "actor_type": "government", "commodity": "medical", "quantity": "", "unit": "", "beneficiaries": "", "target_group": "flood-affected", "self_reported": "False", "source_outlets": "Ratopati", "source_outlet_count": 1, "entity_key": "integrated relief teams|medical|Nuwakot", "geo_resolution": "district", "geo_statement": "Located to Nuwakot district only", "geo_match_name": null, "geo_match_osm_id": null, "geo_anchor_id": "79688334B17077666187877", "geo_anchor_name": "Nuwakot"}, "geometry": {"type": "Point", "coordinates": [85.20729652963067, 27.936643231647253]}}, {"type": "Feature", "properties": {"record_id": "9f2ef2fe72d684c2", "table": "aid_delivery", "location_raw": "Nuwakot", "location_ne": "", "admin_level": "district", "district": "Nuwakot", "province": "Bagmati", "geo_basis": "text_explicit", "as_of": "2026-08-30", "as_of_basis": "article_date", "first_reported": "2026-08-30", "last_reported": "2026-08-30", "confidence": "medium", "confidence_note": "Districts named as a group; ongoing provision, no quantities given.", "density": "1", "effective_sources": "1", "independent_origins": "1", "origin": "media_own", "origin_note": "single outlet", "corroboration": "single_source", "evidence_quote": "रसुवा, नुवाकोट, धादिङ, गोरखा और चितवन आदि प्रभावित जिलों में एकीकृत दल आपातकालीन स्वास्थ्य उपचार, खाद्यान्न, सुरक्षित पीने का पानी और अस्थायी आश्रय उपलब्ध करा रहे हैं।", "evidence_quote_en": "In affected districts including Rasuwa, Nuwakot, Dhading, Gorkha and Chitwan, integrated teams are providing emergency health treatment, food, safe drinking water and temporary shelter.", "temporal_contamination_flag": "False", "actor": "integrated relief teams", "actor_type": "government", "commodity": "food", "quantity": "", "unit": "", "beneficiaries": "", "target_group": "flood-affected", "self_reported": "False", "source_outlets": "Ratopati", "source_outlet_count": 1, "entity_key": "integrated relief teams|food|Nuwakot", "geo_resolution": "district", "geo_statement": "Located to Nuwakot district only", "geo_match_name": null, "geo_match_osm_id": null, "geo_anchor_id": "79688334B17077666187877", "geo_anchor_name": "Nuwakot"}, "geometry": {"type": "Point", "coordinates": [85.20729652963067, 27.936643231647253]}}, {"type": "Feature", "properties": {"record_id": "9bc365385ad1c67b", "table": "aid_delivery", "location_raw": "Nuwakot", "location_ne": "", "admin_level": "district", "district": "Nuwakot", "province": "Bagmati", "geo_basis": "text_explicit", "as_of": "2026-08-30", "as_of_basis": "article_date", "first_reported": "2026-08-30", "last_reported": "2026-08-30", "confidence": "medium", "confidence_note": "Districts named as a group; ongoing provision, no quantities given.", "density": "1", "effective_sources": "1", "independent_origins": "1", "origin": "media_own", "origin_note": "single outlet", "corroboration": "single_source", "evidence_quote": "रसुवा, नुवाकोट, धादिङ, गोरखा और चितवन आदि प्रभावित जिलों में एकीकृत दल आपातकालीन स्वास्थ्य उपचार, खाद्यान्न, सुरक्षित पीने का पानी और अस्थायी आश्रय उपलब्ध करा रहे हैं।", "evidence_quote_en": "In affected districts including Rasuwa, Nuwakot, Dhading, Gorkha and Chitwan, integrated teams are providing emergency health treatment, food, safe drinking water and temporary shelter.", "temporal_contamination_flag": "False", "actor": "integrated relief teams", "actor_type": "government", "commodity": "water", "quantity": "", "unit": "", "beneficiaries": "", "target_group": "flood-affected", "self_reported": "False", "source_outlets": "Ratopati", "source_outlet_count": 1, "entity_key": "integrated relief teams|water|Nuwakot", "geo_resolution": "district", "geo_statement": "Located to Nuwakot district only", "geo_match_name": null, "geo_match_osm_id": null, "geo_anchor_id": "79688334B17077666187877", "geo_anchor_name": "Nuwakot"}, "geometry": {"type": "Point", "coordinates": [85.20729652963067, 27.936643231647253]}}, {"type": "Feature", "properties": {"record_id": "4f0b22866d0d73a0", "table": "aid_delivery", "location_raw": "Nuwakot", "location_ne": "", "admin_level": "district", "district": "Nuwakot", "province": "Bagmati", "geo_basis": "text_explicit", "as_of": "2026-08-30", "as_of_basis": "article_date", "first_reported": "2026-08-30", "last_reported": "2026-08-30", "confidence": "medium", "confidence_note": "Districts named as a group; ongoing provision, no quantities given.", "density": "1", "effective_sources": "1", "independent_origins": "1", "origin": "media_own", "origin_note": "single outlet", "corroboration": "single_source", "evidence_quote": "रसुवा, नुवाकोट, धादिङ, गोरखा और चितवन आदि प्रभावित जिलों में एकीकृत दल आपातकालीन स्वास्थ्य उपचार, खाद्यान्न, सुरक्षित पीने का पानी और अस्थायी आश्रय उपलब्ध करा रहे हैं।", "evidence_quote_en": "In affected districts including Rasuwa, Nuwakot, Dhading, Gorkha and Chitwan, integrated teams are providing emergency health treatment, food, safe drinking water and temporary shelter.", "temporal_contamination_flag": "False", "actor": "integrated relief teams", "actor_type": "government", "commodity": "shelter_NFI", "quantity": "", "unit": "", "beneficiaries": "", "target_group": "flood-affected", "self_reported": "False", "source_outlets": "Ratopati", "source_outlet_count": 1, "entity_key": "integrated relief teams|shelter_NFI|Nuwakot", "geo_resolution": "district", "geo_statement": "Located to Nuwakot district only", "geo_match_name": null, "geo_match_osm_id": null, "geo_anchor_id": "79688334B17077666187877", "geo_anchor_name": "Nuwakot"}, "geometry": {"type": "Point", "coordinates": [85.20729652963067, 27.936643231647253]}}, {"type": "Feature", "properties": {"record_id": "8483e232214176c1", "table": "aid_delivery", "location_raw": "Nuwakot", "location_ne": "", "admin_level": "district", "district": "Nuwakot", "province": "Bagmati", "geo_basis": "text_explicit", "as_of": "2026-08-30", "as_of_basis": "article_date", "first_reported": "2026-08-30", "last_reported": "2026-08-30", "confidence": "high", "confidence_note": "District named explicitly with an exact count.", "density": "1", "effective_sources": "1", "independent_origins": "1", "origin": "media_own", "origin_note": "single outlet", "corroboration": "single_source", "evidence_quote": "Of the 20 phones, 10 have been sent to Rasuwa and 10 to Nuwakot for use in the affected areas.", "evidence_quote_en": "", "temporal_contamination_flag": "False", "actor": "Nepal Telecommunications Authority (via ITU)", "actor_type": "government", "commodity": "other", "quantity": "10.0", "unit": "satellite phones", "beneficiaries": "", "target_group": "flood-affected areas", "self_reported": "False", "source_outlets": "The Rising Nepal", "source_outlet_count": 1, "entity_key": "Nepal Telecommunications Authority (via ITU)|other|Nuwakot", "geo_resolution": "district", "geo_statement": "Located to Nuwakot district only", "geo_match_name": null, "geo_match_osm_id": null, "geo_anchor_id": "79688334B17077666187877", "geo_anchor_name": "Nuwakot"}, "geometry": {"type": "Point", "coordinates": [85.20729652963067, 27.936643231647253]}}, {"type": "Feature", "properties": {"record_id": "086c505a2c98be30", "table": "aid_delivery", "location_raw": "विदुर-२, देवीघाट, बेलकोटगढी-७, विदुर-९", "location_ne": "", "admin_level": "ward", "district": "Nuwakot", "province": "Bagmati", "geo_basis": "text_explicit", "as_of": "2026-08-31", "as_of_basis": "article_date", "first_reported": "2026-08-31", "last_reported": "2026-08-31", "confidence": "medium", "confidence_note": "Four named shelter sites across wards in Nuwakot; no team-count number given.", "density": "1", "effective_sources": "1", "independent_origins": "1", "origin": "media_own", "origin_note": "single outlet", "corroboration": "single_source", "evidence_quote": "प्राधिकरणले विदुर-२ को सेफहाउस, देवीघाट आयुर्वेद वैकल्पिक चिकित्सालय, बेलकोटगढी-७ को महादेव माध्यमिक विद्यालय र विदुर-९ को शुलक्षणा माध्यमिक विद्यालयमा मेडिकल टोली उपलब्ध रहेको जनाएकाे हाे ।", "evidence_quote_en": "The authority said medical teams are available at the Bidur-2 Safe House, Devighat Ayurveda alternative hospital, Belkotgadhi-7 Mahadev secondary school and Bidur-9 Shulakshana secondary school.", "temporal_contamination_flag": "False", "actor": "राष्ट्रिय विपद् जोखिम न्यूनीकरण तथा व्यवस्थापन प्राधिकरण (NDRRMA)", "actor_type": "government", "commodity": "medical", "quantity": "", "unit": "", "beneficiaries": "", "target_group": "flood-affected sheltered at named sites", "self_reported": "False", "source_outlets": "ImageKhabar", "source_outlet_count": 1, "entity_key": "राष्ट्रिय विपद् जोखिम न्यूनीकरण तथा व्यवस्थापन प्राधिकरण (NDRRMA)|medical|Nuwakot", "geo_resolution": "point", "geo_statement": "Matched \"देवीघाट\" to a named OSM place in Nuwakot", "geo_match_name": "देवीघाट", "geo_match_osm_id": "node/4156044161", "geo_anchor_id": null, "geo_anchor_name": null}, "geometry": {"type": "Point", "coordinates": [85.1100635, 27.8600323]}}, {"type": "Feature", "properties": {"record_id": "54c24d84b51ad370", "table": "aid_delivery", "location_raw": "Devighat", "location_ne": "", "admin_level": "settlement", "district": "Nuwakot", "province": "Bagmati", "geo_basis": "gazetteer_match", "as_of": "2026-08-31", "as_of_basis": "article_date", "first_reported": "2026-08-31", "last_reported": "2026-08-31", "confidence": "medium", "confidence_note": "Devighat is a known settlement in Nuwakot; district not explicitly stated in article.", "density": "1", "effective_sources": "1", "independent_origins": "1", "origin": "media_own", "origin_note": "single outlet", "corroboration": "single_source", "evidence_quote": "Scores of volunteers from Nepal’s Likhu Rural Municipality have joined rescue, relief and cleanup operations in flood-hit Devighat, carrying heavy machinery and tipper trucks to clear debris and help recover bodies.", "evidence_quote_en": "", "temporal_contamination_flag": "False", "actor": "Likhu Rural Municipality volunteers", "actor_type": "local_NGO", "commodity": "rescue", "quantity": "", "unit": "", "beneficiaries": "", "target_group": "general", "self_reported": "False", "source_outlets": "The Indian Express", "source_outlet_count": 1, "entity_key": "Likhu Rural Municipality volunteers|rescue|Nuwakot", "geo_resolution": "point", "geo_statement": "Matched \"Devighat\" to a named OSM place in Nuwakot", "geo_match_name": "देवीघाट", "geo_match_osm_id": "node/4156044161", "geo_anchor_id": null, "geo_anchor_name": null}, "geometry": {"type": "Point", "coordinates": [85.1100635, 27.8600323]}}, {"type": "Feature", "properties": {"record_id": "cbacc70ae40721b7", "table": "aid_delivery", "location_raw": "माथिल्लो त्रिशूली ३ 'ए'", "location_ne": "", "admin_level": "settlement", "district": "Nuwakot", "province": "Bagmati", "geo_basis": "text_explicit", "as_of": "2026-08-31", "as_of_basis": "article_date", "first_reported": "2026-08-31", "last_reported": "2026-08-31", "confidence": "high", "confidence_note": "Sourced from PM's Facebook update, district explicitly stated.", "density": "1", "effective_sources": "1", "independent_origins": "1", "origin": "media_own", "origin_note": "single outlet", "corroboration": "single_source", "evidence_quote": "घटनास्थलमा नेपाली सेना, तालिमप्राप्त कुकुरसहित सशस्त्र प्रहरी बल, नेपाल, र नेपाल प्रहरीका विशेषज्ञ गरी ९० जनाको संयुक्त टोली खटिएको छ।", "evidence_quote_en": "A 90-person joint team of the Nepal Army, Armed Police Force (with trained dogs), and Nepal Police experts has been deployed at the site.", "temporal_contamination_flag": "False", "actor": "Nepal Army, Armed Police Force and Nepal Police joint team", "actor_type": "government", "commodity": "rescue", "quantity": "90.0", "unit": "personnel", "beneficiaries": "", "target_group": "general", "self_reported": "False", "source_outlets": "Janakpur Today", "source_outlet_count": 1, "entity_key": "Nepal Army, Armed Police Force and Nepal Police joint team|rescue|Nuwakot", "geo_resolution": "district", "geo_statement": "Located to Nuwakot district only — the source names a place we could not resolve", "geo_match_name": null, "geo_match_osm_id": null, "geo_anchor_id": "79688334B17077666187877", "geo_anchor_name": "Nuwakot"}, "geometry": {"type": "Point", "coordinates": [85.20729652963067, 27.936643231647253]}}, {"type": "Feature", "properties": {"record_id": "74b04653cf114a29", "table": "aid_delivery", "location_raw": "forest above Timure, Rasuwa", "location_ne": "", "admin_level": "settlement", "district": "Rasuwa", "province": "Bagmati", "geo_basis": "text_adjacent", "as_of": "2026-08-26", "as_of_basis": "inferred_from_text", "first_reported": "2026-08-30", "last_reported": "2026-08-30", "confidence": "medium", "confidence_note": "Location inferred from preceding paragraphs about Timure; 'Wednesday night' inferred as 26 Aug 2026.", "density": "1", "effective_sources": "1", "independent_origins": "1", "origin": "media_own", "origin_note": "single outlet", "corroboration": "single_source", "evidence_quote": "They survived on packets of noodles dropped by a Nepali Army helicopter.", "evidence_quote_en": "", "temporal_contamination_flag": "", "actor": "Nepali Army", "actor_type": "army", "commodity": "food", "quantity": "", "unit": "", "beneficiaries": "", "target_group": "survivors stranded in forest above Timure", "self_reported": "", "source_outlets": "The Times of India", "source_outlet_count": 1, "entity_key": "Nepali Army|food|Rasuwa", "geo_resolution": "district", "geo_statement": "Located to Rasuwa district only — the source names a place we could not resolve", "geo_match_name": null, "geo_match_osm_id": null, "geo_anchor_id": "79688334B50883418539268", "geo_anchor_name": "Rasuwa"}, "geometry": {"type": "Point", "coordinates": [85.43275923020244, 28.17010993431697]}}, {"type": "Feature", "properties": {"record_id": "f28b5da52c02c1f9", "table": "aid_delivery", "location_raw": "Timure (forest above settlement)", "location_ne": "", "admin_level": "settlement", "district": "Rasuwa", "province": "Bagmati", "geo_basis": "text_explicit", "as_of": "2026-08-26", "as_of_basis": "stated", "first_reported": "2026-08-30", "last_reported": "2026-08-30", "confidence": "medium", "confidence_note": "Food drop to survivors sheltering in forest above Timure, Rasuwa, on the night of the flood.", "density": "1", "effective_sources": "1", "independent_origins": "1", "origin": "media_own", "origin_note": "single outlet", "corroboration": "single_source", "evidence_quote": "They survived on packets of noodles dropped by a Nepali Army helicopter, according to The Kathmandu Post.", "evidence_quote_en": "", "temporal_contamination_flag": "", "actor": "Nepali Army", "actor_type": "army", "commodity": "food", "quantity": "", "unit": "", "beneficiaries": "", "target_group": "", "self_reported": "False", "source_outlets": "Kalimpong News", "source_outlet_count": 1, "entity_key": "Nepali Army|food|Rasuwa", "geo_resolution": "point", "geo_statement": "Matched \"Timure\" to a named OSM place in Rasuwa", "geo_match_name": "टिमुरे", "geo_match_osm_id": "node/2553894641", "geo_anchor_id": null, "geo_anchor_name": null}, "geometry": {"type": "Point", "coordinates": [85.3666715, 28.2528483]}}, {"type": "Feature", "properties": {"record_id": "eeb375344d6a080e", "table": "aid_delivery", "location_raw": "Timure", "location_ne": "", "admin_level": "settlement", "district": "Rasuwa", "province": "Bagmati", "geo_basis": "text_adjacent", "as_of": "2026-08-26", "as_of_basis": "inferred_from_text", "first_reported": "2026-08-28", "last_reported": "2026-08-28", "confidence": "low", "confidence_note": "Timure named earlier in the article as the location of this survivor's escape; no quantity given for the noodle packets. The source sentence named an individual survivor; that name is redacted to [name] in the quote.", "density": "3", "effective_sources": "1", "independent_origins": "1", "origin": "media_own", "origin_note": "single outlet", "corroboration": "syndicated", "evidence_quote": "Unable to be rescued during the day, [name] and others spent Wednesday night in a forest, surviving on packets of noodles dropped by a Nepal Army helicopter, according to the report.", "evidence_quote_en": "", "temporal_contamination_flag": "", "actor": "Nepal Army", "actor_type": "army", "commodity": "food", "quantity": "", "unit": "", "beneficiaries": "", "target_group": "", "self_reported": "False", "source_outlets": "Deccan Chronicle; Kashmir Observer; inkl", "source_outlet_count": 3, "entity_key": "Nepal Army|food|Rasuwa", "geo_resolution": "point", "geo_statement": "Matched \"Timure\" to a named OSM place in Rasuwa", "geo_match_name": "टिमुरे", "geo_match_osm_id": "node/2553894641", "geo_anchor_id": null, "geo_anchor_name": null}, "geometry": {"type": "Point", "coordinates": [85.3666715, 28.2528483]}}, {"type": "Feature", "properties": {"record_id": "e0f9e8dcefcef9af", "table": "aid_delivery", "location_raw": "Rasuwa", "location_ne": "", "admin_level": "district", "district": "Rasuwa", "province": "Bagmati", "geo_basis": "text_explicit", "as_of": "2026-08-26", "as_of_basis": "inferred_from_text", "first_reported": "2026-08-28", "last_reported": "2026-08-28", "confidence": "high", "confidence_note": "Date converted from \"Wednesday night\" stated in this article; article published Aug 27 places Wednesday as Aug 26.", "density": "1", "effective_sources": "1", "independent_origins": "1", "origin": "self:Government of India", "origin_note": "single outlet", "corroboration": "single_source", "evidence_quote": "The Government of India had earlier sent 10 tonnes of relief materials to Nepal on Wednesday night for those affected by floods in Rasuwa.", "evidence_quote_en": "", "temporal_contamination_flag": "", "actor": "Government of India", "actor_type": "government", "commodity": "other", "quantity": "10.0", "unit": "tonnes", "beneficiaries": "", "target_group": "flood victims in Rasuwa", "self_reported": "True", "source_outlets": "The Rising Nepal", "source_outlet_count": 1, "entity_key": "Government of India|other|Rasuwa", "geo_resolution": "district", "geo_statement": "Located to Rasuwa district only", "geo_match_name": null, "geo_match_osm_id": null, "geo_anchor_id": "79688334B50883418539268", "geo_anchor_name": "Rasuwa"}, "geometry": {"type": "Point", "coordinates": [85.43275923020244, 28.17010993431697]}}, {"type": "Feature", "properties": {"record_id": "812ad44f9db5a9f9", "table": "aid_delivery", "location_raw": "Rasuwa", "location_ne": "", "admin_level": "district", "district": "Rasuwa", "province": "Bagmati", "geo_basis": "text_explicit", "as_of": "2026-08-27", "as_of_basis": "inferred_from_text", "first_reported": "2026-08-27", "last_reported": "2026-08-28", "confidence": "high", "confidence_note": "For road-clearing work; Ministry of Infrastructure Development press release.", "density": "2", "effective_sources": "2", "independent_origins": "2", "origin": "unattributed", "origin_note": "2 outlets, no reporting body named; independence not established", "corroboration": "independent", "evidence_quote": "a total of 20 pieces of equipment have been deployed, with 10 provided by the government and 10 by the private sector", "evidence_quote_en": "", "temporal_contamination_flag": "False", "actor": "Government of Nepal", "actor_type": "government", "commodity": "other", "quantity": "10.0", "unit": "equipment pieces", "beneficiaries": "", "target_group": "", "self_reported": "False", "source_outlets": "Deshsanchar; Arghakhanchi", "source_outlet_count": 2, "entity_key": "Government of Nepal|other|Rasuwa", "geo_resolution": "district", "geo_statement": "Located to Rasuwa district only", "geo_match_name": null, "geo_match_osm_id": null, "geo_anchor_id": "79688334B50883418539268", "geo_anchor_name": "Rasuwa"}, "geometry": {"type": "Point", "coordinates": [85.43275923020244, 28.17010993431697]}}, {"type": "Feature", "properties": {"record_id": "b7fe822e34b0efb5", "table": "aid_delivery", "location_raw": "Rasuwa", "location_ne": "", "admin_level": "district", "district": "Rasuwa", "province": "Bagmati", "geo_basis": "text_explicit", "as_of": "2026-08-27", "as_of_basis": "inferred_from_text", "first_reported": "2026-08-28", "last_reported": "2026-08-28", "confidence": "high", "confidence_note": "For road-clearing work; Ministry of Infrastructure Development press release.", "density": "1", "effective_sources": "1", "independent_origins": "1", "origin": "media_own", "origin_note": "single outlet", "corroboration": "single_source", "evidence_quote": "a total of 20 pieces of equipment have been deployed, with 10 provided by the government and 10 by the private sector", "evidence_quote_en": "", "temporal_contamination_flag": "False", "actor": "private sector", "actor_type": "private", "commodity": "other", "quantity": "10.0", "unit": "equipment pieces", "beneficiaries": "", "target_group": "", "self_reported": "False", "source_outlets": "Deshsanchar", "source_outlet_count": 1, "entity_key": "private sector|other|Rasuwa", "geo_resolution": "district", "geo_statement": "Located to Rasuwa district only", "geo_match_name": null, "geo_match_osm_id": null, "geo_anchor_id": "79688334B50883418539268", "geo_anchor_name": "Rasuwa"}, "geometry": {"type": "Point", "coordinates": [85.43275923020244, 28.17010993431697]}}, {"type": "Feature", "properties": {"record_id": "f3434f7add1ef3d6", "table": "aid_delivery", "location_raw": "Rasuwa", "location_ne": "", "admin_level": "district", "district": "Rasuwa", "province": "Bagmati", "geo_basis": "text_explicit", "as_of": "2026-08-27", "as_of_basis": "stated", "first_reported": "2026-08-28", "last_reported": "2026-08-28", "confidence": "high", "confidence_note": "Jaishankar's own statement naming Rasuwa as destination of the second-phase shipment.", "density": "1", "effective_sources": "1", "independent_origins": "1", "origin": "self:Government of India", "origin_note": "single outlet", "corroboration": "single_source", "evidence_quote": "\"A second flight has just taken off, carrying 37.5 tonnes of HADR material, medicines & food packets for Nepal.", "evidence_quote_en": "", "temporal_contamination_flag": "", "actor": "Government of India", "actor_type": "government", "commodity": "other", "quantity": "37.5", "unit": "tonnes", "beneficiaries": "", "target_group": "flood victims in Rasuwa", "self_reported": "True", "source_outlets": "The Rising Nepal", "source_outlet_count": 1, "entity_key": "Government of India|other|Rasuwa", "geo_resolution": "district", "geo_statement": "Located to Rasuwa district only", "geo_match_name": null, "geo_match_osm_id": null, "geo_anchor_id": "79688334B50883418539268", "geo_anchor_name": "Rasuwa"}, "geometry": {"type": "Point", "coordinates": [85.43275923020244, 28.17010993431697]}}, {"type": "Feature", "properties": {"record_id": "26180dcbbb57a848", "table": "aid_delivery", "location_raw": "उत्तरगया र धुन्चे, रसुवा", "location_ne": "उत्तरगया र धुन्चे, रसुवा", "admin_level": "settlement", "district": "Rasuwa", "province": "Bagmati", "geo_basis": "text_explicit", "as_of": "2026-08-28", "as_of_basis": "inferred_from_text", "first_reported": "2026-08-30", "last_reported": "2026-08-30", "confidence": "medium", "confidence_note": "Article names district and two settlements (Uttargaya, Dhunche) directly; exact dispatch date inferred from stated Nepali-calendar dates (Bhadau 11-12) not converted by the source itself.", "density": "1", "effective_sources": "1", "independent_origins": "1", "origin": "self:Bagmati Province Government (Chief Minister's office)", "origin_note": "single outlet", "corroboration": "single_source", "evidence_quote": "रसुवा के उत्तरगया और धुन्चे के बाढ़ पीड़ितों के लिए तीन ट्रक खाद्यान्न सहित राहत सामग्री भेजी है।", "evidence_quote_en": "Three trucks of relief material including foodgrains have been sent for the flood victims of Uttargaya and Dhunche in Rasuwa.", "temporal_contamination_flag": "", "actor": "Bagmati Province Government (Chief Minister's office)", "actor_type": "government", "commodity": "food", "quantity": "3.0", "unit": "truckloads", "beneficiaries": "", "target_group": "flood victims in Uttargaya and Dhunche", "self_reported": "True", "source_outlets": "Ratopati", "source_outlet_count": 1, "entity_key": "Bagmati Province Government (Chief Minister's office)|food|Rasuwa", "geo_resolution": "point", "geo_statement": "Matched \"उत्तरगया\" to a named OSM place in Rasuwa", "geo_match_name": "उत्तरगया", "geo_match_osm_id": "node/13242877440", "geo_anchor_id": null, "geo_anchor_name": null}, "geometry": {"type": "Point", "coordinates": [85.1951685, 28.0116144]}}, {"type": "Feature", "properties": {"record_id": "48c738ddfc97ec2d", "table": "aid_delivery", "location_raw": "Rasuwa", "location_ne": "", "admin_level": "district", "district": "Rasuwa", "province": "Bagmati", "geo_basis": "text_explicit", "as_of": "2026-08-28", "as_of_basis": "inferred_from_text", "first_reported": "2026-08-31", "last_reported": "2026-08-31", "confidence": "medium", "confidence_note": "'Friday' inferred as Aug 28 (flood began Wed Aug 26).", "density": "1", "effective_sources": "1", "independent_origins": "1", "origin": "self:NDRRMA", "origin_note": "single outlet", "corroboration": "single_source", "evidence_quote": "On Friday, we sent food and medicines targeted at Rasuwa.", "evidence_quote_en": "", "temporal_contamination_flag": "False", "actor": "NDRRMA", "actor_type": "government", "commodity": "food", "quantity": "", "unit": "", "beneficiaries": "", "target_group": "flood-affected", "self_reported": "True", "source_outlets": "The Kathmandu Post", "source_outlet_count": 1, "entity_key": "NDRRMA|food|Rasuwa", "geo_resolution": "district", "geo_statement": "Located to Rasuwa district only", "geo_match_name": null, "geo_match_osm_id": null, "geo_anchor_id": "79688334B50883418539268", "geo_anchor_name": "Rasuwa"}, "geometry": {"type": "Point", "coordinates": [85.43275923020244, 28.17010993431697]}}, {"type": "Feature", "properties": {"record_id": "fe0968c1c2c1ceeb", "table": "aid_delivery", "location_raw": "Rasuwa", "location_ne": "", "admin_level": "district", "district": "Rasuwa", "province": "Bagmati", "geo_basis": "text_explicit", "as_of": "2026-08-28", "as_of_basis": "inferred_from_text", "first_reported": "2026-08-31", "last_reported": "2026-08-31", "confidence": "medium", "confidence_note": "'Friday' inferred as Aug 28 (flood began Wed Aug 26).", "density": "1", "effective_sources": "1", "independent_origins": "1", "origin": "self:NDRRMA", "origin_note": "single outlet", "corroboration": "single_source", "evidence_quote": "On Friday, we sent food and medicines targeted at Rasuwa.", "evidence_quote_en": "", "temporal_contamination_flag": "False", "actor": "NDRRMA", "actor_type": "government", "commodity": "medical", "quantity": "", "unit": "", "beneficiaries": "", "target_group": "flood-affected", "self_reported": "True", "source_outlets": "The Kathmandu Post", "source_outlet_count": 1, "entity_key": "NDRRMA|medical|Rasuwa", "geo_resolution": "district", "geo_statement": "Located to Rasuwa district only", "geo_match_name": null, "geo_match_osm_id": null, "geo_anchor_id": "79688334B50883418539268", "geo_anchor_name": "Rasuwa"}, "geometry": {"type": "Point", "coordinates": [85.43275923020244, 28.17010993431697]}}, {"type": "Feature", "properties": {"record_id": "e30ac1e9566ead08", "table": "aid_delivery", "location_raw": "Uttar Gaya, Rasuwa", "location_ne": "", "admin_level": "settlement", "district": "Rasuwa", "province": "Bagmati", "geo_basis": "text_explicit", "as_of": "2026-08-28", "as_of_basis": "inferred_from_text", "first_reported": "2026-08-31", "last_reported": "2026-08-31", "confidence": "high", "confidence_note": "Settlement named explicitly, day inferred as Friday=Aug 28.", "density": "1", "effective_sources": "1", "independent_origins": "1", "origin": "self:NDRRMA", "origin_note": "single outlet", "corroboration": "single_source", "evidence_quote": "There were specific complaints from the Uttar Gaya area of Rasuwa. In response, the Authority dispatched relief materials and medicines early Friday morning.", "evidence_quote_en": "", "temporal_contamination_flag": "False", "actor": "NDRRMA", "actor_type": "government", "commodity": "medical", "quantity": "", "unit": "", "beneficiaries": "", "target_group": "flood-affected", "self_reported": "True", "source_outlets": "The Kathmandu Post", "source_outlet_count": 1, "entity_key": "NDRRMA|medical|Rasuwa", "geo_resolution": "point", "geo_statement": "Matched \"Uttar Gaya\" to a named OSM place in Rasuwa", "geo_match_name": "उत्तरगया", "geo_match_osm_id": "node/13242877440", "geo_anchor_id": null, "geo_anchor_name": null}, "geometry": {"type": "Point", "coordinates": [85.1951685, 28.0116144]}}, {"type": "Feature", "properties": {"record_id": "8ecac57363d17c86", "table": "aid_delivery", "location_raw": "Rasuwa", "location_ne": "", "admin_level": "district", "district": "Rasuwa", "province": "Bagmati", "geo_basis": "text_explicit", "as_of": "2026-08-28", "as_of_basis": "inferred_from_text", "first_reported": "2026-08-28", "last_reported": "2026-08-29", "confidence": "high", "confidence_note": "District named directly; completed cash release, not a pledge.", "density": "19", "effective_sources": "18", "independent_origins": "18", "origin": "unattributed", "origin_note": "18 outlets, no reporting body named; independence not established", "corroboration": "independent", "evidence_quote": "The Nepalese government also released NPR 10 million each for Rasuwa and Nuwakot and NPR 5 million for Dhading for relief operations.", "evidence_quote_en": "", "temporal_contamination_flag": "False", "actor": "Government of Nepal", "actor_type": "government", "commodity": "cash", "quantity": "10.0", "unit": "NPR_million", "beneficiaries": "", "target_group": "", "self_reported": "False", "source_outlets": "The Tribune; The Statesman; The News Mill; ANI News; Asianet Newsable; Deccan Chronicle; Ratopati; Hindustan Times; NepalNews; LatestLY; Deshsanchar; newsdrum.in; Hindusthan Samachar English; India's News.Net", "source_outlet_count": 19, "entity_key": "Government of Nepal|cash|Rasuwa", "geo_resolution": "district", "geo_statement": "Located to Rasuwa district only", "geo_match_name": null, "geo_match_osm_id": null, "geo_anchor_id": "79688334B50883418539268", "geo_anchor_name": "Rasuwa"}, "geometry": {"type": "Point", "coordinates": [85.43275923020244, 28.17010993431697]}}, {"type": "Feature", "properties": {"record_id": "85eb9a02f9ba6478", "table": "aid_delivery", "location_raw": "Rasuwagadhi border crossing", "location_ne": "", "admin_level": "settlement", "district": "Rasuwa", "province": "Bagmati", "geo_basis": "text_adjacent", "as_of": "2026-08-28", "as_of_basis": "article_date", "first_reported": "2026-08-28", "last_reported": "2026-08-28", "confidence": "medium", "confidence_note": "Location inferred from adjacent Rasuwagadhi context. Quantity omitted — quote implies a single structure grammatically (\"a first structure\") but does not state a number.", "density": "1", "effective_sources": "1", "independent_origins": "1", "origin": "media_own", "origin_note": "single outlet", "corroboration": "single_source", "evidence_quote": "India has already sent a first structure along with a team of specialized technicians, and the rest of the equipment committed will gradually arrive in the disaster areas.", "evidence_quote_en": "", "temporal_contamination_flag": "", "actor": "Government of India", "actor_type": "government", "commodity": "other", "quantity": "", "unit": "", "beneficiaries": "", "target_group": "border crossing restoration", "self_reported": "False", "source_outlets": "teleSUR English", "source_outlet_count": 1, "entity_key": "Government of India|other|Rasuwa", "geo_resolution": "district", "geo_statement": "Located to Rasuwa district only — the source names a place we could not resolve", "geo_match_name": null, "geo_match_osm_id": null, "geo_anchor_id": "79688334B50883418539268", "geo_anchor_name": "Rasuwa"}, "geometry": {"type": "Point", "coordinates": [85.43275923020244, 28.17010993431697]}}, {"type": "Feature", "properties": {"record_id": "a039c91fbe0e306a", "table": "aid_delivery", "location_raw": "धुन्चे, रसुवा (Dhunche, Rasuwa)", "location_ne": "", "admin_level": "settlement", "district": "Rasuwa", "province": "Bagmati", "geo_basis": "text_explicit", "as_of": "2026-08-28", "as_of_basis": "article_date", "first_reported": "2026-08-28", "last_reported": "2026-08-28", "confidence": "high", "confidence_note": "Field ambulance treatment count in Dhunche.", "density": "1", "effective_sources": "1", "independent_origins": "1", "origin": "self:Nepal Army", "origin_note": "single outlet", "corroboration": "single_source", "evidence_quote": "सेनाले नुवाकोटको त्रिशूलीमा आपतकालीन उपचार केन्द्र स्थापना गरेर ५८३ जना र फिल्ड एम्बुलेन्समार्फत रसुवाको धुन्चेमा ५६२ जनाको उपचार गरेको छ ।", "evidence_quote_en": "The army set up an emergency treatment center in Trishuli, Nuwakot, and treated 583 people, and treated 562 people via field ambulance in Dhunche, Rasuwa.", "temporal_contamination_flag": "", "actor": "Nepal Army", "actor_type": "army", "commodity": "medical", "quantity": "562.0", "unit": "", "beneficiaries": "562.0", "target_group": "flood-affected", "self_reported": "True", "source_outlets": "Ratopati", "source_outlet_count": 1, "entity_key": "Nepal Army|medical|Rasuwa", "geo_resolution": "point", "geo_statement": "Matched \"Dhunche\" to a named OSM place in Rasuwa", "geo_match_name": "धुन्चे", "geo_match_osm_id": "node/10315965426", "geo_anchor_id": null, "geo_anchor_name": null}, "geometry": {"type": "Point", "coordinates": [85.2960583, 28.1127948]}}, {"type": "Feature", "properties": {"record_id": "cf56503b3e62a399", "table": "aid_delivery", "location_raw": "उत्तरगया गाउँपालिका (Uttargaya Rural Municipality), रसुवा", "location_ne": "", "admin_level": "rural_municipality", "district": "Rasuwa", "province": "Bagmati", "geo_basis": "text_explicit", "as_of": "2026-08-28", "as_of_basis": "article_date", "first_reported": "2026-08-28", "last_reported": "2026-08-28", "confidence": "high", "confidence_note": "Completed delivery ('पठाएको' = sent), quantity not numerically stated.", "density": "1", "effective_sources": "1", "independent_origins": "1", "origin": "media_own", "origin_note": "single outlet", "corroboration": "single_source", "evidence_quote": "छिमेकी कालिका र नौकुण्ड गाउँपालिकाले पठाएको खाद्यान्नले अब तीन दिनलाई मात्र धान्ने स्थिति छ।", "evidence_quote_en": "Food sent by neighboring Kalika and Naukunda rural municipalities will only last three more days.", "temporal_contamination_flag": "", "actor": "कालिका र नौकुण्ड गाउँपालिका (Kalika and Naukunda Rural Municipalities)", "actor_type": "government", "commodity": "food", "quantity": "", "unit": "", "beneficiaries": "", "target_group": "Uttargaya flood-affected", "self_reported": "False", "source_outlets": "Deshsanchar", "source_outlet_count": 1, "entity_key": "कालिका र नौकुण्ड गाउँपालिका (Kalika and Naukunda Rural Municipalities)|food|Rasuwa", "geo_resolution": "point", "geo_statement": "Matched \"Uttargaya\" to a named OSM place in Rasuwa", "geo_match_name": "उत्तरगया", "geo_match_osm_id": "node/13242877440", "geo_anchor_id": null, "geo_anchor_name": null}, "geometry": {"type": "Point", "coordinates": [85.1951685, 28.0116144]}}, {"type": "Feature", "properties": {"record_id": "17a17dcd3aa73f83", "table": "aid_delivery", "location_raw": "Rasuwa road network", "location_ne": "", "admin_level": "district", "district": "Rasuwa", "province": "Bagmati", "geo_basis": "text_adjacent", "as_of": "2026-08-28", "as_of_basis": "article_date", "first_reported": "2026-08-28", "last_reported": "2026-08-28", "confidence": "medium", "confidence_note": "Mobilisation reported for the Rasuwa road-clearance effort described in the same article.", "density": "1", "effective_sources": "1", "independent_origins": "1", "origin": "self:Department of Roads / private sector", "origin_note": "single outlet", "corroboration": "single_source", "evidence_quote": "A total of 20 units of heavy equipment have been mobilized to accelerate road clearance and restoration efforts, including 10 units from government agencies and 10 from the private sector.", "evidence_quote_en": "", "temporal_contamination_flag": "", "actor": "Department of Roads / private sector", "actor_type": "government", "commodity": "transport", "quantity": "20.0", "unit": "units of heavy equipment", "beneficiaries": "", "target_group": "road users in Rasuwa", "self_reported": "True", "source_outlets": "Khabarhub", "source_outlet_count": 1, "entity_key": "Department of Roads / private sector|transport|Rasuwa", "geo_resolution": "district", "geo_statement": "Located to Rasuwa district only", "geo_match_name": null, "geo_match_osm_id": null, "geo_anchor_id": "79688334B50883418539268", "geo_anchor_name": "Rasuwa"}, "geometry": {"type": "Point", "coordinates": [85.43275923020244, 28.17010993431697]}}, {"type": "Feature", "properties": {"record_id": "c668d34827729760", "table": "aid_delivery", "location_raw": "रसुवा", "location_ne": "", "admin_level": "district", "district": "Rasuwa", "province": "Bagmati", "geo_basis": "text_explicit", "as_of": "2026-08-28", "as_of_basis": "stated", "first_reported": "2026-08-28", "last_reported": "2026-08-28", "confidence": "medium", "confidence_note": "Dateline \"12 Bhadra\" maps to 28 Aug 2026 (per event start \"10 Bhadra\" = 26 Aug 2026 stated elsewhere in shard); fund is national but purpose is explicitly Rasuwa flood relief.", "density": "1", "effective_sources": "1", "independent_origins": "1", "origin": "media_own", "origin_note": "single outlet", "corroboration": "single_source", "evidence_quote": "रसुवा बाढीका कारण प्रभावित नागरिकहरूको उद्धार, राहत तथा पुनःस्थापनामा लागि त्रिवेणी समूहले प्रधानमन्त्री दैवी प्रकोप उद्धार कोषमा २ करोड ११ लाख रुपैयाँ सहयोग गरेको छ।", "evidence_quote_en": "For the rescue, relief and rehabilitation of citizens affected by the Rasuwa flood, Triveni Group has contributed NPR 21,100,000 (2 crore 11 lakh rupees) to the Prime Minister Disaster Relief Fund.", "temporal_contamination_flag": "False", "actor": "त्रिवेणी समूह (Triveni Group)", "actor_type": "private", "commodity": "cash", "quantity": "21100000.0", "unit": "NPR", "beneficiaries": "", "target_group": "general", "self_reported": "False", "source_outlets": "Onlinekhabar", "source_outlet_count": 1, "entity_key": "त्रिवेणी समूह (Triveni Group)|cash|Rasuwa", "geo_resolution": "district", "geo_statement": "Located to Rasuwa district only", "geo_match_name": null, "geo_match_osm_id": null, "geo_anchor_id": "79688334B50883418539268", "geo_anchor_name": "Rasuwa"}, "geometry": {"type": "Point", "coordinates": [85.43275923020244, 28.17010993431697]}}, {"type": "Feature", "properties": {"record_id": "9ffc333e6d2c360b", "table": "aid_delivery", "location_raw": "रसुवा र नुवाकोट", "location_ne": "", "admin_level": "district", "district": "Rasuwa", "province": "Bagmati", "geo_basis": "text_adjacent", "as_of": "2026-08-28", "as_of_basis": "article_date", "first_reported": "2026-08-28", "last_reported": "2026-08-28", "confidence": "medium", "confidence_note": "Main rescue work is centred on Rasuwa and Nuwakot districts per article; Nuwakot also involved but Rasuwa recorded as primary.", "density": "1", "effective_sources": "1", "independent_origins": "1", "origin": "media_own", "origin_note": "single outlet", "corroboration": "single_source", "evidence_quote": "करिब १५ हजार सुरक्षाकर्मी परिचालन गरेर भइरहेको भनिएको खोज तथा उद्धारमा नेपाली सेना, सशस्त्र प्रहरी र नेपाल प्रहरी खटिएका बताइएको छ।", "evidence_quote_en": "It is said that approximately 15,000 security personnel have been mobilised in the search and rescue operation, deployed from the Nepal Army, Armed Police Force and Nepal Police.", "temporal_contamination_flag": "False", "actor": "नेपाली सेना, सशस्त्र प्रहरी र नेपाल प्रहरी (Nepal Army, Armed Police Force, Nepal Police)", "actor_type": "government", "commodity": "rescue", "quantity": "15000.0", "unit": "personnel", "beneficiaries": "", "target_group": "", "self_reported": "False", "source_outlets": "BBC Nepali", "source_outlet_count": 1, "entity_key": "नेपाली सेना, सशस्त्र प्रहरी र नेपाल प्रहरी (Nepal Army, Armed Police Force, Nepal Police)|rescue|Rasuwa", "geo_resolution": "district", "geo_statement": "Located to Rasuwa district only", "geo_match_name": null, "geo_match_osm_id": null, "geo_anchor_id": "79688334B50883418539268", "geo_anchor_name": "Rasuwa"}, "geometry": {"type": "Point", "coordinates": [85.43275923020244, 28.17010993431697]}}, {"type": "Feature", "properties": {"record_id": "1def0be8c74eefff", "table": "aid_delivery", "location_raw": "Bogatitar (Nilkantha Secondary School)", "location_ne": "", "admin_level": "settlement", "district": "Rasuwa", "province": "Bagmati", "geo_basis": "text_adjacent", "as_of": "2026-08-28", "as_of_basis": "article_date", "first_reported": "2026-08-28", "last_reported": "2026-08-28", "confidence": "high", "confidence_note": "Completed provision (not a pledge), tied to the Nilkantha school shelter context.", "density": "1", "effective_sources": "1", "independent_origins": "1", "origin": "media_own", "origin_note": "single outlet", "corroboration": "single_source", "evidence_quote": "The Kalika and Naukunda rural municipalities have provided food and other essential supplies, which are expected to last for approximately three more days", "evidence_quote_en": "", "temporal_contamination_flag": "False", "actor": "Kalika and Naukunda rural municipalities", "actor_type": "government", "commodity": "food", "quantity": "", "unit": "", "beneficiaries": "", "target_group": "", "self_reported": "False", "source_outlets": "The Climate Watch", "source_outlet_count": 1, "entity_key": "Kalika and Naukunda rural municipalities|food|Rasuwa", "geo_resolution": "district", "geo_statement": "Located to Rasuwa district only — the source names a place we could not resolve", "geo_match_name": null, "geo_match_osm_id": null, "geo_anchor_id": "79688334B50883418539268", "geo_anchor_name": "Rasuwa"}, "geometry": {"type": "Point", "coordinates": [85.43275923020244, 28.17010993431697]}}, {"type": "Feature", "properties": {"record_id": "71b6241022f89b1a", "table": "aid_delivery", "location_raw": "Rasuwa district (flood-affected areas)", "location_ne": "", "admin_level": "district", "district": "Rasuwa", "province": "Bagmati", "geo_basis": "text_explicit", "as_of": "2026-08-28", "as_of_basis": "article_date", "first_reported": "2026-08-28", "last_reported": "2026-08-28", "confidence": "medium", "confidence_note": "Relief materials described as 'being sent' (in transit) rather than confirmed handed over.", "density": "1", "effective_sources": "1", "independent_origins": "1", "origin": "self:Government of Nepal", "origin_note": "single outlet", "corroboration": "single_source", "evidence_quote": "More than 10 truckloads of relief materials are also being sent to the flood-affected areas, he said.", "evidence_quote_en": "", "temporal_contamination_flag": "", "actor": "Government of Nepal", "actor_type": "government", "commodity": "other", "quantity": "10.0", "unit": "truckloads", "beneficiaries": "", "target_group": "", "self_reported": "True", "source_outlets": "OnlineKhabar English News", "source_outlet_count": 1, "entity_key": "Government of Nepal|other|Rasuwa", "geo_resolution": "district", "geo_statement": "Located to Rasuwa district only", "geo_match_name": null, "geo_match_osm_id": null, "geo_anchor_id": "79688334B50883418539268", "geo_anchor_name": "Rasuwa"}, "geometry": {"type": "Point", "coordinates": [85.43275923020244, 28.17010993431697]}}, {"type": "Feature", "properties": {"record_id": "51481c9dc4696dee", "table": "aid_delivery", "location_raw": "Rasuwa district", "location_ne": "", "admin_level": "district", "district": "Rasuwa", "province": "Bagmati", "geo_basis": "text_explicit", "as_of": "2026-08-28", "as_of_basis": "article_date", "first_reported": "2026-08-28", "last_reported": "2026-08-28", "confidence": "high", "confidence_note": "Explicit split of 15 helicopters given by government spokesperson.", "density": "2", "effective_sources": "2", "independent_origins": "2", "origin": "unattributed", "origin_note": "2 outlets, no reporting body named; independence not established", "corroboration": "independent", "evidence_quote": "Government spokesperson and Minister for Education and Sports Sasmit Pokharel said 15 helicopters are currently involved in rescue operations — six operated by the Nepali Army and nine by private companies.", "evidence_quote_en": "", "temporal_contamination_flag": "", "actor": "Nepali Army", "actor_type": "army", "commodity": "rescue", "quantity": "6.0", "unit": "helicopters", "beneficiaries": "", "target_group": "", "self_reported": "False", "source_outlets": "OnlineKhabar English News", "source_outlet_count": 2, "entity_key": "Nepali Army|rescue|Rasuwa", "geo_resolution": "district", "geo_statement": "Located to Rasuwa district only", "geo_match_name": null, "geo_match_osm_id": null, "geo_anchor_id": "79688334B50883418539268", "geo_anchor_name": "Rasuwa"}, "geometry": {"type": "Point", "coordinates": [85.43275923020244, 28.17010993431697]}}, {"type": "Feature", "properties": {"record_id": "6f08318ee6079970", "table": "aid_delivery", "location_raw": "Rasuwa district", "location_ne": "", "admin_level": "district", "district": "Rasuwa", "province": "Bagmati", "geo_basis": "text_explicit", "as_of": "2026-08-28", "as_of_basis": "article_date", "first_reported": "2026-08-28", "last_reported": "2026-08-28", "confidence": "high", "confidence_note": "Explicit split of 15 helicopters given by government spokesperson.", "density": "1", "effective_sources": "1", "independent_origins": "1", "origin": "media_own", "origin_note": "single outlet", "corroboration": "single_source", "evidence_quote": "Government spokesperson and Minister for Education and Sports Sasmit Pokharel said 15 helicopters are currently involved in rescue operations — six operated by the Nepali Army and nine by private companies.", "evidence_quote_en": "", "temporal_contamination_flag": "", "actor": "private helicopter companies", "actor_type": "private", "commodity": "rescue", "quantity": "9.0", "unit": "helicopters", "beneficiaries": "", "target_group": "", "self_reported": "False", "source_outlets": "OnlineKhabar English News", "source_outlet_count": 1, "entity_key": "private helicopter companies|rescue|Rasuwa", "geo_resolution": "district", "geo_statement": "Located to Rasuwa district only", "geo_match_name": null, "geo_match_osm_id": null, "geo_anchor_id": "79688334B50883418539268", "geo_anchor_name": "Rasuwa"}, "geometry": {"type": "Point", "coordinates": [85.43275923020244, 28.17010993431697]}}, {"type": "Feature", "properties": {"record_id": "0384df1e184fbd14", "table": "aid_delivery", "location_raw": "Rasuwa district (flood response)", "location_ne": "", "admin_level": "district", "district": "Rasuwa", "province": "Bagmati", "geo_basis": "text_adjacent", "as_of": "2026-08-28", "as_of_basis": "article_date", "first_reported": "2026-08-28", "last_reported": "2026-08-28", "confidence": "medium", "confidence_note": "National deployment total for the Rasuwa flood response.", "density": "1", "effective_sources": "1", "independent_origins": "1", "origin": "media_own", "origin_note": "single outlet", "corroboration": "single_source", "evidence_quote": "According to Pokharel, 7,250 Nepal Police personnel, 4,200 Nepali Army personnel and 1,845 Armed Police Force personnel have been mobilised, bringing the total to 13,295.", "evidence_quote_en": "", "temporal_contamination_flag": "", "actor": "Nepal Police", "actor_type": "police", "commodity": "rescue", "quantity": "7250.0", "unit": "personnel", "beneficiaries": "", "target_group": "", "self_reported": "", "source_outlets": "OnlineKhabar English News", "source_outlet_count": 1, "entity_key": "Nepal Police|rescue|Rasuwa", "geo_resolution": "district", "geo_statement": "Located to Rasuwa district only", "geo_match_name": null, "geo_match_osm_id": null, "geo_anchor_id": "79688334B50883418539268", "geo_anchor_name": "Rasuwa"}, "geometry": {"type": "Point", "coordinates": [85.43275923020244, 28.17010993431697]}}, {"type": "Feature", "properties": {"record_id": "58dfc57bb91a7404", "table": "aid_delivery", "location_raw": "Rasuwa district (flood response)", "location_ne": "", "admin_level": "district", "district": "Rasuwa", "province": "Bagmati", "geo_basis": "text_adjacent", "as_of": "2026-08-28", "as_of_basis": "article_date", "first_reported": "2026-08-28", "last_reported": "2026-08-28", "confidence": "medium", "confidence_note": "National deployment total for the Rasuwa flood response.", "density": "1", "effective_sources": "1", "independent_origins": "1", "origin": "media_own", "origin_note": "single outlet", "corroboration": "single_source", "evidence_quote": "According to Pokharel, 7,250 Nepal Police personnel, 4,200 Nepali Army personnel and 1,845 Armed Police Force personnel have been mobilised, bringing the total to 13,295.", "evidence_quote_en": "", "temporal_contamination_flag": "", "actor": "Armed Police Force", "actor_type": "police", "commodity": "rescue", "quantity": "1845.0", "unit": "personnel", "beneficiaries": "", "target_group": "", "self_reported": "", "source_outlets": "OnlineKhabar English News", "source_outlet_count": 1, "entity_key": "Armed Police Force|rescue|Rasuwa", "geo_resolution": "district", "geo_statement": "Located to Rasuwa district only", "geo_match_name": null, "geo_match_osm_id": null, "geo_anchor_id": "79688334B50883418539268", "geo_anchor_name": "Rasuwa"}, "geometry": {"type": "Point", "coordinates": [85.43275923020244, 28.17010993431697]}}, {"type": "Feature", "properties": {"record_id": "9d0c5274a5873546", "table": "aid_delivery", "location_raw": "Rasuwa district (Nepal)", "location_ne": "", "admin_level": "district", "district": "Rasuwa", "province": "Bagmati", "geo_basis": "text_adjacent", "as_of": "2026-08-28", "as_of_basis": "article_date", "first_reported": "2026-08-28", "last_reported": "2026-08-28", "confidence": "medium", "confidence_note": "Red Cross's own appeal describing its ongoing on-ground response; no quantity given for items listed.", "density": "1", "effective_sources": "1", "independent_origins": "1", "origin": "self:Nepal Red Cross Society", "origin_note": "single outlet", "corroboration": "single_source", "evidence_quote": "the Nepal Red Cross Society emergency teams have responded immediately to the flooding and are on the ground now, helping with search and rescue efforts and providing aid and support to those affected.\n\n— Providing first aid kits, blankets, ropes and other emergency items", "evidence_quote_en": "", "temporal_contamination_flag": "", "actor": "Nepal Red Cross Society", "actor_type": "national_NGO", "commodity": "shelter_NFI", "quantity": "", "unit": "", "beneficiaries": "", "target_group": "", "self_reported": "True", "source_outlets": "AIMS World Running", "source_outlet_count": 1, "entity_key": "Nepal Red Cross Society|shelter_NFI|Rasuwa", "geo_resolution": "district", "geo_statement": "Located to Rasuwa district only", "geo_match_name": null, "geo_match_osm_id": null, "geo_anchor_id": "79688334B50883418539268", "geo_anchor_name": "Rasuwa"}, "geometry": {"type": "Point", "coordinates": [85.43275923020244, 28.17010993431697]}}, {"type": "Feature", "properties": {"record_id": "c44af7562634f482", "table": "aid_delivery", "location_raw": "two school locations in Rasuwa", "location_ne": "", "admin_level": "district", "district": "Rasuwa", "province": "Bagmati", "geo_basis": "text_explicit", "as_of": "2026-08-28", "as_of_basis": "stated", "first_reported": "2026-08-28", "last_reported": "2026-08-28", "confidence": "medium", "confidence_note": "U.S. Embassy sent shipment; final distribution to schools described as pending.", "density": "1", "effective_sources": "1", "independent_origins": "1", "origin": "self:Catholic Relief Services / Caritas Nepal", "origin_note": "single outlet", "corroboration": "single_source", "evidence_quote": "The shipment, to be distributed by Catholic Relief Services through its implementing partner Caritas Nepal, includes more than 2.5 metric tons of food supplies, 500 blankets, 500 mosquito nets and 500 insulating foam sheets for temporary shelter flooring. The supplies will be delivered to two school locations in Rasuwa.", "evidence_quote_en": "", "temporal_contamination_flag": "", "actor": "Catholic Relief Services / Caritas Nepal", "actor_type": "INGO", "commodity": "food", "quantity": "2.5", "unit": "metric_tons", "beneficiaries": "", "target_group": "", "self_reported": "True", "source_outlets": "NepalNews", "source_outlet_count": 1, "entity_key": "Catholic Relief Services / Caritas Nepal|food|Rasuwa", "geo_resolution": "district", "geo_statement": "Located to Rasuwa district only", "geo_match_name": null, "geo_match_osm_id": null, "geo_anchor_id": "79688334B50883418539268", "geo_anchor_name": "Rasuwa"}, "geometry": {"type": "Point", "coordinates": [85.43275923020244, 28.17010993431697]}}, {"type": "Feature", "properties": {"record_id": "1cf573c3af208565", "table": "aid_delivery", "location_raw": "two school locations in Rasuwa", "location_ne": "", "admin_level": "district", "district": "Rasuwa", "province": "Bagmati", "geo_basis": "text_explicit", "as_of": "2026-08-28", "as_of_basis": "stated", "first_reported": "2026-08-28", "last_reported": "2026-08-28", "confidence": "medium", "confidence_note": "Shipment also included 500 mosquito nets and 500 insulating foam sheets, same quote.", "density": "1", "effective_sources": "1", "independent_origins": "1", "origin": "self:Catholic Relief Services / Caritas Nepal", "origin_note": "single outlet", "corroboration": "single_source", "evidence_quote": "The shipment, to be distributed by Catholic Relief Services through its implementing partner Caritas Nepal, includes more than 2.5 metric tons of food supplies, 500 blankets, 500 mosquito nets and 500 insulating foam sheets for temporary shelter flooring. The supplies will be delivered to two school locations in Rasuwa.", "evidence_quote_en": "", "temporal_contamination_flag": "", "actor": "Catholic Relief Services / Caritas Nepal", "actor_type": "INGO", "commodity": "shelter_NFI", "quantity": "500.0", "unit": "blankets", "beneficiaries": "", "target_group": "", "self_reported": "True", "source_outlets": "NepalNews", "source_outlet_count": 1, "entity_key": "Catholic Relief Services / Caritas Nepal|shelter_NFI|Rasuwa", "geo_resolution": "district", "geo_statement": "Located to Rasuwa district only", "geo_match_name": null, "geo_match_osm_id": null, "geo_anchor_id": "79688334B50883418539268", "geo_anchor_name": "Rasuwa"}, "geometry": {"type": "Point", "coordinates": [85.43275923020244, 28.17010993431697]}}, {"type": "Feature", "properties": {"record_id": "00940340e71692d2", "table": "aid_delivery", "location_raw": "Uttargaya and Dhunche", "location_ne": "", "admin_level": "settlement", "district": "Rasuwa", "province": "Bagmati", "geo_basis": "text_explicit", "as_of": "2026-08-29", "as_of_basis": "inferred_from_text", "first_reported": "2026-08-30", "last_reported": "2026-08-30", "confidence": "medium", "confidence_note": "'Saturday' inferred as 29 Aug 2026.", "density": "1", "effective_sources": "1", "independent_origins": "1", "origin": "media_own", "origin_note": "single outlet", "corroboration": "single_source", "evidence_quote": "Two tonnes of food were airlifted to Uttargaya and Dhunche on Saturday.", "evidence_quote_en": "", "temporal_contamination_flag": "", "actor": "Government of Nepal", "actor_type": "government", "commodity": "food", "quantity": "2.0", "unit": "tonnes", "beneficiaries": "", "target_group": "flood-affected residents", "self_reported": "", "source_outlets": "Khabarhub", "source_outlet_count": 1, "entity_key": "Government of Nepal|food|Rasuwa", "geo_resolution": "point", "geo_statement": "Matched \"Uttargaya\" to a named OSM place in Rasuwa", "geo_match_name": "उत्तरगया", "geo_match_osm_id": "node/13242877440", "geo_anchor_id": null, "geo_anchor_name": null}, "geometry": {"type": "Point", "coordinates": [85.1951685, 28.0116144]}}, {"type": "Feature", "properties": {"record_id": "e61f693c3b3f00b3", "table": "aid_delivery", "location_raw": "Chilime and Langtang", "location_ne": "", "admin_level": "settlement", "district": "Rasuwa", "province": "Bagmati", "geo_basis": "text_adjacent", "as_of": "2026-08-29", "as_of_basis": "stated", "first_reported": "2026-08-30", "last_reported": "2026-08-30", "confidence": "medium", "confidence_note": "Team size explicit; Chilime/Langtang location comes from the preceding sentence ('flew to Chilime and Langtang').", "density": "2", "effective_sources": "1", "independent_origins": "1", "origin": "self:India (NDRF)", "origin_note": "single outlet", "corroboration": "syndicated", "evidence_quote": "The 11-member Indian team was flown to the two designated areas but the Nepal government on Saturday turned down another Indian request to send a bigger search and rescue team.", "evidence_quote_en": "", "temporal_contamination_flag": "", "actor": "India (NDRF)", "actor_type": "government", "commodity": "rescue", "quantity": "11.0", "unit": "personnel", "beneficiaries": "", "target_group": "trapped hydropower workers", "self_reported": "True", "source_outlets": "The Kathmandu Post; Inquirer.net", "source_outlet_count": 2, "entity_key": "India (NDRF)|rescue|Rasuwa", "geo_resolution": "point", "geo_statement": "Matched \"Chilime\" to a named OSM place in Rasuwa", "geo_match_name": "चिलिमे", "geo_match_osm_id": "node/13242877444", "geo_anchor_id": null, "geo_anchor_name": null}, "geometry": {"type": "Point", "coordinates": [85.3022373, 28.1836181]}}, {"type": "Feature", "properties": {"record_id": "7af636a18d9e5288", "table": "aid_delivery", "location_raw": "Chilime and Langtang", "location_ne": "", "admin_level": "district", "district": "Rasuwa", "province": "Bagmati", "geo_basis": "text_explicit", "as_of": "2026-08-29", "as_of_basis": "stated", "first_reported": "2026-08-29", "last_reported": "2026-08-30", "confidence": "medium", "confidence_note": "Chilime and Langtang are both in Rasuwa district.", "density": "2", "effective_sources": "2", "independent_origins": "2", "origin": "unattributed", "origin_note": "2 outlets, no reporting body named; independence not established", "corroboration": "independent", "evidence_quote": "an 11-member team of medical personnel and tunnel-rescue specialists reached Nepal on Saturday to begin aerial assessments in the Chilime and Langtang regions.", "evidence_quote_en": "", "temporal_contamination_flag": "", "actor": "India", "actor_type": "government", "commodity": "rescue", "quantity": "11.0", "unit": "personnel", "beneficiaries": "", "target_group": "", "self_reported": "", "source_outlets": "Khabarhub; Al Jazeera", "source_outlet_count": 2, "entity_key": "India|rescue|Rasuwa", "geo_resolution": "district", "geo_statement": "Located to Rasuwa district only", "geo_match_name": null, "geo_match_osm_id": null, "geo_anchor_id": "79688334B50883418539268", "geo_anchor_name": "Rasuwa"}, "geometry": {"type": "Point", "coordinates": [85.43275923020244, 28.17010993431697]}}, {"type": "Feature", "properties": {"record_id": "a165b110829fac9f", "table": "aid_delivery", "location_raw": "Trishuli-3A hydropower site", "location_ne": "", "admin_level": "settlement", "district": "Rasuwa", "province": "Bagmati", "geo_basis": "text_explicit", "as_of": "2026-08-29", "as_of_basis": "stated", "first_reported": "2026-08-30", "last_reported": "2026-08-30", "confidence": "high", "confidence_note": "Site-specific, dated Saturday, distinct from national deployment totals.", "density": "1", "effective_sources": "1", "independent_origins": "1", "origin": "media_own", "origin_note": "single outlet", "corroboration": "single_source", "evidence_quote": "a team of 90 people -- members of the armed forces, police and trained rescuers with dogs -- were deployed to the site at Trishuli-3A hydropower site.", "evidence_quote_en": "", "temporal_contamination_flag": "", "actor": "Government of Nepal", "actor_type": "government", "commodity": "rescue", "quantity": "90.0", "unit": "people", "beneficiaries": "", "target_group": "workers", "self_reported": "", "source_outlets": "upi.com", "source_outlet_count": 1, "entity_key": "Government of Nepal|rescue|Rasuwa", "geo_resolution": "district", "geo_statement": "Located to Rasuwa district only — the source names a place we could not resolve", "geo_match_name": null, "geo_match_osm_id": null, "geo_anchor_id": "79688334B50883418539268", "geo_anchor_name": "Rasuwa"}, "geometry": {"type": "Point", "coordinates": [85.43275923020244, 28.17010993431697]}}, {"type": "Feature", "properties": {"record_id": "65c2f76bb0285621", "table": "aid_delivery", "location_raw": "Uttargaya and Dhunche, Rasuwa", "location_ne": "", "admin_level": "rural_municipality", "district": "Rasuwa", "province": "Bagmati", "geo_basis": "text_explicit", "as_of": "2026-08-29", "as_of_basis": "stated", "first_reported": "2026-08-31", "last_reported": "2026-08-31", "confidence": "high", "confidence_note": "Named rural municipality/town and district, dated Saturday.", "density": "1", "effective_sources": "1", "independent_origins": "1", "origin": "media_own", "origin_note": "single outlet", "corroboration": "single_source", "evidence_quote": "Two tonnes of food were airlifted to Uttargaya and Dhunche on Saturday.", "evidence_quote_en": "", "temporal_contamination_flag": "", "actor": "Government of Nepal", "actor_type": "government", "commodity": "food", "quantity": "2.0", "unit": "tonnes", "beneficiaries": "", "target_group": "", "self_reported": "", "source_outlets": "Asia News Network", "source_outlet_count": 1, "entity_key": "Government of Nepal|food|Rasuwa", "geo_resolution": "point", "geo_statement": "Matched \"Uttargaya\" to a named OSM place in Rasuwa", "geo_match_name": "उत्तरगया", "geo_match_osm_id": "node/13242877440", "geo_anchor_id": null, "geo_anchor_name": null}, "geometry": {"type": "Point", "coordinates": [85.1951685, 28.0116144]}}, {"type": "Feature", "properties": {"record_id": "9d306e2d05d50b44", "table": "aid_delivery", "location_raw": "चिलिमे र लांगटांग जलविद्युत परियोजना क्षेत्र", "location_ne": "", "admin_level": "settlement", "district": "Rasuwa", "province": "Bagmati", "geo_basis": "text_explicit", "as_of": "2026-08-29", "as_of_basis": "stated", "first_reported": "2026-08-31", "last_reported": "2026-08-31", "confidence": "high", "confidence_note": "Chilime and Langtang are named explicitly and both fall within Rasuwa district.", "density": "1", "effective_sources": "1", "independent_origins": "1", "origin": "self:भारतीय तकनीकी दल (टनल सर्च एण्ड रेस्क्यू)", "origin_note": "single outlet", "corroboration": "single_source", "evidence_quote": "यह टीम नेपाली सेना के साथ मिलकर चिलिमे और लांगटांग क्षेत्र के जलविद्युत परियोजना सुरंग स्थलों पर काम कर रही है.", "evidence_quote_en": "This team is working together with the Nepali Army at the hydropower project tunnel sites in the Chilime and Langtang areas.", "temporal_contamination_flag": "False", "actor": "भारतीय तकनीकी दल (टनल सर्च एण्ड रेस्क्यू)", "actor_type": "government", "commodity": "rescue", "quantity": "", "unit": "", "beneficiaries": "", "target_group": "", "self_reported": "True", "source_outlets": "ndtv.in", "source_outlet_count": 1, "entity_key": "भारतीय तकनीकी दल (टनल सर्च एण्ड रेस्क्यू)|rescue|Rasuwa", "geo_resolution": "point", "geo_statement": "Matched \"चिलिमे\" to a named OSM place in Rasuwa", "geo_match_name": "चिलिमे", "geo_match_osm_id": "node/13242877444", "geo_anchor_id": null, "geo_anchor_name": null}, "geometry": {"type": "Point", "coordinates": [85.3022373, 28.1836181]}}, {"type": "Feature", "properties": {"record_id": "b29d931b0941a666", "table": "aid_delivery", "location_raw": "Dhunche to Kathmandu route", "location_ne": "", "admin_level": "district", "district": "Rasuwa", "province": "Bagmati", "geo_basis": "text_explicit", "as_of": "2026-08-29", "as_of_basis": "stated", "first_reported": "2026-08-29", "last_reported": "2026-08-29", "confidence": "high", "confidence_note": "Actor and route explicit.", "density": "2", "effective_sources": "1", "independent_origins": "1", "origin": "media_own", "origin_note": "single outlet", "corroboration": "syndicated", "evidence_quote": "Free bus services have been arranged for those traveling to Kathmandu, along with food provisions at Chaugati.", "evidence_quote_en": "", "temporal_contamination_flag": "", "actor": "Bagmati Province government", "actor_type": "government", "commodity": "transport", "quantity": "", "unit": "", "beneficiaries": "", "target_group": "stranded pilgrims and tourists", "self_reported": "False", "source_outlets": "NepalNews; Nepal News", "source_outlet_count": 2, "entity_key": "Bagmati Province government|transport|Rasuwa", "geo_resolution": "district", "geo_statement": "Located to Rasuwa district only", "geo_match_name": null, "geo_match_osm_id": null, "geo_anchor_id": "79688334B50883418539268", "geo_anchor_name": "Rasuwa"}, "geometry": {"type": "Point", "coordinates": [85.43275923020244, 28.17010993431697]}}, {"type": "Feature", "properties": {"record_id": "ae4b8cfa0f0e17b2", "table": "aid_delivery", "location_raw": "Dhunche", "location_ne": "", "admin_level": "municipality", "district": "Rasuwa", "province": "Bagmati", "geo_basis": "text_explicit", "as_of": "2026-08-29", "as_of_basis": "stated", "first_reported": "2026-08-29", "last_reported": "2026-08-29", "confidence": "high", "confidence_note": "Actor and location explicit.", "density": "2", "effective_sources": "1", "independent_origins": "1", "origin": "media_own", "origin_note": "single outlet", "corroboration": "syndicated", "evidence_quote": "Under this plan, stranded passengers receive food in Dhunche before being transported by vehicle to Mahabir.", "evidence_quote_en": "", "temporal_contamination_flag": "", "actor": "Bagmati Province government", "actor_type": "government", "commodity": "food", "quantity": "", "unit": "", "beneficiaries": "", "target_group": "stranded pilgrims and tourists", "self_reported": "False", "source_outlets": "NepalNews; Nepal News", "source_outlet_count": 2, "entity_key": "Bagmati Province government|food|Rasuwa", "geo_resolution": "point", "geo_statement": "Matched \"Dhunche\" to a named OSM place in Rasuwa", "geo_match_name": "धुन्चे", "geo_match_osm_id": "node/10315965426", "geo_anchor_id": null, "geo_anchor_name": null}, "geometry": {"type": "Point", "coordinates": [85.2960583, 28.1127948]}}, {"type": "Feature", "properties": {"record_id": "fc32704589fbf80e", "table": "aid_delivery", "location_raw": "Rasuwa district", "location_ne": "", "admin_level": "district", "district": "Rasuwa", "province": "Bagmati", "geo_basis": "text_explicit", "as_of": "2026-08-29", "as_of_basis": "stated", "first_reported": "2026-08-29", "last_reported": "2026-08-29", "confidence": "high", "confidence_note": "Government cash relief already provided (past tense), not a pledge.", "density": "3", "effective_sources": "3", "independent_origins": "3", "origin": "unattributed", "origin_note": "3 outlets, no reporting body named; independence not established", "corroboration": "independent", "evidence_quote": "नेपाल सरकारबाट रसुवा र नुवाकोटलाई १–१ करोड तथा धादिङलाई ५० लाख रुपैयाँ नगद राहत उपलब्ध गराइएको छ", "evidence_quote_en": "The Government of Nepal has provided cash relief of 1 crore rupees each to Rasuwa and Nuwakot, and 50 lakh rupees to Dhading.", "temporal_contamination_flag": "", "actor": "Government of Nepal", "actor_type": "government", "commodity": "cash", "quantity": "1.0", "unit": "NPR_crore", "beneficiaries": "", "target_group": "", "self_reported": "", "source_outlets": "Ratopati; Daily Finland; myRepublica", "source_outlet_count": 3, "entity_key": "Government of Nepal|cash|Rasuwa", "geo_resolution": "district", "geo_statement": "Located to Rasuwa district only", "geo_match_name": null, "geo_match_osm_id": null, "geo_anchor_id": "79688334B50883418539268", "geo_anchor_name": "Rasuwa"}, "geometry": {"type": "Point", "coordinates": [85.43275923020244, 28.17010993431697]}}, {"type": "Feature", "properties": {"record_id": "51b4ed8f9fa4cc84", "table": "aid_delivery", "location_raw": "धुन्चे र चौगटी, रसुवा", "location_ne": "", "admin_level": "district", "district": "Rasuwa", "province": "Bagmati", "geo_basis": "text_explicit", "as_of": "2026-08-29", "as_of_basis": "article_date", "first_reported": "2026-08-29", "last_reported": "2026-08-29", "confidence": "medium", "confidence_note": "Free food arranged by province government for stranded travellers, per CM's own statement.", "density": "1", "effective_sources": "1", "independent_origins": "1", "origin": "self:बागमती प्रदेश सरकार (Bagmati Province Government)", "origin_note": "single outlet", "corroboration": "single_source", "evidence_quote": "‘धुन्चेमा रोकिएका तिर्थयात्री, पर्यटक सर्वसाधारणलाई हामीले त्यहीँ निःशुल्क खाना खुवाउने व्यवस्था गरेका छौँ, खाना खुवाइ सकेपछि उहाँहरूलाई मोटरमार्फत महावीरसम्म पु¥याउने र महावीरबाट करिब एक घण्टा पैदल हिँडे पछि चौगटीसम्म पुगे पछि त्यहाँबाट पुनः सवारीसाधनमार्फत काठमाडौँ पठाउने कार्य गरिरहेका छौं’ उनले सञ्चारकर्मीसँग भने ।", "evidence_quote_en": "'We have arranged to feed the pilgrims, tourists and general public stopped in Dhunche free food there; after eating, we take them by vehicle to Mahavir, and after about an hour's walk from Mahavir to Chaugtee, we send them onward to Kathmandu by vehicle again,' he told reporters.", "temporal_contamination_flag": "False", "actor": "बागमती प्रदेश सरकार (Bagmati Province Government)", "actor_type": "government", "commodity": "food", "quantity": "", "unit": "", "beneficiaries": "", "target_group": "धुन्चेमा रोकिएका तीर्थयात्री, पर्यटक र सर्वसाधारण", "self_reported": "True", "source_outlets": "Arghakhanchi", "source_outlet_count": 1, "entity_key": "बागमती प्रदेश सरकार (Bagmati Province Government)|food|Rasuwa", "geo_resolution": "district", "geo_statement": "Located to Rasuwa district only", "geo_match_name": null, "geo_match_osm_id": null, "geo_anchor_id": "79688334B50883418539268", "geo_anchor_name": "Rasuwa"}, "geometry": {"type": "Point", "coordinates": [85.43275923020244, 28.17010993431697]}}, {"type": "Feature", "properties": {"record_id": "3bfea0944d63923e", "table": "aid_delivery", "location_raw": "धुन्चे/चौगटी–काठमाडौं", "location_ne": "", "admin_level": "district", "district": "Rasuwa", "province": "Bagmati", "geo_basis": "text_explicit", "as_of": "2026-08-29", "as_of_basis": "article_date", "first_reported": "2026-08-29", "last_reported": "2026-08-29", "confidence": "medium", "confidence_note": "Free bus service arranged for stranded travellers waiting three days.", "density": "1", "effective_sources": "1", "independent_origins": "1", "origin": "self:बागमती प्रदेश सरकार (Bagmati Province Government)", "origin_note": "single outlet", "corroboration": "single_source", "evidence_quote": "उनका अनुसार तीन दिन देखी उद्धारका पर्खाइमा रहेका अलपत्र यात्रुलाई प्रदेश सरकारले निःशुल्क बसको व्यवस्था गरेर काठमाडौँ आइपुग्न सक्ने चाँजोपाँजो पनि मिलाएको छ।", "evidence_quote_en": "According to him, the province government has also arranged free buses for stranded travellers who have been waiting three days for rescue, so they can reach Kathmandu.", "temporal_contamination_flag": "False", "actor": "बागमती प्रदेश सरकार (Bagmati Province Government)", "actor_type": "government", "commodity": "transport", "quantity": "", "unit": "", "beneficiaries": "", "target_group": "तीन दिनदेखि उद्धारको पर्खाइमा रहेका अलपत्र यात्रु", "self_reported": "True", "source_outlets": "Arghakhanchi", "source_outlet_count": 1, "entity_key": "बागमती प्रदेश सरकार (Bagmati Province Government)|transport|Rasuwa", "geo_resolution": "district", "geo_statement": "Located to Rasuwa district only", "geo_match_name": null, "geo_match_osm_id": null, "geo_anchor_id": "79688334B50883418539268", "geo_anchor_name": "Rasuwa"}, "geometry": {"type": "Point", "coordinates": [85.43275923020244, 28.17010993431697]}}, {"type": "Feature", "properties": {"record_id": "2d8f5a0ba22c4d57", "table": "aid_delivery", "location_raw": "रसुवा (Rasuwa)", "location_ne": "", "admin_level": "district", "district": "Rasuwa", "province": "Bagmati", "geo_basis": "text_explicit", "as_of": "2026-08-29", "as_of_basis": "article_date", "first_reported": "2026-08-29", "last_reported": "2026-08-29", "confidence": "high", "confidence_note": "Funds were deposited into the PM Disaster Relief Fund, not distributed directly to Rasuwa victims by the foundation itself; source is the foundation's own announcement.", "density": "1", "effective_sources": "1", "independent_origins": "1", "origin": "self:गैरे प्रतिष्ठान प्रालि, बुटवल (Gaire Foundation Pvt. Ltd., Butwal)", "origin_note": "single outlet", "corroboration": "single_source", "evidence_quote": "रसुवामा आएको बाढी पहिरोबाट प्रभावित नागरिकको राहत तथा पुनःस्थापनाका लागि गैरे प्रतिष्ठान प्रालि बुटवलले पाँच लाख ५५ हजार पाँच सय ५५ रुपैयाँ सहयोग गरेको छ।", "evidence_quote_en": "Gaire Foundation Pvt. Ltd. of Butwal has provided assistance of Rs 555,555 for the relief and rehabilitation of citizens affected by the flood and landslide in Rasuwa.", "temporal_contamination_flag": "", "actor": "गैरे प्रतिष्ठान प्रालि, बुटवल (Gaire Foundation Pvt. Ltd., Butwal)", "actor_type": "private", "commodity": "cash", "quantity": "555555.0", "unit": "NPR", "beneficiaries": "", "target_group": "Rasuwa flood-affected families", "self_reported": "True", "source_outlets": "Ratopati", "source_outlet_count": 1, "entity_key": "गैरे प्रतिष्ठान प्रालि, बुटवल (Gaire Foundation Pvt. Ltd., Butwal)|cash|Rasuwa", "geo_resolution": "district", "geo_statement": "Located to Rasuwa district only", "geo_match_name": null, "geo_match_osm_id": null, "geo_anchor_id": "79688334B50883418539268", "geo_anchor_name": "Rasuwa"}, "geometry": {"type": "Point", "coordinates": [85.43275923020244, 28.17010993431697]}}, {"type": "Feature", "properties": {"record_id": "119d0f71c1fb3b54", "table": "aid_delivery", "location_raw": "रसुवा (Rasuwa)", "location_ne": "", "admin_level": "district", "district": "Rasuwa", "province": "Bagmati", "geo_basis": "text_explicit", "as_of": "2026-08-29", "as_of_basis": "article_date", "first_reported": "2026-08-29", "last_reported": "2026-08-29", "confidence": "high", "confidence_note": "Individual diaspora donor's own announcement; total figure stated directly, not computed.", "density": "1", "effective_sources": "1", "independent_origins": "1", "origin": "self:आकाश बञ्जारा (Akash Banjara, Hong Kong-based NRN)", "origin_note": "single outlet", "corroboration": "single_source", "evidence_quote": "दुवै सहयोग गरी रसुवा बाढीपीडितका लागि उनको कुल सहयोग ५ लाख ११ हजार १११ रुपैयाँ पुगेको छ।", "evidence_quote_en": "With both contributions combined, his total assistance for Rasuwa flood victims has reached Rs 511,111.", "temporal_contamination_flag": "", "actor": "आकाश बञ्जारा (Akash Banjara, Hong Kong-based NRN)", "actor_type": "diaspora", "commodity": "cash", "quantity": "511111.0", "unit": "NPR", "beneficiaries": "", "target_group": "Rasuwa flood-affected families", "self_reported": "True", "source_outlets": "Sajhapana", "source_outlet_count": 1, "entity_key": "आकाश बञ्जारा (Akash Banjara, Hong Kong-based NRN)|cash|Rasuwa", "geo_resolution": "district", "geo_statement": "Located to Rasuwa district only", "geo_match_name": null, "geo_match_osm_id": null, "geo_anchor_id": "79688334B50883418539268", "geo_anchor_name": "Rasuwa"}, "geometry": {"type": "Point", "coordinates": [85.43275923020244, 28.17010993431697]}}, {"type": "Feature", "properties": {"record_id": "6b48d73197fd3e61", "table": "aid_delivery", "location_raw": "Dhunche, Rasuwa", "location_ne": "", "admin_level": "settlement", "district": "Rasuwa", "province": "Bagmati", "geo_basis": "text_explicit", "as_of": "2026-08-29", "as_of_basis": "article_date", "first_reported": "2026-08-29", "last_reported": "2026-08-29", "confidence": "high", "confidence_note": "Named settlement (Dhunche) and district (Rasuwa).", "density": "1", "effective_sources": "1", "independent_origins": "1", "origin": "media_own", "origin_note": "single outlet", "corroboration": "single_source", "evidence_quote": "Chief Minister Thapa said arrangements had been made to provide food to those stranded in Dhunche before transporting them to Mahabir by vehicle.", "evidence_quote_en": "", "temporal_contamination_flag": "False", "actor": "Bagmati Province government", "actor_type": "government", "commodity": "food", "quantity": "", "unit": "", "beneficiaries": "", "target_group": "stranded pilgrims, tourists and members of the public in Dhunche", "self_reported": "", "source_outlets": "Khabarhub", "source_outlet_count": 1, "entity_key": "Bagmati Province government|food|Rasuwa", "geo_resolution": "point", "geo_statement": "Matched \"Dhunche\" to a named OSM place in Rasuwa", "geo_match_name": "धुन्चे", "geo_match_osm_id": "node/10315965426", "geo_anchor_id": null, "geo_anchor_name": null}, "geometry": {"type": "Point", "coordinates": [85.2960583, 28.1127948]}}, {"type": "Feature", "properties": {"record_id": "548fedff80d750a3", "table": "aid_delivery", "location_raw": "रसुवा", "location_ne": "", "admin_level": "district", "district": "Rasuwa", "province": "Bagmati", "geo_basis": "text_explicit", "as_of": "2026-08-29", "as_of_basis": "article_date", "first_reported": "2026-08-29", "last_reported": "2026-08-29", "confidence": "high", "confidence_note": "Article explicitly earmarks the donation to Rasuwa landslide/flood victims via the PM fund.", "density": "1", "effective_sources": "1", "independent_origins": "1", "origin": "self:एशियन लेदर फैमिली (Asian Leather Family)", "origin_note": "single outlet", "corroboration": "single_source", "evidence_quote": "नेपाल के रसुवा में भूस्खलन और बाढ़ के दौरान जनधन की क्षति को देखते हुए एशियन लेदर फैमिली ने प्रधानमंत्री दैवी प्रकोप उद्धार कोष में 2 लाख 52 हजार रुपये की सहायता राशि दी है।", "evidence_quote_en": "Given the massive loss of life and property in the landslide and flood in Nepal's Rasuwa, the Asian Leather Family has given a contribution of Rs 2,52,000 to the Prime Minister's Natural Disaster Relief Fund.", "temporal_contamination_flag": "", "actor": "एशियन लेदर फैमिली (Asian Leather Family)", "actor_type": "private", "commodity": "cash", "quantity": "252000.0", "unit": "NPR", "beneficiaries": "", "target_group": "PM Disaster Relief Fund (Rasuwa flood/landslide victims)", "self_reported": "True", "source_outlets": "Hindustan", "source_outlet_count": 1, "entity_key": "एशियन लेदर फैमिली (Asian Leather Family)|cash|Rasuwa", "geo_resolution": "district", "geo_statement": "Located to Rasuwa district only", "geo_match_name": null, "geo_match_osm_id": null, "geo_anchor_id": "79688334B50883418539268", "geo_anchor_name": "Rasuwa"}, "geometry": {"type": "Point", "coordinates": [85.43275923020244, 28.17010993431697]}}, {"type": "Feature", "properties": {"record_id": "0801d83d18dc975d", "table": "aid_delivery", "location_raw": "रसुवा", "location_ne": "रसुवा", "admin_level": "district", "district": "Rasuwa", "province": "Bagmati", "geo_basis": "text_explicit", "as_of": "2026-08-30", "as_of_basis": "article_date", "first_reported": "2026-08-30", "last_reported": "2026-08-30", "confidence": "medium", "confidence_note": "Described as an ongoing (present-continuous) provincial activity, not a future pledge; no quantity of tourists or vehicles stated.", "density": "1", "effective_sources": "1", "independent_origins": "1", "origin": "self:Bagmati Province Government", "origin_note": "single outlet", "corroboration": "single_source", "evidence_quote": "प्रदेश सरकार रसुवा में फंसे पर्यटकों को निःशुल्क रूप से विभिन्न यातायात के माध्यमों से काठमांडू लाने का काम कर रही है।", "evidence_quote_en": "The provincial government is working to bring tourists stranded in Rasuwa to Kathmandu free of charge via various modes of transport.", "temporal_contamination_flag": "", "actor": "Bagmati Province Government", "actor_type": "government", "commodity": "transport", "quantity": "", "unit": "", "beneficiaries": "", "target_group": "tourists stranded in Rasuwa", "self_reported": "True", "source_outlets": "Ratopati", "source_outlet_count": 1, "entity_key": "Bagmati Province Government|transport|Rasuwa", "geo_resolution": "district", "geo_statement": "Located to Rasuwa district only", "geo_match_name": null, "geo_match_osm_id": null, "geo_anchor_id": "79688334B50883418539268", "geo_anchor_name": "Rasuwa"}, "geometry": {"type": "Point", "coordinates": [85.43275923020244, 28.17010993431697]}}, {"type": "Feature", "properties": {"record_id": "452cccc30ef6d688", "table": "aid_delivery", "location_raw": "रसुवा जिल्लाको भोटेकोशी नदी", "location_ne": "रसुवा जिल्लाको भोटेकोशी नदी", "admin_level": "district", "district": "Rasuwa", "province": "Bagmati", "geo_basis": "text_explicit", "as_of": "2026-08-30", "as_of_basis": "article_date", "first_reported": "2026-08-30", "last_reported": "2026-08-30", "confidence": "high", "confidence_note": "Article explicitly names Rasuwa district and Bhotekoshi river as the disaster location for this donation.", "density": "1", "effective_sources": "1", "independent_origins": "1", "origin": "self:Nepal Investment Mega Bank", "origin_note": "single outlet", "corroboration": "single_source", "evidence_quote": "रसुवा जिल्लाको भोटेकोशी नदीमा आएको विनाशकारी बाढीबाट प्रभावित नागरिकको खोजी, उद्धार, राहत तथा पुनर्स्थापनाका लागि प्रधानमन्त्री दैवी प्रकोप उद्धार कोषमा बैंकले ४ करोड १ लाख रुपैयाँ आर्थिक सहयोग गरेको छ ।", "evidence_quote_en": "For the search, rescue, relief and rehabilitation of citizens affected by the devastating flood in the Bhotekoshi river in Rasuwa district, the bank has provided NPR 4 crore 1 lakh (40,100,000) in financial assistance to the Prime Minister's Disaster Management Relief Fund.", "temporal_contamination_flag": "", "actor": "Nepal Investment Mega Bank", "actor_type": "private", "commodity": "cash", "quantity": "40100000.0", "unit": "NPR", "beneficiaries": "", "target_group": "flood victims (via Prime Minister Disaster Management Relief Fund)", "self_reported": "True", "source_outlets": "Onlinekhabar", "source_outlet_count": 1, "entity_key": "Nepal Investment Mega Bank|cash|Rasuwa", "geo_resolution": "district", "geo_statement": "Located to Rasuwa district only", "geo_match_name": null, "geo_match_osm_id": null, "geo_anchor_id": "79688334B50883418539268", "geo_anchor_name": "Rasuwa"}, "geometry": {"type": "Point", "coordinates": [85.43275923020244, 28.17010993431697]}}, {"type": "Feature", "properties": {"record_id": "2d63a42163533685", "table": "aid_delivery", "location_raw": "Rasuwa", "location_ne": "", "admin_level": "district", "district": "Rasuwa", "province": "Bagmati", "geo_basis": "text_explicit", "as_of": "2026-08-30", "as_of_basis": "stated", "first_reported": "2026-08-30", "last_reported": "2026-08-31", "confidence": "high", "confidence_note": "District explicitly named in NDRRMA cash-assistance figures.", "density": "7", "effective_sources": "7", "independent_origins": "1", "origin": "self:Government of Nepal", "origin_note": "7 outlets carrying self:Government of Nepal's figure", "corroboration": "independent", "evidence_quote": "The Government of Nepal has provided NPR 10 million each to Rasuwa and Nuwakot, NPR 5 million to Dhading and NPR 67.5 million to 15 local municipalities as cash assistance.", "evidence_quote_en": "", "temporal_contamination_flag": "", "actor": "Government of Nepal", "actor_type": "government", "commodity": "cash", "quantity": "10.0", "unit": "NPR_million", "beneficiaries": "", "target_group": "district administration", "self_reported": "True", "source_outlets": "Khabarhub; ANI News; Lokmarg; The Statesman; ndtv.in; Asia News Network; myRepublica", "source_outlet_count": 7, "entity_key": "Government of Nepal|cash|Rasuwa", "geo_resolution": "district", "geo_statement": "Located to Rasuwa district only", "geo_match_name": null, "geo_match_osm_id": null, "geo_anchor_id": "79688334B50883418539268", "geo_anchor_name": "Rasuwa"}, "geometry": {"type": "Point", "coordinates": [85.43275923020244, 28.17010993431697]}}, {"type": "Feature", "properties": {"record_id": "d38a0c7516c42563", "table": "aid_delivery", "location_raw": "Rasuwa", "location_ne": "", "admin_level": "district", "district": "Rasuwa", "province": "Bagmati", "geo_basis": "text_explicit", "as_of": "2026-08-30", "as_of_basis": "stated", "first_reported": "2026-08-30", "last_reported": "2026-08-30", "confidence": "high", "confidence_note": "District explicitly named.", "density": "2", "effective_sources": "2", "independent_origins": "2", "origin": "unattributed", "origin_note": "2 outlets, no reporting body named; independence not established", "corroboration": "independent", "evidence_quote": "The Nepal Army, Armed Police Force and Nepal Police have jointly deployed an 82-member team in Rasuwa to clear mud and debris from the tunnels of hydropower projects where workers are believed to be trapped.", "evidence_quote_en": "", "temporal_contamination_flag": "", "actor": "Nepal Army, Armed Police Force and Nepal Police", "actor_type": "army", "commodity": "rescue", "quantity": "82.0", "unit": "personnel", "beneficiaries": "", "target_group": "", "self_reported": "False", "source_outlets": "India Today; The Hans India", "source_outlet_count": 2, "entity_key": "Nepal Army, Armed Police Force and Nepal Police|rescue|Rasuwa", "geo_resolution": "district", "geo_statement": "Located to Rasuwa district only", "geo_match_name": null, "geo_match_osm_id": null, "geo_anchor_id": "79688334B50883418539268", "geo_anchor_name": "Rasuwa"}, "geometry": {"type": "Point", "coordinates": [85.43275923020244, 28.17010993431697]}}, {"type": "Feature", "properties": {"record_id": "4740c0d6701c7a6f", "table": "aid_delivery", "location_raw": "खैबी, डाँडा गाउँ, हाकु, ठूलो गाउँ, शेर्पा गाउँ, खाम्जिङ", "location_ne": "", "admin_level": "settlement", "district": "Rasuwa", "province": "Bagmati", "geo_basis": "text_explicit", "as_of": "2026-08-30", "as_of_basis": "stated", "first_reported": "2026-08-30", "last_reported": "2026-08-30", "confidence": "high", "confidence_note": "District administration official names specific settlements receiving the food shipment.", "density": "1", "effective_sources": "1", "independent_origins": "1", "origin": "media_own", "origin_note": "single outlet", "corroboration": "single_source", "evidence_quote": "सरकारले आजदेखि हेलिकप्टरमार्फत बाढी प्रभावित रसुवावासीलाई दाल, चामल, नुन तेल लगायतका अत्यावश्यक खाद्य सामग्री वितरण गरेको छ । बिहान तीनवटा हेलिकप्टरमार्फत १५ क्विन्टल सामग्री प्रभावित क्षेत्रमा पठाइसकेको", "evidence_quote_en": "The government has been distributing essential food items including lentils, rice, salt and oil to flood-affected Rasuwa residents via helicopter starting today. In the morning, 15 quintals of material had already been sent to the affected areas via three helicopters.", "temporal_contamination_flag": "False", "actor": "जिल्ला प्रशासन कार्यालय, रसुवा / District Administration Office, Rasuwa", "actor_type": "government", "commodity": "food", "quantity": "15.0", "unit": "quintal", "beneficiaries": "", "target_group": "बाढी प्रभावित रसुवावासी / flood-affected Rasuwa residents", "self_reported": "", "source_outlets": "Ratopati", "source_outlet_count": 1, "entity_key": "जिल्ला प्रशासन कार्यालय, रसुवा / District Administration Office, Rasuwa|food|Rasuwa", "geo_resolution": "district", "geo_statement": "Located to Rasuwa district only — the source names a place we could not resolve", "geo_match_name": null, "geo_match_osm_id": null, "geo_anchor_id": "79688334B50883418539268", "geo_anchor_name": "Rasuwa"}, "geometry": {"type": "Point", "coordinates": [85.43275923020244, 28.17010993431697]}}, {"type": "Feature", "properties": {"record_id": "4a1527f354573df8", "table": "aid_delivery", "location_raw": "Uttargaya and Dhunche, Rasuwa", "location_ne": "", "admin_level": "settlement", "district": "Rasuwa", "province": "Bagmati", "geo_basis": "text_explicit", "as_of": "2026-08-30", "as_of_basis": "article_date", "first_reported": "2026-08-30", "last_reported": "2026-08-30", "confidence": "medium", "confidence_note": "Exact delivery date given only in Nepali-calendar terms (Bhadra 10-12); article publish date used as fallback.", "density": "1", "effective_sources": "1", "independent_origins": "1", "origin": "media_own", "origin_note": "single outlet", "corroboration": "single_source", "evidence_quote": "Chief Minister Kiran Thapa Magar has sent relief materials including three trucks of food for the flood victims of Uttargaya and Dhunche in Rasuwa.", "evidence_quote_en": "", "temporal_contamination_flag": "False", "actor": "Bagmati Province Chief Minister", "actor_type": "government", "commodity": "food", "quantity": "3.0", "unit": "trucks", "beneficiaries": "", "target_group": "", "self_reported": "", "source_outlets": "Hamro Patro", "source_outlet_count": 1, "entity_key": "Bagmati Province Chief Minister|food|Rasuwa", "geo_resolution": "point", "geo_statement": "Matched \"Uttargaya\" to a named OSM place in Rasuwa", "geo_match_name": "उत्तरगया", "geo_match_osm_id": "node/13242877440", "geo_anchor_id": null, "geo_anchor_name": null}, "geometry": {"type": "Point", "coordinates": [85.1951685, 28.0116144]}}, {"type": "Feature", "properties": {"record_id": "69e3d84e7fe677ba", "table": "aid_delivery", "location_raw": "Uttargaya and Dhunche, Rasuwa", "location_ne": "", "admin_level": "settlement", "district": "Rasuwa", "province": "Bagmati", "geo_basis": "text_explicit", "as_of": "2026-08-30", "as_of_basis": "article_date", "first_reported": "2026-08-30", "last_reported": "2026-08-30", "confidence": "medium", "confidence_note": "Same delivery event as the trucks-of-food record, distinct commodity (clothing).", "density": "1", "effective_sources": "1", "independent_origins": "1", "origin": "media_own", "origin_note": "single outlet", "corroboration": "single_source", "evidence_quote": "He said that essential food and clothing have been sent by land route for the citizens affected by disaster in Uttargaya and Dhunche in Rasuwa.", "evidence_quote_en": "", "temporal_contamination_flag": "False", "actor": "Bagmati Province Chief Minister", "actor_type": "government", "commodity": "shelter_NFI", "quantity": "", "unit": "", "beneficiaries": "", "target_group": "", "self_reported": "", "source_outlets": "Hamro Patro", "source_outlet_count": 1, "entity_key": "Bagmati Province Chief Minister|shelter_NFI|Rasuwa", "geo_resolution": "point", "geo_statement": "Matched \"Uttargaya\" to a named OSM place in Rasuwa", "geo_match_name": "उत्तरगया", "geo_match_osm_id": "node/13242877440", "geo_anchor_id": null, "geo_anchor_name": null}, "geometry": {"type": "Point", "coordinates": [85.1951685, 28.0116144]}}, {"type": "Feature", "properties": {"record_id": "dd0545ad6290c47b", "table": "aid_delivery", "location_raw": "Uttargaya and Dhunche", "location_ne": "", "admin_level": "settlement", "district": "Rasuwa", "province": "Bagmati", "geo_basis": "text_explicit", "as_of": "2026-08-30", "as_of_basis": "article_date", "first_reported": "2026-08-30", "last_reported": "2026-08-30", "confidence": "medium", "confidence_note": "Uttargaya rural municipality and Dhunche are both in Rasuwa district.", "density": "1", "effective_sources": "1", "independent_origins": "1", "origin": "media_own", "origin_note": "single outlet", "corroboration": "single_source", "evidence_quote": "Relief operations have dispatched 50 transport vehicles alongside eight helicopter flights carrying food, communication units, and emergency supplies to isolated communities such as Uttargaya and Dhunche.", "evidence_quote_en": "", "temporal_contamination_flag": "", "actor": "Government of Nepal", "actor_type": "government", "commodity": "transport", "quantity": "50.0", "unit": "vehicles", "beneficiaries": "", "target_group": "isolated communities", "self_reported": "", "source_outlets": "The Statesman", "source_outlet_count": 1, "entity_key": "Government of Nepal|transport|Rasuwa", "geo_resolution": "point", "geo_statement": "Matched \"Uttargaya\" to a named OSM place in Rasuwa", "geo_match_name": "उत्तरगया", "geo_match_osm_id": "node/13242877440", "geo_anchor_id": null, "geo_anchor_name": null}, "geometry": {"type": "Point", "coordinates": [85.1951685, 28.0116144]}}, {"type": "Feature", "properties": {"record_id": "a6bf6c77496047d7", "table": "aid_delivery", "location_raw": "two schools in Rasuwa", "location_ne": "", "admin_level": "settlement", "district": "Rasuwa", "province": "Bagmati", "geo_basis": "text_explicit", "as_of": "2026-08-30", "as_of_basis": "article_date", "first_reported": "2026-08-30", "last_reported": "2026-08-30", "confidence": "high", "confidence_note": "", "density": "1", "effective_sources": "1", "independent_origins": "1", "origin": "media_own", "origin_note": "single outlet", "corroboration": "single_source", "evidence_quote": "Catholic Relief Services, working through its implementing partner Caritas Nepal, delivered more than 2.5 tonnes of food supplies, 500 blankets, 500 mosquito nets and 500 insulating foam sheets for temporary shelter flooring to two schools in Rasuwa.", "evidence_quote_en": "", "temporal_contamination_flag": "", "actor": "Catholic Relief Services (Caritas Nepal)", "actor_type": "INGO", "commodity": "food", "quantity": "2.5", "unit": "tonnes", "beneficiaries": "", "target_group": "", "self_reported": "", "source_outlets": "India Today", "source_outlet_count": 1, "entity_key": "Catholic Relief Services (Caritas Nepal)|food|Rasuwa", "geo_resolution": "district", "geo_statement": "Located to Rasuwa district only — the source names a place we could not resolve", "geo_match_name": null, "geo_match_osm_id": null, "geo_anchor_id": "79688334B50883418539268", "geo_anchor_name": "Rasuwa"}, "geometry": {"type": "Point", "coordinates": [85.43275923020244, 28.17010993431697]}}, {"type": "Feature", "properties": {"record_id": "4fb8e2b881952e55", "table": "aid_delivery", "location_raw": "two schools in Rasuwa", "location_ne": "", "admin_level": "settlement", "district": "Rasuwa", "province": "Bagmati", "geo_basis": "text_explicit", "as_of": "2026-08-30", "as_of_basis": "article_date", "first_reported": "2026-08-30", "last_reported": "2026-08-30", "confidence": "high", "confidence_note": "", "density": "1", "effective_sources": "1", "independent_origins": "1", "origin": "media_own", "origin_note": "single outlet", "corroboration": "single_source", "evidence_quote": "Catholic Relief Services, working through its implementing partner Caritas Nepal, delivered more than 2.5 tonnes of food supplies, 500 blankets, 500 mosquito nets and 500 insulating foam sheets for temporary shelter flooring to two schools in Rasuwa.", "evidence_quote_en": "", "temporal_contamination_flag": "", "actor": "Catholic Relief Services (Caritas Nepal)", "actor_type": "INGO", "commodity": "shelter_NFI", "quantity": "500.0", "unit": "blankets", "beneficiaries": "", "target_group": "", "self_reported": "", "source_outlets": "India Today", "source_outlet_count": 1, "entity_key": "Catholic Relief Services (Caritas Nepal)|shelter_NFI|Rasuwa", "geo_resolution": "district", "geo_statement": "Located to Rasuwa district only — the source names a place we could not resolve", "geo_match_name": null, "geo_match_osm_id": null, "geo_anchor_id": "79688334B50883418539268", "geo_anchor_name": "Rasuwa"}, "geometry": {"type": "Point", "coordinates": [85.43275923020244, 28.17010993431697]}}, {"type": "Feature", "properties": {"record_id": "089e041f2a3aa641", "table": "aid_delivery", "location_raw": "Chilime and Langtang", "location_ne": "", "admin_level": "settlement", "district": "Rasuwa", "province": "Bagmati", "geo_basis": "gazetteer_match", "as_of": "2026-08-30", "as_of_basis": "stated", "first_reported": "2026-08-30", "last_reported": "2026-08-30", "confidence": "medium", "confidence_note": "Chilime and Langtang are in Rasuwa district (outside knowledge, not stated in text -> gazetteer_match).", "density": "1", "effective_sources": "1", "independent_origins": "1", "origin": "self:Government of India (tunnel rescue team)", "origin_note": "single outlet", "corroboration": "single_source", "evidence_quote": "A specialised tunnel search and rescue team from India joined forces with the Nepali Army on Sunday to conduct intensive rescue operations across disaster-affected hydropower tunnel sites in Nepal's Chilime and Langtang regions.", "evidence_quote_en": "", "temporal_contamination_flag": "", "actor": "Government of India (tunnel rescue team)", "actor_type": "government", "commodity": "rescue", "quantity": "", "unit": "", "beneficiaries": "", "target_group": "trapped hydropower workers", "self_reported": "True", "source_outlets": "lokmattimes.com", "source_outlet_count": 1, "entity_key": "Government of India (tunnel rescue team)|rescue|Rasuwa", "geo_resolution": "point", "geo_statement": "Matched \"Chilime\" to a named OSM place in Rasuwa", "geo_match_name": "चिलिमे", "geo_match_osm_id": "node/13242877444", "geo_anchor_id": null, "geo_anchor_name": null}, "geometry": {"type": "Point", "coordinates": [85.3022373, 28.1836181]}}, {"type": "Feature", "properties": {"record_id": "c8695983c45bd0b2", "table": "aid_delivery", "location_raw": "Khaibi, Danda Gaun, Haku, Thulo Gaun, Sherpa Gaun, Khamjing (Rasuwa)", "location_ne": "", "admin_level": "district", "district": "Rasuwa", "province": "Bagmati", "geo_basis": "text_explicit", "as_of": "2026-08-30", "as_of_basis": "stated", "first_reported": "2026-08-30", "last_reported": "2026-08-30", "confidence": "high", "confidence_note": "Government's own account of its distribution.", "density": "2", "effective_sources": "2", "independent_origins": "1", "origin": "self:District Administration Office, Rasuwa", "origin_note": "2 outlets carrying self:District Administration Office, Rasuwa's figure", "corroboration": "independent", "evidence_quote": "The District Administration Office, Rasuwa informed that 15 quintals of materials were sent to the affected areas by three helicopters this morning and more essential materials will be provided to the flood-affected areas using additional helicopters.", "evidence_quote_en": "", "temporal_contamination_flag": "", "actor": "District Administration Office, Rasuwa", "actor_type": "government", "commodity": "food", "quantity": "15.0", "unit": "quintals", "beneficiaries": "", "target_group": "flood-affected residents of Rasuwa", "self_reported": "True", "source_outlets": "Ratopati; NepalNews", "source_outlet_count": 2, "entity_key": "District Administration Office, Rasuwa|food|Rasuwa", "geo_resolution": "district", "geo_statement": "Located to Rasuwa district only", "geo_match_name": null, "geo_match_osm_id": null, "geo_anchor_id": "79688334B50883418539268", "geo_anchor_name": "Rasuwa"}, "geometry": {"type": "Point", "coordinates": [85.43275923020244, 28.17010993431697]}}, {"type": "Feature", "properties": {"record_id": "56c1081cd922e53e", "table": "aid_delivery", "location_raw": "Rasuwa", "location_ne": "", "admin_level": "district", "district": "Rasuwa", "province": "Bagmati", "geo_basis": "text_explicit", "as_of": "2026-08-30", "as_of_basis": "stated", "first_reported": "2026-08-31", "last_reported": "2026-08-31", "confidence": "medium", "confidence_note": "Commodity is mixed (generators plus medicine/health supplies); generator count used as quantity.", "density": "1", "effective_sources": "1", "independent_origins": "1", "origin": "self:Government of Nepal", "origin_note": "single outlet", "corroboration": "single_source", "evidence_quote": "भदौ १४ गते रसुवा जिल्लाका लागि स्थलमार्ग एवम् हवाई मार्गबाट ५ वटा पोर्टेबल जेनेरेटरसहित खाद्य तथा गैरखाद्य (औषधी तथा स्वास्थ्य सामग्री) पठाउनुका साथै नुवाकोट जिल्लामा १६ वटा सवारीसाधन तथा हेलिकोप्टर सामग्री परिचालन गरेको जनाएको छ ।", "evidence_quote_en": "On Bhadra 14, for Rasuwa district, food and non-food items (medicine and health supplies) along with 5 portable generators were sent by road and air; 16 vehicles and helicopter materials were also mobilised in Nuwakot district.", "temporal_contamination_flag": "", "actor": "Government of Nepal", "actor_type": "government", "commodity": "other", "quantity": "5.0", "unit": "portable generators", "beneficiaries": "", "target_group": "flood-affected residents", "self_reported": "True", "source_outlets": "Ratopati", "source_outlet_count": 1, "entity_key": "Government of Nepal|other|Rasuwa", "geo_resolution": "district", "geo_statement": "Located to Rasuwa district only", "geo_match_name": null, "geo_match_osm_id": null, "geo_anchor_id": "79688334B50883418539268", "geo_anchor_name": "Rasuwa"}, "geometry": {"type": "Point", "coordinates": [85.43275923020244, 28.17010993431697]}}, {"type": "Feature", "properties": {"record_id": "fe96921a93f4582e", "table": "aid_delivery", "location_raw": "Chilime and Langtang areas, Rasuwa", "location_ne": "", "admin_level": "district", "district": "Rasuwa", "province": "Bagmati", "geo_basis": "text_explicit", "as_of": "2026-08-30", "as_of_basis": "stated", "first_reported": "2026-08-31", "last_reported": "2026-08-31", "confidence": "high", "confidence_note": "Location and date explicit.", "density": "2", "effective_sources": "2", "independent_origins": "1", "origin": "self:India", "origin_note": "2 outlets carrying self:India's figure", "corroboration": "independent", "evidence_quote": "India has now deployed a specialised tunnel search and rescue team, which worked alongside the Nepali army on Sunday at hydropower tunnel sites in the Chilime and Langtang areas of Rasuwa, Indian Ambassador to Nepal Naveen Srivastava said.", "evidence_quote_en": "", "temporal_contamination_flag": "False", "actor": "India", "actor_type": "government", "commodity": "rescue", "quantity": "", "unit": "", "beneficiaries": "", "target_group": "hydropower tunnel search and rescue", "self_reported": "True", "source_outlets": "The New Indian Express; Dailyhunt", "source_outlet_count": 2, "entity_key": "India|rescue|Rasuwa", "geo_resolution": "district", "geo_statement": "Located to Rasuwa district only", "geo_match_name": null, "geo_match_osm_id": null, "geo_anchor_id": "79688334B50883418539268", "geo_anchor_name": "Rasuwa"}, "geometry": {"type": "Point", "coordinates": [85.43275923020244, 28.17010993431697]}}, {"type": "Feature", "properties": {"record_id": "a5faa8ab4840b02f", "table": "aid_delivery", "location_raw": "Rasuwa", "location_ne": "", "admin_level": "district", "district": "Rasuwa", "province": "Bagmati", "geo_basis": "text_explicit", "as_of": "2026-08-30", "as_of_basis": "article_date", "first_reported": "2026-08-30", "last_reported": "2026-08-30", "confidence": "medium", "confidence_note": "Districts named as a group; ongoing provision, no quantities given.", "density": "1", "effective_sources": "1", "independent_origins": "1", "origin": "media_own", "origin_note": "single outlet", "corroboration": "single_source", "evidence_quote": "रसुवा, नुवाकोट, धादिङ, गोरखा और चितवन आदि प्रभावित जिलों में एकीकृत दल आपातकालीन स्वास्थ्य उपचार, खाद्यान्न, सुरक्षित पीने का पानी और अस्थायी आश्रय उपलब्ध करा रहे हैं।", "evidence_quote_en": "In affected districts including Rasuwa, Nuwakot, Dhading, Gorkha and Chitwan, integrated teams are providing emergency health treatment, food, safe drinking water and temporary shelter.", "temporal_contamination_flag": "False", "actor": "integrated relief teams", "actor_type": "government", "commodity": "medical", "quantity": "", "unit": "", "beneficiaries": "", "target_group": "flood-affected", "self_reported": "False", "source_outlets": "Ratopati", "source_outlet_count": 1, "entity_key": "integrated relief teams|medical|Rasuwa", "geo_resolution": "district", "geo_statement": "Located to Rasuwa district only", "geo_match_name": null, "geo_match_osm_id": null, "geo_anchor_id": "79688334B50883418539268", "geo_anchor_name": "Rasuwa"}, "geometry": {"type": "Point", "coordinates": [85.43275923020244, 28.17010993431697]}}, {"type": "Feature", "properties": {"record_id": "5c08d7b96d7dc1a3", "table": "aid_delivery", "location_raw": "Rasuwa", "location_ne": "", "admin_level": "district", "district": "Rasuwa", "province": "Bagmati", "geo_basis": "text_explicit", "as_of": "2026-08-30", "as_of_basis": "article_date", "first_reported": "2026-08-30", "last_reported": "2026-08-30", "confidence": "medium", "confidence_note": "Districts named as a group; ongoing provision, no quantities given.", "density": "1", "effective_sources": "1", "independent_origins": "1", "origin": "media_own", "origin_note": "single outlet", "corroboration": "single_source", "evidence_quote": "रसुवा, नुवाकोट, धादिङ, गोरखा और चितवन आदि प्रभावित जिलों में एकीकृत दल आपातकालीन स्वास्थ्य उपचार, खाद्यान्न, सुरक्षित पीने का पानी और अस्थायी आश्रय उपलब्ध करा रहे हैं।", "evidence_quote_en": "In affected districts including Rasuwa, Nuwakot, Dhading, Gorkha and Chitwan, integrated teams are providing emergency health treatment, food, safe drinking water and temporary shelter.", "temporal_contamination_flag": "False", "actor": "integrated relief teams", "actor_type": "government", "commodity": "food", "quantity": "", "unit": "", "beneficiaries": "", "target_group": "flood-affected", "self_reported": "False", "source_outlets": "Ratopati", "source_outlet_count": 1, "entity_key": "integrated relief teams|food|Rasuwa", "geo_resolution": "district", "geo_statement": "Located to Rasuwa district only", "geo_match_name": null, "geo_match_osm_id": null, "geo_anchor_id": "79688334B50883418539268", "geo_anchor_name": "Rasuwa"}, "geometry": {"type": "Point", "coordinates": [85.43275923020244, 28.17010993431697]}}, {"type": "Feature", "properties": {"record_id": "2567b4c2ca704cd8", "table": "aid_delivery", "location_raw": "Rasuwa", "location_ne": "", "admin_level": "district", "district": "Rasuwa", "province": "Bagmati", "geo_basis": "text_explicit", "as_of": "2026-08-30", "as_of_basis": "article_date", "first_reported": "2026-08-30", "last_reported": "2026-08-30", "confidence": "medium", "confidence_note": "Districts named as a group; ongoing provision, no quantities given.", "density": "1", "effective_sources": "1", "independent_origins": "1", "origin": "media_own", "origin_note": "single outlet", "corroboration": "single_source", "evidence_quote": "रसुवा, नुवाकोट, धादिङ, गोरखा और चितवन आदि प्रभावित जिलों में एकीकृत दल आपातकालीन स्वास्थ्य उपचार, खाद्यान्न, सुरक्षित पीने का पानी और अस्थायी आश्रय उपलब्ध करा रहे हैं।", "evidence_quote_en": "In affected districts including Rasuwa, Nuwakot, Dhading, Gorkha and Chitwan, integrated teams are providing emergency health treatment, food, safe drinking water and temporary shelter.", "temporal_contamination_flag": "False", "actor": "integrated relief teams", "actor_type": "government", "commodity": "water", "quantity": "", "unit": "", "beneficiaries": "", "target_group": "flood-affected", "self_reported": "False", "source_outlets": "Ratopati", "source_outlet_count": 1, "entity_key": "integrated relief teams|water|Rasuwa", "geo_resolution": "district", "geo_statement": "Located to Rasuwa district only", "geo_match_name": null, "geo_match_osm_id": null, "geo_anchor_id": "79688334B50883418539268", "geo_anchor_name": "Rasuwa"}, "geometry": {"type": "Point", "coordinates": [85.43275923020244, 28.17010993431697]}}, {"type": "Feature", "properties": {"record_id": "ace9945cbbc1364f", "table": "aid_delivery", "location_raw": "Rasuwa", "location_ne": "", "admin_level": "district", "district": "Rasuwa", "province": "Bagmati", "geo_basis": "text_explicit", "as_of": "2026-08-30", "as_of_basis": "article_date", "first_reported": "2026-08-30", "last_reported": "2026-08-30", "confidence": "medium", "confidence_note": "Districts named as a group; ongoing provision, no quantities given.", "density": "1", "effective_sources": "1", "independent_origins": "1", "origin": "media_own", "origin_note": "single outlet", "corroboration": "single_source", "evidence_quote": "रसुवा, नुवाकोट, धादिङ, गोरखा और चितवन आदि प्रभावित जिलों में एकीकृत दल आपातकालीन स्वास्थ्य उपचार, खाद्यान्न, सुरक्षित पीने का पानी और अस्थायी आश्रय उपलब्ध करा रहे हैं।", "evidence_quote_en": "In affected districts including Rasuwa, Nuwakot, Dhading, Gorkha and Chitwan, integrated teams are providing emergency health treatment, food, safe drinking water and temporary shelter.", "temporal_contamination_flag": "False", "actor": "integrated relief teams", "actor_type": "government", "commodity": "shelter_NFI", "quantity": "", "unit": "", "beneficiaries": "", "target_group": "flood-affected", "self_reported": "False", "source_outlets": "Ratopati", "source_outlet_count": 1, "entity_key": "integrated relief teams|shelter_NFI|Rasuwa", "geo_resolution": "district", "geo_statement": "Located to Rasuwa district only", "geo_match_name": null, "geo_match_osm_id": null, "geo_anchor_id": "79688334B50883418539268", "geo_anchor_name": "Rasuwa"}, "geometry": {"type": "Point", "coordinates": [85.43275923020244, 28.17010993431697]}}, {"type": "Feature", "properties": {"record_id": "542468cc8bc496a2", "table": "aid_delivery", "location_raw": "Rasuwa", "location_ne": "", "admin_level": "district", "district": "Rasuwa", "province": "Bagmati", "geo_basis": "text_explicit", "as_of": "2026-08-30", "as_of_basis": "article_date", "first_reported": "2026-08-30", "last_reported": "2026-08-30", "confidence": "high", "confidence_note": "District named explicitly with an exact count.", "density": "1", "effective_sources": "1", "independent_origins": "1", "origin": "media_own", "origin_note": "single outlet", "corroboration": "single_source", "evidence_quote": "Of the 20 phones, 10 have been sent to Rasuwa and 10 to Nuwakot for use in the affected areas.", "evidence_quote_en": "", "temporal_contamination_flag": "False", "actor": "Nepal Telecommunications Authority (via ITU)", "actor_type": "government", "commodity": "other", "quantity": "10.0", "unit": "satellite phones", "beneficiaries": "", "target_group": "flood-affected areas", "self_reported": "False", "source_outlets": "The Rising Nepal", "source_outlet_count": 1, "entity_key": "Nepal Telecommunications Authority (via ITU)|other|Rasuwa", "geo_resolution": "district", "geo_statement": "Located to Rasuwa district only", "geo_match_name": null, "geo_match_osm_id": null, "geo_anchor_id": "79688334B50883418539268", "geo_anchor_name": "Rasuwa"}, "geometry": {"type": "Point", "coordinates": [85.43275923020244, 28.17010993431697]}}, {"type": "Feature", "properties": {"record_id": "17ec145c14aad206", "table": "aid_delivery", "location_raw": "चिलिमे जलविद्युत् आयोजना", "location_ne": "", "admin_level": "settlement", "district": "Rasuwa", "province": "Bagmati", "geo_basis": "text_explicit", "as_of": "2026-08-31", "as_of_basis": "article_date", "first_reported": "2026-08-31", "last_reported": "2026-08-31", "confidence": "high", "confidence_note": "Foreign (Indian) government rescue team; district explicitly stated.", "density": "1", "effective_sources": "1", "independent_origins": "1", "origin": "media_own", "origin_note": "single outlet", "corroboration": "single_source", "evidence_quote": "रसुवाको चिलिमे जलविद्युत् आयोजनामा नेपाली सेनासँगको समन्वयमा भारतीय टोलीले रेकी गरी पम्प र एक्स्काभेटर लगेर उद्धारको प्रयास गरिरहेको छ।", "evidence_quote_en": "At the Chilime hydropower project in Rasuwa, an Indian team is conducting reconnaissance and bringing pumps and excavators for rescue efforts, in coordination with the Nepal Army.", "temporal_contamination_flag": "False", "actor": "Indian rescue team with Nepal Army", "actor_type": "government", "commodity": "rescue", "quantity": "", "unit": "", "beneficiaries": "", "target_group": "general", "self_reported": "False", "source_outlets": "Janakpur Today", "source_outlet_count": 1, "entity_key": "Indian rescue team with Nepal Army|rescue|Rasuwa", "geo_resolution": "district", "geo_statement": "Located to Rasuwa district only — the source names a place we could not resolve", "geo_match_name": null, "geo_match_osm_id": null, "geo_anchor_id": "79688334B50883418539268", "geo_anchor_name": "Rasuwa"}, "geometry": {"type": "Point", "coordinates": [85.43275923020244, 28.17010993431697]}}, {"type": "Feature", "properties": {"record_id": "fa082b1d9bb8c3ec", "table": "aid_delivery", "location_raw": "मैलुङ खोला जलविद्युत् आयोजना", "location_ne": "", "admin_level": "settlement", "district": "Rasuwa", "province": "Bagmati", "geo_basis": "text_explicit", "as_of": "2026-08-31", "as_of_basis": "article_date", "first_reported": "2026-08-31", "last_reported": "2026-08-31", "confidence": "high", "confidence_note": "Foreign (Korean) expert team; district explicitly stated.", "density": "1", "effective_sources": "1", "independent_origins": "1", "origin": "media_own", "origin_note": "single outlet", "corroboration": "single_source", "evidence_quote": "रसुवाकै मैलुङ खोला जलविद्युत् आयोजनामा कोरियन विशेषज्ञको टोलीले नेपाली सेनासँग समन्वय गरी हवाई रेकी भई काम सुरू गरिसकेको उनले लेखेका छन्।", "evidence_quote_en": "He wrote that at the Mailung Khola hydropower project, also in Rasuwa, a Korean expert team has begun aerial reconnaissance work in coordination with the Nepal Army.", "temporal_contamination_flag": "False", "actor": "Korean expert team with Nepal Army", "actor_type": "government", "commodity": "rescue", "quantity": "", "unit": "", "beneficiaries": "", "target_group": "general", "self_reported": "False", "source_outlets": "Janakpur Today", "source_outlet_count": 1, "entity_key": "Korean expert team with Nepal Army|rescue|Rasuwa", "geo_resolution": "district", "geo_statement": "Located to Rasuwa district only — the source names a place we could not resolve", "geo_match_name": null, "geo_match_osm_id": null, "geo_anchor_id": "79688334B50883418539268", "geo_anchor_name": "Rasuwa"}, "geometry": {"type": "Point", "coordinates": [85.43275923020244, 28.17010993431697]}}, {"type": "Feature", "properties": {"record_id": "9b4889328d9128e6", "table": "aid_delivery", "location_raw": "Chilime and Langtang hydropower sites", "location_ne": "", "admin_level": "settlement", "district": "Rasuwa", "province": "Bagmati", "geo_basis": "text_explicit", "as_of": "2026-08-31", "as_of_basis": "article_date", "first_reported": "2026-08-31", "last_reported": "2026-08-31", "confidence": "high", "confidence_note": "Both Chilime and Langtang hydropower sites are in Rasuwa district.", "density": "1", "effective_sources": "1", "independent_origins": "1", "origin": "media_own", "origin_note": "single outlet", "corroboration": "single_source", "evidence_quote": "An Indian tunnel rescue team has continued working with the Nepali Army at hydropower sites in Chilime and Langtang.", "evidence_quote_en": "", "temporal_contamination_flag": "False", "actor": "Indian tunnel rescue team with Nepal Army", "actor_type": "government", "commodity": "rescue", "quantity": "", "unit": "", "beneficiaries": "", "target_group": "general", "self_reported": "False", "source_outlets": "Oneindia", "source_outlet_count": 1, "entity_key": "Indian tunnel rescue team with Nepal Army|rescue|Rasuwa", "geo_resolution": "point", "geo_statement": "Matched \"Chilime\" to a named OSM place in Rasuwa", "geo_match_name": "चिलिमे", "geo_match_osm_id": "node/13242877444", "geo_anchor_id": null, "geo_anchor_name": null}, "geometry": {"type": "Point", "coordinates": [85.3022373, 28.1836181]}}, {"type": "Feature", "properties": {"record_id": "e7266522f0242970", "table": "aid_delivery", "location_raw": "Uttargaya and Dhunche", "location_ne": "", "admin_level": "settlement", "district": "Rasuwa", "province": "Bagmati", "geo_basis": "text_explicit", "as_of": "2026-08-31", "as_of_basis": "article_date", "first_reported": "2026-08-31", "last_reported": "2026-08-31", "confidence": "high", "confidence_note": "Settlements named explicitly, both in Rasuwa.", "density": "1", "effective_sources": "1", "independent_origins": "1", "origin": "media_own", "origin_note": "single outlet", "corroboration": "single_source", "evidence_quote": "supplemented by helicopter drops delivering two tons of food to Uttargaya and Dhunche, five portable generators, and essential medical supplies.", "evidence_quote_en": "", "temporal_contamination_flag": "False", "actor": "Government of Nepal", "actor_type": "government", "commodity": "food", "quantity": "2.0", "unit": "tons", "beneficiaries": "", "target_group": "flood-affected", "self_reported": "False", "source_outlets": "Nepal News", "source_outlet_count": 1, "entity_key": "Government of Nepal|food|Rasuwa", "geo_resolution": "point", "geo_statement": "Matched \"Uttargaya\" to a named OSM place in Rasuwa", "geo_match_name": "उत्तरगया", "geo_match_osm_id": "node/13242877440", "geo_anchor_id": null, "geo_anchor_name": null}, "geometry": {"type": "Point", "coordinates": [85.1951685, 28.0116144]}}, {"type": "Feature", "properties": {"record_id": "44fde410ca8b9cea", "table": "aid_delivery", "location_raw": "Uttargaya and Dhunche", "location_ne": "", "admin_level": "settlement", "district": "Rasuwa", "province": "Bagmati", "geo_basis": "text_explicit", "as_of": "2026-08-31", "as_of_basis": "article_date", "first_reported": "2026-08-31", "last_reported": "2026-08-31", "confidence": "high", "confidence_note": "Settlements named explicitly, both in Rasuwa.", "density": "1", "effective_sources": "1", "independent_origins": "1", "origin": "media_own", "origin_note": "single outlet", "corroboration": "single_source", "evidence_quote": "supplemented by helicopter drops delivering two tons of food to Uttargaya and Dhunche, five portable generators, and essential medical supplies.", "evidence_quote_en": "", "temporal_contamination_flag": "False", "actor": "Government of Nepal", "actor_type": "government", "commodity": "other", "quantity": "5.0", "unit": "generators", "beneficiaries": "", "target_group": "flood-affected", "self_reported": "False", "source_outlets": "Nepal News", "source_outlet_count": 1, "entity_key": "Government of Nepal|other|Rasuwa", "geo_resolution": "point", "geo_statement": "Matched \"Uttargaya\" to a named OSM place in Rasuwa", "geo_match_name": "उत्तरगया", "geo_match_osm_id": "node/13242877440", "geo_anchor_id": null, "geo_anchor_name": null}, "geometry": {"type": "Point", "coordinates": [85.1951685, 28.0116144]}}, {"type": "Feature", "properties": {"record_id": "27d3dff4e5b47216", "table": "aid_delivery", "location_raw": "Uttargaya and Dhunche", "location_ne": "", "admin_level": "settlement", "district": "Rasuwa", "province": "Bagmati", "geo_basis": "text_explicit", "as_of": "2026-08-31", "as_of_basis": "article_date", "first_reported": "2026-08-31", "last_reported": "2026-08-31", "confidence": "high", "confidence_note": "Settlements named explicitly, both in Rasuwa; no quantity given for medical supplies.", "density": "1", "effective_sources": "1", "independent_origins": "1", "origin": "media_own", "origin_note": "single outlet", "corroboration": "single_source", "evidence_quote": "supplemented by helicopter drops delivering two tons of food to Uttargaya and Dhunche, five portable generators, and essential medical supplies.", "evidence_quote_en": "", "temporal_contamination_flag": "False", "actor": "Government of Nepal", "actor_type": "government", "commodity": "medical", "quantity": "", "unit": "", "beneficiaries": "", "target_group": "flood-affected", "self_reported": "False", "source_outlets": "Nepal News", "source_outlet_count": 1, "entity_key": "Government of Nepal|medical|Rasuwa", "geo_resolution": "point", "geo_statement": "Matched \"Uttargaya\" to a named OSM place in Rasuwa", "geo_match_name": "उत्तरगया", "geo_match_osm_id": "node/13242877440", "geo_anchor_id": null, "geo_anchor_name": null}, "geometry": {"type": "Point", "coordinates": [85.1951685, 28.0116144]}}, {"type": "Feature", "properties": {"record_id": "18e61b52159b317c", "table": "aid_delivery", "location_raw": "बेलहिया, सोनौली सीमा", "location_ne": "", "admin_level": "settlement", "district": "Rupandehi", "province": "Lumbini", "geo_basis": "text_explicit", "as_of": "2026-08-30", "as_of_basis": "article_date", "first_reported": "2026-08-30", "last_reported": "2026-08-30", "confidence": "high", "confidence_note": "Belahiya (Nepal side of Sonauli border, Rupandehi district) named explicitly as the customs point.", "density": "1", "effective_sources": "1", "independent_origins": "1", "origin": "media_own", "origin_note": "single outlet", "corroboration": "single_source", "evidence_quote": "गायत्री परिवार की ओर से दो ट्रक राहत सामग्री अधिकृत प्रपत्र और गृह मंत्रालय की सिफारिश के साथ आई थी, जिसे स्वीकार कर लिया गया।", "evidence_quote_en": "Two trucks of relief material from Gayatri Parivar arrived with authorised papers and a Home Ministry recommendation, and were accepted.", "temporal_contamination_flag": "False", "actor": "गायत्री परिवार", "actor_type": "religious", "commodity": "other", "quantity": "2.0", "unit": "trucks", "beneficiaries": "", "target_group": "", "self_reported": "False", "source_outlets": "Jagran", "source_outlet_count": 1, "entity_key": "गायत्री परिवार|other|Rupandehi", "geo_resolution": "point", "geo_statement": "Matched \"बेलहिया\" to a named OSM place in Rupandehi", "geo_match_name": "बेलहिया", "geo_match_osm_id": "node/2246454866", "geo_anchor_id": null, "geo_anchor_name": null}, "geometry": {"type": "Point", "coordinates": [83.4668199, 27.4787449]}}, {"type": "Feature", "properties": {"record_id": "3833b9bd339b8144", "table": "aid_delivery", "location_raw": "Tanahu", "location_ne": "", "admin_level": "district", "district": "Tanahun", "province": "Gandaki", "geo_basis": "text_explicit", "as_of": "2026-08-30", "as_of_basis": "article_date", "first_reported": "2026-08-30", "last_reported": "2026-08-30", "confidence": "high", "confidence_note": "District named directly.", "density": "1", "effective_sources": "1", "independent_origins": "1", "origin": "media_own", "origin_note": "single outlet", "corroboration": "single_source", "evidence_quote": "Chairman Krishna Prasad Gautam told RSS that the chapter, in coordination with the District Administration Office, has provided free ambulance service to assist in managing dead bodies. Even the materials required for managing dead bodies were handed over to the authorities.", "evidence_quote_en": "", "temporal_contamination_flag": "False", "actor": "Nepal Red Cross Society, Tanahu district chapter", "actor_type": "national_NGO", "commodity": "other", "quantity": "", "unit": "", "beneficiaries": "", "target_group": "dead-body management", "self_reported": "", "source_outlets": "Nepal News", "source_outlet_count": 1, "entity_key": "Nepal Red Cross Society, Tanahu district chapter|other|Tanahun", "geo_resolution": "district", "geo_statement": "Located to Tanahu district only", "geo_match_name": null, "geo_match_osm_id": null, "geo_anchor_id": "79688334B55235398820876", "geo_anchor_name": "Tanahu"}, "geometry": {"type": "Point", "coordinates": [84.20649035780602, 27.96895687741744]}}]}