{"type": "FeatureCollection", "features": [{"type": "Feature", "properties": {"record_id": "55f4de3efe9017d2", "table": "infrastructure", "location_raw": "टिमुरे, स्याँप्रुबेंसी, त्रिशूली, बट्टार र देवीघाट", "location_ne": "", "admin_level": "settlement", "district": "", "province": "Bagmati", "geo_basis": "text_explicit", "as_of": "2026-08-26", "as_of_basis": "stated", "first_reported": "2026-08-30", "last_reported": "2026-08-30", "confidence": "medium", "confidence_note": "Named settlements span Rasuwa and Nuwakot; district left blank.", "density": "1", "effective_sources": "1", "independent_origins": "1", "origin": "media_own", "origin_note": "single outlet", "corroboration": "single_source", "evidence_quote": "नदी तटीय क्षेत्रमा रहेका प्रमुख बस्तीहरू टिमुरे, स्याँप्रुबेंसी,त्रिशूली, बट्टार र देवीघाट लगायतका स्थानमा बाढीले व्यापक भौतिक तथा मानवीय क्षति पु¥याएको हो ।", "evidence_quote_en": "", "temporal_contamination_flag": "False", "sector": "other", "asset_name": "", "status": "damaged", "capacity": "", "unit": "", "damage_detail": "ठूलो संख्यामा निजी आवास, कृषि योग्य जमिन र सार्वजनिक संरचनाहरूमा क्षति", "source_outlets": "Arghakhanchi", "source_outlet_count": 1, "entity_key": "टिमुरे, स्याँप्रुबेंसी, त्रिशूली, बट्टार र देवीघाट|other", "geo_resolution": "point", "geo_statement": "Matched \"देवीघाट\" to a named OSM place", "geo_match_name": "देवीघाट", "geo_match_osm_id": "node/4156044161", "geo_anchor_id": null, "geo_anchor_name": null}, "geometry": {"type": "Point", "coordinates": [85.1100635, 27.8600323]}}, {"type": "Feature", "properties": {"record_id": "fe85d6387c8a5ab3", "table": "infrastructure", "location_raw": "Rasuwa border area and Betrawati", "location_ne": "", "admin_level": "settlement", "district": "", "province": "", "geo_basis": "text_adjacent", "as_of": "2026-08-26", "as_of_basis": "inferred_from_text", "first_reported": "2026-08-31", "last_reported": "2026-08-31", "confidence": "low", "confidence_note": "Locations (Rasuwa border, Betrawati) named in earlier sentences of the interview, not in this exact quote; district left blank as it spans Rasuwa/Nuwakot.", "density": "1", "effective_sources": "1", "independent_origins": "1", "origin": "media_own", "origin_note": "single outlet", "corroboration": "single_source", "evidence_quote": "तर यसपटक ती सबै उपकरणहरू एकैचोटी बगाएको अवस्था भयो र हामीले पनि कुनै सूचना पाउन सकेनौँ ।", "evidence_quote_en": "But this time all those instruments were swept away at once, and we too were unable to receive any warning.", "temporal_contamination_flag": "", "sector": "water", "asset_name": "automatic water-level gauge stations (Rasuwa border / Betrawati)", "status": "destroyed", "capacity": "", "unit": "", "damage_detail": "early-warning water-level sensors swept away, no data received before the flood", "source_outlets": "Ratopati", "source_outlet_count": 1, "entity_key": "automatic water-level gauge stations (Rasuwa border / Betrawati)|water", "geo_resolution": "point", "geo_statement": "Matched \"Betrawati\" to a named OSM place", "geo_match_name": "बेत्रावती", "geo_match_osm_id": "node/268864226", "geo_anchor_id": null, "geo_anchor_name": null}, "geometry": {"type": "Point", "coordinates": [85.1859528, 27.9731085]}}, {"type": "Feature", "properties": {"record_id": "a85514734f6a0751", "table": "infrastructure", "location_raw": "Malekhu", "location_ne": "", "admin_level": "settlement", "district": "", "province": "", "geo_basis": "text_explicit", "as_of": "2026-08-26", "as_of_basis": "inferred_from_text", "first_reported": "2026-08-28", "last_reported": "2026-08-28", "confidence": "medium", "confidence_note": "Station location named directly; exact district not stated in this passage.", "density": "1", "effective_sources": "1", "independent_origins": "1", "origin": "media_own", "origin_note": "single outlet", "corroboration": "single_source", "evidence_quote": "Automated monitoring stations at Syabrubesi, Betrawati and Malekhu stopped transmitting as the flood swept through.", "evidence_quote_en": "", "temporal_contamination_flag": "", "sector": "other", "asset_name": "Automated flood monitoring station, Malekhu", "status": "non_functional", "capacity": "", "unit": "", "damage_detail": "stopped transmitting as the flood swept through", "source_outlets": "Open Magazine", "source_outlet_count": 1, "entity_key": "Automated flood monitoring station, Malekhu|other", "geo_resolution": "point", "geo_statement": "Matched \"Malekhu\" to a named OSM place", "geo_match_name": "मलेखु", "geo_match_osm_id": "node/3013890962", "geo_anchor_id": null, "geo_anchor_name": null}, "geometry": {"type": "Point", "coordinates": [84.82724, 27.813705]}}, {"type": "Feature", "properties": {"record_id": "b766f51e7ad0ebb3", "table": "infrastructure", "location_raw": "Langtang, Rasuwagadhi, Betrabati, Syafrubesi and Malekhu", "location_ne": "", "admin_level": "district", "district": "", "province": "Bagmati", "geo_basis": "text_explicit", "as_of": "2026-08-26", "as_of_basis": "inferred_from_text", "first_reported": "2026-08-28", "last_reported": "2026-08-28", "confidence": "medium", "confidence_note": "Five named locations span at least Rasuwa, Nuwakot and Dhading districts; single district field left blank.", "density": "1", "effective_sources": "1", "independent_origins": "1", "origin": "media_own", "origin_note": "single outlet", "corroboration": "single_source", "evidence_quote": "The extreme flow also destroyed flood monitoring equipment at Langtang, Rasuwagadhi, Betrabati, Syafrubesi and Malekhu. Only the stations at Devghat, Bhorle and Kalikhola near Muglin remain operational.", "evidence_quote_en": "", "temporal_contamination_flag": "", "sector": "other", "asset_name": "flood monitoring / gauging stations", "status": "destroyed", "capacity": "", "unit": "", "damage_detail": "flood monitoring equipment destroyed at five named sites; three other stations remain operational", "source_outlets": "OnlineKhabar English News", "source_outlet_count": 1, "entity_key": "flood monitoring / gauging stations|other", "geo_resolution": "district", "geo_statement": "District recovered as Rasuwa by locating \"Langtang\"; anchored to the district, not the site", "geo_match_name": null, "geo_match_osm_id": null, "geo_anchor_id": "79688334B50883418539268", "geo_anchor_name": "Rasuwa"}, "geometry": {"type": "Point", "coordinates": [85.43275923020244, 28.17010993431697]}}, {"type": "Feature", "properties": {"record_id": "cd2a1fd7af375a49", "table": "infrastructure", "location_raw": "Prithvi Highway", "location_ne": "", "admin_level": "district", "district": "", "province": "Bagmati", "geo_basis": "text_explicit", "as_of": "2026-08-27", "as_of_basis": "inferred_from_text", "first_reported": "2026-08-28", "last_reported": "2026-08-28", "confidence": "medium", "confidence_note": "Prithvi Highway spans multiple districts; district left blank.", "density": "1", "effective_sources": "1", "independent_origins": "1", "origin": "media_own", "origin_note": "single outlet", "corroboration": "single_source", "evidence_quote": "around 13 kilometers of the Prithvi Highway are covered in debris", "evidence_quote_en": "", "temporal_contamination_flag": "False", "sector": "road", "asset_name": "", "status": "partial", "capacity": "13.0", "unit": "km", "damage_detail": "around 13 kilometers of the Prithvi Highway are covered in debris", "source_outlets": "Deshsanchar", "source_outlet_count": 1, "entity_key": "Prithvi Highway|road", "geo_resolution": "district", "geo_statement": "District recovered as Nuwakot by locating \"Prithvi Highway\"; anchored to the district, not the site", "geo_match_name": null, "geo_match_osm_id": null, "geo_anchor_id": "79688334B17077666187877", "geo_anchor_name": "Nuwakot"}, "geometry": {"type": "Point", "coordinates": [85.20729652963067, 27.936643231647253]}}, {"type": "Feature", "properties": {"record_id": "6048c0626efa3908", "table": "infrastructure", "location_raw": "पृथ्वी राजमार्ग (Prithvi Highway)", "location_ne": "", "admin_level": "province", "district": "", "province": "Bagmati", "geo_basis": "text_explicit", "as_of": "2026-08-28", "as_of_basis": "article_date", "first_reported": "2026-08-27", "last_reported": "2026-08-28", "confidence": "medium", "confidence_note": "Exact district segment not specified; Prithvi Highway spans Dhading/Nuwakot/Kathmandu within Bagmati province.", "density": "2", "effective_sources": "2", "independent_origins": "2", "origin": "unattributed", "origin_note": "2 outlets, no reporting body named; independence not established", "corroboration": "independent", "evidence_quote": "पृथ्वी राजमार्गअन्तर्गत करिब १३ किलोमिटर सडक लेदोले भरिएको छ ।", "evidence_quote_en": "About 13 km of road under the Prithvi Highway is filled with silt/mud.", "temporal_contamination_flag": "", "sector": "road", "asset_name": "Prithvi Highway", "status": "partial", "capacity": "13.0", "unit": "km", "damage_detail": "लेदोले भरिएको (filled with silt/mud)", "source_outlets": "Adarsha Samaj; Arghakhanchi", "source_outlet_count": 2, "entity_key": "Prithvi Highway|road", "geo_resolution": "district", "geo_statement": "District recovered as Nuwakot by locating \"Prithvi Highway\"; anchored to the district, not the site", "geo_match_name": null, "geo_match_osm_id": null, "geo_anchor_id": "79688334B17077666187877", "geo_anchor_name": "Nuwakot"}, "geometry": {"type": "Point", "coordinates": [85.20729652963067, 27.936643231647253]}}, {"type": "Feature", "properties": {"record_id": "4c4f4a3d786d46e5", "table": "infrastructure", "location_raw": "Upper Trishuli-1 Hydropower Project", "location_ne": "", "admin_level": "settlement", "district": "", "province": "", "geo_basis": "text_explicit", "as_of": "2026-08-28", "as_of_basis": "stated", "first_reported": "2026-08-28", "last_reported": "2026-08-28", "confidence": "low", "confidence_note": "Site named directly but district not stated in passage.", "density": "4", "effective_sources": "3", "independent_origins": "3", "origin": "unattributed", "origin_note": "3 outlets, no reporting body named; independence not established", "corroboration": "independent", "evidence_quote": "It is complicated to find the entry and exit points of the tunnel because everything has been covered by mud", "evidence_quote_en": "", "temporal_contamination_flag": "", "sector": "power", "asset_name": "Upper Trishuli-1 Hydropower Project", "status": "damaged", "capacity": "", "unit": "", "damage_detail": "tunnel entry and exit points covered by mud", "source_outlets": "WGN Radio 720; The Korea Times; CBS News", "source_outlet_count": 4, "entity_key": "Upper Trishuli-1 Hydropower Project|power", "geo_resolution": "district", "geo_statement": "Names the Upper Trishuli-1, which the validated power database places in Rasuwa district — anchored to the district, not the site", "geo_match_name": "Upper Trishuli-1", "geo_match_osm_id": null, "geo_anchor_id": "79688334B50883418539268", "geo_anchor_name": "Rasuwa"}, "geometry": {"type": "Point", "coordinates": [85.43275923020244, 28.17010993431697]}}, {"type": "Feature", "properties": {"record_id": "b8d054b7721076af", "table": "infrastructure", "location_raw": "Langtang, Rasuwagadhi, Betrawati, Syafrubesi, Malekhu", "location_ne": "", "admin_level": "settlement", "district": "", "province": "Bagmati", "geo_basis": "text_explicit", "as_of": "2026-08-28", "as_of_basis": "article_date", "first_reported": "2026-08-28", "last_reported": "2026-08-28", "confidence": "medium", "confidence_note": "Five settlements explicitly named, spanning Rasuwa/Nuwakot/Dhading; district left blank as it is not a single district.", "density": "1", "effective_sources": "1", "independent_origins": "1", "origin": "media_own", "origin_note": "single outlet", "corroboration": "single_source", "evidence_quote": "- विनोद पराजुलीका अनुसार बाढीले लाङटाङ, रसुवागढी, बेत्रावती, स्याफ्रुबेसी र मलेखुका मापन उपकरण बगाएको छ।", "evidence_quote_en": "According to Binod Parajuli, the flood swept away measurement instruments at Langtang, Rasuwagadhi, Betrawati, Syafrubesi and Malekhu.", "temporal_contamination_flag": "", "sector": "water", "asset_name": "flood measurement instruments", "status": "destroyed", "capacity": "", "unit": "", "damage_detail": "", "source_outlets": "Onlinekhabar", "source_outlet_count": 1, "entity_key": "flood measurement instruments|water", "geo_resolution": "point", "geo_statement": "Matched \"Langtang\" to a named OSM place", "geo_match_name": "लांगटांग", "geo_match_osm_id": "node/976471702", "geo_anchor_id": null, "geo_anchor_name": null}, "geometry": {"type": "Point", "coordinates": [85.5089756, 28.2157564]}}, {"type": "Feature", "properties": {"record_id": "5039f2d99deb4837", "table": "infrastructure", "location_raw": "Devghat, Bhorle, Kalikhola (Muglin)", "location_ne": "", "admin_level": "settlement", "district": "", "province": "", "geo_basis": "text_explicit", "as_of": "2026-08-28", "as_of_basis": "article_date", "first_reported": "2026-08-28", "last_reported": "2026-08-28", "confidence": "medium", "confidence_note": "Three remaining functioning gauge sites explicitly named; district/province not specified in this passage.", "density": "1", "effective_sources": "1", "independent_origins": "1", "origin": "media_own", "origin_note": "single outlet", "corroboration": "single_source", "evidence_quote": "हाल देवघाट, भोर्ले र कालीखोला (मुग्लिन) मा मात्र बाढी मापन उपकरणहरु बाँकी छन् ।", "evidence_quote_en": "Currently only the flood measurement instruments at Devghat, Bhorle and Kalikhola (Muglin) remain.", "temporal_contamination_flag": "", "sector": "water", "asset_name": "flood measurement instruments", "status": "functional", "capacity": "", "unit": "", "damage_detail": "", "source_outlets": "Onlinekhabar", "source_outlet_count": 1, "entity_key": "flood measurement instruments|water", "geo_resolution": "point", "geo_statement": "Matched \"Devghat\" to a named OSM place", "geo_match_name": "देवघाट", "geo_match_osm_id": "node/1995767582", "geo_anchor_id": null, "geo_anchor_name": null}, "geometry": {"type": "Point", "coordinates": [84.4254257, 27.7391877]}}, {"type": "Feature", "properties": {"record_id": "f4cc58707d61e686", "table": "infrastructure", "location_raw": "Trishuli 3A hydropower project", "location_ne": "", "admin_level": "settlement", "district": "", "province": "", "geo_basis": "text_explicit", "as_of": "2026-08-28", "as_of_basis": "article_date", "first_reported": "2026-08-28", "last_reported": "2026-08-28", "confidence": "medium", "confidence_note": "Project named directly; specific district not stated in this passage.", "density": "4", "effective_sources": "4", "independent_origins": "4", "origin": "unattributed", "origin_note": "4 outlets, no reporting body named; independence not established", "corroboration": "independent", "evidence_quote": "Nepali Army teams are still working to evacuate more than 100 people trapped in a flooded tunnel at the Trishuli 3A hydropower project after rescuing 350 workers and locals.", "evidence_quote_en": "", "temporal_contamination_flag": "", "sector": "power", "asset_name": "Trishuli 3A hydropower project", "status": "damaged", "capacity": "", "unit": "", "damage_detail": "tunnel flooded, trapping over 100 people", "source_outlets": "Türkiye Today; SBS; ASHARQ AL-AWSAT English; NST Online", "source_outlet_count": 4, "entity_key": "Trishuli 3A hydropower project|power", "geo_resolution": "district", "geo_statement": "Names the Upper Trishuli 3A, which the validated power database places in Nuwakot district — anchored to the district, not the site", "geo_match_name": "Upper Trishuli 3A", "geo_match_osm_id": null, "geo_anchor_id": "79688334B17077666187877", "geo_anchor_name": "Nuwakot"}, "geometry": {"type": "Point", "coordinates": [85.20729652963067, 27.936643231647253]}}, {"type": "Feature", "properties": {"record_id": "fef4f90ebfe44c97", "table": "infrastructure", "location_raw": "Trishuli-1 hydroelectric project", "location_ne": "", "admin_level": "settlement", "district": "", "province": "", "geo_basis": "text_explicit", "as_of": "2026-08-28", "as_of_basis": "article_date", "first_reported": "2026-08-28", "last_reported": "2026-08-28", "confidence": "low", "confidence_note": "Damage is stated but only vaguely ('battered'); no specific damage detail given.", "density": "1", "effective_sources": "1", "independent_origins": "1", "origin": "media_own", "origin_note": "single outlet", "corroboration": "single_source", "evidence_quote": "who were moved to safe locations after floodwaters battered the infrastructure facility.", "evidence_quote_en": "", "temporal_contamination_flag": "", "sector": "power", "asset_name": "Trishuli-1 hydroelectric project", "status": "damaged", "capacity": "", "unit": "", "damage_detail": "floodwaters battered the infrastructure facility", "source_outlets": "LatestLY", "source_outlet_count": 1, "entity_key": "Trishuli-1 hydroelectric project|power", "geo_resolution": "district", "geo_statement": "Names the Upper Trishuli-1, which the validated power database places in Rasuwa district — anchored to the district, not the site", "geo_match_name": "Upper Trishuli-1", "geo_match_osm_id": null, "geo_anchor_id": "79688334B50883418539268", "geo_anchor_name": "Rasuwa"}, "geometry": {"type": "Point", "coordinates": [85.43275923020244, 28.17010993431697]}}, {"type": "Feature", "properties": {"record_id": "873d3467d0d18e8f", "table": "infrastructure", "location_raw": "सान्जेन जलविद्युत् आयोजना (Sanjen Hydropower Project)", "location_ne": "", "admin_level": "settlement", "district": "", "province": "", "geo_basis": "text_adjacent", "as_of": "2026-08-28", "as_of_basis": "article_date", "first_reported": "2026-08-28", "last_reported": "2026-08-28", "confidence": "low", "confidence_note": "Project named alongside three affected districts without stating which district each project is in; district left blank.", "density": "1", "effective_sources": "1", "independent_origins": "1", "origin": "media_own", "origin_note": "single outlet", "corroboration": "single_source", "evidence_quote": "बाढीले रसुवागढी, सान्जेन, चिलिमे र मैलुङ जलविद्युत् परियोजनामा गम्भीर क्षति पुर्याएको देखिन्छ।", "evidence_quote_en": "The flood appears to have caused severe damage to the Rasuwagadhi, Sanjen, Chilime and Mailung hydropower projects.", "temporal_contamination_flag": "", "sector": "power", "asset_name": "Sanjen Hydropower Project", "status": "damaged", "capacity": "", "unit": "", "damage_detail": "", "source_outlets": "Onlinekhabar", "source_outlet_count": 1, "entity_key": "Sanjen Hydropower Project|power", "geo_resolution": "district", "geo_statement": "Names the Sanjen Khola Hydropower Project, which the validated power database places in Rasuwa district — anchored to the district, not the site", "geo_match_name": "Sanjen Khola Hydropower Project", "geo_match_osm_id": null, "geo_anchor_id": "79688334B50883418539268", "geo_anchor_name": "Rasuwa"}, "geometry": {"type": "Point", "coordinates": [85.43275923020244, 28.17010993431697]}}, {"type": "Feature", "properties": {"record_id": "39b13b674a4c00ac", "table": "infrastructure", "location_raw": "मैलुङ जलविद्युत् आयोजना (Mailung Hydropower Project)", "location_ne": "", "admin_level": "settlement", "district": "", "province": "", "geo_basis": "text_adjacent", "as_of": "2026-08-28", "as_of_basis": "article_date", "first_reported": "2026-08-28", "last_reported": "2026-08-28", "confidence": "low", "confidence_note": "Project named alongside three affected districts without stating which district each project is in; district left blank.", "density": "1", "effective_sources": "1", "independent_origins": "1", "origin": "media_own", "origin_note": "single outlet", "corroboration": "single_source", "evidence_quote": "बाढीले रसुवागढी, सान्जेन, चिलिमे र मैलुङ जलविद्युत् परियोजनामा गम्भीर क्षति पुर्याएको देखिन्छ।", "evidence_quote_en": "The flood appears to have caused severe damage to the Rasuwagadhi, Sanjen, Chilime and Mailung hydropower projects.", "temporal_contamination_flag": "", "sector": "power", "asset_name": "Mailung Hydropower Project", "status": "damaged", "capacity": "", "unit": "", "damage_detail": "", "source_outlets": "Onlinekhabar", "source_outlet_count": 1, "entity_key": "Mailung Hydropower Project|power", "geo_resolution": "district", "geo_statement": "Names the Upper Mailung A, which the validated power database places in Rasuwa district — anchored to the district, not the site", "geo_match_name": "Upper Mailung A", "geo_match_osm_id": null, "geo_anchor_id": "79688334B50883418539268", "geo_anchor_name": "Rasuwa"}, "geometry": {"type": "Point", "coordinates": [85.43275923020244, 28.17010993431697]}}, {"type": "Feature", "properties": {"record_id": "2843024d556398c8", "table": "infrastructure", "location_raw": "Khalte, Rasuwa-Nuwakot border", "location_ne": "", "admin_level": "settlement", "district": "", "province": "Bagmati", "geo_basis": "text_explicit", "as_of": "2026-08-28", "as_of_basis": "article_date", "first_reported": "2026-08-28", "last_reported": "2026-08-28", "confidence": "medium", "confidence_note": "Located explicitly on the Rasuwa-Nuwakot border; district field left blank rather than picking one.", "density": "1", "effective_sources": "1", "independent_origins": "1", "origin": "media_own", "origin_note": "single outlet", "corroboration": "single_source", "evidence_quote": "The Bhotekoshi River bridge at Khalte, on the Rasuwa-Nuwakot border, was also completely destroyed.", "evidence_quote_en": "", "temporal_contamination_flag": "", "sector": "bridge", "asset_name": "Bhotekoshi River bridge at Khalte", "status": "destroyed", "capacity": "", "unit": "", "damage_detail": "", "source_outlets": "The Statesman", "source_outlet_count": 1, "entity_key": "Bhotekoshi River bridge at Khalte|bridge", "geo_resolution": "district", "geo_statement": "District recovered as Nuwakot by locating \"Khalte\"; anchored to the district, not the site", "geo_match_name": null, "geo_match_osm_id": null, "geo_anchor_id": "79688334B17077666187877", "geo_anchor_name": "Nuwakot"}, "geometry": {"type": "Point", "coordinates": [85.20729652963067, 27.936643231647253]}}, {"type": "Feature", "properties": {"record_id": "ac58fc45a2c12fc4", "table": "infrastructure", "location_raw": "Betrwati Bazaar, Muglin Bazaar, Devighat", "location_ne": "", "admin_level": "settlement", "district": "", "province": "Bagmati", "geo_basis": "text_explicit", "as_of": "2026-08-28", "as_of_basis": "article_date", "first_reported": "2026-08-28", "last_reported": "2026-08-28", "confidence": "low", "confidence_note": "Multiple settlements named but damage described only generically; no specific asset or district confirmed for each.", "density": "1", "effective_sources": "1", "independent_origins": "1", "origin": "media_own", "origin_note": "single outlet", "corroboration": "single_source", "evidence_quote": "The flood’s path also extended through locations including Betrwati Bazaar, Muglin Bazaar and Devighat, leaving a trail of destruction across settlements and infrastructure along the river system", "evidence_quote_en": "", "temporal_contamination_flag": "", "sector": "other", "asset_name": "", "status": "damaged", "capacity": "", "unit": "", "damage_detail": "trail of destruction across settlements and infrastructure", "source_outlets": "The Economic Times", "source_outlet_count": 1, "entity_key": "Betrwati Bazaar, Muglin Bazaar, Devighat|other", "geo_resolution": "point", "geo_statement": "Matched \"Devighat\" to a named OSM place", "geo_match_name": "देवीघाट", "geo_match_osm_id": "node/4156044161", "geo_anchor_id": null, "geo_anchor_name": null}, "geometry": {"type": "Point", "coordinates": [85.1100635, 27.8600323]}}, {"type": "Feature", "properties": {"record_id": "a5b8081254999ad7", "table": "infrastructure", "location_raw": "देवीघाट से बेत्रावती, हाकुबेसी, स्याफ्रुबेसी", "location_ne": "", "admin_level": "settlement", "district": "", "province": "Bagmati", "geo_basis": "text_explicit", "as_of": "2026-08-28", "as_of_basis": "article_date", "first_reported": "2026-08-28", "last_reported": "2026-08-28", "confidence": "medium", "confidence_note": "Corridor named earlier in article (Syafrubesi to Devighat, via Betrawati and Haku Besi) spans Rasuwa and Nuwakot districts; district left blank, province Bagmati confident.", "density": "1", "effective_sources": "1", "independent_origins": "1", "origin": "media_own", "origin_note": "single outlet", "corroboration": "single_source", "evidence_quote": "इस आपदा ने पूरे इलाके के बुनियादी ढांचे को झकझोर दिया है. कई किलोमीटर लंबी सड़कें बह गई हैं जबकि छोटे और बड़े पुल भी क्षतिग्रस्त या पूरी तरह नष्ट हो गए हैं.", "evidence_quote_en": "This disaster has shaken the entire area's infrastructure. Many kilometres of roads have been washed away while small and large bridges have also been damaged or completely destroyed.", "temporal_contamination_flag": "False", "sector": "road", "asset_name": "", "status": "destroyed", "capacity": "", "unit": "", "damage_detail": "कई किलोमीटर लंबी सड़कें बह गई हैं", "source_outlets": "ndtv.in", "source_outlet_count": 1, "entity_key": "देवीघाट से बेत्रावती, हाकुबेसी, स्याफ्रुबेसी|road", "geo_resolution": "point", "geo_statement": "Matched \"हाकुबेसी\" to a named OSM place", "geo_match_name": "हाकु बेसी", "geo_match_osm_id": "node/3415530606", "geo_anchor_id": null, "geo_anchor_name": null}, "geometry": {"type": "Point", "coordinates": [85.2790735, 28.1164817]}}, {"type": "Feature", "properties": {"record_id": "89c13ed087ef0e38", "table": "infrastructure", "location_raw": "देवीघाट से बेत्रावती, हाकुबेसी, स्याफ्रुबेसी", "location_ne": "", "admin_level": "settlement", "district": "", "province": "Bagmati", "geo_basis": "text_explicit", "as_of": "2026-08-28", "as_of_basis": "article_date", "first_reported": "2026-08-28", "last_reported": "2026-08-28", "confidence": "medium", "confidence_note": "Mixed damaged/destroyed status per source wording; district left blank, province Bagmati confident.", "density": "1", "effective_sources": "1", "independent_origins": "1", "origin": "media_own", "origin_note": "single outlet", "corroboration": "single_source", "evidence_quote": "इस आपदा ने पूरे इलाके के बुनियादी ढांचे को झकझोर दिया है. कई किलोमीटर लंबी सड़कें बह गई हैं जबकि छोटे और बड़े पुल भी क्षतिग्रस्त या पूरी तरह नष्ट हो गए हैं.", "evidence_quote_en": "This disaster has shaken the entire area's infrastructure. Many kilometres of roads have been washed away while small and large bridges have also been damaged or completely destroyed.", "temporal_contamination_flag": "False", "sector": "bridge", "asset_name": "", "status": "damaged", "capacity": "", "unit": "", "damage_detail": "छोटे और बड़े पुल भी क्षतिग्रस्त या पूरी तरह नष्ट हो गए हैं", "source_outlets": "ndtv.in", "source_outlet_count": 1, "entity_key": "देवीघाट से बेत्रावती, हाकुबेसी, स्याफ्रुबेसी|bridge", "geo_resolution": "point", "geo_statement": "Matched \"हाकुबेसी\" to a named OSM place", "geo_match_name": "हाकु बेसी", "geo_match_osm_id": "node/3415530606", "geo_anchor_id": null, "geo_anchor_name": null}, "geometry": {"type": "Point", "coordinates": [85.2790735, 28.1164817]}}, {"type": "Feature", "properties": {"record_id": "508cd58e2cefa2e1", "table": "infrastructure", "location_raw": "Betrawati-Rasuwagadhi highway", "location_ne": "", "admin_level": "district", "district": "", "province": "Bagmati", "geo_basis": "text_explicit", "as_of": "2026-08-28", "as_of_basis": "article_date", "first_reported": "2026-08-28", "last_reported": "2026-08-28", "confidence": "medium", "confidence_note": "Highway spans Nuwakot (Betrawati) and Rasuwa (Rasuwagadhi); district left blank.", "density": "1", "effective_sources": "1", "independent_origins": "1", "origin": "media_own", "origin_note": "single outlet", "corroboration": "single_source", "evidence_quote": "the 42-kilometre highway between the Betrawati area and the Rasuwagadhi border post was completely destroyed by the swelling river", "evidence_quote_en": "", "temporal_contamination_flag": "False", "sector": "road", "asset_name": "", "status": "destroyed", "capacity": "42.0", "unit": "km", "damage_detail": "the 42-kilometre highway between the Betrawati area and the Rasuwagadhi border post was completely destroyed by the swelling river", "source_outlets": "خبرگزاری اطلس", "source_outlet_count": 1, "entity_key": "Betrawati-Rasuwagadhi highway|road", "geo_resolution": "province", "geo_statement": "Located to Bagmati province only — the source names no district", "geo_match_name": null, "geo_match_osm_id": null, "geo_anchor_id": "38925275B1624743257395", "geo_anchor_name": "Bagmati"}, "geometry": {"type": "Point", "coordinates": [85.39309228206186, 27.652735693974222]}}, {"type": "Feature", "properties": {"record_id": "e15cd60ce26fe992", "table": "infrastructure", "location_raw": "Bhote Koshi-Trishuli corridor (Syabrubesi, Bidur, Betrawati Bazaar)", "location_ne": "", "admin_level": "district", "district": "", "province": "Bagmati", "geo_basis": "text_explicit", "as_of": "2026-08-28", "as_of_basis": "article_date", "first_reported": "2026-08-28", "last_reported": "2026-08-28", "confidence": "medium", "confidence_note": "India Today's own OSINT satellite-imagery analysis, not an official Nepal source; spans multiple districts.", "density": "1", "effective_sources": "1", "independent_origins": "1", "origin": "media_own", "origin_note": "single outlet", "corroboration": "single_source", "evidence_quote": "The analysis identified visible damage at 16 bridge crossings across the Bhote Koshi Trishuli corridor, including sites around Syabrubesi, Bidur and Betrawati Bazaar", "evidence_quote_en": "", "temporal_contamination_flag": "False", "sector": "bridge", "asset_name": "", "status": "damaged", "capacity": "16.0", "unit": "bridges", "damage_detail": "The analysis identified visible damage at 16 bridge crossings across the Bhote Koshi Trishuli corridor, including sites around Syabrubesi, Bidur and Betrawati Bazaar", "source_outlets": "India Today", "source_outlet_count": 1, "entity_key": "Bhote Koshi-Trishuli corridor (Syabrubesi, Bidur, Betrawati Bazaar)|bridge", "geo_resolution": "district", "geo_statement": "District recovered as Nuwakot by locating \"Bidur\"; anchored to the district, not the site", "geo_match_name": null, "geo_match_osm_id": null, "geo_anchor_id": "79688334B17077666187877", "geo_anchor_name": "Nuwakot"}, "geometry": {"type": "Point", "coordinates": [85.20729652963067, 27.936643231647253]}}, {"type": "Feature", "properties": {"record_id": "5d14f668ecaf7c94", "table": "infrastructure", "location_raw": "Nuwakot-Rasuwa border", "location_ne": "", "admin_level": "district", "district": "", "province": "Bagmati", "geo_basis": "text_explicit", "as_of": "2026-08-28", "as_of_basis": "article_date", "first_reported": "2026-08-28", "last_reported": "2026-08-28", "confidence": "medium", "confidence_note": "Border area named but spans two districts; district left blank.", "density": "1", "effective_sources": "1", "independent_origins": "1", "origin": "media_own", "origin_note": "single outlet", "corroboration": "single_source", "evidence_quote": "Two bridges along the Nuwakot-Rasuwa border were also destroyed, further disrupting road connectivity to the district.", "evidence_quote_en": "", "temporal_contamination_flag": "", "sector": "bridge", "asset_name": "", "status": "destroyed", "capacity": "2.0", "unit": "bridges", "damage_detail": "Two bridges along the Nuwakot-Rasuwa border destroyed", "source_outlets": "OnlineKhabar English News", "source_outlet_count": 1, "entity_key": "Nuwakot-Rasuwa border|bridge", "geo_resolution": "province", "geo_statement": "Located to Bagmati province only — the source names no district", "geo_match_name": null, "geo_match_osm_id": null, "geo_anchor_id": "38925275B1624743257395", "geo_anchor_name": "Bagmati"}, "geometry": {"type": "Point", "coordinates": [85.39309228206186, 27.652735693974222]}}, {"type": "Feature", "properties": {"record_id": "bc70b6e516b6a98e", "table": "infrastructure", "location_raw": "Upper Trishuli-1 Hydropower Project, near Nepal-China border", "location_ne": "", "admin_level": "district", "district": "", "province": "Bagmati", "geo_basis": "text_explicit", "as_of": "2026-08-28", "as_of_basis": "stated", "first_reported": "2026-08-29", "last_reported": "2026-08-29", "confidence": "high", "confidence_note": "Army spokesperson named the specific project.", "density": "1", "effective_sources": "1", "independent_origins": "1", "origin": "media_own", "origin_note": "single outlet", "corroboration": "single_source", "evidence_quote": "It is complicated to find the entry and exit points of the tunnel because everything has been covered by mud", "evidence_quote_en": "", "temporal_contamination_flag": "False", "sector": "power", "asset_name": "Upper Trishuli-1 Hydropower Project (tunnel)", "status": "damaged", "capacity": "", "unit": "", "damage_detail": "entry and exit points of the tunnel covered by mud", "source_outlets": "CBC", "source_outlet_count": 1, "entity_key": "Upper Trishuli-1 Hydropower Project (tunnel)|power", "geo_resolution": "district", "geo_statement": "Names the Upper Trishuli-1, which the validated power database places in Rasuwa district — anchored to the district, not the site", "geo_match_name": "Upper Trishuli-1", "geo_match_osm_id": null, "geo_anchor_id": "79688334B50883418539268", "geo_anchor_name": "Rasuwa"}, "geometry": {"type": "Point", "coordinates": [85.43275923020244, 28.17010993431697]}}, {"type": "Feature", "properties": {"record_id": "275e3e946e097b34", "table": "infrastructure", "location_raw": "Trishuli 3A hydropower site", "location_ne": "", "admin_level": "settlement", "district": "", "province": "", "geo_basis": "text_explicit", "as_of": "2026-08-29", "as_of_basis": "stated", "first_reported": "2026-08-30", "last_reported": "2026-08-30", "confidence": "medium", "confidence_note": "District of Trishuli 3A site not stated in this article.", "density": "2", "effective_sources": "2", "independent_origins": "2", "origin": "unattributed", "origin_note": "2 outlets, no reporting body named; independence not established", "corroboration": "independent", "evidence_quote": "Army rescue teams drilled into the upper part of a mud-filled tunnel at the Trishuli 3A hydropower site on Saturday evening, breaking through far enough to begin pumping in air and lowering a camera.", "evidence_quote_en": "", "temporal_contamination_flag": "False", "sector": "power", "asset_name": "Trishuli 3A", "status": "damaged", "capacity": "", "unit": "", "damage_detail": "mud-filled tunnel", "source_outlets": "Malay Mail; The Independent", "source_outlet_count": 2, "entity_key": "Trishuli 3A|power", "geo_resolution": "district", "geo_statement": "Names the Upper Trishuli 3A, which the validated power database places in Nuwakot district — anchored to the district, not the site", "geo_match_name": "Upper Trishuli 3A", "geo_match_osm_id": null, "geo_anchor_id": "79688334B17077666187877", "geo_anchor_name": "Nuwakot"}, "geometry": {"type": "Point", "coordinates": [85.20729652963067, 27.936643231647253]}}, {"type": "Feature", "properties": {"record_id": "57ce2835cd2ee5b8", "table": "infrastructure", "location_raw": "Trishuli 3A hydroelectric site", "location_ne": "", "admin_level": "settlement", "district": "", "province": "", "geo_basis": "text_explicit", "as_of": "2026-08-29", "as_of_basis": "stated", "first_reported": "2026-08-30", "last_reported": "2026-08-30", "confidence": "medium", "confidence_note": "Status of 'non_functional' inferred from need to insert a pipe and trapped workers; district not stated in this article.", "density": "1", "effective_sources": "1", "independent_origins": "1", "origin": "media_own", "origin_note": "single outlet", "corroboration": "single_source", "evidence_quote": "A breakthrough came late on Saturday when the Nepali army managed to insert a pipe into a tunnel at the Trishuli 3A hydroelectric site, where workers are believed to be trapped.", "evidence_quote_en": "", "temporal_contamination_flag": "False", "sector": "power", "asset_name": "Trishuli 3A", "status": "non_functional", "capacity": "", "unit": "", "damage_detail": "workers believed trapped; army inserted a pipe to begin reaching them", "source_outlets": "Firstpost", "source_outlet_count": 1, "entity_key": "Trishuli 3A|power", "geo_resolution": "district", "geo_statement": "Names the Upper Trishuli 3A, which the validated power database places in Nuwakot district — anchored to the district, not the site", "geo_match_name": "Upper Trishuli 3A", "geo_match_osm_id": null, "geo_anchor_id": "79688334B17077666187877", "geo_anchor_name": "Nuwakot"}, "geometry": {"type": "Point", "coordinates": [85.20729652963067, 27.936643231647253]}}, {"type": "Feature", "properties": {"record_id": "0f8073bb1f892f8e", "table": "infrastructure", "location_raw": "Trishuli 3A hydropower site", "location_ne": "", "admin_level": "settlement", "district": "", "province": "", "geo_basis": "text_explicit", "as_of": "2026-08-29", "as_of_basis": "article_date", "first_reported": "2026-08-29", "last_reported": "2026-08-29", "confidence": "medium", "confidence_note": "Site named, district not specified in this article.", "density": "1", "effective_sources": "1", "independent_origins": "1", "origin": "media_own", "origin_note": "single outlet", "corroboration": "single_source", "evidence_quote": "Rescuers managed to reach some people with helicopter baskets and ropes, but struggled with 4 to 5 feet of mud and limited landing sites, Brig. Gen. Raja Ram Basnet said.", "evidence_quote_en": "", "temporal_contamination_flag": "", "sector": "power", "asset_name": "", "status": "damaged", "capacity": "", "unit": "", "damage_detail": "4 to 5 feet of mud", "source_outlets": "CBS News", "source_outlet_count": 1, "entity_key": "Trishuli 3A hydropower site|power", "geo_resolution": "district", "geo_statement": "Names the Upper Trishuli 3A, which the validated power database places in Nuwakot district — anchored to the district, not the site", "geo_match_name": "Upper Trishuli 3A", "geo_match_osm_id": null, "geo_anchor_id": "79688334B17077666187877", "geo_anchor_name": "Nuwakot"}, "geometry": {"type": "Point", "coordinates": [85.20729652963067, 27.936643231647253]}}, {"type": "Feature", "properties": {"record_id": "f0f0a3e4ece7d04e", "table": "infrastructure", "location_raw": "गल्छी-त्रिशूली-मैलुङ-स्याफ्रुबेँसी-रसुवागढी सडक खण्ड", "location_ne": "", "admin_level": "district", "district": "", "province": "Bagmati", "geo_basis": "text_explicit", "as_of": "2026-08-29", "as_of_basis": "article_date", "first_reported": "2026-08-29", "last_reported": "2026-08-29", "confidence": "high", "confidence_note": "Bridge damage count along the Galchhi-Trishuli-Mailung-Syafrubesi-Rasuwagadhi road corridor.", "density": "1", "effective_sources": "1", "independent_origins": "1", "origin": "media_own", "origin_note": "single outlet", "corroboration": "single_source", "evidence_quote": "यातायात क्षेत्रमा १५ वटा पक्की पुल र ९ वटा झोलुङ्गे पुलमा क्षति पुग्दा गल्छी-त्रिशूली-मैलुङ-स्याफ्रुबेँसी-रसुवागढी सडक खण्ड पूर्ण रूपमा अवरुद्ध भएको छ।", "evidence_quote_en": "In the transport sector, 15 concrete bridges and 9 suspension bridges were damaged, fully blocking the Galchhi-Trishuli-Mailung-Syafrubesi-Rasuwagadhi road section.", "temporal_contamination_flag": "False", "sector": "bridge", "asset_name": "१५ वटा पक्की पुल (15 concrete bridges)", "status": "damaged", "capacity": "15.0", "unit": "bridges", "damage_detail": "", "source_outlets": "Deshsanchar", "source_outlet_count": 1, "entity_key": "१५ वटा पक्की पुल (15 concrete bridges)|bridge", "geo_resolution": "province", "geo_statement": "Located to Bagmati province only — the source names no district", "geo_match_name": null, "geo_match_osm_id": null, "geo_anchor_id": "38925275B1624743257395", "geo_anchor_name": "Bagmati"}, "geometry": {"type": "Point", "coordinates": [85.39309228206186, 27.652735693974222]}}, {"type": "Feature", "properties": {"record_id": "5f0acf38a2023cc3", "table": "infrastructure", "location_raw": "गल्छी-त्रिशूली-मैलुङ-स्याफ्रुबेँसी-रसुवागढी सडक खण्ड", "location_ne": "", "admin_level": "district", "district": "", "province": "Bagmati", "geo_basis": "text_explicit", "as_of": "2026-08-29", "as_of_basis": "article_date", "first_reported": "2026-08-29", "last_reported": "2026-08-29", "confidence": "high", "confidence_note": "Suspension-bridge damage count along the same corridor.", "density": "1", "effective_sources": "1", "independent_origins": "1", "origin": "media_own", "origin_note": "single outlet", "corroboration": "single_source", "evidence_quote": "यातायात क्षेत्रमा १५ वटा पक्की पुल र ९ वटा झोलुङ्गे पुलमा क्षति पुग्दा गल्छी-त्रिशूली-मैलुङ-स्याफ्रुबेँसी-रसुवागढी सडक खण्ड पूर्ण रूपमा अवरुद्ध भएको छ।", "evidence_quote_en": "In the transport sector, 15 concrete bridges and 9 suspension bridges were damaged, fully blocking the Galchhi-Trishuli-Mailung-Syafrubesi-Rasuwagadhi road section.", "temporal_contamination_flag": "False", "sector": "bridge", "asset_name": "९ वटा झोलुङ्गे पुल (9 suspension bridges)", "status": "damaged", "capacity": "9.0", "unit": "bridges", "damage_detail": "", "source_outlets": "Deshsanchar", "source_outlet_count": 1, "entity_key": "९ वटा झोलुङ्गे पुल (9 suspension bridges)|bridge", "geo_resolution": "province", "geo_statement": "Located to Bagmati province only — the source names no district", "geo_match_name": null, "geo_match_osm_id": null, "geo_anchor_id": "38925275B1624743257395", "geo_anchor_name": "Bagmati"}, "geometry": {"type": "Point", "coordinates": [85.39309228206186, 27.652735693974222]}}, {"type": "Feature", "properties": {"record_id": "33d3ab65bb668b03", "table": "infrastructure", "location_raw": "मध्यपहाडी लोकमार्ग (त्रिशूली पारि)", "location_ne": "", "admin_level": "district", "district": "", "province": "Bagmati", "geo_basis": "text_explicit", "as_of": "2026-08-29", "as_of_basis": "article_date", "first_reported": "2026-08-29", "last_reported": "2026-08-29", "confidence": "medium", "confidence_note": "Province government's own statement that repair work has begun to reopen the blocked highway.", "density": "1", "effective_sources": "1", "independent_origins": "1", "origin": "media_own", "origin_note": "single outlet", "corroboration": "single_source", "evidence_quote": "त्यसैगरी वागमती प्रदेश सरकारले त्रिशूली पारिको क्षेत्रमा अवरुद्ध रहेको मध्यपहाडी लोकमार्ग मर्मत कार्य तिब्रताका साथ सुरू गरेर यातायात सञ्चालनमा ल्याउने प्रयास थालनी गरेकोसमेत उनले जानकारी दिए ।", "evidence_quote_en": "He also said the Bagmati Province government has begun intensive repair work on the Mid-Hill Highway, blocked in the area across the Trishuli, in an effort to bring it back into operation.", "temporal_contamination_flag": "False", "sector": "road", "asset_name": "मध्यपहाडी लोकमार्ग (Mid-Hill Highway)", "status": "restoring", "capacity": "", "unit": "", "damage_detail": "अवरुद्ध रहेको, मर्मत कार्य तिब्रताका साथ सुरू", "source_outlets": "Arghakhanchi", "source_outlet_count": 1, "entity_key": "मध्यपहाडी लोकमार्ग (Mid-Hill Highway)|road", "geo_resolution": "province", "geo_statement": "Located to Bagmati province only — the source names no district", "geo_match_name": null, "geo_match_osm_id": null, "geo_anchor_id": "38925275B1624743257395", "geo_anchor_name": "Bagmati"}, "geometry": {"type": "Point", "coordinates": [85.39309228206186, 27.652735693974222]}}, {"type": "Feature", "properties": {"record_id": "f99cc0028b86b3d5", "table": "infrastructure", "location_raw": "Nepal (northern Bagmati Province)", "location_ne": "", "admin_level": "province", "district": "", "province": "Bagmati", "geo_basis": "text_explicit", "as_of": "2026-08-29", "as_of_basis": "article_date", "first_reported": "2026-08-29", "last_reported": "2026-08-29", "confidence": "medium", "confidence_note": "Attributed generically to 'Nepalese authorities'.", "density": "1", "effective_sources": "1", "independent_origins": "1", "origin": "media_own", "origin_note": "single outlet", "corroboration": "single_source", "evidence_quote": "According to Nepalese authorities, 80 bridges and approximately 40 km of roads were damaged in this flood.", "evidence_quote_en": "", "temporal_contamination_flag": "False", "sector": "bridge", "asset_name": "80 bridges (nationwide count)", "status": "damaged", "capacity": "80.0", "unit": "bridges", "damage_detail": "", "source_outlets": "조선일보", "source_outlet_count": 1, "entity_key": "80 bridges (nationwide count)|bridge", "geo_resolution": "province", "geo_statement": "Located to Bagmati province only — the source names no district", "geo_match_name": null, "geo_match_osm_id": null, "geo_anchor_id": "38925275B1624743257395", "geo_anchor_name": "Bagmati"}, "geometry": {"type": "Point", "coordinates": [85.39309228206186, 27.652735693974222]}}, {"type": "Feature", "properties": {"record_id": "f8d84ed2c4eccf19", "table": "infrastructure", "location_raw": "Nepal (northern Bagmati Province)", "location_ne": "", "admin_level": "province", "district": "", "province": "Bagmati", "geo_basis": "text_explicit", "as_of": "2026-08-29", "as_of_basis": "article_date", "first_reported": "2026-08-29", "last_reported": "2026-08-29", "confidence": "medium", "confidence_note": "Attributed generically to 'Nepalese authorities'; stated as approximate.", "density": "1", "effective_sources": "1", "independent_origins": "1", "origin": "media_own", "origin_note": "single outlet", "corroboration": "single_source", "evidence_quote": "According to Nepalese authorities, 80 bridges and approximately 40 km of roads were damaged in this flood.", "evidence_quote_en": "", "temporal_contamination_flag": "False", "sector": "road", "asset_name": "~40 km of roads (nationwide count)", "status": "damaged", "capacity": "40.0", "unit": "km", "damage_detail": "", "source_outlets": "조선일보", "source_outlet_count": 1, "entity_key": "~40 km of roads (nationwide count)|road", "geo_resolution": "province", "geo_statement": "Located to Bagmati province only — the source names no district", "geo_match_name": null, "geo_match_osm_id": null, "geo_anchor_id": "38925275B1624743257395", "geo_anchor_name": "Bagmati"}, "geometry": {"type": "Point", "coordinates": [85.39309228206186, 27.652735693974222]}}, {"type": "Feature", "properties": {"record_id": "a886583ed4e7ce10", "table": "infrastructure", "location_raw": "माथिल्लो त्रिशूली-३ 'ए' जलविद्युत् आयोजना", "location_ne": "", "admin_level": "settlement", "district": "", "province": "Bagmati", "geo_basis": "text_explicit", "as_of": "2026-08-30", "as_of_basis": "stated", "first_reported": "2026-08-30", "last_reported": "2026-08-30", "confidence": "medium", "confidence_note": "Project explicitly named; specific district not stated in this article.", "density": "3", "effective_sources": "3", "independent_origins": "3", "origin": "unattributed", "origin_note": "3 outlets, no reporting body named; independence not established", "corroboration": "independent", "evidence_quote": "यसैगरी, पहिरो र माटोले पुरिएको माथिल्लो त्रिशूली–३ ‘ए’ आयोजनाको टनेल पोर्टल तथा पावर हाउसको निगरानी गर्ने १९ वटा सीसीटीभी क्यामेरा, एचडीआर तथा सेटअप बक्स सुरक्षित रूपमा निकाल्न हेलिकप्टरमार्फत ‘स्पेसल फोर्स’ परिचालन गर्ने तयारी गरिएको छ ।", "evidence_quote_en": "Preparations are underway to helicopter in special forces to safely retrieve the 19 CCTV cameras, HDR, and setup boxes monitoring the tunnel portal and powerhouse of the Upper Trishuli-3A project, which are buried under landslide debris and mud.", "temporal_contamination_flag": "False", "sector": "power", "asset_name": "Upper Trishuli-3A Hydropower Project", "status": "damaged", "capacity": "", "unit": "", "damage_detail": "पहिरो र माटोले पुरिएको टनेल पोर्टल तथा पावर हाउस (tunnel portal and powerhouse buried by landslide/mud)", "source_outlets": "Ratopati; Gorkhapatra; The Economic Times", "source_outlet_count": 3, "entity_key": "Upper Trishuli-3A Hydropower Project|power", "geo_resolution": "district", "geo_statement": "Names the Upper Trishuli 3A, which the validated power database places in Nuwakot district — anchored to the district, not the site", "geo_match_name": "Upper Trishuli 3A", "geo_match_osm_id": null, "geo_anchor_id": "79688334B17077666187877", "geo_anchor_name": "Nuwakot"}, "geometry": {"type": "Point", "coordinates": [85.20729652963067, 27.936643231647253]}}, {"type": "Feature", "properties": {"record_id": "096506e5cdde7bfe", "table": "infrastructure", "location_raw": "Trishuli to Rasuka road", "location_ne": "", "admin_level": "district", "district": "", "province": "Bagmati", "geo_basis": "text_explicit", "as_of": "2026-08-30", "as_of_basis": "article_date", "first_reported": "2026-08-30", "last_reported": "2026-08-30", "confidence": "low", "confidence_note": "Under-construction road between Trishuli and Rasuwa; exact district boundary unclear.", "density": "1", "effective_sources": "1", "independent_origins": "1", "origin": "media_own", "origin_note": "single outlet", "corroboration": "single_source", "evidence_quote": "Work on the road being built from Trishuli to Rasuka has been temporarily halted. All JCB machines have been recalled, and all road construction work has been stopped.", "evidence_quote_en": "", "temporal_contamination_flag": "", "sector": "road", "asset_name": "", "status": "non_functional", "capacity": "", "unit": "", "damage_detail": "road construction work stopped; JCB machines recalled", "source_outlets": "Awaz The Voice", "source_outlet_count": 1, "entity_key": "Trishuli to Rasuka road|road", "geo_resolution": "province", "geo_statement": "Located to Bagmati province only — the source names no district", "geo_match_name": null, "geo_match_osm_id": null, "geo_anchor_id": "38925275B1624743257395", "geo_anchor_name": "Bagmati"}, "geometry": {"type": "Point", "coordinates": [85.39309228206186, 27.652735693974222]}}, {"type": "Feature", "properties": {"record_id": "b9ab7c510e83d485", "table": "infrastructure", "location_raw": "Nuwakot and Rasuwa districts", "location_ne": "", "admin_level": "district", "district": "", "province": "Bagmati", "geo_basis": "text_explicit", "as_of": "2026-08-30", "as_of_basis": "article_date", "first_reported": "2026-08-29", "last_reported": "2026-08-30", "confidence": "medium", "confidence_note": "Spans two named districts (Nuwakot and Rasuwa); single district field left blank. Capacity field used to hold the school count (unusual unit, taken verbatim from source).", "density": "2", "effective_sources": "2", "independent_origins": "2", "origin": "unattributed", "origin_note": "2 outlets, no reporting body named; independence not established", "corroboration": "independent", "evidence_quote": "At least 23 schools in the two districts are also expected to require rehabilitation.", "evidence_quote_en": "", "temporal_contamination_flag": "False", "sector": "school", "asset_name": "", "status": "damaged", "capacity": "23.0", "unit": "schools", "damage_detail": "expected to require rehabilitation", "source_outlets": "Nation Thailand; SKNVibes", "source_outlet_count": 2, "entity_key": "Nuwakot and Rasuwa districts|school", "geo_resolution": "province", "geo_statement": "Located to Bagmati province only — the source names no district", "geo_match_name": null, "geo_match_osm_id": null, "geo_anchor_id": "38925275B1624743257395", "geo_anchor_name": "Bagmati"}, "geometry": {"type": "Point", "coordinates": [85.39309228206186, 27.652735693974222]}}, {"type": "Feature", "properties": {"record_id": "ffbb333d34ddb65f", "table": "infrastructure", "location_raw": "Rasuwa and Nuwakot districts", "location_ne": "", "admin_level": "district", "district": "", "province": "Bagmati", "geo_basis": "text_explicit", "as_of": "2026-08-30", "as_of_basis": "article_date", "first_reported": "2026-08-30", "last_reported": "2026-08-30", "confidence": "medium", "confidence_note": "Damage described collectively across the two districts, not split by district.", "density": "1", "effective_sources": "1", "independent_origins": "1", "origin": "media_own", "origin_note": "single outlet", "corroboration": "single_source", "evidence_quote": "Roads and bridges have been swept away, completely severing transportation links.", "evidence_quote_en": "", "temporal_contamination_flag": "False", "sector": "road", "asset_name": "", "status": "destroyed", "capacity": "", "unit": "", "damage_detail": "", "source_outlets": "NepalNews", "source_outlet_count": 1, "entity_key": "Rasuwa and Nuwakot districts|road", "geo_resolution": "province", "geo_statement": "Located to Bagmati province only — the source names no district", "geo_match_name": null, "geo_match_osm_id": null, "geo_anchor_id": "38925275B1624743257395", "geo_anchor_name": "Bagmati"}, "geometry": {"type": "Point", "coordinates": [85.39309228206186, 27.652735693974222]}}, {"type": "Feature", "properties": {"record_id": "8408d790581fa229", "table": "infrastructure", "location_raw": "Rasuwa and Nuwakot districts", "location_ne": "", "admin_level": "district", "district": "", "province": "Bagmati", "geo_basis": "text_explicit", "as_of": "2026-08-30", "as_of_basis": "article_date", "first_reported": "2026-08-30", "last_reported": "2026-08-30", "confidence": "medium", "confidence_note": "Damage described collectively across the two districts, not split by district.", "density": "1", "effective_sources": "1", "independent_origins": "1", "origin": "media_own", "origin_note": "single outlet", "corroboration": "single_source", "evidence_quote": "Roads and bridges have been swept away, completely severing transportation links.", "evidence_quote_en": "", "temporal_contamination_flag": "False", "sector": "bridge", "asset_name": "", "status": "destroyed", "capacity": "", "unit": "", "damage_detail": "", "source_outlets": "NepalNews", "source_outlet_count": 1, "entity_key": "Rasuwa and Nuwakot districts|bridge", "geo_resolution": "province", "geo_statement": "Located to Bagmati province only — the source names no district", "geo_match_name": null, "geo_match_osm_id": null, "geo_anchor_id": "38925275B1624743257395", "geo_anchor_name": "Bagmati"}, "geometry": {"type": "Point", "coordinates": [85.39309228206186, 27.652735693974222]}}, {"type": "Feature", "properties": {"record_id": "78ababfbe8cca816", "table": "infrastructure", "location_raw": "Rasuwa and Nuwakot districts", "location_ne": "", "admin_level": "district", "district": "", "province": "Bagmati", "geo_basis": "text_explicit", "as_of": "2026-08-30", "as_of_basis": "article_date", "first_reported": "2026-08-30", "last_reported": "2026-08-30", "confidence": "medium", "confidence_note": "Damage described collectively across the two districts.", "density": "1", "effective_sources": "1", "independent_origins": "1", "origin": "media_own", "origin_note": "single outlet", "corroboration": "single_source", "evidence_quote": "Power supplies are down, causing mobile network disruptions.", "evidence_quote_en": "", "temporal_contamination_flag": "False", "sector": "power", "asset_name": "", "status": "non_functional", "capacity": "", "unit": "", "damage_detail": "", "source_outlets": "NepalNews", "source_outlet_count": 1, "entity_key": "Rasuwa and Nuwakot districts|power", "geo_resolution": "province", "geo_statement": "Located to Bagmati province only — the source names no district", "geo_match_name": null, "geo_match_osm_id": null, "geo_anchor_id": "38925275B1624743257395", "geo_anchor_name": "Bagmati"}, "geometry": {"type": "Point", "coordinates": [85.39309228206186, 27.652735693974222]}}, {"type": "Feature", "properties": {"record_id": "6e458fad095cf07f", "table": "infrastructure", "location_raw": "Rasuwa and Nuwakot districts", "location_ne": "", "admin_level": "district", "district": "", "province": "Bagmati", "geo_basis": "text_explicit", "as_of": "2026-08-30", "as_of_basis": "article_date", "first_reported": "2026-08-30", "last_reported": "2026-08-30", "confidence": "medium", "confidence_note": "Damage described collectively across the two districts.", "density": "1", "effective_sources": "1", "independent_origins": "1", "origin": "media_own", "origin_note": "single outlet", "corroboration": "single_source", "evidence_quote": "Power supplies are down, causing mobile network disruptions.", "evidence_quote_en": "", "temporal_contamination_flag": "False", "sector": "telecom", "asset_name": "", "status": "non_functional", "capacity": "", "unit": "", "damage_detail": "mobile network disruptions caused by power outage", "source_outlets": "NepalNews", "source_outlet_count": 1, "entity_key": "Rasuwa and Nuwakot districts|telecom", "geo_resolution": "province", "geo_statement": "Located to Bagmati province only — the source names no district", "geo_match_name": null, "geo_match_osm_id": null, "geo_anchor_id": "38925275B1624743257395", "geo_anchor_name": "Bagmati"}, "geometry": {"type": "Point", "coordinates": [85.39309228206186, 27.652735693974222]}}, {"type": "Feature", "properties": {"record_id": "a5bd87114e32988a", "table": "infrastructure", "location_raw": "Langtang Khola", "location_ne": "", "admin_level": "settlement", "district": "", "province": "Bagmati", "geo_basis": "text_adjacent", "as_of": "2026-08-30", "as_of_basis": "article_date", "first_reported": "2026-08-30", "last_reported": "2026-08-30", "confidence": "medium", "confidence_note": "Article states 'at least 13 hydropower projects...have been damaged in Rasuwa and Nuwakot districts' collectively; not attributed to a single district here.", "density": "1", "effective_sources": "1", "independent_origins": "1", "origin": "media_own", "origin_note": "single outlet", "corroboration": "single_source", "evidence_quote": "Affected operational projects include the 20MW Langtang Khola project, which was in the testing phase, the 5MW Mailung Khola, 14.8MW Mailung Khola, a 25MW solar project operated by the NEA and its subsidiaries, the 14MW Devighat, 24MW Trishuli, 60MW Upper Trishuli A, 22MW Chilime and the 111MW Rasuwagadhi Hydropower Project.", "evidence_quote_en": "", "temporal_contamination_flag": "False", "sector": "power", "asset_name": "Langtang Khola", "status": "damaged", "capacity": "20.0", "unit": "MW", "damage_detail": "", "source_outlets": "The Kathmandu Post", "source_outlet_count": 1, "entity_key": "Langtang Khola|power", "geo_resolution": "province", "geo_statement": "Located to Bagmati province only — the source names no district", "geo_match_name": null, "geo_match_osm_id": null, "geo_anchor_id": "38925275B1624743257395", "geo_anchor_name": "Bagmati"}, "geometry": {"type": "Point", "coordinates": [85.39309228206186, 27.652735693974222]}}, {"type": "Feature", "properties": {"record_id": "ae1b282488f9934b", "table": "infrastructure", "location_raw": "Mailung Khola (5MW)", "location_ne": "", "admin_level": "settlement", "district": "", "province": "Bagmati", "geo_basis": "text_adjacent", "as_of": "2026-08-30", "as_of_basis": "article_date", "first_reported": "2026-08-30", "last_reported": "2026-08-30", "confidence": "medium", "confidence_note": "Article states 'at least 13 hydropower projects...have been damaged in Rasuwa and Nuwakot districts' collectively; not attributed to a single district here.", "density": "1", "effective_sources": "1", "independent_origins": "1", "origin": "media_own", "origin_note": "single outlet", "corroboration": "single_source", "evidence_quote": "Affected operational projects include the 20MW Langtang Khola project, which was in the testing phase, the 5MW Mailung Khola, 14.8MW Mailung Khola, a 25MW solar project operated by the NEA and its subsidiaries, the 14MW Devighat, 24MW Trishuli, 60MW Upper Trishuli A, 22MW Chilime and the 111MW Rasuwagadhi Hydropower Project.", "evidence_quote_en": "", "temporal_contamination_flag": "False", "sector": "power", "asset_name": "Mailung Khola (5MW)", "status": "damaged", "capacity": "5.0", "unit": "MW", "damage_detail": "", "source_outlets": "The Kathmandu Post", "source_outlet_count": 1, "entity_key": "Mailung Khola (5MW)|power", "geo_resolution": "province", "geo_statement": "Located to Bagmati province only — the source names no district", "geo_match_name": null, "geo_match_osm_id": null, "geo_anchor_id": "38925275B1624743257395", "geo_anchor_name": "Bagmati"}, "geometry": {"type": "Point", "coordinates": [85.39309228206186, 27.652735693974222]}}, {"type": "Feature", "properties": {"record_id": "6dfda11d268c8477", "table": "infrastructure", "location_raw": "Mailung Khola (14.8MW)", "location_ne": "", "admin_level": "settlement", "district": "", "province": "Bagmati", "geo_basis": "text_adjacent", "as_of": "2026-08-30", "as_of_basis": "article_date", "first_reported": "2026-08-30", "last_reported": "2026-08-30", "confidence": "medium", "confidence_note": "Article states 'at least 13 hydropower projects...have been damaged in Rasuwa and Nuwakot districts' collectively; not attributed to a single district here.", "density": "1", "effective_sources": "1", "independent_origins": "1", "origin": "media_own", "origin_note": "single outlet", "corroboration": "single_source", "evidence_quote": "Affected operational projects include the 20MW Langtang Khola project, which was in the testing phase, the 5MW Mailung Khola, 14.8MW Mailung Khola, a 25MW solar project operated by the NEA and its subsidiaries, the 14MW Devighat, 24MW Trishuli, 60MW Upper Trishuli A, 22MW Chilime and the 111MW Rasuwagadhi Hydropower Project.", "evidence_quote_en": "", "temporal_contamination_flag": "False", "sector": "power", "asset_name": "Mailung Khola (14.8MW)", "status": "damaged", "capacity": "14.8", "unit": "MW", "damage_detail": "", "source_outlets": "The Kathmandu Post", "source_outlet_count": 1, "entity_key": "Mailung Khola (14.8MW)|power", "geo_resolution": "province", "geo_statement": "Located to Bagmati province only — the source names no district", "geo_match_name": null, "geo_match_osm_id": null, "geo_anchor_id": "38925275B1624743257395", "geo_anchor_name": "Bagmati"}, "geometry": {"type": "Point", "coordinates": [85.39309228206186, 27.652735693974222]}}, {"type": "Feature", "properties": {"record_id": "225be6eb56be0dd5", "table": "infrastructure", "location_raw": "NEA solar project", "location_ne": "", "admin_level": "settlement", "district": "", "province": "Bagmati", "geo_basis": "text_adjacent", "as_of": "2026-08-30", "as_of_basis": "article_date", "first_reported": "2026-08-30", "last_reported": "2026-08-30", "confidence": "medium", "confidence_note": "Article states 'at least 13 hydropower projects...have been damaged in Rasuwa and Nuwakot districts' collectively; not attributed to a single district here.", "density": "1", "effective_sources": "1", "independent_origins": "1", "origin": "media_own", "origin_note": "single outlet", "corroboration": "single_source", "evidence_quote": "Affected operational projects include the 20MW Langtang Khola project, which was in the testing phase, the 5MW Mailung Khola, 14.8MW Mailung Khola, a 25MW solar project operated by the NEA and its subsidiaries, the 14MW Devighat, 24MW Trishuli, 60MW Upper Trishuli A, 22MW Chilime and the 111MW Rasuwagadhi Hydropower Project.", "evidence_quote_en": "", "temporal_contamination_flag": "False", "sector": "power", "asset_name": "NEA solar project", "status": "damaged", "capacity": "25.0", "unit": "MW", "damage_detail": "", "source_outlets": "The Kathmandu Post", "source_outlet_count": 1, "entity_key": "NEA solar project|power", "geo_resolution": "province", "geo_statement": "Located to Bagmati province only — the source names no district", "geo_match_name": null, "geo_match_osm_id": null, "geo_anchor_id": "38925275B1624743257395", "geo_anchor_name": "Bagmati"}, "geometry": {"type": "Point", "coordinates": [85.39309228206186, 27.652735693974222]}}, {"type": "Feature", "properties": {"record_id": "5b9968ef0f253d5b", "table": "infrastructure", "location_raw": "Trishuli", "location_ne": "", "admin_level": "settlement", "district": "", "province": "Bagmati", "geo_basis": "text_adjacent", "as_of": "2026-08-30", "as_of_basis": "article_date", "first_reported": "2026-08-30", "last_reported": "2026-08-30", "confidence": "medium", "confidence_note": "Article states 'at least 13 hydropower projects...have been damaged in Rasuwa and Nuwakot districts' collectively; not attributed to a single district here.", "density": "1", "effective_sources": "1", "independent_origins": "1", "origin": "media_own", "origin_note": "single outlet", "corroboration": "single_source", "evidence_quote": "Affected operational projects include the 20MW Langtang Khola project, which was in the testing phase, the 5MW Mailung Khola, 14.8MW Mailung Khola, a 25MW solar project operated by the NEA and its subsidiaries, the 14MW Devighat, 24MW Trishuli, 60MW Upper Trishuli A, 22MW Chilime and the 111MW Rasuwagadhi Hydropower Project.", "evidence_quote_en": "", "temporal_contamination_flag": "False", "sector": "power", "asset_name": "Trishuli", "status": "damaged", "capacity": "24.0", "unit": "MW", "damage_detail": "", "source_outlets": "The Kathmandu Post", "source_outlet_count": 1, "entity_key": "Trishuli|power", "geo_resolution": "province", "geo_statement": "Located to Bagmati province only — the source names no district", "geo_match_name": null, "geo_match_osm_id": null, "geo_anchor_id": "38925275B1624743257395", "geo_anchor_name": "Bagmati"}, "geometry": {"type": "Point", "coordinates": [85.39309228206186, 27.652735693974222]}}, {"type": "Feature", "properties": {"record_id": "a171ef464f403ab6", "table": "infrastructure", "location_raw": "Upper Trishuli A", "location_ne": "", "admin_level": "settlement", "district": "", "province": "Bagmati", "geo_basis": "text_adjacent", "as_of": "2026-08-30", "as_of_basis": "article_date", "first_reported": "2026-08-30", "last_reported": "2026-08-30", "confidence": "medium", "confidence_note": "Article states 'at least 13 hydropower projects...have been damaged in Rasuwa and Nuwakot districts' collectively; not attributed to a single district here.", "density": "1", "effective_sources": "1", "independent_origins": "1", "origin": "media_own", "origin_note": "single outlet", "corroboration": "single_source", "evidence_quote": "Affected operational projects include the 20MW Langtang Khola project, which was in the testing phase, the 5MW Mailung Khola, 14.8MW Mailung Khola, a 25MW solar project operated by the NEA and its subsidiaries, the 14MW Devighat, 24MW Trishuli, 60MW Upper Trishuli A, 22MW Chilime and the 111MW Rasuwagadhi Hydropower Project.", "evidence_quote_en": "", "temporal_contamination_flag": "False", "sector": "power", "asset_name": "Upper Trishuli A", "status": "damaged", "capacity": "60.0", "unit": "MW", "damage_detail": "", "source_outlets": "The Kathmandu Post", "source_outlet_count": 1, "entity_key": "Upper Trishuli A|power", "geo_resolution": "province", "geo_statement": "Located to Bagmati province only — the source names no district", "geo_match_name": null, "geo_match_osm_id": null, "geo_anchor_id": "38925275B1624743257395", "geo_anchor_name": "Bagmati"}, "geometry": {"type": "Point", "coordinates": [85.39309228206186, 27.652735693974222]}}, {"type": "Feature", "properties": {"record_id": "7b58c2b3e05232e6", "table": "infrastructure", "location_raw": "Chilime", "location_ne": "", "admin_level": "settlement", "district": "", "province": "Bagmati", "geo_basis": "text_adjacent", "as_of": "2026-08-30", "as_of_basis": "article_date", "first_reported": "2026-08-30", "last_reported": "2026-08-30", "confidence": "medium", "confidence_note": "Article states 'at least 13 hydropower projects...have been damaged in Rasuwa and Nuwakot districts' collectively; not attributed to a single district here.", "density": "1", "effective_sources": "1", "independent_origins": "1", "origin": "media_own", "origin_note": "single outlet", "corroboration": "single_source", "evidence_quote": "Affected operational projects include the 20MW Langtang Khola project, which was in the testing phase, the 5MW Mailung Khola, 14.8MW Mailung Khola, a 25MW solar project operated by the NEA and its subsidiaries, the 14MW Devighat, 24MW Trishuli, 60MW Upper Trishuli A, 22MW Chilime and the 111MW Rasuwagadhi Hydropower Project.", "evidence_quote_en": "", "temporal_contamination_flag": "False", "sector": "power", "asset_name": "Chilime", "status": "damaged", "capacity": "22.0", "unit": "MW", "damage_detail": "buried", "source_outlets": "The Kathmandu Post", "source_outlet_count": 1, "entity_key": "Chilime|power", "geo_resolution": "point", "geo_statement": "Matched \"Chilime\" to a named OSM place", "geo_match_name": "चिलिमे", "geo_match_osm_id": "node/13242877444", "geo_anchor_id": null, "geo_anchor_name": null}, "geometry": {"type": "Point", "coordinates": [85.3022373, 28.1836181]}}, {"type": "Feature", "properties": {"record_id": "e6c8aae0a1e5a818", "table": "infrastructure", "location_raw": "Rasuwagadhi Hydropower Project", "location_ne": "", "admin_level": "settlement", "district": "", "province": "Bagmati", "geo_basis": "text_adjacent", "as_of": "2026-08-30", "as_of_basis": "article_date", "first_reported": "2026-08-30", "last_reported": "2026-08-30", "confidence": "medium", "confidence_note": "Article states 'at least 13 hydropower projects...have been damaged in Rasuwa and Nuwakot districts' collectively; not attributed to a single district here.", "density": "1", "effective_sources": "1", "independent_origins": "1", "origin": "media_own", "origin_note": "single outlet", "corroboration": "single_source", "evidence_quote": "Affected operational projects include the 20MW Langtang Khola project, which was in the testing phase, the 5MW Mailung Khola, 14.8MW Mailung Khola, a 25MW solar project operated by the NEA and its subsidiaries, the 14MW Devighat, 24MW Trishuli, 60MW Upper Trishuli A, 22MW Chilime and the 111MW Rasuwagadhi Hydropower Project.", "evidence_quote_en": "", "temporal_contamination_flag": "False", "sector": "power", "asset_name": "Rasuwagadhi Hydropower Project", "status": "destroyed", "capacity": "111.0", "unit": "MW", "damage_detail": "completely washed away", "source_outlets": "The Kathmandu Post", "source_outlet_count": 1, "entity_key": "Rasuwagadhi Hydropower Project|power", "geo_resolution": "district", "geo_statement": "Names the Rasuwagadhi Hydropower Project, which the validated power database places in Rasuwa district — anchored to the district, not the site", "geo_match_name": "Rasuwagadhi Hydropower Project", "geo_match_osm_id": null, "geo_anchor_id": "79688334B50883418539268", "geo_anchor_name": "Rasuwa"}, "geometry": {"type": "Point", "coordinates": [85.43275923020244, 28.17010993431697]}}, {"type": "Feature", "properties": {"record_id": "7fbc9afe6e3cfb0f", "table": "infrastructure", "location_raw": "Upper Trishuli 3B", "location_ne": "", "admin_level": "settlement", "district": "", "province": "Bagmati", "geo_basis": "text_adjacent", "as_of": "2026-08-30", "as_of_basis": "article_date", "first_reported": "2026-08-30", "last_reported": "2026-08-30", "confidence": "medium", "confidence_note": "Under-construction project; article states these are in Rasuwa and Nuwakot districts collectively.", "density": "1", "effective_sources": "1", "independent_origins": "1", "origin": "media_own", "origin_note": "single outlet", "corroboration": "single_source", "evidence_quote": "Projects under construction that have been affected include the 37MW Upper Trishuli 3B, jointly owned by the NEA and Nepal Telecom, the privately developed 120MW Rasuwagadhi Bhotekoshi, the 6.42MW Upper Mailung A, the 216MW Upper Trishuli 1 and the 15.6MW Middle Trishuli Ganga project.", "evidence_quote_en": "", "temporal_contamination_flag": "False", "sector": "power", "asset_name": "Upper Trishuli 3B", "status": "damaged", "capacity": "37.0", "unit": "MW", "damage_detail": "", "source_outlets": "The Kathmandu Post", "source_outlet_count": 1, "entity_key": "Upper Trishuli 3B|power", "geo_resolution": "province", "geo_statement": "Located to Bagmati province only — the source names no district", "geo_match_name": null, "geo_match_osm_id": null, "geo_anchor_id": "38925275B1624743257395", "geo_anchor_name": "Bagmati"}, "geometry": {"type": "Point", "coordinates": [85.39309228206186, 27.652735693974222]}}, {"type": "Feature", "properties": {"record_id": "cf1a5cb58cfc6eb4", "table": "infrastructure", "location_raw": "Rasuwagadhi Bhotekoshi", "location_ne": "", "admin_level": "settlement", "district": "", "province": "Bagmati", "geo_basis": "text_adjacent", "as_of": "2026-08-30", "as_of_basis": "article_date", "first_reported": "2026-08-30", "last_reported": "2026-08-30", "confidence": "medium", "confidence_note": "Under-construction project; article states these are in Rasuwa and Nuwakot districts collectively.", "density": "1", "effective_sources": "1", "independent_origins": "1", "origin": "media_own", "origin_note": "single outlet", "corroboration": "single_source", "evidence_quote": "Projects under construction that have been affected include the 37MW Upper Trishuli 3B, jointly owned by the NEA and Nepal Telecom, the privately developed 120MW Rasuwagadhi Bhotekoshi, the 6.42MW Upper Mailung A, the 216MW Upper Trishuli 1 and the 15.6MW Middle Trishuli Ganga project.", "evidence_quote_en": "", "temporal_contamination_flag": "False", "sector": "power", "asset_name": "Rasuwagadhi Bhotekoshi", "status": "damaged", "capacity": "120.0", "unit": "MW", "damage_detail": "", "source_outlets": "The Kathmandu Post", "source_outlet_count": 1, "entity_key": "Rasuwagadhi Bhotekoshi|power", "geo_resolution": "province", "geo_statement": "Located to Bagmati province only — the source names no district", "geo_match_name": null, "geo_match_osm_id": null, "geo_anchor_id": "38925275B1624743257395", "geo_anchor_name": "Bagmati"}, "geometry": {"type": "Point", "coordinates": [85.39309228206186, 27.652735693974222]}}, {"type": "Feature", "properties": {"record_id": "d4bf40eea368b49b", "table": "infrastructure", "location_raw": "Upper Mailung A", "location_ne": "", "admin_level": "settlement", "district": "", "province": "Bagmati", "geo_basis": "text_adjacent", "as_of": "2026-08-30", "as_of_basis": "article_date", "first_reported": "2026-08-30", "last_reported": "2026-08-30", "confidence": "medium", "confidence_note": "Under-construction project; article states these are in Rasuwa and Nuwakot districts collectively.", "density": "1", "effective_sources": "1", "independent_origins": "1", "origin": "media_own", "origin_note": "single outlet", "corroboration": "single_source", "evidence_quote": "Projects under construction that have been affected include the 37MW Upper Trishuli 3B, jointly owned by the NEA and Nepal Telecom, the privately developed 120MW Rasuwagadhi Bhotekoshi, the 6.42MW Upper Mailung A, the 216MW Upper Trishuli 1 and the 15.6MW Middle Trishuli Ganga project.", "evidence_quote_en": "", "temporal_contamination_flag": "False", "sector": "power", "asset_name": "Upper Mailung A", "status": "damaged", "capacity": "6.42", "unit": "MW", "damage_detail": "", "source_outlets": "The Kathmandu Post", "source_outlet_count": 1, "entity_key": "Upper Mailung A|power", "geo_resolution": "province", "geo_statement": "Located to Bagmati province only — the source names no district", "geo_match_name": null, "geo_match_osm_id": null, "geo_anchor_id": "38925275B1624743257395", "geo_anchor_name": "Bagmati"}, "geometry": {"type": "Point", "coordinates": [85.39309228206186, 27.652735693974222]}}, {"type": "Feature", "properties": {"record_id": "b40e9b14ff5123e4", "table": "infrastructure", "location_raw": "Upper Trishuli 1", "location_ne": "", "admin_level": "settlement", "district": "", "province": "Bagmati", "geo_basis": "text_adjacent", "as_of": "2026-08-30", "as_of_basis": "article_date", "first_reported": "2026-08-30", "last_reported": "2026-08-30", "confidence": "medium", "confidence_note": "Under-construction project; article states these are in Rasuwa and Nuwakot districts collectively.", "density": "1", "effective_sources": "1", "independent_origins": "1", "origin": "media_own", "origin_note": "single outlet", "corroboration": "single_source", "evidence_quote": "Projects under construction that have been affected include the 37MW Upper Trishuli 3B, jointly owned by the NEA and Nepal Telecom, the privately developed 120MW Rasuwagadhi Bhotekoshi, the 6.42MW Upper Mailung A, the 216MW Upper Trishuli 1 and the 15.6MW Middle Trishuli Ganga project.", "evidence_quote_en": "", "temporal_contamination_flag": "False", "sector": "power", "asset_name": "Upper Trishuli 1", "status": "damaged", "capacity": "216.0", "unit": "MW", "damage_detail": "", "source_outlets": "The Kathmandu Post", "source_outlet_count": 1, "entity_key": "Upper Trishuli 1|power", "geo_resolution": "province", "geo_statement": "Located to Bagmati province only — the source names no district", "geo_match_name": null, "geo_match_osm_id": null, "geo_anchor_id": "38925275B1624743257395", "geo_anchor_name": "Bagmati"}, "geometry": {"type": "Point", "coordinates": [85.39309228206186, 27.652735693974222]}}, {"type": "Feature", "properties": {"record_id": "bbec5b24219c8ec7", "table": "infrastructure", "location_raw": "Middle Trishuli Ganga", "location_ne": "", "admin_level": "settlement", "district": "", "province": "Bagmati", "geo_basis": "text_adjacent", "as_of": "2026-08-30", "as_of_basis": "article_date", "first_reported": "2026-08-30", "last_reported": "2026-08-30", "confidence": "medium", "confidence_note": "Under-construction project; article states these are in Rasuwa and Nuwakot districts collectively.", "density": "1", "effective_sources": "1", "independent_origins": "1", "origin": "media_own", "origin_note": "single outlet", "corroboration": "single_source", "evidence_quote": "Projects under construction that have been affected include the 37MW Upper Trishuli 3B, jointly owned by the NEA and Nepal Telecom, the privately developed 120MW Rasuwagadhi Bhotekoshi, the 6.42MW Upper Mailung A, the 216MW Upper Trishuli 1 and the 15.6MW Middle Trishuli Ganga project.", "evidence_quote_en": "", "temporal_contamination_flag": "False", "sector": "power", "asset_name": "Middle Trishuli Ganga", "status": "damaged", "capacity": "15.6", "unit": "MW", "damage_detail": "", "source_outlets": "The Kathmandu Post", "source_outlet_count": 1, "entity_key": "Middle Trishuli Ganga|power", "geo_resolution": "province", "geo_statement": "Located to Bagmati province only — the source names no district", "geo_match_name": null, "geo_match_osm_id": null, "geo_anchor_id": "38925275B1624743257395", "geo_anchor_name": "Bagmati"}, "geometry": {"type": "Point", "coordinates": [85.39309228206186, 27.652735693974222]}}, {"type": "Feature", "properties": {"record_id": "7e5a3fd3d507721b", "table": "infrastructure", "location_raw": "Nuwakot and Rasuwa districts", "location_ne": "", "admin_level": "district", "district": "", "province": "Bagmati", "geo_basis": "text_explicit", "as_of": "2026-08-30", "as_of_basis": "article_date", "first_reported": "2026-08-30", "last_reported": "2026-08-30", "confidence": "medium", "confidence_note": "Aggregate IPPAN figure across both named districts, not split per project.", "density": "1", "effective_sources": "1", "independent_origins": "1", "origin": "media_own", "origin_note": "single outlet", "corroboration": "single_source", "evidence_quote": "The flash floods also damaged eight operational hydropower projects with a total capacity of 354 MW and five under-construction projects in Nuwakot and Rasuwa districts, according to the Independent Power Producers’ Association Nepal (IPPAN).", "evidence_quote_en": "", "temporal_contamination_flag": "", "sector": "power", "asset_name": "", "status": "damaged", "capacity": "354.0", "unit": "MW", "damage_detail": "eight operational hydropower projects with a total capacity of 354 MW and five under-construction projects damaged", "source_outlets": "Telangana Today", "source_outlet_count": 1, "entity_key": "Nuwakot and Rasuwa districts|power", "geo_resolution": "province", "geo_statement": "Located to Bagmati province only — the source names no district", "geo_match_name": null, "geo_match_osm_id": null, "geo_anchor_id": "38925275B1624743257395", "geo_anchor_name": "Bagmati"}, "geometry": {"type": "Point", "coordinates": [85.39309228206186, 27.652735693974222]}}, {"type": "Feature", "properties": {"record_id": "745589f3192929cb", "table": "infrastructure", "location_raw": "source area to Dhading", "location_ne": "", "admin_level": "province", "district": "", "province": "Bagmati", "geo_basis": "text_explicit", "as_of": "2026-08-30", "as_of_basis": "article_date", "first_reported": "2026-08-31", "last_reported": "2026-08-31", "confidence": "low", "confidence_note": "Range spans from the source area (Rasuwa) down to Dhading; no single district given.", "density": "1", "effective_sources": "1", "independent_origins": "1", "origin": "media_own", "origin_note": "single outlet", "corroboration": "single_source", "evidence_quote": "Around 32 suspension bridges from the source area to Dhading were also damaged.", "evidence_quote_en": "", "temporal_contamination_flag": "False", "sector": "bridge", "asset_name": "", "status": "damaged", "capacity": "", "unit": "", "damage_detail": "around 32 suspension bridges damaged", "source_outlets": "myRepublica", "source_outlet_count": 1, "entity_key": "source area to Dhading|bridge", "geo_resolution": "province", "geo_statement": "Located to Bagmati province only — the source names no district", "geo_match_name": null, "geo_match_osm_id": null, "geo_anchor_id": "38925275B1624743257395", "geo_anchor_name": "Bagmati"}, "geometry": {"type": "Point", "coordinates": [85.39309228206186, 27.652735693974222]}}, {"type": "Feature", "properties": {"record_id": "a0364aa7c2a5dcbc", "table": "infrastructure", "location_raw": "Chitwan", "location_ne": "", "admin_level": "district", "district": "Chitwan", "province": "Bagmati", "geo_basis": "text_explicit", "as_of": "2026-08-28", "as_of_basis": "article_date", "first_reported": "2026-08-28", "last_reported": "2026-08-28", "confidence": "medium", "confidence_note": "Mortuary/storage capacity constraint at Chitwan health facilities, relevant to relief planning.", "density": "1", "effective_sources": "1", "independent_origins": "1", "origin": "media_own", "origin_note": "single outlet", "corroboration": "single_source", "evidence_quote": "चितवन की स्वास्थ्य सुविधाओं में करीब 50 शव रखने की क्षमता ही बताई गई है।", "evidence_quote_en": "Chitwan's health facilities are reported to have capacity to store only about 50 bodies.", "temporal_contamination_flag": "", "sector": "health_facility", "asset_name": "", "status": "functional", "capacity": "50.0", "unit": "bodies (mortuary capacity)", "damage_detail": "चितवन की स्वास्थ्य सुविधाओं में करीब 50 शव रखने की क्षमता ही बताई गई है", "source_outlets": "Dainik Bhaskar", "source_outlet_count": 1, "entity_key": "Chitwan|health_facility", "geo_resolution": "district", "geo_statement": "Located to Chitawan district only", "geo_match_name": null, "geo_match_osm_id": null, "geo_anchor_id": "79688334B4548911343314", "geo_anchor_name": "Chitawan"}, "geometry": {"type": "Point", "coordinates": [84.44753493868009, 27.652526088822412]}}, {"type": "Feature", "properties": {"record_id": "3ec7cfe97a423c9f", "table": "infrastructure", "location_raw": "भरतपुर अस्पताल", "location_ne": "", "admin_level": "settlement", "district": "Chitwan", "province": "Bagmati", "geo_basis": "text_explicit", "as_of": "2026-08-28", "as_of_basis": "article_date", "first_reported": "2026-08-28", "last_reported": "2026-08-28", "confidence": "high", "confidence_note": "Bharatpur Hospital, Chitwan, reported running short of mortuary space amid rising body count.", "density": "1", "effective_sources": "1", "independent_origins": "1", "origin": "media_own", "origin_note": "single outlet", "corroboration": "single_source", "evidence_quote": "अधिकारियों को लगातार बढ़ती शवों की संख्या से निपटने में मुश्किल हो रही है और खबरों के अनुसार शवगृह में भी जगह कम पड़ रही है.", "evidence_quote_en": "", "temporal_contamination_flag": "False", "sector": "health_facility", "asset_name": "भरतपुर अस्पताल", "status": "partial", "capacity": "", "unit": "", "damage_detail": "शवगृह में जगह कम पड़ रही है (मोर्चरी क्षमता से अधिक शव)", "source_outlets": "ndtv.in", "source_outlet_count": 1, "entity_key": "भरतपुर अस्पताल|health_facility", "geo_resolution": "district", "geo_statement": "Located to Chitawan district only — the source names a place we could not resolve", "geo_match_name": null, "geo_match_osm_id": null, "geo_anchor_id": "79688334B4548911343314", "geo_anchor_name": "Chitawan"}, "geometry": {"type": "Point", "coordinates": [84.44753493868009, 27.652526088822412]}}, {"type": "Feature", "properties": {"record_id": "f3ea079c1fbe6d0f", "table": "infrastructure", "location_raw": "Bharatpur Metropolitan City, Chitwan", "location_ne": "", "admin_level": "municipality", "district": "Chitwan", "province": "Bagmati", "geo_basis": "text_explicit", "as_of": "2026-08-29", "as_of_basis": "article_date", "first_reported": "2026-08-29", "last_reported": "2026-08-29", "confidence": "high", "confidence_note": "Named temporary facility with explicit capacity.", "density": "1", "effective_sources": "1", "independent_origins": "1", "origin": "media_own", "origin_note": "single outlet", "corroboration": "single_source", "evidence_quote": "With that capacity already under pressure, the temporary centre is expected to provide space for about 250 bodies.", "evidence_quote_en": "", "temporal_contamination_flag": "False", "sector": "health_facility", "asset_name": "temporary body storage centre (Bharatpur)", "status": "functional", "capacity": "250.0", "unit": "bodies", "damage_detail": "", "source_outlets": "ANI News", "source_outlet_count": 1, "entity_key": "temporary body storage centre (Bharatpur)|health_facility", "geo_resolution": "point", "geo_statement": "Matched \"Bharatpur\" to a named OSM place in Chitawan", "geo_match_name": "भरतपुर", "geo_match_osm_id": "node/567090203", "geo_anchor_id": null, "geo_anchor_name": null}, "geometry": {"type": "Point", "coordinates": [84.4301652, 27.6811896]}}, {"type": "Feature", "properties": {"record_id": "709bea89f7b6dada", "table": "infrastructure", "location_raw": "Chitwan district hospitals", "location_ne": "", "admin_level": "district", "district": "Chitwan", "province": "Bagmati", "geo_basis": "text_explicit", "as_of": "2026-08-29", "as_of_basis": "article_date", "first_reported": "2026-08-29", "last_reported": "2026-08-29", "confidence": "high", "confidence_note": "Range recorded in damage_detail text rather than a single capacity value, to avoid picking an arbitrary number within the stated 30-50 range.", "density": "1", "effective_sources": "1", "independent_origins": "1", "origin": "media_own", "origin_note": "single outlet", "corroboration": "single_source", "evidence_quote": "The morgues at hospitals in Chitwan can collectively accommodate between 30 and 50 bodies at a time.", "evidence_quote_en": "", "temporal_contamination_flag": "False", "sector": "health_facility", "asset_name": "", "status": "partial", "capacity": "", "unit": "", "damage_detail": "morgues at hospitals in Chitwan can collectively accommodate between 30 and 50 bodies at a time", "source_outlets": "ANI News", "source_outlet_count": 1, "entity_key": "Chitwan district hospitals|health_facility", "geo_resolution": "district", "geo_statement": "Located to Chitawan district only", "geo_match_name": null, "geo_match_osm_id": null, "geo_anchor_id": "79688334B4548911343314", "geo_anchor_name": "Chitawan"}, "geometry": {"type": "Point", "coordinates": [84.44753493868009, 27.652526088822412]}}, {"type": "Feature", "properties": {"record_id": "3023a5038bfe606a", "table": "infrastructure", "location_raw": "Bharatpur Hospital, Chitwan", "location_ne": "", "admin_level": "municipality", "district": "Chitwan", "province": "Bagmati", "geo_basis": "text_explicit", "as_of": "2026-08-29", "as_of_basis": "article_date", "first_reported": "2026-08-29", "last_reported": "2026-08-29", "confidence": "high", "confidence_note": "Named hospital, explicit capacity; 'He' refers to the hospital's chief medical superintendent (name omitted from quote).", "density": "2", "effective_sources": "2", "independent_origins": "2", "origin": "unattributed", "origin_note": "2 outlets, no reporting body named; independence not established", "corroboration": "independent", "evidence_quote": "He noted that while the hospital’s morgue capacity is for only 24 bodies, 233 bodies have arrived so far.", "evidence_quote_en": "", "temporal_contamination_flag": "False", "sector": "health_facility", "asset_name": "Bharatpur Hospital", "status": "partial", "capacity": "24.0", "unit": "bodies", "damage_detail": "", "source_outlets": "NepalNews; Deshsanchar", "source_outlet_count": 2, "entity_key": "Bharatpur Hospital|health_facility", "geo_resolution": "point", "geo_statement": "Matched \"Bharatpur Hospital\" to a named OSM facilitie in Chitawan", "geo_match_name": "BHARATPUR HOSPITAL", "geo_match_osm_id": "way/930045826", "geo_anchor_id": null, "geo_anchor_name": null}, "geometry": {"type": "Point", "coordinates": [84.4360115, 27.68224]}}, {"type": "Feature", "properties": {"record_id": "99df419d7da368ae", "table": "infrastructure", "location_raw": "Chitwan", "location_ne": "", "admin_level": "district", "district": "Chitwan", "province": "Bagmati", "geo_basis": "text_explicit", "as_of": "2026-08-30", "as_of_basis": "stated", "first_reported": "2026-08-30", "last_reported": "2026-08-30", "confidence": "high", "confidence_note": "District explicitly named.", "density": "1", "effective_sources": "1", "independent_origins": "1", "origin": "media_own", "origin_note": "single outlet", "corroboration": "single_source", "evidence_quote": "Chitwan, which borders India and has recorded the most recoveries, has struggled to keep pace, with hospitals running short of space and facilities.", "evidence_quote_en": "", "temporal_contamination_flag": "", "sector": "health_facility", "asset_name": "", "status": "non_functional", "capacity": "", "unit": "", "damage_detail": "hospitals running short of space and facilities for bodies", "source_outlets": "NDTV Profit", "source_outlet_count": 1, "entity_key": "Chitwan|health_facility", "geo_resolution": "district", "geo_statement": "Located to Chitawan district only", "geo_match_name": null, "geo_match_osm_id": null, "geo_anchor_id": "79688334B4548911343314", "geo_anchor_name": "Chitawan"}, "geometry": {"type": "Point", "coordinates": [84.44753493868009, 27.652526088822412]}}, {"type": "Feature", "properties": {"record_id": "a366085d0b61f85c", "table": "infrastructure", "location_raw": "Kathmandu-Chitwan highway", "location_ne": "", "admin_level": "district", "district": "Chitwan", "province": "Bagmati", "geo_basis": "text_explicit", "as_of": "2026-08-30", "as_of_basis": "stated", "first_reported": "2026-08-30", "last_reported": "2026-08-30", "confidence": "high", "confidence_note": "Explicit closure dated to Sunday.", "density": "1", "effective_sources": "1", "independent_origins": "1", "origin": "media_own", "origin_note": "single outlet", "corroboration": "single_source", "evidence_quote": "Fresh landslides in the area on Sunday closed the main highway linking the capital city of Kathmandu and Chitwan, a day after it partially reopened, complicating efforts to move bodies and relief supplies.", "evidence_quote_en": "", "temporal_contamination_flag": "", "sector": "road", "asset_name": "", "status": "damaged", "capacity": "", "unit": "", "damage_detail": "closed by fresh landslides, a day after partially reopening", "source_outlets": "ABC News - Breaking News, Latest News and Videos", "source_outlet_count": 1, "entity_key": "Kathmandu-Chitwan highway|road", "geo_resolution": "district", "geo_statement": "Located to Chitawan district only", "geo_match_name": null, "geo_match_osm_id": null, "geo_anchor_id": "79688334B4548911343314", "geo_anchor_name": "Chitawan"}, "geometry": {"type": "Point", "coordinates": [84.44753493868009, 27.652526088822412]}}, {"type": "Feature", "properties": {"record_id": "bd92ae55a902093c", "table": "infrastructure", "location_raw": "Furke-Mallekhu water level center", "location_ne": "", "admin_level": "settlement", "district": "Dhading", "province": "Bagmati", "geo_basis": "text_explicit", "as_of": "2026-08-26", "as_of_basis": "inferred_from_text", "first_reported": "2026-08-30", "last_reported": "2026-08-30", "confidence": "medium", "confidence_note": "Mallekhu is on the Dhading side of the Trishuli near Mugling.", "density": "1", "effective_sources": "1", "independent_origins": "1", "origin": "media_own", "origin_note": "single outlet", "corroboration": "single_source", "evidence_quote": "The Furke-Mallekhu water level center's warning level of 7 meters was crossed by the flood at 11:20 AM. At 11:40 AM, the danger level of 8 meters was crossed, and the water level reached 10.48 meters before the center was washed away.", "evidence_quote_en": "", "temporal_contamination_flag": "", "sector": "water", "asset_name": "Furke-Mallekhu water level center", "status": "destroyed", "capacity": "", "unit": "", "damage_detail": "washed away by the flash flood", "source_outlets": "Ratopati", "source_outlet_count": 1, "entity_key": "Furke-Mallekhu water level center|water", "geo_resolution": "district", "geo_statement": "Located to Dhading district only — the source names a place we could not resolve", "geo_match_name": null, "geo_match_osm_id": null, "geo_anchor_id": "79688334B79703604543181", "geo_anchor_name": "Dhading"}, "geometry": {"type": "Point", "coordinates": [84.87763638110704, 28.025043976557015]}}, {"type": "Feature", "properties": {"record_id": "a5bec2e731cdf638", "table": "infrastructure", "location_raw": "near Malekhu, Dhading", "location_ne": "", "admin_level": "settlement", "district": "Dhading", "province": "Bagmati", "geo_basis": "text_adjacent", "as_of": "2026-08-26", "as_of_basis": "inferred_from_text", "first_reported": "2026-08-30", "last_reported": "2026-08-30", "confidence": "low", "confidence_note": "Bridge location only vaguely 'ahead' of Malekhu, not independently named.", "density": "1", "effective_sources": "1", "independent_origins": "1", "origin": "media_own", "origin_note": "single outlet", "corroboration": "single_source", "evidence_quote": "There we learnt that a bridge ahead had been washed away in a flood.", "evidence_quote_en": "", "temporal_contamination_flag": "False", "sector": "bridge", "asset_name": "", "status": "destroyed", "capacity": "", "unit": "", "damage_detail": "", "source_outlets": "The Economic Times", "source_outlet_count": 1, "entity_key": "near Malekhu, Dhading|bridge", "geo_resolution": "district", "geo_statement": "Located to Dhading district only — the source names a place we could not resolve", "geo_match_name": null, "geo_match_osm_id": null, "geo_anchor_id": "79688334B79703604543181", "geo_anchor_name": "Dhading"}, "geometry": {"type": "Point", "coordinates": [84.87763638110704, 28.025043976557015]}}, {"type": "Feature", "properties": {"record_id": "e675d8481621814d", "table": "infrastructure", "location_raw": "Malekhu monitoring station", "location_ne": "", "admin_level": "settlement", "district": "Dhading", "province": "Bagmati", "geo_basis": "text_explicit", "as_of": "2026-08-26", "as_of_basis": "inferred_from_text", "first_reported": "2026-08-30", "last_reported": "2026-08-30", "confidence": "high", "confidence_note": "Station and its district both named directly.", "density": "1", "effective_sources": "1", "independent_origins": "1", "origin": "media_own", "origin_note": "single outlet", "corroboration": "single_source", "evidence_quote": "Four of the region’s own river-monitoring stations were themselves swept away by the flood they were meant to detect. These included those at Rasuwa’s Bhote Koshi and Syabrubesi points and at Nuwakot’s Betrawati and Dhading’s Malekhu.", "evidence_quote_en": "", "temporal_contamination_flag": "", "sector": "other", "asset_name": "Malekhu monitoring station", "status": "destroyed", "capacity": "", "unit": "", "damage_detail": "swept away by the flood they were meant to detect", "source_outlets": "NepalNews", "source_outlet_count": 1, "entity_key": "Malekhu monitoring station|other", "geo_resolution": "district", "geo_statement": "Located to Dhading district only — the source names a place we could not resolve", "geo_match_name": null, "geo_match_osm_id": null, "geo_anchor_id": "79688334B79703604543181", "geo_anchor_name": "Dhading"}, "geometry": {"type": "Point", "coordinates": [84.87763638110704, 28.025043976557015]}}, {"type": "Feature", "properties": {"record_id": "2a8eb5911f2bff06", "table": "infrastructure", "location_raw": "Malekhu, Dhading", "location_ne": "", "admin_level": "settlement", "district": "Dhading", "province": "Bagmati", "geo_basis": "text_adjacent", "as_of": "2026-08-27", "as_of_basis": "inferred_from_text", "first_reported": "2026-08-30", "last_reported": "2026-08-30", "confidence": "low", "confidence_note": "Personal account from stranded tourists in Malekhu; not an authoritative damage assessment.", "density": "1", "effective_sources": "1", "independent_origins": "1", "origin": "media_own", "origin_note": "single outlet", "corroboration": "single_source", "evidence_quote": "There was no electricity and water, but the administration and police helped us.", "evidence_quote_en": "", "temporal_contamination_flag": "False", "sector": "power", "asset_name": "", "status": "non_functional", "capacity": "", "unit": "", "damage_detail": "", "source_outlets": "The Economic Times", "source_outlet_count": 1, "entity_key": "Malekhu, Dhading|power", "geo_resolution": "point", "geo_statement": "Matched \"Malekhu\" to a named OSM place in Dhading", "geo_match_name": "मलेखु", "geo_match_osm_id": "node/3013890962", "geo_anchor_id": null, "geo_anchor_name": null}, "geometry": {"type": "Point", "coordinates": [84.82724, 27.813705]}}, {"type": "Feature", "properties": {"record_id": "96e958b6d58da2c4", "table": "infrastructure", "location_raw": "Malekhu, Dhading", "location_ne": "", "admin_level": "settlement", "district": "Dhading", "province": "Bagmati", "geo_basis": "text_adjacent", "as_of": "2026-08-27", "as_of_basis": "inferred_from_text", "first_reported": "2026-08-30", "last_reported": "2026-08-30", "confidence": "low", "confidence_note": "Personal account from stranded tourists in Malekhu; not an authoritative damage assessment.", "density": "1", "effective_sources": "1", "independent_origins": "1", "origin": "media_own", "origin_note": "single outlet", "corroboration": "single_source", "evidence_quote": "There was no electricity and water, but the administration and police helped us.", "evidence_quote_en": "", "temporal_contamination_flag": "False", "sector": "water", "asset_name": "", "status": "non_functional", "capacity": "", "unit": "", "damage_detail": "", "source_outlets": "The Economic Times", "source_outlet_count": 1, "entity_key": "Malekhu, Dhading|water", "geo_resolution": "point", "geo_statement": "Matched \"Malekhu\" to a named OSM place in Dhading", "geo_match_name": "मलेखु", "geo_match_osm_id": "node/3013890962", "geo_anchor_id": null, "geo_anchor_name": null}, "geometry": {"type": "Point", "coordinates": [84.82724, 27.813705]}}, {"type": "Feature", "properties": {"record_id": "c5c84f253015c3ac", "table": "infrastructure", "location_raw": "गल्छी-त्रिशूली सडक", "location_ne": "गल्छी-त्रिशूली सडक", "admin_level": "district", "district": "Dhading", "province": "Bagmati", "geo_basis": "text_explicit", "as_of": "2026-08-27", "as_of_basis": "article_date", "first_reported": "2026-08-27", "last_reported": "2026-08-27", "confidence": "medium", "confidence_note": "Road spans Dhading (Galchhi) to Nuwakot (Trishuli); district set to Dhading (origin point).", "density": "1", "effective_sources": "1", "independent_origins": "1", "origin": "media_own", "origin_note": "single outlet", "corroboration": "single_source", "evidence_quote": "त्यस्तै, गल्छीदेखि त्रिशूलीसम्मको करिब १० किलोमिटर सडक पनि बन्द अवस्थामा रहेको छ ।", "evidence_quote_en": "Similarly, about 10 km of road from Galchhi to Trishuli is also closed.", "temporal_contamination_flag": "False", "sector": "road", "asset_name": "Galchhi-Trishuli road", "status": "non_functional", "capacity": "10.0", "unit": "km", "damage_detail": "", "source_outlets": "Arghakhanchi", "source_outlet_count": 1, "entity_key": "Galchhi-Trishuli road|road", "geo_resolution": "district", "geo_statement": "Located to Dhading district only", "geo_match_name": null, "geo_match_osm_id": null, "geo_anchor_id": "79688334B79703604543181", "geo_anchor_name": "Dhading"}, "geometry": {"type": "Point", "coordinates": [84.87763638110704, 28.025043976557015]}}, {"type": "Feature", "properties": {"record_id": "b3d15fdaafc906d7", "table": "infrastructure", "location_raw": "Galchhi", "location_ne": "", "admin_level": "settlement", "district": "Dhading", "province": "Bagmati", "geo_basis": "gazetteer_match", "as_of": "2026-08-27", "as_of_basis": "stated", "first_reported": "2026-08-28", "last_reported": "2026-08-28", "confidence": "low", "confidence_note": "District (Dhading) not stated in caption; matched from known place name \"Galchhi\" on the Trishuli river.", "density": "1", "effective_sources": "1", "independent_origins": "1", "origin": "media_own", "origin_note": "single outlet", "corroboration": "single_source", "evidence_quote": "People stand on the edge of a broken bridge following a flash flood in Galchhi, Nepal, 27 August, 2026.", "evidence_quote_en": "", "temporal_contamination_flag": "False", "sector": "bridge", "asset_name": "", "status": "damaged", "capacity": "", "unit": "", "damage_detail": "broken bridge", "source_outlets": "daily-sun.com", "source_outlet_count": 1, "entity_key": "Galchhi|bridge", "geo_resolution": "point", "geo_statement": "Matched \"Galchhi\" to a named OSM place in Dhading", "geo_match_name": "गल्छी", "geo_match_osm_id": "node/279374592", "geo_anchor_id": null, "geo_anchor_name": null}, "geometry": {"type": "Point", "coordinates": [85.0004606, 27.7973963]}}, {"type": "Feature", "properties": {"record_id": "21ff0d5218a116cb", "table": "infrastructure", "location_raw": "main bridge over the Trishuli River (Dhading district headquarters to Kathmandu)", "location_ne": "", "admin_level": "district", "district": "Dhading", "province": "Bagmati", "geo_basis": "text_explicit", "as_of": "2026-08-28", "as_of_basis": "article_date", "first_reported": "2026-08-27", "last_reported": "2026-08-31", "confidence": "medium", "confidence_note": "Bridge tied to Dhading via the speaker being 'from Dhading' earlier in the article.", "density": "3", "effective_sources": "2", "independent_origins": "2", "origin": "unattributed", "origin_note": "2 outlets, no reporting body named; independence not established", "corroboration": "independent", "evidence_quote": "The main bridge over the Trishuli River, connecting his district headquarters with the capital Kathmandu, has been swept away.", "evidence_quote_en": "", "temporal_contamination_flag": "", "sector": "bridge", "asset_name": "", "status": "destroyed", "capacity": "", "unit": "", "damage_detail": "main bridge over the Trishuli River connecting Dhading district headquarters with Kathmandu swept away", "source_outlets": "DW.com; ABP Live English; Mathrubhumi English", "source_outlet_count": 3, "entity_key": "main bridge over the Trishuli River (Dhading district headquarters to Kathmandu)|bridge", "geo_resolution": "district", "geo_statement": "Located to Dhading district only", "geo_match_name": null, "geo_match_osm_id": null, "geo_anchor_id": "79688334B79703604543181", "geo_anchor_name": "Dhading"}, "geometry": {"type": "Point", "coordinates": [84.87763638110704, 28.025043976557015]}}, {"type": "Feature", "properties": {"record_id": "51b0f0564f267930", "table": "infrastructure", "location_raw": "धादिङ", "location_ne": "", "admin_level": "district", "district": "Dhading", "province": "Bagmati", "geo_basis": "text_explicit", "as_of": "2026-08-28", "as_of_basis": "article_date", "first_reported": "2026-08-28", "last_reported": "2026-08-28", "confidence": "high", "confidence_note": "District explicitly named.", "density": "1", "effective_sources": "1", "independent_origins": "1", "origin": "media_own", "origin_note": "single outlet", "corroboration": "single_source", "evidence_quote": "धादिङमा पाँच पक्की र १२ झोलुङ्गे पुलमा क्षति पुगेको छ ।", "evidence_quote_en": "", "temporal_contamination_flag": "False", "sector": "bridge", "asset_name": "", "status": "damaged", "capacity": "5.0", "unit": "pucca bridges", "damage_detail": "पाँच पक्की पुलमा क्षति", "source_outlets": "Rajdhani Daily", "source_outlet_count": 1, "entity_key": "धादिङ|bridge", "geo_resolution": "district", "geo_statement": "Located to Dhading district only", "geo_match_name": null, "geo_match_osm_id": null, "geo_anchor_id": "79688334B79703604543181", "geo_anchor_name": "Dhading"}, "geometry": {"type": "Point", "coordinates": [84.87763638110704, 28.025043976557015]}}, {"type": "Feature", "properties": {"record_id": "38d57bb0a4e34dd0", "table": "infrastructure", "location_raw": "Kathmandu-Mugling road, Bairenee, Dhading", "location_ne": "", "admin_level": "settlement", "district": "Dhading", "province": "Bagmati", "geo_basis": "text_explicit", "as_of": "2026-08-29", "as_of_basis": "stated", "first_reported": "2026-08-29", "last_reported": "2026-08-29", "confidence": "high", "confidence_note": "Named traffic office source.", "density": "1", "effective_sources": "1", "independent_origins": "1", "origin": "media_own", "origin_note": "single outlet", "corroboration": "single_source", "evidence_quote": "पृथ्वी राजमार्ग अन्तर्गत धादिङको बैरेनीमा लेदो पूर्ण रूपमा पन्छाउन बाँकी रहेकोले सडक एकतर्फी सञ्चालनमा आएको उनको भनाइ छ", "evidence_quote_en": "Since silt clearing at Bairenee under the Prithvi Highway is not yet complete, the road is operating one-way only, he said.", "temporal_contamination_flag": "", "sector": "road", "asset_name": "", "status": "restoring", "capacity": "", "unit": "", "damage_detail": "silt from the Bhotekoshi flood not yet fully cleared at Bairenee, preventing two-way operation", "source_outlets": "Onlinekhabar", "source_outlet_count": 1, "entity_key": "Kathmandu-Mugling road, Bairenee, Dhading|road", "geo_resolution": "district", "geo_statement": "Located to Dhading district only — the source names a place we could not resolve", "geo_match_name": null, "geo_match_osm_id": null, "geo_anchor_id": "79688334B79703604543181", "geo_anchor_name": "Dhading"}, "geometry": {"type": "Point", "coordinates": [84.87763638110704, 28.025043976557015]}}, {"type": "Feature", "properties": {"record_id": "e63242d4b66191a3", "table": "infrastructure", "location_raw": "Prithvi Highway (Trishuli River flood zone)", "location_ne": "", "admin_level": "district", "district": "Dhading", "province": "Bagmati", "geo_basis": "text_explicit", "as_of": "2026-08-29", "as_of_basis": "stated", "first_reported": "2026-08-29", "last_reported": "2026-08-29", "confidence": "high", "confidence_note": "Named road project office.", "density": "1", "effective_sources": "1", "independent_origins": "1", "origin": "media_own", "origin_note": "single outlet", "corroboration": "single_source", "evidence_quote": "नागढुंगा–मुग्लिङ सडक योजनाको टोलीले ३ दिनको निरन्तर र अथक प्रयासपछि सडक खुलाएको हो", "evidence_quote_en": "The Nagdhunga-Mugling Road Project team reopened the road after three days of continuous, tireless effort.", "temporal_contamination_flag": "", "sector": "road", "asset_name": "", "status": "restoring", "capacity": "", "unit": "", "damage_detail": "highway fully blocked for three days by flood/landslide silt, reopened after continuous 3-day clearance effort", "source_outlets": "Ratopati", "source_outlet_count": 1, "entity_key": "Prithvi Highway (Trishuli River flood zone)|road", "geo_resolution": "district", "geo_statement": "Located to Dhading district only", "geo_match_name": null, "geo_match_osm_id": null, "geo_anchor_id": "79688334B79703604543181", "geo_anchor_name": "Dhading"}, "geometry": {"type": "Point", "coordinates": [84.87763638110704, 28.025043976557015]}}, {"type": "Feature", "properties": {"record_id": "bcc30ea4f34571a0", "table": "infrastructure", "location_raw": "Phurke Khola, near Malekhu", "location_ne": "", "admin_level": "settlement", "district": "Dhading", "province": "Bagmati", "geo_basis": "text_explicit", "as_of": "2026-08-29", "as_of_basis": "article_date", "first_reported": "2026-08-29", "last_reported": "2026-08-29", "confidence": "high", "confidence_note": "Named location and district explicit.", "density": "1", "effective_sources": "1", "independent_origins": "1", "origin": "media_own", "origin_note": "single outlet", "corroboration": "single_source", "evidence_quote": "In Dhading, the bridge over the Trishuli river at Phurke Khola near Malekhu was also swept away, cutting off access to the district headquarters from the Prithvi Highway.", "evidence_quote_en": "", "temporal_contamination_flag": "", "sector": "bridge", "asset_name": "Phurke Khola bridge", "status": "destroyed", "capacity": "", "unit": "", "damage_detail": "swept away, cutting off access to Dhading district headquarters", "source_outlets": "The Kathmandu Post", "source_outlet_count": 1, "entity_key": "Phurke Khola bridge|bridge", "geo_resolution": "district", "geo_statement": "Located to Dhading district only — the source names a place we could not resolve", "geo_match_name": null, "geo_match_osm_id": null, "geo_anchor_id": "79688334B79703604543181", "geo_anchor_name": "Dhading"}, "geometry": {"type": "Point", "coordinates": [84.87763638110704, 28.025043976557015]}}, {"type": "Feature", "properties": {"record_id": "0440b31965ce5760", "table": "infrastructure", "location_raw": "कृष्णभीर, बेनीघाट रोराङ गाउँपालिका-७, धादिङ", "location_ne": "कृष्णभीर, बेनीघाट रोराङ गाउँपालिका-७, धादिङ", "admin_level": "ward", "district": "Dhading", "province": "Bagmati", "geo_basis": "text_explicit", "as_of": "2026-08-30", "as_of_basis": "article_date", "first_reported": "2026-08-30", "last_reported": "2026-08-30", "confidence": "high", "confidence_note": "Ward, rural municipality and district explicitly named for the exact erosion site.", "density": "1", "effective_sources": "1", "independent_origins": "1", "origin": "media_own", "origin_note": "single outlet", "corroboration": "single_source", "evidence_quote": "त्रिशूलीमा आएको बाढीले धादिङको बेनीघाट रोराङ गाउँपालिका-७ स्थित कृष्णभीरमा तलबाट सडक कटान गरेपछि सडक अवरुद्ध भएको छ । बाढीले कटान गरेपछि सडक केही भासिएको छ ।", "evidence_quote_en": "After the Trishuli flood eroded the road from below at Krishnabhir in Beniighat Rorang Rural Municipality-7 of Dhading, the road became blocked. After the erosion, the road has partially subsided.", "temporal_contamination_flag": "", "sector": "road", "asset_name": "Kathmandu-Muglin road (Krishnabhir section)", "status": "damaged", "capacity": "", "unit": "", "damage_detail": "road eroded from below, partially subsided", "source_outlets": "Onlinekhabar", "source_outlet_count": 1, "entity_key": "Kathmandu-Muglin road (Krishnabhir section)|road", "geo_resolution": "point", "geo_statement": "Matched \"बेनीघाट\" to a named OSM place in Dhading", "geo_match_name": "बेनीघाट", "geo_match_osm_id": "node/4941656353", "geo_anchor_id": null, "geo_anchor_name": null}, "geometry": {"type": "Point", "coordinates": [84.7951205, 27.7834662]}}, {"type": "Feature", "properties": {"record_id": "80b76a2089e26a98", "table": "infrastructure", "location_raw": "कृष्णभीर, बेनीघाट रोराङ गाउँपालिका", "location_ne": "", "admin_level": "rural_municipality", "district": "Dhading", "province": "Bagmati", "geo_basis": "text_explicit", "as_of": "2026-08-30", "as_of_basis": "article_date", "first_reported": "2026-08-30", "last_reported": "2026-08-30", "confidence": "high", "confidence_note": "District and rural municipality both explicit.", "density": "2", "effective_sources": "2", "independent_origins": "2", "origin": "unattributed", "origin_note": "2 outlets, no reporting body named; independence not established", "corroboration": "independent", "evidence_quote": "बागमती प्रदेश ट्राफिक प्रहरी प्रमुख डिल्लीनारायण पाण्डेका अनुसार केही समयअघि कृष्णभीर क्षेत्रमा सडकको भाग भासिएपछि सवारी आवागमन ठप्प भएको हो।", "evidence_quote_en": "According to Bagmati Province Traffic Police Chief Dilli Narayan Pandey, part of the road subsided at Krishnabhir, halting traffic.", "temporal_contamination_flag": "False", "sector": "road", "asset_name": "", "status": "damaged", "capacity": "", "unit": "", "damage_detail": "सडकको भाग भासिएको (part of the road subsided)", "source_outlets": "Nepal Live; Deshsanchar", "source_outlet_count": 2, "entity_key": "कृष्णभीर, बेनीघाट रोराङ गाउँपालिका|road", "geo_resolution": "point", "geo_statement": "Matched \"बेनीघाट\" to a named OSM place in Dhading", "geo_match_name": "बेनीघाट", "geo_match_osm_id": "node/4941656353", "geo_anchor_id": null, "geo_anchor_name": null}, "geometry": {"type": "Point", "coordinates": [84.7951205, 27.7834662]}}, {"type": "Feature", "properties": {"record_id": "cc2f52a476a92242", "table": "infrastructure", "location_raw": "कृष्णभीर, पृथ्वी राजमार्ग", "location_ne": "", "admin_level": "settlement", "district": "Dhading", "province": "Bagmati", "geo_basis": "text_explicit", "as_of": "2026-08-30", "as_of_basis": "article_date", "first_reported": "2026-08-30", "last_reported": "2026-08-30", "confidence": "high", "confidence_note": "District explicit in this article.", "density": "2", "effective_sources": "2", "independent_origins": "2", "origin": "unattributed", "origin_note": "2 outlets, no reporting body named; independence not established", "corroboration": "independent", "evidence_quote": "काठमाडौँ उपत्यका ट्राफिक कार्यालयका अनुसार त्रिशूली नदीले राजमार्गको भाग कटान हुँदा कृष्णभीर क्षेत्रमा पहिरो गएको र दुवैतर्फ सडक अवरुद्ध भएको हो ।", "evidence_quote_en": "According to the Kathmandu Valley Traffic Office, the Trishuli river eroded part of the highway, causing the landslide at Krishnabhir and blocking the road in both directions.", "temporal_contamination_flag": "False", "sector": "road", "asset_name": "", "status": "damaged", "capacity": "", "unit": "", "damage_detail": "त्रिशूली नदीले राजमार्गको भाग कटान गरेको (Trishuli river eroded part of the highway)", "source_outlets": "Ratopati; Rajdhani Daily", "source_outlet_count": 2, "entity_key": "कृष्णभीर, पृथ्वी राजमार्ग|road", "geo_resolution": "district", "geo_statement": "Located to Dhading district only — the source names a place we could not resolve", "geo_match_name": null, "geo_match_osm_id": null, "geo_anchor_id": "79688334B79703604543181", "geo_anchor_name": "Dhading"}, "geometry": {"type": "Point", "coordinates": [84.87763638110704, 28.025043976557015]}}, {"type": "Feature", "properties": {"record_id": "b7ac8098dfd1a067", "table": "infrastructure", "location_raw": "कृष्णभीर, मुग्लिन-काठमाडौं सडक", "location_ne": "", "admin_level": "settlement", "district": "Dhading", "province": "Bagmati", "geo_basis": "gazetteer_match", "as_of": "2026-08-30", "as_of_basis": "article_date", "first_reported": "2026-08-30", "last_reported": "2026-08-30", "confidence": "medium", "confidence_note": "Krishnabhir named but district not stated in this article; Dhading via gazetteer match.", "density": "1", "effective_sources": "1", "independent_origins": "1", "origin": "media_own", "origin_note": "single outlet", "corroboration": "single_source", "evidence_quote": "त्रिशूलीमा आएको बाढीले तलबाट सडक कटान गरेपछि सडक अवरुद्ध भएको बताइएको छ ।", "evidence_quote_en": "After the Trishuli flood eroded the road from below, the road became blocked.", "temporal_contamination_flag": "False", "sector": "road", "asset_name": "", "status": "damaged", "capacity": "", "unit": "", "damage_detail": "सडक तलबाट कटान भई भासिएको (road eroded from below and subsided)", "source_outlets": "Rajdhani Daily", "source_outlet_count": 1, "entity_key": "कृष्णभीर, मुग्लिन-काठमाडौं सडक|road", "geo_resolution": "district", "geo_statement": "Located to Dhading district only — the source names a place we could not resolve", "geo_match_name": null, "geo_match_osm_id": null, "geo_anchor_id": "79688334B79703604543181", "geo_anchor_name": "Dhading"}, "geometry": {"type": "Point", "coordinates": [84.87763638110704, 28.025043976557015]}}, {"type": "Feature", "properties": {"record_id": "d319d4853b10a1b7", "table": "infrastructure", "location_raw": "कृष्ण भीर, मुग्लिङ-काठमाडौं सडकखण्ड", "location_ne": "", "admin_level": "settlement", "district": "Dhading", "province": "Bagmati", "geo_basis": "text_explicit", "as_of": "2026-08-30", "as_of_basis": "article_date", "first_reported": "2026-08-30", "last_reported": "2026-08-30", "confidence": "high", "confidence_note": "District explicit in this article.", "density": "1", "effective_sources": "1", "independent_origins": "1", "origin": "media_own", "origin_note": "single outlet", "corroboration": "single_source", "evidence_quote": "बागमती प्रदेश ट्राफिक प्रहरी कार्यालयले कृष्णभीरमा सडकको जग नै खस्किएर भासिएका कारण अहिले दुवैतर्फबाट सवारी साधन सञ्चालन गर्न सकिने अवस्था नभएकाे जनाएकाे छ।", "evidence_quote_en": "The Bagmati Province Traffic Police Office said vehicles cannot operate from either direction because the road foundation at Krishnabhir has given way and subsided.", "temporal_contamination_flag": "False", "sector": "road", "asset_name": "", "status": "damaged", "capacity": "", "unit": "", "damage_detail": "सडकको जग खस्किएर भासिएको (road foundation gave way and subsided)", "source_outlets": "ImageKhabar", "source_outlet_count": 1, "entity_key": "कृष्ण भीर, मुग्लिङ-काठमाडौं सडकखण्ड|road", "geo_resolution": "district", "geo_statement": "Located to Dhading district only — the source names a place we could not resolve", "geo_match_name": null, "geo_match_osm_id": null, "geo_anchor_id": "79688334B79703604543181", "geo_anchor_name": "Dhading"}, "geometry": {"type": "Point", "coordinates": [84.87763638110704, 28.025043976557015]}}, {"type": "Feature", "properties": {"record_id": "fa8d5ddef02c90fb", "table": "infrastructure", "location_raw": "Krishnabhir, Prithvi Highway", "location_ne": "", "admin_level": "settlement", "district": "Dhading", "province": "Bagmati", "geo_basis": "text_explicit", "as_of": "2026-08-30", "as_of_basis": "article_date", "first_reported": "2026-08-30", "last_reported": "2026-08-30", "confidence": "high", "confidence_note": "District explicit in preceding sentence naming Krishnabhir/Dhading.", "density": "1", "effective_sources": "1", "independent_origins": "1", "origin": "media_own", "origin_note": "single outlet", "corroboration": "single_source", "evidence_quote": "As the road foundation subsided, traffic is halted in both directions, leaving hundreds of vehicles and thousands of passengers stranded.", "evidence_quote_en": "", "temporal_contamination_flag": "False", "sector": "road", "asset_name": "", "status": "destroyed", "capacity": "", "unit": "", "damage_detail": "road foundation subsided after a major collapse", "source_outlets": "Nepal News", "source_outlet_count": 1, "entity_key": "Krishnabhir, Prithvi Highway|road", "geo_resolution": "district", "geo_statement": "Located to Dhading district only — the source names a place we could not resolve", "geo_match_name": null, "geo_match_osm_id": null, "geo_anchor_id": "79688334B79703604543181", "geo_anchor_name": "Dhading"}, "geometry": {"type": "Point", "coordinates": [84.87763638110704, 28.025043976557015]}}, {"type": "Feature", "properties": {"record_id": "23689d4f8cbb20bb", "table": "infrastructure", "location_raw": "Galchhi", "location_ne": "", "admin_level": "settlement", "district": "Dhading", "province": "Bagmati", "geo_basis": "text_explicit", "as_of": "2026-08-30", "as_of_basis": "article_date", "first_reported": "2026-08-28", "last_reported": "2026-08-30", "confidence": "medium", "confidence_note": "Galchhi named explicitly two sentences earlier as being in Dhading district (Trishuli River at Galchhi in Dhading).", "density": "2", "effective_sources": "2", "independent_origins": "2", "origin": "unattributed", "origin_note": "2 outlets, no reporting body named; independence not established", "corroboration": "independent", "evidence_quote": "In Galchhi and other downstream settlements, homes and agricultural land sit beneath thick layers of silt. Some buildings remain standing but cannot be entered safely.", "evidence_quote_en": "", "temporal_contamination_flag": "", "sector": "other", "asset_name": "", "status": "damaged", "capacity": "", "unit": "", "damage_detail": "homes and agricultural land sit beneath thick layers of silt; some buildings remain standing but cannot be entered safely", "source_outlets": "ABC News & Headlines – Australian Broadcasting Corporation; Open Magazine", "source_outlet_count": 2, "entity_key": "Galchhi|other", "geo_resolution": "point", "geo_statement": "Matched \"Galchhi\" to a named OSM place in Dhading", "geo_match_name": "गल्छी", "geo_match_osm_id": "node/279374592", "geo_anchor_id": null, "geo_anchor_name": null}, "geometry": {"type": "Point", "coordinates": [85.0004606, 27.7973963]}}, {"type": "Feature", "properties": {"record_id": "2ed75fb00794210f", "table": "infrastructure", "location_raw": "Krishnabhir, Dhading (Prithvi Highway)", "location_ne": "", "admin_level": "settlement", "district": "Dhading", "province": "Bagmati", "geo_basis": "text_explicit", "as_of": "2026-08-30", "as_of_basis": "stated", "first_reported": "2026-08-30", "last_reported": "2026-08-30", "confidence": "high", "confidence_note": "Police official quoted with district attribution.", "density": "1", "effective_sources": "1", "independent_origins": "1", "origin": "media_own", "origin_note": "single outlet", "corroboration": "single_source", "evidence_quote": "DSP Prakash Dahal of the District Police Office in Dhading said the road had caved in up to its middle and that pedestrian movement had also been prohibited.", "evidence_quote_en": "", "temporal_contamination_flag": "", "sector": "road", "asset_name": "Prithvi Highway (Krishnabhir section)", "status": "damaged", "capacity": "", "unit": "", "damage_detail": "road caved in up to its middle; pedestrian movement also prohibited", "source_outlets": "Mathrubhumi English", "source_outlet_count": 1, "entity_key": "Prithvi Highway (Krishnabhir section)|road", "geo_resolution": "district", "geo_statement": "Located to Dhading district only — the source names a place we could not resolve", "geo_match_name": null, "geo_match_osm_id": null, "geo_anchor_id": "79688334B79703604543181", "geo_anchor_name": "Dhading"}, "geometry": {"type": "Point", "coordinates": [84.87763638110704, 28.025043976557015]}}, {"type": "Feature", "properties": {"record_id": "6fd92e49eb9cd24f", "table": "infrastructure", "location_raw": "Galchhi", "location_ne": "", "admin_level": "settlement", "district": "Dhading", "province": "Bagmati", "geo_basis": "text_adjacent", "as_of": "2026-08-30", "as_of_basis": "article_date", "first_reported": "2026-08-30", "last_reported": "2026-08-30", "confidence": "medium", "confidence_note": "Follows description of the town of Galchhi; district inferred as Dhading.", "density": "1", "effective_sources": "1", "independent_origins": "1", "origin": "media_own", "origin_note": "single outlet", "corroboration": "single_source", "evidence_quote": "Large concrete and smaller suspension bridges were destroyed, leaving communities on the other side of the river with less easy access.", "evidence_quote_en": "", "temporal_contamination_flag": "", "sector": "bridge", "asset_name": "", "status": "destroyed", "capacity": "", "unit": "", "damage_detail": "large concrete and smaller suspension bridges destroyed", "source_outlets": "Euronews.com", "source_outlet_count": 1, "entity_key": "Galchhi|bridge", "geo_resolution": "point", "geo_statement": "Matched \"Galchhi\" to a named OSM place in Dhading", "geo_match_name": "गल्छी", "geo_match_osm_id": "node/279374592", "geo_anchor_id": null, "geo_anchor_name": null}, "geometry": {"type": "Point", "coordinates": [85.0004606, 27.7973963]}}, {"type": "Feature", "properties": {"record_id": "f5de60ca78fa9fca", "table": "infrastructure", "location_raw": "Krishnabhir, Dhading", "location_ne": "", "admin_level": "settlement", "district": "Dhading", "province": "Bagmati", "geo_basis": "text_explicit", "as_of": "2026-08-30", "as_of_basis": "stated", "first_reported": "2026-08-31", "last_reported": "2026-08-31", "confidence": "high", "confidence_note": "Named settlement and district.", "density": "2", "effective_sources": "2", "independent_origins": "2", "origin": "unattributed", "origin_note": "2 outlets, no reporting body named; independence not established", "corroboration": "independent", "evidence_quote": "The Prithvi Highway--a vital transportation lifeline connecting the capital city of Kathmandu with the rest of the nation--was completely disconnected on Sunday following a fresh landslide and major road collapse in the Krishnabhir area of Dhading district. The collapse occurred after the swollen Trishuli River severely eroded the road's retaining wall and foundation. Authorities have halted all vehicular and pedestrian traffic as the damaged stretch continues to subside.", "evidence_quote_en": "", "temporal_contamination_flag": "", "sector": "road", "asset_name": "Prithvi Highway", "status": "destroyed", "capacity": "", "unit": "", "damage_detail": "Trishuli River eroded the road's retaining wall and foundation", "source_outlets": "Khabarhub; Republic World", "source_outlet_count": 2, "entity_key": "Prithvi Highway|road", "geo_resolution": "district", "geo_statement": "Located to Dhading district only — the source names a place we could not resolve", "geo_match_name": null, "geo_match_osm_id": null, "geo_anchor_id": "79688334B79703604543181", "geo_anchor_name": "Dhading"}, "geometry": {"type": "Point", "coordinates": [84.87763638110704, 28.025043976557015]}}, {"type": "Feature", "properties": {"record_id": "486cfcae2299cec4", "table": "infrastructure", "location_raw": "a primary power plant", "location_ne": "", "admin_level": "settlement", "district": "Dhading", "province": "Bagmati", "geo_basis": "text_adjacent", "as_of": "2026-08-30", "as_of_basis": "article_date", "first_reported": "2026-08-31", "last_reported": "2026-08-31", "confidence": "medium", "confidence_note": "Plant unnamed; Dhading context established earlier in article.", "density": "1", "effective_sources": "1", "independent_origins": "1", "origin": "media_own", "origin_note": "single outlet", "corroboration": "single_source", "evidence_quote": "Critical infrastructure suffered extensive damage; a primary power plant supplying electricity to over 20,000 residents across four districts was knocked offline, leaving intact homes and businesses without power.", "evidence_quote_en": "", "temporal_contamination_flag": "", "sector": "power", "asset_name": "", "status": "non_functional", "capacity": "", "unit": "", "damage_detail": "supplied over 20,000 residents across four districts, knocked offline", "source_outlets": "Mathrubhumi English", "source_outlet_count": 1, "entity_key": "a primary power plant|power", "geo_resolution": "district", "geo_statement": "Located to Dhading district only — the source names a place we could not resolve", "geo_match_name": null, "geo_match_osm_id": null, "geo_anchor_id": "79688334B79703604543181", "geo_anchor_name": "Dhading"}, "geometry": {"type": "Point", "coordinates": [84.87763638110704, 28.025043976557015]}}, {"type": "Feature", "properties": {"record_id": "6fbc5759721366ec", "table": "infrastructure", "location_raw": "Dhading district", "location_ne": "", "admin_level": "district", "district": "Dhading", "province": "Bagmati", "geo_basis": "text_explicit", "as_of": "2026-08-30", "as_of_basis": "article_date", "first_reported": "2026-08-30", "last_reported": "2026-08-30", "confidence": "high", "confidence_note": "District named directly.", "density": "1", "effective_sources": "1", "independent_origins": "1", "origin": "media_own", "origin_note": "single outlet", "corroboration": "single_source", "evidence_quote": "Among these, four health facilities in Rasuwa have been completely damaged, and two in Dhading have been partially damaged.", "evidence_quote_en": "", "temporal_contamination_flag": "False", "sector": "health_facility", "asset_name": "", "status": "damaged", "capacity": "2.0", "unit": "facilities", "damage_detail": "two health facilities partially damaged", "source_outlets": "Ratopati", "source_outlet_count": 1, "entity_key": "Dhading district|health_facility", "geo_resolution": "district", "geo_statement": "Located to Dhading district only", "geo_match_name": null, "geo_match_osm_id": null, "geo_anchor_id": "79688334B79703604543181", "geo_anchor_name": "Dhading"}, "geometry": {"type": "Point", "coordinates": [84.87763638110704, 28.025043976557015]}}, {"type": "Feature", "properties": {"record_id": "a409eeb543b9ebeb", "table": "infrastructure", "location_raw": "Charaundi-Ghyalchowk suspension bridge", "location_ne": "", "admin_level": "settlement", "district": "Dhading", "province": "Bagmati", "geo_basis": "text_explicit", "as_of": "2026-08-30", "as_of_basis": "stated", "first_reported": "2026-08-30", "last_reported": "2026-08-30", "confidence": "high", "confidence_note": "District named directly.", "density": "1", "effective_sources": "1", "independent_origins": "1", "origin": "media_own", "origin_note": "single outlet", "corroboration": "single_source", "evidence_quote": "Floodwaters again surged in the Trishuli River on Sunday, sweeping away a suspension bridge connecting Charaundi in Dhading with Ghyalchowk in Gorkha.", "evidence_quote_en": "", "temporal_contamination_flag": "False", "sector": "bridge", "asset_name": "", "status": "destroyed", "capacity": "", "unit": "", "damage_detail": "suspension bridge connecting Charaundi (Dhading) and Ghyalchowk (Gorkha) swept away", "source_outlets": "Setopati", "source_outlet_count": 1, "entity_key": "Charaundi-Ghyalchowk suspension bridge|bridge", "geo_resolution": "district", "geo_statement": "Located to Dhading district only — the source names a place we could not resolve", "geo_match_name": null, "geo_match_osm_id": null, "geo_anchor_id": "79688334B79703604543181", "geo_anchor_name": "Dhading"}, "geometry": {"type": "Point", "coordinates": [84.87763638110704, 28.025043976557015]}}, {"type": "Feature", "properties": {"record_id": "afe1c45005396267", "table": "infrastructure", "location_raw": "Charaundi", "location_ne": "", "admin_level": "settlement", "district": "Dhading", "province": "Bagmati", "geo_basis": "text_explicit", "as_of": "2026-08-30", "as_of_basis": "stated", "first_reported": "2026-08-30", "last_reported": "2026-08-30", "confidence": "high", "confidence_note": "District named directly.", "density": "1", "effective_sources": "1", "independent_origins": "1", "origin": "media_own", "origin_note": "single outlet", "corroboration": "single_source", "evidence_quote": "Local residents said that Sunday’s flooding also damaged a cooperative building and a school in Charaundi.", "evidence_quote_en": "", "temporal_contamination_flag": "False", "sector": "other", "asset_name": "cooperative building", "status": "damaged", "capacity": "", "unit": "", "damage_detail": "cooperative building damaged by flooding", "source_outlets": "Setopati", "source_outlet_count": 1, "entity_key": "cooperative building|other", "geo_resolution": "district", "geo_statement": "Located to Dhading district only — the source names a place we could not resolve", "geo_match_name": null, "geo_match_osm_id": null, "geo_anchor_id": "79688334B79703604543181", "geo_anchor_name": "Dhading"}, "geometry": {"type": "Point", "coordinates": [84.87763638110704, 28.025043976557015]}}, {"type": "Feature", "properties": {"record_id": "fc133486ce478147", "table": "infrastructure", "location_raw": "Charaundi", "location_ne": "", "admin_level": "settlement", "district": "Dhading", "province": "Bagmati", "geo_basis": "text_explicit", "as_of": "2026-08-30", "as_of_basis": "stated", "first_reported": "2026-08-30", "last_reported": "2026-08-30", "confidence": "high", "confidence_note": "District named directly.", "density": "1", "effective_sources": "1", "independent_origins": "1", "origin": "media_own", "origin_note": "single outlet", "corroboration": "single_source", "evidence_quote": "Local residents said that Sunday’s flooding also damaged a cooperative building and a school in Charaundi.", "evidence_quote_en": "", "temporal_contamination_flag": "False", "sector": "school", "asset_name": "", "status": "damaged", "capacity": "", "unit": "", "damage_detail": "a school damaged by flooding", "source_outlets": "Setopati", "source_outlet_count": 1, "entity_key": "Charaundi|school", "geo_resolution": "district", "geo_statement": "Located to Dhading district only — the source names a place we could not resolve", "geo_match_name": null, "geo_match_osm_id": null, "geo_anchor_id": "79688334B79703604543181", "geo_anchor_name": "Dhading"}, "geometry": {"type": "Point", "coordinates": [84.87763638110704, 28.025043976557015]}}, {"type": "Feature", "properties": {"record_id": "845d74a5617d082e", "table": "infrastructure", "location_raw": "पृथ्वी हाईवे, मुग्लिन-काठमांडू सेक्शन, कृष्णभीर (धाडिंग)", "location_ne": "", "admin_level": "district", "district": "Dhading", "province": "Bagmati", "geo_basis": "text_explicit", "as_of": "2026-08-30", "as_of_basis": "article_date", "first_reported": "2026-08-30", "last_reported": "2026-08-30", "confidence": "high", "confidence_note": "Same passage as the access record; highway named and located explicitly at Krishnabhir, Dhading.", "density": "1", "effective_sources": "1", "independent_origins": "1", "origin": "media_own", "origin_note": "single outlet", "corroboration": "single_source", "evidence_quote": "बाढ़ के कारण हुए कटाव और उसके बाद धाडिंग के कृष्णभीर में हुए भूस्खलन ने पृथ्वी हाईवे के मुग्लिन-काठमांडू सेक्शन को पूरी तरह से बंद कर दिया है।", "evidence_quote_en": "Erosion caused by the flood, followed by a landslide at Krishnabhir in Dhading, has completely closed the Mugling-Kathmandu section of the Prithvi Highway.", "temporal_contamination_flag": "False", "sector": "road", "asset_name": "पृथ्वी हाईवे (मुग्लिन-काठमांडू सेक्शन)", "status": "non_functional", "capacity": "", "unit": "", "damage_detail": "बाढ़जन्य कटाव र कृष्णभीरको भूस्खलनका कारण पूर्ण रूपमा बन्द", "source_outlets": "Navbharat Times", "source_outlet_count": 1, "entity_key": "पृथ्वी हाईवे (मुग्लिन-काठमांडू सेक्शन)|road", "geo_resolution": "district", "geo_statement": "Located to Dhading district only", "geo_match_name": null, "geo_match_osm_id": null, "geo_anchor_id": "79688334B79703604543181", "geo_anchor_name": "Dhading"}, "geometry": {"type": "Point", "coordinates": [84.87763638110704, 28.025043976557015]}}, {"type": "Feature", "properties": {"record_id": "51c89badbe8a5325", "table": "infrastructure", "location_raw": "Parewabhir, Gajuri RM-2, Dhading", "location_ne": "", "admin_level": "settlement", "district": "Dhading", "province": "Bagmati", "geo_basis": "text_explicit", "as_of": "2026-08-31", "as_of_basis": "article_date", "first_reported": "2026-08-31", "last_reported": "2026-08-31", "confidence": "high", "confidence_note": "Named settlement/RM ward and district.", "density": "1", "effective_sources": "1", "independent_origins": "1", "origin": "media_own", "origin_note": "single outlet", "corroboration": "single_source", "evidence_quote": "Similarly, the road at Parewabhir in Gajuri Rural Municipality-2, Dhading, has been completely blocked after floodwaters damaged the lower section of the road.", "evidence_quote_en": "", "temporal_contamination_flag": "", "sector": "road", "asset_name": "", "status": "destroyed", "capacity": "", "unit": "", "damage_detail": "floodwaters damaged the lower section of the road", "source_outlets": "Khabarhub", "source_outlet_count": 1, "entity_key": "Parewabhir, Gajuri RM-2, Dhading|road", "geo_resolution": "point", "geo_statement": "Matched \"Gajuri -2\" to a named OSM place in Dhading", "geo_match_name": "गजुरी", "geo_match_osm_id": "node/279374584", "geo_anchor_id": null, "geo_anchor_name": null}, "geometry": {"type": "Point", "coordinates": [84.8771186, 27.8046804]}}, {"type": "Feature", "properties": {"record_id": "7ae63766d518d497", "table": "infrastructure", "location_raw": "बैरेनी बजार", "location_ne": "", "admin_level": "settlement", "district": "Dhading", "province": "Bagmati", "geo_basis": "text_adjacent", "as_of": "2026-08-31", "as_of_basis": "article_date", "first_reported": "2026-08-31", "last_reported": "2026-08-31", "confidence": "medium", "confidence_note": "Baireni/Dhading established earlier in article.", "density": "1", "effective_sources": "1", "independent_origins": "1", "origin": "media_own", "origin_note": "single outlet", "corroboration": "single_source", "evidence_quote": "विद्यार्थीहरूको कक्षाकोठामा जमेको लेदो हटाउन नेपाली सेनाका जवानहरू पनि खटिएका छन् ।", "evidence_quote_en": "Nepali army personnel have also been mobilized to remove the silt in students' classrooms.", "temporal_contamination_flag": "", "sector": "school", "asset_name": "श्री बागेश्वरी माध्यमिक विद्यालय", "status": "damaged", "capacity": "", "unit": "", "damage_detail": "जमेको लेदो (silt accumulated in classrooms)", "source_outlets": "Ratopati", "source_outlet_count": 1, "entity_key": "श्री बागेश्वरी माध्यमिक विद्यालय|school", "geo_resolution": "district", "geo_statement": "Located to Dhading district only — the source names a place we could not resolve", "geo_match_name": null, "geo_match_osm_id": null, "geo_anchor_id": "79688334B79703604543181", "geo_anchor_name": "Dhading"}, "geometry": {"type": "Point", "coordinates": [84.87763638110704, 28.025043976557015]}}, {"type": "Feature", "properties": {"record_id": "6ff58fce4bf414e4", "table": "infrastructure", "location_raw": "बैरेनी", "location_ne": "", "admin_level": "settlement", "district": "Dhading", "province": "Bagmati", "geo_basis": "text_explicit", "as_of": "2026-08-31", "as_of_basis": "article_date", "first_reported": "2026-08-31", "last_reported": "2026-08-31", "confidence": "medium", "confidence_note": "Named hospital, named settlement.", "density": "1", "effective_sources": "1", "independent_origins": "1", "origin": "media_own", "origin_note": "single outlet", "corroboration": "single_source", "evidence_quote": "बैरेनी अस्पतालमा पनि बाढीको असर देखिन्छ। अस्पताल परिसरमा जमेको लेदो र फोहोर हटाउन नेपाल प्रहरी, सशस्त्र प्रहरी र स्वास्थ्यकर्मीहरू मिलेर सरसफाइ गरिरहेका छन्।", "evidence_quote_en": "The flood's impact is also visible at Baireni Hospital; police and health workers are cleaning silt and debris from the premises.", "temporal_contamination_flag": "", "sector": "health_facility", "asset_name": "बैरेनी अस्पताल (Baireni Hospital)", "status": "damaged", "capacity": "", "unit": "", "damage_detail": "silt and debris in hospital premises", "source_outlets": "Ratopati", "source_outlet_count": 1, "entity_key": "बैरेनी अस्पताल (Baireni Hospital)|health_facility", "geo_resolution": "point", "geo_statement": "Matched \"Baireni Hospital\" to a named OSM facilitie in Dhading", "geo_match_name": "बैरेनी अस्पताल", "geo_match_osm_id": "way/1096865403", "geo_anchor_id": null, "geo_anchor_name": null}, "geometry": {"type": "Point", "coordinates": [84.98784, 27.8011734]}}, {"type": "Feature", "properties": {"record_id": "ae7534f250e3a0f5", "table": "infrastructure", "location_raw": "बैरेनी बजार", "location_ne": "", "admin_level": "settlement", "district": "Dhading", "province": "Bagmati", "geo_basis": "text_adjacent", "as_of": "2026-08-31", "as_of_basis": "article_date", "first_reported": "2026-08-31", "last_reported": "2026-08-31", "confidence": "low", "confidence_note": "No count given, qualitative ('some').", "density": "1", "effective_sources": "1", "independent_origins": "1", "origin": "media_own", "origin_note": "single outlet", "corroboration": "single_source", "evidence_quote": "बाढीले केही घर बगाएको छ। केही घरका भित्तामा चिरा परेका छन् । कतिपय संरचना बस्न मिल्ने अवस्थामा छन् कि छैनन् भन्ने चिन्ता स्थानीयमा छ।", "evidence_quote_en": "The flood has swept away some houses; some houses have wall cracks; locals are concerned whether some structures remain safe.", "temporal_contamination_flag": "", "sector": "other", "asset_name": "", "status": "damaged", "capacity": "", "unit": "", "damage_detail": "some houses swept away, some with wall cracks", "source_outlets": "Ratopati", "source_outlet_count": 1, "entity_key": "बैरेनी बजार|other", "geo_resolution": "district", "geo_statement": "Located to Dhading district only — the source names a place we could not resolve", "geo_match_name": null, "geo_match_osm_id": null, "geo_anchor_id": "79688334B79703604543181", "geo_anchor_name": "Dhading"}, "geometry": {"type": "Point", "coordinates": [84.87763638110704, 28.025043976557015]}}, {"type": "Feature", "properties": {"record_id": "c9c618764c6dbef3", "table": "infrastructure", "location_raw": "गण्डकी गाउँपालिका बुट्टार, गोरखा", "location_ne": "", "admin_level": "settlement", "district": "Gorkha", "province": "Gandaki", "geo_basis": "text_explicit", "as_of": "2026-08-28", "as_of_basis": "article_date", "first_reported": "2026-08-28", "last_reported": "2026-08-28", "confidence": "high", "confidence_note": "Named project, district explicit.", "density": "1", "effective_sources": "1", "independent_origins": "1", "origin": "media_own", "origin_note": "single outlet", "corroboration": "single_source", "evidence_quote": "हाइड्रोको दुई वटा क्रसर र त्यहाँ रहेका सामाग्री सबै बगाएको हाइड्रोका [name]ले बताए ।", "evidence_quote_en": "", "temporal_contamination_flag": "", "sector": "power", "asset_name": "सुपर त्रिशूली हाइड्रोपावर (Super Trishuli Hydropower, under construction)", "status": "damaged", "capacity": "", "unit": "", "damage_detail": "दुई वटा क्रसर र सामाग्री बगायो, बाँधमा क्षति, २७ हजार लिटर क्षमताको ट्यांकी र कन्टेनर बगायो (two crushers and materials swept away, dam damaged, a 27,000-litre tank and a container swept away)", "source_outlets": "Onlinekhabar", "source_outlet_count": 1, "entity_key": "सुपर त्रिशूली हाइड्रोपावर (Super Trishuli Hydropower, under construction)|power", "geo_resolution": "point", "geo_statement": "Matched \"गोरखा\" to a named OSM place in Gorkha", "geo_match_name": "गोरखा", "geo_match_osm_id": "node/4896508190", "geo_anchor_id": null, "geo_anchor_name": null}, "geometry": {"type": "Point", "coordinates": [84.6259428, 27.9969584]}}, {"type": "Feature", "properties": {"record_id": "72b29dcce6beaede", "table": "infrastructure", "location_raw": "Charaundi suspension bridge", "location_ne": "", "admin_level": "settlement", "district": "Gorkha", "province": "Gandaki", "geo_basis": "text_explicit", "as_of": "2026-08-30", "as_of_basis": "stated", "first_reported": "2026-08-30", "last_reported": "2026-08-30", "confidence": "high", "confidence_note": "District named directly.", "density": "2", "effective_sources": "2", "independent_origins": "2", "origin": "unattributed", "origin_note": "2 outlets, no reporting body named; independence not established", "corroboration": "independent", "evidence_quote": "The heavy flooding in the Trishuli River on Sunday morning swept away the Charaundi suspension bridge, which connects Gandaki Rural Municipality in Gorkha with Benighat Rorang Rural Municipality in Dhading.", "evidence_quote_en": "", "temporal_contamination_flag": "False", "sector": "bridge", "asset_name": "", "status": "destroyed", "capacity": "", "unit": "", "damage_detail": "floodwaters snapped and damaged the suspension bridge", "source_outlets": "The Statesman; OnlineKhabar English News", "source_outlet_count": 2, "entity_key": "Charaundi suspension bridge|bridge", "geo_resolution": "district", "geo_statement": "Located to Gorkha district only — the source names a place we could not resolve", "geo_match_name": null, "geo_match_osm_id": null, "geo_anchor_id": "79688334B93802880856426", "geo_anchor_name": "Gorkha"}, "geometry": {"type": "Point", "coordinates": [84.81454945836937, 28.29653345281497]}}, {"type": "Feature", "properties": {"record_id": "8091fc41eb6a7635", "table": "infrastructure", "location_raw": "Ghyalchowk, Gandaki RM-8, Gorkha", "location_ne": "", "admin_level": "settlement", "district": "Gorkha", "province": "Gandaki", "geo_basis": "text_explicit", "as_of": "2026-08-30", "as_of_basis": "stated", "first_reported": "2026-08-31", "last_reported": "2026-08-31", "confidence": "high", "confidence_note": "Named RM and district.", "density": "1", "effective_sources": "1", "independent_origins": "1", "origin": "media_own", "origin_note": "single outlet", "corroboration": "single_source", "evidence_quote": "Furthermore, officials said a fresh flood was also reported in the Trishuli River on Sunday, which swept away a suspension bridge that connected Ghyalchowk of Gandaki Rural Municipality-8 in Gorkha district of Gandaki province with Charaudi along the Prithvi Highway.", "evidence_quote_en": "", "temporal_contamination_flag": "", "sector": "bridge", "asset_name": "", "status": "destroyed", "capacity": "", "unit": "", "damage_detail": "suspension bridge swept away by fresh Trishuli River flood", "source_outlets": "India TV News", "source_outlet_count": 1, "entity_key": "Ghyalchowk, Gandaki RM-8, Gorkha|bridge", "geo_resolution": "palika", "geo_statement": "Located to Gandaki local unit in Gorkha district — anchored to the unit, not an exact site", "geo_match_name": null, "geo_match_osm_id": null, "geo_anchor_id": "92635248B96197818922400", "geo_anchor_name": "Gandaki"}, "geometry": {"type": "Point", "coordinates": [84.69711627099147, 27.861887800929274]}}, {"type": "Feature", "properties": {"record_id": "55961c3bff19a1e1", "table": "infrastructure", "location_raw": "Ghyalchowk-Charaudi suspension bridge", "location_ne": "", "admin_level": "settlement", "district": "Gorkha", "province": "Gandaki", "geo_basis": "text_explicit", "as_of": "2026-08-30", "as_of_basis": "stated", "first_reported": "2026-08-30", "last_reported": "2026-08-31", "confidence": "high", "confidence_note": "District/province named directly.", "density": "2", "effective_sources": "2", "independent_origins": "2", "origin": "unattributed", "origin_note": "2 outlets, no reporting body named; independence not established", "corroboration": "independent", "evidence_quote": "A suspension bridge in central Nepal was swept away on Sunday morning due to a fresh flood in the Trishuli River, officials said.\n\nThe bridge connected Ghyalchowk of Gandaki Rural Municipality-8 in Gorkha district of Gandaki province with Charaudi along the Prithvi Highway.", "evidence_quote_en": "", "temporal_contamination_flag": "False", "sector": "bridge", "asset_name": "", "status": "destroyed", "capacity": "", "unit": "", "damage_detail": "suspension bridge swept away by fresh flood in the Trishuli River", "source_outlets": "Press Trust of India; News On AIR", "source_outlet_count": 2, "entity_key": "Ghyalchowk-Charaudi suspension bridge|bridge", "geo_resolution": "district", "geo_statement": "Located to Gorkha district only — the source names a place we could not resolve", "geo_match_name": null, "geo_match_osm_id": null, "geo_anchor_id": "79688334B93802880856426", "geo_anchor_name": "Gorkha"}, "geometry": {"type": "Point", "coordinates": [84.81454945836937, 28.29653345281497]}}, {"type": "Feature", "properties": {"record_id": "6fb9255cefa4d0dd", "table": "infrastructure", "location_raw": "Ghyalchok-Charaundi suspension bridge", "location_ne": "", "admin_level": "settlement", "district": "Gorkha", "province": "Gandaki", "geo_basis": "text_explicit", "as_of": "2026-08-30", "as_of_basis": "stated", "first_reported": "2026-08-30", "last_reported": "2026-08-31", "confidence": "high", "confidence_note": "District named directly.", "density": "2", "effective_sources": "2", "independent_origins": "2", "origin": "unattributed", "origin_note": "2 outlets, no reporting body named; independence not established", "corroboration": "independent", "evidence_quote": "A flood in the Trishuli River on Sunday swept away a suspension bridge connecting Ghyalchok of Gandaki Rural Municipality-8 in Gorkha with Charaundi along the Prithvi Highway.", "evidence_quote_en": "", "temporal_contamination_flag": "False", "sector": "bridge", "asset_name": "", "status": "destroyed", "capacity": "", "unit": "", "damage_detail": "suspension bridge swept away after being battered by floodwaters for nearly three hours", "source_outlets": "Khabarhub; bhaskardigital.com", "source_outlet_count": 2, "entity_key": "Ghyalchok-Charaundi suspension bridge|bridge", "geo_resolution": "district", "geo_statement": "Located to Gorkha district only — the source names a place we could not resolve", "geo_match_name": null, "geo_match_osm_id": null, "geo_anchor_id": "79688334B93802880856426", "geo_anchor_name": "Gorkha"}, "geometry": {"type": "Point", "coordinates": [84.81454945836937, 28.29653345281497]}}, {"type": "Feature", "properties": {"record_id": "4a765134c14d9451", "table": "infrastructure", "location_raw": "Ghyalschok-Charaundi suspension bridge", "location_ne": "", "admin_level": "settlement", "district": "Gorkha", "province": "Gandaki", "geo_basis": "text_explicit", "as_of": "2026-08-30", "as_of_basis": "stated", "first_reported": "2026-08-30", "last_reported": "2026-08-30", "confidence": "high", "confidence_note": "District named directly.", "density": "1", "effective_sources": "1", "independent_origins": "1", "origin": "media_own", "origin_note": "single outlet", "corroboration": "single_source", "evidence_quote": "According to locals, the 130-metre Ghyalschok-Charaundi suspension bridge had been constructed only six years ago.", "evidence_quote_en": "", "temporal_contamination_flag": "False", "sector": "bridge", "asset_name": "", "status": "destroyed", "capacity": "130.0", "unit": "m", "damage_detail": "130-metre suspension bridge, built six years ago, destroyed", "source_outlets": "Khabarhub", "source_outlet_count": 1, "entity_key": "Ghyalschok-Charaundi suspension bridge|bridge", "geo_resolution": "district", "geo_statement": "Located to Gorkha district only — the source names a place we could not resolve", "geo_match_name": null, "geo_match_osm_id": null, "geo_anchor_id": "79688334B93802880856426", "geo_anchor_name": "Gorkha"}, "geometry": {"type": "Point", "coordinates": [84.81454945836937, 28.29653345281497]}}, {"type": "Feature", "properties": {"record_id": "592a3f1c287eb255", "table": "infrastructure", "location_raw": "Gorkha district (Trishuli River)", "location_ne": "", "admin_level": "district", "district": "Gorkha", "province": "Gandaki", "geo_basis": "text_explicit", "as_of": "2026-08-30", "as_of_basis": "stated", "first_reported": "2026-08-28", "last_reported": "2026-08-30", "confidence": "high", "confidence_note": "District named directly, cumulative count.", "density": "2", "effective_sources": "2", "independent_origins": "2", "origin": "unattributed", "origin_note": "2 outlets, no reporting body named; independence not established", "corroboration": "independent", "evidence_quote": "With the latest incident, floods in the Trishuli River have swept away three suspension bridges in Gorkha, while another bridge has been completely damaged.", "evidence_quote_en": "", "temporal_contamination_flag": "False", "sector": "bridge", "asset_name": "", "status": "destroyed", "capacity": "3.0", "unit": "bridges", "damage_detail": "three suspension bridges over the Trishuli River destroyed in Gorkha; one more bridge completely damaged", "source_outlets": "Onlinekhabar; Khabarhub", "source_outlet_count": 2, "entity_key": "Gorkha district (Trishuli River)|bridge", "geo_resolution": "district", "geo_statement": "Located to Gorkha district only", "geo_match_name": null, "geo_match_osm_id": null, "geo_anchor_id": "79688334B93802880856426", "geo_anchor_name": "Gorkha"}, "geometry": {"type": "Point", "coordinates": [84.81454945836937, 28.29653345281497]}}, {"type": "Feature", "properties": {"record_id": "08f717e5faf006c1", "table": "infrastructure", "location_raw": "Pokhara Academy of Health Sciences", "location_ne": "", "admin_level": "municipality", "district": "Kaski", "province": "Gandaki", "geo_basis": "text_explicit", "as_of": "2026-08-29", "as_of_basis": "article_date", "first_reported": "2026-08-30", "last_reported": "2026-08-30", "confidence": "high", "confidence_note": "Facility and district named directly.", "density": "1", "effective_sources": "1", "independent_origins": "1", "origin": "media_own", "origin_note": "single outlet", "corroboration": "single_source", "evidence_quote": "The mortuary at Pokhara Academy of Health Sciences has 72 refrigerated compartments, but it is currently holding more bodies than its official capacity.", "evidence_quote_en": "", "temporal_contamination_flag": "False", "sector": "health_facility", "asset_name": "", "status": "partial", "capacity": "72.0", "unit": "compartments", "damage_detail": "72-compartment mortuary holding more bodies than its official capacity", "source_outlets": "The Kathmandu Post", "source_outlet_count": 1, "entity_key": "Pokhara Academy of Health Sciences|health_facility", "geo_resolution": "district", "geo_statement": "Located to Kaski district only — the source names a place we could not resolve", "geo_match_name": null, "geo_match_osm_id": null, "geo_anchor_id": "79688334B51705960872508", "geo_anchor_name": "Kaski"}, "geometry": {"type": "Point", "coordinates": [83.98696603706088, 28.412436357031254]}}, {"type": "Feature", "properties": {"record_id": "f5d900b17a7c9f08", "table": "infrastructure", "location_raw": "Kaski hospitals", "location_ne": "", "admin_level": "district", "district": "Kaski", "province": "Gandaki", "geo_basis": "text_explicit", "as_of": "2026-08-29", "as_of_basis": "article_date", "first_reported": "2026-08-29", "last_reported": "2026-08-29", "confidence": "high", "confidence_note": "Explicit district hospital morgue capacity.", "density": "1", "effective_sources": "1", "independent_origins": "1", "origin": "media_own", "origin_note": "single outlet", "corroboration": "single_source", "evidence_quote": "The total capacity of the hospitals in (Kaski) is 88 and before the flooding we already had 5 bodies in the morgue beforehand.", "evidence_quote_en": "", "temporal_contamination_flag": "False", "sector": "health_facility", "asset_name": "", "status": "partial", "capacity": "88.0", "unit": "bodies", "damage_detail": "", "source_outlets": "ANI News", "source_outlet_count": 1, "entity_key": "Kaski hospitals|health_facility", "geo_resolution": "district", "geo_statement": "Located to Kaski district only", "geo_match_name": null, "geo_match_osm_id": null, "geo_anchor_id": "79688334B51705960872508", "geo_anchor_name": "Kaski"}, "geometry": {"type": "Point", "coordinates": [83.98696603706088, 28.412436357031254]}}, {"type": "Feature", "properties": {"record_id": "0735ce06339ab6bf", "table": "infrastructure", "location_raw": "Pokhara, Kaski", "location_ne": "", "admin_level": "municipality", "district": "Kaski", "province": "Gandaki", "geo_basis": "text_explicit", "as_of": "2026-08-29", "as_of_basis": "article_date", "first_reported": "2026-08-29", "last_reported": "2026-08-29", "confidence": "high", "confidence_note": "Capacity field populated with the first-named facility's figure (72); full per-facility breakdown given in damage_detail.", "density": "1", "effective_sources": "1", "independent_origins": "1", "origin": "media_own", "origin_note": "single outlet", "corroboration": "single_source", "evidence_quote": "The Pokhara Academy of Health Science can accommodate 72 bodies, Nepal Manipal Teaching Hospital eight, and Gandaki Medical College, Fishtail Hospital, Charak Memorial Hospital and Fewa City Hospital two each.", "evidence_quote_en": "", "temporal_contamination_flag": "False", "sector": "health_facility", "asset_name": "Pokhara Academy of Health Science, Nepal Manipal Teaching Hospital, Gandaki Medical College, Fishtail Hospital, Charak Memorial Hospital, Fewa City Hospital", "status": "functional", "capacity": "72.0", "unit": "bodies", "damage_detail": "Pokhara Academy of Health Science 72; Nepal Manipal Teaching Hospital 8; Gandaki Medical College, Fishtail Hospital, Charak Memorial Hospital and Fewa City Hospital 2 each", "source_outlets": "ANI News", "source_outlet_count": 1, "entity_key": "Pokhara Academy of Health Science, Nepal Manipal Teaching Hospital, Gandaki Medical College, Fishtail Hospital, Charak Memorial Hospital, Fewa City Hospital|health_facility", "geo_resolution": "district", "geo_statement": "Located to Kaski district only — the source names a place we could not resolve", "geo_match_name": null, "geo_match_osm_id": null, "geo_anchor_id": "79688334B51705960872508", "geo_anchor_name": "Kaski"}, "geometry": {"type": "Point", "coordinates": [83.98696603706088, 28.412436357031254]}}, {"type": "Feature", "properties": {"record_id": "aa26921ae7630984", "table": "infrastructure", "location_raw": "Kavrepalanchok", "location_ne": "", "admin_level": "district", "district": "Kavrepalanchok", "province": "Bagmati", "geo_basis": "text_explicit", "as_of": "2026-08-27", "as_of_basis": "stated", "first_reported": "2026-08-28", "last_reported": "2026-08-28", "confidence": "high", "confidence_note": "Named facility, district, and capacity all explicit.", "density": "1", "effective_sources": "1", "independent_origins": "1", "origin": "media_own", "origin_note": "single outlet", "corroboration": "single_source", "evidence_quote": "Dhulikhel Hospital, a 475-bed facility in Kavrepalanchok east of Kathmandu, deployed medical staff on Thursday equipped with Direct Relief field medic packs and emergency supplies.", "evidence_quote_en": "", "temporal_contamination_flag": "", "sector": "health_facility", "asset_name": "Dhulikhel Hospital", "status": "functional", "capacity": "475.0", "unit": "beds", "damage_detail": "", "source_outlets": "Direct Relief", "source_outlet_count": 1, "entity_key": "Dhulikhel Hospital|health_facility", "geo_resolution": "district", "geo_statement": "Located to Kabherepalanchok district only", "geo_match_name": null, "geo_match_osm_id": null, "geo_anchor_id": "79688334B6633706619717", "geo_anchor_name": "Kabherepalanchok"}, "geometry": {"type": "Point", "coordinates": [85.60127411023883, 27.54617456460494]}}, {"type": "Feature", "properties": {"record_id": "3aa46aa15b21b822", "table": "infrastructure", "location_raw": "Betrawati Bazaar", "location_ne": "", "admin_level": "settlement", "district": "Nuwakot", "province": "Bagmati", "geo_basis": "text_explicit", "as_of": "2026-08-26", "as_of_basis": "inferred_from_text", "first_reported": "2026-08-29", "last_reported": "2026-08-30", "confidence": "high", "confidence_note": "Named settlement, direct eyewitness account of 'the day of the flood' (26 Aug).", "density": "2", "effective_sources": "1", "independent_origins": "1", "origin": "media_own", "origin_note": "single outlet", "corroboration": "syndicated", "evidence_quote": "But within seconds, Betrawati Bazaar had turned into a riverbed. The road used by vehicles was swept away.", "evidence_quote_en": "", "temporal_contamination_flag": "", "sector": "road", "asset_name": "", "status": "destroyed", "capacity": "", "unit": "", "damage_detail": "road used by vehicles swept away", "source_outlets": "Inquirer.net; The Kathmandu Post", "source_outlet_count": 2, "entity_key": "Betrawati Bazaar|road", "geo_resolution": "district", "geo_statement": "Located to Nuwakot district only — the source names a place we could not resolve", "geo_match_name": null, "geo_match_osm_id": null, "geo_anchor_id": "79688334B17077666187877", "geo_anchor_name": "Nuwakot"}, "geometry": {"type": "Point", "coordinates": [85.20729652963067, 27.936643231647253]}}, {"type": "Feature", "properties": {"record_id": "34fd0b67bca14e38", "table": "infrastructure", "location_raw": "Betrawati Bazaar", "location_ne": "", "admin_level": "settlement", "district": "Nuwakot", "province": "Bagmati", "geo_basis": "text_adjacent", "as_of": "2026-08-26", "as_of_basis": "inferred_from_text", "first_reported": "2026-08-29", "last_reported": "2026-08-30", "confidence": "medium", "confidence_note": "Quote does not re-name the school, but article establishes Uttargaya Public Secondary School as 'the school' in the same Betrawati Bazaar area earlier in the piece.", "density": "2", "effective_sources": "1", "independent_origins": "1", "origin": "media_own", "origin_note": "single outlet", "corroboration": "syndicated", "evidence_quote": "The school was submerged and school buses were buried.", "evidence_quote_en": "", "temporal_contamination_flag": "", "sector": "school", "asset_name": "Uttargaya Public Secondary School", "status": "damaged", "capacity": "", "unit": "", "damage_detail": "school was submerged and school buses were buried", "source_outlets": "Inquirer.net; The Kathmandu Post", "source_outlet_count": 2, "entity_key": "Uttargaya Public Secondary School|school", "geo_resolution": "district", "geo_statement": "Located to Nuwakot district only — the source names a place we could not resolve", "geo_match_name": null, "geo_match_osm_id": null, "geo_anchor_id": "79688334B17077666187877", "geo_anchor_name": "Nuwakot"}, "geometry": {"type": "Point", "coordinates": [85.20729652963067, 27.936643231647253]}}, {"type": "Feature", "properties": {"record_id": "556810a61d58a17b", "table": "infrastructure", "location_raw": "Nuwakot region", "location_ne": "", "admin_level": "district", "district": "Nuwakot", "province": "Bagmati", "geo_basis": "text_explicit", "as_of": "2026-08-26", "as_of_basis": "inferred_from_text", "first_reported": "2026-08-28", "last_reported": "2026-08-28", "confidence": "medium", "confidence_note": "Nuwakot named explicitly; date inferred as the Wednesday flood event date from surrounding text.", "density": "1", "effective_sources": "1", "independent_origins": "1", "origin": "media_own", "origin_note": "single outlet", "corroboration": "single_source", "evidence_quote": "Footage showed a wall of mud and rock sweeping away buildings, roads and vehicles as people fled in the Nuwakot region.", "evidence_quote_en": "", "temporal_contamination_flag": "False", "sector": "road", "asset_name": "", "status": "destroyed", "capacity": "", "unit": "", "damage_detail": "wall of mud and rock swept away buildings, roads and vehicles", "source_outlets": "BBC", "source_outlet_count": 1, "entity_key": "Nuwakot region|road", "geo_resolution": "district", "geo_statement": "Located to Nuwakot district only", "geo_match_name": null, "geo_match_osm_id": null, "geo_anchor_id": "79688334B17077666187877", "geo_anchor_name": "Nuwakot"}, "geometry": {"type": "Point", "coordinates": [85.20729652963067, 27.936643231647253]}}, {"type": "Feature", "properties": {"record_id": "e7a0414c9e285026", "table": "infrastructure", "location_raw": "Trishuli, Nuwakot", "location_ne": "", "admin_level": "settlement", "district": "Nuwakot", "province": "Bagmati", "geo_basis": "text_adjacent", "as_of": "2026-08-26", "as_of_basis": "inferred_from_text", "first_reported": "2026-08-30", "last_reported": "2026-08-30", "confidence": "medium", "confidence_note": "School named (Tribhuvan Secondary Co-Educational School) but district inferred from adjacent mention of Trishuli-area residents in the article, not stated directly for the school itself.", "density": "1", "effective_sources": "1", "independent_origins": "1", "origin": "media_own", "origin_note": "single outlet", "corroboration": "single_source", "evidence_quote": "The school has around 1,600 students. According to Dawadi, the school was swept away by the floods right before their eyes, although all the children were rescued safely.", "evidence_quote_en": "", "temporal_contamination_flag": "False", "sector": "school", "asset_name": "Tribhuvan Secondary Co-Educational School", "status": "destroyed", "capacity": "1600.0", "unit": "students", "damage_detail": "school swept away by floods; all children rescued safely", "source_outlets": "Bhaskar English", "source_outlet_count": 1, "entity_key": "Tribhuvan Secondary Co-Educational School|school", "geo_resolution": "district", "geo_statement": "Located to Nuwakot district only — the source names a place we could not resolve", "geo_match_name": null, "geo_match_osm_id": null, "geo_anchor_id": "79688334B17077666187877", "geo_anchor_name": "Nuwakot"}, "geometry": {"type": "Point", "coordinates": [85.20729652963067, 27.936643231647253]}}, {"type": "Feature", "properties": {"record_id": "c12d235b1ae36e37", "table": "infrastructure", "location_raw": "Trishuli market, Nuwakot", "location_ne": "", "admin_level": "settlement", "district": "Nuwakot", "province": "Bagmati", "geo_basis": "text_adjacent", "as_of": "2026-08-26", "as_of_basis": "inferred_from_text", "first_reported": "2026-08-30", "last_reported": "2026-08-30", "confidence": "medium", "confidence_note": "Location named directly (Trishuli market); district inferred from context.", "density": "1", "effective_sources": "1", "independent_origins": "1", "origin": "media_own", "origin_note": "single outlet", "corroboration": "single_source", "evidence_quote": "Sahani took a photograph at 9:36 am showing floodwaters moving towards Trishuli market. Just two minutes later, at 9:38 am, another photograph showed the entire Trishuli market swept away by the flood.", "evidence_quote_en": "", "temporal_contamination_flag": "False", "sector": "other", "asset_name": "", "status": "destroyed", "capacity": "", "unit": "", "damage_detail": "entire market swept away by the flood within two minutes", "source_outlets": "Bhaskar English", "source_outlet_count": 1, "entity_key": "Trishuli market, Nuwakot|other", "geo_resolution": "district", "geo_statement": "Located to Nuwakot district only — the source names a place we could not resolve", "geo_match_name": null, "geo_match_osm_id": null, "geo_anchor_id": "79688334B17077666187877", "geo_anchor_name": "Nuwakot"}, "geometry": {"type": "Point", "coordinates": [85.20729652963067, 27.936643231647253]}}, {"type": "Feature", "properties": {"record_id": "9848c600497ce50b", "table": "infrastructure", "location_raw": "Betrawati monitoring station", "location_ne": "", "admin_level": "settlement", "district": "Nuwakot", "province": "Bagmati", "geo_basis": "text_explicit", "as_of": "2026-08-26", "as_of_basis": "inferred_from_text", "first_reported": "2026-08-30", "last_reported": "2026-08-30", "confidence": "high", "confidence_note": "Station and its district both named directly.", "density": "1", "effective_sources": "1", "independent_origins": "1", "origin": "media_own", "origin_note": "single outlet", "corroboration": "single_source", "evidence_quote": "Four of the region’s own river-monitoring stations were themselves swept away by the flood they were meant to detect. These included those at Rasuwa’s Bhote Koshi and Syabrubesi points and at Nuwakot’s Betrawati and Dhading’s Malekhu.", "evidence_quote_en": "", "temporal_contamination_flag": "", "sector": "other", "asset_name": "Betrawati monitoring station", "status": "destroyed", "capacity": "", "unit": "", "damage_detail": "swept away by the flood they were meant to detect", "source_outlets": "NepalNews", "source_outlet_count": 1, "entity_key": "Betrawati monitoring station|other", "geo_resolution": "district", "geo_statement": "Located to Nuwakot district only — the source names a place we could not resolve", "geo_match_name": null, "geo_match_osm_id": null, "geo_anchor_id": "79688334B17077666187877", "geo_anchor_name": "Nuwakot"}, "geometry": {"type": "Point", "coordinates": [85.20729652963067, 27.936643231647253]}}, {"type": "Feature", "properties": {"record_id": "bfb040c906d0fd90", "table": "infrastructure", "location_raw": "Tribhuvan Trishuli Secondary School", "location_ne": "", "admin_level": "settlement", "district": "Nuwakot", "province": "Bagmati", "geo_basis": "text_explicit", "as_of": "2026-08-26", "as_of_basis": "inferred_from_text", "first_reported": "2026-08-29", "last_reported": "2026-08-30", "confidence": "high", "confidence_note": "School named directly in Nuwakot district.", "density": "3", "effective_sources": "3", "independent_origins": "3", "origin": "unattributed", "origin_note": "3 outlets, no reporting body named; independence not established", "corroboration": "independent", "evidence_quote": "Minutes later, the flood tore through the valley, destroying buildings, bridges and the school itself.", "evidence_quote_en": "", "temporal_contamination_flag": "", "sector": "school", "asset_name": "Tribhuvan Trishuli Secondary School", "status": "destroyed", "capacity": "", "unit": "", "damage_detail": "", "source_outlets": "Setopati; Gulf News; The Daily Jagran", "source_outlet_count": 3, "entity_key": "Tribhuvan Trishuli Secondary School|school", "geo_resolution": "district", "geo_statement": "Located to Nuwakot district only — the source names a place we could not resolve", "geo_match_name": null, "geo_match_osm_id": null, "geo_anchor_id": "79688334B17077666187877", "geo_anchor_name": "Nuwakot"}, "geometry": {"type": "Point", "coordinates": [85.20729652963067, 27.936643231647253]}}, {"type": "Feature", "properties": {"record_id": "10f2c58a4c64b99b", "table": "infrastructure", "location_raw": "Nuwakot district (valley near Tribhuvan Trishuli Secondary School)", "location_ne": "", "admin_level": "district", "district": "Nuwakot", "province": "Bagmati", "geo_basis": "text_adjacent", "as_of": "2026-08-26", "as_of_basis": "inferred_from_text", "first_reported": "2026-08-28", "last_reported": "2026-08-30", "confidence": "low", "confidence_note": "No bridge named; district inferred from adjacent school location.", "density": "2", "effective_sources": "2", "independent_origins": "2", "origin": "unattributed", "origin_note": "2 outlets, no reporting body named; independence not established", "corroboration": "independent", "evidence_quote": "Minutes later, the flood tore through the valley, destroying buildings, bridges and the school itself.", "evidence_quote_en": "", "temporal_contamination_flag": "", "sector": "bridge", "asset_name": "", "status": "destroyed", "capacity": "", "unit": "", "damage_detail": "bridges destroyed as flood tore through the valley", "source_outlets": "Moneycontrol.com; Gulf News", "source_outlet_count": 2, "entity_key": "Nuwakot district (valley near Tribhuvan Trishuli Secondary School)|bridge", "geo_resolution": "district", "geo_statement": "Located to Nuwakot district only", "geo_match_name": null, "geo_match_osm_id": null, "geo_anchor_id": "79688334B17077666187877", "geo_anchor_name": "Nuwakot"}, "geometry": {"type": "Point", "coordinates": [85.20729652963067, 27.936643231647253]}}, {"type": "Feature", "properties": {"record_id": "9a1a6e47c0b67e50", "table": "infrastructure", "location_raw": "Trishuli Hospital area", "location_ne": "", "admin_level": "settlement", "district": "Nuwakot", "province": "Bagmati", "geo_basis": "text_explicit", "as_of": "2026-08-26", "as_of_basis": "inferred_from_text", "first_reported": "2026-08-30", "last_reported": "2026-08-30", "confidence": "high", "confidence_note": "Named facility and district.", "density": "1", "effective_sources": "1", "independent_origins": "1", "origin": "media_own", "origin_note": "single outlet", "corroboration": "single_source", "evidence_quote": "the flood destroyed the canal that supplied drinking water to Trishuli Hospital and nearby settlements, while another pipeline through Tupche was also washed away.", "evidence_quote_en": "", "temporal_contamination_flag": "", "sector": "water", "asset_name": "canal supplying Trishuli Hospital", "status": "destroyed", "capacity": "", "unit": "", "damage_detail": "", "source_outlets": "India Today", "source_outlet_count": 1, "entity_key": "canal supplying Trishuli Hospital|water", "geo_resolution": "district", "geo_statement": "Located to Nuwakot district only — the source names a place we could not resolve", "geo_match_name": null, "geo_match_osm_id": null, "geo_anchor_id": "79688334B17077666187877", "geo_anchor_name": "Nuwakot"}, "geometry": {"type": "Point", "coordinates": [85.20729652963067, 27.936643231647253]}}, {"type": "Feature", "properties": {"record_id": "d173a44f6132a1b9", "table": "infrastructure", "location_raw": "Tupche", "location_ne": "", "admin_level": "settlement", "district": "Nuwakot", "province": "Bagmati", "geo_basis": "text_explicit", "as_of": "2026-08-26", "as_of_basis": "inferred_from_text", "first_reported": "2026-08-30", "last_reported": "2026-08-30", "confidence": "high", "confidence_note": "Named settlement in Nuwakot district.", "density": "1", "effective_sources": "1", "independent_origins": "1", "origin": "media_own", "origin_note": "single outlet", "corroboration": "single_source", "evidence_quote": "the flood destroyed the canal that supplied drinking water to Trishuli Hospital and nearby settlements, while another pipeline through Tupche was also washed away.", "evidence_quote_en": "", "temporal_contamination_flag": "", "sector": "water", "asset_name": "pipeline through Tupche", "status": "destroyed", "capacity": "", "unit": "", "damage_detail": "", "source_outlets": "India Today", "source_outlet_count": 1, "entity_key": "pipeline through Tupche|water", "geo_resolution": "point", "geo_statement": "Matched \"Tupche\" to a named OSM place in Nuwakot", "geo_match_name": "टुपचे", "geo_match_osm_id": "node/5063441751", "geo_anchor_id": null, "geo_anchor_name": null}, "geometry": {"type": "Point", "coordinates": [85.1522679, 27.9733619]}}, {"type": "Feature", "properties": {"record_id": "73e9295606211660", "table": "infrastructure", "location_raw": "Trishuli area", "location_ne": "", "admin_level": "settlement", "district": "Nuwakot", "province": "Bagmati", "geo_basis": "text_explicit", "as_of": "2026-08-26", "as_of_basis": "inferred_from_text", "first_reported": "2026-08-30", "last_reported": "2026-08-30", "confidence": "medium", "confidence_note": "", "density": "1", "effective_sources": "1", "independent_origins": "1", "origin": "media_own", "origin_note": "single outlet", "corroboration": "single_source", "evidence_quote": "He said about a dozen school buildings were also swept away.", "evidence_quote_en": "", "temporal_contamination_flag": "", "sector": "school", "asset_name": "", "status": "destroyed", "capacity": "", "unit": "", "damage_detail": "about a dozen school buildings were also swept away", "source_outlets": "India Today", "source_outlet_count": 1, "entity_key": "Trishuli area|school", "geo_resolution": "district", "geo_statement": "Located to Nuwakot district only — the source names a place we could not resolve", "geo_match_name": null, "geo_match_osm_id": null, "geo_anchor_id": "79688334B17077666187877", "geo_anchor_name": "Nuwakot"}, "geometry": {"type": "Point", "coordinates": [85.20729652963067, 27.936643231647253]}}, {"type": "Feature", "properties": {"record_id": "e76cf31019f6993a", "table": "infrastructure", "location_raw": "Trishuli", "location_ne": "", "admin_level": "settlement", "district": "Nuwakot", "province": "Bagmati", "geo_basis": "text_explicit", "as_of": "2026-08-26", "as_of_basis": "inferred_from_text", "first_reported": "2026-08-30", "last_reported": "2026-08-30", "confidence": "medium", "confidence_note": "", "density": "1", "effective_sources": "1", "independent_origins": "1", "origin": "media_own", "origin_note": "single outlet", "corroboration": "single_source", "evidence_quote": "He added that the Central Jail in Trishuli was also buried.", "evidence_quote_en": "", "temporal_contamination_flag": "", "sector": "other", "asset_name": "Central Jail, Trishuli", "status": "destroyed", "capacity": "", "unit": "", "damage_detail": "The Central Jail in Trishuli was also buried.", "source_outlets": "India Today", "source_outlet_count": 1, "entity_key": "Central Jail, Trishuli|other", "geo_resolution": "district", "geo_statement": "Located to Nuwakot district only — the source names a place we could not resolve", "geo_match_name": null, "geo_match_osm_id": null, "geo_anchor_id": "79688334B17077666187877", "geo_anchor_name": "Nuwakot"}, "geometry": {"type": "Point", "coordinates": [85.20729652963067, 27.936643231647253]}}, {"type": "Feature", "properties": {"record_id": "3112e3e4634b098e", "table": "infrastructure", "location_raw": "Trishuli Valley, Nuwakot", "location_ne": "", "admin_level": "settlement", "district": "Nuwakot", "province": "Bagmati", "geo_basis": "text_adjacent", "as_of": "2026-08-26", "as_of_basis": "inferred_from_text", "first_reported": "2026-08-30", "last_reported": "2026-08-30", "confidence": "medium", "confidence_note": "Temple identified as a Ram temple nearby in the same eyewitness account.", "density": "1", "effective_sources": "1", "independent_origins": "1", "origin": "media_own", "origin_note": "single outlet", "corroboration": "single_source", "evidence_quote": "A temple, school, and the entire marketplace was swept away leaving many people dead.", "evidence_quote_en": "", "temporal_contamination_flag": "", "sector": "other", "asset_name": "Ram temple", "status": "destroyed", "capacity": "", "unit": "", "damage_detail": "temple and marketplace swept away", "source_outlets": "The Daily Jagran", "source_outlet_count": 1, "entity_key": "Ram temple|other", "geo_resolution": "district", "geo_statement": "Located to Nuwakot district only — the source names a place we could not resolve", "geo_match_name": null, "geo_match_osm_id": null, "geo_anchor_id": "79688334B17077666187877", "geo_anchor_name": "Nuwakot"}, "geometry": {"type": "Point", "coordinates": [85.20729652963067, 27.936643231647253]}}, {"type": "Feature", "properties": {"record_id": "997cf65a3ae75594", "table": "infrastructure", "location_raw": "Devighat", "location_ne": "", "admin_level": "settlement", "district": "Nuwakot", "province": "Bagmati", "geo_basis": "text_explicit", "as_of": "2026-08-26", "as_of_basis": "inferred_from_text", "first_reported": "2026-08-28", "last_reported": "2026-08-31", "confidence": "high", "confidence_note": "Devighat named explicitly as the location of this eyewitness account.", "density": "2", "effective_sources": "2", "independent_origins": "2", "origin": "unattributed", "origin_note": "2 outlets, no reporting body named; independence not established", "corroboration": "independent", "evidence_quote": "Right before our eyes, the flood swept away houses. It swept away the market. It swept away the concrete bridge.", "evidence_quote_en": "", "temporal_contamination_flag": "False", "sector": "bridge", "asset_name": "", "status": "destroyed", "capacity": "", "unit": "", "damage_detail": "concrete bridge swept away", "source_outlets": "AOL.com; The Climate Watch", "source_outlet_count": 2, "entity_key": "Devighat|bridge", "geo_resolution": "point", "geo_statement": "Matched \"Devighat\" to a named OSM place in Nuwakot", "geo_match_name": "देवीघाट", "geo_match_osm_id": "node/4156044161", "geo_anchor_id": null, "geo_anchor_name": null}, "geometry": {"type": "Point", "coordinates": [85.1100635, 27.8600323]}}, {"type": "Feature", "properties": {"record_id": "0348e926b7595e4b", "table": "infrastructure", "location_raw": "Tribhuvan Trishuli secondary school area", "location_ne": "", "admin_level": "settlement", "district": "Nuwakot", "province": "Bagmati", "geo_basis": "text_adjacent", "as_of": "2026-08-26", "as_of_basis": "inferred_from_text", "first_reported": "2026-08-31", "last_reported": "2026-08-31", "confidence": "medium", "confidence_note": "Hostel located near the Nuwakot school named in the article; exact ownership/name not given.", "density": "1", "effective_sources": "1", "independent_origins": "1", "origin": "media_own", "origin_note": "single outlet", "corroboration": "single_source", "evidence_quote": "Dawadi said during the evacuation of the school he saw a hostel building about 100 metres from the river being engulfed by the torrent of flood water.", "evidence_quote_en": "", "temporal_contamination_flag": "False", "sector": "other", "asset_name": "", "status": "damaged", "capacity": "", "unit": "", "damage_detail": "hostel building about 100 metres from the river engulfed by the torrent of flood water", "source_outlets": "The Guardian", "source_outlet_count": 1, "entity_key": "Tribhuvan Trishuli secondary school area|other", "geo_resolution": "district", "geo_statement": "Located to Nuwakot district only — the source names a place we could not resolve", "geo_match_name": null, "geo_match_osm_id": null, "geo_anchor_id": "79688334B17077666187877", "geo_anchor_name": "Nuwakot"}, "geometry": {"type": "Point", "coordinates": [85.20729652963067, 27.936643231647253]}}, {"type": "Feature", "properties": {"record_id": "c7d3b3f893409684", "table": "infrastructure", "location_raw": "Upper Trishuli-1 site", "location_ne": "", "admin_level": "settlement", "district": "Nuwakot", "province": "Bagmati", "geo_basis": "gazetteer_match", "as_of": "2026-08-26", "as_of_basis": "inferred_from_text", "first_reported": "2026-08-31", "last_reported": "2026-08-31", "confidence": "medium", "confidence_note": "District inferred from cross-referenced project location; not explicitly stated in this article.", "density": "1", "effective_sources": "1", "independent_origins": "1", "origin": "media_own", "origin_note": "single outlet", "corroboration": "single_source", "evidence_quote": "raging water swamped the Upper Trishuli-1 site, where he was working.", "evidence_quote_en": "", "temporal_contamination_flag": "False", "sector": "power", "asset_name": "", "status": "damaged", "capacity": "", "unit": "", "damage_detail": "the turbine floor was submerged with slush", "source_outlets": "NST Online", "source_outlet_count": 1, "entity_key": "Upper Trishuli-1 site|power", "geo_resolution": "district", "geo_statement": "Located to Nuwakot district only — the source names a place we could not resolve", "geo_match_name": null, "geo_match_osm_id": null, "geo_anchor_id": "79688334B17077666187877", "geo_anchor_name": "Nuwakot"}, "geometry": {"type": "Point", "coordinates": [85.20729652963067, 27.936643231647253]}}, {"type": "Feature", "properties": {"record_id": "e36e5bc72c1ec8f3", "table": "infrastructure", "location_raw": "Betrawati", "location_ne": "", "admin_level": "settlement", "district": "Nuwakot", "province": "Bagmati", "geo_basis": "text_explicit", "as_of": "2026-08-26", "as_of_basis": "inferred_from_text", "first_reported": "2026-08-28", "last_reported": "2026-08-28", "confidence": "medium", "confidence_note": "Station location named directly; exact district not stated in this passage.", "density": "1", "effective_sources": "1", "independent_origins": "1", "origin": "media_own", "origin_note": "single outlet", "corroboration": "single_source", "evidence_quote": "Automated monitoring stations at Syabrubesi, Betrawati and Malekhu stopped transmitting as the flood swept through.", "evidence_quote_en": "", "temporal_contamination_flag": "", "sector": "other", "asset_name": "Automated flood monitoring station, Betrawati", "status": "non_functional", "capacity": "", "unit": "", "damage_detail": "stopped transmitting as the flood swept through", "source_outlets": "Open Magazine", "source_outlet_count": 1, "entity_key": "Automated flood monitoring station, Betrawati|other", "geo_resolution": "point", "geo_statement": "Matched \"Betrawati\" to a named OSM place in Nuwakot", "geo_match_name": "बेत्रावती", "geo_match_osm_id": "node/268864226", "geo_anchor_id": null, "geo_anchor_name": null}, "geometry": {"type": "Point", "coordinates": [85.1859528, 27.9731085]}}, {"type": "Feature", "properties": {"record_id": "10938d027c26b08b", "table": "infrastructure", "location_raw": "ढुंगे बजार", "location_ne": "", "admin_level": "settlement", "district": "Nuwakot", "province": "Bagmati", "geo_basis": "text_explicit", "as_of": "2026-08-26", "as_of_basis": "stated", "first_reported": "2026-08-28", "last_reported": "2026-08-28", "confidence": "high", "confidence_note": "Named market settlement, district explicit.", "density": "1", "effective_sources": "1", "independent_origins": "1", "origin": "media_own", "origin_note": "single outlet", "corroboration": "single_source", "evidence_quote": "यो क्षेत्रका अधिकांश पसल सडक र व्यापारिक संरचना ध्वस्त भएका छन् ।", "evidence_quote_en": "", "temporal_contamination_flag": "", "sector": "other", "asset_name": "", "status": "destroyed", "capacity": "", "unit": "", "damage_detail": "अधिकांश पसल, सडक र व्यापारिक संरचना ध्वस्त (most shops, road, and commercial structures destroyed)", "source_outlets": "Onlinekhabar", "source_outlet_count": 1, "entity_key": "ढुंगे बजार|other", "geo_resolution": "district", "geo_statement": "Located to Nuwakot district only — the source names a place we could not resolve", "geo_match_name": null, "geo_match_osm_id": null, "geo_anchor_id": "79688334B17077666187877", "geo_anchor_name": "Nuwakot"}, "geometry": {"type": "Point", "coordinates": [85.20729652963067, 27.936643231647253]}}, {"type": "Feature", "properties": {"record_id": "55149b2316e0d945", "table": "infrastructure", "location_raw": "Trishuli", "location_ne": "", "admin_level": "settlement", "district": "Nuwakot", "province": "Bagmati", "geo_basis": "text_explicit", "as_of": "2026-08-26", "as_of_basis": "inferred_from_text", "first_reported": "2026-08-28", "last_reported": "2026-08-28", "confidence": "medium", "confidence_note": "Location given as 'Trishuli' without further specification; treated as Nuwakot's Trishuli area based on article context.", "density": "1", "effective_sources": "1", "independent_origins": "1", "origin": "media_own", "origin_note": "single outlet", "corroboration": "single_source", "evidence_quote": "The Kathmandu Post reported that the Trishuli hydropower station was washed away as well.", "evidence_quote_en": "", "temporal_contamination_flag": "False", "sector": "power", "asset_name": "Trishuli hydropower station", "status": "destroyed", "capacity": "", "unit": "", "damage_detail": "washed away", "source_outlets": "Moneycontrol.com", "source_outlet_count": 1, "entity_key": "Trishuli hydropower station|power", "geo_resolution": "point", "geo_statement": "Matched \"Trishuli hydropower station\" to a named OSM facilitie in Nuwakot", "geo_match_name": "Trishuli Hydropower Station", "geo_match_osm_id": "relation/5143911", "geo_anchor_id": null, "geo_anchor_name": null}, "geometry": {"type": "Point", "coordinates": [85.1459943, 27.9214787]}}, {"type": "Feature", "properties": {"record_id": "59009d4f15c0ed9d", "table": "infrastructure", "location_raw": "Tadi River bridges, Devighat", "location_ne": "", "admin_level": "settlement", "district": "Nuwakot", "province": "Bagmati", "geo_basis": "text_explicit", "as_of": "2026-08-26", "as_of_basis": "stated", "first_reported": "2026-08-28", "last_reported": "2026-08-28", "confidence": "high", "confidence_note": "Two named bridges on the Tadi River explicitly counted.", "density": "1", "effective_sources": "1", "independent_origins": "1", "origin": "media_own", "origin_note": "single outlet", "corroboration": "single_source", "evidence_quote": "Two bridges crossing the Tadi River were destroyed, while another bridge further downstream was also washed away, leaving Devighat largely cut off by road.", "evidence_quote_en": "", "temporal_contamination_flag": "False", "sector": "bridge", "asset_name": "", "status": "destroyed", "capacity": "2.0", "unit": "bridges", "damage_detail": "another bridge further downstream was also washed away, leaving Devighat largely cut off by road", "source_outlets": "OnlineKhabar English News", "source_outlet_count": 1, "entity_key": "Tadi River bridges, Devighat|bridge", "geo_resolution": "point", "geo_statement": "Matched \"Devighat\" to a named OSM place in Nuwakot", "geo_match_name": "देवीघाट", "geo_match_osm_id": "node/4156044161", "geo_anchor_id": null, "geo_anchor_name": null}, "geometry": {"type": "Point", "coordinates": [85.1100635, 27.8600323]}}, {"type": "Feature", "properties": {"record_id": "711a0515de261881", "table": "infrastructure", "location_raw": "Devighat", "location_ne": "", "admin_level": "settlement", "district": "Nuwakot", "province": "Bagmati", "geo_basis": "text_explicit", "as_of": "2026-08-26", "as_of_basis": "stated", "first_reported": "2026-08-28", "last_reported": "2026-08-28", "confidence": "high", "confidence_note": "Named site (ashram) and location (Devighat) explicit.", "density": "1", "effective_sources": "1", "independent_origins": "1", "origin": "media_own", "origin_note": "single outlet", "corroboration": "single_source", "evidence_quote": "The flood also inundated an ashram in Devighat, where rescue operations continued from the morning of Bhadra 10 until late at night.", "evidence_quote_en": "", "temporal_contamination_flag": "False", "sector": "other", "asset_name": "ashram", "status": "damaged", "capacity": "", "unit": "", "damage_detail": "inundated", "source_outlets": "OnlineKhabar English News", "source_outlet_count": 1, "entity_key": "ashram|other", "geo_resolution": "point", "geo_statement": "Matched \"Devighat\" to a named OSM place in Nuwakot", "geo_match_name": "देवीघाट", "geo_match_osm_id": "node/4156044161", "geo_anchor_id": null, "geo_anchor_name": null}, "geometry": {"type": "Point", "coordinates": [85.1100635, 27.8600323]}}, {"type": "Feature", "properties": {"record_id": "af1aee5e836fd610", "table": "infrastructure", "location_raw": "बेत्रावती पुल", "location_ne": "", "admin_level": "settlement", "district": "Nuwakot", "province": "Bagmati", "geo_basis": "text_explicit", "as_of": "2026-08-26", "as_of_basis": "stated", "first_reported": "2026-08-28", "last_reported": "2026-08-28", "confidence": "high", "confidence_note": "Bridge and location explicitly named; date grounded via \"Bhadra 10\" which maps to 26 Aug 2026 per event start stated elsewhere in shard.", "density": "1", "effective_sources": "1", "independent_origins": "1", "origin": "media_own", "origin_note": "single outlet", "corroboration": "single_source", "evidence_quote": "पासांगल्हामु राजमार्ग के अंतर्गत नुवाकोट और रसुवा को जोड़ने वाला मुख्य प्रवेश द्वार बेत्रावती पुल माना जाता था। भाद्र 10 को तिब्बत का हिमनताल फूटकर भोटेकोशी होते हुए त्रिशूली में विनाशकारी बाढ़ आने के बाद से उक्त पुल का बुधवार के बाद से कोई नामोनिशान नहीं है।", "evidence_quote_en": "The Betrawati Bridge, the main entry point connecting Nuwakot and Rasuwa on the Pasang Lhamu Highway, has had no trace since Wednesday, after Tibet's glacial lake burst on Bhadra 10 and caused a devastating flood via Bhotekoshi into the Trishuli.", "temporal_contamination_flag": "False", "sector": "bridge", "asset_name": "Betrawati Bridge (Pasang Lhamu Highway)", "status": "destroyed", "capacity": "", "unit": "", "damage_detail": "bridge connecting Nuwakot and Rasuwa completely gone since Wednesday flood", "source_outlets": "Ratopati", "source_outlet_count": 1, "entity_key": "Betrawati Bridge (Pasang Lhamu Highway)|bridge", "geo_resolution": "district", "geo_statement": "Located to Nuwakot district only — the source names a place we could not resolve", "geo_match_name": null, "geo_match_osm_id": null, "geo_anchor_id": "79688334B17077666187877", "geo_anchor_name": "Nuwakot"}, "geometry": {"type": "Point", "coordinates": [85.20729652963067, 27.936643231647253]}}, {"type": "Feature", "properties": {"record_id": "82081b216ae0d175", "table": "infrastructure", "location_raw": "Nuwakot", "location_ne": "", "admin_level": "district", "district": "Nuwakot", "province": "Bagmati", "geo_basis": "text_explicit", "as_of": "2026-08-27", "as_of_basis": "stated", "first_reported": "2026-08-28", "last_reported": "2026-08-30", "confidence": "medium", "confidence_note": "District explicit; no specific asset or number given.", "density": "7", "effective_sources": "7", "independent_origins": "7", "origin": "unattributed", "origin_note": "7 outlets, no reporting body named; independence not established", "corroboration": "independent", "evidence_quote": "one of the worst-affected areas of Nuwakot continues to grapple with damaged infrastructure, blocked roads, displaced residents", "evidence_quote_en": "", "temporal_contamination_flag": "", "sector": "road", "asset_name": "", "status": "damaged", "capacity": "", "unit": "", "damage_detail": "damaged infrastructure, blocked roads, displaced residents", "source_outlets": "The Hindu; BBC; TradeArabia; Yahoo News Australia; Nation Thailand; nepyork; SKNVibes", "source_outlet_count": 7, "entity_key": "Nuwakot|road", "geo_resolution": "district", "geo_statement": "Located to Nuwakot district only", "geo_match_name": null, "geo_match_osm_id": null, "geo_anchor_id": "79688334B17077666187877", "geo_anchor_name": "Nuwakot"}, "geometry": {"type": "Point", "coordinates": [85.20729652963067, 27.936643231647253]}}, {"type": "Feature", "properties": {"record_id": "bf31d338b1a8e06a", "table": "infrastructure", "location_raw": "Bidur", "location_ne": "", "admin_level": "municipality", "district": "Nuwakot", "province": "Bagmati", "geo_basis": "text_explicit", "as_of": "2026-08-27", "as_of_basis": "inferred_from_text", "first_reported": "2026-08-30", "last_reported": "2026-08-30", "confidence": "medium", "confidence_note": "'Thursday' inferred as Aug 27, the day after the Wednesday Aug 26 flood.", "density": "1", "effective_sources": "1", "independent_origins": "1", "origin": "media_own", "origin_note": "single outlet", "corroboration": "single_source", "evidence_quote": "Power came back on Thursday.", "evidence_quote_en": "", "temporal_contamination_flag": "", "sector": "power", "asset_name": "", "status": "restored", "capacity": "", "unit": "", "damage_detail": "", "source_outlets": "Korea JoongAng Daily", "source_outlet_count": 1, "entity_key": "Bidur|power", "geo_resolution": "point", "geo_statement": "Matched \"Bidur\" to a named OSM place in Nuwakot", "geo_match_name": "बिदुर", "geo_match_osm_id": "node/3499801960", "geo_anchor_id": null, "geo_anchor_name": null}, "geometry": {"type": "Point", "coordinates": [85.146446, 27.89526]}}, {"type": "Feature", "properties": {"record_id": "5fe9d2000b263610", "table": "infrastructure", "location_raw": "देवीघाट", "location_ne": "", "admin_level": "settlement", "district": "Nuwakot", "province": "Bagmati", "geo_basis": "text_explicit", "as_of": "2026-08-27", "as_of_basis": "article_date", "first_reported": "2026-08-28", "last_reported": "2026-08-28", "confidence": "low", "confidence_note": "Named project; exact district not given in this passage.", "density": "1", "effective_sources": "1", "independent_origins": "1", "origin": "media_own", "origin_note": "single outlet", "corroboration": "single_source", "evidence_quote": "लगभग 35 मोटर वाहन पुल, 45 झूला पुल और त्रिशूली व देवीघाट जैसी प्रमुख जलविद्युत परियोजनाओं को भारी नुकसान पहुंचा है.", "evidence_quote_en": "About 35 motor-vehicle bridges, 45 suspension bridges, and major hydropower projects like Trishuli and Devighat suffered heavy damage.", "temporal_contamination_flag": "", "sector": "power", "asset_name": "Devighat hydropower project", "status": "damaged", "capacity": "", "unit": "", "damage_detail": "देवीघाट जैसी प्रमुख जलविद्युत परियोजनाओं को भारी नुकसान पहुंचा है", "source_outlets": "LatestLY", "source_outlet_count": 1, "entity_key": "Devighat hydropower project|power", "geo_resolution": "point", "geo_statement": "Matched \"देवीघाट\" to a named OSM place in Nuwakot", "geo_match_name": "देवीघाट", "geo_match_osm_id": "node/4156044161", "geo_anchor_id": null, "geo_anchor_name": null}, "geometry": {"type": "Point", "coordinates": [85.1100635, 27.8600323]}}, {"type": "Feature", "properties": {"record_id": "845e21663c830049", "table": "infrastructure", "location_raw": "Betrawati", "location_ne": "", "admin_level": "settlement", "district": "Nuwakot", "province": "Bagmati", "geo_basis": "text_explicit", "as_of": "2026-08-28", "as_of_basis": "inferred_from_text", "first_reported": "2026-08-29", "last_reported": "2026-08-30", "confidence": "medium", "confidence_note": "Betrawati identified as part of Nuwakot district throughout the article (e.g. \"ward 10 of Bidur Municipality\"); as of Friday (article describes Friday scenes).", "density": "2", "effective_sources": "2", "independent_origins": "2", "origin": "unattributed", "origin_note": "2 outlets, no reporting body named; independence not established", "corroboration": "independent", "evidence_quote": "The market town’s iconic bridge is now gone, along with much of what made Betrawati a habitat.", "evidence_quote_en": "", "temporal_contamination_flag": "", "sector": "bridge", "asset_name": "", "status": "destroyed", "capacity": "", "unit": "", "damage_detail": "the market town’s iconic bridge is now gone", "source_outlets": "The Kathmandu Post; Nepali Times", "source_outlet_count": 2, "entity_key": "Betrawati|bridge", "geo_resolution": "point", "geo_statement": "Matched \"Betrawati\" to a named OSM place in Nuwakot", "geo_match_name": "बेत्रावती", "geo_match_osm_id": "node/268864226", "geo_anchor_id": null, "geo_anchor_name": null}, "geometry": {"type": "Point", "coordinates": [85.1859528, 27.9731085]}}, {"type": "Feature", "properties": {"record_id": "a48ca11cdd5e294c", "table": "infrastructure", "location_raw": "Trishuli", "location_ne": "", "admin_level": "settlement", "district": "Nuwakot", "province": "Bagmati", "geo_basis": "text_explicit", "as_of": "2026-08-28", "as_of_basis": "inferred_from_text", "first_reported": "2026-08-30", "last_reported": "2026-08-30", "confidence": "medium", "confidence_note": "No named road; general statement about Trishuli town.", "density": "1", "effective_sources": "1", "independent_origins": "1", "origin": "media_own", "origin_note": "single outlet", "corroboration": "single_source", "evidence_quote": "Roads have vanished.", "evidence_quote_en": "", "temporal_contamination_flag": "False", "sector": "road", "asset_name": "", "status": "destroyed", "capacity": "", "unit": "", "damage_detail": "vanished", "source_outlets": "Bhaskar English", "source_outlet_count": 1, "entity_key": "Trishuli|road", "geo_resolution": "district", "geo_statement": "Located to Nuwakot district only — the source names a place we could not resolve", "geo_match_name": null, "geo_match_osm_id": null, "geo_anchor_id": "79688334B17077666187877", "geo_anchor_name": "Nuwakot"}, "geometry": {"type": "Point", "coordinates": [85.20729652963067, 27.936643231647253]}}, {"type": "Feature", "properties": {"record_id": "d41f05f208932700", "table": "infrastructure", "location_raw": "Trishuli", "location_ne": "", "admin_level": "settlement", "district": "Nuwakot", "province": "Bagmati", "geo_basis": "text_explicit", "as_of": "2026-08-28", "as_of_basis": "inferred_from_text", "first_reported": "2026-08-30", "last_reported": "2026-08-30", "confidence": "medium", "confidence_note": "Unnamed schools in Trishuli.", "density": "1", "effective_sources": "1", "independent_origins": "1", "origin": "media_own", "origin_note": "single outlet", "corroboration": "single_source", "evidence_quote": "Homes, shops, schools, a hospital, the Forest Department office and banks are buried under the debris.", "evidence_quote_en": "", "temporal_contamination_flag": "False", "sector": "school", "asset_name": "", "status": "damaged", "capacity": "", "unit": "", "damage_detail": "buried under the debris", "source_outlets": "Bhaskar English", "source_outlet_count": 1, "entity_key": "Trishuli|school", "geo_resolution": "district", "geo_statement": "Located to Nuwakot district only — the source names a place we could not resolve", "geo_match_name": null, "geo_match_osm_id": null, "geo_anchor_id": "79688334B17077666187877", "geo_anchor_name": "Nuwakot"}, "geometry": {"type": "Point", "coordinates": [85.20729652963067, 27.936643231647253]}}, {"type": "Feature", "properties": {"record_id": "459d9765cceeb949", "table": "infrastructure", "location_raw": "Trishuli", "location_ne": "", "admin_level": "settlement", "district": "Nuwakot", "province": "Bagmati", "geo_basis": "text_explicit", "as_of": "2026-08-28", "as_of_basis": "inferred_from_text", "first_reported": "2026-08-30", "last_reported": "2026-08-30", "confidence": "medium", "confidence_note": "Unnamed hospital in Trishuli.", "density": "1", "effective_sources": "1", "independent_origins": "1", "origin": "media_own", "origin_note": "single outlet", "corroboration": "single_source", "evidence_quote": "Homes, shops, schools, a hospital, the Forest Department office and banks are buried under the debris.", "evidence_quote_en": "", "temporal_contamination_flag": "False", "sector": "health_facility", "asset_name": "", "status": "damaged", "capacity": "", "unit": "", "damage_detail": "buried under the debris", "source_outlets": "Bhaskar English", "source_outlet_count": 1, "entity_key": "Trishuli|health_facility", "geo_resolution": "district", "geo_statement": "Located to Nuwakot district only — the source names a place we could not resolve", "geo_match_name": null, "geo_match_osm_id": null, "geo_anchor_id": "79688334B17077666187877", "geo_anchor_name": "Nuwakot"}, "geometry": {"type": "Point", "coordinates": [85.20729652963067, 27.936643231647253]}}, {"type": "Feature", "properties": {"record_id": "526b76a65efb50c4", "table": "infrastructure", "location_raw": "Trishuli", "location_ne": "", "admin_level": "settlement", "district": "Nuwakot", "province": "Bagmati", "geo_basis": "text_explicit", "as_of": "2026-08-28", "as_of_basis": "inferred_from_text", "first_reported": "2026-08-30", "last_reported": "2026-08-30", "confidence": "medium", "confidence_note": "Unnamed bridge referenced by reporter visiting Trishuli.", "density": "1", "effective_sources": "1", "independent_origins": "1", "origin": "media_own", "origin_note": "single outlet", "corroboration": "single_source", "evidence_quote": "Floodwaters swept this bridge away", "evidence_quote_en": "", "temporal_contamination_flag": "False", "sector": "bridge", "asset_name": "", "status": "destroyed", "capacity": "", "unit": "", "damage_detail": "swept away", "source_outlets": "Bhaskar English", "source_outlet_count": 1, "entity_key": "Trishuli|bridge", "geo_resolution": "district", "geo_statement": "Located to Nuwakot district only — the source names a place we could not resolve", "geo_match_name": null, "geo_match_osm_id": null, "geo_anchor_id": "79688334B17077666187877", "geo_anchor_name": "Nuwakot"}, "geometry": {"type": "Point", "coordinates": [85.20729652963067, 27.936643231647253]}}, {"type": "Feature", "properties": {"record_id": "02cbaf013c093ec7", "table": "infrastructure", "location_raw": "Devighat", "location_ne": "", "admin_level": "settlement", "district": "Nuwakot", "province": "Bagmati", "geo_basis": "text_explicit", "as_of": "2026-08-28", "as_of_basis": "inferred_from_text", "first_reported": "2026-08-31", "last_reported": "2026-08-31", "confidence": "medium", "confidence_note": "Photo caption naming settlement (Devighat is in Nuwakot); 'on Friday' dated as Aug 28.", "density": "1", "effective_sources": "1", "independent_origins": "1", "origin": "media_own", "origin_note": "single outlet", "corroboration": "single_source", "evidence_quote": "Houses damaged and partially submerged in thick mud and debris from the flood, in Devighat, Nepal, on Friday", "evidence_quote_en": "", "temporal_contamination_flag": "", "sector": "other", "asset_name": "", "status": "damaged", "capacity": "", "unit": "", "damage_detail": "houses partially submerged in thick mud and debris", "source_outlets": "The Japan Times", "source_outlet_count": 1, "entity_key": "Devighat|other", "geo_resolution": "point", "geo_statement": "Matched \"Devighat\" to a named OSM place in Nuwakot", "geo_match_name": "देवीघाट", "geo_match_osm_id": "node/4156044161", "geo_anchor_id": null, "geo_anchor_name": null}, "geometry": {"type": "Point", "coordinates": [85.1100635, 27.8600323]}}, {"type": "Feature", "properties": {"record_id": "f0a3709938eaf040", "table": "infrastructure", "location_raw": "नुवाकोट", "location_ne": "", "admin_level": "district", "district": "Nuwakot", "province": "Bagmati", "geo_basis": "text_explicit", "as_of": "2026-08-28", "as_of_basis": "article_date", "first_reported": "2026-08-28", "last_reported": "2026-08-31", "confidence": "medium", "confidence_note": "Article states entire settlements were wiped out by mud and debris in both districts; no separate per-district figure given.", "density": "2", "effective_sources": "2", "independent_origins": "2", "origin": "unattributed", "origin_note": "2 outlets, no reporting body named; independence not established", "corroboration": "independent", "evidence_quote": "रसुवा और नुवाकोट में पूरी की पूरी बस्तियां कीचड़ और मलबे ने साफ कर दी।", "evidence_quote_en": "", "temporal_contamination_flag": "False", "sector": "other", "asset_name": "", "status": "destroyed", "capacity": "", "unit": "", "damage_detail": "पूरी की पूरी बस्तियां कीचड़ और मलबे ने साफ कर दी", "source_outlets": "Head Topics; NST Online", "source_outlet_count": 2, "entity_key": "नुवाकोट|other", "geo_resolution": "district", "geo_statement": "Located to Nuwakot district only", "geo_match_name": null, "geo_match_osm_id": null, "geo_anchor_id": "79688334B17077666187877", "geo_anchor_name": "Nuwakot"}, "geometry": {"type": "Point", "coordinates": [85.20729652963067, 27.936643231647253]}}, {"type": "Feature", "properties": {"record_id": "8c9e6839808071c2", "table": "infrastructure", "location_raw": "बेत्रावली", "location_ne": "", "admin_level": "settlement", "district": "Nuwakot", "province": "Bagmati", "geo_basis": "gazetteer_match", "as_of": "2026-08-28", "as_of_basis": "article_date", "first_reported": "2026-08-28", "last_reported": "2026-08-28", "confidence": "medium", "confidence_note": "Betrawati is a known settlement in Nuwakot district; district not named explicitly in this article.", "density": "1", "effective_sources": "1", "independent_origins": "1", "origin": "media_own", "origin_note": "single outlet", "corroboration": "single_source", "evidence_quote": "नेपाल के तिमुरे और बेत्रावली कस्बे इस बाढ़ में बह गए हैं।", "evidence_quote_en": "", "temporal_contamination_flag": "False", "sector": "other", "asset_name": "", "status": "destroyed", "capacity": "", "unit": "", "damage_detail": "बाढ़ में बह गया", "source_outlets": "Patrika News", "source_outlet_count": 1, "entity_key": "बेत्रावली|other", "geo_resolution": "district", "geo_statement": "Located to Nuwakot district only — the source names a place we could not resolve", "geo_match_name": null, "geo_match_osm_id": null, "geo_anchor_id": "79688334B17077666187877", "geo_anchor_name": "Nuwakot"}, "geometry": {"type": "Point", "coordinates": [85.20729652963067, 27.936643231647253]}}, {"type": "Feature", "properties": {"record_id": "8bd959d0029f2388", "table": "infrastructure", "location_raw": "देवीघाट बजार", "location_ne": "", "admin_level": "settlement", "district": "Nuwakot", "province": "Bagmati", "geo_basis": "text_explicit", "as_of": "2026-08-28", "as_of_basis": "article_date", "first_reported": "2026-08-28", "last_reported": "2026-08-28", "confidence": "high", "confidence_note": "Named settlement, district explicit.", "density": "1", "effective_sources": "1", "independent_origins": "1", "origin": "media_own", "origin_note": "single outlet", "corroboration": "single_source", "evidence_quote": "नुवाकोटको देवीघाट बजार पनि बाढीले ध्वस्त भएको छ ।", "evidence_quote_en": "", "temporal_contamination_flag": "", "sector": "other", "asset_name": "", "status": "destroyed", "capacity": "", "unit": "", "damage_detail": "पसल, सडक र व्यवसायिक भवन भग्नावशेष (shops, road and commercial buildings reduced to rubble)", "source_outlets": "Onlinekhabar", "source_outlet_count": 1, "entity_key": "देवीघाट बजार|other", "geo_resolution": "district", "geo_statement": "Located to Nuwakot district only — the source names a place we could not resolve", "geo_match_name": null, "geo_match_osm_id": null, "geo_anchor_id": "79688334B17077666187877", "geo_anchor_name": "Nuwakot"}, "geometry": {"type": "Point", "coordinates": [85.20729652963067, 27.936643231647253]}}, {"type": "Feature", "properties": {"record_id": "52d2067bba6f553f", "table": "infrastructure", "location_raw": "त्रिशूली बजार", "location_ne": "", "admin_level": "settlement", "district": "Nuwakot", "province": "Bagmati", "geo_basis": "text_explicit", "as_of": "2026-08-28", "as_of_basis": "article_date", "first_reported": "2026-08-28", "last_reported": "2026-08-28", "confidence": "high", "confidence_note": "Named school, settlement/district explicit.", "density": "1", "effective_sources": "1", "independent_origins": "1", "origin": "media_own", "origin_note": "single outlet", "corroboration": "single_source", "evidence_quote": "त्यहीँ रहेको त्रिभुवन त्रिशूली बहुमुखी स्कुल लगायतका संरचना पनि बाढीले बगाएको छ।", "evidence_quote_en": "", "temporal_contamination_flag": "", "sector": "school", "asset_name": "त्रिभुवन त्रिशूली बहुमुखी विद्यालय (Tribhuvan Trishuli Multipurpose School)", "status": "destroyed", "capacity": "", "unit": "", "damage_detail": "स्कुल संरचना बाढीले बगाएको (school structure swept away by flood)", "source_outlets": "Onlinekhabar", "source_outlet_count": 1, "entity_key": "त्रिभुवन त्रिशूली बहुमुखी विद्यालय (Tribhuvan Trishuli Multipurpose School)|school", "geo_resolution": "district", "geo_statement": "Located to Nuwakot district only — the source names a place we could not resolve", "geo_match_name": null, "geo_match_osm_id": null, "geo_anchor_id": "79688334B17077666187877", "geo_anchor_name": "Nuwakot"}, "geometry": {"type": "Point", "coordinates": [85.20729652963067, 27.936643231647253]}}, {"type": "Feature", "properties": {"record_id": "b1b6ef3e13f538e5", "table": "infrastructure", "location_raw": "Nuwakot", "location_ne": "", "admin_level": "district", "district": "Nuwakot", "province": "Bagmati", "geo_basis": "text_explicit", "as_of": "2026-08-28", "as_of_basis": "stated", "first_reported": "2026-08-28", "last_reported": "2026-08-28", "confidence": "high", "confidence_note": "District explicitly named.", "density": "2", "effective_sources": "2", "independent_origins": "2", "origin": "unattributed", "origin_note": "2 outlets, no reporting body named; independence not established", "corroboration": "independent", "evidence_quote": "So far, the electricity service has been restored in about 90 percent of the areas of Nuwakot, while Dhunche will have electricity soon.", "evidence_quote_en": "", "temporal_contamination_flag": "False", "sector": "power", "asset_name": "", "status": "restoring", "capacity": "90.0", "unit": "percent", "damage_detail": "about 90 percent of the areas of Nuwakot restored; Dhunche will have electricity soon", "source_outlets": "The Rising Nepal; nepyork", "source_outlet_count": 2, "entity_key": "Nuwakot|power", "geo_resolution": "district", "geo_statement": "Located to Nuwakot district only", "geo_match_name": null, "geo_match_osm_id": null, "geo_anchor_id": "79688334B17077666187877", "geo_anchor_name": "Nuwakot"}, "geometry": {"type": "Point", "coordinates": [85.20729652963067, 27.936643231647253]}}, {"type": "Feature", "properties": {"record_id": "de737c37ffbc3fc9", "table": "infrastructure", "location_raw": "Trishuli River, Nuwakot", "location_ne": "", "admin_level": "district", "district": "Nuwakot", "province": "Bagmati", "geo_basis": "text_explicit", "as_of": "2026-08-28", "as_of_basis": "article_date", "first_reported": "2026-08-28", "last_reported": "2026-08-28", "confidence": "medium", "confidence_note": "Plural, unnamed bridges; individual damaged-vs-destroyed status not distinguished in the source.", "density": "1", "effective_sources": "1", "independent_origins": "1", "origin": "media_own", "origin_note": "single outlet", "corroboration": "single_source", "evidence_quote": "several bridges over the Trishuli River in Nuwakot", "evidence_quote_en": "", "temporal_contamination_flag": "", "sector": "bridge", "asset_name": "bridges over the Trishuli River", "status": "damaged", "capacity": "", "unit": "", "damage_detail": "damaged or swept away, part of the 41 bridges total", "source_outlets": "myRepublica", "source_outlet_count": 1, "entity_key": "bridges over the Trishuli River|bridge", "geo_resolution": "district", "geo_statement": "Located to Nuwakot district only", "geo_match_name": null, "geo_match_osm_id": null, "geo_anchor_id": "79688334B17077666187877", "geo_anchor_name": "Nuwakot"}, "geometry": {"type": "Point", "coordinates": [85.20729652963067, 27.936643231647253]}}, {"type": "Feature", "properties": {"record_id": "bfd553994c5914ae", "table": "infrastructure", "location_raw": "देवीघाट (Devighat)", "location_ne": "देवीघाट", "admin_level": "settlement", "district": "Nuwakot", "province": "Bagmati", "geo_basis": "text_explicit", "as_of": "2026-08-28", "as_of_basis": "article_date", "first_reported": "2026-08-28", "last_reported": "2026-08-28", "confidence": "medium", "confidence_note": "Named religious/community building explicitly flooded; rescue operation confirms severity.", "density": "1", "effective_sources": "1", "independent_origins": "1", "origin": "media_own", "origin_note": "single outlet", "corroboration": "single_source", "evidence_quote": "देवीघाटमा बाढीले आश्रमसमेत डुबायो । १० गते बिहानदेखि रातिसम्म आश्रममा रहेकाहरूको उद्धार जारी रह्यो ।", "evidence_quote_en": "In Devighat, the flood submerged the ashram as well. From the morning of the 10th until night, rescue of those inside the ashram continued.", "temporal_contamination_flag": "", "sector": "other", "asset_name": "Ashram (आश्रम), Devighat", "status": "damaged", "capacity": "", "unit": "", "damage_detail": "बाढीले आश्रमसमेत डुबायो", "source_outlets": "Onlinekhabar", "source_outlet_count": 1, "entity_key": "Ashram (आश्रम), Devighat|other", "geo_resolution": "point", "geo_statement": "Matched \"Devighat\" to a named OSM place in Nuwakot", "geo_match_name": "देवीघाट", "geo_match_osm_id": "node/4156044161", "geo_anchor_id": null, "geo_anchor_name": null}, "geometry": {"type": "Point", "coordinates": [85.1100635, 27.8600323]}}, {"type": "Feature", "properties": {"record_id": "636a687c614506ed", "table": "infrastructure", "location_raw": "देवीघाट (Devighat)", "location_ne": "देवीघाट", "admin_level": "settlement", "district": "Nuwakot", "province": "Bagmati", "geo_basis": "text_explicit", "as_of": "2026-08-28", "as_of_basis": "article_date", "first_reported": "2026-08-28", "last_reported": "2026-08-28", "confidence": "high", "confidence_note": "Explicit count (two bridges) and named river (Tadi Khola).", "density": "1", "effective_sources": "1", "independent_origins": "1", "origin": "media_own", "origin_note": "single outlet", "corroboration": "single_source", "evidence_quote": "देवीघाटलाई जोड्ने पुलहरू पनि बाँकी रहेनन् । तादी खोला क्रस गर्ने दुईवटा पुल बगे ।", "evidence_quote_en": "The bridges connecting Devighat also did not survive. Two bridges crossing the Tadi Khola were swept away.", "temporal_contamination_flag": "", "sector": "bridge", "asset_name": "तादी खोलाका पुलहरू (Tadi Khola bridges)", "status": "destroyed", "capacity": "2.0", "unit": "bridges", "damage_detail": "तादी खोला क्रस गर्ने दुईवटा पुल बगे", "source_outlets": "Onlinekhabar", "source_outlet_count": 1, "entity_key": "तादी खोलाका पुलहरू (Tadi Khola bridges)|bridge", "geo_resolution": "point", "geo_statement": "Matched \"Devighat\" to a named OSM place in Nuwakot", "geo_match_name": "देवीघाट", "geo_match_osm_id": "node/4156044161", "geo_anchor_id": null, "geo_anchor_name": null}, "geometry": {"type": "Point", "coordinates": [85.1100635, 27.8600323]}}, {"type": "Feature", "properties": {"record_id": "e9f948f9f2406faa", "table": "infrastructure", "location_raw": "त्रिशूलीपारि (across the Trishuli river, Nuwakot side)", "location_ne": "त्रिशूलीपारि", "admin_level": "settlement", "district": "Nuwakot", "province": "Bagmati", "geo_basis": "text_explicit", "as_of": "2026-08-28", "as_of_basis": "article_date", "first_reported": "2026-08-28", "last_reported": "2026-08-28", "confidence": "medium", "confidence_note": "No count of poles given; general statement about villages across the Trishuli river.", "density": "1", "effective_sources": "1", "independent_origins": "1", "origin": "media_own", "origin_note": "single outlet", "corroboration": "single_source", "evidence_quote": "बाढीले बिजुलीका पोल ढालेको छ, टेलिफोनका टावरहरू बगेका छन् वा सम्पर्कविहीन भएका छन् ।", "evidence_quote_en": "The flood has knocked down electricity poles; telephone towers have been swept away or become unreachable.", "temporal_contamination_flag": "", "sector": "power", "asset_name": "", "status": "destroyed", "capacity": "", "unit": "", "damage_detail": "बाढीले बिजुलीका पोल ढालेको छ", "source_outlets": "Ratopati", "source_outlet_count": 1, "entity_key": "त्रिशूलीपारि (across the Trishuli river, Nuwakot side)|power", "geo_resolution": "district", "geo_statement": "Located to Nuwakot district only — the source names a place we could not resolve", "geo_match_name": null, "geo_match_osm_id": null, "geo_anchor_id": "79688334B17077666187877", "geo_anchor_name": "Nuwakot"}, "geometry": {"type": "Point", "coordinates": [85.20729652963067, 27.936643231647253]}}, {"type": "Feature", "properties": {"record_id": "ce5def385d243e03", "table": "infrastructure", "location_raw": "त्रिशूलीपारि (across the Trishuli river, Nuwakot side)", "location_ne": "त्रिशूलीपारि", "admin_level": "settlement", "district": "Nuwakot", "province": "Bagmati", "geo_basis": "text_explicit", "as_of": "2026-08-28", "as_of_basis": "article_date", "first_reported": "2026-08-28", "last_reported": "2026-08-28", "confidence": "medium", "confidence_note": "No tower count given.", "density": "1", "effective_sources": "1", "independent_origins": "1", "origin": "media_own", "origin_note": "single outlet", "corroboration": "single_source", "evidence_quote": "बाढीले बिजुलीका पोल ढालेको छ, टेलिफोनका टावरहरू बगेका छन् वा सम्पर्कविहीन भएका छन् ।", "evidence_quote_en": "The flood has knocked down electricity poles; telephone towers have been swept away or become unreachable.", "temporal_contamination_flag": "", "sector": "telecom", "asset_name": "", "status": "damaged", "capacity": "", "unit": "", "damage_detail": "टेलिफोनका टावरहरू बगेका छन् वा सम्पर्कविहीन भएका छन्", "source_outlets": "Ratopati", "source_outlet_count": 1, "entity_key": "त्रिशूलीपारि (across the Trishuli river, Nuwakot side)|telecom", "geo_resolution": "district", "geo_statement": "Located to Nuwakot district only — the source names a place we could not resolve", "geo_match_name": null, "geo_match_osm_id": null, "geo_anchor_id": "79688334B17077666187877", "geo_anchor_name": "Nuwakot"}, "geometry": {"type": "Point", "coordinates": [85.20729652963067, 27.936643231647253]}}, {"type": "Feature", "properties": {"record_id": "5e4bade6a5d03086", "table": "infrastructure", "location_raw": "Devighat, Bidur Municipality, Nuwakot", "location_ne": "", "admin_level": "settlement", "district": "Nuwakot", "province": "Bagmati", "geo_basis": "text_explicit", "as_of": "2026-08-28", "as_of_basis": "article_date", "first_reported": "2026-08-28", "last_reported": "2026-08-28", "confidence": "medium", "confidence_note": "Recorded as the one intact structure per residents' account; the ~150 total is background context in damage_detail, not used to compute a destroyed count.", "density": "1", "effective_sources": "1", "independent_origins": "1", "origin": "media_own", "origin_note": "single outlet", "corroboration": "single_source", "evidence_quote": "Residents said only one of roughly 150 houses along the banks of the Trishuli River remained intact: a four-story old-age care home.", "evidence_quote_en": "", "temporal_contamination_flag": "", "sector": "other", "asset_name": "four-story old-age care home", "status": "functional", "capacity": "", "unit": "", "damage_detail": "only one of roughly 150 houses along the banks of the Trishuli River remained intact: a four-story old-age care home", "source_outlets": "The Japan Times", "source_outlet_count": 1, "entity_key": "four-story old-age care home|other", "geo_resolution": "point", "geo_statement": "Matched \"Devighat\" to a named OSM place in Nuwakot", "geo_match_name": "देवीघाट", "geo_match_osm_id": "node/4156044161", "geo_anchor_id": null, "geo_anchor_name": null}, "geometry": {"type": "Point", "coordinates": [85.1100635, 27.8600323]}}, {"type": "Feature", "properties": {"record_id": "aa6e41bcff7a4cf1", "table": "infrastructure", "location_raw": "Trishuli Bazaar, Nuwakot", "location_ne": "", "admin_level": "settlement", "district": "Nuwakot", "province": "Bagmati", "geo_basis": "text_explicit", "as_of": "2026-08-28", "as_of_basis": "article_date", "first_reported": "2026-08-28", "last_reported": "2026-08-28", "confidence": "medium", "confidence_note": "Located to Trishuli in surrounding text; no count of bridges given.", "density": "1", "effective_sources": "1", "independent_origins": "1", "origin": "media_own", "origin_note": "single outlet", "corroboration": "single_source", "evidence_quote": "stretches that once had homes, buildings and bridges have been swept away, leaving behind little but rocks, thick mud and the swollen river.", "evidence_quote_en": "", "temporal_contamination_flag": "False", "sector": "bridge", "asset_name": "", "status": "destroyed", "capacity": "", "unit": "", "damage_detail": "stretches that once had homes, buildings and bridges have been swept away", "source_outlets": "India Today", "source_outlet_count": 1, "entity_key": "Trishuli Bazaar, Nuwakot|bridge", "geo_resolution": "district", "geo_statement": "Located to Nuwakot district only — the source names a place we could not resolve", "geo_match_name": null, "geo_match_osm_id": null, "geo_anchor_id": "79688334B17077666187877", "geo_anchor_name": "Nuwakot"}, "geometry": {"type": "Point", "coordinates": [85.20729652963067, 27.936643231647253]}}, {"type": "Feature", "properties": {"record_id": "1ad4560059d36d51", "table": "infrastructure", "location_raw": "northern Nepal districts (Betrawati area)", "location_ne": "", "admin_level": "district", "district": "Nuwakot", "province": "Bagmati", "geo_basis": "text_adjacent", "as_of": "2026-08-28", "as_of_basis": "article_date", "first_reported": "2026-08-28", "last_reported": "2026-08-28", "confidence": "medium", "confidence_note": "Same passage as above; electricity supply knocked out.", "density": "1", "effective_sources": "1", "independent_origins": "1", "origin": "media_own", "origin_note": "single outlet", "corroboration": "single_source", "evidence_quote": "The flood also destroyed bridges and roads connecting villages to district headquarters, while electricity, telephone and internet services were knocked out.", "evidence_quote_en": "", "temporal_contamination_flag": "False", "sector": "power", "asset_name": "", "status": "non_functional", "capacity": "", "unit": "", "damage_detail": "electricity, telephone and internet services were knocked out", "source_outlets": "Moneycontrol.com", "source_outlet_count": 1, "entity_key": "northern Nepal districts (Betrawati area)|power", "geo_resolution": "district", "geo_statement": "Located to Nuwakot district only", "geo_match_name": null, "geo_match_osm_id": null, "geo_anchor_id": "79688334B17077666187877", "geo_anchor_name": "Nuwakot"}, "geometry": {"type": "Point", "coordinates": [85.20729652963067, 27.936643231647253]}}, {"type": "Feature", "properties": {"record_id": "0bdc189fa6bdf13c", "table": "infrastructure", "location_raw": "northern Nepal districts (Betrawati area)", "location_ne": "", "admin_level": "district", "district": "Nuwakot", "province": "Bagmati", "geo_basis": "text_adjacent", "as_of": "2026-08-28", "as_of_basis": "article_date", "first_reported": "2026-08-28", "last_reported": "2026-08-28", "confidence": "medium", "confidence_note": "Same passage as above; telephone/internet knocked out.", "density": "1", "effective_sources": "1", "independent_origins": "1", "origin": "media_own", "origin_note": "single outlet", "corroboration": "single_source", "evidence_quote": "The flood also destroyed bridges and roads connecting villages to district headquarters, while electricity, telephone and internet services were knocked out.", "evidence_quote_en": "", "temporal_contamination_flag": "False", "sector": "telecom", "asset_name": "", "status": "non_functional", "capacity": "", "unit": "", "damage_detail": "electricity, telephone and internet services were knocked out", "source_outlets": "Moneycontrol.com", "source_outlet_count": 1, "entity_key": "northern Nepal districts (Betrawati area)|telecom", "geo_resolution": "district", "geo_statement": "Located to Nuwakot district only", "geo_match_name": null, "geo_match_osm_id": null, "geo_anchor_id": "79688334B17077666187877", "geo_anchor_name": "Nuwakot"}, "geometry": {"type": "Point", "coordinates": [85.20729652963067, 27.936643231647253]}}, {"type": "Feature", "properties": {"record_id": "99a2f3ad884f8c0a", "table": "infrastructure", "location_raw": "Rasuwa-Nuwakot connecting bridge, Betrawati", "location_ne": "", "admin_level": "settlement", "district": "Nuwakot", "province": "Bagmati", "geo_basis": "text_explicit", "as_of": "2026-08-28", "as_of_basis": "article_date", "first_reported": "2026-08-28", "last_reported": "2026-08-28", "confidence": "high", "confidence_note": "The bridge connecting Rasuwa to Nuwakot at Betrawati has no trace left.", "density": "1", "effective_sources": "1", "independent_origins": "1", "origin": "media_own", "origin_note": "single outlet", "corroboration": "single_source", "evidence_quote": "रसुवालाई नुवाकोट जोड्ने पुलको नामोनिशान छैन ।", "evidence_quote_en": "", "temporal_contamination_flag": "False", "sector": "bridge", "asset_name": "", "status": "destroyed", "capacity": "", "unit": "", "damage_detail": "no trace left of the bridge", "source_outlets": "Himal Khabar", "source_outlet_count": 1, "entity_key": "Rasuwa-Nuwakot connecting bridge, Betrawati|bridge", "geo_resolution": "point", "geo_statement": "Matched \"Betrawati\" to a named OSM place in Nuwakot", "geo_match_name": "बेत्रावती", "geo_match_osm_id": "node/268864226", "geo_anchor_id": null, "geo_anchor_name": null}, "geometry": {"type": "Point", "coordinates": [85.1859528, 27.9731085]}}, {"type": "Feature", "properties": {"record_id": "87f339aeb4c6b63b", "table": "infrastructure", "location_raw": "Devighat", "location_ne": "", "admin_level": "settlement", "district": "Nuwakot", "province": "Bagmati", "geo_basis": "text_explicit", "as_of": "2026-08-28", "as_of_basis": "article_date", "first_reported": "2026-08-28", "last_reported": "2026-08-28", "confidence": "high", "confidence_note": "Named heritage site explicitly located in Devighat.", "density": "1", "effective_sources": "1", "independent_origins": "1", "origin": "media_own", "origin_note": "single outlet", "corroboration": "single_source", "evidence_quote": "Even a place with such historical importance, Jalpa Temple, has no trace left.", "evidence_quote_en": "", "temporal_contamination_flag": "False", "sector": "other", "asset_name": "Jalpa Temple", "status": "destroyed", "capacity": "", "unit": "", "damage_detail": "no trace left, historical and religious site", "source_outlets": "OnlineKhabar English News", "source_outlet_count": 1, "entity_key": "Jalpa Temple|other", "geo_resolution": "point", "geo_statement": "Matched \"Devighat\" to a named OSM place in Nuwakot", "geo_match_name": "देवीघाट", "geo_match_osm_id": "node/4156044161", "geo_anchor_id": null, "geo_anchor_name": null}, "geometry": {"type": "Point", "coordinates": [85.1100635, 27.8600323]}}, {"type": "Feature", "properties": {"record_id": "7ab1df1ed3161d43", "table": "infrastructure", "location_raw": "वेत्रावती (Betrawati), नुवाकोट", "location_ne": "", "admin_level": "settlement", "district": "Nuwakot", "province": "Bagmati", "geo_basis": "text_explicit", "as_of": "2026-08-28", "as_of_basis": "article_date", "first_reported": "2026-08-28", "last_reported": "2026-08-28", "confidence": "medium", "confidence_note": "Restoration-in-progress at Betrawati, Nuwakot.", "density": "1", "effective_sources": "1", "independent_origins": "1", "origin": "media_own", "origin_note": "single outlet", "corroboration": "single_source", "evidence_quote": "पहिलो चरणमा पृथ्वीराजमार्ग सञ्चालनमा ल्याउने र रसुवालाई सडक सञ्जालसँग जोड्ने गरी काम अघि बढाइएको छ । त्यसका लागि वेत्रावतीमा बेलिब्रिज राख्ने तयारी भइरहेको पूर्वाधार विकासमन्त्रीको सचिवालयले जनाएको छ ।", "evidence_quote_en": "In the first phase, work is underway to bring the Prithvi Highway into operation and connect Rasuwa to the road network. For that, preparations are underway to install a Bailey bridge in Betrawati, according to the Ministry of Infrastructure Development's secretariat.", "temporal_contamination_flag": "", "sector": "bridge", "asset_name": "Betrawati Bailey bridge (planned)", "status": "restoring", "capacity": "", "unit": "", "damage_detail": "वेत्रावतीमा बेलिब्रिज राख्ने तयारी (Bailey bridge installation preparation underway)", "source_outlets": "Adarsha Samaj", "source_outlet_count": 1, "entity_key": "Betrawati Bailey bridge (planned)|bridge", "geo_resolution": "point", "geo_statement": "Matched \"Betrawati\" to a named OSM place in Nuwakot", "geo_match_name": "बेत्रावती", "geo_match_osm_id": "node/268864226", "geo_anchor_id": null, "geo_anchor_name": null}, "geometry": {"type": "Point", "coordinates": [85.1859528, 27.9731085]}}, {"type": "Feature", "properties": {"record_id": "f7441d74b553b9c7", "table": "infrastructure", "location_raw": "ढुंगे बाजार, विदुर नगरपालिका, नुवाकोट", "location_ne": "", "admin_level": "municipality", "district": "Nuwakot", "province": "Bagmati", "geo_basis": "text_explicit", "as_of": "2026-08-28", "as_of_basis": "article_date", "first_reported": "2026-08-28", "last_reported": "2026-08-28", "confidence": "high", "confidence_note": "Bidur municipality/Dhunge Bazar named explicitly by a party official who visited the site.", "density": "1", "effective_sources": "1", "independent_origins": "1", "origin": "media_own", "origin_note": "single outlet", "corroboration": "single_source", "evidence_quote": "मैं अभी टीम के साथ नुवाकोट के विदुर नगरपालिका स्थित ढुंगे बाजार से थोड़ा ऊपर के बाड़ प्रभावित क्षेत्र में हूं। वहां बाड़ ने बहुत बड़ा तांडव मचाया है और कोई भी घर बाकी नहीं बचा है। कृषि विकास बैंक के थोड़े से मलबे और कुछ घरों को छोड़कर अन्य भौतिक संरचनाएं पूरी तरह से नष्ट हो चुकी हैं।", "evidence_quote_en": "", "temporal_contamination_flag": "", "sector": "other", "asset_name": "कृषि विकास बैंक (Agricultural Development Bank branch)", "status": "destroyed", "capacity": "", "unit": "", "damage_detail": "केवल थोड़ा मलबा शेष; अन्य भौतिक संरचनाएं पूरी तरह नष्ट", "source_outlets": "Ratopati", "source_outlet_count": 1, "entity_key": "कृषि विकास बैंक (Agricultural Development Bank branch)|other", "geo_resolution": "point", "geo_statement": "Matched \"नुवाकोट\" to a named OSM place in Nuwakot", "geo_match_name": "नुवाकोट", "geo_match_osm_id": "node/3488022930", "geo_anchor_id": null, "geo_anchor_name": null}, "geometry": {"type": "Point", "coordinates": [85.1647073, 27.9151007]}}, {"type": "Feature", "properties": {"record_id": "17e1e390bf0c640f", "table": "infrastructure", "location_raw": "Devighat area", "location_ne": "", "admin_level": "settlement", "district": "Nuwakot", "province": "Bagmati", "geo_basis": "text_explicit", "as_of": "2026-08-29", "as_of_basis": "stated", "first_reported": "2026-08-28", "last_reported": "2026-08-28", "confidence": "high", "confidence_note": "Photo caption naming site and district explicitly, with an explicit date.", "density": "1", "effective_sources": "1", "independent_origins": "1", "origin": "media_own", "origin_note": "single outlet", "corroboration": "single_source", "evidence_quote": "A drone view of a bridge damaged by flash flooding along the Tadi River in the Devighat area of Nuwakot district, Nepal, Aug. 29, 2026.", "evidence_quote_en": "", "temporal_contamination_flag": "False", "sector": "bridge", "asset_name": "", "status": "damaged", "capacity": "", "unit": "", "damage_detail": "bridge along the Tadi River damaged by flash flooding", "source_outlets": "ABC News - Breaking News, Latest News and Videos", "source_outlet_count": 1, "entity_key": "Devighat area|bridge", "geo_resolution": "district", "geo_statement": "Located to Nuwakot district only — the source names a place we could not resolve", "geo_match_name": null, "geo_match_osm_id": null, "geo_anchor_id": "79688334B17077666187877", "geo_anchor_name": "Nuwakot"}, "geometry": {"type": "Point", "coordinates": [85.20729652963067, 27.936643231647253]}}, {"type": "Feature", "properties": {"record_id": "9acf0141dcc692d5", "table": "infrastructure", "location_raw": "Devighat, Nuwakot district (Tadi River)", "location_ne": "", "admin_level": "settlement", "district": "Nuwakot", "province": "Bagmati", "geo_basis": "text_explicit", "as_of": "2026-08-29", "as_of_basis": "stated", "first_reported": "2026-08-30", "last_reported": "2026-08-30", "confidence": "high", "confidence_note": "Photo caption naming Devighat, Nuwakot district explicitly.", "density": "1", "effective_sources": "1", "independent_origins": "1", "origin": "media_own", "origin_note": "single outlet", "corroboration": "single_source", "evidence_quote": "A drone view of a bridge damaged by flash flooding along the Tadi River in the Devighat area of Nuwakot district, Nepal, Saturday, Aug. 29, 2026.", "evidence_quote_en": "", "temporal_contamination_flag": "False", "sector": "bridge", "asset_name": "", "status": "damaged", "capacity": "", "unit": "", "damage_detail": "damaged by flash flooding", "source_outlets": "The New Indian Express", "source_outlet_count": 1, "entity_key": "Devighat, Nuwakot district (Tadi River)|bridge", "geo_resolution": "point", "geo_statement": "Matched \"Devighat\" to a named OSM place in Nuwakot", "geo_match_name": "देवीघाट", "geo_match_osm_id": "node/4156044161", "geo_anchor_id": null, "geo_anchor_name": null}, "geometry": {"type": "Point", "coordinates": [85.1100635, 27.8600323]}}, {"type": "Feature", "properties": {"record_id": "d46ae25c50240e37", "table": "infrastructure", "location_raw": "Nuwakot district", "location_ne": "", "admin_level": "district", "district": "Nuwakot", "province": "Bagmati", "geo_basis": "text_explicit", "as_of": "2026-08-29", "as_of_basis": "stated", "first_reported": "2026-08-28", "last_reported": "2026-08-29", "confidence": "high", "confidence_note": "Nuwakot DAO update.", "density": "3", "effective_sources": "3", "independent_origins": "3", "origin": "unattributed", "origin_note": "3 outlets, no reporting body named; independence not established", "corroboration": "independent", "evidence_quote": "यस्तै, कृषि विकास बैंकसहित ८ वटा सरकारी कार्यालय, ३ वटा जलविद्युत गृह र ४ वटा विद्यालय भवनमा बाढीले क्षति पुर्याएको छ", "evidence_quote_en": "Likewise, the flood damaged 8 government offices including the Agricultural Development Bank, 3 hydropower powerhouses and 4 school buildings.", "temporal_contamination_flag": "", "sector": "power", "asset_name": "", "status": "damaged", "capacity": "3.0", "unit": "powerhouses", "damage_detail": "3 hydropower powerhouses damaged", "source_outlets": "Onlinekhabar; Ratopati; nepyork", "source_outlet_count": 3, "entity_key": "Nuwakot district|power", "geo_resolution": "district", "geo_statement": "Located to Nuwakot district only", "geo_match_name": null, "geo_match_osm_id": null, "geo_anchor_id": "79688334B17077666187877", "geo_anchor_name": "Nuwakot"}, "geometry": {"type": "Point", "coordinates": [85.20729652963067, 27.936643231647253]}}, {"type": "Feature", "properties": {"record_id": "85d6eb36fa6e0a94", "table": "infrastructure", "location_raw": "Nuwakot district", "location_ne": "", "admin_level": "district", "district": "Nuwakot", "province": "Bagmati", "geo_basis": "text_explicit", "as_of": "2026-08-29", "as_of_basis": "stated", "first_reported": "2026-08-28", "last_reported": "2026-08-29", "confidence": "high", "confidence_note": "Nuwakot DAO update.", "density": "2", "effective_sources": "2", "independent_origins": "2", "origin": "unattributed", "origin_note": "2 outlets, no reporting body named; independence not established", "corroboration": "independent", "evidence_quote": "यस्तै, कृषि विकास बैंकसहित ८ वटा सरकारी कार्यालय, ३ वटा जलविद्युत गृह र ४ वटा विद्यालय भवनमा बाढीले क्षति पुर्याएको छ", "evidence_quote_en": "Likewise, the flood damaged 8 government offices including the Agricultural Development Bank, 3 hydropower powerhouses and 4 school buildings.", "temporal_contamination_flag": "", "sector": "other", "asset_name": "", "status": "damaged", "capacity": "8.0", "unit": "offices", "damage_detail": "8 government offices including Agricultural Development Bank damaged", "source_outlets": "news.cgtn.com; Ratopati", "source_outlet_count": 2, "entity_key": "Nuwakot district|other", "geo_resolution": "district", "geo_statement": "Located to Nuwakot district only", "geo_match_name": null, "geo_match_osm_id": null, "geo_anchor_id": "79688334B17077666187877", "geo_anchor_name": "Nuwakot"}, "geometry": {"type": "Point", "coordinates": [85.20729652963067, 27.936643231647253]}}, {"type": "Feature", "properties": {"record_id": "4d692aa65d667260", "table": "infrastructure", "location_raw": "Nuwakot district", "location_ne": "", "admin_level": "district", "district": "Nuwakot", "province": "Bagmati", "geo_basis": "text_explicit", "as_of": "2026-08-29", "as_of_basis": "stated", "first_reported": "2026-08-28", "last_reported": "2026-08-29", "confidence": "high", "confidence_note": "Nuwakot DAO update.", "density": "2", "effective_sources": "2", "independent_origins": "2", "origin": "unattributed", "origin_note": "2 outlets, no reporting body named; independence not established", "corroboration": "independent", "evidence_quote": "यातायातका पूर्वाधारतर्फ १५ वटा पक्की पुल र ९ वटा झोलुङ्गे पुलमा क्षति पुगेको छ, जसका कारण गल्छी–त्रिशूली–मैलुङ–स्याफ्रुबेसी–रसुवागढी सडक खण्ड पूर्ण रूपमा अवरुद्ध भएको छ", "evidence_quote_en": "On transport infrastructure, 15 concrete bridges and 9 suspension bridges were damaged, due to which the Galchhi-Trishuli-Mailung-Syaphrubesi-Rasuwagadhi road section is completely blocked.", "temporal_contamination_flag": "", "sector": "bridge", "asset_name": "", "status": "damaged", "capacity": "15.0", "unit": "concrete bridges", "damage_detail": "15 concrete (motorable) bridges damaged", "source_outlets": "Yahoo News Australia; Ratopati", "source_outlet_count": 2, "entity_key": "Nuwakot district|bridge", "geo_resolution": "district", "geo_statement": "Located to Nuwakot district only", "geo_match_name": null, "geo_match_osm_id": null, "geo_anchor_id": "79688334B17077666187877", "geo_anchor_name": "Nuwakot"}, "geometry": {"type": "Point", "coordinates": [85.20729652963067, 27.936643231647253]}}, {"type": "Feature", "properties": {"record_id": "c5974a13b8ee4768", "table": "infrastructure", "location_raw": "Trishuli Bazaar, Nuwakot", "location_ne": "", "admin_level": "settlement", "district": "Nuwakot", "province": "Bagmati", "geo_basis": "text_explicit", "as_of": "2026-08-29", "as_of_basis": "article_date", "first_reported": "2026-08-29", "last_reported": "2026-08-29", "confidence": "medium", "confidence_note": "Local resident quote; approximate range not sharpened.", "density": "1", "effective_sources": "1", "independent_origins": "1", "origin": "media_own", "origin_note": "single outlet", "corroboration": "single_source", "evidence_quote": "'बाढीले बगाएर ल्याएको लेदो र हिलो १०० देखि ३०० मिटर माथि रहेको सडक सतहसम्म थुप्रिएको देखिन्छ,' उनले भने", "evidence_quote_en": "'The silt and mud brought by the flood has piled up to the level of the road surface, 100 to 300 metres above it,' he said.", "temporal_contamination_flag": "", "sector": "road", "asset_name": "", "status": "damaged", "capacity": "", "unit": "", "damage_detail": "silt and mud carried by the flood piled up 100-300 metres above/up to road level", "source_outlets": "Setopati", "source_outlet_count": 1, "entity_key": "Trishuli Bazaar, Nuwakot|road", "geo_resolution": "district", "geo_statement": "Located to Nuwakot district only — the source names a place we could not resolve", "geo_match_name": null, "geo_match_osm_id": null, "geo_anchor_id": "79688334B17077666187877", "geo_anchor_name": "Nuwakot"}, "geometry": {"type": "Point", "coordinates": [85.20729652963067, 27.936643231647253]}}, {"type": "Feature", "properties": {"record_id": "ad06873c09a159d3", "table": "infrastructure", "location_raw": "Nuwakot district", "location_ne": "", "admin_level": "district", "district": "Nuwakot", "province": "Bagmati", "geo_basis": "text_explicit", "as_of": "2026-08-29", "as_of_basis": "stated", "first_reported": "2026-08-29", "last_reported": "2026-08-29", "confidence": "high", "confidence_note": "Nuwakot DAO update.", "density": "1", "effective_sources": "1", "independent_origins": "1", "origin": "media_own", "origin_note": "single outlet", "corroboration": "single_source", "evidence_quote": "यस्तै, कृषि विकास बैंकसहित ८ वटा सरकारी कार्यालय, ३ वटा जलविद्युत गृह र ४ वटा विद्यालय भवनमा बाढीले क्षति पुर्याएको छ", "evidence_quote_en": "Likewise, the flood damaged 8 government offices including the Agricultural Development Bank, 3 hydropower powerhouses and 4 school buildings.", "temporal_contamination_flag": "", "sector": "school", "asset_name": "", "status": "damaged", "capacity": "4.0", "unit": "school buildings", "damage_detail": "4 school buildings damaged", "source_outlets": "Ratopati", "source_outlet_count": 1, "entity_key": "Nuwakot district|school", "geo_resolution": "district", "geo_statement": "Located to Nuwakot district only", "geo_match_name": null, "geo_match_osm_id": null, "geo_anchor_id": "79688334B17077666187877", "geo_anchor_name": "Nuwakot"}, "geometry": {"type": "Point", "coordinates": [85.20729652963067, 27.936643231647253]}}, {"type": "Feature", "properties": {"record_id": "e660ad1bf6c9482a", "table": "infrastructure", "location_raw": "Nuwakot Central Prison", "location_ne": "", "admin_level": "settlement", "district": "Nuwakot", "province": "Bagmati", "geo_basis": "text_explicit", "as_of": "2026-08-29", "as_of_basis": "stated", "first_reported": "2026-08-29", "last_reported": "2026-08-29", "confidence": "high", "confidence_note": "Named facility, explicit damage detail.", "density": "1", "effective_sources": "1", "independent_origins": "1", "origin": "media_own", "origin_note": "single outlet", "corroboration": "single_source", "evidence_quote": "यस्तै, केन्द्रीय कारागार नुवाकोटको पर्खाल र खम्बा बाढीले बगाएको छ भने कार्यालयको भुईँतल्ला पुरिएको छ, यद्यपि कैदीबन्दीहरू सुरक्षित रहेको प्रशासनले जनाएको छ", "evidence_quote_en": "Likewise, the flood swept away the boundary wall and pillars of Nuwakot Central Prison, and the ground floor of its office was buried in silt, though the administration says inmates are safe.", "temporal_contamination_flag": "", "sector": "other", "asset_name": "Nuwakot Central Prison", "status": "damaged", "capacity": "", "unit": "", "damage_detail": "boundary wall and pillars swept away; ground floor of office building buried in silt; inmates reported safe", "source_outlets": "Ratopati", "source_outlet_count": 1, "entity_key": "Nuwakot Central Prison|other", "geo_resolution": "district", "geo_statement": "Located to Nuwakot district only — the source names a place we could not resolve", "geo_match_name": null, "geo_match_osm_id": null, "geo_anchor_id": "79688334B17077666187877", "geo_anchor_name": "Nuwakot"}, "geometry": {"type": "Point", "coordinates": [85.20729652963067, 27.936643231647253]}}, {"type": "Feature", "properties": {"record_id": "78845289c0ec3011", "table": "infrastructure", "location_raw": "नुवाकोट", "location_ne": "", "admin_level": "district", "district": "Nuwakot", "province": "Bagmati", "geo_basis": "text_explicit", "as_of": "2026-08-29", "as_of_basis": "article_date", "first_reported": "2026-08-29", "last_reported": "2026-08-29", "confidence": "high", "confidence_note": "Named count of government office buildings partially damaged in Nuwakot.", "density": "1", "effective_sources": "1", "independent_origins": "1", "origin": "media_own", "origin_note": "single outlet", "corroboration": "single_source", "evidence_quote": "भौतिक पूर्वाधारतर्फ कृषि विकास बैंकसहित ८ वटा सरकारी कार्यालयका भवन, ३ वटा जलविद्युत गृह र ४ वटा विद्यालय (१ सरकारी र ३ निजी) मा आंशिक क्षति पुगेको छ।", "evidence_quote_en": "In terms of physical infrastructure, 8 government office buildings including the Agricultural Development Bank, 3 hydropower houses, and 4 schools (1 government and 3 private) suffered partial damage.", "temporal_contamination_flag": "False", "sector": "other", "asset_name": "कृषि विकास बैंकसहित ८ वटा सरकारी कार्यालय भवन (8 government office buildings incl. Agricultural Development Bank)", "status": "partial", "capacity": "", "unit": "", "damage_detail": "आंशिक क्षति (partial damage)", "source_outlets": "Deshsanchar", "source_outlet_count": 1, "entity_key": "कृषि विकास बैंकसहित ८ वटा सरकारी कार्यालय भवन (8 government office buildings incl. Agricultural Development Bank)|other", "geo_resolution": "district", "geo_statement": "Located to Nuwakot district only", "geo_match_name": null, "geo_match_osm_id": null, "geo_anchor_id": "79688334B17077666187877", "geo_anchor_name": "Nuwakot"}, "geometry": {"type": "Point", "coordinates": [85.20729652963067, 27.936643231647253]}}, {"type": "Feature", "properties": {"record_id": "57b1d06fc752518a", "table": "infrastructure", "location_raw": "नुवाकोट", "location_ne": "", "admin_level": "district", "district": "Nuwakot", "province": "Bagmati", "geo_basis": "text_explicit", "as_of": "2026-08-29", "as_of_basis": "article_date", "first_reported": "2026-08-29", "last_reported": "2026-08-29", "confidence": "high", "confidence_note": "Count of partially damaged hydropower houses in Nuwakot.", "density": "1", "effective_sources": "1", "independent_origins": "1", "origin": "media_own", "origin_note": "single outlet", "corroboration": "single_source", "evidence_quote": "भौतिक पूर्वाधारतर्फ कृषि विकास बैंकसहित ८ वटा सरकारी कार्यालयका भवन, ३ वटा जलविद्युत गृह र ४ वटा विद्यालय (१ सरकारी र ३ निजी) मा आंशिक क्षति पुगेको छ।", "evidence_quote_en": "In terms of physical infrastructure, 8 government office buildings including the Agricultural Development Bank, 3 hydropower houses, and 4 schools (1 government and 3 private) suffered partial damage.", "temporal_contamination_flag": "False", "sector": "power", "asset_name": "३ वटा जलविद्युत गृह (3 hydropower houses, unnamed)", "status": "partial", "capacity": "3.0", "unit": "plants", "damage_detail": "आंशिक क्षति (partial damage)", "source_outlets": "Deshsanchar", "source_outlet_count": 1, "entity_key": "३ वटा जलविद्युत गृह (3 hydropower houses, unnamed)|power", "geo_resolution": "district", "geo_statement": "Located to Nuwakot district only", "geo_match_name": null, "geo_match_osm_id": null, "geo_anchor_id": "79688334B17077666187877", "geo_anchor_name": "Nuwakot"}, "geometry": {"type": "Point", "coordinates": [85.20729652963067, 27.936643231647253]}}, {"type": "Feature", "properties": {"record_id": "6b1f3425527fd88a", "table": "infrastructure", "location_raw": "नुवाकोट", "location_ne": "", "admin_level": "district", "district": "Nuwakot", "province": "Bagmati", "geo_basis": "text_explicit", "as_of": "2026-08-29", "as_of_basis": "article_date", "first_reported": "2026-08-29", "last_reported": "2026-08-29", "confidence": "high", "confidence_note": "Count of partially damaged schools in Nuwakot.", "density": "1", "effective_sources": "1", "independent_origins": "1", "origin": "media_own", "origin_note": "single outlet", "corroboration": "single_source", "evidence_quote": "भौतिक पूर्वाधारतर्फ कृषि विकास बैंकसहित ८ वटा सरकारी कार्यालयका भवन, ३ वटा जलविद्युत गृह र ४ वटा विद्यालय (१ सरकारी र ३ निजी) मा आंशिक क्षति पुगेको छ।", "evidence_quote_en": "In terms of physical infrastructure, 8 government office buildings including the Agricultural Development Bank, 3 hydropower houses, and 4 schools (1 government and 3 private) suffered partial damage.", "temporal_contamination_flag": "False", "sector": "school", "asset_name": "४ वटा विद्यालय, १ सरकारी र ३ निजी (4 schools, 1 government + 3 private)", "status": "partial", "capacity": "4.0", "unit": "schools", "damage_detail": "आंशिक क्षति (partial damage)", "source_outlets": "Deshsanchar", "source_outlet_count": 1, "entity_key": "४ वटा विद्यालय, १ सरकारी र ३ निजी (4 schools, 1 government + 3 private)|school", "geo_resolution": "district", "geo_statement": "Located to Nuwakot district only", "geo_match_name": null, "geo_match_osm_id": null, "geo_anchor_id": "79688334B17077666187877", "geo_anchor_name": "Nuwakot"}, "geometry": {"type": "Point", "coordinates": [85.20729652963067, 27.936643231647253]}}, {"type": "Feature", "properties": {"record_id": "507e64ac72f0e810", "table": "infrastructure", "location_raw": "केन्द्रीय कारागार, नुवाकोट", "location_ne": "", "admin_level": "district", "district": "Nuwakot", "province": "Bagmati", "geo_basis": "text_explicit", "as_of": "2026-08-29", "as_of_basis": "article_date", "first_reported": "2026-08-29", "last_reported": "2026-08-29", "confidence": "high", "confidence_note": "Prison compound wall/pillars swept away and ground floor buried; inmates reported safe (not a casualty record).", "density": "1", "effective_sources": "1", "independent_origins": "1", "origin": "media_own", "origin_note": "single outlet", "corroboration": "single_source", "evidence_quote": "यसका साथै केन्द्रीय कारागार नुवाकोटको खम्बा र कम्पाउण्ड पर्खाल बाढीले बगाएको र केही खण्ड पुरिएको छ। कारागार कार्यालय भवनको भुइँतला पुरिए तापनि त्यहाँ रहेका कैदीबन्दीहरू भने सुरक्षित रहेका छन्।", "evidence_quote_en": "In addition, the flood swept away pillars and the compound wall of Nuwakot Central Prison, and some sections were buried. Although the ground floor of the prison office building was buried, the inmates there are safe.", "temporal_contamination_flag": "False", "sector": "other", "asset_name": "केन्द्रीय कारागार नुवाकोट (Central Prison Nuwakot)", "status": "damaged", "capacity": "", "unit": "", "damage_detail": "खम्बा र कम्पाउण्ड पर्खाल बगेको, केही खण्ड पुरिएको, कार्यालय भवनको भुइँतला पुरिएको", "source_outlets": "Deshsanchar", "source_outlet_count": 1, "entity_key": "केन्द्रीय कारागार नुवाकोट (Central Prison Nuwakot)|other", "geo_resolution": "district", "geo_statement": "Located to Nuwakot district only", "geo_match_name": null, "geo_match_osm_id": null, "geo_anchor_id": "79688334B17077666187877", "geo_anchor_name": "Nuwakot"}, "geometry": {"type": "Point", "coordinates": [85.20729652963067, 27.936643231647253]}}, {"type": "Feature", "properties": {"record_id": "7c15b732ba67aa6e", "table": "infrastructure", "location_raw": "Bidur Municipality (Trishuli river)", "location_ne": "", "admin_level": "municipality", "district": "Nuwakot", "province": "Bagmati", "geo_basis": "text_explicit", "as_of": "2026-08-29", "as_of_basis": "article_date", "first_reported": "2026-08-29", "last_reported": "2026-08-29", "confidence": "high", "confidence_note": "Named municipality and river.", "density": "1", "effective_sources": "1", "independent_origins": "1", "origin": "media_own", "origin_note": "single outlet", "corroboration": "single_source", "evidence_quote": "When floodwaters swept away the bridge over the Trishuli river, a routine journey between neighbourhoods in the same municipality became a helicopter operation.", "evidence_quote_en": "", "temporal_contamination_flag": "", "sector": "bridge", "asset_name": "", "status": "destroyed", "capacity": "", "unit": "", "damage_detail": "bridge over the Trishuli river swept away", "source_outlets": "The Kathmandu Post", "source_outlet_count": 1, "entity_key": "Bidur Municipality (Trishuli river)|bridge", "geo_resolution": "point", "geo_statement": "Matched \"Bidur\" to a named OSM place in Nuwakot", "geo_match_name": "बिदुर", "geo_match_osm_id": "node/3499801960", "geo_anchor_id": null, "geo_anchor_name": null}, "geometry": {"type": "Point", "coordinates": [85.146446, 27.89526]}}, {"type": "Feature", "properties": {"record_id": "6301e988f959acf4", "table": "infrastructure", "location_raw": "Nuwakot district", "location_ne": "", "admin_level": "district", "district": "Nuwakot", "province": "Bagmati", "geo_basis": "text_adjacent", "as_of": "2026-08-29", "as_of_basis": "article_date", "first_reported": "2026-08-29", "last_reported": "2026-08-29", "confidence": "medium", "confidence_note": "Continues Nuwakot-district damage section.", "density": "1", "effective_sources": "1", "independent_origins": "1", "origin": "media_own", "origin_note": "single outlet", "corroboration": "single_source", "evidence_quote": "Authorities also reported damage to hydropower facilities, water systems, and agricultural land.", "evidence_quote_en": "", "temporal_contamination_flag": "False", "sector": "water", "asset_name": "", "status": "damaged", "capacity": "", "unit": "", "damage_detail": "water systems damaged", "source_outlets": "nepyork", "source_outlet_count": 1, "entity_key": "Nuwakot district|water", "geo_resolution": "district", "geo_statement": "Located to Nuwakot district only", "geo_match_name": null, "geo_match_osm_id": null, "geo_anchor_id": "79688334B17077666187877", "geo_anchor_name": "Nuwakot"}, "geometry": {"type": "Point", "coordinates": [85.20729652963067, 27.936643231647253]}}, {"type": "Feature", "properties": {"record_id": "37ab2f3dc45e3563", "table": "infrastructure", "location_raw": "Nuwakot", "location_ne": "", "admin_level": "district", "district": "Nuwakot", "province": "Bagmati", "geo_basis": "text_explicit", "as_of": "2026-08-29", "as_of_basis": "article_date", "first_reported": "2026-08-29", "last_reported": "2026-08-29", "confidence": "high", "confidence_note": "District explicitly named alongside the asset.", "density": "1", "effective_sources": "1", "independent_origins": "1", "origin": "media_own", "origin_note": "single outlet", "corroboration": "single_source", "evidence_quote": "Nepal’s 25-megawatt solar plant in Nuwakot was buried under sediment, while at least a dozen bridges were swept away, severing highways north.", "evidence_quote_en": "", "temporal_contamination_flag": "", "sector": "power", "asset_name": "25-megawatt solar plant", "status": "damaged", "capacity": "25.0", "unit": "MW", "damage_detail": "buried under sediment", "source_outlets": "The Daily Star", "source_outlet_count": 1, "entity_key": "25-megawatt solar plant|power", "geo_resolution": "district", "geo_statement": "Located to Nuwakot district only", "geo_match_name": null, "geo_match_osm_id": null, "geo_anchor_id": "79688334B17077666187877", "geo_anchor_name": "Nuwakot"}, "geometry": {"type": "Point", "coordinates": [85.20729652963067, 27.936643231647253]}}, {"type": "Feature", "properties": {"record_id": "fdf36bc0f1b4be84", "table": "infrastructure", "location_raw": "Trishuli Hospital, Trishuli", "location_ne": "", "admin_level": "settlement", "district": "Nuwakot", "province": "Bagmati", "geo_basis": "text_explicit", "as_of": "2026-08-30", "as_of_basis": "article_date", "first_reported": "2026-08-30", "last_reported": "2026-08-30", "confidence": "high", "confidence_note": "", "density": "2", "effective_sources": "2", "independent_origins": "2", "origin": "unattributed", "origin_note": "2 outlets, no reporting body named; independence not established", "corroboration": "independent", "evidence_quote": "Hospital pharmacist Maheshwar Yadav said medicine commonly prescribed for hypertension, including atenolol and losartan, were unavailable.", "evidence_quote_en": "", "temporal_contamination_flag": "", "sector": "health_facility", "asset_name": "Trishuli Hospital", "status": "partial", "capacity": "", "unit": "", "damage_detail": "medicine commonly prescribed for hypertension, including atenolol and losartan, were unavailable", "source_outlets": "Inquirer.net; The Straits Times", "source_outlet_count": 2, "entity_key": "Trishuli Hospital|health_facility", "geo_resolution": "point", "geo_statement": "Matched \"Trishuli Hospital\" to a named OSM facilitie in Nuwakot", "geo_match_name": "Trishuli Hospital", "geo_match_osm_id": "relation/10953586", "geo_anchor_id": null, "geo_anchor_name": null}, "geometry": {"type": "Point", "coordinates": [85.1409632, 27.9246498]}}, {"type": "Feature", "properties": {"record_id": "5601272573660af0", "table": "infrastructure", "location_raw": "Trishuli Hospital and surrounding settlements", "location_ne": "", "admin_level": "settlement", "district": "Nuwakot", "province": "Bagmati", "geo_basis": "gazetteer_match", "as_of": "2026-08-30", "as_of_basis": "article_date", "first_reported": "2026-08-30", "last_reported": "2026-08-30", "confidence": "medium", "confidence_note": "Hospital named explicitly; district not itself stated in the article.", "density": "1", "effective_sources": "1", "independent_origins": "1", "origin": "media_own", "origin_note": "single outlet", "corroboration": "single_source", "evidence_quote": "The flood has cut the main sources of drinking water to the hospital and surrounding settlements.", "evidence_quote_en": "", "temporal_contamination_flag": "False", "sector": "water", "asset_name": "", "status": "destroyed", "capacity": "", "unit": "", "damage_detail": "canal serving the Trishuli hydropower project, the main drinking-water source for the hospital and surrounding settlements, was destroyed", "source_outlets": "Inquirer.net", "source_outlet_count": 1, "entity_key": "Trishuli Hospital and surrounding settlements|water", "geo_resolution": "point", "geo_statement": "Matched \"Trishuli Hospital\" to a named OSM facilitie in Nuwakot", "geo_match_name": "Trishuli Hospital", "geo_match_osm_id": "relation/10953586", "geo_anchor_id": null, "geo_anchor_name": null}, "geometry": {"type": "Point", "coordinates": [85.1409632, 27.9246498]}}, {"type": "Feature", "properties": {"record_id": "bcad3bb1d66bdc8a", "table": "infrastructure", "location_raw": "तादी खोला (Tadi river)", "location_ne": "", "admin_level": "settlement", "district": "Nuwakot", "province": "Bagmati", "geo_basis": "text_explicit", "as_of": "2026-08-30", "as_of_basis": "article_date", "first_reported": "2026-08-30", "last_reported": "2026-08-30", "confidence": "high", "confidence_note": "Bridge over Tadi river explicitly named as swept away.", "density": "1", "effective_sources": "1", "independent_origins": "1", "origin": "media_own", "origin_note": "single outlet", "corroboration": "single_source", "evidence_quote": "तर तादी र कोल्पुखोलाको पुल बगाएसँगै बेलकोटगढी–७ महादेव माध्यमिक विद्यालयमा सञ्चालित होल्डिङ सेन्टरसम्म राहत सामग्री पु¥याउन पनि हेलिकप्टर नै प्रयोग गर्नुपर्ने अवस्था छ ।", "evidence_quote_en": "The Tadi river bridge was swept away.", "temporal_contamination_flag": "False", "sector": "bridge", "asset_name": "", "status": "destroyed", "capacity": "", "unit": "", "damage_detail": "बगाएसँगै (swept away)", "source_outlets": "Ratopati", "source_outlet_count": 1, "entity_key": "तादी खोला (Tadi river)|bridge", "geo_resolution": "district", "geo_statement": "Located to Nuwakot district only — the source names a place we could not resolve", "geo_match_name": null, "geo_match_osm_id": null, "geo_anchor_id": "79688334B17077666187877", "geo_anchor_name": "Nuwakot"}, "geometry": {"type": "Point", "coordinates": [85.20729652963067, 27.936643231647253]}}, {"type": "Feature", "properties": {"record_id": "257a9a1ec1ca8e10", "table": "infrastructure", "location_raw": "कोल्पुखोला (Kolpukhola)", "location_ne": "", "admin_level": "settlement", "district": "Nuwakot", "province": "Bagmati", "geo_basis": "text_explicit", "as_of": "2026-08-30", "as_of_basis": "article_date", "first_reported": "2026-08-30", "last_reported": "2026-08-30", "confidence": "high", "confidence_note": "Bridge over Kolpukhola explicitly named as swept away.", "density": "1", "effective_sources": "1", "independent_origins": "1", "origin": "media_own", "origin_note": "single outlet", "corroboration": "single_source", "evidence_quote": "तर तादी र कोल्पुखोलाको पुल बगाएसँगै बेलकोटगढी–७ महादेव माध्यमिक विद्यालयमा सञ्चालित होल्डिङ सेन्टरसम्म राहत सामग्री पु¥याउन पनि हेलिकप्टर नै प्रयोग गर्नुपर्ने अवस्था छ ।", "evidence_quote_en": "The Kolpukhola bridge was swept away.", "temporal_contamination_flag": "False", "sector": "bridge", "asset_name": "", "status": "destroyed", "capacity": "", "unit": "", "damage_detail": "बगाएसँगै (swept away)", "source_outlets": "Ratopati", "source_outlet_count": 1, "entity_key": "कोल्पुखोला (Kolpukhola)|bridge", "geo_resolution": "district", "geo_statement": "Located to Nuwakot district only — the source names a place we could not resolve", "geo_match_name": null, "geo_match_osm_id": null, "geo_anchor_id": "79688334B17077666187877", "geo_anchor_name": "Nuwakot"}, "geometry": {"type": "Point", "coordinates": [85.20729652963067, 27.936643231647253]}}, {"type": "Feature", "properties": {"record_id": "7f0f715a90dcd39b", "table": "infrastructure", "location_raw": "Devighat", "location_ne": "", "admin_level": "settlement", "district": "Nuwakot", "province": "Bagmati", "geo_basis": "text_adjacent", "as_of": "2026-08-30", "as_of_basis": "article_date", "first_reported": "2026-08-30", "last_reported": "2026-08-30", "confidence": "medium", "confidence_note": "Article states 'at least 13 hydropower projects...have been damaged in Rasuwa and Nuwakot districts' collectively; not attributed to a single district here.", "density": "1", "effective_sources": "1", "independent_origins": "1", "origin": "media_own", "origin_note": "single outlet", "corroboration": "single_source", "evidence_quote": "Affected operational projects include the 20MW Langtang Khola project, which was in the testing phase, the 5MW Mailung Khola, 14.8MW Mailung Khola, a 25MW solar project operated by the NEA and its subsidiaries, the 14MW Devighat, 24MW Trishuli, 60MW Upper Trishuli A, 22MW Chilime and the 111MW Rasuwagadhi Hydropower Project.", "evidence_quote_en": "", "temporal_contamination_flag": "False", "sector": "power", "asset_name": "Devighat", "status": "damaged", "capacity": "14.0", "unit": "MW", "damage_detail": "", "source_outlets": "The Kathmandu Post", "source_outlet_count": 1, "entity_key": "Devighat|power", "geo_resolution": "point", "geo_statement": "Matched \"Devighat\" to a named OSM place in Nuwakot", "geo_match_name": "देवीघाट", "geo_match_osm_id": "node/4156044161", "geo_anchor_id": null, "geo_anchor_name": null}, "geometry": {"type": "Point", "coordinates": [85.1100635, 27.8600323]}}, {"type": "Feature", "properties": {"record_id": "e58c07545f317ae4", "table": "infrastructure", "location_raw": "भैरवी, सुर्यमती र पञ्चकन्या आयल स्टोर, नुवाकोट", "location_ne": "", "admin_level": "settlement", "district": "Nuwakot", "province": "Bagmati", "geo_basis": "text_explicit", "as_of": "2026-08-30", "as_of_basis": "stated", "first_reported": "2026-08-30", "last_reported": "2026-08-30", "confidence": "high", "confidence_note": "", "density": "1", "effective_sources": "1", "independent_origins": "1", "origin": "media_own", "origin_note": "single outlet", "corroboration": "single_source", "evidence_quote": "नुवाकोटका भैरवी, सुर्यमती र पञ्चकन्या आयल स्टोरमा ३६ हजार लिटर डिजेल र २४ हजार लिटर पेट्रोल मौज्दात रहेको छ।", "evidence_quote_en": "", "temporal_contamination_flag": "False", "sector": "other", "asset_name": "भैरवी, सुर्यमती र पञ्चकन्या आयल स्टोर", "status": "functional", "capacity": "36000.0", "unit": "litres diesel", "damage_detail": "fuel stock maintained for relief operations", "source_outlets": "Arghakhanchi", "source_outlet_count": 1, "entity_key": "भैरवी, सुर्यमती र पञ्चकन्या आयल स्टोर|other", "geo_resolution": "point", "geo_statement": "Matched \"नुवाकोट\" to a named OSM place in Nuwakot", "geo_match_name": "नुवाकोट", "geo_match_osm_id": "node/3488022930", "geo_anchor_id": null, "geo_anchor_name": null}, "geometry": {"type": "Point", "coordinates": [85.1647073, 27.9151007]}}, {"type": "Feature", "properties": {"record_id": "0733207114b5bbab", "table": "infrastructure", "location_raw": "60 MW Upper Trishuli-3A Hydropower Project", "location_ne": "", "admin_level": "settlement", "district": "Nuwakot", "province": "Bagmati", "geo_basis": "text_explicit", "as_of": "2026-08-30", "as_of_basis": "article_date", "first_reported": "2026-08-30", "last_reported": "2026-08-31", "confidence": "high", "confidence_note": "Site and district both explicit.", "density": "2", "effective_sources": "1", "independent_origins": "1", "origin": "media_own", "origin_note": "single outlet", "corroboration": "syndicated", "evidence_quote": "At the 60 MW Upper Trishuli-3A Hydropower Project in Nuwakot, rescue efforts have made some progress after the tunnel entrance was buried by mud and debris.", "evidence_quote_en": "", "temporal_contamination_flag": "", "sector": "power", "asset_name": "Upper Trishuli-3A Hydropower Project", "status": "non_functional", "capacity": "60.0", "unit": "MW", "damage_detail": "tunnel entrance buried by mud and debris", "source_outlets": "DT Next; Daily Pioneer", "source_outlet_count": 2, "entity_key": "Upper Trishuli-3A Hydropower Project|power", "geo_resolution": "district", "geo_statement": "Located to Nuwakot district only — the source names a place we could not resolve", "geo_match_name": null, "geo_match_osm_id": null, "geo_anchor_id": "79688334B17077666187877", "geo_anchor_name": "Nuwakot"}, "geometry": {"type": "Point", "coordinates": [85.20729652963067, 27.936643231647253]}}, {"type": "Feature", "properties": {"record_id": "2a9a5f5e45b4f9f3", "table": "infrastructure", "location_raw": "Trishuli", "location_ne": "", "admin_level": "settlement", "district": "Nuwakot", "province": "Bagmati", "geo_basis": "text_explicit", "as_of": "2026-08-30", "as_of_basis": "article_date", "first_reported": "2026-08-30", "last_reported": "2026-08-30", "confidence": "high", "confidence_note": "", "density": "1", "effective_sources": "1", "independent_origins": "1", "origin": "media_own", "origin_note": "single outlet", "corroboration": "single_source", "evidence_quote": "Residents and the hospital had previously drawn water from a canal serving the Trishuli hydropower project, but the flood destroyed the canal.", "evidence_quote_en": "", "temporal_contamination_flag": "", "sector": "water", "asset_name": "canal serving the Trishuli hydropower project", "status": "destroyed", "capacity": "", "unit": "", "damage_detail": "Residents and the hospital had previously drawn water from a canal serving the Trishuli hydropower project, but the flood destroyed the canal.", "source_outlets": "The Straits Times", "source_outlet_count": 1, "entity_key": "canal serving the Trishuli hydropower project|water", "geo_resolution": "district", "geo_statement": "Located to Nuwakot district only — the source names a place we could not resolve", "geo_match_name": null, "geo_match_osm_id": null, "geo_anchor_id": "79688334B17077666187877", "geo_anchor_name": "Nuwakot"}, "geometry": {"type": "Point", "coordinates": [85.20729652963067, 27.936643231647253]}}, {"type": "Feature", "properties": {"record_id": "c70d14f7c0de08ae", "table": "infrastructure", "location_raw": "Tupche", "location_ne": "", "admin_level": "settlement", "district": "Nuwakot", "province": "Bagmati", "geo_basis": "text_explicit", "as_of": "2026-08-30", "as_of_basis": "article_date", "first_reported": "2026-08-30", "last_reported": "2026-08-30", "confidence": "high", "confidence_note": "", "density": "1", "effective_sources": "1", "independent_origins": "1", "origin": "media_own", "origin_note": "single outlet", "corroboration": "single_source", "evidence_quote": "A separate water pipeline bringing supplies through Tupche was also washed away.", "evidence_quote_en": "", "temporal_contamination_flag": "", "sector": "water", "asset_name": "water pipeline through Tupche", "status": "destroyed", "capacity": "", "unit": "", "damage_detail": "A separate water pipeline bringing supplies through Tupche was also washed away.", "source_outlets": "The Straits Times", "source_outlet_count": 1, "entity_key": "water pipeline through Tupche|water", "geo_resolution": "point", "geo_statement": "Matched \"Tupche\" to a named OSM place in Nuwakot", "geo_match_name": "टुपचे", "geo_match_osm_id": "node/5063441751", "geo_anchor_id": null, "geo_anchor_name": null}, "geometry": {"type": "Point", "coordinates": [85.1522679, 27.9733619]}}, {"type": "Feature", "properties": {"record_id": "43d7563919076b61", "table": "infrastructure", "location_raw": "Trishuli", "location_ne": "", "admin_level": "settlement", "district": "Nuwakot", "province": "Bagmati", "geo_basis": "gazetteer_match", "as_of": "2026-08-30", "as_of_basis": "article_date", "first_reported": "2026-08-30", "last_reported": "2026-08-30", "confidence": "low", "confidence_note": "Project not named; district Trishuli/Nuwakot inferred from gazetteer knowledge, not stated in text.", "density": "1", "effective_sources": "1", "independent_origins": "1", "origin": "media_own", "origin_note": "single outlet", "corroboration": "single_source", "evidence_quote": "A hydropower project in Trishuli, which was destroyed after the flash flood, can also be seen from the point.", "evidence_quote_en": "", "temporal_contamination_flag": "", "sector": "power", "asset_name": "", "status": "destroyed", "capacity": "", "unit": "", "damage_detail": "", "source_outlets": "NDTV", "source_outlet_count": 1, "entity_key": "Trishuli|power", "geo_resolution": "district", "geo_statement": "Located to Nuwakot district only — the source names a place we could not resolve", "geo_match_name": null, "geo_match_osm_id": null, "geo_anchor_id": "79688334B17077666187877", "geo_anchor_name": "Nuwakot"}, "geometry": {"type": "Point", "coordinates": [85.20729652963067, 27.936643231647253]}}, {"type": "Feature", "properties": {"record_id": "79ebee4fbe4096b9", "table": "infrastructure", "location_raw": "Trishuli 3A hydroelectric site", "location_ne": "", "admin_level": "settlement", "district": "Nuwakot", "province": "Bagmati", "geo_basis": "gazetteer_match", "as_of": "2026-08-30", "as_of_basis": "stated", "first_reported": "2026-08-31", "last_reported": "2026-08-31", "confidence": "medium", "confidence_note": "District inferred from cross-referenced project location (Trishuli 3A/Upper Trishuli 3A named in Nuwakot elsewhere in this shard); not stated explicitly in this article.", "density": "1", "effective_sources": "1", "independent_origins": "1", "origin": "media_own", "origin_note": "single outlet", "corroboration": "single_source", "evidence_quote": "Nepali army troops and engineers drilled through debris on Sunday towards workers believed trapped in a tunnel at the Trishuli 3A hydroelectric site in the Himalayan river valley after they successfully inserted a pipe into the passage.", "evidence_quote_en": "", "temporal_contamination_flag": "False", "sector": "power", "asset_name": "", "status": "non_functional", "capacity": "", "unit": "", "damage_detail": "tunnel blocked by debris; workers believed trapped, army drilling through debris", "source_outlets": "NST Online", "source_outlet_count": 1, "entity_key": "Trishuli 3A hydroelectric site|power", "geo_resolution": "district", "geo_statement": "Located to Nuwakot district only — the source names a place we could not resolve", "geo_match_name": null, "geo_match_osm_id": null, "geo_anchor_id": "79688334B17077666187877", "geo_anchor_name": "Nuwakot"}, "geometry": {"type": "Point", "coordinates": [85.20729652963067, 27.936643231647253]}}, {"type": "Feature", "properties": {"record_id": "f2353c988f40ec95", "table": "infrastructure", "location_raw": "Bidur", "location_ne": "", "admin_level": "municipality", "district": "Nuwakot", "province": "Bagmati", "geo_basis": "text_explicit", "as_of": "2026-08-31", "as_of_basis": "article_date", "first_reported": "2026-08-31", "last_reported": "2026-08-31", "confidence": "high", "confidence_note": "Bidur, Nuwakot's district headquarters, named explicitly.", "density": "1", "effective_sources": "1", "independent_origins": "1", "origin": "media_own", "origin_note": "single outlet", "corroboration": "single_source", "evidence_quote": "In Bidur, hundreds of people are stuck on the wrong side of the river after the bridge was washed away.", "evidence_quote_en": "", "temporal_contamination_flag": "False", "sector": "bridge", "asset_name": "", "status": "destroyed", "capacity": "", "unit": "", "damage_detail": "", "source_outlets": "The Guardian", "source_outlet_count": 1, "entity_key": "Bidur|bridge", "geo_resolution": "point", "geo_statement": "Matched \"Bidur\" to a named OSM place in Nuwakot", "geo_match_name": "बिदुर", "geo_match_osm_id": "node/3499801960", "geo_anchor_id": null, "geo_anchor_name": null}, "geometry": {"type": "Point", "coordinates": [85.146446, 27.89526]}}, {"type": "Feature", "properties": {"record_id": "7d8377dd2c6a9b1d", "table": "infrastructure", "location_raw": "Devighat", "location_ne": "", "admin_level": "settlement", "district": "Nuwakot", "province": "Bagmati", "geo_basis": "text_explicit", "as_of": "2026-08-31", "as_of_basis": "article_date", "first_reported": "2026-08-31", "last_reported": "2026-08-31", "confidence": "high", "confidence_note": "Devighat named explicitly.", "density": "1", "effective_sources": "1", "independent_origins": "1", "origin": "media_own", "origin_note": "single outlet", "corroboration": "single_source", "evidence_quote": "Devighat market has been left buried in mud and rubble after the flood, forcing surviving residents to search through the destruction for belongings and begin again.", "evidence_quote_en": "", "temporal_contamination_flag": "False", "sector": "other", "asset_name": "Devighat market", "status": "damaged", "capacity": "", "unit": "", "damage_detail": "left buried in mud and rubble", "source_outlets": "The Climate Watch", "source_outlet_count": 1, "entity_key": "Devighat market|other", "geo_resolution": "point", "geo_statement": "Matched \"Devighat\" to a named OSM place in Nuwakot", "geo_match_name": "देवीघाट", "geo_match_osm_id": "node/4156044161", "geo_anchor_id": null, "geo_anchor_name": null}, "geometry": {"type": "Point", "coordinates": [85.1100635, 27.8600323]}}, {"type": "Feature", "properties": {"record_id": "68b6f91f77d1340c", "table": "infrastructure", "location_raw": "माथिल्लो त्रिशूली ३ 'ए'", "location_ne": "", "admin_level": "settlement", "district": "Nuwakot", "province": "Bagmati", "geo_basis": "text_explicit", "as_of": "2026-08-31", "as_of_basis": "article_date", "first_reported": "2026-08-31", "last_reported": "2026-08-31", "confidence": "high", "confidence_note": "District explicitly stated in this article.", "density": "1", "effective_sources": "1", "independent_origins": "1", "origin": "media_own", "origin_note": "single outlet", "corroboration": "single_source", "evidence_quote": "नुवाकोटको माथिल्लो त्रिशूली ३ ‘ए’ आयोजनाको सुरुङमा उद्धारको प्रयास जारी राखिएको प्रधानमन्त्रीको स्ट्याटसमा छ।", "evidence_quote_en": "The Prime Minister's post says rescue efforts continue in the tunnel of the Upper Trishuli 3A project in Nuwakot.", "temporal_contamination_flag": "False", "sector": "power", "asset_name": "", "status": "non_functional", "capacity": "", "unit": "", "damage_detail": "tunnel blocked, rescue/blasting effort ongoing", "source_outlets": "Janakpur Today", "source_outlet_count": 1, "entity_key": "माथिल्लो त्रिशूली ३ 'ए'|power", "geo_resolution": "district", "geo_statement": "Located to Nuwakot district only — the source names a place we could not resolve", "geo_match_name": null, "geo_match_osm_id": null, "geo_anchor_id": "79688334B17077666187877", "geo_anchor_name": "Nuwakot"}, "geometry": {"type": "Point", "coordinates": [85.20729652963067, 27.936643231647253]}}, {"type": "Feature", "properties": {"record_id": "10af480b01008cf9", "table": "infrastructure", "location_raw": "Nuwakot", "location_ne": "", "admin_level": "district", "district": "Nuwakot", "province": "Bagmati", "geo_basis": "text_explicit", "as_of": "2026-08-31", "as_of_basis": "article_date", "first_reported": "2026-08-31", "last_reported": "2026-08-31", "confidence": "high", "confidence_note": "District named explicitly.", "density": "1", "effective_sources": "1", "independent_origins": "1", "origin": "media_own", "origin_note": "single outlet", "corroboration": "single_source", "evidence_quote": "The Nepal Electricity Authority has restored power supply in Nuwakot.", "evidence_quote_en": "", "temporal_contamination_flag": "False", "sector": "power", "asset_name": "", "status": "restored", "capacity": "", "unit": "", "damage_detail": "", "source_outlets": "The Kathmandu Post", "source_outlet_count": 1, "entity_key": "Nuwakot|power", "geo_resolution": "district", "geo_statement": "Located to Nuwakot district only", "geo_match_name": null, "geo_match_osm_id": null, "geo_anchor_id": "79688334B17077666187877", "geo_anchor_name": "Nuwakot"}, "geometry": {"type": "Point", "coordinates": [85.20729652963067, 27.936643231647253]}}, {"type": "Feature", "properties": {"record_id": "bc071f0a706e08fe", "table": "infrastructure", "location_raw": "Nuwakot", "location_ne": "", "admin_level": "district", "district": "Nuwakot", "province": "Bagmati", "geo_basis": "text_adjacent", "as_of": "2026-08-31", "as_of_basis": "article_date", "first_reported": "2026-08-31", "last_reported": "2026-08-31", "confidence": "medium", "confidence_note": "Follows directly after the Nuwakot power-restoration sentence ('Similarly'); scope not independently re-stated.", "density": "1", "effective_sources": "1", "independent_origins": "1", "origin": "media_own", "origin_note": "single outlet", "corroboration": "single_source", "evidence_quote": "Similarly, Nepal Telecom and Ncell are restoring telephone towers, so communication will soon be re-established.", "evidence_quote_en": "", "temporal_contamination_flag": "False", "sector": "telecom", "asset_name": "", "status": "restoring", "capacity": "", "unit": "", "damage_detail": "", "source_outlets": "The Kathmandu Post", "source_outlet_count": 1, "entity_key": "Nuwakot|telecom", "geo_resolution": "district", "geo_statement": "Located to Nuwakot district only", "geo_match_name": null, "geo_match_osm_id": null, "geo_anchor_id": "79688334B17077666187877", "geo_anchor_name": "Nuwakot"}, "geometry": {"type": "Point", "coordinates": [85.20729652963067, 27.936643231647253]}}, {"type": "Feature", "properties": {"record_id": "9524bbfb4bf30b33", "table": "infrastructure", "location_raw": "northern Rasuwa district", "location_ne": "", "admin_level": "district", "district": "Rasuwa", "province": "Bagmati", "geo_basis": "text_explicit", "as_of": "2026-08-26", "as_of_basis": "stated", "first_reported": "2026-08-27", "last_reported": "2026-08-31", "confidence": "high", "confidence_note": "District and border location stated directly.", "density": "12", "effective_sources": "9", "independent_origins": "9", "origin": "unattributed", "origin_note": "9 outlets, no reporting body named; independence not established", "corroboration": "independent", "evidence_quote": "ABC News said the flooding occurred in the northern Rasuwa district along the border with Tibet at around 8:40 a.m. local time Wednesday, and inundated areas along the Trishuli River, burying some buildings and damaging bridges and roadways.", "evidence_quote_en": "", "temporal_contamination_flag": "False", "sector": "road", "asset_name": "", "status": "damaged", "capacity": "", "unit": "", "damage_detail": "", "source_outlets": "The Daily Star; The Statesman; newsdrum.in; The Kathmandu Post; The Tribune; NewsCord; Onlinekhabar; Khabarhub", "source_outlet_count": 12, "entity_key": "northern Rasuwa district|road", "geo_resolution": "district", "geo_statement": "Located to Rasuwa district only", "geo_match_name": null, "geo_match_osm_id": null, "geo_anchor_id": "79688334B50883418539268", "geo_anchor_name": "Rasuwa"}, "geometry": {"type": "Point", "coordinates": [85.43275923020244, 28.17010993431697]}}, {"type": "Feature", "properties": {"record_id": "e6b78938f106a4c7", "table": "infrastructure", "location_raw": "Rasuwagadhi", "location_ne": "", "admin_level": "settlement", "district": "Rasuwa", "province": "Bagmati", "geo_basis": "text_explicit", "as_of": "2026-08-26", "as_of_basis": "inferred_from_text", "first_reported": "2026-08-28", "last_reported": "2026-08-28", "confidence": "high", "confidence_note": "Named building and district (Rasuwa) explicit in text.", "density": "1", "effective_sources": "1", "independent_origins": "1", "origin": "media_own", "origin_note": "single outlet", "corroboration": "single_source", "evidence_quote": "a towering wall of water and mud was seen rushing down a gorge along the Trishuli River and enveloping the Rasuwagadhi Border checkpoint, a multi-storey building on the Nepalese side.", "evidence_quote_en": "", "temporal_contamination_flag": "False", "sector": "other", "asset_name": "Rasuwagadhi Border checkpoint", "status": "damaged", "capacity": "", "unit": "", "damage_detail": "enveloped by a towering wall of water and mud", "source_outlets": "BBC", "source_outlet_count": 1, "entity_key": "Rasuwagadhi Border checkpoint|other", "geo_resolution": "point", "geo_statement": "Matched \"Rasuwagadhi\" to a named OSM place in Rasuwa", "geo_match_name": "रसुवागढी", "geo_match_osm_id": "node/992955542", "geo_anchor_id": null, "geo_anchor_name": null}, "geometry": {"type": "Point", "coordinates": [85.3777789, 28.2777749]}}, {"type": "Feature", "properties": {"record_id": "3e767485224cc05c", "table": "infrastructure", "location_raw": "Bhote Koshi and Syabrubesi", "location_ne": "", "admin_level": "settlement", "district": "Rasuwa", "province": "Bagmati", "geo_basis": "text_explicit", "as_of": "2026-08-26", "as_of_basis": "inferred_from_text", "first_reported": "2026-08-28", "last_reported": "2026-08-28", "confidence": "medium", "confidence_note": "Syabrubesi is a named settlement in Rasuwa district; Bhote Koshi station location grouped with it in the same clause. Hydrologist's personal name redacted from the quote per no-names rule.", "density": "1", "effective_sources": "1", "independent_origins": "1", "origin": "media_own", "origin_note": "single outlet", "corroboration": "single_source", "evidence_quote": "the automated gauging stations at Bhote Koshi and Syabrubesi, according to senior hydrologist [name], were among the first things the flood swept away.", "evidence_quote_en": "", "temporal_contamination_flag": "False", "sector": "other", "asset_name": "", "status": "destroyed", "capacity": "", "unit": "", "damage_detail": "automated river gauging stations swept away by the flood", "source_outlets": "The Daily Star", "source_outlet_count": 1, "entity_key": "Bhote Koshi and Syabrubesi|other", "geo_resolution": "point", "geo_statement": "Matched \"Bhote Koshi\" to a named OSM place in Rasuwa", "geo_match_name": "भोटेकोशी", "geo_match_osm_id": "node/13250737789", "geo_anchor_id": null, "geo_anchor_name": null}, "geometry": {"type": "Point", "coordinates": [85.9210581, 27.905365]}}, {"type": "Feature", "properties": {"record_id": "fe061b34716312d9", "table": "infrastructure", "location_raw": "Bhote Koshi Rasuwagadhi automatic water level center", "location_ne": "", "admin_level": "settlement", "district": "Rasuwa", "province": "Bagmati", "geo_basis": "text_explicit", "as_of": "2026-08-26", "as_of_basis": "inferred_from_text", "first_reported": "2026-08-30", "last_reported": "2026-08-30", "confidence": "high", "confidence_note": "Named monitoring station, district explicit.", "density": "1", "effective_sources": "1", "independent_origins": "1", "origin": "media_own", "origin_note": "single outlet", "corroboration": "single_source", "evidence_quote": "The last water level measurement at the Bhote Koshi Rasuwagadhi automatic water level center was 1.62 meters at 8:40 AM. The warning level for this center is 6 meters and the danger level is 7 meters, after which the center was washed away, the division stated.", "evidence_quote_en": "", "temporal_contamination_flag": "", "sector": "water", "asset_name": "Bhote Koshi Rasuwagadhi automatic water level center", "status": "destroyed", "capacity": "", "unit": "", "damage_detail": "washed away by the flash flood", "source_outlets": "Ratopati", "source_outlet_count": 1, "entity_key": "Bhote Koshi Rasuwagadhi automatic water level center|water", "geo_resolution": "district", "geo_statement": "Located to Rasuwa district only — the source names a place we could not resolve", "geo_match_name": null, "geo_match_osm_id": null, "geo_anchor_id": "79688334B50883418539268", "geo_anchor_name": "Rasuwa"}, "geometry": {"type": "Point", "coordinates": [85.43275923020244, 28.17010993431697]}}, {"type": "Feature", "properties": {"record_id": "a787c2c130dfafc5", "table": "infrastructure", "location_raw": "Syaprubesi automatic water level center", "location_ne": "", "admin_level": "settlement", "district": "Rasuwa", "province": "Bagmati", "geo_basis": "text_explicit", "as_of": "2026-08-26", "as_of_basis": "inferred_from_text", "first_reported": "2026-08-30", "last_reported": "2026-08-30", "confidence": "high", "confidence_note": "Named station, Syabrubesi is in Rasuwa district.", "density": "1", "effective_sources": "1", "independent_origins": "1", "origin": "media_own", "origin_note": "single outlet", "corroboration": "single_source", "evidence_quote": "The last water level measurement at the automatic water level center in Syaprubesi, about 9 kilometers downstream from the border, was 3.8 meters at 8:50 AM. Although its warning level is 5.5 meters, the center was washed away thereafter.", "evidence_quote_en": "", "temporal_contamination_flag": "", "sector": "water", "asset_name": "Syaprubesi automatic water level center", "status": "destroyed", "capacity": "", "unit": "", "damage_detail": "washed away by the flash flood", "source_outlets": "Ratopati", "source_outlet_count": 1, "entity_key": "Syaprubesi automatic water level center|water", "geo_resolution": "district", "geo_statement": "Located to Rasuwa district only — the source names a place we could not resolve", "geo_match_name": null, "geo_match_osm_id": null, "geo_anchor_id": "79688334B50883418539268", "geo_anchor_name": "Rasuwa"}, "geometry": {"type": "Point", "coordinates": [85.43275923020244, 28.17010993431697]}}, {"type": "Feature", "properties": {"record_id": "80b51233299906a8", "table": "infrastructure", "location_raw": "northern Rasuwa district", "location_ne": "", "admin_level": "district", "district": "Rasuwa", "province": "Bagmati", "geo_basis": "text_explicit", "as_of": "2026-08-26", "as_of_basis": "stated", "first_reported": "2026-08-28", "last_reported": "2026-08-30", "confidence": "high", "confidence_note": "District and border location stated directly.", "density": "3", "effective_sources": "3", "independent_origins": "3", "origin": "unattributed", "origin_note": "3 outlets, no reporting body named; independence not established", "corroboration": "independent", "evidence_quote": "ABC News said the flooding occurred in the northern Rasuwa district along the border with Tibet at around 8:40 a.m. local time Wednesday, and inundated areas along the Trishuli River, burying some buildings and damaging bridges and roadways.", "evidence_quote_en": "", "temporal_contamination_flag": "False", "sector": "bridge", "asset_name": "", "status": "damaged", "capacity": "", "unit": "", "damage_detail": "", "source_outlets": "newsdrum.in; Deshsanchar; NewsCord", "source_outlet_count": 3, "entity_key": "northern Rasuwa district|bridge", "geo_resolution": "district", "geo_statement": "Located to Rasuwa district only", "geo_match_name": null, "geo_match_osm_id": null, "geo_anchor_id": "79688334B50883418539268", "geo_anchor_name": "Rasuwa"}, "geometry": {"type": "Point", "coordinates": [85.43275923020244, 28.17010993431697]}}, {"type": "Feature", "properties": {"record_id": "fc1373ff2a3cc834", "table": "infrastructure", "location_raw": "Bhote Koshi monitoring station", "location_ne": "", "admin_level": "settlement", "district": "Rasuwa", "province": "Bagmati", "geo_basis": "text_explicit", "as_of": "2026-08-26", "as_of_basis": "inferred_from_text", "first_reported": "2026-08-30", "last_reported": "2026-08-30", "confidence": "high", "confidence_note": "Station and its district both named directly.", "density": "1", "effective_sources": "1", "independent_origins": "1", "origin": "media_own", "origin_note": "single outlet", "corroboration": "single_source", "evidence_quote": "Four of the region’s own river-monitoring stations were themselves swept away by the flood they were meant to detect. These included those at Rasuwa’s Bhote Koshi and Syabrubesi points and at Nuwakot’s Betrawati and Dhading’s Malekhu.", "evidence_quote_en": "", "temporal_contamination_flag": "", "sector": "other", "asset_name": "Bhote Koshi monitoring station", "status": "destroyed", "capacity": "", "unit": "", "damage_detail": "swept away by the flood they were meant to detect", "source_outlets": "NepalNews", "source_outlet_count": 1, "entity_key": "Bhote Koshi monitoring station|other", "geo_resolution": "district", "geo_statement": "Located to Rasuwa district only — the source names a place we could not resolve", "geo_match_name": null, "geo_match_osm_id": null, "geo_anchor_id": "79688334B50883418539268", "geo_anchor_name": "Rasuwa"}, "geometry": {"type": "Point", "coordinates": [85.43275923020244, 28.17010993431697]}}, {"type": "Feature", "properties": {"record_id": "a5c3d80ae9f3c087", "table": "infrastructure", "location_raw": "Syabrubesi monitoring station", "location_ne": "", "admin_level": "settlement", "district": "Rasuwa", "province": "Bagmati", "geo_basis": "text_explicit", "as_of": "2026-08-26", "as_of_basis": "inferred_from_text", "first_reported": "2026-08-30", "last_reported": "2026-08-30", "confidence": "high", "confidence_note": "Station and its district both named directly.", "density": "1", "effective_sources": "1", "independent_origins": "1", "origin": "media_own", "origin_note": "single outlet", "corroboration": "single_source", "evidence_quote": "Four of the region’s own river-monitoring stations were themselves swept away by the flood they were meant to detect. These included those at Rasuwa’s Bhote Koshi and Syabrubesi points and at Nuwakot’s Betrawati and Dhading’s Malekhu.", "evidence_quote_en": "", "temporal_contamination_flag": "", "sector": "other", "asset_name": "Syabrubesi monitoring station", "status": "destroyed", "capacity": "", "unit": "", "damage_detail": "swept away by the flood they were meant to detect", "source_outlets": "NepalNews", "source_outlet_count": 1, "entity_key": "Syabrubesi monitoring station|other", "geo_resolution": "district", "geo_statement": "Located to Rasuwa district only — the source names a place we could not resolve", "geo_match_name": null, "geo_match_osm_id": null, "geo_anchor_id": "79688334B50883418539268", "geo_anchor_name": "Rasuwa"}, "geometry": {"type": "Point", "coordinates": [85.43275923020244, 28.17010993431697]}}, {"type": "Feature", "properties": {"record_id": "282f250d7b5f99c6", "table": "infrastructure", "location_raw": "Gatte Khola near Timure", "location_ne": "", "admin_level": "settlement", "district": "Rasuwa", "province": "Bagmati", "geo_basis": "text_explicit", "as_of": "2026-08-26", "as_of_basis": "inferred_from_text", "first_reported": "2026-08-30", "last_reported": "2026-08-30", "confidence": "medium", "confidence_note": "Hedge word 'reportedly' in source.", "density": "1", "effective_sources": "1", "independent_origins": "1", "origin": "media_own", "origin_note": "single outlet", "corroboration": "single_source", "evidence_quote": "The hotel where they had spent the previous night – Hotel Kailash in Gatte Khola near Timure – has reportedly been washed away in a torrent of mud and rocks.", "evidence_quote_en": "", "temporal_contamination_flag": "", "sector": "other", "asset_name": "Hotel Kailash", "status": "destroyed", "capacity": "", "unit": "", "damage_detail": "reportedly been washed away in a torrent of mud and rocks", "source_outlets": "The Straits Times", "source_outlet_count": 1, "entity_key": "Hotel Kailash|other", "geo_resolution": "district", "geo_statement": "Located to Rasuwa district only — the source names a place we could not resolve", "geo_match_name": null, "geo_match_osm_id": null, "geo_anchor_id": "79688334B50883418539268", "geo_anchor_name": "Rasuwa"}, "geometry": {"type": "Point", "coordinates": [85.43275923020244, 28.17010993431697]}}, {"type": "Feature", "properties": {"record_id": "07ee65d739460ccf", "table": "infrastructure", "location_raw": "Rasuwagadhi", "location_ne": "", "admin_level": "settlement", "district": "Rasuwa", "province": "Bagmati", "geo_basis": "text_explicit", "as_of": "2026-08-26", "as_of_basis": "stated", "first_reported": "2026-08-30", "last_reported": "2026-08-30", "confidence": "high", "confidence_note": "Named crossing in named district.", "density": "1", "effective_sources": "1", "independent_origins": "1", "origin": "media_own", "origin_note": "single outlet", "corroboration": "single_source", "evidence_quote": "The floods that tore through the Bhotekoshi corridor on August 26 destroyed this vital crossing and left Nepal’s main overland trade gateway with China cut off.", "evidence_quote_en": "", "temporal_contamination_flag": "", "sector": "road", "asset_name": "Rasuwagadhi-Kerung border crossing/road", "status": "destroyed", "capacity": "", "unit": "", "damage_detail": "", "source_outlets": "The Kathmandu Post", "source_outlet_count": 1, "entity_key": "Rasuwagadhi-Kerung border crossing/road|road", "geo_resolution": "point", "geo_statement": "Matched \"Rasuwagadhi\" to a named OSM place in Rasuwa", "geo_match_name": "रसुवागढी", "geo_match_osm_id": "node/992955542", "geo_anchor_id": null, "geo_anchor_name": null}, "geometry": {"type": "Point", "coordinates": [85.3777789, 28.2777749]}}, {"type": "Feature", "properties": {"record_id": "431e4a69632d2fc5", "table": "infrastructure", "location_raw": "Timure / Rasuwagadhi area, Rasuwa", "location_ne": "", "admin_level": "settlement", "district": "Rasuwa", "province": "Bagmati", "geo_basis": "text_explicit", "as_of": "2026-08-26", "as_of_basis": "stated", "first_reported": "2026-08-31", "last_reported": "2026-08-31", "confidence": "high", "confidence_note": "Named settlements and district (event start date, Aug 26).", "density": "1", "effective_sources": "1", "independent_origins": "1", "origin": "media_own", "origin_note": "single outlet", "corroboration": "single_source", "evidence_quote": "Bridges and sections of the Pasang Lhamu Highway were swept away, leaving communities isolated and making rescue and relief operations extremely difficult.", "evidence_quote_en": "", "temporal_contamination_flag": "", "sector": "road", "asset_name": "Pasang Lhamu Highway", "status": "destroyed", "capacity": "", "unit": "", "damage_detail": "bridges and sections of the highway swept away", "source_outlets": "Khabarhub", "source_outlet_count": 1, "entity_key": "Pasang Lhamu Highway|road", "geo_resolution": "district", "geo_statement": "Located to Rasuwa district only — the source names a place we could not resolve", "geo_match_name": null, "geo_match_osm_id": null, "geo_anchor_id": "79688334B50883418539268", "geo_anchor_name": "Rasuwa"}, "geometry": {"type": "Point", "coordinates": [85.43275923020244, 28.17010993431697]}}, {"type": "Feature", "properties": {"record_id": "ff0e28ed917400bd", "table": "infrastructure", "location_raw": "Kailash Hotel, near the immigration centre (Timure)", "location_ne": "", "admin_level": "settlement", "district": "Rasuwa", "province": "Bagmati", "geo_basis": "text_adjacent", "as_of": "2026-08-26", "as_of_basis": "inferred_from_text", "first_reported": "2026-08-31", "last_reported": "2026-08-31", "confidence": "medium", "confidence_note": "Timure/Rasuwagadhi immigration centre named nearby in article; quote itself has no personal name.", "density": "1", "effective_sources": "1", "independent_origins": "1", "origin": "media_own", "origin_note": "single outlet", "corroboration": "single_source", "evidence_quote": "She was staying at Kailash Hotel, which is near the immigration centre, and the hotel has been completely damaged.", "evidence_quote_en": "", "temporal_contamination_flag": "", "sector": "other", "asset_name": "Kailash Hotel", "status": "damaged", "capacity": "", "unit": "", "damage_detail": "completely damaged", "source_outlets": "The Times of India", "source_outlet_count": 1, "entity_key": "Kailash Hotel|other", "geo_resolution": "point", "geo_statement": "Matched \"Timure\" to a named OSM place in Rasuwa", "geo_match_name": "टिमुरे", "geo_match_osm_id": "node/2553894641", "geo_anchor_id": null, "geo_anchor_name": null}, "geometry": {"type": "Point", "coordinates": [85.3666715, 28.2528483]}}, {"type": "Feature", "properties": {"record_id": "38329482ac812571", "table": "infrastructure", "location_raw": "रसुवाको भोटेकोशीदेखि त्रिशूली नदीको तल्लो तटीय क्षेत्र", "location_ne": "", "admin_level": "district", "district": "Rasuwa", "province": "Bagmati", "geo_basis": "text_explicit", "as_of": "2026-08-26", "as_of_basis": "stated", "first_reported": "2026-08-28", "last_reported": "2026-08-31", "confidence": "medium", "confidence_note": "Range given (13-15) rather than exact count; not sharpened. Flood originated in Rasuwa's Bhotekoshi and affected the lower Trishuli corridor.", "density": "6", "effective_sources": "6", "independent_origins": "6", "origin": "unattributed", "origin_note": "6 outlets, no reporting body named; independence not established", "corroboration": "independent", "evidence_quote": "बाढीले दर्जनौं बस्ती, सडक, पुल, भन्सार संरचना र १३ देखि १५ वटा जलविद्युत आयोजनामा क्षति पुर्याएको छ।", "evidence_quote_en": "", "temporal_contamination_flag": "", "sector": "power", "asset_name": "", "status": "damaged", "capacity": "", "unit": "", "damage_detail": "१३ देखि १५ वटा जलविद्युत आयोजनामा क्षति (13 to 15 hydropower projects damaged, range as stated)", "source_outlets": "Onlinekhabar; Yahoo; Aaj Tak News", "source_outlet_count": 6, "entity_key": "रसुवाको भोटेकोशीदेखि त्रिशूली नदीको तल्लो तटीय क्षेत्र|power", "geo_resolution": "district", "geo_statement": "Located to Rasuwa district only", "geo_match_name": null, "geo_match_osm_id": null, "geo_anchor_id": "79688334B50883418539268", "geo_anchor_name": "Rasuwa"}, "geometry": {"type": "Point", "coordinates": [85.43275923020244, 28.17010993431697]}}, {"type": "Feature", "properties": {"record_id": "5c634f83d76c3920", "table": "infrastructure", "location_raw": "Rasuwagadhi Hydropower Project", "location_ne": "", "admin_level": "settlement", "district": "Rasuwa", "province": "Bagmati", "geo_basis": "text_explicit", "as_of": "2026-08-26", "as_of_basis": "stated", "first_reported": "2026-08-28", "last_reported": "2026-08-31", "confidence": "medium", "confidence_note": "Article states the flood struck the project directly but does not use an explicit damage-status word.", "density": "4", "effective_sources": "4", "independent_origins": "4", "origin": "unattributed", "origin_note": "4 outlets, no reporting body named; independence not established", "corroboration": "independent", "evidence_quote": "A destructive flood hit the Bhotekoshi River on the morning of August 26. The flood struck the 111-megawatt Rasuwagadhi Hydropower Project directly.", "evidence_quote_en": "", "temporal_contamination_flag": "False", "sector": "power", "asset_name": "Rasuwagadhi Hydropower Project", "status": "damaged", "capacity": "111.0", "unit": "MW", "damage_detail": "flood struck the project directly", "source_outlets": "Onlinekhabar; India Today; The Statesman", "source_outlet_count": 4, "entity_key": "Rasuwagadhi Hydropower Project|power", "geo_resolution": "district", "geo_statement": "Located to Rasuwa district only — the source names a place we could not resolve", "geo_match_name": null, "geo_match_osm_id": null, "geo_anchor_id": "79688334B50883418539268", "geo_anchor_name": "Rasuwa"}, "geometry": {"type": "Point", "coordinates": [85.43275923020244, 28.17010993431697]}}, {"type": "Feature", "properties": {"record_id": "e8146dd52eaadd43", "table": "infrastructure", "location_raw": "गोसाइँकुण्ड गाउँपालिका", "location_ne": "गोसाइँकुण्ड गाउँपालिका", "admin_level": "rural_municipality", "district": "Rasuwa", "province": "Bagmati", "geo_basis": "text_explicit", "as_of": "2026-08-26", "as_of_basis": "stated", "first_reported": "2026-08-31", "last_reported": "2026-08-31", "confidence": "medium", "confidence_note": "Gosaikunda Rural Municipality area named explicitly in the article as where the flood hit infrastructure.", "density": "1", "effective_sources": "1", "independent_origins": "1", "origin": "media_own", "origin_note": "single outlet", "corroboration": "single_source", "evidence_quote": "बाढीले सडक, पुल तथा सञ्चार संरचनामा क्षति पुर्याउँदा सम्पर्क स्थापित गर्न कठिनाइ भएको छ ।", "evidence_quote_en": "The flood damaged roads, bridges, and communication infrastructure, making it difficult to establish contact.", "temporal_contamination_flag": "False", "sector": "road", "asset_name": "", "status": "damaged", "capacity": "", "unit": "", "damage_detail": "", "source_outlets": "Onlinekhabar", "source_outlet_count": 1, "entity_key": "गोसाइँकुण्ड गाउँपालिका|road", "geo_resolution": "point", "geo_statement": "Matched \"गोसाइँकुण्ड\" to a named OSM place in Rasuwa", "geo_match_name": "गोसाइँकुण्ड", "geo_match_osm_id": "node/13242877445", "geo_anchor_id": null, "geo_anchor_name": null}, "geometry": {"type": "Point", "coordinates": [85.298525, 28.110361]}}, {"type": "Feature", "properties": {"record_id": "5a7eb68194a22415", "table": "infrastructure", "location_raw": "गोसाइँकुण्ड गाउँपालिका", "location_ne": "गोसाइँकुण्ड गाउँपालिका", "admin_level": "rural_municipality", "district": "Rasuwa", "province": "Bagmati", "geo_basis": "text_explicit", "as_of": "2026-08-26", "as_of_basis": "stated", "first_reported": "2026-08-31", "last_reported": "2026-08-31", "confidence": "medium", "confidence_note": "Gosaikunda Rural Municipality area named explicitly in the article as where the flood hit infrastructure.", "density": "1", "effective_sources": "1", "independent_origins": "1", "origin": "media_own", "origin_note": "single outlet", "corroboration": "single_source", "evidence_quote": "बाढीले सडक, पुल तथा सञ्चार संरचनामा क्षति पुर्याउँदा सम्पर्क स्थापित गर्न कठिनाइ भएको छ ।", "evidence_quote_en": "The flood damaged roads, bridges, and communication infrastructure, making it difficult to establish contact.", "temporal_contamination_flag": "False", "sector": "bridge", "asset_name": "", "status": "damaged", "capacity": "", "unit": "", "damage_detail": "", "source_outlets": "Onlinekhabar", "source_outlet_count": 1, "entity_key": "गोसाइँकुण्ड गाउँपालिका|bridge", "geo_resolution": "point", "geo_statement": "Matched \"गोसाइँकुण्ड\" to a named OSM place in Rasuwa", "geo_match_name": "गोसाइँकुण्ड", "geo_match_osm_id": "node/13242877445", "geo_anchor_id": null, "geo_anchor_name": null}, "geometry": {"type": "Point", "coordinates": [85.298525, 28.110361]}}, {"type": "Feature", "properties": {"record_id": "c875e8a475755067", "table": "infrastructure", "location_raw": "गोसाइँकुण्ड गाउँपालिका", "location_ne": "गोसाइँकुण्ड गाउँपालिका", "admin_level": "rural_municipality", "district": "Rasuwa", "province": "Bagmati", "geo_basis": "text_explicit", "as_of": "2026-08-26", "as_of_basis": "stated", "first_reported": "2026-08-31", "last_reported": "2026-08-31", "confidence": "medium", "confidence_note": "Gosaikunda Rural Municipality area named explicitly in the article as where the flood hit infrastructure.", "density": "1", "effective_sources": "1", "independent_origins": "1", "origin": "media_own", "origin_note": "single outlet", "corroboration": "single_source", "evidence_quote": "बाढीले सडक, पुल तथा सञ्चार संरचनामा क्षति पुर्याउँदा सम्पर्क स्थापित गर्न कठिनाइ भएको छ ।", "evidence_quote_en": "The flood damaged roads, bridges, and communication infrastructure, making it difficult to establish contact.", "temporal_contamination_flag": "False", "sector": "telecom", "asset_name": "", "status": "damaged", "capacity": "", "unit": "", "damage_detail": "", "source_outlets": "Onlinekhabar", "source_outlet_count": 1, "entity_key": "गोसाइँकुण्ड गाउँपालिका|telecom", "geo_resolution": "point", "geo_statement": "Matched \"गोसाइँकुण्ड\" to a named OSM place in Rasuwa", "geo_match_name": "गोसाइँकुण्ड", "geo_match_osm_id": "node/13242877445", "geo_anchor_id": null, "geo_anchor_name": null}, "geometry": {"type": "Point", "coordinates": [85.298525, 28.110361]}}, {"type": "Feature", "properties": {"record_id": "97e0e2cf7a624baf", "table": "infrastructure", "location_raw": "Syabrubesi", "location_ne": "", "admin_level": "settlement", "district": "Rasuwa", "province": "Bagmati", "geo_basis": "text_explicit", "as_of": "2026-08-26", "as_of_basis": "inferred_from_text", "first_reported": "2026-08-28", "last_reported": "2026-08-28", "confidence": "medium", "confidence_note": "Station location named directly; exact district not stated in this passage.", "density": "1", "effective_sources": "1", "independent_origins": "1", "origin": "media_own", "origin_note": "single outlet", "corroboration": "single_source", "evidence_quote": "Automated monitoring stations at Syabrubesi, Betrawati and Malekhu stopped transmitting as the flood swept through.", "evidence_quote_en": "", "temporal_contamination_flag": "", "sector": "other", "asset_name": "Automated flood monitoring station, Syabrubesi", "status": "non_functional", "capacity": "", "unit": "", "damage_detail": "stopped transmitting as the flood swept through", "source_outlets": "Open Magazine", "source_outlet_count": 1, "entity_key": "Automated flood monitoring station, Syabrubesi|other", "geo_resolution": "district", "geo_statement": "Located to Rasuwa district only — the source names a place we could not resolve", "geo_match_name": null, "geo_match_osm_id": null, "geo_anchor_id": "79688334B50883418539268", "geo_anchor_name": "Rasuwa"}, "geometry": {"type": "Point", "coordinates": [85.43275923020244, 28.17010993431697]}}, {"type": "Feature", "properties": {"record_id": "4470b75be2fb62ef", "table": "infrastructure", "location_raw": "बेत्रावती बाज़ार", "location_ne": "", "admin_level": "settlement", "district": "Rasuwa", "province": "Bagmati", "geo_basis": "text_explicit", "as_of": "2026-08-26", "as_of_basis": "inferred_from_text", "first_reported": "2026-08-28", "last_reported": "2026-08-28", "confidence": "high", "confidence_note": "Betrawati is in Rasuwa district, Bagmati province.", "density": "1", "effective_sources": "1", "independent_origins": "1", "origin": "media_own", "origin_note": "single outlet", "corroboration": "single_source", "evidence_quote": "बाढ़ में नुक़सान का अंदाज़ा इसी से लगाया जा सकता है कि बेत्रावती बाज़ार और तिमुरे कस्बा पूरी तरह से बह गए.", "evidence_quote_en": "The scale of the damage can be gauged from the fact that Betrawati Market and Timure town were completely swept away.", "temporal_contamination_flag": "", "sector": "other", "asset_name": "Betrawati Market", "status": "destroyed", "capacity": "", "unit": "", "damage_detail": "बेत्रावती बाज़ार...पूरी तरह से बह गए", "source_outlets": "BBC", "source_outlet_count": 1, "entity_key": "Betrawati Market|other", "geo_resolution": "district", "geo_statement": "Located to Rasuwa district only — the source names a place we could not resolve", "geo_match_name": null, "geo_match_osm_id": null, "geo_anchor_id": "79688334B50883418539268", "geo_anchor_name": "Rasuwa"}, "geometry": {"type": "Point", "coordinates": [85.43275923020244, 28.17010993431697]}}, {"type": "Feature", "properties": {"record_id": "a30cc9a95a846820", "table": "infrastructure", "location_raw": "तिमुरे", "location_ne": "", "admin_level": "settlement", "district": "Rasuwa", "province": "Bagmati", "geo_basis": "text_explicit", "as_of": "2026-08-26", "as_of_basis": "inferred_from_text", "first_reported": "2026-08-28", "last_reported": "2026-08-28", "confidence": "high", "confidence_note": "Timure is in Rasuwa district, Bagmati province, near the China border.", "density": "1", "effective_sources": "1", "independent_origins": "1", "origin": "media_own", "origin_note": "single outlet", "corroboration": "single_source", "evidence_quote": "बाढ़ में नुक़सान का अंदाज़ा इसी से लगाया जा सकता है कि बेत्रावती बाज़ार और तिमुरे कस्बा पूरी तरह से बह गए.", "evidence_quote_en": "The scale of the damage can be gauged from the fact that Betrawati Market and Timure town were completely swept away.", "temporal_contamination_flag": "", "sector": "other", "asset_name": "Timure town", "status": "destroyed", "capacity": "", "unit": "", "damage_detail": "तिमुरे कस्बा पूरी तरह से बह गए", "source_outlets": "BBC", "source_outlet_count": 1, "entity_key": "Timure town|other", "geo_resolution": "district", "geo_statement": "Located to Rasuwa district only — the source names a place we could not resolve", "geo_match_name": null, "geo_match_osm_id": null, "geo_anchor_id": "79688334B50883418539268", "geo_anchor_name": "Rasuwa"}, "geometry": {"type": "Point", "coordinates": [85.43275923020244, 28.17010993431697]}}, {"type": "Feature", "properties": {"record_id": "47f344cfdc680d27", "table": "infrastructure", "location_raw": "construction site of Doosan Enerbility's hydropower plant, located about 70 km north of Kathmandu", "location_ne": "", "admin_level": "district", "district": "Rasuwa", "province": "Bagmati", "geo_basis": "text_adjacent", "as_of": "2026-08-26", "as_of_basis": "stated", "first_reported": "2026-08-28", "last_reported": "2026-08-28", "confidence": "medium", "confidence_note": "Article separately states the flood 'hit the northern Nepalese region of Rasuwa'; district inferred from that adjacent statement about the same disaster/site.", "density": "1", "effective_sources": "1", "independent_origins": "1", "origin": "media_own", "origin_note": "single outlet", "corroboration": "single_source", "evidence_quote": "The flood sweeps away most of the water-blocking facilities.", "evidence_quote_en": "", "temporal_contamination_flag": "", "sector": "power", "asset_name": "Doosan Enerbility hydropower plant", "status": "damaged", "capacity": "", "unit": "", "damage_detail": "The flood sweeps away most of the water-blocking facilities.", "source_outlets": "조선일보", "source_outlet_count": 1, "entity_key": "Doosan Enerbility hydropower plant|power", "geo_resolution": "district", "geo_statement": "Located to Rasuwa district only", "geo_match_name": null, "geo_match_osm_id": null, "geo_anchor_id": "79688334B50883418539268", "geo_anchor_name": "Rasuwa"}, "geometry": {"type": "Point", "coordinates": [85.43275923020244, 28.17010993431697]}}, {"type": "Feature", "properties": {"record_id": "f1ae12548c9993a0", "table": "infrastructure", "location_raw": "भोटेकोशी/त्रिशूली नदी आसपासका बैंक शाखा (bank branches near Timure/Syafrubesi), रसुवा", "location_ne": "", "admin_level": "district", "district": "Rasuwa", "province": "Bagmati", "geo_basis": "text_explicit", "as_of": "2026-08-26", "as_of_basis": "inferred_from_text", "first_reported": "2026-08-28", "last_reported": "2026-08-28", "confidence": "medium", "confidence_note": "Bankers Association president statement (name omitted).", "density": "1", "effective_sources": "1", "independent_origins": "1", "origin": "media_own", "origin_note": "single outlet", "corroboration": "single_source", "evidence_quote": "विभिन्न बैंकहरूका ९ वटा शाखा कार्यलयमा पूर्ण क्षति पुगेको उनले बताए ।", "evidence_quote_en": "He said 9 branch offices of various banks suffered complete damage.", "temporal_contamination_flag": "", "sector": "other", "asset_name": "bank branch offices", "status": "destroyed", "capacity": "9.0", "unit": "branches", "damage_detail": "पूर्ण क्षति (complete damage)", "source_outlets": "Onlinekhabar", "source_outlet_count": 1, "entity_key": "bank branch offices|other", "geo_resolution": "district", "geo_statement": "Located to Rasuwa district only", "geo_match_name": null, "geo_match_osm_id": null, "geo_anchor_id": "79688334B50883418539268", "geo_anchor_name": "Rasuwa"}, "geometry": {"type": "Point", "coordinates": [85.43275923020244, 28.17010993431697]}}, {"type": "Feature", "properties": {"record_id": "63f4b90a08c69584", "table": "infrastructure", "location_raw": "Bhote Koshi and Syabrubesi", "location_ne": "", "admin_level": "settlement", "district": "Rasuwa", "province": "Bagmati", "geo_basis": "text_explicit", "as_of": "2026-08-26", "as_of_basis": "inferred_from_text", "first_reported": "2026-08-28", "last_reported": "2026-08-28", "confidence": "medium", "confidence_note": "Syabrubesi is in Rasuwa; Bhote Koshi is the river through Rasuwa.", "density": "1", "effective_sources": "1", "independent_origins": "1", "origin": "media_own", "origin_note": "single outlet", "corroboration": "single_source", "evidence_quote": "the instruments meant to catch the signal failed alongside everything else: the automated gauging stations at Bhote Koshi and Syabrubesi, according to senior hydrologist Binod Parajuli, were among the first things the flood swept away.", "evidence_quote_en": "", "temporal_contamination_flag": "", "sector": "other", "asset_name": "automated gauging stations", "status": "destroyed", "capacity": "", "unit": "", "damage_detail": "among the first infrastructure swept away by the flood", "source_outlets": "The Daily Star", "source_outlet_count": 1, "entity_key": "automated gauging stations|other", "geo_resolution": "point", "geo_statement": "Matched \"Bhote Koshi\" to a named OSM place in Rasuwa", "geo_match_name": "भोटेकोशी", "geo_match_osm_id": "node/13250737789", "geo_anchor_id": null, "geo_anchor_name": null}, "geometry": {"type": "Point", "coordinates": [85.9210581, 27.905365]}}, {"type": "Feature", "properties": {"record_id": "9a57593a2790065e", "table": "infrastructure", "location_raw": "lower Bhote Koshi banks, Rasuwa", "location_ne": "", "admin_level": "district", "district": "Rasuwa", "province": "Bagmati", "geo_basis": "text_adjacent", "as_of": "2026-08-26", "as_of_basis": "inferred_from_text", "first_reported": "2026-08-28", "last_reported": "2026-08-28", "confidence": "medium", "confidence_note": "2026 event; district inferred from surrounding Rasuwa/Syabrubesi context.", "density": "1", "effective_sources": "1", "independent_origins": "1", "origin": "media_own", "origin_note": "single outlet", "corroboration": "single_source", "evidence_quote": "Hydropower plants on the lower banks were swept away, along with the road connecting Syabrubesi to the Rasuwagadhi border crossing, itself only partially rebuilt since 2025.", "evidence_quote_en": "", "temporal_contamination_flag": "", "sector": "power", "asset_name": "hydropower plants on lower banks", "status": "destroyed", "capacity": "", "unit": "", "damage_detail": "", "source_outlets": "The Korea Times", "source_outlet_count": 1, "entity_key": "hydropower plants on lower banks|power", "geo_resolution": "district", "geo_statement": "Located to Rasuwa district only", "geo_match_name": null, "geo_match_osm_id": null, "geo_anchor_id": "79688334B50883418539268", "geo_anchor_name": "Rasuwa"}, "geometry": {"type": "Point", "coordinates": [85.43275923020244, 28.17010993431697]}}, {"type": "Feature", "properties": {"record_id": "b3e4009a3309b4d2", "table": "infrastructure", "location_raw": "Nepal-Tibet border crossing", "location_ne": "", "admin_level": "settlement", "district": "Rasuwa", "province": "Bagmati", "geo_basis": "text_adjacent", "as_of": "2026-08-26", "as_of_basis": "inferred_from_text", "first_reported": "2026-08-29", "last_reported": "2026-08-29", "confidence": "medium", "confidence_note": "Border crossing inferred to be the Rasuwagadhi-Gyirong crossing; not named explicitly.", "density": "1", "effective_sources": "1", "independent_origins": "1", "origin": "media_own", "origin_note": "single outlet", "corroboration": "single_source", "evidence_quote": "The flooding struck on Wednesday after a glacier collapse triggered a massive surge of water through the Himalayan border region. The flood swept through homes and roads and destroyed a key crossing between Nepal and Tibet.", "evidence_quote_en": "", "temporal_contamination_flag": "", "sector": "road", "asset_name": "", "status": "destroyed", "capacity": "", "unit": "", "damage_detail": "destroyed a key crossing between Nepal and Tibet", "source_outlets": "Views Bangladesh", "source_outlet_count": 1, "entity_key": "Nepal-Tibet border crossing|road", "geo_resolution": "district", "geo_statement": "Located to Rasuwa district only — the source names a place we could not resolve", "geo_match_name": null, "geo_match_osm_id": null, "geo_anchor_id": "79688334B50883418539268", "geo_anchor_name": "Rasuwa"}, "geometry": {"type": "Point", "coordinates": [85.43275923020244, 28.17010993431697]}}, {"type": "Feature", "properties": {"record_id": "b207fb2367a5756b", "table": "infrastructure", "location_raw": "Betrawati-Syafrubesi-Rasuwagadhi via Mailung", "location_ne": "", "admin_level": "district", "district": "Rasuwa", "province": "Bagmati", "geo_basis": "text_explicit", "as_of": "2026-08-27", "as_of_basis": "inferred_from_text", "first_reported": "2026-08-27", "last_reported": "2026-08-30", "confidence": "high", "confidence_note": "Ministry of Infrastructure Development press release; date resolved from 'on Thursday' (weekday only).", "density": "15", "effective_sources": "15", "independent_origins": "15", "origin": "unattributed", "origin_note": "15 outlets, no reporting body named; independence not established", "corroboration": "independent", "evidence_quote": "The Ministry of Infrastructure Development has reported that approximately 40 kilometers of road in Rasuwa have been completely damaged due to flooding.\n\n“The road connecting Betrawati to Syafrubesi–Rasuwagadhi via Mailung has been completely destroyed. Additionally, about 10 kilometers of the road from Galchi to Trishuli is also closed", "evidence_quote_en": "", "temporal_contamination_flag": "False", "sector": "road", "asset_name": "", "status": "destroyed", "capacity": "40.0", "unit": "km", "damage_detail": "The Ministry of Infrastructure Development has reported that approximately 40 kilometers of road in Rasuwa have been completely damaged due to flooding.\n\n“The road connecting Betrawati to Syafrubesi–Rasuwagadhi via Mailung has been completely destroyed. Additionally, about 10 kilometers of the road from Galchi to Trishuli is also closed", "source_outlets": "Rajdhani Daily; The Korea Herald; The Annapurna Express; Adarsha Samaj; The Statesman; OdishaBytes; The Manila Times; Deshsanchar; OnlineKhabar English News; ABP Live English; Nepal News; Arghakhanchi; Korea JoongAng Daily; Ratopati", "source_outlet_count": 15, "entity_key": "Betrawati-Syafrubesi-Rasuwagadhi via Mailung|road", "geo_resolution": "district", "geo_statement": "Located to Rasuwa district only", "geo_match_name": null, "geo_match_osm_id": null, "geo_anchor_id": "79688334B50883418539268", "geo_anchor_name": "Rasuwa"}, "geometry": {"type": "Point", "coordinates": [85.43275923020244, 28.17010993431697]}}, {"type": "Feature", "properties": {"record_id": "6077514f855d7577", "table": "infrastructure", "location_raw": "Rasuwa", "location_ne": "", "admin_level": "district", "district": "Rasuwa", "province": "Bagmati", "geo_basis": "text_explicit", "as_of": "2026-08-27", "as_of_basis": "inferred_from_text", "first_reported": "2026-08-27", "last_reported": "2026-08-30", "confidence": "high", "confidence_note": "Ministry of Infrastructure Development press release.", "density": "16", "effective_sources": "13", "independent_origins": "13", "origin": "unattributed", "origin_note": "13 outlets, no reporting body named; independence not established", "corroboration": "independent", "evidence_quote": "Forty-one bridges have been completely destroyed due to the flooding", "evidence_quote_en": "", "temporal_contamination_flag": "False", "sector": "bridge", "asset_name": "", "status": "destroyed", "capacity": "41.0", "unit": "bridges", "damage_detail": "Forty-one bridges have been completely destroyed due to the flooding", "source_outlets": "Rajdhani Daily; RNZ; Khabarhub; The Statesman; OdishaBytes; The Manila Times; Deshsanchar; OnlineKhabar English News; NewsCord; Nepal News; Arghakhanchi; Ratopati", "source_outlet_count": 16, "entity_key": "Rasuwa|bridge", "geo_resolution": "district", "geo_statement": "Located to Rasuwa district only", "geo_match_name": null, "geo_match_osm_id": null, "geo_anchor_id": "79688334B50883418539268", "geo_anchor_name": "Rasuwa"}, "geometry": {"type": "Point", "coordinates": [85.43275923020244, 28.17010993431697]}}, {"type": "Feature", "properties": {"record_id": "5959b7d76b51adec", "table": "infrastructure", "location_raw": "वेत्रावती-मैलुङ-स्याफ्रुबेँसी-रसुवागढी सडक", "location_ne": "वेत्रावती-मैलुङ-स्याफ्रुबेँसी-रसुवागढी सडक", "admin_level": "district", "district": "Rasuwa", "province": "Bagmati", "geo_basis": "text_explicit", "as_of": "2026-08-27", "as_of_basis": "article_date", "first_reported": "2026-08-27", "last_reported": "2026-08-27", "confidence": "high", "confidence_note": "Named road, ministry source.", "density": "1", "effective_sources": "1", "independent_origins": "1", "origin": "media_own", "origin_note": "single outlet", "corroboration": "single_source", "evidence_quote": "पूर्वाधार विकास मन्त्रालयका अनुसार वेत्रावतीदेखि मैलुङ हुँदै स्याफ्रुबेँसी–रसुवागढी जोड्ने सडक पूर्ण रूपमा क्षतिग्रस्त भएको हो।", "evidence_quote_en": "Per the Ministry of Infrastructure Development, the road connecting Betrawati-Mailung-Syaphrubesi-Rasuwagadhi is completely destroyed.", "temporal_contamination_flag": "False", "sector": "road", "asset_name": "Betrawati-Mailung-Syaphrubesi-Rasuwagadhi road", "status": "destroyed", "capacity": "", "unit": "", "damage_detail": "", "source_outlets": "Arghakhanchi", "source_outlet_count": 1, "entity_key": "Betrawati-Mailung-Syaphrubesi-Rasuwagadhi road|road", "geo_resolution": "district", "geo_statement": "Located to Rasuwa district only", "geo_match_name": null, "geo_match_osm_id": null, "geo_anchor_id": "79688334B50883418539268", "geo_anchor_name": "Rasuwa"}, "geometry": {"type": "Point", "coordinates": [85.43275923020244, 28.17010993431697]}}, {"type": "Feature", "properties": {"record_id": "39f124acdb806d13", "table": "infrastructure", "location_raw": "रसूवागढ़ी, चिलिमे और त्रिशूली", "location_ne": "", "admin_level": "district", "district": "Rasuwa", "province": "Bagmati", "geo_basis": "text_explicit", "as_of": "2026-08-27", "as_of_basis": "article_date", "first_reported": "2026-08-28", "last_reported": "2026-08-28", "confidence": "medium", "confidence_note": "Three named plants span the Rasuwa/Nuwakot/Dhading corridor; Rasuwa used as the primary named site (Rasuwagadhi).", "density": "1", "effective_sources": "1", "independent_origins": "1", "origin": "media_own", "origin_note": "single outlet", "corroboration": "single_source", "evidence_quote": "इस भीषण फ्लैश फ्लड के कारण रसूवागढ़ी, चिलिमे और त्रिशूली जैसे छह प्रमुख जलविद्युत स्टेशन बुरी तरह क्षतिग्रस्त हुए हैं, साथ ही दोनों देशों को जोड़ने वाले पुल, सड़कें और संचार तंत्र पूरी तरह ध्वस्त हो गए हैं.", "evidence_quote_en": "", "temporal_contamination_flag": "False", "sector": "power", "asset_name": "रसूवागढ़ी, चिलिमे, त्रिशूली", "status": "damaged", "capacity": "", "unit": "", "damage_detail": "छह प्रमुख जलविद्युत स्टेशन बुरी तरह क्षतिग्रस्त", "source_outlets": "CG Khabar", "source_outlet_count": 1, "entity_key": "रसूवागढ़ी, चिलिमे, त्रिशूली|power", "geo_resolution": "district", "geo_statement": "Located to Rasuwa district only", "geo_match_name": null, "geo_match_osm_id": null, "geo_anchor_id": "79688334B50883418539268", "geo_anchor_name": "Rasuwa"}, "geometry": {"type": "Point", "coordinates": [85.43275923020244, 28.17010993431697]}}, {"type": "Feature", "properties": {"record_id": "deb3cb5d6156d580", "table": "infrastructure", "location_raw": "ग्यिरोंग पोर्ट और रसुवागढ़ी सीमा चौकी", "location_ne": "", "admin_level": "district", "district": "Rasuwa", "province": "Bagmati", "geo_basis": "text_explicit", "as_of": "2026-08-27", "as_of_basis": "stated", "first_reported": "2026-08-28", "last_reported": "2026-08-28", "confidence": "high", "confidence_note": "Rasuwagadhi border post explicitly in Rasuwa district; satellite imagery dated 27 Aug per article.", "density": "1", "effective_sources": "1", "independent_origins": "1", "origin": "media_own", "origin_note": "single outlet", "corroboration": "single_source", "evidence_quote": "इन तस्वीरों से पता चलता है कि ग्यिरोंग पोर्ट और उससे लगे रसुवागढ़ी सीमा चौकी पर मौजूद कई इमारतें और वाहन बाढ़ के पानी में पूरी तरह बह गए हैं. इस क्षेत्र में अब कुछ भी शेष नहीं बचा है.", "evidence_quote_en": "These images show that several buildings and vehicles at Girong Port and the adjoining Rasuwagadhi border checkpoint were completely swept away by floodwater; nothing remains in the area now.", "temporal_contamination_flag": "False", "sector": "other", "asset_name": "रसुवागढ़ी सीमा चौकी (Rasuwagadhi border checkpoint)", "status": "destroyed", "capacity": "", "unit": "", "damage_detail": "कई इमारतें और वाहन बाढ़ के पानी में पूरी तरह बह गए हैं", "source_outlets": "theprintlines.com", "source_outlet_count": 1, "entity_key": "रसुवागढ़ी सीमा चौकी (Rasuwagadhi border checkpoint)|other", "geo_resolution": "district", "geo_statement": "Located to Rasuwa district only", "geo_match_name": null, "geo_match_osm_id": null, "geo_anchor_id": "79688334B50883418539268", "geo_anchor_name": "Rasuwa"}, "geometry": {"type": "Point", "coordinates": [85.43275923020244, 28.17010993431697]}}, {"type": "Feature", "properties": {"record_id": "f83b8c98bca5c10e", "table": "infrastructure", "location_raw": "Rasuwa Hydropower Project", "location_ne": "", "admin_level": "settlement", "district": "Rasuwa", "province": "Bagmati", "geo_basis": "text_explicit", "as_of": "2026-08-28", "as_of_basis": "inferred_from_text", "first_reported": "2026-08-30", "last_reported": "2026-08-30", "confidence": "high", "confidence_note": "Article explicitly names the project and district (Rasuwa) for the intake tunnel.", "density": "2", "effective_sources": "1", "independent_origins": "1", "origin": "media_own", "origin_note": "single outlet", "corroboration": "syndicated", "evidence_quote": "The tunnel entrance had been buried under thick slurry and the surrounding terrain was so badly altered that rescuers could not immediately locate it.", "evidence_quote_en": "", "temporal_contamination_flag": "", "sector": "power", "asset_name": "Rasuwa Hydropower Project", "status": "damaged", "capacity": "", "unit": "", "damage_detail": "tunnel entrance buried under thick slurry; terrain so altered rescuers could not immediately locate it", "source_outlets": "Inquirer.net; Cebu Daily News", "source_outlet_count": 2, "entity_key": "Rasuwa Hydropower Project|power", "geo_resolution": "district", "geo_statement": "Located to Rasuwa district only — the source names a place we could not resolve", "geo_match_name": null, "geo_match_osm_id": null, "geo_anchor_id": "79688334B50883418539268", "geo_anchor_name": "Rasuwa"}, "geometry": {"type": "Point", "coordinates": [85.43275923020244, 28.17010993431697]}}, {"type": "Feature", "properties": {"record_id": "9419fed74a584818", "table": "infrastructure", "location_raw": "upper Rasuwa valleys", "location_ne": "", "admin_level": "district", "district": "Rasuwa", "province": "Bagmati", "geo_basis": "text_adjacent", "as_of": "2026-08-28", "as_of_basis": "article_date", "first_reported": "2026-08-28", "last_reported": "2026-08-28", "confidence": "low", "confidence_note": "", "density": "1", "effective_sources": "1", "independent_origins": "1", "origin": "media_own", "origin_note": "single outlet", "corroboration": "single_source", "evidence_quote": "Roads, bridges, power lines and communications remain severed across the upper valleys, leaving helicopters as the only lifeline.", "evidence_quote_en": "", "temporal_contamination_flag": "False", "sector": "road", "asset_name": "", "status": "non_functional", "capacity": "", "unit": "", "damage_detail": "Roads, bridges, power lines and communications remain severed across the upper valleys", "source_outlets": "streamlinefeed.co.ke", "source_outlet_count": 1, "entity_key": "upper Rasuwa valleys|road", "geo_resolution": "district", "geo_statement": "Located to Rasuwa district only", "geo_match_name": null, "geo_match_osm_id": null, "geo_anchor_id": "79688334B50883418539268", "geo_anchor_name": "Rasuwa"}, "geometry": {"type": "Point", "coordinates": [85.43275923020244, 28.17010993431697]}}, {"type": "Feature", "properties": {"record_id": "32e8f1cc7e604d44", "table": "infrastructure", "location_raw": "Rasuwagadhi", "location_ne": "", "admin_level": "settlement", "district": "Rasuwa", "province": "Bagmati", "geo_basis": "text_explicit", "as_of": "2026-08-28", "as_of_basis": "article_date", "first_reported": "2026-08-28", "last_reported": "2026-08-28", "confidence": "high", "confidence_note": "", "density": "1", "effective_sources": "1", "independent_origins": "1", "origin": "media_own", "origin_note": "single outlet", "corroboration": "single_source", "evidence_quote": "The entire structure appeared to have been wiped out by the flood, with hardly any evidence of what once existed at the border.", "evidence_quote_en": "", "temporal_contamination_flag": "False", "sector": "other", "asset_name": "Rasuwagadhi border post", "status": "destroyed", "capacity": "", "unit": "", "damage_detail": "entire structure appeared to have been wiped out, with hardly any evidence of what once existed at the border", "source_outlets": "Los Angeles Times", "source_outlet_count": 1, "entity_key": "Rasuwagadhi border post|other", "geo_resolution": "point", "geo_statement": "Matched \"Rasuwagadhi\" to a named OSM place in Rasuwa", "geo_match_name": "रसुवागढी", "geo_match_osm_id": "node/992955542", "geo_anchor_id": null, "geo_anchor_name": null}, "geometry": {"type": "Point", "coordinates": [85.3777789, 28.2777749]}}, {"type": "Feature", "properties": {"record_id": "d7e259aa7972c7f6", "table": "infrastructure", "location_raw": "Betrawati-Rasuwagadhi road", "location_ne": "", "admin_level": "district", "district": "Rasuwa", "province": "Bagmati", "geo_basis": "text_explicit", "as_of": "2026-08-28", "as_of_basis": "article_date", "first_reported": "2026-08-28", "last_reported": "2026-08-28", "confidence": "high", "confidence_note": "", "density": "2", "effective_sources": "2", "independent_origins": "2", "origin": "unattributed", "origin_note": "2 outlets, no reporting body named; independence not established", "corroboration": "independent", "evidence_quote": "Nepal's Department of Roads reported damage at multiple points along the 42-kilometre road between Betrawati and Rasuwagadhi.", "evidence_quote_en": "", "temporal_contamination_flag": "False", "sector": "road", "asset_name": "Betrawati-Rasuwagadhi road", "status": "damaged", "capacity": "42.0", "unit": "km", "damage_detail": "damage at multiple points along the 42-kilometre road between Betrawati and Rasuwagadhi", "source_outlets": "Mathrubhumi English; LatestLY", "source_outlet_count": 2, "entity_key": "Betrawati-Rasuwagadhi road|road", "geo_resolution": "district", "geo_statement": "Located to Rasuwa district only", "geo_match_name": null, "geo_match_osm_id": null, "geo_anchor_id": "79688334B50883418539268", "geo_anchor_name": "Rasuwa"}, "geometry": {"type": "Point", "coordinates": [85.43275923020244, 28.17010993431697]}}, {"type": "Feature", "properties": {"record_id": "142c20ed99103135", "table": "infrastructure", "location_raw": "Upper Trishuli Hydropower Project, Rasuwa", "location_ne": "", "admin_level": "settlement", "district": "Rasuwa", "province": "Bagmati", "geo_basis": "text_explicit", "as_of": "2026-08-28", "as_of_basis": "article_date", "first_reported": "2026-08-28", "last_reported": "2026-08-28", "confidence": "high", "confidence_note": "Named project and district.", "density": "2", "effective_sources": "2", "independent_origins": "2", "origin": "unattributed", "origin_note": "2 outlets, no reporting body named; independence not established", "corroboration": "independent", "evidence_quote": "In Nepal’s Rasuwa District, where more than 800 people have been rescued over the past two days, emergency teams are racing against time to save around 100 workers still trapped inside a collapsed tunnel at the construction site of the Upper Trishuli Hydropower Project.", "evidence_quote_en": "", "temporal_contamination_flag": "", "sector": "power", "asset_name": "Upper Trishuli Hydropower Project", "status": "damaged", "capacity": "", "unit": "", "damage_detail": "tunnel at the construction site collapsed, trapping workers", "source_outlets": "Al Jazeera; Vatican News", "source_outlet_count": 2, "entity_key": "Upper Trishuli Hydropower Project|power", "geo_resolution": "district", "geo_statement": "Located to Rasuwa district only — the source names a place we could not resolve", "geo_match_name": null, "geo_match_osm_id": null, "geo_anchor_id": "79688334B50883418539268", "geo_anchor_name": "Rasuwa"}, "geometry": {"type": "Point", "coordinates": [85.43275923020244, 28.17010993431697]}}, {"type": "Feature", "properties": {"record_id": "b2adb47fe455282c", "table": "infrastructure", "location_raw": "Rasuvagadhi Border check point", "location_ne": "", "admin_level": "settlement", "district": "Rasuwa", "province": "Bagmati", "geo_basis": "gazetteer_match", "as_of": "2026-08-28", "as_of_basis": "article_date", "first_reported": "2026-08-28", "last_reported": "2026-08-28", "confidence": "medium", "confidence_note": "District inferred from well-known place name (Rasuwagadhi); not stated explicitly in text.", "density": "1", "effective_sources": "1", "independent_origins": "1", "origin": "media_own", "origin_note": "single outlet", "corroboration": "single_source", "evidence_quote": "a towering wall of water and mud was seen rushing down a gorge along the Trishuli River and enveloping the Rasuvagadhi Border check point, a multi-storey building", "evidence_quote_en": "", "temporal_contamination_flag": "", "sector": "other", "asset_name": "Rasuvagadhi Border check point", "status": "damaged", "capacity": "", "unit": "", "damage_detail": "enveloped by a towering wall of water and mud", "source_outlets": "BBC", "source_outlet_count": 1, "entity_key": "Rasuvagadhi Border check point|other", "geo_resolution": "district", "geo_statement": "Located to Rasuwa district only — the source names a place we could not resolve", "geo_match_name": null, "geo_match_osm_id": null, "geo_anchor_id": "79688334B50883418539268", "geo_anchor_name": "Rasuwa"}, "geometry": {"type": "Point", "coordinates": [85.43275923020244, 28.17010993431697]}}, {"type": "Feature", "properties": {"record_id": "9ff06eabdd5d1ec0", "table": "infrastructure", "location_raw": "बेत्रावती से रसुवागढ़ी सीमा चौकी", "location_ne": "", "admin_level": "settlement", "district": "Rasuwa", "province": "Bagmati", "geo_basis": "text_explicit", "as_of": "2026-08-28", "as_of_basis": "article_date", "first_reported": "2026-08-28", "last_reported": "2026-08-28", "confidence": "high", "confidence_note": "Attributed to Nepal's Department of Roads; both endpoints in Rasuwa district.", "density": "1", "effective_sources": "1", "independent_origins": "1", "origin": "media_own", "origin_note": "single outlet", "corroboration": "single_source", "evidence_quote": "नेपाल के सड़क विभाग के अनुसार, बेत्रावती से रसुवागढ़ी सीमा चौकी तक जाने वाली सड़क का क़रीब 42 किलोमीटर हिस्सा बाढ़ में पूरी तरह बह गया है.", "evidence_quote_en": "According to Nepal's Roads Department, about 42km of the road from Betrawati to the Rasuwagadhi border checkpoint was completely washed away in the flood.", "temporal_contamination_flag": "", "sector": "road", "asset_name": "Betrawati-Rasuwagadhi road", "status": "destroyed", "capacity": "42.0", "unit": "km", "damage_detail": "नेपाल के सड़क विभाग के अनुसार, बेत्रावती से रसुवागढ़ी सीमा चौकी तक जाने वाली सड़क का क़रीब 42 किलोमीटर हिस्सा बाढ़ में पूरी तरह बह गया है", "source_outlets": "BBC", "source_outlet_count": 1, "entity_key": "Betrawati-Rasuwagadhi road|road", "geo_resolution": "district", "geo_statement": "Located to Rasuwa district only — the source names a place we could not resolve", "geo_match_name": null, "geo_match_osm_id": null, "geo_anchor_id": "79688334B50883418539268", "geo_anchor_name": "Rasuwa"}, "geometry": {"type": "Point", "coordinates": [85.43275923020244, 28.17010993431697]}}, {"type": "Feature", "properties": {"record_id": "fbdf5b1fd3020cbd", "table": "infrastructure", "location_raw": "रसुवा और नुवाकोट ज़िले", "location_ne": "", "admin_level": "district", "district": "Rasuwa", "province": "Bagmati", "geo_basis": "text_explicit", "as_of": "2026-08-28", "as_of_basis": "article_date", "first_reported": "2026-08-28", "last_reported": "2026-08-28", "confidence": "medium", "confidence_note": "Fact spans both Rasuwa and Nuwakot districts along the Bhotekoshi; Rasuwa recorded as primary.", "density": "4", "effective_sources": "4", "independent_origins": "4", "origin": "unattributed", "origin_note": "4 outlets, no reporting body named; independence not established", "corroboration": "independent", "evidence_quote": "इस क्षेत्र में हाइड्रोपावर, हाईवे और पुलों सहित ज़रूरी इंफ्रास्ट्रक्चर भी तबाह हो गए हैं।", "evidence_quote_en": "", "temporal_contamination_flag": "False", "sector": "other", "asset_name": "", "status": "destroyed", "capacity": "", "unit": "", "damage_detail": "हाइड्रोपावर, हाईवे और पुलों सहित ज़रूरी इंफ्रास्ट्रक्चर तबाह", "source_outlets": "Head Topics; Patrika News; The Times; inkl", "source_outlet_count": 4, "entity_key": "रसुवा और नुवाकोट ज़िले|other", "geo_resolution": "district", "geo_statement": "Located to Rasuwa district only", "geo_match_name": null, "geo_match_osm_id": null, "geo_anchor_id": "79688334B50883418539268", "geo_anchor_name": "Rasuwa"}, "geometry": {"type": "Point", "coordinates": [85.43275923020244, 28.17010993431697]}}, {"type": "Feature", "properties": {"record_id": "40963608b546475d", "table": "infrastructure", "location_raw": "तिमुरे", "location_ne": "", "admin_level": "settlement", "district": "Rasuwa", "province": "Bagmati", "geo_basis": "gazetteer_match", "as_of": "2026-08-28", "as_of_basis": "article_date", "first_reported": "2026-08-28", "last_reported": "2026-08-28", "confidence": "medium", "confidence_note": "Timure is a known settlement in Rasuwa district near Rasuwagadhi; district not named explicitly in this article.", "density": "1", "effective_sources": "1", "independent_origins": "1", "origin": "media_own", "origin_note": "single outlet", "corroboration": "single_source", "evidence_quote": "नेपाल के तिमुरे और बेत्रावली कस्बे इस बाढ़ में बह गए हैं।", "evidence_quote_en": "", "temporal_contamination_flag": "False", "sector": "other", "asset_name": "", "status": "destroyed", "capacity": "", "unit": "", "damage_detail": "बाढ़ में बह गया", "source_outlets": "Patrika News", "source_outlet_count": 1, "entity_key": "तिमुरे|other", "geo_resolution": "district", "geo_statement": "Located to Rasuwa district only — the source names a place we could not resolve", "geo_match_name": null, "geo_match_osm_id": null, "geo_anchor_id": "79688334B50883418539268", "geo_anchor_name": "Rasuwa"}, "geometry": {"type": "Point", "coordinates": [85.43275923020244, 28.17010993431697]}}, {"type": "Feature", "properties": {"record_id": "8f52dd028b859a77", "table": "infrastructure", "location_raw": "रसुवागढी नाका", "location_ne": "", "admin_level": "settlement", "district": "Rasuwa", "province": "Bagmati", "geo_basis": "text_explicit", "as_of": "2026-08-28", "as_of_basis": "article_date", "first_reported": "2026-08-28", "last_reported": "2026-08-28", "confidence": "high", "confidence_note": "Named site, district explicit.", "density": "1", "effective_sources": "1", "independent_origins": "1", "origin": "media_own", "origin_note": "single outlet", "corroboration": "single_source", "evidence_quote": "रसुवागढी भन्सारको यार्डमा रहेका सबै सवारी साधन बाढीले बगाएको छ।", "evidence_quote_en": "", "temporal_contamination_flag": "", "sector": "other", "asset_name": "रसुवागढी भन्सार यार्ड (Rasuwagadhi customs yard)", "status": "destroyed", "capacity": "", "unit": "", "damage_detail": "यार्डमा रहेका सबै सवारी साधन बाढीले बगाएको छ (all vehicles at the customs yard washed away)", "source_outlets": "Onlinekhabar", "source_outlet_count": 1, "entity_key": "रसुवागढी भन्सार यार्ड (Rasuwagadhi customs yard)|other", "geo_resolution": "district", "geo_statement": "Located to Rasuwa district only — the source names a place we could not resolve", "geo_match_name": null, "geo_match_osm_id": null, "geo_anchor_id": "79688334B50883418539268", "geo_anchor_name": "Rasuwa"}, "geometry": {"type": "Point", "coordinates": [85.43275923020244, 28.17010993431697]}}, {"type": "Feature", "properties": {"record_id": "b498f4fb3a085833", "table": "infrastructure", "location_raw": "स्याफ्रुबेँसी", "location_ne": "", "admin_level": "settlement", "district": "Rasuwa", "province": "Bagmati", "geo_basis": "text_explicit", "as_of": "2026-08-28", "as_of_basis": "article_date", "first_reported": "2026-08-28", "last_reported": "2026-08-28", "confidence": "high", "confidence_note": "Named settlement, district explicit.", "density": "1", "effective_sources": "1", "independent_origins": "1", "origin": "media_own", "origin_note": "single outlet", "corroboration": "single_source", "evidence_quote": "बजारका घर, होटल, पसल, प्रहरी चौकी र मुख्य सडक पूर्ण रूपमा बगेका छन्।", "evidence_quote_en": "", "temporal_contamination_flag": "", "sector": "other", "asset_name": "", "status": "destroyed", "capacity": "", "unit": "", "damage_detail": "बजारका घर, होटल, पसल, प्रहरी चौकी र मुख्य सडक पूर्ण रूपमा बगेका (market houses, hotels, shops, police post and main road completely washed away)", "source_outlets": "Onlinekhabar", "source_outlet_count": 1, "entity_key": "स्याफ्रुबेँसी|other", "geo_resolution": "district", "geo_statement": "Located to Rasuwa district only — the source names a place we could not resolve", "geo_match_name": null, "geo_match_osm_id": null, "geo_anchor_id": "79688334B50883418539268", "geo_anchor_name": "Rasuwa"}, "geometry": {"type": "Point", "coordinates": [85.43275923020244, 28.17010993431697]}}, {"type": "Feature", "properties": {"record_id": "2096df65ac482e03", "table": "infrastructure", "location_raw": "Rasuwagadhi", "location_ne": "", "admin_level": "settlement", "district": "Rasuwa", "province": "Bagmati", "geo_basis": "text_explicit", "as_of": "2026-08-28", "as_of_basis": "article_date", "first_reported": "2026-08-28", "last_reported": "2026-08-28", "confidence": "high", "confidence_note": "Named crossing in Rasuwa district.", "density": "1", "effective_sources": "1", "independent_origins": "1", "origin": "media_own", "origin_note": "single outlet", "corroboration": "single_source", "evidence_quote": "including the Rasuwagadhi border crossing over the river of the same name, whose bridge was completely destroyed by the force of the water.", "evidence_quote_en": "", "temporal_contamination_flag": "", "sector": "bridge", "asset_name": "Rasuwagadhi border-crossing bridge", "status": "destroyed", "capacity": "", "unit": "", "damage_detail": "bridge was completely destroyed by the force of the water", "source_outlets": "teleSUR English", "source_outlet_count": 1, "entity_key": "Rasuwagadhi border-crossing bridge|bridge", "geo_resolution": "point", "geo_statement": "Matched \"Rasuwagadhi\" to a named OSM place in Rasuwa", "geo_match_name": "रसुवागढी", "geo_match_osm_id": "node/992955542", "geo_anchor_id": null, "geo_anchor_name": null}, "geometry": {"type": "Point", "coordinates": [85.3777789, 28.2777749]}}, {"type": "Feature", "properties": {"record_id": "ca45f47c612688ed", "table": "infrastructure", "location_raw": "Rasuwagadhi", "location_ne": "", "admin_level": "settlement", "district": "Rasuwa", "province": "Bagmati", "geo_basis": "text_explicit", "as_of": "2026-08-28", "as_of_basis": "article_date", "first_reported": "2026-08-28", "last_reported": "2026-08-28", "confidence": "medium", "confidence_note": "Named among the 41 damaged/swept-away bridges; individual damaged-vs-destroyed status not distinguished in the source.", "density": "1", "effective_sources": "1", "independent_origins": "1", "origin": "media_own", "origin_note": "single outlet", "corroboration": "single_source", "evidence_quote": "the bridge at Rasuwagadhi, a key link with China", "evidence_quote_en": "", "temporal_contamination_flag": "", "sector": "bridge", "asset_name": "Rasuwagadhi bridge", "status": "damaged", "capacity": "", "unit": "", "damage_detail": "damaged or swept away; described as a key link with China", "source_outlets": "myRepublica", "source_outlet_count": 1, "entity_key": "Rasuwagadhi bridge|bridge", "geo_resolution": "point", "geo_statement": "Matched \"Rasuwagadhi\" to a named OSM place in Rasuwa", "geo_match_name": "रसुवागढी", "geo_match_osm_id": "node/992955542", "geo_anchor_id": null, "geo_anchor_name": null}, "geometry": {"type": "Point", "coordinates": [85.3777789, 28.2777749]}}, {"type": "Feature", "properties": {"record_id": "31ecd8b7ec588917", "table": "infrastructure", "location_raw": "उत्तरगया गाउँपालिका र आसपास (Uttargaya rural municipality and vicinity), रसुवा", "location_ne": "", "admin_level": "rural_municipality", "district": "Rasuwa", "province": "Bagmati", "geo_basis": "text_explicit", "as_of": "2026-08-28", "as_of_basis": "article_date", "first_reported": "2026-08-28", "last_reported": "2026-08-28", "confidence": "high", "confidence_note": "Uttargaya rural municipality chair describing local telecom outage.", "density": "1", "effective_sources": "1", "independent_origins": "1", "origin": "media_own", "origin_note": "single outlet", "corroboration": "single_source", "evidence_quote": "टेलिकम र एनसेलको फाइबरहरू डिस्कनेक्ट भएको छ । कतैबाट म्यानेज भएका मोबाइलहरू पनि चल्न सकिरहेका छैनन् । नेटवर्क राम्रो भएको छैन ।", "evidence_quote_en": "Telecom and Ncell's fiber [cables] are disconnected. Mobiles managed from elsewhere are also not working. Network is not good.", "temporal_contamination_flag": "", "sector": "telecom", "asset_name": "", "status": "non_functional", "capacity": "", "unit": "", "damage_detail": "टेलिकम र एनसेलको फाइबर डिस्कनेक्ट, नेटवर्क काम गरिरहेको छैन", "source_outlets": "Onlinekhabar", "source_outlet_count": 1, "entity_key": "उत्तरगया गाउँपालिका र आसपास (Uttargaya rural municipality and vicinity), रसुवा|telecom", "geo_resolution": "point", "geo_statement": "Matched \"Uttargaya\" to a named OSM place in Rasuwa", "geo_match_name": "उत्तरगया", "geo_match_osm_id": "node/13242877440", "geo_anchor_id": null, "geo_anchor_name": null}, "geometry": {"type": "Point", "coordinates": [85.1951685, 28.0116144]}}, {"type": "Feature", "properties": {"record_id": "36baccde5d4c1d4b", "table": "infrastructure", "location_raw": "Timure / Syaphrubesi, Rasuwa", "location_ne": "", "admin_level": "district", "district": "Rasuwa", "province": "Bagmati", "geo_basis": "text_explicit", "as_of": "2026-08-28", "as_of_basis": "article_date", "first_reported": "2026-08-28", "last_reported": "2026-08-28", "confidence": "high", "confidence_note": "District explicitly named.", "density": "1", "effective_sources": "1", "independent_origins": "1", "origin": "media_own", "origin_note": "single outlet", "corroboration": "single_source", "evidence_quote": "In Rasuwa, floods destroyed two Bailey bridges at Timure, the Bhotekoshi concrete bridge, the Chilime concrete bridge, and a hydropower Bailey bridge at Syaphrubesi. The concrete bridge at Syaphrubesi was also swept away.", "evidence_quote_en": "", "temporal_contamination_flag": "", "sector": "bridge", "asset_name": "Bailey bridges at Timure (x2), Bhotekoshi concrete bridge, Chilime concrete bridge, hydropower Bailey bridge and concrete bridge at Syaphrubesi", "status": "destroyed", "capacity": "", "unit": "", "damage_detail": "", "source_outlets": "The Statesman", "source_outlet_count": 1, "entity_key": "Bailey bridges at Timure (x2), Bhotekoshi concrete bridge, Chilime concrete bridge, hydropower Bailey bridge and concrete bridge at Syaphrubesi|bridge", "geo_resolution": "district", "geo_statement": "Located to Rasuwa district only", "geo_match_name": null, "geo_match_osm_id": null, "geo_anchor_id": "79688334B50883418539268", "geo_anchor_name": "Rasuwa"}, "geometry": {"type": "Point", "coordinates": [85.43275923020244, 28.17010993431697]}}, {"type": "Feature", "properties": {"record_id": "69237f4ce0fe300d", "table": "infrastructure", "location_raw": "Trishuli 3A Dam, Mailung, Rasuwa", "location_ne": "", "admin_level": "settlement", "district": "Rasuwa", "province": "Bagmati", "geo_basis": "text_explicit", "as_of": "2026-08-28", "as_of_basis": "article_date", "first_reported": "2026-08-28", "last_reported": "2026-08-28", "confidence": "high", "confidence_note": "Mailung is in Rasuwa district.", "density": "1", "effective_sources": "1", "independent_origins": "1", "origin": "media_own", "origin_note": "single outlet", "corroboration": "single_source", "evidence_quote": "Near the Trishuli 3A Dam at Mailung, concrete bridges were washed away, including bridges near the dam facilities.", "evidence_quote_en": "", "temporal_contamination_flag": "", "sector": "bridge", "asset_name": "concrete bridges near Trishuli 3A Dam, Mailung", "status": "destroyed", "capacity": "", "unit": "", "damage_detail": "", "source_outlets": "The Statesman", "source_outlet_count": 1, "entity_key": "concrete bridges near Trishuli 3A Dam, Mailung|bridge", "geo_resolution": "point", "geo_statement": "Matched \"Mailung\" to a named OSM place in Rasuwa", "geo_match_name": "मैलुङ", "geo_match_osm_id": "node/3415533959", "geo_anchor_id": null, "geo_anchor_name": null}, "geometry": {"type": "Point", "coordinates": [85.2070031, 28.0717737]}}, {"type": "Feature", "properties": {"record_id": "ee8cec0e9bb913a8", "table": "infrastructure", "location_raw": "Uttargaya Rural Municipality", "location_ne": "", "admin_level": "rural_municipality", "district": "Rasuwa", "province": "Bagmati", "geo_basis": "text_explicit", "as_of": "2026-08-28", "as_of_basis": "article_date", "first_reported": "2026-08-28", "last_reported": "2026-08-28", "confidence": "high", "confidence_note": "Chairperson's direct account of his own municipality.", "density": "1", "effective_sources": "1", "independent_origins": "1", "origin": "media_own", "origin_note": "single outlet", "corroboration": "single_source", "evidence_quote": "Prolonged power outages have downed mobile networks, severing all communication", "evidence_quote_en": "", "temporal_contamination_flag": "", "sector": "telecom", "asset_name": "", "status": "non_functional", "capacity": "", "unit": "", "damage_detail": "mobile networks down, power outages, all communication severed", "source_outlets": "The Annapurna Express", "source_outlet_count": 1, "entity_key": "Uttargaya Rural Municipality|telecom", "geo_resolution": "point", "geo_statement": "Matched \"Uttargaya\" to a named OSM place in Rasuwa", "geo_match_name": "उत्तरगया", "geo_match_osm_id": "node/13242877440", "geo_anchor_id": null, "geo_anchor_name": null}, "geometry": {"type": "Point", "coordinates": [85.1951685, 28.0116144]}}, {"type": "Feature", "properties": {"record_id": "860b02e518d111f5", "table": "infrastructure", "location_raw": "Upper Trishuli Hydropower Project", "location_ne": "", "admin_level": "settlement", "district": "Rasuwa", "province": "Bagmati", "geo_basis": "text_explicit", "as_of": "2026-08-28", "as_of_basis": "article_date", "first_reported": "2026-08-28", "last_reported": "2026-08-28", "confidence": "medium", "confidence_note": "Damage inferred from flood/trapped-workers language rather than an explicit damage statement; named asset and district.", "density": "1", "effective_sources": "1", "independent_origins": "1", "origin": "media_own", "origin_note": "single outlet", "corroboration": "single_source", "evidence_quote": "people being trapped in the tunnel following a massive flood in the Bhotekoshi River", "evidence_quote_en": "", "temporal_contamination_flag": "", "sector": "power", "asset_name": "Upper Trishuli Hydropower Project", "status": "non_functional", "capacity": "", "unit": "", "damage_detail": "tunnel flooded, workers trapped", "source_outlets": "Deshsanchar", "source_outlet_count": 1, "entity_key": "Upper Trishuli Hydropower Project|power", "geo_resolution": "district", "geo_statement": "Located to Rasuwa district only — the source names a place we could not resolve", "geo_match_name": null, "geo_match_osm_id": null, "geo_anchor_id": "79688334B50883418539268", "geo_anchor_name": "Rasuwa"}, "geometry": {"type": "Point", "coordinates": [85.43275923020244, 28.17010993431697]}}, {"type": "Feature", "properties": {"record_id": "7bbb7af4bb43d816", "table": "infrastructure", "location_raw": "Mailung", "location_ne": "", "admin_level": "settlement", "district": "Rasuwa", "province": "Bagmati", "geo_basis": "text_explicit", "as_of": "2026-08-28", "as_of_basis": "article_date", "first_reported": "2026-08-28", "last_reported": "2026-08-28", "confidence": "medium", "confidence_note": "Named settlement (Mailung) and project; damage described only generically as 'hit'.", "density": "2", "effective_sources": "2", "independent_origins": "2", "origin": "unattributed", "origin_note": "2 outlets, no reporting body named; independence not established", "corroboration": "independent", "evidence_quote": "At Mailung, the Hydel Project was among the infrastructure hit. Scores of hydropower workers in the area were also reported missing.", "evidence_quote_en": "", "temporal_contamination_flag": "", "sector": "power", "asset_name": "Mailung Hydel Project", "status": "damaged", "capacity": "", "unit": "", "damage_detail": "among the infrastructure hit", "source_outlets": "The Economic Times", "source_outlet_count": 2, "entity_key": "Mailung Hydel Project|power", "geo_resolution": "point", "geo_statement": "Matched \"Mailung\" to a named OSM place in Rasuwa", "geo_match_name": "मैलुङ", "geo_match_osm_id": "node/3415533959", "geo_anchor_id": null, "geo_anchor_name": null}, "geometry": {"type": "Point", "coordinates": [85.2070031, 28.0717737]}}, {"type": "Feature", "properties": {"record_id": "c72ece6fb64ddbba", "table": "infrastructure", "location_raw": "Gyirong Port-Rasuwagadhi", "location_ne": "", "admin_level": "settlement", "district": "Rasuwa", "province": "Bagmati", "geo_basis": "text_explicit", "as_of": "2026-08-28", "as_of_basis": "article_date", "first_reported": "2026-08-28", "last_reported": "2026-08-28", "confidence": "medium", "confidence_note": "Border crossing named explicitly on the Nepal (Rasuwagadhi) side; damage described as affecting 'both sides' so bridge status attributed cautiously.", "density": "2", "effective_sources": "2", "independent_origins": "2", "origin": "unattributed", "origin_note": "2 outlets, no reporting body named; independence not established", "corroboration": "independent", "evidence_quote": "Border posts and facilities on both sides were destroyed, along with electricity and communications infrastructure. Roads were washed away, while the Nepal-China bridge was also damaged.", "evidence_quote_en": "", "temporal_contamination_flag": "", "sector": "bridge", "asset_name": "Nepal-China bridge (Rasuwagadhi)", "status": "damaged", "capacity": "", "unit": "", "damage_detail": "Nepal-China bridge damaged; roads washed away; border posts and facilities destroyed on both sides", "source_outlets": "The Economic Times", "source_outlet_count": 2, "entity_key": "Nepal-China bridge (Rasuwagadhi)|bridge", "geo_resolution": "point", "geo_statement": "Matched \"Rasuwagadhi\" to a named OSM place in Rasuwa", "geo_match_name": "रसुवागढी", "geo_match_osm_id": "node/992955542", "geo_anchor_id": null, "geo_anchor_name": null}, "geometry": {"type": "Point", "coordinates": [85.3777789, 28.2777749]}}, {"type": "Feature", "properties": {"record_id": "81bce3140cb10e19", "table": "infrastructure", "location_raw": "रसुवा (गोसाईंकुंड गाउँपालिका)", "location_ne": "", "admin_level": "rural_municipality", "district": "Rasuwa", "province": "Bagmati", "geo_basis": "text_explicit", "as_of": "2026-08-28", "as_of_basis": "article_date", "first_reported": "2026-08-28", "last_reported": "2026-08-28", "confidence": "medium", "confidence_note": "Gosaikunda rural municipality (Rasuwa) named as worst-hit in surrounding text.", "density": "1", "effective_sources": "1", "independent_origins": "1", "origin": "media_own", "origin_note": "single outlet", "corroboration": "single_source", "evidence_quote": "बाढ़ ने सड़क मार्ग को पूरी तरह से ध्वस्त कर दिया है जिससे राहत और बचाव कार्य भी नहीं पहुंच पाया है, ऐसा प्रभावित लोग बताते हैं।", "evidence_quote_en": "The flood has completely destroyed the road route, due to which relief and rescue work has also been unable to reach, affected people say.", "temporal_contamination_flag": "False", "sector": "road", "asset_name": "", "status": "destroyed", "capacity": "", "unit": "", "damage_detail": "road route completely destroyed, blocking relief and rescue access", "source_outlets": "Ratopati", "source_outlet_count": 1, "entity_key": "रसुवा (गोसाईंकुंड गाउँपालिका)|road", "geo_resolution": "district", "geo_statement": "Located to Rasuwa district only — the source names a place we could not resolve", "geo_match_name": null, "geo_match_osm_id": null, "geo_anchor_id": "79688334B50883418539268", "geo_anchor_name": "Rasuwa"}, "geometry": {"type": "Point", "coordinates": [85.43275923020244, 28.17010993431697]}}, {"type": "Feature", "properties": {"record_id": "af1c778c02012d21", "table": "infrastructure", "location_raw": "Rasuwagadhi", "location_ne": "", "admin_level": "settlement", "district": "Rasuwa", "province": "Bagmati", "geo_basis": "text_adjacent", "as_of": "2026-08-28", "as_of_basis": "article_date", "first_reported": "2026-08-28", "last_reported": "2026-08-28", "confidence": "medium", "confidence_note": "Rasuwagadhi named in the preceding sentence; no specific hotel names given.", "density": "1", "effective_sources": "1", "independent_origins": "1", "origin": "media_own", "origin_note": "single outlet", "corroboration": "single_source", "evidence_quote": "The hotels and guest houses in which they were staying were washed away in the flood", "evidence_quote_en": "", "temporal_contamination_flag": "False", "sector": "other", "asset_name": "", "status": "destroyed", "capacity": "", "unit": "", "damage_detail": "The hotels and guest houses in which they were staying were washed away in the flood", "source_outlets": "The Indian Express", "source_outlet_count": 1, "entity_key": "Rasuwagadhi|other", "geo_resolution": "point", "geo_statement": "Matched \"Rasuwagadhi\" to a named OSM place in Rasuwa", "geo_match_name": "रसुवागढी", "geo_match_osm_id": "node/992955542", "geo_anchor_id": null, "geo_anchor_name": null}, "geometry": {"type": "Point", "coordinates": [85.3777789, 28.2777749]}}, {"type": "Feature", "properties": {"record_id": "fe35cfc0e9246d5f", "table": "infrastructure", "location_raw": "Betrabati Bazaar, Kaidletar, Pairebesi, Salletar and Mailung", "location_ne": "", "admin_level": "district", "district": "Rasuwa", "province": "Bagmati", "geo_basis": "text_adjacent", "as_of": "2026-08-28", "as_of_basis": "article_date", "first_reported": "2026-08-28", "last_reported": "2026-08-28", "confidence": "medium", "confidence_note": "Named affected settlements listed earlier in the article.", "density": "1", "effective_sources": "1", "independent_origins": "1", "origin": "media_own", "origin_note": "single outlet", "corroboration": "single_source", "evidence_quote": "Power outages have also disrupted mobile networks, making communication with people in the affected areas extremely difficult", "evidence_quote_en": "", "temporal_contamination_flag": "False", "sector": "telecom", "asset_name": "", "status": "non_functional", "capacity": "", "unit": "", "damage_detail": "Power outages have also disrupted mobile networks, making communication with people in the affected areas extremely difficult", "source_outlets": "The Climate Watch", "source_outlet_count": 1, "entity_key": "Betrabati Bazaar, Kaidletar, Pairebesi, Salletar and Mailung|telecom", "geo_resolution": "district", "geo_statement": "Located to Rasuwa district only", "geo_match_name": null, "geo_match_osm_id": null, "geo_anchor_id": "79688334B50883418539268", "geo_anchor_name": "Rasuwa"}, "geometry": {"type": "Point", "coordinates": [85.43275923020244, 28.17010993431697]}}, {"type": "Feature", "properties": {"record_id": "42a4beed8b999910", "table": "infrastructure", "location_raw": "Trishuli 3A", "location_ne": "", "admin_level": "settlement", "district": "Rasuwa", "province": "Bagmati", "geo_basis": "text_explicit", "as_of": "2026-08-29", "as_of_basis": "stated", "first_reported": "2026-08-30", "last_reported": "2026-08-30", "confidence": "high", "confidence_note": "Named site in Rasuwa.", "density": "1", "effective_sources": "1", "independent_origins": "1", "origin": "media_own", "origin_note": "single outlet", "corroboration": "single_source", "evidence_quote": "At the Trishuli 3A site, the Nepali Army successfully inserted a pipe into a tunnel and began sending air through a small opening.", "evidence_quote_en": "", "temporal_contamination_flag": "", "sector": "other", "asset_name": "Trishuli 3A hydropower tunnel", "status": "non_functional", "capacity": "", "unit": "", "damage_detail": "tunnel filled with mud; pipe inserted to send air through a small opening", "source_outlets": "The New Indian Express", "source_outlet_count": 1, "entity_key": "Trishuli 3A hydropower tunnel|other", "geo_resolution": "district", "geo_statement": "Located to Rasuwa district only — the source names a place we could not resolve", "geo_match_name": null, "geo_match_osm_id": null, "geo_anchor_id": "79688334B50883418539268", "geo_anchor_name": "Rasuwa"}, "geometry": {"type": "Point", "coordinates": [85.43275923020244, 28.17010993431697]}}, {"type": "Feature", "properties": {"record_id": "87ad0641aa41fd35", "table": "infrastructure", "location_raw": "Upper Trishuli-3 'A' Hydropower Project", "location_ne": "", "admin_level": "settlement", "district": "Rasuwa", "province": "Bagmati", "geo_basis": "text_explicit", "as_of": "2026-08-30", "as_of_basis": "stated", "first_reported": "2026-08-30", "last_reported": "2026-08-30", "confidence": "high", "confidence_note": "Named project and district, damage explicitly stated (submerged tunnels).", "density": "1", "effective_sources": "1", "independent_origins": "1", "origin": "media_own", "origin_note": "single outlet", "corroboration": "single_source", "evidence_quote": "specialist rescue teams from China are currently working alongside Nepali security forces and Indian experts to rescue workers trapped in the submerged tunnels of the Upper Trishuli-3 ‘A’ Hydropower Project.", "evidence_quote_en": "", "temporal_contamination_flag": "False", "sector": "power", "asset_name": "Upper Trishuli-3 'A' Hydropower Project", "status": "damaged", "capacity": "", "unit": "", "damage_detail": "submerged tunnels with workers trapped inside", "source_outlets": "Nepal News", "source_outlet_count": 1, "entity_key": "Upper Trishuli-3 'A' Hydropower Project|power", "geo_resolution": "district", "geo_statement": "Located to Rasuwa district only — the source names a place we could not resolve", "geo_match_name": null, "geo_match_osm_id": null, "geo_anchor_id": "79688334B50883418539268", "geo_anchor_name": "Rasuwa"}, "geometry": {"type": "Point", "coordinates": [85.43275923020244, 28.17010993431697]}}, {"type": "Feature", "properties": {"record_id": "5ef8b0fe6536cdc5", "table": "infrastructure", "location_raw": "त्रिशूली नदी वारपार गर्ने पुल, रसुवा", "location_ne": "त्रिशूली नदी वारपार गर्ने पुल", "admin_level": "settlement", "district": "Rasuwa", "province": "Bagmati", "geo_basis": "text_adjacent", "as_of": "2026-08-30", "as_of_basis": "article_date", "first_reported": "2026-08-30", "last_reported": "2026-08-30", "confidence": "medium", "confidence_note": "Bridge not individually named; district drawn from 'Rasuwa's Bhotekoshi flood' phrasing.", "density": "1", "effective_sources": "1", "independent_origins": "1", "origin": "media_own", "origin_note": "single outlet", "corroboration": "single_source", "evidence_quote": "रसुवाको भोटेकोशी नदीको बाढीले त्रिशूली नदी वारपार गर्ने पुल बगाएको छ र आसपासका घर, पसल, होटल तथा पेट्रोलपम्प डुबानमा परेका छन्।", "evidence_quote_en": "Rasuwa's Bhotekoshi river flood swept away a bridge crossing the Trishuli river, and nearby houses, shops, hotels and a petrol pump were inundated.", "temporal_contamination_flag": "", "sector": "bridge", "asset_name": "", "status": "destroyed", "capacity": "", "unit": "", "damage_detail": "bridge crossing the Trishuli river swept away", "source_outlets": "Onlinekhabar", "source_outlet_count": 1, "entity_key": "त्रिशूली नदी वारपार गर्ने पुल, रसुवा|bridge", "geo_resolution": "district", "geo_statement": "Located to Rasuwa district only — the source names a place we could not resolve", "geo_match_name": null, "geo_match_osm_id": null, "geo_anchor_id": "79688334B50883418539268", "geo_anchor_name": "Rasuwa"}, "geometry": {"type": "Point", "coordinates": [85.43275923020244, 28.17010993431697]}}, {"type": "Feature", "properties": {"record_id": "c3d4ea22f11ebf8e", "table": "infrastructure", "location_raw": "Chilime Hydropower project", "location_ne": "", "admin_level": "settlement", "district": "Rasuwa", "province": "Bagmati", "geo_basis": "text_explicit", "as_of": "2026-08-30", "as_of_basis": "article_date", "first_reported": "2026-08-30", "last_reported": "2026-08-30", "confidence": "high", "confidence_note": "District named directly.", "density": "1", "effective_sources": "1", "independent_origins": "1", "origin": "media_own", "origin_note": "single outlet", "corroboration": "single_source", "evidence_quote": "such as the 22MW Chilime Hydropower project in Rasuwa district, 133 km (82 miles) north of the capital, Kathmandu.", "evidence_quote_en": "", "temporal_contamination_flag": "", "sector": "power", "asset_name": "Chilime Hydropower project", "status": "non_functional", "capacity": "22.0", "unit": "MW", "damage_detail": "The tunnel is filled with mud and it is impossible to enter", "source_outlets": "Al Jazeera", "source_outlet_count": 1, "entity_key": "Chilime Hydropower project|power", "geo_resolution": "district", "geo_statement": "Located to Rasuwa district only — the source names a place we could not resolve", "geo_match_name": null, "geo_match_osm_id": null, "geo_anchor_id": "79688334B50883418539268", "geo_anchor_name": "Rasuwa"}, "geometry": {"type": "Point", "coordinates": [85.43275923020244, 28.17010993431697]}}, {"type": "Feature", "properties": {"record_id": "d2761aa9ca28ae34", "table": "infrastructure", "location_raw": "Chilime Hydropower Project", "location_ne": "", "admin_level": "settlement", "district": "Rasuwa", "province": "Bagmati", "geo_basis": "text_explicit", "as_of": "2026-08-30", "as_of_basis": "article_date", "first_reported": "2026-08-28", "last_reported": "2026-08-30", "confidence": "high", "confidence_note": "Named project and capacity stated.", "density": "3", "effective_sources": "3", "independent_origins": "3", "origin": "unattributed", "origin_note": "3 outlets, no reporting body named; independence not established", "corroboration": "independent", "evidence_quote": "At the 22 MW Chilime Hydropower Project, IPPAN said eight people remained out of contact, while project officials said six employees were believed to be trapped inside a tunnel.", "evidence_quote_en": "", "temporal_contamination_flag": "", "sector": "power", "asset_name": "Chilime Hydropower Project", "status": "damaged", "capacity": "22.0", "unit": "MW", "damage_detail": "tunnel blocked by mud; rescue team could not pass the blockage", "source_outlets": "Onlinekhabar; Business Standard", "source_outlet_count": 3, "entity_key": "Chilime Hydropower Project|power", "geo_resolution": "district", "geo_statement": "Located to Rasuwa district only — the source names a place we could not resolve", "geo_match_name": null, "geo_match_osm_id": null, "geo_anchor_id": "79688334B50883418539268", "geo_anchor_name": "Rasuwa"}, "geometry": {"type": "Point", "coordinates": [85.43275923020244, 28.17010993431697]}}, {"type": "Feature", "properties": {"record_id": "168a2bbe42cc16c2", "table": "infrastructure", "location_raw": "road to Upper Trishuli-1 project site, Rasuwa", "location_ne": "", "admin_level": "settlement", "district": "Rasuwa", "province": "Bagmati", "geo_basis": "text_explicit", "as_of": "2026-08-30", "as_of_basis": "article_date", "first_reported": "2026-08-30", "last_reported": "2026-08-30", "confidence": "medium", "confidence_note": "No specific road segment named beyond 'the roads there'.", "density": "1", "effective_sources": "1", "independent_origins": "1", "origin": "media_own", "origin_note": "single outlet", "corroboration": "single_source", "evidence_quote": "Beyond Bidur lies the Upper Trishuli-1 hydroelectric power project in Rasuwa, where the nine Korean workers went missing, but the roads there have been washed out and the site cannot be reached by land.", "evidence_quote_en": "", "temporal_contamination_flag": "", "sector": "road", "asset_name": "", "status": "destroyed", "capacity": "", "unit": "", "damage_detail": "roads washed out beyond Bidur", "source_outlets": "Korea JoongAng Daily", "source_outlet_count": 1, "entity_key": "road to Upper Trishuli-1 project site, Rasuwa|road", "geo_resolution": "district", "geo_statement": "Located to Rasuwa district only — the source names a place we could not resolve", "geo_match_name": null, "geo_match_osm_id": null, "geo_anchor_id": "79688334B50883418539268", "geo_anchor_name": "Rasuwa"}, "geometry": {"type": "Point", "coordinates": [85.43275923020244, 28.17010993431697]}}, {"type": "Feature", "properties": {"record_id": "bd720ef9009e9e4e", "table": "infrastructure", "location_raw": "Uttargaya Rural Municipality", "location_ne": "", "admin_level": "rural_municipality", "district": "Rasuwa", "province": "Bagmati", "geo_basis": "text_explicit", "as_of": "2026-08-30", "as_of_basis": "article_date", "first_reported": "2026-08-30", "last_reported": "2026-08-30", "confidence": "high", "confidence_note": "Explicit district and rural municipality.", "density": "1", "effective_sources": "1", "independent_origins": "1", "origin": "media_own", "origin_note": "single outlet", "corroboration": "single_source", "evidence_quote": "उत्तरगयाका सबै कार्यालय नामोनिसान नरहने गरी बाढीले बगाएको छ । पालिकाको कार्यालय भवन र दुई वटा वडा कार्यालयमा बाढीले पूर्ण रूपमा क्षति पुर्याएको छ ।", "evidence_quote_en": "All Uttargaya offices were swept away without a trace by the flood; the municipality office building and two ward offices were completely damaged.", "temporal_contamination_flag": "", "sector": "other", "asset_name": "municipality office and two ward offices", "status": "destroyed", "capacity": "", "unit": "", "damage_detail": "", "source_outlets": "Onlinekhabar", "source_outlet_count": 1, "entity_key": "municipality office and two ward offices|other", "geo_resolution": "point", "geo_statement": "Matched \"Uttargaya\" to a named OSM place in Rasuwa", "geo_match_name": "उत्तरगया", "geo_match_osm_id": "node/13242877440", "geo_anchor_id": null, "geo_anchor_name": null}, "geometry": {"type": "Point", "coordinates": [85.1951685, 28.0116144]}}, {"type": "Feature", "properties": {"record_id": "c749aa610eced35c", "table": "infrastructure", "location_raw": "Uttargaya Rural Municipality", "location_ne": "", "admin_level": "rural_municipality", "district": "Rasuwa", "province": "Bagmati", "geo_basis": "text_explicit", "as_of": "2026-08-30", "as_of_basis": "article_date", "first_reported": "2026-08-30", "last_reported": "2026-08-30", "confidence": "high", "confidence_note": "Explicit district and rural municipality.", "density": "1", "effective_sources": "1", "independent_origins": "1", "origin": "media_own", "origin_note": "single outlet", "corroboration": "single_source", "evidence_quote": "दुई वटा सामुदायिक विद्यालय र एउटा बोर्डिङमा पूर्ण रूपमा क्षति पुगेको छ ।", "evidence_quote_en": "Two community schools and one boarding school were completely damaged.", "temporal_contamination_flag": "", "sector": "school", "asset_name": "two community schools and one boarding school", "status": "destroyed", "capacity": "", "unit": "", "damage_detail": "", "source_outlets": "Onlinekhabar", "source_outlet_count": 1, "entity_key": "two community schools and one boarding school|school", "geo_resolution": "point", "geo_statement": "Matched \"Uttargaya\" to a named OSM place in Rasuwa", "geo_match_name": "उत्तरगया", "geo_match_osm_id": "node/13242877440", "geo_anchor_id": null, "geo_anchor_name": null}, "geometry": {"type": "Point", "coordinates": [85.1951685, 28.0116144]}}, {"type": "Feature", "properties": {"record_id": "773008c63b85be77", "table": "infrastructure", "location_raw": "Langtang Khola Hydropower Project tunnel", "location_ne": "", "admin_level": "settlement", "district": "Rasuwa", "province": "Bagmati", "geo_basis": "text_explicit", "as_of": "2026-08-30", "as_of_basis": "article_date", "first_reported": "2026-08-30", "last_reported": "2026-08-30", "confidence": "medium", "confidence_note": "Named project and district explicit.", "density": "1", "effective_sources": "1", "independent_origins": "1", "origin": "media_own", "origin_note": "single outlet", "corroboration": "single_source", "evidence_quote": "टनेलभित्र पानी र माटोको मात्रा बढी छ । आज आर्मीले त्यहाँको सबै पन्छाउने काम गर्यो ।", "evidence_quote_en": "There is a large amount of water and mud inside the tunnel; the army worked today to clear it all.", "temporal_contamination_flag": "", "sector": "power", "asset_name": "Langtang Khola Hydropower Project", "status": "damaged", "capacity": "", "unit": "", "damage_detail": "tunnel filled with water and mud", "source_outlets": "Onlinekhabar", "source_outlet_count": 1, "entity_key": "Langtang Khola Hydropower Project|power", "geo_resolution": "district", "geo_statement": "Located to Rasuwa district only — the source names a place we could not resolve", "geo_match_name": null, "geo_match_osm_id": null, "geo_anchor_id": "79688334B50883418539268", "geo_anchor_name": "Rasuwa"}, "geometry": {"type": "Point", "coordinates": [85.43275923020244, 28.17010993431697]}}, {"type": "Feature", "properties": {"record_id": "952a42f0d258b1e3", "table": "infrastructure", "location_raw": "Aamachhodingmo-4", "location_ne": "", "admin_level": "ward", "district": "Rasuwa", "province": "Bagmati", "geo_basis": "text_explicit", "as_of": "2026-08-30", "as_of_basis": "article_date", "first_reported": "2026-08-30", "last_reported": "2026-08-30", "confidence": "high", "confidence_note": "Named ward (Aamachhodingmo-4) via preceding quote in the same article.", "density": "1", "effective_sources": "1", "independent_origins": "1", "origin": "media_own", "origin_note": "single outlet", "corroboration": "single_source", "evidence_quote": "विगत पाँच दिनयता बिजुलीबिना बस्नुपरेको र टेलिफोन सम्पर्कका लागि मोबाइल चार्ज गर्न पनि समस्या रहेको उनीहरूको दुखेसो छ।", "evidence_quote_en": "They complained of having to live without electricity for the past five days, and of trouble charging mobile phones for telephone contact.", "temporal_contamination_flag": "", "sector": "power", "asset_name": "", "status": "non_functional", "capacity": "", "unit": "", "damage_detail": "no electricity for five days", "source_outlets": "BBC Nepali", "source_outlet_count": 1, "entity_key": "Aamachhodingmo-4|power", "geo_resolution": "point", "geo_statement": "Matched \"Aamachhodingmo-4\" to a named OSM place in Rasuwa", "geo_match_name": "आमाछोदिङ्मो", "geo_match_osm_id": "node/13242877442", "geo_anchor_id": null, "geo_anchor_name": null}, "geometry": {"type": "Point", "coordinates": [85.3130932, 28.1705778]}}, {"type": "Feature", "properties": {"record_id": "f7c0e4962912b41a", "table": "infrastructure", "location_raw": "Trishuli 3A and 3B", "location_ne": "", "admin_level": "settlement", "district": "Rasuwa", "province": "Bagmati", "geo_basis": "text_explicit", "as_of": "2026-08-30", "as_of_basis": "article_date", "first_reported": "2026-08-30", "last_reported": "2026-08-30", "confidence": "high", "confidence_note": "Figure and location stated directly in the quoted passage.", "density": "1", "effective_sources": "1", "independent_origins": "1", "origin": "media_own", "origin_note": "single outlet", "corroboration": "single_source", "evidence_quote": "The most critical thread in Sunday's operations was the race to reach workers trapped inside tunnels at the Trishuli 3A and 3B hydropower sites in Rasuwa district.", "evidence_quote_en": "", "temporal_contamination_flag": "", "sector": "power", "asset_name": "Trishuli 3A and 3B hydropower sites", "status": "non_functional", "capacity": "", "unit": "", "damage_detail": "tunnels swamped by flood debris, workers trapped inside", "source_outlets": "International Business Times", "source_outlet_count": 1, "entity_key": "Trishuli 3A and 3B hydropower sites|power", "geo_resolution": "district", "geo_statement": "Located to Rasuwa district only — the source names a place we could not resolve", "geo_match_name": null, "geo_match_osm_id": null, "geo_anchor_id": "79688334B50883418539268", "geo_anchor_name": "Rasuwa"}, "geometry": {"type": "Point", "coordinates": [85.43275923020244, 28.17010993431697]}}, {"type": "Feature", "properties": {"record_id": "4c5d61b704199be7", "table": "infrastructure", "location_raw": "अपर त्रिशूली–३ बी क्याम्प", "location_ne": "", "admin_level": "settlement", "district": "Rasuwa", "province": "Bagmati", "geo_basis": "text_explicit", "as_of": "2026-08-30", "as_of_basis": "stated", "first_reported": "2026-08-31", "last_reported": "2026-08-31", "confidence": "high", "confidence_note": "Quote uses role-based attribution ('eyewitness staff'), no personal names.", "density": "1", "effective_sources": "1", "independent_origins": "1", "origin": "media_own", "origin_note": "single outlet", "corroboration": "single_source", "evidence_quote": "बाढीबाट भागेर ज्यान बचाउन सफल कर्मचारीका अनुसार क्याम्प क्षेत्रमा रहेको घर लेदोले पुरिएको हो । घरभित्र आयोजनाका उच्च पदस्थ कर्मचारी, परामर्शदाता, इन्टर्न विद्यार्थी, उनीहरूका परिवार तथा साना बालबालिकासमेत रहेको बताइएको छ ।", "evidence_quote_en": "Eyewitness staff said that instead of houses being swept away, they were buried under silt/mud, burying project staff, consultants, intern students, and their family members inside.", "temporal_contamination_flag": "", "sector": "other", "asset_name": "अपर त्रिशूली–३ बी (Upper Trishuli-3B) camp", "status": "destroyed", "capacity": "", "unit": "", "damage_detail": "camp housing buried under mudslide/silt rather than swept away", "source_outlets": "Ratopati", "source_outlet_count": 1, "entity_key": "अपर त्रिशूली–३ बी (Upper Trishuli-3B) camp|other", "geo_resolution": "district", "geo_statement": "Located to Rasuwa district only — the source names a place we could not resolve", "geo_match_name": null, "geo_match_osm_id": null, "geo_anchor_id": "79688334B50883418539268", "geo_anchor_name": "Rasuwa"}, "geometry": {"type": "Point", "coordinates": [85.43275923020244, 28.17010993431697]}}, {"type": "Feature", "properties": {"record_id": "cd945d2a38323570", "table": "infrastructure", "location_raw": "Rasuwa district", "location_ne": "", "admin_level": "district", "district": "Rasuwa", "province": "Bagmati", "geo_basis": "text_explicit", "as_of": "2026-08-30", "as_of_basis": "article_date", "first_reported": "2026-08-30", "last_reported": "2026-08-30", "confidence": "high", "confidence_note": "District named directly.", "density": "2", "effective_sources": "2", "independent_origins": "2", "origin": "unattributed", "origin_note": "2 outlets, no reporting body named; independence not established", "corroboration": "independent", "evidence_quote": "सबसे ज्यादा प्रभावित रसुवा जिले में चार स्वास्थ्य केंद्र पूरी तरह तबाह हो गए हैं और धादिंग में दो आंशिक रूप से क्षतिग्रस्त हो गए हैं।", "evidence_quote_en": "Rasuwa district, the worst-affected, has had four health centres completely destroyed, and two in Dhading have been partially damaged.", "temporal_contamination_flag": "False", "sector": "health_facility", "asset_name": "", "status": "destroyed", "capacity": "4.0", "unit": "facilities", "damage_detail": "four health centres completely destroyed", "source_outlets": "dainiksaveratimes.com; Ratopati", "source_outlet_count": 2, "entity_key": "Rasuwa district|health_facility", "geo_resolution": "district", "geo_statement": "Located to Rasuwa district only", "geo_match_name": null, "geo_match_osm_id": null, "geo_anchor_id": "79688334B50883418539268", "geo_anchor_name": "Rasuwa"}, "geometry": {"type": "Point", "coordinates": [85.43275923020244, 28.17010993431697]}}, {"type": "Feature", "properties": {"record_id": "fe87ccb380caf55a", "table": "infrastructure", "location_raw": "Upper Trishuli-1 and Trishuli-3A hydropower projects", "location_ne": "", "admin_level": "settlement", "district": "Rasuwa", "province": "Bagmati", "geo_basis": "text_explicit", "as_of": "2026-08-30", "as_of_basis": "article_date", "first_reported": "2026-08-30", "last_reported": "2026-08-30", "confidence": "high", "confidence_note": "District named directly (Rasuwa).", "density": "1", "effective_sources": "1", "independent_origins": "1", "origin": "media_own", "origin_note": "single outlet", "corroboration": "single_source", "evidence_quote": "Several workers are believed to be trapped in tunnels linked to the Upper Trishuli-1 and Trishuli-3A hydropower projects in Rasuwa district, near the Nepal-Tibet border. Rescue operations have been hampered by mud and debris blocking tunnel entrances as well as adverse weather conditions.", "evidence_quote_en": "", "temporal_contamination_flag": "False", "sector": "power", "asset_name": "", "status": "non_functional", "capacity": "", "unit": "", "damage_detail": "tunnel entrances blocked by mud and debris, hampering rescue operations", "source_outlets": "The New Indian Express", "source_outlet_count": 1, "entity_key": "Upper Trishuli-1 and Trishuli-3A hydropower projects|power", "geo_resolution": "district", "geo_statement": "Located to Rasuwa district only — the source names a place we could not resolve", "geo_match_name": null, "geo_match_osm_id": null, "geo_anchor_id": "79688334B50883418539268", "geo_anchor_name": "Rasuwa"}, "geometry": {"type": "Point", "coordinates": [85.43275923020244, 28.17010993431697]}}, {"type": "Feature", "properties": {"record_id": "05025f2058cb19cf", "table": "infrastructure", "location_raw": "रसुवागढी", "location_ne": "", "admin_level": "settlement", "district": "Rasuwa", "province": "Bagmati", "geo_basis": "text_explicit", "as_of": "2026-08-31", "as_of_basis": "article_date", "first_reported": "2026-08-31", "last_reported": "2026-08-31", "confidence": "high", "confidence_note": "Explicitly named border checkpoint and district.", "density": "2", "effective_sources": "2", "independent_origins": "2", "origin": "unattributed", "origin_note": "2 outlets, no reporting body named; independence not established", "corroboration": "independent", "evidence_quote": "नेपाल-चीनबीचको (रसुवागढी-केरुङ) नाका विनासकारी बाढीका कारण पूर्ण रुपमा क्षति भएसँगै कोरलाना मार्फत् मालवस्तु र कन्टेनरहरु आउन थालेका हुन् ।", "evidence_quote_en": "The Nepal-China (Rasuwagadhi-Kerung) checkpoint was completely damaged by the devastating flood, so goods and containers began arriving via the Korola checkpoint instead.", "temporal_contamination_flag": "False", "sector": "other", "asset_name": "", "status": "destroyed", "capacity": "", "unit": "", "damage_detail": "नाका पूर्ण रुपमा क्षति (checkpoint completely damaged)", "source_outlets": "Onlinekhabar; Ujyaalo Online", "source_outlet_count": 2, "entity_key": "रसुवागढी|other", "geo_resolution": "point", "geo_statement": "Matched \"रसुवागढी\" to a named OSM place in Rasuwa", "geo_match_name": "रसुवागढी", "geo_match_osm_id": "node/992955542", "geo_anchor_id": null, "geo_anchor_name": null}, "geometry": {"type": "Point", "coordinates": [85.3777789, 28.2777749]}}, {"type": "Feature", "properties": {"record_id": "923a4266e32bb349", "table": "infrastructure", "location_raw": "धुन्चे", "location_ne": "", "admin_level": "settlement", "district": "Rasuwa", "province": "Bagmati", "geo_basis": "text_explicit", "as_of": "2026-08-31", "as_of_basis": "article_date", "first_reported": "2026-08-31", "last_reported": "2026-08-31", "confidence": "high", "confidence_note": "Explicitly names Dhunche, Rasuwa district headquarters.", "density": "1", "effective_sources": "1", "independent_origins": "1", "origin": "media_own", "origin_note": "single outlet", "corroboration": "single_source", "evidence_quote": "भोटेकोशीमा आएको विनाशकारी बाढीका कारण रसुवाको सदरमुकाम धुन्चेमा विद्युत् सेवा अवरुद्ध हुँदा सञ्चार सेवामा समेत समस्या देखिएको छ।", "evidence_quote_en": "Due to the devastating Bhotekoshi flood, power supply in Dhunche, the district headquarters of Rasuwa, has been disrupted, causing problems for communication services too.", "temporal_contamination_flag": "False", "sector": "power", "asset_name": "", "status": "non_functional", "capacity": "", "unit": "", "damage_detail": "विद्युत् सेवा अवरुद्ध (power service disrupted)", "source_outlets": "Onlinekhabar", "source_outlet_count": 1, "entity_key": "धुन्चे|power", "geo_resolution": "point", "geo_statement": "Matched \"धुन्चे\" to a named OSM place in Rasuwa", "geo_match_name": "धुन्चे", "geo_match_osm_id": "node/10315965426", "geo_anchor_id": null, "geo_anchor_name": null}, "geometry": {"type": "Point", "coordinates": [85.2960583, 28.1127948]}}, {"type": "Feature", "properties": {"record_id": "1a353eb08cf90edc", "table": "infrastructure", "location_raw": "धुन्चे", "location_ne": "", "admin_level": "settlement", "district": "Rasuwa", "province": "Bagmati", "geo_basis": "text_explicit", "as_of": "2026-08-31", "as_of_basis": "article_date", "first_reported": "2026-08-31", "last_reported": "2026-08-31", "confidence": "high", "confidence_note": "Same Dhunche, Rasuwa location as prior record.", "density": "1", "effective_sources": "1", "independent_origins": "1", "origin": "media_own", "origin_note": "single outlet", "corroboration": "single_source", "evidence_quote": "विद्युत् आपूर्ति बन्द भएपछि मोबाइल टावर सञ्चालनमा राख्न डिजेलबाट जेनेरेटर चलाइएको छ।", "evidence_quote_en": "After the power supply was cut, diesel generators are being run to keep mobile towers operating.", "temporal_contamination_flag": "False", "sector": "telecom", "asset_name": "", "status": "partial", "capacity": "", "unit": "", "damage_detail": "मोबाइल टावर जेनेरेटरको भरमा सञ्चालन (mobile towers running on backup diesel generators)", "source_outlets": "Onlinekhabar", "source_outlet_count": 1, "entity_key": "धुन्चे|telecom", "geo_resolution": "point", "geo_statement": "Matched \"धुन्चे\" to a named OSM place in Rasuwa", "geo_match_name": "धुन्चे", "geo_match_osm_id": "node/10315965426", "geo_anchor_id": null, "geo_anchor_name": null}, "geometry": {"type": "Point", "coordinates": [85.2960583, 28.1127948]}}, {"type": "Feature", "properties": {"record_id": "ea4def8d55be7924", "table": "infrastructure", "location_raw": "Rasuwagadhi-Kerung checkpoint", "location_ne": "", "admin_level": "settlement", "district": "Rasuwa", "province": "Bagmati", "geo_basis": "text_explicit", "as_of": "2026-08-31", "as_of_basis": "article_date", "first_reported": "2026-08-31", "last_reported": "2026-08-31", "confidence": "high", "confidence_note": "Explicitly named checkpoint and district.", "density": "1", "effective_sources": "1", "independent_origins": "1", "origin": "media_own", "origin_note": "single outlet", "corroboration": "single_source", "evidence_quote": "Goods-laden trucks have been diverted to the Korola border point in Mustang after the Bhotekoshi flash flood completely destroyed the Rasuwagadhi-Kerung checkpoint and damaged roads along the Nepal-China border in Rasuwa.", "evidence_quote_en": "", "temporal_contamination_flag": "False", "sector": "other", "asset_name": "", "status": "destroyed", "capacity": "", "unit": "", "damage_detail": "completely destroyed the Rasuwagadhi-Kerung checkpoint", "source_outlets": "Khabarhub", "source_outlet_count": 1, "entity_key": "Rasuwagadhi-Kerung checkpoint|other", "geo_resolution": "district", "geo_statement": "Located to Rasuwa district only — the source names a place we could not resolve", "geo_match_name": null, "geo_match_osm_id": null, "geo_anchor_id": "79688334B50883418539268", "geo_anchor_name": "Rasuwa"}, "geometry": {"type": "Point", "coordinates": [85.43275923020244, 28.17010993431697]}}, {"type": "Feature", "properties": {"record_id": "426b4f126632f0a4", "table": "infrastructure", "location_raw": "Trishuli-3A Hydropower Project", "location_ne": "", "admin_level": "settlement", "district": "Rasuwa", "province": "Bagmati", "geo_basis": "text_explicit", "as_of": "2026-08-31", "as_of_basis": "article_date", "first_reported": "2026-08-28", "last_reported": "2026-08-31", "confidence": "medium", "confidence_note": "Named among 'around half a dozen blocked hydropower tunnels'; district inferred from other coverage of Trishuli-3A in Rasuwa.", "density": "2", "effective_sources": "2", "independent_origins": "2", "origin": "unattributed", "origin_note": "2 outlets, no reporting body named; independence not established", "corroboration": "independent", "evidence_quote": "Rescue teams backed by Indian and Chinese experts are searching around half a dozen blocked hydropower tunnels, including Trishuli-3A.", "evidence_quote_en": "", "temporal_contamination_flag": "False", "sector": "power", "asset_name": "", "status": "non_functional", "capacity": "", "unit": "", "damage_detail": "tunnel blocked, rescue teams searching for trapped workers", "source_outlets": "The Federal; India Today", "source_outlet_count": 2, "entity_key": "Trishuli-3A Hydropower Project|power", "geo_resolution": "district", "geo_statement": "Located to Rasuwa district only — the source names a place we could not resolve", "geo_match_name": null, "geo_match_osm_id": null, "geo_anchor_id": "79688334B50883418539268", "geo_anchor_name": "Rasuwa"}, "geometry": {"type": "Point", "coordinates": [85.43275923020244, 28.17010993431697]}}]}