{"type": "FeatureCollection", "features": [{"type": "Feature", "properties": {"record_id": "b79e0450c77c0476", "table": "shelter_sites", "location_raw": "Trishuli Batar", "location_ne": "", "admin_level": "settlement", "district": "", "province": "Bagmati", "geo_basis": "text_explicit", "as_of": "2026-08-27", "as_of_basis": "stated", "first_reported": "2026-08-29", "last_reported": "2026-08-29", "confidence": "medium", "confidence_note": "Photo caption names the camp and settlement directly, dated Aug 27; no headcount given, district not stated.", "density": "2", "effective_sources": "1", "independent_origins": "1", "origin": "media_own", "origin_note": "single outlet", "corroboration": "syndicated", "evidence_quote": "Army personnel carry an injured flood victim on a stretcher at an army rescue camp in Trishuli Batar, Nepal, on August 27, 2026.", "evidence_quote_en": "", "temporal_contamination_flag": "", "site_name": "army rescue camp, Trishuli Batar", "site_type": "camp", "site_function": "displacement_shelter", "households": "", "people": "", "figure_basis": "absent", "population_groups": "", "source_outlets": "WSMH; WRGB", "source_outlet_count": 2, "entity_key": "army rescue camp, Trishuli Batar", "geo_resolution": "province", "geo_statement": "Located to Bagmati province only — the source names no district", "geo_match_name": null, "geo_match_osm_id": null, "geo_anchor_id": "38925275B1624743257395", "geo_anchor_name": "Bagmati"}, "geometry": {"type": "Point", "coordinates": [85.39309228206186, 27.652735693974222]}}, {"type": "Feature", "properties": {"record_id": "c7e2026ad610871c", "table": "shelter_sites", "location_raw": "Nilkantha Secondary School, Bogatitar, Uttargaya", "location_ne": "निलकण्ठ मावि (बोगटीटार)", "admin_level": "settlement", "district": "", "province": "Bagmati", "geo_basis": "text_explicit", "as_of": "2026-08-29", "as_of_basis": "article_date", "first_reported": "2026-08-28", "last_reported": "2026-08-28", "confidence": "medium", "confidence_note": "Site, area (Uttargaya) and headcount stated explicitly; district left blank since not restated in this sentence (article dateline suggests Rasuwa).", "density": "1", "effective_sources": "1", "independent_origins": "1", "origin": "media_own", "origin_note": "single outlet", "corroboration": "single_source", "evidence_quote": "हाल उत्तरगया क्षेत्रका करिब ३५० जना प्रभावितहरूलाई निलकण्ठ मावि (बोगटीटार) को भुइँमा कालो म्याट्रेसमा राखिएको छ।", "evidence_quote_en": "Currently, about 350 affected people from the Uttargaya area have been put on the floor of Nilkantha Secondary School (Bogatitar) on black mattresses.", "temporal_contamination_flag": "", "site_name": "निलकण्ठ मावि (बोगटीटार)", "site_type": "school", "site_function": "displacement_shelter", "households": "", "people": "350.0", "figure_basis": "stated", "population_groups": "", "source_outlets": "Deshsanchar", "source_outlet_count": 1, "entity_key": "निलकण्ठ मावि (बोगटीटार)", "geo_resolution": "point", "geo_statement": "Matched \"Uttargaya\" to a named OSM place", "geo_match_name": "उत्तरगया", "geo_match_osm_id": "node/13242877440", "geo_anchor_id": null, "geo_anchor_name": null}, "geometry": {"type": "Point", "coordinates": [85.1951685, 28.0116144]}}, {"type": "Feature", "properties": {"record_id": "5292161e8b3b9806", "table": "shelter_sites", "location_raw": "Uttargaya area relief camp", "location_ne": "", "admin_level": "rural_municipality", "district": "", "province": "Bagmati", "geo_basis": "text_adjacent", "as_of": "2026-08-29", "as_of_basis": "article_date", "first_reported": "2026-08-28", "last_reported": "2026-08-28", "confidence": "low", "confidence_note": "No site name or count given; likely the same Nilkantha-school shelter described in the immediately preceding sentence, recorded separately as it is a distinct quote/fact.", "density": "1", "effective_sources": "1", "independent_origins": "1", "origin": "media_own", "origin_note": "single outlet", "corroboration": "single_source", "evidence_quote": "राहत शिविरमा रहेका गर्भवती, सुत्केरी, बालबालिका, ज्येष्ठ नागरिक र नियमित औषधि सेवन गर्ने बिरामीको उपचार हुन सकेको छैन।", "evidence_quote_en": "Pregnant women, postpartum women, children, elderly people, and patients on regular medication who are in the relief camp have not been able to receive treatment.", "temporal_contamination_flag": "", "site_name": "", "site_type": "camp", "site_function": "displacement_shelter", "households": "", "people": "", "figure_basis": "absent", "population_groups": "pregnant;women;children;elderly", "source_outlets": "Deshsanchar", "source_outlet_count": 1, "entity_key": "Uttargaya area relief camp", "geo_resolution": "province", "geo_statement": "Located to Bagmati province only — the source names no district", "geo_match_name": null, "geo_match_osm_id": null, "geo_anchor_id": "38925275B1624743257395", "geo_anchor_name": "Bagmati"}, "geometry": {"type": "Point", "coordinates": [85.39309228206186, 27.652735693974222]}}, {"type": "Feature", "properties": {"record_id": "c5434f95a63437e0", "table": "shelter_sites", "location_raw": "Battar Bazar", "location_ne": "", "admin_level": "settlement", "district": "", "province": "Bagmati", "geo_basis": "text_explicit", "as_of": "2026-08-29", "as_of_basis": "article_date", "first_reported": "2026-08-29", "last_reported": "2026-08-29", "confidence": "medium", "confidence_note": "Settlement and province named directly; specific district not stated, no headcount given.", "density": "1", "effective_sources": "1", "independent_origins": "1", "origin": "media_own", "origin_note": "single outlet", "corroboration": "single_source", "evidence_quote": "The army has also been using helicopters to evacuate people who were cut off from the outside, bringing them to an army training camp in Battar Bazar in Bagmati province, which borders Tibet.", "evidence_quote_en": "", "temporal_contamination_flag": "", "site_name": "army training camp, Battar Bazar", "site_type": "camp", "site_function": "displacement_shelter", "households": "", "people": "", "figure_basis": "absent", "population_groups": "", "source_outlets": "The Star", "source_outlet_count": 1, "entity_key": "army training camp, Battar Bazar", "geo_resolution": "province", "geo_statement": "Located to Bagmati province only — the source names no district", "geo_match_name": null, "geo_match_osm_id": null, "geo_anchor_id": "38925275B1624743257395", "geo_anchor_name": "Bagmati"}, "geometry": {"type": "Point", "coordinates": [85.39309228206186, 27.652735693974222]}}, {"type": "Feature", "properties": {"record_id": "fb1c55da0a4140ff", "table": "shelter_sites", "location_raw": "रसुवा र नुवाकोट", "location_ne": "", "admin_level": "district", "district": "", "province": "Bagmati", "geo_basis": "text_explicit", "as_of": "2026-08-30", "as_of_basis": "stated", "first_reported": "2026-08-31", "last_reported": "2026-08-31", "confidence": "medium", "confidence_note": "Combined Rasuwa+Nuwakot district-level total; district field left blank since it spans two districts.", "density": "1", "effective_sources": "1", "independent_origins": "1", "origin": "media_own", "origin_note": "single outlet", "corroboration": "single_source", "evidence_quote": "आइतबार मात्रै प्रभावित दुई जिल्लामा ३ हजार ४ सय ५४ जनालाई आश्रय तथा राहत वितरण गरिएको छ ।", "evidence_quote_en": "On Sunday alone, 3,454 people were provided shelter and relief distribution across the two affected districts.", "temporal_contamination_flag": "False", "site_name": "", "site_type": "camp", "site_function": "displacement_shelter", "households": "", "people": "3454.0", "figure_basis": "stated", "population_groups": "", "source_outlets": "ImageKhabar", "source_outlet_count": 1, "entity_key": "रसुवा र नुवाकोट", "geo_resolution": "district", "geo_statement": "District recovered as Nuwakot by locating \"नुवाकोट\"; anchored to the district, not the site", "geo_match_name": null, "geo_match_osm_id": null, "geo_anchor_id": "79688334B17077666187877", "geo_anchor_name": "Nuwakot"}, "geometry": {"type": "Point", "coordinates": [85.20729652963067, 27.936643231647253]}}, {"type": "Feature", "properties": {"record_id": "62bd877940de92a2", "table": "shelter_sites", "location_raw": "बाढी प्रभावित क्षेत्र (नुवाकोट, रसुवा)", "location_ne": "", "admin_level": "district", "district": "", "province": "Bagmati", "geo_basis": "text_adjacent", "as_of": "2026-08-31", "as_of_basis": "article_date", "first_reported": "2026-08-31", "last_reported": "2026-08-31", "confidence": "low", "confidence_note": "No specific site name or single district given; homeless flood victims described sheltering in local schools and temporary camps generally across the affected districts.", "density": "1", "effective_sources": "1", "independent_origins": "1", "origin": "media_own", "origin_note": "single outlet", "corroboration": "single_source", "evidence_quote": "हाल घरबारविहीन भएका पीडितहरू स्थानीय विद्यालय तथा अस्थायी शिविरहरूमा कष्टकर रूपमा बसिरहेका छन्।", "evidence_quote_en": "", "temporal_contamination_flag": "", "site_name": "", "site_type": "school", "site_function": "displacement_shelter", "households": "", "people": "", "figure_basis": "absent", "population_groups": "", "source_outlets": "Deshsanchar", "source_outlet_count": 1, "entity_key": "बाढी प्रभावित क्षेत्र (नुवाकोट, रसुवा)", "geo_resolution": "district", "geo_statement": "District recovered as Nuwakot by locating \"नुवाकोट\"; anchored to the district, not the site", "geo_match_name": null, "geo_match_osm_id": null, "geo_anchor_id": "79688334B17077666187877", "geo_anchor_name": "Nuwakot"}, "geometry": {"type": "Point", "coordinates": [85.20729652963067, 27.936643231647253]}}, {"type": "Feature", "properties": {"record_id": "dc16615b17f8a7ac", "table": "shelter_sites", "location_raw": "बाढी प्रभावित क्षेत्र (नुवाकोट, रसुवा)", "location_ne": "", "admin_level": "district", "district": "", "province": "Bagmati", "geo_basis": "text_adjacent", "as_of": "2026-08-31", "as_of_basis": "article_date", "first_reported": "2026-08-31", "last_reported": "2026-08-31", "confidence": "low", "confidence_note": "No specific site name or single district given; homeless flood victims described sheltering in local schools and temporary camps generally across the affected districts.", "density": "1", "effective_sources": "1", "independent_origins": "1", "origin": "media_own", "origin_note": "single outlet", "corroboration": "single_source", "evidence_quote": "हाल घरबारविहीन भएका पीडितहरू स्थानीय विद्यालय तथा अस्थायी शिविरहरूमा कष्टकर रूपमा बसिरहेका छन्।", "evidence_quote_en": "", "temporal_contamination_flag": "", "site_name": "", "site_type": "camp", "site_function": "displacement_shelter", "households": "", "people": "", "figure_basis": "absent", "population_groups": "", "source_outlets": "Deshsanchar", "source_outlet_count": 1, "entity_key": "बाढी प्रभावित क्षेत्र (नुवाकोट, रसुवा)", "geo_resolution": "district", "geo_statement": "District recovered as Nuwakot by locating \"नुवाकोट\"; anchored to the district, not the site", "geo_match_name": null, "geo_match_osm_id": null, "geo_anchor_id": "79688334B17077666187877", "geo_anchor_name": "Nuwakot"}, "geometry": {"type": "Point", "coordinates": [85.20729652963067, 27.936643231647253]}}, {"type": "Feature", "properties": {"record_id": "c1f298bbc03f4dd2", "table": "shelter_sites", "location_raw": "Malekhu, Dhading (higher ground)", "location_ne": "", "admin_level": "settlement", "district": "Dhading", "province": "Bagmati", "geo_basis": "text_explicit", "as_of": "2026-08-26", "as_of_basis": "inferred_from_text", "first_reported": "2026-08-30", "last_reported": "2026-08-30", "confidence": "medium", "confidence_note": "Site and location explicit; headcount omitted (figure_basis absent) rather than tied to the personal narrative's implied group size.", "density": "1", "effective_sources": "1", "independent_origins": "1", "origin": "media_own", "origin_note": "single outlet", "corroboration": "single_source", "evidence_quote": "The group moved to higher ground in Malekhu and spent the night inside their car.", "evidence_quote_en": "", "temporal_contamination_flag": "False", "site_name": "", "site_type": "open_ground", "site_function": "displacement_shelter", "households": "", "people": "", "figure_basis": "absent", "population_groups": "tourists", "source_outlets": "The Economic Times", "source_outlet_count": 1, "entity_key": "Malekhu, Dhading (higher ground)", "geo_resolution": "point", "geo_statement": "Matched \"Malekhu\" to a named OSM place in Dhading", "geo_match_name": "मलेखु", "geo_match_osm_id": "node/3013890962", "geo_anchor_id": null, "geo_anchor_name": null}, "geometry": {"type": "Point", "coordinates": [84.82724, 27.813705]}}, {"type": "Feature", "properties": {"record_id": "7928ab6021da12cd", "table": "shelter_sites", "location_raw": "गजुरी गाउँपालिका, धादिङ", "location_ne": "", "admin_level": "rural_municipality", "district": "Dhading", "province": "Bagmati", "geo_basis": "text_explicit", "as_of": "2026-08-29", "as_of_basis": "article_date", "first_reported": "2026-08-29", "last_reported": "2026-08-29", "confidence": "medium", "confidence_note": "Gajuri rural municipality (Dhading) ward chair account; site named as tarps/tents for displaced households, no headcount.", "density": "1", "effective_sources": "1", "independent_origins": "1", "origin": "media_own", "origin_note": "single outlet", "corroboration": "single_source", "evidence_quote": "बाढीले कतिपयको घर डुबान भएको र पानीका छालले घर चर्केकाले विस्थापितका लागि त्रिपालको व्यवस्था गरी उद्धार कार्य जारी नै रहेको बताउनुभयो ।", "evidence_quote_en": "Because the flood submerged some houses and waves cracked others, tarps/tents have been arranged for the displaced and rescue work continues, he said.", "temporal_contamination_flag": "False", "site_name": "", "site_type": "tents", "site_function": "displacement_shelter", "households": "", "people": "", "figure_basis": "absent", "population_groups": "", "source_outlets": "Gorkhapatra", "source_outlet_count": 1, "entity_key": "गजुरी गाउँपालिका, धादिङ", "geo_resolution": "district", "geo_statement": "Located to Dhading district only — the source names a place we could not resolve", "geo_match_name": null, "geo_match_osm_id": null, "geo_anchor_id": "79688334B79703604543181", "geo_anchor_name": "Dhading"}, "geometry": {"type": "Point", "coordinates": [84.87763638110704, 28.025043976557015]}}, {"type": "Feature", "properties": {"record_id": "deb91503187b5c92", "table": "shelter_sites", "location_raw": "Manakamana Temple", "location_ne": "", "admin_level": "settlement", "district": "Gorkha", "province": "Gandaki", "geo_basis": "gazetteer_match", "as_of": "2026-08-30", "as_of_basis": "article_date", "first_reported": "2026-08-30", "last_reported": "2026-08-30", "confidence": "low", "confidence_note": "Site type approximated as community_building; source says 'temple' which is not in the enum. District attribution medium confidence.", "density": "1", "effective_sources": "1", "independent_origins": "1", "origin": "media_own", "origin_note": "single outlet", "corroboration": "single_source", "evidence_quote": "They had taken shelter at the Manakamana Temple before being evacuated by Nepal Police and local officials as the Trishuli River overflowed.", "evidence_quote_en": "", "temporal_contamination_flag": "", "site_name": "Manakamana Temple", "site_type": "community_building", "site_function": "displacement_shelter", "households": "", "people": "", "figure_basis": "absent", "population_groups": "", "source_outlets": "Pragativadi", "source_outlet_count": 1, "entity_key": "Manakamana Temple", "geo_resolution": "district", "geo_statement": "Located to Gorkha district only — the source names a place we could not resolve", "geo_match_name": null, "geo_match_osm_id": null, "geo_anchor_id": "79688334B93802880856426", "geo_anchor_name": "Gorkha"}, "geometry": {"type": "Point", "coordinates": [84.81454945836937, 28.29653345281497]}}, {"type": "Feature", "properties": {"record_id": "f794122507b2a64c", "table": "shelter_sites", "location_raw": "Kathmandu", "location_ne": "", "admin_level": "district", "district": "Kathmandu", "province": "Bagmati", "geo_basis": "text_explicit", "as_of": "2026-08-27", "as_of_basis": "inferred_from_text", "first_reported": "2026-08-28", "last_reported": "2026-08-29", "confidence": "medium", "confidence_note": "", "density": "8", "effective_sources": "8", "independent_origins": "8", "origin": "unattributed", "origin_note": "8 outlets, no reporting body named; independence not established", "corroboration": "independent", "evidence_quote": "Helicopters ferried the injured to Kathmandu hospitals, where 63 people are receiving treatment.", "evidence_quote_en": "", "temporal_contamination_flag": "False", "site_name": "", "site_type": "hospital", "site_function": "medical_treatment", "households": "", "people": "63.0", "figure_basis": "stated", "population_groups": "", "source_outlets": "myRepublica; Onmanorama; The Borderlens; ImageKhabar; Janakpur Today; Khabarhub; India Today; Arghakhanchi", "source_outlet_count": 8, "entity_key": "Kathmandu", "geo_resolution": "district", "geo_statement": "Located to Kathmandu district only", "geo_match_name": null, "geo_match_osm_id": null, "geo_anchor_id": "79688334B75108943206003", "geo_anchor_name": "Kathmandu"}, "geometry": {"type": "Point", "coordinates": [85.26981408551208, 27.69905151590865]}}, {"type": "Feature", "properties": {"record_id": "5768b172d433416d", "table": "shelter_sites", "location_raw": "Shikshan (Teaching) Hospital, Maharajgunj", "location_ne": "", "admin_level": "settlement", "district": "Kathmandu", "province": "Bagmati", "geo_basis": "text_adjacent", "as_of": "2026-08-27", "as_of_basis": "inferred_from_text", "first_reported": "2026-08-28", "last_reported": "2026-08-28", "confidence": "medium", "confidence_note": "Headcount explicit; Kathmandu location inferred from hospital identity and earlier article context, not restated in this sentence.", "density": "1", "effective_sources": "1", "independent_origins": "1", "origin": "media_own", "origin_note": "single outlet", "corroboration": "single_source", "evidence_quote": "यी घाइतेबाहेक बिहीबार साँझसम्म शिक्षण अस्पतालमा ४१ जना, वीर अस्पतालमा ४४ जना र राष्ट्रिय ट्रमा सेन्टरमा २९ जना रसुवा बाढीका घाइतेको उपचार भइरहेको छ।", "evidence_quote_en": "Besides these injured, by Thursday evening 41 people at Teaching Hospital, 44 at Bir Hospital, and 29 at National Trauma Center were being treated for injuries from the Rasuwa flood.", "temporal_contamination_flag": "", "site_name": "Shikshan Hospital", "site_type": "hospital", "site_function": "medical_treatment", "households": "", "people": "41.0", "figure_basis": "stated", "population_groups": "injured", "source_outlets": "Nagarik News", "source_outlet_count": 1, "entity_key": "Shikshan Hospital", "geo_resolution": "palika", "geo_statement": "Located to Maharajgunj local unit in Kathmandu district — anchored to the unit, not an exact site", "geo_match_name": null, "geo_match_osm_id": null, "geo_anchor_id": "92635248B85489931830106", "geo_anchor_name": "Maharajgunj"}, "geometry": {"type": "Point", "coordinates": [82.94086145760332, 27.536277581730292]}}, {"type": "Feature", "properties": {"record_id": "6e7f001af6ab8386", "table": "shelter_sites", "location_raw": "Kathmandu", "location_ne": "", "admin_level": "settlement", "district": "Kathmandu", "province": "Bagmati", "geo_basis": "text_explicit", "as_of": "2026-08-28", "as_of_basis": "article_date", "first_reported": "2026-08-28", "last_reported": "2026-08-28", "confidence": "high", "confidence_note": "Named facility, named city, explicit headcount stated in the article body.", "density": "3", "effective_sources": "3", "independent_origins": "3", "origin": "unattributed", "origin_note": "3 outlets, no reporting body named; independence not established", "corroboration": "independent", "evidence_quote": "काठमाडौँ । रसुवामा आएको विनाशकारी बाढी र पहिरोमा परी घाइते भएकामध्ये ३४ जनालाई काठमाडौँस्थित राष्ट्रिय ट्रमा सेन्टरमा ल्याई उपचाररत छन् ।", "evidence_quote_en": "In Kathmandu. Of those injured in the devastating flood and landslide in Rasuwa, 34 people have been brought to and are being treated at the National Trauma Center in Kathmandu.", "temporal_contamination_flag": "False", "site_name": "राष्ट्रिय ट्रमा सेन्टर (National Trauma Center)", "site_type": "hospital", "site_function": "medical_treatment", "households": "", "people": "34.0", "figure_basis": "stated", "population_groups": "injured", "source_outlets": "Ratopati; Ujyaalo Online", "source_outlet_count": 3, "entity_key": "राष्ट्रिय ट्रमा सेन्टर (National Trauma Center)", "geo_resolution": "point", "geo_statement": "Matched \"National Trauma Center\" to a named OSM facilitie in Kathmandu", "geo_match_name": "National Trauma Center", "geo_match_osm_id": "way/112117062", "geo_anchor_id": null, "geo_anchor_name": null}, "geometry": {"type": "Point", "coordinates": [85.3130672, 27.7042997]}}, {"type": "Feature", "properties": {"record_id": "c93f004cb308eb7f", "table": "shelter_sites", "location_raw": "Kathmandu", "location_ne": "", "admin_level": "settlement", "district": "Kathmandu", "province": "Bagmati", "geo_basis": "text_explicit", "as_of": "2026-08-28", "as_of_basis": "article_date", "first_reported": "2026-08-28", "last_reported": "2026-08-28", "confidence": "medium", "confidence_note": "Police situation report; hospitals unnamed but explicitly located in Kathmandu Valley.", "density": "4", "effective_sources": "4", "independent_origins": "4", "origin": "unattributed", "origin_note": "4 outlets, no reporting body named; independence not established", "corroboration": "independent", "evidence_quote": "हालसम्म १ हजार ५४५ जनाको उद्धार तथा घाइतेहरूको व्यवस्थापन गरिएको छ भने काठमाडौँ उपत्यकाका विभिन्न अस्पतालहरूमा उपचाररत तथा डिस्चार्ज हुने घाइतेको संख्या ८४ पुगेको छ ।", "evidence_quote_en": "So far 1,545 people have been rescued and their injuries managed, while the number of injured being treated or discharged from various hospitals in Kathmandu Valley has reached 84.", "temporal_contamination_flag": "False", "site_name": "विभिन्न अस्पताल (various hospitals)", "site_type": "hospital", "site_function": "medical_treatment", "households": "", "people": "84.0", "figure_basis": "stated", "population_groups": "injured", "source_outlets": "Onlinekhabar; Deshsanchar; Nagarik News; Janakpur Today", "source_outlet_count": 4, "entity_key": "विभिन्न अस्पताल (various hospitals)", "geo_resolution": "palika", "geo_statement": "Located to Kathmandu local unit in Kathmandu district — anchored to the unit, not an exact site", "geo_match_name": null, "geo_match_osm_id": null, "geo_anchor_id": "92635248B69748389600023", "geo_anchor_name": "Kathmandu"}, "geometry": {"type": "Point", "coordinates": [85.32732598855569, 27.708680269500327]}}, {"type": "Feature", "properties": {"record_id": "46328c829c102931", "table": "shelter_sites", "location_raw": "Kathmandu", "location_ne": "", "admin_level": "settlement", "district": "Kathmandu", "province": "Bagmati", "geo_basis": "text_explicit", "as_of": "2026-08-28", "as_of_basis": "article_date", "first_reported": "2026-08-28", "last_reported": "2026-08-28", "confidence": "high", "confidence_note": "One of six named hospitals in a Home Ministry/health-institution situation update.", "density": "1", "effective_sources": "1", "independent_origins": "1", "origin": "media_own", "origin_note": "single outlet", "corroboration": "single_source", "evidence_quote": "काठमाडौँ ल्याइएका घाइतेहरूमध्ये सबैभन्दा धेरै शिक्षण अस्पताल , महाराजगन्जमा ४० जना र राष्ट्रिय ट्रमा सेन्टरमा ३१ जनाको उपचार भइरहेको छ।", "evidence_quote_en": "Among those brought to Kathmandu, the largest numbers of injured are being treated at Teaching Hospital, Maharajgunj, with 40, and the National Trauma Center, with 31.", "temporal_contamination_flag": "False", "site_name": "शिक्षण अस्पताल, महाराजगन्ज (Teaching Hospital, Maharajgunj)", "site_type": "hospital", "site_function": "medical_treatment", "households": "", "people": "40.0", "figure_basis": "stated", "population_groups": "injured", "source_outlets": "Ratopati", "source_outlet_count": 1, "entity_key": "शिक्षण अस्पताल, महाराजगन्ज (Teaching Hospital, Maharajgunj)", "geo_resolution": "palika", "geo_statement": "Located to Kathmandu local unit in Kathmandu district — anchored to the unit, not an exact site", "geo_match_name": null, "geo_match_osm_id": null, "geo_anchor_id": "92635248B69748389600023", "geo_anchor_name": "Kathmandu"}, "geometry": {"type": "Point", "coordinates": [85.32732598855569, 27.708680269500327]}}, {"type": "Feature", "properties": {"record_id": "1f80108e3ec3ee0d", "table": "shelter_sites", "location_raw": "Kathmandu", "location_ne": "", "admin_level": "settlement", "district": "Kathmandu", "province": "Bagmati", "geo_basis": "text_explicit", "as_of": "2026-08-28", "as_of_basis": "article_date", "first_reported": "2026-08-28", "last_reported": "2026-08-28", "confidence": "high", "confidence_note": "Later same-day police update; per-hospital breakdown.", "density": "4", "effective_sources": "4", "independent_origins": "4", "origin": "unattributed", "origin_note": "4 outlets, no reporting body named; independence not established", "corroboration": "independent", "evidence_quote": "प्रहरीका अनुसार हाल काठमाडौँ उपत्यकाका विभिन्न अस्पताललमा ६० घाइतेको उपचार भइरहेको छ। त्रिवि शिक्षण अस्पतालमा ३१, ट्रमा सेन्टरमा २०, वीर अस्पतालमा दुई, वीरेन्द्र सैनिक अस्पतालमा एक, नर्भिक अस्पतालमा एक, मनमोहन अस्पतालमा दुई, बिएण्डबी अस्पतालमा दुई र ग्राण्डी अस्पतालमा एक जनाको उपचार भइरहेको छ।", "evidence_quote_en": "According to police, 60 injured are currently being treated at various hospitals in Kathmandu Valley: 31 at TU Teaching Hospital, 20 at the Trauma Center, two at Bir Hospital, one at Birendra Military Hospital, one at Norvic Hospital, two at Manmohan Hospital, two at B&B Hospital and one at Grande Hospital.", "temporal_contamination_flag": "False", "site_name": "वीर अस्पताल (Bir Hospital)", "site_type": "hospital", "site_function": "medical_treatment", "households": "", "people": "2.0", "figure_basis": "stated", "population_groups": "injured", "source_outlets": "Ratopati; Nepal Samaya; Ujyaalo Online", "source_outlet_count": 4, "entity_key": "वीर अस्पताल (Bir Hospital)", "geo_resolution": "point", "geo_statement": "Matched \"Bir Hospital\" to a named OSM facilitie in Kathmandu", "geo_match_name": "Bir Hospital", "geo_match_osm_id": "relation/10953874", "geo_anchor_id": null, "geo_anchor_name": null}, "geometry": {"type": "Point", "coordinates": [85.313361, 27.7051847]}}, {"type": "Feature", "properties": {"record_id": "2b2549774088ca9f", "table": "shelter_sites", "location_raw": "Kathmandu", "location_ne": "", "admin_level": "settlement", "district": "Kathmandu", "province": "Bagmati", "geo_basis": "text_explicit", "as_of": "2026-08-28", "as_of_basis": "article_date", "first_reported": "2026-08-28", "last_reported": "2026-08-28", "confidence": "high", "confidence_note": "Later same-day police update; per-hospital breakdown.", "density": "2", "effective_sources": "2", "independent_origins": "2", "origin": "unattributed", "origin_note": "2 outlets, no reporting body named; independence not established", "corroboration": "independent", "evidence_quote": "प्रहरीका अनुसार हाल काठमाडौँ उपत्यकाका विभिन्न अस्पताललमा ६० घाइतेको उपचार भइरहेको छ। त्रिवि शिक्षण अस्पतालमा ३१, ट्रमा सेन्टरमा २०, वीर अस्पतालमा दुई, वीरेन्द्र सैनिक अस्पतालमा एक, नर्भिक अस्पतालमा एक, मनमोहन अस्पतालमा दुई, बिएण्डबी अस्पतालमा दुई र ग्राण्डी अस्पतालमा एक जनाको उपचार भइरहेको छ।", "evidence_quote_en": "According to police, 60 injured are currently being treated at various hospitals in Kathmandu Valley: 31 at TU Teaching Hospital, 20 at the Trauma Center, two at Bir Hospital, one at Birendra Military Hospital, one at Norvic Hospital, two at Manmohan Hospital, two at B&B Hospital and one at Grande Hospital.", "temporal_contamination_flag": "False", "site_name": "वीरेन्द्र सैनिक अस्पताल (Birendra Military Hospital)", "site_type": "hospital", "site_function": "medical_treatment", "households": "", "people": "1.0", "figure_basis": "stated", "population_groups": "injured", "source_outlets": "Ratopati; Nepal Samaya", "source_outlet_count": 2, "entity_key": "वीरेन्द्र सैनिक अस्पताल (Birendra Military Hospital)", "geo_resolution": "point", "geo_statement": "Matched \"सैनिक अस्पताल\" to a named OSM facilitie in Kathmandu", "geo_match_name": "सैनिक अस्पताल", "geo_match_osm_id": "node/1497172311", "geo_anchor_id": null, "geo_anchor_name": null}, "geometry": {"type": "Point", "coordinates": [85.2913209, 27.7114391]}}, {"type": "Feature", "properties": {"record_id": "168950826f8abdef", "table": "shelter_sites", "location_raw": "Kathmandu", "location_ne": "", "admin_level": "settlement", "district": "Kathmandu", "province": "Bagmati", "geo_basis": "text_explicit", "as_of": "2026-08-28", "as_of_basis": "article_date", "first_reported": "2026-08-28", "last_reported": "2026-08-28", "confidence": "high", "confidence_note": "Later same-day police update; per-hospital breakdown.", "density": "3", "effective_sources": "3", "independent_origins": "3", "origin": "unattributed", "origin_note": "3 outlets, no reporting body named; independence not established", "corroboration": "independent", "evidence_quote": "प्रहरीका अनुसार हाल काठमाडौँ उपत्यकाका विभिन्न अस्पताललमा ६० घाइतेको उपचार भइरहेको छ। त्रिवि शिक्षण अस्पतालमा ३१, ट्रमा सेन्टरमा २०, वीर अस्पतालमा दुई, वीरेन्द्र सैनिक अस्पतालमा एक, नर्भिक अस्पतालमा एक, मनमोहन अस्पतालमा दुई, बिएण्डबी अस्पतालमा दुई र ग्राण्डी अस्पतालमा एक जनाको उपचार भइरहेको छ।", "evidence_quote_en": "According to police, 60 injured are currently being treated at various hospitals in Kathmandu Valley: 31 at TU Teaching Hospital, 20 at the Trauma Center, two at Bir Hospital, one at Birendra Military Hospital, one at Norvic Hospital, two at Manmohan Hospital, two at B&B Hospital and one at Grande Hospital.", "temporal_contamination_flag": "False", "site_name": "मनमोहन अस्पताल (Manmohan Hospital)", "site_type": "hospital", "site_function": "medical_treatment", "households": "", "people": "2.0", "figure_basis": "stated", "population_groups": "injured", "source_outlets": "Ratopati; Nepal Samaya", "source_outlet_count": 3, "entity_key": "मनमोहन अस्पताल (Manmohan Hospital)", "geo_resolution": "palika", "geo_statement": "Located to Kathmandu local unit in Kathmandu district — anchored to the unit, not an exact site", "geo_match_name": null, "geo_match_osm_id": null, "geo_anchor_id": "92635248B69748389600023", "geo_anchor_name": "Kathmandu"}, "geometry": {"type": "Point", "coordinates": [85.32732598855569, 27.708680269500327]}}, {"type": "Feature", "properties": {"record_id": "b26c68ad3ec031b7", "table": "shelter_sites", "location_raw": "Kathmandu", "location_ne": "", "admin_level": "settlement", "district": "Kathmandu", "province": "Bagmati", "geo_basis": "text_explicit", "as_of": "2026-08-28", "as_of_basis": "article_date", "first_reported": "2026-08-28", "last_reported": "2026-08-28", "confidence": "high", "confidence_note": "Hindi-language sister article; separate article_id recorded independently.", "density": "2", "effective_sources": "2", "independent_origins": "2", "origin": "unattributed", "origin_note": "2 outlets, no reporting body named; independence not established", "corroboration": "independent", "evidence_quote": "इसी तरह, वीर अस्पताल में ६, वीरेंद्र सैनिक अस्पताल में १, मनमोहन अस्पताल में २ और ग्रीन सिटी अस्पताल में १ व्यक्ति का इलाज चल रहा है।", "evidence_quote_en": "Similarly, 6 are being treated at Bir Hospital, 1 at Birendra Military Hospital, 2 at Manmohan Hospital and 1 at Green City Hospital.", "temporal_contamination_flag": "False", "site_name": "ग्रीन सिटी अस्पताल (Green City Hospital)", "site_type": "hospital", "site_function": "medical_treatment", "households": "", "people": "1.0", "figure_basis": "stated", "population_groups": "injured", "source_outlets": "Ratopati", "source_outlet_count": 2, "entity_key": "ग्रीन सिटी अस्पताल (Green City Hospital)", "geo_resolution": "palika", "geo_statement": "Located to Kathmandu local unit in Kathmandu district — anchored to the unit, not an exact site", "geo_match_name": null, "geo_match_osm_id": null, "geo_anchor_id": "92635248B69748389600023", "geo_anchor_name": "Kathmandu"}, "geometry": {"type": "Point", "coordinates": [85.32732598855569, 27.708680269500327]}}, {"type": "Feature", "properties": {"record_id": "41651343332e22fe", "table": "shelter_sites", "location_raw": "Kathmandu", "location_ne": "", "admin_level": "settlement", "district": "Kathmandu", "province": "Bagmati", "geo_basis": "text_explicit", "as_of": "2026-08-28", "as_of_basis": "article_date", "first_reported": "2026-08-28", "last_reported": "2026-08-28", "confidence": "high", "confidence_note": "Hindi-language sister article reporting the same Home Ministry update; separate article_id so recorded independently.", "density": "1", "effective_sources": "1", "independent_origins": "1", "origin": "media_own", "origin_note": "single outlet", "corroboration": "single_source", "evidence_quote": "काठमांडू लाए गए घायलों में सबसे अधिक शिक्षण अस्पताल, महाराजगंज में ४० और राष्ट्रीय ट्रामा सेंटर में ३१ लोगों का इलाज चल रहा है।", "evidence_quote_en": "Among those brought to Kathmandu, the largest numbers of injured are being treated at Teaching Hospital, Maharajgunj, with 40, and the National Trauma Center, with 31.", "temporal_contamination_flag": "False", "site_name": "शिक्षण अस्पताल, महाराजगंज (Teaching Hospital, Maharajgunj)", "site_type": "hospital", "site_function": "medical_treatment", "households": "", "people": "40.0", "figure_basis": "stated", "population_groups": "injured", "source_outlets": "Ratopati", "source_outlet_count": 1, "entity_key": "शिक्षण अस्पताल, महाराजगंज (Teaching Hospital, Maharajgunj)", "geo_resolution": "palika", "geo_statement": "Located to Kathmandu local unit in Kathmandu district — anchored to the unit, not an exact site", "geo_match_name": null, "geo_match_osm_id": null, "geo_anchor_id": "92635248B69748389600023", "geo_anchor_name": "Kathmandu"}, "geometry": {"type": "Point", "coordinates": [85.32732598855569, 27.708680269500327]}}, {"type": "Feature", "properties": {"record_id": "1d5f0627db798891", "table": "shelter_sites", "location_raw": "Kathmandu", "location_ne": "", "admin_level": "settlement", "district": "Kathmandu", "province": "Bagmati", "geo_basis": "text_explicit", "as_of": "2026-08-28", "as_of_basis": "article_date", "first_reported": "2026-08-28", "last_reported": "2026-08-28", "confidence": "high", "confidence_note": "Hindi-language sister article; separate article_id recorded independently.", "density": "1", "effective_sources": "1", "independent_origins": "1", "origin": "media_own", "origin_note": "single outlet", "corroboration": "single_source", "evidence_quote": "काठमांडू लाए गए घायलों में सबसे अधिक शिक्षण अस्पताल, महाराजगंज में ४० और राष्ट्रीय ट्रामा सेंटर में ३१ लोगों का इलाज चल रहा है।", "evidence_quote_en": "Among those brought to Kathmandu, the largest numbers of injured are being treated at Teaching Hospital, Maharajgunj, with 40, and the National Trauma Center, with 31.", "temporal_contamination_flag": "False", "site_name": "राष्ट्रीय ट्रामा सेंटर (National Trauma Center)", "site_type": "hospital", "site_function": "medical_treatment", "households": "", "people": "31.0", "figure_basis": "stated", "population_groups": "injured", "source_outlets": "Ratopati", "source_outlet_count": 1, "entity_key": "राष्ट्रीय ट्रामा सेंटर (National Trauma Center)", "geo_resolution": "point", "geo_statement": "Matched \"National Trauma Center\" to a named OSM facilitie in Kathmandu", "geo_match_name": "National Trauma Center", "geo_match_osm_id": "way/112117062", "geo_anchor_id": null, "geo_anchor_name": null}, "geometry": {"type": "Point", "coordinates": [85.3130672, 27.7042997]}}, {"type": "Feature", "properties": {"record_id": "a36799595d18e367", "table": "shelter_sites", "location_raw": "Kathmandu", "location_ne": "", "admin_level": "settlement", "district": "Kathmandu", "province": "Bagmati", "geo_basis": "text_explicit", "as_of": "2026-08-28", "as_of_basis": "article_date", "first_reported": "2026-08-28", "last_reported": "2026-08-28", "confidence": "high", "confidence_note": "Hindi-language sister article; separate article_id recorded independently.", "density": "1", "effective_sources": "1", "independent_origins": "1", "origin": "media_own", "origin_note": "single outlet", "corroboration": "single_source", "evidence_quote": "इसी तरह, वीर अस्पताल में ६, वीरेंद्र सैनिक अस्पताल में १, मनमोहन अस्पताल में २ और ग्रीन सिटी अस्पताल में १ व्यक्ति का इलाज चल रहा है।", "evidence_quote_en": "Similarly, 6 are being treated at Bir Hospital, 1 at Birendra Military Hospital, 2 at Manmohan Hospital and 1 at Green City Hospital.", "temporal_contamination_flag": "False", "site_name": "वीरेंद्र सैनिक अस्पताल (Birendra Military Hospital)", "site_type": "hospital", "site_function": "medical_treatment", "households": "", "people": "1.0", "figure_basis": "stated", "population_groups": "injured", "source_outlets": "Ratopati", "source_outlet_count": 1, "entity_key": "वीरेंद्र सैनिक अस्पताल (Birendra Military Hospital)", "geo_resolution": "point", "geo_statement": "Matched \"सैनिक अस्पताल\" to a named OSM facilitie in Kathmandu", "geo_match_name": "सैनिक अस्पताल", "geo_match_osm_id": "node/1497172311", "geo_anchor_id": null, "geo_anchor_name": null}, "geometry": {"type": "Point", "coordinates": [85.2913209, 27.7114391]}}, {"type": "Feature", "properties": {"record_id": "d1371d5d30ef49c8", "table": "shelter_sites", "location_raw": "Kathmandu", "location_ne": "", "admin_level": "settlement", "district": "Kathmandu", "province": "Bagmati", "geo_basis": "text_explicit", "as_of": "2026-08-28", "as_of_basis": "article_date", "first_reported": "2026-08-28", "last_reported": "2026-08-28", "confidence": "high", "confidence_note": "Later same-day police update with a different hospital breakdown than a01714/a01739.", "density": "1", "effective_sources": "1", "independent_origins": "1", "origin": "media_own", "origin_note": "single outlet", "corroboration": "single_source", "evidence_quote": "प्रहरीका अनुसार हाल काठमाडौँ उपत्यकाका विभिन्न अस्पताललमा ६० घाइतेको उपचार भइरहेको छ। त्रिवि शिक्षण अस्पतालमा ३१, ट्रमा सेन्टरमा २०, वीर अस्पतालमा दुई, वीरेन्द्र सैनिक अस्पतालमा एक, नर्भिक अस्पतालमा एक, मनमोहन अस्पतालमा दुई, बिएण्डबी अस्पतालमा दुई र ग्राण्डी अस्पतालमा एक जनाको उपचार भइरहेको छ।", "evidence_quote_en": "According to police, 60 injured are currently being treated at various hospitals in Kathmandu Valley: 31 at TU Teaching Hospital, 20 at the Trauma Center, two at Bir Hospital, one at Birendra Military Hospital, one at Norvic Hospital, two at Manmohan Hospital, two at B&B Hospital and one at Grande Hospital.", "temporal_contamination_flag": "False", "site_name": "त्रिवि शिक्षण अस्पताल (TU Teaching Hospital)", "site_type": "hospital", "site_function": "medical_treatment", "households": "", "people": "31.0", "figure_basis": "stated", "population_groups": "injured", "source_outlets": "Nepal Samaya", "source_outlet_count": 1, "entity_key": "त्रिवि शिक्षण अस्पताल (TU Teaching Hospital)", "geo_resolution": "point", "geo_statement": "Matched \"TU Teaching Hospital\" to a named OSM facilitie in Kathmandu", "geo_match_name": "TU Teaching Hospital", "geo_match_osm_id": "relation/2421673", "geo_anchor_id": null, "geo_anchor_name": null}, "geometry": {"type": "Point", "coordinates": [85.3299868, 27.7361127]}}, {"type": "Feature", "properties": {"record_id": "5b9b3f78e4af241c", "table": "shelter_sites", "location_raw": "Kathmandu", "location_ne": "", "admin_level": "settlement", "district": "Kathmandu", "province": "Bagmati", "geo_basis": "text_explicit", "as_of": "2026-08-28", "as_of_basis": "article_date", "first_reported": "2026-08-28", "last_reported": "2026-08-28", "confidence": "high", "confidence_note": "Later same-day police update; per-hospital breakdown.", "density": "1", "effective_sources": "1", "independent_origins": "1", "origin": "media_own", "origin_note": "single outlet", "corroboration": "single_source", "evidence_quote": "प्रहरीका अनुसार हाल काठमाडौँ उपत्यकाका विभिन्न अस्पताललमा ६० घाइतेको उपचार भइरहेको छ। त्रिवि शिक्षण अस्पतालमा ३१, ट्रमा सेन्टरमा २०, वीर अस्पतालमा दुई, वीरेन्द्र सैनिक अस्पतालमा एक, नर्भिक अस्पतालमा एक, मनमोहन अस्पतालमा दुई, बिएण्डबी अस्पतालमा दुई र ग्राण्डी अस्पतालमा एक जनाको उपचार भइरहेको छ।", "evidence_quote_en": "According to police, 60 injured are currently being treated at various hospitals in Kathmandu Valley: 31 at TU Teaching Hospital, 20 at the Trauma Center, two at Bir Hospital, one at Birendra Military Hospital, one at Norvic Hospital, two at Manmohan Hospital, two at B&B Hospital and one at Grande Hospital.", "temporal_contamination_flag": "False", "site_name": "ट्रमा सेन्टर (Trauma Center)", "site_type": "hospital", "site_function": "medical_treatment", "households": "", "people": "20.0", "figure_basis": "stated", "population_groups": "injured", "source_outlets": "Nepal Samaya", "source_outlet_count": 1, "entity_key": "ट्रमा सेन्टर (Trauma Center)", "geo_resolution": "point", "geo_statement": "Matched \"Trauma Center\" to OSM \"National Trauma Center\" on distinctive words in Kathmandu", "geo_match_name": "National Trauma Center", "geo_match_osm_id": "way/112117062", "geo_anchor_id": null, "geo_anchor_name": null}, "geometry": {"type": "Point", "coordinates": [85.3130672, 27.7042997]}}, {"type": "Feature", "properties": {"record_id": "0c248be6650c3822", "table": "shelter_sites", "location_raw": "Kathmandu", "location_ne": "", "admin_level": "settlement", "district": "Kathmandu", "province": "Bagmati", "geo_basis": "text_explicit", "as_of": "2026-08-28", "as_of_basis": "article_date", "first_reported": "2026-08-28", "last_reported": "2026-08-28", "confidence": "high", "confidence_note": "Later same-day police update; per-hospital breakdown.", "density": "2", "effective_sources": "2", "independent_origins": "2", "origin": "unattributed", "origin_note": "2 outlets, no reporting body named; independence not established", "corroboration": "independent", "evidence_quote": "प्रहरीका अनुसार हाल काठमाडौँ उपत्यकाका विभिन्न अस्पताललमा ६० घाइतेको उपचार भइरहेको छ। त्रिवि शिक्षण अस्पतालमा ३१, ट्रमा सेन्टरमा २०, वीर अस्पतालमा दुई, वीरेन्द्र सैनिक अस्पतालमा एक, नर्भिक अस्पतालमा एक, मनमोहन अस्पतालमा दुई, बिएण्डबी अस्पतालमा दुई र ग्राण्डी अस्पतालमा एक जनाको उपचार भइरहेको छ।", "evidence_quote_en": "According to police, 60 injured are currently being treated at various hospitals in Kathmandu Valley: 31 at TU Teaching Hospital, 20 at the Trauma Center, two at Bir Hospital, one at Birendra Military Hospital, one at Norvic Hospital, two at Manmohan Hospital, two at B&B Hospital and one at Grande Hospital.", "temporal_contamination_flag": "False", "site_name": "नर्भिक अस्पताल (Norvic Hospital)", "site_type": "hospital", "site_function": "medical_treatment", "households": "", "people": "1.0", "figure_basis": "stated", "population_groups": "injured", "source_outlets": "Nepal Samaya; Ujyaalo Online", "source_outlet_count": 2, "entity_key": "नर्भिक अस्पताल (Norvic Hospital)", "geo_resolution": "point", "geo_statement": "Matched \"Norvic Hospital\" to a named OSM facilitie in Kathmandu", "geo_match_name": "Norvic Hospital", "geo_match_osm_id": "way/124304055", "geo_anchor_id": null, "geo_anchor_name": null}, "geometry": {"type": "Point", "coordinates": [85.3191986, 27.6899666]}}, {"type": "Feature", "properties": {"record_id": "a9cfa07112d57e8c", "table": "shelter_sites", "location_raw": "Kathmandu", "location_ne": "", "admin_level": "settlement", "district": "Kathmandu", "province": "Bagmati", "geo_basis": "text_explicit", "as_of": "2026-08-28", "as_of_basis": "article_date", "first_reported": "2026-08-28", "last_reported": "2026-08-28", "confidence": "high", "confidence_note": "Later same-day police update; per-hospital breakdown.", "density": "1", "effective_sources": "1", "independent_origins": "1", "origin": "media_own", "origin_note": "single outlet", "corroboration": "single_source", "evidence_quote": "प्रहरीका अनुसार हाल काठमाडौँ उपत्यकाका विभिन्न अस्पताललमा ६० घाइतेको उपचार भइरहेको छ। त्रिवि शिक्षण अस्पतालमा ३१, ट्रमा सेन्टरमा २०, वीर अस्पतालमा दुई, वीरेन्द्र सैनिक अस्पतालमा एक, नर्भिक अस्पतालमा एक, मनमोहन अस्पतालमा दुई, बिएण्डबी अस्पतालमा दुई र ग्राण्डी अस्पतालमा एक जनाको उपचार भइरहेको छ।", "evidence_quote_en": "According to police, 60 injured are currently being treated at various hospitals in Kathmandu Valley: 31 at TU Teaching Hospital, 20 at the Trauma Center, two at Bir Hospital, one at Birendra Military Hospital, one at Norvic Hospital, two at Manmohan Hospital, two at B&B Hospital and one at Grande Hospital.", "temporal_contamination_flag": "False", "site_name": "बिएण्डबी अस्पताल (B&B Hospital)", "site_type": "hospital", "site_function": "medical_treatment", "households": "", "people": "2.0", "figure_basis": "stated", "population_groups": "injured", "source_outlets": "Nepal Samaya", "source_outlet_count": 1, "entity_key": "बिएण्डबी अस्पताल (B&B Hospital)", "geo_resolution": "palika", "geo_statement": "Located to Kathmandu local unit in Kathmandu district — anchored to the unit, not an exact site", "geo_match_name": null, "geo_match_osm_id": null, "geo_anchor_id": "92635248B69748389600023", "geo_anchor_name": "Kathmandu"}, "geometry": {"type": "Point", "coordinates": [85.32732598855569, 27.708680269500327]}}, {"type": "Feature", "properties": {"record_id": "2e8fd30e13d4009a", "table": "shelter_sites", "location_raw": "Kathmandu", "location_ne": "", "admin_level": "settlement", "district": "Kathmandu", "province": "Bagmati", "geo_basis": "text_explicit", "as_of": "2026-08-28", "as_of_basis": "article_date", "first_reported": "2026-08-28", "last_reported": "2026-08-28", "confidence": "high", "confidence_note": "Later same-day police update; per-hospital breakdown.", "density": "1", "effective_sources": "1", "independent_origins": "1", "origin": "media_own", "origin_note": "single outlet", "corroboration": "single_source", "evidence_quote": "प्रहरीका अनुसार हाल काठमाडौँ उपत्यकाका विभिन्न अस्पताललमा ६० घाइतेको उपचार भइरहेको छ। त्रिवि शिक्षण अस्पतालमा ३१, ट्रमा सेन्टरमा २०, वीर अस्पतालमा दुई, वीरेन्द्र सैनिक अस्पतालमा एक, नर्भिक अस्पतालमा एक, मनमोहन अस्पतालमा दुई, बिएण्डबी अस्पतालमा दुई र ग्राण्डी अस्पतालमा एक जनाको उपचार भइरहेको छ।", "evidence_quote_en": "According to police, 60 injured are currently being treated at various hospitals in Kathmandu Valley: 31 at TU Teaching Hospital, 20 at the Trauma Center, two at Bir Hospital, one at Birendra Military Hospital, one at Norvic Hospital, two at Manmohan Hospital, two at B&B Hospital and one at Grande Hospital.", "temporal_contamination_flag": "False", "site_name": "ग्राण्डी अस्पताल (Grande Hospital)", "site_type": "hospital", "site_function": "medical_treatment", "households": "", "people": "1.0", "figure_basis": "stated", "population_groups": "injured", "source_outlets": "Nepal Samaya", "source_outlet_count": 1, "entity_key": "ग्राण्डी अस्पताल (Grande Hospital)", "geo_resolution": "palika", "geo_statement": "Located to Kathmandu local unit in Kathmandu district — anchored to the unit, not an exact site", "geo_match_name": null, "geo_match_osm_id": null, "geo_anchor_id": "92635248B69748389600023", "geo_anchor_name": "Kathmandu"}, "geometry": {"type": "Point", "coordinates": [85.32732598855569, 27.708680269500327]}}, {"type": "Feature", "properties": {"record_id": "4e17f8a18b7e87ca", "table": "shelter_sites", "location_raw": "Kathmandu", "location_ne": "", "admin_level": "settlement", "district": "Kathmandu", "province": "Bagmati", "geo_basis": "text_explicit", "as_of": "2026-08-28", "as_of_basis": "article_date", "first_reported": "2026-08-28", "last_reported": "2026-08-28", "confidence": "medium", "confidence_note": "Wire report citing police figures; hospitals unnamed but located in Kathmandu.", "density": "7", "effective_sources": "7", "independent_origins": "7", "origin": "unattributed", "origin_note": "7 outlets, no reporting body named; independence not established", "corroboration": "independent", "evidence_quote": "So far, 1,545 injured and stranded people have been rescued from various affected regions. Among them, 84 are currently undergoing treatment in various hospitals in Kathmandu, where families are desperately hunting for loved ones.", "evidence_quote_en": "", "temporal_contamination_flag": "False", "site_name": "various hospitals", "site_type": "hospital", "site_function": "medical_treatment", "households": "", "people": "84.0", "figure_basis": "stated", "population_groups": "injured", "source_outlets": "Khabarhub; The Annapurna Express; Kashmir Observer; Maktoob; ETV Bharat; myRepublica; Deshsanchar", "source_outlet_count": 7, "entity_key": "various hospitals", "geo_resolution": "palika", "geo_statement": "Located to Kathmandu local unit in Kathmandu district — anchored to the unit, not an exact site", "geo_match_name": null, "geo_match_osm_id": null, "geo_anchor_id": "92635248B69748389600023", "geo_anchor_name": "Kathmandu"}, "geometry": {"type": "Point", "coordinates": [85.32732598855569, 27.708680269500327]}}, {"type": "Feature", "properties": {"record_id": "0e518d1f92ba4c4c", "table": "shelter_sites", "location_raw": "Kathmandu", "location_ne": "", "admin_level": "settlement", "district": "Kathmandu", "province": "Bagmati", "geo_basis": "text_explicit", "as_of": "2026-08-28", "as_of_basis": "stated", "first_reported": "2026-08-28", "last_reported": "2026-08-29", "confidence": "high", "confidence_note": "Caption names Kathmandu and an unnamed government hospital as a gathering point for relatives of the missing.", "density": "2", "effective_sources": "2", "independent_origins": "2", "origin": "unattributed", "origin_note": "2 outlets, no reporting body named; independence not established", "corroboration": "independent", "evidence_quote": "outside a government hospital as she waits for news of her brother, who is missing after flash floods, in Kathmandu, Nepal, Friday, Aug. 28, 2026.", "evidence_quote_en": "", "temporal_contamination_flag": "", "site_name": "", "site_type": "hospital", "site_function": "medical_treatment", "households": "", "people": "", "figure_basis": "absent", "population_groups": "", "source_outlets": "The Straits Times; AP News", "source_outlet_count": 2, "entity_key": "Kathmandu", "geo_resolution": "palika", "geo_statement": "Located to Kathmandu local unit in Kathmandu district — anchored to the unit, not an exact site", "geo_match_name": null, "geo_match_osm_id": null, "geo_anchor_id": "92635248B69748389600023", "geo_anchor_name": "Kathmandu"}, "geometry": {"type": "Point", "coordinates": [85.32732598855569, 27.708680269500327]}}, {"type": "Feature", "properties": {"record_id": "4ae53e19531e5bc8", "table": "shelter_sites", "location_raw": "Kathmandu", "location_ne": "", "admin_level": "district", "district": "Kathmandu", "province": "Bagmati", "geo_basis": "text_explicit", "as_of": "2026-08-28", "as_of_basis": "article_date", "first_reported": "2026-08-28", "last_reported": "2026-08-28", "confidence": "high", "confidence_note": "", "density": "1", "effective_sources": "1", "independent_origins": "1", "origin": "media_own", "origin_note": "single outlet", "corroboration": "single_source", "evidence_quote": "Many of those rescued have been taken to the Tribhuvan Teaching Hospital in Kathmandu, which has become crowded with people trying to find their loved ones.", "evidence_quote_en": "", "temporal_contamination_flag": "False", "site_name": "Tribhuvan Teaching Hospital", "site_type": "hospital", "site_function": "medical_treatment", "households": "", "people": "", "figure_basis": "absent", "population_groups": "", "source_outlets": "ABC News & Headlines – Australian Broadcasting Corporation", "source_outlet_count": 1, "entity_key": "Tribhuvan Teaching Hospital", "geo_resolution": "district", "geo_statement": "Located to Kathmandu district only", "geo_match_name": null, "geo_match_osm_id": null, "geo_anchor_id": "79688334B75108943206003", "geo_anchor_name": "Kathmandu"}, "geometry": {"type": "Point", "coordinates": [85.26981408551208, 27.69905151590865]}}, {"type": "Feature", "properties": {"record_id": "19d5ee534aabb502", "table": "shelter_sites", "location_raw": "Kathmandu", "location_ne": "", "admin_level": "settlement", "district": "Kathmandu", "province": "Bagmati", "geo_basis": "text_explicit", "as_of": "2026-08-28", "as_of_basis": "article_date", "first_reported": "2026-08-28", "last_reported": "2026-08-28", "confidence": "high", "confidence_note": "No headcount given, but the site and city are explicit and the quote confirms survivors were being brought there.", "density": "1", "effective_sources": "1", "independent_origins": "1", "origin": "media_own", "origin_note": "single outlet", "corroboration": "single_source", "evidence_quote": "At hospitals in the capital Kathmandu, people anxiously searched for their missing relatives. Ayush Tamang says he had been at the Tribhuvan University teaching hospital since Thursday morning after learning that the survivors would be brought there.", "evidence_quote_en": "", "temporal_contamination_flag": "False", "site_name": "Tribhuvan University Teaching Hospital", "site_type": "hospital", "site_function": "medical_treatment", "households": "", "people": "", "figure_basis": "absent", "population_groups": "", "source_outlets": "Newswav", "source_outlet_count": 1, "entity_key": "Tribhuvan University Teaching Hospital", "geo_resolution": "palika", "geo_statement": "Located to Kathmandu local unit in Kathmandu district — anchored to the unit, not an exact site", "geo_match_name": null, "geo_match_osm_id": null, "geo_anchor_id": "92635248B69748389600023", "geo_anchor_name": "Kathmandu"}, "geometry": {"type": "Point", "coordinates": [85.32732598855569, 27.708680269500327]}}, {"type": "Feature", "properties": {"record_id": "246d20592cca5e6a", "table": "shelter_sites", "location_raw": "Kathmandu", "location_ne": "", "admin_level": "settlement", "district": "Kathmandu", "province": "Bagmati", "geo_basis": "text_explicit", "as_of": "2026-08-28", "as_of_basis": "article_date", "first_reported": "2026-08-28", "last_reported": "2026-08-28", "confidence": "high", "confidence_note": "NDRRMA/DEOC Kathmandu situation update; per-hospital breakdown.", "density": "1", "effective_sources": "1", "independent_origins": "1", "origin": "media_own", "origin_note": "single outlet", "corroboration": "single_source", "evidence_quote": "शिक्षण अस्पताल महाराजगञ्ज अस्पतालमा तीन जना घाइतेको उपचार भइरहेको छ भने ११ जना डिस्चार्ज भएका छन् ।", "evidence_quote_en": "Three injured people are being treated at Teaching Hospital, Maharajgunj, while 11 have been discharged.", "temporal_contamination_flag": "False", "site_name": "शिक्षण अस्पताल महाराजगञ्ज (Teaching Hospital, Maharajgunj)", "site_type": "hospital", "site_function": "medical_treatment", "households": "", "people": "3.0", "figure_basis": "stated", "population_groups": "injured", "source_outlets": "Ujyaalo Online", "source_outlet_count": 1, "entity_key": "शिक्षण अस्पताल महाराजगञ्ज (Teaching Hospital, Maharajgunj)", "geo_resolution": "palika", "geo_statement": "Located to Kathmandu local unit in Kathmandu district — anchored to the unit, not an exact site", "geo_match_name": null, "geo_match_osm_id": null, "geo_anchor_id": "92635248B69748389600023", "geo_anchor_name": "Kathmandu"}, "geometry": {"type": "Point", "coordinates": [85.32732598855569, 27.708680269500327]}}, {"type": "Feature", "properties": {"record_id": "dee48f5b2b8cc4da", "table": "shelter_sites", "location_raw": "Kathmandu", "location_ne": "", "admin_level": "settlement", "district": "Kathmandu", "province": "Bagmati", "geo_basis": "text_explicit", "as_of": "2026-08-28", "as_of_basis": "article_date", "first_reported": "2026-08-28", "last_reported": "2026-08-28", "confidence": "high", "confidence_note": "Same situation update; per-hospital breakdown.", "density": "1", "effective_sources": "1", "independent_origins": "1", "origin": "media_own", "origin_note": "single outlet", "corroboration": "single_source", "evidence_quote": "मनमोहन हस्पिटलमा दुई जना र ग्रीनसिटी अस्पतालमा एक जनाको उपचार भइरहेको छ ।", "evidence_quote_en": "Two people are being treated at Manmohan Hospital and one at Green City Hospital.", "temporal_contamination_flag": "False", "site_name": "मनमोहन हस्पिटल (Manmohan Hospital)", "site_type": "hospital", "site_function": "medical_treatment", "households": "", "people": "2.0", "figure_basis": "stated", "population_groups": "injured", "source_outlets": "Ujyaalo Online", "source_outlet_count": 1, "entity_key": "मनमोहन हस्पिटल (Manmohan Hospital)", "geo_resolution": "palika", "geo_statement": "Located to Kathmandu local unit in Kathmandu district — anchored to the unit, not an exact site", "geo_match_name": null, "geo_match_osm_id": null, "geo_anchor_id": "92635248B69748389600023", "geo_anchor_name": "Kathmandu"}, "geometry": {"type": "Point", "coordinates": [85.32732598855569, 27.708680269500327]}}, {"type": "Feature", "properties": {"record_id": "d085b723ae87dea4", "table": "shelter_sites", "location_raw": "Kathmandu", "location_ne": "", "admin_level": "settlement", "district": "Kathmandu", "province": "Bagmati", "geo_basis": "text_explicit", "as_of": "2026-08-28", "as_of_basis": "article_date", "first_reported": "2026-08-28", "last_reported": "2026-08-28", "confidence": "high", "confidence_note": "Same situation update; per-hospital breakdown.", "density": "1", "effective_sources": "1", "independent_origins": "1", "origin": "media_own", "origin_note": "single outlet", "corroboration": "single_source", "evidence_quote": "मनमोहन हस्पिटलमा दुई जना र ग्रीनसिटी अस्पतालमा एक जनाको उपचार भइरहेको छ ।", "evidence_quote_en": "Two people are being treated at Manmohan Hospital and one at Green City Hospital.", "temporal_contamination_flag": "False", "site_name": "ग्रीनसिटी अस्पताल (Green City Hospital)", "site_type": "hospital", "site_function": "medical_treatment", "households": "", "people": "1.0", "figure_basis": "stated", "population_groups": "injured", "source_outlets": "Ujyaalo Online", "source_outlet_count": 1, "entity_key": "ग्रीनसिटी अस्पताल (Green City Hospital)", "geo_resolution": "palika", "geo_statement": "Located to Kathmandu local unit in Kathmandu district — anchored to the unit, not an exact site", "geo_match_name": null, "geo_match_osm_id": null, "geo_anchor_id": "92635248B69748389600023", "geo_anchor_name": "Kathmandu"}, "geometry": {"type": "Point", "coordinates": [85.32732598855569, 27.708680269500327]}}, {"type": "Feature", "properties": {"record_id": "d28b96e1939db397", "table": "shelter_sites", "location_raw": "Kathmandu", "location_ne": "", "admin_level": "settlement", "district": "Kathmandu", "province": "Bagmati", "geo_basis": "text_explicit", "as_of": "2026-08-28", "as_of_basis": "article_date", "first_reported": "2026-08-28", "last_reported": "2026-08-28", "confidence": "high", "confidence_note": "Same situation update; per-hospital breakdown.", "density": "1", "effective_sources": "1", "independent_origins": "1", "origin": "media_own", "origin_note": "single outlet", "corroboration": "single_source", "evidence_quote": "मनमैजु शुभम् अस्पताल र नेपाल मेडिकल कलेजमा एक/एक जनाको उपचार भइरहेको छ ।", "evidence_quote_en": "One person each is being treated at Manmaiju Shubham Hospital and Nepal Medical College.", "temporal_contamination_flag": "False", "site_name": "मनमैजु शुभम् अस्पताल (Manmaiju Shubham Hospital)", "site_type": "hospital", "site_function": "medical_treatment", "households": "", "people": "1.0", "figure_basis": "stated", "population_groups": "injured", "source_outlets": "Ujyaalo Online", "source_outlet_count": 1, "entity_key": "मनमैजु शुभम् अस्पताल (Manmaiju Shubham Hospital)", "geo_resolution": "palika", "geo_statement": "Located to Kathmandu local unit in Kathmandu district — anchored to the unit, not an exact site", "geo_match_name": null, "geo_match_osm_id": null, "geo_anchor_id": "92635248B69748389600023", "geo_anchor_name": "Kathmandu"}, "geometry": {"type": "Point", "coordinates": [85.32732598855569, 27.708680269500327]}}, {"type": "Feature", "properties": {"record_id": "7df397da65efc6c9", "table": "shelter_sites", "location_raw": "Kathmandu", "location_ne": "", "admin_level": "settlement", "district": "Kathmandu", "province": "Bagmati", "geo_basis": "text_explicit", "as_of": "2026-08-28", "as_of_basis": "article_date", "first_reported": "2026-08-28", "last_reported": "2026-08-28", "confidence": "high", "confidence_note": "Same situation update; per-hospital breakdown.", "density": "1", "effective_sources": "1", "independent_origins": "1", "origin": "media_own", "origin_note": "single outlet", "corroboration": "single_source", "evidence_quote": "मनमैजु शुभम् अस्पताल र नेपाल मेडिकल कलेजमा एक/एक जनाको उपचार भइरहेको छ ।", "evidence_quote_en": "One person each is being treated at Manmaiju Shubham Hospital and Nepal Medical College.", "temporal_contamination_flag": "False", "site_name": "नेपाल मेडिकल कलेज (Nepal Medical College)", "site_type": "hospital", "site_function": "medical_treatment", "households": "", "people": "1.0", "figure_basis": "stated", "population_groups": "injured", "source_outlets": "Ujyaalo Online", "source_outlet_count": 1, "entity_key": "नेपाल मेडिकल कलेज (Nepal Medical College)", "geo_resolution": "palika", "geo_statement": "Located to Kathmandu local unit in Kathmandu district — anchored to the unit, not an exact site", "geo_match_name": null, "geo_match_osm_id": null, "geo_anchor_id": "92635248B69748389600023", "geo_anchor_name": "Kathmandu"}, "geometry": {"type": "Point", "coordinates": [85.32732598855569, 27.708680269500327]}}, {"type": "Feature", "properties": {"record_id": "6d039e384d6cc21e", "table": "shelter_sites", "location_raw": "Kathmandu", "location_ne": "", "admin_level": "settlement", "district": "Kathmandu", "province": "Bagmati", "geo_basis": "text_explicit", "as_of": "2026-08-28", "as_of_basis": "article_date", "first_reported": "2026-08-28", "last_reported": "2026-08-28", "confidence": "high", "confidence_note": "English-language sister article to a02280's Nepali situation update; recorded independently per article_id.", "density": "1", "effective_sources": "1", "independent_origins": "1", "origin": "media_own", "origin_note": "single outlet", "corroboration": "single_source", "evidence_quote": "Three injured people are currently receiving treatment at Tribhuvan University Teaching Hospital in Maharajgunj, while 11 others have been discharged from the hospital after treatment.", "evidence_quote_en": "", "temporal_contamination_flag": "False", "site_name": "Tribhuvan University Teaching Hospital, Maharajgunj", "site_type": "hospital", "site_function": "medical_treatment", "households": "", "people": "3.0", "figure_basis": "stated", "population_groups": "injured", "source_outlets": "Khabarhub", "source_outlet_count": 1, "entity_key": "Tribhuvan University Teaching Hospital, Maharajgunj", "geo_resolution": "palika", "geo_statement": "Located to Kathmandu local unit in Kathmandu district — anchored to the unit, not an exact site", "geo_match_name": null, "geo_match_osm_id": null, "geo_anchor_id": "92635248B69748389600023", "geo_anchor_name": "Kathmandu"}, "geometry": {"type": "Point", "coordinates": [85.32732598855569, 27.708680269500327]}}, {"type": "Feature", "properties": {"record_id": "d64e1985811a64f3", "table": "shelter_sites", "location_raw": "राष्ट्रीय ट्रामा सेंटर, काठमांडू", "location_ne": "राष्ट्रिय ट्रमा सेन्टर", "admin_level": "settlement", "district": "Kathmandu", "province": "Bagmati", "geo_basis": "text_explicit", "as_of": "2026-08-28", "as_of_basis": "article_date", "first_reported": "2026-08-28", "last_reported": "2026-08-28", "confidence": "high", "confidence_note": "Named facility, named city, explicit headcount.", "density": "3", "effective_sources": "3", "independent_origins": "3", "origin": "unattributed", "origin_note": "3 outlets, no reporting body named; independence not established", "corroboration": "independent", "evidence_quote": "रसुवा में आए विनाशकारी बाढ़ और भूस्खलन में घायल हुए लोगों में से ३४ को काठमांडू स्थित राष्ट्रीय ट्रामा सेंटर लाकर उपचार किया जा रहा है।", "evidence_quote_en": "34 of those injured in the devastating flood and landslides in Rasuwa have been brought to the National Trauma Center in Kathmandu for treatment.", "temporal_contamination_flag": "False", "site_name": "National Trauma Center", "site_type": "hospital", "site_function": "medical_treatment", "households": "", "people": "34.0", "figure_basis": "stated", "population_groups": "injured", "source_outlets": "Khabarhub; Nagarik News; Ratopati", "source_outlet_count": 3, "entity_key": "National Trauma Center", "geo_resolution": "point", "geo_statement": "Matched \"National Trauma Center\" to a named OSM facilitie in Kathmandu", "geo_match_name": "National Trauma Center", "geo_match_osm_id": "way/112117062", "geo_anchor_id": null, "geo_anchor_name": null}, "geometry": {"type": "Point", "coordinates": [85.3130672, 27.7042997]}}, {"type": "Feature", "properties": {"record_id": "fc65e35584ec29be", "table": "shelter_sites", "location_raw": "Kathmandu", "location_ne": "", "admin_level": "settlement", "district": "Kathmandu", "province": "Bagmati", "geo_basis": "text_explicit", "as_of": "2026-08-28", "as_of_basis": "article_date", "first_reported": "2026-08-28", "last_reported": "2026-08-28", "confidence": "high", "confidence_note": "Figure is the number admitted, not currently-treated.", "density": "3", "effective_sources": "3", "independent_origins": "3", "origin": "unattributed", "origin_note": "3 outlets, no reporting body named; independence not established", "corroboration": "independent", "evidence_quote": "Six people were admitted to Bir Hospital, while five of them have since been discharged.", "evidence_quote_en": "", "temporal_contamination_flag": "False", "site_name": "Bir Hospital", "site_type": "hospital", "site_function": "medical_treatment", "households": "", "people": "6.0", "figure_basis": "stated", "population_groups": "injured", "source_outlets": "Khabarhub; Nagarik News; Ratopati", "source_outlet_count": 3, "entity_key": "Bir Hospital", "geo_resolution": "point", "geo_statement": "Matched \"Bir Hospital\" to a named OSM facilitie in Kathmandu", "geo_match_name": "Bir Hospital", "geo_match_osm_id": "relation/10953874", "geo_anchor_id": null, "geo_anchor_name": null}, "geometry": {"type": "Point", "coordinates": [85.313361, 27.7051847]}}, {"type": "Feature", "properties": {"record_id": "fee438c1d35f26ba", "table": "shelter_sites", "location_raw": "Kathmandu", "location_ne": "", "admin_level": "settlement", "district": "Kathmandu", "province": "Bagmati", "geo_basis": "text_explicit", "as_of": "2026-08-28", "as_of_basis": "article_date", "first_reported": "2026-08-28", "last_reported": "2026-08-28", "confidence": "high", "confidence_note": "Per-hospital breakdown from the same article.", "density": "1", "effective_sources": "1", "independent_origins": "1", "origin": "media_own", "origin_note": "single outlet", "corroboration": "single_source", "evidence_quote": "Two injured people are receiving treatment at Manmohan Memorial Medical College and Teaching Hospital, while one is being treated at Green City Hospital.", "evidence_quote_en": "", "temporal_contamination_flag": "False", "site_name": "Manmohan Memorial Medical College and Teaching Hospital", "site_type": "hospital", "site_function": "medical_treatment", "households": "", "people": "2.0", "figure_basis": "stated", "population_groups": "injured", "source_outlets": "Khabarhub", "source_outlet_count": 1, "entity_key": "Manmohan Memorial Medical College and Teaching Hospital", "geo_resolution": "palika", "geo_statement": "Located to Kathmandu local unit in Kathmandu district — anchored to the unit, not an exact site", "geo_match_name": null, "geo_match_osm_id": null, "geo_anchor_id": "92635248B69748389600023", "geo_anchor_name": "Kathmandu"}, "geometry": {"type": "Point", "coordinates": [85.32732598855569, 27.708680269500327]}}, {"type": "Feature", "properties": {"record_id": "6703689f84e79280", "table": "shelter_sites", "location_raw": "Kathmandu", "location_ne": "", "admin_level": "settlement", "district": "Kathmandu", "province": "Bagmati", "geo_basis": "text_explicit", "as_of": "2026-08-28", "as_of_basis": "article_date", "first_reported": "2026-08-28", "last_reported": "2026-08-28", "confidence": "high", "confidence_note": "Per-hospital breakdown from the same article.", "density": "1", "effective_sources": "1", "independent_origins": "1", "origin": "media_own", "origin_note": "single outlet", "corroboration": "single_source", "evidence_quote": "Two injured people are receiving treatment at Manmohan Memorial Medical College and Teaching Hospital, while one is being treated at Green City Hospital.", "evidence_quote_en": "", "temporal_contamination_flag": "False", "site_name": "Green City Hospital", "site_type": "hospital", "site_function": "medical_treatment", "households": "", "people": "1.0", "figure_basis": "stated", "population_groups": "injured", "source_outlets": "Khabarhub", "source_outlet_count": 1, "entity_key": "Green City Hospital", "geo_resolution": "palika", "geo_statement": "Located to Kathmandu local unit in Kathmandu district — anchored to the unit, not an exact site", "geo_match_name": null, "geo_match_osm_id": null, "geo_anchor_id": "92635248B69748389600023", "geo_anchor_name": "Kathmandu"}, "geometry": {"type": "Point", "coordinates": [85.32732598855569, 27.708680269500327]}}, {"type": "Feature", "properties": {"record_id": "713ef982a6aef894", "table": "shelter_sites", "location_raw": "Kathmandu", "location_ne": "", "admin_level": "settlement", "district": "Kathmandu", "province": "Bagmati", "geo_basis": "text_explicit", "as_of": "2026-08-28", "as_of_basis": "article_date", "first_reported": "2026-08-28", "last_reported": "2026-08-28", "confidence": "high", "confidence_note": "Per-hospital breakdown from the same article.", "density": "1", "effective_sources": "1", "independent_origins": "1", "origin": "media_own", "origin_note": "single outlet", "corroboration": "single_source", "evidence_quote": "Similarly, two injured people are undergoing treatment at Norvic International Hospital.", "evidence_quote_en": "", "temporal_contamination_flag": "False", "site_name": "Norvic International Hospital", "site_type": "hospital", "site_function": "medical_treatment", "households": "", "people": "2.0", "figure_basis": "stated", "population_groups": "injured", "source_outlets": "Khabarhub", "source_outlet_count": 1, "entity_key": "Norvic International Hospital", "geo_resolution": "point", "geo_statement": "Matched \"Norvic International Hospital\" to OSM \"Norvic Hospital\" on distinctive words in Kathmandu", "geo_match_name": "Norvic Hospital", "geo_match_osm_id": "way/124304055", "geo_anchor_id": null, "geo_anchor_name": null}, "geometry": {"type": "Point", "coordinates": [85.3191986, 27.6899666]}}, {"type": "Feature", "properties": {"record_id": "147df469112a086a", "table": "shelter_sites", "location_raw": "Kathmandu", "location_ne": "", "admin_level": "settlement", "district": "Kathmandu", "province": "Bagmati", "geo_basis": "text_explicit", "as_of": "2026-08-28", "as_of_basis": "article_date", "first_reported": "2026-08-28", "last_reported": "2026-08-28", "confidence": "high", "confidence_note": "Per-hospital breakdown from the same article.", "density": "1", "effective_sources": "1", "independent_origins": "1", "origin": "media_own", "origin_note": "single outlet", "corroboration": "single_source", "evidence_quote": "One injured person each is receiving treatment at Manmaiju Shubham Hospital and Nepal Medical College.", "evidence_quote_en": "", "temporal_contamination_flag": "False", "site_name": "Manmaiju Shubham Hospital", "site_type": "hospital", "site_function": "medical_treatment", "households": "", "people": "1.0", "figure_basis": "stated", "population_groups": "injured", "source_outlets": "Khabarhub", "source_outlet_count": 1, "entity_key": "Manmaiju Shubham Hospital", "geo_resolution": "palika", "geo_statement": "Located to Kathmandu local unit in Kathmandu district — anchored to the unit, not an exact site", "geo_match_name": null, "geo_match_osm_id": null, "geo_anchor_id": "92635248B69748389600023", "geo_anchor_name": "Kathmandu"}, "geometry": {"type": "Point", "coordinates": [85.32732598855569, 27.708680269500327]}}, {"type": "Feature", "properties": {"record_id": "4cdb27a510c56177", "table": "shelter_sites", "location_raw": "Kathmandu", "location_ne": "", "admin_level": "settlement", "district": "Kathmandu", "province": "Bagmati", "geo_basis": "text_explicit", "as_of": "2026-08-28", "as_of_basis": "article_date", "first_reported": "2026-08-28", "last_reported": "2026-08-28", "confidence": "high", "confidence_note": "Per-hospital breakdown from the same article.", "density": "1", "effective_sources": "1", "independent_origins": "1", "origin": "media_own", "origin_note": "single outlet", "corroboration": "single_source", "evidence_quote": "One injured person each is receiving treatment at Manmaiju Shubham Hospital and Nepal Medical College.", "evidence_quote_en": "", "temporal_contamination_flag": "False", "site_name": "Nepal Medical College", "site_type": "hospital", "site_function": "medical_treatment", "households": "", "people": "1.0", "figure_basis": "stated", "population_groups": "injured", "source_outlets": "Khabarhub", "source_outlet_count": 1, "entity_key": "Nepal Medical College", "geo_resolution": "palika", "geo_statement": "Located to Kathmandu local unit in Kathmandu district — anchored to the unit, not an exact site", "geo_match_name": null, "geo_match_osm_id": null, "geo_anchor_id": "92635248B69748389600023", "geo_anchor_name": "Kathmandu"}, "geometry": {"type": "Point", "coordinates": [85.32732598855569, 27.708680269500327]}}, {"type": "Feature", "properties": {"record_id": "53393e3564e73d81", "table": "shelter_sites", "location_raw": "northern Kathmandu", "location_ne": "", "admin_level": "municipality", "district": "Kathmandu", "province": "Bagmati", "geo_basis": "text_explicit", "as_of": "2026-08-28", "as_of_basis": "article_date", "first_reported": "2026-08-28", "last_reported": "2026-08-28", "confidence": "medium", "confidence_note": "Located to 'northern Kathmandu' generically, no exact site name given.", "density": "1", "effective_sources": "1", "independent_origins": "1", "origin": "media_own", "origin_note": "single outlet", "corroboration": "single_source", "evidence_quote": "Around 500 people are sheltering at a monastery-turned-relief camp in northern Kathmandu, where many families are still in shock after losing their homes and loved ones in the devastating Nepal floods.", "evidence_quote_en": "", "temporal_contamination_flag": "", "site_name": "", "site_type": "gumba", "site_function": "displacement_shelter", "households": "", "people": "500.0", "figure_basis": "stated", "population_groups": "", "source_outlets": "France 24", "source_outlet_count": 1, "entity_key": "northern Kathmandu", "geo_resolution": "district", "geo_statement": "Located to Kathmandu district only — the source names a place we could not resolve", "geo_match_name": null, "geo_match_osm_id": null, "geo_anchor_id": "79688334B75108943206003", "geo_anchor_name": "Kathmandu"}, "geometry": {"type": "Point", "coordinates": [85.26981408551208, 27.69905151590865]}}, {"type": "Feature", "properties": {"record_id": "eefb79a42798a269", "table": "shelter_sites", "location_raw": "TU Teaching Hospital, Kathmandu", "location_ne": "", "admin_level": "settlement", "district": "Kathmandu", "province": "Bagmati", "geo_basis": "text_explicit", "as_of": "2026-08-28", "as_of_basis": "article_date", "first_reported": "2026-08-28", "last_reported": "2026-08-28", "confidence": "high", "confidence_note": "Caption explicitly names the hospital and Kathmandu; survivors are being treated there.", "density": "1", "effective_sources": "1", "independent_origins": "1", "origin": "media_own", "origin_note": "single outlet", "corroboration": "single_source", "evidence_quote": "A woman searches a list of survivors who are being treated at the TU Teaching Hospital in Kathmandu, Nepal.", "evidence_quote_en": "", "temporal_contamination_flag": "", "site_name": "TU Teaching Hospital", "site_type": "hospital", "site_function": "medical_treatment", "households": "", "people": "", "figure_basis": "absent", "population_groups": "", "source_outlets": "SMH.com.au", "source_outlet_count": 1, "entity_key": "TU Teaching Hospital", "geo_resolution": "point", "geo_statement": "Matched \"TU Teaching Hospital\" to a named OSM facilitie in Kathmandu", "geo_match_name": "TU Teaching Hospital", "geo_match_osm_id": "relation/2421673", "geo_anchor_id": null, "geo_anchor_name": null}, "geometry": {"type": "Point", "coordinates": [85.3299868, 27.7361127]}}, {"type": "Feature", "properties": {"record_id": "50692295f6c82972", "table": "shelter_sites", "location_raw": "Gosok Phuntsok Choeling monastery, Kathmandu", "location_ne": "", "admin_level": "settlement", "district": "Kathmandu", "province": "Bagmati", "geo_basis": "text_explicit", "as_of": "2026-08-30", "as_of_basis": "article_date", "first_reported": "2026-08-30", "last_reported": "2026-08-30", "confidence": "high", "confidence_note": "Site and city named directly.", "density": "1", "effective_sources": "1", "independent_origins": "1", "origin": "media_own", "origin_note": "single outlet", "corroboration": "single_source", "evidence_quote": "When the ABC visited the monastery, there were almost 200 people being cared for in the makeshift evacuation centre, run by volunteers who were largely young people from the disaster-affected area.", "evidence_quote_en": "", "temporal_contamination_flag": "False", "site_name": "", "site_type": "gumba", "site_function": "displacement_shelter", "households": "", "people": "200.0", "figure_basis": "stated", "population_groups": "", "source_outlets": "ABC News & Headlines – Australian Broadcasting Corporation", "source_outlet_count": 1, "entity_key": "Gosok Phuntsok Choeling monastery, Kathmandu", "geo_resolution": "palika", "geo_statement": "Located to Kathmandu local unit in Kathmandu district — anchored to the unit, not an exact site", "geo_match_name": null, "geo_match_osm_id": null, "geo_anchor_id": "92635248B69748389600023", "geo_anchor_name": "Kathmandu"}, "geometry": {"type": "Point", "coordinates": [85.32732598855569, 27.708680269500327]}}, {"type": "Feature", "properties": {"record_id": "64aacafacba53b05", "table": "shelter_sites", "location_raw": "Swayambhu, Kathmandu", "location_ne": "", "admin_level": "settlement", "district": "Kathmandu", "province": "Bagmati", "geo_basis": "text_explicit", "as_of": "2026-08-30", "as_of_basis": "article_date", "first_reported": "2026-08-30", "last_reported": "2026-08-30", "confidence": "high", "confidence_note": "Most Gosaikunda rescuees relocated to Swayambhu, Kathmandu.", "density": "1", "effective_sources": "1", "independent_origins": "1", "origin": "media_own", "origin_note": "single outlet", "corroboration": "single_source", "evidence_quote": "उद्धार गरेर सदरमुकाम धुन्चेस्थित होल्डिङ सेन्टरमा केही मानिसहरूलाई ल्याएर राखिएको र अधिकांशलाई काठमाण्डूको स्वयम्भूमा राखिएको कैसाङले जानकारी दिए।", "evidence_quote_en": "Rescued people were brought to a holding center at the district HQ, Dhunche, and most were kept at Swayambhu in Kathmandu, Kaisang said.", "temporal_contamination_flag": "", "site_name": "Swayambhu", "site_type": "gumba", "site_function": "displacement_shelter", "households": "", "people": "", "figure_basis": "absent", "population_groups": "", "source_outlets": "BBC Nepali", "source_outlet_count": 1, "entity_key": "Swayambhu", "geo_resolution": "point", "geo_statement": "Matched \"Swayambhu\" to a named OSM place in Kathmandu", "geo_match_name": "स्वयम्भू", "geo_match_osm_id": "node/2207719956", "geo_anchor_id": null, "geo_anchor_name": null}, "geometry": {"type": "Point", "coordinates": [85.2909591, 27.7158058]}}, {"type": "Feature", "properties": {"record_id": "ae04b9f53a76ef8c", "table": "shelter_sites", "location_raw": "higher ground near Tribhuvan Trishuli Secondary School", "location_ne": "", "admin_level": "settlement", "district": "Nuwakot", "province": "Bagmati", "geo_basis": "text_adjacent", "as_of": "2026-08-26", "as_of_basis": "inferred_from_text", "first_reported": "2026-08-30", "last_reported": "2026-08-30", "confidence": "medium", "confidence_note": "School is named in the article as Tribhuvan Trishuli Secondary School, Nuwakot district.", "density": "1", "effective_sources": "1", "independent_origins": "1", "origin": "media_own", "origin_note": "single outlet", "corroboration": "single_source", "evidence_quote": "ordered 1,643 children to run for higher ground", "evidence_quote_en": "", "temporal_contamination_flag": "", "site_name": "hillside above Tribhuvan Trishuli Secondary School", "site_type": "open_ground", "site_function": "displacement_shelter", "households": "", "people": "1643.0", "figure_basis": "stated", "population_groups": "children", "source_outlets": "Gulf News", "source_outlet_count": 1, "entity_key": "hillside above Tribhuvan Trishuli Secondary School", "geo_resolution": "district", "geo_statement": "Located to Nuwakot district only — the source names a place we could not resolve", "geo_match_name": null, "geo_match_osm_id": null, "geo_anchor_id": "79688334B17077666187877", "geo_anchor_name": "Nuwakot"}, "geometry": {"type": "Point", "coordinates": [85.20729652963067, 27.936643231647253]}}, {"type": "Feature", "properties": {"record_id": "b26c816f63885bbb", "table": "shelter_sites", "location_raw": "near Tribhuvan Trishuli Secondary School, Trishuli Valley", "location_ne": "", "admin_level": "settlement", "district": "Nuwakot", "province": "Bagmati", "geo_basis": "text_explicit", "as_of": "2026-08-26", "as_of_basis": "stated", "first_reported": "2026-08-31", "last_reported": "2026-08-31", "confidence": "high", "confidence_note": "Site and place named; headcount not restated in this sentence so figure_basis is absent.", "density": "1", "effective_sources": "1", "independent_origins": "1", "origin": "media_own", "origin_note": "single outlet", "corroboration": "single_source", "evidence_quote": "The children eventually took shelter beneath a bodhi tree as the floodwaters swept away their school buildings.", "evidence_quote_en": "", "temporal_contamination_flag": "False", "site_name": "", "site_type": "open_ground", "site_function": "displacement_shelter", "households": "", "people": "", "figure_basis": "absent", "population_groups": "children", "source_outlets": "The Business Standard", "source_outlet_count": 1, "entity_key": "near Tribhuvan Trishuli Secondary School, Trishuli Valley", "geo_resolution": "district", "geo_statement": "Located to Nuwakot district only — the source names a place we could not resolve", "geo_match_name": null, "geo_match_osm_id": null, "geo_anchor_id": "79688334B17077666187877", "geo_anchor_name": "Nuwakot"}, "geometry": {"type": "Point", "coordinates": [85.20729652963067, 27.936643231647253]}}, {"type": "Feature", "properties": {"record_id": "4e4cc6ef5989b37a", "table": "shelter_sites", "location_raw": "केराघारी (Keraghari, near Betrawati)", "location_ne": "", "admin_level": "settlement", "district": "Nuwakot", "province": "Bagmati", "geo_basis": "text_adjacent", "as_of": "2026-08-26", "as_of_basis": "stated", "first_reported": "2026-08-28", "last_reported": "2026-08-28", "confidence": "low", "confidence_note": "Keraghari, three hours' walk from Betrawati, named as a place displaced people went to spend the night; exact site nature (formal site vs informal gathering) unclear. Bhadau 10 converts to 2026-08-26 based on the article's own Bhadau 12 = 2026-08-28 dateline.", "density": "1", "effective_sources": "1", "independent_origins": "1", "origin": "media_own", "origin_note": "single outlet", "corroboration": "single_source", "evidence_quote": "तर बाढी आएको दिन १० गते ५० जना जति केराघारीमा गएर बास बसेका थिए ।", "evidence_quote_en": "", "temporal_contamination_flag": "False", "site_name": "", "site_type": "open_ground", "site_function": "displacement_shelter", "households": "", "people": "50.0", "figure_basis": "stated", "population_groups": "", "source_outlets": "Onlinekhabar", "source_outlet_count": 1, "entity_key": "केराघारी (Keraghari, near Betrawati)", "geo_resolution": "district", "geo_statement": "Located to Nuwakot district only — the source names a place we could not resolve", "geo_match_name": null, "geo_match_osm_id": null, "geo_anchor_id": "79688334B17077666187877", "geo_anchor_name": "Nuwakot"}, "geometry": {"type": "Point", "coordinates": [85.20729652963067, 27.936643231647253]}}, {"type": "Feature", "properties": {"record_id": "3a177d5a9b4d64a2", "table": "shelter_sites", "location_raw": "army's Maithali barracks, Nuwakot", "location_ne": "", "admin_level": "settlement", "district": "Nuwakot", "province": "Bagmati", "geo_basis": "text_explicit", "as_of": "2026-08-27", "as_of_basis": "stated", "first_reported": "2026-08-28", "last_reported": "2026-08-28", "confidence": "high", "confidence_note": "Photo caption naming both site and district explicitly; no headcount given.", "density": "1", "effective_sources": "1", "independent_origins": "1", "origin": "media_own", "origin_note": "single outlet", "corroboration": "single_source", "evidence_quote": "An elderly survivor is taken to a makeshift hospital for treatment at the army’s Maithali barracks after being rescued from flash flooding in Nuwakot district, Nepal, Thursday, Aug. 27, 2026.", "evidence_quote_en": "", "temporal_contamination_flag": "False", "site_name": "Maithali barracks", "site_type": "hospital", "site_function": "medical_treatment", "households": "", "people": "", "figure_basis": "absent", "population_groups": "", "source_outlets": "The Seattle Times", "source_outlet_count": 1, "entity_key": "Maithali barracks", "geo_resolution": "district", "geo_statement": "Located to Nuwakot district only — the source names a place we could not resolve", "geo_match_name": null, "geo_match_osm_id": null, "geo_anchor_id": "79688334B17077666187877", "geo_anchor_name": "Nuwakot"}, "geometry": {"type": "Point", "coordinates": [85.20729652963067, 27.936643231647253]}}, {"type": "Feature", "properties": {"record_id": "cdb8128eb9dfab3f", "table": "shelter_sites", "location_raw": "army camp, Nuwakot", "location_ne": "", "admin_level": "settlement", "district": "Nuwakot", "province": "Bagmati", "geo_basis": "text_explicit", "as_of": "2026-08-27", "as_of_basis": "inferred_from_text", "first_reported": "2026-08-28", "last_reported": "2026-08-28", "confidence": "medium", "confidence_note": "Site named as an army camp in Nuwakot district; personal name in the original sentence excluded from the quote. \"Yesterday\" (relative to Friday publication) inferred as Thursday.", "density": "1", "effective_sources": "1", "independent_origins": "1", "origin": "media_own", "origin_note": "single outlet", "corroboration": "single_source", "evidence_quote": "airlifted along with three others to an army camp in Nuwakot.", "evidence_quote_en": "", "temporal_contamination_flag": "False", "site_name": "", "site_type": "camp", "site_function": "displacement_shelter", "households": "", "people": "", "figure_basis": "absent", "population_groups": "", "source_outlets": "RTE.ie", "source_outlet_count": 1, "entity_key": "army camp, Nuwakot", "geo_resolution": "district", "geo_statement": "Located to Nuwakot district only — the source names a place we could not resolve", "geo_match_name": null, "geo_match_osm_id": null, "geo_anchor_id": "79688334B17077666187877", "geo_anchor_name": "Nuwakot"}, "geometry": {"type": "Point", "coordinates": [85.20729652963067, 27.936643231647253]}}, {"type": "Feature", "properties": {"record_id": "1901a2859bcd3e50", "table": "shelter_sites", "location_raw": "त्रिशूली के सेना शिविर", "location_ne": "", "admin_level": "settlement", "district": "Nuwakot", "province": "Bagmati", "geo_basis": "gazetteer_match", "as_of": "2026-08-27", "as_of_basis": "inferred_from_text", "first_reported": "2026-08-28", "last_reported": "2026-08-28", "confidence": "medium", "confidence_note": "Trishuli is the headquarters town of Nuwakot district (gazetteer match); 'yesterday' relative to a Friday-dated interview places this Thursday, Aug 27.", "density": "1", "effective_sources": "1", "independent_origins": "1", "origin": "media_own", "origin_note": "single outlet", "corroboration": "single_source", "evidence_quote": "कल शाम सेना के हेलीकॉप्टरों से उन्हें त्रिशूली के सेना शिविर में लाया गया था. यहां 11 लोग थे.", "evidence_quote_en": "Yesterday evening they were brought by army helicopters to the army camp in Trishuli. There were 11 people here.", "temporal_contamination_flag": "False", "site_name": "त्रिशूली के सेना शिविर (Trishuli Army Camp)", "site_type": "camp", "site_function": "displacement_shelter", "households": "", "people": "11.0", "figure_basis": "stated", "population_groups": "", "source_outlets": "BBC", "source_outlet_count": 1, "entity_key": "त्रिशूली के सेना शिविर (Trishuli Army Camp)", "geo_resolution": "district", "geo_statement": "Located to Nuwakot district only — the source names a place we could not resolve", "geo_match_name": null, "geo_match_osm_id": null, "geo_anchor_id": "79688334B17077666187877", "geo_anchor_name": "Nuwakot"}, "geometry": {"type": "Point", "coordinates": [85.20729652963067, 27.936643231647253]}}, {"type": "Feature", "properties": {"record_id": "441a8ab1f6089cf3", "table": "shelter_sites", "location_raw": "त्रिशूली कैंप", "location_ne": "", "admin_level": "settlement", "district": "Nuwakot", "province": "Bagmati", "geo_basis": "gazetteer_match", "as_of": "2026-08-27", "as_of_basis": "stated", "first_reported": "2026-08-28", "last_reported": "2026-08-28", "confidence": "medium", "confidence_note": "No headcount stated for the camp itself, only that a rescued child was brought here; Trishuli is Nuwakot district HQ (gazetteer match).", "density": "1", "effective_sources": "1", "independent_origins": "1", "origin": "media_own", "origin_note": "single outlet", "corroboration": "single_source", "evidence_quote": "नेपाल के त्रिशूली कैंप में गुरुवार को चलाए जा रहे तलाशी और बचाव अभियान के दौरान एक चिकित्सा अधिकारी बचाए गए बच्चे को ले जाते हुए।", "evidence_quote_en": "At Trishuli Camp in Nepal, a medical officer carrying a rescued child during the search-and-rescue operation conducted on Thursday.", "temporal_contamination_flag": "False", "site_name": "त्रिशूली कैंप (Trishuli Camp)", "site_type": "camp", "site_function": "displacement_shelter", "households": "", "people": "", "figure_basis": "absent", "population_groups": "children", "source_outlets": "Head Topics", "source_outlet_count": 1, "entity_key": "त्रिशूली कैंप (Trishuli Camp)", "geo_resolution": "district", "geo_statement": "Located to Nuwakot district only — the source names a place we could not resolve", "geo_match_name": null, "geo_match_osm_id": null, "geo_anchor_id": "79688334B17077666187877", "geo_anchor_name": "Nuwakot"}, "geometry": {"type": "Point", "coordinates": [85.20729652963067, 27.936643231647253]}}, {"type": "Feature", "properties": {"record_id": "61e1cfe8f6eef91d", "table": "shelter_sites", "location_raw": "Trishuli", "location_ne": "", "admin_level": "settlement", "district": "Nuwakot", "province": "Bagmati", "geo_basis": "text_explicit", "as_of": "2026-08-28", "as_of_basis": "inferred_from_text", "first_reported": "2026-08-28", "last_reported": "2026-08-30", "confidence": "medium", "confidence_note": "No headcount given; army base site only.", "density": "3", "effective_sources": "3", "independent_origins": "3", "origin": "unattributed", "origin_note": "3 outlets, no reporting body named; independence not established", "corroboration": "independent", "evidence_quote": "Those who survived are now living at an army base.", "evidence_quote_en": "", "temporal_contamination_flag": "False", "site_name": "", "site_type": "camp", "site_function": "displacement_shelter", "households": "", "people": "", "figure_basis": "absent", "population_groups": "", "source_outlets": "SMH.com.au; BBC Nepali; Bhaskar English", "source_outlet_count": 3, "entity_key": "Trishuli", "geo_resolution": "district", "geo_statement": "Located to Nuwakot district only — the source names a place we could not resolve", "geo_match_name": null, "geo_match_osm_id": null, "geo_anchor_id": "79688334B17077666187877", "geo_anchor_name": "Nuwakot"}, "geometry": {"type": "Point", "coordinates": [85.20729652963067, 27.936643231647253]}}, {"type": "Feature", "properties": {"record_id": "20040fc58b5f3a25", "table": "shelter_sites", "location_raw": "Bidur", "location_ne": "", "admin_level": "settlement", "district": "Nuwakot", "province": "Bagmati", "geo_basis": "text_explicit", "as_of": "2026-08-28", "as_of_basis": "article_date", "first_reported": "2026-08-28", "last_reported": "2026-08-28", "confidence": "medium", "confidence_note": "", "density": "2", "effective_sources": "2", "independent_origins": "2", "origin": "unattributed", "origin_note": "2 outlets, no reporting body named; independence not established", "corroboration": "independent", "evidence_quote": "Those who escaped the surging floodwaters, collapsing hillsides and settlements plunged into darkness are now receiving treatment at hospitals and shelters in Bidur, Trishuli and Kathmandu.", "evidence_quote_en": "", "temporal_contamination_flag": "False", "site_name": "", "site_type": "hospital", "site_function": "medical_treatment", "households": "", "people": "", "figure_basis": "absent", "population_groups": "", "source_outlets": "The Straits Times; India Today", "source_outlet_count": 2, "entity_key": "Bidur", "geo_resolution": "point", "geo_statement": "Matched \"Bidur\" to a named OSM place in Nuwakot", "geo_match_name": "बिदुर", "geo_match_osm_id": "node/3499801960", "geo_anchor_id": null, "geo_anchor_name": null}, "geometry": {"type": "Point", "coordinates": [85.146446, 27.89526]}}, {"type": "Feature", "properties": {"record_id": "621ad6d750abb1d8", "table": "shelter_sites", "location_raw": "Trishuli", "location_ne": "", "admin_level": "settlement", "district": "Nuwakot", "province": "Bagmati", "geo_basis": "text_explicit", "as_of": "2026-08-28", "as_of_basis": "article_date", "first_reported": "2026-08-28", "last_reported": "2026-08-28", "confidence": "medium", "confidence_note": "", "density": "2", "effective_sources": "2", "independent_origins": "2", "origin": "unattributed", "origin_note": "2 outlets, no reporting body named; independence not established", "corroboration": "independent", "evidence_quote": "Those who escaped the surging floodwaters, collapsing hillsides and settlements plunged into darkness are now receiving treatment at hospitals and shelters in Bidur, Trishuli and Kathmandu.", "evidence_quote_en": "", "temporal_contamination_flag": "False", "site_name": "", "site_type": "hospital", "site_function": "medical_treatment", "households": "", "people": "", "figure_basis": "absent", "population_groups": "", "source_outlets": "The Straits Times; India Today", "source_outlet_count": 2, "entity_key": "Trishuli", "geo_resolution": "district", "geo_statement": "Located to Nuwakot district only — the source names a place we could not resolve", "geo_match_name": null, "geo_match_osm_id": null, "geo_anchor_id": "79688334B17077666187877", "geo_anchor_name": "Nuwakot"}, "geometry": {"type": "Point", "coordinates": [85.20729652963067, 27.936643231647253]}}, {"type": "Feature", "properties": {"record_id": "540416f9a0bad86f", "table": "shelter_sites", "location_raw": "Trishuli", "location_ne": "", "admin_level": "settlement", "district": "Nuwakot", "province": "Bagmati", "geo_basis": "text_explicit", "as_of": "2026-08-28", "as_of_basis": "article_date", "first_reported": "2026-08-28", "last_reported": "2026-08-28", "confidence": "medium", "confidence_note": "", "density": "1", "effective_sources": "1", "independent_origins": "1", "origin": "media_own", "origin_note": "single outlet", "corroboration": "single_source", "evidence_quote": "A Mil Mi-17 inserted an emergency medical team from Birendra Hospital into Trishuli, casualties are being treated at the No. 1 Military Training Centre, and a BHISHM Cube field hospital stands prepared.", "evidence_quote_en": "", "temporal_contamination_flag": "False", "site_name": "No. 1 Military Training Centre", "site_type": "hospital", "site_function": "medical_treatment", "households": "", "people": "", "figure_basis": "absent", "population_groups": "", "source_outlets": "streamlinefeed.co.ke", "source_outlet_count": 1, "entity_key": "No. 1 Military Training Centre", "geo_resolution": "district", "geo_statement": "Located to Nuwakot district only — the source names a place we could not resolve", "geo_match_name": null, "geo_match_osm_id": null, "geo_anchor_id": "79688334B17077666187877", "geo_anchor_name": "Nuwakot"}, "geometry": {"type": "Point", "coordinates": [85.20729652963067, 27.936643231647253]}}, {"type": "Feature", "properties": {"record_id": "0c4a82e372970c77", "table": "shelter_sites", "location_raw": "Trishuli", "location_ne": "", "admin_level": "settlement", "district": "Nuwakot", "province": "Bagmati", "geo_basis": "text_adjacent", "as_of": "2026-08-28", "as_of_basis": "article_date", "first_reported": "2026-08-28", "last_reported": "2026-08-28", "confidence": "medium", "confidence_note": "Site named ('Shree No. 1 Military Training Centre in Trishuli') and located in Nuwakot district earlier in the same article; 'scores' is a range term, not sharpened to a number.", "density": "1", "effective_sources": "1", "independent_origins": "1", "origin": "media_own", "origin_note": "single outlet", "corroboration": "single_source", "evidence_quote": "Today at the army base where a rescue and relief command centre is based, scores of school children were among those who were rescued from the adjoining regions cutaway after the floods.", "evidence_quote_en": "", "temporal_contamination_flag": "False", "site_name": "Shree No. 1 Military Training Centre", "site_type": "camp", "site_function": "displacement_shelter", "households": "", "people": "", "figure_basis": "range", "population_groups": "children", "source_outlets": "The Indian Express", "source_outlet_count": 1, "entity_key": "Shree No. 1 Military Training Centre", "geo_resolution": "district", "geo_statement": "Located to Nuwakot district only — the source names a place we could not resolve", "geo_match_name": null, "geo_match_osm_id": null, "geo_anchor_id": "79688334B17077666187877", "geo_anchor_name": "Nuwakot"}, "geometry": {"type": "Point", "coordinates": [85.20729652963067, 27.936643231647253]}}, {"type": "Feature", "properties": {"record_id": "c2911c0a277f7ec7", "table": "shelter_sites", "location_raw": "Trishuli", "location_ne": "", "admin_level": "settlement", "district": "Nuwakot", "province": "Bagmati", "geo_basis": "gazetteer_match", "as_of": "2026-08-28", "as_of_basis": "article_date", "first_reported": "2026-08-28", "last_reported": "2026-08-28", "confidence": "medium", "confidence_note": "Trishuli is the Nuwakot district headquarters; district inferred from the place name via gazetteer, not stated directly in the article.", "density": "1", "effective_sources": "1", "independent_origins": "1", "origin": "media_own", "origin_note": "single outlet", "corroboration": "single_source", "evidence_quote": "We have now safely reached the Trishuli army camp via helicopter", "evidence_quote_en": "", "temporal_contamination_flag": "", "site_name": "Trishuli army camp", "site_type": "camp", "site_function": "displacement_shelter", "households": "", "people": "", "figure_basis": "absent", "population_groups": "", "source_outlets": "DT Next", "source_outlet_count": 1, "entity_key": "Trishuli army camp", "geo_resolution": "district", "geo_statement": "Located to Nuwakot district only — the source names a place we could not resolve", "geo_match_name": null, "geo_match_osm_id": null, "geo_anchor_id": "79688334B17077666187877", "geo_anchor_name": "Nuwakot"}, "geometry": {"type": "Point", "coordinates": [85.20729652963067, 27.936643231647253]}}, {"type": "Feature", "properties": {"record_id": "f45f10869c45dc81", "table": "shelter_sites", "location_raw": "बेत्रावती / त्रिशूली बजार (Betrawati / Trishuli Bazar)", "location_ne": "बेत्रावती / त्रिशूली बजार", "admin_level": "settlement", "district": "Nuwakot", "province": "Bagmati", "geo_basis": "text_explicit", "as_of": "2026-08-28", "as_of_basis": "article_date", "first_reported": "2026-08-28", "last_reported": "2026-08-28", "confidence": "medium", "confidence_note": "No headcount given; site type recorded as open_ground per the hillside/forest-edge description.", "density": "1", "effective_sources": "1", "independent_origins": "1", "origin": "media_own", "origin_note": "single outlet", "corroboration": "single_source", "evidence_quote": "बाँचेकाहरू पनि घरबारविहीन भएर डाँडामा वा जङ्गलको छेउमा आश्रय लिइरहेका छन् ।", "evidence_quote_en": "Survivors, now homeless, are taking shelter on hillsides or at the edge of forests.", "temporal_contamination_flag": "", "site_name": "", "site_type": "open_ground", "site_function": "displacement_shelter", "households": "", "people": "", "figure_basis": "absent", "population_groups": "", "source_outlets": "Ratopati", "source_outlet_count": 1, "entity_key": "बेत्रावती / त्रिशूली बजार (Betrawati / Trishuli Bazar)", "geo_resolution": "point", "geo_statement": "Matched \"Betrawati\" to a named OSM place in Nuwakot", "geo_match_name": "बेत्रावती", "geo_match_osm_id": "node/268864226", "geo_anchor_id": null, "geo_anchor_name": null}, "geometry": {"type": "Point", "coordinates": [85.1859528, 27.9731085]}}, {"type": "Feature", "properties": {"record_id": "0a178ae0cab58023", "table": "shelter_sites", "location_raw": "गाउँलेको आँगन (Betrawati, Nuwakot)", "location_ne": "", "admin_level": "settlement", "district": "Nuwakot", "province": "Bagmati", "geo_basis": "text_explicit", "as_of": "2026-08-28", "as_of_basis": "article_date", "first_reported": "2026-08-28", "last_reported": "2026-08-28", "confidence": "high", "confidence_note": "Displaced families sheltering in a villager's courtyard in Betrawati, Nuwakot; no headcount given.", "density": "1", "effective_sources": "1", "independent_origins": "1", "origin": "media_own", "origin_note": "single outlet", "corroboration": "single_source", "evidence_quote": "नुवाकोटको बेत्रावतीमा बाढीले विस्थापित परिवारहरू घरबासविहीन भई केराघारी र गाउँलेको आँगनमा आश्रय लिएर बसेका छन्।", "evidence_quote_en": "", "temporal_contamination_flag": "False", "site_name": "", "site_type": "open_ground", "site_function": "displacement_shelter", "households": "", "people": "", "figure_basis": "absent", "population_groups": "", "source_outlets": "Onlinekhabar", "source_outlet_count": 1, "entity_key": "गाउँलेको आँगन (Betrawati, Nuwakot)", "geo_resolution": "point", "geo_statement": "Matched \"Betrawati\" to a named OSM place in Nuwakot", "geo_match_name": "बेत्रावती", "geo_match_osm_id": "node/268864226", "geo_anchor_id": null, "geo_anchor_name": null}, "geometry": {"type": "Point", "coordinates": [85.1859528, 27.9731085]}}, {"type": "Feature", "properties": {"record_id": "c217cfdb4de0c247", "table": "shelter_sites", "location_raw": "Pipaltar area", "location_ne": "", "admin_level": "settlement", "district": "Nuwakot", "province": "Bagmati", "geo_basis": "text_explicit", "as_of": "2026-08-28", "as_of_basis": "stated", "first_reported": "2026-08-28", "last_reported": "2026-08-28", "confidence": "high", "confidence_note": "Caption names Pipaltar and Nuwakot district and the shelter site directly; enum has no temple-specific type so community_building used.", "density": "1", "effective_sources": "1", "independent_origins": "1", "origin": "media_own", "origin_note": "single outlet", "corroboration": "single_source", "evidence_quote": "Residents take shelter at a temple complex after a flood warning in the Pipaltar area of Nepal's Nuwakot district on August 28, 2026.", "evidence_quote_en": "", "temporal_contamination_flag": "", "site_name": "temple complex", "site_type": "community_building", "site_function": "displacement_shelter", "households": "", "people": "", "figure_basis": "absent", "population_groups": "", "source_outlets": "Khaleej Times", "source_outlet_count": 1, "entity_key": "temple complex", "geo_resolution": "district", "geo_statement": "Located to Nuwakot district only — the source names a place we could not resolve", "geo_match_name": null, "geo_match_osm_id": null, "geo_anchor_id": "79688334B17077666187877", "geo_anchor_name": "Nuwakot"}, "geometry": {"type": "Point", "coordinates": [85.20729652963067, 27.936643231647253]}}, {"type": "Feature", "properties": {"record_id": "95e6a232559d3bf4", "table": "shelter_sites", "location_raw": "Nuwakot (roadside tea shops)", "location_ne": "", "admin_level": "district", "district": "Nuwakot", "province": "Bagmati", "geo_basis": "text_adjacent", "as_of": "2026-08-28", "as_of_basis": "article_date", "first_reported": "2026-08-28", "last_reported": "2026-08-28", "confidence": "low", "confidence_note": "Site type not in enum (roadside tea shops); location is Nuwakot district generally per surrounding text.", "density": "1", "effective_sources": "1", "independent_origins": "1", "origin": "media_own", "origin_note": "single outlet", "corroboration": "single_source", "evidence_quote": "survivors have gathered at roadside tea shops.", "evidence_quote_en": "", "temporal_contamination_flag": "", "site_name": "roadside tea shops", "site_type": "unspecified", "site_function": "displacement_shelter", "households": "", "people": "", "figure_basis": "absent", "population_groups": "", "source_outlets": "AP News", "source_outlet_count": 1, "entity_key": "roadside tea shops", "geo_resolution": "district", "geo_statement": "Located to Nuwakot district only", "geo_match_name": null, "geo_match_osm_id": null, "geo_anchor_id": "79688334B17077666187877", "geo_anchor_name": "Nuwakot"}, "geometry": {"type": "Point", "coordinates": [85.20729652963067, 27.936643231647253]}}, {"type": "Feature", "properties": {"record_id": "3e7504cdd8aa4f03", "table": "shelter_sites", "location_raw": "Battar Bazar", "location_ne": "", "admin_level": "settlement", "district": "Nuwakot", "province": "Bagmati", "geo_basis": "text_explicit", "as_of": "2026-08-28", "as_of_basis": "stated", "first_reported": "2026-08-28", "last_reported": "2026-08-28", "confidence": "high", "confidence_note": "Caption explicitly names Battar Bazar, Nuwakot, and the army camp.", "density": "1", "effective_sources": "1", "independent_origins": "1", "origin": "media_own", "origin_note": "single outlet", "corroboration": "single_source", "evidence_quote": "Rescued children disembark from a helicopter at an army camp in Battar Bazar in Nepal’s Nuwakot district on August 28.", "evidence_quote_en": "", "temporal_contamination_flag": "", "site_name": "", "site_type": "camp", "site_function": "displacement_shelter", "households": "", "people": "", "figure_basis": "absent", "population_groups": "", "source_outlets": "SMH.com.au", "source_outlet_count": 1, "entity_key": "Battar Bazar", "geo_resolution": "district", "geo_statement": "Located to Nuwakot district only — the source names a place we could not resolve", "geo_match_name": null, "geo_match_osm_id": null, "geo_anchor_id": "79688334B17077666187877", "geo_anchor_name": "Nuwakot"}, "geometry": {"type": "Point", "coordinates": [85.20729652963067, 27.936643231647253]}}, {"type": "Feature", "properties": {"record_id": "b4c24d3d7a825ffa", "table": "shelter_sites", "location_raw": "Bidur Municipality", "location_ne": "", "admin_level": "municipality", "district": "Nuwakot", "province": "Bagmati", "geo_basis": "text_explicit", "as_of": "2026-08-28", "as_of_basis": "inferred_from_text", "first_reported": "2026-08-28", "last_reported": "2026-08-28", "confidence": "high", "confidence_note": "Deputy Mayor of Bidur Municipality names her own municipality and district; no headcount given so figure_basis is absent.", "density": "1", "effective_sources": "1", "independent_origins": "1", "origin": "media_own", "origin_note": "single outlet", "corroboration": "single_source", "evidence_quote": "School children living in temporary shelters for the past three days are becoming sick, and there is an urgent need to evacuate them to safe areas", "evidence_quote_en": "", "temporal_contamination_flag": "", "site_name": "", "site_type": "camp", "site_function": "displacement_shelter", "households": "", "people": "", "figure_basis": "absent", "population_groups": "children", "source_outlets": "The Annapurna Express", "source_outlet_count": 1, "entity_key": "Bidur Municipality", "geo_resolution": "point", "geo_statement": "Matched \"Bidur\" to a named OSM place in Nuwakot", "geo_match_name": "बिदुर", "geo_match_osm_id": "node/3499801960", "geo_anchor_id": null, "geo_anchor_name": null}, "geometry": {"type": "Point", "coordinates": [85.146446, 27.89526]}}, {"type": "Feature", "properties": {"record_id": "0dc0b0c61d72e3cd", "table": "shelter_sites", "location_raw": "Gerku", "location_ne": "", "admin_level": "settlement", "district": "Nuwakot", "province": "Bagmati", "geo_basis": "text_explicit", "as_of": "2026-08-28", "as_of_basis": "inferred_from_text", "first_reported": "2026-08-29", "last_reported": "2026-08-29", "confidence": "high", "confidence_note": "Article names Gerku and Nuwakot directly; date inferred from 'On Friday' reporting elsewhere in the article.", "density": "1", "effective_sources": "1", "independent_origins": "1", "origin": "media_own", "origin_note": "single outlet", "corroboration": "single_source", "evidence_quote": "He is now staying with relatives in Gerku, along with many other displaced families.", "evidence_quote_en": "", "temporal_contamination_flag": "", "site_name": "", "site_type": "host_families", "site_function": "displacement_shelter", "households": "", "people": "", "figure_basis": "absent", "population_groups": "", "source_outlets": "The Kathmandu Post", "source_outlet_count": 1, "entity_key": "Gerku", "geo_resolution": "district", "geo_statement": "Located to Nuwakot district only — the source names a place we could not resolve", "geo_match_name": null, "geo_match_osm_id": null, "geo_anchor_id": "79688334B17077666187877", "geo_anchor_name": "Nuwakot"}, "geometry": {"type": "Point", "coordinates": [85.20729652963067, 27.936643231647253]}}, {"type": "Feature", "properties": {"record_id": "10077b8389d228f6", "table": "shelter_sites", "location_raw": "त्रिशूली ब्यारेक, नुवाकोट", "location_ne": "त्रिशूली ब्यारेक", "admin_level": "settlement", "district": "Nuwakot", "province": "Bagmati", "geo_basis": "text_explicit", "as_of": "2026-08-28", "as_of_basis": "article_date", "first_reported": "2026-08-28", "last_reported": "2026-08-28", "confidence": "medium", "confidence_note": "District and named army barracks explicit; quote trimmed to drop the individual's name per no-names rule; only one person named, so treated cautiously.", "density": "1", "effective_sources": "1", "independent_origins": "1", "origin": "media_own", "origin_note": "single outlet", "corroboration": "single_source", "evidence_quote": "नुवाकोटस्थित नेपाली सेनाको त्रिशूली ब्यारेकमा सकुशल भेटिएको खबर आएको छ", "evidence_quote_en": "News has come that [name] was found safe at the Nepal Army's Trishuli Barracks in Nuwakot.", "temporal_contamination_flag": "False", "site_name": "त्रिशूली ब्यारेक (Nepal Army Trishuli Barracks)", "site_type": "camp", "site_function": "displacement_shelter", "households": "", "people": "", "figure_basis": "absent", "population_groups": "", "source_outlets": "Gorkhapatra", "source_outlet_count": 1, "entity_key": "त्रिशूली ब्यारेक (Nepal Army Trishuli Barracks)", "geo_resolution": "point", "geo_statement": "Matched \"नुवाकोट\" to a named OSM place in Nuwakot", "geo_match_name": "नुवाकोट", "geo_match_osm_id": "node/3488022930", "geo_anchor_id": null, "geo_anchor_name": null}, "geometry": {"type": "Point", "coordinates": [85.1647073, 27.9151007]}}, {"type": "Feature", "properties": {"record_id": "8a18ccdebecc36f6", "table": "shelter_sites", "location_raw": "Maithali Barrack, Trishuli", "location_ne": "", "admin_level": "settlement", "district": "Nuwakot", "province": "Bagmati", "geo_basis": "text_explicit", "as_of": "2026-08-29", "as_of_basis": "stated", "first_reported": "2026-08-28", "last_reported": "2026-08-28", "confidence": "high", "confidence_note": "Photo caption naming site, function (army airlift base for rescued survivors) and district explicitly; no headcount given.", "density": "1", "effective_sources": "1", "independent_origins": "1", "origin": "media_own", "origin_note": "single outlet", "corroboration": "single_source", "evidence_quote": "People rescued and airlifted from flood-affected areas arrive at Maithali Barrack, an army training centre that serves as a primary base for airlifting survivors, following flash floods and a mudslide in Trishuli, Nuwakot district, Nepal, Aug. 29, 2026.", "evidence_quote_en": "", "temporal_contamination_flag": "False", "site_name": "Maithali Barrack", "site_type": "camp", "site_function": "displacement_shelter", "households": "", "people": "", "figure_basis": "absent", "population_groups": "", "source_outlets": "ABC News - Breaking News, Latest News and Videos", "source_outlet_count": 1, "entity_key": "Maithali Barrack", "geo_resolution": "district", "geo_statement": "Located to Nuwakot district only — the source names a place we could not resolve", "geo_match_name": null, "geo_match_osm_id": null, "geo_anchor_id": "79688334B17077666187877", "geo_anchor_name": "Nuwakot"}, "geometry": {"type": "Point", "coordinates": [85.20729652963067, 27.936643231647253]}}, {"type": "Feature", "properties": {"record_id": "8b6605b3ea743a18", "table": "shelter_sites", "location_raw": "Nuwakot", "location_ne": "", "admin_level": "district", "district": "Nuwakot", "province": "Bagmati", "geo_basis": "text_adjacent", "as_of": "2026-08-29", "as_of_basis": "inferred_from_text", "first_reported": "2026-08-30", "last_reported": "2026-08-30", "confidence": "medium", "confidence_note": "Medical tent tied to Nuwakot evacuee-arrival scene described earlier in same article; no headcount given.", "density": "1", "effective_sources": "1", "independent_origins": "1", "origin": "media_own", "origin_note": "single outlet", "corroboration": "single_source", "evidence_quote": "An older man was helped off one helicopter, while a soldier carried an older woman on his back to a medical tent.", "evidence_quote_en": "", "temporal_contamination_flag": "", "site_name": "", "site_type": "tents", "site_function": "displacement_shelter", "households": "", "people": "", "figure_basis": "absent", "population_groups": "elderly", "source_outlets": "Bangalore Mirror", "source_outlet_count": 1, "entity_key": "Nuwakot", "geo_resolution": "district", "geo_statement": "Located to Nuwakot district only", "geo_match_name": null, "geo_match_osm_id": null, "geo_anchor_id": "79688334B17077666187877", "geo_anchor_name": "Nuwakot"}, "geometry": {"type": "Point", "coordinates": [85.20729652963067, 27.936643231647253]}}, {"type": "Feature", "properties": {"record_id": "0e7ba5f496f39bea", "table": "shelter_sites", "location_raw": "Nuwakot district", "location_ne": "", "admin_level": "district", "district": "Nuwakot", "province": "Bagmati", "geo_basis": "text_explicit", "as_of": "2026-08-29", "as_of_basis": "stated", "first_reported": "2026-08-28", "last_reported": "2026-08-31", "confidence": "high", "confidence_note": "Nine holding centres in Nuwakot, per Nepal Police via Kathmandu Post.", "density": "21", "effective_sources": "14", "independent_origins": "14", "origin": "unattributed", "origin_note": "14 outlets, no reporting body named; independence not established", "corroboration": "independent", "evidence_quote": "The scale of the displacement is evident from more specific local figures. Nepal Police said about 1,000 displaced people were staying in nine holding centres in Nuwakot on Saturday, according to The Kathmandu Post.", "evidence_quote_en": "", "temporal_contamination_flag": "", "site_name": "", "site_type": "camp", "site_function": "displacement_shelter", "households": "", "people": "1000.0", "figure_basis": "stated", "population_groups": "", "source_outlets": "Arab News; The Straits Times; The Daily Star; The Economic Times; CNA; BusinessLine; Tuoi Tre News | The News Gateway to Vietnam; The Business Standard; tabla.com.sg; The Korea Times; Firstpost; AP News; Deshsanchar; Bangalore Mirror; SKNVibes; India Today; Telegraph India; The Guardian", "source_outlet_count": 21, "entity_key": "Nuwakot district", "geo_resolution": "district", "geo_statement": "Located to Nuwakot district only", "geo_match_name": null, "geo_match_osm_id": null, "geo_anchor_id": "79688334B17077666187877", "geo_anchor_name": "Nuwakot"}, "geometry": {"type": "Point", "coordinates": [85.20729652963067, 27.936643231647253]}}, {"type": "Feature", "properties": {"record_id": "60be54f1f22052cb", "table": "shelter_sites", "location_raw": "Nuwakot district", "location_ne": "", "admin_level": "district", "district": "Nuwakot", "province": "Bagmati", "geo_basis": "text_explicit", "as_of": "2026-08-29", "as_of_basis": "stated", "first_reported": "2026-08-28", "last_reported": "2026-08-29", "confidence": "high", "confidence_note": "Nuwakot DAO figure for people displaced and placed in shelter sites; specific site type not given.", "density": "4", "effective_sources": "4", "independent_origins": "4", "origin": "unattributed", "origin_note": "4 outlets, no reporting body named; independence not established", "corroboration": "independent", "evidence_quote": "बाढीबाट विस्थापित भएका ७९१ जनालाई विभिन्न आश्रय स्थलहरूमा व्यवस्थापन गरिएको छ", "evidence_quote_en": "791 people displaced by the flood have been placed at various shelter sites.", "temporal_contamination_flag": "", "site_name": "", "site_type": "unspecified", "site_function": "displacement_shelter", "households": "", "people": "791.0", "figure_basis": "stated", "population_groups": "", "source_outlets": "AP News; Ratopati; Deshsanchar; Nation Thailand", "source_outlet_count": 4, "entity_key": "Nuwakot district", "geo_resolution": "district", "geo_statement": "Located to Nuwakot district only", "geo_match_name": null, "geo_match_osm_id": null, "geo_anchor_id": "79688334B17077666187877", "geo_anchor_name": "Nuwakot"}, "geometry": {"type": "Point", "coordinates": [85.20729652963067, 27.936643231647253]}}, {"type": "Feature", "properties": {"record_id": "57ca8f01ce4ab9e2", "table": "shelter_sites", "location_raw": "आफन्तको घरमा, नुवाकोट", "location_ne": "", "admin_level": "district", "district": "Nuwakot", "province": "Bagmati", "geo_basis": "text_explicit", "as_of": "2026-08-29", "as_of_basis": "article_date", "first_reported": "2026-08-29", "last_reported": "2026-08-29", "confidence": "medium", "confidence_note": "Matches the host_families pattern (staying with relatives) directly; no headcount given.", "density": "1", "effective_sources": "1", "independent_origins": "1", "origin": "media_own", "origin_note": "single outlet", "corroboration": "single_source", "evidence_quote": "कतिपय प्रभावितहरू आफन्तकोमा बसिरहेकाले उनीहरूलाई पनि आश्रय स्थलमा व्यवस्थापन गर्नुपर्ने अवस्था छ।", "evidence_quote_en": "Some affected people are staying with relatives, so they too will need to be placed in shelter sites.", "temporal_contamination_flag": "False", "site_name": "", "site_type": "host_families", "site_function": "displacement_shelter", "households": "", "people": "", "figure_basis": "absent", "population_groups": "", "source_outlets": "Deshsanchar", "source_outlet_count": 1, "entity_key": "आफन्तको घरमा, नुवाकोट", "geo_resolution": "district", "geo_statement": "Located to Nuwakot district only", "geo_match_name": null, "geo_match_osm_id": null, "geo_anchor_id": "79688334B17077666187877", "geo_anchor_name": "Nuwakot"}, "geometry": {"type": "Point", "coordinates": [85.20729652963067, 27.936643231647253]}}, {"type": "Feature", "properties": {"record_id": "75debe674db7d3af", "table": "shelter_sites", "location_raw": "near Trishuli Hospital, Trishuli Bazaar", "location_ne": "", "admin_level": "settlement", "district": "Nuwakot", "province": "Bagmati", "geo_basis": "gazetteer_match", "as_of": "2026-08-30", "as_of_basis": "article_date", "first_reported": "2026-08-30", "last_reported": "2026-08-30", "confidence": "medium", "confidence_note": "Trishuli Hospital/Trishuli Bazaar named explicitly; district (Nuwakot) not itself stated in the article.", "density": "1", "effective_sources": "1", "independent_origins": "1", "origin": "media_own", "origin_note": "single outlet", "corroboration": "single_source", "evidence_quote": "Now she and her family are living in a displaced-persons camp near Trishuli Hospital.", "evidence_quote_en": "", "temporal_contamination_flag": "False", "site_name": "", "site_type": "camp", "site_function": "displacement_shelter", "households": "", "people": "", "figure_basis": "absent", "population_groups": "", "source_outlets": "Inquirer.net", "source_outlet_count": 1, "entity_key": "near Trishuli Hospital, Trishuli Bazaar", "geo_resolution": "district", "geo_statement": "Located to Nuwakot district only — the source names a place we could not resolve", "geo_match_name": null, "geo_match_osm_id": null, "geo_anchor_id": "79688334B17077666187877", "geo_anchor_name": "Nuwakot"}, "geometry": {"type": "Point", "coordinates": [85.20729652963067, 27.936643231647253]}}, {"type": "Feature", "properties": {"record_id": "e7ca1a678b4c4065", "table": "shelter_sites", "location_raw": "विदुर नगरपालिका (Bidur Municipality)", "location_ne": "", "admin_level": "municipality", "district": "Nuwakot", "province": "Bagmati", "geo_basis": "text_explicit", "as_of": "2026-08-30", "as_of_basis": "article_date", "first_reported": "2026-08-30", "last_reported": "2026-08-30", "confidence": "high", "confidence_note": "Nine holding centres in Bidur Municipality; no headcount given.", "density": "1", "effective_sources": "1", "independent_origins": "1", "origin": "media_own", "origin_note": "single outlet", "corroboration": "single_source", "evidence_quote": "नुवाकोटमा १३ वटा होल्डिङ सेन्टर स्थापना छन् । ती होल्डिङ सेन्टरहरू विदुर नगरपालिकामा नौ वटा, किस्पाङ गाउँपालिकामा दुई वटा, सूर्यगढी गाउँपालिका र बेलकोटगढी नपामा एक–एक वटा छन् ।", "evidence_quote_en": "13 holding centres have been established in Nuwakot: 9 in Bidur Municipality, 2 in Kispang Rural Municipality, and 1 each in Suryagadhi Rural Municipality and Belkotgadhi Municipality.", "temporal_contamination_flag": "False", "site_name": "", "site_type": "camp", "site_function": "displacement_shelter", "households": "", "people": "", "figure_basis": "absent", "population_groups": "", "source_outlets": "Ratopati", "source_outlet_count": 1, "entity_key": "विदुर नगरपालिका (Bidur Municipality)", "geo_resolution": "point", "geo_statement": "Matched \"Bidur\" to a named OSM place in Nuwakot", "geo_match_name": "बिदुर", "geo_match_osm_id": "node/3499801960", "geo_anchor_id": null, "geo_anchor_name": null}, "geometry": {"type": "Point", "coordinates": [85.146446, 27.89526]}}, {"type": "Feature", "properties": {"record_id": "06fa5cf9980cfe64", "table": "shelter_sites", "location_raw": "किस्पाङ गाउँपालिका (Kispang Rural Municipality)", "location_ne": "", "admin_level": "rural_municipality", "district": "Nuwakot", "province": "Bagmati", "geo_basis": "text_explicit", "as_of": "2026-08-30", "as_of_basis": "article_date", "first_reported": "2026-08-30", "last_reported": "2026-08-30", "confidence": "high", "confidence_note": "Two holding centres in Kispang Rural Municipality; no headcount given.", "density": "1", "effective_sources": "1", "independent_origins": "1", "origin": "media_own", "origin_note": "single outlet", "corroboration": "single_source", "evidence_quote": "नुवाकोटमा १३ वटा होल्डिङ सेन्टर स्थापना छन् । ती होल्डिङ सेन्टरहरू विदुर नगरपालिकामा नौ वटा, किस्पाङ गाउँपालिकामा दुई वटा, सूर्यगढी गाउँपालिका र बेलकोटगढी नपामा एक–एक वटा छन् ।", "evidence_quote_en": "Two holding centres in Kispang Rural Municipality; no headcount given.", "temporal_contamination_flag": "False", "site_name": "", "site_type": "camp", "site_function": "displacement_shelter", "households": "", "people": "", "figure_basis": "absent", "population_groups": "", "source_outlets": "Ratopati", "source_outlet_count": 1, "entity_key": "किस्पाङ गाउँपालिका (Kispang Rural Municipality)", "geo_resolution": "point", "geo_statement": "Matched \"Kispang\" to a named OSM place in Nuwakot", "geo_match_name": "किस्पाङ", "geo_match_osm_id": "node/13369073585", "geo_anchor_id": null, "geo_anchor_name": null}, "geometry": {"type": "Point", "coordinates": [85.1377747, 28.0042453]}}, {"type": "Feature", "properties": {"record_id": "e23c5268d0c13176", "table": "shelter_sites", "location_raw": "सूर्यगढी गाउँपालिका (Suryagadhi Rural Municipality)", "location_ne": "", "admin_level": "rural_municipality", "district": "Nuwakot", "province": "Bagmati", "geo_basis": "text_explicit", "as_of": "2026-08-30", "as_of_basis": "article_date", "first_reported": "2026-08-30", "last_reported": "2026-08-30", "confidence": "high", "confidence_note": "One holding centre in Suryagadhi Rural Municipality; no headcount given.", "density": "1", "effective_sources": "1", "independent_origins": "1", "origin": "media_own", "origin_note": "single outlet", "corroboration": "single_source", "evidence_quote": "नुवाकोटमा १३ वटा होल्डिङ सेन्टर स्थापना छन् । ती होल्डिङ सेन्टरहरू विदुर नगरपालिकामा नौ वटा, किस्पाङ गाउँपालिकामा दुई वटा, सूर्यगढी गाउँपालिका र बेलकोटगढी नपामा एक–एक वटा छन् ।", "evidence_quote_en": "One holding centre in Suryagadhi Rural Municipality; no headcount given.", "temporal_contamination_flag": "False", "site_name": "", "site_type": "camp", "site_function": "displacement_shelter", "households": "", "people": "", "figure_basis": "absent", "population_groups": "", "source_outlets": "Ratopati", "source_outlet_count": 1, "entity_key": "सूर्यगढी गाउँपालिका (Suryagadhi Rural Municipality)", "geo_resolution": "point", "geo_statement": "Matched \"Suryagadhi\" to a named OSM place in Nuwakot", "geo_match_name": "सूर्यगढी", "geo_match_osm_id": "node/13370197377", "geo_anchor_id": null, "geo_anchor_name": null}, "geometry": {"type": "Point", "coordinates": [85.2289043, 27.9505776]}}, {"type": "Feature", "properties": {"record_id": "e0bb75883b3c1973", "table": "shelter_sites", "location_raw": "बेलकोटगढी–७, महादेव माध्यमिक विद्यालय (Mahadev Secondary School, Belkotgadhi-7)", "location_ne": "", "admin_level": "ward", "district": "Nuwakot", "province": "Bagmati", "geo_basis": "text_explicit", "as_of": "2026-08-30", "as_of_basis": "article_date", "first_reported": "2026-08-30", "last_reported": "2026-08-30", "confidence": "high", "confidence_note": "Named site and ward.", "density": "1", "effective_sources": "1", "independent_origins": "1", "origin": "media_own", "origin_note": "single outlet", "corroboration": "single_source", "evidence_quote": "तर तादी र कोल्पुखोलाको पुल बगाएसँगै बेलकोटगढी–७ महादेव माध्यमिक विद्यालयमा सञ्चालित होल्डिङ सेन्टरसम्म राहत सामग्री पु¥याउन पनि हेलिकप्टर नै प्रयोग गर्नुपर्ने अवस्था छ ।", "evidence_quote_en": "With the Tadi and Kolpukhola bridges swept away, even relief for the holding centre at Mahadev Secondary School, Belkotgadhi-7, must be delivered by helicopter.", "temporal_contamination_flag": "False", "site_name": "महादेव माध्यमिक विद्यालय (Mahadev Secondary School)", "site_type": "school", "site_function": "displacement_shelter", "households": "", "people": "", "figure_basis": "absent", "population_groups": "", "source_outlets": "Ratopati", "source_outlet_count": 1, "entity_key": "महादेव माध्यमिक विद्यालय (Mahadev Secondary School)", "geo_resolution": "point", "geo_statement": "Matched \"Belkotgadhi-7\" to a named OSM place in Nuwakot", "geo_match_name": "बेलकोटगढी", "geo_match_osm_id": "node/13370197382", "geo_anchor_id": null, "geo_anchor_name": null}, "geometry": {"type": "Point", "coordinates": [85.1325401, 27.8391652]}}, {"type": "Feature", "properties": {"record_id": "37782ffc3fc0c001", "table": "shelter_sites", "location_raw": "नुवाकोट दरबार (Nuwakot Durbar/Palace camp)", "location_ne": "", "admin_level": "settlement", "district": "Nuwakot", "province": "Bagmati", "geo_basis": "text_explicit", "as_of": "2026-08-30", "as_of_basis": "article_date", "first_reported": "2026-08-30", "last_reported": "2026-08-30", "confidence": "high", "confidence_note": "Explicit headcount at named camp; age breakdown given in source but not summed here.", "density": "1", "effective_sources": "1", "independent_origins": "1", "origin": "media_own", "origin_note": "single outlet", "corroboration": "single_source", "evidence_quote": "क्याम्पमा हाल ७६ जना पीडितलाई राखिएको छ । तीमध्ये १२ देखि १७ वर्ष उमेर समूहका १८ जना बालबालिका, १२ वर्षभन्दा कम उमेरका २९ जना र १८ वर्षभन्दा माथिका २९ जना रहेका छन् ।", "evidence_quote_en": "76 victims are currently housed at the camp: 18 aged 12-17, 29 under age 12, and 29 above age 18.", "temporal_contamination_flag": "False", "site_name": "नुवाकोट दरबार (Nuwakot Durbar)", "site_type": "camp", "site_function": "displacement_shelter", "households": "", "people": "76.0", "figure_basis": "stated", "population_groups": "children", "source_outlets": "Nepal Live", "source_outlet_count": 1, "entity_key": "नुवाकोट दरबार (Nuwakot Durbar)", "geo_resolution": "district", "geo_statement": "Located to Nuwakot district only — the source names a place we could not resolve", "geo_match_name": null, "geo_match_osm_id": null, "geo_anchor_id": "79688334B17077666187877", "geo_anchor_name": "Nuwakot"}, "geometry": {"type": "Point", "coordinates": [85.20729652963067, 27.936643231647253]}}, {"type": "Feature", "properties": {"record_id": "8fefa93194807e33", "table": "shelter_sites", "location_raw": "Trishuli army barracks, Nuwakot", "location_ne": "", "admin_level": "settlement", "district": "Nuwakot", "province": "Bagmati", "geo_basis": "text_explicit", "as_of": "2026-08-30", "as_of_basis": "inferred_from_text", "first_reported": "2026-08-30", "last_reported": "2026-08-30", "confidence": "medium", "confidence_note": "No headcount of families given; 'many of them' relatives of missing.", "density": "1", "effective_sources": "1", "independent_origins": "1", "origin": "media_own", "origin_note": "single outlet", "corroboration": "single_source", "evidence_quote": "Many of them are now staying at the Trishuli army barracks, waiting for news of their loved ones.", "evidence_quote_en": "", "temporal_contamination_flag": "False", "site_name": "", "site_type": "camp", "site_function": "displacement_shelter", "households": "", "people": "", "figure_basis": "absent", "population_groups": "", "source_outlets": "OnlineKhabar English News", "source_outlet_count": 1, "entity_key": "Trishuli army barracks, Nuwakot", "geo_resolution": "district", "geo_statement": "Located to Nuwakot district only — the source names a place we could not resolve", "geo_match_name": null, "geo_match_osm_id": null, "geo_anchor_id": "79688334B17077666187877", "geo_anchor_name": "Nuwakot"}, "geometry": {"type": "Point", "coordinates": [85.20729652963067, 27.936643231647253]}}, {"type": "Feature", "properties": {"record_id": "6445263afd37ef03", "table": "shelter_sites", "location_raw": "around Trishuli Hospital", "location_ne": "", "admin_level": "settlement", "district": "Nuwakot", "province": "Bagmati", "geo_basis": "text_explicit", "as_of": "2026-08-30", "as_of_basis": "article_date", "first_reported": "2026-08-30", "last_reported": "2026-08-30", "confidence": "medium", "confidence_note": "Combined figure across three named sites near Trishuli Hospital, not split by individual site.", "density": "1", "effective_sources": "1", "independent_origins": "1", "origin": "media_own", "origin_note": "single outlet", "corroboration": "single_source", "evidence_quote": "Separately, the newspaper reported that about 1,000 people were staying at three displacement camps around Trishuli Hospital - at Bhairung Secondary School, a covered hall and Bethan Academy.", "evidence_quote_en": "", "temporal_contamination_flag": "", "site_name": "Bhairung Secondary School, a covered hall, and Bethan Academy (near Trishuli Hospital)", "site_type": "school", "site_function": "displacement_shelter", "households": "", "people": "1000.0", "figure_basis": "stated", "population_groups": "pregnant;women", "source_outlets": "India Today", "source_outlet_count": 1, "entity_key": "Bhairung Secondary School, a covered hall, and Bethan Academy (near Trishuli Hospital)", "geo_resolution": "district", "geo_statement": "Located to Nuwakot district only — the source names a place we could not resolve", "geo_match_name": null, "geo_match_osm_id": null, "geo_anchor_id": "79688334B17077666187877", "geo_anchor_name": "Nuwakot"}, "geometry": {"type": "Point", "coordinates": [85.20729652963067, 27.936643231647253]}}, {"type": "Feature", "properties": {"record_id": "5ce8f7ff5e22cad4", "table": "shelter_sites", "location_raw": "around Trishuli Hospital", "location_ne": "", "admin_level": "settlement", "district": "Nuwakot", "province": "Bagmati", "geo_basis": "text_explicit", "as_of": "2026-08-30", "as_of_basis": "article_date", "first_reported": "2026-08-30", "last_reported": "2026-08-30", "confidence": "medium", "confidence_note": "Combined figure across three named displacement camps near Trishuli Hospital (passage truncates before naming the other two); not split by individual site.", "density": "1", "effective_sources": "1", "independent_origins": "1", "origin": "media_own", "origin_note": "single outlet", "corroboration": "single_source", "evidence_quote": "Separately, the newspaper reported that about 1,000 people were staying at three displacement camps around Trishuli Hospital — at Bhairung Secondary School", "evidence_quote_en": "", "temporal_contamination_flag": "", "site_name": "Bhairung Secondary School and other camps around Trishuli Hospital", "site_type": "school", "site_function": "displacement_shelter", "households": "", "people": "1000.0", "figure_basis": "stated", "population_groups": "", "source_outlets": "Telegraph India", "source_outlet_count": 1, "entity_key": "Bhairung Secondary School and other camps around Trishuli Hospital", "geo_resolution": "district", "geo_statement": "Located to Nuwakot district only — the source names a place we could not resolve", "geo_match_name": null, "geo_match_osm_id": null, "geo_anchor_id": "79688334B17077666187877", "geo_anchor_name": "Nuwakot"}, "geometry": {"type": "Point", "coordinates": [85.20729652963067, 27.936643231647253]}}, {"type": "Feature", "properties": {"record_id": "25f198c5a5da01ac", "table": "shelter_sites", "location_raw": "near Trishuli Hospital, Trishuli", "location_ne": "", "admin_level": "settlement", "district": "Nuwakot", "province": "Bagmati", "geo_basis": "text_explicit", "as_of": "2026-08-30", "as_of_basis": "article_date", "first_reported": "2026-08-30", "last_reported": "2026-08-30", "confidence": "high", "confidence_note": "", "density": "1", "effective_sources": "1", "independent_origins": "1", "origin": "media_own", "origin_note": "single outlet", "corroboration": "single_source", "evidence_quote": "Now she and her family are living in a displaced-persons camp near Trishuli Hospital.", "evidence_quote_en": "", "temporal_contamination_flag": "", "site_name": "", "site_type": "camp", "site_function": "displacement_shelter", "households": "", "people": "", "figure_basis": "absent", "population_groups": "", "source_outlets": "The Straits Times", "source_outlet_count": 1, "entity_key": "near Trishuli Hospital, Trishuli", "geo_resolution": "district", "geo_statement": "Located to Nuwakot district only — the source names a place we could not resolve", "geo_match_name": null, "geo_match_osm_id": null, "geo_anchor_id": "79688334B17077666187877", "geo_anchor_name": "Nuwakot"}, "geometry": {"type": "Point", "coordinates": [85.20729652963067, 27.936643231647253]}}, {"type": "Feature", "properties": {"record_id": "90b8380a24a903b7", "table": "shelter_sites", "location_raw": "Nuwakot (16 sites, district aggregate)", "location_ne": "", "admin_level": "district", "district": "Nuwakot", "province": "Bagmati", "geo_basis": "text_explicit", "as_of": "2026-08-30", "as_of_basis": "stated", "first_reported": "2026-08-30", "last_reported": "2026-08-30", "confidence": "high", "confidence_note": "District-level aggregate stated by PM's Office; individual sites named separately without headcounts.", "density": "1", "effective_sources": "1", "independent_origins": "1", "origin": "media_own", "origin_note": "single outlet", "corroboration": "single_source", "evidence_quote": "नुवाकोटमा मात्रै १६ आश्रयस्थलमा दुई हजार २७४ जनाले आश्रय लिएको प्रधानमन्त्री कार्यालयले जनाएको छ ।", "evidence_quote_en": "In Nuwakot alone, 2,274 people have taken shelter at 16 shelter sites, the PM's Office said.", "temporal_contamination_flag": "", "site_name": "16 temporary shelters (district aggregate)", "site_type": "unspecified", "site_function": "displacement_shelter", "households": "", "people": "2274.0", "figure_basis": "stated", "population_groups": "", "source_outlets": "Onlinekhabar", "source_outlet_count": 1, "entity_key": "16 temporary shelters (district aggregate)", "geo_resolution": "district", "geo_statement": "Located to Nuwakot district only", "geo_match_name": null, "geo_match_osm_id": null, "geo_anchor_id": "79688334B17077666187877", "geo_anchor_name": "Nuwakot"}, "geometry": {"type": "Point", "coordinates": [85.20729652963067, 27.936643231647253]}}, {"type": "Feature", "properties": {"record_id": "71f980ce494eeead", "table": "shelter_sites", "location_raw": "Tupche area, Bidur Municipality", "location_ne": "", "admin_level": "settlement", "district": "Nuwakot", "province": "Bagmati", "geo_basis": "text_explicit", "as_of": "2026-08-30", "as_of_basis": "stated", "first_reported": "2026-08-30", "last_reported": "2026-08-30", "confidence": "high", "confidence_note": "Named site and settlement explicit; no headcount given for this specific site.", "density": "1", "effective_sources": "1", "independent_origins": "1", "origin": "media_own", "origin_note": "single outlet", "corroboration": "single_source", "evidence_quote": "नुवाकोटमा विदुर नगरपालिका तुप्चे क्षेत्रका प्रभावितलाई पुस्तकालय शिविर, त्रिशुली ढुंगे क्षेत्र र सिमचौरका प्रभावितलाई सेफहाउस/किरियापुत्री भवन, बेत्रावतीका प्रभावितलाई स्वास्थ्य चौकी, बट्टार क्षेत्रका प्रभावितलाई कभर्ड हल र देवीघाटका प्रभावितलाई आयुर्वेद वैकल्पिक चिकित्सालयमा अस्थायी आश्रयस्थल बनाएर राखिएको छ ।", "evidence_quote_en": "In Nuwakot, Bidur Municipality Tupche-area affected are housed at a Library camp.", "temporal_contamination_flag": "", "site_name": "Library camp (पुस्तकालय शिविर)", "site_type": "community_building", "site_function": "displacement_shelter", "households": "", "people": "", "figure_basis": "absent", "population_groups": "", "source_outlets": "Onlinekhabar", "source_outlet_count": 1, "entity_key": "Library camp (पुस्तकालय शिविर)", "geo_resolution": "point", "geo_statement": "Matched \"Bidur\" to a named OSM place in Nuwakot", "geo_match_name": "बिदुर", "geo_match_osm_id": "node/3499801960", "geo_anchor_id": null, "geo_anchor_name": null}, "geometry": {"type": "Point", "coordinates": [85.146446, 27.89526]}}, {"type": "Feature", "properties": {"record_id": "08e0ddedc7b1a340", "table": "shelter_sites", "location_raw": "Betrawati", "location_ne": "", "admin_level": "settlement", "district": "Nuwakot", "province": "Bagmati", "geo_basis": "text_explicit", "as_of": "2026-08-30", "as_of_basis": "stated", "first_reported": "2026-08-30", "last_reported": "2026-08-30", "confidence": "high", "confidence_note": "No headcount given for this specific site.", "density": "1", "effective_sources": "1", "independent_origins": "1", "origin": "media_own", "origin_note": "single outlet", "corroboration": "single_source", "evidence_quote": "बेत्रावतीका प्रभावितलाई स्वास्थ्य चौकी", "evidence_quote_en": "Betrawati's affected are housed at a health post.", "temporal_contamination_flag": "", "site_name": "Health post (स्वास्थ्य चौकी)", "site_type": "hospital", "site_function": "medical_treatment", "households": "", "people": "", "figure_basis": "absent", "population_groups": "", "source_outlets": "Onlinekhabar", "source_outlet_count": 1, "entity_key": "Health post (स्वास्थ्य चौकी)", "geo_resolution": "district", "geo_statement": "Located to Nuwakot district only — the source names a place we could not resolve", "geo_match_name": null, "geo_match_osm_id": null, "geo_anchor_id": "79688334B17077666187877", "geo_anchor_name": "Nuwakot"}, "geometry": {"type": "Point", "coordinates": [85.20729652963067, 27.936643231647253]}}, {"type": "Feature", "properties": {"record_id": "eccfaebba4c5b96b", "table": "shelter_sites", "location_raw": "Battar area", "location_ne": "", "admin_level": "settlement", "district": "Nuwakot", "province": "Bagmati", "geo_basis": "text_explicit", "as_of": "2026-08-30", "as_of_basis": "stated", "first_reported": "2026-08-30", "last_reported": "2026-08-30", "confidence": "high", "confidence_note": "Rasuwa-displaced housed at a Nuwakot site; no headcount given.", "density": "1", "effective_sources": "1", "independent_origins": "1", "origin": "media_own", "origin_note": "single outlet", "corroboration": "single_source", "evidence_quote": "रसुवाका केही प्रभावितलाई बट्टारको तामाङ प्लाजामा राखिएको छ ।", "evidence_quote_en": "Some Rasuwa-affected are housed at Tamang Plaza in Battar.", "temporal_contamination_flag": "", "site_name": "Tamang Plaza, Battar", "site_type": "community_building", "site_function": "displacement_shelter", "households": "", "people": "", "figure_basis": "absent", "population_groups": "", "source_outlets": "Onlinekhabar", "source_outlet_count": 1, "entity_key": "Tamang Plaza, Battar", "geo_resolution": "district", "geo_statement": "Located to Nuwakot district only — the source names a place we could not resolve", "geo_match_name": null, "geo_match_osm_id": null, "geo_anchor_id": "79688334B17077666187877", "geo_anchor_name": "Nuwakot"}, "geometry": {"type": "Point", "coordinates": [85.20729652963067, 27.936643231647253]}}, {"type": "Feature", "properties": {"record_id": "f2cdc29133c42d14", "table": "shelter_sites", "location_raw": "Betrawati Bhainse area", "location_ne": "", "admin_level": "settlement", "district": "Nuwakot", "province": "Bagmati", "geo_basis": "text_explicit", "as_of": "2026-08-30", "as_of_basis": "stated", "first_reported": "2026-08-30", "last_reported": "2026-08-30", "confidence": "high", "confidence_note": "No headcount given for this specific site.", "density": "1", "effective_sources": "1", "independent_origins": "1", "origin": "media_own", "origin_note": "single outlet", "corroboration": "single_source", "evidence_quote": "बेत्रावती भैँसे क्षेत्रका प्रभावितलाई सुन्दरी क्यैरिनी मावि, त्रिशूली बजार क्षेत्रका प्रभावितलाई कोलनी कभर्ड हल–भैरुम मावि, रिमाल डाँडा र इन्द्रायणि आधारभूत विद्यालयमा शिविर बनाएर राखिएको छ ।", "evidence_quote_en": "Betrawati Bhainse-area affected are housed at Sundari Kairini Secondary School.", "temporal_contamination_flag": "", "site_name": "Sundari Kairini Secondary School", "site_type": "school", "site_function": "displacement_shelter", "households": "", "people": "", "figure_basis": "absent", "population_groups": "", "source_outlets": "Onlinekhabar", "source_outlet_count": 1, "entity_key": "Sundari Kairini Secondary School", "geo_resolution": "district", "geo_statement": "Located to Nuwakot district only — the source names a place we could not resolve", "geo_match_name": null, "geo_match_osm_id": null, "geo_anchor_id": "79688334B17077666187877", "geo_anchor_name": "Nuwakot"}, "geometry": {"type": "Point", "coordinates": [85.20729652963067, 27.936643231647253]}}, {"type": "Feature", "properties": {"record_id": "4acf2e69ee630183", "table": "shelter_sites", "location_raw": "Bidur-2", "location_ne": "", "admin_level": "ward", "district": "Nuwakot", "province": "Bagmati", "geo_basis": "text_explicit", "as_of": "2026-08-30", "as_of_basis": "stated", "first_reported": "2026-08-30", "last_reported": "2026-08-30", "confidence": "high", "confidence_note": "Explicitly for rescued injured; no headcount given.", "density": "1", "effective_sources": "1", "independent_origins": "1", "origin": "media_own", "origin_note": "single outlet", "corroboration": "single_source", "evidence_quote": "यस्तै, उद्धार गरिएका घाइतेका लागि विदुर–२ को सेफहाउस, देवीघाट आयुर्वेद वैकल्पिक चिकित्सालय, बेलकोटगढी–७ को महादेव माध्यमिक विद्यालय र विदुर–९ को शुलक्षणा माध्यमिक विद्यालयमा उपचारसँगै राखिएको छ ।", "evidence_quote_en": "Rescued injured are also being kept with treatment at Bidur-2 Safehouse, among other sites.", "temporal_contamination_flag": "", "site_name": "Bidur-2 Safehouse", "site_type": "community_building", "site_function": "displacement_shelter", "households": "", "people": "", "figure_basis": "absent", "population_groups": "injured", "source_outlets": "Onlinekhabar", "source_outlet_count": 1, "entity_key": "Bidur-2 Safehouse", "geo_resolution": "point", "geo_statement": "Matched \"Bidur-2\" to a named OSM place in Nuwakot", "geo_match_name": "बिदुर", "geo_match_osm_id": "node/3499801960", "geo_anchor_id": null, "geo_anchor_name": null}, "geometry": {"type": "Point", "coordinates": [85.146446, 27.89526]}}, {"type": "Feature", "properties": {"record_id": "0737023ab34fac05", "table": "shelter_sites", "location_raw": "army training center, Trishuli, Nuwakot", "location_ne": "", "admin_level": "settlement", "district": "Nuwakot", "province": "Bagmati", "geo_basis": "text_explicit", "as_of": "2026-08-30", "as_of_basis": "stated", "first_reported": "2026-08-31", "last_reported": "2026-08-31", "confidence": "high", "confidence_note": "Photo caption naming site and district explicitly.", "density": "1", "effective_sources": "1", "independent_origins": "1", "origin": "media_own", "origin_note": "single outlet", "corroboration": "single_source", "evidence_quote": "Army personnel help people who were airlifted from a site affected by flash floods and a mudslide, at an army training center, in Trishuli, Nuwakot district, Nepal, on Sunday.", "evidence_quote_en": "", "temporal_contamination_flag": "", "site_name": "army training center", "site_type": "camp", "site_function": "displacement_shelter", "households": "", "people": "", "figure_basis": "absent", "population_groups": "", "source_outlets": "The Japan Times", "source_outlet_count": 1, "entity_key": "army training center", "geo_resolution": "district", "geo_statement": "Located to Nuwakot district only — the source names a place we could not resolve", "geo_match_name": null, "geo_match_osm_id": null, "geo_anchor_id": "79688334B17077666187877", "geo_anchor_name": "Nuwakot"}, "geometry": {"type": "Point", "coordinates": [85.20729652963067, 27.936643231647253]}}, {"type": "Feature", "properties": {"record_id": "fd31f8c8e87a5ac6", "table": "shelter_sites", "location_raw": "Nuwakot", "location_ne": "", "admin_level": "district", "district": "Nuwakot", "province": "Bagmati", "geo_basis": "text_explicit", "as_of": "2026-08-30", "as_of_basis": "stated", "first_reported": "2026-08-31", "last_reported": "2026-08-31", "confidence": "medium", "confidence_note": "District (Nuwakot) explicitly named by IFRC delegation head; 'thousands' is a range, not sharpened to an exact figure.", "density": "1", "effective_sources": "1", "independent_origins": "1", "origin": "media_own", "origin_note": "single outlet", "corroboration": "single_source", "evidence_quote": "Thousands of people who have been displaced are taking shelter in any surviving buildings on higher ground, including houses of worship, hospitals and government buildings, he said.", "evidence_quote_en": "", "temporal_contamination_flag": "False", "site_name": "", "site_type": "community_building", "site_function": "displacement_shelter", "households": "", "people": "", "figure_basis": "range", "population_groups": "", "source_outlets": "The Japan Times", "source_outlet_count": 1, "entity_key": "Nuwakot", "geo_resolution": "district", "geo_statement": "Located to Nuwakot district only", "geo_match_name": null, "geo_match_osm_id": null, "geo_anchor_id": "79688334B17077666187877", "geo_anchor_name": "Nuwakot"}, "geometry": {"type": "Point", "coordinates": [85.20729652963067, 27.936643231647253]}}, {"type": "Feature", "properties": {"record_id": "2b966f63e88b0285", "table": "shelter_sites", "location_raw": "Nepali Army Trishuli Training Center, Bidur", "location_ne": "", "admin_level": "municipality", "district": "Nuwakot", "province": "Bagmati", "geo_basis": "text_explicit", "as_of": "2026-08-31", "as_of_basis": "article_date", "first_reported": "2026-08-31", "last_reported": "2026-08-31", "confidence": "medium", "confidence_note": "Functions as a reception/relief site for rescued flood victims; no headcount tied specifically to this site.", "density": "2", "effective_sources": "1", "independent_origins": "1", "origin": "media_own", "origin_note": "single outlet", "corroboration": "syndicated", "evidence_quote": "The training center is currently being utilized as an aerial rescue landing site for flood victims.", "evidence_quote_en": "", "temporal_contamination_flag": "", "site_name": "Nepali Army Trishuli Training Center", "site_type": "camp", "site_function": "displacement_shelter", "households": "", "people": "", "figure_basis": "absent", "population_groups": "", "source_outlets": "Nepal News; NepalNews", "source_outlet_count": 2, "entity_key": "Nepali Army Trishuli Training Center", "geo_resolution": "point", "geo_statement": "Matched \"Bidur\" to a named OSM place in Nuwakot", "geo_match_name": "बिदुर", "geo_match_osm_id": "node/3499801960", "geo_anchor_id": null, "geo_anchor_name": null}, "geometry": {"type": "Point", "coordinates": [85.146446, 27.89526]}}, {"type": "Feature", "properties": {"record_id": "0f5d41406229097e", "table": "shelter_sites", "location_raw": "Trishuli, Nuwakot", "location_ne": "", "admin_level": "settlement", "district": "Nuwakot", "province": "Bagmati", "geo_basis": "text_adjacent", "as_of": "2026-08-31", "as_of_basis": "stated", "first_reported": "2026-08-31", "last_reported": "2026-08-31", "confidence": "medium", "confidence_note": "Location from adjacent sentence ('residents in Trishuli returned...'); quote trimmed to exclude the resident's name.", "density": "1", "effective_sources": "1", "independent_origins": "1", "origin": "media_own", "origin_note": "single outlet", "corroboration": "single_source", "evidence_quote": "We are living in the municipal building, and we are sleeping there.", "evidence_quote_en": "", "temporal_contamination_flag": "", "site_name": "municipal building", "site_type": "community_building", "site_function": "displacement_shelter", "households": "", "people": "", "figure_basis": "absent", "population_groups": "", "source_outlets": "Republic World", "source_outlet_count": 1, "entity_key": "municipal building", "geo_resolution": "district", "geo_statement": "Located to Nuwakot district only — the source names a place we could not resolve", "geo_match_name": null, "geo_match_osm_id": null, "geo_anchor_id": "79688334B17077666187877", "geo_anchor_name": "Nuwakot"}, "geometry": {"type": "Point", "coordinates": [85.20729652963067, 27.936643231647253]}}, {"type": "Feature", "properties": {"record_id": "fe44400d2e18d8fe", "table": "shelter_sites", "location_raw": "नुवाकोट", "location_ne": "नुवाकोट", "admin_level": "district", "district": "Nuwakot", "province": "Bagmati", "geo_basis": "text_explicit", "as_of": "2026-08-31", "as_of_basis": "stated", "first_reported": "2026-08-31", "last_reported": "2026-08-31", "confidence": "medium", "confidence_note": "Nuwakot district explicitly named as camp location; no more specific settlement given.", "density": "1", "effective_sources": "1", "independent_origins": "1", "origin": "media_own", "origin_note": "single outlet", "corroboration": "single_source", "evidence_quote": "त्यहाँबाट फर्केर उनले नुवाकोटस्थित नेपाली सेनाको एकीकृत उद्धार शिविर पुग्नेछन् ।", "evidence_quote_en": "From there he will go on to reach the Nepal Army's integrated rescue camp located in Nuwakot.", "temporal_contamination_flag": "False", "site_name": "नेपाली सेनाको एकीकृत उद्धार शिविर", "site_type": "camp", "site_function": "displacement_shelter", "households": "", "people": "", "figure_basis": "absent", "population_groups": "", "source_outlets": "Nepal Live", "source_outlet_count": 1, "entity_key": "नेपाली सेनाको एकीकृत उद्धार शिविर", "geo_resolution": "district", "geo_statement": "Located to Nuwakot district only", "geo_match_name": null, "geo_match_osm_id": null, "geo_anchor_id": "79688334B17077666187877", "geo_anchor_name": "Nuwakot"}, "geometry": {"type": "Point", "coordinates": [85.20729652963067, 27.936643231647253]}}, {"type": "Feature", "properties": {"record_id": "abb83428dba5772c", "table": "shelter_sites", "location_raw": "तुप्चे, विदुर नगरपालिका", "location_ne": "तुप्चे, विदुर नगरपालिका", "admin_level": "ward", "district": "Nuwakot", "province": "Bagmati", "geo_basis": "text_explicit", "as_of": "2026-08-31", "as_of_basis": "article_date", "first_reported": "2026-08-31", "last_reported": "2026-08-31", "confidence": "medium", "confidence_note": "Settlement (Tupche) and municipality named explicitly.", "density": "1", "effective_sources": "1", "independent_origins": "1", "origin": "media_own", "origin_note": "single outlet", "corroboration": "single_source", "evidence_quote": "नुवाकोटको विदुर नगरपालिका तुप्चे क्षेत्रका प्रभावितलाई पुस्तकालय शिविरमा राखिएको हाे ।", "evidence_quote_en": "Those affected in the Tupche area of Bidur Municipality, Nuwakot, have been placed in a library shelter.", "temporal_contamination_flag": "False", "site_name": "पुस्तकालय शिविर", "site_type": "community_building", "site_function": "displacement_shelter", "households": "", "people": "", "figure_basis": "absent", "population_groups": "", "source_outlets": "ImageKhabar", "source_outlet_count": 1, "entity_key": "पुस्तकालय शिविर", "geo_resolution": "district", "geo_statement": "Located to Nuwakot district only — the source names a place we could not resolve", "geo_match_name": null, "geo_match_osm_id": null, "geo_anchor_id": "79688334B17077666187877", "geo_anchor_name": "Nuwakot"}, "geometry": {"type": "Point", "coordinates": [85.20729652963067, 27.936643231647253]}}, {"type": "Feature", "properties": {"record_id": "0bf1aede41d51230", "table": "shelter_sites", "location_raw": "त्रिशूली ढुङ्गे र सिमचौर", "location_ne": "त्रिशूली ढुङ्गे र सिमचौर", "admin_level": "settlement", "district": "Nuwakot", "province": "Bagmati", "geo_basis": "text_explicit", "as_of": "2026-08-31", "as_of_basis": "article_date", "first_reported": "2026-08-31", "last_reported": "2026-08-31", "confidence": "low", "confidence_note": "Source text is a run-on compound ('सेफहाउसरकिरियापुत्री'); parsed as two named buildings.", "density": "1", "effective_sources": "1", "independent_origins": "1", "origin": "media_own", "origin_note": "single outlet", "corroboration": "single_source", "evidence_quote": "त्रिशूली ढुङ्गे क्षेत्र र सिमचौरका प्रभावितलाई सेफहाउसरकिरियापुत्री भवनमा", "evidence_quote_en": "Those affected from the Trishuli Dhunge area and Simchaur have been placed at the Safe House / Kriyaputri Bhawan building.", "temporal_contamination_flag": "False", "site_name": "सेफहाउस / किरियापुत्री भवन", "site_type": "community_building", "site_function": "displacement_shelter", "households": "", "people": "", "figure_basis": "absent", "population_groups": "", "source_outlets": "ImageKhabar", "source_outlet_count": 1, "entity_key": "सेफहाउस / किरियापुत्री भवन", "geo_resolution": "district", "geo_statement": "Located to Nuwakot district only — the source names a place we could not resolve", "geo_match_name": null, "geo_match_osm_id": null, "geo_anchor_id": "79688334B17077666187877", "geo_anchor_name": "Nuwakot"}, "geometry": {"type": "Point", "coordinates": [85.20729652963067, 27.936643231647253]}}, {"type": "Feature", "properties": {"record_id": "4bbbb41afd7e040b", "table": "shelter_sites", "location_raw": "बेत्रावती", "location_ne": "बेत्रावती", "admin_level": "settlement", "district": "Nuwakot", "province": "Bagmati", "geo_basis": "text_explicit", "as_of": "2026-08-31", "as_of_basis": "article_date", "first_reported": "2026-08-31", "last_reported": "2026-08-31", "confidence": "medium", "confidence_note": "Settlement (Betrawati) named explicitly.", "density": "1", "effective_sources": "1", "independent_origins": "1", "origin": "media_own", "origin_note": "single outlet", "corroboration": "single_source", "evidence_quote": "बेत्रावतीका प्रभावितलाई स्वास्थ्य चौकी", "evidence_quote_en": "Those affected from Betrawati [placed at] the health post.", "temporal_contamination_flag": "False", "site_name": "स्वास्थ्य चौकी", "site_type": "hospital", "site_function": "medical_treatment", "households": "", "people": "", "figure_basis": "absent", "population_groups": "", "source_outlets": "ImageKhabar", "source_outlet_count": 1, "entity_key": "स्वास्थ्य चौकी", "geo_resolution": "district", "geo_statement": "Located to Nuwakot district only — the source names a place we could not resolve", "geo_match_name": null, "geo_match_osm_id": null, "geo_anchor_id": "79688334B17077666187877", "geo_anchor_name": "Nuwakot"}, "geometry": {"type": "Point", "coordinates": [85.20729652963067, 27.936643231647253]}}, {"type": "Feature", "properties": {"record_id": "255999461e330f27", "table": "shelter_sites", "location_raw": "बट्टार क्षेत्र", "location_ne": "बट्टार क्षेत्र", "admin_level": "settlement", "district": "Nuwakot", "province": "Bagmati", "geo_basis": "text_explicit", "as_of": "2026-08-31", "as_of_basis": "article_date", "first_reported": "2026-08-31", "last_reported": "2026-08-31", "confidence": "medium", "confidence_note": "Settlement (Battar) named explicitly.", "density": "1", "effective_sources": "1", "independent_origins": "1", "origin": "media_own", "origin_note": "single outlet", "corroboration": "single_source", "evidence_quote": "बट्टार क्षेत्रका प्रभावितलाई कभर्ड हल तथा देवीघाटका प्रभावितलाई आयुर्वेद वैकल्पिक चिकित्सालयमा राखिएको छ।", "evidence_quote_en": "Those affected from the Battar area have been placed in a covered hall.", "temporal_contamination_flag": "False", "site_name": "कभर्ड हल", "site_type": "community_building", "site_function": "displacement_shelter", "households": "", "people": "", "figure_basis": "absent", "population_groups": "", "source_outlets": "ImageKhabar", "source_outlet_count": 1, "entity_key": "कभर्ड हल", "geo_resolution": "district", "geo_statement": "Located to Nuwakot district only — the source names a place we could not resolve", "geo_match_name": null, "geo_match_osm_id": null, "geo_anchor_id": "79688334B17077666187877", "geo_anchor_name": "Nuwakot"}, "geometry": {"type": "Point", "coordinates": [85.20729652963067, 27.936643231647253]}}, {"type": "Feature", "properties": {"record_id": "59b8579405d71676", "table": "shelter_sites", "location_raw": "देवीघाट", "location_ne": "देवीघाट", "admin_level": "settlement", "district": "Nuwakot", "province": "Bagmati", "geo_basis": "text_explicit", "as_of": "2026-08-31", "as_of_basis": "article_date", "first_reported": "2026-08-31", "last_reported": "2026-08-31", "confidence": "medium", "confidence_note": "Settlement (Devighat) named explicitly.", "density": "1", "effective_sources": "1", "independent_origins": "1", "origin": "media_own", "origin_note": "single outlet", "corroboration": "single_source", "evidence_quote": "बट्टार क्षेत्रका प्रभावितलाई कभर्ड हल तथा देवीघाटका प्रभावितलाई आयुर्वेद वैकल्पिक चिकित्सालयमा राखिएको छ।", "evidence_quote_en": "Those affected from Devighat have been placed in the Ayurveda alternative-medicine hospital.", "temporal_contamination_flag": "False", "site_name": "आयुर्वेद वैकल्पिक चिकित्सालय", "site_type": "hospital", "site_function": "medical_treatment", "households": "", "people": "", "figure_basis": "absent", "population_groups": "", "source_outlets": "ImageKhabar", "source_outlet_count": 1, "entity_key": "आयुर्वेद वैकल्पिक चिकित्सालय", "geo_resolution": "point", "geo_statement": "Matched \"देवीघाट\" to a named OSM place in Nuwakot", "geo_match_name": "देवीघाट", "geo_match_osm_id": "node/4156044161", "geo_anchor_id": null, "geo_anchor_name": null}, "geometry": {"type": "Point", "coordinates": [85.1100635, 27.8600323]}}, {"type": "Feature", "properties": {"record_id": "939a0cb096645842", "table": "shelter_sites", "location_raw": "बेत्रावती भैसे क्षेत्र", "location_ne": "बेत्रावती भैसे क्षेत्र", "admin_level": "settlement", "district": "Nuwakot", "province": "Bagmati", "geo_basis": "text_explicit", "as_of": "2026-08-31", "as_of_basis": "article_date", "first_reported": "2026-08-31", "last_reported": "2026-08-31", "confidence": "medium", "confidence_note": "Settlement named explicitly.", "density": "1", "effective_sources": "1", "independent_origins": "1", "origin": "media_own", "origin_note": "single outlet", "corroboration": "single_source", "evidence_quote": "बेत्रावती भैसे क्षेत्रका प्रभावितलाई सुन्दरी क्यैरीनी मावि", "evidence_quote_en": "Those affected from the Betrawati Bhaise area [placed at] Sundari Kairani secondary school.", "temporal_contamination_flag": "False", "site_name": "सुन्दरी क्यैरीनी मावि", "site_type": "school", "site_function": "displacement_shelter", "households": "", "people": "", "figure_basis": "absent", "population_groups": "", "source_outlets": "ImageKhabar", "source_outlet_count": 1, "entity_key": "सुन्दरी क्यैरीनी मावि", "geo_resolution": "district", "geo_statement": "Located to Nuwakot district only — the source names a place we could not resolve", "geo_match_name": null, "geo_match_osm_id": null, "geo_anchor_id": "79688334B17077666187877", "geo_anchor_name": "Nuwakot"}, "geometry": {"type": "Point", "coordinates": [85.20729652963067, 27.936643231647253]}}, {"type": "Feature", "properties": {"record_id": "e36fdf4480914bd7", "table": "shelter_sites", "location_raw": "त्रिशूली बजार क्षेत्र", "location_ne": "त्रिशूली बजार क्षेत्र", "admin_level": "settlement", "district": "Nuwakot", "province": "Bagmati", "geo_basis": "text_explicit", "as_of": "2026-08-31", "as_of_basis": "article_date", "first_reported": "2026-08-31", "last_reported": "2026-08-31", "confidence": "low", "confidence_note": "Source run-on ('हलरभैरुम') parsed into distinct site names.", "density": "1", "effective_sources": "1", "independent_origins": "1", "origin": "media_own", "origin_note": "single outlet", "corroboration": "single_source", "evidence_quote": "त्रिशूली बजार क्षेत्रका प्रभावितलाई कोलनी कभर्ड हलरभैरुम मावि, रिमालडाँडा र इन्द्रायणी माविमा बनाइएका शिविरमा राखिएको हाे ।", "evidence_quote_en": "Those affected from the Trishuli Bazaar area have been placed at the Colony Covered Hall.", "temporal_contamination_flag": "False", "site_name": "कोलनी कभर्ड हल", "site_type": "community_building", "site_function": "displacement_shelter", "households": "", "people": "", "figure_basis": "absent", "population_groups": "", "source_outlets": "ImageKhabar", "source_outlet_count": 1, "entity_key": "कोलनी कभर्ड हल", "geo_resolution": "district", "geo_statement": "Located to Nuwakot district only — the source names a place we could not resolve", "geo_match_name": null, "geo_match_osm_id": null, "geo_anchor_id": "79688334B17077666187877", "geo_anchor_name": "Nuwakot"}, "geometry": {"type": "Point", "coordinates": [85.20729652963067, 27.936643231647253]}}, {"type": "Feature", "properties": {"record_id": "be6104b25882e0dc", "table": "shelter_sites", "location_raw": "त्रिशूली बजार क्षेत्र", "location_ne": "त्रिशूली बजार क्षेत्र", "admin_level": "settlement", "district": "Nuwakot", "province": "Bagmati", "geo_basis": "text_explicit", "as_of": "2026-08-31", "as_of_basis": "article_date", "first_reported": "2026-08-31", "last_reported": "2026-08-31", "confidence": "low", "confidence_note": "Source run-on parsed into distinct site names.", "density": "1", "effective_sources": "1", "independent_origins": "1", "origin": "media_own", "origin_note": "single outlet", "corroboration": "single_source", "evidence_quote": "त्रिशूली बजार क्षेत्रका प्रभावितलाई कोलनी कभर्ड हलरभैरुम मावि, रिमालडाँडा र इन्द्रायणी माविमा बनाइएका शिविरमा राखिएको हाे ।", "evidence_quote_en": "Those affected from the Trishuli Bazaar area have also been placed at Bhairum secondary school.", "temporal_contamination_flag": "False", "site_name": "भैरुम मावि", "site_type": "school", "site_function": "displacement_shelter", "households": "", "people": "", "figure_basis": "absent", "population_groups": "", "source_outlets": "ImageKhabar", "source_outlet_count": 1, "entity_key": "भैरुम मावि", "geo_resolution": "district", "geo_statement": "Located to Nuwakot district only — the source names a place we could not resolve", "geo_match_name": null, "geo_match_osm_id": null, "geo_anchor_id": "79688334B17077666187877", "geo_anchor_name": "Nuwakot"}, "geometry": {"type": "Point", "coordinates": [85.20729652963067, 27.936643231647253]}}, {"type": "Feature", "properties": {"record_id": "b280d7c10adab491", "table": "shelter_sites", "location_raw": "रिमालडाँडा", "location_ne": "रिमालडाँडा", "admin_level": "settlement", "district": "Nuwakot", "province": "Bagmati", "geo_basis": "text_adjacent", "as_of": "2026-08-31", "as_of_basis": "article_date", "first_reported": "2026-08-31", "last_reported": "2026-08-31", "confidence": "low", "confidence_note": "Which affected group this camp serves is ambiguous in the run-on source sentence; location itself (Rimaldanda, Nuwakot) is explicit.", "density": "1", "effective_sources": "1", "independent_origins": "1", "origin": "media_own", "origin_note": "single outlet", "corroboration": "single_source", "evidence_quote": "रिमालडाँडा र इन्द्रायणी माविमा बनाइएका शिविरमा राखिएको हाे ।", "evidence_quote_en": "[Affected people] have been placed in camps built at Rimaldanda and Indrayani school.", "temporal_contamination_flag": "False", "site_name": "रिमालडाँडा शिविर", "site_type": "camp", "site_function": "displacement_shelter", "households": "", "people": "", "figure_basis": "absent", "population_groups": "", "source_outlets": "ImageKhabar", "source_outlet_count": 1, "entity_key": "रिमालडाँडा शिविर", "geo_resolution": "district", "geo_statement": "Located to Nuwakot district only — the source names a place we could not resolve", "geo_match_name": null, "geo_match_osm_id": null, "geo_anchor_id": "79688334B17077666187877", "geo_anchor_name": "Nuwakot"}, "geometry": {"type": "Point", "coordinates": [85.20729652963067, 27.936643231647253]}}, {"type": "Feature", "properties": {"record_id": "fa0eec0dafc6b144", "table": "shelter_sites", "location_raw": "इन्द्रायणी", "location_ne": "इन्द्रायणी", "admin_level": "settlement", "district": "Nuwakot", "province": "Bagmati", "geo_basis": "text_adjacent", "as_of": "2026-08-31", "as_of_basis": "article_date", "first_reported": "2026-08-31", "last_reported": "2026-08-31", "confidence": "low", "confidence_note": "Which affected group this camp serves is ambiguous in the run-on source sentence.", "density": "1", "effective_sources": "1", "independent_origins": "1", "origin": "media_own", "origin_note": "single outlet", "corroboration": "single_source", "evidence_quote": "रिमालडाँडा र इन्द्रायणी माविमा बनाइएका शिविरमा राखिएको हाे ।", "evidence_quote_en": "[Affected people] have been placed in camps built at Rimaldanda and Indrayani school.", "temporal_contamination_flag": "False", "site_name": "इन्द्रायणी मावि", "site_type": "school", "site_function": "displacement_shelter", "households": "", "people": "", "figure_basis": "absent", "population_groups": "", "source_outlets": "ImageKhabar", "source_outlet_count": 1, "entity_key": "इन्द्रायणी मावि", "geo_resolution": "district", "geo_statement": "Located to Nuwakot district only — the source names a place we could not resolve", "geo_match_name": null, "geo_match_osm_id": null, "geo_anchor_id": "79688334B17077666187877", "geo_anchor_name": "Nuwakot"}, "geometry": {"type": "Point", "coordinates": [85.20729652963067, 27.936643231647253]}}, {"type": "Feature", "properties": {"record_id": "08ceb50a30ef8646", "table": "shelter_sites", "location_raw": "विदुर-३, देवीघाट सिटखाली", "location_ne": "विदुर-३, देवीघाट सिटखाली", "admin_level": "ward", "district": "Nuwakot", "province": "Bagmati", "geo_basis": "text_explicit", "as_of": "2026-08-31", "as_of_basis": "article_date", "first_reported": "2026-08-31", "last_reported": "2026-08-31", "confidence": "medium", "confidence_note": "Ward (Bidur-3) and settlement named explicitly.", "density": "1", "effective_sources": "1", "independent_origins": "1", "origin": "media_own", "origin_note": "single outlet", "corroboration": "single_source", "evidence_quote": "विदुर-३ देवीघाट सिटखाली क्षेत्रका प्रभावितलाई रणभुवनेश्वरी माविरवडा कार्यालयमा व्यवस्थापन गरिएको छ ।", "evidence_quote_en": "Those affected from the Bidur-3 Devighat Sitkhali area have been managed at Ranbhuvaneshwari secondary school / ward office.", "temporal_contamination_flag": "False", "site_name": "रणभुवनेश्वरी मावि / वडा कार्यालय", "site_type": "school", "site_function": "displacement_shelter", "households": "", "people": "", "figure_basis": "absent", "population_groups": "", "source_outlets": "ImageKhabar", "source_outlet_count": 1, "entity_key": "रणभुवनेश्वरी मावि / वडा कार्यालय", "geo_resolution": "district", "geo_statement": "Located to Nuwakot district only — the source names a place we could not resolve", "geo_match_name": null, "geo_match_osm_id": null, "geo_anchor_id": "79688334B17077666187877", "geo_anchor_name": "Nuwakot"}, "geometry": {"type": "Point", "coordinates": [85.20729652963067, 27.936643231647253]}}, {"type": "Feature", "properties": {"record_id": "2028cb9cd9a2d12e", "table": "shelter_sites", "location_raw": "विदुर-९", "location_ne": "विदुर-९", "admin_level": "ward", "district": "Nuwakot", "province": "Bagmati", "geo_basis": "text_explicit", "as_of": "2026-08-31", "as_of_basis": "article_date", "first_reported": "2026-08-31", "last_reported": "2026-08-31", "confidence": "medium", "confidence_note": "Ward (Bidur-9) named explicitly.", "density": "1", "effective_sources": "1", "independent_origins": "1", "origin": "media_own", "origin_note": "single outlet", "corroboration": "single_source", "evidence_quote": "विदुर-९ का प्रभावितलाई त्रिशूली आवि र शुलक्षणा माविमा राखिएको हाे ।", "evidence_quote_en": "Those affected from Bidur-9 have been placed at Trishuli primary school and Shulakshana secondary school.", "temporal_contamination_flag": "False", "site_name": "त्रिशूली आधारभूत विद्यालय", "site_type": "school", "site_function": "displacement_shelter", "households": "", "people": "", "figure_basis": "absent", "population_groups": "", "source_outlets": "ImageKhabar", "source_outlet_count": 1, "entity_key": "त्रिशूली आधारभूत विद्यालय", "geo_resolution": "district", "geo_statement": "Located to Nuwakot district only — the source names a place we could not resolve", "geo_match_name": null, "geo_match_osm_id": null, "geo_anchor_id": "79688334B17077666187877", "geo_anchor_name": "Nuwakot"}, "geometry": {"type": "Point", "coordinates": [85.20729652963067, 27.936643231647253]}}, {"type": "Feature", "properties": {"record_id": "8a0deef362f6d7fa", "table": "shelter_sites", "location_raw": "विदुर-९", "location_ne": "विदुर-९", "admin_level": "ward", "district": "Nuwakot", "province": "Bagmati", "geo_basis": "text_explicit", "as_of": "2026-08-31", "as_of_basis": "article_date", "first_reported": "2026-08-31", "last_reported": "2026-08-31", "confidence": "medium", "confidence_note": "Ward (Bidur-9) named explicitly.", "density": "1", "effective_sources": "1", "independent_origins": "1", "origin": "media_own", "origin_note": "single outlet", "corroboration": "single_source", "evidence_quote": "विदुर-९ का प्रभावितलाई त्रिशूली आवि र शुलक्षणा माविमा राखिएको हाे ।", "evidence_quote_en": "Those affected from Bidur-9 have been placed at Trishuli primary school and Shulakshana secondary school.", "temporal_contamination_flag": "False", "site_name": "शुलक्षणा मावि", "site_type": "school", "site_function": "displacement_shelter", "households": "", "people": "", "figure_basis": "absent", "population_groups": "", "source_outlets": "ImageKhabar", "source_outlet_count": 1, "entity_key": "शुलक्षणा मावि", "geo_resolution": "district", "geo_statement": "Located to Nuwakot district only — the source names a place we could not resolve", "geo_match_name": null, "geo_match_osm_id": null, "geo_anchor_id": "79688334B17077666187877", "geo_anchor_name": "Nuwakot"}, "geometry": {"type": "Point", "coordinates": [85.20729652963067, 27.936643231647253]}}, {"type": "Feature", "properties": {"record_id": "2ff4706fc4520926", "table": "shelter_sites", "location_raw": "रातमाटे जिलिङ, बेलकोटगढी", "location_ne": "रातमाटे जिलिङ, बेलकोटगढी", "admin_level": "settlement", "district": "Nuwakot", "province": "Bagmati", "geo_basis": "text_explicit", "as_of": "2026-08-31", "as_of_basis": "article_date", "first_reported": "2026-08-31", "last_reported": "2026-08-31", "confidence": "medium", "confidence_note": "Settlement/municipality named explicitly.", "density": "1", "effective_sources": "1", "independent_origins": "1", "origin": "media_own", "origin_note": "single outlet", "corroboration": "single_source", "evidence_quote": "बेलकोटगढीको रातमाटे जिलिङ क्षेत्रका प्रभावितलाई महादेव मावि", "evidence_quote_en": "Those affected from the Ratmate Jiling area of Belkotgadhi have been placed at Mahadev secondary school.", "temporal_contamination_flag": "False", "site_name": "महादेव मावि", "site_type": "school", "site_function": "displacement_shelter", "households": "", "people": "", "figure_basis": "absent", "population_groups": "", "source_outlets": "ImageKhabar", "source_outlet_count": 1, "entity_key": "महादेव मावि", "geo_resolution": "point", "geo_statement": "Matched \"बेलकोटगढी\" to a named OSM place in Nuwakot", "geo_match_name": "बेलकोटगढी", "geo_match_osm_id": "node/13370197382", "geo_anchor_id": null, "geo_anchor_name": null}, "geometry": {"type": "Point", "coordinates": [85.1325401, 27.8391652]}}, {"type": "Feature", "properties": {"record_id": "3a6e85455c296422", "table": "shelter_sites", "location_raw": "किस्पाङ गाउँपालिका-५", "location_ne": "किस्पाङ गाउँपालिका-५", "admin_level": "ward", "district": "Nuwakot", "province": "Bagmati", "geo_basis": "text_explicit", "as_of": "2026-08-31", "as_of_basis": "article_date", "first_reported": "2026-08-31", "last_reported": "2026-08-31", "confidence": "medium", "confidence_note": "Ward (Kispang-5) named explicitly.", "density": "1", "effective_sources": "1", "independent_origins": "1", "origin": "media_own", "origin_note": "single outlet", "corroboration": "single_source", "evidence_quote": "किस्पाङ गाउँपालिका–५ का प्रभावितलाई कार्की मनकामना आवि र त्रिभुवन मावि", "evidence_quote_en": "Those affected from Kispang Rural Municipality-5 have been placed at Karki Manakamana primary school and Tribhuvan secondary school.", "temporal_contamination_flag": "False", "site_name": "कार्की मनकामना आधारभूत विद्यालय", "site_type": "school", "site_function": "displacement_shelter", "households": "", "people": "", "figure_basis": "absent", "population_groups": "", "source_outlets": "ImageKhabar", "source_outlet_count": 1, "entity_key": "कार्की मनकामना आधारभूत विद्यालय", "geo_resolution": "district", "geo_statement": "Located to Nuwakot district only — the source names a place we could not resolve", "geo_match_name": null, "geo_match_osm_id": null, "geo_anchor_id": "79688334B17077666187877", "geo_anchor_name": "Nuwakot"}, "geometry": {"type": "Point", "coordinates": [85.20729652963067, 27.936643231647253]}}, {"type": "Feature", "properties": {"record_id": "158960720a36c1ce", "table": "shelter_sites", "location_raw": "किस्पाङ गाउँपालिका-५", "location_ne": "किस्पाङ गाउँपालिका-५", "admin_level": "ward", "district": "Nuwakot", "province": "Bagmati", "geo_basis": "text_explicit", "as_of": "2026-08-31", "as_of_basis": "article_date", "first_reported": "2026-08-31", "last_reported": "2026-08-31", "confidence": "medium", "confidence_note": "Ward (Kispang-5) named explicitly.", "density": "1", "effective_sources": "1", "independent_origins": "1", "origin": "media_own", "origin_note": "single outlet", "corroboration": "single_source", "evidence_quote": "किस्पाङ गाउँपालिका–५ का प्रभावितलाई कार्की मनकामना आवि र त्रिभुवन मावि", "evidence_quote_en": "Those affected from Kispang Rural Municipality-5 have also been placed at Tribhuvan secondary school.", "temporal_contamination_flag": "False", "site_name": "त्रिभुवन मावि", "site_type": "school", "site_function": "displacement_shelter", "households": "", "people": "", "figure_basis": "absent", "population_groups": "", "source_outlets": "ImageKhabar", "source_outlet_count": 1, "entity_key": "त्रिभुवन मावि", "geo_resolution": "district", "geo_statement": "Located to Nuwakot district only — the source names a place we could not resolve", "geo_match_name": null, "geo_match_osm_id": null, "geo_anchor_id": "79688334B17077666187877", "geo_anchor_name": "Nuwakot"}, "geometry": {"type": "Point", "coordinates": [85.20729652963067, 27.936643231647253]}}, {"type": "Feature", "properties": {"record_id": "ee130bed4b2102f1", "table": "shelter_sites", "location_raw": "बट्टार, रसुवाका प्रभावितका लागि", "location_ne": "बट्टार", "admin_level": "settlement", "district": "Nuwakot", "province": "Bagmati", "geo_basis": "text_explicit", "as_of": "2026-08-31", "as_of_basis": "article_date", "first_reported": "2026-08-31", "last_reported": "2026-08-31", "confidence": "medium", "confidence_note": "Shelter site (Tamang Plaza, Battar) is in Nuwakot; the displaced people it houses originate from Rasuwa.", "density": "1", "effective_sources": "1", "independent_origins": "1", "origin": "media_own", "origin_note": "single outlet", "corroboration": "single_source", "evidence_quote": "रसुवाका केही प्रभावितलाई बट्टारको तामाङ प्लाजामा राखिएको छ ।", "evidence_quote_en": "Some of those affected from Rasuwa have been placed at Tamang Plaza in Battar.", "temporal_contamination_flag": "False", "site_name": "तामाङ प्लाजा", "site_type": "community_building", "site_function": "displacement_shelter", "households": "", "people": "", "figure_basis": "absent", "population_groups": "", "source_outlets": "ImageKhabar", "source_outlet_count": 1, "entity_key": "तामाङ प्लाजा", "geo_resolution": "district", "geo_statement": "Located to Nuwakot district only — the source names a place we could not resolve", "geo_match_name": null, "geo_match_osm_id": null, "geo_anchor_id": "79688334B17077666187877", "geo_anchor_name": "Nuwakot"}, "geometry": {"type": "Point", "coordinates": [85.20729652963067, 27.936643231647253]}}, {"type": "Feature", "properties": {"record_id": "cecbae1ef1f3ac01", "table": "shelter_sites", "location_raw": "Timure", "location_ne": "", "admin_level": "settlement", "district": "Rasuwa", "province": "Bagmati", "geo_basis": "text_adjacent", "as_of": "2026-08-26", "as_of_basis": "inferred_from_text", "first_reported": "2026-08-30", "last_reported": "2026-08-30", "confidence": "medium", "confidence_note": "Timure is the border town described throughout the article as in Rasuwa; site_type has no clean match for 'goat shed' in the schema list.", "density": "2", "effective_sources": "2", "independent_origins": "2", "origin": "unattributed", "origin_note": "2 outlets, no reporting body named; independence not established", "corroboration": "independent", "evidence_quote": "They spent the night on noodles and biscuits before moving to a goat shed, where around 150 to 200 people gathered along with Nepali Army personnel, Onlinekhabar reported.", "evidence_quote_en": "", "temporal_contamination_flag": "", "site_name": "goat shed", "site_type": "unspecified", "site_function": "displacement_shelter", "households": "", "people": "", "figure_basis": "range", "population_groups": "", "source_outlets": "The Daily Jagran; India Today", "source_outlet_count": 2, "entity_key": "goat shed", "geo_resolution": "point", "geo_statement": "Matched \"Timure\" to a named OSM place in Rasuwa", "geo_match_name": "टिमुरे", "geo_match_osm_id": "node/2553894641", "geo_anchor_id": null, "geo_anchor_name": null}, "geometry": {"type": "Point", "coordinates": [85.3666715, 28.2528483]}}, {"type": "Feature", "properties": {"record_id": "dbefbb6fc6aa479e", "table": "shelter_sites", "location_raw": "Timure", "location_ne": "", "admin_level": "settlement", "district": "Rasuwa", "province": "Bagmati", "geo_basis": "text_explicit", "as_of": "2026-08-26", "as_of_basis": "inferred_from_text", "first_reported": "2026-08-30", "last_reported": "2026-08-30", "confidence": "medium", "confidence_note": "Source gives a range (150-200); no exact figure recorded to avoid picking a midpoint. site_type approximated as open_ground; the source describes an improvised goat shed, not in the schema's site_type list.", "density": "1", "effective_sources": "1", "independent_origins": "1", "origin": "media_own", "origin_note": "single outlet", "corroboration": "single_source", "evidence_quote": "Tripathi and others then fled into the forest. They spent the night on noodles and biscuits before moving to a goat shed, where around 150 to 200 people gathered along with Nepali Army personnel, Onlinekhabar reported.", "evidence_quote_en": "", "temporal_contamination_flag": "", "site_name": "goat shed near Timure", "site_type": "open_ground", "site_function": "displacement_shelter", "households": "", "people": "", "figure_basis": "range", "population_groups": "", "source_outlets": "The Tribune", "source_outlet_count": 1, "entity_key": "goat shed near Timure", "geo_resolution": "point", "geo_statement": "Matched \"Timure\" to a named OSM place in Rasuwa", "geo_match_name": "टिमुरे", "geo_match_osm_id": "node/2553894641", "geo_anchor_id": null, "geo_anchor_name": null}, "geometry": {"type": "Point", "coordinates": [85.3666715, 28.2528483]}}, {"type": "Feature", "properties": {"record_id": "d8ba60069941d02e", "table": "shelter_sites", "location_raw": "Timure", "location_ne": "", "admin_level": "settlement", "district": "Rasuwa", "province": "Bagmati", "geo_basis": "text_adjacent", "as_of": "2026-08-26", "as_of_basis": "inferred_from_text", "first_reported": "2026-08-30", "last_reported": "2026-08-30", "confidence": "medium", "confidence_note": "'Goat shed' has no exact schema site_type; mapped to community_building. Range stated as 150-200; conservative low end recorded. Location Timure named earlier in same article for this survivor group.", "density": "1", "effective_sources": "1", "independent_origins": "1", "origin": "media_own", "origin_note": "single outlet", "corroboration": "single_source", "evidence_quote": "They spent the night on noodles and biscuits before moving to a goat shed, where around 150 to 200 people gathered along with Nepali Army personnel, Onlinekhabar reported.", "evidence_quote_en": "", "temporal_contamination_flag": "", "site_name": "", "site_type": "community_building", "site_function": "displacement_shelter", "households": "", "people": "150.0", "figure_basis": "range", "population_groups": "", "source_outlets": "Rediff", "source_outlet_count": 1, "entity_key": "Timure", "geo_resolution": "point", "geo_statement": "Matched \"Timure\" to a named OSM place in Rasuwa", "geo_match_name": "टिमुरे", "geo_match_osm_id": "node/2553894641", "geo_anchor_id": null, "geo_anchor_name": null}, "geometry": {"type": "Point", "coordinates": [85.3666715, 28.2528483]}}, {"type": "Feature", "properties": {"record_id": "6576c00bf04ece97", "table": "shelter_sites", "location_raw": "Timure area", "location_ne": "", "admin_level": "settlement", "district": "Rasuwa", "province": "Bagmati", "geo_basis": "text_adjacent", "as_of": "2026-08-26", "as_of_basis": "inferred_from_text", "first_reported": "2026-08-30", "last_reported": "2026-08-30", "confidence": "low", "confidence_note": "Improvised wood-storage shed in forest above Timure, where Tamang was; site_type mapped to community_building for lack of exact match. 'Dozens' left unquantified per no-sharpening rule.", "density": "1", "effective_sources": "1", "independent_origins": "1", "origin": "media_own", "origin_note": "single outlet", "corroboration": "single_source", "evidence_quote": "Tamang eventually found an old go-down used for storing wood in the forest, where dozens of other people who had managed to save themselves had also taken refuge.", "evidence_quote_en": "", "temporal_contamination_flag": "", "site_name": "", "site_type": "community_building", "site_function": "displacement_shelter", "households": "", "people": "", "figure_basis": "range", "population_groups": "", "source_outlets": "Daily Pioneer", "source_outlet_count": 1, "entity_key": "Timure area", "geo_resolution": "district", "geo_statement": "Located to Rasuwa district only — the source names a place we could not resolve", "geo_match_name": null, "geo_match_osm_id": null, "geo_anchor_id": "79688334B50883418539268", "geo_anchor_name": "Rasuwa"}, "geometry": {"type": "Point", "coordinates": [85.43275923020244, 28.17010993431697]}}, {"type": "Feature", "properties": {"record_id": "56de4ff604b52dc0", "table": "shelter_sites", "location_raw": "Dhunche", "location_ne": "", "admin_level": "settlement", "district": "Rasuwa", "province": "Bagmati", "geo_basis": "text_explicit", "as_of": "2026-08-28", "as_of_basis": "article_date", "first_reported": "2026-08-28", "last_reported": "2026-08-28", "confidence": "high", "confidence_note": "Site and district (Dhunche, Rasuwa) both explicit; 'dozens' kept as a range, not sharpened.", "density": "1", "effective_sources": "1", "independent_origins": "1", "origin": "media_own", "origin_note": "single outlet", "corroboration": "single_source", "evidence_quote": "he tells The Independent over the phone from a military base in Dhunche, where dozens of survivors were airlifted from their destroyed villages near the Tibet border.", "evidence_quote_en": "", "temporal_contamination_flag": "False", "site_name": "military base", "site_type": "camp", "site_function": "displacement_shelter", "households": "", "people": "", "figure_basis": "range", "population_groups": "", "source_outlets": "Newswav", "source_outlet_count": 1, "entity_key": "military base", "geo_resolution": "point", "geo_statement": "Matched \"Dhunche\" to a named OSM place in Rasuwa", "geo_match_name": "धुन्चे", "geo_match_osm_id": "node/10315965426", "geo_anchor_id": null, "geo_anchor_name": null}, "geometry": {"type": "Point", "coordinates": [85.2960583, 28.1127948]}}, {"type": "Feature", "properties": {"record_id": "7e83cd30224123fa", "table": "shelter_sites", "location_raw": "निलकण्ठ मावि, बोगटीटार (Neelkantha Secondary School, Bogatitar), उत्तरगया, रसुवा", "location_ne": "", "admin_level": "rural_municipality", "district": "Rasuwa", "province": "Bagmati", "geo_basis": "text_explicit", "as_of": "2026-08-28", "as_of_basis": "article_date", "first_reported": "2026-08-28", "last_reported": "2026-08-28", "confidence": "high", "confidence_note": "'करिब ३५०' = 'approximately 350', a specific stated figure.", "density": "1", "effective_sources": "1", "independent_origins": "1", "origin": "media_own", "origin_note": "single outlet", "corroboration": "single_source", "evidence_quote": "हाल उत्तरगया क्षेत्रका करिब ३५० जना प्रभावितहरूलाई निलकण्ठ मावि (बोगटीटार) को भुइँमा कालो म्याट्रेसमा राखिएको छ। छिमेकी कालिका र नौकुण्ड गाउँपालिकाले पठाएको खाद्यान्नले अब तीन दिनलाई मात्र धान्ने स्थिति छ।\nराहत शिविरमा रहेका गर्भवती, सुत्केरी, बालबालिका, ज्येष्ठ नागरिक र नियमित औषधि सेवन गर्ने बिरामीको उपचार हुन सकेको छैन।", "evidence_quote_en": "Currently about 350 affected people from the Uttargaya area have been placed on black mattresses on the floor of Neelkantha Secondary School (Bogatitar). [Food-supply sentence omitted from translation.] Pregnant women, postpartum women, children, elderly and patients on regular medication in the relief camp have not been able to receive treatment.", "temporal_contamination_flag": "", "site_name": "निलकण्ठ मावि (Neelkantha Secondary School), Bogatitar", "site_type": "school", "site_function": "displacement_shelter", "households": "", "people": "350.0", "figure_basis": "stated", "population_groups": "pregnant;children;elderly", "source_outlets": "Deshsanchar", "source_outlet_count": 1, "entity_key": "निलकण्ठ मावि (Neelkantha Secondary School), Bogatitar", "geo_resolution": "point", "geo_statement": "Matched \"उत्तरगया\" to a named OSM place in Rasuwa", "geo_match_name": "उत्तरगया", "geo_match_osm_id": "node/13242877440", "geo_anchor_id": null, "geo_anchor_name": null}, "geometry": {"type": "Point", "coordinates": [85.1951685, 28.0116144]}}, {"type": "Feature", "properties": {"record_id": "45470183d8008911", "table": "shelter_sites", "location_raw": "Hakubesi (local hospital)", "location_ne": "", "admin_level": "settlement", "district": "Rasuwa", "province": "Bagmati", "geo_basis": "text_adjacent", "as_of": "2026-08-28", "as_of_basis": "article_date", "first_reported": "2026-08-28", "last_reported": "2026-08-28", "confidence": "medium", "confidence_note": "Location inferred from the preceding sentences about the Hakubesi gumba incident, Rasuwa; the hospital itself is unnamed.", "density": "1", "effective_sources": "1", "independent_origins": "1", "origin": "media_own", "origin_note": "single outlet", "corroboration": "single_source", "evidence_quote": "अन्य घाइतेको स्थानीय अस्पतालमा उपचार भइरहेको उनले जानकारी दिए।", "evidence_quote_en": "He said the other injured are being treated at the local hospital.", "temporal_contamination_flag": "", "site_name": "", "site_type": "hospital", "site_function": "medical_treatment", "households": "", "people": "", "figure_basis": "absent", "population_groups": "", "source_outlets": "Nagarik News", "source_outlet_count": 1, "entity_key": "Hakubesi (local hospital)", "geo_resolution": "point", "geo_statement": "Matched \"Hakubesi\" to a named OSM place in Rasuwa", "geo_match_name": "हाकु बेसी", "geo_match_osm_id": "node/3415530606", "geo_anchor_id": null, "geo_anchor_name": null}, "geometry": {"type": "Point", "coordinates": [85.2790735, 28.1164817]}}, {"type": "Feature", "properties": {"record_id": "2bc39ecb0a97702a", "table": "shelter_sites", "location_raw": "Timure", "location_ne": "", "admin_level": "settlement", "district": "Rasuwa", "province": "Bagmati", "geo_basis": "text_explicit", "as_of": "2026-08-28", "as_of_basis": "article_date", "first_reported": "2026-08-28", "last_reported": "2026-08-28", "confidence": "medium", "confidence_note": "Households swept away is a displacement/damage fact rather than a headcount; no destination site named for these families.", "density": "1", "effective_sources": "1", "independent_origins": "1", "origin": "media_own", "origin_note": "single outlet", "corroboration": "single_source", "evidence_quote": "The homes and property of five Tibetan households in the town of Timure were swept away by floodwaters", "evidence_quote_en": "", "temporal_contamination_flag": "", "site_name": "", "site_type": "host_families", "site_function": "displacement_shelter", "households": "", "people": "", "figure_basis": "absent", "population_groups": "", "source_outlets": "Radio Free Asia", "source_outlet_count": 1, "entity_key": "Timure", "geo_resolution": "point", "geo_statement": "Matched \"Timure\" to a named OSM place in Rasuwa", "geo_match_name": "टिमुरे", "geo_match_osm_id": "node/2553894641", "geo_anchor_id": null, "geo_anchor_name": null}, "geometry": {"type": "Point", "coordinates": [85.3666715, 28.2528483]}}, {"type": "Feature", "properties": {"record_id": "6711f970e25117ff", "table": "shelter_sites", "location_raw": "धुन्चे (वार्ड नं. ६)", "location_ne": "", "admin_level": "settlement", "district": "Rasuwa", "province": "Bagmati", "geo_basis": "text_explicit", "as_of": "2026-08-28", "as_of_basis": "stated", "first_reported": "2026-08-28", "last_reported": "2026-08-28", "confidence": "high", "confidence_note": "Ward president directly quoted naming Dhunche and the count.", "density": "1", "effective_sources": "1", "independent_origins": "1", "origin": "media_own", "origin_note": "single outlet", "corroboration": "single_source", "evidence_quote": "बचे हुए लोगों को हमने होल्डिंग सेंटर में रखा है। वहां 38 लोग हैं।", "evidence_quote_en": "We have kept the survivors in the holding center. There are 38 people there.", "temporal_contamination_flag": "False", "site_name": "होल्डिंग सेंटर, धुन्चे", "site_type": "community_building", "site_function": "displacement_shelter", "households": "", "people": "38.0", "figure_basis": "stated", "population_groups": "", "source_outlets": "Ratopati", "source_outlet_count": 1, "entity_key": "होल्डिंग सेंटर, धुन्चे", "geo_resolution": "point", "geo_statement": "Matched \"धुन्चे\" to a named OSM place in Rasuwa", "geo_match_name": "धुन्चे", "geo_match_osm_id": "node/10315965426", "geo_anchor_id": null, "geo_anchor_name": null}, "geometry": {"type": "Point", "coordinates": [85.2960583, 28.1127948]}}, {"type": "Feature", "properties": {"record_id": "90373f62f06e179b", "table": "shelter_sites", "location_raw": "Dhunche (ward 6, Gosaikunda rural municipality)", "location_ne": "", "admin_level": "settlement", "district": "Rasuwa", "province": "Bagmati", "geo_basis": "text_adjacent", "as_of": "2026-08-28", "as_of_basis": "article_date", "first_reported": "2026-08-28", "last_reported": "2026-08-28", "confidence": "high", "confidence_note": "Ward chair quoted directly with location (Dhunche) and explicit headcount; 'holding center' recorded as camp since enum lacks that value.", "density": "1", "effective_sources": "1", "independent_origins": "1", "origin": "media_own", "origin_note": "single outlet", "corroboration": "single_source", "evidence_quote": "बचे हुए लोगों को हमने होल्डिंग सेंटर में रखा है। वहां 38 लोग हैं।", "evidence_quote_en": "We have kept the survivors in a holding center. There are 38 people there.", "temporal_contamination_flag": "", "site_name": "", "site_type": "camp", "site_function": "displacement_shelter", "households": "", "people": "38.0", "figure_basis": "stated", "population_groups": "", "source_outlets": "Ratopati", "source_outlet_count": 1, "entity_key": "Dhunche (ward 6, Gosaikunda rural municipality)", "geo_resolution": "point", "geo_statement": "Matched \"Dhunche\" to a named OSM place in Rasuwa", "geo_match_name": "धुन्चे", "geo_match_osm_id": "node/10315965426", "geo_anchor_id": null, "geo_anchor_name": null}, "geometry": {"type": "Point", "coordinates": [85.2960583, 28.1127948]}}, {"type": "Feature", "properties": {"record_id": "98d741d6c347c25f", "table": "shelter_sites", "location_raw": "Nilkantha Secondary School, Bogatitar", "location_ne": "", "admin_level": "settlement", "district": "Rasuwa", "province": "Bagmati", "geo_basis": "text_explicit", "as_of": "2026-08-28", "as_of_basis": "article_date", "first_reported": "2026-08-28", "last_reported": "2026-08-28", "confidence": "high", "confidence_note": "Specific school and settlement named.", "density": "1", "effective_sources": "1", "independent_origins": "1", "origin": "media_own", "origin_note": "single outlet", "corroboration": "single_source", "evidence_quote": "around 350 people affected by the disaster are being sheltered at Nilkantha Secondary School in Bogatitar", "evidence_quote_en": "", "temporal_contamination_flag": "False", "site_name": "Nilkantha Secondary School", "site_type": "school", "site_function": "displacement_shelter", "households": "", "people": "350.0", "figure_basis": "stated", "population_groups": "", "source_outlets": "The Climate Watch", "source_outlet_count": 1, "entity_key": "Nilkantha Secondary School", "geo_resolution": "district", "geo_statement": "Located to Rasuwa district only — the source names a place we could not resolve", "geo_match_name": null, "geo_match_osm_id": null, "geo_anchor_id": "79688334B50883418539268", "geo_anchor_name": "Rasuwa"}, "geometry": {"type": "Point", "coordinates": [85.43275923020244, 28.17010993431697]}}, {"type": "Feature", "properties": {"record_id": "ee8e65f6e45a99f9", "table": "shelter_sites", "location_raw": "Rasuwa", "location_ne": "", "admin_level": "district", "district": "Rasuwa", "province": "Bagmati", "geo_basis": "text_explicit", "as_of": "2026-08-28", "as_of_basis": "article_date", "first_reported": "2026-08-28", "last_reported": "2026-08-28", "confidence": "low", "confidence_note": "No number of households/people given.", "density": "1", "effective_sources": "1", "independent_origins": "1", "origin": "media_own", "origin_note": "single outlet", "corroboration": "single_source", "evidence_quote": "Some generous local residents have also provided shelter to affected families in their own homes", "evidence_quote_en": "", "temporal_contamination_flag": "False", "site_name": "", "site_type": "host_families", "site_function": "displacement_shelter", "households": "", "people": "", "figure_basis": "absent", "population_groups": "", "source_outlets": "The Climate Watch", "source_outlet_count": 1, "entity_key": "Rasuwa", "geo_resolution": "district", "geo_statement": "Located to Rasuwa district only", "geo_match_name": null, "geo_match_osm_id": null, "geo_anchor_id": "79688334B50883418539268", "geo_anchor_name": "Rasuwa"}, "geometry": {"type": "Point", "coordinates": [85.43275923020244, 28.17010993431697]}}, {"type": "Feature", "properties": {"record_id": "63e31a79e2ad113b", "table": "shelter_sites", "location_raw": "Rasuwa Hospital", "location_ne": "रसुवा अस्पताल", "admin_level": "settlement", "district": "Rasuwa", "province": "Bagmati", "geo_basis": "text_explicit", "as_of": "2026-08-28", "as_of_basis": "inferred_from_text", "first_reported": "2026-08-29", "last_reported": "2026-08-29", "confidence": "high", "confidence_note": "Hospital and district explicit.", "density": "1", "effective_sources": "1", "independent_origins": "1", "origin": "media_own", "origin_note": "single outlet", "corroboration": "single_source", "evidence_quote": "राष्ट्रिय विपद् जोखिम न्यूनीकरण तथा व्यवस्थापन प्राधिकरणले शुक्रबार बेलुका रसुवा अस्पतालमा ६ बजेसम्म उपचार भएका बाढी प्रभावित घाइते र बिरामीहरूको विवरण सार्वजनिक गरेको थियो ।", "evidence_quote_en": "NDRRMA published, on Friday evening, details of flood-affected injured and patients treated at Rasuwa Hospital up to 6 o'clock.", "temporal_contamination_flag": "", "site_name": "रसुवा अस्पताल", "site_type": "hospital", "site_function": "medical_treatment", "households": "", "people": "", "figure_basis": "absent", "population_groups": "injured", "source_outlets": "Onlinekhabar", "source_outlet_count": 1, "entity_key": "रसुवा अस्पताल", "geo_resolution": "district", "geo_statement": "Located to Rasuwa district only — the source names a place we could not resolve", "geo_match_name": null, "geo_match_osm_id": null, "geo_anchor_id": "79688334B50883418539268", "geo_anchor_name": "Rasuwa"}, "geometry": {"type": "Point", "coordinates": [85.43275923020244, 28.17010993431697]}}, {"type": "Feature", "properties": {"record_id": "9d973a4261dd087f", "table": "shelter_sites", "location_raw": "Timure (APF Nepal Border Out Post)", "location_ne": "", "admin_level": "settlement", "district": "Rasuwa", "province": "Bagmati", "geo_basis": "text_explicit", "as_of": "2026-08-28", "as_of_basis": "inferred_from_text", "first_reported": "2026-08-29", "last_reported": "2026-08-29", "confidence": "high", "confidence_note": "Border Out Post recorded as camp since enum lacks a security-post category; no personal name in the record (rescued person referred to only as 'the girl').", "density": "1", "effective_sources": "1", "independent_origins": "1", "origin": "media_own", "origin_note": "single outlet", "corroboration": "single_source", "evidence_quote": "उद्धार पश्चात उनलाई सशस्त्र प्रहरी बल नेपाल बोर्डर आउट पोष्ट टिमुरेमा ल्याई न्यानो बनाई राखिएको थियो ।", "evidence_quote_en": "After the rescue, she was brought to the Armed Police Force Nepal Border Out Post at Timure and kept warm there.", "temporal_contamination_flag": "", "site_name": "सशस्त्र प्रहरी बल नेपाल बोर्डर आउट पोष्ट टिमुरे", "site_type": "camp", "site_function": "displacement_shelter", "households": "", "people": "", "figure_basis": "absent", "population_groups": "children", "source_outlets": "Rajdhani Daily", "source_outlet_count": 1, "entity_key": "सशस्त्र प्रहरी बल नेपाल बोर्डर आउट पोष्ट टिमुरे", "geo_resolution": "point", "geo_statement": "Matched \"Timure\" to a named OSM place in Rasuwa", "geo_match_name": "टिमुरे", "geo_match_osm_id": "node/2553894641", "geo_anchor_id": null, "geo_anchor_name": null}, "geometry": {"type": "Point", "coordinates": [85.3666715, 28.2528483]}}, {"type": "Feature", "properties": {"record_id": "c7b20f15f6a03b96", "table": "shelter_sites", "location_raw": "Timure (APF Nepal Border Out Post / BOP)", "location_ne": "", "admin_level": "settlement", "district": "Rasuwa", "province": "Bagmati", "geo_basis": "text_explicit", "as_of": "2026-08-28", "as_of_basis": "inferred_from_text", "first_reported": "2026-08-29", "last_reported": "2026-08-29", "confidence": "high", "confidence_note": "Same rescue as reported separately in another article (a02866); recorded per-article as required. No personal name used.", "density": "1", "effective_sources": "1", "independent_origins": "1", "origin": "media_own", "origin_note": "single outlet", "corroboration": "single_source", "evidence_quote": "माटोको थुप्रोबाट निकालिएलगत्तै ती बालिकालाई प्राथमिक हेरचाहका लागि सशस्त्र प्रहरी बल नेपालको बोर्डर आउट पोस्ट (बीओपी) टिमुरे पुर्याइएको थियो।", "evidence_quote_en": "Immediately after being pulled from the pile of mud, the girl was brought to the Armed Police Force Nepal Border Out Post (BOP) Timure for initial care.", "temporal_contamination_flag": "", "site_name": "सशस्त्र प्रहरी बल नेपालको बोर्डर आउट पोस्ट (बीओपी) टिमुरे", "site_type": "camp", "site_function": "displacement_shelter", "households": "", "people": "", "figure_basis": "absent", "population_groups": "children", "source_outlets": "Deshsanchar", "source_outlet_count": 1, "entity_key": "सशस्त्र प्रहरी बल नेपालको बोर्डर आउट पोस्ट (बीओपी) टिमुरे", "geo_resolution": "point", "geo_statement": "Matched \"Timure\" to a named OSM place in Rasuwa", "geo_match_name": "टिमुरे", "geo_match_osm_id": "node/2553894641", "geo_anchor_id": null, "geo_anchor_name": null}, "geometry": {"type": "Point", "coordinates": [85.3666715, 28.2528483]}}, {"type": "Feature", "properties": {"record_id": "b1df350e6fe60b11", "table": "shelter_sites", "location_raw": "धुञ्चे अस्पताल", "location_ne": "धुञ्चे अस्पताल", "admin_level": "settlement", "district": "Rasuwa", "province": "Bagmati", "geo_basis": "text_explicit", "as_of": "2026-08-28", "as_of_basis": "article_date", "first_reported": "2026-08-28", "last_reported": "2026-08-28", "confidence": "medium", "confidence_note": "Named hospital and district explicit; account relayed by a local ward chair (name omitted from quote), not an official bulletin.", "density": "1", "effective_sources": "1", "independent_origins": "1", "origin": "media_own", "origin_note": "single outlet", "corroboration": "single_source", "evidence_quote": "त्यसपछि घाइतेलाई कालिकास्थान र जिवजिवे हुँदै १० घण्टापछि धुञ्चे अस्पताल पुर्याउनुपर्ने अवस्था आएको उनले बताएका छन् ।", "evidence_quote_en": "The injured then had to be taken via Kalikasthan and Jivjive to Dhunche Hospital after 10 hours, he said.", "temporal_contamination_flag": "False", "site_name": "Dhunche Hospital", "site_type": "hospital", "site_function": "medical_treatment", "households": "", "people": "", "figure_basis": "absent", "population_groups": "injured", "source_outlets": "Arghakhanchi", "source_outlet_count": 1, "entity_key": "Dhunche Hospital", "geo_resolution": "district", "geo_statement": "Located to Rasuwa district only — the source names a place we could not resolve", "geo_match_name": null, "geo_match_osm_id": null, "geo_anchor_id": "79688334B50883418539268", "geo_anchor_name": "Rasuwa"}, "geometry": {"type": "Point", "coordinates": [85.43275923020244, 28.17010993431697]}}, {"type": "Feature", "properties": {"record_id": "0172eeae6bdc4031", "table": "shelter_sites", "location_raw": "Rasuwa district schools", "location_ne": "", "admin_level": "district", "district": "Rasuwa", "province": "Bagmati", "geo_basis": "text_explicit", "as_of": "2026-08-29", "as_of_basis": "article_date", "first_reported": "2026-08-28", "last_reported": "2026-08-29", "confidence": "medium", "confidence_note": "Two schools named as shelters; no headcount given.", "density": "2", "effective_sources": "2", "independent_origins": "2", "origin": "unattributed", "origin_note": "2 outlets, no reporting body named; independence not established", "corroboration": "independent", "evidence_quote": "The US embassy in Nepal said it has already sent an initial shipment of relief supplies, including more than 2.5 tonnes of food and materials for two schools in Rasuwa now serving as shelters.", "evidence_quote_en": "", "temporal_contamination_flag": "", "site_name": "", "site_type": "school", "site_function": "displacement_shelter", "households": "", "people": "", "figure_basis": "absent", "population_groups": "", "source_outlets": "Hindustan Times; The Indian Express", "source_outlet_count": 2, "entity_key": "Rasuwa district schools", "geo_resolution": "district", "geo_statement": "Located to Rasuwa district only", "geo_match_name": null, "geo_match_osm_id": null, "geo_anchor_id": "79688334B50883418539268", "geo_anchor_name": "Rasuwa"}, "geometry": {"type": "Point", "coordinates": [85.43275923020244, 28.17010993431697]}}, {"type": "Feature", "properties": {"record_id": "ae7cd5c752a8b725", "table": "shelter_sites", "location_raw": "Dhunche", "location_ne": "", "admin_level": "settlement", "district": "Rasuwa", "province": "Bagmati", "geo_basis": "text_explicit", "as_of": "2026-08-29", "as_of_basis": "article_date", "first_reported": "2026-08-28", "last_reported": "2026-08-29", "confidence": "high", "confidence_note": "Army spokesperson names both sites directly; recorded as camp (medical camp) since enum has no medical-camp value.", "density": "2", "effective_sources": "2", "independent_origins": "2", "origin": "unattributed", "origin_note": "2 outlets, no reporting body named; independence not established", "corroboration": "independent", "evidence_quote": "त्यसै गरी नेपाली सेनाले धुन्चे र त्रिशूली दुई ठाउँमा विशेषज्ञहरूसहितको चिकित्सा शिविर स्थापना गरेको छ।", "evidence_quote_en": "Similarly, the Nepal Army has set up medical camps with specialists in two places: Dhunche and Trishuli.", "temporal_contamination_flag": "", "site_name": "", "site_type": "camp", "site_function": "displacement_shelter", "households": "", "people": "", "figure_basis": "absent", "population_groups": "", "source_outlets": "Ratopati; BBC Nepali", "source_outlet_count": 2, "entity_key": "Dhunche", "geo_resolution": "point", "geo_statement": "Matched \"Dhunche\" to a named OSM place in Rasuwa", "geo_match_name": "धुन्चे", "geo_match_osm_id": "node/10315965426", "geo_anchor_id": null, "geo_anchor_name": null}, "geometry": {"type": "Point", "coordinates": [85.2960583, 28.1127948]}}, {"type": "Feature", "properties": {"record_id": "32d96b5bb197c9da", "table": "shelter_sites", "location_raw": "Shanti Bazar school", "location_ne": "", "admin_level": "settlement", "district": "Rasuwa", "province": "Bagmati", "geo_basis": "text_adjacent", "as_of": "2026-08-29", "as_of_basis": "article_date", "first_reported": "2026-08-29", "last_reported": "2026-08-29", "confidence": "medium", "confidence_note": "District inferred from adjacent mention of Rasuwa's Uttargaya Rural Municipality; not explicit for Shanti Bazar itself.", "density": "1", "effective_sources": "1", "independent_origins": "1", "origin": "media_own", "origin_note": "single outlet", "corroboration": "single_source", "evidence_quote": "We have been feeding about 450 students and residents with food bought under the school’s midday meal programme,", "evidence_quote_en": "", "temporal_contamination_flag": "", "site_name": "", "site_type": "school", "site_function": "displacement_shelter", "households": "", "people": "450.0", "figure_basis": "stated", "population_groups": "", "source_outlets": "The Kathmandu Post", "source_outlet_count": 1, "entity_key": "Shanti Bazar school", "geo_resolution": "district", "geo_statement": "Located to Rasuwa district only — the source names a place we could not resolve", "geo_match_name": null, "geo_match_osm_id": null, "geo_anchor_id": "79688334B50883418539268", "geo_anchor_name": "Rasuwa"}, "geometry": {"type": "Point", "coordinates": [85.43275923020244, 28.17010993431697]}}, {"type": "Feature", "properties": {"record_id": "960e6e80e0454bbe", "table": "shelter_sites", "location_raw": "Dhunche, Rasuwa (upper hospital area)", "location_ne": "", "admin_level": "settlement", "district": "Rasuwa", "province": "Bagmati", "geo_basis": "text_explicit", "as_of": "2026-08-30", "as_of_basis": "stated", "first_reported": "2026-08-30", "last_reported": "2026-08-30", "confidence": "medium", "confidence_note": "No headcount given for those sheltering.", "density": "2", "effective_sources": "1", "independent_origins": "1", "origin": "media_own", "origin_note": "single outlet", "corroboration": "syndicated", "evidence_quote": "The flood hit at approximately 3:30 am with a deafening roar, causing residents of Dhunche, who live above the riverbank, to seek shelter in the upper hospital area and the local playground.", "evidence_quote_en": "", "temporal_contamination_flag": "False", "site_name": "", "site_type": "hospital", "site_function": "medical_treatment", "households": "", "people": "", "figure_basis": "absent", "population_groups": "", "source_outlets": "Nepal News; NepalNews", "source_outlet_count": 2, "entity_key": "Dhunche, Rasuwa (upper hospital area)", "geo_resolution": "point", "geo_statement": "Matched \"Dhunche\" to a named OSM place in Rasuwa", "geo_match_name": "धुन्चे", "geo_match_osm_id": "node/10315965426", "geo_anchor_id": null, "geo_anchor_name": null}, "geometry": {"type": "Point", "coordinates": [85.2960583, 28.1127948]}}, {"type": "Feature", "properties": {"record_id": "dcde9939dd30652b", "table": "shelter_sites", "location_raw": "Dhunche, Rasuwa (local playground)", "location_ne": "", "admin_level": "settlement", "district": "Rasuwa", "province": "Bagmati", "geo_basis": "text_explicit", "as_of": "2026-08-30", "as_of_basis": "stated", "first_reported": "2026-08-30", "last_reported": "2026-08-30", "confidence": "medium", "confidence_note": "No headcount given for those sheltering.", "density": "2", "effective_sources": "1", "independent_origins": "1", "origin": "media_own", "origin_note": "single outlet", "corroboration": "syndicated", "evidence_quote": "The flood hit at approximately 3:30 am with a deafening roar, causing residents of Dhunche, who live above the riverbank, to seek shelter in the upper hospital area and the local playground.", "evidence_quote_en": "", "temporal_contamination_flag": "False", "site_name": "", "site_type": "open_ground", "site_function": "displacement_shelter", "households": "", "people": "", "figure_basis": "absent", "population_groups": "", "source_outlets": "Nepal News; NepalNews", "source_outlet_count": 2, "entity_key": "Dhunche, Rasuwa (local playground)", "geo_resolution": "point", "geo_statement": "Matched \"Dhunche\" to a named OSM place in Rasuwa", "geo_match_name": "धुन्चे", "geo_match_osm_id": "node/10315965426", "geo_anchor_id": null, "geo_anchor_name": null}, "geometry": {"type": "Point", "coordinates": [85.2960583, 28.1127948]}}, {"type": "Feature", "properties": {"record_id": "b85bbcbb08141e24", "table": "shelter_sites", "location_raw": "Rasuwa district", "location_ne": "", "admin_level": "district", "district": "Rasuwa", "province": "Bagmati", "geo_basis": "text_explicit", "as_of": "2026-08-30", "as_of_basis": "article_date", "first_reported": "2026-08-30", "last_reported": "2026-08-30", "confidence": "medium", "confidence_note": "3 relief camps in Rasuwa, per government update; no headcount given, only a site count.", "density": "2", "effective_sources": "2", "independent_origins": "2", "origin": "unattributed", "origin_note": "2 outlets, no reporting body named; independence not established", "corroboration": "independent", "evidence_quote": "According to a government update reported by local media, three relief camps have been established in Rasuwa and 15 in Nuwakot, while temporary accommodation has been arranged in schools and public and community buildings for about 3,500 displaced people.", "evidence_quote_en": "", "temporal_contamination_flag": "", "site_name": "", "site_type": "camp", "site_function": "displacement_shelter", "households": "", "people": "", "figure_basis": "absent", "population_groups": "", "source_outlets": "India Today; Telegraph India", "source_outlet_count": 2, "entity_key": "Rasuwa district", "geo_resolution": "district", "geo_statement": "Located to Rasuwa district only", "geo_match_name": null, "geo_match_osm_id": null, "geo_anchor_id": "79688334B50883418539268", "geo_anchor_name": "Rasuwa"}, "geometry": {"type": "Point", "coordinates": [85.43275923020244, 28.17010993431697]}}, {"type": "Feature", "properties": {"record_id": "9fc5e349c76a2605", "table": "shelter_sites", "location_raw": "Rasuwa district (unnamed rural municipality)", "location_ne": "", "admin_level": "rural_municipality", "district": "Rasuwa", "province": "Bagmati", "geo_basis": "text_adjacent", "as_of": "2026-08-30", "as_of_basis": "article_date", "first_reported": "2026-08-30", "last_reported": "2026-08-30", "confidence": "medium", "confidence_note": "Rural municipality not named; district inferred from the preceding paragraph on Rasuwa relief work. site_type generic ('four shelters') not specified in source.", "density": "1", "effective_sources": "1", "independent_origins": "1", "origin": "media_own", "origin_note": "single outlet", "corroboration": "single_source", "evidence_quote": "The Kathmandu Post reported that one rural municipality was providing food and accommodation to around 750 people in four shelters.", "evidence_quote_en": "", "temporal_contamination_flag": "", "site_name": "", "site_type": "camp", "site_function": "displacement_shelter", "households": "", "people": "750.0", "figure_basis": "stated", "population_groups": "", "source_outlets": "India Today", "source_outlet_count": 1, "entity_key": "Rasuwa district (unnamed rural municipality)", "geo_resolution": "district", "geo_statement": "Located to Rasuwa district only — the source names a place we could not resolve", "geo_match_name": null, "geo_match_osm_id": null, "geo_anchor_id": "79688334B50883418539268", "geo_anchor_name": "Rasuwa"}, "geometry": {"type": "Point", "coordinates": [85.43275923020244, 28.17010993431697]}}, {"type": "Feature", "properties": {"record_id": "7f88ea974a2021ca", "table": "shelter_sites", "location_raw": "Rasuwa (10 sites, district aggregate)", "location_ne": "", "admin_level": "district", "district": "Rasuwa", "province": "Bagmati", "geo_basis": "text_explicit", "as_of": "2026-08-30", "as_of_basis": "stated", "first_reported": "2026-08-30", "last_reported": "2026-08-30", "confidence": "high", "confidence_note": "District-level aggregate stated by PM's Office.", "density": "1", "effective_sources": "1", "independent_origins": "1", "origin": "media_own", "origin_note": "single outlet", "corroboration": "single_source", "evidence_quote": "उता, रसुवाका बाढी प्रभावितका लागि १० वटा अस्थायी आश्रयस्थल सञ्चालनमा ल्याइएको र त्यसमा एक हजार १८० जनाले आश्रय लिएको प्रधानमन्त्री कार्यालयले जनाएको छ ।", "evidence_quote_en": "Meanwhile, 10 temporary shelters were set up for Rasuwa's flood-affected, sheltering 1,180 people, the PM's Office said.", "temporal_contamination_flag": "", "site_name": "10 temporary shelters (district aggregate)", "site_type": "unspecified", "site_function": "displacement_shelter", "households": "", "people": "1180.0", "figure_basis": "stated", "population_groups": "", "source_outlets": "Onlinekhabar", "source_outlet_count": 1, "entity_key": "10 temporary shelters (district aggregate)", "geo_resolution": "district", "geo_statement": "Located to Rasuwa district only", "geo_match_name": null, "geo_match_osm_id": null, "geo_anchor_id": "79688334B50883418539268", "geo_anchor_name": "Rasuwa"}, "geometry": {"type": "Point", "coordinates": [85.43275923020244, 28.17010993431697]}}, {"type": "Feature", "properties": {"record_id": "83b31f80dff497ef", "table": "shelter_sites", "location_raw": "Shivalaya, Shantibazar, Bhimsensthan, Kalika (Uttargaya)", "location_ne": "", "admin_level": "rural_municipality", "district": "Rasuwa", "province": "Bagmati", "geo_basis": "text_explicit", "as_of": "2026-08-30", "as_of_basis": "article_date", "first_reported": "2026-08-30", "last_reported": "2026-08-30", "confidence": "high", "confidence_note": "Four named holding centers; no headcount given.", "density": "1", "effective_sources": "1", "independent_origins": "1", "origin": "media_own", "origin_note": "single outlet", "corroboration": "single_source", "evidence_quote": "शिवालय, शान्तिबजार, भीमसेनस्थान र कालिका गरी चार स्थानमा उद्धार गरेर ल्याइएकालाई राख्न होल्डिङ सेन्टर सञ्चालनमा ल्याइएको छ । दुई छाक खाना र खाजाको व्यवस्था गरिएको छ ।", "evidence_quote_en": "Holding centers are operating at four sites — Shivalaya, Shantibazar, Bhimsensthan and Kalika — to house rescued people; two meals and snacks are arranged.", "temporal_contamination_flag": "", "site_name": "Holding centers at 4 sites (Shivalaya, Shantibazar, Bhimsensthan, Kalika)", "site_type": "camp", "site_function": "displacement_shelter", "households": "", "people": "", "figure_basis": "absent", "population_groups": "", "source_outlets": "Onlinekhabar", "source_outlet_count": 1, "entity_key": "Holding centers at 4 sites (Shivalaya, Shantibazar, Bhimsensthan, Kalika)", "geo_resolution": "point", "geo_statement": "Matched \"Shantibazar\" to a named OSM place in Rasuwa", "geo_match_name": "शान्ति बजार", "geo_match_osm_id": "node/3415524999", "geo_anchor_id": null, "geo_anchor_name": null}, "geometry": {"type": "Point", "coordinates": [85.1814106, 28.0172554]}}, {"type": "Feature", "properties": {"record_id": "fd542ea569cfadb5", "table": "shelter_sites", "location_raw": "Dhunche (Rasuwa district HQ)", "location_ne": "", "admin_level": "settlement", "district": "Rasuwa", "province": "Bagmati", "geo_basis": "text_explicit", "as_of": "2026-08-30", "as_of_basis": "article_date", "first_reported": "2026-08-30", "last_reported": "2026-08-30", "confidence": "high", "confidence_note": "Named site and district explicit.", "density": "1", "effective_sources": "1", "independent_origins": "1", "origin": "media_own", "origin_note": "single outlet", "corroboration": "single_source", "evidence_quote": "उद्धार गरेर सदरमुकाम धुन्चेस्थित होल्डिङ सेन्टरमा केही मानिसहरूलाई ल्याएर राखिएको र अधिकांशलाई काठमाण्डूको स्वयम्भूमा राखिएको कैसाङले जानकारी दिए।", "evidence_quote_en": "Rescued people were brought to a holding center at the district HQ, Dhunche, and most were kept at Swayambhu in Kathmandu, Kaisang said.", "temporal_contamination_flag": "", "site_name": "Holding center, Dhunche", "site_type": "camp", "site_function": "displacement_shelter", "households": "", "people": "", "figure_basis": "absent", "population_groups": "", "source_outlets": "BBC Nepali", "source_outlet_count": 1, "entity_key": "Holding center, Dhunche", "geo_resolution": "point", "geo_statement": "Matched \"Dhunche\" to a named OSM place in Rasuwa", "geo_match_name": "धुन्चे", "geo_match_osm_id": "node/10315965426", "geo_anchor_id": null, "geo_anchor_name": null}, "geometry": {"type": "Point", "coordinates": [85.2960583, 28.1127948]}}]}