dt,date_time,start_lon,start_lat,end_lon,end_lat,percent_change,n_crisis,n_baseline,length_km
2026-08-26_0800,2026-08-26 08:00:00,85.572509765625,27.71270982724965,85.572509765625,27.71270982724965,6.45,32.0,30.0,1.0131527334793077e-13
2026-08-26_0800,2026-08-26 08:00:00,85.374755859375,27.732160275740252,85.374755859375,27.751607253506148,-26.03,35.0,47.666666666666664,2.1624086602752115
2026-08-26_0800,2026-08-26 08:00:00,85.374755859375,27.732160275740252,85.352783203125,27.71270982724965,-5.88,95.0,101.0,3.058653456753713
2026-08-26_0800,2026-08-26 08:00:00,85.374755859375,27.732160275740252,85.396728515625,27.751607253506148,8.58,77.0,70.83333333333333,3.0581076727125147
2026-08-26_0800,2026-08-26 08:00:00,85.374755859375,27.732160275740252,85.352783203125,27.69325590965681,-33.82,14.0,21.666666666666668,4.836587005803816
2026-08-26_0800,2026-08-26 08:00:00,85.374755859375,27.732160275740252,85.308837890625,27.732160275740252,20.0,25.0,20.666666666666668,6.4878049783218845
2026-08-26_0800,2026-08-26 08:00:00,85.374755859375,27.732160275740252,85.374755859375,27.71270982724965,-1.83,196.0,199.66666666666663,2.16279458785999
2026-08-26_0800,2026-08-26 08:00:00,85.374755859375,27.732160275740252,85.396728515625,27.732160275740252,-1.56,136.0,138.16666666666666,2.1626016823979852
2026-08-26_0800,2026-08-26 08:00:00,85.374755859375,27.732160275740252,85.330810546875,27.732160275740252,16.78,28.0,23.833333333333332,4.325203347577014
2026-08-26_0800,2026-08-26 08:00:00,85.374755859375,27.732160275740252,85.374755859375,27.732160275740252,6.13,8618.0,8120.166666666667,1.67670491015947e-13
2026-08-26_0800,2026-08-26 08:00:00,85.374755859375,27.732160275740252,85.352783203125,27.751607253506148,-15.68,25.0,29.833333333333332,3.058107672711629
2026-08-26_0800,2026-08-26 08:00:00,85.374755859375,27.732160275740252,85.330810546875,27.673798524586132,0.0,12.0,12.0,7.799457392222397
2026-08-26_0800,2026-08-26 08:00:00,85.374755859375,27.732160275740252,85.308837890625,27.71270982724965,2.37,35.0,34.166666666666664,6.839357015772618
2026-08-26_0800,2026-08-26 08:00:00,85.374755859375,27.732160275740252,85.330810546875,27.69325590965681,28.57,23.0,17.666666666666668,6.117852418086977
2026-08-26_0800,2026-08-26 08:00:00,85.374755859375,27.732160275740252,85.35278320312501,27.65433767366391,-8.33,10.0,11.0,8.919815497579801
2026-08-26_0800,2026-08-26 08:00:00,85.374755859375,27.732160275740252,85.352783203125,27.732160275740252,-2.41,208.0,213.16666666666663,2.162601682396733
2026-08-26_0800,2026-08-26 08:00:00,85.374755859375,27.732160275740252,85.33081054687501,27.751607253506148,-9.3,12.0,13.333333333333334,4.835292789530111
2026-08-26_0800,2026-08-26 08:00:00,85.374755859375,27.732160275740252,85.396728515625,27.71270982724965,9.63,54.0,49.166666666666664,3.0586534567545987
2026-08-26_0800,2026-08-26 08:00:00,85.22094726562501,27.751607253506148,85.22094726562501,27.751607253506148,28.23,52.0,40.333333333333336,3.608553671315128e-14
2026-08-26_0800,2026-08-26 08:00:00,85.770263671875,27.790490790383224,85.770263671875,27.790490790383224,69.01,19.0,10.833333333333334,2.1366837619491137e-14
2026-08-26_0800,2026-08-26 08:00:00,85.550537109375,27.926473604009228,85.550537109375,27.926473604009228,20.0,35.0,29.0,2.0222549497249037e-15
2026-08-26_0800,2026-08-26 08:00:00,85.770263671875,27.732160275740252,85.770263671875,27.732160275740252,35.37,57.0,41.84473164508637,1.67670491015947e-13
2026-08-26_0800,2026-08-26 08:00:00,85.616455078125,27.771050758926727,85.616455078125,27.771050758926727,22.63,27.0,21.833333333333332,1.2207854514058405e-13
2026-08-26_0800,2026-08-26 08:00:00,85.682373046875,27.771050758926727,85.682373046875,27.771050758926727,9.09,11.0,10.0,1.2207854514058405e-13
2026-08-26_0800,2026-08-26 08:00:00,85.572509765625,27.80992734625884,85.572509765625,27.80992734625884,9.09,15.0,13.666666666666666,1.0595237556502103e-13
2026-08-26_0800,2026-08-26 08:00:00,85.26489257812499,27.751607253506148,85.26489257812499,27.751607253506148,17.72,61.0,51.666666666666664,3.608553671315128e-14
2026-08-26_0800,2026-08-26 08:00:00,85.462646484375,27.71270982724965,85.462646484375,27.71270982724965,7.35,128.0,119.16666666666669,1.0131527334793077e-13
2026-08-26_0800,2026-08-26 08:00:00,85.374755859375,27.732160275740252,85.35278320312499,27.673798524586132,10.92,21.0,18.833333333333332,6.840576658797489
2026-08-26_0800,2026-08-26 08:00:00,85.74829101562499,27.771050758926727,85.74829101562499,27.771050758926727,0.0,10.0,10.0,1.2207854514058405e-13
2026-08-26_0800,2026-08-26 08:00:00,85.374755859375,27.732160275740252,85.418701171875,27.732160275740252,12.5,20.0,17.666666666666668,4.325203347578266
2026-08-26_0800,2026-08-26 08:00:00,85.374755859375,27.732160275740252,85.33081054687499,27.71270982724965,15.56,25.0,21.5,4.836155749909007
2026-08-26_0800,2026-08-26 08:00:00,85.35278320312499,27.673798524586132,85.286865234375,27.71270982724965,15.38,19.0,16.333333333333332,7.8001526909402
2026-08-26_0800,2026-08-26 08:00:00,85.35278320312499,27.673798524586132,85.352783203125,27.732160275740252,-5.75,40.0,42.5,6.489540824477468
2026-08-26_0800,2026-08-26 08:00:00,85.35278320312499,27.673798524586132,85.308837890625,27.751607253506148,0.0,22.0,22.0,9.673173569497914
2026-08-26_0800,2026-08-26 08:00:00,85.35278320312499,27.673798524586132,85.352783203125,27.751607253506148,0.8,20.0,19.833333333333332,8.65194948475281
2026-08-26_0800,2026-08-26 08:00:00,85.35278320312499,27.673798524586132,85.33081054687499,27.71270982724965,35.11,58.0,42.666666666666664,4.837449360776031
2026-08-26_0800,2026-08-26 08:00:00,85.35278320312499,27.673798524586132,85.33081054687501,27.751607253506148,18.87,20.0,16.666666666666668,8.918225394024969
2026-08-26_0800,2026-08-26 08:00:00,85.133056640625,27.926473604009228,85.133056640625,27.926473604009228,-78.38,43.0,202.5,2.0222549497249037e-15
2026-08-26_0800,2026-08-26 08:00:00,85.308837890625,27.673798524586132,85.308837890625,27.771050758926727,-18.75,12.0,15.0,10.813972037238702
2026-08-26_0800,2026-08-26 08:00:00,85.308837890625,27.673798524586132,85.330810546875,27.732160275740252,2.47,75.0,73.16666666666667,6.8405766587968495
2026-08-26_0800,2026-08-26 08:00:00,85.308837890625,27.673798524586132,85.352783203125,27.71270982724965,12.94,75.0,66.29526447918332,6.118943220473385
2026-08-26_0800,2026-08-26 08:00:00,85.308837890625,27.673798524586132,85.33081054687499,27.71270982724965,-6.7,108.0,115.83333333333331,4.837449360774911
2026-08-26_0800,2026-08-26 08:00:00,85.308837890625,27.673798524586132,85.308837890625,27.71270982724965,5.74,177.0,167.33333333333334,4.326746236617503
2026-08-26_0800,2026-08-26 08:00:00,85.374755859375,27.732160275740252,85.418701171875,27.751607253506148,-2.99,26.0,26.833333333333332,4.8352927895323505
2026-08-26_0800,2026-08-26 08:00:00,85.308837890625,27.673798524586132,85.286865234375,27.751607253506148,27.43,23.0,17.833333333333332,8.918225394025878
2026-08-26_0800,2026-08-26 08:00:00,85.308837890625,27.673798524586132,85.374755859375,27.71270982724965,12.38,58.0,51.5,7.800152690941243
2026-08-26_0800,2026-08-26 08:00:00,85.308837890625,27.673798524586132,85.26489257812501,27.71270982724965,6.42,57.0,53.5,6.118943220471615
2026-08-26_0800,2026-08-26 08:00:00,85.308837890625,27.673798524586132,85.28686523437501,27.732160275740252,6.36,77.0,72.33333333333333,6.840576658796454
2026-08-26_0800,2026-08-26 08:00:00,85.308837890625,27.673798524586132,85.352783203125,27.732160275740252,23.4,108.0,87.33333333333333,7.799457392222855
2026-08-26_0800,2026-08-26 08:00:00,85.308837890625,27.673798524586132,85.308837890625,27.751607253506148,12.43,94.0,83.5,8.65194948475281
2026-08-26_0800,2026-08-26 08:00:00,85.308837890625,27.673798524586132,85.352783203125,27.771050758926727,20.0,33.0,27.333333333333332,11.64700428941778
2026-08-26_0800,2026-08-26 08:00:00,85.308837890625,27.673798524586132,85.33081054687501,27.751607253506148,-16.08,59.0,70.5,8.918225394026182
2026-08-26_0800,2026-08-26 08:00:00,85.308837890625,27.673798524586132,85.286865234375,27.71270982724965,-0.39,85.0,85.33333333333333,4.837449360776031
2026-08-26_0800,2026-08-26 08:00:00,85.308837890625,27.673798524586132,85.374755859375,27.732160275740252,-4.81,32.0,33.666666666666664,9.1775966042868
2026-08-26_0800,2026-08-26 08:00:00,85.308837890625,27.673798524586132,85.396728515625,27.71270982724965,29.41,32.0,24.5,9.67489861314571
2026-08-26_0800,2026-08-26 08:00:00,85.308837890625,27.673798524586132,85.396728515625,27.732160275740252,-17.13,11.0,13.480738631443437,10.81590124469542
2026-08-26_0800,2026-08-26 08:00:00,85.308837890625,27.673798524586132,85.308837890625,27.732160275740252,5.34,101.0,95.83333333333331,6.489540824477468
2026-08-26_0800,2026-08-26 08:00:00,85.308837890625,27.673798524586132,85.352783203125,27.751607253506148,-9.15,42.0,46.333333333333336,9.673173569499031
2026-08-26_0800,2026-08-26 08:00:00,85.35278320312499,27.673798524586132,85.352783203125,27.71270982724965,-1.4,46.0,46.666666666666664,4.326746236617503
2026-08-26_0800,2026-08-26 08:00:00,85.286865234375,27.790490790383224,85.286865234375,27.790490790383224,6.62,168.0,157.5,2.1366837619491137e-14
2026-08-26_0800,2026-08-26 08:00:00,85.418701171875,27.751607253506148,85.396728515625,27.751607253506148,-34.0,10.0,15.666666666666666,2.1622156646545267
2026-08-26_0800,2026-08-26 08:00:00,85.352783203125,27.751607253506148,85.37475585937501,27.69325590965681,5.88,14.0,13.166666666666666,6.839356819337568
2026-08-26_0800,2026-08-26 08:00:00,85.352783203125,27.751607253506148,85.308837890625,27.69325590965681,18.81,19.0,15.833333333333334,7.798066561201203
2026-08-26_0800,2026-08-26 08:00:00,85.352783203125,27.751607253506148,85.308837890625,27.732160275740252,-5.38,43.0,45.5,4.835292789532241
2026-08-26_0800,2026-08-26 08:00:00,85.352783203125,27.751607253506148,85.374755859375,27.751607253506148,-0.44,74.0,74.33333333333333,2.162215664653275
2026-08-26_0800,2026-08-26 08:00:00,85.352783203125,27.751607253506148,85.35278320312499,27.673798524586132,36.84,25.0,18.0,8.651949484752839
2026-08-26_0800,2026-08-26 08:00:00,85.352783203125,27.751607253506148,85.308837890625,27.71270982724965,3.2,42.0,40.666666666666664,6.116761105117646
2026-08-26_0800,2026-08-26 08:00:00,85.352783203125,27.751607253506148,85.28686523437501,27.69325590965681,39.53,19.0,13.333333333333334,9.175960017778046
2026-08-26_0800,2026-08-26 08:00:00,85.352783203125,27.751607253506148,85.33081054687499,27.71270982724965,14.74,47.0,40.833333333333336,4.8357242471812
2026-08-26_0800,2026-08-26 08:00:00,85.352783203125,27.751607253506148,85.330810546875,27.69325590965681,70.69,32.0,18.333333333333332,6.839356819337173
2026-08-26_0800,2026-08-26 08:00:00,85.352783203125,27.751607253506148,85.374755859375,27.732160275740252,11.01,41.0,36.833333333333336,3.0581076727116523
2026-08-26_0800,2026-08-26 08:00:00,85.352783203125,27.751607253506148,85.352783203125,27.69325590965681,10.77,23.0,20.666666666666668,6.488383583170239
2026-08-26_0800,2026-08-26 08:00:00,85.352783203125,27.751607253506148,85.352783203125,27.771050758926727,19.52,149.0,124.5,2.162022552485689
2026-08-26_0800,2026-08-26 08:00:00,85.330810546875,27.771050758926727,85.330810546875,27.771050758926727,8.03,1931.0,1787.3333333333333,1.2207854514058405e-13
2026-08-26_0800,2026-08-26 08:00:00,85.352783203125,27.751607253506148,85.330810546875,27.732160275740252,21.5,64.0,52.5,3.058107672712538
2026-08-26_0800,2026-08-26 08:00:00,85.352783203125,27.751607253506148,85.28686523437501,27.732160275740252,50.0,21.0,13.666666666666666,6.838136605449385
2026-08-26_0800,2026-08-26 08:00:00,85.352783203125,27.751607253506148,85.330810546875,27.673798524586132,22.89,16.0,12.833333333333334,8.918225394025994
2026-08-26_0800,2026-08-26 08:00:00,85.352783203125,27.751607253506148,85.352783203125,27.751607253506148,8.31,6231.0,5752.666666666667,3.608553671315128e-14
2026-08-26_0800,2026-08-26 08:00:00,85.352783203125,27.751607253506148,85.352783203125,27.732160275740252,13.65,196.0,172.33333333333334,2.162408660275157
2026-08-26_0800,2026-08-26 08:00:00,85.352783203125,27.751607253506148,85.374755859375,27.71270982724965,20.97,24.0,19.666666666666668,4.83572424717952
2026-08-26_0800,2026-08-26 08:00:00,85.352783203125,27.751607253506148,85.330810546875,27.771050758926727,32.79,26.0,19.333333333333332,3.0575616338228566
2026-08-26_0800,2026-08-26 08:00:00,85.352783203125,27.751607253506148,85.37475585937499,27.771050758926727,31.91,30.0,22.5,3.057561633821086
2026-08-26_0800,2026-08-26 08:00:00,85.352783203125,27.751607253506148,85.35278320312501,27.65433767366391,18.18,12.0,10.0,10.815900772048977
2026-08-26_0800,2026-08-26 08:00:00,85.352783203125,27.751607253506148,85.352783203125,27.71270982724965,-13.4,27.0,31.333333333333332,4.325203248135176
2026-08-26_0800,2026-08-26 08:00:00,85.352783203125,27.751607253506148,85.33081054687501,27.751607253506148,0.9,92.0,91.16666666666669,2.162215664653275
2026-08-26_0800,2026-08-26 08:00:00,85.28686523437501,27.69325590965681,85.33081054687499,27.71270982724965,-14.83,44.0,51.833333333333336,4.83701830686361
2026-08-26_0800,2026-08-26 08:00:00,85.28686523437501,27.69325590965681,85.308837890625,27.732160275740252,5.41,77.0,73.0,4.83658700580386
2026-08-26_0800,2026-08-26 08:00:00,85.352783203125,27.751607253506148,85.308837890625,27.751607253506148,-11.58,27.0,30.666666666666668,4.32443131207219
2026-08-26_0800,2026-08-26 08:00:00,85.00122070312501,27.80992734625884,85.00122070312501,27.80992734625884,-0.5,65.0,65.33333333333333,1.0595237556502103e-13
2026-08-26_0800,2026-08-26 08:00:00,85.330810546875,27.771050758926727,85.33081054687501,27.751607253506148,7.69,55.0,51.0,2.1620225524858245
2026-08-26_0800,2026-08-26 08:00:00,85.330810546875,27.771050758926727,85.330810546875,27.790490790383224,13.33,16.0,14.0,2.1616362646985623
2026-08-26_0800,2026-08-26 08:00:00,85.418701171875,27.751607253506148,85.418701171875,27.751607253506148,7.27,1044.0,973.1666666666666,3.608553671315128e-14
2026-08-26_0800,2026-08-26 08:00:00,85.418701171875,27.751607253506148,85.374755859375,27.732160275740252,23.29,14.0,11.166666666666666,4.835292789532241
2026-08-26_0800,2026-08-26 08:00:00,85.81420898437501,27.751607253506148,85.81420898437501,27.751607253506148,27.36,44.0,34.333333333333336,3.608553671315128e-14
2026-08-26_0800,2026-08-26 08:00:00,85.61645507812499,27.887638781681872,85.61645507812499,27.887638781681872,-16.08,19.0,22.833333333333332,2.1864401118150494e-14
2026-08-26_0800,2026-08-26 08:00:00,85.506591796875,27.732160275740252,85.506591796875,27.732160275740252,2.67,31.0,30.166666666666668,1.67670491015947e-13
2026-08-26_0800,2026-08-26 08:00:00,85.572509765625,27.829360424938628,85.572509765625,27.829360424938628,14.08,257.0,225.16666666666663,5.538235803950223e-15
2026-08-26_0800,2026-08-26 08:00:00,85.594482421875,27.71270982724965,85.594482421875,27.71270982724965,-11.93,31.0,35.333333333333336,1.0131527334793077e-13
2026-08-26_0800,2026-08-26 08:00:00,85.352783203125,27.790490790383224,85.352783203125,27.771050758926727,8.62,20.0,18.333333333333332,2.1616362646986547
2026-08-26_0800,2026-08-26 08:00:00,85.352783203125,27.790490790383224,85.352783203125,27.790490790383224,6.67,444.0,416.1666666666667,2.1366837619491137e-14
2026-08-26_0800,2026-08-26 08:00:00,85.704345703125,27.751607253506148,85.704345703125,27.751607253506148,56.0,38.0,24.0,3.608553671315128e-14
2026-08-26_0800,2026-08-26 08:00:00,85.396728515625,27.732160275740252,85.374755859375,27.732160275740252,-21.48,52.0,66.5,2.1626016823979852
2026-08-26_0800,2026-08-26 08:00:00,85.396728515625,27.732160275740252,85.352783203125,27.71270982724965,-33.33,10.0,15.5,4.836155749906766
2026-08-26_0800,2026-08-26 08:00:00,85.330810546875,27.771050758926727,85.308837890625,27.732160275740252,14.5,24.0,20.833333333333332,4.834861085375861
2026-08-26_0800,2026-08-26 08:00:00,85.396728515625,27.732160275740252,85.396728515625,27.732160275740252,7.66,2577.0,2393.6666666666665,1.67670491015947e-13
2026-08-26_0800,2026-08-26 08:00:00,85.396728515625,27.732160275740252,85.374755859375,27.71270982724965,13.71,46.0,40.333333333333336,3.0586534567545987
2026-08-26_0800,2026-08-26 08:00:00,85.396728515625,27.732160275740252,85.37475585937501,27.69325590965681,30.77,16.0,12.0,4.836587005803255
2026-08-26_0800,2026-08-26 08:00:00,85.396728515625,27.732160275740252,85.418701171875,27.732160275740252,-16.57,46.0,55.333333333333336,2.1626016823979852
2026-08-26_0800,2026-08-26 08:00:00,85.396728515625,27.732160275740252,85.396728515625,27.751607253506148,18.6,50.0,42.0,2.1624086602752115
2026-08-26_0800,2026-08-26 08:00:00,85.396728515625,27.732160275740252,85.396728515625,27.71270982724965,-1.99,40.0,40.833333333333336,2.16279458785999
2026-08-26_0800,2026-08-26 08:00:00,85.396728515625,27.732160275740252,85.352783203125,27.732160275740252,56.52,23.0,14.333333333333334,4.325203347577014
2026-08-26_0800,2026-08-26 08:00:00,85.374755859375,27.790490790383224,85.374755859375,27.790490790383224,9.09,307.0,281.3333333333333,2.1366837619491137e-14
2026-08-26_0800,2026-08-26 08:00:00,85.155029296875,27.751607253506148,85.155029296875,27.751607253506148,14.05,22.0,19.166666666666668,3.608553671315128e-14
2026-08-26_0800,2026-08-26 08:00:00,85.264892578125,27.790490790383224,85.264892578125,27.790490790383224,-53.85,14.0,31.5,2.1366837619491137e-14
2026-08-26_0800,2026-08-26 08:00:00,85.330810546875,27.771050758926727,85.308837890625,27.771050758926727,-23.53,12.0,16.0,2.161829466812015
2026-08-26_0800,2026-08-26 08:00:00,85.330810546875,27.771050758926727,85.352783203125,27.751607253506148,0.0,12.0,12.0,3.057561633823132
2026-08-26_0800,2026-08-26 08:00:00,85.330810546875,27.771050758926727,85.308837890625,27.751607253506148,8.79,32.0,29.333333333333332,3.057561633823132
2026-08-26_0800,2026-08-26 08:00:00,85.396728515625,27.732160275740252,85.418701171875,27.751607253506148,18.52,15.0,12.5,3.0581076727125147
2026-08-26_0800,2026-08-26 08:00:00,85.35278320312499,27.673798524586132,85.308837890625,27.732160275740252,-11.11,23.0,26.0,7.799457392221467
2026-08-26_0800,2026-08-26 08:00:00,85.35278320312499,27.673798524586132,85.330810546875,27.732160275740252,30.43,34.0,25.833333333333332,6.840576658796057
2026-08-26_0800,2026-08-26 08:00:00,85.35278320312499,27.673798524586132,85.374755859375,27.732160275740252,-7.89,23.0,25.05610717773966,6.840576658797246
2026-08-26_0800,2026-08-26 08:00:00,85.308837890625,27.732160275740252,85.33081054687501,27.751607253506148,10.2,314.0,284.8333333333333,3.0581076727134
2026-08-26_0800,2026-08-26 08:00:00,85.308837890625,27.732160275740252,85.264892578125,27.69325590965681,-1.16,56.0,56.666666666666664,6.117852418087862
2026-08-26_0800,2026-08-26 08:00:00,85.308837890625,27.732160275740252,85.35278320312501,27.65433767366391,17.07,31.0,26.333333333333332,9.674898279013131
2026-08-26_0800,2026-08-26 08:00:00,85.308837890625,27.732160275740252,85.28686523437501,27.771050758926727,15.91,67.0,57.666666666666664,4.834861085374968
2026-08-26_0800,2026-08-26 08:00:00,85.308837890625,27.732160275740252,85.286865234375,27.673798524586132,-36.84,17.0,27.5,6.840576658797092
2026-08-26_0800,2026-08-26 08:00:00,85.308837890625,27.732160275740252,85.308837890625,27.751607253506148,8.62,948.0,872.6666666666666,2.1624086602752115
2026-08-26_0800,2026-08-26 08:00:00,85.308837890625,27.732160275740252,85.33081054687499,27.71270982724965,-2.24,79.0,80.83333333333333,3.0586534567528276
2026-08-26_0800,2026-08-26 08:00:00,85.308837890625,27.732160275740252,85.286865234375,27.751607253506148,11.37,296.0,265.6666666666667,3.0581076727125147
2026-08-26_0800,2026-08-26 08:00:00,85.308837890625,27.732160275740252,85.286865234375,27.71270982724965,15.45,126.0,109.0,3.0586534567545987
2026-08-26_0800,2026-08-26 08:00:00,85.308837890625,27.732160275740252,85.330810546875,27.790490790383224,45.45,23.0,15.5,6.836915429523932
2026-08-26_0800,2026-08-26 08:00:00,85.308837890625,27.732160275740252,85.352783203125,27.751607253506148,18.62,68.0,57.166666666666664,4.8352927895323505
2026-08-26_0800,2026-08-26 08:00:00,85.308837890625,27.732160275740252,85.264892578125,27.673798524586132,8.7,24.0,22.0,7.799457392223092
2026-08-26_0800,2026-08-26 08:00:00,85.308837890625,27.732160275740252,85.308837890625,27.71270982724965,11.59,442.0,396.0,2.16279458785999
2026-08-26_0800,2026-08-26 08:00:00,85.308837890625,27.732160275740252,85.220947265625,27.69325590965681,27.66,29.0,22.5,9.673173902946557
2026-08-26_0800,2026-08-26 08:00:00,85.308837890625,27.732160275740252,85.264892578125,27.732160275740252,16.13,17.0,14.5,4.325203347578266
2026-08-26_0800,2026-08-26 08:00:00,85.308837890625,27.732160275740252,85.30883789062499,27.65433767366391,-12.73,23.0,26.5,8.653492111773652
2026-08-26_0800,2026-08-26 08:00:00,85.308837890625,27.732160275740252,85.242919921875,27.69325590965681,-19.23,27.0,33.666666666666664,7.798762185211403
2026-08-26_0800,2026-08-26 08:00:00,85.308837890625,27.732160275740252,85.396728515625,27.732160275740252,21.62,14.0,11.333333333333334,8.650406557413628
2026-08-26_0800,2026-08-26 08:00:00,85.308837890625,27.732160275740252,85.286865234375,27.790490790383224,-9.59,10.0,11.166666666666666,6.836915429523932
2026-08-26_0800,2026-08-26 08:00:00,85.308837890625,27.732160275740252,85.352783203125,27.71270982724965,33.55,68.0,50.666666666666664,4.836155749907886
2026-08-26_0800,2026-08-26 08:00:00,85.308837890625,27.732160275740252,85.37475585937501,27.69325590965681,32.97,40.0,29.833333333333332,7.7987621852124445
2026-08-26_0800,2026-08-26 08:00:00,85.308837890625,27.732160275740252,85.26489257812501,27.71270982724965,12.35,46.0,40.833333333333336,4.836155749905646
2026-08-26_0800,2026-08-26 08:00:00,85.308837890625,27.732160275740252,85.35278320312499,27.673798524586132,20.0,49.0,40.666666666666664,7.799457392221702
2026-08-26_0800,2026-08-26 08:00:00,85.308837890625,27.732160275740252,85.352783203125,27.732160275740252,21.03,116.0,95.66666666666669,4.325203347578266
2026-08-26_0800,2026-08-26 08:00:00,85.308837890625,27.732160275740252,85.308837890625,27.69325590965681,7.23,83.0,77.33333333333333,4.325974922895328
2026-08-26_0800,2026-08-26 08:00:00,85.308837890625,27.732160275740252,85.374755859375,27.65433767366391,26.0,20.0,15.666666666666666,10.81686506699713
2026-08-26_0800,2026-08-26 08:00:00,85.308837890625,27.732160275740252,85.330810546875,27.771050758926727,2.08,89.0,87.16666666666667,4.834861085375527
2026-08-26_0800,2026-08-26 08:00:00,85.308837890625,27.732160275740252,85.24291992187501,27.673798524586132,-19.59,12.0,15.166666666666666,9.177596604286002
2026-08-26_0800,2026-08-26 08:00:00,85.308837890625,27.732160275740252,85.352783203125,27.771050758926727,39.93,65.0,46.166666666666664,6.115669282158945
2026-08-26_0800,2026-08-26 08:00:00,85.308837890625,27.732160275740252,85.37475585937499,27.673798524586132,4.35,23.0,22.0,9.177596604286002
2026-08-26_0800,2026-08-26 08:00:00,85.308837890625,27.771050758926727,85.330810546875,27.771050758926727,6.98,22.0,20.5,2.161829466812015
2026-08-26_0800,2026-08-26 08:00:00,85.308837890625,27.771050758926727,85.308837890625,27.71270982724965,-14.29,10.0,11.833333333333334,6.487225800620781
2026-08-26_0800,2026-08-26 08:00:00,85.308837890625,27.80992734625884,85.308837890625,27.80992734625884,7.42,40.0,37.166666666666664,1.0595237556502103e-13
2026-08-26_0800,2026-08-26 08:00:00,85.660400390625,27.887638781681872,85.660400390625,27.887638781681872,18.03,23.0,19.333333333333332,2.1864401118150494e-14
2026-08-26_0800,2026-08-26 08:00:00,85.308837890625,27.926473604009228,85.308837890625,27.926473604009228,-69.33,15.0,51.166666666666664,2.0222549497249037e-15
2026-08-26_0800,2026-08-26 08:00:00,85.66040039062499,27.98469968215696,85.66040039062499,27.98469968215696,129.41,25.0,10.333333333333334,1.7476328570633842e-13
2026-08-26_0800,2026-08-26 08:00:00,85.264892578125,27.69325590965681,85.286865234375,27.71270982724965,26.61,22.0,17.166666666666668,3.059198985655512
2026-08-26_0800,2026-08-26 08:00:00,85.264892578125,27.69325590965681,85.308837890625,27.71270982724965,34.21,33.0,24.333333333333332,4.83701830686697
2026-08-26_0800,2026-08-26 08:00:00,85.264892578125,27.69325590965681,85.26489257812501,27.71270982724965,-35.48,19.0,30.0,2.163180335035057
2026-08-26_0800,2026-08-26 08:00:00,85.264892578125,27.69325590965681,85.308837890625,27.751607253506148,36.36,14.0,10.0,7.798066561201221
2026-08-26_0800,2026-08-26 08:00:00,85.770263671875,27.71270982724965,85.770263671875,27.71270982724965,25.75,34.0,26.833333333333332,1.0131527334793077e-13
2026-08-26_0800,2026-08-26 08:00:00,85.308837890625,27.732160275740252,85.330810546875,27.732160275740252,7.0,190.0,177.5,2.1626016823979852
2026-08-26_0800,2026-08-26 08:00:00,85.308837890625,27.732160275740252,85.30883789062501,27.790490790383224,65.35,34.0,20.166666666666668,6.486067477459668
2026-08-26_0800,2026-08-26 08:00:00,85.308837890625,27.732160275740252,85.308837890625,27.732160275740252,9.86,14144.0,12874.666666666666,1.67670491015947e-13
2026-08-26_0800,2026-08-26 08:00:00,85.308837890625,27.732160275740252,85.37475585937499,27.771050758926727,67.65,18.0,10.333333333333334,7.795979221894576
2026-08-26_0800,2026-08-26 08:00:00,85.308837890625,27.732160275740252,85.28686523437501,27.732160275740252,18.99,353.0,296.5,2.162601682396733
2026-08-26_0800,2026-08-26 08:00:00,85.308837890625,27.732160275740252,85.396728515625,27.69325590965681,6.85,12.0,11.166666666666666,9.673173902945434
2026-08-26_0800,2026-08-26 08:00:00,85.308837890625,27.732160275740252,85.396728515625,27.71270982724965,8.62,20.0,18.333333333333332,8.917430463966909
2026-08-26_0800,2026-08-26 08:00:00,85.308837890625,27.732160275740252,85.396728515625,27.673798524586132,-17.36,14.0,17.150543248477053,10.815901244695317
2026-08-26_0800,2026-08-26 08:00:00,85.308837890625,27.732160275740252,85.330810546875,27.69325590965681,23.65,60.0,48.333333333333336,4.836587005804376
2026-08-26_0800,2026-08-26 08:00:00,85.308837890625,27.732160275740252,85.330810546875,27.6348733585183,45.71,16.0,10.666666666666666,11.032063820561248
2026-08-26_0800,2026-08-26 08:00:00,85.308837890625,27.732160275740252,85.28686523437501,27.69325590965681,-4.26,89.0,93.0,4.836587005803816
2026-08-26_0800,2026-08-26 08:00:00,85.308837890625,27.732160275740252,85.330810546875,27.673798524586132,-0.75,43.0,43.333333333333336,6.840576658797092
2026-08-26_0800,2026-08-26 08:00:00,85.308837890625,27.732160275740252,85.308837890625,27.673798524586132,24.53,32.0,25.5,6.489540824477553
2026-08-26_0800,2026-08-26 08:00:00,85.308837890625,27.732160275740252,85.374755859375,27.732160275740252,4.48,34.0,32.5,6.4878049783218845
2026-08-26_0800,2026-08-26 08:00:00,85.308837890625,27.732160275740252,85.352783203125,27.69325590965681,18.77,76.0,63.833333333333336,6.117852418087862
2026-08-26_0800,2026-08-26 08:00:00,85.308837890625,27.732160275740252,85.308837890625,27.771050758926727,0.74,158.0,156.83333333333334,4.324431212760916
2026-08-26_0800,2026-08-26 08:00:00,85.308837890625,27.732160275740252,85.330810546875,27.65433767366391,26.32,35.0,27.5,8.919815497580409
2026-08-26_0800,2026-08-26 08:00:00,85.308837890625,27.732160275740252,85.374755859375,27.71270982724965,-2.7,47.0,48.333333333333336,6.839357015772618
2026-08-26_0800,2026-08-26 08:00:00,85.308837890625,27.732160275740252,85.418701171875,27.673798524586132,10.53,13.0,11.666666666666666,12.613399838422586
2026-08-26_0800,2026-08-26 08:00:00,85.089111328125,27.771050758926727,85.089111328125,27.771050758926727,35.21,15.0,10.833333333333334,1.2207854514058405e-13
2026-08-26_0800,2026-08-26 08:00:00,85.06713867187501,27.732160275740252,85.06713867187501,27.732160275740252,-3.45,13.0,13.5,1.67670491015947e-13
2026-08-26_0800,2026-08-26 08:00:00,84.97924804687499,27.80992734625884,84.97924804687499,27.80992734625884,-74.32,10.0,41.833333333333336,1.0595237556502103e-13
2026-08-26_0800,2026-08-26 08:00:00,85.111083984375,27.751607253506148,85.111083984375,27.751607253506148,24.06,54.0,43.333333333333336,3.608553671315128e-14
2026-08-26_0800,2026-08-26 08:00:00,85.44067382812501,27.771050758926727,85.44067382812501,27.771050758926727,52.46,30.0,19.333333333333332,1.2207854514058405e-13
2026-08-26_0800,2026-08-26 08:00:00,85.352783203125,27.771050758926727,85.374755859375,27.751607253506148,18.31,13.0,10.833333333333334,3.0575616338222464
2026-08-26_0800,2026-08-26 08:00:00,85.352783203125,27.771050758926727,85.308837890625,27.71270982724965,-30.91,18.0,26.5,7.7966750796874145
2026-08-26_0800,2026-08-26 08:00:00,85.352783203125,27.771050758926727,85.33081054687499,27.71270982724965,-6.9,17.0,18.333333333333332,6.838136409358705
2026-08-26_0800,2026-08-26 08:00:00,85.352783203125,27.771050758926727,85.352783203125,27.771050758926727,5.75,3521.0,3329.5,1.2207854514058405e-13
2026-08-26_0800,2026-08-26 08:00:00,85.352783203125,27.771050758926727,85.352783203125,27.732160275740252,20.0,34.0,28.166666666666668,4.324431212761069
2026-08-26_0800,2026-08-26 08:00:00,85.352783203125,27.771050758926727,85.33081054687501,27.751607253506148,-20.63,24.0,30.5,3.0575616338222464
2026-08-26_0800,2026-08-26 08:00:00,85.352783203125,27.771050758926727,85.308837890625,27.751607253506148,65.79,20.0,11.666666666666666,4.834429426208013
2026-08-26_0800,2026-08-26 08:00:00,85.704345703125,27.771050758926727,85.704345703125,27.771050758926727,9.81,180.0,163.83333333333334,1.2207854514058405e-13
2026-08-26_0800,2026-08-26 08:00:00,85.352783203125,27.771050758926727,85.330810546875,27.732160275740252,39.35,35.0,24.833333333333332,4.834861085375861
2026-08-26_0800,2026-08-26 08:00:00,85.352783203125,27.771050758926727,85.330810546875,27.771050758926727,53.19,23.0,14.666666666666666,2.161829466812015
2026-08-26_0800,2026-08-26 08:00:00,85.352783203125,27.771050758926727,85.352783203125,27.790490790383224,1.79,37.0,36.333333333333336,2.1616362646985623
2026-08-26_0800,2026-08-26 08:00:00,85.352783203125,27.771050758926727,85.352783203125,27.751607253506148,9.42,90.0,82.16666666666667,2.1620225524858245
2026-08-26_0800,2026-08-26 08:00:00,85.352783203125,27.771050758926727,85.37475585937499,27.771050758926727,-4.8,85.0,89.33333333333333,2.1618294668095115
2026-08-26_0800,2026-08-26 08:00:00,85.352783203125,27.771050758926727,85.352783203125,27.69325590965681,39.73,16.0,11.166666666666666,8.650406135656192
2026-08-26_0800,2026-08-26 08:00:00,85.352783203125,27.771050758926727,85.374755859375,27.790490790383224,0.0,21.0,21.0,3.0570153403800253
2026-08-26_0800,2026-08-26 08:00:00,85.484619140625,27.751607253506148,85.484619140625,27.751607253506148,-20.56,46.0,58.166666666666664,3.608553671315128e-14
2026-08-26_0800,2026-08-26 08:00:00,85.726318359375,27.771050758926727,85.726318359375,27.771050758926727,12.59,227.0,201.5,1.2207854514058405e-13
2026-08-26_0800,2026-08-26 08:00:00,85.35278320312499,27.673798524586132,85.396728515625,27.71270982724965,21.59,45.0,36.833333333333336,6.118943220474271
2026-08-26_0800,2026-08-26 08:00:00,85.35278320312499,27.673798524586132,85.28686523437501,27.732160275740252,9.76,14.0,12.666666666666666,9.17759660428503
2026-08-26_0800,2026-08-26 08:00:00,85.35278320312499,27.673798524586132,85.308837890625,27.71270982724965,-11.18,48.0,54.166666666666664,6.118943220471615
2026-08-26_0800,2026-08-26 08:00:00,85.35278320312499,27.673798524586132,85.374755859375,27.71270982724965,-1.45,67.0,68.0,4.83744936077659
2026-08-26_0800,2026-08-26 08:00:00,85.352783203125,27.771050758926727,85.308837890625,27.732160275740252,29.41,21.0,16.0,6.115669282159036
2026-08-26_0800,2026-08-26 08:00:00,85.704345703125,27.771050758926727,85.726318359375,27.771050758926727,27.78,22.0,17.0,2.161829466812015
2026-08-26_0800,2026-08-26 08:00:00,85.001220703125,27.790490790383224,85.001220703125,27.790490790383224,15.5,148.0,128.0,2.1366837619491137e-14
2026-08-26_0800,2026-08-26 08:00:00,85.836181640625,27.732160275740252,85.836181640625,27.732160275740252,18.11,24.0,20.166666666666668,1.67670491015947e-13
2026-08-26_0800,2026-08-26 08:00:00,85.638427734375,27.965294478955137,85.638427734375,27.965294478955137,-13.37,26.0,30.166666666666668,1.4086291756185424e-13
2026-08-26_0800,2026-08-26 08:00:00,85.572509765625,27.732160275740252,85.572509765625,27.732160275740252,34.12,18.0,13.166666666666666,1.67670491015947e-13
2026-08-26_0800,2026-08-26 08:00:00,85.374755859375,27.751607253506148,85.374755859375,27.751607253506148,3.18,1004.0,973.0,3.608553671315128e-14
2026-08-26_0800,2026-08-26 08:00:00,85.374755859375,27.751607253506148,85.352783203125,27.751607253506148,14.0,37.0,32.333333333333336,2.162215664653275
2026-08-26_0800,2026-08-26 08:00:00,85.374755859375,27.751607253506148,85.374755859375,27.732160275740252,-6.76,22.0,23.666666666666668,2.162408660275157
2026-08-26_0800,2026-08-26 08:00:00,85.374755859375,27.751607253506148,85.352783203125,27.732160275740252,3.03,16.0,15.5,3.0581076727116523
2026-08-26_0800,2026-08-26 08:00:00,85.528564453125,27.926473604009228,85.528564453125,27.926473604009228,-20.35,14.0,17.833333333333332,2.0222549497249037e-15
2026-08-26_0800,2026-08-26 08:00:00,85.286865234375,27.751607253506148,85.28686523437501,27.771050758926727,9.52,22.0,20.0,2.162022552485689
2026-08-26_0800,2026-08-26 08:00:00,85.286865234375,27.751607253506148,85.308837890625,27.751607253506148,11.6,84.0,75.16666666666667,2.1622156646545267
2026-08-26_0800,2026-08-26 08:00:00,85.286865234375,27.751607253506148,85.28686523437501,27.732160275740252,63.64,17.0,10.0,2.162408660275157
2026-08-26_0800,2026-08-26 08:00:00,85.286865234375,27.751607253506148,85.308837890625,27.71270982724965,28.16,43.0,33.333333333333336,4.83572424718008
2026-08-26_0800,2026-08-26 08:00:00,85.286865234375,27.751607253506148,85.286865234375,27.751607253506148,15.8,3305.0,2854.0,3.608553671315128e-14
2026-08-26_0800,2026-08-26 08:00:00,85.286865234375,27.751607253506148,85.308837890625,27.732160275740252,7.75,50.0,46.333333333333336,3.058107672712538
2026-08-26_0800,2026-08-26 08:00:00,85.133056640625,27.887638781681872,85.133056640625,27.887638781681872,-90.75,15.0,172.0,2.1864401118150494e-14
2026-08-26_0800,2026-08-26 08:00:00,85.61645507812499,27.80992734625884,85.61645507812499,27.80992734625884,15.18,42.0,36.333333333333336,1.0595237556502103e-13
2026-08-26_0800,2026-08-26 08:00:00,85.484619140625,27.71270982724965,85.484619140625,27.71270982724965,-0.51,163.0,163.83333333333334,1.0131527334793077e-13
2026-08-26_0800,2026-08-26 08:00:00,85.155029296875,27.732160275740252,85.155029296875,27.732160275740252,35.8,54.0,39.5,1.67670491015947e-13
2026-08-26_0800,2026-08-26 08:00:00,85.440673828125,27.751607253506148,85.440673828125,27.751607253506148,12.72,439.0,389.3333333333333,3.608553671315128e-14
2026-08-26_0800,2026-08-26 08:00:00,84.935302734375,27.907057935466664,84.935302734375,27.907057935466664,34.21,16.0,11.666666666666666,5.816231754836267e-14
2026-08-26_0800,2026-08-26 08:00:00,85.484619140625,27.771050758926727,85.484619140625,27.771050758926727,-4.95,15.0,15.833333333333334,1.2207854514058405e-13
2026-08-26_0800,2026-08-26 08:00:00,85.330810546875,27.80992734625884,85.330810546875,27.80992734625884,18.92,43.0,36.0,1.0595237556502103e-13
2026-08-26_0800,2026-08-26 08:00:00,85.19897460937501,27.732160275740252,85.19897460937501,27.732160275740252,13.89,40.0,35.0,1.67670491015947e-13
2026-08-26_0800,2026-08-26 08:00:00,85.264892578125,27.771050758926727,85.264892578125,27.771050758926727,25.42,184.0,146.5,1.2207854514058405e-13
2026-08-26_0800,2026-08-26 08:00:00,85.638427734375,27.71270982724965,85.638427734375,27.71270982724965,26.92,21.0,16.333333333333332,1.0131527334793077e-13
2026-08-26_0800,2026-08-26 08:00:00,85.528564453125,27.86821614426037,85.528564453125,27.86821614426037,54.05,18.0,11.333333333333334,1.6325720028447766e-13
2026-08-26_0800,2026-08-26 08:00:00,85.572509765625,27.887638781681872,85.572509765625,27.887638781681872,-1.1,14.0,14.166666666666666,2.1864401118150494e-14
2026-08-26_0800,2026-08-26 08:00:00,84.891357421875,27.907057935466664,84.91333007812501,27.907057935466664,35.96,45.0,32.833333333333336,2.15912105678549
2026-08-26_0800,2026-08-26 08:00:00,85.28686523437501,27.69325590965681,85.374755859375,27.71270982724965,11.43,25.0,22.333333333333332,8.919020940578477
2026-08-26_0800,2026-08-26 08:00:00,85.28686523437501,27.69325590965681,85.308837890625,27.771050758926727,22.58,18.0,14.5,8.916634546172398
2026-08-26_0800,2026-08-26 08:00:00,85.28686523437501,27.69325590965681,85.352783203125,27.751607253506148,30.19,22.0,16.666666666666668,9.175960017778069
2026-08-26_0800,2026-08-26 08:00:00,85.28686523437501,27.69325590965681,85.396728515625,27.71270982724965,15.91,16.0,13.666666666666666,11.030098527398232
2026-08-26_0800,2026-08-26 08:00:00,85.37475585937499,27.771050758926727,85.352783203125,27.751607253506148,29.03,19.0,14.5,3.057561633821362
2026-08-26_0800,2026-08-26 08:00:00,85.30883789062501,27.790490790383224,85.308837890625,27.751607253506148,35.21,15.0,10.833333333333334,4.3236588171846035
2026-08-26_0800,2026-08-26 08:00:00,85.30883789062501,27.790490790383224,85.308837890625,27.771050758926727,54.84,23.0,14.5,2.1616362646986547
2026-08-26_0800,2026-08-26 08:00:00,85.30883789062501,27.790490790383224,85.30883789062501,27.790490790383224,14.7,497.0,433.1666666666667,2.1366837619491137e-14
2026-08-26_0800,2026-08-26 08:00:00,85.045166015625,27.751607253506148,85.045166015625,27.751607253506148,8.17,74.0,68.33333333333333,3.608553671315128e-14
2026-08-26_0800,2026-08-26 08:00:00,85.330810546875,27.65433767366391,85.352783203125,27.751607253506148,15.38,14.0,12.0,11.03009781025761
2026-08-26_0800,2026-08-26 08:00:00,85.330810546875,27.65433767366391,85.374755859375,27.732160275740252,28.0,15.0,11.5,9.674898279012062
2026-08-26_0800,2026-08-26 08:00:00,85.330810546875,27.65433767366391,85.308837890625,27.751607253506148,15.79,21.0,18.0,11.03009781025761
2026-08-26_0800,2026-08-26 08:00:00,85.330810546875,27.65433767366391,85.308837890625,27.71270982724965,-8.7,34.0,37.333333333333336,6.841795927074422
2026-08-26_0800,2026-08-26 08:00:00,85.330810546875,27.65433767366391,85.352783203125,27.732160275740252,12.15,19.0,16.833333333333332,8.919815497580238
2026-08-26_0800,2026-08-26 08:00:00,85.330810546875,27.65433767366391,85.352783203125,27.71270982724965,5.0,20.0,19.0,6.841795927074422
2026-08-26_0800,2026-08-26 08:00:00,85.330810546875,27.65433767366391,85.286865234375,27.71270982724965,-17.24,15.0,18.333333333333332,7.800847571996207
2026-08-26_0800,2026-08-26 08:00:00,85.37475585937499,27.771050758926727,85.352783203125,27.771050758926727,-0.66,24.0,24.166666666666668,2.1618294668095115
2026-08-26_0800,2026-08-26 08:00:00,85.330810546875,27.65433767366391,85.33081054687499,27.71270982724965,20.0,34.0,28.166666666666668,6.490697523913687
2026-08-26_0800,2026-08-26 08:00:00,85.330810546875,27.65433767366391,85.308837890625,27.732160275740252,29.23,27.0,20.666666666666668,8.919815497580238
2026-08-26_0800,2026-08-26 08:00:00,85.330810546875,27.65433767366391,85.330810546875,27.732160275740252,-8.24,12.0,13.166666666666666,8.653492111773794
2026-08-26_0800,2026-08-26 08:00:00,85.330810546875,27.65433767366391,85.28686523437501,27.732160275740252,86.21,26.0,13.5,9.674898279012062
2026-08-26_0800,2026-08-26 08:00:00,85.330810546875,27.65433767366391,85.374755859375,27.71270982724965,9.09,19.0,17.333333333333332,7.800847571995513
2026-08-26_0800,2026-08-26 08:00:00,85.418701171875,27.732160275740252,85.396728515625,27.71270982724965,1.3,12.0,11.833333333333334,3.0586534567545987
2026-08-26_0800,2026-08-26 08:00:00,85.418701171875,27.732160275740252,85.374755859375,27.71270982724965,-7.69,15.0,16.333333333333332,4.836155749907886
2026-08-26_0800,2026-08-26 08:00:00,85.418701171875,27.732160275740252,85.418701171875,27.732160275740252,4.87,1269.0,1210.0,1.67670491015947e-13
2026-08-26_0800,2026-08-26 08:00:00,85.418701171875,27.732160275740252,85.396728515625,27.732160275740252,37.4,29.0,20.833333333333332,2.1626016823979852
2026-08-26_0800,2026-08-26 08:00:00,85.330810546875,27.887638781681872,85.330810546875,27.887638781681872,-24.21,11.0,14.833333333333334,2.1864401118150494e-14
2026-08-26_0800,2026-08-26 08:00:00,85.68237304687499,27.71270982724965,85.68237304687499,27.71270982724965,43.18,20.0,13.666666666666666,1.0131527334793077e-13
2026-08-26_0800,2026-08-26 08:00:00,85.63842773437499,27.732160275740252,85.63842773437499,27.732160275740252,0.0,20.0,20.0,1.67670491015947e-13
2026-08-26_0800,2026-08-26 08:00:00,85.77026367187501,27.829360424938628,85.77026367187501,27.829360424938628,63.29,42.0,25.333333333333332,5.538235803950223e-15
2026-08-26_0800,2026-08-26 08:00:00,85.330810546875,27.65433767366391,85.33081054687501,27.751607253506148,-6.49,11.0,11.833333333333334,10.81590077204871
2026-08-26_0800,2026-08-26 08:00:00,85.220947265625,27.71270982724965,85.220947265625,27.71270982724965,12.98,250.0,221.16666666666663,1.0131527334793077e-13
2026-08-26_0800,2026-08-26 08:00:00,85.37475585937499,27.771050758926727,85.37475585937499,27.771050758926727,1.9,831.0,815.5,1.2207854514058405e-13
2026-08-26_0800,2026-08-26 08:00:00,85.374755859375,27.71270982724965,85.418701171875,27.71270982724965,26.61,22.0,17.166666666666668,4.32597502246614
2026-08-26_0800,2026-08-26 08:00:00,85.374755859375,27.71270982724965,85.33081054687499,27.71270982724965,8.54,35.0,32.166666666666664,4.325975022467392
2026-08-26_0800,2026-08-26 08:00:00,85.374755859375,27.71270982724965,85.396728515625,27.69325590965681,-15.92,21.0,25.166666666666668,3.0591989856558186
2026-08-26_0800,2026-08-26 08:00:00,85.374755859375,27.71270982724965,85.308837890625,27.71270982724965,11.11,49.0,44.0,6.488962490701603
2026-08-26_0800,2026-08-26 08:00:00,85.374755859375,27.71270982724965,85.396728515625,27.732160275740252,2.15,110.0,107.66666666666669,3.058653456754421
2026-08-26_0800,2026-08-26 08:00:00,85.374755859375,27.71270982724965,85.308837890625,27.732160275740252,-13.6,17.0,19.833333333333332,6.839357015772637
2026-08-26_0800,2026-08-26 08:00:00,85.374755859375,27.71270982724965,85.374755859375,27.751607253506148,11.43,12.0,10.666666666666666,4.3252032481350495
2026-08-26_0800,2026-08-26 08:00:00,85.374755859375,27.71270982724965,85.330810546875,27.732160275740252,44.64,26.0,17.666666666666668,4.836155749906638
2026-08-26_0800,2026-08-26 08:00:00,85.374755859375,27.71270982724965,85.396728515625,27.673798524586132,15.07,13.0,11.166666666666666,4.837449360776172
2026-08-26_0800,2026-08-26 08:00:00,85.374755859375,27.71270982724965,85.37475585937499,27.673798524586132,13.39,23.0,20.166666666666668,4.326746236617482
2026-08-26_0800,2026-08-26 08:00:00,85.374755859375,27.71270982724965,85.308837890625,27.69325590965681,2.13,15.0,14.666666666666666,6.84057685557767
2026-08-26_0800,2026-08-26 08:00:00,85.374755859375,27.71270982724965,85.396728515625,27.71270982724965,3.94,197.0,189.5,2.1629875198323405
2026-08-26_0800,2026-08-26 08:00:00,85.374755859375,27.71270982724965,85.330810546875,27.673798524586132,50.0,32.0,21.0,6.118943220472411
2026-08-26_0800,2026-08-26 08:00:00,85.374755859375,27.71270982724965,85.374755859375,27.71270982724965,6.48,9130.0,8574.0,1.0131527334793077e-13
2026-08-26_0800,2026-08-26 08:00:00,85.374755859375,27.71270982724965,85.352783203125,27.71270982724965,-9.41,153.0,169.0,2.162987519831088
2026-08-26_0800,2026-08-26 08:00:00,85.374755859375,27.71270982724965,85.352783203125,27.69325590965681,17.5,46.0,39.0,3.059198985654933
2026-08-26_0800,2026-08-26 08:00:00,85.374755859375,27.71270982724965,85.330810546875,27.69325590965681,14.97,31.0,26.833333333333332,4.8370183068660815
2026-08-26_0800,2026-08-26 08:00:00,85.374755859375,27.71270982724965,85.352783203125,27.751607253506148,-2.7,17.0,17.5,4.835724247179037
2026-08-26_0800,2026-08-26 08:00:00,85.374755859375,27.71270982724965,85.440673828125,27.732160275740252,33.33,19.0,14.0,6.839357015773826
2026-08-26_0800,2026-08-26 08:00:00,85.374755859375,27.71270982724965,85.418701171875,27.732160275740252,-11.48,44.0,49.833333333333336,4.836155749907757
2026-08-26_0800,2026-08-26 08:00:00,85.374755859375,27.71270982724965,85.396728515625,27.751607253506148,26.92,43.0,33.666666666666664,4.835724247179597
2026-08-26_0800,2026-08-26 08:00:00,85.374755859375,27.71270982724965,85.352783203125,27.732160275740252,-7.95,82.0,89.16666666666667,3.0586534567535355
2026-08-26_0800,2026-08-26 08:00:00,85.374755859375,27.71270982724965,85.418701171875,27.751607253506148,28.57,29.0,22.333333333333332,6.116761105117507
2026-08-26_0800,2026-08-26 08:00:00,85.374755859375,27.71270982724965,85.35278320312499,27.673798524586132,21.52,47.0,38.5,4.837449360776733
2026-08-26_0800,2026-08-26 08:00:00,85.374755859375,27.71270982724965,85.35278320312501,27.65433767366391,45.71,16.0,10.666666666666666,6.841795927073861
2026-08-26_0800,2026-08-26 08:00:00,85.374755859375,27.71270982724965,85.308837890625,27.751607253506148,31.87,19.0,14.166666666666666,7.797371028608729
2026-08-26_0800,2026-08-26 08:00:00,85.374755859375,27.71270982724965,85.37475585937501,27.69325590965681,-14.16,95.0,110.83333333333331,2.1631803350353
2026-08-26_0800,2026-08-26 08:00:00,85.374755859375,27.71270982724965,85.33081054687501,27.751607253506148,9.09,15.0,13.666666666666666,6.116761105115737
2026-08-26_0800,2026-08-26 08:00:00,85.528564453125,27.71270982724965,85.528564453125,27.71270982724965,11.57,134.0,120.0,1.0131527334793077e-13
2026-08-26_0800,2026-08-26 08:00:00,85.220947265625,27.69325590965681,85.308837890625,27.71270982724965,68.0,20.0,11.5,8.919020940580905
2026-08-26_0800,2026-08-26 08:00:00,85.220947265625,27.69325590965681,85.220947265625,27.71270982724965,17.76,20.0,16.833333333333332,2.163180335035057
2026-08-26_0800,2026-08-26 08:00:00,85.330810546875,27.732160275740252,85.374755859375,27.751607253506148,24.32,22.0,17.5,4.8352927895312305
2026-08-26_0800,2026-08-26 08:00:00,85.330810546875,27.732160275740252,85.352783203125,27.790490790383224,0.0,16.0,16.0,6.836915429523932
2026-08-26_0800,2026-08-26 08:00:00,85.330810546875,27.732160275740252,85.264892578125,27.69325590965681,2.86,59.0,57.333333333333336,7.798762185211403
2026-08-26_0800,2026-08-26 08:00:00,85.330810546875,27.732160275740252,85.330810546875,27.69325590965681,-12.11,120.0,136.66666666666666,4.325974922895328
2026-08-26_0800,2026-08-26 08:00:00,85.330810546875,27.732160275740252,85.374755859375,27.65433767366391,-15.49,19.0,22.666666666666668,9.674898279012014
2026-08-26_0800,2026-08-26 08:00:00,85.330810546875,27.732160275740252,85.418701171875,27.71270982724965,-19.51,10.0,12.666666666666666,8.917430463966909
2026-08-26_0800,2026-08-26 08:00:00,85.330810546875,27.732160275740252,85.286865234375,27.673798524586132,4.72,36.0,34.333333333333336,7.799457392223092
2026-08-26_0800,2026-08-26 08:00:00,85.330810546875,27.732160275740252,85.28686523437501,27.732160275740252,15.79,153.0,132.0,4.325203347577014
2026-08-26_0800,2026-08-26 08:00:00,85.330810546875,27.732160275740252,85.374755859375,27.732160275740252,16.13,101.0,86.83333333333333,4.325203347577014
2026-08-26_0800,2026-08-26 08:00:00,85.330810546875,27.732160275740252,85.35278320312501,27.65433767366391,24.14,83.0,66.66666666666667,8.919815497580712
2026-08-26_0800,2026-08-26 08:00:00,85.330810546875,27.732160275740252,85.418701171875,27.673798524586132,5.63,24.0,22.666666666666668,10.815901244695317
2026-08-26_0800,2026-08-26 08:00:00,85.330810546875,27.732160275740252,85.308837890625,27.732160275740252,8.64,412.0,379.1666666666667,2.1626016823979852
2026-08-26_0800,2026-08-26 08:00:00,85.330810546875,27.732160275740252,85.330810546875,27.771050758926727,-16.95,57.0,68.83333333333333,4.324431212760916
2026-08-26_0800,2026-08-26 08:00:00,85.330810546875,27.732160275740252,85.396728515625,27.71270982724965,-12.86,34.0,39.166666666666664,6.839357015772618
2026-08-26_0800,2026-08-26 08:00:00,85.330810546875,27.732160275740252,85.308837890625,27.751607253506148,9.17,251.0,229.83333333333337,3.0581076727125147
2026-08-26_0800,2026-08-26 08:00:00,85.330810546875,27.732160275740252,85.330810546875,27.673798524586132,5.54,107.0,101.33333333333331,6.489540824477553
2026-08-26_0800,2026-08-26 08:00:00,85.330810546875,27.732160275740252,85.330810546875,27.732160275740252,7.89,7956.0,7374.166666666667,1.67670491015947e-13
2026-08-26_0800,2026-08-26 08:00:00,85.330810546875,27.732160275740252,85.396728515625,27.65433767366391,7.14,14.0,13.0,10.81686506699713
2026-08-26_0800,2026-08-26 08:00:00,85.330810546875,27.732160275740252,85.35278320312499,27.673798524586132,13.91,115.0,100.83333333333331,6.840576658796301
2026-08-26_0800,2026-08-26 08:00:00,85.330810546875,27.732160275740252,85.30883789062499,27.65433767366391,4.19,57.0,54.666666666666664,8.919815497580409
2026-08-26_0800,2026-08-26 08:00:00,85.330810546875,27.732160275740252,85.37475585937499,27.771050758926727,-20.2,26.0,32.833333333333336,6.1156692821571745
2026-08-26_0800,2026-08-26 08:00:00,85.330810546875,27.732160275740252,85.352783203125,27.71270982724965,5.08,130.0,123.66666666666669,3.0586534567545987
2026-08-26_0800,2026-08-26 08:00:00,85.330810546875,27.732160275740252,85.352783203125,27.69325590965681,12.56,108.0,95.83333333333331,4.836587005804376
2026-08-26_0800,2026-08-26 08:00:00,85.330810546875,27.732160275740252,85.396728515625,27.732160275740252,12.5,32.0,28.333333333333332,6.4878049783218845
2026-08-26_0800,2026-08-26 08:00:00,85.330810546875,27.732160275740252,85.396728515625,27.751607253506148,-12.36,12.0,13.833333333333334,6.838136605449506
2026-08-26_0800,2026-08-26 08:00:00,85.330810546875,27.732160275740252,85.374755859375,27.6348733585183,25.37,13.0,10.166666666666666,11.651157938821031
2026-08-26_0800,2026-08-26 08:00:00,85.330810546875,27.732160275740252,85.286865234375,27.71270982724965,-2.9,77.0,79.33333333333333,4.836155749907886
2026-08-26_0800,2026-08-26 08:00:00,85.330810546875,27.732160275740252,85.396728515625,27.673798524586132,21.7,42.0,34.333333333333336,9.177596604286888
2026-08-26_0800,2026-08-26 08:00:00,85.330810546875,27.732160275740252,85.308837890625,27.6348733585183,8.51,16.0,14.666666666666666,11.032063820561248
2026-08-26_0800,2026-08-26 08:00:00,85.330810546875,27.732160275740252,85.286865234375,27.751607253506148,-8.37,61.0,66.66666666666667,4.8352927895323505
2026-08-26_0800,2026-08-26 08:00:00,85.52856445312501,27.887638781681872,85.52856445312501,27.887638781681872,25.0,34.0,27.0,2.1864401118150494e-14
2026-08-26_0800,2026-08-26 08:00:00,85.330810546875,27.732160275740252,85.308837890625,27.69325590965681,3.33,92.0,89.0,4.836587005804376
2026-08-26_0800,2026-08-26 08:00:00,85.330810546875,27.732160275740252,85.28686523437501,27.69325590965681,-9.41,84.0,92.83333333333331,6.117852418086977
2026-08-26_0800,2026-08-26 08:00:00,85.330810546875,27.732160275740252,85.264892578125,27.673798524586132,14.95,40.0,34.666666666666664,9.177596604287777
2026-08-26_0800,2026-08-26 08:00:00,85.330810546875,27.732160275740252,85.440673828125,27.673798524586132,15.56,25.0,21.5,12.613399838422586
2026-08-26_0800,2026-08-26 08:00:00,85.330810546875,27.732160275740252,85.308837890625,27.71270982724965,0.16,210.0,209.66666666666663,3.0586534567545987
2026-08-26_0800,2026-08-26 08:00:00,85.330810546875,27.732160275740252,85.220947265625,27.69325590965681,3.64,18.0,17.333333333333332,11.648043714434865
2026-08-26_0800,2026-08-26 08:00:00,85.330810546875,27.732160275740252,85.330810546875,27.790490790383224,-2.17,14.0,14.333333333333334,6.486067477459668
2026-08-26_0800,2026-08-26 08:00:00,85.330810546875,27.732160275740252,85.374755859375,27.790490790383224,-5.26,11.0,11.666666666666666,7.795282948438168
2026-08-26_0800,2026-08-26 08:00:00,85.330810546875,27.732160275740252,85.330810546875,27.65433767366391,2.97,51.0,49.5,8.653492111773652
2026-08-26_0800,2026-08-26 08:00:00,85.330810546875,27.732160275740252,85.33081054687501,27.751607253506148,-0.65,485.0,488.1666666666667,2.1624086602752115
2026-08-26_0800,2026-08-26 08:00:00,85.330810546875,27.732160275740252,85.26489257812501,27.71270982724965,28.21,49.0,38.0,6.839357015771429
2026-08-26_0800,2026-08-26 08:00:00,85.330810546875,27.732160275740252,85.242919921875,27.69325590965681,7.69,27.0,25.0,9.673173902946557
2026-08-26_0800,2026-08-26 08:00:00,85.330810546875,27.732160275740252,85.352783203125,27.732160275740252,5.95,370.0,349.1666666666667,2.1626016823979852
2026-08-26_0800,2026-08-26 08:00:00,85.330810546875,27.732160275740252,85.308837890625,27.673798524586132,20.61,78.0,64.5,6.840576658797092
2026-08-26_0800,2026-08-26 08:00:00,85.330810546875,27.732160275740252,85.33081054687499,27.71270982724965,6.15,255.0,240.16666666666663,2.16279458785999
2026-08-26_0800,2026-08-26 08:00:00,85.330810546875,27.732160275740252,85.352783203125,27.771050758926727,6.09,176.0,165.83333333333334,4.834861085375527
2026-08-26_0800,2026-08-26 08:00:00,85.330810546875,27.732160275740252,85.37475585937501,27.69325590965681,-4.64,71.0,74.5,6.117852418088748
2026-08-26_0800,2026-08-26 08:00:00,85.330810546875,27.732160275740252,85.374755859375,27.71270982724965,2.7,94.0,91.5,4.836155749906766
2026-08-26_0800,2026-08-26 08:00:00,85.330810546875,27.732160275740252,85.352783203125,27.6348733585183,-8.7,13.0,14.333333333333334,11.032063820561248
2026-08-26_0800,2026-08-26 08:00:00,85.330810546875,27.732160275740252,85.24291992187501,27.673798524586132,0.88,18.0,17.833333333333332,10.815901244694317
2026-08-26_0800,2026-08-26 08:00:00,85.330810546875,27.732160275740252,85.418701171875,27.732160275740252,43.18,20.0,13.666666666666666,8.650406557413628
2026-08-26_0800,2026-08-26 08:00:00,85.330810546875,27.732160275740252,85.352783203125,27.751607253506148,10.05,269.0,244.33333333333337,3.0581076727125147
2026-08-26_0800,2026-08-26 08:00:00,85.330810546875,27.732160275740252,85.308837890625,27.771050758926727,9.09,51.0,46.666666666666664,4.834861085375527
2026-08-26_0800,2026-08-26 08:00:00,85.330810546875,27.732160275740252,85.330810546875,27.6348733585183,-17.11,20.0,24.333333333333332,10.81782860374134
2026-08-26_0800,2026-08-26 08:00:00,85.330810546875,27.732160275740252,85.28686523437501,27.771050758926727,10.53,13.0,11.666666666666666,6.115669282158059
2026-08-26_0800,2026-08-26 08:00:00,85.330810546875,27.732160275740252,85.37475585937499,27.673798524586132,23.49,84.0,67.83333333333333,7.799457392221702
2026-08-26_0800,2026-08-26 08:00:00,85.374755859375,27.71270982724965,85.374755859375,27.732160275740252,3.12,341.0,330.6666666666667,2.1627945878600388
2026-08-26_0800,2026-08-26 08:00:00,85.308837890625,27.771050758926727,85.308837890625,27.771050758926727,14.63,2365.0,2063.0,1.2207854514058405e-13
2026-08-26_0800,2026-08-26 08:00:00,85.374755859375,27.71270982724965,85.28686523437501,27.69325590965681,-11.36,12.0,13.666666666666666,8.91902094057846
2026-08-26_0800,2026-08-26 08:00:00,85.39672851562499,27.771050758926727,85.39672851562499,27.771050758926727,8.4,141.0,130.0,1.2207854514058405e-13
2026-08-26_0800,2026-08-26 08:00:00,85.37475585937499,27.673798524586132,85.352783203125,27.732160275740252,-7.27,16.0,17.333333333333332,6.840576658796057
2026-08-26_0800,2026-08-26 08:00:00,85.37475585937499,27.673798524586132,85.374755859375,27.71270982724965,44.0,23.0,15.666666666666666,4.326746236617503
2026-08-26_0800,2026-08-26 08:00:00,85.37475585937499,27.673798524586132,85.33081054687499,27.71270982724965,-12.82,16.0,18.5,6.118943220473385
2026-08-26_0800,2026-08-26 08:00:00,85.28686523437501,27.732160275740252,85.330810546875,27.69325590965681,0.0,13.0,13.0,6.117852418086977
2026-08-26_0800,2026-08-26 08:00:00,85.28686523437501,27.732160275740252,85.286865234375,27.71270982724965,21.5,129.0,106.0,2.16279458785999
2026-08-26_0800,2026-08-26 08:00:00,85.28686523437501,27.732160275740252,85.308837890625,27.69325590965681,79.22,22.0,11.833333333333334,4.836587005803816
2026-08-26_0800,2026-08-26 08:00:00,85.28686523437501,27.732160275740252,85.352783203125,27.732160275740252,33.33,15.0,11.0,6.4878049783218845
2026-08-26_0800,2026-08-26 08:00:00,85.28686523437501,27.732160275740252,85.33081054687499,27.71270982724965,11.11,14.0,12.5,4.836155749904526
2026-08-26_0800,2026-08-26 08:00:00,85.28686523437501,27.732160275740252,85.28686523437501,27.69325590965681,56.72,34.0,21.333333333333332,4.325974922895328
2026-08-26_0800,2026-08-26 08:00:00,85.28686523437501,27.732160275740252,85.308837890625,27.751607253506148,7.26,63.0,58.666666666666664,3.058107672711629
2026-08-26_0800,2026-08-26 08:00:00,85.28686523437501,27.732160275740252,85.264892578125,27.732160275740252,-4.67,16.0,16.833333333333332,2.162601682399237
2026-08-26_0800,2026-08-26 08:00:00,85.28686523437501,27.732160275740252,85.330810546875,27.732160275740252,-15.04,15.0,17.833333333333332,4.325203347577014
2026-08-26_0800,2026-08-26 08:00:00,85.37475585937499,27.673798524586132,85.308837890625,27.71270982724965,-17.37,22.0,26.833333333333332,7.8001526909402
2026-08-26_0800,2026-08-26 08:00:00,85.28686523437501,27.732160275740252,85.264892578125,27.69325590965681,54.13,27.0,17.166666666666668,4.836587005804936
2026-08-26_0800,2026-08-26 08:00:00,85.28686523437501,27.732160275740252,85.352783203125,27.69325590965681,-12.0,10.0,11.5,7.798762185210361
2026-08-26_0800,2026-08-26 08:00:00,85.28686523437501,27.732160275740252,85.308837890625,27.71270982724965,6.67,87.0,81.5,3.058653456753713
2026-08-26_0800,2026-08-26 08:00:00,85.28686523437501,27.732160275740252,85.308837890625,27.771050758926727,4.0,12.0,11.5,4.834861085374968
2026-08-26_0800,2026-08-26 08:00:00,85.28686523437501,27.732160275740252,85.26489257812501,27.71270982724965,15.38,24.0,20.666666666666668,3.058653456753713
2026-08-26_0800,2026-08-26 08:00:00,85.28686523437501,27.732160275740252,85.28686523437501,27.732160275740252,10.36,7277.0,6593.666666666667,1.67670491015947e-13
2026-08-26_0800,2026-08-26 08:00:00,85.28686523437501,27.732160275740252,85.33081054687501,27.751607253506148,27.01,28.0,21.833333333333332,4.8352927895323505
2026-08-26_0800,2026-08-26 08:00:00,85.28686523437501,27.732160275740252,85.286865234375,27.751607253506148,-20.25,20.0,25.333333333333332,2.1624086602752115
2026-08-26_0800,2026-08-26 08:00:00,85.572509765625,27.771050758926727,85.572509765625,27.771050758926727,35.48,27.0,19.666666666666668,1.2207854514058405e-13
2026-08-26_0800,2026-08-26 08:00:00,85.330810546875,27.732160275740252,85.396728515625,27.69325590965681,48.97,35.0,23.166666666666668,7.798762185210361
2026-08-26_0800,2026-08-26 08:00:00,85.50659179687499,27.751607253506148,85.50659179687499,27.751607253506148,5.34,68.0,64.5,3.608553671315128e-14
2026-08-26_0800,2026-08-26 08:00:00,85.352783203125,27.732160275740252,85.352783203125,27.751607253506148,-3.75,260.0,270.1666666666667,2.1624086602752115
2026-08-26_0800,2026-08-26 08:00:00,85.352783203125,27.732160275740252,85.35278320312499,27.673798524586132,17.78,52.0,44.0,6.489540824477553
2026-08-26_0800,2026-08-26 08:00:00,85.28686523437501,27.732160275740252,85.308837890625,27.732160275740252,21.94,125.0,102.33333333333331,2.162601682396733
2026-08-26_0800,2026-08-26 08:00:00,85.352783203125,27.732160275740252,85.308837890625,27.69325590965681,-23.26,21.0,27.666666666666668,6.117852418087862
2026-08-26_0800,2026-08-26 08:00:00,85.37475585937499,27.673798524586132,85.352783203125,27.71270982724965,-13.51,15.0,17.5,4.837449360774911
2026-08-26_0800,2026-08-26 08:00:00,84.913330078125,28.06228556255984,84.913330078125,28.06228556255984,-26.23,14.0,19.333333333333332,1.5350655893162864e-13
2026-08-26_0800,2026-08-26 08:00:00,85.28686523437501,27.69325590965681,85.242919921875,27.732160275740252,33.33,15.0,11.0,6.117852418088787
2026-08-26_0800,2026-08-26 08:00:00,85.28686523437501,27.69325590965681,85.330810546875,27.732160275740252,0.96,34.0,33.666666666666664,6.1178524180870175
2026-08-26_0800,2026-08-26 08:00:00,85.28686523437501,27.69325590965681,85.308837890625,27.71270982724965,10.4,141.0,127.62477979151896,3.0591989856546267
2026-08-26_0800,2026-08-26 08:00:00,85.28686523437501,27.69325590965681,85.33081054687501,27.751607253506148,-1.27,38.0,38.5,7.798066561201221
2026-08-26_0800,2026-08-26 08:00:00,85.28686523437501,27.69325590965681,85.286865234375,27.751607253506148,-20.35,14.0,17.833333333333332,6.488383583170236
2026-08-26_0800,2026-08-26 08:00:00,85.28686523437501,27.69325590965681,85.374755859375,27.732160275740252,38.95,21.0,14.833333333333334,9.67317390294438
2026-08-26_0800,2026-08-26 08:00:00,85.28686523437501,27.69325590965681,85.286865234375,27.71270982724965,9.63,164.0,149.5,2.163180335035057
2026-08-26_0800,2026-08-26 08:00:00,85.28686523437501,27.69325590965681,85.308837890625,27.751607253506148,2.02,58.0,56.833333333333336,6.8393568193368255
2026-08-26_0800,2026-08-26 08:00:00,85.28686523437501,27.69325590965681,85.28686523437501,27.732160275740252,14.66,72.0,62.666666666666664,4.3259749228953055
2026-08-26_0800,2026-08-26 08:00:00,85.28686523437501,27.69325590965681,85.26489257812501,27.71270982724965,12.25,112.0,99.66666666666669,3.0591989856546267
2026-08-26_0800,2026-08-26 08:00:00,85.28686523437501,27.69325590965681,85.352783203125,27.732160275740252,-11.21,32.0,36.166666666666664,7.798762185210407
2026-08-26_0800,2026-08-26 08:00:00,85.28686523437501,27.69325590965681,85.352783203125,27.71270982724965,-6.42,33.0,35.333333333333336,6.8405768555776385
2026-08-26_0800,2026-08-26 08:00:00,85.396728515625,27.69325590965681,85.396728515625,27.71270982724965,4.55,22.0,21.0,2.163180335035057
2026-08-26_0800,2026-08-26 08:00:00,85.396728515625,27.751607253506148,85.418701171875,27.751607253506148,6.93,17.0,15.833333333333334,2.1622156646545267
2026-08-26_0800,2026-08-26 08:00:00,85.396728515625,27.751607253506148,85.396728515625,27.751607253506148,6.71,1256.0,1177.0,3.608553671315128e-14
2026-08-26_0800,2026-08-26 08:00:00,85.396728515625,27.751607253506148,85.396728515625,27.732160275740252,27.4,30.0,23.333333333333332,2.162408660275157
2026-08-26_0800,2026-08-26 08:00:00,85.30883789062499,27.65433767366391,85.286865234375,27.71270982724965,39.02,18.0,12.666666666666666,6.841795927074422
2026-08-26_0800,2026-08-26 08:00:00,85.30883789062499,27.65433767366391,85.330810546875,27.732160275740252,-13.33,12.0,14.0,8.919815497580238
2026-08-26_0800,2026-08-26 08:00:00,85.30883789062499,27.65433767366391,85.352783203125,27.71270982724965,40.74,18.0,12.5,7.800847571996207
2026-08-26_0800,2026-08-26 08:00:00,85.30883789062499,27.65433767366391,85.33081054687499,27.71270982724965,-28.71,11.0,15.833333333333334,6.841795927073631
2026-08-26_0800,2026-08-26 08:00:00,85.30883789062499,27.65433767366391,85.308837890625,27.71270982724965,1.33,37.0,36.5,6.490697523913687
2026-08-26_0800,2026-08-26 08:00:00,85.30883789062499,27.65433767366391,85.308837890625,27.732160275740252,39.02,18.0,12.666666666666666,8.653492111773794
2026-08-26_0800,2026-08-26 08:00:00,85.30883789062499,27.65433767366391,85.33081054687501,27.751607253506148,0.0,11.0,11.0,11.030097810257852
2026-08-26_0800,2026-08-26 08:00:00,85.30883789062499,27.65433767366391,85.352783203125,27.732160275740252,-1.1,14.0,14.166666666666666,9.674898279012622
2026-08-26_0800,2026-08-26 08:00:00,85.30883789062499,27.65433767366391,85.308837890625,27.751607253506148,21.35,17.0,13.833333333333334,10.81590077204871
2026-08-26_0800,2026-08-26 08:00:00,85.704345703125,27.732160275740252,85.704345703125,27.732160275740252,61.74,30.0,18.166666666666668,1.67670491015947e-13
2026-08-26_0800,2026-08-26 08:00:00,85.396728515625,27.751607253506148,85.374755859375,27.732160275740252,6.19,19.0,17.833333333333332,3.058107672712538
2026-08-26_0800,2026-08-26 08:00:00,85.352783203125,27.732160275740252,85.396728515625,27.69325590965681,-8.7,13.0,14.333333333333334,6.117852418086977
2026-08-26_0800,2026-08-26 08:00:00,85.352783203125,27.732160275740252,85.352783203125,27.732160275740252,5.86,12096.0,11426.833333333334,1.67670491015947e-13
2026-08-26_0800,2026-08-26 08:00:00,85.352783203125,27.732160275740252,85.418701171875,27.751607253506148,18.6,16.0,13.333333333333334,6.838136605449506
2026-08-26_0800,2026-08-26 08:00:00,85.352783203125,27.732160275740252,85.28686523437501,27.732160275740252,32.46,41.0,30.707707113842037,6.4878049783218845
2026-08-26_0800,2026-08-26 08:00:00,85.352783203125,27.732160275740252,85.330810546875,27.65433767366391,-10.53,16.0,18.0,8.919815497580409
2026-08-26_0800,2026-08-26 08:00:00,85.177001953125,27.732160275740252,85.177001953125,27.732160275740252,2.56,59.0,57.5,1.67670491015947e-13
2026-08-26_0800,2026-08-26 08:00:00,85.308837890625,27.751607253506148,85.308837890625,27.69325590965681,50.0,23.0,15.0,6.488383583170239
2026-08-26_0800,2026-08-26 08:00:00,85.308837890625,27.751607253506148,85.308837890625,27.732160275740252,12.5,266.0,236.33333333333337,2.162408660275157
2026-08-26_0800,2026-08-26 08:00:00,85.308837890625,27.751607253506148,85.28686523437501,27.732160275740252,16.53,46.0,39.333333333333336,3.0581076727116523
2026-08-26_0800,2026-08-26 08:00:00,85.308837890625,27.751607253506148,85.308837890625,27.71270982724965,-4.42,100.0,104.66666666666669,4.325203248135176
2026-08-26_0800,2026-08-26 08:00:00,85.308837890625,27.751607253506148,85.352783203125,27.751607253506148,45.63,24.0,16.166666666666668,4.32443131207219
2026-08-26_0800,2026-08-26 08:00:00,85.308837890625,27.751607253506148,85.330810546875,27.771050758926727,-7.92,30.0,32.666666666666664,3.0575616338228566
2026-08-26_0800,2026-08-26 08:00:00,85.308837890625,27.751607253506148,85.352783203125,27.69325590965681,10.2,17.0,15.333333333333334,7.798066561201203
2026-08-26_0800,2026-08-26 08:00:00,85.308837890625,27.751607253506148,85.330810546875,27.732160275740252,8.51,33.0,30.333333333333332,3.058107672712538
2026-08-26_0800,2026-08-26 08:00:00,85.308837890625,27.751607253506148,85.28686523437501,27.69325590965681,26.92,21.0,16.333333333333332,6.839356819336776
2026-08-26_0800,2026-08-26 08:00:00,85.352783203125,27.732160275740252,85.330810546875,27.732160275740252,-3.88,127.0,132.16666666666666,2.1626016823979852
2026-08-26_0800,2026-08-26 08:00:00,85.308837890625,27.751607253506148,85.308837890625,27.751607253506148,12.44,11116.0,9886.333333333334,3.608553671315128e-14
2026-08-26_0800,2026-08-26 08:00:00,85.308837890625,27.751607253506148,85.352783203125,27.71270982724965,71.43,19.0,10.666666666666666,6.116761105117646
2026-08-26_0800,2026-08-26 08:00:00,85.308837890625,27.751607253506148,85.286865234375,27.751607253506148,38.4,181.0,130.5,2.1622156646545267
2026-08-26_0800,2026-08-26 08:00:00,85.308837890625,27.751607253506148,85.33081054687499,27.71270982724965,-13.51,15.0,17.5,4.83572424717896
2026-08-26_0800,2026-08-26 08:00:00,85.308837890625,27.751607253506148,85.308837890625,27.771050758926727,19.73,179.0,149.33333333333334,2.162022552485689
2026-08-26_0800,2026-08-26 08:00:00,85.308837890625,27.751607253506148,85.352783203125,27.732160275740252,4.76,21.0,20.0,4.835292789532241
2026-08-26_0800,2026-08-26 08:00:00,85.308837890625,27.751607253506148,85.30883789062501,27.790490790383224,0.0,20.0,20.0,4.32365881718449
2026-08-26_0800,2026-08-26 08:00:00,85.308837890625,27.751607253506148,85.28686523437501,27.771050758926727,4.76,32.0,30.5,3.057561633821971
2026-08-26_0800,2026-08-26 08:00:00,85.308837890625,27.751607253506148,85.286865234375,27.71270982724965,64.84,24.0,14.166666666666666,4.83572424718008
2026-08-26_0800,2026-08-26 08:00:00,85.484619140625,27.80992734625884,85.484619140625,27.80992734625884,1.2,13.0,12.833333333333334,1.0595237556502103e-13
2026-08-26_0800,2026-08-26 08:00:00,85.15502929687501,27.907057935466664,85.133056640625,27.907057935466664,-53.85,17.0,38.0,2.1591210567867405
2026-08-26_0800,2026-08-26 08:00:00,85.15502929687501,27.907057935466664,85.15502929687501,27.907057935466664,-65.54,101.0,295.0,5.816231754836267e-14
2026-08-26_0800,2026-08-26 08:00:00,85.155029296875,27.71270982724965,85.155029296875,27.71270982724965,20.28,255.0,211.83333333333337,1.0131527334793077e-13
2026-08-26_0800,2026-08-26 08:00:00,85.308837890625,27.751607253506148,85.33081054687501,27.751607253506148,9.38,135.0,123.33333333333331,2.162215664655779
2026-08-26_0800,2026-08-26 08:00:00,85.352783203125,27.732160275740252,85.330810546875,27.69325590965681,-11.98,48.0,54.666666666666664,4.836587005804376
2026-08-26_0800,2026-08-26 08:00:00,85.352783203125,27.732160275740252,85.308837890625,27.732160275740252,23.12,78.0,63.166666666666664,4.325203347578266
2026-08-26_0800,2026-08-26 08:00:00,85.352783203125,27.732160275740252,85.37475585937499,27.673798524586132,26.92,32.0,25.0,6.840576658796301
2026-08-26_0800,2026-08-26 08:00:00,85.352783203125,27.732160275740252,85.396728515625,27.673798524586132,28.97,22.0,16.833333333333332,7.799457392222397
2026-08-26_0800,2026-08-26 08:00:00,85.352783203125,27.732160275740252,85.396728515625,27.732160275740252,1.05,47.0,46.5,4.325203347577014
2026-08-26_0800,2026-08-26 08:00:00,85.352783203125,27.732160275740252,85.286865234375,27.71270982724965,-5.56,16.0,17.0,6.839357015773804
2026-08-26_0800,2026-08-26 08:00:00,85.352783203125,27.732160275740252,85.33081054687499,27.71270982724965,-3.76,97.0,100.83333333333331,3.05865345675637
2026-08-26_0800,2026-08-26 08:00:00,85.352783203125,27.732160275740252,85.352783203125,27.771050758926727,21.5,64.0,52.5,4.324431212760916
2026-08-26_0800,2026-08-26 08:00:00,85.352783203125,27.732160275740252,85.396728515625,27.751607253506148,3.85,26.0,25.0,4.8352927895312305
2026-08-26_0800,2026-08-26 08:00:00,85.352783203125,27.732160275740252,85.35278320312501,27.65433767366391,29.94,33.0,25.166666666666668,8.653492111773652
2026-08-26_0800,2026-08-26 08:00:00,85.352783203125,27.732160275740252,85.396728515625,27.71270982724965,11.9,46.0,41.0,4.836155749906766
2026-08-26_0800,2026-08-26 08:00:00,85.352783203125,27.732160275740252,85.308837890625,27.751607253506148,14.29,67.0,58.5,4.8352927895323505
2026-08-26_0800,2026-08-26 08:00:00,85.352783203125,27.732160275740252,85.37475585937499,27.771050758926727,-11.93,15.0,17.166666666666668,4.834861085374408
2026-08-26_0800,2026-08-26 08:00:00,85.352783203125,27.732160275740252,85.30883789062499,27.65433767366391,46.51,20.0,13.333333333333334,9.674898279012574
2026-08-26_0800,2026-08-26 08:00:00,85.352783203125,27.732160275740252,85.264892578125,27.69325590965681,36.36,19.0,13.666666666666666,9.673173902946557
2026-08-26_0800,2026-08-26 08:00:00,85.352783203125,27.732160275740252,85.308837890625,27.71270982724965,-0.58,85.0,85.5,4.836155749907886
2026-08-26_0800,2026-08-26 08:00:00,85.352783203125,27.732160275740252,85.374755859375,27.71270982724965,-7.37,108.0,116.66666666666669,3.058653456753713
2026-08-26_0800,2026-08-26 08:00:00,85.352783203125,27.732160275740252,85.352783203125,27.69325590965681,-10.15,64.0,71.34385377692996,4.325974922895328
2026-08-26_0800,2026-08-26 08:00:00,85.352783203125,27.732160275740252,85.418701171875,27.732160275740252,15.71,26.0,22.333333333333332,6.4878049783218845
2026-08-26_0800,2026-08-26 08:00:00,85.352783203125,27.732160275740252,85.33081054687501,27.751607253506148,0.54,92.0,91.5,3.058107672711629
2026-08-26_0800,2026-08-26 08:00:00,85.352783203125,27.732160275740252,85.28686523437501,27.69325590965681,24.68,31.0,24.666666666666668,7.798762185210361
2026-08-26_0800,2026-08-26 08:00:00,85.352783203125,27.732160275740252,85.352783203125,27.71270982724965,10.02,224.0,203.5,2.16279458785999
2026-08-26_0800,2026-08-26 08:00:00,85.352783203125,27.732160275740252,85.330810546875,27.771050758926727,-43.1,10.0,18.333333333333332,4.834861085375527
2026-08-26_0800,2026-08-26 08:00:00,85.352783203125,27.732160275740252,85.308837890625,27.771050758926727,18.18,12.0,10.0,6.115669282158945
2026-08-26_0800,2026-08-26 08:00:00,85.352783203125,27.732160275740252,85.37475585937501,27.69325590965681,-1.03,47.0,47.5,4.836587005804936
2026-08-26_0800,2026-08-26 08:00:00,85.352783203125,27.732160275740252,85.286865234375,27.751607253506148,67.54,28.0,16.308911182657496,6.838136605450694
2026-08-26_0800,2026-08-26 08:00:00,85.352783203125,27.732160275740252,85.374755859375,27.751607253506148,-12.57,50.0,57.333333333333336,3.058107672711629
2026-08-26_0800,2026-08-26 08:00:00,85.352783203125,27.732160275740252,85.374755859375,27.732160275740252,0.1,319.0,318.6666666666667,2.162601682396733
2026-08-26_0800,2026-08-26 08:00:00,85.352783203125,27.732160275740252,85.330810546875,27.673798524586132,6.42,46.0,43.166666666666664,6.840576658797092
2026-08-26_0800,2026-08-26 08:00:00,85.352783203125,27.732160275740252,85.308837890625,27.673798524586132,-30.1,11.0,16.166666666666668,7.799457392223092
2026-08-26_0800,2026-08-26 08:00:00,85.198974609375,27.907057935466664,85.198974609375,27.907057935466664,-82.89,14.0,86.66666666666667,5.816231754836267e-14
2026-08-26_0800,2026-08-26 08:00:00,85.308837890625,27.771050758926727,85.308837890625,27.732160275740252,63.64,38.0,22.833333333333332,4.324431212761069
2026-08-26_0800,2026-08-26 08:00:00,85.374755859375,27.732160275740252,85.37475585937499,27.673798524586132,7.46,11.0,10.166666666666666,6.489540824477553
2026-08-26_0800,2026-08-26 08:00:00,85.308837890625,27.771050758926727,85.308837890625,27.751607253506148,7.18,96.0,89.5,2.1620225524858245
2026-08-26_0800,2026-08-26 08:00:00,85.308837890625,27.71270982724965,85.330810546875,27.673798524586132,11.25,365.0,328.0,4.837449360776172
2026-08-26_0800,2026-08-26 08:00:00,85.308837890625,27.71270982724965,85.418701171875,27.732160275740252,45.16,29.0,19.666666666666668,11.0281315945506
2026-08-26_0800,2026-08-26 08:00:00,85.308837890625,27.71270982724965,85.286865234375,27.65433767366391,5.08,30.0,28.5,6.841795927074654
2026-08-26_0800,2026-08-26 08:00:00,85.308837890625,27.71270982724965,85.330810546875,27.771050758926727,12.2,68.0,60.5,6.838136409357944
2026-08-26_0800,2026-08-26 08:00:00,85.308837890625,27.71270982724965,85.308837890625,27.69325590965681,7.75,796.0,738.6666666666666,2.1631803350353
2026-08-26_0800,2026-08-26 08:00:00,85.308837890625,27.71270982724965,85.374755859375,27.65433767366391,11.28,96.0,86.16666666666667,9.179232424473586
2026-08-26_0800,2026-08-26 08:00:00,85.308837890625,27.71270982724965,85.308837890625,27.71270982724965,7.94,16254.0,15057.666666666666,1.0131527334793077e-13
2026-08-26_0800,2026-08-26 08:00:00,85.308837890625,27.71270982724965,85.396728515625,27.69325590965681,23.76,78.0,62.833333333333336,8.919020940579676
2026-08-26_0800,2026-08-26 08:00:00,85.308837890625,27.71270982724965,85.33081054687499,27.71270982724965,7.9,632.0,585.6666666666666,2.162987519829836
2026-08-26_0800,2026-08-26 08:00:00,85.308837890625,27.71270982724965,85.308837890625,27.6348733585183,33.09,60.0,44.833333333333336,8.65503401588129
2026-08-26_0800,2026-08-26 08:00:00,85.308837890625,27.71270982724965,85.352783203125,27.6348733585183,18.27,40.0,33.666666666666664,9.676622180283577
2026-08-26_0800,2026-08-26 08:00:00,85.308837890625,27.71270982724965,85.220947265625,27.69325590965681,17.48,83.0,70.5,8.919020940580891
2026-08-26_0800,2026-08-26 08:00:00,85.308837890625,27.71270982724965,85.37475585937501,27.69325590965681,5.86,270.0,255.0,6.840576855580046
2026-08-26_0800,2026-08-26 08:00:00,85.308837890625,27.71270982724965,85.242919921875,27.732160275740252,0.88,18.0,17.833333333333332,6.839357015773826
2026-08-26_0800,2026-08-26 08:00:00,85.308837890625,27.71270982724965,85.44067382812499,27.65433767366391,17.07,15.0,12.666666666666666,14.513640361165589
2026-08-26_0800,2026-08-26 08:00:00,85.308837890625,27.71270982724965,85.330810546875,27.790490790383224,-0.97,16.0,16.166666666666668,8.915042954882876
2026-08-26_0800,2026-08-26 08:00:00,85.308837890625,27.71270982724965,85.28686523437501,27.69325590965681,8.21,568.0,524.8333333333334,3.059198985654933
2026-08-26_0800,2026-08-26 08:00:00,85.308837890625,27.71270982724965,85.374755859375,27.751607253506148,51.3,28.0,18.166666666666668,7.797371028608729
2026-08-26_0800,2026-08-26 08:00:00,85.308837890625,27.71270982724965,85.330810546875,27.69325590965681,2.86,407.0,395.6666666666667,3.0591989856558186
2026-08-26_0800,2026-08-26 08:00:00,85.308837890625,27.71270982724965,85.286865234375,27.71270982724965,16.07,708.0,609.8333333333334,2.1629875198323405
2026-08-26_0800,2026-08-26 08:00:00,85.308837890625,27.71270982724965,85.418701171875,27.69325590965681,20.67,35.0,28.833333333333332,11.030098527399492
2026-08-26_0800,2026-08-26 08:00:00,85.308837890625,27.71270982724965,85.396728515625,27.71270982724965,6.43,79.0,74.16666666666667,8.651949907342676
2026-08-26_0800,2026-08-26 08:00:00,85.308837890625,27.71270982724965,85.286865234375,27.751607253506148,10.79,266.0,240.0,4.835724247179597
2026-08-26_0800,2026-08-26 08:00:00,85.308837890625,27.71270982724965,85.330810546875,27.65433767366391,0.85,137.0,135.83333333333334,6.841795927074654
2026-08-26_0800,2026-08-26 08:00:00,85.308837890625,27.71270982724965,85.396728515625,27.732160275740252,10.87,50.0,45.0,8.917430463966953
2026-08-26_0800,2026-08-26 08:00:00,85.308837890625,27.71270982724965,85.374755859375,27.6348733585183,-0.57,28.0,28.166666666666668,10.818792447304109
2026-08-26_0800,2026-08-26 08:00:00,85.308837890625,27.71270982724965,85.528564453125,27.6348733585183,3.03,16.0,15.5,23.3043895027395
2026-08-26_0800,2026-08-26 08:00:00,85.308837890625,27.71270982724965,85.418701171875,27.71270982724965,51.35,27.0,17.5,10.814937255189546
2026-08-26_0800,2026-08-26 08:00:00,85.308837890625,27.71270982724965,85.352783203125,27.751607253506148,7.36,208.0,193.66666666666663,6.116761105117507
2026-08-26_0800,2026-08-26 08:00:00,85.308837890625,27.71270982724965,85.308837890625,27.771050758926727,15.92,141.0,121.5,6.487225800620917
2026-08-26_0800,2026-08-26 08:00:00,85.35278320312501,27.65433767366391,85.33081054687499,27.71270982724965,23.53,13.0,10.333333333333334,6.841795927075609
2026-08-26_0800,2026-08-26 08:00:00,85.35278320312501,27.65433767366391,85.308837890625,27.71270982724965,29.41,21.0,16.0,7.800847571996901
2026-08-26_0800,2026-08-26 08:00:00,85.35278320312501,27.65433767366391,85.352783203125,27.71270982724965,-21.43,10.0,13.0,6.490697523913687
2026-08-26_0800,2026-08-26 08:00:00,85.616455078125,27.751607253506148,85.616455078125,27.751607253506148,0.56,29.0,28.833333333333332,3.608553671315128e-14
2026-08-26_0800,2026-08-26 08:00:00,85.308837890625,27.71270982724965,85.352783203125,27.771050758926727,7.14,124.0,115.66666666666669,7.7966750796873425
2026-08-26_0800,2026-08-26 08:00:00,85.308837890625,27.71270982724965,85.308837890625,27.732160275740252,10.47,1014.0,917.8333333333334,2.1627945878600388
2026-08-26_0800,2026-08-26 08:00:00,85.308837890625,27.71270982724965,85.286865234375,27.673798524586132,12.18,131.0,116.66666666666669,4.837449360776172
2026-08-26_0800,2026-08-26 08:00:00,85.308837890625,27.71270982724965,85.352783203125,27.732160275740252,15.49,347.0,300.3333333333333,4.836155749907757
2026-08-26_0800,2026-08-26 08:00:00,85.308837890625,27.71270982724965,85.26489257812501,27.71270982724965,20.25,191.0,158.66666666666666,4.325975022463635
2026-08-26_0800,2026-08-26 08:00:00,85.308837890625,27.71270982724965,85.37475585937499,27.771050758926727,21.66,43.0,35.166666666666664,9.174322665836147
2026-08-26_0800,2026-08-26 08:00:00,85.308837890625,27.71270982724965,85.33081054687501,27.751607253506148,13.74,348.0,305.8333333333333,4.835724247180157
2026-08-26_0800,2026-08-26 08:00:00,85.308837890625,27.71270982724965,85.28686523437501,27.732160275740252,12.59,743.0,659.8333333333334,3.0586534567535355
2026-08-26_0800,2026-08-26 08:00:00,85.308837890625,27.71270982724965,85.396728515625,27.6348733585183,-2.04,15.0,15.333333333333334,12.2400663174369
2026-08-26_0800,2026-08-26 08:00:00,85.308837890625,27.71270982724965,85.418701171875,27.673798524586132,1.98,59.0,57.833333333333336,11.650120540693658
2026-08-26_0800,2026-08-26 08:00:00,85.308837890625,27.71270982724965,85.30883789062501,27.790490790383224,-1.82,17.0,17.333333333333332,8.648862065319532
2026-08-26_0800,2026-08-26 08:00:00,85.308837890625,27.71270982724965,85.242919921875,27.71270982724965,4.65,14.0,13.333333333333334,6.488962490702854
2026-08-26_0800,2026-08-26 08:00:00,85.308837890625,27.71270982724965,85.308837890625,27.751607253506148,18.88,636.0,534.8333333333334,4.3252032481350495
2026-08-26_0800,2026-08-26 08:00:00,85.308837890625,27.71270982724965,85.242919921875,27.69325590965681,10.6,119.0,107.5,6.84057685557886
2026-08-26_0800,2026-08-26 08:00:00,85.308837890625,27.71270982724965,85.264892578125,27.65433767366391,38.46,20.0,14.166666666666666,7.800847571996221
2026-08-26_0800,2026-08-26 08:00:00,85.308837890625,27.71270982724965,85.24291992187501,27.673798524586132,44.0,83.0,57.333333333333336,7.800152690940106
2026-08-26_0800,2026-08-26 08:00:00,85.308837890625,27.71270982724965,85.396728515625,27.673798524586132,14.57,134.0,116.83333333333331,9.674898613145617
2026-08-26_0800,2026-08-26 08:00:00,85.308837890625,27.71270982724965,85.330810546875,27.6348733585183,27.54,70.0,54.666666666666664,8.921404855972412
2026-08-26_0800,2026-08-26 08:00:00,85.308837890625,27.71270982724965,85.440673828125,27.673798524586132,27.12,49.0,38.333333333333336,13.682372490842738
2026-08-26_0800,2026-08-26 08:00:00,85.308837890625,27.71270982724965,85.396728515625,27.65433767366391,-1.0,32.0,32.333333333333336,10.81782907739629
2026-08-26_0800,2026-08-26 08:00:00,85.308837890625,27.71270982724965,85.264892578125,27.673798524586132,11.08,116.0,104.33333333333331,6.118943220473297
2026-08-26_0800,2026-08-26 08:00:00,85.308837890625,27.71270982724965,85.264892578125,27.69325590965681,8.89,244.0,224.0,4.8370183068672015
2026-08-26_0800,2026-08-26 08:00:00,85.308837890625,27.71270982724965,85.352783203125,27.615405580779363,-0.69,23.0,23.166666666666668,11.653233303357302
2026-08-26_0800,2026-08-26 08:00:00,85.308837890625,27.71270982724965,85.418701171875,27.65433767366391,14.29,31.0,27.0,12.615648058547391
2026-08-26_0800,2026-08-26 08:00:00,85.308837890625,27.71270982724965,85.264892578125,27.732160275740252,17.53,37.0,31.333333333333332,4.836155749907757
2026-08-26_0800,2026-08-26 08:00:00,85.308837890625,27.71270982724965,85.462646484375,27.65433767366391,5.88,11.0,10.333333333333334,16.477225679759147
2026-08-26_0800,2026-08-26 08:00:00,85.33081054687501,27.751607253506148,85.374755859375,27.71270982724965,-2.7,23.0,23.666666666666668,6.116761105115875
2026-08-26_0800,2026-08-26 08:00:00,85.33081054687501,27.751607253506148,85.330810546875,27.771050758926727,-2.86,101.0,104.0,2.162022552485689
2026-08-26_0800,2026-08-26 08:00:00,85.33081054687501,27.751607253506148,85.352783203125,27.751607253506148,19.52,99.0,82.66666666666667,2.162215664653275
2026-08-26_0800,2026-08-26 08:00:00,85.33081054687501,27.751607253506148,85.352783203125,27.732160275740252,18.66,70.0,58.833333333333336,3.0581076727116523
2026-08-26_0800,2026-08-26 08:00:00,85.33081054687501,27.751607253506148,85.28686523437501,27.732160275740252,13.04,38.0,33.5,4.835292789532241
2026-08-26_0800,2026-08-26 08:00:00,85.33081054687501,27.751607253506148,85.330810546875,27.673798524586132,-17.07,16.0,19.5,8.651949484752839
2026-08-26_0800,2026-08-26 08:00:00,85.33081054687501,27.751607253506148,85.37475585937501,27.69325590965681,32.63,20.0,14.833333333333334,7.798066561201203
2026-08-26_0800,2026-08-26 08:00:00,85.33081054687501,27.751607253506148,85.286865234375,27.71270982724965,7.14,19.0,17.666666666666668,6.116761105118531
2026-08-26_0800,2026-08-26 08:00:00,85.33081054687501,27.751607253506148,85.28686523437501,27.69325590965681,22.83,25.0,20.166666666666668,7.798066561201203
2026-08-26_0800,2026-08-26 08:00:00,85.33081054687501,27.751607253506148,85.30883789062499,27.65433767366391,5.88,11.0,10.333333333333334,11.030097810258248
2026-08-26_0800,2026-08-26 08:00:00,85.33081054687501,27.751607253506148,85.35278320312499,27.673798524586132,72.41,24.0,13.5,8.918225394025082
2026-08-26_0800,2026-08-26 08:00:00,85.33081054687501,27.751607253506148,85.352783203125,27.771050758926727,-11.82,42.0,47.76130465407281,3.057561633821971
2026-08-26_0800,2026-08-26 08:00:00,85.33081054687501,27.751607253506148,85.374755859375,27.732160275740252,-14.29,24.0,28.166666666666668,4.835292789530001
2026-08-26_0800,2026-08-26 08:00:00,85.33081054687501,27.751607253506148,85.37475585937499,27.771050758926727,5.41,12.0,11.333333333333334,4.834429426204551
2026-08-26_0800,2026-08-26 08:00:00,85.33081054687501,27.751607253506148,85.352783203125,27.69325590965681,17.16,32.0,27.166666666666668,6.839356819336776
2026-08-26_0800,2026-08-26 08:00:00,85.33081054687501,27.751607253506148,85.308837890625,27.71270982724965,1.75,57.0,56.0,4.83572424718064
2026-08-26_0800,2026-08-26 08:00:00,85.33081054687501,27.751607253506148,85.308837890625,27.771050758926727,-5.04,21.0,22.166666666666668,3.0575616338237412
2026-08-26_0800,2026-08-26 08:00:00,85.33081054687501,27.751607253506148,85.330810546875,27.65433767366391,26.32,15.0,11.666666666666666,10.815900772048977
2026-08-26_0800,2026-08-26 08:00:00,85.33081054687501,27.751607253506148,85.308837890625,27.751607253506148,11.82,163.0,145.66666666666666,2.162215664655779
2026-08-26_0800,2026-08-26 08:00:00,85.33081054687501,27.751607253506148,85.37475585937499,27.673798524586132,9.09,17.0,15.5,9.67317356949725
2026-08-26_0800,2026-08-26 08:00:00,85.66040039062499,27.926473604009228,85.66040039062499,27.926473604009228,-13.7,41.0,47.666666666666664,2.0222549497249037e-15
2026-08-26_0800,2026-08-26 08:00:00,85.045166015625,27.771050758926727,85.045166015625,27.771050758926727,-3.23,29.0,30.0,1.2207854514058405e-13
2026-08-26_0800,2026-08-26 08:00:00,85.484619140625,27.732160275740252,85.484619140625,27.732160275740252,10.71,61.0,55.0,1.67670491015947e-13
2026-08-26_0800,2026-08-26 08:00:00,85.63842773437499,27.907057935466664,85.63842773437499,27.907057935466664,22.73,35.0,28.333333333333332,5.816231754836267e-14
2026-08-26_0800,2026-08-26 08:00:00,85.198974609375,27.751607253506148,85.198974609375,27.751607253506148,51.18,31.0,20.166666666666668,3.608553671315128e-14
2026-08-26_0800,2026-08-26 08:00:00,85.770263671875,27.771050758926727,85.770263671875,27.771050758926727,25.52,49.0,38.833333333333336,1.2207854514058405e-13
2026-08-26_0800,2026-08-26 08:00:00,85.33081054687501,27.751607253506148,85.33081054687501,27.751607253506148,5.81,8091.0,7646.666666666667,3.608553671315128e-14
2026-08-26_0800,2026-08-26 08:00:00,85.33081054687501,27.751607253506148,85.308837890625,27.69325590965681,11.63,23.0,20.5,6.839356819337568
2026-08-26_0800,2026-08-26 08:00:00,85.33081054687501,27.751607253506148,85.330810546875,27.732160275740252,-2.17,142.0,145.16666666666666,2.162408660275157
2026-08-26_0800,2026-08-26 08:00:00,85.33081054687501,27.751607253506148,85.330810546875,27.69325590965681,29.11,33.0,25.333333333333332,6.488383583170239
2026-08-26_0800,2026-08-26 08:00:00,85.308837890625,27.71270982724965,85.37475585937499,27.673798524586132,14.44,209.0,182.5,7.800152690940106
2026-08-26_0800,2026-08-26 08:00:00,85.308837890625,27.71270982724965,85.330810546875,27.615405580779363,29.31,24.0,18.333333333333332,11.03402890878744
2026-08-26_0800,2026-08-26 08:00:00,85.308837890625,27.71270982724965,85.28686523437501,27.771050758926727,-8.06,37.0,40.333333333333336,6.838136409357548
2026-08-26_0800,2026-08-26 08:00:00,85.308837890625,27.71270982724965,85.35278320312501,27.65433767366391,6.77,204.0,191.0,7.800847571996917
2026-08-26_0800,2026-08-26 08:00:00,85.308837890625,27.71270982724965,85.418701171875,27.751607253506148,-15.38,10.0,12.0,11.645965916048672
2026-08-26_0800,2026-08-26 08:00:00,85.308837890625,27.71270982724965,85.374755859375,27.71270982724965,0.84,179.0,177.5,6.488962490701603
2026-08-26_0800,2026-08-26 08:00:00,85.308837890625,27.71270982724965,85.30883789062499,27.65433767366391,5.97,138.0,130.16666666666666,6.490697523913854
2026-08-26_0800,2026-08-26 08:00:00,85.308837890625,27.71270982724965,85.396728515625,27.751607253506148,7.87,15.0,13.833333333333334,9.67144838543921
2026-08-26_0800,2026-08-26 08:00:00,85.308837890625,27.71270982724965,85.308837890625,27.673798524586132,22.4,203.0,165.66666666666666,4.326746236617482
2026-08-26_0800,2026-08-26 08:00:00,85.308837890625,27.71270982724965,85.374755859375,27.732160275740252,11.26,134.0,120.33333333333331,6.839357015772637
2026-08-26_0800,2026-08-26 08:00:00,85.308837890625,27.71270982724965,85.308837890625,27.615405580779363,32.56,18.0,13.333333333333334,10.81975553126278
2026-08-26_0800,2026-08-26 08:00:00,85.308837890625,27.71270982724965,85.330810546875,27.732160275740252,-7.49,285.0,308.1666666666667,3.058653456754421
2026-08-26_0800,2026-08-26 08:00:00,85.308837890625,27.71270982724965,85.352783203125,27.69325590965681,14.94,290.0,252.16666666666663,4.8370183068672015
2026-08-26_0800,2026-08-26 08:00:00,85.308837890625,27.71270982724965,85.35278320312499,27.673798524586132,4.93,318.0,303.0,6.118943220471525
2026-08-26_0800,2026-08-26 08:00:00,85.308837890625,27.71270982724965,85.352783203125,27.71270982724965,13.12,239.0,211.16666666666663,4.32597502246614
2026-08-26_0800,2026-08-26 08:00:00,85.770263671875,27.80992734625884,85.770263671875,27.80992734625884,27.15,63.0,49.333333333333336,1.0595237556502103e-13
2026-08-26_0800,2026-08-26 08:00:00,85.11108398437501,27.732160275740252,85.11108398437501,27.732160275740252,25.15,33.0,26.166666666666668,1.67670491015947e-13
2026-08-26_0800,2026-08-26 08:00:00,85.572509765625,27.790490790383224,85.572509765625,27.790490790383224,29.73,71.0,54.5,2.1366837619491137e-14
2026-08-26_0800,2026-08-26 08:00:00,85.13305664062499,27.732160275740252,85.13305664062499,27.732160275740252,33.22,251.0,188.16666666666663,1.67670491015947e-13
2026-08-26_0800,2026-08-26 08:00:00,85.198974609375,27.71270982724965,85.198974609375,27.71270982724965,15.34,103.0,89.16666666666667,1.0131527334793077e-13
2026-08-26_0800,2026-08-26 08:00:00,85.506591796875,27.771050758926727,85.506591796875,27.771050758926727,-6.02,25.0,26.666666666666668,1.2207854514058405e-13
2026-08-26_0800,2026-08-26 08:00:00,85.133056640625,27.751607253506148,85.133056640625,27.751607253506148,46.34,19.0,12.666666666666666,3.608553671315128e-14
2026-08-26_0800,2026-08-26 08:00:00,85.33081054687501,27.751607253506148,85.286865234375,27.751607253506148,32.35,29.0,21.666666666666668,4.324431312073442
2026-08-26_0800,2026-08-26 08:00:00,85.33081054687501,27.751607253506148,85.33081054687499,27.71270982724965,-3.15,40.0,41.333333333333336,4.325203248135176
2026-08-26_0800,2026-08-26 08:00:00,85.33081054687501,27.751607253506148,85.352783203125,27.71270982724965,-9.68,27.0,30.0,4.83572424717952
2026-08-26_0800,2026-08-26 08:00:00,85.33081054687501,27.751607253506148,85.308837890625,27.732160275740252,8.45,123.0,113.33333333333331,3.058107672713423
2026-08-26_0800,2026-08-26 08:00:00,85.33081054687501,27.751607253506148,85.264892578125,27.69325590965681,80.82,21.0,11.166666666666666,9.175960017779818
2026-08-26_0800,2026-08-26 08:00:00,85.08911132812501,27.751607253506148,85.08911132812501,27.751607253506148,-8.2,27.0,29.5,3.608553671315128e-14
2026-08-26_0800,2026-08-26 08:00:00,85.61645507812501,27.71270982724965,85.61645507812501,27.71270982724965,4.43,168.0,160.83333333333334,1.0131527334793077e-13
2026-08-26_0800,2026-08-26 08:00:00,85.133056640625,27.907057935466664,85.133056640625,27.907057935466664,-60.91,93.0,239.5,5.816231754836267e-14
2026-08-26_0800,2026-08-26 08:00:00,85.264892578125,27.732160275740252,85.264892578125,27.732160275740252,14.57,581.0,507.0,1.67670491015947e-13
2026-08-26_0800,2026-08-26 08:00:00,85.352783203125,27.71270982724965,85.396728515625,27.71270982724965,-8.16,121.0,131.83333333333334,4.325975022464887
2026-08-26_0800,2026-08-26 08:00:00,85.352783203125,27.71270982724965,85.352783203125,27.6348733585183,45.45,15.0,10.0,8.65503401588129
2026-08-26_0800,2026-08-26 08:00:00,85.352783203125,27.71270982724965,85.26489257812501,27.71270982724965,30.91,23.0,17.333333333333332,8.651949907341423
2026-08-26_0800,2026-08-26 08:00:00,85.352783203125,27.71270982724965,85.33081054687499,27.71270982724965,5.08,254.0,241.66666666666663,2.162987519834845
2026-08-26_0800,2026-08-26 08:00:00,85.352783203125,27.71270982724965,85.418701171875,27.673798524586132,13.79,21.0,18.333333333333332,7.800152690941148
2026-08-26_0800,2026-08-26 08:00:00,85.352783203125,27.71270982724965,85.418701171875,27.751607253506148,20.0,34.0,28.166666666666668,7.797371028608729
2026-08-26_0800,2026-08-26 08:00:00,85.352783203125,27.71270982724965,85.264892578125,27.69325590965681,-12.9,26.0,30.0,8.919020940580891
2026-08-26_0800,2026-08-26 08:00:00,85.352783203125,27.71270982724965,85.396728515625,27.732160275740252,-6.67,104.0,111.5,4.836155749906638
2026-08-26_0800,2026-08-26 08:00:00,85.352783203125,27.71270982724965,85.330810546875,27.6348733585183,5.88,20.0,18.833333333333332,8.921404855972412
2026-08-26_0800,2026-08-26 08:00:00,85.352783203125,27.71270982724965,85.37475585937499,27.673798524586132,7.05,80.0,74.66666666666667,4.837449360775052
2026-08-26_0800,2026-08-26 08:00:00,85.352783203125,27.71270982724965,85.440673828125,27.673798524586132,-33.94,11.0,17.166666666666668,9.674898613145617
2026-08-26_0800,2026-08-26 08:00:00,85.352783203125,27.71270982724965,85.286865234375,27.751607253506148,-3.65,21.0,21.833333333333332,7.797371028609769
2026-08-26_0800,2026-08-26 08:00:00,85.352783203125,27.71270982724965,85.330810546875,27.673798524586132,3.45,74.0,71.5,4.837449360776172
2026-08-26_0800,2026-08-26 08:00:00,85.352783203125,27.71270982724965,85.374755859375,27.71270982724965,-0.89,462.0,466.1666666666667,2.162987519831088
2026-08-26_0800,2026-08-26 08:00:00,85.352783203125,27.71270982724965,85.28686523437501,27.69325590965681,-9.62,46.0,51.0,6.84057685557767
2026-08-26_0800,2026-08-26 08:00:00,85.352783203125,27.71270982724965,85.352783203125,27.732160275740252,5.36,569.0,540.0,2.1627945878600388
2026-08-26_0800,2026-08-26 08:00:00,85.352783203125,27.71270982724965,85.374755859375,27.751607253506148,2.13,31.0,30.333333333333332,4.835724247179037
2026-08-26_0800,2026-08-26 08:00:00,85.352783203125,27.71270982724965,85.286865234375,27.673798524586132,28.21,24.0,18.5,7.80015269094219
2026-08-26_0800,2026-08-26 08:00:00,85.352783203125,27.71270982724965,85.308837890625,27.69325590965681,-13.77,47.0,54.666666666666664,4.8370183068672015
2026-08-26_0800,2026-08-26 08:00:00,85.352783203125,27.71270982724965,85.396728515625,27.673798524586132,-3.31,38.0,39.333333333333336,6.118943220472411
2026-08-26_0800,2026-08-26 08:00:00,85.352783203125,27.71270982724965,85.418701171875,27.71270982724965,36.05,38.0,27.666666666666668,6.488962490701603
2026-08-26_0800,2026-08-26 08:00:00,85.352783203125,27.71270982724965,85.374755859375,27.65433767366391,12.28,31.0,27.5,6.841795927074258
2026-08-26_0800,2026-08-26 08:00:00,85.352783203125,27.71270982724965,85.30883789062499,27.65433767366391,-17.02,25.0,30.333333333333332,7.800847571996221
2026-08-26_0800,2026-08-26 08:00:00,85.352783203125,27.71270982724965,85.35278320312501,27.65433767366391,11.3,63.0,56.5,6.490697523913854
2026-08-26_0800,2026-08-26 08:00:00,85.352783203125,27.71270982724965,85.418701171875,27.732160275740252,5.25,53.0,50.30464506270516,6.839357015772637
2026-08-26_0800,2026-08-26 08:00:00,85.352783203125,27.71270982724965,85.308837890625,27.732160275740252,6.85,90.0,84.16666666666667,4.836155749907757
2026-08-26_0800,2026-08-26 08:00:00,85.352783203125,27.71270982724965,85.352783203125,27.69325590965681,-3.88,226.0,235.16666666666663,2.1631803350353
2026-08-26_0800,2026-08-26 08:00:00,85.352783203125,27.71270982724965,85.374755859375,27.732160275740252,1.06,366.0,362.1666666666667,3.0586534567535355
2026-08-26_0800,2026-08-26 08:00:00,85.352783203125,27.71270982724965,85.418701171875,27.69325590965681,29.11,16.0,12.166666666666666,6.84057685557767
2026-08-26_0800,2026-08-26 08:00:00,85.352783203125,27.71270982724965,85.396728515625,27.69325590965681,-8.2,27.0,29.5,4.8370183068660815
2026-08-26_0800,2026-08-26 08:00:00,84.91333007812501,27.907057935466664,84.91333007812501,27.907057935466664,9.67,103.0,93.83333333333331,5.816231754836267e-14
2026-08-26_0800,2026-08-26 08:00:00,85.594482421875,27.86821614426037,85.594482421875,27.86821614426037,31.09,25.0,18.833333333333332,1.6325720028447766e-13
2026-08-26_0800,2026-08-26 08:00:00,85.264892578125,27.80992734625884,85.264892578125,27.80992734625884,-31.76,28.0,41.5,1.0595237556502103e-13
2026-08-26_0800,2026-08-26 08:00:00,85.286865234375,27.907057935466664,85.286865234375,27.907057935466664,-66.51,11.0,34.833333333333336,5.816231754836267e-14
2026-08-26_0800,2026-08-26 08:00:00,85.330810546875,27.790490790383224,85.330810546875,27.790490790383224,-9.54,416.0,460.0,2.1366837619491137e-14
2026-08-26_0800,2026-08-26 08:00:00,85.484619140625,27.829360424938628,85.484619140625,27.829360424938628,18.31,13.0,10.833333333333334,5.538235803950223e-15
2026-08-26_0800,2026-08-26 08:00:00,85.396728515625,27.71270982724965,85.418701171875,27.71270982724965,59.54,45.0,27.833333333333332,2.1629875198323405
2026-08-26_0800,2026-08-26 08:00:00,85.396728515625,27.71270982724965,85.352783203125,27.69325590965681,9.09,15.0,13.666666666666666,4.8370183068660815
2026-08-26_0800,2026-08-26 08:00:00,85.396728515625,27.71270982724965,85.374755859375,27.71270982724965,13.6,102.0,89.66666666666667,2.1629875198323405
2026-08-26_0800,2026-08-26 08:00:00,85.396728515625,27.71270982724965,85.396728515625,27.69325590965681,-28.99,19.0,27.166666666666668,2.1631803350353
2026-08-26_0800,2026-08-26 08:00:00,85.396728515625,27.71270982724965,85.352783203125,27.71270982724965,-26.83,14.0,19.5,4.325975022464887
2026-08-26_0800,2026-08-26 08:00:00,85.396728515625,27.71270982724965,85.396728515625,27.732160275740252,6.29,30.0,28.166666666666668,2.1627945878600388
2026-08-26_0800,2026-08-26 08:00:00,85.352783203125,27.71270982724965,85.396728515625,27.751607253506148,-3.5,45.0,46.666666666666664,6.116761105116622
2026-08-26_0800,2026-08-26 08:00:00,85.396728515625,27.71270982724965,85.374755859375,27.732160275740252,-17.7,30.0,36.666666666666664,3.058653456754421
2026-08-26_0800,2026-08-26 08:00:00,85.396728515625,27.71270982724965,85.418701171875,27.732160275740252,8.27,23.0,21.166666666666668,3.058653456754421
2026-08-26_0800,2026-08-26 08:00:00,85.396728515625,27.71270982724965,85.37475585937501,27.69325590965681,29.52,48.0,36.833333333333336,3.059198985654047
2026-08-26_0800,2026-08-26 08:00:00,85.770263671875,27.907057935466664,85.770263671875,27.907057935466664,48.15,19.0,12.5,5.816231754836267e-14
2026-08-26_0800,2026-08-26 08:00:00,85.242919921875,27.732160275740252,85.242919921875,27.732160275740252,12.71,370.0,328.1666666666667,1.67670491015947e-13
2026-08-26_0800,2026-08-26 08:00:00,85.067138671875,27.751607253506148,85.067138671875,27.751607253506148,18.02,154.0,130.33333333333334,3.608553671315128e-14
2026-08-26_0800,2026-08-26 08:00:00,85.352783203125,27.71270982724965,85.308837890625,27.71270982724965,0.82,122.0,121.0,4.32597502246614
2026-08-26_0800,2026-08-26 08:00:00,85.352783203125,27.71270982724965,85.35278320312499,27.673798524586132,9.09,135.0,123.66666666666669,4.326746236617482
2026-08-26_0800,2026-08-26 08:00:00,85.352783203125,27.71270982724965,85.286865234375,27.71270982724965,26.83,51.0,40.0,6.488962490702854
2026-08-26_0800,2026-08-26 08:00:00,85.352783203125,27.71270982724965,85.308837890625,27.673798524586132,-16.06,26.0,31.166666666666668,6.118943220473297
2026-08-26_0800,2026-08-26 08:00:00,85.352783203125,27.71270982724965,85.308837890625,27.751607253506148,-12.78,57.0,65.5,6.116761105117507
2026-08-26_0800,2026-08-26 08:00:00,85.352783203125,27.71270982724965,85.396728515625,27.65433767366391,47.06,24.0,16.0,7.800847571995526
2026-08-26_0800,2026-08-26 08:00:00,85.352783203125,27.71270982724965,85.352783203125,27.71270982724965,8.16,9092.0,8406.166666666666,1.0131527334793077e-13
2026-08-26_0800,2026-08-26 08:00:00,85.396728515625,27.71270982724965,85.396728515625,27.71270982724965,9.3,3837.0,3510.3333333333335,1.0131527334793077e-13
2026-08-26_0800,2026-08-26 08:00:00,85.352783203125,27.71270982724965,85.440673828125,27.751607253506148,-14.29,10.0,11.833333333333334,9.67144838543921
2026-08-26_0800,2026-08-26 08:00:00,85.352783203125,27.71270982724965,85.33081054687501,27.751607253506148,-0.55,90.0,90.5,4.835724247179037
2026-08-26_0800,2026-08-26 08:00:00,85.352783203125,27.71270982724965,85.330810546875,27.771050758926727,-10.64,13.0,14.666666666666666,6.838136409357944
2026-08-26_0800,2026-08-26 08:00:00,85.352783203125,27.69325590965681,85.330810546875,27.732160275740252,-0.73,67.0,67.5,4.836587005804419
2026-08-26_0800,2026-08-26 08:00:00,85.352783203125,27.69325590965681,85.352783203125,27.751607253506148,-5.35,55.0,58.166666666666664,6.488383583170236
2026-08-26_0800,2026-08-26 08:00:00,85.352783203125,27.69325590965681,85.374755859375,27.71270982724965,8.09,146.0,135.0,3.0591989856546267
2026-08-26_0800,2026-08-26 08:00:00,85.352783203125,27.69325590965681,85.308837890625,27.771050758926727,44.3,18.0,12.166666666666666,9.671448052679809
2026-08-26_0800,2026-08-26 08:00:00,85.352783203125,27.69325590965681,85.418701171875,27.732160275740252,30.69,21.0,15.833333333333334,7.798762185210407
2026-08-26_0800,2026-08-26 08:00:00,85.352783203125,27.69325590965681,85.396728515625,27.732160275740252,0.7,23.0,22.833333333333332,6.1178524180870175
2026-08-26_0800,2026-08-26 08:00:00,85.352783203125,27.69325590965681,85.26489257812501,27.71270982724965,-2.44,19.0,19.5,8.919020940578477
2026-08-26_0800,2026-08-26 08:00:00,85.352783203125,27.69325590965681,85.308837890625,27.71270982724965,19.02,121.0,101.5,4.83701830686697
2026-08-26_0800,2026-08-26 08:00:00,85.352783203125,27.69325590965681,85.352783203125,27.732160275740252,-5.95,128.0,136.16666666666666,4.3259749228953055
2026-08-26_0800,2026-08-26 08:00:00,85.352783203125,27.69325590965681,85.286865234375,27.71270982724965,-16.35,28.0,33.666666666666664,6.840576855578826
2026-08-26_0800,2026-08-26 08:00:00,85.352783203125,27.69325590965681,85.396728515625,27.71270982724965,-0.52,63.0,63.333333333333336,4.83701830686585
2026-08-26_0800,2026-08-26 08:00:00,85.352783203125,27.69325590965681,85.33081054687501,27.751607253506148,19.68,74.0,61.666666666666664,6.8393568193368255
2026-08-26_0800,2026-08-26 08:00:00,85.352783203125,27.69325590965681,85.352783203125,27.71270982724965,6.84,202.0,189.0,2.163180335035057
2026-08-26_0800,2026-08-26 08:00:00,85.352783203125,27.69325590965681,85.28686523437501,27.732160275740252,20.54,44.0,36.333333333333336,7.798762185210407
2026-08-26_0800,2026-08-26 08:00:00,85.352783203125,27.69325590965681,85.308837890625,27.751607253506148,-7.17,40.0,43.166666666666664,7.798066561201221
2026-08-26_0800,2026-08-26 08:00:00,85.352783203125,27.69325590965681,85.374755859375,27.732160275740252,-2.62,61.0,62.666666666666664,4.83658700580386
2026-08-26_0800,2026-08-26 08:00:00,85.242919921875,27.69325590965681,85.308837890625,27.732160275740252,15.66,15.0,12.833333333333334,7.79876218521145
2026-08-26_0800,2026-08-26 08:00:00,85.242919921875,27.69325590965681,85.308837890625,27.71270982724965,-9.52,18.0,20.0,6.840576855578826
2026-08-26_0800,2026-08-26 08:00:00,85.242919921875,27.69325590965681,85.242919921875,27.71270982724965,22.73,17.0,13.666666666666666,2.163180335035057
2026-08-26_0800,2026-08-26 08:00:00,85.242919921875,27.69325590965681,85.220947265625,27.71270982724965,23.53,13.0,10.333333333333334,3.059198985655512
2026-08-26_0800,2026-08-26 08:00:00,85.242919921875,27.69325590965681,85.26489257812501,27.71270982724965,-10.0,11.0,12.333333333333334,3.0591989856572828
2026-08-26_0800,2026-08-26 08:00:00,85.550537109375,27.86821614426037,85.550537109375,27.86821614426037,26.32,19.0,14.833333333333334,1.6325720028447766e-13
2026-08-26_0800,2026-08-26 08:00:00,85.28686523437501,27.771050758926727,85.308837890625,27.751607253506148,31.25,20.0,15.0,3.0575616338222464
2026-08-26_0800,2026-08-26 08:00:00,85.28686523437501,27.771050758926727,85.28686523437501,27.771050758926727,20.61,754.0,625.0,1.2207854514058405e-13
2026-08-26_0800,2026-08-26 08:00:00,85.28686523437501,27.771050758926727,85.308837890625,27.771050758926727,65.79,20.0,11.666666666666666,2.161829466810763
2026-08-26_0800,2026-08-26 08:00:00,85.264892578125,27.732160275740252,85.26489257812501,27.71270982724965,23.29,14.0,11.166666666666666,2.16279458785999
2026-08-26_0800,2026-08-26 08:00:00,85.352783203125,27.69325590965681,85.352783203125,27.771050758926727,-2.33,27.0,27.666666666666668,8.650406135655993
2026-08-26_0800,2026-08-26 08:00:00,85.352783203125,27.69325590965681,85.33081054687499,27.71270982724965,11.2,143.0,128.5,3.0591989856572828
2026-08-26_0800,2026-08-26 08:00:00,85.352783203125,27.69325590965681,85.308837890625,27.732160275740252,14.77,100.0,87.0,6.117852418087902
2026-08-26_0800,2026-08-26 08:00:00,85.308837890625,27.771050758926727,85.33081054687501,27.751607253506148,41.67,16.0,11.0,3.0575616338240175
2026-08-26_0800,2026-08-26 08:00:00,85.352783203125,27.71270982724965,85.330810546875,27.65433767366391,22.08,46.0,37.5,6.841795927074654
2026-08-26_0800,2026-08-26 08:00:00,85.352783203125,27.71270982724965,85.352783203125,27.751607253506148,3.34,128.0,123.83333333333331,4.3252032481350495
2026-08-26_0800,2026-08-26 08:00:00,85.352783203125,27.71270982724965,85.28686523437501,27.732160275740252,30.81,45.0,34.166666666666664,6.839357015772637
2026-08-26_0800,2026-08-26 08:00:00,85.352783203125,27.71270982724965,85.330810546875,27.732160275740252,30.27,103.0,78.83333333333333,3.058653456754421
2026-08-26_0800,2026-08-26 08:00:00,85.352783203125,27.71270982724965,85.308837890625,27.771050758926727,11.54,28.0,25.0,7.7966750796873425
2026-08-26_0800,2026-08-26 08:00:00,85.352783203125,27.71270982724965,85.37475585937501,27.69325590965681,13.68,150.0,131.83333333333334,3.059198985656705
2026-08-26_0800,2026-08-26 08:00:00,85.352783203125,27.71270982724965,85.352783203125,27.771050758926727,-33.84,28.0,42.833333333333336,6.487225800620917
2026-08-26_0800,2026-08-26 08:00:00,85.352783203125,27.71270982724965,85.440673828125,27.732160275740252,33.98,22.0,16.166666666666668,8.917430463966953
2026-08-26_0800,2026-08-26 08:00:00,85.352783203125,27.71270982724965,85.242919921875,27.69325590965681,20.0,13.0,10.666666666666666,11.03009852740072
2026-08-26_0800,2026-08-26 08:00:00,85.352783203125,27.71270982724965,85.462646484375,27.732160275740252,-8.33,10.0,11.0,11.0281315945506
2026-08-26_0800,2026-08-26 08:00:00,85.352783203125,27.71270982724965,85.330810546875,27.69325590965681,-1.2,123.0,124.5,3.0591989856558186
2026-08-26_0800,2026-08-26 08:00:00,85.352783203125,27.71270982724965,85.418701171875,27.65433767366391,0.0,11.0,11.0,9.179232424473586
2026-08-26_0800,2026-08-26 08:00:00,85.352783203125,27.71270982724965,85.24291992187501,27.673798524586132,7.46,11.0,10.166666666666666,11.650120540692493
2026-08-26_0800,2026-08-26 08:00:00,85.660400390625,27.94588578570596,85.660400390625,27.94588578570596,-20.0,15.0,19.0,2.2447252227959835e-14
2026-08-26_0800,2026-08-26 08:00:00,85.242919921875,27.771050758926727,85.242919921875,27.771050758926727,28.57,20.0,15.333333333333334,1.2207854514058405e-13
2026-08-26_0800,2026-08-26 08:00:00,85.264892578125,27.86821614426037,85.264892578125,27.86821614426037,-69.53,12.0,41.666666666666664,1.6325720028447766e-13
2026-08-26_0800,2026-08-26 08:00:00,85.616455078125,27.732160275740252,85.616455078125,27.732160275740252,18.18,25.0,21.0,1.67670491015947e-13
2026-08-26_0800,2026-08-26 08:00:00,85.177001953125,27.71270982724965,85.177001953125,27.71270982724965,21.29,74.0,60.833333333333336,1.0131527334793077e-13
2026-08-26_0800,2026-08-26 08:00:00,85.528564453125,27.732160275740252,85.528564453125,27.732160275740252,-9.18,60.0,66.16666666666667,1.67670491015947e-13
2026-08-26_0800,2026-08-26 08:00:00,85.550537109375,27.907057935466664,85.550537109375,27.907057935466664,18.31,27.0,22.666666666666668,5.816231754836267e-14
2026-08-26_0800,2026-08-26 08:00:00,85.220947265625,27.732160275740252,85.220947265625,27.732160275740252,11.8,29.0,25.833333333333332,1.67670491015947e-13
2026-08-26_0800,2026-08-26 08:00:00,85.418701171875,27.673798524586132,85.308837890625,27.71270982724965,-39.5,11.0,18.833333333333332,11.650120540693669
2026-08-26_0800,2026-08-26 08:00:00,85.418701171875,27.673798524586132,85.374755859375,27.71270982724965,9.86,12.0,10.833333333333334,6.118943220473385
2026-08-26_0800,2026-08-26 08:00:00,85.418701171875,27.673798524586132,85.352783203125,27.732160275740252,13.51,13.0,11.333333333333334,9.1775966042868
2026-08-26_0800,2026-08-26 08:00:00,85.155029296875,27.887638781681872,85.155029296875,27.887638781681872,-89.61,20.0,201.16666666666663,2.1864401118150494e-14
2026-08-26_0800,2026-08-26 08:00:00,85.506591796875,27.71270982724965,85.506591796875,27.71270982724965,1.66,101.0,99.33333333333331,1.0131527334793077e-13
2026-08-26_0800,2026-08-26 08:00:00,85.550537109375,27.94588578570596,85.550537109375,27.94588578570596,36.36,14.0,10.0,2.2447252227959835e-14
2026-08-26_0800,2026-08-26 08:00:00,85.133056640625,27.907057935466664,85.15502929687501,27.907057935466664,-8.8,18.0,19.833333333333332,2.1591210567867405
2026-08-26_0800,2026-08-26 08:00:00,85.704345703125,27.80992734625884,85.704345703125,27.80992734625884,44.83,20.0,13.5,1.0595237556502103e-13
2026-08-26_0800,2026-08-26 08:00:00,85.506591796875,27.790490790383224,85.506591796875,27.790490790383224,52.83,26.0,16.666666666666668,2.1366837619491137e-14
2026-08-26_0800,2026-08-26 08:00:00,85.726318359375,27.751607253506148,85.726318359375,27.751607253506148,31.8,66.0,49.833333333333336,3.608553671315128e-14
2026-08-26_0800,2026-08-26 08:00:00,85.308837890625,27.69325590965681,85.418701171875,27.732160275740252,4.55,22.0,21.0,11.648043714433776
2026-08-26_0800,2026-08-26 08:00:00,85.308837890625,27.69325590965681,85.242919921875,27.732160275740252,14.29,15.0,13.0,7.79876218521145
2026-08-26_0800,2026-08-26 08:00:00,85.308837890625,27.69325590965681,85.352783203125,27.751607253506148,-3.64,105.0,109.0,7.798066561201221
2026-08-26_0800,2026-08-26 08:00:00,85.308837890625,27.69325590965681,85.418701171875,27.751607253506148,-1.49,10.0,10.166666666666666,12.611150565087794
2026-08-26_0800,2026-08-26 08:00:00,85.308837890625,27.69325590965681,85.26489257812501,27.71270982724965,11.9,151.0,134.83333333333334,4.83701830686473
2026-08-26_0800,2026-08-26 08:00:00,85.308837890625,27.69325590965681,85.374755859375,27.71270982724965,14.71,142.0,123.66666666666669,6.8405768555776385
2026-08-26_0800,2026-08-26 08:00:00,85.308837890625,27.69325590965681,85.352783203125,27.771050758926727,-4.79,52.0,54.666666666666664,9.671448052679809
2026-08-26_0800,2026-08-26 08:00:00,85.308837890625,27.69325590965681,85.308837890625,27.732160275740252,14.34,294.0,257.0,4.3259749228953055
2026-08-26_0800,2026-08-26 08:00:00,85.308837890625,27.69325590965681,85.330810546875,27.771050758926727,-6.83,24.0,25.833333333333332,8.916634546172702
2026-08-26_0800,2026-08-26 08:00:00,85.308837890625,27.69325590965681,85.374755859375,27.732160275740252,8.7,74.0,68.0,7.798762185210407
2026-08-26_0800,2026-08-26 08:00:00,85.308837890625,27.69325590965681,85.33081054687499,27.71270982724965,5.88,299.0,282.3333333333333,3.059198985653741
2026-08-26_0800,2026-08-26 08:00:00,85.308837890625,27.69325590965681,85.418701171875,27.71270982724965,18.68,17.0,14.166666666666666,11.03009852739946
2026-08-26_0800,2026-08-26 08:00:00,85.308837890625,27.69325590965681,85.308837890625,27.751607253506148,5.23,197.0,187.16666666666663,6.488383583170236
2026-08-26_0800,2026-08-26 08:00:00,85.308837890625,27.69325590965681,85.352783203125,27.732160275740252,12.84,207.0,183.33333333333337,6.117852418087902
2026-08-26_0800,2026-08-26 08:00:00,85.308837890625,27.69325590965681,85.264892578125,27.732160275740252,1.05,15.0,14.833333333333334,6.117852418087902
2026-08-26_0800,2026-08-26 08:00:00,85.440673828125,27.732160275740252,85.440673828125,27.732160275740252,5.04,426.0,405.5,1.67670491015947e-13
2026-08-26_0800,2026-08-26 08:00:00,85.023193359375,27.771050758926727,85.023193359375,27.771050758926727,-5.51,19.0,20.166666666666668,1.2207854514058405e-13
2026-08-26_0800,2026-08-26 08:00:00,84.957275390625,27.80992734625884,84.957275390625,27.80992734625884,-71.63,19.0,69.5,1.0595237556502103e-13
2026-08-26_0800,2026-08-26 08:00:00,85.418701171875,27.771050758926727,85.418701171875,27.771050758926727,20.0,30.0,24.833333333333332,1.2207854514058405e-13
2026-08-26_0800,2026-08-26 08:00:00,85.572509765625,27.86821614426037,85.572509765625,27.86821614426037,1.79,18.0,17.666666666666668,1.6325720028447766e-13
2026-08-26_0800,2026-08-26 08:00:00,85.550537109375,27.732160275740252,85.550537109375,27.732160275740252,10.34,15.0,13.5,1.67670491015947e-13
2026-08-26_0800,2026-08-26 08:00:00,85.528564453125,27.771050758926727,85.528564453125,27.771050758926727,13.21,29.0,25.5,1.2207854514058405e-13
2026-08-26_0800,2026-08-26 08:00:00,85.462646484375,27.732160275740252,85.440673828125,27.732160275740252,-29.79,10.0,14.666666666666666,2.1626016823979852
2026-08-26_0800,2026-08-26 08:00:00,85.462646484375,27.732160275740252,85.374755859375,27.71270982724965,-24.14,10.0,13.5,8.917430463968122
2026-08-26_0800,2026-08-26 08:00:00,85.462646484375,27.732160275740252,85.462646484375,27.732160275740252,9.25,729.0,667.1666666666666,1.67670491015947e-13
2026-08-26_0800,2026-08-26 08:00:00,85.594482421875,27.732160275740252,85.594482421875,27.732160275740252,18.42,29.0,24.333333333333332,1.67670491015947e-13
2026-08-26_0800,2026-08-26 08:00:00,85.308837890625,27.69325590965681,85.352783203125,27.71270982724965,8.31,151.0,139.33333333333334,4.83701830686697
2026-08-26_0800,2026-08-26 08:00:00,85.550537109375,27.887638781681872,85.550537109375,27.887638781681872,9.38,34.0,31.0,2.1864401118150494e-14
2026-08-26_0800,2026-08-26 08:00:00,85.308837890625,27.69325590965681,85.33081054687501,27.751607253506148,7.18,198.0,184.66666666666663,6.839356819337618
2026-08-26_0800,2026-08-26 08:00:00,85.308837890625,27.69325590965681,85.37475585937499,27.771050758926727,17.86,21.0,17.666666666666668,10.813007596501294
2026-08-26_0800,2026-08-26 08:00:00,85.286865234375,27.71270982724965,85.286865234375,27.71270982724965,10.3,7518.0,6816.0,1.0131527334793077e-13
2026-08-26_0800,2026-08-26 08:00:00,85.286865234375,27.71270982724965,85.330810546875,27.65433767366391,18.92,21.0,17.5,7.800847571996221
2026-08-26_0800,2026-08-26 08:00:00,85.286865234375,27.71270982724965,85.330810546875,27.69325590965681,19.35,36.0,30.0,4.8370183068672015
2026-08-26_0800,2026-08-26 08:00:00,85.286865234375,27.71270982724965,85.24291992187501,27.673798524586132,47.06,24.0,16.0,6.118943220471525
2026-08-26_0800,2026-08-26 08:00:00,85.286865234375,27.71270982724965,85.30883789062499,27.65433767366391,8.27,23.0,21.166666666666668,6.841795927074654
2026-08-26_0800,2026-08-26 08:00:00,85.286865234375,27.71270982724965,85.352783203125,27.771050758926727,-5.88,15.0,16.0,9.174322665837916
2026-08-26_0800,2026-08-26 08:00:00,85.286865234375,27.71270982724965,85.308837890625,27.771050758926727,17.53,18.0,15.166666666666666,6.838136409357944
2026-08-26_0800,2026-08-26 08:00:00,85.286865234375,27.71270982724965,85.35278320312499,27.673798524586132,-5.45,25.0,26.5,7.800152690940106
2026-08-26_0800,2026-08-26 08:00:00,85.286865234375,27.71270982724965,85.220947265625,27.69325590965681,20.0,27.0,22.333333333333332,6.84057685557886
2026-08-26_0800,2026-08-26 08:00:00,85.286865234375,27.71270982724965,85.37475585937499,27.673798524586132,28.24,27.0,20.833333333333332,9.674898613144498
2026-08-26_0800,2026-08-26 08:00:00,85.286865234375,27.71270982724965,85.374755859375,27.65433767366391,23.08,15.0,12.0,10.81782907739629
2026-08-26_0800,2026-08-26 08:00:00,85.286865234375,27.71270982724965,85.286865234375,27.751607253506148,2.51,33.0,32.166666666666664,4.3252032481350495
2026-08-26_0800,2026-08-26 08:00:00,85.308837890625,27.69325590965681,85.308837890625,27.71270982724965,3.15,665.0,644.6666666666666,2.163180335035057
2026-08-26_0800,2026-08-26 08:00:00,85.286865234375,27.71270982724965,85.33081054687499,27.71270982724965,14.17,46.0,40.166666666666664,4.325975022463635
2026-08-26_0800,2026-08-26 08:00:00,85.286865234375,27.71270982724965,85.37475585937501,27.69325590965681,41.67,33.0,23.0,8.919020940582106
2026-08-26_0800,2026-08-26 08:00:00,85.286865234375,27.71270982724965,85.352783203125,27.71270982724965,45.63,24.0,16.166666666666668,6.488962490702854
2026-08-26_0800,2026-08-26 08:00:00,85.286865234375,27.71270982724965,85.26489257812501,27.71270982724965,6.6,236.0,221.33333333333337,2.162987519829836
2026-08-26_0800,2026-08-26 08:00:00,85.286865234375,27.71270982724965,85.264892578125,27.732160275740252,3.45,54.0,52.166666666666664,3.058653456754421
2026-08-26_0800,2026-08-26 08:00:00,85.308837890625,27.69325590965681,85.396728515625,27.732160275740252,-14.29,24.0,28.166666666666668,9.6731739029455
2026-08-26_0800,2026-08-26 08:00:00,85.308837890625,27.69325590965681,85.330810546875,27.732160275740252,9.09,153.0,140.16666666666666,4.836587005804419
2026-08-26_0800,2026-08-26 08:00:00,85.308837890625,27.69325590965681,85.242919921875,27.71270982724965,-20.0,13.0,16.5,6.840576855578826
2026-08-26_0800,2026-08-26 08:00:00,85.308837890625,27.69325590965681,85.308837890625,27.771050758926727,-18.69,28.0,34.666666666666664,8.650406135655993
2026-08-26_0800,2026-08-26 08:00:00,85.308837890625,27.69325590965681,85.28686523437501,27.732160275740252,11.7,225.0,201.33333333333337,4.83658700580386
2026-08-26_0800,2026-08-26 08:00:00,85.308837890625,27.69325590965681,85.286865234375,27.751607253506148,35.82,90.0,66.0,6.8393568193372225
2026-08-26_0800,2026-08-26 08:00:00,85.308837890625,27.69325590965681,85.286865234375,27.71270982724965,21.67,335.0,275.1666666666667,3.059198985655512
2026-08-26_0800,2026-08-26 08:00:00,85.308837890625,27.69325590965681,85.396728515625,27.71270982724965,-2.78,69.0,71.0,8.91902094057969
2026-08-26_0800,2026-08-26 08:00:00,85.286865234375,27.71270982724965,85.352783203125,27.732160275740252,38.89,49.0,35.0,6.839357015773826
2026-08-26_0800,2026-08-26 08:00:00,85.704345703125,27.790490790383224,85.704345703125,27.790490790383224,17.86,21.0,17.666666666666668,2.1366837619491137e-14
2026-08-26_0800,2026-08-26 08:00:00,85.59448242187501,27.80992734625884,85.59448242187501,27.80992734625884,46.81,22.0,14.666666666666666,1.0595237556502103e-13
2026-08-26_0800,2026-08-26 08:00:00,85.418701171875,27.71270982724965,85.418701171875,27.71270982724965,13.41,1048.0,924.0,1.0131527334793077e-13
2026-08-26_0800,2026-08-26 08:00:00,85.330810546875,27.69325590965681,85.374755859375,27.732160275740252,4.08,118.0,113.33333333333331,6.1178524180870175
2026-08-26_0800,2026-08-26 08:00:00,85.330810546875,27.69325590965681,85.418701171875,27.71270982724965,50.0,24.0,15.666666666666666,8.91902094057969
2026-08-26_0800,2026-08-26 08:00:00,85.330810546875,27.69325590965681,85.396728515625,27.71270982724965,21.05,114.0,94.0,6.8405768555776385
2026-08-26_0800,2026-08-26 08:00:00,85.330810546875,27.69325590965681,85.286865234375,27.751607253506148,-0.33,50.0,50.166666666666664,7.798066561201221
2026-08-26_0800,2026-08-26 08:00:00,85.330810546875,27.69325590965681,85.26489257812501,27.71270982724965,29.61,88.0,67.66666666666667,6.84057685557645
2026-08-26_0800,2026-08-26 08:00:00,85.330810546875,27.69325590965681,85.396728515625,27.732160275740252,-7.53,42.0,45.5,7.798762185210407
2026-08-26_0800,2026-08-26 08:00:00,85.330810546875,27.69325590965681,85.308837890625,27.732160275740252,13.77,240.0,210.83333333333337,4.836587005804419
2026-08-26_0800,2026-08-26 08:00:00,85.330810546875,27.69325590965681,85.308837890625,27.751607253506148,3.11,198.0,192.0,6.8393568193372225
2026-08-26_0800,2026-08-26 08:00:00,85.330810546875,27.69325590965681,85.352783203125,27.732160275740252,5.63,343.0,324.6666666666667,4.836587005804419
2026-08-26_0800,2026-08-26 08:00:00,85.330810546875,27.69325590965681,85.330810546875,27.732160275740252,13.81,216.0,189.66666666666663,4.3259749228953055
2026-08-26_0800,2026-08-26 08:00:00,85.330810546875,27.69325590965681,85.330810546875,27.771050758926727,-7.41,24.0,26.0,8.650406135655993
2026-08-26_0800,2026-08-26 08:00:00,85.330810546875,27.69325590965681,85.308837890625,27.71270982724965,2.47,310.0,302.5,3.059198985655512
2026-08-26_0800,2026-08-26 08:00:00,85.330810546875,27.69325590965681,85.33081054687501,27.751607253506148,-4.91,194.0,204.0631963694415,6.488383583170236
2026-08-26_0800,2026-08-26 08:00:00,85.330810546875,27.69325590965681,85.352783203125,27.771050758926727,17.93,90.0,76.16666666666667,8.916634546172702
2026-08-26_0800,2026-08-26 08:00:00,85.396728515625,27.673798524586132,85.396728515625,27.71270982724965,25.0,14.0,11.0,4.326746236617503
2026-08-26_0800,2026-08-26 08:00:00,85.396728515625,27.673798524586132,85.33081054687499,27.71270982724965,53.85,19.0,12.0,7.800152690943326
2026-08-26_0800,2026-08-26 08:00:00,85.396728515625,27.673798524586132,85.308837890625,27.71270982724965,-28.89,15.0,21.5,9.67489861314571
2026-08-26_0800,2026-08-26 08:00:00,85.396728515625,27.673798524586132,85.374755859375,27.71270982724965,9.57,20.0,18.166666666666668,4.837449360776031
2026-08-26_0800,2026-08-26 08:00:00,85.396728515625,27.673798524586132,85.352783203125,27.71270982724965,20.0,18.0,14.833333333333334,6.1189432204725
2026-08-26_0800,2026-08-26 08:00:00,85.44067382812501,27.71270982724965,85.44067382812501,27.71270982724965,4.95,211.0,201.0,1.0131527334793077e-13
2026-08-26_0800,2026-08-26 08:00:00,85.792236328125,27.751607253506148,85.792236328125,27.751607253506148,-7.69,19.0,20.666666666666668,3.608553671315128e-14
2026-08-26_0800,2026-08-26 08:00:00,85.242919921875,27.71270982724965,85.242919921875,27.732160275740252,-7.69,11.0,12.0,2.1627945878600388
2026-08-26_0800,2026-08-26 08:00:00,85.242919921875,27.71270982724965,85.242919921875,27.71270982724965,15.93,352.0,303.5,1.0131527334793077e-13
2026-08-26_0800,2026-08-26 08:00:00,85.550537109375,27.790490790383224,85.550537109375,27.790490790383224,21.43,16.0,13.0,2.1366837619491137e-14
2026-08-26_0800,2026-08-26 08:00:00,85.308837890625,27.771050758926727,85.28686523437501,27.771050758926727,28.57,14.0,10.666666666666666,2.161829466810763
2026-08-26_0800,2026-08-26 08:00:00,85.264892578125,27.673798524586132,85.308837890625,27.71270982724965,2.13,15.0,14.666666666666666,6.118943220473385
2026-08-26_0800,2026-08-26 08:00:00,85.726318359375,27.71270982724965,85.726318359375,27.71270982724965,34.21,16.0,11.666666666666666,1.0131527334793077e-13
2026-08-26_0800,2026-08-26 08:00:00,85.330810546875,27.69325590965681,85.28686523437501,27.732160275740252,14.01,212.0,185.83333333333337,6.1178524180870175
2026-08-26_0800,2026-08-26 08:00:00,85.330810546875,27.69325590965681,85.308837890625,27.771050758926727,22.22,43.0,35.0,8.916634546172702
2026-08-26_0800,2026-08-26 08:00:00,85.330810546875,27.69325590965681,85.286865234375,27.71270982724965,18.34,142.0,119.83333333333331,4.83701830686697
2026-08-26_0800,2026-08-26 08:00:00,85.418701171875,27.71270982724965,85.418701171875,27.69325590965681,11.63,15.0,13.333333333333334,2.1631803350353
2026-08-26_0800,2026-08-26 08:00:00,85.418701171875,27.71270982724965,85.396728515625,27.71270982724965,-6.67,20.0,21.5,2.1629875198323405
2026-08-26_0800,2026-08-26 08:00:00,85.462646484375,27.751607253506148,85.462646484375,27.751607253506148,12.14,76.0,67.66666666666667,3.608553671315128e-14
2026-08-26_0800,2026-08-26 08:00:00,85.330810546875,27.673798524586132,85.308837890625,27.71270982724965,-11.44,119.0,134.5,4.837449360776031
2026-08-26_0800,2026-08-26 08:00:00,85.330810546875,27.673798524586132,85.330810546875,27.732160275740252,5.15,33.0,31.333333333333332,6.489540824477468
2026-08-26_0800,2026-08-26 08:00:00,85.330810546875,27.673798524586132,85.352783203125,27.751607253506148,-18.45,27.0,33.333333333333336,8.918225394025878
2026-08-26_0800,2026-08-26 08:00:00,85.330810546875,27.673798524586132,85.308837890625,27.751607253506148,13.3,43.0,37.833333333333336,8.918225394025878
2026-08-26_0800,2026-08-26 08:00:00,85.330810546875,27.673798524586132,85.286865234375,27.71270982724965,-6.94,37.0,39.833333333333336,6.118943220473385
2026-08-26_0800,2026-08-26 08:00:00,85.330810546875,27.673798524586132,85.352783203125,27.771050758926727,-32.17,12.0,18.166666666666668,11.028130878951163
2026-08-26_0800,2026-08-26 08:00:00,85.330810546875,27.673798524586132,85.308837890625,27.732160275740252,-10.0,56.0,62.333333333333336,6.8405766587968495
2026-08-26_0800,2026-08-26 08:00:00,85.330810546875,27.673798524586132,85.374755859375,27.71270982724965,-8.16,44.0,48.0,6.1189432204725
2026-08-26_0800,2026-08-26 08:00:00,85.330810546875,27.673798524586132,85.33081054687499,27.71270982724965,9.09,83.0,76.0,4.326746236617503
2026-08-26_0800,2026-08-26 08:00:00,85.330810546875,27.673798524586132,85.286865234375,27.751607253506148,2.63,12.0,11.666666666666666,9.673173569499031
2026-08-26_0800,2026-08-26 08:00:00,85.330810546875,27.673798524586132,85.33081054687501,27.751607253506148,-7.69,33.0,35.833333333333336,8.65194948475281
2026-08-26_0800,2026-08-26 08:00:00,85.330810546875,27.673798524586132,85.28686523437501,27.732160275740252,-18.69,28.0,34.666666666666664,7.799457392222162
2026-08-26_0800,2026-08-26 08:00:00,85.330810546875,27.673798524586132,85.396728515625,27.71270982724965,0.65,25.0,24.833333333333332,7.800152690941243
2026-08-26_0800,2026-08-26 08:00:00,85.330810546875,27.673798524586132,85.374755859375,27.732160275740252,-11.96,26.0,29.666666666666668,7.799457392222162
2026-08-26_0800,2026-08-26 08:00:00,85.330810546875,27.673798524586132,85.352783203125,27.732160275740252,10.45,73.0,66.0,6.8405766587968495
2026-08-26_0800,2026-08-26 08:00:00,85.330810546875,27.673798524586132,85.396728515625,27.732160275740252,18.31,13.0,10.833333333333334,9.1775966042868
2026-08-26_0800,2026-08-26 08:00:00,85.330810546875,27.673798524586132,85.26489257812501,27.71270982724965,8.39,27.0,24.833333333333332,7.8001526909402
2026-08-26_0800,2026-08-26 08:00:00,85.330810546875,27.69325590965681,85.374755859375,27.71270982724965,0.08,206.0,205.83333333333337,4.83701830686585
2026-08-26_0800,2026-08-26 08:00:00,85.330810546875,27.69325590965681,85.352783203125,27.751607253506148,6.91,177.0,165.5,6.8393568193372225
2026-08-26_0800,2026-08-26 08:00:00,85.330810546875,27.69325590965681,85.396728515625,27.751607253506148,9.09,13.0,11.833333333333334,9.175960017778069
2026-08-26_0800,2026-08-26 08:00:00,85.330810546875,27.69325590965681,85.418701171875,27.732160275740252,2.33,21.0,20.5,9.6731739029455
2026-08-26_0800,2026-08-26 08:00:00,85.330810546875,27.69325590965681,85.37475585937499,27.771050758926727,23.21,22.0,17.666666666666668,9.67144805267869
2026-08-26_0800,2026-08-26 08:00:00,85.330810546875,27.69325590965681,85.352783203125,27.71270982724965,7.8,280.0,259.6666666666667,3.059198985655512
2026-08-26_0800,2026-08-26 08:00:00,85.330810546875,27.69325590965681,85.33081054687499,27.71270982724965,-8.02,452.0,491.5,2.163180335035057
2026-08-26_0800,2026-08-26 08:00:00,85.286865234375,27.71270982724965,85.264892578125,27.69325590965681,-7.26,82.0,88.5,3.0591989856558186
2026-08-26_0800,2026-08-26 08:00:00,85.286865234375,27.71270982724965,85.308837890625,27.732160275740252,31.28,141.0,107.16666666666669,3.058653456754421
2026-08-26_0800,2026-08-26 08:00:00,85.330810546875,27.673798524586132,85.352783203125,27.71270982724965,-9.62,46.0,51.0,4.837449360776031
2026-08-26_0800,2026-08-26 08:00:00,85.286865234375,27.71270982724965,85.308837890625,27.673798524586132,11.11,24.0,21.5,4.837449360776172
2026-08-26_0800,2026-08-26 08:00:00,85.528564453125,27.907057935466664,85.528564453125,27.907057935466664,2.27,14.0,13.666666666666666,5.816231754836267e-14
2026-08-26_0800,2026-08-26 08:00:00,85.33081054687499,27.71270982724965,85.374755859375,27.751607253506148,-14.74,26.0,30.666666666666668,6.1167611051183925
2026-08-26_0800,2026-08-26 08:00:00,85.33081054687499,27.71270982724965,85.462646484375,27.65433767366391,15.07,13.0,11.166666666666666,14.513640361168951
2026-08-26_0800,2026-08-26 08:00:00,85.33081054687499,27.71270982724965,85.440673828125,27.673798524586132,-12.58,43.0,49.333333333333336,11.650120540695983
2026-08-26_0800,2026-08-26 08:00:00,85.33081054687499,27.71270982724965,85.264892578125,27.69325590965681,8.1,148.0,136.83333333333334,6.84057685557648
2026-08-26_0800,2026-08-26 08:00:00,85.33081054687499,27.71270982724965,85.33081054687501,27.751607253506148,10.05,300.0,272.5,4.3252032481350495
2026-08-26_0800,2026-08-26 08:00:00,85.33081054687499,27.71270982724965,85.352783203125,27.615405580779363,42.86,29.0,20.0,11.034028908787931
2026-08-26_0800,2026-08-26 08:00:00,85.33081054687499,27.71270982724965,85.418701171875,27.65433767366391,-7.38,22.0,23.833333333333332,10.817829077398294
2026-08-26_0800,2026-08-26 08:00:00,85.33081054687499,27.71270982724965,85.352783203125,27.771050758926727,14.18,148.0,129.5,6.838136409358737
2026-08-26_0800,2026-08-26 08:00:00,85.33081054687499,27.71270982724965,85.396728515625,27.673798524586132,3.75,105.0,101.16666666666669,7.800152690943234
2026-08-26_0800,2026-08-26 08:00:00,85.33081054687499,27.71270982724965,85.374755859375,27.65433767366391,12.3,104.0,92.5,7.800847571996917
2026-08-26_0800,2026-08-26 08:00:00,85.33081054687499,27.71270982724965,85.37475585937499,27.673798524586132,1.01,200.0,198.0,6.118943220473297
2026-08-26_0800,2026-08-26 08:00:00,85.286865234375,27.673798524586132,85.308837890625,27.71270982724965,-2.5,25.0,25.666666666666668,4.837449360776031
2026-08-26_0800,2026-08-26 08:00:00,85.33081054687499,27.71270982724965,85.308837890625,27.771050758926727,-2.04,47.0,48.0,6.838136409357153
2026-08-26_0800,2026-08-26 08:00:00,85.33081054687499,27.71270982724965,85.30883789062501,27.790490790383224,8.33,12.0,11.0,8.915042954881965
2026-08-26_0800,2026-08-26 08:00:00,85.33081054687499,27.71270982724965,85.24291992187501,27.673798524586132,-20.33,31.0,39.166666666666664,9.674898613142254
2026-08-26_0800,2026-08-26 08:00:00,85.33081054687499,27.71270982724965,85.352783203125,27.69325590965681,1.37,344.0,339.3333333333333,3.0591989856575905
2026-08-26_0800,2026-08-26 08:00:00,85.33081054687499,27.71270982724965,85.286865234375,27.673798524586132,23.26,105.0,85.0,6.118943220471525
2026-08-26_0800,2026-08-26 08:00:00,85.33081054687499,27.71270982724965,85.330810546875,27.65433767366391,7.73,164.0,152.16666666666666,6.490697523913854
2026-08-26_0800,2026-08-26 08:00:00,85.33081054687499,27.71270982724965,85.264892578125,27.732160275740252,20.0,17.0,14.0,6.83935701577145
2026-08-26_0800,2026-08-26 08:00:00,85.33081054687499,27.71270982724965,85.308837890625,27.6348733585183,-8.64,36.0,39.5,8.921404855971804
2026-08-26_0800,2026-08-26 08:00:00,85.33081054687499,27.71270982724965,85.440673828125,27.751607253506148,8.33,12.0,11.0,11.645965916050995
2026-08-26_0800,2026-08-26 08:00:00,85.33081054687499,27.71270982724965,85.352783203125,27.751607253506148,-4.99,237.0,249.5,4.835724247180717
2026-08-26_0800,2026-08-26 08:00:00,85.33081054687499,27.71270982724965,85.264892578125,27.673798524586132,-8.04,60.0,65.33333333333333,7.800152690940106
2026-08-26_0800,2026-08-26 08:00:00,85.33081054687499,27.71270982724965,85.396728515625,27.69325590965681,-7.27,50.0,54.0,6.840576855580046
2026-08-26_0800,2026-08-26 08:00:00,85.33081054687499,27.71270982724965,85.286865234375,27.71270982724965,4.74,161.0,153.66666666666666,4.325975022463635
2026-08-26_0800,2026-08-26 08:00:00,85.33081054687499,27.71270982724965,85.33081054687499,27.71270982724965,6.72,11339.0,10625.166666666666,1.0131527334793077e-13
2026-08-26_0800,2026-08-26 08:00:00,85.33081054687499,27.71270982724965,85.37475585937499,27.771050758926727,-10.18,24.0,26.833333333333332,7.7966750796873425
2026-08-26_0800,2026-08-26 08:00:00,85.286865234375,27.673798524586132,85.308837890625,27.732160275740252,-14.29,12.0,14.166666666666666,6.8405766587968495
2026-08-26_0800,2026-08-26 08:00:00,85.286865234375,27.673798524586132,85.33081054687499,27.71270982724965,-16.28,11.0,13.333333333333334,6.118943220471615
2026-08-26_0800,2026-08-26 08:00:00,85.26489257812501,27.71270982724965,85.264892578125,27.69325590965681,21.21,19.0,15.5,2.1631803350353
2026-08-26_0800,2026-08-26 08:00:00,85.286865234375,27.71270982724965,85.35278320312501,27.65433767366391,-8.24,25.0,27.333333333333332,9.17923242447536
2026-08-26_0800,2026-08-26 08:00:00,85.26489257812501,27.71270982724965,85.308837890625,27.732160275740252,-25.84,10.0,13.833333333333334,4.836155749905518
2026-08-26_0800,2026-08-26 08:00:00,85.26489257812501,27.71270982724965,85.308837890625,27.69325590965681,2.63,12.0,11.666666666666666,4.837018306864961
2026-08-26_0800,2026-08-26 08:00:00,85.26489257812501,27.71270982724965,85.264892578125,27.732160275740252,30.61,31.0,23.5,2.1627945878600388
2026-08-26_0800,2026-08-26 08:00:00,85.26489257812501,27.71270982724965,85.28686523437501,27.69325590965681,17.48,27.0,22.833333333333332,3.059198985654933
2026-08-26_0800,2026-08-26 08:00:00,85.26489257812501,27.71270982724965,85.308837890625,27.71270982724965,-3.77,16.0,16.666666666666668,4.325975022463635
2026-08-26_0800,2026-08-26 08:00:00,85.26489257812501,27.71270982724965,85.242919921875,27.71270982724965,6.85,12.0,11.166666666666666,2.162987519834845
2026-08-26_0800,2026-08-26 08:00:00,85.26489257812501,27.71270982724965,85.26489257812501,27.71270982724965,10.52,2992.0,2707.0,1.0131527334793077e-13
2026-08-26_0800,2026-08-26 08:00:00,85.26489257812501,27.71270982724965,85.28686523437501,27.732160275740252,7.55,18.0,16.666666666666668,3.0586534567535355
2026-08-26_0800,2026-08-26 08:00:00,85.26489257812501,27.71270982724965,85.242919921875,27.732160275740252,20.0,17.0,14.0,3.0586534567561916
2026-08-26_0800,2026-08-26 08:00:00,85.26489257812501,27.71270982724965,85.286865234375,27.71270982724965,6.85,51.0,47.666666666666664,2.162987519829836
2026-08-26_0800,2026-08-26 08:00:00,85.286865234375,27.673798524586132,85.28686523437501,27.732160275740252,7.87,15.0,13.833333333333334,6.489540824477468
2026-08-26_0800,2026-08-26 08:00:00,85.836181640625,27.751607253506148,85.836181640625,27.751607253506148,19.42,123.0,102.83333333333331,3.608553671315128e-14
2026-08-26_0800,2026-08-26 08:00:00,85.37475585937501,27.69325590965681,85.330810546875,27.732160275740252,60.56,18.0,10.833333333333334,6.117852418088787
2026-08-26_0800,2026-08-26 08:00:00,85.37475585937501,27.69325590965681,85.352783203125,27.732160275740252,6.12,25.0,23.5,4.836587005804979
2026-08-26_0800,2026-08-26 08:00:00,85.37475585937501,27.69325590965681,85.33081054687501,27.751607253506148,-4.35,10.0,10.5,7.798066561201221
2026-08-26_0800,2026-08-26 08:00:00,85.37475585937501,27.69325590965681,85.308837890625,27.71270982724965,16.67,41.0,35.0,6.840576855580014
2026-08-26_0800,2026-08-26 08:00:00,85.37475585937501,27.69325590965681,85.374755859375,27.71270982724965,7.92,142.0,131.5,2.163180335035057
2026-08-26_0800,2026-08-26 08:00:00,85.37475585937501,27.69325590965681,85.374755859375,27.732160275740252,-14.29,12.0,14.166666666666666,4.3259749228953055
2026-08-26_0800,2026-08-26 08:00:00,85.37475585937501,27.69325590965681,85.396728515625,27.71270982724965,12.96,76.0,67.16666666666667,3.059198985653741
2026-08-26_0800,2026-08-26 08:00:00,85.37475585937501,27.69325590965681,85.352783203125,27.71270982724965,-3.36,23.0,23.833333333333332,3.0591989856563977
2026-08-26_0800,2026-08-26 08:00:00,85.37475585937501,27.69325590965681,85.308837890625,27.751607253506148,-2.94,10.0,10.333333333333334,9.175960017779838
2026-08-26_0800,2026-08-26 08:00:00,85.37475585937501,27.69325590965681,85.418701171875,27.71270982724965,36.0,16.0,11.5,4.83701830686473
2026-08-26_0800,2026-08-26 08:00:00,85.37475585937501,27.69325590965681,85.308837890625,27.732160275740252,31.51,15.0,11.166666666666666,7.7987621852124915
2026-08-26_0800,2026-08-26 08:00:00,85.594482421875,27.829360424938628,85.594482421875,27.829360424938628,22.45,29.0,23.5,5.538235803950223e-15
2026-08-26_0800,2026-08-26 08:00:00,85.594482421875,27.751607253506148,85.594482421875,27.751607253506148,0.67,74.0,73.5,3.608553671315128e-14
2026-08-26_0800,2026-08-26 08:00:00,85.33081054687499,27.71270982724965,85.33081054687501,27.595934342079044,24.39,16.0,12.666666666666666,12.984861888595368
2026-08-26_0800,2026-08-26 08:00:00,85.37475585937501,27.69325590965681,85.33081054687499,27.71270982724965,5.88,23.0,21.666666666666668,4.83701830687033
2026-08-26_0800,2026-08-26 08:00:00,85.33081054687499,27.71270982724965,85.374755859375,27.71270982724965,4.19,231.0,221.66666666666663,4.325975022467392
2026-08-26_0800,2026-08-26 08:00:00,85.33081054687499,27.71270982724965,85.396728515625,27.65433767366391,11.01,41.0,36.833333333333336,9.17923242447536
2026-08-26_0800,2026-08-26 08:00:00,85.33081054687499,27.71270982724965,85.418701171875,27.673798524586132,-8.57,47.0,51.5,9.674898613147858
2026-08-26_0800,2026-08-26 08:00:00,85.33081054687499,27.71270982724965,85.330810546875,27.673798524586132,10.37,304.0,275.3333333333333,4.326746236617482
2026-08-26_0800,2026-08-26 08:00:00,85.33081054687499,27.71270982724965,85.220947265625,27.69325590965681,21.37,52.0,42.666666666666664,11.030098527398264
2026-08-26_0800,2026-08-26 08:00:00,85.33081054687499,27.71270982724965,85.418701171875,27.751607253506148,0.0,17.0,17.0,9.67144838544145
2026-08-26_0800,2026-08-26 08:00:00,85.33081054687499,27.71270982724965,85.396728515625,27.751607253506148,-11.63,18.0,20.5,7.797371028610811
2026-08-26_0800,2026-08-26 08:00:00,85.33081054687499,27.71270982724965,85.330810546875,27.615405580779363,25.58,26.0,20.5,10.81975553126278
2026-08-26_0800,2026-08-26 08:00:00,85.33081054687499,27.71270982724965,85.242919921875,27.69325590965681,32.12,84.0,63.333333333333336,8.91902094057846
2026-08-26_0800,2026-08-26 08:00:00,85.33081054687499,27.71270982724965,85.308837890625,27.71270982724965,7.2,515.0,480.3333333333333,2.162987519829836
2026-08-26_0800,2026-08-26 08:00:00,85.33081054687499,27.71270982724965,85.418701171875,27.71270982724965,10.92,21.0,18.833333333333332,8.65194990734518
2026-08-26_0800,2026-08-26 08:00:00,85.286865234375,27.71270982724965,85.374755859375,27.71270982724965,13.87,25.0,21.833333333333332,8.651949907342676
2026-08-26_0800,2026-08-26 08:00:00,85.286865234375,27.71270982724965,85.396728515625,27.673798524586132,-15.38,10.0,12.0,11.650120540693658
2026-08-26_0800,2026-08-26 08:00:00,85.286865234375,27.71270982724965,85.28686523437501,27.732160275740252,16.1,267.0,229.83333333333337,2.1627945878600388
2026-08-26_0800,2026-08-26 08:00:00,85.286865234375,27.71270982724965,85.264892578125,27.673798524586132,13.21,29.0,25.5,4.837449360776172
2026-08-26_0800,2026-08-26 08:00:00,85.286865234375,27.71270982724965,85.352783203125,27.69325590965681,11.0,36.0,32.333333333333336,6.84057685557886
2026-08-26_0800,2026-08-26 08:00:00,85.286865234375,27.71270982724965,85.242919921875,27.732160275740252,23.99,36.0,28.84180882689911,4.836155749907757
2026-08-26_0800,2026-08-26 08:00:00,85.286865234375,27.71270982724965,85.308837890625,27.71270982724965,12.01,285.0,254.33333333333337,2.1629875198323405
2026-08-26_0800,2026-08-26 08:00:00,85.286865234375,27.71270982724965,85.242919921875,27.69325590965681,19.5,47.0,39.166666666666664,4.8370183068672015
2026-08-26_0800,2026-08-26 08:00:00,85.286865234375,27.71270982724965,85.308837890625,27.751607253506148,20.0,95.0,79.0,4.835724247179597
2026-08-26_0800,2026-08-26 08:00:00,85.286865234375,27.71270982724965,85.374755859375,27.732160275740252,30.19,22.0,16.666666666666668,8.917430463966953
2026-08-26_0800,2026-08-26 08:00:00,85.286865234375,27.71270982724965,85.308837890625,27.69325590965681,11.66,82.0,73.33333333333333,3.0591989856558186
2026-08-26_0800,2026-08-26 08:00:00,85.286865234375,27.71270982724965,85.330810546875,27.732160275740252,29.23,41.0,31.5,4.836155749907757
2026-08-26_0800,2026-08-26 08:00:00,85.286865234375,27.71270982724965,85.33081054687501,27.751607253506148,-2.2,36.0,36.833333333333336,6.1167611051183925
2026-08-26_0800,2026-08-26 08:00:00,85.286865234375,27.71270982724965,85.330810546875,27.673798524586132,26.47,42.0,33.0,6.118943220473297
2026-08-26_0800,2026-08-26 08:00:00,85.33081054687499,27.71270982724965,85.330810546875,27.69325590965681,6.62,614.0,575.8333333333334,2.1631803350353
2026-08-26_0800,2026-08-26 08:00:00,85.286865234375,27.71270982724965,85.286865234375,27.673798524586132,16.98,30.0,25.5,4.326746236617482
2026-08-26_0800,2026-08-26 08:00:00,85.286865234375,27.71270982724965,85.28686523437501,27.69325590965681,20.57,181.0,149.9501099982786,2.1631803350353
2026-08-26_0800,2026-08-26 08:00:00,85.33081054687499,27.71270982724965,85.37475585937501,27.69325590965681,-0.95,226.0,228.16666666666663,4.837018306870562
2026-08-26_0800,2026-08-26 08:00:00,85.33081054687499,27.71270982724965,85.352783203125,27.732160275740252,4.75,484.0,462.0,3.0586534567561916
2026-08-26_0800,2026-08-26 08:00:00,85.286865234375,27.71270982724965,85.352783203125,27.751607253506148,45.45,31.0,21.0,7.797371028609769
2026-08-26_0800,2026-08-26 08:00:00,85.33081054687499,27.71270982724965,85.35278320312501,27.65433767366391,8.57,189.0,174.0,6.841795927075844
2026-08-26_0800,2026-08-26 08:00:00,85.33081054687499,27.71270982724965,85.44067382812499,27.65433767366391,13.51,20.0,17.5,12.615648058548466
2026-08-26_0800,2026-08-26 08:00:00,85.33081054687499,27.71270982724965,85.308837890625,27.751607253506148,-4.59,224.0,234.83333333333337,4.835724247178478
2026-08-26_0800,2026-08-26 08:00:00,85.33081054687499,27.71270982724965,85.396728515625,27.732160275740252,17.28,68.0,57.833333333333336,6.839357015775013
2026-08-26_0800,2026-08-26 08:00:00,85.33081054687499,27.71270982724965,85.330810546875,27.6348733585183,11.67,58.0,51.833333333333336,8.65503401588129
2026-08-26_0800,2026-08-26 08:00:00,85.33081054687499,27.71270982724965,85.418701171875,27.69325590965681,-12.5,20.0,23.0,8.919020940582106
2026-08-26_0800,2026-08-26 08:00:00,85.33081054687499,27.71270982724965,85.308837890625,27.732160275740252,2.39,320.0,312.5,3.0586534567526504
2026-08-26_0800,2026-08-26 08:00:00,85.33081054687499,27.71270982724965,85.330810546875,27.790490790383224,0.0,10.0,10.0,8.648862065319532
2026-08-26_0800,2026-08-26 08:00:00,85.33081054687499,27.71270982724965,85.35278320312499,27.673798524586132,1.37,307.0,302.8333333333333,4.837449360776172
2026-08-26_0800,2026-08-26 08:00:00,85.33081054687499,27.71270982724965,85.330810546875,27.771050758926727,-2.7,35.0,36.0,6.487225800620917
2026-08-26_0800,2026-08-26 08:00:00,85.33081054687499,27.71270982724965,85.308837890625,27.673798524586132,12.8,140.0,124.0,4.837449360775052
2026-08-26_0800,2026-08-26 08:00:00,85.33081054687499,27.71270982724965,85.286865234375,27.751607253506148,-15.35,56.0,66.33333333333333,6.116761105115737
2026-08-26_0800,2026-08-26 08:00:00,85.33081054687499,27.71270982724965,85.26489257812501,27.71270982724965,10.9,77.0,69.33333333333333,6.488962490697845
2026-08-26_0800,2026-08-26 08:00:00,85.33081054687499,27.71270982724965,85.374755859375,27.6348733585183,23.4,28.0,22.5,9.676622180284136
2026-08-26_0800,2026-08-26 08:00:00,85.33081054687499,27.71270982724965,85.28686523437501,27.69325590965681,11.05,257.0,231.33333333333337,4.837018306863841
2026-08-26_0800,2026-08-26 08:00:00,85.33081054687499,27.71270982724965,85.352783203125,27.6348733585183,22.4,50.0,40.666666666666664,8.921404855973021
2026-08-26_0800,2026-08-26 08:00:00,85.33081054687499,27.71270982724965,85.286865234375,27.65433767366391,-6.56,18.0,19.333333333333332,7.800847571994831
2026-08-26_0800,2026-08-26 08:00:00,85.33081054687499,27.71270982724965,85.30883789062499,27.65433767366391,17.91,123.0,104.16666666666669,6.841795927073861
2026-08-26_0800,2026-08-26 08:00:00,85.33081054687499,27.71270982724965,85.308837890625,27.69325590965681,3.24,243.0,235.33333333333337,3.059198985654047
2026-08-26_0800,2026-08-26 08:00:00,85.33081054687499,27.71270982724965,85.396728515625,27.71270982724965,7.5,116.0,107.83333333333331,6.4889624907041075
2026-08-26_0800,2026-08-26 08:00:00,85.33081054687499,27.71270982724965,85.352783203125,27.71270982724965,-0.25,329.0,329.8333333333333,2.162987519834845
2026-08-26_0800,2026-08-26 08:00:00,85.33081054687499,27.71270982724965,85.396728515625,27.6348733585183,-19.51,10.0,12.666666666666666,10.818792447305611
2026-08-26_0800,2026-08-26 08:00:00,85.33081054687499,27.71270982724965,85.330810546875,27.732160275740252,-1.27,402.0,407.1666666666667,2.1627945878600388
2026-08-26_0800,2026-08-26 08:00:00,85.33081054687499,27.71270982724965,85.418701171875,27.732160275740252,0.0,36.0,36.0,8.917430463969383
2026-08-26_0800,2026-08-26 08:00:00,85.33081054687499,27.71270982724965,85.28686523437501,27.771050758926727,-10.34,12.0,13.5,7.796675079685261
2026-08-26_0800,2026-08-26 08:00:00,85.33081054687499,27.71270982724965,85.374755859375,27.732160275740252,10.94,163.0,146.83333333333334,4.836155749908877
2026-08-26_0800,2026-08-26 08:00:00,85.33081054687499,27.71270982724965,85.28686523437501,27.732160275740252,13.04,220.0,194.5,4.836155749904398
2026-08-26_1600,2026-08-26 16:00:00,85.418701171875,27.71270982724965,85.374755859375,27.71270982724965,65.22,18.0,10.5,4.32597502246614
2026-08-26_1600,2026-08-26 16:00:00,85.418701171875,27.71270982724965,85.418701171875,27.71270982724965,17.71,1091.0,926.6666666666666,1.0131527334793077e-13
2026-08-26_1600,2026-08-26 16:00:00,85.418701171875,27.71270982724965,85.352783203125,27.71270982724965,13.64,24.0,21.0,6.488962490701603
2026-08-26_1600,2026-08-26 16:00:00,85.418701171875,27.71270982724965,85.396728515625,27.71270982724965,31.39,29.0,21.833333333333332,2.1629875198323405
2026-08-26_1600,2026-08-26 16:00:00,85.462646484375,27.751607253506148,85.462646484375,27.751607253506148,12.68,79.0,70.0,3.608553671315128e-14
2026-08-26_1600,2026-08-26 16:00:00,85.418701171875,27.71270982724965,85.330810546875,27.69325590965681,-19.59,12.0,15.166666666666666,8.919020940579676
2026-08-26_1600,2026-08-26 16:00:00,85.418701171875,27.71270982724965,85.33081054687499,27.71270982724965,3.45,14.0,13.5,8.65194990734518
2026-08-26_1600,2026-08-26 16:00:00,85.462646484375,27.732160275740252,85.462646484375,27.732160275740252,10.46,731.0,661.6666666666666,1.67670491015947e-13
2026-08-26_1600,2026-08-26 16:00:00,85.704345703125,27.790490790383224,85.704345703125,27.790490790383224,2.86,17.0,16.5,2.1366837619491137e-14
2026-08-26_1600,2026-08-26 16:00:00,85.550537109375,27.887638781681872,85.550537109375,27.887638781681872,42.01,39.0,27.166666666666668,2.1864401118150494e-14
2026-08-26_1600,2026-08-26 16:00:00,85.594482421875,27.732160275740252,85.594482421875,27.732160275740252,23.87,31.0,24.833333333333332,1.67670491015947e-13
2026-08-26_1600,2026-08-26 16:00:00,85.528564453125,27.771050758926727,85.528564453125,27.771050758926727,39.07,34.0,24.166666666666668,1.2207854514058405e-13
2026-08-26_1600,2026-08-26 16:00:00,85.330810546875,27.673798524586132,85.330810546875,27.732160275740252,-8.86,59.0,64.83333333333333,6.489540824477468
2026-08-26_1600,2026-08-26 16:00:00,85.550537109375,27.732160275740252,85.550537109375,27.732160275740252,12.28,17.0,15.030967870872804,1.67670491015947e-13
2026-08-26_1600,2026-08-26 16:00:00,85.572509765625,27.86821614426037,85.572509765625,27.86821614426037,8.0,17.0,15.666666666666666,1.6325720028447766e-13
2026-08-26_1600,2026-08-26 16:00:00,85.59448242187501,27.80992734625884,85.59448242187501,27.80992734625884,51.58,23.0,14.833333333333334,1.0595237556502103e-13
2026-08-26_1600,2026-08-26 16:00:00,85.330810546875,27.69325590965681,85.352783203125,27.71270982724965,11.4,100.0,89.66666666666667,3.059198985655512
2026-08-26_1600,2026-08-26 16:00:00,85.330810546875,27.69325590965681,85.308837890625,27.71270982724965,0.39,257.0,256.0,3.059198985655512
2026-08-26_1600,2026-08-26 16:00:00,85.330810546875,27.673798524586132,85.308837890625,27.732160275740252,-17.24,19.0,23.166666666666668,6.8405766587968495
2026-08-26_1600,2026-08-26 16:00:00,85.330810546875,27.69325590965681,85.374755859375,27.732160275740252,11.11,19.0,17.0,6.1178524180870175
2026-08-26_1600,2026-08-26 16:00:00,85.418701171875,27.771050758926727,85.418701171875,27.771050758926727,0.56,29.0,28.833333333333332,1.2207854514058405e-13
2026-08-26_1600,2026-08-26 16:00:00,85.330810546875,27.69325590965681,85.374755859375,27.71270982724965,-14.29,15.0,17.666666666666668,4.83701830686585
2026-08-26_1600,2026-08-26 16:00:00,85.330810546875,27.69325590965681,85.330810546875,27.732160275740252,23.15,124.0,100.5,4.3259749228953055
2026-08-26_1600,2026-08-26 16:00:00,85.330810546875,27.69325590965681,85.352783203125,27.732160275740252,22.08,46.0,37.5,4.836587005804419
2026-08-26_1600,2026-08-26 16:00:00,85.330810546875,27.69325590965681,85.308837890625,27.732160275740252,-16.28,29.0,34.833333333333336,4.836587005804419
2026-08-26_1600,2026-08-26 16:00:00,85.330810546875,27.69325590965681,85.352783203125,27.751607253506148,26.32,19.0,14.833333333333334,6.8393568193372225
2026-08-26_1600,2026-08-26 16:00:00,85.286865234375,27.65433767366391,85.33081054687499,27.71270982724965,42.5,18.0,12.333333333333334,7.800847571994819
2026-08-26_1600,2026-08-26 16:00:00,85.286865234375,27.65433767366391,85.308837890625,27.71270982724965,12.2,22.0,19.5,6.841795927074422
2026-08-26_1600,2026-08-26 16:00:00,85.330810546875,27.673798524586132,85.308837890625,27.71270982724965,2.83,193.0,187.66666666666663,4.837449360776031
2026-08-26_1600,2026-08-26 16:00:00,85.330810546875,27.673798524586132,85.352783203125,27.732160275740252,20.9,26.0,21.333333333333332,6.8405766587968495
2026-08-26_1600,2026-08-26 16:00:00,85.330810546875,27.673798524586132,85.286865234375,27.71270982724965,2.96,28.0,27.166666666666668,6.118943220473385
2026-08-26_1600,2026-08-26 16:00:00,85.330810546875,27.673798524586132,85.33081054687499,27.71270982724965,10.62,209.0,188.83333333333337,4.326746236617503
2026-08-26_1600,2026-08-26 16:00:00,85.330810546875,27.673798524586132,85.352783203125,27.71270982724965,5.77,54.0,51.0,4.837449360776031
2026-08-26_1600,2026-08-26 16:00:00,85.330810546875,27.673798524586132,85.33081054687501,27.751607253506148,13.33,16.0,14.0,8.65194948475281
2026-08-26_1600,2026-08-26 16:00:00,85.330810546875,27.673798524586132,85.374755859375,27.71270982724965,17.24,16.0,13.5,6.1189432204725
2026-08-26_1600,2026-08-26 16:00:00,84.957275390625,27.80992734625884,84.957275390625,27.80992734625884,-75.57,15.0,64.5,1.0595237556502103e-13
2026-08-26_1600,2026-08-26 16:00:00,85.286865234375,27.71270982724965,85.28686523437501,27.69325590965681,-5.83,112.0,119.0,2.1631803350353
2026-08-26_1600,2026-08-26 16:00:00,85.440673828125,27.732160275740252,85.352783203125,27.71270982724965,56.52,17.0,10.5,8.917430463966909
2026-08-26_1600,2026-08-26 16:00:00,85.286865234375,27.71270982724965,85.330810546875,27.732160275740252,-1.1,59.0,59.666666666666664,4.836155749907757
2026-08-26_1600,2026-08-26 16:00:00,85.286865234375,27.71270982724965,85.28686523437501,27.732160275740252,32.05,113.0,85.33333333333333,2.1627945878600388
2026-08-26_1600,2026-08-26 16:00:00,85.286865234375,27.71270982724965,85.330810546875,27.65433767366391,5.41,12.0,11.333333333333334,7.800847571996221
2026-08-26_1600,2026-08-26 16:00:00,85.286865234375,27.71270982724965,85.242919921875,27.69325590965681,39.13,15.0,10.5,4.8370183068672015
2026-08-26_1600,2026-08-26 16:00:00,85.286865234375,27.71270982724965,85.33081054687499,27.71270982724965,2.44,97.0,94.66666666666669,4.325975022463635
2026-08-26_1600,2026-08-26 16:00:00,85.286865234375,27.71270982724965,85.308837890625,27.69325590965681,10.09,190.0,172.5,3.0591989856558186
2026-08-26_1600,2026-08-26 16:00:00,85.286865234375,27.71270982724965,85.33081054687501,27.751607253506148,-26.96,13.0,18.166666666666668,6.1167611051183925
2026-08-26_1600,2026-08-26 16:00:00,85.286865234375,27.71270982724965,85.330810546875,27.69325590965681,2.72,87.0,84.66666666666667,4.8370183068672015
2026-08-26_1600,2026-08-26 16:00:00,85.286865234375,27.71270982724965,85.352783203125,27.69325590965681,4.49,30.0,28.666666666666668,6.84057685557886
2026-08-26_1600,2026-08-26 16:00:00,85.286865234375,27.71270982724965,85.264892578125,27.69325590965681,46.67,21.0,14.0,3.0591989856558186
2026-08-26_1600,2026-08-26 16:00:00,85.286865234375,27.71270982724965,85.30883789062499,27.65433767366391,-4.35,10.0,10.5,6.841795927074654
2026-08-26_1600,2026-08-26 16:00:00,85.286865234375,27.71270982724965,85.352783203125,27.71270982724965,45.45,31.0,21.0,6.488962490702854
2026-08-26_1600,2026-08-26 16:00:00,85.330810546875,27.69325590965681,85.286865234375,27.71270982724965,73.2,27.0,15.166666666666666,4.83701830686697
2026-08-26_1600,2026-08-26 16:00:00,85.286865234375,27.71270982724965,85.308837890625,27.71270982724965,1.08,358.0,354.1666666666667,2.1629875198323405
2026-08-26_1600,2026-08-26 16:00:00,85.286865234375,27.71270982724965,85.308837890625,27.732160275740252,-2.63,73.0,75.0,3.058653456754421
2026-08-26_1600,2026-08-26 16:00:00,85.286865234375,27.71270982724965,85.26489257812501,27.71270982724965,6.15,45.0,42.333333333333336,2.162987519829836
2026-08-26_1600,2026-08-26 16:00:00,85.286865234375,27.71270982724965,85.352783203125,27.732160275740252,-8.33,10.0,11.0,6.839357015773826
2026-08-26_1600,2026-08-26 16:00:00,85.286865234375,27.71270982724965,85.330810546875,27.673798524586132,-19.3,22.0,27.5,6.118943220473297
2026-08-26_1600,2026-08-26 16:00:00,85.286865234375,27.71270982724965,85.308837890625,27.751607253506148,36.36,14.0,10.0,4.835724247179597
2026-08-26_1600,2026-08-26 16:00:00,85.440673828125,27.732160275740252,85.440673828125,27.732160275740252,5.51,449.0,425.5,1.67670491015947e-13
2026-08-26_1600,2026-08-26 16:00:00,85.440673828125,27.732160275740252,85.462646484375,27.732160275740252,-2.94,10.0,10.333333333333334,2.1626016823979852
2026-08-26_1600,2026-08-26 16:00:00,85.308837890625,27.69325590965681,85.308837890625,27.71270982724965,8.19,457.0,422.3333333333333,2.163180335035057
2026-08-26_1600,2026-08-26 16:00:00,85.308837890625,27.69325590965681,85.352783203125,27.71270982724965,33.33,47.0,35.0,4.83701830686697
2026-08-26_1600,2026-08-26 16:00:00,85.308837890625,27.69325590965681,85.33081054687499,27.71270982724965,12.9,174.0,154.0,3.059198985653741
2026-08-26_1600,2026-08-26 16:00:00,85.308837890625,27.69325590965681,85.374755859375,27.732160275740252,37.14,15.0,10.666666666666666,7.798762185210407
2026-08-26_1600,2026-08-26 16:00:00,85.308837890625,27.69325590965681,85.28686523437501,27.732160275740252,58.33,18.0,11.0,4.83658700580386
2026-08-26_1600,2026-08-26 16:00:00,85.023193359375,27.771050758926727,85.023193359375,27.771050758926727,21.01,23.0,18.833333333333332,1.2207854514058405e-13
2026-08-26_1600,2026-08-26 16:00:00,85.308837890625,27.69325590965681,85.308837890625,27.751607253506148,40.74,18.0,12.5,6.488383583170236
2026-08-26_1600,2026-08-26 16:00:00,85.308837890625,27.69325590965681,85.286865234375,27.71270982724965,18.6,67.0,56.333333333333336,3.059198985655512
2026-08-26_1600,2026-08-26 16:00:00,85.308837890625,27.69325590965681,85.352783203125,27.732160275740252,-0.87,18.0,18.166666666666668,6.117852418087902
2026-08-26_1600,2026-08-26 16:00:00,85.308837890625,27.69325590965681,85.330810546875,27.732160275740252,11.75,64.0,57.166666666666664,4.836587005804419
2026-08-26_1600,2026-08-26 16:00:00,85.308837890625,27.69325590965681,85.33081054687501,27.751607253506148,12.5,20.0,17.666666666666668,6.839356819337618
2026-08-26_1600,2026-08-26 16:00:00,85.308837890625,27.6348733585183,85.308837890625,27.71270982724965,-21.59,22.0,28.333333333333332,8.655034015881297
2026-08-26_1600,2026-08-26 16:00:00,85.308837890625,27.6348733585183,85.33081054687499,27.71270982724965,-14.29,20.0,23.5,8.921404855971593
2026-08-26_1600,2026-08-26 16:00:00,85.286865234375,27.71270982724965,85.308837890625,27.673798524586132,-12.79,49.0,56.333333333333336,4.837449360776172
2026-08-26_1600,2026-08-26 16:00:00,85.308837890625,27.69325590965681,85.308837890625,27.732160275740252,1.82,55.0,54.0,4.3259749228953055
2026-08-26_1600,2026-08-26 16:00:00,85.330810546875,27.69325590965681,85.33081054687501,27.751607253506148,-26.72,15.0,20.833333333333332,6.488383583170236
2026-08-26_1600,2026-08-26 16:00:00,85.308837890625,27.732160275740252,85.330810546875,27.771050758926727,-17.02,12.0,14.666666666666666,4.834861085375527
2026-08-26_1600,2026-08-26 16:00:00,85.330810546875,27.69325590965681,85.28686523437501,27.732160275740252,36.0,16.0,11.5,6.1178524180870175
2026-08-26_1600,2026-08-26 16:00:00,85.308837890625,27.732160275740252,85.28686523437501,27.69325590965681,22.22,65.0,53.0,4.836587005803816
2026-08-26_1600,2026-08-26 16:00:00,85.308837890625,27.732160275740252,85.35278320312499,27.673798524586132,63.64,23.0,13.666666666666666,7.799457392221702
2026-08-26_1600,2026-08-26 16:00:00,85.308837890625,27.732160275740252,85.330810546875,27.732160275740252,4.36,290.0,277.8333333333333,2.1626016823979852
2026-08-26_1600,2026-08-26 16:00:00,85.308837890625,27.732160275740252,85.33081054687499,27.71270982724965,15.44,237.0,205.16666666666663,3.0586534567528276
2026-08-26_1600,2026-08-26 16:00:00,85.308837890625,27.732160275740252,85.308837890625,27.751607253506148,-1.77,202.0,205.66666666666663,2.1624086602752115
2026-08-26_1600,2026-08-26 16:00:00,85.308837890625,27.732160275740252,85.308837890625,27.732160275740252,11.89,14553.0,13006.666666666666,1.67670491015947e-13
2026-08-26_1600,2026-08-26 16:00:00,85.308837890625,27.732160275740252,85.30883789062499,27.65433767366391,13.04,12.0,10.5,8.653492111773652
2026-08-26_1600,2026-08-26 16:00:00,85.308837890625,27.732160275740252,85.28686523437501,27.732160275740252,-0.81,81.0,81.66666666666667,2.162601682396733
2026-08-26_1600,2026-08-26 16:00:00,85.308837890625,27.732160275740252,85.308837890625,27.69325590965681,15.77,174.0,150.16666666666666,4.325974922895328
2026-08-26_1600,2026-08-26 16:00:00,85.308837890625,27.732160275740252,85.330810546875,27.69325590965681,-3.7,151.0,156.83333333333334,4.836587005804376
2026-08-26_1600,2026-08-26 16:00:00,85.308837890625,27.732160275740252,85.33081054687501,27.751607253506148,-1.86,87.0,88.66666666666667,3.0581076727134
2026-08-26_1600,2026-08-26 16:00:00,85.308837890625,27.732160275740252,85.308837890625,27.673798524586132,2.99,68.0,66.0,6.489540824477553
2026-08-26_1600,2026-08-26 16:00:00,85.770263671875,27.71270982724965,85.770263671875,27.71270982724965,35.26,38.0,27.833333333333332,1.0131527334793077e-13
2026-08-26_1600,2026-08-26 16:00:00,85.330810546875,27.6348733585183,85.308837890625,27.71270982724965,7.14,34.0,31.666666666666668,8.921404855972199
2026-08-26_1600,2026-08-26 16:00:00,85.330810546875,27.6348733585183,85.330810546875,27.732160275740252,-8.16,14.0,15.333333333333334,10.817828603741289
2026-08-26_1600,2026-08-26 16:00:00,85.308837890625,27.732160275740252,85.352783203125,27.751607253506148,28.09,37.0,28.666666666666668,4.8352927895323505
2026-08-26_1600,2026-08-26 16:00:00,85.330810546875,27.6348733585183,85.33081054687499,27.71270982724965,24.75,41.0,32.666666666666664,8.655034015881297
2026-08-26_1600,2026-08-26 16:00:00,85.308837890625,27.732160275740252,85.352783203125,27.69325590965681,7.01,88.0,82.16666666666667,6.117852418087862
2026-08-26_1600,2026-08-26 16:00:00,85.308837890625,27.732160275740252,85.352783203125,27.732160275740252,-8.47,44.0,48.166666666666664,4.325203347578266
2026-08-26_1600,2026-08-26 16:00:00,85.374755859375,27.751607253506148,85.330810546875,27.732160275740252,20.0,18.0,14.833333333333334,4.835292789531121
2026-08-26_1600,2026-08-26 16:00:00,85.286865234375,27.71270982724965,85.286865234375,27.71270982724965,12.3,7850.0,6990.333333333333,1.0131527334793077e-13
2026-08-26_1600,2026-08-26 16:00:00,85.374755859375,27.751607253506148,85.352783203125,27.732160275740252,-21.97,28.0,36.166666666666664,3.0581076727116523
2026-08-26_1600,2026-08-26 16:00:00,85.374755859375,27.751607253506148,85.374755859375,27.751607253506148,5.67,1076.0,1018.1666666666666,3.608553671315128e-14
2026-08-26_1600,2026-08-26 16:00:00,85.374755859375,27.751607253506148,85.374755859375,27.732160275740252,-22.99,23.0,30.166666666666668,2.162408660275157
2026-08-26_1600,2026-08-26 16:00:00,85.572509765625,27.732160275740252,85.572509765625,27.732160275740252,40.26,17.0,11.833333333333334,1.67670491015947e-13
2026-08-26_1600,2026-08-26 16:00:00,85.638427734375,27.965294478955137,85.638427734375,27.965294478955137,-4.0,23.0,24.0,1.4086291756185424e-13
2026-08-26_1600,2026-08-26 16:00:00,85.308837890625,27.732160275740252,85.330810546875,27.673798524586132,18.09,36.0,30.333333333333332,6.840576658797092
2026-08-26_1600,2026-08-26 16:00:00,85.308837890625,27.732160275740252,85.330810546875,27.65433767366391,6.93,17.0,15.833333333333334,8.919815497580409
2026-08-26_1600,2026-08-26 16:00:00,85.308837890625,27.732160275740252,85.308837890625,27.71270982724965,11.52,630.0,564.8333333333334,2.16279458785999
2026-08-26_1600,2026-08-26 16:00:00,85.308837890625,27.732160275740252,85.286865234375,27.71270982724965,20.0,99.0,82.33333333333333,3.0586534567545987
2026-08-26_1600,2026-08-26 16:00:00,85.308837890625,27.732160275740252,85.374755859375,27.732160275740252,-20.75,13.0,16.666666666666668,6.4878049783218845
2026-08-26_1600,2026-08-26 16:00:00,85.308837890625,27.732160275740252,85.308837890625,27.771050758926727,39.44,32.0,22.666666666666668,4.324431212760916
2026-08-26_1600,2026-08-26 16:00:00,85.308837890625,27.732160275740252,85.286865234375,27.751607253506148,-2.83,39.0,40.166666666666664,3.0581076727125147
2026-08-26_1600,2026-08-26 16:00:00,85.308837890625,27.732160275740252,85.352783203125,27.771050758926727,-17.24,11.0,13.5,6.115669282158945
2026-08-26_1600,2026-08-26 16:00:00,85.308837890625,27.732160275740252,85.352783203125,27.71270982724965,-13.18,55.0,63.5,4.836155749907886
2026-08-26_1600,2026-08-26 16:00:00,85.264892578125,27.69325590965681,85.33081054687499,27.71270982724965,17.48,111.0,94.33333333333331,6.84057685557645
2026-08-26_1600,2026-08-26 16:00:00,85.264892578125,27.69325590965681,85.33081054687501,27.751607253506148,-8.33,10.0,11.0,9.175960017779838
2026-08-26_1600,2026-08-26 16:00:00,85.264892578125,27.69325590965681,85.352783203125,27.71270982724965,-1.37,23.0,23.333333333333332,8.919020940580905
2026-08-26_1600,2026-08-26 16:00:00,85.308837890625,27.771050758926727,85.308837890625,27.71270982724965,5.14,74.0,70.33333333333333,6.487225800620781
2026-08-26_1600,2026-08-26 16:00:00,85.308837890625,27.771050758926727,85.352783203125,27.71270982724965,-1.82,17.0,17.333333333333332,7.7966750796874145
2026-08-26_1600,2026-08-26 16:00:00,85.308837890625,27.771050758926727,85.330810546875,27.771050758926727,-7.14,12.0,13.0,2.161829466812015
2026-08-26_1600,2026-08-26 16:00:00,85.308837890625,27.771050758926727,85.330810546875,27.732160275740252,32.11,47.0,35.333333333333336,4.834861085375861
2026-08-26_1600,2026-08-26 16:00:00,85.550537109375,27.790490790383224,85.550537109375,27.790490790383224,37.93,19.0,13.5,2.1366837619491137e-14
2026-08-26_1600,2026-08-26 16:00:00,85.242919921875,27.71270982724965,85.242919921875,27.71270982724965,17.61,363.0,308.5,1.0131527334793077e-13
2026-08-26_1600,2026-08-26 16:00:00,85.242919921875,27.71270982724965,85.286865234375,27.71270982724965,18.42,14.0,11.666666666666666,4.32597502246614
2026-08-26_1600,2026-08-26 16:00:00,85.792236328125,27.751607253506148,85.792236328125,27.751607253506148,13.79,21.0,18.333333333333332,3.608553671315128e-14
2026-08-26_1600,2026-08-26 16:00:00,85.44067382812501,27.71270982724965,85.44067382812501,27.71270982724965,9.76,224.0,204.0,1.0131527334793077e-13
2026-08-26_1600,2026-08-26 16:00:00,85.396728515625,27.673798524586132,85.33081054687499,27.71270982724965,-1.95,83.0,84.66666666666667,7.800152690943326
2026-08-26_1600,2026-08-26 16:00:00,85.396728515625,27.673798524586132,85.308837890625,27.71270982724965,21.35,89.0,73.16666666666667,9.67489861314571
2026-08-26_1600,2026-08-26 16:00:00,85.396728515625,27.673798524586132,85.352783203125,27.732160275740252,-4.35,10.0,10.5,7.799457392222162
2026-08-26_1600,2026-08-26 16:00:00,85.396728515625,27.673798524586132,85.330810546875,27.732160275740252,32.52,35.0,26.166666666666668,9.1775966042868
2026-08-26_1600,2026-08-26 16:00:00,85.396728515625,27.673798524586132,85.352783203125,27.71270982724965,4.92,31.0,29.5,6.1189432204725
2026-08-26_1600,2026-08-26 16:00:00,85.726318359375,27.71270982724965,85.726318359375,27.71270982724965,8.33,12.0,11.0,1.0131527334793077e-13
2026-08-26_1600,2026-08-26 16:00:00,85.308837890625,27.771050758926727,85.286865234375,27.71270982724965,20.0,13.0,10.666666666666666,6.838136409357913
2026-08-26_1600,2026-08-26 16:00:00,85.308837890625,27.771050758926727,85.30883789062501,27.790490790383224,32.47,16.0,11.833333333333334,2.1616362646985623
2026-08-26_1600,2026-08-26 16:00:00,85.308837890625,27.771050758926727,85.308837890625,27.751607253506148,11.0,115.0,103.5,2.1620225524858245
2026-08-26_1600,2026-08-26 16:00:00,85.308837890625,27.771050758926727,85.308837890625,27.771050758926727,15.58,2540.0,2197.5,1.2207854514058405e-13
2026-08-26_1600,2026-08-26 16:00:00,85.264892578125,27.69325590965681,85.26489257812501,27.71270982724965,36.96,20.0,14.333333333333334,2.163180335035057
2026-08-26_1600,2026-08-26 16:00:00,85.264892578125,27.69325590965681,85.286865234375,27.71270982724965,14.8,74.0,64.33333333333333,3.059198985655512
2026-08-26_1600,2026-08-26 16:00:00,85.264892578125,27.69325590965681,85.308837890625,27.732160275740252,34.89,41.0,30.136125016115113,6.117852418087902
2026-08-26_1600,2026-08-26 16:00:00,85.264892578125,27.69325590965681,85.330810546875,27.732160275740252,2.72,43.0,41.833333333333336,7.79876218521145
2026-08-26_1600,2026-08-26 16:00:00,85.264892578125,27.69325590965681,85.308837890625,27.71270982724965,17.42,163.0,138.66666666666666,4.83701830686697
2026-08-26_1600,2026-08-26 16:00:00,85.264892578125,27.69325590965681,85.28686523437501,27.732160275740252,14.71,12.0,10.333333333333334,4.836587005804979
2026-08-26_1600,2026-08-26 16:00:00,85.374755859375,27.6348733585183,85.33081054687499,27.71270982724965,-14.29,14.0,16.5,9.676622180284047
2026-08-26_1600,2026-08-26 16:00:00,85.330810546875,27.69325590965681,85.33081054687499,27.71270982724965,1.91,416.0,408.1666666666667,2.163180335035057
2026-08-26_1600,2026-08-26 16:00:00,85.374755859375,27.6348733585183,85.308837890625,27.71270982724965,-8.16,14.0,15.333333333333334,10.81879244730406
2026-08-26_1600,2026-08-26 16:00:00,85.660400390625,27.887638781681872,85.660400390625,27.887638781681872,22.73,17.0,13.666666666666666,2.1864401118150494e-14
2026-08-26_1600,2026-08-26 16:00:00,85.308837890625,27.80992734625884,85.308837890625,27.80992734625884,-3.9,36.0,37.5,1.0595237556502103e-13
2026-08-26_1600,2026-08-26 16:00:00,85.308837890625,27.771050758926727,85.33081054687499,27.71270982724965,-13.43,28.0,32.5,6.838136409357121
2026-08-26_1600,2026-08-26 16:00:00,85.308837890625,27.771050758926727,85.308837890625,27.69325590965681,33.81,30.0,22.166666666666668,8.650406135656192
2026-08-26_1600,2026-08-26 16:00:00,85.308837890625,27.771050758926727,85.308837890625,27.732160275740252,-1.1,104.0,105.16666666666669,4.324431212761069
2026-08-26_1600,2026-08-26 16:00:00,85.308837890625,27.771050758926727,85.33081054687501,27.751607253506148,42.11,17.0,11.666666666666666,3.0575616338240175
2026-08-26_1600,2026-08-26 16:00:00,85.308837890625,27.771050758926727,85.330810546875,27.69325590965681,-1.89,25.0,25.5,8.916634546173134
2026-08-26_1600,2026-08-26 16:00:00,85.308837890625,27.926473604009228,85.308837890625,27.926473604009228,-50.33,24.0,49.333333333333336,2.0222549497249037e-15
2026-08-26_1600,2026-08-26 16:00:00,85.33081054687499,27.71270982724965,85.33081054687499,27.71270982724965,7.34,11295.0,10522.833333333334,1.0131527334793077e-13
2026-08-26_1600,2026-08-26 16:00:00,85.308837890625,27.71270982724965,85.37475585937501,27.69325590965681,10.27,33.0,29.833333333333332,6.840576855580046
2026-08-26_1600,2026-08-26 16:00:00,85.33081054687499,27.71270982724965,85.352783203125,27.732160275740252,-22.58,63.0,81.66666666666667,3.0586534567561916
2026-08-26_1600,2026-08-26 16:00:00,85.770263671875,27.80992734625884,85.770263671875,27.80992734625884,45.05,65.0,44.5,1.0595237556502103e-13
2026-08-26_1600,2026-08-26 16:00:00,85.308837890625,27.71270982724965,85.308837890625,27.751607253506148,-13.85,83.0,96.5,4.3252032481350495
2026-08-26_1600,2026-08-26 16:00:00,85.308837890625,27.71270982724965,85.330810546875,27.771050758926727,26.76,14.0,10.833333333333334,6.838136409357944
2026-08-26_1600,2026-08-26 16:00:00,85.308837890625,27.71270982724965,85.374755859375,27.71270982724965,27.54,43.0,33.5,6.488962490701603
2026-08-26_1600,2026-08-26 16:00:00,85.308837890625,27.71270982724965,85.308837890625,27.69325590965681,4.16,416.0,399.3333333333333,2.1631803350353
2026-08-26_1600,2026-08-26 16:00:00,85.308837890625,27.71270982724965,85.374755859375,27.732160275740252,-27.17,20.0,27.833333333333332,6.839357015772637
2026-08-26_1600,2026-08-26 16:00:00,85.308837890625,27.71270982724965,85.30883789062499,27.65433767366391,-12.28,24.0,27.5,6.490697523913854
2026-08-26_1600,2026-08-26 16:00:00,85.308837890625,27.71270982724965,85.286865234375,27.673798524586132,-25.47,19.0,25.833333333333332,4.837449360776172
2026-08-26_1600,2026-08-26 16:00:00,85.308837890625,27.71270982724965,85.286865234375,27.751607253506148,3.45,39.0,37.666666666666664,4.835724247179597
2026-08-26_1600,2026-08-26 16:00:00,85.308837890625,27.71270982724965,85.28686523437501,27.732160275740252,6.9,92.0,86.0,3.0586534567535355
2026-08-26_1600,2026-08-26 16:00:00,85.308837890625,27.71270982724965,85.308837890625,27.673798524586132,6.58,115.0,107.83333333333331,4.326746236617482
2026-08-26_1600,2026-08-26 16:00:00,85.308837890625,27.71270982724965,85.264892578125,27.69325590965681,-16.56,20.0,24.166666666666668,4.8370183068672015
2026-08-26_1600,2026-08-26 16:00:00,85.308837890625,27.71270982724965,85.352783203125,27.771050758926727,-12.2,17.0,19.5,7.7966750796873425
2026-08-26_1600,2026-08-26 16:00:00,85.308837890625,27.71270982724965,85.352783203125,27.71270982724965,8.43,89.0,82.0,4.32597502246614
2026-08-26_1600,2026-08-26 16:00:00,85.308837890625,27.71270982724965,85.352783203125,27.69325590965681,0.15,109.0,108.83333333333331,4.8370183068672015
2026-08-26_1600,2026-08-26 16:00:00,85.11108398437501,27.732160275740252,85.11108398437501,27.732160275740252,13.51,27.0,23.666666666666668,1.67670491015947e-13
2026-08-26_1600,2026-08-26 16:00:00,85.308837890625,27.71270982724965,85.352783203125,27.751607253506148,5.32,32.0,30.333333333333332,6.116761105117507
2026-08-26_1600,2026-08-26 16:00:00,85.572509765625,27.790490790383224,85.572509765625,27.790490790383224,38.76,70.0,50.166666666666664,2.1366837619491137e-14
2026-08-26_1600,2026-08-26 16:00:00,85.198974609375,27.71270982724965,85.198974609375,27.71270982724965,-0.41,80.0,80.33333333333333,1.0131527334793077e-13
2026-08-26_1600,2026-08-26 16:00:00,85.33081054687501,27.751607253506148,85.33081054687501,27.751607253506148,7.0,8587.0,8025.333333333333,3.608553671315128e-14
2026-08-26_1600,2026-08-26 16:00:00,85.33081054687501,27.751607253506148,85.352783203125,27.771050758926727,-32.39,15.0,22.666666666666668,3.057561633821971
2026-08-26_1600,2026-08-26 16:00:00,85.33081054687501,27.751607253506148,85.28686523437501,27.69325590965681,20.0,27.0,22.333333333333332,7.798066561201203
2026-08-26_1600,2026-08-26 16:00:00,85.33081054687501,27.751607253506148,85.374755859375,27.732160275740252,57.5,20.0,12.333333333333334,4.835292789530001
2026-08-26_1600,2026-08-26 16:00:00,85.33081054687501,27.751607253506148,85.352783203125,27.71270982724965,2.72,62.0,60.333333333333336,4.83572424717952
2026-08-26_1600,2026-08-26 16:00:00,85.33081054687501,27.751607253506148,85.308837890625,27.71270982724965,5.18,192.0,182.5,4.83572424718064
2026-08-26_1600,2026-08-26 16:00:00,85.33081054687501,27.751607253506148,85.33081054687499,27.71270982724965,14.79,193.0,168.0,4.325203248135176
2026-08-26_1600,2026-08-26 16:00:00,85.33081054687501,27.751607253506148,85.330810546875,27.69325590965681,-13.79,123.0,142.83333333333334,6.488383583170239
2026-08-26_1600,2026-08-26 16:00:00,85.33081054687501,27.751607253506148,85.308837890625,27.69325590965681,9.36,110.0,100.5,6.839356819337568
2026-08-26_1600,2026-08-26 16:00:00,85.33081054687501,27.751607253506148,85.352783203125,27.69325590965681,-15.96,42.0,50.166666666666664,6.839356819336776
2026-08-26_1600,2026-08-26 16:00:00,85.33081054687501,27.751607253506148,85.35278320312499,27.673798524586132,-4.0,11.0,11.5,8.918225394025082
2026-08-26_1600,2026-08-26 16:00:00,85.33081054687501,27.751607253506148,85.352783203125,27.732160275740252,28.17,68.0,52.833333333333336,3.0581076727116523
2026-08-26_1600,2026-08-26 16:00:00,85.44067382812499,27.65433767366391,85.33081054687499,27.71270982724965,31.71,17.0,12.666666666666666,12.615648058548462
2026-08-26_1600,2026-08-26 16:00:00,85.133056640625,27.751607253506148,85.133056640625,27.751607253506148,46.34,19.0,12.666666666666666,3.608553671315128e-14
2026-08-26_1600,2026-08-26 16:00:00,85.506591796875,27.771050758926727,85.506591796875,27.771050758926727,-13.29,24.0,27.833333333333332,1.2207854514058405e-13
2026-08-26_1600,2026-08-26 16:00:00,85.13305664062499,27.732160275740252,85.13305664062499,27.732160275740252,36.41,245.0,179.33333333333334,1.67670491015947e-13
2026-08-26_1600,2026-08-26 16:00:00,85.308837890625,27.71270982724965,85.396728515625,27.673798524586132,27.5,16.0,12.333333333333334,9.674898613145617
2026-08-26_1600,2026-08-26 16:00:00,85.308837890625,27.71270982724965,85.37475585937499,27.673798524586132,-32.17,12.0,18.166666666666668,7.800152690940106
2026-08-26_1600,2026-08-26 16:00:00,85.308837890625,27.71270982724965,85.33081054687501,27.751607253506148,15.18,64.0,55.43220263693979,4.835724247180157
2026-08-26_1600,2026-08-26 16:00:00,85.35278320312501,27.65433767366391,85.352783203125,27.71270982724965,-27.35,26.0,36.166666666666664,6.490697523913687
2026-08-26_1600,2026-08-26 16:00:00,85.35278320312501,27.65433767366391,85.308837890625,27.732160275740252,21.28,18.0,14.666666666666666,9.67489827901318
2026-08-26_1600,2026-08-26 16:00:00,85.35278320312501,27.65433767366391,85.308837890625,27.71270982724965,12.04,120.0,107.0,7.800847571996901
2026-08-26_1600,2026-08-26 16:00:00,85.396728515625,27.65433767366391,85.308837890625,27.71270982724965,-3.85,24.0,25.0,10.817829077396292
2026-08-26_1600,2026-08-26 16:00:00,85.396728515625,27.65433767366391,85.352783203125,27.71270982724965,34.04,20.0,14.666666666666666,7.800847571995513
2026-08-26_1600,2026-08-26 16:00:00,85.396728515625,27.65433767366391,85.33081054687499,27.71270982724965,18.6,33.0,27.666666666666668,9.179232424475195
2026-08-26_1600,2026-08-26 16:00:00,85.08911132812501,27.751607253506148,85.08911132812501,27.751607253506148,12.73,30.0,26.5,3.608553671315128e-14
2026-08-26_1600,2026-08-26 16:00:00,85.133056640625,27.907057935466664,85.15502929687501,27.907057935466664,-53.12,14.0,31.0,2.1591210567867405
2026-08-26_1600,2026-08-26 16:00:00,85.133056640625,27.907057935466664,85.133056640625,27.907057935466664,-61.37,91.0,237.16666666666663,5.816231754836267e-14
2026-08-26_1600,2026-08-26 16:00:00,85.264892578125,27.732160275740252,85.33081054687499,27.71270982724965,1.41,11.0,10.833333333333334,6.839357015771429
2026-08-26_1600,2026-08-26 16:00:00,85.264892578125,27.732160275740252,85.264892578125,27.732160275740252,13.74,620.0,545.0,1.67670491015947e-13
2026-08-26_1600,2026-08-26 16:00:00,85.264892578125,27.732160275740252,85.26489257812501,27.71270982724965,21.01,23.0,18.833333333333332,2.16279458785999
2026-08-26_1600,2026-08-26 16:00:00,85.264892578125,27.732160275740252,85.286865234375,27.71270982724965,14.55,41.0,35.666666666666664,3.0586534567545987
2026-08-26_1600,2026-08-26 16:00:00,85.264892578125,27.732160275740252,85.308837890625,27.71270982724965,16.95,22.0,18.666666666666668,4.836155749907886
2026-08-26_1600,2026-08-26 16:00:00,85.374755859375,27.751607253506148,85.352783203125,27.751607253506148,20.78,61.0,50.333333333333336,2.162215664653275
2026-08-26_1600,2026-08-26 16:00:00,85.35278320312501,27.65433767366391,85.33081054687499,27.71270982724965,-3.63,114.0,118.33333333333331,6.841795927075609
2026-08-26_1600,2026-08-26 16:00:00,85.35278320312501,27.65433767366391,85.352783203125,27.732160275740252,-2.86,16.0,16.5,8.653492111773794
2026-08-26_1600,2026-08-26 16:00:00,85.35278320312501,27.65433767366391,85.286865234375,27.71270982724965,-26.72,15.0,20.833333333333332,9.179232424475195
2026-08-26_1600,2026-08-26 16:00:00,85.35278320312501,27.65433767366391,85.330810546875,27.732160275740252,13.79,54.0,47.333333333333336,8.919815497580542
2026-08-26_1600,2026-08-26 16:00:00,85.308837890625,27.71270982724965,85.330810546875,27.65433767366391,0.99,33.0,32.666666666666664,6.841795927074654
2026-08-26_1600,2026-08-26 16:00:00,85.308837890625,27.71270982724965,85.308837890625,27.71270982724965,9.5,15975.0,14589.333333333334,1.0131527334793077e-13
2026-08-26_1600,2026-08-26 16:00:00,85.308837890625,27.71270982724965,85.242919921875,27.69325590965681,9.62,18.0,16.333333333333332,6.84057685557886
2026-08-26_1600,2026-08-26 16:00:00,85.308837890625,27.71270982724965,85.286865234375,27.71270982724965,11.42,225.0,201.83333333333337,2.1629875198323405
2026-08-26_1600,2026-08-26 16:00:00,85.308837890625,27.71270982724965,85.330810546875,27.732160275740252,8.37,176.0,162.33333333333334,3.058653456754421
2026-08-26_1600,2026-08-26 16:00:00,85.308837890625,27.71270982724965,85.308837890625,27.732160275740252,-1.53,331.0,336.1666666666667,2.1627945878600388
2026-08-26_1600,2026-08-26 16:00:00,85.308837890625,27.71270982724965,85.35278320312499,27.673798524586132,-4.18,41.0,42.833333333333336,6.118943220471525
2026-08-26_1600,2026-08-26 16:00:00,85.33081054687501,27.751607253506148,85.308837890625,27.732160275740252,12.8,190.0,168.33333333333334,3.058107672713423
2026-08-26_1600,2026-08-26 16:00:00,85.308837890625,27.71270982724965,85.35278320312501,27.65433767366391,29.73,23.0,17.5,7.800847571996917
2026-08-26_1600,2026-08-26 16:00:00,85.308837890625,27.71270982724965,85.330810546875,27.69325590965681,3.88,222.0,213.66666666666663,3.0591989856558186
2026-08-26_1600,2026-08-26 16:00:00,85.308837890625,27.71270982724965,85.264892578125,27.673798524586132,27.06,17.0,13.166666666666666,6.118943220473297
2026-08-26_1600,2026-08-26 16:00:00,85.308837890625,27.71270982724965,85.308837890625,27.771050758926727,-25.77,11.0,15.166666666666666,6.487225800620917
2026-08-26_1600,2026-08-26 16:00:00,85.308837890625,27.71270982724965,85.28686523437501,27.69325590965681,0.78,107.0,106.16666666666669,3.059198985654933
2026-08-26_1600,2026-08-26 16:00:00,85.308837890625,27.71270982724965,85.33081054687499,27.71270982724965,10.16,364.0,330.3333333333333,2.162987519829836
2026-08-26_1600,2026-08-26 16:00:00,85.308837890625,27.71270982724965,85.330810546875,27.673798524586132,-9.16,75.0,82.66666666666667,4.837449360776172
2026-08-26_1600,2026-08-26 16:00:00,85.616455078125,27.751607253506148,85.616455078125,27.751607253506148,0.65,25.0,24.833333333333332,3.608553671315128e-14
2026-08-26_1600,2026-08-26 16:00:00,85.308837890625,27.71270982724965,85.352783203125,27.732160275740252,-4.91,70.0,73.66666666666667,4.836155749907757
2026-08-26_1600,2026-08-26 16:00:00,85.33081054687501,27.751607253506148,85.308837890625,27.751607253506148,-5.64,91.0,96.5,2.162215664655779
2026-08-26_1600,2026-08-26 16:00:00,85.33081054687501,27.751607253506148,85.286865234375,27.71270982724965,-10.81,32.0,36.0,6.116761105118531
2026-08-26_1600,2026-08-26 16:00:00,85.33081054687501,27.751607253506148,85.330810546875,27.771050758926727,-12.31,37.0,42.333333333333336,2.162022552485689
2026-08-26_1600,2026-08-26 16:00:00,85.286865234375,27.673798524586132,85.352783203125,27.71270982724965,24.75,20.0,15.833333333333334,7.800152690942283
2026-08-26_1600,2026-08-26 16:00:00,85.286865234375,27.673798524586132,85.33081054687499,27.71270982724965,9.6,77.0,70.16666666666667,6.118943220471615
2026-08-26_1600,2026-08-26 16:00:00,85.286865234375,27.673798524586132,85.330810546875,27.732160275740252,20.0,32.0,26.5,7.799457392222855
2026-08-26_1600,2026-08-26 16:00:00,85.286865234375,27.673798524586132,85.286865234375,27.71270982724965,44.0,23.0,15.666666666666666,4.326746236617503
2026-08-26_1600,2026-08-26 16:00:00,85.286865234375,27.673798524586132,85.308837890625,27.71270982724965,9.54,87.0,79.33333333333333,4.837449360776031
2026-08-26_1600,2026-08-26 16:00:00,85.594482421875,27.829360424938628,85.594482421875,27.829360424938628,40.43,32.0,22.5,5.538235803950223e-15
2026-08-26_1600,2026-08-26 16:00:00,85.37475585937501,27.69325590965681,85.352783203125,27.732160275740252,1.69,29.0,28.5,4.836587005804979
2026-08-26_1600,2026-08-26 16:00:00,85.37475585937501,27.69325590965681,85.374755859375,27.71270982724965,5.49,79.0,74.83333333333333,2.163180335035057
2026-08-26_1600,2026-08-26 16:00:00,85.37475585937501,27.69325590965681,85.308837890625,27.71270982724965,14.75,174.0,151.5,6.840576855580014
2026-08-26_1600,2026-08-26 16:00:00,85.37475585937501,27.69325590965681,85.286865234375,27.71270982724965,-2.86,16.0,16.5,8.91902094058212
2026-08-26_1600,2026-08-26 16:00:00,85.37475585937501,27.69325590965681,85.33081054687499,27.71270982724965,12.46,172.0,152.83333333333334,4.83701830687033
2026-08-26_1600,2026-08-26 16:00:00,85.37475585937501,27.69325590965681,85.396728515625,27.71270982724965,33.73,36.0,26.666666666666668,3.059198985653741
2026-08-26_1600,2026-08-26 16:00:00,85.37475585937501,27.69325590965681,85.330810546875,27.732160275740252,8.43,59.0,54.333333333333336,6.117852418088787
2026-08-26_1600,2026-08-26 16:00:00,85.37475585937501,27.69325590965681,85.374755859375,27.732160275740252,-32.65,10.0,15.333333333333334,4.3259749228953055
2026-08-26_1600,2026-08-26 16:00:00,85.37475585937501,27.69325590965681,85.352783203125,27.71270982724965,12.15,99.0,88.16666666666667,3.0591989856563977
2026-08-26_1600,2026-08-26 16:00:00,85.33081054687499,27.71270982724965,85.37475585937499,27.673798524586132,5.0,13.0,12.333333333333334,6.118943220473297
2026-08-26_1600,2026-08-26 16:00:00,85.33081054687499,27.71270982724965,85.308837890625,27.69325590965681,10.62,190.0,171.66666666666666,3.059198985654047
2026-08-26_1600,2026-08-26 16:00:00,85.33081054687499,27.71270982724965,85.330810546875,27.732160275740252,9.83,215.0,195.66666666666663,2.1627945878600388
2026-08-26_1600,2026-08-26 16:00:00,85.33081054687499,27.71270982724965,85.352783203125,27.71270982724965,1.11,181.0,179.0,2.162987519834845
2026-08-26_1600,2026-08-26 16:00:00,85.33081054687499,27.71270982724965,85.30883789062499,27.65433767366391,23.53,13.0,10.333333333333334,6.841795927073861
2026-08-26_1600,2026-08-26 16:00:00,85.33081054687499,27.71270982724965,85.374755859375,27.71270982724965,1.47,22.0,21.666666666666668,4.325975022467392
2026-08-26_1600,2026-08-26 16:00:00,85.33081054687499,27.71270982724965,85.286865234375,27.71270982724965,-5.88,31.0,33.0,4.325975022463635
2026-08-26_1600,2026-08-26 16:00:00,85.33081054687499,27.71270982724965,85.28686523437501,27.732160275740252,60.56,18.0,10.833333333333334,4.836155749904398
2026-08-26_1600,2026-08-26 16:00:00,85.33081054687499,27.71270982724965,85.330810546875,27.65433767366391,27.56,26.0,20.166666666666668,6.490697523913854
2026-08-26_1600,2026-08-26 16:00:00,85.33081054687499,27.71270982724965,85.28686523437501,27.69325590965681,21.66,43.0,35.166666666666664,4.837018306863841
2026-08-26_1600,2026-08-26 16:00:00,85.33081054687499,27.71270982724965,85.352783203125,27.69325590965681,-16.67,94.0,113.0,3.0591989856575905
2026-08-26_1600,2026-08-26 16:00:00,85.37475585937501,27.69325590965681,85.308837890625,27.732160275740252,27.43,23.0,17.833333333333332,7.7987621852124915
2026-08-26_1600,2026-08-26 16:00:00,85.33081054687499,27.71270982724965,85.330810546875,27.69325590965681,1.96,355.0,348.1666666666667,2.1631803350353
2026-08-26_1600,2026-08-26 16:00:00,85.33081054687499,27.71270982724965,85.33081054687501,27.751607253506148,-13.49,30.0,34.833333333333336,4.3252032481350495
2026-08-26_1600,2026-08-26 16:00:00,85.33081054687499,27.71270982724965,85.308837890625,27.751607253506148,-20.35,14.0,17.833333333333332,4.835724247178478
2026-08-26_1600,2026-08-26 16:00:00,85.33081054687499,27.71270982724965,85.330810546875,27.673798524586132,2.0,50.0,49.0,4.326746236617482
2026-08-26_1600,2026-08-26 16:00:00,85.33081054687499,27.71270982724965,85.308837890625,27.71270982724965,5.65,373.0,353.0,2.162987519829836
2026-08-26_1600,2026-08-26 16:00:00,85.33081054687499,27.71270982724965,85.308837890625,27.732160275740252,5.6,65.0,61.5,3.0586534567526504
2026-08-26_1600,2026-08-26 16:00:00,85.33081054687499,27.71270982724965,85.374755859375,27.732160275740252,28.21,24.0,18.5,4.836155749908877
2026-08-26_1600,2026-08-26 16:00:00,85.33081054687499,27.71270982724965,85.352783203125,27.751607253506148,-17.46,25.0,30.5,4.835724247180717
2026-08-26_1600,2026-08-26 16:00:00,85.33081054687499,27.71270982724965,85.308837890625,27.673798524586132,11.41,82.0,73.5,4.837449360775052
2026-08-26_1600,2026-08-26 16:00:00,85.33081054687499,27.71270982724965,85.35278320312499,27.673798524586132,43.89,52.0,35.833333333333336,4.837449360776172
2026-08-26_1600,2026-08-26 16:00:00,85.594482421875,27.751607253506148,85.594482421875,27.751607253506148,6.29,75.0,70.5,3.608553671315128e-14
2026-08-26_1600,2026-08-26 16:00:00,85.26489257812501,27.71270982724965,85.28686523437501,27.69325590965681,-14.94,55.0,64.83333333333333,3.059198985654933
2026-08-26_1600,2026-08-26 16:00:00,85.264892578125,27.673798524586132,85.308837890625,27.732160275740252,-6.25,14.0,15.0,7.799457392222855
2026-08-26_1600,2026-08-26 16:00:00,85.704345703125,27.80992734625884,85.704345703125,27.80992734625884,7.37,16.0,14.833333333333334,1.0595237556502103e-13
2026-08-26_1600,2026-08-26 16:00:00,85.61645507812501,27.71270982724965,85.61645507812501,27.71270982724965,4.87,164.0,156.33333333333334,1.0131527334793077e-13
2026-08-26_1600,2026-08-26 16:00:00,85.770263671875,27.771050758926727,85.770263671875,27.771050758926727,21.66,43.0,35.166666666666664,1.2207854514058405e-13
2026-08-26_1600,2026-08-26 16:00:00,85.198974609375,27.751607253506148,85.198974609375,27.751607253506148,40.32,28.0,19.666666666666668,3.608553671315128e-14
2026-08-26_1600,2026-08-26 16:00:00,85.63842773437499,27.907057935466664,85.63842773437499,27.907057935466664,40.96,38.0,26.666666666666668,5.816231754836267e-14
2026-08-26_1600,2026-08-26 16:00:00,85.374755859375,27.926473604009228,85.374755859375,27.926473604009228,-53.33,13.0,29.0,2.0222549497249037e-15
2026-08-26_1600,2026-08-26 16:00:00,85.484619140625,27.732160275740252,85.484619140625,27.732160275740252,1.16,57.0,56.333333333333336,1.67670491015947e-13
2026-08-26_1600,2026-08-26 16:00:00,85.045166015625,27.771050758926727,85.045166015625,27.771050758926727,14.45,32.0,27.833333333333332,1.2207854514058405e-13
2026-08-26_1600,2026-08-26 16:00:00,85.66040039062499,27.926473604009228,85.66040039062499,27.926473604009228,-4.76,39.0,41.0,2.0222549497249037e-15
2026-08-26_1600,2026-08-26 16:00:00,85.33081054687501,27.751607253506148,85.330810546875,27.673798524586132,13.04,25.0,22.0,8.651949484752839
2026-08-26_1600,2026-08-26 16:00:00,85.33081054687501,27.751607253506148,85.28686523437501,27.732160275740252,100.0,25.0,12.0,4.835292789532241
2026-08-26_1600,2026-08-26 16:00:00,85.33081054687501,27.751607253506148,85.308837890625,27.673798524586132,-20.99,31.0,39.5,8.918225394026297
2026-08-26_1600,2026-08-26 16:00:00,85.33081054687501,27.751607253506148,85.330810546875,27.732160275740252,6.35,373.0,350.6666666666667,2.162408660275157
2026-08-26_1600,2026-08-26 16:00:00,85.33081054687501,27.751607253506148,85.352783203125,27.751607253506148,-2.1,69.0,70.5,2.162215664653275
2026-08-26_1600,2026-08-26 16:00:00,85.264892578125,27.673798524586132,85.330810546875,27.732160275740252,-0.66,24.0,24.166666666666668,9.177596604287688
2026-08-26_1600,2026-08-26 16:00:00,85.264892578125,27.673798524586132,85.286865234375,27.71270982724965,16.28,24.0,20.5,4.837449360776031
2026-08-26_1600,2026-08-26 16:00:00,85.264892578125,27.673798524586132,85.33081054687499,27.71270982724965,5.76,48.0,45.333333333333336,7.8001526909402
2026-08-26_1600,2026-08-26 16:00:00,85.264892578125,27.673798524586132,85.308837890625,27.71270982724965,-16.84,64.0,77.16666666666667,6.118943220473385
2026-08-26_1600,2026-08-26 16:00:00,85.26489257812501,27.71270982724965,85.264892578125,27.69325590965681,-14.29,18.0,21.166666666666668,2.1631803350353
2026-08-26_1600,2026-08-26 16:00:00,85.26489257812501,27.71270982724965,85.352783203125,27.69325590965681,60.47,22.0,13.333333333333334,8.91902094057846
2026-08-26_1600,2026-08-26 16:00:00,85.26489257812501,27.71270982724965,85.286865234375,27.71270982724965,1.55,152.0,149.66666666666666,2.162987519829836
2026-08-26_1600,2026-08-26 16:00:00,85.26489257812501,27.71270982724965,85.330810546875,27.673798524586132,-1.1,14.0,14.166666666666666,7.800152690940106
2026-08-26_1600,2026-08-26 16:00:00,85.26489257812501,27.71270982724965,85.308837890625,27.71270982724965,2.7,94.0,91.5,4.325975022463635
2026-08-26_1600,2026-08-26 16:00:00,85.26489257812501,27.71270982724965,85.308837890625,27.732160275740252,-11.66,23.0,26.166666666666668,4.836155749905518
2026-08-26_1600,2026-08-26 16:00:00,85.26489257812501,27.71270982724965,85.308837890625,27.69325590965681,22.37,92.0,75.0,4.837018306864961
2026-08-26_1600,2026-08-26 16:00:00,85.836181640625,27.751607253506148,85.836181640625,27.751607253506148,15.11,112.0,97.16666666666669,3.608553671315128e-14
2026-08-26_1600,2026-08-26 16:00:00,85.26489257812501,27.71270982724965,85.308837890625,27.673798524586132,-7.04,32.0,34.5,6.118943220471525
2026-08-26_1600,2026-08-26 16:00:00,85.26489257812501,27.71270982724965,85.330810546875,27.732160275740252,24.0,30.0,24.0,6.83935701577145
2026-08-26_1600,2026-08-26 16:00:00,85.26489257812501,27.71270982724965,85.33081054687499,27.71270982724965,11.36,48.0,43.0,6.488962490697845
2026-08-26_1600,2026-08-26 16:00:00,85.26489257812501,27.71270982724965,85.28686523437501,27.732160275740252,36.96,20.0,14.333333333333334,3.0586534567535355
2026-08-26_1600,2026-08-26 16:00:00,85.26489257812501,27.71270982724965,85.26489257812501,27.71270982724965,12.74,3307.0,2933.1666666666665,1.0131527334793077e-13
2026-08-26_1600,2026-08-26 16:00:00,85.26489257812501,27.71270982724965,85.352783203125,27.71270982724965,21.74,13.0,10.5,8.651949907341423
2026-08-26_1600,2026-08-26 16:00:00,85.726318359375,27.751607253506148,85.726318359375,27.751607253506148,24.68,63.0,50.333333333333336,3.608553671315128e-14
2026-08-26_1600,2026-08-26 16:00:00,85.396728515625,27.94588578570596,85.396728515625,27.94588578570596,-63.38,12.0,34.5,2.2447252227959835e-14
2026-08-26_1600,2026-08-26 16:00:00,85.26489257812501,27.71270982724965,85.330810546875,27.69325590965681,-9.28,43.0,47.5,6.84057685557648
2026-08-26_1600,2026-08-26 16:00:00,85.374755859375,27.751607253506148,85.352783203125,27.71270982724965,-3.85,24.0,25.0,4.83572424717952
2026-08-26_1600,2026-08-26 16:00:00,85.28686523437501,27.69325590965681,85.308837890625,27.732160275740252,1.16,57.0,56.333333333333336,4.83658700580386
2026-08-26_1600,2026-08-26 16:00:00,85.528564453125,27.926473604009228,85.528564453125,27.926473604009228,20.0,17.0,14.0,2.0222549497249037e-15
2026-08-26_1600,2026-08-26 16:00:00,85.484619140625,27.80992734625884,85.484619140625,27.80992734625884,13.51,13.0,11.333333333333334,1.0595237556502103e-13
2026-08-26_1600,2026-08-26 16:00:00,85.15502929687501,27.907057935466664,85.133056640625,27.907057935466664,22.22,21.0,17.0,2.1591210567867405
2026-08-26_1600,2026-08-26 16:00:00,85.15502929687501,27.907057935466664,85.15502929687501,27.907057935466664,-64.68,98.0,279.3333333333333,5.816231754836267e-14
2026-08-26_1600,2026-08-26 16:00:00,85.155029296875,27.71270982724965,85.155029296875,27.71270982724965,22.53,251.0,204.66666666666663,1.0131527334793077e-13
2026-08-26_1600,2026-08-26 16:00:00,85.39672851562499,27.771050758926727,85.39672851562499,27.771050758926727,6.62,144.0,135.0,1.2207854514058405e-13
2026-08-26_1600,2026-08-26 16:00:00,85.198974609375,27.907057935466664,85.198974609375,27.907057935466664,-80.8,15.0,82.33333333333333,5.816231754836267e-14
2026-08-26_1600,2026-08-26 16:00:00,85.374755859375,27.71270982724965,85.330810546875,27.69325590965681,-1.68,145.0,147.5,4.8370183068660815
2026-08-26_1600,2026-08-26 16:00:00,85.374755859375,27.71270982724965,85.308837890625,27.71270982724965,-1.23,106.0,107.33333333333331,6.488962490701603
2026-08-26_1600,2026-08-26 16:00:00,85.374755859375,27.71270982724965,85.352783203125,27.71270982724965,11.42,355.0,318.5,2.162987519831088
2026-08-26_1600,2026-08-26 16:00:00,85.374755859375,27.71270982724965,85.308837890625,27.732160275740252,-0.53,30.0,30.166666666666668,6.839357015772637
2026-08-26_1600,2026-08-26 16:00:00,85.374755859375,27.71270982724965,85.33081054687501,27.751607253506148,-22.77,12.0,15.833333333333334,6.116761105115737
2026-08-26_1600,2026-08-26 16:00:00,85.374755859375,27.71270982724965,85.308837890625,27.69325590965681,-2.55,69.0,70.83333333333333,6.84057685557767
2026-08-26_1600,2026-08-26 16:00:00,85.308837890625,27.751607253506148,85.352783203125,27.71270982724965,1.35,49.0,48.333333333333336,6.116761105117646
2026-08-26_1600,2026-08-26 16:00:00,85.374755859375,27.71270982724965,85.330810546875,27.732160275740252,3.39,60.0,58.0,4.836155749906638
2026-08-26_1600,2026-08-26 16:00:00,85.374755859375,27.71270982724965,85.28686523437501,27.69325590965681,51.81,20.0,12.833333333333334,8.91902094057846
2026-08-26_1600,2026-08-26 16:00:00,85.374755859375,27.71270982724965,85.286865234375,27.71270982724965,5.8,17.0,16.013345338486648,8.651949907342676
2026-08-26_1600,2026-08-26 16:00:00,85.374755859375,27.71270982724965,85.37475585937501,27.69325590965681,29.34,107.0,82.5,2.1631803350353
2026-08-26_1600,2026-08-26 16:00:00,85.374755859375,27.71270982724965,85.330810546875,27.673798524586132,19.34,35.0,29.166666666666668,6.118943220472411
2026-08-26_1600,2026-08-26 16:00:00,85.374755859375,27.71270982724965,85.37475585937499,27.673798524586132,15.38,14.0,12.0,4.326746236617482
2026-08-26_1600,2026-08-26 16:00:00,85.374755859375,27.71270982724965,85.33081054687499,27.71270982724965,5.13,156.0,148.33333333333334,4.325975022467392
2026-08-26_1600,2026-08-26 16:00:00,85.374755859375,27.71270982724965,85.374755859375,27.71270982724965,6.26,9269.0,8723.166666666666,1.0131527334793077e-13
2026-08-26_1600,2026-08-26 16:00:00,85.374755859375,27.71270982724965,85.308837890625,27.673798524586132,19.39,38.0,31.666666666666668,7.800152690941148
2026-08-26_1600,2026-08-26 16:00:00,85.374755859375,27.71270982724965,85.352783203125,27.732160275740252,4.93,77.0,73.33333333333333,3.0586534567535355
2026-08-26_1600,2026-08-26 16:00:00,85.374755859375,27.71270982724965,85.374755859375,27.732160275740252,3.88,155.0,149.16666666666666,2.1627945878600388
2026-08-26_1600,2026-08-26 16:00:00,85.374755859375,27.71270982724965,85.396728515625,27.732160275740252,-28.11,25.0,35.166666666666664,3.058653456754421
2026-08-26_1600,2026-08-26 16:00:00,85.374755859375,27.71270982724965,85.396728515625,27.71270982724965,3.9,70.0,67.33333333333333,2.1629875198323405
2026-08-26_1600,2026-08-26 16:00:00,85.374755859375,27.71270982724965,85.35278320312499,27.673798524586132,22.63,55.0,44.666666666666664,4.837449360776733
2026-08-26_1600,2026-08-26 16:00:00,85.308837890625,27.751607253506148,85.352783203125,27.751607253506148,-9.35,20.0,22.166666666666668,4.32443131207219
2026-08-26_1600,2026-08-26 16:00:00,85.308837890625,27.751607253506148,85.352783203125,27.771050758926727,-5.71,10.0,10.666666666666666,4.834429426207909
2026-08-26_1600,2026-08-26 16:00:00,85.308837890625,27.751607253506148,85.33081054687499,27.71270982724965,20.26,183.0,152.0,4.83572424717896
2026-08-26_1600,2026-08-26 16:00:00,85.352783203125,27.732160275740252,85.330810546875,27.673798524586132,39.39,68.0,48.5,6.840576658797092
2026-08-26_1600,2026-08-26 16:00:00,85.352783203125,27.732160275740252,85.352783203125,27.71270982724965,1.98,403.0,395.1666666666667,2.16279458785999
2026-08-26_1600,2026-08-26 16:00:00,85.352783203125,27.732160275740252,85.308837890625,27.69325590965681,4.42,121.0,115.83333333333331,6.117852418087862
2026-08-26_1600,2026-08-26 16:00:00,85.352783203125,27.732160275740252,85.308837890625,27.71270982724965,-1.87,169.0,172.2375502280489,4.836155749907886
2026-08-26_1600,2026-08-26 16:00:00,85.352783203125,27.732160275740252,85.330810546875,27.65433767366391,9.09,17.0,15.5,8.919815497580409
2026-08-26_1600,2026-08-26 16:00:00,85.352783203125,27.732160275740252,85.374755859375,27.71270982724965,5.49,63.0,59.666666666666664,3.058653456753713
2026-08-26_1600,2026-08-26 16:00:00,85.352783203125,27.732160275740252,85.308837890625,27.751607253506148,14.89,17.0,14.666666666666666,4.8352927895323505
2026-08-26_1600,2026-08-26 16:00:00,85.177001953125,27.732160275740252,85.177001953125,27.732160275740252,-4.67,50.0,52.5,1.67670491015947e-13
2026-08-26_1600,2026-08-26 16:00:00,85.308837890625,27.751607253506148,85.308837890625,27.71270982724965,10.68,367.0,331.5,4.325203248135176
2026-08-26_1600,2026-08-26 16:00:00,85.308837890625,27.751607253506148,85.330810546875,27.69325590965681,5.88,143.0,135.0,6.839356819337173
2026-08-26_1600,2026-08-26 16:00:00,85.308837890625,27.751607253506148,85.28686523437501,27.732160275740252,7.34,38.0,35.333333333333336,3.0581076727116523
2026-08-26_1600,2026-08-26 16:00:00,85.308837890625,27.751607253506148,85.35278320312499,27.673798524586132,12.5,14.0,12.333333333333334,9.673173569497813
2026-08-26_1600,2026-08-26 16:00:00,85.308837890625,27.751607253506148,85.330810546875,27.673798524586132,24.26,34.0,27.166666666666668,8.918225394025994
2026-08-26_1600,2026-08-26 16:00:00,85.308837890625,27.751607253506148,85.352783203125,27.732160275740252,9.09,47.0,43.0,4.835292789532241
2026-08-26_1600,2026-08-26 16:00:00,85.308837890625,27.751607253506148,85.286865234375,27.71270982724965,16.54,73.0,62.5,4.83572424718008
2026-08-26_1600,2026-08-26 16:00:00,85.308837890625,27.751607253506148,85.330810546875,27.732160275740252,3.27,183.0,177.16666666666666,3.058107672712538
2026-08-26_1600,2026-08-26 16:00:00,85.308837890625,27.751607253506148,85.30883789062501,27.790490790383224,-4.88,12.0,12.666666666666666,4.32365881718449
2026-08-26_1600,2026-08-26 16:00:00,85.308837890625,27.751607253506148,85.28686523437501,27.69325590965681,-0.4,40.0,40.166666666666664,6.839356819336776
2026-08-26_1600,2026-08-26 16:00:00,85.308837890625,27.751607253506148,85.352783203125,27.69325590965681,4.46,38.0,36.333333333333336,7.798066561201203
2026-08-26_1600,2026-08-26 16:00:00,85.308837890625,27.751607253506148,85.286865234375,27.751607253506148,35.31,75.0,55.166666666666664,2.1622156646545267
2026-08-26_1600,2026-08-26 16:00:00,85.308837890625,27.751607253506148,85.308837890625,27.673798524586132,13.61,63.0,55.333333333333336,8.651949484752839
2026-08-26_1600,2026-08-26 16:00:00,85.308837890625,27.751607253506148,85.308837890625,27.69325590965681,3.53,126.0,121.66666666666669,6.488383583170239
2026-08-26_1600,2026-08-26 16:00:00,85.308837890625,27.751607253506148,85.33081054687501,27.751607253506148,13.03,119.0,105.16666666666669,2.162215664655779
2026-08-26_1600,2026-08-26 16:00:00,85.308837890625,27.751607253506148,85.308837890625,27.771050758926727,12.41,73.0,64.83333333333333,2.162022552485689
2026-08-26_1600,2026-08-26 16:00:00,85.308837890625,27.751607253506148,85.308837890625,27.751607253506148,14.27,11708.0,10245.666666666666,3.608553671315128e-14
2026-08-26_1600,2026-08-26 16:00:00,85.308837890625,27.751607253506148,85.330810546875,27.771050758926727,2.13,23.0,22.5,3.0575616338228566
2026-08-26_1600,2026-08-26 16:00:00,85.308837890625,27.751607253506148,85.308837890625,27.732160275740252,6.79,612.0,573.0,2.162408660275157
2026-08-26_1600,2026-08-26 16:00:00,85.374755859375,27.71270982724965,85.330810546875,27.65433767366391,-1.18,13.0,13.166666666666666,7.800847571995526
2026-08-26_1600,2026-08-26 16:00:00,85.374755859375,27.71270982724965,85.352783203125,27.751607253506148,15.91,16.0,13.666666666666666,4.835724247179037
2026-08-26_1600,2026-08-26 16:00:00,85.374755859375,27.71270982724965,85.352783203125,27.69325590965681,-5.61,100.0,106.0,3.059198985654933
2026-08-26_1600,2026-08-26 16:00:00,85.37475585937499,27.771050758926727,85.37475585937499,27.771050758926727,6.54,920.0,863.5,1.2207854514058405e-13
2026-08-26_1600,2026-08-26 16:00:00,85.63842773437499,27.732160275740252,85.63842773437499,27.732160275740252,0.0,18.0,18.0,1.67670491015947e-13
2026-08-26_1600,2026-08-26 16:00:00,85.77026367187501,27.829360424938628,85.77026367187501,27.829360424938628,32.89,32.0,23.833333333333332,5.538235803950223e-15
2026-08-26_1600,2026-08-26 16:00:00,85.220947265625,27.71270982724965,85.220947265625,27.69325590965681,45.05,21.0,14.166666666666666,2.1631803350353
2026-08-26_1600,2026-08-26 16:00:00,85.220947265625,27.71270982724965,85.220947265625,27.71270982724965,16.17,272.0,234.0,1.0131527334793077e-13
2026-08-26_1600,2026-08-26 16:00:00,85.528564453125,27.71270982724965,85.528564453125,27.71270982724965,18.31,139.0,117.33333333333331,1.0131527334793077e-13
2026-08-26_1600,2026-08-26 16:00:00,85.220947265625,27.69325590965681,85.33081054687499,27.71270982724965,8.51,33.0,30.333333333333332,11.030098527398232
2026-08-26_1600,2026-08-26 16:00:00,85.220947265625,27.69325590965681,85.308837890625,27.732160275740252,5.88,11.0,10.333333333333334,9.67317390294662
2026-08-26_1600,2026-08-26 16:00:00,85.220947265625,27.69325590965681,85.286865234375,27.71270982724965,-3.77,16.0,16.666666666666668,6.840576855578826
2026-08-26_1600,2026-08-26 16:00:00,85.220947265625,27.69325590965681,85.308837890625,27.71270982724965,10.74,54.0,48.666666666666664,8.919020940580905
2026-08-26_1600,2026-08-26 16:00:00,85.220947265625,27.69325590965681,85.330810546875,27.732160275740252,29.03,19.0,14.5,11.64804371443494
2026-08-26_1600,2026-08-26 16:00:00,85.52856445312501,27.887638781681872,85.52856445312501,27.887638781681872,44.68,33.0,22.5,2.1864401118150494e-14
2026-08-26_1600,2026-08-26 16:00:00,85.330810546875,27.732160275740252,85.308837890625,27.673798524586132,0.0,42.0,42.0,6.840576658797092
2026-08-26_1600,2026-08-26 16:00:00,85.330810546875,27.732160275740252,85.352783203125,27.732160275740252,12.03,117.0,104.33333333333331,2.1626016823979852
2026-08-26_1600,2026-08-26 16:00:00,85.330810546875,27.732160275740252,85.286865234375,27.71270982724965,8.77,30.0,27.5,4.836155749907886
2026-08-26_1600,2026-08-26 16:00:00,85.330810546875,27.732160275740252,85.28686523437501,27.732160275740252,-21.21,12.0,15.5,4.325203347577014
2026-08-26_1600,2026-08-26 16:00:00,85.330810546875,27.732160275740252,85.330810546875,27.732160275740252,8.34,8071.0,7449.666666666667,1.67670491015947e-13
2026-08-26_1600,2026-08-26 16:00:00,85.330810546875,27.732160275740252,85.352783203125,27.71270982724965,13.0,70.0,61.833333333333336,3.0586534567545987
2026-08-26_1600,2026-08-26 16:00:00,85.330810546875,27.732160275740252,85.374755859375,27.732160275740252,63.11,27.0,16.166666666666668,4.325203347577014
2026-08-26_1600,2026-08-26 16:00:00,85.330810546875,27.732160275740252,85.308837890625,27.751607253506148,-5.48,22.0,23.333333333333332,3.0581076727125147
2026-08-26_1600,2026-08-26 16:00:00,85.330810546875,27.732160275740252,85.35278320312499,27.673798524586132,44.19,30.0,20.5,6.840576658796301
2026-08-26_1600,2026-08-26 16:00:00,85.330810546875,27.732160275740252,85.33081054687501,27.751607253506148,5.49,124.0,117.5,2.1624086602752115
2026-08-26_1600,2026-08-26 16:00:00,85.330810546875,27.732160275740252,85.352783203125,27.751607253506148,3.89,48.0,46.166666666666664,3.0581076727125147
2026-08-26_1600,2026-08-26 16:00:00,85.330810546875,27.732160275740252,85.330810546875,27.69325590965681,-0.14,122.0,122.16666666666669,4.325974922895328
2026-08-26_1600,2026-08-26 16:00:00,85.330810546875,27.732160275740252,85.352783203125,27.771050758926727,-11.76,19.0,21.666666666666668,4.834861085375527
2026-08-26_1600,2026-08-26 16:00:00,85.330810546875,27.732160275740252,85.28686523437501,27.69325590965681,0.0,24.0,24.0,6.117852418086977
2026-08-26_1600,2026-08-26 16:00:00,85.330810546875,27.732160275740252,85.330810546875,27.673798524586132,-13.04,19.0,22.0,6.489540824477553
2026-08-26_1600,2026-08-26 16:00:00,85.330810546875,27.732160275740252,85.374755859375,27.71270982724965,-1.18,13.0,13.166666666666666,4.836155749906766
2026-08-26_1600,2026-08-26 16:00:00,85.68237304687499,27.71270982724965,85.68237304687499,27.71270982724965,24.68,15.0,11.833333333333334,1.0131527334793077e-13
2026-08-26_1600,2026-08-26 16:00:00,85.352783203125,27.732160275740252,85.352783203125,27.771050758926727,-2.82,22.0,22.666666666666668,4.324431212760916
2026-08-26_1600,2026-08-26 16:00:00,85.330810546875,27.887638781681872,85.330810546875,27.887638781681872,-4.55,13.0,13.666666666666666,2.1864401118150494e-14
2026-08-26_1600,2026-08-26 16:00:00,85.418701171875,27.732160275740252,85.396728515625,27.71270982724965,46.94,23.0,15.333333333333334,3.0586534567545987
2026-08-26_1600,2026-08-26 16:00:00,85.37475585937499,27.771050758926727,85.33081054687499,27.71270982724965,0.0,18.0,18.0,7.7966750796874145
2026-08-26_1600,2026-08-26 16:00:00,85.37475585937499,27.771050758926727,85.330810546875,27.732160275740252,2.33,21.0,20.5,6.115669282157265
2026-08-26_1600,2026-08-26 16:00:00,85.37475585937499,27.771050758926727,85.308837890625,27.71270982724965,-1.49,21.0,21.333333333333332,9.174322665835913
2026-08-26_1600,2026-08-26 16:00:00,85.37475585937499,27.771050758926727,85.330810546875,27.69325590965681,56.16,18.0,11.166666666666666,9.67144805267896
2026-08-26_1600,2026-08-26 16:00:00,85.37475585937499,27.771050758926727,85.352783203125,27.771050758926727,-5.82,61.0,64.83333333333333,2.1618294668095115
2026-08-26_1600,2026-08-26 16:00:00,85.37475585937499,27.771050758926727,85.352783203125,27.751607253506148,45.45,23.0,15.5,3.057561633821362
2026-08-26_1600,2026-08-26 16:00:00,85.30883789062501,27.790490790383224,85.308837890625,27.71270982724965,50.0,16.0,10.333333333333334,8.648862065319433
2026-08-26_1600,2026-08-26 16:00:00,85.30883789062501,27.790490790383224,85.308837890625,27.732160275740252,37.93,19.0,13.5,6.486067477459581
2026-08-26_1600,2026-08-26 16:00:00,85.30883789062501,27.790490790383224,85.30883789062501,27.790490790383224,14.68,512.0,446.3333333333333,2.1366837619491137e-14
2026-08-26_1600,2026-08-26 16:00:00,85.30883789062501,27.790490790383224,85.308837890625,27.751607253506148,71.43,21.0,11.833333333333334,4.3236588171846035
2026-08-26_1600,2026-08-26 16:00:00,85.045166015625,27.751607253506148,85.045166015625,27.751607253506148,12.22,74.0,65.83333333333333,3.608553671315128e-14
2026-08-26_1600,2026-08-26 16:00:00,85.330810546875,27.65433767366391,85.308837890625,27.71270982724965,14.29,87.0,76.0,6.841795927074422
2026-08-26_1600,2026-08-26 16:00:00,85.330810546875,27.65433767366391,85.286865234375,27.71270982724965,-13.33,12.0,14.0,7.800847571996207
2026-08-26_1600,2026-08-26 16:00:00,85.330810546875,27.65433767366391,85.352783203125,27.71270982724965,21.52,31.0,25.333333333333332,6.841795927074422
2026-08-26_1600,2026-08-26 16:00:00,85.330810546875,27.65433767366391,85.330810546875,27.732160275740252,-0.52,31.0,31.166666666666668,8.653492111773794
2026-08-26_1600,2026-08-26 16:00:00,85.330810546875,27.65433767366391,85.33081054687499,27.71270982724965,1.39,96.0,94.66666666666669,6.490697523913687
2026-08-26_1600,2026-08-26 16:00:00,85.330810546875,27.65433767366391,85.308837890625,27.732160275740252,21.21,19.0,15.5,8.919815497580238
2026-08-26_1600,2026-08-26 16:00:00,85.418701171875,27.732160275740252,85.374755859375,27.71270982724965,-16.13,25.0,30.0,4.836155749907886
2026-08-26_1600,2026-08-26 16:00:00,85.418701171875,27.732160275740252,85.352783203125,27.69325590965681,35.0,17.0,12.333333333333334,7.798762185210361
2026-08-26_1600,2026-08-26 16:00:00,85.418701171875,27.732160275740252,85.352783203125,27.732160275740252,-23.64,13.0,17.333333333333332,6.4878049783218845
2026-08-26_1600,2026-08-26 16:00:00,85.418701171875,27.732160275740252,85.330810546875,27.69325590965681,-18.56,13.0,16.19069322760072,9.673173902945434
2026-08-26_1600,2026-08-26 16:00:00,85.418701171875,27.732160275740252,85.308837890625,27.69325590965681,65.22,18.0,10.5,11.648043714433705
2026-08-26_1600,2026-08-26 16:00:00,85.418701171875,27.732160275740252,85.352783203125,27.71270982724965,23.36,43.0,34.666666666666664,6.839357015772618
2026-08-26_1600,2026-08-26 16:00:00,85.418701171875,27.732160275740252,85.418701171875,27.732160275740252,9.14,1366.0,1251.5,1.67670491015947e-13
2026-08-26_1600,2026-08-26 16:00:00,85.418701171875,27.732160275740252,85.396728515625,27.732160275740252,11.79,48.0,42.833333333333336,2.1626016823979852
2026-08-26_1600,2026-08-26 16:00:00,85.418701171875,27.732160275740252,85.374755859375,27.732160275740252,16.88,14.0,11.833333333333334,4.325203347578266
2026-08-26_1600,2026-08-26 16:00:00,85.418701171875,27.732160275740252,85.308837890625,27.71270982724965,6.67,15.0,14.0,11.028131594550509
2026-08-26_1600,2026-08-26 16:00:00,85.418701171875,27.732160275740252,85.33081054687499,27.71270982724965,-1.37,23.0,23.333333333333332,8.91743046396934
2026-08-26_1600,2026-08-26 16:00:00,85.352783203125,27.732160275740252,85.33081054687501,27.751607253506148,-0.77,42.0,42.333333333333336,3.058107672711629
2026-08-26_1600,2026-08-26 16:00:00,85.352783203125,27.732160275740252,85.330810546875,27.732160275740252,3.45,254.0,245.5,2.1626016823979852
2026-08-26_1600,2026-08-26 16:00:00,85.352783203125,27.732160275740252,85.308837890625,27.673798524586132,24.92,65.0,51.833333333333336,7.799457392223092
2026-08-26_1600,2026-08-26 16:00:00,85.418701171875,27.673798524586132,85.330810546875,27.732160275740252,-30.58,13.0,19.166666666666668,10.81590124469542
2026-08-26_1600,2026-08-26 16:00:00,85.220947265625,27.732160275740252,85.220947265625,27.732160275740252,11.72,26.0,23.166666666666668,1.67670491015947e-13
2026-08-26_1600,2026-08-26 16:00:00,85.550537109375,27.907057935466664,85.550537109375,27.907057935466664,37.7,27.0,19.333333333333332,5.816231754836267e-14
2026-08-26_1600,2026-08-26 16:00:00,85.528564453125,27.732160275740252,85.528564453125,27.732160275740252,-3.77,67.0,69.66666666666667,1.67670491015947e-13
2026-08-26_1600,2026-08-26 16:00:00,85.177001953125,27.71270982724965,85.177001953125,27.71270982724965,16.02,69.0,59.333333333333336,1.0131527334793077e-13
2026-08-26_1600,2026-08-26 16:00:00,85.616455078125,27.732160275740252,85.616455078125,27.732160275740252,15.0,22.0,19.0,1.67670491015947e-13
2026-08-26_1600,2026-08-26 16:00:00,85.264892578125,27.86821614426037,85.264892578125,27.86821614426037,-42.99,20.0,35.833333333333336,1.6325720028447766e-13
2026-08-26_1600,2026-08-26 16:00:00,85.242919921875,27.771050758926727,85.242919921875,27.771050758926727,-15.15,13.0,15.5,1.2207854514058405e-13
2026-08-26_1600,2026-08-26 16:00:00,85.374755859375,27.65433767366391,85.352783203125,27.71270982724965,-11.48,17.0,19.333333333333332,6.841795927074026
2026-08-26_1600,2026-08-26 16:00:00,85.374755859375,27.65433767366391,85.308837890625,27.71270982724965,19.6,59.0,49.166666666666664,9.179232424473426
2026-08-26_1600,2026-08-26 16:00:00,85.374755859375,27.65433767366391,85.33081054687499,27.71270982724965,3.55,67.0,64.66666666666667,7.800847571996901
2026-08-26_1600,2026-08-26 16:00:00,85.374755859375,27.65433767366391,85.330810546875,27.732160275740252,-31.96,10.0,15.166666666666666,9.674898279012062
2026-08-26_1600,2026-08-26 16:00:00,85.660400390625,27.94588578570596,85.660400390625,27.94588578570596,-1.1,14.0,14.166666666666666,2.2447252227959835e-14
2026-08-26_1600,2026-08-26 16:00:00,85.374755859375,27.751607253506148,85.33081054687499,27.71270982724965,1.61,20.0,19.666666666666668,6.116761105118531
2026-08-26_1600,2026-08-26 16:00:00,85.352783203125,27.71270982724965,85.374755859375,27.71270982724965,-3.78,122.0,126.83333333333331,2.162987519831088
2026-08-26_1600,2026-08-26 16:00:00,85.352783203125,27.71270982724965,85.352783203125,27.71270982724965,8.41,9199.0,8485.5,1.0131527334793077e-13
2026-08-26_1600,2026-08-26 16:00:00,85.352783203125,27.71270982724965,85.330810546875,27.673798524586132,2.24,37.0,36.166666666666664,4.837449360776172
2026-08-26_1600,2026-08-26 16:00:00,85.352783203125,27.71270982724965,85.396728515625,27.732160275740252,-9.3,12.0,13.333333333333334,4.836155749906638
2026-08-26_1600,2026-08-26 16:00:00,85.352783203125,27.71270982724965,85.330810546875,27.65433767366391,-20.35,14.0,17.833333333333332,6.841795927074654
2026-08-26_1600,2026-08-26 16:00:00,85.352783203125,27.71270982724965,85.352783203125,27.69325590965681,9.48,178.0,162.5,2.1631803350353
2026-08-26_1600,2026-08-26 16:00:00,85.352783203125,27.71270982724965,85.33081054687501,27.751607253506148,-0.83,19.0,19.166666666666668,4.835724247179037
2026-08-26_1600,2026-08-26 16:00:00,85.352783203125,27.71270982724965,85.396728515625,27.673798524586132,37.14,15.0,10.666666666666666,6.118943220472411
2026-08-26_1600,2026-08-26 16:00:00,85.352783203125,27.71270982724965,85.352783203125,27.732160275740252,4.32,164.0,157.16666666666666,2.1627945878600388
2026-08-26_1600,2026-08-26 16:00:00,85.352783203125,27.71270982724965,85.37475585937499,27.673798524586132,18.52,15.0,12.5,4.837449360775052
2026-08-26_1600,2026-08-26 16:00:00,85.352783203125,27.71270982724965,85.374755859375,27.732160275740252,8.42,87.0,80.16666666666667,3.0586534567535355
2026-08-26_1600,2026-08-26 16:00:00,85.352783203125,27.71270982724965,85.308837890625,27.69325590965681,1.43,82.0,80.83333333333333,4.8370183068672015
2026-08-26_1600,2026-08-26 16:00:00,85.352783203125,27.71270982724965,85.30883789062499,27.65433767366391,-8.86,11.0,12.166666666666666,7.800847571996221
2026-08-26_1600,2026-08-26 16:00:00,85.418701171875,27.673798524586132,85.352783203125,27.71270982724965,17.65,19.0,16.0,7.800152690941243
2026-08-26_1600,2026-08-26 16:00:00,85.352783203125,27.71270982724965,85.33081054687499,27.71270982724965,7.11,230.0,214.66666666666663,2.162987519834845
2026-08-26_1600,2026-08-26 16:00:00,85.418701171875,27.673798524586132,85.308837890625,27.71270982724965,-7.69,33.0,35.833333333333336,11.650120540693669
2026-08-26_1600,2026-08-26 16:00:00,85.155029296875,27.887638781681872,85.155029296875,27.887638781681872,-89.86,19.0,196.33333333333337,2.1864401118150494e-14
2026-08-26_1600,2026-08-26 16:00:00,85.28686523437501,27.771050758926727,85.308837890625,27.771050758926727,-2.33,13.0,13.333333333333334,2.161829466810763
2026-08-26_1600,2026-08-26 16:00:00,85.28686523437501,27.771050758926727,85.28686523437501,27.771050758926727,18.78,778.0,654.8333333333334,1.2207854514058405e-13
2026-08-26_1600,2026-08-26 16:00:00,85.28686523437501,27.771050758926727,85.308837890625,27.751607253506148,28.86,31.0,23.833333333333332,3.0575616338222464
2026-08-26_1600,2026-08-26 16:00:00,85.28686523437501,27.771050758926727,85.286865234375,27.751607253506148,-12.62,14.0,16.166666666666668,2.1620225524858245
2026-08-26_1600,2026-08-26 16:00:00,85.28686523437501,27.771050758926727,85.308837890625,27.732160275740252,7.77,36.0,33.333333333333336,4.834861085375301
2026-08-26_1600,2026-08-26 16:00:00,85.28686523437501,27.771050758926727,85.308837890625,27.71270982724965,16.13,29.0,24.833333333333332,6.838136409357516
2026-08-26_1600,2026-08-26 16:00:00,85.550537109375,27.86821614426037,85.550537109375,27.86821614426037,22.58,18.0,14.5,1.6325720028447766e-13
2026-08-26_1600,2026-08-26 16:00:00,85.242919921875,27.69325590965681,85.308837890625,27.732160275740252,23.53,20.0,16.0,7.79876218521145
2026-08-26_1600,2026-08-26 16:00:00,85.242919921875,27.69325590965681,85.33081054687499,27.71270982724965,8.9,52.0,47.666666666666664,8.919020940578477
2026-08-26_1600,2026-08-26 16:00:00,85.242919921875,27.69325590965681,85.286865234375,27.71270982724965,20.0,31.0,25.666666666666668,4.83701830686697
2026-08-26_1600,2026-08-26 16:00:00,85.242919921875,27.69325590965681,85.330810546875,27.732160275740252,24.75,20.0,15.833333333333334,9.67317390294662
2026-08-26_1600,2026-08-26 16:00:00,85.242919921875,27.69325590965681,85.308837890625,27.71270982724965,17.48,83.0,70.5,6.840576855578826
2026-08-26_1600,2026-08-26 16:00:00,85.352783203125,27.69325590965681,85.308837890625,27.732160275740252,-13.04,29.0,33.5,6.117852418087902
2026-08-26_1600,2026-08-26 16:00:00,85.352783203125,27.69325590965681,85.352783203125,27.71270982724965,-0.37,180.0,180.66666666666663,2.163180335035057
2026-08-26_1600,2026-08-26 16:00:00,85.352783203125,27.69325590965681,85.330810546875,27.732160275740252,16.83,80.0,68.33333333333333,4.836587005804419
2026-08-26_1600,2026-08-26 16:00:00,85.352783203125,27.69325590965681,85.286865234375,27.71270982724965,28.93,25.0,19.166666666666668,6.840576855578826
2026-08-26_1600,2026-08-26 16:00:00,85.352783203125,27.69325590965681,85.33081054687499,27.71270982724965,8.1,246.0,227.5,3.0591989856572828
2026-08-26_1600,2026-08-26 16:00:00,85.352783203125,27.69325590965681,85.352783203125,27.732160275740252,-11.83,40.0,45.5,4.3259749228953055
2026-08-26_1600,2026-08-26 16:00:00,85.352783203125,27.69325590965681,85.308837890625,27.751607253506148,50.0,16.0,10.333333333333334,7.798066561201221
2026-08-26_1600,2026-08-26 16:00:00,85.352783203125,27.69325590965681,85.374755859375,27.71270982724965,13.59,38.0,33.333333333333336,3.0591989856546267
2026-08-26_1600,2026-08-26 16:00:00,85.352783203125,27.69325590965681,85.33081054687501,27.751607253506148,-10.28,15.0,16.833333333333332,6.8393568193368255
2026-08-26_1600,2026-08-26 16:00:00,85.352783203125,27.69325590965681,85.352783203125,27.751607253506148,-13.4,13.0,15.166666666666666,6.488383583170236
2026-08-26_1600,2026-08-26 16:00:00,85.352783203125,27.69325590965681,85.308837890625,27.71270982724965,20.28,168.0,139.5,4.83701830686697
2026-08-26_1600,2026-08-26 16:00:00,85.264892578125,27.907057935466664,85.264892578125,27.907057935466664,-44.74,13.0,24.333333333333332,5.816231754836267e-14
2026-08-26_1600,2026-08-26 16:00:00,85.506591796875,27.790490790383224,85.506591796875,27.790490790383224,5.56,18.0,17.0,2.1366837619491137e-14
2026-08-26_1600,2026-08-26 16:00:00,85.550537109375,27.848790024809517,85.550537109375,27.848790024809517,8.33,12.0,11.0,9.644205643113741e-14
2026-08-26_1600,2026-08-26 16:00:00,85.506591796875,27.71270982724965,85.506591796875,27.71270982724965,6.42,104.0,97.66666666666669,1.0131527334793077e-13
2026-08-26_1600,2026-08-26 16:00:00,85.418701171875,27.673798524586132,85.33081054687499,27.71270982724965,22.09,34.0,27.666666666666668,9.674898613147953
2026-08-26_1600,2026-08-26 16:00:00,85.330810546875,27.732160275740252,85.352783203125,27.69325590965681,8.61,60.0,55.166666666666664,4.836587005804376
2026-08-26_1600,2026-08-26 16:00:00,85.352783203125,27.71270982724965,85.28686523437501,27.69325590965681,-13.16,21.0,24.333333333333332,6.84057685557767
2026-08-26_1600,2026-08-26 16:00:00,85.352783203125,27.71270982724965,85.396728515625,27.71270982724965,24.39,16.0,12.666666666666666,4.325975022464887
2026-08-26_1600,2026-08-26 16:00:00,85.484619140625,27.829360424938628,85.484619140625,27.829360424938628,35.21,15.0,10.833333333333334,5.538235803950223e-15
2026-08-26_1600,2026-08-26 16:00:00,85.330810546875,27.790490790383224,85.308837890625,27.71270982724965,4.0,12.0,11.5,8.915042954883198
2026-08-26_1600,2026-08-26 16:00:00,85.330810546875,27.790490790383224,85.330810546875,27.732160275740252,31.51,15.0,11.166666666666666,6.486067477459581
2026-08-26_1600,2026-08-26 16:00:00,85.330810546875,27.790490790383224,85.330810546875,27.790490790383224,-3.41,457.0,473.1666666666667,2.1366837619491137e-14
2026-08-26_1600,2026-08-26 16:00:00,85.286865234375,27.907057935466664,85.286865234375,27.907057935466664,-42.58,19.0,33.833333333333336,5.816231754836267e-14
2026-08-26_1600,2026-08-26 16:00:00,85.264892578125,27.80992734625884,85.264892578125,27.80992734625884,5.58,40.0,37.833333333333336,1.0595237556502103e-13
2026-08-26_1600,2026-08-26 16:00:00,85.594482421875,27.86821614426037,85.594482421875,27.86821614426037,65.31,26.0,15.333333333333334,1.6325720028447766e-13
2026-08-26_1600,2026-08-26 16:00:00,84.91333007812501,27.907057935466664,84.91333007812501,27.907057935466664,24.21,117.0,94.0,5.816231754836267e-14
2026-08-26_1600,2026-08-26 16:00:00,84.91333007812501,27.907057935466664,84.891357421875,27.907057935466664,29.94,33.0,25.166666666666668,2.15912105678549
2026-08-26_1600,2026-08-26 16:00:00,85.50659179687499,27.751607253506148,85.50659179687499,27.751607253506148,18.29,68.0,57.333333333333336,3.608553671315128e-14
2026-08-26_1600,2026-08-26 16:00:00,85.572509765625,27.71270982724965,85.572509765625,27.71270982724965,21.47,32.0,26.166666666666668,1.0131527334793077e-13
2026-08-26_1600,2026-08-26 16:00:00,85.286865234375,27.86821614426037,85.286865234375,27.86821614426037,-65.91,14.0,43.0,1.6325720028447766e-13
2026-08-26_1600,2026-08-26 16:00:00,85.352783203125,27.732160275740252,85.374755859375,27.751607253506148,65.22,18.0,10.5,3.058107672711629
2026-08-26_1600,2026-08-26 16:00:00,85.352783203125,27.732160275740252,85.37475585937501,27.69325590965681,13.51,20.0,17.5,4.836587005804936
2026-08-26_1600,2026-08-26 16:00:00,85.352783203125,27.732160275740252,85.374755859375,27.732160275740252,2.88,142.0,138.0,2.162601682396733
2026-08-26_1600,2026-08-26 16:00:00,85.352783203125,27.732160275740252,85.33081054687499,27.71270982724965,-0.6,301.0,302.8333333333333,3.05865345675637
2026-08-26_1600,2026-08-26 16:00:00,85.352783203125,27.732160275740252,85.28686523437501,27.69325590965681,-10.64,20.0,22.5,7.798762185210361
2026-08-26_1600,2026-08-26 16:00:00,85.352783203125,27.732160275740252,85.330810546875,27.69325590965681,5.63,221.0,209.16666666666663,4.836587005804376
2026-08-26_1600,2026-08-26 16:00:00,85.352783203125,27.732160275740252,85.35278320312499,27.673798524586132,-23.9,25.0,33.166666666666664,6.489540824477553
2026-08-26_1600,2026-08-26 16:00:00,85.352783203125,27.732160275740252,85.352783203125,27.69325590965681,-2.17,104.0,106.33333333333331,4.325974922895328
2026-08-26_1600,2026-08-26 16:00:00,85.352783203125,27.732160275740252,85.352783203125,27.751607253506148,11.71,150.0,134.16666666666666,2.1624086602752115
2026-08-26_1600,2026-08-26 16:00:00,85.352783203125,27.732160275740252,85.37475585937499,27.673798524586132,50.0,19.0,12.333333333333334,6.840576658796301
2026-08-26_1600,2026-08-26 16:00:00,85.352783203125,27.732160275740252,85.308837890625,27.732160275740252,30.29,80.0,61.166666666666664,4.325203347578266
2026-08-26_1600,2026-08-26 16:00:00,85.352783203125,27.732160275740252,85.396728515625,27.71270982724965,7.87,15.0,13.833333333333334,4.836155749906766
2026-08-26_1600,2026-08-26 16:00:00,85.352783203125,27.732160275740252,85.352783203125,27.732160275740252,8.95,12706.0,11661.833333333334,1.67670491015947e-13
2026-08-26_1600,2026-08-26 16:00:00,85.352783203125,27.732160275740252,85.396728515625,27.732160275740252,25.93,16.0,12.5,4.325203347577014
2026-08-26_1600,2026-08-26 16:00:00,85.352783203125,27.732160275740252,85.286865234375,27.71270982724965,17.39,35.0,29.666666666666668,6.839357015773804
2026-08-26_1600,2026-08-26 16:00:00,85.396728515625,27.71270982724965,85.330810546875,27.673798524586132,-25.71,12.0,16.5,7.800152690941148
2026-08-26_1600,2026-08-26 16:00:00,85.352783203125,27.71270982724965,85.330810546875,27.69325590965681,14.71,194.0,169.0,3.0591989856558186
2026-08-26_1600,2026-08-26 16:00:00,85.396728515625,27.71270982724965,85.33081054687499,27.71270982724965,-5.45,80.0,84.66666666666667,6.4889624907041075
2026-08-26_1600,2026-08-26 16:00:00,85.396728515625,27.71270982724965,85.37475585937501,27.69325590965681,18.22,52.0,43.833333333333336,3.059198985654047
2026-08-26_1600,2026-08-26 16:00:00,85.352783203125,27.71270982724965,85.308837890625,27.732160275740252,18.81,39.0,32.666666666666664,4.836155749907757
2026-08-26_1600,2026-08-26 16:00:00,85.352783203125,27.71270982724965,85.286865234375,27.71270982724965,26.32,15.0,11.666666666666666,6.488962490702854
2026-08-26_1600,2026-08-26 16:00:00,85.352783203125,27.71270982724965,85.308837890625,27.673798524586132,6.76,49.0,45.833333333333336,6.118943220473297
2026-08-26_1600,2026-08-26 16:00:00,85.352783203125,27.71270982724965,85.330810546875,27.732160275740252,3.78,95.0,91.5,3.058653456754421
2026-08-26_1600,2026-08-26 16:00:00,85.352783203125,27.71270982724965,85.37475585937501,27.69325590965681,-23.64,13.0,17.333333333333332,3.059198985656705
2026-08-26_1600,2026-08-26 16:00:00,85.352783203125,27.71270982724965,85.308837890625,27.71270982724965,4.8,130.0,124.0,4.32597502246614
2026-08-26_1600,2026-08-26 16:00:00,85.352783203125,27.71270982724965,85.352783203125,27.751607253506148,8.07,28.0,25.833333333333332,4.3252032481350495
2026-08-26_1600,2026-08-26 16:00:00,85.067138671875,27.751607253506148,85.067138671875,27.751607253506148,12.86,138.0,122.16666666666669,3.608553671315128e-14
2026-08-26_1600,2026-08-26 16:00:00,85.242919921875,27.732160275740252,85.286865234375,27.71270982724965,7.37,16.0,14.833333333333334,4.836155749907886
2026-08-26_1600,2026-08-26 16:00:00,85.242919921875,27.732160275740252,85.242919921875,27.732160275740252,14.91,405.0,352.3333333333333,1.67670491015947e-13
2026-08-26_1600,2026-08-26 16:00:00,85.242919921875,27.732160275740252,85.308837890625,27.71270982724965,2.86,11.0,10.666666666666666,6.839357015773804
2026-08-26_1600,2026-08-26 16:00:00,85.396728515625,27.71270982724965,85.330810546875,27.69325590965681,-2.6,74.0,76.0,6.84057685557767
2026-08-26_1600,2026-08-26 16:00:00,85.396728515625,27.71270982724965,85.308837890625,27.69325590965681,11.57,44.0,39.333333333333336,8.919020940579676
2026-08-26_1600,2026-08-26 16:00:00,85.396728515625,27.71270982724965,85.418701171875,27.71270982724965,-20.41,12.0,15.333333333333334,2.1629875198323405
2026-08-26_1600,2026-08-26 16:00:00,85.396728515625,27.71270982724965,85.35278320312499,27.673798524586132,14.45,32.0,27.833333333333332,6.118943220474183
2026-08-26_1600,2026-08-26 16:00:00,85.396728515625,27.71270982724965,85.308837890625,27.71270982724965,4.44,46.0,44.0,8.651949907342676
2026-08-26_1600,2026-08-26 16:00:00,85.396728515625,27.71270982724965,85.308837890625,27.673798524586132,59.57,24.0,14.666666666666666,9.674898613145617
2026-08-26_1600,2026-08-26 16:00:00,85.396728515625,27.71270982724965,85.374755859375,27.71270982724965,11.46,153.0,137.16666666666666,2.1629875198323405
2026-08-26_1600,2026-08-26 16:00:00,85.396728515625,27.71270982724965,85.374755859375,27.732160275740252,9.36,36.0,32.833333333333336,3.058653456754421
2026-08-26_1600,2026-08-26 16:00:00,85.396728515625,27.71270982724965,85.352783203125,27.732160275740252,15.53,30.0,25.833333333333332,4.836155749906638
2026-08-26_1600,2026-08-26 16:00:00,85.396728515625,27.71270982724965,85.28686523437501,27.69325590965681,7.46,11.0,10.166666666666666,11.030098527398264
2026-08-26_1600,2026-08-26 16:00:00,85.396728515625,27.71270982724965,85.330810546875,27.732160275740252,31.25,34.0,25.666666666666668,6.839357015772637
2026-08-26_1600,2026-08-26 16:00:00,85.396728515625,27.71270982724965,85.396728515625,27.732160275740252,14.71,38.0,33.0,2.1627945878600388
2026-08-26_1600,2026-08-26 16:00:00,85.396728515625,27.71270982724965,85.352783203125,27.71270982724965,-7.44,84.0,90.83333333333331,4.325975022464887
2026-08-26_1600,2026-08-26 16:00:00,85.396728515625,27.71270982724965,85.396728515625,27.71270982724965,11.0,4035.0,3635.1666666666665,1.0131527334793077e-13
2026-08-26_1600,2026-08-26 16:00:00,85.396728515625,27.71270982724965,85.396728515625,27.69325590965681,-16.67,14.0,17.0,2.1631803350353
2026-08-26_1600,2026-08-26 16:00:00,85.396728515625,27.71270982724965,85.308837890625,27.732160275740252,30.43,14.0,10.5,8.917430463966953
2026-08-26_1600,2026-08-26 16:00:00,85.396728515625,27.71270982724965,85.352783203125,27.69325590965681,6.95,58.0,54.166666666666664,4.8370183068660815
2026-08-26_1600,2026-08-26 16:00:00,85.330810546875,27.732160275740252,85.330810546875,27.65433767366391,-19.1,11.0,13.833333333333334,8.653492111773652
2026-08-26_1600,2026-08-26 16:00:00,85.352783203125,27.71270982724965,85.35278320312499,27.673798524586132,12.32,37.0,32.833333333333336,4.326746236617482
2026-08-26_1600,2026-08-26 16:00:00,85.330810546875,27.732160275740252,85.308837890625,27.69325590965681,-2.43,86.0,88.16666666666667,4.836587005804376
2026-08-26_1600,2026-08-26 16:00:00,85.374755859375,27.732160275740252,85.330810546875,27.69325590965681,-11.98,70.0,79.66666666666667,6.117852418086977
2026-08-26_1600,2026-08-26 16:00:00,85.374755859375,27.732160275740252,85.330810546875,27.673798524586132,-22.41,14.0,18.333333333333332,7.799457392222397
2026-08-26_1600,2026-08-26 16:00:00,85.374755859375,27.732160275740252,85.352783203125,27.732160275740252,13.6,212.0,186.5,2.162601682396733
2026-08-26_1600,2026-08-26 16:00:00,85.374755859375,27.732160275740252,85.33081054687501,27.751607253506148,-1.92,16.0,16.333333333333332,4.835292789530111
2026-08-26_1600,2026-08-26 16:00:00,85.374755859375,27.732160275740252,85.352783203125,27.69325590965681,5.15,50.0,47.5,4.836587005803816
2026-08-26_1600,2026-08-26 16:00:00,85.374755859375,27.732160275740252,85.286865234375,27.71270982724965,21.62,14.0,11.333333333333334,8.917430463966909
2026-08-26_1600,2026-08-26 16:00:00,85.374755859375,27.732160275740252,85.330810546875,27.732160275740252,-6.2,57.0,60.833333333333336,4.325203347577014
2026-08-26_1600,2026-08-26 16:00:00,85.308837890625,27.673798524586132,85.33081054687499,27.71270982724965,5.06,82.0,78.0,4.837449360774911
2026-08-26_1600,2026-08-26 16:00:00,85.308837890625,27.673798524586132,85.286865234375,27.71270982724965,-3.65,21.0,21.833333333333332,4.837449360776031
2026-08-26_1600,2026-08-26 16:00:00,85.308837890625,27.673798524586132,85.308837890625,27.732160275740252,-0.97,16.0,16.166666666666668,6.489540824477468
2026-08-26_1600,2026-08-26 16:00:00,85.308837890625,27.673798524586132,85.330810546875,27.732160275740252,14.17,46.0,40.166666666666664,6.8405766587968495
2026-08-26_1600,2026-08-26 16:00:00,85.308837890625,27.673798524586132,85.308837890625,27.71270982724965,9.98,111.0,100.83333333333331,4.326746236617503
2026-08-26_1600,2026-08-26 16:00:00,85.308837890625,27.673798524586132,85.352783203125,27.71270982724965,-0.92,17.0,17.166666666666668,6.118943220473385
2026-08-26_1600,2026-08-26 16:00:00,85.133056640625,27.926473604009228,85.133056640625,27.926473604009228,-75.63,49.0,204.1901308585814,2.0222549497249037e-15
2026-08-26_1600,2026-08-26 16:00:00,85.35278320312499,27.673798524586132,85.352783203125,27.71270982724965,13.12,101.0,89.16666666666667,4.326746236617503
2026-08-26_1600,2026-08-26 16:00:00,85.35278320312499,27.673798524586132,85.330810546875,27.732160275740252,1.76,76.0,74.66666666666667,6.840576658796057
2026-08-26_1600,2026-08-26 16:00:00,85.35278320312499,27.673798524586132,85.33081054687501,27.751607253506148,52.11,17.0,10.833333333333334,8.918225394024969
2026-08-26_1600,2026-08-26 16:00:00,85.35278320312499,27.673798524586132,85.286865234375,27.71270982724965,-8.97,21.0,23.166666666666668,7.8001526909402
2026-08-26_1600,2026-08-26 16:00:00,85.35278320312499,27.673798524586132,85.374755859375,27.732160275740252,68.54,24.0,13.833333333333334,6.840576658797246
2026-08-26_1600,2026-08-26 16:00:00,85.35278320312499,27.673798524586132,85.33081054687499,27.71270982724965,-5.19,209.0,220.5,4.837449360776031
2026-08-26_1600,2026-08-26 16:00:00,85.35278320312499,27.673798524586132,85.374755859375,27.71270982724965,27.27,27.0,21.0,4.83744936077659
2026-08-26_1600,2026-08-26 16:00:00,85.35278320312499,27.673798524586132,85.308837890625,27.71270982724965,-0.34,197.0,197.66666666666663,6.118943220471615
2026-08-26_1600,2026-08-26 16:00:00,85.35278320312499,27.673798524586132,85.352783203125,27.751607253506148,31.33,18.0,13.467879277082003,8.65194948475281
2026-08-26_1600,2026-08-26 16:00:00,85.35278320312499,27.673798524586132,85.308837890625,27.732160275740252,5.41,25.0,23.666666666666668,7.799457392221467
2026-08-26_1600,2026-08-26 16:00:00,85.35278320312499,27.673798524586132,85.352783203125,27.732160275740252,24.59,37.0,29.5,6.489540824477468
2026-08-26_1600,2026-08-26 16:00:00,85.726318359375,27.771050758926727,85.726318359375,27.771050758926727,13.54,224.0,197.16666666666663,1.2207854514058405e-13
2026-08-26_1600,2026-08-26 16:00:00,85.726318359375,27.771050758926727,85.704345703125,27.771050758926727,7.87,15.0,13.833333333333334,2.161829466812015
2026-08-26_1600,2026-08-26 16:00:00,85.374755859375,27.732160275740252,85.352783203125,27.71270982724965,9.36,262.0,239.5,3.058653456753713
2026-08-26_1600,2026-08-26 16:00:00,85.484619140625,27.751607253506148,85.484619140625,27.751607253506148,-10.42,52.0,58.166666666666664,3.608553671315128e-14
2026-08-26_1600,2026-08-26 16:00:00,85.374755859375,27.732160275740252,85.374755859375,27.751607253506148,16.81,21.0,17.833333333333332,2.1624086602752115
2026-08-26_1600,2026-08-26 16:00:00,85.374755859375,27.732160275740252,85.374755859375,27.71270982724965,5.58,245.0,232.0,2.16279458785999
2026-08-26_1600,2026-08-26 16:00:00,85.418701171875,27.751607253506148,85.418701171875,27.751607253506148,8.92,1047.0,961.1666666666666,3.608553671315128e-14
2026-08-26_1600,2026-08-26 16:00:00,85.418701171875,27.751607253506148,85.352783203125,27.71270982724965,-37.6,12.0,19.833333333333332,7.797371028608722
2026-08-26_1600,2026-08-26 16:00:00,85.00122070312501,27.80992734625884,85.00122070312501,27.80992734625884,-3.23,59.0,61.0,1.0595237556502103e-13
2026-08-26_1600,2026-08-26 16:00:00,85.286865234375,27.790490790383224,85.286865234375,27.790490790383224,6.06,174.0,164.0,2.1366837619491137e-14
2026-08-26_1600,2026-08-26 16:00:00,85.74829101562499,27.771050758926727,85.74829101562499,27.771050758926727,-12.2,11.0,12.666666666666666,1.2207854514058405e-13
2026-08-26_1600,2026-08-26 16:00:00,85.462646484375,27.71270982724965,85.462646484375,27.71270982724965,18.62,137.0,115.33333333333331,1.0131527334793077e-13
2026-08-26_1600,2026-08-26 16:00:00,85.26489257812499,27.751607253506148,85.26489257812499,27.751607253506148,27.93,70.0,54.5,3.608553671315128e-14
2026-08-26_1600,2026-08-26 16:00:00,85.572509765625,27.80992734625884,85.572509765625,27.80992734625884,16.88,14.0,11.833333333333334,1.0595237556502103e-13
2026-08-26_1600,2026-08-26 16:00:00,85.616455078125,27.771050758926727,85.616455078125,27.771050758926727,9.09,23.0,21.0,1.2207854514058405e-13
2026-08-26_1600,2026-08-26 16:00:00,85.770263671875,27.732160275740252,85.770263671875,27.732160275740252,36.25,56.0,40.833333333333336,1.67670491015947e-13
2026-08-26_1600,2026-08-26 16:00:00,85.550537109375,27.926473604009228,85.550537109375,27.926473604009228,25.32,32.0,25.333333333333332,2.0222549497249037e-15
2026-08-26_1600,2026-08-26 16:00:00,85.22094726562501,27.751607253506148,85.22094726562501,27.751607253506148,17.45,45.0,38.166666666666664,3.608553671315128e-14
2026-08-26_1600,2026-08-26 16:00:00,85.440673828125,27.673798524586132,85.330810546875,27.732160275740252,63.04,24.0,14.333333333333334,12.613399838422646
2026-08-26_1600,2026-08-26 16:00:00,85.440673828125,27.673798524586132,85.308837890625,27.71270982724965,-5.71,21.0,22.333333333333332,13.682372490842726
2026-08-26_1600,2026-08-26 16:00:00,85.440673828125,27.673798524586132,85.352783203125,27.71270982724965,23.29,14.0,11.166666666666666,9.67489861314571
2026-08-26_1600,2026-08-26 16:00:00,85.440673828125,27.673798524586132,85.33081054687499,27.71270982724965,-17.33,30.0,36.5,11.650120540695992
2026-08-26_1600,2026-08-26 16:00:00,85.374755859375,27.732160275740252,85.396728515625,27.732160275740252,-5.77,48.0,51.0,2.1626016823979852
2026-08-26_1600,2026-08-26 16:00:00,85.374755859375,27.732160275740252,85.396728515625,27.71270982724965,-9.09,24.0,26.5,3.0586534567545987
2026-08-26_1600,2026-08-26 16:00:00,85.374755859375,27.732160275740252,85.330810546875,27.65433767366391,14.71,12.0,10.333333333333334,9.674898279012014
2026-08-26_1600,2026-08-26 16:00:00,85.374755859375,27.732160275740252,85.396728515625,27.751607253506148,48.05,18.0,11.833333333333334,3.0581076727125147
2026-08-26_1600,2026-08-26 16:00:00,85.374755859375,27.732160275740252,85.308837890625,27.71270982724965,13.26,83.0,73.16666666666667,6.839357015772618
2026-08-26_1600,2026-08-26 16:00:00,85.374755859375,27.732160275740252,85.33081054687499,27.71270982724965,-4.29,103.0,107.66666666666669,4.836155749909007
2026-08-26_1600,2026-08-26 16:00:00,85.374755859375,27.732160275740252,85.308837890625,27.673798524586132,32.79,26.0,19.333333333333332,9.177596604286888
2026-08-26_1600,2026-08-26 16:00:00,85.374755859375,27.732160275740252,85.374755859375,27.732160275740252,7.29,8717.0,8124.833333333333,1.67670491015947e-13
2026-08-26_1600,2026-08-26 16:00:00,85.374755859375,27.732160275740252,85.35278320312499,27.673798524586132,27.27,13.0,10.0,6.840576658797489
2026-08-26_1600,2026-08-26 16:00:00,85.374755859375,27.732160275740252,85.308837890625,27.732160275740252,23.81,25.0,20.0,6.4878049783218845
2026-08-26_1600,2026-08-26 16:00:00,85.374755859375,27.732160275740252,85.308837890625,27.69325590965681,-2.76,46.0,47.333333333333336,7.798762185210361
2026-08-26_1600,2026-08-26 16:00:00,85.374755859375,27.732160275740252,85.352783203125,27.751607253506148,9.09,29.0,26.5,3.058107672711629
2026-08-26_1600,2026-08-26 16:00:00,85.418701171875,27.751607253506148,85.352783203125,27.732160275740252,9.09,13.0,11.833333333333334,6.838136605449385
2026-08-26_1600,2026-08-26 16:00:00,85.352783203125,27.771050758926727,85.330810546875,27.69325590965681,5.29,62.0,58.833333333333336,8.916634546173134
2026-08-26_1600,2026-08-26 16:00:00,85.352783203125,27.771050758926727,85.33081054687499,27.71270982724965,20.0,97.0,80.66666666666667,6.838136409358705
2026-08-26_1600,2026-08-26 16:00:00,85.24291992187501,27.673798524586132,85.33081054687499,27.71270982724965,21.62,29.0,23.666666666666668,9.674898613142352
2026-08-26_1600,2026-08-26 16:00:00,85.24291992187501,27.673798524586132,85.286865234375,27.71270982724965,13.04,12.0,10.5,6.118943220471615
2026-08-26_1600,2026-08-26 16:00:00,85.24291992187501,27.673798524586132,85.308837890625,27.71270982724965,15.27,38.0,32.833333333333336,7.8001526909402
2026-08-26_1600,2026-08-26 16:00:00,85.242919921875,27.907057935466664,85.242919921875,27.907057935466664,-66.33,21.0,64.33333333333333,5.816231754836267e-14
2026-08-26_1600,2026-08-26 16:00:00,85.484619140625,27.771050758926727,85.484619140625,27.771050758926727,-5.88,15.0,16.0,1.2207854514058405e-13
2026-08-26_1600,2026-08-26 16:00:00,84.935302734375,27.907057935466664,84.935302734375,27.907057935466664,50.0,17.0,11.0,5.816231754836267e-14
2026-08-26_1600,2026-08-26 16:00:00,85.440673828125,27.751607253506148,85.440673828125,27.751607253506148,8.77,431.0,396.1666666666667,3.608553671315128e-14
2026-08-26_1600,2026-08-26 16:00:00,85.440673828125,27.751607253506148,85.33081054687499,27.71270982724965,5.88,11.0,10.333333333333334,11.645965916051038
2026-08-26_1600,2026-08-26 16:00:00,85.155029296875,27.732160275740252,85.155029296875,27.732160275740252,39.2,57.0,40.666666666666664,1.67670491015947e-13
2026-08-26_1600,2026-08-26 16:00:00,85.484619140625,27.71270982724965,85.484619140625,27.71270982724965,2.5,163.0,159.0,1.0131527334793077e-13
2026-08-26_1600,2026-08-26 16:00:00,85.61645507812499,27.80992734625884,85.61645507812499,27.80992734625884,37.76,44.0,31.666666666666668,1.0595237556502103e-13
2026-08-26_1600,2026-08-26 16:00:00,85.133056640625,27.887638781681872,85.133056640625,27.887638781681872,-93.65,10.0,172.16666666666666,2.1864401118150494e-14
2026-08-26_1600,2026-08-26 16:00:00,85.286865234375,27.751607253506148,85.33081054687501,27.751607253506148,16.67,20.0,17.0,4.324431312073442
2026-08-26_1600,2026-08-26 16:00:00,85.286865234375,27.751607253506148,85.352783203125,27.732160275740252,-17.5,10.0,12.333333333333334,6.838136605450574
2026-08-26_1600,2026-08-26 16:00:00,85.286865234375,27.751607253506148,85.308837890625,27.751607253506148,6.25,101.0,95.0,2.1622156646545267
2026-08-26_1600,2026-08-26 16:00:00,85.286865234375,27.751607253506148,85.28686523437501,27.69325590965681,-17.89,12.0,14.833333333333334,6.488383583170239
2026-08-26_1600,2026-08-26 16:00:00,85.286865234375,27.751607253506148,85.308837890625,27.69325590965681,22.54,57.0,46.333333333333336,6.839356819337173
2026-08-26_1600,2026-08-26 16:00:00,85.286865234375,27.751607253506148,85.286865234375,27.71270982724965,25.87,29.0,22.833333333333332,4.325203248135176
2026-08-26_1600,2026-08-26 16:00:00,85.286865234375,27.751607253506148,85.286865234375,27.751607253506148,16.79,3538.0,3029.3333333333335,3.608553671315128e-14
2026-08-26_1600,2026-08-26 16:00:00,85.286865234375,27.751607253506148,85.308837890625,27.732160275740252,12.61,185.0,164.16666666666666,3.058107672712538
2026-08-26_1600,2026-08-26 16:00:00,85.286865234375,27.751607253506148,85.308837890625,27.673798524586132,18.42,14.0,11.666666666666666,8.918225394025994
2026-08-26_1600,2026-08-26 16:00:00,85.286865234375,27.751607253506148,85.33081054687499,27.71270982724965,1.38,48.0,47.333333333333336,6.116761105115875
2026-08-26_1600,2026-08-26 16:00:00,85.286865234375,27.751607253506148,85.308837890625,27.71270982724965,18.24,174.0,147.0,4.83572424718008
2026-08-26_1600,2026-08-26 16:00:00,85.286865234375,27.751607253506148,85.28686523437501,27.732160275740252,25.37,27.0,21.333333333333332,2.162408660275157
2026-08-26_1600,2026-08-26 16:00:00,85.286865234375,27.751607253506148,85.330810546875,27.732160275740252,13.29,53.0,46.666666666666664,4.835292789532241
2026-08-26_1600,2026-08-26 16:00:00,85.286865234375,27.751607253506148,85.330810546875,27.69325590965681,-18.99,31.0,38.5,7.798066561201203
2026-08-26_1600,2026-08-26 16:00:00,85.330810546875,27.732160275740252,85.33081054687499,27.71270982724965,10.59,295.0,266.6666666666667,2.16279458785999
2026-08-26_1600,2026-08-26 16:00:00,85.19897460937501,27.732160275740252,85.19897460937501,27.732160275740252,16.59,40.0,34.166666666666664,1.67670491015947e-13
2026-08-26_1600,2026-08-26 16:00:00,85.352783203125,27.771050758926727,85.308837890625,27.673798524586132,33.33,23.0,17.0,11.647004289417456
2026-08-26_1600,2026-08-26 16:00:00,85.264892578125,27.771050758926727,85.264892578125,27.771050758926727,34.39,197.0,146.33333333333334,1.2207854514058405e-13
2026-08-26_1600,2026-08-26 16:00:00,85.418701171875,27.65433767366391,85.33081054687499,27.71270982724965,-13.56,16.0,18.666666666666668,10.817829077398295
2026-08-26_1600,2026-08-26 16:00:00,85.352783203125,27.771050758926727,85.37475585937499,27.771050758926727,19.08,25.0,20.833333333333332,2.1618294668095115
2026-08-26_1600,2026-08-26 16:00:00,85.352783203125,27.771050758926727,85.33081054687501,27.751607253506148,15.27,38.0,32.833333333333336,3.0575616338222464
2026-08-26_1600,2026-08-26 16:00:00,85.352783203125,27.771050758926727,85.352783203125,27.71270982724965,-40.0,13.0,22.333333333333332,6.487225800620781
2026-08-26_1600,2026-08-26 16:00:00,85.352783203125,27.771050758926727,85.352783203125,27.771050758926727,8.28,3743.0,3456.6666666666665,1.2207854514058405e-13
2026-08-26_1600,2026-08-26 16:00:00,85.352783203125,27.771050758926727,85.308837890625,27.69325590965681,-9.5,26.0,28.833333333333332,9.67144805268008
2026-08-26_1600,2026-08-26 16:00:00,85.352783203125,27.771050758926727,85.330810546875,27.732160275740252,14.64,123.0,107.16666666666669,4.834861085375861
2026-08-26_1600,2026-08-26 16:00:00,85.352783203125,27.771050758926727,85.308837890625,27.732160275740252,47.1,37.0,24.833333333333332,6.115669282159036
2026-08-26_1600,2026-08-26 16:00:00,85.352783203125,27.771050758926727,85.308837890625,27.71270982724965,17.29,77.0,65.5,7.7966750796874145
2026-08-26_1600,2026-08-26 16:00:00,85.352783203125,27.771050758926727,85.352783203125,27.69325590965681,17.29,25.0,21.166666666666668,8.650406135656192
2026-08-26_1600,2026-08-26 16:00:00,85.352783203125,27.771050758926727,85.352783203125,27.790490790383224,-13.33,12.0,14.0,2.1616362646985623
2026-08-26_1600,2026-08-26 16:00:00,85.352783203125,27.771050758926727,85.352783203125,27.732160275740252,-9.17,32.0,35.333333333333336,4.324431212761069
2026-08-26_1600,2026-08-26 16:00:00,85.352783203125,27.771050758926727,85.352783203125,27.751607253506148,2.67,95.0,92.5,2.1620225524858245
2026-08-26_1600,2026-08-26 16:00:00,85.352783203125,27.771050758926727,85.330810546875,27.673798524586132,7.46,11.0,10.166666666666666,11.028130878951156
2026-08-26_1600,2026-08-26 16:00:00,85.44067382812501,27.771050758926727,85.44067382812501,27.771050758926727,21.95,24.0,19.5,1.2207854514058405e-13
2026-08-26_1600,2026-08-26 16:00:00,85.330810546875,27.615405580779363,85.33081054687499,27.71270982724965,-4.55,13.0,13.666666666666666,10.819755531262867
2026-08-26_1600,2026-08-26 16:00:00,85.330810546875,27.615405580779363,85.308837890625,27.71270982724965,-4.55,13.0,13.666666666666666,11.034028908787262
2026-08-26_1600,2026-08-26 16:00:00,85.111083984375,27.751607253506148,85.111083984375,27.751607253506148,14.84,48.0,41.666666666666664,3.608553671315128e-14
2026-08-26_1600,2026-08-26 16:00:00,85.06713867187501,27.732160275740252,85.06713867187501,27.732160275740252,-25.0,10.0,13.666666666666666,1.67670491015947e-13
2026-08-26_1600,2026-08-26 16:00:00,85.352783203125,27.6348733585183,85.308837890625,27.71270982724965,14.29,23.0,20.0,9.676622180283488
2026-08-26_1600,2026-08-26 16:00:00,85.352783203125,27.6348733585183,85.33081054687499,27.71270982724965,2.35,28.0,27.333333333333332,8.921404855972806
2026-08-26_1600,2026-08-26 16:00:00,85.704345703125,27.771050758926727,85.704345703125,27.771050758926727,15.28,175.0,151.66666666666666,1.2207854514058405e-13
2026-08-26_1600,2026-08-26 16:00:00,85.352783203125,27.615405580779363,85.308837890625,27.71270982724965,-17.24,11.0,13.5,11.653233303357444
2026-08-26_1600,2026-08-26 16:00:00,85.352783203125,27.615405580779363,85.33081054687499,27.71270982724965,42.11,17.0,11.666666666666666,11.034028908787754
2026-08-26_1600,2026-08-26 16:00:00,85.001220703125,27.790490790383224,85.001220703125,27.790490790383224,24.75,146.0,116.83333333333331,2.1366837619491137e-14
2026-08-26_1600,2026-08-26 16:00:00,85.836181640625,27.732160275740252,85.836181640625,27.732160275740252,29.31,24.0,18.333333333333332,1.67670491015947e-13
2026-08-26_1600,2026-08-26 16:00:00,85.572509765625,27.887638781681872,85.572509765625,27.887638781681872,41.18,15.0,10.333333333333334,2.1864401118150494e-14
2026-08-26_1600,2026-08-26 16:00:00,85.638427734375,27.71270982724965,85.638427734375,27.71270982724965,15.15,18.0,15.5,1.0131527334793077e-13
2026-08-26_1600,2026-08-26 16:00:00,85.418701171875,27.65433767366391,85.308837890625,27.71270982724965,27.78,22.0,17.0,12.615648058547391
2026-08-26_1600,2026-08-26 16:00:00,85.418701171875,27.751607253506148,85.374755859375,27.732160275740252,20.0,22.0,18.166666666666668,4.835292789532241
2026-08-26_1600,2026-08-26 16:00:00,85.330810546875,27.80992734625884,85.330810546875,27.80992734625884,-6.42,33.0,35.333333333333336,1.0595237556502103e-13
2026-08-26_1600,2026-08-26 16:00:00,85.418701171875,27.69325590965681,85.308837890625,27.71270982724965,24.14,29.0,23.166666666666668,11.03009852739946
2026-08-26_1600,2026-08-26 16:00:00,85.396728515625,27.69325590965681,85.352783203125,27.71270982724965,0.0,24.0,24.0,4.83701830686585
2026-08-26_1600,2026-08-26 16:00:00,85.396728515625,27.69325590965681,85.330810546875,27.732160275740252,-11.76,14.0,16.0,7.798762185210407
2026-08-26_1600,2026-08-26 16:00:00,85.396728515625,27.69325590965681,85.308837890625,27.71270982724965,-5.88,39.0,41.5,8.91902094057969
2026-08-26_1600,2026-08-26 16:00:00,85.396728515625,27.69325590965681,85.396728515625,27.71270982724965,-14.29,21.0,24.666666666666668,2.163180335035057
2026-08-26_1600,2026-08-26 16:00:00,84.913330078125,28.06228556255984,84.913330078125,28.06228556255984,-20.0,15.0,19.0,1.5350655893162864e-13
2026-08-26_1600,2026-08-26 16:00:00,85.704345703125,27.732160275740252,85.704345703125,27.732160275740252,73.2,27.0,15.166666666666666,1.67670491015947e-13
2026-08-26_1600,2026-08-26 16:00:00,85.30883789062499,27.65433767366391,85.308837890625,27.71270982724965,-1.28,76.0,77.0,6.490697523913687
2026-08-26_1600,2026-08-26 16:00:00,85.30883789062499,27.65433767366391,85.308837890625,27.732160275740252,-11.58,13.0,14.833333333333334,8.653492111773794
2026-08-26_1600,2026-08-26 16:00:00,85.30883789062499,27.65433767366391,85.286865234375,27.71270982724965,23.71,19.0,15.166666666666666,6.841795927074422
2026-08-26_1600,2026-08-26 16:00:00,85.30883789062499,27.65433767366391,85.330810546875,27.732160275740252,14.42,40.0,34.833333333333336,8.919815497580238
2026-08-26_1600,2026-08-26 16:00:00,85.30883789062499,27.65433767366391,85.33081054687499,27.71270982724965,9.48,76.0,69.33333333333333,6.841795927073631
2026-08-26_1600,2026-08-26 16:00:00,85.30883789062499,27.65433767366391,85.352783203125,27.71270982724965,-15.09,14.0,16.666666666666668,7.800847571996207
2026-08-26_1600,2026-08-26 16:00:00,85.396728515625,27.69325590965681,85.33081054687499,27.71270982724965,6.36,38.0,35.666666666666664,6.840576855580014
2026-08-26_1600,2026-08-26 16:00:00,85.396728515625,27.751607253506148,85.396728515625,27.751607253506148,8.03,1301.0,1204.1666666666667,3.608553671315128e-14
2026-08-26_1600,2026-08-26 16:00:00,85.396728515625,27.751607253506148,85.374755859375,27.71270982724965,27.01,28.0,21.833333333333332,4.83572424718008
2026-08-26_1600,2026-08-26 16:00:00,85.396728515625,27.751607253506148,85.352783203125,27.71270982724965,-23.58,26.0,34.333333333333336,6.11676110511676
2026-08-26_1600,2026-08-26 16:00:00,85.396728515625,27.751607253506148,85.33081054687499,27.71270982724965,56.25,24.0,15.0,7.797371028610806
2026-08-26_1600,2026-08-26 16:00:00,85.396728515625,27.751607253506148,85.374755859375,27.732160275740252,8.09,48.0,44.333333333333336,3.058107672712538
2026-08-26_1600,2026-08-26 16:00:00,85.396728515625,27.751607253506148,85.330810546875,27.69325590965681,-4.35,10.0,10.5,9.175960017778046
2026-08-26_1600,2026-08-26 16:00:00,85.396728515625,27.751607253506148,85.396728515625,27.732160275740252,11.76,37.0,33.0,2.162408660275157
2026-08-26_1600,2026-08-26 16:00:00,85.28686523437501,27.69325590965681,85.26489257812501,27.71270982724965,27.31,27.0,20.99306004307275,3.0591989856546267
2026-08-26_1600,2026-08-26 16:00:00,85.28686523437501,27.69325590965681,85.286865234375,27.71270982724965,20.55,131.0,108.5,2.163180335035057
2026-08-26_1600,2026-08-26 16:00:00,85.28686523437501,27.69325590965681,85.28686523437501,27.732160275740252,3.76,22.0,21.166666666666668,4.3259749228953055
2026-08-26_1600,2026-08-26 16:00:00,85.28686523437501,27.69325590965681,85.308837890625,27.71270982724965,6.7,299.0,280.1666666666667,3.0591989856546267
2026-08-26_1600,2026-08-26 16:00:00,85.28686523437501,27.69325590965681,85.330810546875,27.732160275740252,-15.18,53.0,62.666666666666664,6.1178524180870175
2026-08-26_1600,2026-08-26 16:00:00,85.28686523437501,27.69325590965681,85.33081054687501,27.751607253506148,-14.29,11.0,13.0,7.798066561201221
2026-08-26_1600,2026-08-26 16:00:00,85.396728515625,27.751607253506148,85.352783203125,27.732160275740252,-9.09,14.0,15.5,4.835292789531121
2026-08-26_1600,2026-08-26 16:00:00,85.396728515625,27.69325590965681,85.374755859375,27.71270982724965,0.0,12.0,12.0,3.059198985655512
2026-08-26_1600,2026-08-26 16:00:00,85.37475585937499,27.673798524586132,85.33081054687499,27.71270982724965,-2.93,137.0,141.16666666666666,6.118943220473385
2026-08-26_1600,2026-08-26 16:00:00,85.37475585937499,27.673798524586132,85.33081054687501,27.751607253506148,4.35,11.0,10.5,9.673173569497354
2026-08-26_1600,2026-08-26 16:00:00,85.330810546875,27.732160275740252,85.308837890625,27.732160275740252,1.31,128.0,126.33333333333331,2.1626016823979852
2026-08-26_1600,2026-08-26 16:00:00,85.418701171875,27.751607253506148,85.374755859375,27.71270982724965,7.14,14.0,13.0,6.116761105117646
2026-08-26_1600,2026-08-26 16:00:00,85.330810546875,27.732160275740252,85.308837890625,27.71270982724965,2.97,178.0,172.83333333333334,3.0586534567545987
2026-08-26_1600,2026-08-26 16:00:00,85.572509765625,27.771050758926727,85.572509765625,27.771050758926727,37.29,26.0,18.666666666666668,1.2207854514058405e-13
2026-08-26_1600,2026-08-26 16:00:00,85.28686523437501,27.732160275740252,85.330810546875,27.65433767366391,14.71,12.0,10.333333333333334,9.674898279012014
2026-08-26_1600,2026-08-26 16:00:00,85.28686523437501,27.732160275740252,85.308837890625,27.71270982724965,2.81,413.0,401.6666666666667,3.058653456753713
2026-08-26_1600,2026-08-26 16:00:00,85.28686523437501,27.732160275740252,85.308837890625,27.673798524586132,25.0,64.0,51.0,6.840576658796696
2026-08-26_1600,2026-08-26 16:00:00,85.28686523437501,27.732160275740252,85.286865234375,27.71270982724965,21.42,204.0,167.83333333333334,2.16279458785999
2026-08-26_1600,2026-08-26 16:00:00,85.28686523437501,27.732160275740252,85.352783203125,27.71270982724965,22.89,33.0,26.666666666666668,6.839357015772618
2026-08-26_1600,2026-08-26 16:00:00,85.28686523437501,27.732160275740252,85.28686523437501,27.69325590965681,-4.17,45.0,47.0,4.325974922895328
2026-08-26_1600,2026-08-26 16:00:00,85.28686523437501,27.732160275740252,85.330810546875,27.732160275740252,10.83,103.0,92.83333333333331,4.325203347577014
2026-08-26_1600,2026-08-26 16:00:00,85.28686523437501,27.732160275740252,85.352783203125,27.732160275740252,-9.09,14.0,15.5,6.4878049783218845
2026-08-26_1600,2026-08-26 16:00:00,85.28686523437501,27.732160275740252,85.330810546875,27.69325590965681,-9.31,124.0,136.83333333333334,6.117852418086977
2026-08-26_1600,2026-08-26 16:00:00,85.28686523437501,27.732160275740252,85.33081054687499,27.71270982724965,-7.98,122.0,132.66666666666666,4.836155749904526
2026-08-26_1600,2026-08-26 16:00:00,85.28686523437501,27.732160275740252,85.352783203125,27.69325590965681,8.47,31.0,28.5,7.798762185210361
2026-08-26_1600,2026-08-26 16:00:00,85.28686523437501,27.732160275740252,85.26489257812501,27.71270982724965,7.69,13.0,12.0,3.058653456753713
2026-08-26_1600,2026-08-26 16:00:00,85.28686523437501,27.732160275740252,85.308837890625,27.69325590965681,9.8,154.0,140.16666666666666,4.836587005803816
2026-08-26_1600,2026-08-26 16:00:00,85.28686523437501,27.732160275740252,85.330810546875,27.673798524586132,-0.61,26.0,26.166666666666668,7.799457392222397
2026-08-26_1600,2026-08-26 16:00:00,85.28686523437501,27.732160275740252,85.33081054687501,27.751607253506148,18.18,25.0,21.0,4.8352927895323505
2026-08-26_1600,2026-08-26 16:00:00,85.28686523437501,27.732160275740252,85.308837890625,27.751607253506148,-17.5,21.0,25.666666666666668,3.058107672711629
2026-08-26_1600,2026-08-26 16:00:00,85.28686523437501,27.732160275740252,85.28686523437501,27.732160275740252,13.39,7913.0,6978.666666666667,1.67670491015947e-13
2026-08-26_1600,2026-08-26 16:00:00,85.37475585937499,27.673798524586132,85.330810546875,27.732160275740252,19.62,62.0,51.666666666666664,7.799457392221467
2026-08-26_1600,2026-08-26 16:00:00,85.37475585937499,27.673798524586132,85.374755859375,27.71270982724965,5.0,13.0,12.333333333333334,4.326746236617503
2026-08-26_1600,2026-08-26 16:00:00,85.37475585937499,27.673798524586132,85.352783203125,27.732160275740252,-9.43,15.0,16.666666666666668,6.840576658796057
2026-08-26_1600,2026-08-26 16:00:00,85.37475585937499,27.673798524586132,85.286865234375,27.71270982724965,32.63,20.0,14.833333333333334,9.67489861314459
2026-08-26_1600,2026-08-26 16:00:00,85.37475585937499,27.673798524586132,85.352783203125,27.71270982724965,21.12,64.0,52.666666666666664,4.837449360774911
2026-08-26_1600,2026-08-26 16:00:00,85.37475585937499,27.673798524586132,85.308837890625,27.71270982724965,3.61,128.0,123.5,7.8001526909402
2026-08-26_1600,2026-08-26 16:00:00,85.28686523437501,27.69325590965681,85.352783203125,27.71270982724965,13.04,38.0,33.5,6.8405768555776385
2026-08-26_1600,2026-08-26 16:00:00,85.28686523437501,27.69325590965681,85.352783203125,27.732160275740252,6.25,16.0,15.0,7.798762185210407
2026-08-26_1600,2026-08-26 16:00:00,85.28686523437501,27.732160275740252,85.308837890625,27.732160275740252,13.63,231.0,203.16666666666663,2.162601682396733
2026-08-26_1600,2026-08-26 16:00:00,85.28686523437501,27.69325590965681,85.33081054687499,27.71270982724965,6.48,155.0,145.5,4.83701830686361
2026-08-26_1600,2026-08-26 16:00:00,85.330810546875,27.771050758926727,85.330810546875,27.69325590965681,11.29,22.0,19.666666666666668,8.650406135656192
2026-08-26_1600,2026-08-26 16:00:00,85.155029296875,27.751607253506148,85.155029296875,27.751607253506148,12.15,19.0,16.833333333333332,3.608553671315128e-14
2026-08-26_1600,2026-08-26 16:00:00,85.374755859375,27.790490790383224,85.374755859375,27.790490790383224,13.18,311.0,274.6666666666667,2.1366837619491137e-14
2026-08-26_1600,2026-08-26 16:00:00,85.374755859375,27.790490790383224,85.352783203125,27.771050758926727,21.1,21.0,17.166666666666668,3.057015340380156
2026-08-26_1600,2026-08-26 16:00:00,85.396728515625,27.732160275740252,85.374755859375,27.732160275740252,15.96,108.0,93.0,2.1626016823979852
2026-08-26_1600,2026-08-26 16:00:00,85.396728515625,27.732160275740252,85.330810546875,27.69325590965681,28.09,37.0,28.666666666666668,7.798762185210361
2026-08-26_1600,2026-08-26 16:00:00,85.396728515625,27.732160275740252,85.352783203125,27.732160275740252,12.32,37.0,32.833333333333336,4.325203347577014
2026-08-26_1600,2026-08-26 16:00:00,85.396728515625,27.732160275740252,85.308837890625,27.69325590965681,-11.93,15.0,17.166666666666668,9.673173902945434
2026-08-26_1600,2026-08-26 16:00:00,85.396728515625,27.732160275740252,85.352783203125,27.69325590965681,-19.15,18.0,22.5,6.117852418086977
2026-08-26_1600,2026-08-26 16:00:00,85.396728515625,27.732160275740252,85.396728515625,27.71270982724965,-37.25,15.0,24.5,2.16279458785999
2026-08-26_1600,2026-08-26 16:00:00,85.396728515625,27.732160275740252,85.33081054687499,27.71270982724965,25.81,51.0,40.333333333333336,6.839357015774993
2026-08-26_1600,2026-08-26 16:00:00,85.396728515625,27.732160275740252,85.308837890625,27.71270982724965,8.47,31.0,28.5,8.917430463966909
2026-08-26_1600,2026-08-26 16:00:00,85.396728515625,27.732160275740252,85.418701171875,27.732160275740252,-13.67,19.0,22.166666666666668,2.1626016823979852
2026-08-26_1600,2026-08-26 16:00:00,85.396728515625,27.732160275740252,85.396728515625,27.751607253506148,18.81,19.0,15.833333333333334,2.1624086602752115
2026-08-26_1600,2026-08-26 16:00:00,85.396728515625,27.732160275740252,85.374755859375,27.71270982724965,11.21,80.0,71.83333333333333,3.0586534567545987
2026-08-26_1600,2026-08-26 16:00:00,85.396728515625,27.732160275740252,85.352783203125,27.71270982724965,-7.9,67.0,72.83333333333333,4.836155749906766
2026-08-26_1600,2026-08-26 16:00:00,85.396728515625,27.732160275740252,85.330810546875,27.732160275740252,-23.88,16.0,21.333333333333332,6.4878049783218845
2026-08-26_1600,2026-08-26 16:00:00,85.396728515625,27.732160275740252,85.396728515625,27.732160275740252,7.71,2662.0,2471.3333333333335,1.67670491015947e-13
2026-08-26_1600,2026-08-26 16:00:00,85.352783203125,27.790490790383224,85.352783203125,27.771050758926727,26.51,34.0,26.666666666666668,2.1616362646986547
2026-08-26_1600,2026-08-26 16:00:00,85.352783203125,27.790490790383224,85.352783203125,27.790490790383224,12.71,469.0,416.0,2.1366837619491137e-14
2026-08-26_1600,2026-08-26 16:00:00,85.594482421875,27.71270982724965,85.594482421875,27.71270982724965,-1.98,32.0,32.666666666666664,1.0131527334793077e-13
2026-08-26_1600,2026-08-26 16:00:00,85.572509765625,27.829360424938628,85.572509765625,27.829360424938628,13.22,246.0,217.16666666666663,5.538235803950223e-15
2026-08-26_1600,2026-08-26 16:00:00,85.506591796875,27.732160275740252,85.506591796875,27.732160275740252,-3.23,29.0,30.0,1.67670491015947e-13
2026-08-26_1600,2026-08-26 16:00:00,85.61645507812499,27.887638781681872,85.61645507812499,27.887638781681872,-24.37,14.0,18.833333333333332,2.1864401118150494e-14
2026-08-26_1600,2026-08-26 16:00:00,85.418701171875,27.69325590965681,85.33081054687499,27.71270982724965,-4.26,14.0,14.666666666666666,8.91902094058212
2026-08-26_1600,2026-08-26 16:00:00,85.28686523437501,27.69325590965681,85.308837890625,27.751607253506148,-14.29,13.0,15.333333333333334,6.8393568193368255
2026-08-26_1600,2026-08-26 16:00:00,85.81420898437501,27.751607253506148,85.81420898437501,27.751607253506148,34.33,44.0,32.5,3.608553671315128e-14
2026-08-26_1600,2026-08-26 16:00:00,85.330810546875,27.771050758926727,85.352783203125,27.771050758926727,76.0,21.0,11.5,2.161829466812015
2026-08-26_1600,2026-08-26 16:00:00,85.330810546875,27.771050758926727,85.33081054687501,27.751607253506148,-9.93,61.0,67.83333333333333,2.1620225524858245
2026-08-26_1600,2026-08-26 16:00:00,85.704345703125,27.751607253506148,85.704345703125,27.751607253506148,37.14,31.0,22.333333333333332,3.608553671315128e-14
2026-08-26_1600,2026-08-26 16:00:00,85.330810546875,27.771050758926727,85.308837890625,27.71270982724965,-16.67,34.0,41.0,6.838136409357913
2026-08-26_1600,2026-08-26 16:00:00,85.352783203125,27.751607253506148,85.374755859375,27.732160275740252,-6.25,19.0,20.333333333333332,3.0581076727116523
2026-08-26_1600,2026-08-26 16:00:00,85.330810546875,27.771050758926727,85.330810546875,27.732160275740252,-4.23,48.0,50.166666666666664,4.324431212761069
2026-08-26_1600,2026-08-26 16:00:00,85.352783203125,27.751607253506148,85.330810546875,27.69325590965681,-5.44,109.0,115.33333333333331,6.839356819337173
2026-08-26_1600,2026-08-26 16:00:00,85.352783203125,27.751607253506148,85.352783203125,27.732160275740252,-1.42,172.0,174.5,2.162408660275157
2026-08-26_1600,2026-08-26 16:00:00,85.352783203125,27.751607253506148,85.308837890625,27.673798524586132,22.33,41.0,33.333333333333336,9.673173569498932
2026-08-26_1600,2026-08-26 16:00:00,85.352783203125,27.751607253506148,85.352783203125,27.771050758926727,10.24,69.0,62.5,2.162022552485689
2026-08-26_1600,2026-08-26 16:00:00,85.352783203125,27.751607253506148,85.374755859375,27.751607253506148,2.53,26.0,25.333333333333332,2.162215664653275
2026-08-26_1600,2026-08-26 16:00:00,85.352783203125,27.751607253506148,85.352783203125,27.751607253506148,8.42,6531.0,6023.5,3.608553671315128e-14
2026-08-26_1600,2026-08-26 16:00:00,85.352783203125,27.751607253506148,85.352783203125,27.69325590965681,3.05,44.0,42.666666666666664,6.488383583170239
2026-08-26_1600,2026-08-26 16:00:00,85.352783203125,27.751607253506148,85.33081054687501,27.751607253506148,-3.03,63.0,65.0,2.162215664653275
2026-08-26_1600,2026-08-26 16:00:00,85.352783203125,27.751607253506148,85.286865234375,27.71270982724965,2.44,13.0,12.666666666666666,7.7973710286097635
2026-08-26_1600,2026-08-26 16:00:00,85.352783203125,27.751607253506148,85.330810546875,27.732160275740252,8.78,189.0,173.66666666666666,3.058107672712538
2026-08-26_1600,2026-08-26 16:00:00,85.352783203125,27.751607253506148,85.28686523437501,27.69325590965681,53.66,20.0,12.666666666666666,9.175960017778046
2026-08-26_1600,2026-08-26 16:00:00,85.352783203125,27.751607253506148,85.308837890625,27.69325590965681,15.76,81.0,69.83333333333333,7.798066561201203
2026-08-26_1600,2026-08-26 16:00:00,85.352783203125,27.751607253506148,85.352783203125,27.71270982724965,23.08,111.0,90.0,4.325203248135176
2026-08-26_1600,2026-08-26 16:00:00,85.352783203125,27.751607253506148,85.33081054687499,27.71270982724965,1.65,163.0,160.33333333333334,4.8357242471812
2026-08-26_1600,2026-08-26 16:00:00,85.352783203125,27.751607253506148,85.35278320312499,27.673798524586132,21.62,14.0,11.333333333333334,8.651949484752839
2026-08-26_1600,2026-08-26 16:00:00,85.330810546875,27.771050758926727,85.308837890625,27.751607253506148,-11.58,13.0,14.833333333333334,3.057561633823132
2026-08-26_1600,2026-08-26 16:00:00,85.330810546875,27.771050758926727,85.308837890625,27.771050758926727,-13.4,13.0,15.166666666666666,2.161829466812015
2026-08-26_1600,2026-08-26 16:00:00,85.330810546875,27.771050758926727,85.308837890625,27.732160275740252,2.91,52.0,50.5,4.834861085375861
2026-08-26_1600,2026-08-26 16:00:00,85.330810546875,27.771050758926727,85.352783203125,27.751607253506148,59.04,21.0,12.833333333333334,3.057561633823132
2026-08-26_1600,2026-08-26 16:00:00,85.330810546875,27.771050758926727,85.352783203125,27.732160275740252,0.0,14.0,14.0,4.834861085375861
2026-08-26_1600,2026-08-26 16:00:00,85.330810546875,27.771050758926727,85.330810546875,27.771050758926727,8.57,2027.0,1866.8333333333333,1.2207854514058405e-13
2026-08-26_1600,2026-08-26 16:00:00,85.330810546875,27.771050758926727,85.33081054687499,27.71270982724965,40.96,38.0,26.666666666666668,6.487225800620781
2026-08-26_1600,2026-08-26 16:00:00,85.352783203125,27.751607253506148,85.308837890625,27.71270982724965,7.84,109.0,101.0,6.116761105117646
2026-08-26_1600,2026-08-26 16:00:00,85.352783203125,27.751607253506148,85.330810546875,27.673798524586132,-14.29,17.0,20.0,8.918225394025994
2026-08-26_1600,2026-08-26 16:00:00,85.352783203125,27.751607253506148,85.308837890625,27.732160275740252,11.76,37.0,33.0,4.835292789532241
2026-08-26_1600,2026-08-26 16:00:00,85.330810546875,27.771050758926727,85.308837890625,27.69325590965681,-4.26,14.0,14.666666666666666,8.916634546173134
2026-08-27_0800,2026-08-27 08:00:00,85.528564453125,27.732160275740252,85.528564453125,27.732160275740252,-36.35,53.0,83.83333333333333,1.67670491015947e-13
2026-08-27_0800,2026-08-27 08:00:00,85.286865234375,27.71270982724965,85.352783203125,27.732160275740252,20.56,42.0,34.666666666666664,6.839357015773826
2026-08-27_0800,2026-08-27 08:00:00,85.286865234375,27.71270982724965,85.286865234375,27.751607253506148,8.84,38.0,34.833333333333336,4.3252032481350495
2026-08-27_0800,2026-08-27 08:00:00,85.286865234375,27.71270982724965,85.330810546875,27.65433767366391,2.86,17.0,16.5,7.800847571996221
2026-08-27_0800,2026-08-27 08:00:00,85.286865234375,27.71270982724965,85.330810546875,27.673798524586132,28.95,48.0,37.0,6.118943220473297
2026-08-27_0800,2026-08-27 08:00:00,85.30883789062501,27.86821614426037,85.30883789062501,27.86821614426037,-16.67,14.0,17.0,1.6325720028447766e-13
2026-08-27_0800,2026-08-27 08:00:00,85.286865234375,27.71270982724965,85.33081054687501,27.751607253506148,7.39,45.0,41.833333333333336,6.1167611051183925
2026-08-27_0800,2026-08-27 08:00:00,85.286865234375,27.71270982724965,85.330810546875,27.732160275740252,8.29,36.0,33.166666666666664,4.836155749907757
2026-08-27_0800,2026-08-27 08:00:00,85.286865234375,27.71270982724965,85.242919921875,27.732160275740252,7.01,27.0,25.166666666666668,4.836155749907757
2026-08-27_0800,2026-08-27 08:00:00,85.286865234375,27.71270982724965,85.308837890625,27.771050758926727,56.0,25.0,15.666666666666666,6.838136409357944
2026-08-27_0800,2026-08-27 08:00:00,85.286865234375,27.71270982724965,85.37475585937499,27.673798524586132,17.07,23.0,19.5,9.674898613144498
2026-08-27_0800,2026-08-27 08:00:00,85.286865234375,27.71270982724965,85.264892578125,27.69325590965681,-0.19,87.0,87.16666666666667,3.0591989856558186
2026-08-27_0800,2026-08-27 08:00:00,85.286865234375,27.71270982724965,85.352783203125,27.69325590965681,35.08,42.0,30.833333333333332,6.84057685557886
2026-08-27_0800,2026-08-27 08:00:00,85.286865234375,27.71270982724965,85.24291992187501,27.673798524586132,51.58,23.0,14.833333333333334,6.118943220471525
2026-08-27_0800,2026-08-27 08:00:00,85.286865234375,27.71270982724965,85.242919921875,27.71270982724965,36.96,20.0,14.333333333333334,4.32597502246614
2026-08-27_0800,2026-08-27 08:00:00,85.286865234375,27.71270982724965,85.264892578125,27.732160275740252,12.89,53.0,46.833333333333336,3.058653456754421
2026-08-27_0800,2026-08-27 08:00:00,85.286865234375,27.71270982724965,85.286865234375,27.673798524586132,8.75,28.0,25.666666666666668,4.326746236617482
2026-08-27_0800,2026-08-27 08:00:00,85.242919921875,27.732160275740252,85.242919921875,27.732160275740252,5.05,349.0,332.1666666666667,1.67670491015947e-13
2026-08-27_0800,2026-08-27 08:00:00,85.286865234375,27.71270982724965,85.26489257812501,27.71270982724965,4.31,217.0,208.0,2.162987519829836
2026-08-27_0800,2026-08-27 08:00:00,85.286865234375,27.71270982724965,85.374755859375,27.65433767366391,61.19,17.0,10.166666666666666,10.81782907739629
2026-08-27_0800,2026-08-27 08:00:00,85.286865234375,27.71270982724965,85.330810546875,27.69325590965681,16.02,34.0,29.166666666666668,4.8370183068672015
2026-08-27_0800,2026-08-27 08:00:00,85.155029296875,27.848790024809517,85.155029296875,27.848790024809517,14.78,21.0,18.166666666666668,9.644205643113741e-14
2026-08-27_0800,2026-08-27 08:00:00,85.484619140625,27.71270982724965,85.484619140625,27.71270982724965,8.81,178.0,163.5,1.0131527334793077e-13
2026-08-27_0800,2026-08-27 08:00:00,85.352783203125,27.926473604009228,85.352783203125,27.926473604009228,53.49,32.0,20.5,2.0222549497249037e-15
2026-08-27_0800,2026-08-27 08:00:00,85.35278320312499,27.673798524586132,85.308837890625,27.751607253506148,13.79,21.0,18.333333333333332,9.673173569497914
2026-08-27_0800,2026-08-27 08:00:00,85.35278320312499,27.673798524586132,85.352783203125,27.71270982724965,-13.67,39.0,45.333333333333336,4.326746236617503
2026-08-27_0800,2026-08-27 08:00:00,85.286865234375,27.71270982724965,85.35278320312499,27.673798524586132,10.98,31.0,27.833333333333332,7.800152690940106
2026-08-27_0800,2026-08-27 08:00:00,85.35278320312499,27.673798524586132,85.352783203125,27.751607253506148,14.07,18.0,15.656428908140596,8.65194948475281
2026-08-27_0800,2026-08-27 08:00:00,85.35278320312499,27.673798524586132,85.33081054687501,27.751607253506148,65.14,29.0,17.166666666666668,8.918225394024969
2026-08-27_0800,2026-08-27 08:00:00,85.35278320312499,27.673798524586132,85.33081054687499,27.71270982724965,12.5,56.0,49.666666666666664,4.837449360776031
2026-08-27_0800,2026-08-27 08:00:00,85.35278320312499,27.673798524586132,85.308837890625,27.732160275740252,33.33,35.0,26.0,7.799457392221467
2026-08-27_0800,2026-08-27 08:00:00,85.35278320312499,27.673798524586132,85.308837890625,27.71270982724965,8.76,59.0,54.166666666666664,6.118943220471615
2026-08-27_0800,2026-08-27 08:00:00,85.133056640625,27.926473604009228,85.133056640625,27.926473604009228,-88.06,24.0,208.33333333333337,2.0222549497249037e-15
2026-08-27_0800,2026-08-27 08:00:00,85.550537109375,27.86821614426037,85.550537109375,27.86821614426037,-32.76,12.0,18.333333333333332,1.6325720028447766e-13
2026-08-27_0800,2026-08-27 08:00:00,85.770263671875,27.907057935466664,85.770263671875,27.907057935466664,-18.45,13.0,16.166666666666668,5.816231754836267e-14
2026-08-27_0800,2026-08-27 08:00:00,85.220947265625,27.69325590965681,85.308837890625,27.71270982724965,-15.22,12.0,14.333333333333334,8.919020940580905
2026-08-27_0800,2026-08-27 08:00:00,85.220947265625,27.71270982724965,85.220947265625,27.71270982724965,7.77,244.0,226.33333333333337,1.0131527334793077e-13
2026-08-27_0800,2026-08-27 08:00:00,85.39672851562499,27.771050758926727,85.39672851562499,27.771050758926727,1.17,129.0,127.5,1.2207854514058405e-13
2026-08-27_0800,2026-08-27 08:00:00,85.418701171875,27.673798524586132,85.308837890625,27.71270982724965,3.45,14.0,13.5,11.650120540693669
2026-08-27_0800,2026-08-27 08:00:00,85.418701171875,27.673798524586132,85.352783203125,27.732160275740252,18.31,13.0,10.833333333333334,9.1775966042868
2026-08-27_0800,2026-08-27 08:00:00,85.68237304687499,27.71270982724965,85.68237304687499,27.71270982724965,46.15,18.0,12.0,1.0131527334793077e-13
2026-08-27_0800,2026-08-27 08:00:00,85.286865234375,27.673798524586132,85.28686523437501,27.732160275740252,7.46,11.0,10.166666666666666,6.489540824477468
2026-08-27_0800,2026-08-27 08:00:00,85.286865234375,27.673798524586132,85.308837890625,27.71270982724965,23.08,31.0,25.0,4.837449360776031
2026-08-27_0800,2026-08-27 08:00:00,85.286865234375,27.673798524586132,85.33081054687499,27.71270982724965,-13.33,12.0,14.0,6.118943220471615
2026-08-27_0800,2026-08-27 08:00:00,85.35278320312499,27.673798524586132,85.352783203125,27.732160275740252,-10.34,38.0,42.5,6.489540824477468
2026-08-27_0800,2026-08-27 08:00:00,85.77026367187501,27.829360424938628,85.77026367187501,27.829360424938628,21.98,36.0,29.333333333333332,5.538235803950223e-15
2026-08-27_0800,2026-08-27 08:00:00,85.220947265625,27.69325590965681,85.220947265625,27.71270982724965,20.0,20.0,16.5,2.163180335035057
2026-08-27_0800,2026-08-27 08:00:00,85.286865234375,27.71270982724965,85.33081054687499,27.71270982724965,19.49,46.0,38.333333333333336,4.325975022463635
2026-08-27_0800,2026-08-27 08:00:00,85.264892578125,27.69325590965681,85.308837890625,27.751607253506148,-17.5,10.0,12.333333333333334,7.798066561201221
2026-08-27_0800,2026-08-27 08:00:00,85.286865234375,27.71270982724965,85.352783203125,27.751607253506148,3.13,21.0,20.333333333333332,7.797371028609769
2026-08-27_0800,2026-08-27 08:00:00,85.374755859375,27.732160275740252,85.33081054687501,27.751607253506148,14.89,17.0,14.666666666666666,4.835292789530111
2026-08-27_0800,2026-08-27 08:00:00,85.374755859375,27.732160275740252,85.308837890625,27.732160275740252,32.74,24.0,17.833333333333332,6.4878049783218845
2026-08-27_0800,2026-08-27 08:00:00,85.374755859375,27.732160275740252,85.352783203125,27.69325590965681,0.73,22.0,21.833333333333332,4.836587005803816
2026-08-27_0800,2026-08-27 08:00:00,85.374755859375,27.732160275740252,85.374755859375,27.71270982724965,9.11,208.0,190.5456527918742,2.16279458785999
2026-08-27_0800,2026-08-27 08:00:00,85.374755859375,27.732160275740252,85.308837890625,27.751607253506148,10.34,15.0,13.5,6.838136605449506
2026-08-27_0800,2026-08-27 08:00:00,85.374755859375,27.732160275740252,85.396728515625,27.751607253506148,40.1,91.0,64.66666666666667,3.0581076727125147
2026-08-27_0800,2026-08-27 08:00:00,85.374755859375,27.732160275740252,85.352783203125,27.751607253506148,8.75,28.0,25.666666666666668,3.058107672711629
2026-08-27_0800,2026-08-27 08:00:00,85.374755859375,27.732160275740252,85.286865234375,27.71270982724965,18.18,12.0,10.0,8.917430463966909
2026-08-27_0800,2026-08-27 08:00:00,85.374755859375,27.732160275740252,85.374755859375,27.732160275740252,2.38,8285.0,8092.166666666667,1.67670491015947e-13
2026-08-27_0800,2026-08-27 08:00:00,85.374755859375,27.732160275740252,85.33081054687499,27.71270982724965,24.0,30.0,24.0,4.836155749909007
2026-08-27_0800,2026-08-27 08:00:00,85.374755859375,27.732160275740252,85.418701171875,27.751607253506148,40.12,38.0,26.833333333333332,4.8352927895323505
2026-08-27_0800,2026-08-27 08:00:00,85.374755859375,27.732160275740252,85.37475585937501,27.69325590965681,-6.56,18.0,19.333333333333332,4.325974922895328
2026-08-27_0800,2026-08-27 08:00:00,85.374755859375,27.732160275740252,85.352783203125,27.71270982724965,18.92,109.0,91.5,3.058653456753713
2026-08-27_0800,2026-08-27 08:00:00,85.374755859375,27.732160275740252,85.352783203125,27.732160275740252,3.43,210.0,203.0,2.162601682396733
2026-08-27_0800,2026-08-27 08:00:00,85.374755859375,27.732160275740252,85.374755859375,27.751607253506148,-5.84,42.0,44.666666666666664,2.1624086602752115
2026-08-27_0800,2026-08-27 08:00:00,85.374755859375,27.732160275740252,85.308837890625,27.71270982724965,59.63,46.0,28.443739785119018,6.839357015772618
2026-08-27_0800,2026-08-27 08:00:00,85.374755859375,27.732160275740252,85.330810546875,27.69325590965681,-9.43,15.0,16.666666666666668,6.117852418086977
2026-08-27_0800,2026-08-27 08:00:00,85.374755859375,27.732160275740252,85.330810546875,27.732160275740252,4.35,23.0,22.0,4.325203347577014
2026-08-27_0800,2026-08-27 08:00:00,85.35278320312499,27.673798524586132,85.374755859375,27.71270982724965,1.64,61.0,60.0,4.83744936077659
2026-08-27_0800,2026-08-27 08:00:00,85.374755859375,27.732160275740252,85.418701171875,27.732160275740252,-5.51,19.0,20.166666666666668,4.325203347578266
2026-08-27_0800,2026-08-27 08:00:00,85.374755859375,27.732160275740252,85.396728515625,27.71270982724965,18.15,50.0,42.166666666666664,3.0586534567545987
2026-08-27_0800,2026-08-27 08:00:00,85.264892578125,27.69325590965681,85.26489257812501,27.71270982724965,-18.64,23.0,28.5,2.163180335035057
2026-08-27_0800,2026-08-27 08:00:00,85.264892578125,27.69325590965681,85.308837890625,27.71270982724965,1.41,23.0,22.666666666666668,4.83701830686697
2026-08-27_0800,2026-08-27 08:00:00,85.264892578125,27.69325590965681,85.286865234375,27.71270982724965,50.0,24.0,15.666666666666666,3.059198985655512
2026-08-27_0800,2026-08-27 08:00:00,85.264892578125,27.69325590965681,85.308837890625,27.732160275740252,-3.03,15.0,15.5,6.117852418087902
2026-08-27_0800,2026-08-27 08:00:00,85.286865234375,27.71270982724965,85.308837890625,27.69325590965681,10.73,85.0,76.66666666666667,3.0591989856558186
2026-08-27_0800,2026-08-27 08:00:00,85.286865234375,27.71270982724965,85.374755859375,27.732160275740252,24.14,23.0,18.333333333333332,8.917430463966953
2026-08-27_0800,2026-08-27 08:00:00,85.286865234375,27.71270982724965,85.308837890625,27.751607253506148,22.92,100.0,81.16666666666667,4.835724247179597
2026-08-27_0800,2026-08-27 08:00:00,85.286865234375,27.71270982724965,85.242919921875,27.69325590965681,3.94,43.0,41.333333333333336,4.8370183068672015
2026-08-27_0800,2026-08-27 08:00:00,85.286865234375,27.71270982724965,85.28686523437501,27.69325590965681,10.4,176.0,159.33333333333334,2.1631803350353
2026-08-27_0800,2026-08-27 08:00:00,85.286865234375,27.71270982724965,85.352783203125,27.771050758926727,4.35,15.0,14.333333333333334,9.174322665837916
2026-08-27_0800,2026-08-27 08:00:00,85.286865234375,27.71270982724965,85.374755859375,27.71270982724965,8.33,25.0,23.0,8.651949907342676
2026-08-27_0800,2026-08-27 08:00:00,85.286865234375,27.71270982724965,85.220947265625,27.69325590965681,29.17,30.0,23.0,6.84057685557886
2026-08-27_0800,2026-08-27 08:00:00,85.286865234375,27.71270982724965,85.352783203125,27.71270982724965,34.4,27.0,19.833333333333332,6.488962490702854
2026-08-27_0800,2026-08-27 08:00:00,85.286865234375,27.71270982724965,85.308837890625,27.673798524586132,-13.67,19.0,22.166666666666668,4.837449360776172
2026-08-27_0800,2026-08-27 08:00:00,85.286865234375,27.71270982724965,85.264892578125,27.673798524586132,34.21,33.0,24.333333333333332,4.837449360776172
2026-08-27_0800,2026-08-27 08:00:00,85.286865234375,27.71270982724965,85.37475585937501,27.69325590965681,19.9,26.0,21.519261368556567,8.919020940582106
2026-08-27_0800,2026-08-27 08:00:00,85.286865234375,27.71270982724965,85.286865234375,27.71270982724965,0.99,6921.0,6852.833333333333,1.0131527334793077e-13
2026-08-27_0800,2026-08-27 08:00:00,85.286865234375,27.71270982724965,85.28686523437501,27.732160275740252,8.1,257.0,237.66666666666663,2.1627945878600388
2026-08-27_0800,2026-08-27 08:00:00,85.286865234375,27.71270982724965,85.30883789062499,27.65433767366391,-20.83,18.0,23.0,6.841795927074654
2026-08-27_0800,2026-08-27 08:00:00,85.286865234375,27.71270982724965,85.308837890625,27.71270982724965,11.93,268.0,239.33333333333337,2.1629875198323405
2026-08-27_0800,2026-08-27 08:00:00,85.286865234375,27.71270982724965,85.35278320312501,27.65433767366391,-26.32,20.0,27.5,9.17923242447536
2026-08-27_0800,2026-08-27 08:00:00,85.550537109375,27.907057935466664,85.550537109375,27.907057935466664,25.87,29.0,22.833333333333332,5.816231754836267e-14
2026-08-27_0800,2026-08-27 08:00:00,85.286865234375,27.86821614426037,85.286865234375,27.86821614426037,-6.83,40.0,43.00347119851509,1.6325720028447766e-13
2026-08-27_0800,2026-08-27 08:00:00,85.572509765625,27.829360424938628,85.572509765625,27.829360424938628,-2.69,228.0,234.33333333333337,5.538235803950223e-15
2026-08-27_0800,2026-08-27 08:00:00,85.792236328125,27.829360424938628,85.792236328125,27.829360424938628,-16.28,11.0,13.333333333333334,5.538235803950223e-15
2026-08-27_0800,2026-08-27 08:00:00,85.66040039062499,27.98469968215696,85.66040039062499,27.98469968215696,62.96,21.0,12.5,1.7476328570633842e-13
2026-08-27_0800,2026-08-27 08:00:00,85.286865234375,27.71270982724965,85.308837890625,27.732160275740252,14.06,122.0,106.83333333333331,3.058653456754421
2026-08-27_0800,2026-08-27 08:00:00,85.35278320312499,27.673798524586132,85.330810546875,27.732160275740252,8.27,23.0,21.166666666666668,6.840576658796057
2026-08-27_0800,2026-08-27 08:00:00,85.660400390625,27.94588578570596,85.660400390625,27.94588578570596,-1.92,16.0,16.333333333333332,2.2447252227959835e-14
2026-08-27_0800,2026-08-27 08:00:00,85.35278320312499,27.673798524586132,85.28686523437501,27.732160275740252,8.33,12.0,11.0,9.17759660428503
2026-08-27_0800,2026-08-27 08:00:00,85.330810546875,27.673798524586132,85.308837890625,27.751607253506148,9.09,41.0,37.5,8.918225394025878
2026-08-27_0800,2026-08-27 08:00:00,85.330810546875,27.673798524586132,85.374755859375,27.71270982724965,-4.83,45.0,47.333333333333336,6.1189432204725
2026-08-27_0800,2026-08-27 08:00:00,85.330810546875,27.673798524586132,85.308837890625,27.71270982724965,10.65,141.0,127.33333333333331,4.837449360776031
2026-08-27_0800,2026-08-27 08:00:00,85.330810546875,27.673798524586132,85.286865234375,27.751607253506148,34.04,20.0,14.666666666666666,9.673173569499031
2026-08-27_0800,2026-08-27 08:00:00,85.330810546875,27.673798524586132,85.33081054687499,27.71270982724965,3.61,85.0,82.0,4.326746236617503
2026-08-27_0800,2026-08-27 08:00:00,85.330810546875,27.673798524586132,85.352783203125,27.751607253506148,31.34,43.0,32.5,8.918225394025878
2026-08-27_0800,2026-08-27 08:00:00,85.330810546875,27.673798524586132,85.352783203125,27.732160275740252,7.19,76.0,70.83333333333333,6.8405766587968495
2026-08-27_0800,2026-08-27 08:00:00,85.330810546875,27.673798524586132,85.396728515625,27.71270982724965,-5.26,26.0,27.5,7.800152690941243
2026-08-27_0800,2026-08-27 08:00:00,85.330810546875,27.673798524586132,85.286865234375,27.71270982724965,3.26,36.0,34.833333333333336,6.118943220473385
2026-08-27_0800,2026-08-27 08:00:00,85.330810546875,27.673798524586132,85.26489257812501,27.71270982724965,-20.59,17.0,21.666666666666668,7.8001526909402
2026-08-27_0800,2026-08-27 08:00:00,85.330810546875,27.673798524586132,85.374755859375,27.732160275740252,-45.12,14.0,26.333333333333332,7.799457392222162
2026-08-27_0800,2026-08-27 08:00:00,85.330810546875,27.673798524586132,85.308837890625,27.732160275740252,9.55,64.0,58.333333333333336,6.8405766587968495
2026-08-27_0800,2026-08-27 08:00:00,85.330810546875,27.673798524586132,85.396728515625,27.732160275740252,52.11,17.0,10.833333333333334,9.1775966042868
2026-08-27_0800,2026-08-27 08:00:00,85.594482421875,27.829360424938628,85.594482421875,27.829360424938628,-26.92,18.0,25.0,5.538235803950223e-15
2026-08-27_0800,2026-08-27 08:00:00,85.572509765625,27.790490790383224,85.572509765625,27.790490790383224,14.12,65.0,56.833333333333336,2.1366837619491137e-14
2026-08-27_0800,2026-08-27 08:00:00,85.089111328125,27.771050758926727,85.089111328125,27.771050758926727,31.51,15.0,11.166666666666666,1.2207854514058405e-13
2026-08-27_0800,2026-08-27 08:00:00,85.177001953125,27.71270982724965,85.177001953125,27.71270982724965,18.09,73.0,61.666666666666664,1.0131527334793077e-13
2026-08-27_0800,2026-08-27 08:00:00,85.37475585937501,27.69325590965681,85.418701171875,27.71270982724965,-13.16,10.0,11.666666666666666,4.83701830686473
2026-08-27_0800,2026-08-27 08:00:00,85.37475585937501,27.69325590965681,85.352783203125,27.71270982724965,-1.43,22.0,22.333333333333332,3.0591989856563977
2026-08-27_0800,2026-08-27 08:00:00,85.37475585937501,27.69325590965681,85.33081054687499,27.71270982724965,16.81,21.0,17.833333333333332,4.83701830687033
2026-08-27_0800,2026-08-27 08:00:00,85.37475585937501,27.69325590965681,85.352783203125,27.732160275740252,27.15,31.0,24.166666666666668,4.836587005804979
2026-08-27_0800,2026-08-27 08:00:00,85.330810546875,27.673798524586132,85.28686523437501,27.732160275740252,4.65,44.0,42.0,7.799457392222162
2026-08-27_0800,2026-08-27 08:00:00,85.37475585937501,27.69325590965681,85.374755859375,27.71270982724965,9.23,141.0,129.0,2.163180335035057
2026-08-27_0800,2026-08-27 08:00:00,85.330810546875,27.673798524586132,85.33081054687501,27.751607253506148,21.55,46.0,37.666666666666664,8.65194948475281
2026-08-27_0800,2026-08-27 08:00:00,85.330810546875,27.673798524586132,85.330810546875,27.732160275740252,0.96,34.0,33.666666666666664,6.489540824477468
2026-08-27_0800,2026-08-27 08:00:00,85.33081054687501,27.751607253506148,85.352783203125,27.771050758926727,-4.76,49.0,51.5,3.057561633821971
2026-08-27_0800,2026-08-27 08:00:00,85.374755859375,27.732160275740252,85.396728515625,27.732160275740252,6.77,141.0,132.0,2.1626016823979852
2026-08-27_0800,2026-08-27 08:00:00,85.33081054687501,27.751607253506148,85.330810546875,27.69325590965681,-21.74,20.0,25.833333333333332,6.488383583170239
2026-08-27_0800,2026-08-27 08:00:00,85.33081054687501,27.751607253506148,85.264892578125,27.69325590965681,54.29,17.0,10.666666666666666,9.175960017779818
2026-08-27_0800,2026-08-27 08:00:00,85.33081054687501,27.751607253506148,85.330810546875,27.732160275740252,2.02,134.0,131.33333333333334,2.162408660275157
2026-08-27_0800,2026-08-27 08:00:00,85.33081054687501,27.751607253506148,85.28686523437501,27.69325590965681,57.14,32.0,20.0,7.798066561201203
2026-08-27_0800,2026-08-27 08:00:00,85.33081054687501,27.751607253506148,85.352783203125,27.71270982724965,-25.44,20.0,27.166666666666668,4.83572424717952
2026-08-27_0800,2026-08-27 08:00:00,85.33081054687501,27.751607253506148,85.28686523437501,27.732160275740252,6.73,36.0,33.666666666666664,4.835292789532241
2026-08-27_0800,2026-08-27 08:00:00,85.33081054687501,27.751607253506148,85.33081054687499,27.71270982724965,8.4,42.0,38.666666666666664,4.325203248135176
2026-08-27_0800,2026-08-27 08:00:00,85.33081054687501,27.751607253506148,85.330810546875,27.673798524586132,-11.58,13.0,14.833333333333334,8.651949484752839
2026-08-27_0800,2026-08-27 08:00:00,85.33081054687501,27.751607253506148,85.308837890625,27.751607253506148,22.34,177.0,144.5,2.162215664655779
2026-08-27_0800,2026-08-27 08:00:00,85.33081054687501,27.751607253506148,85.374755859375,27.71270982724965,-30.23,14.0,20.5,6.116761105115875
2026-08-27_0800,2026-08-27 08:00:00,85.33081054687501,27.751607253506148,85.330810546875,27.790490790383224,-31.96,10.0,15.166666666666666,4.32365881718449
2026-08-27_0800,2026-08-27 08:00:00,85.33081054687501,27.751607253506148,85.330810546875,27.65433767366391,-5.71,10.0,10.666666666666666,10.815900772048977
2026-08-27_0800,2026-08-27 08:00:00,85.33081054687501,27.751607253506148,85.286865234375,27.71270982724965,7.69,20.0,18.5,6.116761105118531
2026-08-27_0800,2026-08-27 08:00:00,85.33081054687501,27.751607253506148,85.308837890625,27.71270982724965,10.2,53.0,48.0,4.83572424718064
2026-08-27_0800,2026-08-27 08:00:00,85.33081054687501,27.751607253506148,85.330810546875,27.771050758926727,25.21,124.0,98.83333333333331,2.162022552485689
2026-08-27_0800,2026-08-27 08:00:00,85.484619140625,27.732160275740252,85.484619140625,27.732160275740252,6.19,59.0,55.5,1.67670491015947e-13
2026-08-27_0800,2026-08-27 08:00:00,85.045166015625,27.771050758926727,85.045166015625,27.771050758926727,15.03,36.0,31.166666666666668,1.2207854514058405e-13
2026-08-27_0800,2026-08-27 08:00:00,85.66040039062499,27.926473604009228,85.66040039062499,27.926473604009228,32.61,60.0,45.0,2.0222549497249037e-15
2026-08-27_0800,2026-08-27 08:00:00,85.330810546875,27.673798524586132,85.352783203125,27.71270982724965,25.62,66.0,52.333333333333336,4.837449360776031
2026-08-27_0800,2026-08-27 08:00:00,85.330810546875,27.673798524586132,85.352783203125,27.771050758926727,-4.2,18.0,18.833333333333332,11.028130878951163
2026-08-27_0800,2026-08-27 08:00:00,85.37475585937501,27.69325590965681,85.396728515625,27.71270982724965,37.1,84.0,61.0,3.059198985653741
2026-08-27_0800,2026-08-27 08:00:00,85.37475585937501,27.69325590965681,85.374755859375,27.732160275740252,-6.8,15.0,16.166666666666668,4.3259749228953055
2026-08-27_0800,2026-08-27 08:00:00,85.37475585937501,27.69325590965681,85.308837890625,27.71270982724965,7.69,34.0,31.5,6.840576855580014
2026-08-27_0800,2026-08-27 08:00:00,85.308837890625,27.751607253506148,85.308837890625,27.771050758926727,13.82,172.0,151.0,2.162022552485689
2026-08-27_0800,2026-08-27 08:00:00,85.308837890625,27.751607253506148,85.30883789062501,27.790490790383224,27.43,23.0,17.833333333333332,4.32365881718449
2026-08-27_0800,2026-08-27 08:00:00,85.308837890625,27.751607253506148,85.308837890625,27.71270982724965,0.0,100.0,100.0,4.325203248135176
2026-08-27_0800,2026-08-27 08:00:00,85.308837890625,27.751607253506148,85.28686523437501,27.69325590965681,24.14,17.0,13.5,6.839356819336776
2026-08-27_0800,2026-08-27 08:00:00,85.308837890625,27.751607253506148,85.308837890625,27.751607253506148,8.02,10705.0,9910.5,3.608553671315128e-14
2026-08-27_0800,2026-08-27 08:00:00,85.308837890625,27.751607253506148,85.33081054687501,27.751607253506148,6.91,133.0,124.33333333333331,2.162215664655779
2026-08-27_0800,2026-08-27 08:00:00,85.308837890625,27.751607253506148,85.330810546875,27.732160275740252,62.5,51.0,31.0,3.058107672712538
2026-08-27_0800,2026-08-27 08:00:00,85.308837890625,27.751607253506148,85.286865234375,27.71270982724965,0.0,18.0,18.0,4.83572424718008
2026-08-27_0800,2026-08-27 08:00:00,85.308837890625,27.751607253506148,85.352783203125,27.751607253506148,21.52,15.0,12.166666666666666,4.32443131207219
2026-08-27_0800,2026-08-27 08:00:00,85.308837890625,27.751607253506148,85.330810546875,27.69325590965681,9.09,11.0,10.0,6.839356819337173
2026-08-27_0800,2026-08-27 08:00:00,85.308837890625,27.751607253506148,85.33081054687499,27.71270982724965,14.29,19.0,16.5,4.83572424717896
2026-08-27_0800,2026-08-27 08:00:00,85.308837890625,27.751607253506148,85.286865234375,27.751607253506148,30.93,193.0,147.16666666666666,2.1622156646545267
2026-08-27_0800,2026-08-27 08:00:00,85.308837890625,27.751607253506148,85.352783203125,27.71270982724965,27.06,17.0,13.166666666666666,6.116761105117646
2026-08-27_0800,2026-08-27 08:00:00,85.308837890625,27.751607253506148,85.28686523437501,27.771050758926727,19.4,39.0,32.5,3.057561633821971
2026-08-27_0800,2026-08-27 08:00:00,85.308837890625,27.751607253506148,85.28686523437501,27.732160275740252,2.93,40.0,38.833333333333336,3.0581076727116523
2026-08-27_0800,2026-08-27 08:00:00,85.308837890625,27.751607253506148,85.308837890625,27.69325590965681,51.65,22.0,14.166666666666666,6.488383583170239
2026-08-27_0800,2026-08-27 08:00:00,85.308837890625,27.751607253506148,85.308837890625,27.732160275740252,3.62,233.0,224.83333333333337,2.162408660275157
2026-08-27_0800,2026-08-27 08:00:00,85.44067382812501,27.71270982724965,85.44067382812501,27.71270982724965,5.11,208.0,197.83333333333337,1.0131527334793077e-13
2026-08-27_0800,2026-08-27 08:00:00,85.286865234375,27.848790024809517,85.286865234375,27.848790024809517,-24.27,12.0,16.166666666666668,9.644205643113741e-14
2026-08-27_0800,2026-08-27 08:00:00,85.35278320312499,27.673798524586132,85.286865234375,27.71270982724965,21.28,18.0,14.666666666666666,7.8001526909402
2026-08-27_0800,2026-08-27 08:00:00,85.35278320312499,27.673798524586132,85.374755859375,27.732160275740252,-1.96,24.0,24.5,6.840576658797246
2026-08-27_0800,2026-08-27 08:00:00,85.308837890625,27.751607253506148,85.352783203125,27.732160275740252,28.21,24.0,18.5,4.835292789532241
2026-08-27_0800,2026-08-27 08:00:00,85.308837890625,27.751607253506148,85.352783203125,27.69325590965681,4.35,19.0,18.166666666666668,7.798066561201203
2026-08-27_0800,2026-08-27 08:00:00,85.308837890625,27.751607253506148,85.330810546875,27.771050758926727,33.33,41.0,30.5,3.0575616338228566
2026-08-27_0800,2026-08-27 08:00:00,85.242919921875,27.829360424938628,85.242919921875,27.829360424938628,5.1,78.0,74.16666666666667,5.538235803950223e-15
2026-08-27_0800,2026-08-27 08:00:00,85.37475585937501,27.69325590965681,85.308837890625,27.732160275740252,26.32,19.0,14.833333333333334,7.7987621852124915
2026-08-27_0800,2026-08-27 08:00:00,85.572509765625,27.732160275740252,85.572509765625,27.732160275740252,5.49,15.0,14.166666666666666,1.67670491015947e-13
2026-08-27_0800,2026-08-27 08:00:00,85.61645507812499,27.80992734625884,85.61645507812499,27.80992734625884,-26.7,26.0,35.833333333333336,1.0595237556502103e-13
2026-08-27_0800,2026-08-27 08:00:00,85.572509765625,27.887638781681872,85.572509765625,27.887638781681872,9.09,11.0,10.0,2.1864401118150494e-14
2026-08-27_0800,2026-08-27 08:00:00,85.704345703125,27.751607253506148,85.704345703125,27.751607253506148,19.21,29.0,24.166666666666668,3.608553671315128e-14
2026-08-27_0800,2026-08-27 08:00:00,85.396728515625,27.732160275740252,85.396728515625,27.732160275740252,2.24,2438.0,2384.6666666666665,1.67670491015947e-13
2026-08-27_0800,2026-08-27 08:00:00,85.396728515625,27.732160275740252,85.374755859375,27.732160275740252,1.12,59.0,58.333333333333336,2.1626016823979852
2026-08-27_0800,2026-08-27 08:00:00,85.396728515625,27.732160275740252,85.396728515625,27.751607253506148,13.79,54.0,47.333333333333336,2.1624086602752115
2026-08-27_0800,2026-08-27 08:00:00,85.396728515625,27.732160275740252,85.352783203125,27.71270982724965,15.91,16.0,13.666666666666666,4.836155749906766
2026-08-27_0800,2026-08-27 08:00:00,85.396728515625,27.732160275740252,85.352783203125,27.732160275740252,27.66,19.0,14.666666666666666,4.325203347577014
2026-08-27_0800,2026-08-27 08:00:00,85.35278320312499,27.673798524586132,85.396728515625,27.71270982724965,-17.6,31.0,37.833333333333336,6.118943220474271
2026-08-27_0800,2026-08-27 08:00:00,85.396728515625,27.732160275740252,85.396728515625,27.71270982724965,-17.56,35.0,42.666666666666664,2.16279458785999
2026-08-27_0800,2026-08-27 08:00:00,85.396728515625,27.732160275740252,85.374755859375,27.71270982724965,-3.23,39.0,40.333333333333336,3.0586534567545987
2026-08-27_0800,2026-08-27 08:00:00,85.594482421875,27.71270982724965,85.594482421875,27.71270982724965,0.0,34.0,34.0,1.0131527334793077e-13
2026-08-27_0800,2026-08-27 08:00:00,85.352783203125,27.790490790383224,85.352783203125,27.771050758926727,-28.21,13.0,18.5,2.1616362646986547
2026-08-27_0800,2026-08-27 08:00:00,85.352783203125,27.790490790383224,85.352783203125,27.790490790383224,1.14,426.0,421.1666666666667,2.1366837619491137e-14
2026-08-27_0800,2026-08-27 08:00:00,85.264892578125,27.86821614426037,85.264892578125,27.86821614426037,-33.01,22.0,33.333333333333336,1.6325720028447766e-13
2026-08-27_0800,2026-08-27 08:00:00,85.484619140625,27.771050758926727,85.484619140625,27.771050758926727,-33.94,11.0,17.166666666666668,1.2207854514058405e-13
2026-08-27_0800,2026-08-27 08:00:00,85.198974609375,27.887638781681872,85.198974609375,27.887638781681872,50.0,20.0,13.0,2.1864401118150494e-14
2026-08-27_0800,2026-08-27 08:00:00,85.836181640625,27.732160275740252,85.836181640625,27.732160275740252,-17.56,17.0,20.833333333333332,1.67670491015947e-13
2026-08-27_0800,2026-08-27 08:00:00,85.001220703125,27.790490790383224,85.001220703125,27.790490790383224,29.32,171.0,132.0,2.1366837619491137e-14
2026-08-27_0800,2026-08-27 08:00:00,85.550537109375,27.848790024809517,85.550537109375,27.848790024809517,6.33,13.0,12.166666666666666,9.644205643113741e-14
2026-08-27_0800,2026-08-27 08:00:00,85.396728515625,27.732160275740252,85.418701171875,27.732160275740252,-8.5,51.0,55.833333333333336,2.1626016823979852
2026-08-27_0800,2026-08-27 08:00:00,85.374755859375,27.732160275740252,85.352783203125,27.771050758926727,12.5,14.0,12.333333333333334,4.834861085374968
2026-08-27_0800,2026-08-27 08:00:00,85.308837890625,27.732160275740252,85.374755859375,27.732160275740252,17.53,37.0,31.333333333333332,6.4878049783218845
2026-08-27_0800,2026-08-27 08:00:00,85.374755859375,27.732160275740252,85.35278320312499,27.673798524586132,42.37,27.0,18.666666666666668,6.840576658797489
2026-08-27_0800,2026-08-27 08:00:00,85.308837890625,27.732160275740252,85.308837890625,27.673798524586132,21.68,28.0,22.833333333333332,6.489540824477553
2026-08-27_0800,2026-08-27 08:00:00,85.308837890625,27.732160275740252,85.352783203125,27.751607253506148,9.84,66.0,60.0,4.8352927895323505
2026-08-27_0800,2026-08-27 08:00:00,85.308837890625,27.732160275740252,85.242919921875,27.69325590965681,18.72,36.0,30.166666666666668,7.798762185211403
2026-08-27_0800,2026-08-27 08:00:00,85.308837890625,27.732160275740252,85.308837890625,27.71270982724965,6.0,414.0,390.5,2.16279458785999
2026-08-27_0800,2026-08-27 08:00:00,85.308837890625,27.732160275740252,85.330810546875,27.732160275740252,10.23,193.0,175.0,2.1626016823979852
2026-08-27_0800,2026-08-27 08:00:00,85.308837890625,27.732160275740252,85.330810546875,27.673798524586132,47.08,62.0,41.833333333333336,6.840576658797092
2026-08-27_0800,2026-08-27 08:00:00,85.308837890625,27.732160275740252,85.396728515625,27.71270982724965,23.08,23.0,18.5,8.917430463966909
2026-08-27_0800,2026-08-27 08:00:00,85.308837890625,27.732160275740252,85.264892578125,27.673798524586132,-6.36,26.0,27.833333333333332,7.799457392223092
2026-08-27_0800,2026-08-27 08:00:00,85.308837890625,27.732160275740252,85.308837890625,27.69325590965681,-0.21,79.0,79.16666666666667,4.325974922895328
2026-08-27_0800,2026-08-27 08:00:00,85.308837890625,27.732160275740252,85.30883789062499,27.65433767366391,30.43,29.0,22.0,8.653492111773652
2026-08-27_0800,2026-08-27 08:00:00,85.308837890625,27.732160275740252,85.286865234375,27.71270982724965,10.13,124.0,112.5,3.0586534567545987
2026-08-27_0800,2026-08-27 08:00:00,85.308837890625,27.732160275740252,85.352783203125,27.771050758926727,26.92,65.0,51.0,6.115669282158945
2026-08-27_0800,2026-08-27 08:00:00,85.308837890625,27.732160275740252,85.33081054687499,27.71270982724965,5.29,82.0,77.83333333333333,3.0586534567528276
2026-08-27_0800,2026-08-27 08:00:00,85.308837890625,27.732160275740252,85.330810546875,27.790490790383224,46.51,20.0,13.333333333333334,6.836915429523932
2026-08-27_0800,2026-08-27 08:00:00,85.308837890625,27.732160275740252,85.352783203125,27.69325590965681,-1.53,74.0,75.16666666666667,6.117852418087862
2026-08-27_0800,2026-08-27 08:00:00,85.308837890625,27.732160275740252,85.28686523437501,27.732160275740252,6.96,319.0,298.1666666666667,2.162601682396733
2026-08-27_0800,2026-08-27 08:00:00,85.308837890625,27.732160275740252,85.28686523437501,27.771050758926727,15.53,61.0,52.666666666666664,4.834861085374968
2026-08-27_0800,2026-08-27 08:00:00,85.308837890625,27.732160275740252,85.396728515625,27.732160275740252,-11.76,14.0,16.0,8.650406557413628
2026-08-27_0800,2026-08-27 08:00:00,85.308837890625,27.732160275740252,85.308837890625,27.771050758926727,16.17,169.0,145.33333333333334,4.324431212760916
2026-08-27_0800,2026-08-27 08:00:00,85.308837890625,27.732160275740252,85.37475585937499,27.673798524586132,44.68,33.0,22.5,9.177596604286002
2026-08-27_0800,2026-08-27 08:00:00,85.308837890625,27.732160275740252,85.33081054687501,27.751607253506148,12.31,323.0,287.5,3.0581076727134
2026-08-27_0800,2026-08-27 08:00:00,85.308837890625,27.732160275740252,85.330810546875,27.771050758926727,13.94,93.0,81.5,4.834861085375527
2026-08-27_0800,2026-08-27 08:00:00,85.308837890625,27.732160275740252,85.352783203125,27.6348733585183,21.62,14.0,11.333333333333334,11.651157938821498
2026-08-27_0800,2026-08-27 08:00:00,85.308837890625,27.732160275740252,85.330810546875,27.69325590965681,8.57,56.0,51.5,4.836587005804376
2026-08-27_0800,2026-08-27 08:00:00,85.308837890625,27.732160275740252,85.28686523437501,27.69325590965681,10.38,100.0,90.5,4.836587005803816
2026-08-27_0800,2026-08-27 08:00:00,85.33081054687499,27.71270982724965,85.418701171875,27.71270982724965,2.56,19.0,18.5,8.65194990734518
2026-08-27_0800,2026-08-27 08:00:00,85.33081054687499,27.71270982724965,85.330810546875,27.673798524586132,7.67,289.0,268.3333333333333,4.326746236617482
2026-08-27_0800,2026-08-27 08:00:00,85.33081054687499,27.71270982724965,85.418701171875,27.673798524586132,-7.4,47.0,50.833333333333336,9.674898613147858
2026-08-27_0800,2026-08-27 08:00:00,85.33081054687499,27.71270982724965,85.396728515625,27.65433767366391,31.33,50.0,37.833333333333336,9.17923242447536
2026-08-27_0800,2026-08-27 08:00:00,85.33081054687499,27.71270982724965,85.37475585937499,27.673798524586132,9.86,220.0,200.16666666666663,6.118943220473297
2026-08-27_0800,2026-08-27 08:00:00,85.177001953125,27.732160275740252,85.177001953125,27.732160275740252,20.34,69.0,57.166666666666664,1.67670491015947e-13
2026-08-27_0800,2026-08-27 08:00:00,85.308837890625,27.732160275740252,85.264892578125,27.732160275740252,1.41,11.0,10.833333333333334,4.325203347578266
2026-08-27_0800,2026-08-27 08:00:00,85.308837890625,27.732160275740252,85.308837890625,27.751607253506148,8.68,936.0,861.1666666666666,2.1624086602752115
2026-08-27_0800,2026-08-27 08:00:00,85.308837890625,27.732160275740252,85.30883789062501,27.790490790383224,17.19,24.0,20.333333333333332,6.486067477459668
2026-08-27_0800,2026-08-27 08:00:00,85.308837890625,27.732160275740252,85.330810546875,27.6348733585183,4.35,11.0,10.5,11.032063820561248
2026-08-27_0800,2026-08-27 08:00:00,85.308837890625,27.732160275740252,85.286865234375,27.751607253506148,15.67,298.0,257.5,3.0581076727125147
2026-08-27_0800,2026-08-27 08:00:00,85.308837890625,27.732160275740252,85.396728515625,27.673798524586132,-5.62,13.0,13.833333333333334,10.815901244695317
2026-08-27_0800,2026-08-27 08:00:00,85.308837890625,27.732160275740252,85.374755859375,27.65433767366391,-8.93,16.0,17.666666666666668,10.81686506699713
2026-08-27_0800,2026-08-27 08:00:00,85.308837890625,27.732160275740252,85.35278320312499,27.673798524586132,9.51,47.0,42.833333333333336,7.799457392221702
2026-08-27_0800,2026-08-27 08:00:00,85.308837890625,27.732160275740252,85.352783203125,27.732160275740252,-3.63,92.0,95.5,4.325203347578266
2026-08-27_0800,2026-08-27 08:00:00,85.308837890625,27.732160275740252,85.286865234375,27.673798524586132,3.33,30.0,29.0,6.840576658797092
2026-08-27_0800,2026-08-27 08:00:00,85.308837890625,27.732160275740252,85.26489257812501,27.71270982724965,18.71,54.0,45.333333333333336,4.836155749905646
2026-08-27_0800,2026-08-27 08:00:00,85.308837890625,27.732160275740252,85.352783203125,27.71270982724965,33.56,64.0,47.666666666666664,4.836155749907886
2026-08-27_0800,2026-08-27 08:00:00,85.308837890625,27.732160275740252,85.220947265625,27.69325590965681,-2.04,23.0,23.5,9.673173902946557
2026-08-27_0800,2026-08-27 08:00:00,85.308837890625,27.732160275740252,85.308837890625,27.732160275740252,6.2,13649.0,12851.833333333334,1.67670491015947e-13
2026-08-27_0800,2026-08-27 08:00:00,85.308837890625,27.732160275740252,85.24291992187501,27.673798524586132,7.69,13.0,12.0,9.177596604286002
2026-08-27_0800,2026-08-27 08:00:00,85.308837890625,27.732160275740252,85.37475585937501,27.69325590965681,37.97,42.0,30.166666666666668,7.7987621852124445
2026-08-27_0800,2026-08-27 08:00:00,85.308837890625,27.732160275740252,85.35278320312501,27.65433767366391,19.25,31.0,25.833333333333332,9.674898279013131
2026-08-27_0800,2026-08-27 08:00:00,85.308837890625,27.732160275740252,85.264892578125,27.69325590965681,0.0,58.0,58.0,6.117852418087862
2026-08-27_0800,2026-08-27 08:00:00,85.308837890625,27.732160275740252,85.418701171875,27.673798524586132,69.01,19.0,10.833333333333334,12.613399838422586
2026-08-27_0800,2026-08-27 08:00:00,85.352783203125,27.751607253506148,85.308837890625,27.732160275740252,26.67,56.0,44.0,4.835292789532241
2026-08-27_0800,2026-08-27 08:00:00,85.352783203125,27.751607253506148,85.330810546875,27.771050758926727,20.93,25.0,20.5,3.0575616338228566
2026-08-27_0800,2026-08-27 08:00:00,85.352783203125,27.751607253506148,85.374755859375,27.71270982724965,25.81,25.0,19.666666666666668,4.83572424717952
2026-08-27_0800,2026-08-27 08:00:00,85.352783203125,27.751607253506148,85.33081054687501,27.751607253506148,0.18,93.0,92.83333333333331,2.162215664653275
2026-08-27_0800,2026-08-27 08:00:00,85.352783203125,27.751607253506148,85.352783203125,27.71270982724965,-5.58,30.0,31.833333333333332,4.325203248135176
2026-08-27_0800,2026-08-27 08:00:00,85.352783203125,27.751607253506148,85.374755859375,27.732160275740252,25.33,46.0,36.5,3.0581076727116523
2026-08-27_0800,2026-08-27 08:00:00,85.352783203125,27.751607253506148,85.352783203125,27.732160275740252,11.72,188.0,168.16666666666666,2.162408660275157
2026-08-27_0800,2026-08-27 08:00:00,85.770263671875,27.732160275740252,85.770263671875,27.732160275740252,16.73,49.0,41.833333333333336,1.67670491015947e-13
2026-08-27_0800,2026-08-27 08:00:00,85.396728515625,27.71270982724965,85.352783203125,27.69325590965681,-27.27,11.0,15.5,4.8370183068660815
2026-08-27_0800,2026-08-27 08:00:00,85.396728515625,27.71270982724965,85.352783203125,27.71270982724965,36.76,30.0,21.666666666666668,4.325975022464887
2026-08-27_0800,2026-08-27 08:00:00,85.396728515625,27.71270982724965,85.418701171875,27.71270982724965,-17.13,24.0,29.166666666666668,2.1629875198323405
2026-08-27_0800,2026-08-27 08:00:00,85.396728515625,27.71270982724965,85.374755859375,27.71270982724965,16.93,98.0,83.66666666666667,2.1629875198323405
2026-08-27_0800,2026-08-27 08:00:00,85.396728515625,27.71270982724965,85.396728515625,27.71270982724965,2.99,3618.0,3512.8333333333335,1.0131527334793077e-13
2026-08-27_0800,2026-08-27 08:00:00,85.396728515625,27.71270982724965,85.35278320312499,27.673798524586132,41.18,19.0,13.166666666666666,6.118943220474183
2026-08-27_0800,2026-08-27 08:00:00,85.396728515625,27.71270982724965,85.396728515625,27.732160275740252,9.41,30.0,27.333333333333332,2.1627945878600388
2026-08-27_0800,2026-08-27 08:00:00,85.396728515625,27.71270982724965,85.37475585937501,27.69325590965681,34.29,46.0,34.0,3.059198985654047
2026-08-27_0800,2026-08-27 08:00:00,85.396728515625,27.71270982724965,85.352783203125,27.732160275740252,-17.02,12.0,14.666666666666666,4.836155749906638
2026-08-27_0800,2026-08-27 08:00:00,85.396728515625,27.71270982724965,85.418701171875,27.732160275740252,9.86,25.0,22.666666666666668,3.058653456754421
2026-08-27_0800,2026-08-27 08:00:00,85.396728515625,27.71270982724965,85.396728515625,27.69325590965681,27.74,32.0,24.833333333333332,2.1631803350353
2026-08-27_0800,2026-08-27 08:00:00,85.396728515625,27.71270982724965,85.374755859375,27.732160275740252,9.57,41.0,37.333333333333336,3.058653456754421
2026-08-27_0800,2026-08-27 08:00:00,85.33081054687501,27.751607253506148,85.308837890625,27.732160275740252,-0.29,114.0,114.33333333333331,3.058107672713423
2026-08-27_0800,2026-08-27 08:00:00,85.352783203125,27.751607253506148,85.352783203125,27.69325590965681,23.4,28.0,22.5,6.488383583170239
2026-08-27_0800,2026-08-27 08:00:00,85.352783203125,27.751607253506148,85.37475585937501,27.69325590965681,-16.13,12.0,14.5,6.839356819337568
2026-08-27_0800,2026-08-27 08:00:00,85.352783203125,27.751607253506148,85.308837890625,27.69325590965681,31.03,18.0,13.5,7.798066561201203
2026-08-27_0800,2026-08-27 08:00:00,85.352783203125,27.751607253506148,85.330810546875,27.732160275740252,7.8,52.0,48.166666666666664,3.058107672712538
2026-08-27_0800,2026-08-27 08:00:00,85.308837890625,27.732160275740252,85.330810546875,27.65433767366391,19.25,31.0,25.833333333333332,8.919815497580409
2026-08-27_0800,2026-08-27 08:00:00,85.308837890625,27.732160275740252,85.374755859375,27.71270982724965,-0.35,47.0,47.166666666666664,6.839357015772618
2026-08-27_0800,2026-08-27 08:00:00,85.242919921875,27.907057935466664,85.242919921875,27.907057935466664,-24.63,47.0,62.68433110656332,5.816231754836267e-14
2026-08-27_0800,2026-08-27 08:00:00,85.330810546875,27.80992734625884,85.330810546875,27.80992734625884,-18.52,32.0,39.5,1.0595237556502103e-13
2026-08-27_0800,2026-08-27 08:00:00,85.330810546875,27.771050758926727,85.308837890625,27.751607253506148,44.83,41.0,28.0,3.057561633823132
2026-08-27_0800,2026-08-27 08:00:00,85.330810546875,27.771050758926727,85.308837890625,27.732160275740252,25.81,25.0,19.666666666666668,4.834861085375861
2026-08-27_0800,2026-08-27 08:00:00,85.330810546875,27.771050758926727,85.33081054687501,27.751607253506148,30.69,65.0,49.5,2.1620225524858245
2026-08-27_0800,2026-08-27 08:00:00,85.330810546875,27.771050758926727,85.330810546875,27.790490790383224,17.24,16.0,13.5,2.1616362646985623
2026-08-27_0800,2026-08-27 08:00:00,85.330810546875,27.771050758926727,85.308837890625,27.71270982724965,54.55,16.0,10.0,6.838136409357913
2026-08-27_0800,2026-08-27 08:00:00,85.330810546875,27.771050758926727,85.308837890625,27.771050758926727,14.29,15.0,13.0,2.161829466812015
2026-08-27_0800,2026-08-27 08:00:00,85.33081054687499,27.71270982724965,85.35278320312501,27.65433767366391,13.91,186.0,163.16666666666666,6.841795927075844
2026-08-27_0800,2026-08-27 08:00:00,85.330810546875,27.771050758926727,85.330810546875,27.771050758926727,3.9,1885.0,1814.1666666666667,1.2207854514058405e-13
2026-08-27_0800,2026-08-27 08:00:00,85.352783203125,27.751607253506148,85.308837890625,27.71270982724965,-11.84,35.0,39.833333333333336,6.116761105117646
2026-08-27_0800,2026-08-27 08:00:00,85.352783203125,27.751607253506148,85.374755859375,27.751607253506148,-2.48,71.0,72.83333333333333,2.162215664653275
2026-08-27_0800,2026-08-27 08:00:00,85.352783203125,27.751607253506148,85.352783203125,27.771050758926727,25.56,148.0,117.66666666666669,2.162022552485689
2026-08-27_0800,2026-08-27 08:00:00,85.352783203125,27.751607253506148,85.286865234375,27.71270982724965,16.67,13.0,11.0,7.7973710286097635
2026-08-27_0800,2026-08-27 08:00:00,85.352783203125,27.751607253506148,85.308837890625,27.751607253506148,11.11,34.0,30.5,4.32443131207219
2026-08-27_0800,2026-08-27 08:00:00,85.352783203125,27.751607253506148,85.37475585937499,27.771050758926727,20.0,25.0,20.666666666666668,3.057561633821086
2026-08-27_0800,2026-08-27 08:00:00,85.352783203125,27.751607253506148,85.35278320312499,27.673798524586132,25.58,26.0,20.5,8.651949484752839
2026-08-27_0800,2026-08-27 08:00:00,85.352783203125,27.751607253506148,85.352783203125,27.751607253506148,3.82,5962.0,5742.5,3.608553671315128e-14
2026-08-27_0800,2026-08-27 08:00:00,85.352783203125,27.751607253506148,85.33081054687499,27.71270982724965,-3.61,39.0,40.5,4.8357242471812
2026-08-27_0800,2026-08-27 08:00:00,85.352783203125,27.751607253506148,85.330810546875,27.69325590965681,21.01,23.0,18.833333333333332,6.839356819337173
2026-08-27_0800,2026-08-27 08:00:00,85.352783203125,27.751607253506148,85.330810546875,27.673798524586132,-21.74,11.0,14.333333333333334,8.918225394025994
2026-08-27_0800,2026-08-27 08:00:00,85.33081054687499,27.71270982724965,85.352783203125,27.71270982724965,5.05,332.0,316.0,2.162987519834845
2026-08-27_0800,2026-08-27 08:00:00,85.33081054687499,27.71270982724965,85.396728515625,27.751607253506148,2.33,21.0,20.5,7.797371028610811
2026-08-27_0800,2026-08-27 08:00:00,85.33081054687499,27.71270982724965,85.330810546875,27.6348733585183,16.01,63.0,54.166666666666664,8.65503401588129
2026-08-27_0800,2026-08-27 08:00:00,85.308837890625,27.771050758926727,85.308837890625,27.732160275740252,9.43,28.0,25.5,4.324431212761069
2026-08-27_0800,2026-08-27 08:00:00,85.308837890625,27.771050758926727,85.30883789062501,27.790490790383224,39.73,16.0,11.166666666666666,2.1616362646985623
2026-08-27_0800,2026-08-27 08:00:00,85.308837890625,27.771050758926727,85.308837890625,27.771050758926727,8.04,2245.0,2077.8333333333335,1.2207854514058405e-13
2026-08-27_0800,2026-08-27 08:00:00,85.308837890625,27.771050758926727,85.330810546875,27.771050758926727,24.14,23.0,18.333333333333332,2.161829466812015
2026-08-27_0800,2026-08-27 08:00:00,85.308837890625,27.771050758926727,85.286865234375,27.751607253506148,43.66,16.0,10.833333333333334,3.057561633823132
2026-08-27_0800,2026-08-27 08:00:00,85.198974609375,27.751607253506148,85.198974609375,27.751607253506148,-8.06,18.0,19.666666666666668,3.608553671315128e-14
2026-08-27_0800,2026-08-27 08:00:00,85.704345703125,27.80992734625884,85.704345703125,27.80992734625884,49.77,22.0,14.357004690361553,1.0595237556502103e-13
2026-08-27_0800,2026-08-27 08:00:00,85.61645507812501,27.71270982724965,85.61645507812501,27.71270982724965,1.91,159.0,156.0,1.0131527334793077e-13
2026-08-27_0800,2026-08-27 08:00:00,84.957275390625,27.86821614426037,84.957275390625,27.86821614426037,18.18,12.0,10.0,1.6325720028447766e-13
2026-08-27_0800,2026-08-27 08:00:00,85.638427734375,27.71270982724965,85.638427734375,27.71270982724965,-32.08,11.0,16.666666666666668,1.0131527334793077e-13
2026-08-27_0800,2026-08-27 08:00:00,85.19897460937501,27.732160275740252,85.19897460937501,27.732160275740252,-11.93,31.0,35.333333333333336,1.67670491015947e-13
2026-08-27_0800,2026-08-27 08:00:00,85.616455078125,27.751607253506148,85.616455078125,27.751607253506148,-37.04,16.0,26.0,3.608553671315128e-14
2026-08-27_0800,2026-08-27 08:00:00,85.528564453125,27.907057935466664,85.528564453125,27.907057935466664,2.44,13.0,12.666666666666666,5.816231754836267e-14
2026-08-27_0800,2026-08-27 08:00:00,85.33081054687499,27.71270982724965,85.33081054687501,27.751607253506148,14.23,296.0,259.0,4.3252032481350495
2026-08-27_0800,2026-08-27 08:00:00,85.33081054687499,27.71270982724965,85.330810546875,27.69325590965681,1.34,602.0,594.0,2.1631803350353
2026-08-27_0800,2026-08-27 08:00:00,85.33081054687499,27.71270982724965,85.308837890625,27.751607253506148,1.37,234.0,230.83333333333337,4.835724247178478
2026-08-27_0800,2026-08-27 08:00:00,85.33081054687499,27.71270982724965,85.418701171875,27.751607253506148,32.69,22.0,16.333333333333332,9.67144838544145
2026-08-27_0800,2026-08-27 08:00:00,85.33081054687499,27.71270982724965,85.220947265625,27.69325590965681,-9.43,39.0,43.166666666666664,11.030098527398264
2026-08-27_0800,2026-08-27 08:00:00,85.33081054687499,27.71270982724965,85.374755859375,27.6348733585183,-0.64,25.0,25.166666666666668,9.676622180284136
2026-08-27_0800,2026-08-27 08:00:00,85.33081054687499,27.71270982724965,85.352783203125,27.615405580779363,-25.0,16.0,21.666666666666668,11.034028908787931
2026-08-27_0800,2026-08-27 08:00:00,85.33081054687499,27.71270982724965,85.264892578125,27.65433767366391,-3.7,12.0,12.5,9.1792324244727
2026-08-27_0800,2026-08-27 08:00:00,85.308837890625,27.771050758926727,85.308837890625,27.751607253506148,25.95,109.0,86.33333333333333,2.1620225524858245
2026-08-27_0800,2026-08-27 08:00:00,85.308837890625,27.771050758926727,85.28686523437501,27.771050758926727,13.92,14.0,12.166666666666666,2.161829466810763
2026-08-27_0800,2026-08-27 08:00:00,85.111083984375,27.86821614426037,85.111083984375,27.86821614426037,-81.4,18.0,101.16666666666669,1.6325720028447766e-13
2026-08-27_0800,2026-08-27 08:00:00,85.352783203125,27.69325590965681,85.308837890625,27.732160275740252,1.91,88.0,86.33333333333333,6.117852418087902
2026-08-27_0800,2026-08-27 08:00:00,85.374755859375,27.732160275740252,85.35278320312501,27.65433767366391,16.42,12.0,10.166666666666666,8.919815497579801
2026-08-27_0800,2026-08-27 08:00:00,85.638427734375,27.965294478955137,85.638427734375,27.965294478955137,-28.57,24.0,34.0,1.4086291756185424e-13
2026-08-27_0800,2026-08-27 08:00:00,85.352783203125,27.69325590965681,85.352783203125,27.71270982724965,5.31,204.0,193.66666666666663,2.163180335035057
2026-08-27_0800,2026-08-27 08:00:00,85.352783203125,27.69325590965681,85.33081054687501,27.751607253506148,-1.03,63.0,63.666666666666664,6.8393568193368255
2026-08-27_0800,2026-08-27 08:00:00,85.352783203125,27.69325590965681,85.28686523437501,27.732160275740252,-3.77,33.0,34.333333333333336,7.798762185210407
2026-08-27_0800,2026-08-27 08:00:00,85.352783203125,27.69325590965681,85.286865234375,27.71270982724965,-9.86,31.0,34.5,6.840576855578826
2026-08-27_0800,2026-08-27 08:00:00,85.352783203125,27.69325590965681,85.352783203125,27.751607253506148,-5.62,55.0,58.333333333333336,6.488383583170236
2026-08-27_0800,2026-08-27 08:00:00,85.352783203125,27.69325590965681,85.418701171875,27.732160275740252,-2.04,15.0,15.333333333333334,7.798762185210407
2026-08-27_0800,2026-08-27 08:00:00,85.352783203125,27.69325590965681,85.330810546875,27.732160275740252,12.82,65.0,57.5,4.836587005804419
2026-08-27_0800,2026-08-27 08:00:00,85.352783203125,27.69325590965681,85.308837890625,27.771050758926727,43.66,16.0,10.833333333333334,9.671448052679809
2026-08-27_0800,2026-08-27 08:00:00,85.33081054687499,27.71270982724965,85.462646484375,27.65433767366391,-18.52,10.0,12.5,14.513640361168951
2026-08-27_0800,2026-08-27 08:00:00,85.352783203125,27.69325590965681,85.33081054687499,27.71270982724965,12.59,148.0,131.33333333333334,3.0591989856572828
2026-08-27_0800,2026-08-27 08:00:00,85.352783203125,27.69325590965681,85.396728515625,27.732160275740252,20.0,31.0,25.666666666666668,6.1178524180870175
2026-08-27_0800,2026-08-27 08:00:00,85.352783203125,27.69325590965681,85.308837890625,27.71270982724965,20.0,116.0,96.5,4.83701830686697
2026-08-27_0800,2026-08-27 08:00:00,85.352783203125,27.69325590965681,85.396728515625,27.71270982724965,11.73,72.0,64.33333333333333,4.83701830686585
2026-08-27_0800,2026-08-27 08:00:00,85.352783203125,27.69325590965681,85.26489257812501,27.71270982724965,3.45,19.0,18.333333333333332,8.919020940578477
2026-08-27_0800,2026-08-27 08:00:00,85.352783203125,27.69325590965681,85.374755859375,27.71270982724965,-6.42,135.0,144.33333333333334,3.0591989856546267
2026-08-27_0800,2026-08-27 08:00:00,85.352783203125,27.69325590965681,85.374755859375,27.732160275740252,-0.28,58.0,58.166666666666664,4.83658700580386
2026-08-27_0800,2026-08-27 08:00:00,85.352783203125,27.69325590965681,85.308837890625,27.751607253506148,-2.58,43.0,44.166666666666664,7.798066561201221
2026-08-27_0800,2026-08-27 08:00:00,85.352783203125,27.69325590965681,85.286865234375,27.751607253506148,2.63,12.0,11.666666666666666,9.175960017778952
2026-08-27_0800,2026-08-27 08:00:00,85.352783203125,27.69325590965681,85.352783203125,27.732160275740252,9.68,135.0,123.0,4.3259749228953055
2026-08-27_0800,2026-08-27 08:00:00,85.352783203125,27.69325590965681,85.352783203125,27.771050758926727,-4.14,26.0,27.166666666666668,8.650406135655993
2026-08-27_0800,2026-08-27 08:00:00,85.352783203125,27.69325590965681,85.418701171875,27.71270982724965,21.74,13.0,10.5,6.8405768555776385
2026-08-27_0800,2026-08-27 08:00:00,85.374755859375,27.732160275740252,85.330810546875,27.673798524586132,-15.22,12.0,14.333333333333334,7.799457392222397
2026-08-27_0800,2026-08-27 08:00:00,85.33081054687499,27.71270982724965,85.374755859375,27.751607253506148,-13.46,29.0,33.666666666666664,6.1167611051183925
2026-08-27_0800,2026-08-27 08:00:00,85.33081054687499,27.71270982724965,85.330810546875,27.732160275740252,0.5,402.0,400.0,2.1627945878600388
2026-08-27_0800,2026-08-27 08:00:00,85.33081054687499,27.71270982724965,85.352783203125,27.6348733585183,8.3,49.0,45.166666666666664,8.921404855973021
2026-08-27_0800,2026-08-27 08:00:00,85.33081054687499,27.71270982724965,85.440673828125,27.673798524586132,1.73,48.0,47.166666666666664,11.650120540695983
2026-08-27_0800,2026-08-27 08:00:00,85.33081054687499,27.71270982724965,85.33081054687499,27.71270982724965,0.97,10811.0,10706.666666666666,1.0131527334793077e-13
2026-08-27_0800,2026-08-27 08:00:00,85.33081054687499,27.71270982724965,85.26489257812501,27.71270982724965,25.33,93.0,74.0,6.488962490697845
2026-08-27_0800,2026-08-27 08:00:00,85.33081054687499,27.71270982724965,85.330810546875,27.790490790383224,63.64,20.0,11.833333333333334,8.648862065319532
2026-08-27_0800,2026-08-27 08:00:00,85.33081054687499,27.71270982724965,85.308837890625,27.71270982724965,-3.66,446.0,463.0,2.162987519829836
2026-08-27_0800,2026-08-27 08:00:00,85.33081054687499,27.71270982724965,85.352783203125,27.751607253506148,11.1,271.0,243.83333333333337,4.835724247180717
2026-08-27_0800,2026-08-27 08:00:00,85.33081054687499,27.71270982724965,85.396728515625,27.71270982724965,2.96,109.0,105.83333333333331,6.4889624907041075
2026-08-27_0800,2026-08-27 08:00:00,85.33081054687499,27.71270982724965,85.374755859375,27.71270982724965,3.37,224.0,216.66666666666663,4.325975022467392
2026-08-27_0800,2026-08-27 08:00:00,85.33081054687499,27.71270982724965,85.35278320312499,27.673798524586132,4.67,309.0,295.1666666666667,4.837449360776172
2026-08-27_0800,2026-08-27 08:00:00,85.33081054687499,27.71270982724965,85.37475585937501,27.69325590965681,0.22,223.0,222.5,4.837018306870562
2026-08-27_0800,2026-08-27 08:00:00,85.33081054687499,27.71270982724965,85.396728515625,27.69325590965681,3.88,57.0,54.833333333333336,6.840576855580046
2026-08-27_0800,2026-08-27 08:00:00,85.33081054687499,27.71270982724965,85.308837890625,27.6348733585183,-5.26,38.0,40.166666666666664,8.921404855971804
2026-08-27_0800,2026-08-27 08:00:00,85.33081054687499,27.71270982724965,85.44067382812499,27.65433767366391,48.45,23.0,15.166666666666666,12.615648058548466
2026-08-27_0800,2026-08-27 08:00:00,85.33081054687499,27.71270982724965,85.418701171875,27.65433767366391,20.0,28.0,23.166666666666668,10.817829077398294
2026-08-27_0800,2026-08-27 08:00:00,85.33081054687499,27.71270982724965,85.352783203125,27.732160275740252,6.17,481.0,453.0,3.0586534567561916
2026-08-27_0800,2026-08-27 08:00:00,85.33081054687499,27.71270982724965,85.330810546875,27.615405580779363,-9.59,21.0,23.333333333333332,10.81975553126278
2026-08-27_0800,2026-08-27 08:00:00,85.33081054687499,27.71270982724965,85.286865234375,27.65433767366391,4.76,21.0,20.0,7.800847571994831
2026-08-27_0800,2026-08-27 08:00:00,85.33081054687499,27.71270982724965,85.24291992187501,27.673798524586132,17.5,46.0,39.0,9.674898613142254
2026-08-27_0800,2026-08-27 08:00:00,85.33081054687499,27.71270982724965,85.264892578125,27.673798524586132,22.99,73.0,59.166666666666664,7.800152690940106
2026-08-27_0800,2026-08-27 08:00:00,85.33081054687499,27.71270982724965,85.418701171875,27.69325590965681,3.13,21.0,20.333333333333332,8.919020940582106
2026-08-27_0800,2026-08-27 08:00:00,85.33081054687499,27.71270982724965,85.396728515625,27.6348733585183,-28.71,11.0,15.833333333333334,10.818792447305611
2026-08-27_0800,2026-08-27 08:00:00,85.33081054687499,27.71270982724965,85.418701171875,27.732160275740252,12.5,35.0,31.0,8.917430463969383
2026-08-27_0800,2026-08-27 08:00:00,85.33081054687499,27.71270982724965,85.28686523437501,27.771050758926727,55.56,20.0,12.5,7.796675079685261
2026-08-27_0800,2026-08-27 08:00:00,85.33081054687499,27.71270982724965,85.330810546875,27.771050758926727,2.07,40.0,39.166666666666664,6.487225800620917
2026-08-27_0800,2026-08-27 08:00:00,85.33081054687499,27.71270982724965,85.286865234375,27.71270982724965,10.18,156.0,141.5,4.325975022463635
2026-08-27_0800,2026-08-27 08:00:00,85.33081054687499,27.71270982724965,85.37475585937499,27.771050758926727,-25.93,19.0,26.0,7.7966750796873425
2026-08-27_0800,2026-08-27 08:00:00,85.33081054687499,27.71270982724965,85.242919921875,27.69325590965681,26.4,78.0,61.5,8.91902094057846
2026-08-27_0800,2026-08-27 08:00:00,85.33081054687499,27.71270982724965,85.352783203125,27.69325590965681,0.24,342.0,341.1666666666667,3.0591989856575905
2026-08-27_0800,2026-08-27 08:00:00,85.33081054687499,27.71270982724965,85.286865234375,27.673798524586132,10.0,98.0,89.0,6.118943220471525
2026-08-27_0800,2026-08-27 08:00:00,85.33081054687499,27.71270982724965,85.374755859375,27.65433767366391,-2.06,94.0,96.0,7.800847571996917
2026-08-27_0800,2026-08-27 08:00:00,85.33081054687499,27.71270982724965,85.352783203125,27.771050758926727,3.04,129.0,125.16666666666669,6.838136409358737
2026-08-27_0800,2026-08-27 08:00:00,85.33081054687499,27.71270982724965,85.330810546875,27.65433767366391,0.0,157.0,157.0,6.490697523913854
2026-08-27_0800,2026-08-27 08:00:00,85.33081054687499,27.71270982724965,85.396728515625,27.732160275740252,-6.09,53.0,56.5,6.839357015775013
2026-08-27_0800,2026-08-27 08:00:00,85.33081054687499,27.71270982724965,85.286865234375,27.751607253506148,9.79,70.0,63.666666666666664,6.116761105115737
2026-08-27_0800,2026-08-27 08:00:00,85.33081054687499,27.71270982724965,85.30883789062499,27.65433767366391,19.19,116.0,97.16666666666669,6.841795927073861
2026-08-27_0800,2026-08-27 08:00:00,85.33081054687499,27.71270982724965,85.374755859375,27.732160275740252,13.1,163.0,144.0,4.836155749908877
2026-08-27_0800,2026-08-27 08:00:00,85.33081054687499,27.71270982724965,85.308837890625,27.69325590965681,17.29,241.0,205.33333333333337,3.059198985654047
2026-08-27_0800,2026-08-27 08:00:00,85.33081054687499,27.71270982724965,85.396728515625,27.673798524586132,24.04,128.0,103.0,7.800152690943234
2026-08-27_0800,2026-08-27 08:00:00,85.33081054687499,27.71270982724965,85.264892578125,27.69325590965681,0.93,144.0,142.66666666666666,6.84057685557648
2026-08-27_0800,2026-08-27 08:00:00,85.33081054687499,27.71270982724965,85.308837890625,27.732160275740252,11.0,322.0,290.0,3.0586534567526504
2026-08-27_0800,2026-08-27 08:00:00,85.33081054687499,27.71270982724965,85.308837890625,27.771050758926727,15.04,50.0,43.333333333333336,6.838136409357153
2026-08-27_0800,2026-08-27 08:00:00,85.33081054687499,27.71270982724965,85.308837890625,27.673798524586132,2.93,122.0,118.5,4.837449360775052
2026-08-27_0800,2026-08-27 08:00:00,85.33081054687499,27.71270982724965,85.33081054687501,27.595934342079044,3.7,13.0,12.5,12.984861888595368
2026-08-27_0800,2026-08-27 08:00:00,85.33081054687499,27.71270982724965,85.30883789062501,27.790490790383224,23.08,15.0,12.0,8.915042954881965
2026-08-27_0800,2026-08-27 08:00:00,85.33081054687499,27.71270982724965,85.264892578125,27.732160275740252,18.68,17.0,14.166666666666666,6.83935701577145
2026-08-27_0800,2026-08-27 08:00:00,85.33081054687499,27.71270982724965,85.28686523437501,27.69325590965681,9.97,249.0,226.33333333333337,4.837018306863841
2026-08-27_0800,2026-08-27 08:00:00,85.33081054687499,27.71270982724965,85.28686523437501,27.732160275740252,4.76,197.0,188.0,4.836155749904398
2026-08-27_0800,2026-08-27 08:00:00,85.33081054687501,27.751607253506148,85.33081054687501,27.751607253506148,2.22,7859.0,7688.666666666667,3.608553671315128e-14
2026-08-27_0800,2026-08-27 08:00:00,85.330810546875,27.732160275740252,85.374755859375,27.65433767366391,7.59,25.0,23.166666666666668,9.674898279012014
2026-08-27_0800,2026-08-27 08:00:00,85.33081054687501,27.751607253506148,85.308837890625,27.771050758926727,48.0,36.0,24.0,3.0575616338237412
2026-08-27_0800,2026-08-27 08:00:00,85.330810546875,27.732160275740252,85.308837890625,27.6348733585183,-3.45,13.0,13.5,11.032063820561248
2026-08-27_0800,2026-08-27 08:00:00,85.330810546875,27.732160275740252,85.286865234375,27.751607253506148,-8.94,55.0,60.5,4.8352927895323505
2026-08-27_0800,2026-08-27 08:00:00,85.330810546875,27.732160275740252,85.30883789062499,27.65433767366391,42.21,72.0,50.333333333333336,8.919815497580409
2026-08-27_0800,2026-08-27 08:00:00,85.330810546875,27.732160275740252,85.308837890625,27.771050758926727,4.95,52.0,49.5,4.834861085375527
2026-08-27_0800,2026-08-27 08:00:00,85.330810546875,27.732160275740252,85.352783203125,27.6348733585183,13.33,16.0,14.0,11.032063820561248
2026-08-27_0800,2026-08-27 08:00:00,85.330810546875,27.732160275740252,85.37475585937499,27.673798524586132,3.03,84.0,81.5,7.799457392221702
2026-08-27_0800,2026-08-27 08:00:00,85.330810546875,27.732160275740252,85.330810546875,27.732160275740252,2.03,7626.0,7474.5,1.67670491015947e-13
2026-08-27_0800,2026-08-27 08:00:00,85.330810546875,27.732160275740252,85.264892578125,27.673798524586132,29.23,41.0,31.5,9.177596604287777
2026-08-27_0800,2026-08-27 08:00:00,85.330810546875,27.732160275740252,85.418701171875,27.732160275740252,25.58,17.0,13.333333333333334,8.650406557413628
2026-08-27_0800,2026-08-27 08:00:00,85.330810546875,27.732160275740252,85.308837890625,27.69325590965681,6.85,90.0,84.16666666666667,4.836587005804376
2026-08-27_0800,2026-08-27 08:00:00,85.330810546875,27.732160275740252,85.330810546875,27.69325590965681,13.23,154.0,135.88539491344224,4.325974922895328
2026-08-27_0800,2026-08-27 08:00:00,85.330810546875,27.732160275740252,85.352783203125,27.790490790383224,4.35,15.0,14.333333333333334,6.836915429523932
2026-08-27_0800,2026-08-27 08:00:00,85.330810546875,27.732160275740252,85.418701171875,27.65433767366391,12.5,14.0,12.333333333333334,12.237885735401791
2026-08-27_0800,2026-08-27 08:00:00,85.330810546875,27.732160275740252,85.28686523437501,27.771050758926727,23.53,13.0,10.333333333333334,6.115669282158059
2026-08-27_0800,2026-08-27 08:00:00,85.330810546875,27.732160275740252,85.330810546875,27.771050758926727,15.27,77.0,66.66666666666667,4.324431212760916
2026-08-27_0800,2026-08-27 08:00:00,85.330810546875,27.732160275740252,85.374755859375,27.71270982724965,25.19,110.0,87.66666666666667,4.836155749906766
2026-08-27_0800,2026-08-27 08:00:00,85.330810546875,27.732160275740252,85.396728515625,27.71270982724965,28.95,48.0,37.0,6.839357015772618
2026-08-27_0800,2026-08-27 08:00:00,85.330810546875,27.732160275740252,85.440673828125,27.673798524586132,34.33,29.0,21.333333333333332,12.613399838422586
2026-08-27_0800,2026-08-27 08:00:00,85.462646484375,27.71270982724965,85.462646484375,27.71270982724965,12.92,133.0,117.66666666666669,1.0131527334793077e-13
2026-08-27_0800,2026-08-27 08:00:00,85.330810546875,27.732160275740252,85.418701171875,27.673798524586132,48.97,35.0,23.166666666666668,10.815901244695317
2026-08-27_0800,2026-08-27 08:00:00,85.330810546875,27.732160275740252,85.330810546875,27.790490790383224,1.2,13.0,12.833333333333334,6.486067477459668
2026-08-27_0800,2026-08-27 08:00:00,85.330810546875,27.732160275740252,85.26489257812501,27.71270982724965,20.0,45.0,37.333333333333336,6.839357015771429
2026-08-27_0800,2026-08-27 08:00:00,85.330810546875,27.732160275740252,85.396728515625,27.65433767366391,0.0,11.0,11.0,10.81686506699713
2026-08-27_0800,2026-08-27 08:00:00,85.330810546875,27.732160275740252,85.35278320312501,27.65433767366391,14.81,83.0,72.16666666666667,8.919815497580712
2026-08-27_0800,2026-08-27 08:00:00,85.330810546875,27.732160275740252,85.308837890625,27.732160275740252,5.12,386.0,367.1666666666667,2.1626016823979852
2026-08-27_0800,2026-08-27 08:00:00,85.330810546875,27.732160275740252,85.374755859375,27.732160275740252,10.82,98.0,88.33333333333333,4.325203347577014
2026-08-27_0800,2026-08-27 08:00:00,85.330810546875,27.732160275740252,85.330810546875,27.65433767366391,1.63,51.0,50.166666666666664,8.653492111773652
2026-08-27_0800,2026-08-27 08:00:00,85.330810546875,27.732160275740252,85.396728515625,27.732160275740252,27.81,35.0,27.166666666666668,6.4878049783218845
2026-08-27_0800,2026-08-27 08:00:00,85.330810546875,27.732160275740252,85.308837890625,27.71270982724965,14.84,235.0,204.5,3.0586534567545987
2026-08-27_0800,2026-08-27 08:00:00,85.330810546875,27.732160275740252,85.330810546875,27.6348733585183,-26.03,17.0,23.333333333333332,10.81782860374134
2026-08-27_0800,2026-08-27 08:00:00,85.330810546875,27.732160275740252,85.286865234375,27.71270982724965,33.92,101.0,75.16666666666667,4.836155749907886
2026-08-27_0800,2026-08-27 08:00:00,85.330810546875,27.732160275740252,85.37475585937501,27.69325590965681,9.84,79.0,71.83333333333333,6.117852418088748
2026-08-27_0800,2026-08-27 08:00:00,85.330810546875,27.732160275740252,85.374755859375,27.790490790383224,6.33,13.0,12.166666666666666,7.795282948438168
2026-08-27_0800,2026-08-27 08:00:00,85.330810546875,27.732160275740252,85.28686523437501,27.69325590965681,16.27,105.0,90.16666666666669,6.117852418086977
2026-08-27_0800,2026-08-27 08:00:00,85.330810546875,27.732160275740252,85.242919921875,27.69325590965681,42.11,35.0,24.333333333333332,9.673173902946557
2026-08-27_0800,2026-08-27 08:00:00,85.330810546875,27.732160275740252,85.352783203125,27.732160275740252,14.16,390.0,341.5,2.1626016823979852
2026-08-27_0800,2026-08-27 08:00:00,85.330810546875,27.732160275740252,85.37475585937499,27.771050758926727,5.15,33.0,31.333333333333332,6.1156692821571745
2026-08-27_0800,2026-08-27 08:00:00,85.330810546875,27.732160275740252,85.352783203125,27.69325590965681,10.86,113.0,101.83333333333331,4.836587005804376
2026-08-27_0800,2026-08-27 08:00:00,85.330810546875,27.732160275740252,85.35278320312499,27.673798524586132,13.88,118.0,103.5,6.840576658796301
2026-08-27_0800,2026-08-27 08:00:00,85.06713867187501,27.732160275740252,85.06713867187501,27.732160275740252,6.85,12.0,11.166666666666666,1.67670491015947e-13
2026-08-27_0800,2026-08-27 08:00:00,85.572509765625,27.771050758926727,85.572509765625,27.771050758926727,14.71,25.0,21.666666666666668,1.2207854514058405e-13
2026-08-27_0800,2026-08-27 08:00:00,85.396728515625,27.94588578570596,85.396728515625,27.94588578570596,1.82,27.0,26.5,2.2447252227959835e-14
2026-08-27_0800,2026-08-27 08:00:00,85.330810546875,27.732160275740252,85.264892578125,27.69325590965681,11.38,61.0,54.666666666666664,7.798762185211403
2026-08-27_0800,2026-08-27 08:00:00,85.264892578125,27.673798524586132,85.308837890625,27.71270982724965,47.83,16.0,10.5,6.118943220473385
2026-08-27_0800,2026-08-27 08:00:00,85.155029296875,27.887638781681872,85.15502929687501,27.907057935466664,24.68,15.0,11.833333333333334,2.159314769881402
2026-08-27_0800,2026-08-27 08:00:00,85.155029296875,27.887638781681872,85.155029296875,27.887638781681872,-7.46,185.0,200.0,2.1864401118150494e-14
2026-08-27_0800,2026-08-27 08:00:00,85.220947265625,27.732160275740252,85.220947265625,27.732160275740252,6.9,30.0,28.0,1.67670491015947e-13
2026-08-27_0800,2026-08-27 08:00:00,85.089111328125,27.829360424938628,85.089111328125,27.829360424938628,-15.38,10.0,12.0,5.538235803950223e-15
2026-08-27_0800,2026-08-27 08:00:00,85.330810546875,27.65433767366391,85.374755859375,27.732160275740252,15.07,14.0,12.035080932590494,9.674898279012062
2026-08-27_0800,2026-08-27 08:00:00,85.330810546875,27.65433767366391,85.33081054687499,27.71270982724965,-26.2,22.0,30.166666666666668,6.490697523913687
2026-08-27_0800,2026-08-27 08:00:00,85.13305664062499,27.732160275740252,85.13305664062499,27.732160275740252,7.09,208.0,194.16666666666663,1.67670491015947e-13
2026-08-27_0800,2026-08-27 08:00:00,85.330810546875,27.732160275740252,85.374755859375,27.751607253506148,18.18,25.0,21.0,4.8352927895312305
2026-08-27_0800,2026-08-27 08:00:00,85.330810546875,27.732160275740252,85.33081054687499,27.71270982724965,8.83,262.0,240.66666666666663,2.16279458785999
2026-08-27_0800,2026-08-27 08:00:00,85.330810546875,27.732160275740252,85.308837890625,27.673798524586132,15.32,73.0,63.166666666666664,6.840576658797092
2026-08-27_0800,2026-08-27 08:00:00,85.330810546875,27.732160275740252,85.28686523437501,27.732160275740252,19.84,151.0,125.83333333333331,4.325203347577014
2026-08-27_0800,2026-08-27 08:00:00,85.330810546875,27.732160275740252,85.396728515625,27.673798524586132,11.11,44.0,39.5,9.177596604286888
2026-08-27_0800,2026-08-27 08:00:00,85.330810546875,27.732160275740252,85.24291992187501,27.673798524586132,8.11,19.0,17.5,10.815901244694317
2026-08-27_0800,2026-08-27 08:00:00,85.330810546875,27.732160275740252,85.396728515625,27.69325590965681,20.83,28.0,23.0,7.798762185210361
2026-08-27_0800,2026-08-27 08:00:00,85.330810546875,27.732160275740252,85.352783203125,27.751607253506148,22.7,308.0,250.83333333333337,3.0581076727125147
2026-08-27_0800,2026-08-27 08:00:00,85.330810546875,27.732160275740252,85.308837890625,27.751607253506148,7.1,253.0,236.16666666666663,3.0581076727125147
2026-08-27_0800,2026-08-27 08:00:00,85.330810546875,27.732160275740252,85.352783203125,27.71270982724965,-4.42,118.0,123.5,3.0586534567545987
2026-08-27_0800,2026-08-27 08:00:00,85.330810546875,27.732160275740252,85.352783203125,27.771050758926727,9.89,173.0,157.33333333333334,4.834861085375527
2026-08-27_0800,2026-08-27 08:00:00,85.330810546875,27.732160275740252,85.33081054687501,27.751607253506148,17.72,568.0,482.3333333333333,2.1624086602752115
2026-08-27_0800,2026-08-27 08:00:00,85.330810546875,27.732160275740252,85.330810546875,27.673798524586132,33.78,133.0,99.16666666666669,6.489540824477553
2026-08-27_0800,2026-08-27 08:00:00,85.330810546875,27.732160275740252,85.418701171875,27.71270982724965,34.12,18.0,13.166666666666666,8.917430463966909
2026-08-27_0800,2026-08-27 08:00:00,85.330810546875,27.732160275740252,85.286865234375,27.673798524586132,35.68,44.0,32.166666666666664,7.799457392223092
2026-08-27_0800,2026-08-27 08:00:00,85.330810546875,27.732160275740252,85.374755859375,27.6348733585183,25.0,14.0,11.0,11.651157938821031
2026-08-27_0800,2026-08-27 08:00:00,85.330810546875,27.732160275740252,85.396728515625,27.751607253506148,-9.59,10.0,11.166666666666666,6.838136605449506
2026-08-27_0800,2026-08-27 08:00:00,85.330810546875,27.732160275740252,85.220947265625,27.69325590965681,27.43,23.0,17.833333333333332,11.648043714434865
2026-08-27_0800,2026-08-27 08:00:00,85.484619140625,27.829360424938628,85.484619140625,27.829360424938628,33.33,19.0,14.0,5.538235803950223e-15
2026-08-27_0800,2026-08-27 08:00:00,85.506591796875,27.790490790383224,85.506591796875,27.790490790383224,13.51,20.0,17.5,2.1366837619491137e-14
2026-08-27_0800,2026-08-27 08:00:00,85.264892578125,27.907057935466664,85.264892578125,27.907057935466664,2.86,23.0,22.333333333333332,5.816231754836267e-14
2026-08-27_0800,2026-08-27 08:00:00,85.198974609375,27.907057935466664,85.198974609375,27.907057935466664,-43.02,48.0,85.0,5.816231754836267e-14
2026-08-27_0800,2026-08-27 08:00:00,85.506591796875,27.732160275740252,85.506591796875,27.732160275740252,10.77,35.0,31.5,1.67670491015947e-13
2026-08-27_0800,2026-08-27 08:00:00,85.616455078125,27.771050758926727,85.616455078125,27.771050758926727,-32.84,14.0,21.333333333333332,1.2207854514058405e-13
2026-08-27_0800,2026-08-27 08:00:00,85.11108398437501,27.732160275740252,85.11108398437501,27.732160275740252,25.0,29.0,23.0,1.67670491015947e-13
2026-08-27_0800,2026-08-27 08:00:00,85.704345703125,27.790490790383224,85.704345703125,27.790490790383224,2.56,19.0,18.5,2.1366837619491137e-14
2026-08-27_0800,2026-08-27 08:00:00,85.550537109375,27.887638781681872,85.550537109375,27.887638781681872,28.57,35.0,27.0,2.1864401118150494e-14
2026-08-27_0800,2026-08-27 08:00:00,85.63842773437499,27.907057935466664,85.63842773437499,27.907057935466664,-1.69,28.0,28.5,5.816231754836267e-14
2026-08-27_0800,2026-08-27 08:00:00,85.242919921875,27.80992734625884,85.242919921875,27.80992734625884,23.62,40.0,32.166666666666664,1.0595237556502103e-13
2026-08-27_0800,2026-08-27 08:00:00,85.264892578125,27.848790024809517,85.264892578125,27.848790024809517,8.65,16.0,14.647083818986737,9.644205643113741e-14
2026-08-27_0800,2026-08-27 08:00:00,85.06713867187499,27.829360424938628,85.06713867187499,27.829360424938628,37.29,26.0,18.666666666666668,5.538235803950223e-15
2026-08-27_0800,2026-08-27 08:00:00,85.37475585937499,27.673798524586132,85.352783203125,27.71270982724965,21.21,19.0,15.5,4.837449360774911
2026-08-27_0800,2026-08-27 08:00:00,85.37475585937499,27.673798524586132,85.352783203125,27.732160275740252,55.36,28.0,17.666666666666668,6.840576658796057
2026-08-27_0800,2026-08-27 08:00:00,85.37475585937499,27.673798524586132,85.396728515625,27.71270982724965,25.0,19.0,15.0,4.83744936077659
2026-08-27_0800,2026-08-27 08:00:00,85.37475585937499,27.673798524586132,85.33081054687499,27.71270982724965,18.03,23.0,19.333333333333332,6.118943220473385
2026-08-27_0800,2026-08-27 08:00:00,85.37475585937499,27.673798524586132,85.374755859375,27.71270982724965,-19.59,12.0,15.166666666666666,4.326746236617503
2026-08-27_0800,2026-08-27 08:00:00,85.374755859375,27.926473604009228,85.374755859375,27.926473604009228,18.52,31.0,26.0,2.0222549497249037e-15
2026-08-27_0800,2026-08-27 08:00:00,85.550537109375,27.926473604009228,85.550537109375,27.926473604009228,7.41,28.0,26.0,2.0222549497249037e-15
2026-08-27_0800,2026-08-27 08:00:00,85.111083984375,27.751607253506148,85.111083984375,27.751607253506148,2.92,46.0,44.666666666666664,3.608553671315128e-14
2026-08-27_0800,2026-08-27 08:00:00,84.97924804687499,27.80992734625884,84.97924804687499,27.80992734625884,-58.55,18.0,44.833333333333336,1.0595237556502103e-13
2026-08-27_0800,2026-08-27 08:00:00,85.352783203125,27.732160275740252,85.308837890625,27.751607253506148,-1.14,57.0,57.666666666666664,4.8352927895323505
2026-08-27_0800,2026-08-27 08:00:00,85.352783203125,27.732160275740252,85.308837890625,27.71270982724965,9.58,81.0,73.83333333333333,4.836155749907886
2026-08-27_0800,2026-08-27 08:00:00,85.352783203125,27.732160275740252,85.264892578125,27.69325590965681,9.09,13.0,11.833333333333334,9.673173902946557
2026-08-27_0800,2026-08-27 08:00:00,85.352783203125,27.732160275740252,85.374755859375,27.751607253506148,32.44,65.0,48.833333333333336,3.058107672711629
2026-08-27_0800,2026-08-27 08:00:00,85.352783203125,27.732160275740252,85.286865234375,27.71270982724965,24.8,25.0,19.833333333333332,6.839357015773804
2026-08-27_0800,2026-08-27 08:00:00,85.352783203125,27.732160275740252,85.374755859375,27.65433767366391,17.24,16.0,13.5,8.919815497580105
2026-08-27_0800,2026-08-27 08:00:00,85.352783203125,27.732160275740252,85.418701171875,27.732160275740252,21.74,27.0,22.0,6.4878049783218845
2026-08-27_0800,2026-08-27 08:00:00,85.352783203125,27.732160275740252,85.330810546875,27.69325590965681,13.62,56.0,49.166666666666664,4.836587005804376
2026-08-27_0800,2026-08-27 08:00:00,85.352783203125,27.732160275740252,85.396728515625,27.732160275740252,28.42,60.0,46.5,4.325203347577014
2026-08-27_0800,2026-08-27 08:00:00,85.352783203125,27.732160275740252,85.352783203125,27.71270982724965,9.89,225.0,204.66666666666663,2.16279458785999
2026-08-27_0800,2026-08-27 08:00:00,85.352783203125,27.732160275740252,85.308837890625,27.673798524586132,-2.33,13.0,13.333333333333334,7.799457392223092
2026-08-27_0800,2026-08-27 08:00:00,85.352783203125,27.732160275740252,85.418701171875,27.751607253506148,-9.43,15.0,16.666666666666668,6.838136605449506
2026-08-27_0800,2026-08-27 08:00:00,85.352783203125,27.732160275740252,85.374755859375,27.71270982724965,14.07,126.0,110.33333333333331,3.058653456753713
2026-08-27_0800,2026-08-27 08:00:00,85.352783203125,27.732160275740252,85.352783203125,27.732160275740252,1.53,11563.0,11389.0,1.67670491015947e-13
2026-08-27_0800,2026-08-27 08:00:00,84.935302734375,27.907057935466664,84.935302734375,27.907057935466664,9.76,14.0,12.666666666666666,5.816231754836267e-14
2026-08-27_0800,2026-08-27 08:00:00,85.37475585937499,27.673798524586132,85.308837890625,27.71270982724965,-1.49,21.0,21.333333333333332,7.8001526909402
2026-08-27_0800,2026-08-27 08:00:00,85.330810546875,27.65433767366391,85.308837890625,27.732160275740252,34.33,29.0,21.333333333333332,8.919815497580238
2026-08-27_0800,2026-08-27 08:00:00,85.396728515625,27.69325590965681,85.396728515625,27.71270982724965,-28.89,15.0,21.5,2.163180335035057
2026-08-27_0800,2026-08-27 08:00:00,85.704345703125,27.732160275740252,85.704345703125,27.732160275740252,33.88,26.0,19.166666666666668,1.67670491015947e-13
2026-08-27_0800,2026-08-27 08:00:00,85.30883789062499,27.65433767366391,85.308837890625,27.71270982724965,-17.14,28.0,34.0,6.490697523913687
2026-08-27_0800,2026-08-27 08:00:00,85.30883789062499,27.65433767366391,85.352783203125,27.71270982724965,5.88,14.0,13.166666666666666,7.800847571996207
2026-08-27_0800,2026-08-27 08:00:00,85.30883789062499,27.65433767366391,85.308837890625,27.732160275740252,34.21,16.0,11.666666666666666,8.653492111773794
2026-08-27_0800,2026-08-27 08:00:00,85.30883789062499,27.65433767366391,85.33081054687499,27.71270982724965,6.25,16.0,15.0,6.841795927073631
2026-08-27_0800,2026-08-27 08:00:00,85.30883789062499,27.65433767366391,85.28686523437501,27.732160275740252,1.2,13.0,12.833333333333334,8.919815497579934
2026-08-27_0800,2026-08-27 08:00:00,85.30883789062499,27.65433767366391,85.308837890625,27.751607253506148,-6.49,11.0,11.833333333333334,10.81590077204871
2026-08-27_0800,2026-08-27 08:00:00,85.28686523437501,27.69325590965681,85.26489257812501,27.71270982724965,18.63,120.0,101.0,3.0591989856546267
2026-08-27_0800,2026-08-27 08:00:00,85.30883789062499,27.65433767366391,85.286865234375,27.71270982724965,12.5,17.0,15.0,6.841795927074422
2026-08-27_0800,2026-08-27 08:00:00,85.396728515625,27.751607253506148,85.374755859375,27.732160275740252,-15.0,16.0,19.0,3.058107672712538
2026-08-27_0800,2026-08-27 08:00:00,85.396728515625,27.751607253506148,85.418701171875,27.751607253506148,22.45,19.0,15.333333333333334,2.1622156646545267
2026-08-27_0800,2026-08-27 08:00:00,85.396728515625,27.751607253506148,85.396728515625,27.751607253506148,4.28,1221.0,1170.8333333333333,3.608553671315128e-14
2026-08-27_0800,2026-08-27 08:00:00,85.396728515625,27.751607253506148,85.374755859375,27.71270982724965,-2.33,13.0,13.333333333333334,4.83572424718008
2026-08-27_0800,2026-08-27 08:00:00,85.396728515625,27.751607253506148,85.396728515625,27.732160275740252,-13.67,19.0,22.166666666666668,2.162408660275157
2026-08-27_0800,2026-08-27 08:00:00,85.770263671875,27.80992734625884,85.770263671875,27.80992734625884,3.7,55.0,53.0,1.0595237556502103e-13
2026-08-27_0800,2026-08-27 08:00:00,85.30883789062499,27.65433767366391,85.352783203125,27.732160275740252,1.41,11.0,10.833333333333334,9.674898279012622
2026-08-27_0800,2026-08-27 08:00:00,85.28686523437501,27.69325590965681,85.308837890625,27.732160275740252,23.08,87.0,70.5,4.83658700580386
2026-08-27_0800,2026-08-27 08:00:00,85.28686523437501,27.69325590965681,85.28686523437501,27.732160275740252,22.19,77.0,62.833333333333336,4.3259749228953055
2026-08-27_0800,2026-08-27 08:00:00,85.28686523437501,27.69325590965681,85.308837890625,27.751607253506148,19.28,65.0,54.333333333333336,6.8393568193368255
2026-08-27_0800,2026-08-27 08:00:00,85.28686523437501,27.69325590965681,85.396728515625,27.71270982724965,9.76,14.0,12.666666666666666,11.030098527398232
2026-08-27_0800,2026-08-27 08:00:00,85.28686523437501,27.69325590965681,85.352783203125,27.771050758926727,57.89,19.0,11.666666666666666,10.813007596502043
2026-08-27_0800,2026-08-27 08:00:00,85.28686523437501,27.69325590965681,85.33081054687499,27.71270982724965,6.0,52.0,49.0,4.83701830686361
2026-08-27_0800,2026-08-27 08:00:00,85.28686523437501,27.69325590965681,85.352783203125,27.71270982724965,-20.55,28.0,35.5,6.8405768555776385
2026-08-27_0800,2026-08-27 08:00:00,85.28686523437501,27.69325590965681,85.308837890625,27.771050758926727,76.47,19.0,10.333333333333334,8.916634546172398
2026-08-27_0800,2026-08-27 08:00:00,85.28686523437501,27.69325590965681,85.374755859375,27.732160275740252,1.12,14.0,13.833333333333334,9.67317390294438
2026-08-27_0800,2026-08-27 08:00:00,85.28686523437501,27.69325590965681,85.308837890625,27.71270982724965,2.42,133.0,129.83333333333334,3.0591989856546267
2026-08-27_0800,2026-08-27 08:00:00,85.28686523437501,27.69325590965681,85.220947265625,27.71270982724965,36.36,14.0,10.0,6.840576855580014
2026-08-27_0800,2026-08-27 08:00:00,85.28686523437501,27.69325590965681,85.286865234375,27.751607253506148,11.86,21.0,18.666666666666668,6.488383583170236
2026-08-27_0800,2026-08-27 08:00:00,85.28686523437501,27.69325590965681,85.286865234375,27.71270982724965,5.1,157.0,149.33333333333334,2.163180335035057
2026-08-27_0800,2026-08-27 08:00:00,85.28686523437501,27.69325590965681,85.374755859375,27.71270982724965,40.87,26.0,18.166666666666668,8.919020940578477
2026-08-27_0800,2026-08-27 08:00:00,85.28686523437501,27.69325590965681,85.33081054687501,27.751607253506148,-4.42,35.0,36.666666666666664,7.798066561201221
2026-08-27_0800,2026-08-27 08:00:00,85.28686523437501,27.69325590965681,85.330810546875,27.732160275740252,37.93,39.0,28.0,6.1178524180870175
2026-08-27_0800,2026-08-27 08:00:00,85.28686523437501,27.69325590965681,85.352783203125,27.732160275740252,7.62,39.0,36.166666666666664,7.798762185210407
2026-08-27_0800,2026-08-27 08:00:00,85.28686523437501,27.69325590965681,85.352783203125,27.751607253506148,28.21,24.0,18.5,9.175960017778069
2026-08-27_0800,2026-08-27 08:00:00,84.913330078125,28.06228556255984,84.913330078125,28.06228556255984,11.86,21.0,18.666666666666668,1.5350655893162864e-13
2026-08-27_0800,2026-08-27 08:00:00,85.352783203125,27.732160275740252,85.33081054687499,27.71270982724965,17.44,109.0,92.66666666666669,3.05865345675637
2026-08-27_0800,2026-08-27 08:00:00,85.330810546875,27.65433767366391,85.330810546875,27.732160275740252,31.25,20.0,15.0,8.653492111773794
2026-08-27_0800,2026-08-27 08:00:00,85.330810546875,27.65433767366391,85.352783203125,27.751607253506148,29.73,15.0,11.333333333333334,11.03009781025761
2026-08-27_0800,2026-08-27 08:00:00,85.352783203125,27.71270982724965,85.308837890625,27.732160275740252,-6.56,75.0,80.33333333333333,4.836155749907757
2026-08-27_0800,2026-08-27 08:00:00,85.352783203125,27.71270982724965,85.35278320312499,27.673798524586132,8.64,131.0,120.5,4.326746236617482
2026-08-27_0800,2026-08-27 08:00:00,85.352783203125,27.71270982724965,85.418701171875,27.751607253506148,-8.99,26.0,28.666666666666668,7.797371028608729
2026-08-27_0800,2026-08-27 08:00:00,85.660400390625,27.71270982724965,85.660400390625,27.71270982724965,9.09,11.0,10.0,1.0131527334793077e-13
2026-08-27_0800,2026-08-27 08:00:00,85.352783203125,27.771050758926727,85.33081054687501,27.751607253506148,5.32,32.0,30.333333333333332,3.0575616338222464
2026-08-27_0800,2026-08-27 08:00:00,85.352783203125,27.771050758926727,85.37475585937499,27.771050758926727,0.75,88.0,87.33333333333333,2.1618294668095115
2026-08-27_0800,2026-08-27 08:00:00,85.352783203125,27.71270982724965,85.30883789062499,27.65433767366391,17.07,31.0,26.333333333333332,7.800847571996221
2026-08-27_0800,2026-08-27 08:00:00,85.352783203125,27.771050758926727,85.352783203125,27.771050758926727,3.94,3461.0,3329.8333333333335,1.2207854514058405e-13
2026-08-27_0800,2026-08-27 08:00:00,85.352783203125,27.771050758926727,85.308837890625,27.751607253506148,40.74,18.0,12.5,4.834429426208013
2026-08-27_0800,2026-08-27 08:00:00,85.352783203125,27.771050758926727,85.33081054687499,27.71270982724965,2.86,17.0,16.5,6.838136409358705
2026-08-27_0800,2026-08-27 08:00:00,85.352783203125,27.771050758926727,85.374755859375,27.751607253506148,-14.29,10.0,11.833333333333334,3.0575616338222464
2026-08-27_0800,2026-08-27 08:00:00,85.352783203125,27.771050758926727,85.352783203125,27.790490790383224,-0.46,35.0,35.166666666666664,2.1616362646985623
2026-08-27_0800,2026-08-27 08:00:00,85.352783203125,27.771050758926727,85.352783203125,27.751607253506148,3.45,84.0,81.16666666666667,2.1620225524858245
2026-08-27_0800,2026-08-27 08:00:00,85.352783203125,27.771050758926727,85.330810546875,27.771050758926727,15.15,18.0,15.5,2.161829466812015
2026-08-27_0800,2026-08-27 08:00:00,85.352783203125,27.771050758926727,85.330810546875,27.732160275740252,-25.0,20.0,27.0,4.834861085375861
2026-08-27_0800,2026-08-27 08:00:00,85.352783203125,27.771050758926727,85.308837890625,27.71270982724965,27.66,29.0,22.5,7.7966750796874145
2026-08-27_0800,2026-08-27 08:00:00,85.352783203125,27.71270982724965,85.264892578125,27.673798524586132,6.85,12.0,11.166666666666666,9.674898613146736
2026-08-27_0800,2026-08-27 08:00:00,85.352783203125,27.71270982724965,85.396728515625,27.69325590965681,17.0,38.0,32.333333333333336,4.8370183068660815
2026-08-27_0800,2026-08-27 08:00:00,85.352783203125,27.71270982724965,85.26489257812501,27.71270982724965,18.75,18.0,15.0,8.651949907341423
2026-08-27_0800,2026-08-27 08:00:00,85.352783203125,27.71270982724965,85.418701171875,27.71270982724965,16.25,30.0,25.666666666666668,6.488962490701603
2026-08-27_0800,2026-08-27 08:00:00,85.352783203125,27.71270982724965,85.396728515625,27.673798524586132,-20.18,28.0,35.333333333333336,6.118943220472411
2026-08-27_0800,2026-08-27 08:00:00,85.352783203125,27.71270982724965,85.264892578125,27.69325590965681,-2.11,30.0,30.666666666666668,8.919020940580891
2026-08-27_0800,2026-08-27 08:00:00,85.352783203125,27.71270982724965,85.352783203125,27.69325590965681,16.73,263.0,225.16666666666663,2.1631803350353
2026-08-27_0800,2026-08-27 08:00:00,85.352783203125,27.71270982724965,85.286865234375,27.71270982724965,64.84,49.0,29.333333333333332,6.488962490702854
2026-08-27_0800,2026-08-27 08:00:00,85.352783203125,27.71270982724965,85.352783203125,27.71270982724965,0.97,8548.0,8466.166666666666,1.0131527334793077e-13
2026-08-27_0800,2026-08-27 08:00:00,85.352783203125,27.71270982724965,85.286865234375,27.751607253506148,39.66,26.0,18.333333333333332,7.797371028609769
2026-08-27_0800,2026-08-27 08:00:00,85.352783203125,27.71270982724965,85.440673828125,27.732160275740252,27.06,17.0,13.166666666666666,8.917430463966953
2026-08-27_0800,2026-08-27 08:00:00,85.352783203125,27.71270982724965,85.35278320312501,27.65433767366391,11.4,56.0,50.166666666666664,6.490697523913854
2026-08-27_0800,2026-08-27 08:00:00,85.352783203125,27.71270982724965,85.462646484375,27.732160275740252,20.0,14.0,11.5,11.0281315945506
2026-08-27_0800,2026-08-27 08:00:00,85.352783203125,27.71270982724965,85.440673828125,27.673798524586132,-12.82,16.0,18.5,9.674898613145617
2026-08-27_0800,2026-08-27 08:00:00,85.352783203125,27.71270982724965,85.37475585937499,27.673798524586132,-3.27,73.0,75.5,4.837449360775052
2026-08-27_0800,2026-08-27 08:00:00,85.352783203125,27.71270982724965,85.286865234375,27.673798524586132,16.67,20.0,17.0,7.80015269094219
2026-08-27_0800,2026-08-27 08:00:00,85.352783203125,27.71270982724965,85.352783203125,27.771050758926727,-3.15,40.0,41.333333333333336,6.487225800620917
2026-08-27_0800,2026-08-27 08:00:00,85.352783203125,27.771050758926727,85.308837890625,27.732160275740252,-1.82,17.0,17.333333333333332,6.115669282159036
2026-08-27_0800,2026-08-27 08:00:00,85.352783203125,27.771050758926727,85.374755859375,27.790490790383224,-37.1,12.0,19.666666666666668,3.0570153403800253
2026-08-27_0800,2026-08-27 08:00:00,85.352783203125,27.771050758926727,85.352783203125,27.732160275740252,12.23,30.0,26.621795792217274,4.324431212761069
2026-08-27_0800,2026-08-27 08:00:00,85.264892578125,27.732160275740252,85.264892578125,27.732160275740252,8.51,564.0,519.6666666666666,1.67670491015947e-13
2026-08-27_0800,2026-08-27 08:00:00,85.418701171875,27.771050758926727,85.418701171875,27.771050758926727,-14.79,23.0,27.166666666666668,1.2207854514058405e-13
2026-08-27_0800,2026-08-27 08:00:00,85.572509765625,27.86821614426037,85.572509765625,27.86821614426037,8.57,18.0,16.5,1.6325720028447766e-13
2026-08-27_0800,2026-08-27 08:00:00,85.045166015625,27.751607253506148,85.045166015625,27.751607253506148,19.71,82.0,68.33333333333333,3.608553671315128e-14
2026-08-27_0800,2026-08-27 08:00:00,85.00122070312499,28.042894335508095,85.00122070312499,28.042894335508095,-24.27,12.0,16.166666666666668,1.3946136061051745e-13
2026-08-27_0800,2026-08-27 08:00:00,85.770263671875,27.71270982724965,85.770263671875,27.71270982724965,-18.75,25.0,31.0,1.0131527334793077e-13
2026-08-27_0800,2026-08-27 08:00:00,85.374755859375,27.790490790383224,85.374755859375,27.790490790383224,-0.36,273.0,274.0,2.1366837619491137e-14
2026-08-27_0800,2026-08-27 08:00:00,85.594482421875,27.86821614426037,85.594482421875,27.86821614426037,10.77,23.0,20.666666666666668,1.6325720028447766e-13
2026-08-27_0800,2026-08-27 08:00:00,85.330810546875,27.926473604009228,85.330810546875,27.926473604009228,39.81,23.0,16.166666666666668,2.0222549497249037e-15
2026-08-27_0800,2026-08-27 08:00:00,85.133056640625,27.751607253506148,85.133056640625,27.751607253506148,21.43,16.0,13.0,3.608553671315128e-14
2026-08-27_0800,2026-08-27 08:00:00,85.242919921875,27.771050758926727,85.242919921875,27.771050758926727,-6.25,19.0,20.333333333333332,1.2207854514058405e-13
2026-08-27_0800,2026-08-27 08:00:00,85.726318359375,27.771050758926727,85.726318359375,27.771050758926727,0.16,202.0,201.66666666666663,1.2207854514058405e-13
2026-08-27_0800,2026-08-27 08:00:00,85.61645507812499,27.887638781681872,85.61645507812499,27.887638781681872,-25.0,16.0,21.666666666666668,2.1864401118150494e-14
2026-08-27_0800,2026-08-27 08:00:00,85.33081054687501,27.751607253506148,85.35278320312501,27.65433767366391,21.52,15.0,12.166666666666666,11.030097810258
2026-08-27_0800,2026-08-27 08:00:00,84.91333007812501,27.907057935466664,84.91333007812501,27.907057935466664,6.19,102.0,96.0,5.816231754836267e-14
2026-08-27_0800,2026-08-27 08:00:00,85.396728515625,27.673798524586132,85.33081054687499,27.71270982724965,-13.16,10.0,11.666666666666666,7.800152690943326
2026-08-27_0800,2026-08-27 08:00:00,85.792236328125,27.751607253506148,85.792236328125,27.751607253506148,5.34,22.0,20.833333333333332,3.608553671315128e-14
2026-08-27_0800,2026-08-27 08:00:00,85.330810546875,27.887638781681872,85.330810546875,27.887638781681872,36.36,14.0,10.0,2.1864401118150494e-14
2026-08-27_0800,2026-08-27 08:00:00,85.15502929687501,27.907057935466664,85.15502929687501,27.907057935466664,17.13,342.0,291.8333333333333,5.816231754836267e-14
2026-08-27_0800,2026-08-27 08:00:00,85.15502929687501,27.907057935466664,85.133056640625,27.907057935466664,2.7,37.0,36.0,2.1591210567867405
2026-08-27_0800,2026-08-27 08:00:00,85.15502929687501,27.907057935466664,85.155029296875,27.887638781681872,-1.49,21.0,21.333333333333332,2.1593147698813757
2026-08-27_0800,2026-08-27 08:00:00,85.15502929687501,27.907057935466664,85.133056640625,27.887638781681872,17.6,19.0,16.00693995692725,3.0537322508269646
2026-08-27_0800,2026-08-27 08:00:00,85.484619140625,27.751607253506148,85.484619140625,27.751607253506148,11.93,60.0,53.5,3.608553671315128e-14
2026-08-27_0800,2026-08-27 08:00:00,85.242919921875,27.69325590965681,85.308837890625,27.71270982724965,44.0,23.0,15.666666666666666,6.840576855578826
2026-08-27_0800,2026-08-27 08:00:00,85.242919921875,27.69325590965681,85.242919921875,27.71270982724965,21.43,16.0,13.0,2.163180335035057
2026-08-27_0800,2026-08-27 08:00:00,85.242919921875,27.69325590965681,85.26489257812501,27.71270982724965,25.37,13.0,10.166666666666666,3.0591989856572828
2026-08-27_0800,2026-08-27 08:00:00,85.242919921875,27.69325590965681,85.308837890625,27.732160275740252,-8.24,12.0,13.166666666666666,7.79876218521145
2026-08-27_0800,2026-08-27 08:00:00,85.418701171875,27.732160275740252,85.374755859375,27.71270982724965,27.66,19.0,14.666666666666666,4.836155749907886
2026-08-27_0800,2026-08-27 08:00:00,85.418701171875,27.732160275740252,85.396728515625,27.71270982724965,43.28,15.0,10.166666666666666,3.0586534567545987
2026-08-27_0800,2026-08-27 08:00:00,85.418701171875,27.732160275740252,85.418701171875,27.732160275740252,3.74,1248.0,1203.0,1.67670491015947e-13
2026-08-27_0800,2026-08-27 08:00:00,85.418701171875,27.732160275740252,85.440673828125,27.732160275740252,14.71,12.0,10.333333333333334,2.1626016823979852
2026-08-27_0800,2026-08-27 08:00:00,85.418701171875,27.732160275740252,85.396728515625,27.732160275740252,29.85,28.0,21.333333333333332,2.1626016823979852
2026-08-27_0800,2026-08-27 08:00:00,85.13305664062499,27.86821614426037,85.13305664062499,27.86821614426037,3.56,62.0,59.833333333333336,1.6325720028447766e-13
2026-08-27_0800,2026-08-27 08:00:00,85.352783203125,27.71270982724965,85.396728515625,27.65433767366391,44.83,27.0,18.333333333333332,7.800847571995526
2026-08-27_0800,2026-08-27 08:00:00,85.352783203125,27.71270982724965,85.330810546875,27.732160275740252,7.46,83.0,77.16666666666667,3.058653456754421
2026-08-27_0800,2026-08-27 08:00:00,85.352783203125,27.71270982724965,85.330810546875,27.69325590965681,9.85,131.0,119.16666666666669,3.0591989856558186
2026-08-27_0800,2026-08-27 08:00:00,85.352783203125,27.71270982724965,85.242919921875,27.69325590965681,-12.0,10.0,11.5,11.03009852740072
2026-08-27_0800,2026-08-27 08:00:00,85.418701171875,27.751607253506148,85.418701171875,27.751607253506148,4.25,1016.0,974.5,3.608553671315128e-14
2026-08-27_0800,2026-08-27 08:00:00,85.198974609375,27.829360424938628,85.198974609375,27.829360424938628,44.58,19.0,12.833333333333334,5.538235803950223e-15
2026-08-27_0800,2026-08-27 08:00:00,85.264892578125,27.80992734625884,85.264892578125,27.80992734625884,51.93,58.0,37.833333333333336,1.0595237556502103e-13
2026-08-27_0800,2026-08-27 08:00:00,85.660400390625,27.887638781681872,85.660400390625,27.887638781681872,-17.43,14.0,17.166666666666668,2.1864401118150494e-14
2026-08-27_0800,2026-08-27 08:00:00,85.177001953125,27.771050758926727,85.177001953125,27.771050758926727,15.56,25.0,21.5,1.2207854514058405e-13
2026-08-27_0800,2026-08-27 08:00:00,85.308837890625,27.80992734625884,85.308837890625,27.80992734625884,-31.88,25.0,37.166666666666664,1.0595237556502103e-13
2026-08-27_0800,2026-08-27 08:00:00,85.418701171875,27.751607253506148,85.396728515625,27.751607253506148,11.63,15.0,13.333333333333334,2.1622156646545267
2026-08-27_0800,2026-08-27 08:00:00,85.286865234375,27.790490790383224,85.286865234375,27.790490790383224,11.42,173.0,155.16666666666666,2.1366837619491137e-14
2026-08-27_0800,2026-08-27 08:00:00,84.935302734375,27.80992734625884,84.935302734375,27.80992734625884,-82.76,14.0,86.0,1.0595237556502103e-13
2026-08-27_0800,2026-08-27 08:00:00,85.462646484375,27.732160275740252,85.462646484375,27.732160275740252,11.28,744.0,668.5,1.67670491015947e-13
2026-08-27_0800,2026-08-27 08:00:00,85.528564453125,27.771050758926727,85.528564453125,27.771050758926727,15.79,32.0,27.5,1.2207854514058405e-13
2026-08-27_0800,2026-08-27 08:00:00,85.594482421875,27.732160275740252,85.594482421875,27.732160275740252,-46.58,12.0,23.333333333333332,1.67670491015947e-13
2026-08-27_0800,2026-08-27 08:00:00,85.155029296875,27.71270982724965,85.155029296875,27.71270982724965,11.36,244.0,219.0,1.0131527334793077e-13
2026-08-27_0800,2026-08-27 08:00:00,85.440673828125,27.732160275740252,85.440673828125,27.732160275740252,-0.97,406.0,410.0,1.67670491015947e-13
2026-08-27_0800,2026-08-27 08:00:00,85.220947265625,27.771050758926727,85.220947265625,27.771050758926727,3.7,13.0,12.5,1.2207854514058405e-13
2026-08-27_0800,2026-08-27 08:00:00,85.00122070312501,27.80992734625884,85.00122070312501,27.80992734625884,17.0,77.0,65.66666666666667,1.0595237556502103e-13
2026-08-27_0800,2026-08-27 08:00:00,84.913330078125,27.80992734625884,84.913330078125,27.80992734625884,-62.72,20.0,55.333333333333336,1.0595237556502103e-13
2026-08-27_0800,2026-08-27 08:00:00,85.836181640625,27.751607253506148,85.836181640625,27.751607253506148,4.09,105.0,100.83333333333331,3.608553671315128e-14
2026-08-27_0800,2026-08-27 08:00:00,85.330810546875,27.65433767366391,85.286865234375,27.71270982724965,7.55,18.0,16.666666666666668,7.800847571996207
2026-08-27_0800,2026-08-27 08:00:00,85.330810546875,27.65433767366391,85.352783203125,27.71270982724965,2.56,19.0,18.5,6.841795927074422
2026-08-27_0800,2026-08-27 08:00:00,85.330810546875,27.65433767366391,85.28686523437501,27.732160275740252,41.57,20.0,13.833333333333334,9.674898279012062
2026-08-27_0800,2026-08-27 08:00:00,85.330810546875,27.65433767366391,85.33081054687501,27.751607253506148,-4.67,16.0,16.833333333333332,10.81590077204871
2026-08-27_0800,2026-08-27 08:00:00,85.330810546875,27.65433767366391,85.374755859375,27.71270982724965,43.18,20.0,13.666666666666666,7.800847571995513
2026-08-27_0800,2026-08-27 08:00:00,85.330810546875,27.65433767366391,85.352783203125,27.732160275740252,22.12,22.0,17.833333333333332,8.919815497580238
2026-08-27_0800,2026-08-27 08:00:00,85.330810546875,27.65433767366391,85.308837890625,27.751607253506148,3.45,14.0,13.5,11.03009781025761
2026-08-27_0800,2026-08-27 08:00:00,85.198974609375,27.71270982724965,85.198974609375,27.71270982724965,4.2,90.0,86.33333333333333,1.0131527334793077e-13
2026-08-27_0800,2026-08-27 08:00:00,85.484619140625,27.80992734625884,85.484619140625,27.80992734625884,15.91,16.0,13.666666666666666,1.0595237556502103e-13
2026-08-27_0800,2026-08-27 08:00:00,85.81420898437501,27.751607253506148,85.81420898437501,27.751607253506148,11.5,41.0,36.666666666666664,3.608553671315128e-14
2026-08-27_0800,2026-08-27 08:00:00,85.023193359375,27.771050758926727,85.023193359375,27.771050758926727,56.1,31.0,19.5,1.2207854514058405e-13
2026-08-27_0800,2026-08-27 08:00:00,85.74829101562499,27.771050758926727,85.74829101562499,27.771050758926727,7.14,14.0,13.0,1.2207854514058405e-13
2026-08-27_0800,2026-08-27 08:00:00,85.30883789062501,27.790490790383224,85.308837890625,27.771050758926727,23.91,18.0,14.333333333333334,2.1616362646986547
2026-08-27_0800,2026-08-27 08:00:00,85.30883789062501,27.790490790383224,85.308837890625,27.751607253506148,-9.68,13.0,14.5,4.3236588171846035
2026-08-27_0800,2026-08-27 08:00:00,85.30883789062501,27.790490790383224,85.30883789062501,27.790490790383224,14.21,488.0,427.1666666666667,2.1366837619491137e-14
2026-08-27_0800,2026-08-27 08:00:00,85.286865234375,27.751607253506148,85.308837890625,27.71270982724965,5.71,36.0,34.0,4.83572424718008
2026-08-27_0800,2026-08-27 08:00:00,85.330810546875,27.65433767366391,85.308837890625,27.71270982724965,15.49,40.0,34.5,6.841795927074422
2026-08-27_0800,2026-08-27 08:00:00,85.286865234375,27.751607253506148,85.286865234375,27.751607253506148,10.57,3169.0,2865.8333333333335,3.608553671315128e-14
2026-08-27_0800,2026-08-27 08:00:00,85.286865234375,27.751607253506148,85.308837890625,27.751607253506148,17.21,83.0,70.66666666666667,2.1622156646545267
2026-08-27_0800,2026-08-27 08:00:00,85.352783203125,27.71270982724965,85.374755859375,27.751607253506148,0.48,34.0,33.833333333333336,4.835724247179037
2026-08-27_0800,2026-08-27 08:00:00,85.352783203125,27.71270982724965,85.28686523437501,27.69325590965681,15.95,62.0,53.333333333333336,6.84057685557767
2026-08-27_0800,2026-08-27 08:00:00,85.352783203125,27.71270982724965,85.440673828125,27.751607253506148,39.73,16.0,11.166666666666666,9.67144838543921
2026-08-27_0800,2026-08-27 08:00:00,85.352783203125,27.71270982724965,85.374755859375,27.732160275740252,5.81,351.0,331.6666666666667,3.0586534567535355
2026-08-27_0800,2026-08-27 08:00:00,85.352783203125,27.71270982724965,85.308837890625,27.771050758926727,26.53,30.0,23.5,7.7966750796873425
2026-08-27_0800,2026-08-27 08:00:00,85.352783203125,27.71270982724965,85.396728515625,27.751607253506148,16.79,50.0,42.666666666666664,6.116761105116622
2026-08-27_0800,2026-08-27 08:00:00,85.352783203125,27.71270982724965,85.396728515625,27.71270982724965,13.04,142.0,125.5,4.325975022464887
2026-08-27_0800,2026-08-27 08:00:00,85.352783203125,27.71270982724965,85.308837890625,27.69325590965681,-2.19,51.0,52.166666666666664,4.8370183068672015
2026-08-27_0800,2026-08-27 08:00:00,85.352783203125,27.71270982724965,85.33081054687501,27.751607253506148,31.71,107.0,81.0,4.835724247179037
2026-08-27_0800,2026-08-27 08:00:00,85.352783203125,27.71270982724965,85.330810546875,27.771050758926727,31.71,17.0,12.666666666666666,6.838136409357944
2026-08-27_0800,2026-08-27 08:00:00,85.352783203125,27.71270982724965,85.396728515625,27.732160275740252,-5.03,106.0,111.66666666666669,4.836155749906638
2026-08-27_0800,2026-08-27 08:00:00,85.352783203125,27.71270982724965,85.352783203125,27.732160275740252,0.29,521.0,519.5,2.1627945878600388
2026-08-27_0800,2026-08-27 08:00:00,85.352783203125,27.71270982724965,85.374755859375,27.71270982724965,10.6,498.0,450.1666666666667,2.162987519831088
2026-08-27_0800,2026-08-27 08:00:00,85.352783203125,27.71270982724965,85.418701171875,27.673798524586132,-12.31,18.0,20.666666666666668,7.800152690941148
2026-08-27_0800,2026-08-27 08:00:00,85.352783203125,27.71270982724965,85.220947265625,27.69325590965681,15.07,13.0,11.166666666666666,13.158111845376522
2026-08-27_0800,2026-08-27 08:00:00,85.352783203125,27.71270982724965,85.33081054687499,27.71270982724965,4.18,240.0,230.33333333333337,2.162987519834845
2026-08-27_0800,2026-08-27 08:00:00,85.352783203125,27.71270982724965,85.418701171875,27.65433767366391,-4.35,10.0,10.5,9.179232424473586
2026-08-27_0800,2026-08-27 08:00:00,85.352783203125,27.71270982724965,85.352783203125,27.751607253506148,0.43,121.0,120.47326085194366,4.3252032481350495
2026-08-27_0800,2026-08-27 08:00:00,85.286865234375,27.751607253506148,85.28686523437501,27.771050758926727,-6.67,20.0,21.5,2.162022552485689
2026-08-27_0800,2026-08-27 08:00:00,85.04516601562501,27.829360424938628,85.04516601562501,27.829360424938628,17.24,16.0,13.5,5.538235803950223e-15
2026-08-27_0800,2026-08-27 08:00:00,85.08911132812501,27.751607253506148,85.08911132812501,27.751607253506148,-4.92,28.0,29.5,3.608553671315128e-14
2026-08-27_0800,2026-08-27 08:00:00,85.133056640625,27.907057935466664,85.15502929687501,27.907057935466664,53.49,32.0,20.5,2.1591210567867405
2026-08-27_0800,2026-08-27 08:00:00,85.133056640625,27.907057935466664,85.133056640625,27.907057935466664,-1.59,237.0,240.83333333333337,5.816231754836267e-14
2026-08-27_0800,2026-08-27 08:00:00,85.550537109375,27.732160275740252,85.550537109375,27.732160275740252,37.35,18.0,12.833333333333334,1.67670491015947e-13
2026-08-27_0800,2026-08-27 08:00:00,85.352783203125,27.71270982724965,85.308837890625,27.751607253506148,17.74,72.0,61.0,6.116761105117507
2026-08-27_0800,2026-08-27 08:00:00,85.352783203125,27.71270982724965,85.37475585937501,27.69325590965681,5.7,132.0,124.83333333333331,3.059198985656705
2026-08-27_0800,2026-08-27 08:00:00,85.352783203125,27.71270982724965,85.418701171875,27.732160275740252,7.21,56.0,52.166666666666664,6.839357015772637
2026-08-27_0800,2026-08-27 08:00:00,85.352783203125,27.71270982724965,85.28686523437501,27.732160275740252,4.62,33.0,31.5,6.839357015772637
2026-08-27_0800,2026-08-27 08:00:00,85.352783203125,27.71270982724965,85.330810546875,27.6348733585183,-28.44,12.0,17.166666666666668,8.921404855972412
2026-08-27_0800,2026-08-27 08:00:00,85.352783203125,27.71270982724965,85.374755859375,27.65433767366391,-0.59,27.0,27.166666666666668,6.841795927074258
2026-08-27_0800,2026-08-27 08:00:00,85.352783203125,27.71270982724965,85.308837890625,27.71270982724965,-11.33,106.0,119.66666666666669,4.32597502246614
2026-08-27_0800,2026-08-27 08:00:00,85.352783203125,27.71270982724965,85.330810546875,27.673798524586132,30.32,95.0,72.66666666666667,4.837449360776172
2026-08-27_0800,2026-08-27 08:00:00,85.352783203125,27.71270982724965,85.330810546875,27.65433767366391,34.58,47.0,34.666666666666664,6.841795927074654
2026-08-27_0800,2026-08-27 08:00:00,85.286865234375,27.751607253506148,85.308837890625,27.732160275740252,-16.08,39.0,46.666666666666664,3.058107672712538
2026-08-27_0800,2026-08-27 08:00:00,85.352783203125,27.732160275740252,85.37475585937501,27.69325590965681,-4.09,42.0,43.833333333333336,4.836587005804936
2026-08-27_0800,2026-08-27 08:00:00,85.352783203125,27.71270982724965,85.308837890625,27.673798524586132,14.11,30.0,26.166666666666668,6.118943220473297
2026-08-27_0800,2026-08-27 08:00:00,85.352783203125,27.732160275740252,85.28686523437501,27.732160275740252,1.69,29.0,28.5,6.4878049783218845
2026-08-27_0800,2026-08-27 08:00:00,85.26489257812501,27.71270982724965,85.308837890625,27.69325590965681,21.62,14.0,11.333333333333334,4.837018306864961
2026-08-27_0800,2026-08-27 08:00:00,85.26489257812501,27.71270982724965,85.28686523437501,27.69325590965681,-16.98,21.0,25.5,3.059198985654933
2026-08-27_0800,2026-08-27 08:00:00,85.26489257812501,27.71270982724965,85.308837890625,27.732160275740252,12.0,13.0,11.5,4.836155749905518
2026-08-27_0800,2026-08-27 08:00:00,85.26489257812501,27.71270982724965,85.264892578125,27.69325590965681,36.59,27.0,19.5,2.1631803350353
2026-08-27_0800,2026-08-27 08:00:00,85.594482421875,27.751607253506148,85.594482421875,27.751607253506148,1.2,69.0,68.16666666666667,3.608553671315128e-14
2026-08-27_0800,2026-08-27 08:00:00,84.891357421875,27.907057935466664,84.91333007812501,27.907057935466664,40.67,48.0,33.833333333333336,2.15912105678549
2026-08-27_0800,2026-08-27 08:00:00,85.26489257812501,27.71270982724965,85.28686523437501,27.732160275740252,15.15,18.0,15.5,3.0586534567535355
2026-08-27_0800,2026-08-27 08:00:00,85.28686523437501,27.771050758926727,85.286865234375,27.751607253506148,27.27,13.0,10.0,2.1620225524858245
2026-08-27_0800,2026-08-27 08:00:00,85.28686523437501,27.771050758926727,85.308837890625,27.771050758926727,29.11,16.0,12.166666666666666,2.161829466810763
2026-08-27_0800,2026-08-27 08:00:00,85.28686523437501,27.771050758926727,85.28686523437501,27.771050758926727,15.76,737.0,636.5,1.2207854514058405e-13
2026-08-27_0800,2026-08-27 08:00:00,85.330810546875,27.69325590965681,85.308837890625,27.71270982724965,9.47,311.0,284.0,3.059198985655512
2026-08-27_0800,2026-08-27 08:00:00,85.330810546875,27.69325590965681,85.330810546875,27.771050758926727,2.13,31.0,30.333333333333332,8.650406135655993
2026-08-27_0800,2026-08-27 08:00:00,85.330810546875,27.69325590965681,85.33081054687499,27.71270982724965,-0.75,481.0,484.6666666666667,2.163180335035057
2026-08-27_0800,2026-08-27 08:00:00,85.330810546875,27.69325590965681,85.308837890625,27.771050758926727,-12.39,32.0,36.666666666666664,8.916634546172702
2026-08-27_0800,2026-08-27 08:00:00,85.28686523437501,27.771050758926727,85.308837890625,27.751607253506148,18.52,15.0,12.5,3.0575616338222464
2026-08-27_0800,2026-08-27 08:00:00,85.330810546875,27.69325590965681,85.286865234375,27.71270982724965,-6.05,118.0,125.66666666666669,4.83701830686697
2026-08-27_0800,2026-08-27 08:00:00,85.26489257812501,27.71270982724965,85.264892578125,27.732160275740252,2.04,24.0,23.5,2.1627945878600388
2026-08-27_0800,2026-08-27 08:00:00,85.26489257812501,27.71270982724965,85.242919921875,27.732160275740252,9.09,13.0,11.833333333333334,3.0586534567561916
2026-08-27_0800,2026-08-27 08:00:00,85.308837890625,27.71270982724965,85.264892578125,27.732160275740252,7.46,35.0,32.5,4.836155749907757
2026-08-27_0800,2026-08-27 08:00:00,85.308837890625,27.71270982724965,85.418701171875,27.65433767366391,27.59,36.0,28.0,12.615648058547391
2026-08-27_0800,2026-08-27 08:00:00,85.308837890625,27.71270982724965,85.37475585937499,27.771050758926727,-15.42,31.0,36.833333333333336,9.174322665836147
2026-08-27_0800,2026-08-27 08:00:00,85.308837890625,27.71270982724965,85.33081054687501,27.751607253506148,18.34,356.0,300.6666666666667,4.835724247180157
2026-08-27_0800,2026-08-27 08:00:00,85.506591796875,27.771050758926727,85.506591796875,27.771050758926727,-4.88,25.0,26.333333333333332,1.2207854514058405e-13
2026-08-27_0800,2026-08-27 08:00:00,85.286865234375,28.120438249253763,85.286865234375,28.120438249253763,-61.13,38.0,99.33333333333331,1.4350009212901953e-13
2026-08-27_0800,2026-08-27 08:00:00,85.26489257812501,27.71270982724965,85.242919921875,27.71270982724965,15.07,13.0,11.166666666666666,2.162987519834845
2026-08-27_0800,2026-08-27 08:00:00,85.133056640625,27.887638781681872,85.133056640625,27.887638781681872,-14.55,140.0,164.0,2.1864401118150494e-14
2026-08-27_0800,2026-08-27 08:00:00,85.528564453125,27.926473604009228,85.528564453125,27.926473604009228,-9.22,17.0,18.82889271866384,2.0222549497249037e-15
2026-08-27_0800,2026-08-27 08:00:00,85.616455078125,27.732160275740252,85.616455078125,27.732160275740252,-16.56,20.0,24.166666666666668,1.67670491015947e-13
2026-08-27_0800,2026-08-27 08:00:00,85.286865234375,28.101057521020227,85.286865234375,28.101057521020227,-64.57,14.0,41.333333333333336,4.7802860606225436e-14
2026-08-27_0800,2026-08-27 08:00:00,85.26489257812501,27.71270982724965,85.26489257812501,27.71270982724965,9.19,2998.0,2745.6666666666665,1.0131527334793077e-13
2026-08-27_0800,2026-08-27 08:00:00,85.26489257812501,27.71270982724965,85.308837890625,27.71270982724965,6.54,18.0,16.833333333333332,4.325975022463635
2026-08-27_0800,2026-08-27 08:00:00,85.26489257812501,27.71270982724965,85.286865234375,27.71270982724965,23.84,57.0,45.833333333333336,2.162987519829836
2026-08-27_0800,2026-08-27 08:00:00,85.528564453125,27.86821614426037,85.528564453125,27.86821614426037,21.35,17.0,13.833333333333334,1.6325720028447766e-13
2026-08-27_0800,2026-08-27 08:00:00,85.330810546875,27.69325590965681,85.286865234375,27.751607253506148,-1.22,53.0,53.666666666666664,7.798066561201221
2026-08-27_0800,2026-08-27 08:00:00,85.330810546875,27.69325590965681,85.308837890625,27.732160275740252,-4.87,214.0,225.0,4.836587005804419
2026-08-27_0800,2026-08-27 08:00:00,85.330810546875,27.69325590965681,85.330810546875,27.732160275740252,0.84,179.0,177.5,4.3259749228953055
2026-08-27_0800,2026-08-27 08:00:00,85.418701171875,27.71270982724965,85.418701171875,27.71270982724965,8.59,1006.0,926.3333333333334,1.0131527334793077e-13
2026-08-27_0800,2026-08-27 08:00:00,85.22094726562501,27.790490790383224,85.22094726562501,27.790490790383224,4.55,22.0,21.0,2.1366837619491137e-14
2026-08-27_0800,2026-08-27 08:00:00,85.374755859375,27.751607253506148,85.374755859375,27.732160275740252,23.4,28.0,22.5,2.162408660275157
2026-08-27_0800,2026-08-27 08:00:00,85.374755859375,27.751607253506148,85.352783203125,27.732160275740252,-31.58,12.0,18.0,3.0581076727116523
2026-08-27_0800,2026-08-27 08:00:00,85.374755859375,27.751607253506148,85.352783203125,27.751607253506148,-15.09,29.0,34.333333333333336,2.162215664653275
2026-08-27_0800,2026-08-27 08:00:00,85.374755859375,27.751607253506148,85.374755859375,27.751607253506148,2.51,998.0,973.5,3.608553671315128e-14
2026-08-27_0800,2026-08-27 08:00:00,85.418701171875,27.71270982724965,85.396728515625,27.71270982724965,0.0,19.0,19.0,2.1629875198323405
2026-08-27_0800,2026-08-27 08:00:00,85.726318359375,27.751607253506148,85.726318359375,27.751607253506148,-0.32,51.0,51.166666666666664,3.608553671315128e-14
2026-08-27_0800,2026-08-27 08:00:00,85.264892578125,27.771050758926727,85.264892578125,27.771050758926727,9.83,161.0,146.5,1.2207854514058405e-13
2026-08-27_0800,2026-08-27 08:00:00,85.067138671875,27.80992734625884,85.067138671875,27.80992734625884,30.43,14.0,10.5,1.0595237556502103e-13
2026-08-27_0800,2026-08-27 08:00:00,85.44067382812501,27.771050758926727,85.44067382812501,27.771050758926727,-7.38,22.0,23.833333333333332,1.2207854514058405e-13
2026-08-27_0800,2026-08-27 08:00:00,85.155029296875,27.86821614426037,85.155029296875,27.86821614426037,51.52,24.0,15.5,1.6325720028447766e-13
2026-08-27_0800,2026-08-27 08:00:00,85.572509765625,27.80992734625884,85.572509765625,27.80992734625884,10.53,13.0,11.666666666666666,1.0595237556502103e-13
2026-08-27_0800,2026-08-27 08:00:00,85.330810546875,27.790490790383224,85.330810546875,27.790490790383224,1.07,470.0,465.0,2.1366837619491137e-14
2026-08-27_0800,2026-08-27 08:00:00,85.440673828125,27.751607253506148,85.440673828125,27.751607253506148,-3.79,384.0,399.1666666666667,3.608553671315128e-14
2026-08-27_0800,2026-08-27 08:00:00,85.001220703125,28.06228556255984,85.001220703125,28.06228556255984,-56.58,10.0,24.333333333333332,1.5350655893162864e-13
2026-08-27_0800,2026-08-27 08:00:00,85.330810546875,27.69325590965681,85.352783203125,27.751607253506148,11.36,182.0,163.33333333333334,6.8393568193372225
2026-08-27_0800,2026-08-27 08:00:00,85.330810546875,27.69325590965681,85.396728515625,27.751607253506148,72.73,18.0,10.0,9.175960017778069
2026-08-27_0800,2026-08-27 08:00:00,85.330810546875,27.69325590965681,85.26489257812501,27.71270982724965,-6.82,65.0,69.83333333333333,6.84057685557645
2026-08-27_0800,2026-08-27 08:00:00,85.330810546875,27.69325590965681,85.37475585937499,27.771050758926727,33.98,22.0,16.166666666666668,9.67144805267869
2026-08-27_0800,2026-08-27 08:00:00,85.330810546875,27.69325590965681,85.28686523437501,27.732160275740252,2.23,190.0,185.83333333333337,6.1178524180870175
2026-08-27_0800,2026-08-27 08:00:00,85.330810546875,27.69325590965681,85.352783203125,27.732160275740252,3.0,337.0,327.1666666666667,4.836587005804419
2026-08-27_0800,2026-08-27 08:00:00,85.330810546875,27.69325590965681,85.352783203125,27.71270982724965,0.32,262.0,261.1666666666667,3.059198985655512
2026-08-27_0800,2026-08-27 08:00:00,85.330810546875,27.69325590965681,85.396728515625,27.71270982724965,9.78,100.0,91.0,6.8405768555776385
2026-08-27_0800,2026-08-27 08:00:00,85.330810546875,27.69325590965681,85.308837890625,27.751607253506148,8.94,200.0,183.5,6.8393568193372225
2026-08-27_0800,2026-08-27 08:00:00,85.330810546875,27.69325590965681,85.418701171875,27.71270982724965,15.2,23.0,19.833333333333332,8.91902094057969
2026-08-27_0800,2026-08-27 08:00:00,85.330810546875,27.69325590965681,85.396728515625,27.732160275740252,-9.15,42.0,46.333333333333336,7.798762185210407
2026-08-27_0800,2026-08-27 08:00:00,85.330810546875,27.69325590965681,85.418701171875,27.732160275740252,-2.33,20.0,20.5,9.6731739029455
2026-08-27_0800,2026-08-27 08:00:00,85.330810546875,27.69325590965681,85.374755859375,27.751607253506148,-3.23,14.0,14.5,7.798066561200527
2026-08-27_0800,2026-08-27 08:00:00,85.330810546875,27.69325590965681,85.374755859375,27.71270982724965,-6.36,188.0,200.83333333333337,4.83701830686585
2026-08-27_0800,2026-08-27 08:00:00,85.330810546875,27.69325590965681,85.352783203125,27.771050758926727,-0.62,79.0,79.5,8.916634546172702
2026-08-27_0800,2026-08-27 08:00:00,85.330810546875,27.69325590965681,85.33081054687501,27.751607253506148,9.54,221.0,201.66666666666663,6.488383583170236
2026-08-27_0800,2026-08-27 08:00:00,85.330810546875,27.69325590965681,85.374755859375,27.732160275740252,11.61,132.0,118.16666666666669,6.1178524180870175
2026-08-27_0800,2026-08-27 08:00:00,85.308837890625,27.71270982724965,85.352783203125,27.6348733585183,0.0,34.0,34.0,9.676622180283577
2026-08-27_0800,2026-08-27 08:00:00,85.308837890625,27.71270982724965,85.308837890625,27.6348733585183,25.37,55.0,43.666666666666664,8.65503401588129
2026-08-27_0800,2026-08-27 08:00:00,85.308837890625,27.71270982724965,85.37475585937499,27.673798524586132,13.65,203.0,178.5,7.800152690940106
2026-08-27_0800,2026-08-27 08:00:00,85.308837890625,27.71270982724965,85.308837890625,27.673798524586132,10.84,178.0,160.5,4.326746236617482
2026-08-27_0800,2026-08-27 08:00:00,85.308837890625,27.71270982724965,85.220947265625,27.69325590965681,34.69,98.0,72.5,8.919020940580891
2026-08-27_0800,2026-08-27 08:00:00,85.308837890625,27.71270982724965,85.35278320312501,27.65433767366391,-4.37,185.0,193.5,7.800847571996917
2026-08-27_0800,2026-08-27 08:00:00,85.308837890625,27.71270982724965,85.28686523437501,27.771050758926727,3.45,39.0,37.666666666666664,6.838136409357548
2026-08-27_0800,2026-08-27 08:00:00,85.308837890625,27.71270982724965,85.374755859375,27.732160275740252,14.63,140.0,122.0,6.839357015772637
2026-08-27_0800,2026-08-27 08:00:00,85.308837890625,27.71270982724965,85.308837890625,27.69325590965681,1.05,736.0,728.3333333333334,2.1631803350353
2026-08-27_0800,2026-08-27 08:00:00,85.308837890625,27.71270982724965,85.418701171875,27.69325590965681,24.14,35.0,28.0,11.030098527399492
2026-08-27_0800,2026-08-27 08:00:00,85.308837890625,27.71270982724965,85.374755859375,27.751607253506148,-11.11,15.0,17.0,7.797371028608729
2026-08-27_0800,2026-08-27 08:00:00,85.308837890625,27.71270982724965,85.286865234375,27.673798524586132,2.02,117.0,114.66666666666669,4.837449360776172
2026-08-27_0800,2026-08-27 08:00:00,85.308837890625,27.71270982724965,85.352783203125,27.69325590965681,3.74,272.0,262.1666666666667,4.8370183068672015
2026-08-27_0800,2026-08-27 08:00:00,85.308837890625,27.71270982724965,85.308837890625,27.732160275740252,11.69,1021.0,914.0,2.1627945878600388
2026-08-27_0800,2026-08-27 08:00:00,85.308837890625,27.71270982724965,85.308837890625,27.771050758926727,17.53,142.0,120.66666666666669,6.487225800620917
2026-08-27_0800,2026-08-27 08:00:00,85.308837890625,27.71270982724965,85.374755859375,27.6348733585183,54.6,41.0,26.166666666666668,10.818792447304109
2026-08-27_0800,2026-08-27 08:00:00,85.308837890625,27.71270982724965,85.30883789062499,27.65433767366391,15.19,138.0,119.66666666666669,6.490697523913854
2026-08-27_0800,2026-08-27 08:00:00,85.308837890625,27.71270982724965,85.330810546875,27.771050758926727,-4.08,50.0,52.166666666666664,6.838136409357944
2026-08-27_0800,2026-08-27 08:00:00,85.308837890625,27.71270982724965,85.352783203125,27.732160275740252,13.04,324.0,286.5,4.836155749907757
2026-08-27_0800,2026-08-27 08:00:00,85.308837890625,27.71270982724965,85.37475585937501,27.69325590965681,6.87,261.0,244.16666666666663,6.840576855580046
2026-08-27_0800,2026-08-27 08:00:00,85.308837890625,27.71270982724965,85.352783203125,27.751607253506148,0.42,198.0,197.16666666666663,6.116761105117507
2026-08-27_0800,2026-08-27 08:00:00,85.308837890625,27.71270982724965,85.264892578125,27.69325590965681,7.19,250.0,233.16666666666663,4.8370183068672015
2026-08-27_0800,2026-08-27 08:00:00,85.33081054687501,27.751607253506148,85.352783203125,27.751607253506148,11.2,95.0,85.33333333333333,2.162215664653275
2026-08-27_0800,2026-08-27 08:00:00,85.352783203125,27.732160275740252,85.35278320312499,27.673798524586132,16.21,48.0,41.166666666666664,6.489540824477553
2026-08-27_0800,2026-08-27 08:00:00,85.33081054687501,27.751607253506148,85.352783203125,27.732160275740252,-0.28,59.0,59.166666666666664,3.0581076727116523
2026-08-27_0800,2026-08-27 08:00:00,85.33081054687501,27.751607253506148,85.37475585937501,27.69325590965681,10.53,13.0,11.666666666666666,7.798066561201203
2026-08-27_0800,2026-08-27 08:00:00,85.33081054687501,27.751607253506148,85.286865234375,27.751607253506148,3.45,24.0,23.166666666666668,4.324431312073442
2026-08-27_0800,2026-08-27 08:00:00,85.33081054687501,27.751607253506148,85.308837890625,27.69325590965681,-18.6,18.0,22.341460915882408,6.839356819337568
2026-08-27_0800,2026-08-27 08:00:00,85.33081054687501,27.751607253506148,85.35278320312499,27.673798524586132,17.53,18.0,15.166666666666666,8.918225394025082
2026-08-27_0800,2026-08-27 08:00:00,85.33081054687501,27.751607253506148,85.37475585937499,27.771050758926727,62.16,19.0,11.333333333333334,4.834429426204551
2026-08-27_0800,2026-08-27 08:00:00,85.33081054687501,27.751607253506148,85.352783203125,27.69325590965681,-13.81,25.0,29.166666666666668,6.839356819336776
2026-08-27_0800,2026-08-27 08:00:00,85.33081054687501,27.751607253506148,85.374755859375,27.732160275740252,-14.29,20.0,23.5,4.835292789530001
2026-08-27_0800,2026-08-27 08:00:00,85.52856445312501,27.887638781681872,85.52856445312501,27.887638781681872,9.76,29.0,26.333333333333332,2.1864401118150494e-14
2026-08-27_0800,2026-08-27 08:00:00,85.308837890625,27.71270982724965,85.28686523437501,27.732160275740252,4.8,687.0,655.5,3.0586534567535355
2026-08-27_0800,2026-08-27 08:00:00,85.308837890625,27.71270982724965,85.418701171875,27.673798524586132,-9.47,50.0,55.333333333333336,11.650120540693658
2026-08-27_0800,2026-08-27 08:00:00,85.308837890625,27.71270982724965,85.440673828125,27.673798524586132,3.09,49.0,47.5,13.682372490842738
2026-08-27_0800,2026-08-27 08:00:00,85.308837890625,27.71270982724965,85.330810546875,27.6348733585183,15.38,69.0,59.666666666666664,8.921404855972412
2026-08-27_0800,2026-08-27 08:00:00,85.308837890625,27.71270982724965,85.396728515625,27.71270982724965,8.62,83.0,76.33333333333333,8.651949907342676
2026-08-27_0800,2026-08-27 08:00:00,85.28686523437501,27.732160275740252,85.264892578125,27.69325590965681,2.0,16.0,15.666666666666666,4.836587005804936
2026-08-27_0800,2026-08-27 08:00:00,85.308837890625,27.71270982724965,85.35278320312499,27.673798524586132,6.38,313.0,294.1666666666667,6.118943220471525
2026-08-27_0800,2026-08-27 08:00:00,85.308837890625,27.71270982724965,85.528564453125,27.6348733585183,32.63,20.0,14.833333333333334,23.3043895027395
2026-08-27_0800,2026-08-27 08:00:00,85.308837890625,27.71270982724965,85.352783203125,27.790490790383224,54.29,17.0,10.666666666666666,9.669721729491368
2026-08-27_0800,2026-08-27 08:00:00,85.308837890625,27.71270982724965,85.396728515625,27.69325590965681,20.0,76.0,63.166666666666664,8.919020940579676
2026-08-27_0800,2026-08-27 08:00:00,85.308837890625,27.71270982724965,85.330810546875,27.732160275740252,1.36,297.0,293.0,3.058653456754421
2026-08-27_0800,2026-08-27 08:00:00,85.308837890625,27.71270982724965,85.242919921875,27.732160275740252,36.36,19.0,13.666666666666666,6.839357015773826
2026-08-27_0800,2026-08-27 08:00:00,85.308837890625,27.71270982724965,85.374755859375,27.65433767366391,4.14,87.0,83.5,9.179232424473586
2026-08-27_0800,2026-08-27 08:00:00,85.308837890625,27.71270982724965,85.352783203125,27.615405580779363,-1.27,25.0,25.333333333333332,11.653233303357302
2026-08-27_0800,2026-08-27 08:00:00,85.308837890625,27.71270982724965,85.374755859375,27.71270982724965,5.88,176.0,166.16666666666666,6.488962490701603
2026-08-27_0800,2026-08-27 08:00:00,85.308837890625,27.71270982724965,85.330810546875,27.615405580779363,17.39,26.0,22.0,11.03402890878744
2026-08-27_0800,2026-08-27 08:00:00,85.308837890625,27.71270982724965,85.242919921875,27.69325590965681,12.17,125.0,111.33333333333331,6.84057685557886
2026-08-27_0800,2026-08-27 08:00:00,85.308837890625,27.71270982724965,85.264892578125,27.673798524586132,9.67,120.0,109.33333333333331,6.118943220473297
2026-08-27_0800,2026-08-27 08:00:00,85.308837890625,27.71270982724965,85.396728515625,27.673798524586132,7.69,132.0,122.5,9.674898613145617
2026-08-27_0800,2026-08-27 08:00:00,85.308837890625,27.71270982724965,85.418701171875,27.71270982724965,32.74,24.0,17.833333333333332,10.814937255189546
2026-08-27_0800,2026-08-27 08:00:00,85.308837890625,27.71270982724965,85.396728515625,27.65433767366391,9.62,37.0,33.666666666666664,10.81782907739629
2026-08-27_0800,2026-08-27 08:00:00,85.308837890625,27.71270982724965,85.26489257812501,27.71270982724965,23.86,198.0,159.66666666666666,4.325975022463635
2026-08-27_0800,2026-08-27 08:00:00,85.308837890625,27.71270982724965,85.264892578125,27.65433767366391,17.65,19.0,16.0,7.800847571996221
2026-08-27_0800,2026-08-27 08:00:00,85.308837890625,27.71270982724965,85.418701171875,27.732160275740252,-2.56,18.0,18.5,11.0281315945506
2026-08-27_0800,2026-08-27 08:00:00,85.308837890625,27.71270982724965,85.286865234375,27.65433767366391,-3.52,31.0,32.166666666666664,6.841795927074654
2026-08-27_0800,2026-08-27 08:00:00,85.308837890625,27.71270982724965,85.330810546875,27.69325590965681,4.21,412.0,395.3333333333333,3.0591989856558186
2026-08-27_0800,2026-08-27 08:00:00,85.308837890625,27.71270982724965,85.330810546875,27.673798524586132,2.72,339.0,330.0,4.837449360776172
2026-08-27_0800,2026-08-27 08:00:00,85.308837890625,27.71270982724965,85.286865234375,27.71270982724965,11.29,666.0,598.3333333333334,2.1629875198323405
2026-08-27_0800,2026-08-27 08:00:00,85.308837890625,27.71270982724965,85.33081054687499,27.71270982724965,8.24,625.0,577.3333333333334,2.162987519829836
2026-08-27_0800,2026-08-27 08:00:00,85.308837890625,27.71270982724965,85.396728515625,27.6348733585183,1.12,14.0,13.833333333333334,12.2400663174369
2026-08-27_0800,2026-08-27 08:00:00,85.308837890625,27.71270982724965,85.396728515625,27.751607253506148,25.0,19.0,15.0,9.67144838543921
2026-08-27_0800,2026-08-27 08:00:00,85.308837890625,27.71270982724965,85.352783203125,27.771050758926727,5.04,124.0,118.0,7.7966750796873425
2026-08-27_0800,2026-08-27 08:00:00,85.308837890625,27.71270982724965,85.30883789062501,27.790490790383224,37.5,21.0,15.0,8.648862065319532
2026-08-27_0800,2026-08-27 08:00:00,85.308837890625,27.71270982724965,85.308837890625,27.71270982724965,4.1,15730.0,15111.0,1.0131527334793077e-13
2026-08-27_0800,2026-08-27 08:00:00,85.308837890625,27.71270982724965,85.24291992187501,27.673798524586132,38.72,82.0,58.833333333333336,7.800152690940106
2026-08-27_0800,2026-08-27 08:00:00,85.308837890625,27.71270982724965,85.396728515625,27.732160275740252,-14.85,42.0,49.5,8.917430463966953
2026-08-27_0800,2026-08-27 08:00:00,85.308837890625,27.71270982724965,85.330810546875,27.790490790383224,66.67,19.0,11.0,8.915042954882876
2026-08-27_0800,2026-08-27 08:00:00,85.308837890625,27.71270982724965,85.28686523437501,27.69325590965681,16.62,579.0,496.3333333333333,3.059198985654933
2026-08-27_0800,2026-08-27 08:00:00,85.308837890625,27.71270982724965,85.330810546875,27.65433767366391,10.57,149.0,134.66666666666666,6.841795927074654
2026-08-27_0800,2026-08-27 08:00:00,85.308837890625,27.71270982724965,85.308837890625,27.751607253506148,14.56,605.0,528.0,4.3252032481350495
2026-08-27_0800,2026-08-27 08:00:00,85.308837890625,27.71270982724965,85.352783203125,27.71270982724965,13.25,234.0,206.5,4.32597502246614
2026-08-27_0800,2026-08-27 08:00:00,85.308837890625,27.71270982724965,85.44067382812499,27.65433767366391,24.14,17.0,13.5,14.513640361165589
2026-08-27_0800,2026-08-27 08:00:00,85.28686523437501,27.732160275740252,85.352783203125,27.732160275740252,89.47,23.0,11.666666666666666,6.4878049783218845
2026-08-27_0800,2026-08-27 08:00:00,85.308837890625,27.71270982724965,85.286865234375,27.751607253506148,12.61,258.0,229.0,4.835724247179597
2026-08-27_0800,2026-08-27 08:00:00,85.28686523437501,27.732160275740252,85.308837890625,27.751607253506148,17.22,58.0,49.333333333333336,3.058107672711629
2026-08-27_0800,2026-08-27 08:00:00,85.374755859375,27.71270982724965,85.308837890625,27.71270982724965,1.12,44.0,43.5,6.488962490701603
2026-08-27_0800,2026-08-27 08:00:00,85.374755859375,27.71270982724965,85.286865234375,27.71270982724965,-12.0,10.0,11.5,8.651949907342676
2026-08-27_0800,2026-08-27 08:00:00,85.374755859375,27.71270982724965,85.33081054687499,27.71270982724965,1.59,31.0,30.5,4.325975022467392
2026-08-27_0800,2026-08-27 08:00:00,85.374755859375,27.71270982724965,85.374755859375,27.71270982724965,2.21,8727.0,8538.166666666666,1.0131527334793077e-13
2026-08-27_0800,2026-08-27 08:00:00,85.374755859375,27.71270982724965,85.330810546875,27.673798524586132,-13.67,19.0,22.166666666666668,6.118943220472411
2026-08-27_0800,2026-08-27 08:00:00,85.374755859375,27.71270982724965,85.440673828125,27.732160275740252,68.54,24.0,13.833333333333334,6.839357015773826
2026-08-27_0800,2026-08-27 08:00:00,85.374755859375,27.71270982724965,85.308837890625,27.732160275740252,2.22,22.0,21.5,6.839357015772637
2026-08-27_0800,2026-08-27 08:00:00,85.374755859375,27.71270982724965,85.374755859375,27.732160275740252,9.03,343.0,314.5,2.1627945878600388
2026-08-27_0800,2026-08-27 08:00:00,85.374755859375,27.71270982724965,85.352783203125,27.71270982724965,10.62,176.0,159.0,2.162987519831088
2026-08-27_0800,2026-08-27 08:00:00,85.374755859375,27.71270982724965,85.418701171875,27.732160275740252,-6.37,48.0,51.333333333333336,4.836155749907757
2026-08-27_0800,2026-08-27 08:00:00,85.374755859375,27.71270982724965,85.352783203125,27.732160275740252,3.4,80.0,77.33333333333333,3.0586534567535355
2026-08-27_0800,2026-08-27 08:00:00,85.374755859375,27.71270982724965,85.352783203125,27.751607253506148,-28.0,14.0,19.833333333333332,4.835724247179037
2026-08-27_0800,2026-08-27 08:00:00,85.374755859375,27.71270982724965,85.396728515625,27.732160275740252,18.15,127.0,107.33333333333331,3.058653456754421
2026-08-27_0800,2026-08-27 08:00:00,85.374755859375,27.71270982724965,85.37475585937499,27.673798524586132,-23.94,17.0,22.666666666666668,4.326746236617482
2026-08-27_0800,2026-08-27 08:00:00,85.374755859375,27.71270982724965,85.33081054687501,27.751607253506148,51.72,21.0,13.5,6.116761105115737
2026-08-27_0800,2026-08-27 08:00:00,85.374755859375,27.71270982724965,85.396728515625,27.69325590965681,-12.58,21.0,24.166666666666668,3.0591989856558186
2026-08-27_0800,2026-08-27 08:00:00,85.374755859375,27.71270982724965,85.28686523437501,27.69325590965681,79.31,25.0,13.5,8.91902094057846
2026-08-27_0800,2026-08-27 08:00:00,85.37475585937499,27.771050758926727,85.352783203125,27.771050758926727,-12.73,23.0,26.5,2.1618294668095115
2026-08-27_0800,2026-08-27 08:00:00,85.067138671875,27.751607253506148,85.067138671875,27.751607253506148,6.44,134.0,125.83333333333331,3.608553671315128e-14
2026-08-27_0800,2026-08-27 08:00:00,85.506591796875,27.71270982724965,85.506591796875,27.71270982724965,4.48,100.0,95.66666666666669,1.0131527334793077e-13
2026-08-27_0800,2026-08-27 08:00:00,84.957275390625,27.80992734625884,84.957275390625,27.80992734625884,-54.31,29.0,64.66666666666667,1.0595237556502103e-13
2026-08-27_0800,2026-08-27 08:00:00,85.220947265625,27.86821614426037,85.220947265625,27.86821614426037,25.37,13.0,10.166666666666666,1.6325720028447766e-13
2026-08-27_0800,2026-08-27 08:00:00,85.28686523437499,27.926473604009228,85.28686523437499,27.926473604009228,-29.09,12.0,17.333333333333332,2.0222549497249037e-15
2026-08-27_0800,2026-08-27 08:00:00,85.067138671875,27.848790024809517,85.067138671875,27.848790024809517,-70.0,21.0,72.33333333333333,9.644205643113741e-14
2026-08-27_0800,2026-08-27 08:00:00,85.264892578125,27.790490790383224,85.264892578125,27.790490790383224,4.46,38.0,36.333333333333336,2.1366837619491137e-14
2026-08-27_0800,2026-08-27 08:00:00,85.155029296875,27.751607253506148,85.155029296875,27.751607253506148,2.33,21.0,20.5,3.608553671315128e-14
2026-08-27_0800,2026-08-27 08:00:00,85.726318359375,27.71270982724965,85.726318359375,27.71270982724965,4.65,14.0,13.333333333333334,1.0131527334793077e-13
2026-08-27_0800,2026-08-27 08:00:00,85.35278320312501,27.65433767366391,85.33081054687499,27.71270982724965,20.0,13.0,10.666666666666666,6.841795927075609
2026-08-27_0800,2026-08-27 08:00:00,85.35278320312501,27.65433767366391,85.308837890625,27.71270982724965,24.39,16.0,12.666666666666666,7.800847571996901
2026-08-27_0800,2026-08-27 08:00:00,85.286865234375,27.907057935466664,85.286865234375,27.907057935466664,32.14,36.0,27.0,5.816231754836267e-14
2026-08-27_0800,2026-08-27 08:00:00,85.155029296875,27.732160275740252,85.155029296875,27.732160275740252,11.83,51.0,45.5,1.67670491015947e-13
2026-08-27_0800,2026-08-27 08:00:00,85.37475585937499,27.771050758926727,85.37475585937499,27.771050758926727,-0.12,844.0,845.0,1.2207854514058405e-13
2026-08-27_0800,2026-08-27 08:00:00,85.37475585937499,27.771050758926727,85.352783203125,27.751607253506148,-6.8,15.0,16.166666666666668,3.057561633821362
2026-08-27_0800,2026-08-27 08:00:00,85.374755859375,27.71270982724965,85.308837890625,27.69325590965681,7.69,13.0,12.0,6.84057685557767
2026-08-27_0800,2026-08-27 08:00:00,85.26489257812499,27.751607253506148,85.26489257812499,27.751607253506148,4.43,54.0,51.666666666666664,3.608553671315128e-14
2026-08-27_0800,2026-08-27 08:00:00,85.374755859375,27.71270982724965,85.418701171875,27.673798524586132,-1.49,10.0,10.166666666666666,6.118943220473297
2026-08-27_0800,2026-08-27 08:00:00,85.374755859375,27.71270982724965,85.35278320312501,27.65433767366391,-2.33,13.0,13.333333333333334,6.841795927073861
2026-08-27_0800,2026-08-27 08:00:00,85.352783203125,27.732160275740252,85.396728515625,27.751607253506148,26.71,33.0,25.833333333333332,4.8352927895312305
2026-08-27_0800,2026-08-27 08:00:00,85.352783203125,27.732160275740252,85.352783203125,27.751607253506148,9.5,268.0,244.66666666666663,2.1624086602752115
2026-08-27_0800,2026-08-27 08:00:00,85.352783203125,27.732160275740252,85.374755859375,27.732160275740252,24.53,384.0,308.1666666666667,2.162601682396733
2026-08-27_0800,2026-08-27 08:00:00,85.352783203125,27.732160275740252,85.396728515625,27.673798524586132,28.97,22.0,16.833333333333332,7.799457392222397
2026-08-27_0800,2026-08-27 08:00:00,85.352783203125,27.732160275740252,85.30883789062499,27.65433767366391,23.91,18.0,14.333333333333334,9.674898279012574
2026-08-27_0800,2026-08-27 08:00:00,85.352783203125,27.732160275740252,85.37475585937499,27.771050758926727,-27.78,12.0,17.0,4.834861085374408
2026-08-27_0800,2026-08-27 08:00:00,85.352783203125,27.732160275740252,85.330810546875,27.673798524586132,14.94,49.0,42.5,6.840576658797092
2026-08-27_0800,2026-08-27 08:00:00,85.352783203125,27.732160275740252,85.35278320312501,27.65433767366391,37.35,37.0,26.666666666666668,8.653492111773652
2026-08-27_0800,2026-08-27 08:00:00,85.352783203125,27.732160275740252,85.352783203125,27.771050758926727,12.5,59.0,52.333333333333336,4.324431212760916
2026-08-27_0800,2026-08-27 08:00:00,85.352783203125,27.732160275740252,85.308837890625,27.732160275740252,-14.51,53.0,62.166666666666664,4.325203347578266
2026-08-27_0800,2026-08-27 08:00:00,85.352783203125,27.732160275740252,85.37475585937499,27.673798524586132,-7.94,28.0,30.5,6.840576658796301
2026-08-27_0800,2026-08-27 08:00:00,85.352783203125,27.732160275740252,85.308837890625,27.69325590965681,-10.2,21.0,23.5,6.117852418087862
2026-08-27_0800,2026-08-27 08:00:00,85.28686523437501,27.732160275740252,85.286865234375,27.751607253506148,4.35,27.0,25.833333333333332,2.1624086602752115
2026-08-27_0800,2026-08-27 08:00:00,85.352783203125,27.732160275740252,85.396728515625,27.69325590965681,-25.0,10.0,13.666666666666666,6.117852418086977
2026-08-27_0800,2026-08-27 08:00:00,85.352783203125,27.732160275740252,85.330810546875,27.732160275740252,11.28,142.0,127.5,2.1626016823979852
2026-08-27_0800,2026-08-27 08:00:00,85.352783203125,27.732160275740252,85.286865234375,27.751607253506148,43.75,22.0,15.0,6.838136605450694
2026-08-27_0800,2026-08-27 08:00:00,85.352783203125,27.732160275740252,85.352783203125,27.69325590965681,41.18,83.0,58.5,4.325974922895328
2026-08-27_0800,2026-08-27 08:00:00,85.352783203125,27.732160275740252,85.33081054687501,27.751607253506148,0.93,89.0,88.16666666666667,3.058107672711629
2026-08-27_0800,2026-08-27 08:00:00,85.374755859375,27.71270982724965,85.308837890625,27.751607253506148,-0.97,16.0,16.166666666666668,7.797371028608729
2026-08-27_0800,2026-08-27 08:00:00,85.374755859375,27.71270982724965,85.35278320312499,27.673798524586132,15.49,40.0,34.5,4.837449360776733
2026-08-27_0800,2026-08-27 08:00:00,85.374755859375,27.71270982724965,85.418701171875,27.751607253506148,13.39,23.0,20.166666666666668,6.116761105117507
2026-08-27_0800,2026-08-27 08:00:00,85.374755859375,27.71270982724965,85.418701171875,27.71270982724965,9.62,18.0,16.333333333333332,4.32597502246614
2026-08-27_0800,2026-08-27 08:00:00,85.374755859375,27.71270982724965,85.330810546875,27.69325590965681,16.25,30.0,25.666666666666668,4.8370183068660815
2026-08-27_0800,2026-08-27 08:00:00,85.374755859375,27.71270982724965,85.352783203125,27.69325590965681,5.49,47.0,44.5,3.059198985654933
2026-08-27_0800,2026-08-27 08:00:00,85.374755859375,27.71270982724965,85.396728515625,27.71270982724965,15.51,210.0,181.66666666666663,2.1629875198323405
2026-08-27_0800,2026-08-27 08:00:00,85.374755859375,27.71270982724965,85.37475585937501,27.69325590965681,16.81,116.0,99.16666666666669,2.1631803350353
2026-08-27_0800,2026-08-27 08:00:00,85.242919921875,27.790490790383224,85.242919921875,27.790490790383224,10.68,18.0,16.166666666666668,2.1366837619491137e-14
2026-08-27_0800,2026-08-27 08:00:00,85.22094726562501,27.751607253506148,85.22094726562501,27.751607253506148,4.03,42.0,40.333333333333336,3.608553671315128e-14
2026-08-27_0800,2026-08-27 08:00:00,85.770263671875,27.790490790383224,85.770263671875,27.790490790383224,-4.55,13.0,13.666666666666666,2.1366837619491137e-14
2026-08-27_0800,2026-08-27 08:00:00,85.352783203125,27.732160275740252,85.308837890625,27.771050758926727,-4.0,11.0,11.5,6.115669282158945
2026-08-27_0800,2026-08-27 08:00:00,85.352783203125,27.732160275740252,85.330810546875,27.771050758926727,-30.0,13.0,19.0,4.834861085375527
2026-08-27_0800,2026-08-27 08:00:00,85.352783203125,27.732160275740252,85.396728515625,27.71270982724965,4.85,35.0,33.333333333333336,4.836155749906766
2026-08-27_0800,2026-08-27 08:00:00,85.352783203125,27.732160275740252,85.28686523437501,27.69325590965681,32.0,32.0,24.0,7.798762185210361
2026-08-27_0800,2026-08-27 08:00:00,85.374755859375,27.71270982724965,85.330810546875,27.732160275740252,4.59,18.0,17.166666666666668,4.836155749906638
2026-08-27_0800,2026-08-27 08:00:00,85.770263671875,27.771050758926727,85.770263671875,27.771050758926727,12.2,45.0,40.0,1.2207854514058405e-13
2026-08-27_0800,2026-08-27 08:00:00,85.374755859375,27.71270982724965,85.396728515625,27.751607253506148,24.64,42.0,33.5,4.835724247179597
2026-08-27_0800,2026-08-27 08:00:00,85.308837890625,27.926473604009228,85.308837890625,27.926473604009228,2.72,43.0,41.833333333333336,2.0222549497249037e-15
2026-08-27_0800,2026-08-27 08:00:00,85.440673828125,27.673798524586132,85.308837890625,27.71270982724965,80.0,20.0,10.666666666666666,13.682372490842726
2026-08-27_0800,2026-08-27 08:00:00,85.440673828125,27.673798524586132,85.44067382812501,27.71270982724965,30.43,14.0,10.5,4.326746236617503
2026-08-27_0800,2026-08-27 08:00:00,85.462646484375,27.751607253506148,85.462646484375,27.751607253506148,38.01,94.0,67.83333333333333,3.608553671315128e-14
2026-08-27_0800,2026-08-27 08:00:00,85.550537109375,27.790490790383224,85.550537109375,27.790490790383224,46.34,19.0,12.666666666666666,2.1366837619491137e-14
2026-08-27_0800,2026-08-27 08:00:00,85.308837890625,27.673798524586132,85.374755859375,27.71270982724965,12.37,55.0,48.833333333333336,7.800152690941243
2026-08-27_0800,2026-08-27 08:00:00,85.308837890625,27.673798524586132,85.396728515625,27.71270982724965,17.79,31.0,26.166666666666668,9.67489861314571
2026-08-27_0800,2026-08-27 08:00:00,85.308837890625,27.673798524586132,85.374755859375,27.732160275740252,15.91,33.0,28.333333333333332,9.1775966042868
2026-08-27_0800,2026-08-27 08:00:00,85.308837890625,27.673798524586132,85.286865234375,27.71270982724965,-24.31,68.0,90.16666666666669,4.837449360776031
2026-08-27_0800,2026-08-27 08:00:00,85.308837890625,27.673798524586132,85.286865234375,27.751607253506148,-11.11,19.0,21.5,8.918225394025878
2026-08-27_0800,2026-08-27 08:00:00,85.308837890625,27.673798524586132,85.352783203125,27.751607253506148,4.0,52.0,49.96087090096097,9.673173569499031
2026-08-27_0800,2026-08-27 08:00:00,85.308837890625,27.673798524586132,85.352783203125,27.771050758926727,4.49,30.0,28.666666666666668,11.64700428941778
2026-08-27_0800,2026-08-27 08:00:00,85.308837890625,27.673798524586132,85.308837890625,27.751607253506148,26.85,98.0,77.04677124467648,8.65194948475281
2026-08-27_0800,2026-08-27 08:00:00,85.308837890625,27.673798524586132,85.352783203125,27.732160275740252,26.92,109.0,85.66666666666667,7.799457392222855
2026-08-27_0800,2026-08-27 08:00:00,85.308837890625,27.673798524586132,85.396728515625,27.732160275740252,54.29,17.0,10.666666666666666,10.81590124469542
2026-08-27_0800,2026-08-27 08:00:00,85.308837890625,27.673798524586132,85.28686523437501,27.732160275740252,-0.44,75.0,75.33333333333333,6.840576658796454
2026-08-27_0800,2026-08-27 08:00:00,85.22094726562499,27.907057935466664,85.22094726562499,27.907057935466664,-58.29,12.0,30.166666666666668,5.816231754836267e-14
2026-08-27_0800,2026-08-27 08:00:00,85.308837890625,27.673798524586132,85.308837890625,27.71270982724965,9.5,168.0,153.33333333333334,4.326746236617503
2026-08-27_0800,2026-08-27 08:00:00,85.704345703125,27.771050758926727,85.726318359375,27.771050758926727,-32.17,12.0,18.166666666666668,2.161829466812015
2026-08-27_0800,2026-08-27 08:00:00,85.50659179687499,27.751607253506148,85.50659179687499,27.751607253506148,14.86,75.0,65.16666666666667,3.608553671315128e-14
2026-08-27_0800,2026-08-27 08:00:00,85.28686523437501,27.732160275740252,85.33081054687501,27.751607253506148,48.67,27.0,17.833333333333332,4.8352927895323505
2026-08-27_0800,2026-08-27 08:00:00,85.28686523437501,27.732160275740252,85.264892578125,27.732160275740252,33.33,15.0,11.0,2.162601682399237
2026-08-27_0800,2026-08-27 08:00:00,85.528564453125,27.71270982724965,85.528564453125,27.71270982724965,-20.97,97.0,123.0,1.0131527334793077e-13
2026-08-27_0800,2026-08-27 08:00:00,85.28686523437501,27.732160275740252,85.286865234375,27.71270982724965,42.13,139.0,97.5,2.16279458785999
2026-08-27_0800,2026-08-27 08:00:00,85.28686523437501,27.732160275740252,85.26489257812501,27.71270982724965,6.15,22.0,20.666666666666668,3.058653456753713
2026-08-27_0800,2026-08-27 08:00:00,85.28686523437501,27.732160275740252,85.308837890625,27.732160275740252,30.68,136.0,103.83333333333331,2.162601682396733
2026-08-27_0800,2026-08-27 08:00:00,85.28686523437501,27.732160275740252,85.308837890625,27.71270982724965,10.88,89.0,80.16666666666667,3.058653456753713
2026-08-27_0800,2026-08-27 08:00:00,85.28686523437501,27.732160275740252,85.330810546875,27.732160275740252,-11.11,15.0,17.0,4.325203347577014
2026-08-27_0800,2026-08-27 08:00:00,85.28686523437501,27.732160275740252,85.308837890625,27.69325590965681,38.0,22.0,15.666666666666666,4.836587005803816
2026-08-27_0800,2026-08-27 08:00:00,85.28686523437501,27.732160275740252,85.308837890625,27.771050758926727,28.57,14.0,10.666666666666666,4.834861085374968
2026-08-27_0800,2026-08-27 08:00:00,85.28686523437501,27.732160275740252,85.28686523437501,27.732160275740252,2.63,6772.0,6598.5,1.67670491015947e-13
2026-08-27_0800,2026-08-27 08:00:00,85.28686523437501,27.732160275740252,85.28686523437501,27.69325590965681,31.71,35.0,26.333333333333332,4.325974922895328
2026-08-27_0800,2026-08-27 08:00:00,85.28686523437501,27.732160275740252,85.33081054687499,27.71270982724965,21.28,18.0,14.666666666666666,4.836155749904526
2026-08-27_0800,2026-08-27 08:00:00,85.28686523437501,27.732160275740252,85.352783203125,27.69325590965681,-6.25,14.0,15.0,7.798762185210361
2026-08-27_0800,2026-08-27 08:00:00,85.28686523437501,27.732160275740252,85.330810546875,27.69325590965681,-1.27,12.0,12.166666666666666,6.117852418086977
2026-08-27_0800,2026-08-27 08:00:00,85.704345703125,27.771050758926727,85.704345703125,27.771050758926727,-24.93,125.0,166.83333333333334,1.2207854514058405e-13
2026-08-27_0800,2026-08-27 08:00:00,85.308837890625,27.673798524586132,85.33081054687501,27.751607253506148,10.0,76.0,69.0,8.918225394026182
2026-08-27_0800,2026-08-27 08:00:00,85.352783203125,27.732160275740252,85.330810546875,27.65433767366391,10.0,21.0,19.0,8.919815497580409
2026-08-27_0800,2026-08-27 08:00:00,85.308837890625,27.673798524586132,85.308837890625,27.771050758926727,-23.53,12.0,16.0,10.813972037238702
2026-08-27_0800,2026-08-27 08:00:00,85.308837890625,27.69325590965681,85.308837890625,27.751607253506148,-5.9,185.0,196.66666666666663,6.488383583170236
2026-08-27_0800,2026-08-27 08:00:00,85.308837890625,27.69325590965681,85.33081054687501,27.751607253506148,3.62,185.0,178.5,6.839356819337618
2026-08-27_0800,2026-08-27 08:00:00,85.308837890625,27.69325590965681,85.26489257812501,27.71270982724965,22.64,157.0,127.83333333333331,4.83701830686473
2026-08-27_0800,2026-08-27 08:00:00,85.308837890625,27.69325590965681,85.374755859375,27.71270982724965,-4.43,132.0,138.16666666666666,6.8405768555776385
2026-08-27_0800,2026-08-27 08:00:00,85.308837890625,27.69325590965681,85.418701171875,27.732160275740252,-11.27,20.0,22.666666666666668,11.648043714433776
2026-08-27_0800,2026-08-27 08:00:00,85.308837890625,27.69325590965681,85.308837890625,27.71270982724965,5.85,671.0,633.8333333333334,2.163180335035057
2026-08-27_0800,2026-08-27 08:00:00,85.308837890625,27.69325590965681,85.286865234375,27.751607253506148,-0.24,67.0,67.16666666666667,6.8393568193372225
2026-08-27_0800,2026-08-27 08:00:00,85.308837890625,27.69325590965681,85.330810546875,27.732160275740252,7.43,146.0,135.83333333333334,4.836587005804419
2026-08-27_0800,2026-08-27 08:00:00,85.308837890625,27.69325590965681,85.264892578125,27.732160275740252,-32.08,11.0,16.666666666666668,6.117852418087902
2026-08-27_0800,2026-08-27 08:00:00,85.308837890625,27.69325590965681,85.286865234375,27.71270982724965,13.92,314.0,275.5,3.059198985655512
2026-08-27_0800,2026-08-27 08:00:00,85.308837890625,27.69325590965681,85.37475585937499,27.771050758926727,50.0,22.0,14.333333333333334,10.813007596501294
2026-08-27_0800,2026-08-27 08:00:00,85.242919921875,27.71270982724965,85.242919921875,27.71270982724965,6.56,321.0,301.1666666666667,1.0131527334793077e-13
2026-08-27_0800,2026-08-27 08:00:00,85.308837890625,27.673798524586132,85.26489257812501,27.71270982724965,11.86,54.0,48.166666666666664,6.118943220471615
2026-08-27_0800,2026-08-27 08:00:00,85.308837890625,27.69325590965681,85.28686523437501,27.732160275740252,3.82,212.0,204.16666666666663,4.83658700580386
2026-08-27_0800,2026-08-27 08:00:00,85.572509765625,27.71270982724965,85.572509765625,27.71270982724965,8.81,34.0,31.166666666666668,1.0131527334793077e-13
2026-08-27_0800,2026-08-27 08:00:00,85.308837890625,27.69325590965681,85.352783203125,27.71270982724965,4.04,145.0,139.33333333333334,4.83701830686697
2026-08-27_0800,2026-08-27 08:00:00,85.308837890625,27.69325590965681,85.418701171875,27.71270982724965,63.64,23.0,13.666666666666666,11.03009852739946
2026-08-27_0800,2026-08-27 08:00:00,85.308837890625,27.69325590965681,85.352783203125,27.771050758926727,27.54,70.0,54.666666666666664,9.671448052679809
2026-08-27_0800,2026-08-27 08:00:00,85.308837890625,27.69325590965681,85.242919921875,27.71270982724965,15.6,20.0,17.166666666666668,6.840576855578826
2026-08-27_0800,2026-08-27 08:00:00,85.308837890625,27.673798524586132,85.330810546875,27.732160275740252,-7.91,63.0,68.5,6.8405766587968495
2026-08-27_0800,2026-08-27 08:00:00,85.308837890625,27.673798524586132,85.352783203125,27.71270982724965,1.22,68.0,67.16666666666667,6.118943220473385
2026-08-27_0800,2026-08-27 08:00:00,85.308837890625,27.673798524586132,85.308837890625,27.732160275740252,-6.64,88.0,94.33333333333331,6.489540824477468
2026-08-27_0800,2026-08-27 08:00:00,85.308837890625,27.69325590965681,85.33081054687499,27.71270982724965,12.5,326.0,289.6666666666667,3.059198985653741
2026-08-27_0800,2026-08-27 08:00:00,85.308837890625,27.69325590965681,85.352783203125,27.732160275740252,5.3,191.0,181.33333333333337,6.117852418087902
2026-08-27_0800,2026-08-27 08:00:00,85.308837890625,27.69325590965681,85.374755859375,27.732160275740252,5.88,77.0,72.66666666666667,7.798762185210407
2026-08-27_0800,2026-08-27 08:00:00,85.308837890625,27.69325590965681,85.242919921875,27.732160275740252,41.67,16.0,11.0,7.79876218521145
2026-08-27_0800,2026-08-27 08:00:00,85.308837890625,27.69325590965681,85.330810546875,27.771050758926727,-5.88,23.0,24.5,8.916634546172702
2026-08-27_0800,2026-08-27 08:00:00,85.308837890625,27.69325590965681,85.308837890625,27.732160275740252,3.11,270.0,261.8333333333333,4.3259749228953055
2026-08-27_0800,2026-08-27 08:00:00,85.308837890625,27.69325590965681,85.396728515625,27.71270982724965,14.47,86.0,75.0,8.91902094057969
2026-08-27_0800,2026-08-27 08:00:00,85.308837890625,27.69325590965681,85.396728515625,27.732160275740252,0.73,22.0,21.833333333333332,9.6731739029455
2026-08-27_0800,2026-08-27 08:00:00,85.308837890625,27.69325590965681,85.308837890625,27.771050758926727,14.75,34.0,29.5,8.650406135655993
2026-08-27_0800,2026-08-27 08:00:00,85.308837890625,27.673798524586132,85.33081054687499,27.71270982724965,-3.77,114.0,118.5,4.837449360774911
2026-08-27_0800,2026-08-27 08:00:00,85.308837890625,27.69325590965681,85.352783203125,27.751607253506148,8.23,113.0,104.33333333333331,7.798066561201221
2026-08-27_1600,2026-08-27 16:00:00,85.35278320312499,27.673798524586132,85.308837890625,27.732160275740252,-21.57,19.0,24.5,7.799457392221467
2026-08-27_1600,2026-08-27 16:00:00,85.35278320312499,27.673798524586132,85.286865234375,27.71270982724965,-19.46,19.0,23.833333333333332,7.8001526909402
2026-08-27_1600,2026-08-27 16:00:00,85.308837890625,27.751607253506148,85.352783203125,27.732160275740252,-23.77,30.0,39.666666666666664,4.835292789532241
2026-08-27_1600,2026-08-27 16:00:00,85.44067382812501,27.71270982724965,85.44067382812501,27.71270982724965,16.82,227.0,194.16666666666663,1.0131527334793077e-13
2026-08-27_1600,2026-08-27 16:00:00,85.308837890625,27.751607253506148,85.308837890625,27.751607253506148,14.2,11760.0,10297.666666666666,3.608553671315128e-14
2026-08-27_1600,2026-08-27 16:00:00,85.308837890625,27.751607253506148,85.330810546875,27.771050758926727,73.83,30.0,16.833333333333332,3.0575616338228566
2026-08-27_1600,2026-08-27 16:00:00,85.35278320312499,27.673798524586132,85.352783203125,27.751607253506148,59.04,21.0,12.833333333333334,8.65194948475281
2026-08-27_1600,2026-08-27 16:00:00,85.308837890625,27.751607253506148,85.286865234375,27.751607253506148,77.54,88.0,49.12875867666353,2.1622156646545267
2026-08-27_1600,2026-08-27 16:00:00,85.308837890625,27.751607253506148,85.28686523437501,27.771050758926727,29.73,15.0,11.333333333333334,3.057561633821971
2026-08-27_1600,2026-08-27 16:00:00,85.308837890625,27.751607253506148,85.352783203125,27.69325590965681,-36.84,25.0,40.166666666666664,7.798066561201203
2026-08-27_1600,2026-08-27 16:00:00,85.308837890625,27.751607253506148,85.352783203125,27.71270982724965,-17.56,35.0,42.666666666666664,6.116761105117646
2026-08-27_1600,2026-08-27 16:00:00,85.308837890625,27.751607253506148,85.308837890625,27.732160275740252,-13.88,479.0,556.3333333333334,2.162408660275157
2026-08-27_1600,2026-08-27 16:00:00,85.308837890625,27.751607253506148,85.28686523437501,27.69325590965681,-18.73,33.0,40.833333333333336,6.839356819336776
2026-08-27_1600,2026-08-27 16:00:00,85.308837890625,27.751607253506148,85.330810546875,27.732160275740252,-51.01,84.0,172.5,3.058107672712538
2026-08-27_1600,2026-08-27 16:00:00,85.308837890625,27.751607253506148,85.308837890625,27.71270982724965,-30.88,224.0,324.5,4.325203248135176
2026-08-27_1600,2026-08-27 16:00:00,85.308837890625,27.751607253506148,85.308837890625,27.69325590965681,-53.59,55.0,119.66666666666669,6.488383583170239
2026-08-27_1600,2026-08-27 16:00:00,85.35278320312499,27.673798524586132,85.374755859375,27.732160275740252,13.51,13.0,11.333333333333334,6.840576658797246
2026-08-27_1600,2026-08-27 16:00:00,85.308837890625,27.751607253506148,85.352783203125,27.771050758926727,50.0,18.0,11.666666666666666,4.834429426207909
2026-08-27_1600,2026-08-27 16:00:00,85.308837890625,27.751607253506148,85.352783203125,27.751607253506148,52.46,30.0,19.333333333333332,4.32443131207219
2026-08-27_1600,2026-08-27 16:00:00,85.308837890625,27.751607253506148,85.28686523437501,27.732160275740252,31.0,49.0,37.166666666666664,3.0581076727116523
2026-08-27_1600,2026-08-27 16:00:00,85.35278320312499,27.673798524586132,85.374755859375,27.71270982724965,27.27,27.0,21.0,4.83744936077659
2026-08-27_1600,2026-08-27 16:00:00,85.023193359375,28.02349961202854,85.023193359375,28.02349961202854,-56.0,10.0,24.0,3.1875475596824437e-14
2026-08-27_1600,2026-08-27 16:00:00,85.35278320312499,27.673798524586132,85.352783203125,27.732160275740252,21.78,40.0,32.666666666666664,6.489540824477468
2026-08-27_1600,2026-08-27 16:00:00,85.286865234375,27.673798524586132,85.330810546875,27.732160275740252,-25.0,18.0,24.333333333333332,7.799457392222855
2026-08-27_1600,2026-08-27 16:00:00,85.286865234375,27.673798524586132,85.33081054687499,27.71270982724965,-64.14,25.0,71.5,6.118943220471615
2026-08-27_1600,2026-08-27 16:00:00,85.286865234375,27.673798524586132,85.308837890625,27.71270982724965,-53.29,38.0,82.5,4.837449360776031
2026-08-27_1600,2026-08-27 16:00:00,85.68237304687499,27.71270982724965,85.68237304687499,27.71270982724965,13.92,14.0,12.166666666666666,1.0131527334793077e-13
2026-08-27_1600,2026-08-27 16:00:00,85.418701171875,27.673798524586132,85.308837890625,27.71270982724965,-70.67,10.0,36.5,11.650120540693669
2026-08-27_1600,2026-08-27 16:00:00,85.418701171875,27.673798524586132,85.352783203125,27.71270982724965,-8.16,14.0,15.333333333333334,7.800152690941243
2026-08-27_1600,2026-08-27 16:00:00,85.418701171875,27.673798524586132,85.33081054687499,27.71270982724965,-55.0,14.0,32.333333333333336,9.674898613147953
2026-08-27_1600,2026-08-27 16:00:00,85.418701171875,27.673798524586132,85.330810546875,27.732160275740252,-34.65,10.0,15.833333333333334,10.81590124469542
2026-08-27_1600,2026-08-27 16:00:00,85.39672851562499,27.771050758926727,85.39672851562499,27.771050758926727,2.11,136.0,133.16666666666666,1.2207854514058405e-13
2026-08-27_1600,2026-08-27 16:00:00,85.220947265625,27.71270982724965,85.220947265625,27.69325590965681,32.63,20.0,14.833333333333334,2.1631803350353
2026-08-27_1600,2026-08-27 16:00:00,85.220947265625,27.71270982724965,85.220947265625,27.71270982724965,19.66,283.0,236.33333333333337,1.0131527334793077e-13
2026-08-27_1600,2026-08-27 16:00:00,85.484619140625,27.71270982724965,85.484619140625,27.71270982724965,5.84,165.0,155.83333333333334,1.0131527334793077e-13
2026-08-27_1600,2026-08-27 16:00:00,85.220947265625,27.69325590965681,85.286865234375,27.71270982724965,-21.34,12.0,15.525981381635122,6.840576855578826
2026-08-27_1600,2026-08-27 16:00:00,85.220947265625,27.69325590965681,85.308837890625,27.732160275740252,37.14,15.0,10.666666666666666,9.67317390294662
2026-08-27_1600,2026-08-27 16:00:00,85.220947265625,27.69325590965681,85.33081054687499,27.71270982724965,-44.86,16.0,29.833333333333332,11.030098527398232
2026-08-27_1600,2026-08-27 16:00:00,85.220947265625,27.69325590965681,85.308837890625,27.71270982724965,-37.66,31.0,50.333333333333336,8.919020940580905
2026-08-27_1600,2026-08-27 16:00:00,85.550537109375,27.86821614426037,85.550537109375,27.86821614426037,-35.14,11.0,17.5,1.6325720028447766e-13
2026-08-27_1600,2026-08-27 16:00:00,85.133056640625,27.926473604009228,85.133056640625,27.926473604009228,-83.24,34.0,207.83333333333337,2.0222549497249037e-15
2026-08-27_1600,2026-08-27 16:00:00,85.35278320312499,27.673798524586132,85.33081054687499,27.71270982724965,-65.71,73.0,214.83333333333337,4.837449360776031
2026-08-27_1600,2026-08-27 16:00:00,85.35278320312499,27.673798524586132,85.308837890625,27.71270982724965,-49.64,91.0,181.66666666666663,6.118943220471615
2026-08-27_1600,2026-08-27 16:00:00,85.35278320312499,27.673798524586132,85.330810546875,27.732160275740252,-41.89,42.0,73.0,6.840576658796057
2026-08-27_1600,2026-08-27 16:00:00,85.35278320312499,27.673798524586132,85.352783203125,27.71270982724965,-31.89,62.0,91.5,4.326746236617503
2026-08-27_1600,2026-08-27 16:00:00,85.308837890625,27.751607253506148,85.30883789062501,27.790490790383224,7.14,14.0,13.0,4.32365881718449
2026-08-27_1600,2026-08-27 16:00:00,85.352783203125,27.790490790383224,85.352783203125,27.771050758926727,-21.89,21.0,27.166666666666668,2.1616362646986547
2026-08-27_1600,2026-08-27 16:00:00,85.308837890625,27.751607253506148,85.308837890625,27.771050758926727,21.74,83.0,68.0,2.162022552485689
2026-08-27_1600,2026-08-27 16:00:00,85.396728515625,27.732160275740252,85.374755859375,27.71270982724965,-4.12,65.0,67.83333333333333,3.0586534567545987
2026-08-27_1600,2026-08-27 16:00:00,85.396728515625,27.732160275740252,85.396728515625,27.751607253506148,-14.96,17.0,20.166666666666668,2.1624086602752115
2026-08-27_1600,2026-08-27 16:00:00,85.704345703125,27.751607253506148,85.704345703125,27.751607253506148,31.39,29.0,21.833333333333332,3.608553671315128e-14
2026-08-27_1600,2026-08-27 16:00:00,85.61645507812499,27.80992734625884,85.61645507812499,27.80992734625884,-17.35,26.0,31.666666666666668,1.0595237556502103e-13
2026-08-27_1600,2026-08-27 16:00:00,85.572509765625,27.732160275740252,85.572509765625,27.732160275740252,-13.25,11.0,12.833333333333334,1.67670491015947e-13
2026-08-27_1600,2026-08-27 16:00:00,85.37475585937501,27.69325590965681,85.374755859375,27.71270982724965,28.96,94.0,72.66666666666667,2.163180335035057
2026-08-27_1600,2026-08-27 16:00:00,85.37475585937501,27.69325590965681,85.330810546875,27.732160275740252,-37.87,34.0,55.333333333333336,6.117852418088787
2026-08-27_1600,2026-08-27 16:00:00,85.37475585937501,27.69325590965681,85.396728515625,27.71270982724965,3.35,35.0,33.833333333333336,3.059198985653741
2026-08-27_1600,2026-08-27 16:00:00,85.37475585937501,27.69325590965681,85.308837890625,27.732160275740252,9.09,19.0,17.333333333333332,7.7987621852124915
2026-08-27_1600,2026-08-27 16:00:00,85.396728515625,27.732160275740252,85.308837890625,27.71270982724965,-65.98,10.0,31.333333333333332,8.917430463966909
2026-08-27_1600,2026-08-27 16:00:00,85.37475585937501,27.69325590965681,85.352783203125,27.732160275740252,19.32,34.0,28.333333333333332,4.836587005804979
2026-08-27_1600,2026-08-27 16:00:00,85.37475585937501,27.69325590965681,85.33081054687499,27.71270982724965,-60.85,57.0,147.16666666666666,4.83701830687033
2026-08-27_1600,2026-08-27 16:00:00,85.37475585937501,27.69325590965681,85.308837890625,27.71270982724965,-34.1,95.0,144.66666666666666,6.840576855580014
2026-08-27_1600,2026-08-27 16:00:00,85.37475585937501,27.69325590965681,85.286865234375,27.71270982724965,-32.08,11.0,16.666666666666668,8.91902094058212
2026-08-27_1600,2026-08-27 16:00:00,85.37475585937501,27.69325590965681,85.33081054687501,27.751607253506148,25.37,13.0,10.166666666666666,7.798066561201221
2026-08-27_1600,2026-08-27 16:00:00,85.177001953125,27.71270982724965,85.177001953125,27.71270982724965,32.4,78.0,58.666666666666664,1.0131527334793077e-13
2026-08-27_1600,2026-08-27 16:00:00,85.660400390625,27.94588578570596,85.660400390625,27.94588578570596,48.31,21.0,13.833333333333334,2.2447252227959835e-14
2026-08-27_1600,2026-08-27 16:00:00,85.089111328125,27.771050758926727,85.089111328125,27.771050758926727,32.35,14.0,10.333333333333334,1.2207854514058405e-13
2026-08-27_1600,2026-08-27 16:00:00,85.572509765625,27.790490790383224,85.572509765625,27.790490790383224,6.58,53.0,49.666666666666664,2.1366837619491137e-14
2026-08-27_1600,2026-08-27 16:00:00,85.286865234375,27.673798524586132,85.286865234375,27.71270982724965,-27.1,12.0,16.833333333333332,4.326746236617503
2026-08-27_1600,2026-08-27 16:00:00,85.37475585937501,27.69325590965681,85.352783203125,27.71270982724965,-44.58,51.0,92.83333333333331,3.0591989856563977
2026-08-27_1600,2026-08-27 16:00:00,85.396728515625,27.732160275740252,85.330810546875,27.732160275740252,-34.38,13.0,20.333333333333332,6.4878049783218845
2026-08-27_1600,2026-08-27 16:00:00,85.396728515625,27.732160275740252,85.33081054687499,27.71270982724965,-48.18,18.0,35.666666666666664,6.839357015774993
2026-08-27_1600,2026-08-27 16:00:00,85.396728515625,27.732160275740252,85.418701171875,27.732160275740252,38.05,25.0,17.833333333333332,2.1626016823979852
2026-08-27_1600,2026-08-27 16:00:00,85.308837890625,27.751607253506148,85.286865234375,27.71270982724965,-8.99,53.0,58.333333333333336,4.83572424718008
2026-08-27_1600,2026-08-27 16:00:00,85.308837890625,27.751607253506148,85.330810546875,27.69325590965681,-72.76,33.0,123.83333333333331,6.839356819337173
2026-08-27_1600,2026-08-27 16:00:00,85.308837890625,27.751607253506148,85.308837890625,27.673798524586132,-50.33,24.0,49.333333333333336,8.651949484752839
2026-08-27_1600,2026-08-27 16:00:00,85.308837890625,27.751607253506148,85.330810546875,27.673798524586132,-36.42,15.0,24.166666666666668,8.918225394025994
2026-08-27_1600,2026-08-27 16:00:00,85.308837890625,27.751607253506148,85.33081054687499,27.71270982724965,-62.54,56.0,151.16666666666666,4.83572424717896
2026-08-27_1600,2026-08-27 16:00:00,85.242919921875,27.829360424938628,85.242919921875,27.829360424938628,4.17,74.0,71.0,5.538235803950223e-15
2026-08-27_1600,2026-08-27 16:00:00,85.550537109375,27.848790024809517,85.550537109375,27.848790024809517,-2.94,10.0,10.333333333333334,9.644205643113741e-14
2026-08-27_1600,2026-08-27 16:00:00,85.001220703125,27.790490790383224,85.001220703125,27.790490790383224,30.33,163.0,124.83333333333331,2.1366837619491137e-14
2026-08-27_1600,2026-08-27 16:00:00,85.836181640625,27.732160275740252,85.836181640625,27.732160275740252,-2.7,17.0,17.5,1.67670491015947e-13
2026-08-27_1600,2026-08-27 16:00:00,85.198974609375,27.887638781681872,85.198974609375,27.887638781681872,47.83,16.0,10.5,2.1864401118150494e-14
2026-08-27_1600,2026-08-27 16:00:00,85.484619140625,27.771050758926727,85.484619140625,27.771050758926727,-20.88,11.0,14.166666666666666,1.2207854514058405e-13
2026-08-27_1600,2026-08-27 16:00:00,85.308837890625,27.6348733585183,85.308837890625,27.71270982724965,-30.64,19.0,27.833333333333332,8.655034015881297
2026-08-27_1600,2026-08-27 16:00:00,85.264892578125,27.86821614426037,85.264892578125,27.86821614426037,-28.36,23.0,32.5,1.6325720028447766e-13
2026-08-27_1600,2026-08-27 16:00:00,85.352783203125,27.790490790383224,85.352783203125,27.790490790383224,9.53,457.0,417.1666666666667,2.1366837619491137e-14
2026-08-27_1600,2026-08-27 16:00:00,85.594482421875,27.71270982724965,85.594482421875,27.71270982724965,7.04,37.0,34.5,1.0131527334793077e-13
2026-08-27_1600,2026-08-27 16:00:00,85.396728515625,27.732160275740252,85.352783203125,27.732160275740252,-14.29,26.0,30.5,4.325203347577014
2026-08-27_1600,2026-08-27 16:00:00,85.396728515625,27.732160275740252,85.352783203125,27.69325590965681,-29.13,14.0,20.166666666666668,6.117852418086977
2026-08-27_1600,2026-08-27 16:00:00,85.396728515625,27.732160275740252,85.374755859375,27.732160275740252,-2.49,84.0,86.16666666666667,2.1626016823979852
2026-08-27_1600,2026-08-27 16:00:00,85.396728515625,27.732160275740252,85.352783203125,27.71270982724965,-25.36,51.0,68.66666666666667,4.836155749906766
2026-08-27_1600,2026-08-27 16:00:00,85.396728515625,27.732160275740252,85.396728515625,27.732160275740252,5.39,2603.0,2469.8333333333335,1.67670491015947e-13
2026-08-27_1600,2026-08-27 16:00:00,85.396728515625,27.732160275740252,85.396728515625,27.71270982724965,24.62,26.0,20.666666666666668,2.16279458785999
2026-08-27_1600,2026-08-27 16:00:00,85.308837890625,27.751607253506148,85.33081054687501,27.751607253506148,16.55,114.0,97.66666666666669,2.162215664655779
2026-08-27_1600,2026-08-27 16:00:00,85.37475585937501,27.69325590965681,85.352783203125,27.751607253506148,37.14,15.0,10.666666666666666,6.839356819337618
2026-08-27_1600,2026-08-27 16:00:00,85.352783203125,27.69325590965681,85.33081054687501,27.751607253506148,35.65,25.0,18.166666666666668,6.8393568193368255
2026-08-27_1600,2026-08-27 16:00:00,85.286865234375,27.673798524586132,85.308837890625,27.732160275740252,-11.76,14.0,16.0,6.8405766587968495
2026-08-27_1600,2026-08-27 16:00:00,85.352783203125,27.69325590965681,85.308837890625,27.732160275740252,7.46,35.0,32.5,6.117852418087902
2026-08-27_1600,2026-08-27 16:00:00,85.352783203125,27.69325590965681,85.330810546875,27.732160275740252,-28.5,50.0,70.33333333333333,4.836587005804419
2026-08-27_1600,2026-08-27 16:00:00,85.352783203125,27.69325590965681,85.286865234375,27.71270982724965,-32.65,10.0,15.333333333333334,6.840576855578826
2026-08-27_1600,2026-08-27 16:00:00,85.352783203125,27.69325590965681,85.352783203125,27.71270982724965,1.48,170.0,167.5,2.163180335035057
2026-08-27_1600,2026-08-27 16:00:00,85.352783203125,27.69325590965681,85.33081054687499,27.71270982724965,-51.65,109.0,226.5,3.0591989856572828
2026-08-27_1600,2026-08-27 16:00:00,85.352783203125,27.69325590965681,85.352783203125,27.751607253506148,34.69,21.0,15.333333333333334,6.488383583170236
2026-08-27_1600,2026-08-27 16:00:00,85.352783203125,27.69325590965681,85.308837890625,27.71270982724965,-45.64,79.0,146.16666666666666,4.83701830686697
2026-08-27_1600,2026-08-27 16:00:00,85.352783203125,27.69325590965681,85.374755859375,27.732160275740252,-13.46,14.0,16.333333333333332,4.83658700580386
2026-08-27_1600,2026-08-27 16:00:00,85.352783203125,27.69325590965681,85.396728515625,27.71270982724965,-6.02,12.0,12.833333333333334,4.83701830686585
2026-08-27_1600,2026-08-27 16:00:00,85.111083984375,27.86821614426037,85.111083984375,27.86821614426037,-80.2,19.0,100.0,1.6325720028447766e-13
2026-08-27_1600,2026-08-27 16:00:00,85.352783203125,27.69325590965681,85.352783203125,27.732160275740252,-5.26,41.0,43.333333333333336,4.3259749228953055
2026-08-27_1600,2026-08-27 16:00:00,85.638427734375,27.965294478955137,85.638427734375,27.965294478955137,-22.91,22.0,28.833333333333332,1.4086291756185424e-13
2026-08-27_1600,2026-08-27 16:00:00,85.374755859375,27.732160275740252,85.330810546875,27.69325590965681,-64.1,27.0,77.0,6.117852418086977
2026-08-27_1600,2026-08-27 16:00:00,85.374755859375,27.732160275740252,85.374755859375,27.751607253506148,-11.76,14.0,16.0,2.1624086602752115
2026-08-27_1600,2026-08-27 16:00:00,85.374755859375,27.732160275740252,85.330810546875,27.65433767366391,7.46,11.0,10.166666666666666,9.674898279012014
2026-08-27_1600,2026-08-27 16:00:00,85.374755859375,27.732160275740252,85.396728515625,27.71270982724965,31.71,35.0,26.333333333333332,3.0586534567545987
2026-08-27_1600,2026-08-27 16:00:00,85.374755859375,27.732160275740252,85.308837890625,27.732160275740252,12.5,23.0,20.333333333333332,6.4878049783218845
2026-08-27_1600,2026-08-27 16:00:00,85.374755859375,27.732160275740252,85.352783203125,27.751607253506148,25.87,29.0,22.833333333333332,3.058107672711629
2026-08-27_1600,2026-08-27 16:00:00,85.374755859375,27.732160275740252,85.352783203125,27.732160275740252,8.77,214.0,196.66666666666663,2.162601682396733
2026-08-27_1600,2026-08-27 16:00:00,85.374755859375,27.732160275740252,85.330810546875,27.732160275740252,-48.84,32.0,63.5,4.325203347577014
2026-08-27_1600,2026-08-27 16:00:00,85.352783203125,27.69325590965681,85.374755859375,27.71270982724965,28.12,40.0,31.0,3.0591989856546267
2026-08-27_1600,2026-08-27 16:00:00,85.308837890625,27.771050758926727,85.308837890625,27.732160275740252,-28.57,74.0,104.0,4.324431212761069
2026-08-27_1600,2026-08-27 16:00:00,85.308837890625,27.771050758926727,85.308837890625,27.71270982724965,-33.01,45.0,67.66666666666667,6.487225800620781
2026-08-27_1600,2026-08-27 16:00:00,85.308837890625,27.771050758926727,85.330810546875,27.732160275740252,-41.07,21.0,36.333333333333336,4.834861085375861
2026-08-27_1600,2026-08-27 16:00:00,85.33081054687499,27.71270982724965,85.330810546875,27.732160275740252,-17.83,158.0,192.5,2.1627945878600388
2026-08-27_1600,2026-08-27 16:00:00,85.594482421875,27.829360424938628,85.594482421875,27.829360424938628,-36.65,16.0,25.833333333333332,5.538235803950223e-15
2026-08-27_1600,2026-08-27 16:00:00,85.33081054687499,27.71270982724965,85.286865234375,27.71270982724965,-19.79,24.0,30.166666666666668,4.325975022463635
2026-08-27_1600,2026-08-27 16:00:00,85.528564453125,27.907057935466664,85.528564453125,27.907057935466664,21.74,13.0,10.5,5.816231754836267e-14
2026-08-27_1600,2026-08-27 16:00:00,85.616455078125,27.751607253506148,85.616455078125,27.751607253506148,-4.88,25.0,26.333333333333332,3.608553671315128e-14
2026-08-27_1600,2026-08-27 16:00:00,85.330810546875,27.6348733585183,85.308837890625,27.71270982724965,-47.06,17.0,33.0,8.921404855972199
2026-08-27_1600,2026-08-27 16:00:00,85.330810546875,27.6348733585183,85.33081054687499,27.71270982724965,-62.16,13.0,36.0,8.655034015881297
2026-08-27_1600,2026-08-27 16:00:00,85.418701171875,27.65433767366391,85.308837890625,27.71270982724965,-22.0,12.0,15.666666666666666,12.615648058547391
2026-08-27_1600,2026-08-27 16:00:00,85.19897460937501,27.732160275740252,85.19897460937501,27.732160275740252,-1.45,33.0,33.5,1.67670491015947e-13
2026-08-27_1600,2026-08-27 16:00:00,85.638427734375,27.71270982724965,85.638427734375,27.71270982724965,-22.94,13.0,17.166666666666668,1.0131527334793077e-13
2026-08-27_1600,2026-08-27 16:00:00,84.957275390625,27.86821614426037,84.957275390625,27.86821614426037,5.88,11.0,10.333333333333334,1.6325720028447766e-13
2026-08-27_1600,2026-08-27 16:00:00,85.61645507812501,27.71270982724965,85.61645507812501,27.71270982724965,0.33,151.0,150.5,1.0131527334793077e-13
2026-08-27_1600,2026-08-27 16:00:00,85.704345703125,27.80992734625884,85.704345703125,27.80992734625884,83.33,21.0,11.0,1.0595237556502103e-13
2026-08-27_1600,2026-08-27 16:00:00,85.198974609375,27.751607253506148,85.198974609375,27.751607253506148,-10.0,17.0,19.0,3.608553671315128e-14
2026-08-27_1600,2026-08-27 16:00:00,85.308837890625,27.771050758926727,85.33081054687499,27.71270982724965,-60.87,11.0,29.666666666666668,6.838136409357121
2026-08-27_1600,2026-08-27 16:00:00,85.308837890625,27.771050758926727,85.308837890625,27.771050758926727,15.35,2536.0,2198.3333333333335,1.2207854514058405e-13
2026-08-27_1600,2026-08-27 16:00:00,85.308837890625,27.771050758926727,85.330810546875,27.771050758926727,16.88,14.0,11.833333333333334,2.161829466812015
2026-08-27_1600,2026-08-27 16:00:00,85.308837890625,27.771050758926727,85.330810546875,27.69325590965681,-50.32,12.0,25.166666666666668,8.916634546173134
2026-08-27_1600,2026-08-27 16:00:00,85.308837890625,27.771050758926727,85.308837890625,27.751607253506148,9.0,114.0,104.5,2.1620225524858245
2026-08-27_1600,2026-08-27 16:00:00,85.308837890625,27.771050758926727,85.33081054687501,27.751607253506148,18.87,20.0,16.666666666666668,3.0575616338240175
2026-08-27_1600,2026-08-27 16:00:00,85.308837890625,27.771050758926727,85.352783203125,27.71270982724965,-7.22,14.0,15.166666666666666,7.7966750796874145
2026-08-27_1600,2026-08-27 16:00:00,85.374755859375,27.732160275740252,85.308837890625,27.71270982724965,-13.29,61.0,70.5,6.839357015772618
2026-08-27_1600,2026-08-27 16:00:00,85.286865234375,27.673798524586132,85.352783203125,27.71270982724965,-22.77,12.0,15.833333333333334,7.800152690942283
2026-08-27_1600,2026-08-27 16:00:00,85.374755859375,27.732160275740252,85.374755859375,27.732160275740252,3.69,8372.0,8074.333333333333,1.67670491015947e-13
2026-08-27_1600,2026-08-27 16:00:00,85.374755859375,27.732160275740252,85.396728515625,27.751607253506148,60.0,23.0,14.0,3.0581076727125147
2026-08-27_1600,2026-08-27 16:00:00,85.286865234375,27.71270982724965,85.286865234375,27.71270982724965,4.8,7384.0,7045.666666666667,1.0131527334793077e-13
2026-08-27_1600,2026-08-27 16:00:00,85.286865234375,27.71270982724965,85.352783203125,27.732160275740252,20.0,14.0,11.5,6.839357015773826
2026-08-27_1600,2026-08-27 16:00:00,85.286865234375,27.71270982724965,85.308837890625,27.673798524586132,-45.29,30.0,55.666666666666664,4.837449360776172
2026-08-27_1600,2026-08-27 16:00:00,85.286865234375,27.71270982724965,85.26489257812501,27.71270982724965,3.28,41.0,39.666666666666664,2.162987519829836
2026-08-27_1600,2026-08-27 16:00:00,85.286865234375,27.71270982724965,85.28686523437501,27.69325590965681,-15.67,95.0,112.83333333333331,2.1631803350353
2026-08-27_1600,2026-08-27 16:00:00,85.286865234375,27.71270982724965,85.33081054687499,27.71270982724965,-60.27,38.0,97.16666666666669,4.325975022463635
2026-08-27_1600,2026-08-27 16:00:00,85.286865234375,27.71270982724965,85.264892578125,27.69325590965681,41.57,20.0,13.833333333333334,3.0591989856558186
2026-08-27_1600,2026-08-27 16:00:00,85.286865234375,27.71270982724965,85.28686523437501,27.732160275740252,15.57,93.0,80.33333333333333,2.1627945878600388
2026-08-27_1600,2026-08-27 16:00:00,85.286865234375,27.71270982724965,85.308837890625,27.732160275740252,-12.06,61.0,69.5,3.058653456754421
2026-08-27_1600,2026-08-27 16:00:00,85.286865234375,27.71270982724965,85.330810546875,27.673798524586132,4.9,24.0,22.833333333333332,6.118943220473297
2026-08-27_1600,2026-08-27 16:00:00,85.286865234375,27.71270982724965,85.308837890625,27.69325590965681,-25.08,116.0,155.16666666666666,3.0591989856558186
2026-08-27_1600,2026-08-27 16:00:00,85.286865234375,27.71270982724965,85.330810546875,27.69325590965681,-61.81,30.0,80.16666666666667,4.8370183068672015
2026-08-27_1600,2026-08-27 16:00:00,85.286865234375,27.71270982724965,85.352783203125,27.71270982724965,19.08,25.0,20.833333333333332,6.488962490702854
2026-08-27_1600,2026-08-27 16:00:00,85.528564453125,27.732160275740252,85.528564453125,27.732160275740252,-27.51,64.0,88.66666666666667,1.67670491015947e-13
2026-08-27_1600,2026-08-27 16:00:00,85.242919921875,27.732160275740252,85.286865234375,27.71270982724965,-16.13,12.0,14.5,4.836155749907886
2026-08-27_1600,2026-08-27 16:00:00,85.242919921875,27.732160275740252,85.242919921875,27.732160275740252,20.63,420.0,348.0,1.67670491015947e-13
2026-08-27_1600,2026-08-27 16:00:00,85.155029296875,27.848790024809517,85.155029296875,27.848790024809517,20.0,23.0,19.0,9.644205643113741e-14
2026-08-27_1600,2026-08-27 16:00:00,85.770263671875,27.907057935466664,85.770263671875,27.907057935466664,-11.36,12.0,13.666666666666666,5.816231754836267e-14
2026-08-27_1600,2026-08-27 16:00:00,85.352783203125,27.926473604009228,85.352783203125,27.926473604009228,81.03,34.0,18.333333333333332,2.0222549497249037e-15
2026-08-27_1600,2026-08-27 16:00:00,85.77026367187501,27.829360424938628,85.77026367187501,27.829360424938628,10.71,30.0,27.0,5.538235803950223e-15
2026-08-27_1600,2026-08-27 16:00:00,85.286865234375,27.71270982724965,85.308837890625,27.71270982724965,-20.97,271.0,343.1666666666667,2.1629875198323405
2026-08-27_1600,2026-08-27 16:00:00,85.286865234375,27.71270982724965,85.330810546875,27.732160275740252,-43.36,31.0,55.5,4.836155749907757
2026-08-27_1600,2026-08-27 16:00:00,85.286865234375,27.71270982724965,85.352783203125,27.69325590965681,34.4,27.0,19.833333333333332,6.84057685557886
2026-08-27_1600,2026-08-27 16:00:00,85.286865234375,27.71270982724965,85.33081054687501,27.751607253506148,4.08,16.0,15.333333333333334,6.1167611051183925
2026-08-27_1600,2026-08-27 16:00:00,85.374755859375,27.732160275740252,85.352783203125,27.69325590965681,-1.6,40.0,40.666666666666664,4.836587005803816
2026-08-27_1600,2026-08-27 16:00:00,85.374755859375,27.732160275740252,85.308837890625,27.69325590965681,-50.68,23.0,47.666666666666664,7.798762185210361
2026-08-27_1600,2026-08-27 16:00:00,85.374755859375,27.732160275740252,85.33081054687501,27.751607253506148,-30.7,11.0,16.31526556159554,4.835292789530111
2026-08-27_1600,2026-08-27 16:00:00,85.374755859375,27.732160275740252,85.396728515625,27.732160275740252,6.58,53.0,49.666666666666664,2.1626016823979852
2026-08-27_1600,2026-08-27 16:00:00,85.374755859375,27.732160275740252,85.418701171875,27.751607253506148,27.27,13.0,10.0,4.8352927895323505
2026-08-27_1600,2026-08-27 16:00:00,85.374755859375,27.732160275740252,85.374755859375,27.71270982724965,-5.51,202.0,213.83333333333337,2.16279458785999
2026-08-27_1600,2026-08-27 16:00:00,85.374755859375,27.732160275740252,85.352783203125,27.71270982724965,-15.73,199.0,236.33333333333337,3.058653456753713
2026-08-27_1600,2026-08-27 16:00:00,85.374755859375,27.732160275740252,85.35278320312499,27.673798524586132,55.29,21.0,13.166666666666666,6.840576658797489
2026-08-27_1600,2026-08-27 16:00:00,85.264892578125,27.69325590965681,85.286865234375,27.71270982724965,-48.48,33.0,65.0,3.059198985655512
2026-08-27_1600,2026-08-27 16:00:00,85.264892578125,27.69325590965681,85.26489257812501,27.71270982724965,11.11,19.0,17.0,2.163180335035057
2026-08-27_1600,2026-08-27 16:00:00,85.264892578125,27.69325590965681,85.308837890625,27.71270982724965,-51.57,71.0,147.66666666666666,4.83701830686697
2026-08-27_1600,2026-08-27 16:00:00,85.264892578125,27.69325590965681,85.28686523437501,27.732160275740252,20.0,15.0,12.333333333333334,4.836587005804979
2026-08-27_1600,2026-08-27 16:00:00,85.264892578125,27.69325590965681,85.352783203125,27.71270982724965,-2.22,21.0,21.5,8.919020940580905
2026-08-27_1600,2026-08-27 16:00:00,85.264892578125,27.69325590965681,85.33081054687499,27.71270982724965,-60.76,37.0,95.83333333333331,6.84057685557645
2026-08-27_1600,2026-08-27 16:00:00,85.264892578125,27.69325590965681,85.330810546875,27.732160275740252,-45.68,21.0,39.5,7.79876218521145
2026-08-27_1600,2026-08-27 16:00:00,85.264892578125,27.69325590965681,85.308837890625,27.732160275740252,-18.18,26.0,32.0,6.117852418087902
2026-08-27_1600,2026-08-27 16:00:00,85.66040039062499,27.98469968215696,85.66040039062499,27.98469968215696,56.52,17.0,10.5,1.7476328570633842e-13
2026-08-27_1600,2026-08-27 16:00:00,85.572509765625,27.829360424938628,85.572509765625,27.829360424938628,-4.7,212.0,222.5,5.538235803950223e-15
2026-08-27_1600,2026-08-27 16:00:00,85.286865234375,27.86821614426037,85.286865234375,27.86821614426037,5.74,42.0,39.666666666666664,1.6325720028447766e-13
2026-08-27_1600,2026-08-27 16:00:00,85.550537109375,27.907057935466664,85.550537109375,27.907057935466664,21.8,26.0,21.166666666666668,5.816231754836267e-14
2026-08-27_1600,2026-08-27 16:00:00,85.286865234375,27.71270982724965,85.308837890625,27.751607253506148,112.66,27.0,12.166666666666666,4.835724247179597
2026-08-27_1600,2026-08-27 16:00:00,85.374755859375,27.732160275740252,85.33081054687499,27.71270982724965,-41.84,59.0,102.16666666666669,4.836155749909007
2026-08-27_1600,2026-08-27 16:00:00,85.330810546875,27.673798524586132,85.308837890625,27.71270982724965,-35.29,124.0,192.16666666666663,4.837449360776031
2026-08-27_1600,2026-08-27 16:00:00,85.28686523437501,27.732160275740252,85.330810546875,27.673798524586132,-20.96,21.0,26.833333333333332,7.799457392222397
2026-08-27_1600,2026-08-27 16:00:00,85.330810546875,27.673798524586132,85.352783203125,27.71270982724965,-17.5,43.0,52.333333333333336,4.837449360776031
2026-08-27_1600,2026-08-27 16:00:00,85.155029296875,27.86821614426037,85.155029296875,27.86821614426037,46.94,23.0,15.333333333333334,1.6325720028447766e-13
2026-08-27_1600,2026-08-27 16:00:00,85.572509765625,27.80992734625884,85.572509765625,27.80992734625884,59.49,20.0,12.166666666666666,1.0595237556502103e-13
2026-08-27_1600,2026-08-27 16:00:00,85.330810546875,27.790490790383224,85.330810546875,27.771050758926727,13.92,14.0,12.166666666666666,2.1616362646986547
2026-08-27_1600,2026-08-27 16:00:00,85.330810546875,27.790490790383224,85.330810546875,27.790490790383224,11.21,525.0,472.0,2.1366837619491137e-14
2026-08-27_1600,2026-08-27 16:00:00,85.28686523437501,27.732160275740252,85.308837890625,27.732160275740252,-19.7,160.0,199.5,2.162601682396733
2026-08-27_1600,2026-08-27 16:00:00,85.28686523437501,27.732160275740252,85.33081054687499,27.71270982724965,-66.28,43.0,129.5,4.836155749904526
2026-08-27_1600,2026-08-27 16:00:00,85.28686523437501,27.732160275740252,85.330810546875,27.69325590965681,-72.66,34.0,127.0,6.117852418086977
2026-08-27_1600,2026-08-27 16:00:00,85.28686523437501,27.732160275740252,85.352783203125,27.732160275740252,-10.0,14.0,15.666666666666666,6.4878049783218845
2026-08-27_1600,2026-08-27 16:00:00,85.28686523437501,27.732160275740252,85.28686523437501,27.69325590965681,-11.7,38.0,43.166666666666664,4.325974922895328
2026-08-27_1600,2026-08-27 16:00:00,85.44067382812501,27.771050758926727,85.44067382812501,27.771050758926727,-8.32,19.0,20.815169704303717,1.2207854514058405e-13
2026-08-27_1600,2026-08-27 16:00:00,85.28686523437501,27.732160275740252,85.28686523437501,27.732160275740252,8.89,7619.0,6997.166666666667,1.67670491015947e-13
2026-08-27_1600,2026-08-27 16:00:00,85.28686523437501,27.732160275740252,85.308837890625,27.69325590965681,-44.66,69.0,125.5,4.836587005803816
2026-08-27_1600,2026-08-27 16:00:00,85.28686523437501,27.732160275740252,85.352783203125,27.69325590965681,-5.06,24.0,25.333333333333332,7.798762185210361
2026-08-27_1600,2026-08-27 16:00:00,85.28686523437501,27.732160275740252,85.330810546875,27.65433767366391,-16.28,11.0,13.333333333333334,9.674898279012014
2026-08-27_1600,2026-08-27 16:00:00,85.28686523437501,27.732160275740252,85.308837890625,27.673798524586132,-60.42,18.0,47.0,6.840576658796696
2026-08-27_1600,2026-08-27 16:00:00,85.28686523437501,27.732160275740252,85.308837890625,27.751607253506148,152.63,63.0,24.333333333333332,3.058107672711629
2026-08-27_1600,2026-08-27 16:00:00,85.28686523437501,27.732160275740252,85.33081054687501,27.751607253506148,23.4,28.0,22.5,4.8352927895323505
2026-08-27_1600,2026-08-27 16:00:00,85.28686523437501,27.732160275740252,85.286865234375,27.71270982724965,-12.6,147.0,168.33333333333334,2.16279458785999
2026-08-27_1600,2026-08-27 16:00:00,85.28686523437501,27.732160275740252,85.330810546875,27.732160275740252,-58.19,39.0,94.66666666666669,4.325203347577014
2026-08-27_1600,2026-08-27 16:00:00,85.28686523437501,27.732160275740252,85.308837890625,27.71270982724965,-46.42,205.0,383.5,3.058653456753713
2026-08-27_1600,2026-08-27 16:00:00,85.28686523437501,27.732160275740252,85.352783203125,27.71270982724965,-36.65,16.0,25.833333333333332,6.839357015772618
2026-08-27_1600,2026-08-27 16:00:00,85.24291992187501,27.673798524586132,85.33081054687499,27.71270982724965,-56.29,10.0,24.166666666666668,9.674898613142352
2026-08-27_1600,2026-08-27 16:00:00,85.067138671875,27.80992734625884,85.067138671875,27.80992734625884,26.76,14.0,10.833333333333334,1.0595237556502103e-13
2026-08-27_1600,2026-08-27 16:00:00,85.440673828125,27.751607253506148,85.440673828125,27.751607253506148,12.09,447.0,398.6666666666667,3.608553671315128e-14
2026-08-27_1600,2026-08-27 16:00:00,85.330810546875,27.69325590965681,85.374755859375,27.732160275740252,-19.64,14.0,17.666666666666668,6.1178524180870175
2026-08-27_1600,2026-08-27 16:00:00,85.330810546875,27.69325590965681,85.374755859375,27.71270982724965,51.46,25.0,16.166666666666668,4.83701830686585
2026-08-27_1600,2026-08-27 16:00:00,85.330810546875,27.69325590965681,85.33081054687501,27.751607253506148,-20.0,19.0,24.0,6.488383583170236
2026-08-27_1600,2026-08-27 16:00:00,85.330810546875,27.69325590965681,85.330810546875,27.732160275740252,-25.0,73.0,97.66666666666669,4.3259749228953055
2026-08-27_1600,2026-08-27 16:00:00,85.330810546875,27.69325590965681,85.33081054687499,27.71270982724965,-39.26,237.0,390.8333333333333,2.163180335035057
2026-08-27_1600,2026-08-27 16:00:00,85.330810546875,27.69325590965681,85.308837890625,27.71270982724965,-41.05,145.0,246.66666666666663,3.059198985655512
2026-08-27_1600,2026-08-27 16:00:00,85.396728515625,27.65433767366391,85.308837890625,27.71270982724965,-33.86,13.0,20.166666666666668,10.817829077396292
2026-08-27_1600,2026-08-27 16:00:00,85.001220703125,28.06228556255984,85.001220703125,28.06228556255984,-58.49,10.0,25.5,1.5350655893162864e-13
2026-08-27_1600,2026-08-27 16:00:00,85.59448242187501,27.80992734625884,85.59448242187501,27.80992734625884,-29.09,12.0,17.333333333333332,1.0595237556502103e-13
2026-08-27_1600,2026-08-27 16:00:00,85.264892578125,27.771050758926727,85.264892578125,27.771050758926727,11.86,164.0,146.5,1.2207854514058405e-13
2026-08-27_1600,2026-08-27 16:00:00,85.418701171875,27.71270982724965,85.374755859375,27.71270982724965,3.7,13.0,12.5,4.32597502246614
2026-08-27_1600,2026-08-27 16:00:00,85.418701171875,27.71270982724965,85.418701171875,27.71270982724965,5.79,992.0,937.6666666666666,1.0131527334793077e-13
2026-08-27_1600,2026-08-27 16:00:00,85.418701171875,27.71270982724965,85.396728515625,27.71270982724965,-25.47,19.0,25.833333333333332,2.1629875198323405
2026-08-27_1600,2026-08-27 16:00:00,85.22094726562501,27.790490790383224,85.22094726562501,27.790490790383224,-12.82,16.0,18.5,2.1366837619491137e-14
2026-08-27_1600,2026-08-27 16:00:00,85.374755859375,27.751607253506148,85.352783203125,27.71270982724965,-30.94,15.0,22.166666666666668,4.83572424717952
2026-08-27_1600,2026-08-27 16:00:00,85.374755859375,27.751607253506148,85.374755859375,27.751607253506148,6.95,1100.0,1028.5,3.608553671315128e-14
2026-08-27_1600,2026-08-27 16:00:00,85.374755859375,27.751607253506148,85.352783203125,27.751607253506148,0.66,50.0,49.666666666666664,2.162215664653275
2026-08-27_1600,2026-08-27 16:00:00,85.374755859375,27.751607253506148,85.352783203125,27.732160275740252,-15.42,31.0,36.833333333333336,3.0581076727116523
2026-08-27_1600,2026-08-27 16:00:00,85.374755859375,27.751607253506148,85.374755859375,27.732160275740252,-14.29,26.0,30.5,2.162408660275157
2026-08-27_1600,2026-08-27 16:00:00,85.726318359375,27.751607253506148,85.726318359375,27.751607253506148,-16.28,41.0,49.166666666666664,3.608553671315128e-14
2026-08-27_1600,2026-08-27 16:00:00,85.418701171875,27.71270982724965,85.352783203125,27.71270982724965,-7.69,17.0,18.5,6.488962490701603
2026-08-27_1600,2026-08-27 16:00:00,85.24291992187501,27.673798524586132,85.308837890625,27.71270982724965,-29.26,26.0,37.166666666666664,7.8001526909402
2026-08-27_1600,2026-08-27 16:00:00,85.50659179687499,27.751607253506148,85.50659179687499,27.751607253506148,5.6,65.0,61.5,3.608553671315128e-14
2026-08-27_1600,2026-08-27 16:00:00,85.704345703125,27.771050758926727,85.704345703125,27.771050758926727,-20.29,126.0,158.33333333333334,1.2207854514058405e-13
2026-08-27_1600,2026-08-27 16:00:00,85.242919921875,27.71270982724965,85.242919921875,27.69325590965681,-1.37,11.0,11.166666666666666,2.1631803350353
2026-08-27_1600,2026-08-27 16:00:00,85.308837890625,27.926473604009228,85.308837890625,27.926473604009228,-7.26,38.0,41.0515460810248,2.0222549497249037e-15
2026-08-27_1600,2026-08-27 16:00:00,85.528564453125,27.71270982724965,85.528564453125,27.71270982724965,-29.12,85.0,120.33333333333331,1.0131527334793077e-13
2026-08-27_1600,2026-08-27 16:00:00,85.770263671875,27.771050758926727,85.770263671875,27.771050758926727,10.53,41.0,37.0,1.2207854514058405e-13
2026-08-27_1600,2026-08-27 16:00:00,85.26489257812499,27.751607253506148,85.26489257812499,27.751607253506148,16.99,69.0,58.833333333333336,3.608553671315128e-14
2026-08-27_1600,2026-08-27 16:00:00,85.067138671875,27.751607253506148,85.067138671875,27.751607253506148,3.14,125.0,121.16666666666669,3.608553671315128e-14
2026-08-27_1600,2026-08-27 16:00:00,85.506591796875,27.71270982724965,85.506591796875,27.71270982724965,7.67,102.0,94.66666666666669,1.0131527334793077e-13
2026-08-27_1600,2026-08-27 16:00:00,84.957275390625,27.80992734625884,84.957275390625,27.80992734625884,-40.15,40.0,67.5,1.0595237556502103e-13
2026-08-27_1600,2026-08-27 16:00:00,85.067138671875,27.848790024809517,85.067138671875,27.848790024809517,-55.22,29.0,66.0,9.644205643113741e-14
2026-08-27_1600,2026-08-27 16:00:00,85.242919921875,27.71270982724965,85.242919921875,27.71270982724965,16.84,361.0,308.8333333333333,1.0131527334793077e-13
2026-08-27_1600,2026-08-27 16:00:00,85.264892578125,27.790490790383224,85.264892578125,27.790490790383224,17.39,44.0,37.333333333333336,2.1366837619491137e-14
2026-08-27_1600,2026-08-27 16:00:00,85.726318359375,27.71270982724965,85.726318359375,27.71270982724965,-2.7,11.0,11.333333333333334,1.0131527334793077e-13
2026-08-27_1600,2026-08-27 16:00:00,85.35278320312501,27.65433767366391,85.352783203125,27.732160275740252,85.71,25.0,13.0,8.653492111773794
2026-08-27_1600,2026-08-27 16:00:00,85.35278320312501,27.65433767366391,85.352783203125,27.71270982724965,-20.18,28.0,35.333333333333336,6.490697523913687
2026-08-27_1600,2026-08-27 16:00:00,85.35278320312501,27.65433767366391,85.308837890625,27.71270982724965,-56.38,48.0,111.33333333333331,7.800847571996901
2026-08-27_1600,2026-08-27 16:00:00,85.35278320312501,27.65433767366391,85.286865234375,27.71270982724965,-38.98,11.0,18.666666666666668,9.179232424475195
2026-08-27_1600,2026-08-27 16:00:00,85.35278320312501,27.65433767366391,85.33081054687499,27.71270982724965,-66.44,40.0,121.16666666666669,6.841795927075609
2026-08-27_1600,2026-08-27 16:00:00,85.35278320312501,27.65433767366391,85.330810546875,27.732160275740252,-56.68,19.0,45.166666666666664,8.919815497580542
2026-08-27_1600,2026-08-27 16:00:00,85.286865234375,27.907057935466664,85.286865234375,27.907057935466664,48.97,35.0,23.166666666666668,5.816231754836267e-14
2026-08-27_1600,2026-08-27 16:00:00,85.33081054687499,27.71270982724965,85.286865234375,27.673798524586132,39.73,16.0,11.166666666666666,6.118943220471525
2026-08-27_1600,2026-08-27 16:00:00,85.155029296875,27.751607253506148,85.155029296875,27.751607253506148,15.79,21.0,18.0,3.608553671315128e-14
2026-08-27_1600,2026-08-27 16:00:00,85.572509765625,27.71270982724965,85.572509765625,27.71270982724965,25.0,34.0,27.0,1.0131527334793077e-13
2026-08-27_1600,2026-08-27 16:00:00,85.308837890625,27.69325590965681,85.352783203125,27.732160275740252,-42.86,11.0,20.0,6.117852418087902
2026-08-27_1600,2026-08-27 16:00:00,85.308837890625,27.69325590965681,85.308837890625,27.71270982724965,-18.11,339.0,414.1666666666667,2.163180335035057
2026-08-27_1600,2026-08-27 16:00:00,85.22094726562499,27.907057935466664,85.22094726562499,27.907057935466664,-10.16,27.0,30.166666666666668,5.816231754836267e-14
2026-08-27_1600,2026-08-27 16:00:00,85.440673828125,27.673798524586132,85.352783203125,27.71270982724965,-2.94,10.0,10.333333333333334,9.67489861314571
2026-08-27_1600,2026-08-27 16:00:00,85.440673828125,27.673798524586132,85.308837890625,27.71270982724965,-47.45,11.0,21.833333333333332,13.682372490842726
2026-08-27_1600,2026-08-27 16:00:00,85.440673828125,27.673798524586132,85.33081054687499,27.71270982724965,-69.3,10.0,34.833333333333336,11.650120540695992
2026-08-27_1600,2026-08-27 16:00:00,85.462646484375,27.751607253506148,85.462646484375,27.751607253506148,22.66,82.0,66.66666666666667,3.608553671315128e-14
2026-08-27_1600,2026-08-27 16:00:00,85.550537109375,27.790490790383224,85.550537109375,27.790490790383224,-3.45,13.0,13.5,2.1366837619491137e-14
2026-08-27_1600,2026-08-27 16:00:00,85.308837890625,27.673798524586132,85.308837890625,27.732160275740252,10.87,16.0,14.333333333333334,6.489540824477468
2026-08-27_1600,2026-08-27 16:00:00,85.308837890625,27.673798524586132,85.352783203125,27.71270982724965,2.86,17.0,16.5,6.118943220473385
2026-08-27_1600,2026-08-27 16:00:00,85.308837890625,27.673798524586132,85.33081054687499,27.71270982724965,-34.99,47.0,72.83333333333333,4.837449360774911
2026-08-27_1600,2026-08-27 16:00:00,85.308837890625,27.673798524586132,85.330810546875,27.732160275740252,-32.26,27.0,40.333333333333336,6.8405766587968495
2026-08-27_1600,2026-08-27 16:00:00,85.308837890625,27.673798524586132,85.286865234375,27.71270982724965,43.8,28.0,19.166666666666668,4.837449360776031
2026-08-27_1600,2026-08-27 16:00:00,85.308837890625,27.673798524586132,85.308837890625,27.71270982724965,-42.17,55.0,95.83333333333331,4.326746236617503
2026-08-27_1600,2026-08-27 16:00:00,85.308837890625,27.69325590965681,85.33081054687499,27.71270982724965,-58.25,61.0,147.5,3.059198985653741
2026-08-27_1600,2026-08-27 16:00:00,85.308837890625,27.69325590965681,85.28686523437501,27.732160275740252,104.26,31.0,14.666666666666666,4.83658700580386
2026-08-27_1600,2026-08-27 16:00:00,85.308837890625,27.69325590965681,85.352783203125,27.71270982724965,-20.48,32.0,40.5,4.83701830686697
2026-08-27_1600,2026-08-27 16:00:00,85.308837890625,27.69325590965681,85.308837890625,27.751607253506148,102.6,25.0,11.833333333333334,6.488383583170236
2026-08-27_1600,2026-08-27 16:00:00,85.308837890625,27.69325590965681,85.308837890625,27.732160275740252,-9.84,54.0,60.0,4.3259749228953055
2026-08-27_1600,2026-08-27 16:00:00,85.308837890625,27.69325590965681,85.286865234375,27.71270982724965,20.0,62.0,51.5,3.059198985655512
2026-08-27_1600,2026-08-27 16:00:00,85.308837890625,27.69325590965681,85.26489257812501,27.71270982724965,39.73,16.0,11.166666666666666,4.83701830686473
2026-08-27_1600,2026-08-27 16:00:00,85.308837890625,27.69325590965681,85.33081054687501,27.751607253506148,-18.64,15.0,18.666666666666668,6.839356819337618
2026-08-27_1600,2026-08-27 16:00:00,85.308837890625,27.69325590965681,85.330810546875,27.732160275740252,-40.17,35.0,59.166666666666664,4.836587005804419
2026-08-27_1600,2026-08-27 16:00:00,85.330810546875,27.69325590965681,85.28686523437501,27.732160275740252,88.37,26.0,13.333333333333334,6.1178524180870175
2026-08-27_1600,2026-08-27 16:00:00,85.330810546875,27.69325590965681,85.308837890625,27.732160275740252,21.83,39.0,31.833333333333332,4.836587005804419
2026-08-27_1600,2026-08-27 16:00:00,85.330810546875,27.69325590965681,85.352783203125,27.751607253506148,92.59,25.0,12.5,6.8393568193372225
2026-08-27_1600,2026-08-27 16:00:00,85.330810546875,27.69325590965681,85.352783203125,27.71270982724965,11.07,96.0,86.33333333333333,3.059198985655512
2026-08-27_1600,2026-08-27 16:00:00,85.33081054687501,27.751607253506148,85.28686523437501,27.69325590965681,51.22,30.0,19.5,7.798066561201203
2026-08-27_1600,2026-08-27 16:00:00,85.33081054687501,27.751607253506148,85.308837890625,27.69325590965681,-57.88,40.0,96.33333333333331,6.839356819337568
2026-08-27_1600,2026-08-27 16:00:00,85.33081054687501,27.751607253506148,85.352783203125,27.751607253506148,-7.3,71.0,76.66666666666667,2.162215664653275
2026-08-27_1600,2026-08-27 16:00:00,85.33081054687501,27.751607253506148,85.352783203125,27.732160275740252,-20.0,39.0,49.0,3.0581076727116523
2026-08-27_1600,2026-08-27 16:00:00,85.33081054687501,27.751607253506148,85.308837890625,27.71270982724965,-47.54,95.0,182.0,4.83572424718064
2026-08-27_1600,2026-08-27 16:00:00,85.33081054687501,27.751607253506148,85.330810546875,27.69325590965681,-69.63,40.0,134.0,6.488383583170239
2026-08-27_1600,2026-08-27 16:00:00,85.52856445312501,27.887638781681872,85.52856445312501,27.887638781681872,5.41,25.0,23.666666666666668,2.1864401118150494e-14
2026-08-27_1600,2026-08-27 16:00:00,85.308837890625,27.71270982724965,85.308837890625,27.71270982724965,4.55,15328.0,14661.5,1.0131527334793077e-13
2026-08-27_1600,2026-08-27 16:00:00,85.308837890625,27.71270982724965,85.37475585937501,27.69325590965681,-20.44,23.0,29.166666666666668,6.840576855580046
2026-08-27_1600,2026-08-27 16:00:00,85.33081054687501,27.751607253506148,85.308837890625,27.732160275740252,-13.62,147.0,170.33333333333334,3.058107672713423
2026-08-27_1600,2026-08-27 16:00:00,85.308837890625,27.71270982724965,85.330810546875,27.65433767366391,-6.67,27.0,29.0,6.841795927074654
2026-08-27_1600,2026-08-27 16:00:00,85.308837890625,27.71270982724965,85.28686523437501,27.732160275740252,57.96,118.0,74.33333333333333,3.0586534567535355
2026-08-27_1600,2026-08-27 16:00:00,85.308837890625,27.71270982724965,85.37475585937499,27.673798524586132,-6.25,14.0,15.0,7.800152690940106
2026-08-27_1600,2026-08-27 16:00:00,85.308837890625,27.71270982724965,85.30883789062499,27.65433767366391,27.4,30.0,23.333333333333332,6.490697523913854
2026-08-27_1600,2026-08-27 16:00:00,85.308837890625,27.71270982724965,85.242919921875,27.69325590965681,15.79,21.0,18.0,6.84057685557886
2026-08-27_1600,2026-08-27 16:00:00,85.308837890625,27.71270982724965,85.286865234375,27.71270982724965,-4.99,183.0,192.66666666666663,2.1629875198323405
2026-08-27_1600,2026-08-27 16:00:00,85.308837890625,27.71270982724965,85.308837890625,27.751607253506148,28.8,122.0,94.5,4.3252032481350495
2026-08-27_1600,2026-08-27 16:00:00,85.308837890625,27.71270982724965,85.286865234375,27.751607253506148,13.21,49.0,43.166666666666664,4.835724247179597
2026-08-27_1600,2026-08-27 16:00:00,85.308837890625,27.71270982724965,85.264892578125,27.69325590965681,11.94,24.0,21.333333333333332,4.8370183068672015
2026-08-27_1600,2026-08-27 16:00:00,85.308837890625,27.71270982724965,85.374755859375,27.71270982724965,62.16,49.0,29.833333333333332,6.488962490701603
2026-08-27_1600,2026-08-27 16:00:00,85.308837890625,27.71270982724965,85.286865234375,27.673798524586132,-16.18,18.0,21.666666666666668,4.837449360776172
2026-08-27_1600,2026-08-27 16:00:00,85.33081054687501,27.751607253506148,85.352783203125,27.69325590965681,-18.57,37.0,45.666666666666664,6.839356819336776
2026-08-27_1600,2026-08-27 16:00:00,85.33081054687501,27.751607253506148,85.330810546875,27.771050758926727,13.95,48.0,42.0,2.162022552485689
2026-08-27_1600,2026-08-27 16:00:00,85.33081054687501,27.751607253506148,85.352783203125,27.771050758926727,-13.75,22.0,25.666666666666668,3.057561633821971
2026-08-27_1600,2026-08-27 16:00:00,85.330810546875,27.673798524586132,85.308837890625,27.732160275740252,-20.37,20.0,25.372727489548453,6.8405766587968495
2026-08-27_1600,2026-08-27 16:00:00,85.330810546875,27.673798524586132,85.286865234375,27.71270982724965,1.96,25.0,24.5,6.118943220473385
2026-08-27_1600,2026-08-27 16:00:00,85.330810546875,27.673798524586132,85.33081054687499,27.71270982724965,-59.44,72.0,179.0,4.326746236617503
2026-08-27_1600,2026-08-27 16:00:00,85.330810546875,27.673798524586132,85.330810546875,27.732160275740252,-45.31,33.0,61.166666666666664,6.489540824477468
2026-08-27_1600,2026-08-27 16:00:00,85.330810546875,27.673798524586132,85.352783203125,27.732160275740252,35.34,29.0,21.166666666666668,6.8405766587968495
2026-08-27_1600,2026-08-27 16:00:00,85.330810546875,27.673798524586132,85.374755859375,27.732160275740252,-7.04,10.0,10.833333333333334,7.799457392222162
2026-08-27_1600,2026-08-27 16:00:00,85.66040039062499,27.926473604009228,85.66040039062499,27.926473604009228,24.3,51.0,40.833333333333336,2.0222549497249037e-15
2026-08-27_1600,2026-08-27 16:00:00,85.045166015625,27.771050758926727,85.045166015625,27.771050758926727,50.0,40.0,26.333333333333332,1.2207854514058405e-13
2026-08-27_1600,2026-08-27 16:00:00,85.484619140625,27.732160275740252,85.484619140625,27.732160275740252,10.06,61.0,55.333333333333336,1.67670491015947e-13
2026-08-27_1600,2026-08-27 16:00:00,85.33081054687501,27.751607253506148,85.28686523437501,27.732160275740252,57.14,21.0,13.0,4.835292789532241
2026-08-27_1600,2026-08-27 16:00:00,85.33081054687501,27.751607253506148,85.33081054687499,27.71270982724965,-57.52,71.0,168.5,4.325203248135176
2026-08-27_1600,2026-08-27 16:00:00,85.33081054687501,27.751607253506148,85.286865234375,27.71270982724965,-44.12,18.0,33.0,6.116761105118531
2026-08-27_1600,2026-08-27 16:00:00,85.33081054687501,27.751607253506148,85.374755859375,27.732160275740252,52.0,18.0,11.5,4.835292789530001
2026-08-27_1600,2026-08-27 16:00:00,85.33081054687501,27.751607253506148,85.352783203125,27.71270982724965,-15.82,46.0,54.833333333333336,4.83572424717952
2026-08-27_1600,2026-08-27 16:00:00,85.33081054687501,27.751607253506148,85.308837890625,27.673798524586132,-49.6,20.0,40.666666666666664,8.918225394026297
2026-08-27_1600,2026-08-27 16:00:00,85.33081054687501,27.751607253506148,85.330810546875,27.732160275740252,-36.16,217.0,340.5,2.162408660275157
2026-08-27_1600,2026-08-27 16:00:00,85.33081054687501,27.751607253506148,85.330810546875,27.673798524586132,-23.64,20.0,26.5,8.651949484752839
2026-08-27_1600,2026-08-27 16:00:00,85.33081054687501,27.751607253506148,85.308837890625,27.751607253506148,40.84,122.0,86.33333333333333,2.162215664655779
2026-08-27_1600,2026-08-27 16:00:00,85.33081054687501,27.751607253506148,85.35278320312499,27.673798524586132,18.18,12.0,10.0,8.918225394025082
2026-08-27_1600,2026-08-27 16:00:00,85.33081054687501,27.751607253506148,85.33081054687501,27.751607253506148,10.37,8829.0,7999.166666666667,3.608553671315128e-14
2026-08-27_1600,2026-08-27 16:00:00,85.33081054687501,27.751607253506148,85.308837890625,27.771050758926727,108.7,23.0,10.5,3.0575616338237412
2026-08-27_1600,2026-08-27 16:00:00,85.308837890625,27.71270982724965,85.308837890625,27.673798524586132,-39.9,59.0,98.83333333333331,4.326746236617482
2026-08-27_1600,2026-08-27 16:00:00,85.330810546875,27.673798524586132,85.33081054687501,27.751607253506148,2.27,14.0,13.666666666666666,8.65194948475281
2026-08-27_1600,2026-08-27 16:00:00,85.308837890625,27.71270982724965,85.264892578125,27.673798524586132,75.0,20.0,11.0,6.118943220473297
2026-08-27_1600,2026-08-27 16:00:00,85.308837890625,27.71270982724965,85.352783203125,27.732160275740252,12.7,70.0,62.0,4.836155749907757
2026-08-27_1600,2026-08-27 16:00:00,85.26489257812501,27.71270982724965,85.352783203125,27.69325590965681,6.33,13.0,12.166666666666666,8.91902094057846
2026-08-27_1600,2026-08-27 16:00:00,85.26489257812501,27.71270982724965,85.286865234375,27.71270982724965,-17.65,111.0,135.0,2.162987519829836
2026-08-27_1600,2026-08-27 16:00:00,85.26489257812501,27.71270982724965,85.308837890625,27.673798524586132,-54.1,13.0,29.5,6.118943220471525
2026-08-27_1600,2026-08-27 16:00:00,85.26489257812501,27.71270982724965,85.308837890625,27.732160275740252,-21.57,19.0,24.5,4.836155749905518
2026-08-27_1600,2026-08-27 16:00:00,85.26489257812501,27.71270982724965,85.330810546875,27.69325590965681,-59.55,17.0,43.5,6.84057685557648
2026-08-27_1600,2026-08-27 16:00:00,85.26489257812501,27.71270982724965,85.33081054687499,27.71270982724965,-66.43,15.0,46.666666666666664,6.488962490697845
2026-08-27_1600,2026-08-27 16:00:00,85.26489257812501,27.71270982724965,85.28686523437501,27.69325590965681,-11.22,57.0,64.33333333333333,3.059198985654933
2026-08-27_1600,2026-08-27 16:00:00,85.26489257812501,27.71270982724965,85.330810546875,27.732160275740252,-20.31,16.0,20.333333333333332,6.83935701577145
2026-08-27_1600,2026-08-27 16:00:00,85.26489257812501,27.71270982724965,85.308837890625,27.71270982724965,-39.24,55.0,91.16666666666669,4.325975022463635
2026-08-27_1600,2026-08-27 16:00:00,85.26489257812501,27.71270982724965,85.264892578125,27.69325590965681,40.19,24.0,16.833333333333332,2.1631803350353
2026-08-27_1600,2026-08-27 16:00:00,85.26489257812501,27.71270982724965,85.26489257812501,27.71270982724965,15.64,3414.0,2952.1666666666665,1.0131527334793077e-13
2026-08-27_1600,2026-08-27 16:00:00,85.26489257812501,27.71270982724965,85.28686523437501,27.732160275740252,-0.92,17.0,17.166666666666668,3.0586534567535355
2026-08-27_1600,2026-08-27 16:00:00,85.594482421875,27.751607253506148,85.594482421875,27.751607253506148,12.59,75.0,66.5,3.608553671315128e-14
2026-08-27_1600,2026-08-27 16:00:00,85.28686523437501,27.771050758926727,85.286865234375,27.751607253506148,21.43,16.0,13.0,2.1620225524858245
2026-08-27_1600,2026-08-27 16:00:00,85.28686523437501,27.771050758926727,85.308837890625,27.732160275740252,4.76,32.0,30.5,4.834861085375301
2026-08-27_1600,2026-08-27 16:00:00,85.28686523437501,27.771050758926727,85.308837890625,27.751607253506148,-17.07,16.0,19.5,3.0575616338222464
2026-08-27_1600,2026-08-27 16:00:00,85.28686523437501,27.771050758926727,85.28686523437501,27.771050758926727,19.91,803.0,669.5,1.2207854514058405e-13
2026-08-27_1600,2026-08-27 16:00:00,85.28686523437501,27.771050758926727,85.308837890625,27.71270982724965,-57.89,11.0,27.5,6.838136409357516
2026-08-27_1600,2026-08-27 16:00:00,85.330810546875,27.69325590965681,85.286865234375,27.71270982724965,21.05,22.0,18.0,4.83701830686697
2026-08-27_1600,2026-08-27 16:00:00,85.330810546875,27.69325590965681,85.352783203125,27.732160275740252,22.89,50.0,40.5,4.836587005804419
2026-08-27_1600,2026-08-27 16:00:00,85.26489257812501,27.71270982724965,85.308837890625,27.69325590965681,-41.07,43.0,73.66666666666667,4.837018306864961
2026-08-27_1600,2026-08-27 16:00:00,85.286865234375,28.101057521020227,85.286865234375,28.101057521020227,-70.0,11.0,39.0,4.7802860606225436e-14
2026-08-27_1600,2026-08-27 16:00:00,85.616455078125,27.732160275740252,85.616455078125,27.732160275740252,-21.54,16.0,20.666666666666668,1.67670491015947e-13
2026-08-27_1600,2026-08-27 16:00:00,85.528564453125,27.926473604009228,85.528564453125,27.926473604009228,-13.25,11.0,12.833333333333334,2.0222549497249037e-15
2026-08-27_1600,2026-08-27 16:00:00,85.308837890625,27.71270982724965,85.220947265625,27.69325590965681,30.43,14.0,10.5,8.919020940580891
2026-08-27_1600,2026-08-27 16:00:00,85.308837890625,27.71270982724965,85.352783203125,27.69325590965681,-10.32,83.0,92.66666666666669,4.8370183068672015
2026-08-27_1600,2026-08-27 16:00:00,85.308837890625,27.71270982724965,85.352783203125,27.71270982724965,-11.63,75.0,85.0,4.32597502246614
2026-08-27_1600,2026-08-27 16:00:00,85.308837890625,27.71270982724965,85.33081054687501,27.751607253506148,6.99,50.0,46.666666666666664,4.835724247180157
2026-08-27_1600,2026-08-27 16:00:00,85.308837890625,27.71270982724965,85.28686523437501,27.69325590965681,-5.21,96.0,101.33333333333331,3.059198985654933
2026-08-27_1600,2026-08-27 16:00:00,85.308837890625,27.71270982724965,85.330810546875,27.771050758926727,43.28,15.0,10.166666666666666,6.838136409357944
2026-08-27_1600,2026-08-27 16:00:00,85.308837890625,27.71270982724965,85.352783203125,27.751607253506148,15.38,34.0,29.333333333333332,6.116761105117507
2026-08-27_1600,2026-08-27 16:00:00,85.308837890625,27.71270982724965,85.308837890625,27.69325590965681,-21.18,319.0,405.0,2.1631803350353
2026-08-27_1600,2026-08-27 16:00:00,85.308837890625,27.71270982724965,85.35278320312499,27.673798524586132,31.25,55.0,41.666666666666664,6.118943220471525
2026-08-27_1600,2026-08-27 16:00:00,85.308837890625,27.71270982724965,85.330810546875,27.732160275740252,-24.37,119.0,157.66666666666666,3.058653456754421
2026-08-27_1600,2026-08-27 16:00:00,85.308837890625,27.71270982724965,85.352783203125,27.771050758926727,58.18,28.0,17.333333333333332,7.7966750796873425
2026-08-27_1600,2026-08-27 16:00:00,85.308837890625,27.71270982724965,85.308837890625,27.732160275740252,4.71,347.0,331.3333333333333,2.1627945878600388
2026-08-27_1600,2026-08-27 16:00:00,85.308837890625,27.71270982724965,85.33081054687499,27.71270982724965,-39.6,196.0,325.1666666666667,2.162987519829836
2026-08-27_1600,2026-08-27 16:00:00,85.308837890625,27.71270982724965,85.26489257812501,27.71270982724965,15.91,16.0,13.666666666666666,4.325975022463635
2026-08-27_1600,2026-08-27 16:00:00,85.308837890625,27.71270982724965,85.330810546875,27.673798524586132,6.76,78.0,73.0,4.837449360776172
2026-08-27_1600,2026-08-27 16:00:00,85.308837890625,27.71270982724965,85.35278320312501,27.65433767366391,53.66,20.0,12.666666666666666,7.800847571996917
2026-08-27_1600,2026-08-27 16:00:00,85.308837890625,27.71270982724965,85.374755859375,27.732160275740252,52.73,41.0,26.5,6.839357015772637
2026-08-27_1600,2026-08-27 16:00:00,85.506591796875,27.771050758926727,85.506591796875,27.771050758926727,12.05,30.0,26.666666666666668,1.2207854514058405e-13
2026-08-27_1600,2026-08-27 16:00:00,85.286865234375,28.120438249253763,85.286865234375,28.120438249253763,-63.77,33.0,92.83333333333331,1.4350009212901953e-13
2026-08-27_1600,2026-08-27 16:00:00,85.133056640625,27.887638781681872,85.15502929687501,27.907057935466664,-10.34,12.0,13.5,3.05373225082683
2026-08-27_1600,2026-08-27 16:00:00,85.133056640625,27.887638781681872,85.133056640625,27.887638781681872,-4.22,158.0,165.0,2.1864401118150494e-14
2026-08-27_1600,2026-08-27 16:00:00,85.308837890625,27.71270982724965,85.330810546875,27.69325590965681,-32.65,131.0,195.0,3.0591989856558186
2026-08-27_1600,2026-08-27 16:00:00,85.33081054687499,27.71270982724965,85.28686523437501,27.69325590965681,-7.27,33.0,35.666666666666664,4.837018306863841
2026-08-27_1600,2026-08-27 16:00:00,85.264892578125,27.732160275740252,85.26489257812501,27.71270982724965,4.81,17.0,16.1735754271709,2.16279458785999
2026-08-27_1600,2026-08-27 16:00:00,85.33081054687499,27.71270982724965,85.352783203125,27.751607253506148,-7.08,34.0,36.666666666666664,4.835724247180717
2026-08-27_1600,2026-08-27 16:00:00,85.374755859375,27.71270982724965,85.35278320312499,27.673798524586132,-9.23,40.0,44.166666666666664,4.837449360776733
2026-08-27_1600,2026-08-27 16:00:00,85.374755859375,27.71270982724965,85.308837890625,27.673798524586132,-63.33,10.0,29.0,7.800152690941148
2026-08-27_1600,2026-08-27 16:00:00,85.374755859375,27.71270982724965,85.330810546875,27.69325590965681,-62.12,55.0,146.83333333333334,4.8370183068660815
2026-08-27_1600,2026-08-27 16:00:00,85.374755859375,27.71270982724965,85.352783203125,27.751607253506148,34.69,21.0,15.333333333333334,4.835724247179037
2026-08-27_1600,2026-08-27 16:00:00,85.374755859375,27.71270982724965,85.37475585937501,27.69325590965681,19.55,105.0,87.66666666666667,2.1631803350353
2026-08-27_1600,2026-08-27 16:00:00,85.374755859375,27.71270982724965,85.330810546875,27.732160275740252,-35.96,37.0,58.333333333333336,4.836155749906638
2026-08-27_1600,2026-08-27 16:00:00,85.374755859375,27.71270982724965,85.396728515625,27.732160275740252,4.21,32.0,30.666666666666668,3.058653456754421
2026-08-27_1600,2026-08-27 16:00:00,85.374755859375,27.71270982724965,85.308837890625,27.71270982724965,-35.93,62.0,97.33333333333331,6.488962490701603
2026-08-27_1600,2026-08-27 16:00:00,85.374755859375,27.71270982724965,85.33081054687499,27.71270982724965,-57.52,64.0,152.0,4.325975022467392
2026-08-27_1600,2026-08-27 16:00:00,85.374755859375,27.71270982724965,85.33081054687501,27.751607253506148,4.65,14.0,13.333333333333334,6.116761105115737
2026-08-27_1600,2026-08-27 16:00:00,85.374755859375,27.71270982724965,85.352783203125,27.69325590965681,-32.9,68.0,101.83333333333331,3.059198985654933
2026-08-27_1600,2026-08-27 16:00:00,85.374755859375,27.71270982724965,85.418701171875,27.732160275740252,74.42,24.0,13.333333333333334,4.836155749907757
2026-08-27_1600,2026-08-27 16:00:00,85.374755859375,27.71270982724965,85.396728515625,27.71270982724965,-3.27,68.0,70.33333333333333,2.1629875198323405
2026-08-27_1600,2026-08-27 16:00:00,85.374755859375,27.71270982724965,85.308837890625,27.69325590965681,-54.74,34.0,76.33333333333333,6.84057685557767
2026-08-27_1600,2026-08-27 16:00:00,85.242919921875,27.790490790383224,85.242919921875,27.790490790383224,50.0,19.0,12.333333333333334,2.1366837619491137e-14
2026-08-27_1600,2026-08-27 16:00:00,85.22094726562501,27.751607253506148,85.22094726562501,27.751607253506148,0.8,41.0,40.666666666666664,3.608553671315128e-14
2026-08-27_1600,2026-08-27 16:00:00,85.352783203125,27.732160275740252,85.33081054687499,27.71270982724965,-56.07,128.0,292.6666666666667,3.05865345675637
2026-08-27_1600,2026-08-27 16:00:00,85.352783203125,27.732160275740252,85.308837890625,27.69325590965681,-62.95,40.0,109.66666666666669,6.117852418087862
2026-08-27_1600,2026-08-27 16:00:00,85.352783203125,27.732160275740252,85.374755859375,27.732160275740252,21.7,171.0,140.33333333333334,2.162601682396733
2026-08-27_1600,2026-08-27 16:00:00,85.352783203125,27.732160275740252,85.286865234375,27.71270982724965,-12.73,23.0,26.5,6.839357015773804
2026-08-27_1600,2026-08-27 16:00:00,85.374755859375,27.71270982724965,85.308837890625,27.732160275740252,3.45,29.0,28.0,6.839357015772637
2026-08-27_1600,2026-08-27 16:00:00,85.352783203125,27.732160275740252,85.308837890625,27.751607253506148,35.85,23.0,16.666666666666668,4.8352927895323505
2026-08-27_1600,2026-08-27 16:00:00,85.374755859375,27.71270982724965,85.374755859375,27.71270982724965,4.62,9024.0,8625.833333333334,1.0131527334793077e-13
2026-08-27_1600,2026-08-27 16:00:00,85.374755859375,27.71270982724965,85.352783203125,27.71270982724965,-15.4,259.0,306.3333333333333,2.162987519831088
2026-08-27_1600,2026-08-27 16:00:00,85.572509765625,27.86821614426037,85.572509765625,27.86821614426037,3.23,15.0,14.5,1.6325720028447766e-13
2026-08-27_1600,2026-08-27 16:00:00,85.045166015625,27.751607253506148,85.045166015625,27.751607253506148,24.94,80.0,63.833333333333336,3.608553671315128e-14
2026-08-27_1600,2026-08-27 16:00:00,85.00122070312499,28.042894335508095,85.00122070312499,28.042894335508095,-11.76,14.0,16.0,1.3946136061051745e-13
2026-08-27_1600,2026-08-27 16:00:00,85.770263671875,27.71270982724965,85.770263671875,27.71270982724965,-33.94,23.0,35.333333333333336,1.0131527334793077e-13
2026-08-27_1600,2026-08-27 16:00:00,85.594482421875,27.86821614426037,85.594482421875,27.86821614426037,8.15,17.0,15.6431896848708,1.6325720028447766e-13
2026-08-27_1600,2026-08-27 16:00:00,84.91333007812501,27.907057935466664,84.91333007812501,27.907057935466664,36.59,134.0,97.83333333333331,5.816231754836267e-14
2026-08-27_1600,2026-08-27 16:00:00,84.91333007812501,27.907057935466664,84.891357421875,27.907057935466664,-10.2,21.0,23.5,2.15912105678549
2026-08-27_1600,2026-08-27 16:00:00,85.330810546875,27.926473604009228,85.330810546875,27.926473604009228,23.91,18.0,14.333333333333334,2.0222549497249037e-15
2026-08-27_1600,2026-08-27 16:00:00,85.133056640625,27.751607253506148,85.133056640625,27.751607253506148,13.51,13.0,11.333333333333334,3.608553671315128e-14
2026-08-27_1600,2026-08-27 16:00:00,85.374755859375,27.71270982724965,85.374755859375,27.732160275740252,-8.99,134.0,147.33333333333334,2.1627945878600388
2026-08-27_1600,2026-08-27 16:00:00,85.242919921875,27.771050758926727,85.242919921875,27.771050758926727,14.61,16.0,13.833333333333334,1.2207854514058405e-13
2026-08-27_1600,2026-08-27 16:00:00,85.61645507812499,27.887638781681872,85.61645507812499,27.887638781681872,-30.23,14.0,20.5,2.1864401118150494e-14
2026-08-27_1600,2026-08-27 16:00:00,85.37475585937499,27.771050758926727,85.352783203125,27.771050758926727,-7.2,57.0,61.5,2.1618294668095115
2026-08-27_1600,2026-08-27 16:00:00,85.37475585937499,27.771050758926727,85.330810546875,27.732160275740252,-17.24,19.0,23.166666666666668,6.115669282157265
2026-08-27_1600,2026-08-27 16:00:00,85.37475585937499,27.771050758926727,85.37475585937499,27.771050758926727,3.5,926.0,894.6666666666666,1.2207854514058405e-13
2026-08-27_1600,2026-08-27 16:00:00,85.37475585937499,27.771050758926727,85.308837890625,27.71270982724965,-44.07,10.0,18.666666666666668,9.174322665835913
2026-08-27_1600,2026-08-27 16:00:00,85.374755859375,27.71270982724965,85.28686523437501,27.69325590965681,3.45,14.0,13.5,8.91902094057846
2026-08-27_1600,2026-08-27 16:00:00,85.374755859375,27.71270982724965,85.352783203125,27.732160275740252,-5.19,66.0,69.66666666666667,3.0586534567535355
2026-08-27_1600,2026-08-27 16:00:00,85.374755859375,27.71270982724965,85.330810546875,27.673798524586132,-38.55,16.0,26.666666666666668,6.118943220472411
2026-08-27_1600,2026-08-27 16:00:00,85.374755859375,27.71270982724965,85.37475585937499,27.673798524586132,82.93,24.0,12.666666666666666,4.326746236617482
2026-08-27_1600,2026-08-27 16:00:00,85.726318359375,27.771050758926727,85.726318359375,27.771050758926727,-2.18,193.0,197.33333333333337,1.2207854514058405e-13
2026-08-27_1600,2026-08-27 16:00:00,85.352783203125,27.732160275740252,85.308837890625,27.673798524586132,-66.67,18.0,56.0,7.799457392223092
2026-08-27_1600,2026-08-27 16:00:00,85.352783203125,27.732160275740252,85.330810546875,27.732160275740252,-30.17,168.0,241.0,2.1626016823979852
2026-08-27_1600,2026-08-27 16:00:00,85.352783203125,27.732160275740252,85.33081054687501,27.751607253506148,-1.46,44.0,44.666666666666664,3.058107672711629
2026-08-27_1600,2026-08-27 16:00:00,85.63842773437499,27.907057935466664,85.63842773437499,27.907057935466664,-23.64,20.0,26.5,5.816231754836267e-14
2026-08-27_1600,2026-08-27 16:00:00,85.264892578125,27.848790024809517,85.264892578125,27.848790024809517,-5.62,13.0,13.833333333333334,9.644205643113741e-14
2026-08-27_1600,2026-08-27 16:00:00,85.374755859375,27.926473604009228,85.374755859375,27.926473604009228,16.88,29.0,24.666666666666668,2.0222549497249037e-15
2026-08-27_1600,2026-08-27 16:00:00,85.06713867187499,27.829360424938628,85.06713867187499,27.829360424938628,68.93,28.0,16.166666666666668,5.538235803950223e-15
2026-08-27_1600,2026-08-27 16:00:00,85.37475585937499,27.673798524586132,85.308837890625,27.71270982724965,-50.65,56.0,114.5,7.8001526909402
2026-08-27_1600,2026-08-27 16:00:00,85.37475585937499,27.673798524586132,85.286865234375,27.71270982724965,-35.92,10.0,16.166666666666668,9.67489861314459
2026-08-27_1600,2026-08-27 16:00:00,85.37475585937499,27.673798524586132,85.352783203125,27.732160275740252,48.51,24.0,15.833333333333334,6.840576658796057
2026-08-27_1600,2026-08-27 16:00:00,85.37475585937499,27.673798524586132,85.33081054687501,27.751607253506148,29.73,15.0,11.333333333333334,9.673173569497354
2026-08-27_1600,2026-08-27 16:00:00,85.37475585937499,27.673798524586132,85.330810546875,27.732160275740252,-55.75,24.0,55.5,7.799457392221467
2026-08-27_1600,2026-08-27 16:00:00,85.550537109375,27.887638781681872,85.550537109375,27.887638781681872,43.05,35.0,24.166666666666668,2.1864401118150494e-14
2026-08-27_1600,2026-08-27 16:00:00,85.37475585937499,27.673798524586132,85.352783203125,27.71270982724965,-19.63,42.0,52.5,4.837449360774911
2026-08-27_1600,2026-08-27 16:00:00,85.396728515625,27.69325590965681,85.308837890625,27.71270982724965,-36.5,28.0,44.666666666666664,8.91902094057969
2026-08-27_1600,2026-08-27 16:00:00,85.396728515625,27.69325590965681,85.396728515625,27.71270982724965,0.0,22.0,22.0,2.163180335035057
2026-08-27_1600,2026-08-27 16:00:00,85.396728515625,27.69325590965681,85.374755859375,27.71270982724965,4.65,14.0,13.333333333333334,3.059198985655512
2026-08-27_1600,2026-08-27 16:00:00,85.396728515625,27.69325590965681,85.33081054687499,27.71270982724965,-42.42,18.0,32.0,6.840576855580014
2026-08-27_1600,2026-08-27 16:00:00,85.396728515625,27.69325590965681,85.352783203125,27.71270982724965,-26.09,16.0,22.0,4.83701830686585
2026-08-27_1600,2026-08-27 16:00:00,84.913330078125,28.06228556255984,84.913330078125,28.06228556255984,-5.79,18.0,19.166666666666668,1.5350655893162864e-13
2026-08-27_1600,2026-08-27 16:00:00,85.704345703125,27.732160275740252,85.704345703125,27.732160275740252,20.0,23.0,19.0,1.67670491015947e-13
2026-08-27_1600,2026-08-27 16:00:00,85.28686523437501,27.69325590965681,85.352783203125,27.751607253506148,1.41,11.0,10.833333333333334,9.175960017778069
2026-08-27_1600,2026-08-27 16:00:00,85.28686523437501,27.69325590965681,85.352783203125,27.71270982724965,-32.43,24.0,36.0,6.8405768555776385
2026-08-27_1600,2026-08-27 16:00:00,85.37475585937499,27.673798524586132,85.33081054687499,27.71270982724965,-60.55,52.0,133.33333333333334,6.118943220473385
2026-08-27_1600,2026-08-27 16:00:00,85.704345703125,27.790490790383224,85.704345703125,27.790490790383224,-23.53,12.0,16.0,2.1366837619491137e-14
2026-08-27_1600,2026-08-27 16:00:00,85.11108398437501,27.732160275740252,85.11108398437501,27.732160275740252,20.0,27.0,22.333622620956707,1.67670491015947e-13
2026-08-27_1600,2026-08-27 16:00:00,85.616455078125,27.771050758926727,85.616455078125,27.771050758926727,-10.94,18.0,20.333333333333332,1.2207854514058405e-13
2026-08-27_1600,2026-08-27 16:00:00,85.352783203125,27.732160275740252,85.28686523437501,27.69325590965681,-23.94,17.0,22.666666666666668,7.798762185210361
2026-08-27_1600,2026-08-27 16:00:00,85.352783203125,27.732160275740252,85.352783203125,27.751607253506148,8.45,138.0,127.16666666666669,2.1624086602752115
2026-08-27_1600,2026-08-27 16:00:00,85.352783203125,27.732160275740252,85.330810546875,27.69325590965681,-61.35,79.0,206.0,4.836587005804376
2026-08-27_1600,2026-08-27 16:00:00,85.352783203125,27.732160275740252,85.37475585937501,27.69325590965681,45.45,23.0,15.5,4.836587005804936
2026-08-27_1600,2026-08-27 16:00:00,85.352783203125,27.732160275740252,85.35278320312499,27.673798524586132,-16.58,25.0,30.166666666666668,6.489540824477553
2026-08-27_1600,2026-08-27 16:00:00,85.352783203125,27.732160275740252,85.352783203125,27.71270982724965,-15.51,315.0,373.0,2.16279458785999
2026-08-27_1600,2026-08-27 16:00:00,85.352783203125,27.732160275740252,85.352783203125,27.69325590965681,-23.69,72.0,94.66666666666669,4.325974922895328
2026-08-27_1600,2026-08-27 16:00:00,85.352783203125,27.732160275740252,85.374755859375,27.71270982724965,3.39,60.0,58.0,3.058653456753713
2026-08-27_1600,2026-08-27 16:00:00,85.352783203125,27.732160275740252,85.330810546875,27.65433767366391,91.67,22.0,11.0,8.919815497580409
2026-08-27_1600,2026-08-27 16:00:00,85.352783203125,27.732160275740252,85.352783203125,27.771050758926727,14.78,21.0,18.166666666666668,4.324431212760916
2026-08-27_1600,2026-08-27 16:00:00,85.352783203125,27.732160275740252,85.308837890625,27.732160275740252,-25.82,44.0,59.666666666666664,4.325203347578266
2026-08-27_1600,2026-08-27 16:00:00,85.352783203125,27.732160275740252,85.308837890625,27.71270982724965,-47.8,86.0,165.66666666666666,4.836155749907886
2026-08-27_1600,2026-08-27 16:00:00,85.352783203125,27.732160275740252,85.352783203125,27.732160275740252,4.58,12198.0,11663.833333333334,1.67670491015947e-13
2026-08-27_1600,2026-08-27 16:00:00,85.352783203125,27.732160275740252,85.396728515625,27.71270982724965,118.18,23.0,10.0,4.836155749906766
2026-08-27_1600,2026-08-27 16:00:00,85.352783203125,27.732160275740252,85.330810546875,27.673798524586132,-51.55,25.0,52.666666666666664,6.840576658797092
2026-08-27_1600,2026-08-27 16:00:00,84.935302734375,27.907057935466664,84.935302734375,27.907057935466664,39.13,15.0,10.5,5.816231754836267e-14
2026-08-27_1600,2026-08-27 16:00:00,84.97924804687499,27.80992734625884,84.97924804687499,27.80992734625884,-47.25,23.0,44.5,1.0595237556502103e-13
2026-08-27_1600,2026-08-27 16:00:00,85.111083984375,27.751607253506148,85.111083984375,27.751607253506148,26.56,53.0,41.666666666666664,3.608553671315128e-14
2026-08-27_1600,2026-08-27 16:00:00,85.550537109375,27.926473604009228,85.550537109375,27.926473604009228,3.18,26.0,25.166666666666668,2.0222549497249037e-15
2026-08-27_1600,2026-08-27 16:00:00,85.242919921875,27.80992734625884,85.242919921875,27.80992734625884,8.25,34.0,31.333333333333332,1.0595237556502103e-13
2026-08-27_1600,2026-08-27 16:00:00,85.506591796875,27.732160275740252,85.506591796875,27.732160275740252,-3.33,28.0,29.0,1.67670491015947e-13
2026-08-27_1600,2026-08-27 16:00:00,85.418701171875,27.771050758926727,85.418701171875,27.771050758926727,-13.29,24.0,27.833333333333332,1.2207854514058405e-13
2026-08-27_1600,2026-08-27 16:00:00,85.264892578125,27.732160275740252,85.264892578125,27.732160275740252,15.73,633.0,546.8333333333334,1.67670491015947e-13
2026-08-27_1600,2026-08-27 16:00:00,85.264892578125,27.732160275740252,85.286865234375,27.71270982724965,-4.0,35.0,36.5,3.0586534567545987
2026-08-27_1600,2026-08-27 16:00:00,85.264892578125,27.732160275740252,85.28686523437501,27.732160275740252,16.42,12.0,10.166666666666666,2.162601682399237
2026-08-27_1600,2026-08-27 16:00:00,85.352783203125,27.71270982724965,85.33081054687499,27.71270982724965,-33.13,142.0,212.83333333333337,2.162987519834845
2026-08-27_1600,2026-08-27 16:00:00,85.352783203125,27.71270982724965,85.352783203125,27.732160275740252,13.26,177.0,156.16666666666666,2.1627945878600388
2026-08-27_1600,2026-08-27 16:00:00,85.352783203125,27.71270982724965,85.352783203125,27.71270982724965,0.87,8574.0,8500.166666666666,1.0131527334793077e-13
2026-08-27_1600,2026-08-27 16:00:00,85.352783203125,27.71270982724965,85.396728515625,27.673798524586132,28.57,14.0,10.666666666666666,6.118943220472411
2026-08-27_1600,2026-08-27 16:00:00,85.352783203125,27.71270982724965,85.374755859375,27.71270982724965,13.4,133.0,117.16666666666669,2.162987519831088
2026-08-27_1600,2026-08-27 16:00:00,85.352783203125,27.71270982724965,85.330810546875,27.69325590965681,-48.85,88.0,173.0,3.0591989856558186
2026-08-27_1600,2026-08-27 16:00:00,85.352783203125,27.71270982724965,85.330810546875,27.732160275740252,-42.8,46.0,81.16666666666667,3.058653456754421
2026-08-27_1600,2026-08-27 16:00:00,85.352783203125,27.71270982724965,85.286865234375,27.71270982724965,-8.7,13.0,14.333333333333334,6.488962490702854
2026-08-27_1600,2026-08-27 16:00:00,85.352783203125,27.71270982724965,85.308837890625,27.751607253506148,32.35,14.0,10.333333333333334,6.116761105117507
2026-08-27_1600,2026-08-27 16:00:00,85.352783203125,27.71270982724965,85.308837890625,27.732160275740252,-5.1,30.0,31.666666666666668,4.836155749907757
2026-08-27_1600,2026-08-27 16:00:00,85.352783203125,27.71270982724965,85.352783203125,27.69325590965681,3.68,154.0,148.5,2.1631803350353
2026-08-27_1600,2026-08-27 16:00:00,85.352783203125,27.71270982724965,85.330810546875,27.673798524586132,-25.35,26.0,35.166666666666664,4.837449360776172
2026-08-27_1600,2026-08-27 16:00:00,85.352783203125,27.71270982724965,85.308837890625,27.673798524586132,-42.86,23.0,41.0,6.118943220473297
2026-08-27_1600,2026-08-27 16:00:00,85.352783203125,27.71270982724965,85.396728515625,27.732160275740252,22.89,16.0,12.833333333333334,4.836155749906638
2026-08-27_1600,2026-08-27 16:00:00,85.352783203125,27.71270982724965,85.35278320312499,27.673798524586132,26.32,47.0,37.0,4.326746236617482
2026-08-27_1600,2026-08-27 16:00:00,85.352783203125,27.71270982724965,85.308837890625,27.69325590965681,-39.61,45.0,75.16666666666667,4.8370183068672015
2026-08-27_1600,2026-08-27 16:00:00,85.352783203125,27.71270982724965,85.352783203125,27.751607253506148,32.56,37.0,27.666666666666668,4.3252032481350495
2026-08-27_1600,2026-08-27 16:00:00,85.352783203125,27.71270982724965,85.28686523437501,27.69325590965681,-31.74,18.0,26.833333333333332,6.84057685557767
2026-08-27_1600,2026-08-27 16:00:00,85.352783203125,27.71270982724965,85.37475585937499,27.673798524586132,46.34,19.0,12.666666666666666,4.837449360775052
2026-08-27_1600,2026-08-27 16:00:00,85.352783203125,27.71270982724965,85.308837890625,27.71270982724965,-29.71,81.0,115.66666666666669,4.32597502246614
2026-08-27_1600,2026-08-27 16:00:00,85.352783203125,27.71270982724965,85.374755859375,27.732160275740252,-14.11,67.0,78.16666666666667,3.0586534567535355
2026-08-27_1600,2026-08-27 16:00:00,85.550537109375,27.732160275740252,85.550537109375,27.732160275740252,-1.18,13.0,13.166666666666666,1.67670491015947e-13
2026-08-27_1600,2026-08-27 16:00:00,85.133056640625,27.907057935466664,85.133056640625,27.907057935466664,10.28,260.0,235.66666666666663,5.816231754836267e-14
2026-08-27_1600,2026-08-27 16:00:00,85.133056640625,27.907057935466664,85.15502929687501,27.907057935466664,-10.0,26.0,29.0,2.1591210567867405
2026-08-27_1600,2026-08-27 16:00:00,84.935302734375,27.80992734625884,84.935302734375,27.80992734625884,-45.66,46.0,85.5,1.0595237556502103e-13
2026-08-27_1600,2026-08-27 16:00:00,85.462646484375,27.732160275740252,85.462646484375,27.732160275740252,14.44,744.0,650.0,1.67670491015947e-13
2026-08-27_1600,2026-08-27 16:00:00,85.528564453125,27.771050758926727,85.528564453125,27.771050758926727,-2.99,26.0,26.833333333333332,1.2207854514058405e-13
2026-08-27_1600,2026-08-27 16:00:00,85.594482421875,27.732160275740252,85.594482421875,27.732160275740252,-17.07,16.0,19.5,1.67670491015947e-13
2026-08-27_1600,2026-08-27 16:00:00,85.155029296875,27.71270982724965,85.155029296875,27.71270982724965,16.39,244.0,209.5,1.0131527334793077e-13
2026-08-27_1600,2026-08-27 16:00:00,85.440673828125,27.732160275740252,85.440673828125,27.732160275740252,2.2,432.0,422.6666666666667,1.67670491015947e-13
2026-08-27_1600,2026-08-27 16:00:00,85.286865234375,27.751607253506148,85.33081054687501,27.751607253506148,9.62,18.0,16.333333333333332,4.324431312073442
2026-08-27_1600,2026-08-27 16:00:00,85.286865234375,27.751607253506148,85.308837890625,27.732160275740252,-17.2,133.0,160.83333333333334,3.058107672712538
2026-08-27_1600,2026-08-27 16:00:00,85.286865234375,27.751607253506148,85.33081054687499,27.71270982724965,-59.72,18.0,46.166666666666664,6.116761105115875
2026-08-27_1600,2026-08-27 16:00:00,85.286865234375,27.751607253506148,85.330810546875,27.732160275740252,-53.36,21.0,46.166666666666664,4.835292789532241
2026-08-27_1600,2026-08-27 16:00:00,85.286865234375,27.751607253506148,85.286865234375,27.71270982724965,-13.67,19.0,22.166666666666668,4.325203248135176
2026-08-27_1600,2026-08-27 16:00:00,85.286865234375,27.751607253506148,85.308837890625,27.69325590965681,-32.08,29.0,43.166666666666664,6.839356819337173
2026-08-27_1600,2026-08-27 16:00:00,85.286865234375,27.751607253506148,85.308837890625,27.751607253506148,21.0,108.0,89.08625417589383,2.1622156646545267
2026-08-27_1600,2026-08-27 16:00:00,85.286865234375,27.751607253506148,85.308837890625,27.71270982724965,-27.01,108.0,148.33333333333334,4.83572424718008
2026-08-27_1600,2026-08-27 16:00:00,85.286865234375,27.751607253506148,85.286865234375,27.751607253506148,17.23,3592.0,3063.8333333333335,3.608553671315128e-14
2026-08-27_1600,2026-08-27 16:00:00,85.286865234375,27.751607253506148,85.352783203125,27.71270982724965,15.66,15.0,12.833333333333334,7.7973710286097635
2026-08-27_1600,2026-08-27 16:00:00,85.286865234375,27.751607253506148,85.308837890625,27.673798524586132,-9.59,10.0,11.166666666666666,8.918225394025994
2026-08-27_1600,2026-08-27 16:00:00,85.286865234375,27.751607253506148,85.28686523437501,27.771050758926727,91.67,22.0,11.0,2.162022552485689
2026-08-27_1600,2026-08-27 16:00:00,85.286865234375,27.751607253506148,85.28686523437501,27.732160275740252,31.25,27.0,20.333333333333332,2.162408660275157
2026-08-27_1600,2026-08-27 16:00:00,85.04516601562501,27.829360424938628,85.04516601562501,27.829360424938628,17.07,15.0,12.666666666666666,5.538235803950223e-15
2026-08-27_1600,2026-08-27 16:00:00,85.08911132812501,27.751607253506148,85.08911132812501,27.751607253506148,7.14,29.0,27.0,3.608553671315128e-14
2026-08-27_1600,2026-08-27 16:00:00,85.352783203125,27.71270982724965,85.30883789062499,27.65433767366391,45.45,15.0,10.0,7.800847571996221
2026-08-27_1600,2026-08-27 16:00:00,85.28686523437501,27.69325590965681,85.308837890625,27.732160275740252,-26.87,43.0,59.166666666666664,4.83658700580386
2026-08-27_1600,2026-08-27 16:00:00,85.352783203125,27.71270982724965,85.396728515625,27.71270982724965,68.54,24.0,13.833333333333334,4.325975022464887
2026-08-27_1600,2026-08-27 16:00:00,85.352783203125,27.71270982724965,85.37475585937501,27.69325590965681,40.54,25.0,17.5,3.059198985656705
2026-08-27_1600,2026-08-27 16:00:00,85.418701171875,27.732160275740252,85.374755859375,27.71270982724965,-42.05,16.0,28.333333333333332,4.836155749907886
2026-08-27_1600,2026-08-27 16:00:00,85.418701171875,27.732160275740252,85.352783203125,27.71270982724965,-19.0,26.0,32.333333333333336,6.839357015772618
2026-08-27_1600,2026-08-27 16:00:00,85.418701171875,27.732160275740252,85.374755859375,27.732160275740252,66.67,19.0,11.0,4.325203347578266
2026-08-27_1600,2026-08-27 16:00:00,85.418701171875,27.732160275740252,85.418701171875,27.732160275740252,5.04,1325.0,1261.3333333333333,1.67670491015947e-13
2026-08-27_1600,2026-08-27 16:00:00,85.418701171875,27.732160275740252,85.396728515625,27.732160275740252,-25.3,30.0,40.5,2.1626016823979852
2026-08-27_1600,2026-08-27 16:00:00,85.418701171875,27.732160275740252,85.396728515625,27.71270982724965,17.07,15.0,12.666666666666666,3.0586534567545987
2026-08-27_1600,2026-08-27 16:00:00,85.418701171875,27.732160275740252,85.330810546875,27.732160275740252,-5.26,11.0,11.666666666666666,8.650406557413628
2026-08-27_1600,2026-08-27 16:00:00,85.418701171875,27.732160275740252,85.308837890625,27.71270982724965,-15.38,10.0,12.0,11.028131594550509
2026-08-27_1600,2026-08-27 16:00:00,85.418701171875,27.732160275740252,85.352783203125,27.732160275740252,16.67,20.0,17.0,6.4878049783218845
2026-08-27_1600,2026-08-27 16:00:00,85.242919921875,27.69325590965681,85.330810546875,27.732160275740252,-25.77,11.0,15.166666666666666,9.67317390294662
2026-08-27_1600,2026-08-27 16:00:00,85.13305664062499,27.86821614426037,85.13305664062499,27.86821614426037,38.46,80.0,57.5,1.6325720028447766e-13
2026-08-27_1600,2026-08-27 16:00:00,85.396728515625,27.673798524586132,85.33081054687499,27.71270982724965,-57.94,33.0,79.83333333333333,7.800152690943326
2026-08-27_1600,2026-08-27 16:00:00,85.396728515625,27.673798524586132,85.330810546875,27.732160275740252,-43.53,15.0,27.333333333333332,9.1775966042868
2026-08-27_1600,2026-08-27 16:00:00,85.396728515625,27.673798524586132,85.352783203125,27.71270982724965,-11.24,24.0,27.166666666666668,6.1189432204725
2026-08-27_1600,2026-08-27 16:00:00,85.396728515625,27.673798524586132,85.308837890625,27.71270982724965,-46.84,41.0,78.0,9.67489861314571
2026-08-27_1600,2026-08-27 16:00:00,85.396728515625,27.673798524586132,85.352783203125,27.732160275740252,-7.14,12.0,13.0,7.799457392222162
2026-08-27_1600,2026-08-27 16:00:00,85.374755859375,27.790490790383224,85.352783203125,27.771050758926727,-24.32,13.0,17.5,3.057015340380156
2026-08-27_1600,2026-08-27 16:00:00,85.374755859375,27.790490790383224,85.374755859375,27.790490790383224,-3.45,279.0,289.0,2.1366837619491137e-14
2026-08-27_1600,2026-08-27 16:00:00,85.308837890625,28.101057521020227,85.308837890625,28.101057521020227,-67.96,10.0,33.333333333333336,4.7802860606225436e-14
2026-08-27_1600,2026-08-27 16:00:00,85.264892578125,27.732160275740252,85.308837890625,27.71270982724965,-18.64,15.0,18.666666666666668,4.836155749907886
2026-08-27_1600,2026-08-27 16:00:00,85.792236328125,27.751607253506148,85.792236328125,27.751607253506148,-12.31,18.0,20.666666666666668,3.608553671315128e-14
2026-08-27_1600,2026-08-27 16:00:00,85.242919921875,27.69325590965681,85.286865234375,27.71270982724965,-46.37,15.0,28.833333333333332,4.83701830686697
2026-08-27_1600,2026-08-27 16:00:00,85.242919921875,27.69325590965681,85.33081054687499,27.71270982724965,-60.14,18.0,46.666666666666664,8.919020940578477
2026-08-27_1600,2026-08-27 16:00:00,85.242919921875,27.69325590965681,85.308837890625,27.71270982724965,-57.35,28.0,67.0,6.840576855578826
2026-08-27_1600,2026-08-27 16:00:00,85.352783203125,27.71270982724965,85.330810546875,27.65433767366391,60.82,25.0,15.166666666666666,6.841795927074654
2026-08-27_1600,2026-08-27 16:00:00,85.198974609375,27.771050758926727,85.198974609375,27.771050758926727,-24.14,10.0,13.5,1.2207854514058405e-13
2026-08-27_1600,2026-08-27 16:00:00,85.352783203125,27.771050758926727,85.330810546875,27.69325590965681,-47.17,27.0,52.0,8.916634546173134
2026-08-27_1600,2026-08-27 16:00:00,85.352783203125,27.771050758926727,85.330810546875,27.732160275740252,-20.13,83.0,104.16666666666669,4.834861085375861
2026-08-27_1600,2026-08-27 16:00:00,85.352783203125,27.771050758926727,85.33081054687501,27.751607253506148,-22.47,22.0,28.666666666666668,3.0575616338222464
2026-08-27_1600,2026-08-27 16:00:00,85.352783203125,27.771050758926727,85.37475585937499,27.771050758926727,6.38,24.0,22.5,2.1618294668095115
2026-08-27_1600,2026-08-27 16:00:00,85.352783203125,27.771050758926727,85.352783203125,27.751607253506148,-12.2,71.0,81.0,2.1620225524858245
2026-08-27_1600,2026-08-27 16:00:00,85.352783203125,27.771050758926727,85.28686523437501,27.69325590965681,56.52,17.0,10.5,10.8130075965023
2026-08-27_1600,2026-08-27 16:00:00,85.352783203125,27.771050758926727,85.352783203125,27.771050758926727,8.78,3804.0,3496.8333333333335,1.2207854514058405e-13
2026-08-27_1600,2026-08-27 16:00:00,85.352783203125,27.771050758926727,85.33081054687499,27.71270982724965,-65.89,26.0,78.16666666666667,6.838136409358705
2026-08-27_1600,2026-08-27 16:00:00,85.352783203125,27.771050758926727,85.308837890625,27.71270982724965,-47.56,33.0,63.833333333333336,7.7966750796874145
2026-08-27_1600,2026-08-27 16:00:00,85.352783203125,27.771050758926727,85.352783203125,27.69325590965681,-25.55,16.0,21.833333333333332,8.650406135656192
2026-08-27_1600,2026-08-27 16:00:00,85.352783203125,27.771050758926727,85.352783203125,27.71270982724965,-15.56,18.0,21.5,6.487225800620781
2026-08-27_1600,2026-08-27 16:00:00,85.352783203125,27.771050758926727,85.352783203125,27.732160275740252,-33.67,21.0,32.166666666666664,4.324431212761069
2026-08-27_1600,2026-08-27 16:00:00,85.352783203125,27.771050758926727,85.308837890625,27.69325590965681,-42.55,17.0,30.333333333333332,9.67144805268008
2026-08-27_1600,2026-08-27 16:00:00,85.352783203125,27.771050758926727,85.308837890625,27.732160275740252,-27.17,20.0,27.833333333333332,6.115669282159036
2026-08-27_1600,2026-08-27 16:00:00,85.352783203125,27.771050758926727,85.352783203125,27.790490790383224,-13.46,14.0,16.333333333333332,2.1616362646985623
2026-08-27_1600,2026-08-27 16:00:00,85.15502929687501,27.907057935466664,85.133056640625,27.907057935466664,132.65,37.0,15.333333333333334,2.1591210567867405
2026-08-27_1600,2026-08-27 16:00:00,85.15502929687501,27.907057935466664,85.15502929687501,27.907057935466664,37.68,390.0,283.0,5.816231754836267e-14
2026-08-27_1600,2026-08-27 16:00:00,85.484619140625,27.751607253506148,85.484619140625,27.751607253506148,25.23,66.0,52.5,3.608553671315128e-14
2026-08-27_1600,2026-08-27 16:00:00,85.242919921875,27.69325590965681,85.308837890625,27.732160275740252,0.0,14.0,14.0,7.79876218521145
2026-08-27_1600,2026-08-27 16:00:00,85.352783203125,27.71270982724965,85.33081054687501,27.751607253506148,69.7,27.0,15.5,4.835724247179037
2026-08-27_1600,2026-08-27 16:00:00,85.28686523437501,27.69325590965681,85.330810546875,27.732160275740252,-54.69,28.0,63.0,6.1178524180870175
2026-08-27_1600,2026-08-27 16:00:00,85.28686523437501,27.69325590965681,85.28686523437501,27.732160275740252,39.29,25.0,17.666666666666668,4.3259749228953055
2026-08-27_1600,2026-08-27 16:00:00,85.28686523437501,27.69325590965681,85.286865234375,27.71270982724965,-15.5,98.0,116.16666666666669,2.163180335035057
2026-08-27_1600,2026-08-27 16:00:00,85.352783203125,27.751607253506148,85.286865234375,27.71270982724965,20.0,14.0,11.5,7.7973710286097635
2026-08-27_1600,2026-08-27 16:00:00,85.352783203125,27.751607253506148,85.330810546875,27.673798524586132,15.38,19.0,16.333333333333332,8.918225394025994
2026-08-27_1600,2026-08-27 16:00:00,85.352783203125,27.751607253506148,85.308837890625,27.673798524586132,-41.04,16.0,27.833333333333332,9.673173569498932
2026-08-27_1600,2026-08-27 16:00:00,85.352783203125,27.751607253506148,85.352783203125,27.771050758926727,37.79,78.0,56.333333333333336,2.162022552485689
2026-08-27_1600,2026-08-27 16:00:00,85.352783203125,27.751607253506148,85.28686523437501,27.69325590965681,12.0,13.0,11.5,9.175960017778046
2026-08-27_1600,2026-08-27 16:00:00,85.352783203125,27.751607253506148,85.374755859375,27.751607253506148,10.13,28.0,25.333333333333332,2.162215664653275
2026-08-27_1600,2026-08-27 16:00:00,85.352783203125,27.751607253506148,85.330810546875,27.69325590965681,-61.59,41.0,108.33333333333331,6.839356819337173
2026-08-27_1600,2026-08-27 16:00:00,85.352783203125,27.751607253506148,85.308837890625,27.69325590965681,-48.11,31.0,60.666666666666664,7.798066561201203
2026-08-27_1600,2026-08-27 16:00:00,85.330810546875,27.771050758926727,85.330810546875,27.771050758926727,12.15,2088.0,1861.6666666666667,1.2207854514058405e-13
2026-08-27_1600,2026-08-27 16:00:00,85.352783203125,27.751607253506148,85.308837890625,27.732160275740252,0.91,36.0,35.666666666666664,4.835292789532241
2026-08-27_1600,2026-08-27 16:00:00,85.330810546875,27.771050758926727,85.33081054687499,27.71270982724965,-37.8,16.0,26.333333333333332,6.487225800620781
2026-08-27_1600,2026-08-27 16:00:00,85.330810546875,27.771050758926727,85.308837890625,27.732160275740252,-24.5,37.0,49.333333333333336,4.834861085375861
2026-08-27_1600,2026-08-27 16:00:00,85.330810546875,27.771050758926727,85.352783203125,27.751607253506148,1.12,14.0,13.833333333333334,3.057561633823132
2026-08-27_1600,2026-08-27 16:00:00,85.330810546875,27.771050758926727,85.308837890625,27.71270982724965,-53.64,16.0,35.666666666666664,6.838136409357913
2026-08-27_1600,2026-08-27 16:00:00,85.330810546875,27.771050758926727,85.330810546875,27.732160275740252,-35.48,29.0,45.5,4.324431212761069
2026-08-27_1600,2026-08-27 16:00:00,85.330810546875,27.771050758926727,85.308837890625,27.771050758926727,-13.25,11.0,12.833333333333334,2.161829466812015
2026-08-27_1600,2026-08-27 16:00:00,85.330810546875,27.771050758926727,85.352783203125,27.732160275740252,-9.3,12.0,13.333333333333334,4.834861085375861
2026-08-27_1600,2026-08-27 16:00:00,85.330810546875,27.771050758926727,85.308837890625,27.751607253506148,80.53,33.0,17.833333333333332,3.057561633823132
2026-08-27_1600,2026-08-27 16:00:00,85.330810546875,27.80992734625884,85.330810546875,27.80992734625884,4.93,38.0,36.166666666666664,1.0595237556502103e-13
2026-08-27_1600,2026-08-27 16:00:00,85.242919921875,27.907057935466664,85.242919921875,27.907057935466664,18.51,65.0,54.693808643748206,5.816231754836267e-14
2026-08-27_1600,2026-08-27 16:00:00,85.330810546875,27.771050758926727,85.33081054687501,27.751607253506148,-3.0,69.0,71.16666666666667,2.1620225524858245
2026-08-27_1600,2026-08-27 16:00:00,85.352783203125,27.751607253506148,85.352783203125,27.69325590965681,-21.35,34.0,43.5,6.488383583170239
2026-08-27_1600,2026-08-27 16:00:00,85.352783203125,27.751607253506148,85.330810546875,27.732160275740252,-43.11,96.0,169.5,3.058107672712538
2026-08-27_1600,2026-08-27 16:00:00,85.352783203125,27.751607253506148,85.33081054687499,27.71270982724965,-49.24,83.0,164.5,4.8357242471812
2026-08-27_1600,2026-08-27 16:00:00,85.396728515625,27.71270982724965,85.396728515625,27.732160275740252,-23.22,26.0,34.166666666666664,2.1627945878600388
2026-08-27_1600,2026-08-27 16:00:00,85.396728515625,27.71270982724965,85.37475585937501,27.69325590965681,12.92,50.0,44.166666666666664,3.059198985654047
2026-08-27_1600,2026-08-27 16:00:00,85.396728515625,27.71270982724965,85.374755859375,27.71270982724965,-7.26,114.0,123.0,2.1629875198323405
2026-08-27_1600,2026-08-27 16:00:00,85.396728515625,27.71270982724965,85.396728515625,27.71270982724965,8.75,3935.0,3618.3333333333335,1.0131527334793077e-13
2026-08-27_1600,2026-08-27 16:00:00,85.396728515625,27.71270982724965,85.35278320312499,27.673798524586132,-18.82,22.0,27.333333333333332,6.118943220474183
2026-08-27_1600,2026-08-27 16:00:00,85.396728515625,27.71270982724965,85.352783203125,27.69325590965681,-34.02,31.0,47.5,4.8370183068660815
2026-08-27_1600,2026-08-27 16:00:00,85.396728515625,27.71270982724965,85.352783203125,27.71270982724965,-27.47,65.0,90.0,4.325975022464887
2026-08-27_1600,2026-08-27 16:00:00,85.396728515625,27.71270982724965,85.33081054687499,27.71270982724965,-53.23,34.0,73.83333333333333,6.4889624907041075
2026-08-27_1600,2026-08-27 16:00:00,85.396728515625,27.71270982724965,85.37475585937499,27.673798524586132,33.33,15.0,11.0,4.837449360776733
2026-08-27_1600,2026-08-27 16:00:00,85.396728515625,27.71270982724965,85.330810546875,27.732160275740252,-47.17,13.0,25.5,6.839357015772637
2026-08-27_1600,2026-08-27 16:00:00,85.396728515625,27.71270982724965,85.308837890625,27.69325590965681,-67.94,13.0,42.666666666666664,8.919020940579676
2026-08-27_1600,2026-08-27 16:00:00,85.770263671875,27.732160275740252,85.770263671875,27.732160275740252,25.52,49.0,38.833333333333336,1.67670491015947e-13
2026-08-27_1600,2026-08-27 16:00:00,85.352783203125,27.751607253506148,85.308837890625,27.71270982724965,-47.28,54.0,103.33333333333331,6.116761105117646
2026-08-27_1600,2026-08-27 16:00:00,85.352783203125,27.751607253506148,85.374755859375,27.732160275740252,22.33,20.0,16.166666666666668,3.0581076727116523
2026-08-27_1600,2026-08-27 16:00:00,85.352783203125,27.751607253506148,85.352783203125,27.751607253506148,7.92,6485.0,6008.833333333333,3.608553671315128e-14
2026-08-27_1600,2026-08-27 16:00:00,85.352783203125,27.751607253506148,85.374755859375,27.71270982724965,-1.37,11.0,11.166666666666666,4.83572424717952
2026-08-27_1600,2026-08-27 16:00:00,85.352783203125,27.751607253506148,85.352783203125,27.732160275740252,-10.71,149.0,167.0,2.162408660275157
2026-08-27_1600,2026-08-27 16:00:00,85.352783203125,27.751607253506148,85.33081054687501,27.751607253506148,-2.11,61.0,62.333333333333336,2.162215664653275
2026-08-27_1600,2026-08-27 16:00:00,85.352783203125,27.751607253506148,85.308837890625,27.751607253506148,65.22,18.0,10.5,4.32443131207219
2026-08-27_1600,2026-08-27 16:00:00,85.352783203125,27.751607253506148,85.35278320312499,27.673798524586132,6.85,12.0,11.166666666666666,8.651949484752839
2026-08-27_1600,2026-08-27 16:00:00,85.352783203125,27.751607253506148,85.352783203125,27.71270982724965,-11.8,75.0,85.16666666666667,4.325203248135176
2026-08-27_1600,2026-08-27 16:00:00,85.308837890625,27.732160275740252,85.308837890625,27.71270982724965,-17.58,439.0,532.8333333333334,2.16279458785999
2026-08-27_1600,2026-08-27 16:00:00,85.396728515625,27.71270982724965,85.396728515625,27.69325590965681,34.48,25.0,18.333333333333332,2.1631803350353
2026-08-27_1600,2026-08-27 16:00:00,85.308837890625,27.732160275740252,85.330810546875,27.673798524586132,-27.78,25.0,35.0,6.840576658797092
2026-08-27_1600,2026-08-27 16:00:00,85.308837890625,27.732160275740252,85.308837890625,27.751607253506148,28.86,252.0,195.33333333333337,2.1624086602752115
2026-08-27_1600,2026-08-27 16:00:00,85.33081054687499,27.71270982724965,85.33081054687499,27.71270982724965,2.37,10805.0,10555.333333333334,1.0131527334793077e-13
2026-08-27_1600,2026-08-27 16:00:00,85.33081054687499,27.71270982724965,85.374755859375,27.732160275740252,5.26,19.0,18.0,4.836155749908877
2026-08-27_1600,2026-08-27 16:00:00,85.33081054687499,27.71270982724965,85.330810546875,27.65433767366391,-29.13,14.0,20.166666666666668,6.490697523913854
2026-08-27_1600,2026-08-27 16:00:00,85.33081054687499,27.71270982724965,85.30883789062499,27.65433767366391,42.11,17.0,11.666666666666666,6.841795927073861
2026-08-27_1600,2026-08-27 16:00:00,85.33081054687499,27.71270982724965,85.308837890625,27.751607253506148,51.26,29.0,18.833333333333332,4.835724247178478
2026-08-27_1600,2026-08-27 16:00:00,85.33081054687499,27.71270982724965,85.352783203125,27.732160275740252,8.03,82.0,75.83333333333333,3.0586534567561916
2026-08-27_1600,2026-08-27 16:00:00,85.33081054687499,27.71270982724965,85.28686523437501,27.732160275740252,24.39,16.0,12.666666666666666,4.836155749904398
2026-08-27_1600,2026-08-27 16:00:00,85.33081054687499,27.71270982724965,85.308837890625,27.69325590965681,-39.26,106.0,175.16666666666666,3.059198985654047
2026-08-27_1600,2026-08-27 16:00:00,85.33081054687499,27.71270982724965,85.352783203125,27.771050758926727,90.59,26.0,13.166666666666666,6.838136409358737
2026-08-27_1600,2026-08-27 16:00:00,85.33081054687499,27.71270982724965,85.308837890625,27.732160275740252,28.82,72.0,55.666666666666664,3.0586534567526504
2026-08-27_1600,2026-08-27 16:00:00,85.33081054687499,27.71270982724965,85.330810546875,27.69325590965681,-41.19,201.0,342.5,2.1631803350353
2026-08-27_1600,2026-08-27 16:00:00,85.33081054687499,27.71270982724965,85.35278320312499,27.673798524586132,20.0,43.0,35.666666666666664,4.837449360776172
2026-08-27_1600,2026-08-27 16:00:00,85.33081054687499,27.71270982724965,85.308837890625,27.673798524586132,-52.36,36.0,76.66666666666667,4.837449360775052
2026-08-27_1600,2026-08-27 16:00:00,85.33081054687499,27.71270982724965,85.37475585937499,27.673798524586132,77.55,28.0,15.333333333333334,6.118943220473297
2026-08-27_1600,2026-08-27 16:00:00,85.33081054687499,27.71270982724965,85.308837890625,27.71270982724965,-23.52,263.0,344.1666666666667,2.162987519829836
2026-08-27_1600,2026-08-27 16:00:00,85.33081054687499,27.71270982724965,85.33081054687501,27.751607253506148,9.86,38.0,34.5,4.3252032481350495
2026-08-27_1600,2026-08-27 16:00:00,85.33081054687499,27.71270982724965,85.37475585937501,27.69325590965681,16.5,19.0,16.166666666666668,4.837018306870562
2026-08-27_1600,2026-08-27 16:00:00,85.33081054687499,27.71270982724965,85.330810546875,27.673798524586132,-15.06,46.0,54.333333333333336,4.326746236617482
2026-08-27_1600,2026-08-27 16:00:00,85.33081054687499,27.71270982724965,85.396728515625,27.673798524586132,16.42,12.0,10.166666666666666,7.800152690943234
2026-08-27_1600,2026-08-27 16:00:00,85.33081054687499,27.71270982724965,85.374755859375,27.71270982724965,60.31,34.0,20.833333333333332,4.325975022467392
2026-08-27_1600,2026-08-27 16:00:00,85.33081054687499,27.71270982724965,85.352783203125,27.69325590965681,-14.93,93.0,109.5,3.0591989856575905
2026-08-27_1600,2026-08-27 16:00:00,85.177001953125,27.732160275740252,85.177001953125,27.732160275740252,9.6,58.0,52.833333333333336,1.67670491015947e-13
2026-08-27_1600,2026-08-27 16:00:00,85.308837890625,27.732160275740252,85.33081054687501,27.751607253506148,42.01,119.0,83.5,3.0581076727134
2026-08-27_1600,2026-08-27 16:00:00,85.308837890625,27.732160275740252,85.330810546875,27.69325590965681,-66.23,46.0,138.16666666666666,4.836587005804376
2026-08-27_1600,2026-08-27 16:00:00,85.308837890625,27.732160275740252,85.26489257812501,27.71270982724965,79.1,19.0,10.166666666666666,4.836155749905646
2026-08-27_1600,2026-08-27 16:00:00,85.308837890625,27.732160275740252,85.286865234375,27.71270982724965,2.35,79.0,77.16666666666667,3.0586534567545987
2026-08-27_1600,2026-08-27 16:00:00,85.308837890625,27.732160275740252,85.330810546875,27.771050758926727,39.02,18.0,12.666666666666666,4.834861085375527
2026-08-27_1600,2026-08-27 16:00:00,85.308837890625,27.732160275740252,85.352783203125,27.69325590965681,4.47,73.0,69.83333333333333,6.117852418087862
2026-08-27_1600,2026-08-27 16:00:00,85.308837890625,27.732160275740252,85.352783203125,27.71270982724965,-0.56,58.0,58.333333333333336,4.836155749907886
2026-08-27_1600,2026-08-27 16:00:00,85.308837890625,27.732160275740252,85.374755859375,27.71270982724965,40.74,18.0,12.5,6.839357015772618
2026-08-27_1600,2026-08-27 16:00:00,85.308837890625,27.732160275740252,85.28686523437501,27.732160275740252,48.47,120.0,80.5,2.162601682396733
2026-08-27_1600,2026-08-27 16:00:00,85.308837890625,27.732160275740252,85.352783203125,27.732160275740252,1.44,46.0,45.333333333333336,4.325203347578266
2026-08-27_1600,2026-08-27 16:00:00,85.308837890625,27.732160275740252,85.35278320312499,27.673798524586132,69.57,25.0,14.333333333333334,7.799457392221702
2026-08-27_1600,2026-08-27 16:00:00,85.308837890625,27.732160275740252,85.286865234375,27.751607253506148,31.84,48.0,36.166666666666664,3.0581076727125147
2026-08-27_1600,2026-08-27 16:00:00,85.308837890625,27.732160275740252,85.308837890625,27.673798524586132,-37.87,34.0,55.333333333333336,6.489540824477553
2026-08-27_1600,2026-08-27 16:00:00,85.308837890625,27.732160275740252,85.374755859375,27.732160275740252,7.14,14.0,13.0,6.4878049783218845
2026-08-27_1600,2026-08-27 16:00:00,85.308837890625,27.732160275740252,85.264892578125,27.69325590965681,114.29,24.0,10.666666666666666,6.117852418087862
2026-08-27_1600,2026-08-27 16:00:00,85.308837890625,27.732160275740252,85.28686523437501,27.69325590965681,-0.55,59.0,59.333333333333336,4.836587005803816
2026-08-27_1600,2026-08-27 16:00:00,85.308837890625,27.732160275740252,85.308837890625,27.771050758926727,46.34,39.0,26.333333333333332,4.324431212760916
2026-08-27_1600,2026-08-27 16:00:00,85.308837890625,27.732160275740252,85.330810546875,27.732160275740252,-21.57,205.0,261.6666666666667,2.1626016823979852
2026-08-27_1600,2026-08-27 16:00:00,85.308837890625,27.732160275740252,85.352783203125,27.771050758926727,64.84,24.0,14.166666666666666,6.115669282158945
2026-08-27_1600,2026-08-27 16:00:00,85.308837890625,27.732160275740252,85.33081054687499,27.71270982724965,-49.63,100.0,199.5,3.0586534567528276
2026-08-27_1600,2026-08-27 16:00:00,85.308837890625,27.732160275740252,85.330810546875,27.65433767366391,-31.96,10.0,15.166666666666666,8.919815497580409
2026-08-27_1600,2026-08-27 16:00:00,85.308837890625,27.732160275740252,85.352783203125,27.751607253506148,-2.11,30.0,30.666666666666668,4.8352927895323505
2026-08-27_1600,2026-08-27 16:00:00,85.308837890625,27.732160275740252,85.308837890625,27.69325590965681,-33.55,99.0,149.5,4.325974922895328
2026-08-27_1600,2026-08-27 16:00:00,85.308837890625,27.732160275740252,85.308837890625,27.732160275740252,7.45,13983.0,13012.833333333334,1.67670491015947e-13
2026-08-27_1600,2026-08-27 16:00:00,85.33081054687499,27.71270982724965,85.352783203125,27.71270982724965,-21.4,141.0,179.66666666666666,2.162987519834845
2026-08-27_1600,2026-08-27 16:00:00,85.396728515625,27.71270982724965,85.308837890625,27.673798524586132,-24.27,12.0,16.166666666666668,9.674898613145617
2026-08-27_1600,2026-08-27 16:00:00,85.396728515625,27.71270982724965,85.352783203125,27.732160275740252,0.76,21.0,20.833333333333332,4.836155749906638
2026-08-27_1600,2026-08-27 16:00:00,85.374755859375,27.65433767366391,85.33081054687499,27.71270982724965,-70.8,19.0,67.5,7.800847571996901
2026-08-27_1600,2026-08-27 16:00:00,85.374755859375,27.65433767366391,85.352783203125,27.71270982724965,-35.0,12.0,19.0,6.841795927074026
2026-08-27_1600,2026-08-27 16:00:00,85.374755859375,27.65433767366391,85.308837890625,27.71270982724965,-44.33,26.0,47.5,9.179232424473426
2026-08-27_1600,2026-08-27 16:00:00,85.330810546875,27.732160275740252,85.308837890625,27.69325590965681,-42.45,46.0,80.66666666666667,4.836587005804376
2026-08-27_1600,2026-08-27 16:00:00,85.330810546875,27.732160275740252,85.308837890625,27.732160275740252,2.79,128.0,124.5,2.1626016823979852
2026-08-27_1600,2026-08-27 16:00:00,85.330810546875,27.732160275740252,85.33081054687501,27.751607253506148,7.33,121.0,112.66666666666669,2.1624086602752115
2026-08-27_1600,2026-08-27 16:00:00,85.330810546875,27.732160275740252,85.374755859375,27.732160275740252,-34.45,12.0,18.833333333333332,4.325203347577014
2026-08-27_1600,2026-08-27 16:00:00,85.330810546875,27.732160275740252,85.330810546875,27.69325590965681,-57.52,55.0,130.83333333333334,4.325974922895328
2026-08-27_1600,2026-08-27 16:00:00,85.330810546875,27.732160275740252,85.330810546875,27.732160275740252,3.85,7790.0,7501.333333333333,1.67670491015947e-13
2026-08-27_1600,2026-08-27 16:00:00,85.24291992187499,27.887638781681872,85.24291992187499,27.887638781681872,-52.12,13.0,28.239736229029972,2.1864401118150494e-14
2026-08-27_1600,2026-08-27 16:00:00,85.330810546875,27.732160275740252,85.352783203125,27.732160275740252,-5.69,104.0,110.33333333333331,2.1626016823979852
2026-08-27_1600,2026-08-27 16:00:00,85.330810546875,27.732160275740252,85.286865234375,27.71270982724965,-44.51,15.0,27.833333333333332,4.836155749907886
2026-08-27_1600,2026-08-27 16:00:00,85.330810546875,27.732160275740252,85.352783203125,27.751607253506148,-2.7,41.0,42.166666666666664,3.0581076727125147
2026-08-27_1600,2026-08-27 16:00:00,85.330810546875,27.732160275740252,85.308837890625,27.751607253506148,69.94,48.0,27.833333333333332,3.0581076727125147
2026-08-27_1600,2026-08-27 16:00:00,85.330810546875,27.732160275740252,85.352783203125,27.771050758926727,37.35,26.0,18.65778543732769,4.834861085375527
2026-08-27_1600,2026-08-27 16:00:00,85.330810546875,27.732160275740252,85.28686523437501,27.732160275740252,57.89,24.0,14.833333333333334,4.325203347577014
2026-08-27_1600,2026-08-27 16:00:00,85.330810546875,27.732160275740252,85.33081054687499,27.71270982724965,-32.51,173.0,256.8333333333333,2.16279458785999
2026-08-27_1600,2026-08-27 16:00:00,85.330810546875,27.732160275740252,85.35278320312499,27.673798524586132,41.18,27.0,18.833333333333332,6.840576658796301
2026-08-27_1600,2026-08-27 16:00:00,85.330810546875,27.732160275740252,85.352783203125,27.69325590965681,-2.0,48.0,49.0,4.836587005804376
2026-08-27_1600,2026-08-27 16:00:00,85.330810546875,27.732160275740252,85.330810546875,27.673798524586132,-24.41,15.0,20.166666666666668,6.489540824477553
2026-08-27_1600,2026-08-27 16:00:00,85.330810546875,27.732160275740252,85.330810546875,27.65433767366391,22.73,17.0,13.666666666666666,8.653492111773652
2026-08-27_1600,2026-08-27 16:00:00,85.462646484375,27.71270982724965,85.462646484375,27.71270982724965,30.17,150.0,115.0,1.0131527334793077e-13
2026-08-27_1600,2026-08-27 16:00:00,85.484619140625,27.829360424938628,85.484619140625,27.829360424938628,17.07,15.0,12.666666666666666,5.538235803950223e-15
2026-08-27_1600,2026-08-27 16:00:00,85.506591796875,27.790490790383224,85.506591796875,27.790490790383224,-8.57,15.0,16.5,2.1366837619491137e-14
2026-08-27_1600,2026-08-27 16:00:00,85.28686523437501,27.69325590965681,85.352783203125,27.732160275740252,57.58,25.0,15.5,7.798762185210407
2026-08-27_1600,2026-08-27 16:00:00,85.28686523437501,27.69325590965681,85.33081054687499,27.71270982724965,-70.38,42.0,144.16666666666666,4.83701830686361
2026-08-27_1600,2026-08-27 16:00:00,85.28686523437501,27.69325590965681,85.33081054687501,27.751607253506148,110.39,26.0,11.833333333333334,7.798066561201221
2026-08-27_1600,2026-08-27 16:00:00,85.28686523437501,27.69325590965681,85.308837890625,27.71270982724965,-28.87,192.0,270.3333333333333,3.0591989856546267
2026-08-27_1600,2026-08-27 16:00:00,85.28686523437501,27.69325590965681,85.308837890625,27.751607253506148,62.16,19.0,11.333333333333334,6.8393568193368255
2026-08-27_1600,2026-08-27 16:00:00,85.28686523437501,27.69325590965681,85.26489257812501,27.71270982724965,55.0,30.0,19.0,3.0591989856546267
2026-08-27_1600,2026-08-27 16:00:00,85.30883789062499,27.65433767366391,85.352783203125,27.71270982724965,-16.28,17.0,20.5,7.800847571996207
2026-08-27_1600,2026-08-27 16:00:00,85.30883789062499,27.65433767366391,85.308837890625,27.71270982724965,-43.06,40.0,71.0,6.490697523913687
2026-08-27_1600,2026-08-27 16:00:00,85.30883789062499,27.65433767366391,85.33081054687499,27.71270982724965,-48.9,30.0,59.666666666666664,6.841795927073631
2026-08-27_1600,2026-08-27 16:00:00,85.30883789062499,27.65433767366391,85.308837890625,27.732160275740252,58.33,18.0,11.0,8.653492111773794
2026-08-27_1600,2026-08-27 16:00:00,85.30883789062499,27.65433767366391,85.330810546875,27.732160275740252,-65.05,11.0,33.333333333333336,8.919815497580238
2026-08-27_1600,2026-08-27 16:00:00,85.396728515625,27.751607253506148,85.396728515625,27.751607253506148,11.54,1323.0,1186.0,3.608553671315128e-14
2026-08-27_1600,2026-08-27 16:00:00,85.396728515625,27.751607253506148,85.352783203125,27.71270982724965,18.64,34.0,28.5,6.11676110511676
2026-08-27_1600,2026-08-27 16:00:00,85.396728515625,27.751607253506148,85.374755859375,27.732160275740252,-34.22,32.0,49.166666666666664,3.058107672712538
2026-08-27_1600,2026-08-27 16:00:00,85.396728515625,27.751607253506148,85.418701171875,27.751607253506148,41.18,15.0,10.333333333333334,2.1622156646545267
2026-08-27_1600,2026-08-27 16:00:00,85.396728515625,27.751607253506148,85.352783203125,27.732160275740252,8.51,16.0,14.666666666666666,4.835292789531121
2026-08-27_1600,2026-08-27 16:00:00,85.396728515625,27.751607253506148,85.374755859375,27.71270982724965,-5.79,18.0,19.166666666666668,4.83572424718008
2026-08-27_1600,2026-08-27 16:00:00,85.396728515625,27.751607253506148,85.396728515625,27.732160275740252,-34.65,21.0,32.666666666666664,2.162408660275157
2026-08-27_1600,2026-08-27 16:00:00,85.770263671875,27.80992734625884,85.770263671875,27.80992734625884,20.43,55.0,45.5,1.0595237556502103e-13
2026-08-27_1600,2026-08-27 16:00:00,85.198974609375,27.907057935466664,85.198974609375,27.907057935466664,-6.21,72.0,76.83333333333333,5.816231754836267e-14
2026-08-27_1600,2026-08-27 16:00:00,85.264892578125,27.907057935466664,85.264892578125,27.907057935466664,30.23,27.0,20.5,5.816231754836267e-14
2026-08-27_1600,2026-08-27 16:00:00,85.330810546875,27.732160275740252,85.330810546875,27.771050758926727,23.53,13.0,10.333333333333334,4.324431212760916
2026-08-27_1600,2026-08-27 16:00:00,85.396728515625,27.71270982724965,85.374755859375,27.732160275740252,-28.77,25.0,35.5,3.058653456754421
2026-08-27_1600,2026-08-27 16:00:00,85.330810546875,27.732160275740252,85.308837890625,27.71270982724965,-50.56,80.0,162.83333333333334,3.0586534567545987
2026-08-27_1600,2026-08-27 16:00:00,85.330810546875,27.732160275740252,85.374755859375,27.71270982724965,16.88,14.0,11.833333333333334,4.836155749906766
2026-08-27_1600,2026-08-27 16:00:00,85.023193359375,27.771050758926727,85.023193359375,27.771050758926727,20.9,26.0,21.333333333333332,1.2207854514058405e-13
2026-08-27_1600,2026-08-27 16:00:00,85.74829101562499,27.771050758926727,85.74829101562499,27.771050758926727,-20.48,10.0,12.833333333333334,1.2207854514058405e-13
2026-08-27_1600,2026-08-27 16:00:00,85.30883789062501,27.790490790383224,85.30883789062501,27.790490790383224,21.44,537.0,442.0,2.1366837619491137e-14
2026-08-27_1600,2026-08-27 16:00:00,85.30883789062501,27.790490790383224,85.308837890625,27.732160275740252,16.67,13.0,11.0,6.486067477459581
2026-08-27_1600,2026-08-27 16:00:00,85.836181640625,27.751607253506148,85.836181640625,27.751607253506148,2.59,98.0,95.5,3.608553671315128e-14
2026-08-27_1600,2026-08-27 16:00:00,84.913330078125,27.80992734625884,84.913330078125,27.80992734625884,-55.41,25.0,57.3089111826575,1.0595237556502103e-13
2026-08-27_1600,2026-08-27 16:00:00,85.00122070312501,27.80992734625884,85.00122070312501,27.80992734625884,21.58,76.0,62.333333333333336,1.0595237556502103e-13
2026-08-27_1600,2026-08-27 16:00:00,85.418701171875,27.751607253506148,85.396728515625,27.751607253506148,12.09,16.0,14.166666666666666,2.1622156646545267
2026-08-27_1600,2026-08-27 16:00:00,85.418701171875,27.751607253506148,85.352783203125,27.71270982724965,-33.82,14.0,21.666666666666668,7.797371028608722
2026-08-27_1600,2026-08-27 16:00:00,85.81420898437501,27.751607253506148,85.81420898437501,27.751607253506148,29.41,43.0,33.0,3.608553671315128e-14
2026-08-27_1600,2026-08-27 16:00:00,85.418701171875,27.751607253506148,85.418701171875,27.751607253506148,7.59,1043.0,969.3333333333334,3.608553671315128e-14
2026-08-27_1600,2026-08-27 16:00:00,85.264892578125,27.80992734625884,85.264892578125,27.80992734625884,52.68,56.0,36.333333333333336,1.0595237556502103e-13
2026-08-27_1600,2026-08-27 16:00:00,85.660400390625,27.887638781681872,85.660400390625,27.887638781681872,0.0,15.0,15.0,2.1864401118150494e-14
2026-08-27_1600,2026-08-27 16:00:00,85.177001953125,27.771050758926727,85.177001953125,27.771050758926727,9.09,21.0,19.166666666666668,1.2207854514058405e-13
2026-08-27_1600,2026-08-27 16:00:00,85.308837890625,27.80992734625884,85.308837890625,27.80992734625884,-15.07,30.0,35.5,1.0595237556502103e-13
2026-08-27_1600,2026-08-27 16:00:00,85.155029296875,27.926473604009228,85.155029296875,27.926473604009228,-95.96,11.0,296.1666666666667,2.0222549497249037e-15
2026-08-27_1600,2026-08-27 16:00:00,85.286865234375,27.790490790383224,85.286865234375,27.790490790383224,28.62,202.0,156.83333333333334,2.1366837619491137e-14
2026-08-27_1600,2026-08-27 16:00:00,85.396728515625,27.71270982724965,85.308837890625,27.71270982724965,-17.69,37.0,45.166666666666664,8.651949907342676
2026-08-27_1600,2026-08-27 16:00:00,85.396728515625,27.71270982724965,85.418701171875,27.71270982724965,21.52,15.0,12.166666666666666,2.1629875198323405
2026-08-27_1600,2026-08-27 16:00:00,85.396728515625,27.71270982724965,85.330810546875,27.69325590965681,-64.87,24.0,70.16666666666667,6.84057685557767
2026-08-27_1600,2026-08-27 16:00:00,85.198974609375,27.829360424938628,85.198974609375,27.829360424938628,91.67,22.0,11.0,5.538235803950223e-15
2026-08-27_1600,2026-08-27 16:00:00,85.418701171875,27.69325590965681,85.308837890625,27.71270982724965,-46.21,12.0,23.166666666666668,11.03009852739946
2026-08-27_1600,2026-08-27 16:00:00,85.484619140625,27.80992734625884,85.484619140625,27.80992734625884,13.92,14.0,12.166666666666666,1.0595237556502103e-13
2026-08-27_1600,2026-08-27 16:00:00,85.198974609375,27.71270982724965,85.198974609375,27.71270982724965,16.36,95.0,81.5,1.0131527334793077e-13
2026-08-27_1600,2026-08-27 16:00:00,85.330810546875,27.732160275740252,85.308837890625,27.673798524586132,-42.31,24.0,42.333333333333336,6.840576658797092
2026-08-27_1600,2026-08-27 16:00:00,85.330810546875,27.732160275740252,85.28686523437501,27.69325590965681,8.0,26.0,24.0,6.117852418086977
2026-08-27_1600,2026-08-27 16:00:00,85.572509765625,27.771050758926727,85.572509765625,27.771050758926727,31.25,27.0,20.333333333333332,1.2207854514058405e-13
2026-08-27_1600,2026-08-27 16:00:00,85.396728515625,27.94588578570596,85.396728515625,27.94588578570596,8.07,28.0,25.833333333333332,2.2447252227959835e-14
2026-08-27_1600,2026-08-27 16:00:00,85.264892578125,27.673798524586132,85.308837890625,27.71270982724965,-42.48,43.0,75.5,6.118943220473385
2026-08-27_1600,2026-08-27 16:00:00,85.264892578125,27.673798524586132,85.286865234375,27.71270982724965,-14.29,18.0,21.166666666666668,4.837449360776031
2026-08-27_1600,2026-08-27 16:00:00,85.264892578125,27.673798524586132,85.330810546875,27.732160275740252,-19.51,21.0,26.333333333333332,9.177596604287688
2026-08-27_1600,2026-08-27 16:00:00,85.264892578125,27.673798524586132,85.33081054687499,27.71270982724965,-56.25,20.0,47.0,7.8001526909402
2026-08-27_1600,2026-08-27 16:00:00,85.13305664062499,27.732160275740252,85.13305664062499,27.732160275740252,9.74,200.0,182.16666666666663,1.67670491015947e-13
2026-08-27_1600,2026-08-27 16:00:00,85.352783203125,27.6348733585183,85.33081054687499,27.71270982724965,-60.71,10.0,27.0,8.921404855972806
2026-08-27_1600,2026-08-27 16:00:00,85.352783203125,27.6348733585183,85.308837890625,27.71270982724965,-54.17,10.0,23.0,9.676622180283488
2026-08-27_1600,2026-08-27 16:00:00,85.155029296875,27.887638781681872,85.15502929687501,27.907057935466664,29.55,18.0,13.666666666666666,2.159314769881402
2026-08-27_1600,2026-08-27 16:00:00,85.155029296875,27.887638781681872,85.155029296875,27.887638781681872,2.44,202.0,197.16666666666663,2.1864401118150494e-14
2026-08-27_1600,2026-08-27 16:00:00,85.220947265625,27.732160275740252,85.220947265625,27.732160275740252,22.37,30.0,24.333333333333332,1.67670491015947e-13
2026-08-27_1600,2026-08-27 16:00:00,85.286865234375,27.65433767366391,85.308837890625,27.71270982724965,-36.36,13.0,21.0,6.841795927074422
2026-08-27_1600,2026-08-27 16:00:00,85.089111328125,27.829360424938628,85.089111328125,27.829360424938628,16.88,14.0,11.833333333333334,5.538235803950223e-15
2026-08-27_1600,2026-08-27 16:00:00,85.330810546875,27.65433767366391,85.330810546875,27.732160275740252,-35.48,19.0,30.0,8.653492111773794
2026-08-27_1600,2026-08-27 16:00:00,85.330810546875,27.65433767366391,85.33081054687499,27.71270982724965,-66.43,30.0,91.33333333333331,6.490697523913687
2026-08-27_1600,2026-08-27 16:00:00,85.330810546875,27.65433767366391,85.308837890625,27.71270982724965,-49.08,36.0,71.66666666666667,6.841795927074422
2026-08-27_1600,2026-08-27 16:00:00,85.330810546875,27.65433767366391,85.352783203125,27.71270982724965,14.89,26.0,22.5,6.841795927074422
2026-08-27_1600,2026-08-27 16:00:00,85.330810546875,27.65433767366391,85.308837890625,27.732160275740252,-5.62,13.0,13.833333333333334,8.919815497580238
2026-08-27_1600,2026-08-27 16:00:00,85.330810546875,27.732160275740252,85.352783203125,27.71270982724965,-13.35,52.0,60.166666666666664,3.0586534567545987
2026-08-27_1600,2026-08-27 16:00:00,85.155029296875,27.732160275740252,85.155029296875,27.732160275740252,37.59,60.0,43.333333333333336,1.67670491015947e-13
