{"type": "FeatureCollection", "features": [{"type": "Feature", "geometry": {"type": "Polygon", "coordinates": [[[85.33143218960933, 28.156007135105998], [85.33159521039067, 28.156007135105998], [85.33159521039067, 28.156150864894], [85.33143218960933, 28.156150864894], [85.33143218960933, 28.156007135105998]]]}, "properties": {"source": "emsr927", "dmg": 1.0, "dmg_class": 3, "dmg_label": "Destroyed", "confidence": null, "bid": "1"}}, {"type": "Feature", "geometry": {"type": "Polygon", "coordinates": [[[85.33209118856237, 28.157382135106], [85.33225421143763, 28.157382135106], [85.33225421143763, 28.157525864894], [85.33209118856237, 28.157525864894], [85.33209118856237, 28.157382135106]]]}, "properties": {"source": "emsr927", "dmg": 1.0, "dmg_class": 3, "dmg_label": "Destroyed", "confidence": null, "bid": "2"}}, {"type": "Feature", "geometry": {"type": "Polygon", "coordinates": [[[85.33495438672753, 28.159791635106], [85.33511741327246, 28.159791635106], [85.33511741327246, 28.159935364894], [85.33495438672753, 28.159935364894], [85.33495438672753, 28.159791635106]]]}, "properties": {"source": "emsr927", "dmg": 1.0, "dmg_class": 3, "dmg_label": "Destroyed", "confidence": null, "bid": "3"}}, {"type": "Feature", "geometry": {"type": "Polygon", "coordinates": [[[85.33597828663608, 28.159911735106], [85.33614131336392, 28.159911735106], [85.33614131336392, 28.160055464894], [85.33597828663608, 28.160055464894], [85.33597828663608, 28.159911735106]]]}, "properties": {"source": "emsr927", "dmg": 1.0, "dmg_class": 3, "dmg_label": "Destroyed", "confidence": null, "bid": "4"}}, {"type": "Feature", "geometry": {"type": "Polygon", "coordinates": [[[85.336165886429, 28.160183635106], [85.33632891357101, 28.160183635106], [85.33632891357101, 28.160327364894002], [85.336165886429, 28.160327364894002], [85.336165886429, 28.160183635106]]]}, "properties": {"source": "emsr927", "dmg": 1.0, "dmg_class": 3, "dmg_label": "Destroyed", "confidence": null, "bid": "5"}}, {"type": "Feature", "geometry": {"type": "Polygon", "coordinates": [[[85.33632608639687, 28.160225835106], [85.33648911360314, 28.160225835106], [85.33648911360314, 28.160369564894], [85.33632608639687, 28.160369564894], [85.33632608639687, 28.160225835106]]]}, "properties": {"source": "emsr927", "dmg": 1.0, "dmg_class": 3, "dmg_label": "Destroyed", "confidence": null, "bid": "6"}}, {"type": "Feature", "geometry": {"type": "Polygon", "coordinates": [[[85.33585808636435, 28.160268535106], [85.33602111363565, 28.160268535106], [85.33602111363565, 28.160412264894], [85.33585808636435, 28.160412264894], [85.33585808636435, 28.160268535106]]]}, "properties": {"source": "emsr927", "dmg": 1.0, "dmg_class": 3, "dmg_label": "Destroyed", "confidence": null, "bid": "7"}}, {"type": "Feature", "geometry": {"type": "Polygon", "coordinates": [[[85.33624058631804, 28.160329335106], [85.33640361368197, 28.160329335106], [85.33640361368197, 28.160473064894], [85.33624058631804, 28.160473064894], [85.33624058631804, 28.160329335106]]]}, "properties": {"source": "emsr927", "dmg": 1.0, "dmg_class": 3, "dmg_label": "Destroyed", "confidence": null, "bid": "8"}}, {"type": "Feature", "geometry": {"type": "Polygon", "coordinates": [[[85.3360225863038, 28.160348035106], [85.3361856136962, 28.160348035106], [85.3361856136962, 28.160491764894], [85.3360225863038, 28.160491764894], [85.3360225863038, 28.160348035106]]]}, "properties": {"source": "emsr927", "dmg": 1.0, "dmg_class": 3, "dmg_label": "Destroyed", "confidence": null, "bid": "9"}}, {"type": "Feature", "geometry": {"type": "Polygon", "coordinates": [[[85.33629918623542, 28.160437835106], [85.33646221376459, 28.160437835106], [85.33646221376459, 28.160581564894], [85.33629918623542, 28.160581564894], [85.33629918623542, 28.160437835106]]]}, "properties": {"source": "emsr927", "dmg": 1.0, "dmg_class": 3, "dmg_label": "Destroyed", "confidence": null, "bid": "10"}}, {"type": "Feature", "geometry": {"type": "Polygon", "coordinates": [[[85.33655838632878, 28.160315235106], [85.33672141367121, 28.160315235106], [85.33672141367121, 28.160458964894], [85.33655838632878, 28.160458964894], [85.33655838632878, 28.160315235106]]]}, "properties": {"source": "emsr927", "dmg": 1.0, "dmg_class": 3, "dmg_label": "Destroyed", "confidence": null, "bid": "11"}}, {"type": "Feature", "geometry": {"type": "Polygon", "coordinates": [[[85.33650038629489, 28.160359735106], [85.33666341370511, 28.160359735106], [85.33666341370511, 28.160503464894], [85.33650038629489, 28.160503464894], [85.33650038629489, 28.160359735106]]]}, "properties": {"source": "emsr927", "dmg": 1.0, "dmg_class": 3, "dmg_label": "Destroyed", "confidence": null, "bid": "12"}}, {"type": "Feature", "geometry": {"type": "Polygon", "coordinates": [[[85.33674178622194, 28.160455535106], [85.33690481377808, 28.160455535106], [85.33690481377808, 28.160599264894], [85.33674178622194, 28.160599264894], [85.33674178622194, 28.160455535106]]]}, "properties": {"source": "emsr927", "dmg": 1.0, "dmg_class": 3, "dmg_label": "Destroyed", "confidence": null, "bid": "13"}}, {"type": "Feature", "geometry": {"type": "Polygon", "coordinates": [[[85.33637528621301, 28.160467235106], [85.33653831378697, 28.160467235106], [85.33653831378697, 28.160610964894], [85.33637528621301, 28.160610964894], [85.33637528621301, 28.160467235106]]]}, "properties": {"source": "emsr927", "dmg": 1.0, "dmg_class": 3, "dmg_label": "Destroyed", "confidence": null, "bid": "14"}}, {"type": "Feature", "geometry": {"type": "Polygon", "coordinates": [[[85.33641838618446, 28.160504735106], [85.33658141381555, 28.160504735106], [85.33658141381555, 28.160648464894], [85.33641838618446, 28.160648464894], [85.33641838618446, 28.160504735106]]]}, "properties": {"source": "emsr927", "dmg": 1.0, "dmg_class": 3, "dmg_label": "Destroyed", "confidence": null, "bid": "15"}}, {"type": "Feature", "geometry": {"type": "Polygon", "coordinates": [[[85.33649608617067, 28.160522835106], [85.33665911382933, 28.160522835106], [85.33665911382933, 28.160666564894], [85.33649608617067, 28.160666564894], [85.33649608617067, 28.160522835106]]]}, "properties": {"source": "emsr927", "dmg": 1.0, "dmg_class": 3, "dmg_label": "Destroyed", "confidence": null, "bid": "16"}}, {"type": "Feature", "geometry": {"type": "Polygon", "coordinates": [[[85.33659498615513, 28.160543235106], [85.33675801384486, 28.160543235106], [85.33675801384486, 28.160686964894], [85.33659498615513, 28.160686964894], [85.33659498615513, 28.160543235106]]]}, "properties": {"source": "emsr927", "dmg": 1.0, "dmg_class": 3, "dmg_label": "Destroyed", "confidence": null, "bid": "17"}}, {"type": "Feature", "geometry": {"type": "Polygon", "coordinates": [[[85.33666458610853, 28.160604435106], [85.33682761389147, 28.160604435106], [85.33682761389147, 28.160748164894], [85.33666458610853, 28.160748164894], [85.33666458610853, 28.160604435106]]]}, "properties": {"source": "emsr927", "dmg": 1.0, "dmg_class": 3, "dmg_label": "Destroyed", "confidence": null, "bid": "18"}}, {"type": "Feature", "geometry": {"type": "Polygon", "coordinates": [[[85.33645188601135, 28.160732035106], [85.33661491398864, 28.160732035106], [85.33661491398864, 28.160875764894], [85.33645188601135, 28.160875764894], [85.33645188601135, 28.160732035106]]]}, "properties": {"source": "emsr927", "dmg": 1.0, "dmg_class": 3, "dmg_label": "Destroyed", "confidence": null, "bid": "19"}}, {"type": "Feature", "geometry": {"type": "Polygon", "coordinates": [[[85.3364105859023, 28.160875235106], [85.3365736140977, 28.160875235106], [85.3365736140977, 28.161018964894], [85.3364105859023, 28.161018964894], [85.3364105859023, 28.160875235106]]]}, "properties": {"source": "emsr927", "dmg": 1.0, "dmg_class": 3, "dmg_label": "Destroyed", "confidence": null, "bid": "20"}}, {"type": "Feature", "geometry": {"type": "Polygon", "coordinates": [[[85.33576668620312, 28.160480235106], [85.33592971379689, 28.160480235106], [85.33592971379689, 28.160623964894], [85.33576668620312, 28.160623964894], [85.33576668620312, 28.160480235106]]]}, "properties": {"source": "emsr927", "dmg": 1.0, "dmg_class": 3, "dmg_label": "Destroyed", "confidence": null, "bid": "21"}}, {"type": "Feature", "geometry": {"type": "Polygon", "coordinates": [[[85.33609488618218, 28.160507735106], [85.33625791381782, 28.160507735106], [85.33625791381782, 28.160651464894], [85.33609488618218, 28.160651464894], [85.33609488618218, 28.160507735106]]]}, "properties": {"source": "emsr927", "dmg": 1.0, "dmg_class": 3, "dmg_label": "Destroyed", "confidence": null, "bid": "22"}}, {"type": "Feature", "geometry": {"type": "Polygon", "coordinates": [[[85.33565578616596, 28.160529035106], [85.33581881383405, 28.160529035106], [85.33581881383405, 28.160672764894], [85.33565578616596, 28.160672764894], [85.33565578616596, 28.160529035106]]]}, "properties": {"source": "emsr927", "dmg": 1.0, "dmg_class": 3, "dmg_label": "Destroyed", "confidence": null, "bid": "23"}}, {"type": "Feature", "geometry": {"type": "Polygon", "coordinates": [[[85.33613028613755, 28.160566335106], [85.33629331386246, 28.160566335106], [85.33629331386246, 28.160710064894], [85.33613028613755, 28.160710064894], [85.33613028613755, 28.160566335106]]]}, "properties": {"source": "emsr927", "dmg": 1.0, "dmg_class": 3, "dmg_label": "Destroyed", "confidence": null, "bid": "24"}}, {"type": "Feature", "geometry": {"type": "Polygon", "coordinates": [[[85.3357453860917, 28.160626535106], [85.3359084139083, 28.160626535106], [85.3359084139083, 28.160770264894], [85.3357453860917, 28.160770264894], [85.3357453860917, 28.160626535106]]]}, "properties": {"source": "emsr927", "dmg": 1.0, "dmg_class": 3, "dmg_label": "Destroyed", "confidence": null, "bid": "25"}}, {"type": "Feature", "geometry": {"type": "Polygon", "coordinates": [[[85.33615858608644, 28.160633435106], [85.33632161391355, 28.160633435106], [85.33632161391355, 28.160777164894], [85.33615858608644, 28.160777164894], [85.33615858608644, 28.160633435106]]]}, "properties": {"source": "emsr927", "dmg": 1.0, "dmg_class": 3, "dmg_label": "Destroyed", "confidence": null, "bid": "26"}}, {"type": "Feature", "geometry": {"type": "Polygon", "coordinates": [[[85.33611838603831, 28.160696635106], [85.33628141396169, 28.160696635106], [85.33628141396169, 28.160840364894], [85.33611838603831, 28.160840364894], [85.33611838603831, 28.160696635106]]]}, "properties": {"source": "emsr927", "dmg": 1.0, "dmg_class": 3, "dmg_label": "Destroyed", "confidence": null, "bid": "27"}}, {"type": "Feature", "geometry": {"type": "Polygon", "coordinates": [[[85.33580238602933, 28.160708435106], [85.33596541397067, 28.160708435106], [85.33596541397067, 28.160852164894], [85.33580238602933, 28.160852164894], [85.33580238602933, 28.160708435106]]]}, "properties": {"source": "emsr927", "dmg": 1.0, "dmg_class": 3, "dmg_label": "Destroyed", "confidence": null, "bid": "28"}}, {"type": "Feature", "geometry": {"type": "Polygon", "coordinates": [[[85.336149285993, 28.160756135106], [85.33631231400699, 28.160756135106], [85.33631231400699, 28.160899864894], [85.336149285993, 28.160899864894], [85.336149285993, 28.160756135106]]]}, "properties": {"source": "emsr927", "dmg": 1.0, "dmg_class": 3, "dmg_label": "Destroyed", "confidence": null, "bid": "29"}}, {"type": "Feature", "geometry": {"type": "Polygon", "coordinates": [[[85.33580358595431, 28.160806935106], [85.33596661404569, 28.160806935106], [85.33596661404569, 28.160950664894], [85.33580358595431, 28.160950664894], [85.33580358595431, 28.160806935106]]]}, "properties": {"source": "emsr927", "dmg": 1.0, "dmg_class": 3, "dmg_label": "Destroyed", "confidence": null, "bid": "30"}}, {"type": "Feature", "geometry": {"type": "Polygon", "coordinates": [[[85.33588768591196, 28.160862535106], [85.33605071408803, 28.160862535106], [85.33605071408803, 28.161006264894], [85.33588768591196, 28.161006264894], [85.33588768591196, 28.160862535106]]]}, "properties": {"source": "emsr927", "dmg": 1.0, "dmg_class": 3, "dmg_label": "Destroyed", "confidence": null, "bid": "31"}}, {"type": "Feature", "geometry": {"type": "Polygon", "coordinates": [[[85.33611418590657, 28.160869635106], [85.33627721409344, 28.160869635106], [85.33627721409344, 28.161013364894], [85.33611418590657, 28.161013364894], [85.33611418590657, 28.160869635106]]]}, "properties": {"source": "emsr927", "dmg": 1.0, "dmg_class": 3, "dmg_label": "Destroyed", "confidence": null, "bid": "32"}}, {"type": "Feature", "geometry": {"type": "Polygon", "coordinates": [[[85.33591388584769, 28.160946935106], [85.33607691415231, 28.160946935106], [85.33607691415231, 28.161090664894], [85.33591388584769, 28.161090664894], [85.33591388584769, 28.160946935106]]]}, "properties": {"source": "emsr927", "dmg": 1.0, "dmg_class": 3, "dmg_label": "Destroyed", "confidence": null, "bid": "33"}}, {"type": "Feature", "geometry": {"type": "Polygon", "coordinates": [[[85.33623248583939, 28.160957835106], [85.33639551416061, 28.160957835106], [85.33639551416061, 28.161101564894], [85.33623248583939, 28.161101564894], [85.33623248583939, 28.160957835106]]]}, "properties": {"source": "emsr927", "dmg": 1.0, "dmg_class": 3, "dmg_label": "Destroyed", "confidence": null, "bid": "34"}}, {"type": "Feature", "geometry": {"type": "Polygon", "coordinates": [[[85.3361625858164, 28.160988035106], [85.33632561418361, 28.160988035106], [85.33632561418361, 28.161131764894], [85.3361625858164, 28.161131764894], [85.3361625858164, 28.160988035106]]]}, "properties": {"source": "emsr927", "dmg": 1.0, "dmg_class": 3, "dmg_label": "Destroyed", "confidence": null, "bid": "35"}}, {"type": "Feature", "geometry": {"type": "Polygon", "coordinates": [[[85.33604748580511, 28.161002835106], [85.33621051419489, 28.161002835106], [85.33621051419489, 28.161146564894], [85.33604748580511, 28.161146564894], [85.33604748580511, 28.161002835106]]]}, "properties": {"source": "emsr927", "dmg": 1.0, "dmg_class": 3, "dmg_label": "Destroyed", "confidence": null, "bid": "36"}}, {"type": "Feature", "geometry": {"type": "Polygon", "coordinates": [[[85.3359153857812, 28.161034235106], [85.33607841421879, 28.161034235106], [85.33607841421879, 28.161177964894], [85.3359153857812, 28.161177964894], [85.3359153857812, 28.161034235106]]]}, "properties": {"source": "emsr927", "dmg": 1.0, "dmg_class": 3, "dmg_label": "Destroyed", "confidence": null, "bid": "37"}}, {"type": "Feature", "geometry": {"type": "Polygon", "coordinates": [[[85.33599858572721, 28.161105135106], [85.3361616142728, 28.161105135106], [85.3361616142728, 28.161248864894], [85.33599858572721, 28.161248864894], [85.33599858572721, 28.161105135106]]]}, "properties": {"source": "emsr927", "dmg": 1.0, "dmg_class": 3, "dmg_label": "Destroyed", "confidence": null, "bid": "38"}}, {"type": "Feature", "geometry": {"type": "Polygon", "coordinates": [[[85.33621298564967, 28.161206935106], [85.33637601435032, 28.161206935106], [85.33637601435032, 28.161350664894], [85.33621298564967, 28.161350664894], [85.33621298564967, 28.161206935106]]]}, "properties": {"source": "emsr927", "dmg": 1.0, "dmg_class": 3, "dmg_label": "Destroyed", "confidence": null, "bid": "39"}}, {"type": "Feature", "geometry": {"type": "Polygon", "coordinates": [[[85.33600908564038, 28.161219135106], [85.33617211435963, 28.161219135106], [85.33617211435963, 28.161362864894], [85.33600908564038, 28.161362864894], [85.33600908564038, 28.161219135106]]]}, "properties": {"source": "emsr927", "dmg": 1.0, "dmg_class": 3, "dmg_label": "Destroyed", "confidence": null, "bid": "40"}}, {"type": "Feature", "geometry": {"type": "Polygon", "coordinates": [[[85.33648258584016, 28.160956835106], [85.33664561415985, 28.160956835106], [85.33664561415985, 28.161100564894], [85.33648258584016, 28.161100564894], [85.33648258584016, 28.160956835106]]]}, "properties": {"source": "emsr927", "dmg": 1.0, "dmg_class": 3, "dmg_label": "Destroyed", "confidence": null, "bid": "41"}}, {"type": "Feature", "geometry": {"type": "Polygon", "coordinates": [[[85.3367282858192, 28.160984335106], [85.33689131418079, 28.160984335106], [85.33689131418079, 28.161128064894], [85.3367282858192, 28.161128064894], [85.3367282858192, 28.160984335106]]]}, "properties": {"source": "emsr927", "dmg": 1.0, "dmg_class": 3, "dmg_label": "Destroyed", "confidence": null, "bid": "42"}}, {"type": "Feature", "geometry": {"type": "Polygon", "coordinates": [[[85.33653978574365, 28.161083535106], [85.33670281425636, 28.161083535106], [85.33670281425636, 28.161227264894], [85.33653978574365, 28.161227264894], [85.33653978574365, 28.161083535106]]]}, "properties": {"source": "emsr927", "dmg": 1.0, "dmg_class": 3, "dmg_label": "Destroyed", "confidence": null, "bid": "43"}}, {"type": "Feature", "geometry": {"type": "Polygon", "coordinates": [[[85.33667028568463, 28.161161035106], [85.33683331431537, 28.161161035106], [85.33683331431537, 28.161304764894002], [85.33667028568463, 28.161304764894002], [85.33667028568463, 28.161161035106]]]}, "properties": {"source": "emsr927", "dmg": 1.0, "dmg_class": 3, "dmg_label": "Destroyed", "confidence": null, "bid": "44"}}, {"type": "Feature", "geometry": {"type": "Polygon", "coordinates": [[[85.33670758556948, 28.161312235106], [85.33687061443052, 28.161312235106], [85.33687061443052, 28.161455964894], [85.33670758556948, 28.161455964894], [85.33670758556948, 28.161312235106]]]}, "properties": {"source": "emsr927", "dmg": 1.0, "dmg_class": 3, "dmg_label": "Destroyed", "confidence": null, "bid": "45"}}, {"type": "Feature", "geometry": {"type": "Polygon", "coordinates": [[[85.33661368554418, 28.161345435106], [85.33677671445581, 28.161345435106], [85.33677671445581, 28.161489164894], [85.33661368554418, 28.161489164894], [85.33661368554418, 28.161345435106]]]}, "properties": {"source": "emsr927", "dmg": 1.0, "dmg_class": 3, "dmg_label": "Destroyed", "confidence": null, "bid": "46"}}, {"type": "Feature", "geometry": {"type": "Polygon", "coordinates": [[[85.33662228547328, 28.161438535106], [85.33678531452671, 28.161438535106], [85.33678531452671, 28.161582264894], [85.33662228547328, 28.161582264894], [85.33662228547328, 28.161438535106]]]}, "properties": {"source": "emsr927", "dmg": 1.0, "dmg_class": 3, "dmg_label": "Destroyed", "confidence": null, "bid": "47"}}, {"type": "Feature", "geometry": {"type": "Polygon", "coordinates": [[[85.33663208541067, 28.161520735106], [85.33679511458932, 28.161520735106], [85.33679511458932, 28.161664464894], [85.33663208541067, 28.161664464894], [85.33663208541067, 28.161520735106]]]}, "properties": {"source": "emsr927", "dmg": 1.0, "dmg_class": 3, "dmg_label": "Destroyed", "confidence": null, "bid": "48"}}, {"type": "Feature", "geometry": {"type": "Polygon", "coordinates": [[[85.33671298538052, 28.161560335106], [85.33687601461948, 28.161560335106], [85.33687601461948, 28.161704064894], [85.33671298538052, 28.161704064894], [85.33671298538052, 28.161560335106]]]}, "properties": {"source": "emsr927", "dmg": 1.0, "dmg_class": 3, "dmg_label": "Destroyed", "confidence": null, "bid": "49"}}, {"type": "Feature", "geometry": {"type": "Polygon", "coordinates": [[[85.33660948530117, 28.161664535106], [85.33677251469884, 28.161664535106], [85.33677251469884, 28.161808264894], [85.33660948530117, 28.161808264894], [85.33660948530117, 28.161664535106]]]}, "properties": {"source": "emsr927", "dmg": 1.0, "dmg_class": 3, "dmg_label": "Destroyed", "confidence": null, "bid": "50"}}, {"type": "Feature", "geometry": {"type": "Polygon", "coordinates": [[[85.33615478561197, 28.161256435106], [85.33631781438802, 28.161256435106], [85.33631781438802, 28.161400164894], [85.33615478561197, 28.161400164894], [85.33615478561197, 28.161256435106]]]}, "properties": {"source": "emsr927", "dmg": 1.0, "dmg_class": 3, "dmg_label": "Destroyed", "confidence": null, "bid": "51"}}, {"type": "Feature", "geometry": {"type": "Polygon", "coordinates": [[[85.33626968560245, 28.161268935106], [85.33643271439755, 28.161268935106], [85.33643271439755, 28.161412664894], [85.33626968560245, 28.161412664894], [85.33626968560245, 28.161268935106]]]}, "properties": {"source": "emsr927", "dmg": 1.0, "dmg_class": 3, "dmg_label": "Destroyed", "confidence": null, "bid": "52"}}, {"type": "Feature", "geometry": {"type": "Polygon", "coordinates": [[[85.33607978553985, 28.161351135106], [85.33624281446015, 28.161351135106], [85.33624281446015, 28.161494864894], [85.33607978553985, 28.161494864894], [85.33607978553985, 28.161351135106]]]}, "properties": {"source": "emsr927", "dmg": 1.0, "dmg_class": 3, "dmg_label": "Destroyed", "confidence": null, "bid": "53"}}, {"type": "Feature", "geometry": {"type": "Polygon", "coordinates": [[[85.33624158551258, 28.161386935105998], [85.33640461448742, 28.161386935105998], [85.33640461448742, 28.161530664894], [85.33624158551258, 28.161530664894], [85.33624158551258, 28.161386935105998]]]}, "properties": {"source": "emsr927", "dmg": 1.0, "dmg_class": 3, "dmg_label": "Destroyed", "confidence": null, "bid": "54"}}, {"type": "Feature", "geometry": {"type": "Polygon", "coordinates": [[[85.3361513854116, 28.161519535106], [85.3363144145884, 28.161519535106], [85.3363144145884, 28.161663264894], [85.3361513854116, 28.161663264894], [85.3361513854116, 28.161519535106]]]}, "properties": {"source": "emsr927", "dmg": 1.0, "dmg_class": 3, "dmg_label": "Destroyed", "confidence": null, "bid": "55"}}, {"type": "Feature", "geometry": {"type": "Polygon", "coordinates": [[[85.33633668539262, 28.161544435106], [85.33649971460737, 28.161544435106], [85.33649971460737, 28.161688164894], [85.33633668539262, 28.161688164894], [85.33633668539262, 28.161544435106]]]}, "properties": {"source": "emsr927", "dmg": 1.0, "dmg_class": 3, "dmg_label": "Destroyed", "confidence": null, "bid": "56"}}, {"type": "Feature", "geometry": {"type": "Polygon", "coordinates": [[[85.3362188853381, 28.161616035106], [85.3363819146619, 28.161616035106], [85.3363819146619, 28.161759764894], [85.3362188853381, 28.161759764894], [85.3362188853381, 28.161616035106]]]}, "properties": {"source": "emsr927", "dmg": 1.0, "dmg_class": 3, "dmg_label": "Destroyed", "confidence": null, "bid": "57"}}, {"type": "Feature", "geometry": {"type": "Polygon", "coordinates": [[[85.33574288533688, 28.161617635106], [85.33590591466313, 28.161617635106], [85.33590591466313, 28.161761364894], [85.33574288533688, 28.161761364894], [85.33574288533688, 28.161617635106]]]}, "properties": {"source": "emsr927", "dmg": 1.0, "dmg_class": 3, "dmg_label": "Destroyed", "confidence": null, "bid": "58"}}, {"type": "Feature", "geometry": {"type": "Polygon", "coordinates": [[[85.33604898521867, 28.161772835106], [85.33621201478132, 28.161772835106], [85.33621201478132, 28.161916564894], [85.33604898521867, 28.161916564894], [85.33604898521867, 28.161772835106]]]}, "properties": {"source": "emsr927", "dmg": 1.0, "dmg_class": 3, "dmg_label": "Destroyed", "confidence": null, "bid": "59"}}, {"type": "Feature", "geometry": {"type": "Polygon", "coordinates": [[[85.33614408520977, 28.161784535106], [85.33630711479024, 28.161784535106], [85.33630711479024, 28.161928264894], [85.33614408520977, 28.161928264894], [85.33614408520977, 28.161784535106]]]}, "properties": {"source": "emsr927", "dmg": 1.0, "dmg_class": 3, "dmg_label": "Destroyed", "confidence": null, "bid": "60"}}, {"type": "Feature", "geometry": {"type": "Polygon", "coordinates": [[[85.33702108592703, 28.160842735106], [85.33718411407295, 28.160842735106], [85.33718411407295, 28.160986464894002], [85.33702108592703, 28.160986464894002], [85.33702108592703, 28.160842735106]]]}, "properties": {"source": "emsr927", "dmg": 1.0, "dmg_class": 3, "dmg_label": "Destroyed", "confidence": null, "bid": "61"}}, {"type": "Feature", "geometry": {"type": "Polygon", "coordinates": [[[85.33688478566407, 28.161188035106], [85.33704781433593, 28.161188035106], [85.33704781433593, 28.161331764894], [85.33688478566407, 28.161331764894], [85.33688478566407, 28.161188035106]]]}, "properties": {"source": "emsr927", "dmg": 1.0, "dmg_class": 3, "dmg_label": "Destroyed", "confidence": null, "bid": "62"}}, {"type": "Feature", "geometry": {"type": "Polygon", "coordinates": [[[85.3367506856573, 28.161196935106], [85.33691371434271, 28.161196935106], [85.33691371434271, 28.161340664894], [85.3367506856573, 28.161340664894], [85.3367506856573, 28.161196935106]]]}, "properties": {"source": "emsr927", "dmg": 1.0, "dmg_class": 3, "dmg_label": "Destroyed", "confidence": null, "bid": "63"}}, {"type": "Feature", "geometry": {"type": "Polygon", "coordinates": [[[85.33685768488112, 28.162216035106], [85.33702071511888, 28.162216035106], [85.33702071511888, 28.162359764894], [85.33685768488112, 28.162359764894], [85.33685768488112, 28.162216035106]]]}, "properties": {"source": "emsr927", "dmg": 1.0, "dmg_class": 3, "dmg_label": "Destroyed", "confidence": null, "bid": "64"}}, {"type": "Feature", "geometry": {"type": "Polygon", "coordinates": [[[85.33679818481562, 28.162302035106], [85.33696121518437, 28.162302035106], [85.33696121518437, 28.162445764894], [85.33679818481562, 28.162445764894], [85.33679818481562, 28.162302035106]]]}, "properties": {"source": "emsr927", "dmg": 1.0, "dmg_class": 3, "dmg_label": "Destroyed", "confidence": null, "bid": "65"}}, {"type": "Feature", "geometry": {"type": "Polygon", "coordinates": [[[85.33686738476024, 28.162374735106], [85.33703041523975, 28.162374735106], [85.33703041523975, 28.162518464894], [85.33686738476024, 28.162518464894], [85.33686738476024, 28.162374735106]]]}, "properties": {"source": "emsr927", "dmg": 1.0, "dmg_class": 3, "dmg_label": "Destroyed", "confidence": null, "bid": "66"}}, {"type": "Feature", "geometry": {"type": "Polygon", "coordinates": [[[85.33684908468301, 28.162476135106], [85.337012115317, 28.162476135106], [85.337012115317, 28.162619864894], [85.33684908468301, 28.162619864894], [85.33684908468301, 28.162476135106]]]}, "properties": {"source": "emsr927", "dmg": 1.0, "dmg_class": 3, "dmg_label": "Destroyed", "confidence": null, "bid": "67"}}, {"type": "Feature", "geometry": {"type": "Polygon", "coordinates": [[[85.33687548463016, 28.162545535106], [85.33703851536984, 28.162545535106], [85.33703851536984, 28.162689264894], [85.33687548463016, 28.162689264894], [85.33687548463016, 28.162545535106]]]}, "properties": {"source": "emsr927", "dmg": 1.0, "dmg_class": 3, "dmg_label": "Destroyed", "confidence": null, "bid": "68"}}, {"type": "Feature", "geometry": {"type": "Polygon", "coordinates": [[[85.3368236845648, 28.162631335106], [85.3369867154352, 28.162631335106], [85.3369867154352, 28.162775064894], [85.3368236845648, 28.162775064894], [85.3368236845648, 28.162631335106]]]}, "properties": {"source": "emsr927", "dmg": 1.0, "dmg_class": 3, "dmg_label": "Destroyed", "confidence": null, "bid": "69"}}, {"type": "Feature", "geometry": {"type": "Polygon", "coordinates": [[[85.3369153845399, 28.162664035106], [85.3370784154601, 28.162664035106], [85.3370784154601, 28.162807764894], [85.3369153845399, 28.162807764894], [85.3369153845399, 28.162664035106]]]}, "properties": {"source": "emsr927", "dmg": 1.0, "dmg_class": 3, "dmg_label": "Destroyed", "confidence": null, "bid": "70"}}, {"type": "Feature", "geometry": {"type": "Polygon", "coordinates": [[[85.33638388527054, 28.161704735106], [85.33654691472945, 28.161704735106], [85.33654691472945, 28.161848464894], [85.33638388527054, 28.161848464894], [85.33638388527054, 28.161704735106]]]}, "properties": {"source": "emsr927", "dmg": 1.0, "dmg_class": 3, "dmg_label": "Destroyed", "confidence": null, "bid": "71"}}, {"type": "Feature", "geometry": {"type": "Polygon", "coordinates": [[[85.33665018523627, 28.161749735106], [85.33681321476374, 28.161749735106], [85.33681321476374, 28.161893464894], [85.33665018523627, 28.161893464894], [85.33665018523627, 28.161749735106]]]}, "properties": {"source": "emsr927", "dmg": 1.0, "dmg_class": 3, "dmg_label": "Destroyed", "confidence": null, "bid": "72"}}, {"type": "Feature", "geometry": {"type": "Polygon", "coordinates": [[[85.33662838517313, 28.161832635106], [85.33679141482688, 28.161832635106], [85.33679141482688, 28.161976364894], [85.33662838517313, 28.161976364894], [85.33662838517313, 28.161832635106]]]}, "properties": {"source": "emsr927", "dmg": 1.0, "dmg_class": 3, "dmg_label": "Destroyed", "confidence": null, "bid": "73"}}, {"type": "Feature", "geometry": {"type": "Polygon", "coordinates": [[[85.3364212851566, 28.161854335106], [85.3365843148434, 28.161854335106], [85.3365843148434, 28.161998064894], [85.3364212851566, 28.161998064894], [85.3364212851566, 28.161854335106]]]}, "properties": {"source": "emsr927", "dmg": 1.0, "dmg_class": 3, "dmg_label": "Destroyed", "confidence": null, "bid": "74"}}, {"type": "Feature", "geometry": {"type": "Polygon", "coordinates": [[[85.33646678513658, 28.161880635106], [85.33662981486343, 28.161880635106], [85.33662981486343, 28.162024364894002], [85.33646678513658, 28.162024364894002], [85.33646678513658, 28.161880635106]]]}, "properties": {"source": "emsr927", "dmg": 1.0, "dmg_class": 3, "dmg_label": "Destroyed", "confidence": null, "bid": "75"}}, {"type": "Feature", "geometry": {"type": "Polygon", "coordinates": [[[85.33642088509681, 28.161932835106], [85.33658391490319, 28.161932835106], [85.33658391490319, 28.162076564894], [85.33642088509681, 28.162076564894], [85.33642088509681, 28.161932835106]]]}, "properties": {"source": "emsr927", "dmg": 1.0, "dmg_class": 3, "dmg_label": "Destroyed", "confidence": null, "bid": "76"}}, {"type": "Feature", "geometry": {"type": "Polygon", "coordinates": [[[85.33662568509332, 28.161937435106], [85.33678871490669, 28.161937435106], [85.33678871490669, 28.162081164894], [85.33662568509332, 28.162081164894], [85.33662568509332, 28.161937435106]]]}, "properties": {"source": "emsr927", "dmg": 1.0, "dmg_class": 3, "dmg_label": "Destroyed", "confidence": null, "bid": "77"}}, {"type": "Feature", "geometry": {"type": "Polygon", "coordinates": [[[85.33663238502865, 28.162022335106], [85.33679541497136, 28.162022335106], [85.33679541497136, 28.162166064894], [85.33663238502865, 28.162166064894], [85.33663238502865, 28.162022335106]]]}, "properties": {"source": "emsr927", "dmg": 1.0, "dmg_class": 3, "dmg_label": "Destroyed", "confidence": null, "bid": "78"}}, {"type": "Feature", "geometry": {"type": "Polygon", "coordinates": [[[85.33651798487396, 28.162225435106], [85.33668101512605, 28.162225435106], [85.33668101512605, 28.162369164894], [85.33651798487396, 28.162369164894], [85.33651798487396, 28.162225435106]]]}, "properties": {"source": "emsr927", "dmg": 1.0, "dmg_class": 3, "dmg_label": "Destroyed", "confidence": null, "bid": "79"}}, {"type": "Feature", "geometry": {"type": "Polygon", "coordinates": [[[85.3366705848591, 28.162244935106], [85.33683361514089, 28.162244935106], [85.33683361514089, 28.162388664894], [85.3366705848591, 28.162388664894], [85.3366705848591, 28.162244935106]]]}, "properties": {"source": "emsr927", "dmg": 1.0, "dmg_class": 3, "dmg_label": "Destroyed", "confidence": null, "bid": "80"}}, {"type": "Feature", "geometry": {"type": "Polygon", "coordinates": [[[85.33636508517473, 28.161830535106], [85.33652811482527, 28.161830535106], [85.33652811482527, 28.161974264894], [85.33636508517473, 28.161974264894], [85.33636508517473, 28.161830535106]]]}, "properties": {"source": "emsr927", "dmg": 1.0, "dmg_class": 3, "dmg_label": "Destroyed", "confidence": null, "bid": "81"}}, {"type": "Feature", "geometry": {"type": "Polygon", "coordinates": [[[85.33626108517358, 28.161832035106], [85.33642411482641, 28.161832035106], [85.33642411482641, 28.161975764894], [85.33626108517358, 28.161975764894], [85.33626108517358, 28.161832035106]]]}, "properties": {"source": "emsr927", "dmg": 1.0, "dmg_class": 3, "dmg_label": "Destroyed", "confidence": null, "bid": "82"}}, {"type": "Feature", "geometry": {"type": "Polygon", "coordinates": [[[85.33572268504739, 28.161997735106], [85.33588571495261, 28.161997735106], [85.33588571495261, 28.162141464894], [85.33572268504739, 28.162141464894], [85.33572268504739, 28.161997735106]]]}, "properties": {"source": "emsr927", "dmg": 0.33, "dmg_class": 1, "dmg_label": "Possibly damaged", "confidence": null, "bid": "83"}}, {"type": "Feature", "geometry": {"type": "Polygon", "coordinates": [[[85.33601168499094, 28.162071835106], [85.33617471500905, 28.162071835106], [85.33617471500905, 28.162215564894], [85.33601168499094, 28.162215564894], [85.33601168499094, 28.162071835106]]]}, "properties": {"source": "emsr927", "dmg": 0.66, "dmg_class": 2, "dmg_label": "Damaged", "confidence": null, "bid": "84"}}, {"type": "Feature", "geometry": {"type": "Polygon", "coordinates": [[[85.33593998498806, 28.162075635106], [85.33610301501194, 28.162075635106], [85.33610301501194, 28.162219364894], [85.33593998498806, 28.162219364894], [85.33593998498806, 28.162075635106]]]}, "properties": {"source": "emsr927", "dmg": 0.66, "dmg_class": 2, "dmg_label": "Damaged", "confidence": null, "bid": "85"}}, {"type": "Feature", "geometry": {"type": "Polygon", "coordinates": [[[85.33605298493642, 28.162143435106], [85.33621601506358, 28.162143435106], [85.33621601506358, 28.162287164894], [85.33605298493642, 28.162287164894], [85.33605298493642, 28.162143435106]]]}, "properties": {"source": "emsr927", "dmg": 0.66, "dmg_class": 2, "dmg_label": "Damaged", "confidence": null, "bid": "86"}}, {"type": "Feature", "geometry": {"type": "Polygon", "coordinates": [[[85.33591288482606, 28.162288335106], [85.33607591517395, 28.162288335106], [85.33607591517395, 28.162432064894], [85.33591288482606, 28.162432064894], [85.33591288482606, 28.162288335106]]]}, "properties": {"source": "emsr927", "dmg": 0.33, "dmg_class": 1, "dmg_label": "Possibly damaged", "confidence": null, "bid": "87"}}, {"type": "Feature", "geometry": {"type": "Polygon", "coordinates": [[[85.33608298469939, 28.162454635106], [85.3362460153006, 28.162454635106], [85.3362460153006, 28.162598364894], [85.33608298469939, 28.162598364894], [85.33608298469939, 28.162454635106]]]}, "properties": {"source": "emsr927", "dmg": 0.33, "dmg_class": 1, "dmg_label": "Possibly damaged", "confidence": null, "bid": "88"}}, {"type": "Feature", "geometry": {"type": "Polygon", "coordinates": [[[85.33583098465773, 28.162509335106], [85.33599401534228, 28.162509335106], [85.33599401534228, 28.162653064894002], [85.33583098465773, 28.162653064894002], [85.33583098465773, 28.162509335106]]]}, "properties": {"source": "emsr927", "dmg": 0.33, "dmg_class": 1, "dmg_label": "Possibly damaged", "confidence": null, "bid": "89"}}, {"type": "Feature", "geometry": {"type": "Polygon", "coordinates": [[[85.33599578453, 28.162677035106], [85.33615881547, 28.162677035106], [85.33615881547, 28.162820764894], [85.33599578453, 28.162820764894], [85.33599578453, 28.162677035106]]]}, "properties": {"source": "emsr927", "dmg": 0.33, "dmg_class": 1, "dmg_label": "Possibly damaged", "confidence": null, "bid": "90"}}, {"type": "Feature", "geometry": {"type": "Polygon", "coordinates": [[[85.33667748478074, 28.162347835106], [85.33684051521927, 28.162347835106], [85.33684051521927, 28.162491564894], [85.33667748478074, 28.162491564894], [85.33667748478074, 28.162347835106]]]}, "properties": {"source": "emsr927", "dmg": 1.0, "dmg_class": 3, "dmg_label": "Destroyed", "confidence": null, "bid": "91"}}, {"type": "Feature", "geometry": {"type": "Polygon", "coordinates": [[[85.33652508477167, 28.162359735106], [85.33668811522833, 28.162359735106], [85.33668811522833, 28.162503464894], [85.33652508477167, 28.162503464894], [85.33652508477167, 28.162359735106]]]}, "properties": {"source": "emsr927", "dmg": 1.0, "dmg_class": 3, "dmg_label": "Destroyed", "confidence": null, "bid": "92"}}, {"type": "Feature", "geometry": {"type": "Polygon", "coordinates": [[[85.33659098470298, 28.162449935106], [85.33675401529703, 28.162449935106], [85.33675401529703, 28.162593664894], [85.33659098470298, 28.162593664894], [85.33659098470298, 28.162449935106]]]}, "properties": {"source": "emsr927", "dmg": 1.0, "dmg_class": 3, "dmg_label": "Destroyed", "confidence": null, "bid": "93"}}, {"type": "Feature", "geometry": {"type": "Polygon", "coordinates": [[[85.33665378462544, 28.162551735106], [85.33681681537456, 28.162551735106], [85.33681681537456, 28.162695464894], [85.33665378462544, 28.162695464894], [85.33665378462544, 28.162551735106]]]}, "properties": {"source": "emsr927", "dmg": 1.0, "dmg_class": 3, "dmg_label": "Destroyed", "confidence": null, "bid": "94"}}, {"type": "Feature", "geometry": {"type": "Polygon", "coordinates": [[[85.33668548454895, 28.162652135106], [85.33684851545104, 28.162652135106], [85.33684851545104, 28.162795864894], [85.33668548454895, 28.162795864894], [85.33668548454895, 28.162652135106]]]}, "properties": {"source": "emsr927", "dmg": 1.0, "dmg_class": 3, "dmg_label": "Destroyed", "confidence": null, "bid": "95"}}, {"type": "Feature", "geometry": {"type": "Polygon", "coordinates": [[[85.33671398448452, 28.162736735106], [85.33687701551547, 28.162736735106], [85.33687701551547, 28.162880464894002], [85.33671398448452, 28.162880464894002], [85.33671398448452, 28.162736735106]]]}, "properties": {"source": "emsr927", "dmg": 1.0, "dmg_class": 3, "dmg_label": "Destroyed", "confidence": null, "bid": "96"}}, {"type": "Feature", "geometry": {"type": "Polygon", "coordinates": [[[85.33643218446448, 28.162763035106], [85.33659521553551, 28.162763035106], [85.33659521553551, 28.162906764894], [85.33643218446448, 28.162906764894], [85.33643218446448, 28.162763035106]]]}, "properties": {"source": "emsr927", "dmg": 0.66, "dmg_class": 2, "dmg_label": "Damaged", "confidence": null, "bid": "97"}}, {"type": "Feature", "geometry": {"type": "Polygon", "coordinates": [[[85.33665038444698, 28.162786035106], [85.33681341555302, 28.162786035106], [85.33681341555302, 28.162929764894], [85.33665038444698, 28.162929764894], [85.33665038444698, 28.162786035106]]]}, "properties": {"source": "emsr927", "dmg": 1.0, "dmg_class": 3, "dmg_label": "Destroyed", "confidence": null, "bid": "98"}}, {"type": "Feature", "geometry": {"type": "Polygon", "coordinates": [[[85.33672608435383, 28.162908335106], [85.33688911564617, 28.162908335106], [85.33688911564617, 28.163052064894], [85.33672608435383, 28.163052064894], [85.33672608435383, 28.162908335106]]]}, "properties": {"source": "emsr927", "dmg": 1.0, "dmg_class": 3, "dmg_label": "Destroyed", "confidence": null, "bid": "99"}}, {"type": "Feature", "geometry": {"type": "Polygon", "coordinates": [[[85.33670438424818, 28.163047035106], [85.33686741575181, 28.163047035106], [85.33686741575181, 28.163190764894], [85.33670438424818, 28.163190764894], [85.33670438424818, 28.163047035106]]]}, "properties": {"source": "emsr927", "dmg": 1.0, "dmg_class": 3, "dmg_label": "Destroyed", "confidence": null, "bid": "100"}}, {"type": "Feature", "geometry": {"type": "Polygon", "coordinates": [[[85.33849678525576, 28.161724135106], [85.33865981474423, 28.161724135106], [85.33865981474423, 28.161867864894], [85.33849678525576, 28.161867864894], [85.33849678525576, 28.161724135106]]]}, "properties": {"source": "emsr927", "dmg": 1.0, "dmg_class": 3, "dmg_label": "Destroyed", "confidence": null, "bid": "101"}}, {"type": "Feature", "geometry": {"type": "Polygon", "coordinates": [[[85.33853158520117, 28.161795835106], [85.33869461479884, 28.161795835106], [85.33869461479884, 28.161939564894], [85.33853158520117, 28.161939564894], [85.33853158520117, 28.161795835106]]]}, "properties": {"source": "emsr927", "dmg": 1.0, "dmg_class": 3, "dmg_label": "Destroyed", "confidence": null, "bid": "102"}}, {"type": "Feature", "geometry": {"type": "Polygon", "coordinates": [[[85.33841638515607, 28.161855035106], [85.33857941484392, 28.161855035106], [85.33857941484392, 28.161998764894], [85.33841638515607, 28.161998764894], [85.33841638515607, 28.161855035106]]]}, "properties": {"source": "emsr927", "dmg": 1.0, "dmg_class": 3, "dmg_label": "Destroyed", "confidence": null, "bid": "103"}}, {"type": "Feature", "geometry": {"type": "Polygon", "coordinates": [[[85.33869438509629, 28.161933535106], [85.33885741490371, 28.161933535106], [85.33885741490371, 28.162077264894002], [85.33869438509629, 28.162077264894002], [85.33869438509629, 28.161933535106]]]}, "properties": {"source": "emsr927", "dmg": 1.0, "dmg_class": 3, "dmg_label": "Destroyed", "confidence": null, "bid": "104"}}, {"type": "Feature", "geometry": {"type": "Polygon", "coordinates": [[[85.33863878489163, 28.162202235106], [85.33880181510838, 28.162202235106], [85.33880181510838, 28.162345964894], [85.33863878489163, 28.162345964894], [85.33863878489163, 28.162202235106]]]}, "properties": {"source": "emsr927", "dmg": 1.0, "dmg_class": 3, "dmg_label": "Destroyed", "confidence": null, "bid": "105"}}, {"type": "Feature", "geometry": {"type": "Polygon", "coordinates": [[[85.33849248486717, 28.162234335106], [85.33865551513281, 28.162234335106], [85.33865551513281, 28.162378064894], [85.33849248486717, 28.162378064894], [85.33849248486717, 28.162234335106]]]}, "properties": {"source": "emsr927", "dmg": 1.0, "dmg_class": 3, "dmg_label": "Destroyed", "confidence": null, "bid": "106"}}, {"type": "Feature", "geometry": {"type": "Polygon", "coordinates": [[[85.33858768484913, 28.162258035106], [85.33875071515087, 28.162258035106], [85.33875071515087, 28.162401764894], [85.33858768484913, 28.162401764894], [85.33858768484913, 28.162258035106]]]}, "properties": {"source": "emsr927", "dmg": 1.0, "dmg_class": 3, "dmg_label": "Destroyed", "confidence": null, "bid": "107"}}, {"type": "Feature", "geometry": {"type": "Polygon", "coordinates": [[[85.33866158478713, 28.162339435106], [85.33882461521287, 28.162339435106], [85.33882461521287, 28.162483164894], [85.33866158478713, 28.162483164894], [85.33866158478713, 28.162339435106]]]}, "properties": {"source": "emsr927", "dmg": 1.0, "dmg_class": 3, "dmg_label": "Destroyed", "confidence": null, "bid": "108"}}, {"type": "Feature", "geometry": {"type": "Polygon", "coordinates": [[[85.33860418477434, 28.162356235106], [85.33876721522566, 28.162356235106], [85.33876721522566, 28.162499964894], [85.33860418477434, 28.162499964894], [85.33860418477434, 28.162356235106]]]}, "properties": {"source": "emsr927", "dmg": 1.0, "dmg_class": 3, "dmg_label": "Destroyed", "confidence": null, "bid": "109"}}, {"type": "Feature", "geometry": {"type": "Polygon", "coordinates": [[[85.33946448458407, 28.162606035106], [85.33962751541593, 28.162606035106], [85.33962751541593, 28.162749764894], [85.33946448458407, 28.162749764894], [85.33946448458407, 28.162606035106]]]}, "properties": {"source": "emsr927", "dmg": 1.0, "dmg_class": 3, "dmg_label": "Destroyed", "confidence": null, "bid": "110"}}, {"type": "Feature", "geometry": {"type": "Polygon", "coordinates": [[[85.33948568450418, 28.162710935106], [85.33964871549583, 28.162710935106], [85.33964871549583, 28.162854664894], [85.33948568450418, 28.162854664894], [85.33948568450418, 28.162710935106]]]}, "properties": {"source": "emsr927", "dmg": 1.0, "dmg_class": 3, "dmg_label": "Destroyed", "confidence": null, "bid": "111"}}, {"type": "Feature", "geometry": {"type": "Polygon", "coordinates": [[[85.33975888436761, 28.162890235106], [85.33992191563239, 28.162890235106], [85.33992191563239, 28.163033964894], [85.33975888436761, 28.163033964894], [85.33975888436761, 28.162890235106]]]}, "properties": {"source": "emsr927", "dmg": 1.0, "dmg_class": 3, "dmg_label": "Destroyed", "confidence": null, "bid": "112"}}, {"type": "Feature", "geometry": {"type": "Polygon", "coordinates": [[[85.33760458423576, 28.163063335106], [85.33776761576424, 28.163063335106], [85.33776761576424, 28.163207064894], [85.33760458423576, 28.163207064894], [85.33760458423576, 28.163063335106]]]}, "properties": {"source": "emsr927", "dmg": 1.0, "dmg_class": 3, "dmg_label": "Destroyed", "confidence": null, "bid": "113"}}, {"type": "Feature", "geometry": {"type": "Polygon", "coordinates": [[[85.33761638414458, 28.163183035105998], [85.33777941585541, 28.163183035105998], [85.33777941585541, 28.163326764894], [85.33761638414458, 28.163326764894], [85.33761638414458, 28.163183035105998]]]}, "properties": {"source": "emsr927", "dmg": 1.0, "dmg_class": 3, "dmg_label": "Destroyed", "confidence": null, "bid": "114"}}, {"type": "Feature", "geometry": {"type": "Polygon", "coordinates": [[[85.33783518411572, 28.163220935106], [85.33799821588427, 28.163220935106], [85.33799821588427, 28.163364664894], [85.33783518411572, 28.163364664894], [85.33783518411572, 28.163220935106]]]}, "properties": {"source": "emsr927", "dmg": 1.0, "dmg_class": 3, "dmg_label": "Destroyed", "confidence": null, "bid": "115"}}, {"type": "Feature", "geometry": {"type": "Polygon", "coordinates": [[[85.33771548408686, 28.163258835106], [85.33787851591313, 28.163258835106], [85.33787851591313, 28.163402564894], [85.33771548408686, 28.163402564894], [85.33771548408686, 28.163258835106]]]}, "properties": {"source": "emsr927", "dmg": 1.0, "dmg_class": 3, "dmg_label": "Destroyed", "confidence": null, "bid": "116"}}, {"type": "Feature", "geometry": {"type": "Polygon", "coordinates": [[[85.33796668407086, 28.163279835106], [85.33812971592914, 28.163279835106], [85.33812971592914, 28.163423564894], [85.33796668407086, 28.163423564894], [85.33796668407086, 28.163279835106]]]}, "properties": {"source": "emsr927", "dmg": 1.0, "dmg_class": 3, "dmg_label": "Destroyed", "confidence": null, "bid": "117"}}, {"type": "Feature", "geometry": {"type": "Polygon", "coordinates": [[[85.33828808400368, 28.163368035106], [85.3384511159963, 28.163368035106], [85.3384511159963, 28.163511764894], [85.33828808400368, 28.163511764894], [85.33828808400368, 28.163368035106]]]}, "properties": {"source": "emsr927", "dmg": 1.0, "dmg_class": 3, "dmg_label": "Destroyed", "confidence": null, "bid": "118"}}, {"type": "Feature", "geometry": {"type": "Polygon", "coordinates": [[[85.33806128400185, 28.163370435106], [85.33822431599815, 28.163370435106], [85.33822431599815, 28.163514164894], [85.33806128400185, 28.163514164894], [85.33806128400185, 28.163370435106]]]}, "properties": {"source": "emsr927", "dmg": 1.0, "dmg_class": 3, "dmg_label": "Destroyed", "confidence": null, "bid": "119"}}, {"type": "Feature", "geometry": {"type": "Polygon", "coordinates": [[[85.33761958395203, 28.163435835106], [85.33778261604797, 28.163435835106], [85.33778261604797, 28.163579564894], [85.33761958395203, 28.163579564894], [85.33761958395203, 28.163435835106]]]}, "properties": {"source": "emsr927", "dmg": 1.0, "dmg_class": 3, "dmg_label": "Destroyed", "confidence": null, "bid": "120"}}, {"type": "Feature", "geometry": {"type": "Polygon", "coordinates": [[[85.33724738426059, 28.163030735106], [85.33741041573941, 28.163030735106], [85.33741041573941, 28.163174464894], [85.33724738426059, 28.163174464894], [85.33724738426059, 28.163030735106]]]}, "properties": {"source": "emsr927", "dmg": 1.0, "dmg_class": 3, "dmg_label": "Destroyed", "confidence": null, "bid": "121"}}, {"type": "Feature", "geometry": {"type": "Polygon", "coordinates": [[[85.33744468423941, 28.163058535106], [85.33760771576058, 28.163058535106], [85.33760771576058, 28.163202264894], [85.33744468423941, 28.163202264894], [85.33744468423941, 28.163058535106]]]}, "properties": {"source": "emsr927", "dmg": 1.0, "dmg_class": 3, "dmg_label": "Destroyed", "confidence": null, "bid": "122"}}, {"type": "Feature", "geometry": {"type": "Polygon", "coordinates": [[[85.33733398423699, 28.163061735105998], [85.33749701576302, 28.163061735105998], [85.33749701576302, 28.163205464894], [85.33733398423699, 28.163205464894], [85.33733398423699, 28.163061735105998]]]}, "properties": {"source": "emsr927", "dmg": 1.0, "dmg_class": 3, "dmg_label": "Destroyed", "confidence": null, "bid": "123"}}, {"type": "Feature", "geometry": {"type": "Polygon", "coordinates": [[[85.33715318414649, 28.163180535106], [85.3373162158535, 28.163180535106], [85.3373162158535, 28.163324264894], [85.33715318414649, 28.163324264894], [85.33715318414649, 28.163180535106]]]}, "properties": {"source": "emsr927", "dmg": 1.0, "dmg_class": 3, "dmg_label": "Destroyed", "confidence": null, "bid": "124"}}, {"type": "Feature", "geometry": {"type": "Polygon", "coordinates": [[[85.33734298404077, 28.163319335106], [85.33750601595922, 28.163319335106], [85.33750601595922, 28.163463064894], [85.33734298404077, 28.163463064894], [85.33734298404077, 28.163319335106]]]}, "properties": {"source": "emsr927", "dmg": 1.0, "dmg_class": 3, "dmg_label": "Destroyed", "confidence": null, "bid": "125"}}, {"type": "Feature", "geometry": {"type": "Polygon", "coordinates": [[[85.33739078402638, 28.163338235106], [85.33755381597362, 28.163338235106], [85.33755381597362, 28.163481964894], [85.33739078402638, 28.163481964894], [85.33739078402638, 28.163338235106]]]}, "properties": {"source": "emsr927", "dmg": 1.0, "dmg_class": 3, "dmg_label": "Destroyed", "confidence": null, "bid": "126"}}, {"type": "Feature", "geometry": {"type": "Polygon", "coordinates": [[[85.33744428402302, 28.163342635105998], [85.33760731597697, 28.163342635105998], [85.33760731597697, 28.163486364894], [85.33744428402302, 28.163486364894], [85.33744428402302, 28.163342635105998]]]}, "properties": {"source": "emsr927", "dmg": 1.0, "dmg_class": 3, "dmg_label": "Destroyed", "confidence": null, "bid": "127"}}, {"type": "Feature", "geometry": {"type": "Polygon", "coordinates": [[[85.3375032840116, 28.163357635106], [85.3376663159884, 28.163357635106], [85.3376663159884, 28.163501364894], [85.3375032840116, 28.163501364894], [85.3375032840116, 28.163357635106]]]}, "properties": {"source": "emsr927", "dmg": 1.0, "dmg_class": 3, "dmg_label": "Destroyed", "confidence": null, "bid": "128"}}, {"type": "Feature", "geometry": {"type": "Polygon", "coordinates": [[[85.33735118400033, 28.163372435105998], [85.33751421599966, 28.163372435105998], [85.33751421599966, 28.163516164894], [85.33735118400033, 28.163516164894], [85.33735118400033, 28.163372435105998]]]}, "properties": {"source": "emsr927", "dmg": 1.0, "dmg_class": 3, "dmg_label": "Destroyed", "confidence": null, "bid": "129"}}, {"type": "Feature", "geometry": {"type": "Polygon", "coordinates": [[[85.33755268398997, 28.163386035106], [85.33771571601002, 28.163386035106], [85.33771571601002, 28.163529764894], [85.33755268398997, 28.163529764894], [85.33755268398997, 28.163386035106]]]}, "properties": {"source": "emsr927", "dmg": 1.0, "dmg_class": 3, "dmg_label": "Destroyed", "confidence": null, "bid": "130"}}, {"type": "Feature", "geometry": {"type": "Polygon", "coordinates": [[[85.33801118392591, 28.163470135106], [85.3381742160741, 28.163470135106], [85.3381742160741, 28.163613864894], [85.33801118392591, 28.163613864894], [85.33801118392591, 28.163470135106]]]}, "properties": {"source": "emsr927", "dmg": 1.0, "dmg_class": 3, "dmg_label": "Destroyed", "confidence": null, "bid": "131"}}, {"type": "Feature", "geometry": {"type": "Polygon", "coordinates": [[[85.33813638391449, 28.163485135106], [85.33829941608552, 28.163485135106], [85.33829941608552, 28.163628864894], [85.33813638391449, 28.163628864894], [85.33813638391449, 28.163485135106]]]}, "properties": {"source": "emsr927", "dmg": 1.0, "dmg_class": 3, "dmg_label": "Destroyed", "confidence": null, "bid": "132"}}, {"type": "Feature", "geometry": {"type": "Polygon", "coordinates": [[[85.33769368390153, 28.163502135106], [85.33785671609846, 28.163502135106], [85.33785671609846, 28.163645864894], [85.33769368390153, 28.163645864894], [85.33769368390153, 28.163502135106]]]}, "properties": {"source": "emsr927", "dmg": 1.0, "dmg_class": 3, "dmg_label": "Destroyed", "confidence": null, "bid": "133"}}, {"type": "Feature", "geometry": {"type": "Polygon", "coordinates": [[[85.33760338387343, 28.163539035105998], [85.33776641612657, 28.163539035105998], [85.33776641612657, 28.163682764894], [85.33760338387343, 28.163682764894], [85.33760338387343, 28.163539035105998]]]}, "properties": {"source": "emsr927", "dmg": 1.0, "dmg_class": 3, "dmg_label": "Destroyed", "confidence": null, "bid": "134"}}, {"type": "Feature", "geometry": {"type": "Polygon", "coordinates": [[[85.33824548386491, 28.163550235106], [85.3384085161351, 28.163550235106], [85.3384085161351, 28.163693964894], [85.33824548386491, 28.163693964894], [85.33824548386491, 28.163550235106]]]}, "properties": {"source": "emsr927", "dmg": 1.0, "dmg_class": 3, "dmg_label": "Destroyed", "confidence": null, "bid": "135"}}, {"type": "Feature", "geometry": {"type": "Polygon", "coordinates": [[[85.3383763838486, 28.163571635106], [85.33853941615139, 28.163571635106], [85.33853941615139, 28.163715364894], [85.3383763838486, 28.163715364894], [85.3383763838486, 28.163571635106]]]}, "properties": {"source": "emsr927", "dmg": 1.0, "dmg_class": 3, "dmg_label": "Destroyed", "confidence": null, "bid": "136"}}, {"type": "Feature", "geometry": {"type": "Polygon", "coordinates": [[[85.33775108382956, 28.163596635106], [85.33791411617044, 28.163596635106], [85.33791411617044, 28.163740364894], [85.33775108382956, 28.163740364894], [85.33775108382956, 28.163596635106]]]}, "properties": {"source": "emsr927", "dmg": 1.0, "dmg_class": 3, "dmg_label": "Destroyed", "confidence": null, "bid": "137"}}, {"type": "Feature", "geometry": {"type": "Polygon", "coordinates": [[[85.33759048381401, 28.163617035106], [85.33775351618598, 28.163617035106], [85.33775351618598, 28.163760764894], [85.33759048381401, 28.163760764894], [85.33759048381401, 28.163617035106]]]}, "properties": {"source": "emsr927", "dmg": 1.0, "dmg_class": 3, "dmg_label": "Destroyed", "confidence": null, "bid": "138"}}, {"type": "Feature", "geometry": {"type": "Polygon", "coordinates": [[[85.33782608381172, 28.163620035106], [85.33798911618827, 28.163620035106], [85.33798911618827, 28.163763764894], [85.33782608381172, 28.163763764894], [85.33782608381172, 28.163620035106]]]}, "properties": {"source": "emsr927", "dmg": 1.0, "dmg_class": 3, "dmg_label": "Destroyed", "confidence": null, "bid": "139"}}, {"type": "Feature", "geometry": {"type": "Polygon", "coordinates": [[[85.33790118377935, 28.163662535106], [85.33806421622064, 28.163662535106], [85.33806421622064, 28.163806264894], [85.33790118377935, 28.163806264894], [85.33790118377935, 28.163662535106]]]}, "properties": {"source": "emsr927", "dmg": 1.0, "dmg_class": 3, "dmg_label": "Destroyed", "confidence": null, "bid": "140"}}, {"type": "Feature", "geometry": {"type": "Polygon", "coordinates": [[[85.33678958389909, 28.163505335106], [85.3369526161009, 28.163505335106], [85.3369526161009, 28.163649064894], [85.33678958389909, 28.163649064894], [85.33678958389909, 28.163505335106]]]}, "properties": {"source": "emsr927", "dmg": 1.0, "dmg_class": 3, "dmg_label": "Destroyed", "confidence": null, "bid": "141"}}, {"type": "Feature", "geometry": {"type": "Polygon", "coordinates": [[[85.33743298388492, 28.163523935106], [85.33759601611507, 28.163523935106], [85.33759601611507, 28.163667664894], [85.33743298388492, 28.163667664894], [85.33743298388492, 28.163523935106]]]}, "properties": {"source": "emsr927", "dmg": 1.0, "dmg_class": 3, "dmg_label": "Destroyed", "confidence": null, "bid": "142"}}, {"type": "Feature", "geometry": {"type": "Polygon", "coordinates": [[[85.3375117838844, 28.163524635106], [85.3376748161156, 28.163524635106], [85.3376748161156, 28.163668364894], [85.3375117838844, 28.163668364894], [85.3375117838844, 28.163524635106]]]}, "properties": {"source": "emsr927", "dmg": 1.0, "dmg_class": 3, "dmg_label": "Destroyed", "confidence": null, "bid": "143"}}, {"type": "Feature", "geometry": {"type": "Polygon", "coordinates": [[[85.3375261838515, 28.163567835106], [85.33768921614852, 28.163567835106], [85.33768921614852, 28.163711564894], [85.3375261838515, 28.163711564894], [85.3375261838515, 28.163567835106]]]}, "properties": {"source": "emsr927", "dmg": 1.0, "dmg_class": 3, "dmg_label": "Destroyed", "confidence": null, "bid": "144"}}, {"type": "Feature", "geometry": {"type": "Polygon", "coordinates": [[[85.33747258381585, 28.163614635106], [85.33763561618416, 28.163614635106], [85.33763561618416, 28.163758364894], [85.33747258381585, 28.163758364894], [85.33747258381585, 28.163614635106]]]}, "properties": {"source": "emsr927", "dmg": 1.0, "dmg_class": 3, "dmg_label": "Destroyed", "confidence": null, "bid": "145"}}, {"type": "Feature", "geometry": {"type": "Polygon", "coordinates": [[[85.33677678379887, 28.163636935106], [85.33693981620114, 28.163636935106], [85.33693981620114, 28.163780664894], [85.33677678379887, 28.163780664894], [85.33677678379887, 28.163636935106]]]}, "properties": {"source": "emsr927", "dmg": 1.0, "dmg_class": 3, "dmg_label": "Destroyed", "confidence": null, "bid": "146"}}, {"type": "Feature", "geometry": {"type": "Polygon", "coordinates": [[[85.33701108375728, 28.163691535106], [85.33717411624274, 28.163691535106], [85.33717411624274, 28.163835264894], [85.33701108375728, 28.163835264894], [85.33701108375728, 28.163691535106]]]}, "properties": {"source": "emsr927", "dmg": 1.0, "dmg_class": 3, "dmg_label": "Destroyed", "confidence": null, "bid": "147"}}, {"type": "Feature", "geometry": {"type": "Polygon", "coordinates": [[[85.336860483753, 28.163697135106], [85.33702351624699, 28.163697135106], [85.33702351624699, 28.163840864894], [85.336860483753, 28.163840864894], [85.336860483753, 28.163697135106]]]}, "properties": {"source": "emsr927", "dmg": 1.0, "dmg_class": 3, "dmg_label": "Destroyed", "confidence": null, "bid": "148"}}, {"type": "Feature", "geometry": {"type": "Polygon", "coordinates": [[[85.33682458371034, 28.163753135106], [85.33698761628965, 28.163753135106], [85.33698761628965, 28.163896864894], [85.33682458371034, 28.163896864894], [85.33682458371034, 28.163753135106]]]}, "properties": {"source": "emsr927", "dmg": 1.0, "dmg_class": 3, "dmg_label": "Destroyed", "confidence": null, "bid": "149"}}, {"type": "Feature", "geometry": {"type": "Polygon", "coordinates": [[[85.33705948369992, 28.163766835106], [85.33722251630009, 28.163766835106], [85.33722251630009, 28.163910564894], [85.33705948369992, 28.163910564894], [85.33705948369992, 28.163766835106]]]}, "properties": {"source": "emsr927", "dmg": 1.0, "dmg_class": 3, "dmg_label": "Destroyed", "confidence": null, "bid": "150"}}, {"type": "Feature", "geometry": {"type": "Polygon", "coordinates": [[[85.33859298377479, 28.163668535105998], [85.3387560162252, 28.163668535105998], [85.3387560162252, 28.163812264894], [85.33859298377479, 28.163812264894], [85.33859298377479, 28.163668535105998]]]}, "properties": {"source": "emsr927", "dmg": 1.0, "dmg_class": 3, "dmg_label": "Destroyed", "confidence": null, "bid": "151"}}, {"type": "Feature", "geometry": {"type": "Polygon", "coordinates": [[[85.3376487837383, 28.163716435106], [85.3378118162617, 28.163716435106], [85.3378118162617, 28.163860164894], [85.3376487837383, 28.163860164894], [85.3376487837383, 28.163716435106]]]}, "properties": {"source": "emsr927", "dmg": 1.0, "dmg_class": 3, "dmg_label": "Destroyed", "confidence": null, "bid": "152"}}, {"type": "Feature", "geometry": {"type": "Polygon", "coordinates": [[[85.33801928372255, 28.163737135106], [85.33818231627747, 28.163737135106], [85.33818231627747, 28.163880864894], [85.33801928372255, 28.163880864894], [85.33801928372255, 28.163737135106]]]}, "properties": {"source": "emsr927", "dmg": 1.0, "dmg_class": 3, "dmg_label": "Destroyed", "confidence": null, "bid": "153"}}, {"type": "Feature", "geometry": {"type": "Polygon", "coordinates": [[[85.3376976837076, 28.163756735106], [85.3378607162924, 28.163756735106], [85.3378607162924, 28.163900464894], [85.3376976837076, 28.163900464894], [85.3376976837076, 28.163756735106]]]}, "properties": {"source": "emsr927", "dmg": 1.0, "dmg_class": 3, "dmg_label": "Destroyed", "confidence": null, "bid": "154"}}, {"type": "Feature", "geometry": {"type": "Polygon", "coordinates": [[[85.33808448369504, 28.163773235106], [85.33824751630496, 28.163773235106], [85.33824751630496, 28.163916964894], [85.33808448369504, 28.163916964894], [85.33808448369504, 28.163773235106]]]}, "properties": {"source": "emsr927", "dmg": 1.0, "dmg_class": 3, "dmg_label": "Destroyed", "confidence": null, "bid": "155"}}, {"type": "Feature", "geometry": {"type": "Polygon", "coordinates": [[[85.33775668366982, 28.163806335106], [85.33791971633016, 28.163806335106], [85.33791971633016, 28.163950064894], [85.33775668366982, 28.163950064894], [85.33775668366982, 28.163806335106]]]}, "properties": {"source": "emsr927", "dmg": 1.0, "dmg_class": 3, "dmg_label": "Destroyed", "confidence": null, "bid": "156"}}, {"type": "Feature", "geometry": {"type": "Polygon", "coordinates": [[[85.33813258365925, 28.163820235106], [85.33829561634076, 28.163820235106], [85.33829561634076, 28.163963964894002], [85.33813258365925, 28.163963964894002], [85.33813258365925, 28.163820235106]]]}, "properties": {"source": "emsr927", "dmg": 1.0, "dmg_class": 3, "dmg_label": "Destroyed", "confidence": null, "bid": "157"}}, {"type": "Feature", "geometry": {"type": "Polygon", "coordinates": [[[85.33789048364042, 28.163844935106], [85.33805351635957, 28.163844935106], [85.33805351635957, 28.163988664894], [85.33789048364042, 28.163988664894], [85.33789048364042, 28.163844935106]]]}, "properties": {"source": "emsr927", "dmg": 1.0, "dmg_class": 3, "dmg_label": "Destroyed", "confidence": null, "bid": "158"}}, {"type": "Feature", "geometry": {"type": "Polygon", "coordinates": [[[85.33875738360676, 28.163889135106], [85.33892041639324, 28.163889135106], [85.33892041639324, 28.164032864894], [85.33875738360676, 28.164032864894], [85.33875738360676, 28.163889135106]]]}, "properties": {"source": "emsr927", "dmg": 1.0, "dmg_class": 3, "dmg_label": "Destroyed", "confidence": null, "bid": "159"}}, {"type": "Feature", "geometry": {"type": "Polygon", "coordinates": [[[85.33811598357272, 28.163933835106], [85.3382790164273, 28.163933835106], [85.3382790164273, 28.164077564894], [85.33811598357272, 28.164077564894], [85.33811598357272, 28.163933835106]]]}, "properties": {"source": "emsr927", "dmg": 1.0, "dmg_class": 3, "dmg_label": "Destroyed", "confidence": null, "bid": "160"}}, {"type": "Feature", "geometry": {"type": "Polygon", "coordinates": [[[85.33988528437119, 28.162885535106], [85.3400483156288, 28.162885535106], [85.3400483156288, 28.163029264894], [85.33988528437119, 28.163029264894], [85.33988528437119, 28.162885535106]]]}, "properties": {"source": "emsr927", "dmg": 1.0, "dmg_class": 3, "dmg_label": "Destroyed", "confidence": null, "bid": "161"}}, {"type": "Feature", "geometry": {"type": "Polygon", "coordinates": [[[85.33996378430912, 28.162967035106], [85.34012681569088, 28.162967035106], [85.34012681569088, 28.163110764894], [85.33996378430912, 28.163110764894], [85.33996378430912, 28.162967035106]]]}, "properties": {"source": "emsr927", "dmg": 1.0, "dmg_class": 3, "dmg_label": "Destroyed", "confidence": null, "bid": "162"}}, {"type": "Feature", "geometry": {"type": "Polygon", "coordinates": [[[85.33991748428726, 28.162995735106], [85.34008051571276, 28.162995735106], [85.34008051571276, 28.163139464894], [85.33991748428726, 28.163139464894], [85.33991748428726, 28.162995735106]]]}, "properties": {"source": "emsr927", "dmg": 1.0, "dmg_class": 3, "dmg_label": "Destroyed", "confidence": null, "bid": "163"}}, {"type": "Feature", "geometry": {"type": "Polygon", "coordinates": [[[85.34005298411253, 28.163225135106], [85.34021601588748, 28.163225135106], [85.34021601588748, 28.163368864894], [85.34005298411253, 28.163368864894], [85.34005298411253, 28.163225135106]]]}, "properties": {"source": "emsr927", "dmg": 1.0, "dmg_class": 3, "dmg_label": "Destroyed", "confidence": null, "bid": "164"}}, {"type": "Feature", "geometry": {"type": "Polygon", "coordinates": [[[85.34068878376078, 28.163686935106], [85.34085181623922, 28.163686935106], [85.34085181623922, 28.163830664894], [85.34068878376078, 28.163830664894], [85.34068878376078, 28.163686935106]]]}, "properties": {"source": "emsr927", "dmg": 1.0, "dmg_class": 3, "dmg_label": "Destroyed", "confidence": null, "bid": "165"}}, {"type": "Feature", "geometry": {"type": "Polygon", "coordinates": [[[85.34121898364903, 28.163833635106], [85.34138201635098, 28.163833635106], [85.34138201635098, 28.163977364894], [85.34121898364903, 28.163977364894], [85.34121898364903, 28.163833635106]]]}, "properties": {"source": "emsr927", "dmg": 1.0, "dmg_class": 3, "dmg_label": "Destroyed", "confidence": null, "bid": "166"}}, {"type": "Feature", "geometry": {"type": "Polygon", "coordinates": [[[85.34090928292562, 28.164783335106], [85.34107231707438, 28.164783335106], [85.34107231707438, 28.164927064894], [85.34090928292562, 28.164927064894], [85.34090928292562, 28.164783335106]]]}, "properties": {"source": "emsr927", "dmg": 1.0, "dmg_class": 3, "dmg_label": "Destroyed", "confidence": null, "bid": "167"}}, {"type": "Feature", "geometry": {"type": "Polygon", "coordinates": [[[85.34106508291259, 28.164800435106], [85.34122811708741, 28.164800435106], [85.34122811708741, 28.164944164894], [85.34106508291259, 28.164944164894], [85.34106508291259, 28.164800435106]]]}, "properties": {"source": "emsr927", "dmg": 1.0, "dmg_class": 3, "dmg_label": "Destroyed", "confidence": null, "bid": "168"}}, {"type": "Feature", "geometry": {"type": "Polygon", "coordinates": [[[85.34124218289638, 28.164821735106], [85.34140521710363, 28.164821735106], [85.34140521710363, 28.164965464894], [85.34124218289638, 28.164965464894], [85.34124218289638, 28.164821735106]]]}, "properties": {"source": "emsr927", "dmg": 1.0, "dmg_class": 3, "dmg_label": "Destroyed", "confidence": null, "bid": "169"}}, {"type": "Feature", "geometry": {"type": "Polygon", "coordinates": [[[85.3413851828167, 28.164926335106], [85.3415482171833, 28.164926335106], [85.3415482171833, 28.165070064894], [85.3413851828167, 28.165070064894], [85.3413851828167, 28.164926335106]]]}, "properties": {"source": "emsr927", "dmg": 1.0, "dmg_class": 3, "dmg_label": "Destroyed", "confidence": null, "bid": "170"}}, {"type": "Feature", "geometry": {"type": "Polygon", "coordinates": [[[85.33763678356297, 28.163946635106], [85.33779981643704, 28.163946635106], [85.33779981643704, 28.164090364894], [85.33763678356297, 28.164090364894], [85.33763678356297, 28.163946635106]]]}, "properties": {"source": "emsr927", "dmg": 1.0, "dmg_class": 3, "dmg_label": "Destroyed", "confidence": null, "bid": "171"}}, {"type": "Feature", "geometry": {"type": "Polygon", "coordinates": [[[85.33829468356097, 28.163949235106], [85.33845771643902, 28.163949235106], [85.33845771643902, 28.164092964894], [85.33829468356097, 28.164092964894], [85.33829468356097, 28.163949235106]]]}, "properties": {"source": "emsr927", "dmg": 1.0, "dmg_class": 3, "dmg_label": "Destroyed", "confidence": null, "bid": "172"}}, {"type": "Feature", "geometry": {"type": "Polygon", "coordinates": [[[85.33783188353013, 28.163989735106], [85.33799491646988, 28.163989735106], [85.33799491646988, 28.164133464894], [85.33783188353013, 28.164133464894], [85.33783188353013, 28.163989735106]]]}, "properties": {"source": "emsr927", "dmg": 1.0, "dmg_class": 3, "dmg_label": "Destroyed", "confidence": null, "bid": "173"}}, {"type": "Feature", "geometry": {"type": "Polygon", "coordinates": [[[85.33839908351078, 28.164015135106], [85.33856211648921, 28.164015135106], [85.33856211648921, 28.164158864894], [85.33839908351078, 28.164158864894], [85.33839908351078, 28.164015135106]]]}, "properties": {"source": "emsr927", "dmg": 1.0, "dmg_class": 3, "dmg_label": "Destroyed", "confidence": null, "bid": "174"}}, {"type": "Feature", "geometry": {"type": "Polygon", "coordinates": [[[85.33913468343049, 28.164120535106], [85.3392977165695, 28.164120535106], [85.3392977165695, 28.164264264894], [85.33913468343049, 28.164264264894], [85.33913468343049, 28.164120535106]]]}, "properties": {"source": "emsr927", "dmg": 1.0, "dmg_class": 3, "dmg_label": "Destroyed", "confidence": null, "bid": "175"}}, {"type": "Feature", "geometry": {"type": "Polygon", "coordinates": [[[85.33930068340354, 28.164155935106], [85.33946371659647, 28.164155935106], [85.33946371659647, 28.164299664894], [85.33930068340354, 28.164299664894], [85.33930068340354, 28.164155935106]]]}, "properties": {"source": "emsr927", "dmg": 1.0, "dmg_class": 3, "dmg_label": "Destroyed", "confidence": null, "bid": "176"}}, {"type": "Feature", "geometry": {"type": "Polygon", "coordinates": [[[85.33782338333924, 28.164240335106], [85.33798641666075, 28.164240335106], [85.33798641666075, 28.164384064894], [85.33782338333924, 28.164384064894], [85.33782338333924, 28.164240335106]]]}, "properties": {"source": "emsr927", "dmg": 1.0, "dmg_class": 3, "dmg_label": "Destroyed", "confidence": null, "bid": "177"}}, {"type": "Feature", "geometry": {"type": "Polygon", "coordinates": [[[85.33902428331433, 28.164273035106], [85.33918731668567, 28.164273035106], [85.33918731668567, 28.164416764894], [85.33902428331433, 28.164416764894], [85.33902428331433, 28.164273035106]]]}, "properties": {"source": "emsr927", "dmg": 1.0, "dmg_class": 3, "dmg_label": "Destroyed", "confidence": null, "bid": "178"}}, {"type": "Feature", "geometry": {"type": "Polygon", "coordinates": [[[85.33932318330771, 28.164281735105998], [85.3394862166923, 28.164281735105998], [85.3394862166923, 28.164425464894], [85.33932318330771, 28.164425464894], [85.33932318330771, 28.164281735105998]]]}, "properties": {"source": "emsr927", "dmg": 1.0, "dmg_class": 3, "dmg_label": "Destroyed", "confidence": null, "bid": "179"}}, {"type": "Feature", "geometry": {"type": "Polygon", "coordinates": [[[85.33937578323284, 28.164380035106], [85.33953881676717, 28.164380035106], [85.33953881676717, 28.164523764894], [85.33937578323284, 28.164523764894], [85.33937578323284, 28.164380035106]]]}, "properties": {"source": "emsr927", "dmg": 1.0, "dmg_class": 3, "dmg_label": "Destroyed", "confidence": null, "bid": "180"}}, {"type": "Feature", "geometry": {"type": "Polygon", "coordinates": [[[85.3369761832544, 28.164351735106], [85.33713921674561, 28.164351735106], [85.33713921674561, 28.164495464894], [85.3369761832544, 28.164495464894], [85.3369761832544, 28.164351735106]]]}, "properties": {"source": "emsr927", "dmg": 0.33, "dmg_class": 1, "dmg_label": "Possibly damaged", "confidence": null, "bid": "181"}}, {"type": "Feature", "geometry": {"type": "Polygon", "coordinates": [[[85.33706968321644, 28.164401535106], [85.33723271678355, 28.164401535106], [85.33723271678355, 28.164545264894], [85.33706968321644, 28.164545264894], [85.33706968321644, 28.164401535106]]]}, "properties": {"source": "emsr927", "dmg": 0.66, "dmg_class": 2, "dmg_label": "Damaged", "confidence": null, "bid": "182"}}, {"type": "Feature", "geometry": {"type": "Polygon", "coordinates": [[[85.33688718321524, 28.164403135106], [85.33705021678476, 28.164403135106], [85.33705021678476, 28.164546864894], [85.33688718321524, 28.164546864894], [85.33688718321524, 28.164403135106]]]}, "properties": {"source": "emsr927", "dmg": 0.33, "dmg_class": 1, "dmg_label": "Possibly damaged", "confidence": null, "bid": "183"}}, {"type": "Feature", "geometry": {"type": "Polygon", "coordinates": [[[85.33744278321333, 28.164405635106], [85.33760581678666, 28.164405635106], [85.33760581678666, 28.164549364894], [85.33744278321333, 28.164549364894], [85.33744278321333, 28.164405635106]]]}, "properties": {"source": "emsr927", "dmg": 0.66, "dmg_class": 2, "dmg_label": "Damaged", "confidence": null, "bid": "184"}}, {"type": "Feature", "geometry": {"type": "Polygon", "coordinates": [[[85.33753908319733, 28.164426635106], [85.33770211680266, 28.164426635106], [85.33770211680266, 28.164570364894], [85.33753908319733, 28.164570364894], [85.33753908319733, 28.164426635106]]]}, "properties": {"source": "emsr927", "dmg": 1.0, "dmg_class": 3, "dmg_label": "Destroyed", "confidence": null, "bid": "185"}}, {"type": "Feature", "geometry": {"type": "Polygon", "coordinates": [[[85.3371070831623, 28.164472635106], [85.33727011683771, 28.164472635106], [85.33727011683771, 28.164616364894002], [85.3371070831623, 28.164616364894002], [85.3371070831623, 28.164472635106]]]}, "properties": {"source": "emsr927", "dmg": 0.66, "dmg_class": 2, "dmg_label": "Damaged", "confidence": null, "bid": "186"}}, {"type": "Feature", "geometry": {"type": "Polygon", "coordinates": [[[85.33681978314797, 28.164491435106], [85.33698281685201, 28.164491435106], [85.33698281685201, 28.164635164894], [85.33681978314797, 28.164635164894], [85.33681978314797, 28.164491435106]]]}, "properties": {"source": "emsr927", "dmg": 0.33, "dmg_class": 1, "dmg_label": "Possibly damaged", "confidence": null, "bid": "187"}}, {"type": "Feature", "geometry": {"type": "Polygon", "coordinates": [[[85.33698678313678, 28.164506135106], [85.33714981686322, 28.164506135106], [85.33714981686322, 28.164649864894], [85.33698678313678, 28.164649864894], [85.33698678313678, 28.164506135106]]]}, "properties": {"source": "emsr927", "dmg": 0.33, "dmg_class": 1, "dmg_label": "Possibly damaged", "confidence": null, "bid": "188"}}, {"type": "Feature", "geometry": {"type": "Polygon", "coordinates": [[[85.33718238312726, 28.164518635106], [85.33734541687274, 28.164518635106], [85.33734541687274, 28.164662364894], [85.33718238312726, 28.164662364894], [85.33718238312726, 28.164518635106]]]}, "properties": {"source": "emsr927", "dmg": 0.33, "dmg_class": 1, "dmg_label": "Possibly damaged", "confidence": null, "bid": "189"}}, {"type": "Feature", "geometry": {"type": "Polygon", "coordinates": [[[85.3373778830494, 28.164620835106], [85.3375409169506, 28.164620835106], [85.3375409169506, 28.164764564894], [85.3373778830494, 28.164764564894], [85.3373778830494, 28.164620835106]]]}, "properties": {"source": "emsr927", "dmg": 0.33, "dmg_class": 1, "dmg_label": "Possibly damaged", "confidence": null, "bid": "190"}}, {"type": "Feature", "geometry": {"type": "Polygon", "coordinates": [[[85.33730188303797, 28.164635835106], [85.33746491696202, 28.164635835106], [85.33746491696202, 28.164779564894], [85.33730188303797, 28.164779564894], [85.33730188303797, 28.164635835106]]]}, "properties": {"source": "emsr927", "dmg": 0.33, "dmg_class": 1, "dmg_label": "Possibly damaged", "confidence": null, "bid": "191"}}, {"type": "Feature", "geometry": {"type": "Polygon", "coordinates": [[[85.33718718302472, 28.164653235105998], [85.33735021697527, 28.164653235105998], [85.33735021697527, 28.164796964894], [85.33718718302472, 28.164796964894], [85.33718718302472, 28.164653235105998]]]}, "properties": {"source": "emsr927", "dmg": 0.33, "dmg_class": 1, "dmg_label": "Possibly damaged", "confidence": null, "bid": "192"}}, {"type": "Feature", "geometry": {"type": "Polygon", "coordinates": [[[85.33632028450144, 28.162714535106], [85.33648331549857, 28.162714535106], [85.33648331549857, 28.162858264894002], [85.33632028450144, 28.162858264894002], [85.33632028450144, 28.162714535106]]]}, "properties": {"source": "emsr927", "dmg": 0.33, "dmg_class": 1, "dmg_label": "Possibly damaged", "confidence": null, "bid": "193"}}, {"type": "Feature", "geometry": {"type": "Polygon", "coordinates": [[[85.3360175844779, 28.162745435106], [85.3361806155221, 28.162745435106], [85.3361806155221, 28.162889164894], [85.3360175844779, 28.162889164894], [85.3360175844779, 28.162745435106]]]}, "properties": {"source": "emsr927", "dmg": 0.33, "dmg_class": 1, "dmg_label": "Possibly damaged", "confidence": null, "bid": "194"}}, {"type": "Feature", "geometry": {"type": "Polygon", "coordinates": [[[85.33616478441506, 28.162827935106], [85.33632781558494, 28.162827935106], [85.33632781558494, 28.162971664894002], [85.33616478441506, 28.162971664894002], [85.33616478441506, 28.162827935106]]]}, "properties": {"source": "emsr927", "dmg": 0.33, "dmg_class": 1, "dmg_label": "Possibly damaged", "confidence": null, "bid": "195"}}, {"type": "Feature", "geometry": {"type": "Polygon", "coordinates": [[[85.33620648431543, 28.162958735106], [85.33636951568457, 28.162958735106], [85.33636951568457, 28.163102464894], [85.33620648431543, 28.163102464894], [85.33620648431543, 28.162958735106]]]}, "properties": {"source": "emsr927", "dmg": 0.33, "dmg_class": 1, "dmg_label": "Possibly damaged", "confidence": null, "bid": "196"}}, {"type": "Feature", "geometry": {"type": "Polygon", "coordinates": [[[85.33632818429213, 28.162989335106], [85.33649121570788, 28.162989335106], [85.33649121570788, 28.163133064894], [85.33632818429213, 28.163133064894], [85.33632818429213, 28.162989335106]]]}, "properties": {"source": "emsr927", "dmg": 0.33, "dmg_class": 1, "dmg_label": "Possibly damaged", "confidence": null, "bid": "197"}}, {"type": "Feature", "geometry": {"type": "Polygon", "coordinates": [[[85.33626338428832, 28.162994335106], [85.33642641571168, 28.162994335106], [85.33642641571168, 28.163138064894], [85.33626338428832, 28.163138064894], [85.33626338428832, 28.162994335106]]]}, "properties": {"source": "emsr927", "dmg": 0.33, "dmg_class": 1, "dmg_label": "Possibly damaged", "confidence": null, "bid": "198"}}, {"type": "Feature", "geometry": {"type": "Polygon", "coordinates": [[[85.33631808417475, 28.163143435106], [85.33648111582524, 28.163143435106], [85.33648111582524, 28.163287164894], [85.33631808417475, 28.163287164894], [85.33631808417475, 28.163143435106]]]}, "properties": {"source": "emsr927", "dmg": 0.33, "dmg_class": 1, "dmg_label": "Possibly damaged", "confidence": null, "bid": "199"}}, {"type": "Feature", "geometry": {"type": "Polygon", "coordinates": [[[85.33625858408358, 28.163263135106], [85.33642161591642, 28.163263135106], [85.33642161591642, 28.163406864894], [85.33625858408358, 28.163406864894], [85.33625858408358, 28.163263135106]]]}, "properties": {"source": "emsr927", "dmg": 0.33, "dmg_class": 1, "dmg_label": "Possibly damaged", "confidence": null, "bid": "200"}}, {"type": "Feature", "geometry": {"type": "Polygon", "coordinates": [[[85.3362534840372, 28.163324035106], [85.33641651596281, 28.163324035106], [85.33641651596281, 28.163467764894], [85.3362534840372, 28.163467764894], [85.3362534840372, 28.163324035106]]]}, "properties": {"source": "emsr927", "dmg": 0.33, "dmg_class": 1, "dmg_label": "Possibly damaged", "confidence": null, "bid": "201"}}, {"type": "Feature", "geometry": {"type": "Polygon", "coordinates": [[[85.33628518394944, 28.163439235106], [85.33644821605056, 28.163439235106], [85.33644821605056, 28.163582964894], [85.33628518394944, 28.163582964894], [85.33628518394944, 28.163439235106]]]}, "properties": {"source": "emsr927", "dmg": 0.33, "dmg_class": 1, "dmg_label": "Possibly damaged", "confidence": null, "bid": "202"}}, {"type": "Feature", "geometry": {"type": "Polygon", "coordinates": [[[85.33638848412852, 28.163204135106], [85.33655151587149, 28.163204135106], [85.33655151587149, 28.163347864894], [85.33638848412852, 28.163347864894], [85.33638848412852, 28.163204135106]]]}, "properties": {"source": "emsr927", "dmg": 0.33, "dmg_class": 1, "dmg_label": "Possibly damaged", "confidence": null, "bid": "203"}}, {"type": "Feature", "geometry": {"type": "Polygon", "coordinates": [[[85.33647688399957, 28.163373435106], [85.33663991600044, 28.163373435106], [85.33663991600044, 28.163517164894], [85.33647688399957, 28.163517164894], [85.33647688399957, 28.163373435106]]]}, "properties": {"source": "emsr927", "dmg": 0.33, "dmg_class": 1, "dmg_label": "Possibly damaged", "confidence": null, "bid": "204"}}, {"type": "Feature", "geometry": {"type": "Polygon", "coordinates": [[[85.33658748396202, 28.163422735106], [85.33675051603798, 28.163422735106], [85.33675051603798, 28.163566464894], [85.33658748396202, 28.163566464894], [85.33658748396202, 28.163422735106]]]}, "properties": {"source": "emsr927", "dmg": 1.0, "dmg_class": 3, "dmg_label": "Destroyed", "confidence": null, "bid": "205"}}, {"type": "Feature", "geometry": {"type": "Polygon", "coordinates": [[[85.33646038392462, 28.163471835106], [85.33662341607538, 28.163471835106], [85.33662341607538, 28.163615564894002], [85.33646038392462, 28.163615564894002], [85.33646038392462, 28.163471835106]]]}, "properties": {"source": "emsr927", "dmg": 0.33, "dmg_class": 1, "dmg_label": "Possibly damaged", "confidence": null, "bid": "206"}}, {"type": "Feature", "geometry": {"type": "Polygon", "coordinates": [[[85.33648038388448, 28.163524535106], [85.33664341611554, 28.163524535106], [85.33664341611554, 28.163668264894], [85.33648038388448, 28.163668264894], [85.33648038388448, 28.163524535106]]]}, "properties": {"source": "emsr927", "dmg": 0.33, "dmg_class": 1, "dmg_label": "Possibly damaged", "confidence": null, "bid": "207"}}, {"type": "Feature", "geometry": {"type": "Polygon", "coordinates": [[[85.3365916838093, 28.163623235106], [85.33675471619071, 28.163623235106], [85.33675471619071, 28.163766964894002], [85.3365916838093, 28.163766964894002], [85.3365916838093, 28.163623235106]]]}, "properties": {"source": "emsr927", "dmg": 1.0, "dmg_class": 3, "dmg_label": "Destroyed", "confidence": null, "bid": "208"}}, {"type": "Feature", "geometry": {"type": "Polygon", "coordinates": [[[85.33647198379002, 28.163648535106], [85.33663501620997, 28.163648535106], [85.33663501620997, 28.163792264894], [85.33647198379002, 28.163792264894], [85.33647198379002, 28.163648535106]]]}, "properties": {"source": "emsr927", "dmg": 0.33, "dmg_class": 1, "dmg_label": "Possibly damaged", "confidence": null, "bid": "209"}}, {"type": "Feature", "geometry": {"type": "Polygon", "coordinates": [[[85.33672798371812, 28.163742935106], [85.33689101628188, 28.163742935106], [85.33689101628188, 28.163886664894], [85.33672798371812, 28.163886664894], [85.33672798371812, 28.163742935106]]]}, "properties": {"source": "emsr927", "dmg": 1.0, "dmg_class": 3, "dmg_label": "Destroyed", "confidence": null, "bid": "210"}}, {"type": "Feature", "geometry": {"type": "Polygon", "coordinates": [[[85.33646638370692, 28.163757635106], [85.33662941629308, 28.163757635106], [85.33662941629308, 28.163901364894], [85.33646638370692, 28.163901364894], [85.33646638370692, 28.163757635106]]]}, "properties": {"source": "emsr927", "dmg": 0.33, "dmg_class": 1, "dmg_label": "Possibly damaged", "confidence": null, "bid": "211"}}, {"type": "Feature", "geometry": {"type": "Polygon", "coordinates": [[[85.33670098366922, 28.163807135106], [85.33686401633078, 28.163807135106], [85.33686401633078, 28.163950864894], [85.33670098366922, 28.163950864894], [85.33670098366922, 28.163807135106]]]}, "properties": {"source": "emsr927", "dmg": 0.33, "dmg_class": 1, "dmg_label": "Possibly damaged", "confidence": null, "bid": "212"}}, {"type": "Feature", "geometry": {"type": "Polygon", "coordinates": [[[85.3362655838761, 28.163535535106], [85.3364286161239, 28.163535535106], [85.3364286161239, 28.163679264894], [85.3362655838761, 28.163679264894], [85.3362655838761, 28.163535535106]]]}, "properties": {"source": "emsr927", "dmg": 0.33, "dmg_class": 1, "dmg_label": "Possibly damaged", "confidence": null, "bid": "213"}}, {"type": "Feature", "geometry": {"type": "Polygon", "coordinates": [[[85.3362881836213, 28.163870035106], [85.3364512163787, 28.163870035106], [85.3364512163787, 28.164013764894], [85.3362881836213, 28.164013764894], [85.3362881836213, 28.163870035106]]]}, "properties": {"source": "emsr927", "dmg": 0.33, "dmg_class": 1, "dmg_label": "Possibly damaged", "confidence": null, "bid": "214"}}, {"type": "Feature", "geometry": {"type": "Polygon", "coordinates": [[[85.33744948367615, 28.163798035106], [85.33761251632384, 28.163798035106], [85.33761251632384, 28.163941764894002], [85.33744948367615, 28.163941764894002], [85.33744948367615, 28.163798035106]]]}, "properties": {"source": "emsr927", "dmg": 1.0, "dmg_class": 3, "dmg_label": "Destroyed", "confidence": null, "bid": "215"}}, {"type": "Feature", "geometry": {"type": "Polygon", "coordinates": [[[85.3367992836658, 28.163811635106], [85.33696231633421, 28.163811635106], [85.33696231633421, 28.163955364894], [85.3367992836658, 28.163955364894], [85.3367992836658, 28.163811635106]]]}, "properties": {"source": "emsr927", "dmg": 1.0, "dmg_class": 3, "dmg_label": "Destroyed", "confidence": null, "bid": "216"}}, {"type": "Feature", "geometry": {"type": "Polygon", "coordinates": [[[85.33687358365611, 28.163824335106], [85.33703661634388, 28.163824335106], [85.33703661634388, 28.163968064894], [85.33687358365611, 28.163968064894], [85.33687358365611, 28.163824335106]]]}, "properties": {"source": "emsr927", "dmg": 1.0, "dmg_class": 3, "dmg_label": "Destroyed", "confidence": null, "bid": "217"}}, {"type": "Feature", "geometry": {"type": "Polygon", "coordinates": [[[85.3374687836293, 28.163859535106], [85.3376318163707, 28.163859535106], [85.3376318163707, 28.164003264894], [85.3374687836293, 28.164003264894], [85.3374687836293, 28.163859535106]]]}, "properties": {"source": "emsr927", "dmg": 1.0, "dmg_class": 3, "dmg_label": "Destroyed", "confidence": null, "bid": "218"}}, {"type": "Feature", "geometry": {"type": "Polygon", "coordinates": [[[85.33685658356829, 28.163939635106], [85.3370196164317, 28.163939635106], [85.3370196164317, 28.164083364894], [85.33685658356829, 28.164083364894], [85.33685658356829, 28.163939635106]]]}, "properties": {"source": "emsr927", "dmg": 0.66, "dmg_class": 2, "dmg_label": "Damaged", "confidence": null, "bid": "219"}}, {"type": "Feature", "geometry": {"type": "Polygon", "coordinates": [[[85.33689588352091, 28.164001835106], [85.33705891647908, 28.164001835106], [85.33705891647908, 28.164145564894], [85.33689588352091, 28.164145564894], [85.33689588352091, 28.164001835106]]]}, "properties": {"source": "emsr927", "dmg": 0.66, "dmg_class": 2, "dmg_label": "Damaged", "confidence": null, "bid": "220"}}, {"type": "Feature", "geometry": {"type": "Polygon", "coordinates": [[[85.33674378351817, 28.164005435106], [85.33690681648183, 28.164005435106], [85.33690681648183, 28.164149164894], [85.33674378351817, 28.164149164894], [85.33674378351817, 28.164005435106]]]}, "properties": {"source": "emsr927", "dmg": 0.66, "dmg_class": 2, "dmg_label": "Damaged", "confidence": null, "bid": "221"}}, {"type": "Feature", "geometry": {"type": "Polygon", "coordinates": [[[85.33691998347834, 28.164057735106], [85.33708301652166, 28.164057735106], [85.33708301652166, 28.164201464894], [85.33691998347834, 28.164201464894], [85.33691998347834, 28.164057735106]]]}, "properties": {"source": "emsr927", "dmg": 0.66, "dmg_class": 2, "dmg_label": "Damaged", "confidence": null, "bid": "222"}}, {"type": "Feature", "geometry": {"type": "Polygon", "coordinates": [[[85.33677518344481, 28.164101735106], [85.33693821655518, 28.164101735106], [85.33693821655518, 28.164245464894], [85.33677518344481, 28.164245464894], [85.33677518344481, 28.164101735106]]]}, "properties": {"source": "emsr927", "dmg": 0.33, "dmg_class": 1, "dmg_label": "Possibly damaged", "confidence": null, "bid": "223"}}, {"type": "Feature", "geometry": {"type": "Polygon", "coordinates": [[[85.33695378344116, 28.164106535106], [85.33711681655883, 28.164106535106], [85.33711681655883, 28.164250264894], [85.33695378344116, 28.164250264894], [85.33695378344116, 28.164106535106]]]}, "properties": {"source": "emsr927", "dmg": 0.66, "dmg_class": 2, "dmg_label": "Damaged", "confidence": null, "bid": "224"}}, {"type": "Feature", "geometry": {"type": "Polygon", "coordinates": [[[85.33648838366229, 28.163816235106], [85.33665141633772, 28.163816235106], [85.33665141633772, 28.163959964894], [85.33648838366229, 28.163959964894], [85.33648838366229, 28.163816235106]]]}, "properties": {"source": "emsr927", "dmg": 0.33, "dmg_class": 1, "dmg_label": "Possibly damaged", "confidence": null, "bid": "225"}}, {"type": "Feature", "geometry": {"type": "Polygon", "coordinates": [[[85.33656648362648, 28.163863235106], [85.33672951637351, 28.163863235106], [85.33672951637351, 28.164006964894], [85.33656648362648, 28.164006964894], [85.33656648362648, 28.163863235106]]]}, "properties": {"source": "emsr927", "dmg": 0.33, "dmg_class": 1, "dmg_label": "Possibly damaged", "confidence": null, "bid": "226"}}, {"type": "Feature", "geometry": {"type": "Polygon", "coordinates": [[[85.33646848360226, 28.163895035106], [85.33663151639774, 28.163895035106], [85.33663151639774, 28.164038764894], [85.33646848360226, 28.164038764894], [85.33646848360226, 28.163895035106]]]}, "properties": {"source": "emsr927", "dmg": 0.33, "dmg_class": 1, "dmg_label": "Possibly damaged", "confidence": null, "bid": "227"}}, {"type": "Feature", "geometry": {"type": "Polygon", "coordinates": [[[85.33669538360074, 28.163897035106], [85.33685841639927, 28.163897035106], [85.33685841639927, 28.164040764894], [85.33669538360074, 28.164040764894], [85.33669538360074, 28.163897035106]]]}, "properties": {"source": "emsr927", "dmg": 0.33, "dmg_class": 1, "dmg_label": "Possibly damaged", "confidence": null, "bid": "228"}}, {"type": "Feature", "geometry": {"type": "Polygon", "coordinates": [[[85.33651788359144, 28.163909235106], [85.33668091640855, 28.163909235106], [85.33668091640855, 28.164052964894], [85.33651788359144, 28.164052964894], [85.33651788359144, 28.163909235106]]]}, "properties": {"source": "emsr927", "dmg": 0.33, "dmg_class": 1, "dmg_label": "Possibly damaged", "confidence": null, "bid": "229"}}, {"type": "Feature", "geometry": {"type": "Polygon", "coordinates": [[[85.33652998355161, 28.163961535106], [85.3366930164484, 28.163961535106], [85.3366930164484, 28.164105264894], [85.33652998355161, 28.164105264894], [85.33652998355161, 28.163961535106]]]}, "properties": {"source": "emsr927", "dmg": 0.33, "dmg_class": 1, "dmg_label": "Possibly damaged", "confidence": null, "bid": "230"}}, {"type": "Feature", "geometry": {"type": "Polygon", "coordinates": [[[85.33636838352953, 28.163990535106], [85.33653141647048, 28.163990535106], [85.33653141647048, 28.164134264894], [85.33636838352953, 28.164134264894], [85.33636838352953, 28.163990535106]]]}, "properties": {"source": "emsr927", "dmg": 0.33, "dmg_class": 1, "dmg_label": "Possibly damaged", "confidence": null, "bid": "231"}}, {"type": "Feature", "geometry": {"type": "Polygon", "coordinates": [[[85.33642818349448, 28.164036535106], [85.33659121650551, 28.164036535106], [85.33659121650551, 28.164180264894], [85.33642818349448, 28.164180264894], [85.33642818349448, 28.164036535106]]]}, "properties": {"source": "emsr927", "dmg": 0.33, "dmg_class": 1, "dmg_label": "Possibly damaged", "confidence": null, "bid": "232"}}, {"type": "Feature", "geometry": {"type": "Polygon", "coordinates": [[[85.33648938344778, 28.164097835106], [85.33665241655221, 28.164097835106], [85.33665241655221, 28.164241564894], [85.33648938344778, 28.164241564894], [85.33648938344778, 28.164097835106]]]}, "properties": {"source": "emsr927", "dmg": 0.33, "dmg_class": 1, "dmg_label": "Possibly damaged", "confidence": null, "bid": "233"}}, {"type": "Feature", "geometry": {"type": "Polygon", "coordinates": [[[85.33642408343148, 28.164119235106], [85.33658711656851, 28.164119235106], [85.33658711656851, 28.164262964894], [85.33642408343148, 28.164262964894], [85.33642408343148, 28.164119235106]]]}, "properties": {"source": "emsr927", "dmg": 0.33, "dmg_class": 1, "dmg_label": "Possibly damaged", "confidence": null, "bid": "234"}}, {"type": "Feature", "geometry": {"type": "Polygon", "coordinates": [[[85.33659538339082, 28.164172635106], [85.33675841660919, 28.164172635106], [85.33675841660919, 28.164316364894], [85.33659538339082, 28.164316364894], [85.33659538339082, 28.164172635106]]]}, "properties": {"source": "emsr927", "dmg": 0.33, "dmg_class": 1, "dmg_label": "Possibly damaged", "confidence": null, "bid": "235"}}, {"type": "Feature", "geometry": {"type": "Polygon", "coordinates": [[[85.33660668331859, 28.164267435106], [85.3367697166814, 28.164267435106], [85.3367697166814, 28.164411164894002], [85.33660668331859, 28.164411164894002], [85.33660668331859, 28.164267435106]]]}, "properties": {"source": "emsr927", "dmg": 0.33, "dmg_class": 1, "dmg_label": "Possibly damaged", "confidence": null, "bid": "236"}}, {"type": "Feature", "geometry": {"type": "Polygon", "coordinates": [[[85.33717208343445, 28.164115335106], [85.33733511656554, 28.164115335106], [85.33733511656554, 28.164259064894], [85.33717208343445, 28.164259064894], [85.33717208343445, 28.164115335106]]]}, "properties": {"source": "emsr927", "dmg": 0.66, "dmg_class": 2, "dmg_label": "Damaged", "confidence": null, "bid": "237"}}, {"type": "Feature", "geometry": {"type": "Polygon", "coordinates": [[[85.33727828339843, 28.164162635106], [85.33744131660157, 28.164162635106], [85.33744131660157, 28.164306364894], [85.33727828339843, 28.164306364894], [85.33727828339843, 28.164162635106]]]}, "properties": {"source": "emsr927", "dmg": 1.0, "dmg_class": 3, "dmg_label": "Destroyed", "confidence": null, "bid": "238"}}, {"type": "Feature", "geometry": {"type": "Polygon", "coordinates": [[[85.3371801833758, 28.164192335106], [85.33734321662419, 28.164192335106], [85.33734321662419, 28.164336064894], [85.3371801833758, 28.164336064894], [85.3371801833758, 28.164192335106]]]}, "properties": {"source": "emsr927", "dmg": 0.66, "dmg_class": 2, "dmg_label": "Damaged", "confidence": null, "bid": "239"}}, {"type": "Feature", "geometry": {"type": "Polygon", "coordinates": [[[85.33686858336667, 28.164204335106], [85.33703161663333, 28.164204335106], [85.33703161663333, 28.164348064894], [85.33686858336667, 28.164348064894], [85.33686858336667, 28.164204335106]]]}, "properties": {"source": "emsr927", "dmg": 0.33, "dmg_class": 1, "dmg_label": "Possibly damaged", "confidence": null, "bid": "240"}}, {"type": "Feature", "geometry": {"type": "Polygon", "coordinates": [[[85.33722178332934, 28.164253335106], [85.33738481667066, 28.164253335106], [85.33738481667066, 28.164397064894], [85.33722178332934, 28.164397064894], [85.33722178332934, 28.164253335106]]]}, "properties": {"source": "emsr927", "dmg": 0.66, "dmg_class": 2, "dmg_label": "Damaged", "confidence": null, "bid": "241"}}, {"type": "Feature", "geometry": {"type": "Polygon", "coordinates": [[[85.33690488332918, 28.164253535106], [85.33706791667082, 28.164253535106], [85.33706791667082, 28.164397264894], [85.33690488332918, 28.164397264894], [85.33690488332918, 28.164253535106]]]}, "properties": {"source": "emsr927", "dmg": 0.33, "dmg_class": 1, "dmg_label": "Possibly damaged", "confidence": null, "bid": "242"}}, {"type": "Feature", "geometry": {"type": "Polygon", "coordinates": [[[85.337272283278, 28.164320735106], [85.33743531672201, 28.164320735106], [85.33743531672201, 28.164464464894], [85.337272283278, 28.164464464894], [85.337272283278, 28.164320735106]]]}, "properties": {"source": "emsr927", "dmg": 0.66, "dmg_class": 2, "dmg_label": "Damaged", "confidence": null, "bid": "243"}}, {"type": "Feature", "geometry": {"type": "Polygon", "coordinates": [[[85.33706258327534, 28.164324235106], [85.33722561672467, 28.164324235106], [85.33722561672467, 28.164467964894], [85.33706258327534, 28.164467964894], [85.33706258327534, 28.164324235106]]]}, "properties": {"source": "emsr927", "dmg": 0.66, "dmg_class": 2, "dmg_label": "Damaged", "confidence": null, "bid": "244"}}, {"type": "Feature", "geometry": {"type": "Polygon", "coordinates": [[[85.33677228327312, 28.164327135106], [85.33693531672688, 28.164327135106], [85.33693531672688, 28.164470864894], [85.33677228327312, 28.164470864894], [85.33677228327312, 28.164327135106]]]}, "properties": {"source": "emsr927", "dmg": 0.33, "dmg_class": 1, "dmg_label": "Possibly damaged", "confidence": null, "bid": "245"}}, {"type": "Feature", "geometry": {"type": "Polygon", "coordinates": [[[85.33737768326787, 28.164334035106], [85.33754071673212, 28.164334035106], [85.33754071673212, 28.164477764894], [85.33737768326787, 28.164477764894], [85.33737768326787, 28.164334035106]]]}, "properties": {"source": "emsr927", "dmg": 0.66, "dmg_class": 2, "dmg_label": "Damaged", "confidence": null, "bid": "246"}}, {"type": "Feature", "geometry": {"type": "Polygon", "coordinates": [[[85.34309688439572, 28.162853335106], [85.34325991560428, 28.162853335106], [85.34325991560428, 28.162997064894], [85.34309688439572, 28.162997064894], [85.34309688439572, 28.162853335106]]]}, "properties": {"source": "emsr927", "dmg": 1.0, "dmg_class": 3, "dmg_label": "Destroyed", "confidence": null, "bid": "247"}}, {"type": "Feature", "geometry": {"type": "Polygon", "coordinates": [[[85.34303868436791, 28.162889835106], [85.34320171563209, 28.162889835106], [85.34320171563209, 28.163033564894], [85.34303868436791, 28.163033564894], [85.34303868436791, 28.162889835106]]]}, "properties": {"source": "emsr927", "dmg": 1.0, "dmg_class": 3, "dmg_label": "Destroyed", "confidence": null, "bid": "248"}}, {"type": "Feature", "geometry": {"type": "Polygon", "coordinates": [[[85.34364838371324, 28.163749335106], [85.34381141628675, 28.163749335106], [85.34381141628675, 28.163893064894], [85.34364838371324, 28.163893064894], [85.34364838371324, 28.163749335106]]]}, "properties": {"source": "emsr927", "dmg": 1.0, "dmg_class": 3, "dmg_label": "Destroyed", "confidence": null, "bid": "249"}}, {"type": "Feature", "geometry": {"type": "Polygon", "coordinates": [[[85.34370318365102, 28.163831035106], [85.34386621634899, 28.163831035106], [85.34386621634899, 28.163974764894], [85.34370318365102, 28.163974764894], [85.34370318365102, 28.163831035106]]]}, "properties": {"source": "emsr927", "dmg": 1.0, "dmg_class": 3, "dmg_label": "Destroyed", "confidence": null, "bid": "250"}}, {"type": "Feature", "geometry": {"type": "Polygon", "coordinates": [[[85.34353228364583, 28.163837835106], [85.34369531635417, 28.163837835106], [85.34369531635417, 28.163981564894], [85.34353228364583, 28.163981564894], [85.34353228364583, 28.163837835106]]]}, "properties": {"source": "emsr927", "dmg": 1.0, "dmg_class": 3, "dmg_label": "Destroyed", "confidence": null, "bid": "251"}}, {"type": "Feature", "geometry": {"type": "Polygon", "coordinates": [[[85.34336368355451, 28.163957735106], [85.3435267164455, 28.163957735106], [85.3435267164455, 28.164101464894], [85.34336368355451, 28.164101464894], [85.34336368355451, 28.163957735106]]]}, "properties": {"source": "emsr927", "dmg": 1.0, "dmg_class": 3, "dmg_label": "Destroyed", "confidence": null, "bid": "252"}}, {"type": "Feature", "geometry": {"type": "Polygon", "coordinates": [[[85.34349588354019, 28.163976535106], [85.34365891645982, 28.163976535106], [85.34365891645982, 28.164120264894], [85.34349588354019, 28.164120264894], [85.34349588354019, 28.163976535106]]]}, "properties": {"source": "emsr927", "dmg": 1.0, "dmg_class": 3, "dmg_label": "Destroyed", "confidence": null, "bid": "253"}}, {"type": "Feature", "geometry": {"type": "Polygon", "coordinates": [[[85.34328718351443, 28.164010335106], [85.34345021648556, 28.164010335106], [85.34345021648556, 28.164154064894], [85.34328718351443, 28.164154064894], [85.34328718351443, 28.164010335106]]]}, "properties": {"source": "emsr927", "dmg": 1.0, "dmg_class": 3, "dmg_label": "Destroyed", "confidence": null, "bid": "254"}}, {"type": "Feature", "geometry": {"type": "Polygon", "coordinates": [[[85.34319938350926, 28.164017135106], [85.34336241649073, 28.164017135106], [85.34336241649073, 28.164160864894], [85.34319938350926, 28.164160864894], [85.34319938350926, 28.164017135106]]]}, "properties": {"source": "emsr927", "dmg": 1.0, "dmg_class": 3, "dmg_label": "Destroyed", "confidence": null, "bid": "255"}}, {"type": "Feature", "geometry": {"type": "Polygon", "coordinates": [[[85.34343508348655, 28.164046935106], [85.34359811651345, 28.164046935106], [85.34359811651345, 28.164190664894], [85.34343508348655, 28.164190664894], [85.34343508348655, 28.164046935106]]]}, "properties": {"source": "emsr927", "dmg": 1.0, "dmg_class": 3, "dmg_label": "Destroyed", "confidence": null, "bid": "256"}}, {"type": "Feature", "geometry": {"type": "Polygon", "coordinates": [[[85.34264978422434, 28.163078335106], [85.34281281577566, 28.163078335106], [85.34281281577566, 28.163222064894], [85.34264978422434, 28.163222064894], [85.34264978422434, 28.163078335106]]]}, "properties": {"source": "emsr927", "dmg": 1.0, "dmg_class": 3, "dmg_label": "Destroyed", "confidence": null, "bid": "257"}}, {"type": "Feature", "geometry": {"type": "Polygon", "coordinates": [[[85.34270268421572, 28.163089635106], [85.34286571578427, 28.163089635106], [85.34286571578427, 28.163233364894], [85.34270268421572, 28.163233364894], [85.34270268421572, 28.163089635106]]]}, "properties": {"source": "emsr927", "dmg": 1.0, "dmg_class": 3, "dmg_label": "Destroyed", "confidence": null, "bid": "258"}}, {"type": "Feature", "geometry": {"type": "Polygon", "coordinates": [[[85.34246428420096, 28.163109035106], [85.34262731579904, 28.163109035106], [85.34262731579904, 28.163252764894], [85.34246428420096, 28.163252764894], [85.34246428420096, 28.163109035106]]]}, "properties": {"source": "emsr927", "dmg": 1.0, "dmg_class": 3, "dmg_label": "Destroyed", "confidence": null, "bid": "259"}}, {"type": "Feature", "geometry": {"type": "Polygon", "coordinates": [[[85.34232128419174, 28.163121135106], [85.34248431580826, 28.163121135106], [85.34248431580826, 28.163264864894], [85.34232128419174, 28.163264864894], [85.34232128419174, 28.163121135106]]]}, "properties": {"source": "emsr927", "dmg": 1.0, "dmg_class": 3, "dmg_label": "Destroyed", "confidence": null, "bid": "260"}}, {"type": "Feature", "geometry": {"type": "Polygon", "coordinates": [[[85.3425157841813, 28.163134835106], [85.34267881581869, 28.163134835106], [85.34267881581869, 28.163278564894], [85.3425157841813, 28.163278564894], [85.3425157841813, 28.163134835106]]]}, "properties": {"source": "emsr927", "dmg": 1.0, "dmg_class": 3, "dmg_label": "Destroyed", "confidence": null, "bid": "261"}}, {"type": "Feature", "geometry": {"type": "Polygon", "coordinates": [[[85.34238538417064, 28.163148835106], [85.34254841582937, 28.163148835106], [85.34254841582937, 28.163292564894], [85.34238538417064, 28.163292564894], [85.34238538417064, 28.163148835106]]]}, "properties": {"source": "emsr927", "dmg": 1.0, "dmg_class": 3, "dmg_label": "Destroyed", "confidence": null, "bid": "262"}}, {"type": "Feature", "geometry": {"type": "Polygon", "coordinates": [[[85.34243818416881, 28.163151235106], [85.34260121583118, 28.163151235106], [85.34260121583118, 28.163294964894], [85.34243818416881, 28.163294964894], [85.34243818416881, 28.163151235106]]]}, "properties": {"source": "emsr927", "dmg": 1.0, "dmg_class": 3, "dmg_label": "Destroyed", "confidence": null, "bid": "263"}}, {"type": "Feature", "geometry": {"type": "Polygon", "coordinates": [[[85.34150428379048, 28.163647935106], [85.34166731620952, 28.163647935106], [85.34166731620952, 28.163791664894], [85.34150428379048, 28.163791664894], [85.34150428379048, 28.163647935106]]]}, "properties": {"source": "emsr927", "dmg": 1.0, "dmg_class": 3, "dmg_label": "Destroyed", "confidence": null, "bid": "264"}}, {"type": "Feature", "geometry": {"type": "Polygon", "coordinates": [[[85.34261768344382, 28.164103035106], [85.34278071655618, 28.164103035106], [85.34278071655618, 28.164246764894], [85.34261768344382, 28.164246764894], [85.34261768344382, 28.164103035106]]]}, "properties": {"source": "emsr927", "dmg": 1.0, "dmg_class": 3, "dmg_label": "Destroyed", "confidence": null, "bid": "265"}}, {"type": "Feature", "geometry": {"type": "Polygon", "coordinates": [[[85.34266848339263, 28.164170235106], [85.34283151660736, 28.164170235106], [85.34283151660736, 28.164313964894], [85.34266848339263, 28.164313964894], [85.34266848339263, 28.164170235106]]]}, "properties": {"source": "emsr927", "dmg": 1.0, "dmg_class": 3, "dmg_label": "Destroyed", "confidence": null, "bid": "266"}}, {"type": "Feature", "geometry": {"type": "Polygon", "coordinates": [[[85.34324848347124, 28.164067035106], [85.34341151652875, 28.164067035106], [85.34341151652875, 28.164210764894], [85.34324848347124, 28.164210764894], [85.34324848347124, 28.164067035106]]]}, "properties": {"source": "emsr927", "dmg": 1.0, "dmg_class": 3, "dmg_label": "Destroyed", "confidence": null, "bid": "267"}}, {"type": "Feature", "geometry": {"type": "Polygon", "coordinates": [[[85.34334758343216, 28.164118335106], [85.34351061656783, 28.164118335106], [85.34351061656783, 28.164262064894], [85.34334758343216, 28.164262064894], [85.34334758343216, 28.164118335106]]]}, "properties": {"source": "emsr927", "dmg": 1.0, "dmg_class": 3, "dmg_label": "Destroyed", "confidence": null, "bid": "268"}}, {"type": "Feature", "geometry": {"type": "Polygon", "coordinates": [[[85.34354738342326, 28.164130035105998], [85.34371041657674, 28.164130035105998], [85.34371041657674, 28.164273764894], [85.34354738342326, 28.164273764894], [85.34354738342326, 28.164130035105998]]]}, "properties": {"source": "emsr927", "dmg": 1.0, "dmg_class": 3, "dmg_label": "Destroyed", "confidence": null, "bid": "269"}}, {"type": "Feature", "geometry": {"type": "Polygon", "coordinates": [[[85.34273568342105, 28.164132935106], [85.34289871657894, 28.164132935106], [85.34289871657894, 28.164276664894], [85.34273568342105, 28.164276664894], [85.34273568342105, 28.164132935106]]]}, "properties": {"source": "emsr927", "dmg": 1.0, "dmg_class": 3, "dmg_label": "Destroyed", "confidence": null, "bid": "270"}}, {"type": "Feature", "geometry": {"type": "Polygon", "coordinates": [[[85.34288648339782, 28.164163435106], [85.34304951660218, 28.164163435106], [85.34304951660218, 28.164307164894], [85.34288648339782, 28.164307164894], [85.34288648339782, 28.164163435106]]]}, "properties": {"source": "emsr927", "dmg": 1.0, "dmg_class": 3, "dmg_label": "Destroyed", "confidence": null, "bid": "271"}}, {"type": "Feature", "geometry": {"type": "Polygon", "coordinates": [[[85.34334588339607, 28.164165735106], [85.34350891660392, 28.164165735106], [85.34350891660392, 28.164309464894], [85.34334588339607, 28.164309464894], [85.34334588339607, 28.164165735106]]]}, "properties": {"source": "emsr927", "dmg": 1.0, "dmg_class": 3, "dmg_label": "Destroyed", "confidence": null, "bid": "272"}}, {"type": "Feature", "geometry": {"type": "Polygon", "coordinates": [[[85.34275178339179, 28.164171335106], [85.3429148166082, 28.164171335106], [85.3429148166082, 28.164315064894], [85.34275178339179, 28.164315064894], [85.34275178339179, 28.164171335106]]]}, "properties": {"source": "emsr927", "dmg": 1.0, "dmg_class": 3, "dmg_label": "Destroyed", "confidence": null, "bid": "273"}}, {"type": "Feature", "geometry": {"type": "Polygon", "coordinates": [[[85.34359398338472, 28.164180635106], [85.34375701661529, 28.164180635106], [85.34375701661529, 28.164324364894], [85.34359398338472, 28.164324364894], [85.34359398338472, 28.164180635106]]]}, "properties": {"source": "emsr927", "dmg": 1.0, "dmg_class": 3, "dmg_label": "Destroyed", "confidence": null, "bid": "274"}}, {"type": "Feature", "geometry": {"type": "Polygon", "coordinates": [[[85.34310588338214, 28.164184035106], [85.34326891661787, 28.164184035106], [85.34326891661787, 28.164327764894], [85.34310588338214, 28.164327764894], [85.34310588338214, 28.164184035106]]]}, "properties": {"source": "emsr927", "dmg": 1.0, "dmg_class": 3, "dmg_label": "Destroyed", "confidence": null, "bid": "275"}}, {"type": "Feature", "geometry": {"type": "Polygon", "coordinates": [[[85.34344868337627, 28.164191735106], [85.34361171662374, 28.164191735106], [85.34361171662374, 28.164335464894002], [85.34344868337627, 28.164335464894002], [85.34344868337627, 28.164191735106]]]}, "properties": {"source": "emsr927", "dmg": 1.0, "dmg_class": 3, "dmg_label": "Destroyed", "confidence": null, "bid": "276"}}, {"type": "Feature", "geometry": {"type": "Polygon", "coordinates": [[[85.34328968335616, 28.164218135106], [85.34345271664385, 28.164218135106], [85.34345271664385, 28.164361864894], [85.34328968335616, 28.164361864894], [85.34328968335616, 28.164218135106]]]}, "properties": {"source": "emsr927", "dmg": 1.0, "dmg_class": 3, "dmg_label": "Destroyed", "confidence": null, "bid": "277"}}, {"type": "Feature", "geometry": {"type": "Polygon", "coordinates": [[[85.34304008334153, 28.164237335106], [85.34320311665847, 28.164237335106], [85.34320311665847, 28.164381064894002], [85.34304008334153, 28.164381064894002], [85.34304008334153, 28.164237335106]]]}, "properties": {"source": "emsr927", "dmg": 1.0, "dmg_class": 3, "dmg_label": "Destroyed", "confidence": null, "bid": "278"}}, {"type": "Feature", "geometry": {"type": "Polygon", "coordinates": [[[85.34320378333346, 28.164247935106], [85.34336681666655, 28.164247935106], [85.34336681666655, 28.164391664894], [85.34320378333346, 28.164391664894], [85.34320378333346, 28.164247935106]]]}, "properties": {"source": "emsr927", "dmg": 1.0, "dmg_class": 3, "dmg_label": "Destroyed", "confidence": null, "bid": "279"}}, {"type": "Feature", "geometry": {"type": "Polygon", "coordinates": [[[85.34285598332691, 28.164256535106], [85.3430190166731, 28.164256535106], [85.3430190166731, 28.164400264894], [85.34285598332691, 28.164400264894], [85.34285598332691, 28.164256535106]]]}, "properties": {"source": "emsr927", "dmg": 1.0, "dmg_class": 3, "dmg_label": "Destroyed", "confidence": null, "bid": "280"}}, {"type": "Feature", "geometry": {"type": "Polygon", "coordinates": [[[85.34295878329742, 28.164295235106], [85.34312181670258, 28.164295235106], [85.34312181670258, 28.164438964894], [85.34295878329742, 28.164438964894], [85.34295878329742, 28.164295235106]]]}, "properties": {"source": "emsr927", "dmg": 1.0, "dmg_class": 3, "dmg_label": "Destroyed", "confidence": null, "bid": "281"}}, {"type": "Feature", "geometry": {"type": "Polygon", "coordinates": [[[85.34276178329658, 28.164296335106], [85.34292481670342, 28.164296335106], [85.34292481670342, 28.164440064894], [85.34276178329658, 28.164440064894], [85.34276178329658, 28.164296335106]]]}, "properties": {"source": "emsr927", "dmg": 1.0, "dmg_class": 3, "dmg_label": "Destroyed", "confidence": null, "bid": "282"}}, {"type": "Feature", "geometry": {"type": "Polygon", "coordinates": [[[85.34316128327579, 28.164323635106], [85.3433243167242, 28.164323635106], [85.3433243167242, 28.164467364894], [85.34316128327579, 28.164467364894], [85.34316128327579, 28.164323635106]]]}, "properties": {"source": "emsr927", "dmg": 1.0, "dmg_class": 3, "dmg_label": "Destroyed", "confidence": null, "bid": "283"}}, {"type": "Feature", "geometry": {"type": "Polygon", "coordinates": [[[85.34351548326818, 28.164333635106], [85.34367851673183, 28.164333635106], [85.34367851673183, 28.164477364894], [85.34351548326818, 28.164477364894], [85.34351548326818, 28.164333635106]]]}, "properties": {"source": "emsr927", "dmg": 1.0, "dmg_class": 3, "dmg_label": "Destroyed", "confidence": null, "bid": "284"}}, {"type": "Feature", "geometry": {"type": "Polygon", "coordinates": [[[85.34329078325675, 28.164348635106], [85.34345381674325, 28.164348635106], [85.34345381674325, 28.164492364894], [85.34329078325675, 28.164492364894], [85.34329078325675, 28.164348635106]]]}, "properties": {"source": "emsr927", "dmg": 1.0, "dmg_class": 3, "dmg_label": "Destroyed", "confidence": null, "bid": "285"}}, {"type": "Feature", "geometry": {"type": "Polygon", "coordinates": [[[85.34288698324715, 28.164361235106], [85.34305001675284, 28.164361235106], [85.34305001675284, 28.164504964894], [85.34288698324715, 28.164504964894], [85.34288698324715, 28.164361235106]]]}, "properties": {"source": "emsr927", "dmg": 1.0, "dmg_class": 3, "dmg_label": "Destroyed", "confidence": null, "bid": "286"}}, {"type": "Feature", "geometry": {"type": "Polygon", "coordinates": [[[85.34234918337077, 28.164198935106], [85.34251221662922, 28.164198935106], [85.34251221662922, 28.164342664894], [85.34234918337077, 28.164342664894], [85.34234918337077, 28.164198935106]]]}, "properties": {"source": "emsr927", "dmg": 1.0, "dmg_class": 3, "dmg_label": "Destroyed", "confidence": null, "bid": "287"}}, {"type": "Feature", "geometry": {"type": "Polygon", "coordinates": [[[85.34225758333383, 28.164247435106], [85.34242061666617, 28.164247435106], [85.34242061666617, 28.164391164894], [85.34225758333383, 28.164391164894], [85.34225758333383, 28.164247435106]]]}, "properties": {"source": "emsr927", "dmg": 1.0, "dmg_class": 3, "dmg_label": "Destroyed", "confidence": null, "bid": "288"}}, {"type": "Feature", "geometry": {"type": "Polygon", "coordinates": [[[85.34254848329788, 28.164294635106], [85.34271151670212, 28.164294635106], [85.34271151670212, 28.164438364894], [85.34254848329788, 28.164438364894], [85.34254848329788, 28.164294635106]]]}, "properties": {"source": "emsr927", "dmg": 1.0, "dmg_class": 3, "dmg_label": "Destroyed", "confidence": null, "bid": "289"}}, {"type": "Feature", "geometry": {"type": "Polygon", "coordinates": [[[85.34267648329758, 28.164295035106], [85.34283951670243, 28.164295035106], [85.34283951670243, 28.164438764894], [85.34267648329758, 28.164438764894], [85.34267648329758, 28.164295035106]]]}, "properties": {"source": "emsr927", "dmg": 1.0, "dmg_class": 3, "dmg_label": "Destroyed", "confidence": null, "bid": "290"}}, {"type": "Feature", "geometry": {"type": "Polygon", "coordinates": [[[85.34232928328821, 28.164307335106], [85.34249231671178, 28.164307335106], [85.34249231671178, 28.164451064894], [85.34232928328821, 28.164451064894], [85.34232928328821, 28.164307335106]]]}, "properties": {"source": "emsr927", "dmg": 1.0, "dmg_class": 3, "dmg_label": "Destroyed", "confidence": null, "bid": "291"}}, {"type": "Feature", "geometry": {"type": "Polygon", "coordinates": [[[85.34236288325188, 28.164355035106], [85.34252591674813, 28.164355035106], [85.34252591674813, 28.164498764894], [85.34236288325188, 28.164498764894], [85.34236288325188, 28.164355035106]]]}, "properties": {"source": "emsr927", "dmg": 1.0, "dmg_class": 3, "dmg_label": "Destroyed", "confidence": null, "bid": "292"}}, {"type": "Feature", "geometry": {"type": "Polygon", "coordinates": [[[85.342451983216, 28.164402135106], [85.34261501678401, 28.164402135106], [85.34261501678401, 28.164545864894], [85.342451983216, 28.164545864894], [85.342451983216, 28.164402135106]]]}, "properties": {"source": "emsr927", "dmg": 1.0, "dmg_class": 3, "dmg_label": "Destroyed", "confidence": null, "bid": "293"}}, {"type": "Feature", "geometry": {"type": "Polygon", "coordinates": [[[85.34228478321134, 28.164408235106], [85.34244781678865, 28.164408235106], [85.34244781678865, 28.164551964894], [85.34228478321134, 28.164551964894], [85.34228478321134, 28.164408235106]]]}, "properties": {"source": "emsr927", "dmg": 1.0, "dmg_class": 3, "dmg_label": "Destroyed", "confidence": null, "bid": "294"}}, {"type": "Feature", "geometry": {"type": "Polygon", "coordinates": [[[85.34240478311507, 28.164534635106], [85.34256781688494, 28.164534635106], [85.34256781688494, 28.164678364894], [85.34240478311507, 28.164678364894], [85.34240478311507, 28.164534635106]]]}, "properties": {"source": "emsr927", "dmg": 1.0, "dmg_class": 3, "dmg_label": "Destroyed", "confidence": null, "bid": "295"}}, {"type": "Feature", "geometry": {"type": "Polygon", "coordinates": [[[85.34255098300255, 28.164682335106], [85.34271401699743, 28.164682335106], [85.34271401699743, 28.164826064894], [85.34255098300255, 28.164826064894], [85.34255098300255, 28.164682335106]]]}, "properties": {"source": "emsr927", "dmg": 1.0, "dmg_class": 3, "dmg_label": "Destroyed", "confidence": null, "bid": "296"}}, {"type": "Feature", "geometry": {"type": "Polygon", "coordinates": [[[85.34310428320175, 28.164420835106], [85.34326731679825, 28.164420835106], [85.34326731679825, 28.164564564894], [85.34310428320175, 28.164564564894], [85.34310428320175, 28.164420835106]]]}, "properties": {"source": "emsr927", "dmg": 1.0, "dmg_class": 3, "dmg_label": "Destroyed", "confidence": null, "bid": "297"}}, {"type": "Feature", "geometry": {"type": "Polygon", "coordinates": [[[85.34336648317387, 28.164457435106], [85.34352951682612, 28.164457435106], [85.34352951682612, 28.164601164894002], [85.34336648317387, 28.164601164894002], [85.34336648317387, 28.164457435106]]]}, "properties": {"source": "emsr927", "dmg": 1.0, "dmg_class": 3, "dmg_label": "Destroyed", "confidence": null, "bid": "298"}}, {"type": "Feature", "geometry": {"type": "Polygon", "coordinates": [[[85.34288688315605, 28.164480835106], [85.34304991684395, 28.164480835106], [85.34304991684395, 28.164624564894], [85.34288688315605, 28.164624564894], [85.34288688315605, 28.164480835106]]]}, "properties": {"source": "emsr927", "dmg": 1.0, "dmg_class": 3, "dmg_label": "Destroyed", "confidence": null, "bid": "299"}}, {"type": "Feature", "geometry": {"type": "Polygon", "coordinates": [[[85.34299798313091, 28.164513835106], [85.34316101686909, 28.164513835106], [85.34316101686909, 28.164657564894], [85.34299798313091, 28.164657564894], [85.34299798313091, 28.164513835106]]]}, "properties": {"source": "emsr927", "dmg": 1.0, "dmg_class": 3, "dmg_label": "Destroyed", "confidence": null, "bid": "300"}}, {"type": "Feature", "geometry": {"type": "Polygon", "coordinates": [[[85.34309048311003, 28.164541235106], [85.34325351688996, 28.164541235106], [85.34325351688996, 28.164684964894], [85.34309048311003, 28.164684964894], [85.34309048311003, 28.164541235106]]]}, "properties": {"source": "emsr927", "dmg": 1.0, "dmg_class": 3, "dmg_label": "Destroyed", "confidence": null, "bid": "301"}}, {"type": "Feature", "geometry": {"type": "Polygon", "coordinates": [[[85.34305798306976, 28.164594135106], [85.34322101693026, 28.164594135106], [85.34322101693026, 28.164737864894], [85.34305798306976, 28.164737864894], [85.34305798306976, 28.164594135106]]]}, "properties": {"source": "emsr927", "dmg": 1.0, "dmg_class": 3, "dmg_label": "Destroyed", "confidence": null, "bid": "302"}}, {"type": "Feature", "geometry": {"type": "Polygon", "coordinates": [[[85.34298698306159, 28.164604835106], [85.34315001693841, 28.164604835106], [85.34315001693841, 28.164748564894], [85.34298698306159, 28.164748564894], [85.34298698306159, 28.164604835106]]]}, "properties": {"source": "emsr927", "dmg": 1.0, "dmg_class": 3, "dmg_label": "Destroyed", "confidence": null, "bid": "303"}}, {"type": "Feature", "geometry": {"type": "Polygon", "coordinates": [[[85.34278168302899, 28.164647635106], [85.342944716971, 28.164647635106], [85.342944716971, 28.164791364894], [85.34278168302899, 28.164791364894], [85.34278168302899, 28.164647635106]]]}, "properties": {"source": "emsr927", "dmg": 1.0, "dmg_class": 3, "dmg_label": "Destroyed", "confidence": null, "bid": "304"}}, {"type": "Feature", "geometry": {"type": "Polygon", "coordinates": [[[85.34281828297254, 28.164721735106], [85.34298131702745, 28.164721735106], [85.34298131702745, 28.164865464894], [85.34281828297254, 28.164865464894], [85.34281828297254, 28.164721735106]]]}, "properties": {"source": "emsr927", "dmg": 1.0, "dmg_class": 3, "dmg_label": "Destroyed", "confidence": null, "bid": "305"}}, {"type": "Feature", "geometry": {"type": "Polygon", "coordinates": [[[85.3428809829308, 28.164776535106], [85.3430440170692, 28.164776535106], [85.3430440170692, 28.164920264894], [85.3428809829308, 28.164920264894], [85.3428809829308, 28.164776535106]]]}, "properties": {"source": "emsr927", "dmg": 1.0, "dmg_class": 3, "dmg_label": "Destroyed", "confidence": null, "bid": "306"}}, {"type": "Feature", "geometry": {"type": "Polygon", "coordinates": [[[85.34260038297438, 28.164719335106], [85.34276341702562, 28.164719335106], [85.34276341702562, 28.164863064894], [85.34260038297438, 28.164863064894], [85.34260038297438, 28.164719335106]]]}, "properties": {"source": "emsr927", "dmg": 1.0, "dmg_class": 3, "dmg_label": "Destroyed", "confidence": null, "bid": "307"}}, {"type": "Feature", "geometry": {"type": "Polygon", "coordinates": [[[85.34254888294909, 28.164752535106], [85.34271191705092, 28.164752535106], [85.34271191705092, 28.164896264894], [85.34254888294909, 28.164896264894], [85.34254888294909, 28.164752535106]]]}, "properties": {"source": "emsr927", "dmg": 1.0, "dmg_class": 3, "dmg_label": "Destroyed", "confidence": null, "bid": "308"}}, {"type": "Feature", "geometry": {"type": "Polygon", "coordinates": [[[85.34244078293918, 28.164765535106], [85.34260381706082, 28.164765535106], [85.34260381706082, 28.164909264894], [85.34244078293918, 28.164909264894], [85.34244078293918, 28.164765535106]]]}, "properties": {"source": "emsr927", "dmg": 1.0, "dmg_class": 3, "dmg_label": "Destroyed", "confidence": null, "bid": "309"}}, {"type": "Feature", "geometry": {"type": "Polygon", "coordinates": [[[85.34264358288692, 28.164834135106], [85.34280661711307, 28.164834135106], [85.34280661711307, 28.164977864894], [85.34264358288692, 28.164977864894], [85.34264358288692, 28.164834135106]]]}, "properties": {"source": "emsr927", "dmg": 1.0, "dmg_class": 3, "dmg_label": "Destroyed", "confidence": null, "bid": "310"}}, {"type": "Feature", "geometry": {"type": "Polygon", "coordinates": [[[85.34271898285675, 28.164873735106], [85.34288201714324, 28.164873735106], [85.34288201714324, 28.165017464894], [85.34271898285675, 28.165017464894], [85.34271898285675, 28.164873735106]]]}, "properties": {"source": "emsr927", "dmg": 1.0, "dmg_class": 3, "dmg_label": "Destroyed", "confidence": null, "bid": "311"}}, {"type": "Feature", "geometry": {"type": "Polygon", "coordinates": [[[85.3425203828452, 28.164888935106], [85.34268341715482, 28.164888935106], [85.34268341715482, 28.165032664894], [85.3425203828452, 28.165032664894], [85.3425203828452, 28.164888935106]]]}, "properties": {"source": "emsr927", "dmg": 1.0, "dmg_class": 3, "dmg_label": "Destroyed", "confidence": null, "bid": "312"}}, {"type": "Feature", "geometry": {"type": "Polygon", "coordinates": [[[85.34271898280656, 28.164939635106], [85.34288201719343, 28.164939635106], [85.34288201719343, 28.165083364894], [85.34271898280656, 28.165083364894], [85.34271898280656, 28.164939635106]]]}, "properties": {"source": "emsr927", "dmg": 1.0, "dmg_class": 3, "dmg_label": "Destroyed", "confidence": null, "bid": "313"}}, {"type": "Feature", "geometry": {"type": "Polygon", "coordinates": [[[85.34146208276793, 28.164990335106], [85.34162511723206, 28.164990335106], [85.34162511723206, 28.165134064894], [85.34146208276793, 28.165134064894], [85.34146208276793, 28.164990335106]]]}, "properties": {"source": "emsr927", "dmg": 1.0, "dmg_class": 3, "dmg_label": "Destroyed", "confidence": null, "bid": "314"}}, {"type": "Feature", "geometry": {"type": "Polygon", "coordinates": [[[85.34162438276032, 28.165000335106], [85.34178741723967, 28.165000335106], [85.34178741723967, 28.165144064894], [85.34162438276032, 28.165144064894], [85.34162438276032, 28.165000335106]]]}, "properties": {"source": "emsr927", "dmg": 1.0, "dmg_class": 3, "dmg_label": "Destroyed", "confidence": null, "bid": "315"}}, {"type": "Feature", "geometry": {"type": "Polygon", "coordinates": [[[85.34268858275796, 28.165003435106], [85.34285161724203, 28.165003435106], [85.34285161724203, 28.165147164894], [85.34268858275796, 28.165147164894], [85.34268858275796, 28.165003435106]]]}, "properties": {"source": "emsr927", "dmg": 1.0, "dmg_class": 3, "dmg_label": "Destroyed", "confidence": null, "bid": "316"}}, {"type": "Feature", "geometry": {"type": "Polygon", "coordinates": [[[85.34166908265901, 28.165133335106], [85.34183211734099, 28.165133335106], [85.34183211734099, 28.165277064894], [85.34166908265901, 28.165277064894], [85.34166908265901, 28.165133335106]]]}, "properties": {"source": "emsr927", "dmg": 1.0, "dmg_class": 3, "dmg_label": "Destroyed", "confidence": null, "bid": "317"}}, {"type": "Feature", "geometry": {"type": "Polygon", "coordinates": [[[85.34175228261346, 28.165193135106], [85.34191531738655, 28.165193135106], [85.34191531738655, 28.165336864894], [85.34175228261346, 28.165336864894], [85.34175228261346, 28.165193135106]]]}, "properties": {"source": "emsr927", "dmg": 1.0, "dmg_class": 3, "dmg_label": "Destroyed", "confidence": null, "bid": "318"}}, {"type": "Feature", "geometry": {"type": "Polygon", "coordinates": [[[85.34161148258421, 28.165231535106], [85.3417745174158, 28.165231535106], [85.3417745174158, 28.165375264894], [85.34161148258421, 28.165375264894], [85.34161148258421, 28.165231535106]]]}, "properties": {"source": "emsr927", "dmg": 1.0, "dmg_class": 3, "dmg_label": "Destroyed", "confidence": null, "bid": "319"}}, {"type": "Feature", "geometry": {"type": "Polygon", "coordinates": [[[85.34174378251915, 28.165316935106], [85.34190681748085, 28.165316935106], [85.34190681748085, 28.165460664894], [85.34174378251915, 28.165460664894], [85.34174378251915, 28.165316935106]]]}, "properties": {"source": "emsr927", "dmg": 1.0, "dmg_class": 3, "dmg_label": "Destroyed", "confidence": null, "bid": "320"}}, {"type": "Feature", "geometry": {"type": "Polygon", "coordinates": [[[85.34182048174267, 28.166336235106], [85.34198351825734, 28.166336235106], [85.34198351825734, 28.166479964894002], [85.34182048174267, 28.166479964894002], [85.34182048174267, 28.166336235106]]]}, "properties": {"source": "emsr927", "dmg": 1.0, "dmg_class": 3, "dmg_label": "Destroyed", "confidence": null, "bid": "321"}}, {"type": "Feature", "geometry": {"type": "Polygon", "coordinates": [[[85.34147348164134, 28.166469235106], [85.34163651835865, 28.166469235106], [85.34163651835865, 28.166612964894], [85.34147348164134, 28.166612964894], [85.34147348164134, 28.166469235106]]]}, "properties": {"source": "emsr927", "dmg": 1.0, "dmg_class": 3, "dmg_label": "Destroyed", "confidence": null, "bid": "322"}}, {"type": "Feature", "geometry": {"type": "Polygon", "coordinates": [[[85.34171818160827, 28.166512635106], [85.34188121839172, 28.166512635106], [85.34188121839172, 28.166656364894], [85.34171818160827, 28.166656364894], [85.34171818160827, 28.166512635106]]]}, "properties": {"source": "emsr927", "dmg": 1.0, "dmg_class": 3, "dmg_label": "Destroyed", "confidence": null, "bid": "323"}}, {"type": "Feature", "geometry": {"type": "Polygon", "coordinates": [[[85.34160898159168, 28.166534435106], [85.34177201840832, 28.166534435106], [85.34177201840832, 28.166678164894], [85.34160898159168, 28.166678164894], [85.34160898159168, 28.166534435106]]]}, "properties": {"source": "emsr927", "dmg": 1.0, "dmg_class": 3, "dmg_label": "Destroyed", "confidence": null, "bid": "324"}}, {"type": "Feature", "geometry": {"type": "Polygon", "coordinates": [[[85.34191698138316, 28.166808135106], [85.34208001861684, 28.166808135106], [85.34208001861684, 28.166951864894], [85.34191698138316, 28.166951864894], [85.34191698138316, 28.166808135106]]]}, "properties": {"source": "emsr927", "dmg": 1.0, "dmg_class": 3, "dmg_label": "Destroyed", "confidence": null, "bid": "325"}}, {"type": "Feature", "geometry": {"type": "Polygon", "coordinates": [[[85.34150508131246, 28.166900935106], [85.34166811868754, 28.166900935106], [85.34166811868754, 28.167044664894], [85.34150508131246, 28.167044664894], [85.34150508131246, 28.166900935106]]]}, "properties": {"source": "emsr927", "dmg": 1.0, "dmg_class": 3, "dmg_label": "Destroyed", "confidence": null, "bid": "326"}}, {"type": "Feature", "geometry": {"type": "Polygon", "coordinates": [[[85.34280388291717, 28.164794435106], [85.34296691708283, 28.164794435106], [85.34296691708283, 28.164938164894], [85.34280388291717, 28.164938164894], [85.34280388291717, 28.164794435106]]]}, "properties": {"source": "emsr927", "dmg": 1.0, "dmg_class": 3, "dmg_label": "Destroyed", "confidence": null, "bid": "327"}}, {"type": "Feature", "geometry": {"type": "Polygon", "coordinates": [[[85.34284558282386, 28.164916935106], [85.34300861717614, 28.164916935106], [85.34300861717614, 28.165060664894], [85.34284558282386, 28.165060664894], [85.34284558282386, 28.164916935106]]]}, "properties": {"source": "emsr927", "dmg": 1.0, "dmg_class": 3, "dmg_label": "Destroyed", "confidence": null, "bid": "328"}}, {"type": "Feature", "geometry": {"type": "Polygon", "coordinates": [[[85.34275768276535, 28.164993735106], [85.34292071723465, 28.164993735106], [85.34292071723465, 28.165137464894], [85.34275768276535, 28.165137464894], [85.34275768276535, 28.164993735106]]]}, "properties": {"source": "emsr927", "dmg": 1.0, "dmg_class": 3, "dmg_label": "Destroyed", "confidence": null, "bid": "329"}}, {"type": "Feature", "geometry": {"type": "Polygon", "coordinates": [[[85.34280498275233, 28.165010835106], [85.34296801724768, 28.165010835106], [85.34296801724768, 28.165154564894], [85.34280498275233, 28.165154564894], [85.34280498275233, 28.165010835106]]]}, "properties": {"source": "emsr927", "dmg": 1.0, "dmg_class": 3, "dmg_label": "Destroyed", "confidence": null, "bid": "330"}}, {"type": "Feature", "geometry": {"type": "Polygon", "coordinates": [[[85.34368758096652, 28.167355035106], [85.34385061903349, 28.167355035106], [85.34385061903349, 28.167498764894], [85.34368758096652, 28.167498764894], [85.34368758096652, 28.167355035106]]]}, "properties": {"source": "emsr927", "dmg": 0.33, "dmg_class": 1, "dmg_label": "Possibly damaged", "confidence": null, "bid": "331"}}, {"type": "Feature", "geometry": {"type": "Polygon", "coordinates": [[[85.34374608090458, 28.167436335106], [85.34390911909541, 28.167436335106], [85.34390911909541, 28.167580064894], [85.34374608090458, 28.167580064894], [85.34374608090458, 28.167436335106]]]}, "properties": {"source": "emsr927", "dmg": 0.33, "dmg_class": 1, "dmg_label": "Possibly damaged", "confidence": null, "bid": "332"}}, {"type": "Feature", "geometry": {"type": "Polygon", "coordinates": [[[85.34365608085193, 28.167505435106], [85.34381911914807, 28.167505435106], [85.34381911914807, 28.167649164894], [85.34365608085193, 28.167649164894], [85.34365608085193, 28.167505435106]]]}, "properties": {"source": "emsr927", "dmg": 0.33, "dmg_class": 1, "dmg_label": "Possibly damaged", "confidence": null, "bid": "333"}}, {"type": "Feature", "geometry": {"type": "Polygon", "coordinates": [[[85.34379718055139, 28.167899935106], [85.34396021944862, 28.167899935106], [85.34396021944862, 28.168043664894], [85.34379718055139, 28.168043664894], [85.34379718055139, 28.167899935106]]]}, "properties": {"source": "emsr927", "dmg": 0.33, "dmg_class": 1, "dmg_label": "Possibly damaged", "confidence": null, "bid": "334"}}, {"type": "Feature", "geometry": {"type": "Polygon", "coordinates": [[[85.34335987999042, 28.168636235106], [85.34352292000959, 28.168636235106], [85.34352292000959, 28.168779964894], [85.34335987999042, 28.168779964894], [85.34335987999042, 28.168636235106]]]}, "properties": {"source": "emsr927", "dmg": 1.0, "dmg_class": 3, "dmg_label": "Destroyed", "confidence": null, "bid": "335"}}, {"type": "Feature", "geometry": {"type": "Polygon", "coordinates": [[[85.34364837960389, 28.169143535106], [85.34381142039611, 28.169143535106], [85.34381142039611, 28.169287264894], [85.34364837960389, 28.169287264894], [85.34364837960389, 28.169143535106]]]}, "properties": {"source": "emsr927", "dmg": 0.33, "dmg_class": 1, "dmg_label": "Possibly damaged", "confidence": null, "bid": "336"}}, {"type": "Feature", "geometry": {"type": "Polygon", "coordinates": [[[85.34154638122494, 28.167015835106], [85.34170941877507, 28.167015835106], [85.34170941877507, 28.167159564894], [85.34154638122494, 28.167159564894], [85.34154638122494, 28.167015835106]]]}, "properties": {"source": "emsr927", "dmg": 1.0, "dmg_class": 3, "dmg_label": "Destroyed", "confidence": null, "bid": "337"}}, {"type": "Feature", "geometry": {"type": "Polygon", "coordinates": [[[85.34165588106121, 28.167230735106], [85.34181891893878, 28.167230735106], [85.34181891893878, 28.167374464894], [85.34165588106121, 28.167374464894], [85.34165588106121, 28.167230735106]]]}, "properties": {"source": "emsr927", "dmg": 1.0, "dmg_class": 3, "dmg_label": "Destroyed", "confidence": null, "bid": "338"}}, {"type": "Feature", "geometry": {"type": "Polygon", "coordinates": [[[85.34151748095829, 28.167365835106], [85.34168051904172, 28.167365835106], [85.34168051904172, 28.167509564894], [85.34151748095829, 28.167509564894], [85.34151748095829, 28.167365835106]]]}, "properties": {"source": "emsr927", "dmg": 1.0, "dmg_class": 3, "dmg_label": "Destroyed", "confidence": null, "bid": "339"}}, {"type": "Feature", "geometry": {"type": "Polygon", "coordinates": [[[85.34155808085261, 28.167504535106], [85.34172111914738, 28.167504535106], [85.34172111914738, 28.167648264894], [85.34155808085261, 28.167648264894], [85.34155808085261, 28.167504535106]]]}, "properties": {"source": "emsr927", "dmg": 1.0, "dmg_class": 3, "dmg_label": "Destroyed", "confidence": null, "bid": "340"}}, {"type": "Feature", "geometry": {"type": "Polygon", "coordinates": [[[85.34180357140892, 28.179896335106], [85.34196662859108, 28.179896335106], [85.34196662859108, 28.180040064894], [85.34180357140892, 28.180040064894], [85.34180357140892, 28.179896335106]]]}, "properties": {"source": "emsr927", "dmg": 1.0, "dmg_class": 3, "dmg_label": "Destroyed", "confidence": null, "bid": "341"}}, {"type": "Feature", "geometry": {"type": "Polygon", "coordinates": [[[85.34179067135197, 28.179971035106], [85.34195372864802, 28.179971035106], [85.34195372864802, 28.180114764894], [85.34179067135197, 28.180114764894], [85.34179067135197, 28.179971035106]]]}, "properties": {"source": "emsr927", "dmg": 1.0, "dmg_class": 3, "dmg_label": "Destroyed", "confidence": null, "bid": "342"}}, {"type": "Feature", "geometry": {"type": "Polygon", "coordinates": [[[85.34177787126576, 28.180084135106], [85.34194092873425, 28.180084135106], [85.34194092873425, 28.180227864894], [85.34177787126576, 28.180227864894], [85.34177787126576, 28.180084135106]]]}, "properties": {"source": "emsr927", "dmg": 1.0, "dmg_class": 3, "dmg_label": "Destroyed", "confidence": null, "bid": "343"}}, {"type": "Feature", "geometry": {"type": "Polygon", "coordinates": [[[85.34174157115675, 28.180227135106], [85.34190462884325, 28.180227135106], [85.34190462884325, 28.180370864894], [85.34174157115675, 28.180370864894], [85.34174157115675, 28.180227135106]]]}, "properties": {"source": "emsr927", "dmg": 1.0, "dmg_class": 3, "dmg_label": "Destroyed", "confidence": null, "bid": "344"}}, {"type": "Feature", "geometry": {"type": "Polygon", "coordinates": [[[85.34172027105748, 28.180357335106], [85.34188332894252, 28.180357335106], [85.34188332894252, 28.180501064894], [85.34172027105748, 28.180501064894], [85.34172027105748, 28.180357335106]]]}, "properties": {"source": "emsr927", "dmg": 1.0, "dmg_class": 3, "dmg_label": "Destroyed", "confidence": null, "bid": "345"}}, {"type": "Feature", "geometry": {"type": "Polygon", "coordinates": [[[85.34160077092727, 28.180528135105998], [85.34176382907273, 28.180528135105998], [85.34176382907273, 28.180671864894], [85.34160077092727, 28.180671864894], [85.34160077092727, 28.180528135105998]]]}, "properties": {"source": "emsr927", "dmg": 1.0, "dmg_class": 3, "dmg_label": "Destroyed", "confidence": null, "bid": "346"}}, {"type": "Feature", "geometry": {"type": "Polygon", "coordinates": [[[85.33806838315422, 28.164483235106], [85.33823141684579, 28.164483235106], [85.33823141684579, 28.164626964894], [85.33806838315422, 28.164626964894], [85.33806838315422, 28.164483235106]]]}, "properties": {"source": "emsr927", "dmg": 0.66, "dmg_class": 2, "dmg_label": "Damaged", "confidence": null, "bid": "347"}}, {"type": "Feature", "geometry": {"type": "Polygon", "coordinates": [[[85.33834848312391, 28.164523035106], [85.3385115168761, 28.164523035106], [85.3385115168761, 28.164666764894], [85.33834848312391, 28.164666764894], [85.33834848312391, 28.164523035106]]]}, "properties": {"source": "emsr927", "dmg": 1.0, "dmg_class": 3, "dmg_label": "Destroyed", "confidence": null, "bid": "348"}}, {"type": "Feature", "geometry": {"type": "Polygon", "coordinates": [[[85.3383146830594, 28.164607735106], [85.33847771694062, 28.164607735106], [85.33847771694062, 28.164751464894], [85.3383146830594, 28.164751464894], [85.3383146830594, 28.164607735106]]]}, "properties": {"source": "emsr927", "dmg": 1.0, "dmg_class": 3, "dmg_label": "Destroyed", "confidence": null, "bid": "349"}}, {"type": "Feature", "geometry": {"type": "Polygon", "coordinates": [[[85.3391426828423, 28.164892735106], [85.33930571715771, 28.164892735106], [85.33930571715771, 28.165036464894], [85.3391426828423, 28.165036464894], [85.3391426828423, 28.164892735106]]]}, "properties": {"source": "emsr927", "dmg": 0.66, "dmg_class": 2, "dmg_label": "Damaged", "confidence": null, "bid": "350"}}, {"type": "Feature", "geometry": {"type": "Polygon", "coordinates": [[[85.33870218277632, 28.164979335106], [85.33886521722367, 28.164979335106], [85.33886521722367, 28.165123064894], [85.33870218277632, 28.165123064894], [85.33870218277632, 28.164979335106]]]}, "properties": {"source": "emsr927", "dmg": 0.66, "dmg_class": 2, "dmg_label": "Damaged", "confidence": null, "bid": "351"}}, {"type": "Feature", "geometry": {"type": "Polygon", "coordinates": [[[85.33877928276497, 28.164994235106], [85.33894231723504, 28.164994235106], [85.33894231723504, 28.165137964894], [85.33877928276497, 28.165137964894], [85.33877928276497, 28.164994235106]]]}, "properties": {"source": "emsr927", "dmg": 0.66, "dmg_class": 2, "dmg_label": "Damaged", "confidence": null, "bid": "352"}}, {"type": "Feature", "geometry": {"type": "Polygon", "coordinates": [[[85.3388846827035, 28.165074935106], [85.33904771729651, 28.165074935106], [85.33904771729651, 28.165218664894], [85.3388846827035, 28.165218664894], [85.3388846827035, 28.165074935106]]]}, "properties": {"source": "emsr927", "dmg": 0.33, "dmg_class": 1, "dmg_label": "Possibly damaged", "confidence": null, "bid": "353"}}, {"type": "Feature", "geometry": {"type": "Polygon", "coordinates": [[[85.33894728270303, 28.165075535106], [85.33911031729696, 28.165075535106], [85.33911031729696, 28.165219264894], [85.33894728270303, 28.165219264894], [85.33894728270303, 28.165075535106]]]}, "properties": {"source": "emsr927", "dmg": 0.33, "dmg_class": 1, "dmg_label": "Possibly damaged", "confidence": null, "bid": "354"}}, {"type": "Feature", "geometry": {"type": "Polygon", "coordinates": [[[85.33902808267105, 28.165117535106], [85.33919111732895, 28.165117535106], [85.33919111732895, 28.165261264894], [85.33902808267105, 28.165261264894], [85.33902808267105, 28.165117535106]]]}, "properties": {"source": "emsr927", "dmg": 0.33, "dmg_class": 1, "dmg_label": "Possibly damaged", "confidence": null, "bid": "355"}}, {"type": "Feature", "geometry": {"type": "Polygon", "coordinates": [[[85.33917838265353, 28.165140535106], [85.33934141734647, 28.165140535106], [85.33934141734647, 28.165284264894], [85.33917838265353, 28.165284264894], [85.33917838265353, 28.165140535106]]]}, "properties": {"source": "emsr927", "dmg": 0.33, "dmg_class": 1, "dmg_label": "Possibly damaged", "confidence": null, "bid": "356"}}, {"type": "Feature", "geometry": {"type": "Polygon", "coordinates": [[[85.33930718263333, 28.165167035106], [85.33947021736667, 28.165167035106], [85.33947021736667, 28.165310764894], [85.33930718263333, 28.165310764894], [85.33930718263333, 28.165167035106]]]}, "properties": {"source": "emsr927", "dmg": 0.33, "dmg_class": 1, "dmg_label": "Possibly damaged", "confidence": null, "bid": "357"}}, {"type": "Feature", "geometry": {"type": "Polygon", "coordinates": [[[85.33855528262862, 28.165173235106], [85.33871831737139, 28.165173235106], [85.33871831737139, 28.165316964894], [85.33855528262862, 28.165316964894], [85.33855528262862, 28.165173235106]]]}, "properties": {"source": "emsr927", "dmg": 0.33, "dmg_class": 1, "dmg_label": "Possibly damaged", "confidence": null, "bid": "358"}}, {"type": "Feature", "geometry": {"type": "Polygon", "coordinates": [[[85.34002758273725, 28.165030635106], [85.34019061726276, 28.165030635106], [85.34019061726276, 28.165174364894], [85.34002758273725, 28.165174364894], [85.34002758273725, 28.165030635106]]]}, "properties": {"source": "emsr927", "dmg": 0.33, "dmg_class": 1, "dmg_label": "Possibly damaged", "confidence": null, "bid": "359"}}, {"type": "Feature", "geometry": {"type": "Polygon", "coordinates": [[[85.34078548272895, 28.165041535106], [85.34094851727106, 28.165041535106], [85.34094851727106, 28.165185264894], [85.34078548272895, 28.165185264894], [85.34078548272895, 28.165041535106]]]}, "properties": {"source": "emsr927", "dmg": 1.0, "dmg_class": 3, "dmg_label": "Destroyed", "confidence": null, "bid": "360"}}, {"type": "Feature", "geometry": {"type": "Polygon", "coordinates": [[[85.34123798271918, 28.165054335106], [85.34140101728082, 28.165054335106], [85.34140101728082, 28.165198064894], [85.34123798271918, 28.165198064894], [85.34123798271918, 28.165054335106]]]}, "properties": {"source": "emsr927", "dmg": 1.0, "dmg_class": 3, "dmg_label": "Destroyed", "confidence": null, "bid": "361"}}, {"type": "Feature", "geometry": {"type": "Polygon", "coordinates": [[[85.341318882706, 28.165071635106], [85.34148191729399, 28.165071635106], [85.34148191729399, 28.165215364894], [85.341318882706, 28.165215364894], [85.341318882706, 28.165071635106]]]}, "properties": {"source": "emsr927", "dmg": 1.0, "dmg_class": 3, "dmg_label": "Destroyed", "confidence": null, "bid": "362"}}, {"type": "Feature", "geometry": {"type": "Polygon", "coordinates": [[[85.34099888268825, 28.165094935106], [85.34116191731174, 28.165094935106], [85.34116191731174, 28.165238664894], [85.34099888268825, 28.165238664894], [85.34099888268825, 28.165094935106]]]}, "properties": {"source": "emsr927", "dmg": 1.0, "dmg_class": 3, "dmg_label": "Destroyed", "confidence": null, "bid": "363"}}, {"type": "Feature", "geometry": {"type": "Polygon", "coordinates": [[[85.34111418264598, 28.165150435106], [85.34127721735402, 28.165150435106], [85.34127721735402, 28.165294164894], [85.34111418264598, 28.165294164894], [85.34111418264598, 28.165150435106]]]}, "properties": {"source": "emsr927", "dmg": 1.0, "dmg_class": 3, "dmg_label": "Destroyed", "confidence": null, "bid": "364"}}, {"type": "Feature", "geometry": {"type": "Polygon", "coordinates": [[[85.34144928262, 28.165184535106], [85.34161231738, 28.165184535106], [85.34161231738, 28.165328264894], [85.34144928262, 28.165328264894], [85.34144928262, 28.165184535106]]]}, "properties": {"source": "emsr927", "dmg": 1.0, "dmg_class": 3, "dmg_label": "Destroyed", "confidence": null, "bid": "365"}}, {"type": "Feature", "geometry": {"type": "Polygon", "coordinates": [[[85.34124218259396, 28.165218735106], [85.34140521740605, 28.165218735106], [85.34140521740605, 28.165362464894], [85.34124218259396, 28.165362464894], [85.34124218259396, 28.165218735106]]]}, "properties": {"source": "emsr927", "dmg": 1.0, "dmg_class": 3, "dmg_label": "Destroyed", "confidence": null, "bid": "366"}}, {"type": "Feature", "geometry": {"type": "Polygon", "coordinates": [[[85.34043938255229, 28.165273435106], [85.34060241744771, 28.165273435106], [85.34060241744771, 28.165417164894], [85.34043938255229, 28.165417164894], [85.34043938255229, 28.165273435106]]]}, "properties": {"source": "emsr927", "dmg": 0.66, "dmg_class": 2, "dmg_label": "Damaged", "confidence": null, "bid": "367"}}, {"type": "Feature", "geometry": {"type": "Polygon", "coordinates": [[[85.34039238251482, 28.165322635106], [85.34055541748519, 28.165322635106], [85.34055541748519, 28.165466364894], [85.34039238251482, 28.165466364894], [85.34039238251482, 28.165322635106]]]}, "properties": {"source": "emsr927", "dmg": 0.33, "dmg_class": 1, "dmg_label": "Possibly damaged", "confidence": null, "bid": "368"}}, {"type": "Feature", "geometry": {"type": "Polygon", "coordinates": [[[85.34045258250437, 28.165336335106], [85.34061561749563, 28.165336335106], [85.34061561749563, 28.165480064894002], [85.34045258250437, 28.165480064894002], [85.34045258250437, 28.165336335106]]]}, "properties": {"source": "emsr927", "dmg": 0.33, "dmg_class": 1, "dmg_label": "Possibly damaged", "confidence": null, "bid": "369"}}, {"type": "Feature", "geometry": {"type": "Polygon", "coordinates": [[[85.33993958248678, 28.165359435106], [85.34010261751322, 28.165359435106], [85.34010261751322, 28.165503164894], [85.33993958248678, 28.165503164894], [85.33993958248678, 28.165359435106]]]}, "properties": {"source": "emsr927", "dmg": 0.33, "dmg_class": 1, "dmg_label": "Possibly damaged", "confidence": null, "bid": "370"}}, {"type": "Feature", "geometry": {"type": "Polygon", "coordinates": [[[85.34061648241502, 28.165453635106], [85.34077951758499, 28.165453635106], [85.34077951758499, 28.165597364894], [85.34061648241502, 28.165597364894], [85.34061648241502, 28.165453635106]]]}, "properties": {"source": "emsr927", "dmg": 0.66, "dmg_class": 2, "dmg_label": "Damaged", "confidence": null, "bid": "371"}}, {"type": "Feature", "geometry": {"type": "Polygon", "coordinates": [[[85.34071968235308, 28.165534935106], [85.34088271764692, 28.165534935106], [85.34088271764692, 28.165678664894], [85.34071968235308, 28.165678664894], [85.34071968235308, 28.165534935106]]]}, "properties": {"source": "emsr927", "dmg": 0.66, "dmg_class": 2, "dmg_label": "Damaged", "confidence": null, "bid": "372"}}, {"type": "Feature", "geometry": {"type": "Polygon", "coordinates": [[[85.34051298229359, 28.165613035106], [85.3406760177064, 28.165613035106], [85.3406760177064, 28.165756764894], [85.34051298229359, 28.165756764894], [85.34051298229359, 28.165613035106]]]}, "properties": {"source": "emsr927", "dmg": 0.33, "dmg_class": 1, "dmg_label": "Possibly damaged", "confidence": null, "bid": "373"}}, {"type": "Feature", "geometry": {"type": "Polygon", "coordinates": [[[85.34047948225329, 28.165665935106], [85.3406425177467, 28.165665935106], [85.3406425177467, 28.165809664894], [85.34047948225329, 28.165809664894], [85.34047948225329, 28.165665935106]]]}, "properties": {"source": "emsr927", "dmg": 0.33, "dmg_class": 1, "dmg_label": "Possibly damaged", "confidence": null, "bid": "374"}}, {"type": "Feature", "geometry": {"type": "Polygon", "coordinates": [[[85.34055738224743, 28.165673635106], [85.34072041775258, 28.165673635106], [85.34072041775258, 28.165817364894], [85.34055738224743, 28.165817364894], [85.34055738224743, 28.165673635106]]]}, "properties": {"source": "emsr927", "dmg": 0.33, "dmg_class": 1, "dmg_label": "Possibly damaged", "confidence": null, "bid": "375"}}, {"type": "Feature", "geometry": {"type": "Polygon", "coordinates": [[[85.34104798221414, 28.165717335106], [85.34121101778585, 28.165717335106], [85.34121101778585, 28.165861064894], [85.34104798221414, 28.165861064894], [85.34104798221414, 28.165717335106]]]}, "properties": {"source": "emsr927", "dmg": 0.66, "dmg_class": 2, "dmg_label": "Damaged", "confidence": null, "bid": "376"}}, {"type": "Feature", "geometry": {"type": "Polygon", "coordinates": [[[85.3405777821567, 28.165792735106], [85.3407408178433, 28.165792735106], [85.3407408178433, 28.165936464894], [85.3405777821567, 28.165936464894], [85.3405777821567, 28.165792735106]]]}, "properties": {"source": "emsr927", "dmg": 0.33, "dmg_class": 1, "dmg_label": "Possibly damaged", "confidence": null, "bid": "377"}}, {"type": "Feature", "geometry": {"type": "Polygon", "coordinates": [[[85.3411843821554, 28.165794435106], [85.34134741784459, 28.165794435106], [85.34134741784459, 28.165938164894], [85.3411843821554, 28.165938164894], [85.3411843821554, 28.165794435106]]]}, "properties": {"source": "emsr927", "dmg": 1.0, "dmg_class": 3, "dmg_label": "Destroyed", "confidence": null, "bid": "378"}}, {"type": "Feature", "geometry": {"type": "Polygon", "coordinates": [[[85.34043468214954, 28.165802135106], [85.34059771785046, 28.165802135106], [85.34059771785046, 28.165945864894], [85.34043468214954, 28.165945864894], [85.34043468214954, 28.165802135106]]]}, "properties": {"source": "emsr927", "dmg": 0.33, "dmg_class": 1, "dmg_label": "Possibly damaged", "confidence": null, "bid": "379"}}, {"type": "Feature", "geometry": {"type": "Polygon", "coordinates": [[[85.34063398211198, 28.165851435106], [85.34079701788802, 28.165851435106], [85.34079701788802, 28.165995164894], [85.34063398211198, 28.165995164894], [85.34063398211198, 28.165851435106]]]}, "properties": {"source": "emsr927", "dmg": 0.33, "dmg_class": 1, "dmg_label": "Possibly damaged", "confidence": null, "bid": "380"}}, {"type": "Feature", "geometry": {"type": "Polygon", "coordinates": [[[85.34135628209629, 28.165872035106], [85.3415193179037, 28.165872035106], [85.3415193179037, 28.166015764894], [85.34135628209629, 28.166015764894], [85.34135628209629, 28.165872035106]]]}, "properties": {"source": "emsr927", "dmg": 1.0, "dmg_class": 3, "dmg_label": "Destroyed", "confidence": null, "bid": "381"}}, {"type": "Feature", "geometry": {"type": "Polygon", "coordinates": [[[85.3406557820486, 28.165934635106], [85.3408188179514, 28.165934635106], [85.3408188179514, 28.166078364894002], [85.3406557820486, 28.166078364894002], [85.3406557820486, 28.165934635106]]]}, "properties": {"source": "emsr927", "dmg": 0.33, "dmg_class": 1, "dmg_label": "Possibly damaged", "confidence": null, "bid": "382"}}, {"type": "Feature", "geometry": {"type": "Polygon", "coordinates": [[[85.34051058203306, 28.165955035106], [85.34067361796693, 28.165955035106], [85.34067361796693, 28.166098764894], [85.34051058203306, 28.166098764894], [85.34051058203306, 28.165955035106]]]}, "properties": {"source": "emsr927", "dmg": 0.33, "dmg_class": 1, "dmg_label": "Possibly damaged", "confidence": null, "bid": "383"}}, {"type": "Feature", "geometry": {"type": "Polygon", "coordinates": [[[85.34074818202924, 28.165960035106], [85.34091121797076, 28.165960035106], [85.34091121797076, 28.166103764894], [85.34074818202924, 28.166103764894], [85.34074818202924, 28.165960035106]]]}, "properties": {"source": "emsr927", "dmg": 0.66, "dmg_class": 2, "dmg_label": "Damaged", "confidence": null, "bid": "384"}}, {"type": "Feature", "geometry": {"type": "Polygon", "coordinates": [[[85.3412511819958, 28.166003935106], [85.34141421800419, 28.166003935106], [85.34141421800419, 28.166147664894], [85.3412511819958, 28.166147664894], [85.3412511819958, 28.166003935106]]]}, "properties": {"source": "emsr927", "dmg": 1.0, "dmg_class": 3, "dmg_label": "Destroyed", "confidence": null, "bid": "385"}}, {"type": "Feature", "geometry": {"type": "Polygon", "coordinates": [[[85.34072088198445, 28.166018835106], [85.34088391801555, 28.166018835106], [85.34088391801555, 28.166162564894], [85.34072088198445, 28.166162564894], [85.34072088198445, 28.166018835106]]]}, "properties": {"source": "emsr927", "dmg": 0.33, "dmg_class": 1, "dmg_label": "Possibly damaged", "confidence": null, "bid": "386"}}, {"type": "Feature", "geometry": {"type": "Polygon", "coordinates": [[[85.34037828198409, 28.166019335106], [85.34054131801592, 28.166019335106], [85.34054131801592, 28.166163064894], [85.34037828198409, 28.166163064894], [85.34037828198409, 28.166019335106]]]}, "properties": {"source": "emsr927", "dmg": 0.33, "dmg_class": 1, "dmg_label": "Possibly damaged", "confidence": null, "bid": "387"}}, {"type": "Feature", "geometry": {"type": "Polygon", "coordinates": [[[85.3405867819779, 28.166027435106], [85.3407498180221, 28.166027435106], [85.3407498180221, 28.166171164894], [85.3405867819779, 28.166171164894], [85.3405867819779, 28.166027435106]]]}, "properties": {"source": "emsr927", "dmg": 0.33, "dmg_class": 1, "dmg_label": "Possibly damaged", "confidence": null, "bid": "388"}}, {"type": "Feature", "geometry": {"type": "Polygon", "coordinates": [[[85.34113038192756, 28.166093535106], [85.34129341807245, 28.166093535106], [85.34129341807245, 28.166237264894], [85.34113038192756, 28.166237264894], [85.34113038192756, 28.166093535106]]]}, "properties": {"source": "emsr927", "dmg": 0.66, "dmg_class": 2, "dmg_label": "Damaged", "confidence": null, "bid": "389"}}, {"type": "Feature", "geometry": {"type": "Polygon", "coordinates": [[[85.34073108188002, 28.166155935106], [85.34089411811999, 28.166155935106], [85.34089411811999, 28.166299664894], [85.34073108188002, 28.166299664894], [85.34073108188002, 28.166155935106]]]}, "properties": {"source": "emsr927", "dmg": 0.66, "dmg_class": 2, "dmg_label": "Damaged", "confidence": null, "bid": "390"}}, {"type": "Feature", "geometry": {"type": "Polygon", "coordinates": [[[85.34051158186037, 28.166181735106], [85.34067461813964, 28.166181735106], [85.34067461813964, 28.166325464894], [85.34051158186037, 28.166325464894], [85.34051158186037, 28.166181735106]]]}, "properties": {"source": "emsr927", "dmg": 0.33, "dmg_class": 1, "dmg_label": "Possibly damaged", "confidence": null, "bid": "391"}}, {"type": "Feature", "geometry": {"type": "Polygon", "coordinates": [[[85.34080548178258, 28.166283835106], [85.34096851821741, 28.166283835106], [85.34096851821741, 28.166427564894], [85.34080548178258, 28.166427564894], [85.34080548178258, 28.166283835106]]]}, "properties": {"source": "emsr927", "dmg": 1.0, "dmg_class": 3, "dmg_label": "Destroyed", "confidence": null, "bid": "392"}}, {"type": "Feature", "geometry": {"type": "Polygon", "coordinates": [[[85.34108078177998, 28.166287235106], [85.34124381822001, 28.166287235106], [85.34124381822001, 28.166430964894], [85.34108078177998, 28.166430964894], [85.34108078177998, 28.166287235106]]]}, "properties": {"source": "emsr927", "dmg": 0.66, "dmg_class": 2, "dmg_label": "Damaged", "confidence": null, "bid": "393"}}, {"type": "Feature", "geometry": {"type": "Polygon", "coordinates": [[[85.3411456817627, 28.166309935106], [85.34130871823731, 28.166309935106], [85.34130871823731, 28.166453664894], [85.3411456817627, 28.166453664894], [85.3411456817627, 28.166309935106]]]}, "properties": {"source": "emsr927", "dmg": 0.66, "dmg_class": 2, "dmg_label": "Damaged", "confidence": null, "bid": "394"}}, {"type": "Feature", "geometry": {"type": "Polygon", "coordinates": [[[85.34119788167891, 28.166419935106], [85.3413609183211, 28.166419935106], [85.3413609183211, 28.166563664894], [85.34119788167891, 28.166563664894], [85.34119788167891, 28.166419935106]]]}, "properties": {"source": "emsr927", "dmg": 1.0, "dmg_class": 3, "dmg_label": "Destroyed", "confidence": null, "bid": "395"}}, {"type": "Feature", "geometry": {"type": "Polygon", "coordinates": [[[85.34108208157087, 28.166561735106], [85.34124511842913, 28.166561735106], [85.34124511842913, 28.166705464894], [85.34108208157087, 28.166705464894], [85.34108208157087, 28.166561735106]]]}, "properties": {"source": "emsr927", "dmg": 1.0, "dmg_class": 3, "dmg_label": "Destroyed", "confidence": null, "bid": "396"}}, {"type": "Feature", "geometry": {"type": "Polygon", "coordinates": [[[85.34139238154512, 28.166595535106], [85.34155541845487, 28.166595535106], [85.34155541845487, 28.166739264894], [85.34139238154512, 28.166739264894], [85.34139238154512, 28.166595535106]]]}, "properties": {"source": "emsr927", "dmg": 1.0, "dmg_class": 3, "dmg_label": "Destroyed", "confidence": null, "bid": "397"}}, {"type": "Feature", "geometry": {"type": "Polygon", "coordinates": [[[85.34114918150262, 28.166651335106], [85.34131221849738, 28.166651335106], [85.34131221849738, 28.166795064894], [85.34114918150262, 28.166795064894], [85.34114918150262, 28.166651335106]]]}, "properties": {"source": "emsr927", "dmg": 1.0, "dmg_class": 3, "dmg_label": "Destroyed", "confidence": null, "bid": "398"}}, {"type": "Feature", "geometry": {"type": "Polygon", "coordinates": [[[85.34103598145263, 28.166716935106], [85.34119901854736, 28.166716935106], [85.34119901854736, 28.166860664894], [85.34103598145263, 28.166860664894], [85.34103598145263, 28.166716935106]]]}, "properties": {"source": "emsr927", "dmg": 1.0, "dmg_class": 3, "dmg_label": "Destroyed", "confidence": null, "bid": "399"}}, {"type": "Feature", "geometry": {"type": "Polygon", "coordinates": [[[85.3413621814467, 28.166724735106], [85.3415252185533, 28.166724735106], [85.3415252185533, 28.166868464894], [85.3413621814467, 28.166868464894], [85.3413621814467, 28.166724735106]]]}, "properties": {"source": "emsr927", "dmg": 1.0, "dmg_class": 3, "dmg_label": "Destroyed", "confidence": null, "bid": "400"}}, {"type": "Feature", "geometry": {"type": "Polygon", "coordinates": [[[85.34136728140213, 28.166783235106], [85.34153031859786, 28.166783235106], [85.34153031859786, 28.166926964894], [85.34136728140213, 28.166926964894], [85.34136728140213, 28.166783235106]]]}, "properties": {"source": "emsr927", "dmg": 1.0, "dmg_class": 3, "dmg_label": "Destroyed", "confidence": null, "bid": "401"}}, {"type": "Feature", "geometry": {"type": "Polygon", "coordinates": [[[85.34128938138439, 28.166806535106], [85.34145241861562, 28.166806535106], [85.34145241861562, 28.166950264894002], [85.34128938138439, 28.166950264894002], [85.34128938138439, 28.166806535106]]]}, "properties": {"source": "emsr927", "dmg": 1.0, "dmg_class": 3, "dmg_label": "Destroyed", "confidence": null, "bid": "402"}}, {"type": "Feature", "geometry": {"type": "Polygon", "coordinates": [[[85.34098298133524, 28.166871035106], [85.34114601866476, 28.166871035106], [85.34114601866476, 28.167014764894], [85.34098298133524, 28.167014764894], [85.34098298133524, 28.166871035106]]]}, "properties": {"source": "emsr927", "dmg": 0.66, "dmg_class": 2, "dmg_label": "Damaged", "confidence": null, "bid": "403"}}, {"type": "Feature", "geometry": {"type": "Polygon", "coordinates": [[[85.34125968131033, 28.166903735106], [85.34142271868967, 28.166903735106], [85.34142271868967, 28.167047464894], [85.34125968131033, 28.167047464894], [85.34125968131033, 28.166903735106]]]}, "properties": {"source": "emsr927", "dmg": 1.0, "dmg_class": 3, "dmg_label": "Destroyed", "confidence": null, "bid": "404"}}, {"type": "Feature", "geometry": {"type": "Polygon", "coordinates": [[[85.3414057813091, 28.166905335106], [85.34156881869089, 28.166905335106], [85.34156881869089, 28.167049064894], [85.3414057813091, 28.167049064894], [85.3414057813091, 28.166905335106]]]}, "properties": {"source": "emsr927", "dmg": 1.0, "dmg_class": 3, "dmg_label": "Destroyed", "confidence": null, "bid": "405"}}, {"type": "Feature", "geometry": {"type": "Polygon", "coordinates": [[[85.34120747065678, 28.180882935106], [85.34137052934322, 28.180882935106], [85.34137052934322, 28.181026664894], [85.34120747065678, 28.181026664894], [85.34120747065678, 28.180882935106]]]}, "properties": {"source": "emsr927", "dmg": 1.0, "dmg_class": 3, "dmg_label": "Destroyed", "confidence": null, "bid": "406"}}, {"type": "Feature", "geometry": {"type": "Polygon", "coordinates": [[[85.34083457052215, 28.181059535106], [85.34099762947785, 28.181059535106], [85.34099762947785, 28.181203264894002], [85.34083457052215, 28.181203264894002], [85.34083457052215, 28.181059535106]]]}, "properties": {"source": "emsr927", "dmg": 1.0, "dmg_class": 3, "dmg_label": "Destroyed", "confidence": null, "bid": "407"}}, {"type": "Feature", "geometry": {"type": "Polygon", "coordinates": [[[85.341321170514, 28.181070235106], [85.34148422948601, 28.181070235106], [85.34148422948601, 28.181213964894], [85.341321170514, 28.181213964894], [85.341321170514, 28.181070235106]]]}, "properties": {"source": "emsr927", "dmg": 1.0, "dmg_class": 3, "dmg_label": "Destroyed", "confidence": null, "bid": "408"}}, {"type": "Feature", "geometry": {"type": "Polygon", "coordinates": [[[85.34365127941075, 28.169397035105998], [85.34381432058925, 28.169397035105998], [85.34381432058925, 28.169540764894], [85.34365127941075, 28.169540764894], [85.34365127941075, 28.169397035105998]]]}, "properties": {"source": "emsr927", "dmg": 0.33, "dmg_class": 1, "dmg_label": "Possibly damaged", "confidence": null, "bid": "409"}}, {"type": "Feature", "geometry": {"type": "Polygon", "coordinates": [[[85.34334187935863, 28.169465435105998], [85.34350492064138, 28.169465435105998], [85.34350492064138, 28.169609164894], [85.34334187935863, 28.169609164894], [85.34334187935863, 28.169465435105998]]]}, "properties": {"source": "emsr927", "dmg": 1.0, "dmg_class": 3, "dmg_label": "Destroyed", "confidence": null, "bid": "410"}}, {"type": "Feature", "geometry": {"type": "Polygon", "coordinates": [[[85.34299796917801, 28.182822535106], [85.34316103082199, 28.182822535106], [85.34316103082199, 28.182966264894], [85.34299796917801, 28.182966264894], [85.34299796917801, 28.182822535106]]]}, "properties": {"source": "emsr927", "dmg": 1.0, "dmg_class": 3, "dmg_label": "Destroyed", "confidence": null, "bid": "411"}}, {"type": "Feature", "geometry": {"type": "Polygon", "coordinates": [[[85.34285356898603, 28.183074335106], [85.34301663101398, 28.183074335106], [85.34301663101398, 28.183218064894], [85.34285356898603, 28.183218064894], [85.34285356898603, 28.183074335106]]]}, "properties": {"source": "emsr927", "dmg": 1.0, "dmg_class": 3, "dmg_label": "Destroyed", "confidence": null, "bid": "412"}}, {"type": "Feature", "geometry": {"type": "Polygon", "coordinates": [[[85.34280876889163, 28.183198135106], [85.34297183110836, 28.183198135106], [85.34297183110836, 28.183341864894], [85.34280876889163, 28.183341864894], [85.34280876889163, 28.183198135106]]]}, "properties": {"source": "emsr927", "dmg": 1.0, "dmg_class": 3, "dmg_label": "Destroyed", "confidence": null, "bid": "413"}}, {"type": "Feature", "geometry": {"type": "Polygon", "coordinates": [[[85.34298166879404, 28.183326135106], [85.34314473120597, 28.183326135106], [85.34314473120597, 28.183469864894], [85.34298166879404, 28.183469864894], [85.34298166879404, 28.183326135106]]]}, "properties": {"source": "emsr927", "dmg": 1.0, "dmg_class": 3, "dmg_label": "Destroyed", "confidence": null, "bid": "414"}}, {"type": "Feature", "geometry": {"type": "Polygon", "coordinates": [[[85.34290266875493, 28.183377435106], [85.34306573124508, 28.183377435106], [85.34306573124508, 28.183521164894], [85.34290266875493, 28.183521164894], [85.34290266875493, 28.183377435106]]]}, "properties": {"source": "emsr927", "dmg": 1.0, "dmg_class": 3, "dmg_label": "Destroyed", "confidence": null, "bid": "415"}}, {"type": "Feature", "geometry": {"type": "Polygon", "coordinates": [[[85.34354296736991, 28.185193835106], [85.3437060326301, 28.185193835106], [85.3437060326301, 28.185337564894], [85.34354296736991, 28.185337564894], [85.34354296736991, 28.185193835106]]]}, "properties": {"source": "emsr927", "dmg": 0.33, "dmg_class": 1, "dmg_label": "Possibly damaged", "confidence": null, "bid": "416"}}, {"type": "Feature", "geometry": {"type": "Polygon", "coordinates": [[[85.34345686731051, 28.185271735106], [85.34361993268949, 28.185271735106], [85.34361993268949, 28.185415464894], [85.34345686731051, 28.185415464894], [85.34345686731051, 28.185271735106]]]}, "properties": {"source": "emsr927", "dmg": 0.33, "dmg_class": 1, "dmg_label": "Possibly damaged", "confidence": null, "bid": "417"}}, {"type": "Feature", "geometry": {"type": "Polygon", "coordinates": [[[85.34639796573249, 28.187341035106], [85.34656103426751, 28.187341035106], [85.34656103426751, 28.187484764894002], [85.34639796573249, 28.187484764894002], [85.34639796573249, 28.187341035106]]]}, "properties": {"source": "emsr927", "dmg": 1.0, "dmg_class": 3, "dmg_label": "Destroyed", "confidence": null, "bid": "418"}}, {"type": "Feature", "geometry": {"type": "Polygon", "coordinates": [[[85.34145137083617, 28.180647635106], [85.34161442916384, 28.180647635106], [85.34161442916384, 28.180791364894], [85.34145137083617, 28.180791364894], [85.34145137083617, 28.180647635106]]]}, "properties": {"source": "emsr927", "dmg": 1.0, "dmg_class": 3, "dmg_label": "Destroyed", "confidence": null, "bid": "419"}}, {"type": "Feature", "geometry": {"type": "Polygon", "coordinates": [[[85.34156877078738, 28.180711635106], [85.34173182921262, 28.180711635106], [85.34173182921262, 28.180855364894], [85.34156877078738, 28.180855364894], [85.34156877078738, 28.180711635106]]]}, "properties": {"source": "emsr927", "dmg": 1.0, "dmg_class": 3, "dmg_label": "Destroyed", "confidence": null, "bid": "420"}}, {"type": "Feature", "geometry": {"type": "Polygon", "coordinates": [[[85.34148987047443, 28.181122135106], [85.34165292952558, 28.181122135106], [85.34165292952558, 28.181265864894], [85.34148987047443, 28.181265864894], [85.34148987047443, 28.181122135106]]]}, "properties": {"source": "emsr927", "dmg": 1.0, "dmg_class": 3, "dmg_label": "Destroyed", "confidence": null, "bid": "421"}}, {"type": "Feature", "geometry": {"type": "Polygon", "coordinates": [[[85.34190597030899, 28.181339135106], [85.34206902969102, 28.181339135106], [85.34206902969102, 28.181482864894], [85.34190597030899, 28.181482864894], [85.34190597030899, 28.181339135106]]]}, "properties": {"source": "emsr927", "dmg": 1.0, "dmg_class": 3, "dmg_label": "Destroyed", "confidence": null, "bid": "422"}}, {"type": "Feature", "geometry": {"type": "Polygon", "coordinates": [[[85.34177367021948, 28.181456535106], [85.34193672978051, 28.181456535106], [85.34193672978051, 28.181600264894], [85.34177367021948, 28.181600264894], [85.34177367021948, 28.181456535106]]]}, "properties": {"source": "emsr927", "dmg": 1.0, "dmg_class": 3, "dmg_label": "Destroyed", "confidence": null, "bid": "423"}}, {"type": "Feature", "geometry": {"type": "Polygon", "coordinates": [[[85.34226806983538, 28.181960335105998], [85.34243113016463, 28.181960335105998], [85.34243113016463, 28.182104064894], [85.34226806983538, 28.182104064894], [85.34226806983538, 28.181960335105998]]]}, "properties": {"source": "emsr927", "dmg": 1.0, "dmg_class": 3, "dmg_label": "Destroyed", "confidence": null, "bid": "424"}}, {"type": "Feature", "geometry": {"type": "Polygon", "coordinates": [[[85.34215516983409, 28.181962035106], [85.34231823016592, 28.181962035106], [85.34231823016592, 28.182105764894], [85.34215516983409, 28.182105764894], [85.34215516983409, 28.181962035106]]]}, "properties": {"source": "emsr927", "dmg": 1.0, "dmg_class": 3, "dmg_label": "Destroyed", "confidence": null, "bid": "425"}}, {"type": "Feature", "geometry": {"type": "Polygon", "coordinates": [[[85.3421088698312, 28.181965835106], [85.34227193016882, 28.181965835106], [85.34227193016882, 28.182109564894], [85.3421088698312, 28.182109564894], [85.3421088698312, 28.181965835106]]]}, "properties": {"source": "emsr927", "dmg": 1.0, "dmg_class": 3, "dmg_label": "Destroyed", "confidence": null, "bid": "426"}}, {"type": "Feature", "geometry": {"type": "Polygon", "coordinates": [[[85.34220846983096, 28.181966135106], [85.34237153016905, 28.181966135106], [85.34237153016905, 28.182109864894], [85.34220846983096, 28.182109864894], [85.34220846983096, 28.181966135106]]]}, "properties": {"source": "emsr927", "dmg": 1.0, "dmg_class": 3, "dmg_label": "Destroyed", "confidence": null, "bid": "427"}}, {"type": "Feature", "geometry": {"type": "Polygon", "coordinates": [[[85.34233876939943, 28.182532135106], [85.34250183060057, 28.182532135106], [85.34250183060057, 28.182675864894], [85.34233876939943, 28.182675864894], [85.34233876939943, 28.182532135106]]]}, "properties": {"source": "emsr927", "dmg": 1.0, "dmg_class": 3, "dmg_label": "Destroyed", "confidence": null, "bid": "428"}}, {"type": "Feature", "geometry": {"type": "Polygon", "coordinates": [[[85.34127417012189, 28.181584535106], [85.3414372298781, 28.181584535106], [85.3414372298781, 28.181728264894], [85.34127417012189, 28.181728264894], [85.34127417012189, 28.181584535106]]]}, "properties": {"source": "emsr927", "dmg": 1.0, "dmg_class": 3, "dmg_label": "Destroyed", "confidence": null, "bid": "429"}}, {"type": "Feature", "geometry": {"type": "Polygon", "coordinates": [[[85.34117387004862, 28.181680635106], [85.34133692995137, 28.181680635106], [85.34133692995137, 28.181824364894002], [85.34117387004862, 28.181824364894002], [85.34117387004862, 28.181680635106]]]}, "properties": {"source": "emsr927", "dmg": 1.0, "dmg_class": 3, "dmg_label": "Destroyed", "confidence": null, "bid": "430"}}, {"type": "Feature", "geometry": {"type": "Polygon", "coordinates": [[[85.34268376922795, 28.182757035106], [85.34284683077205, 28.182757035106], [85.34284683077205, 28.182900764894], [85.34268376922795, 28.182900764894], [85.34268376922795, 28.182757035106]]]}, "properties": {"source": "emsr927", "dmg": 1.0, "dmg_class": 3, "dmg_label": "Destroyed", "confidence": null, "bid": "431"}}, {"type": "Feature", "geometry": {"type": "Polygon", "coordinates": [[[85.34260566885084, 28.183251635106], [85.34276873114916, 28.183251635106], [85.34276873114916, 28.183395364894], [85.34260566885084, 28.183395364894], [85.34260566885084, 28.183251635106]]]}, "properties": {"source": "emsr927", "dmg": 1.0, "dmg_class": 3, "dmg_label": "Destroyed", "confidence": null, "bid": "432"}}, {"type": "Feature", "geometry": {"type": "Polygon", "coordinates": [[[85.3461776656743, 28.187417335106], [85.34634073432571, 28.187417335106], [85.34634073432571, 28.187561064894002], [85.3461776656743, 28.187561064894002], [85.3461776656743, 28.187417335106]]]}, "properties": {"source": "emsr927", "dmg": 1.0, "dmg_class": 3, "dmg_label": "Destroyed", "confidence": null, "bid": "433"}}, {"type": "Feature", "geometry": {"type": "Polygon", "coordinates": [[[85.35852032344852, 28.242707635106], [85.35868347655148, 28.242707635106], [85.35868347655148, 28.242851364894], [85.35852032344852, 28.242851364894], [85.35852032344852, 28.242707635106]]]}, "properties": {"source": "emsr927", "dmg": 1.0, "dmg_class": 3, "dmg_label": "Destroyed", "confidence": null, "bid": "1"}}, {"type": "Feature", "geometry": {"type": "Polygon", "coordinates": [[[85.35870072339131, 28.242782435106], [85.3588638766087, 28.242782435106], [85.3588638766087, 28.242926164894], [85.35870072339131, 28.242926164894], [85.35870072339131, 28.242782435106]]]}, "properties": {"source": "emsr927", "dmg": 1.0, "dmg_class": 3, "dmg_label": "Destroyed", "confidence": null, "bid": "2"}}, {"type": "Feature", "geometry": {"type": "Polygon", "coordinates": [[[85.35866552337563, 28.242802935106], [85.35882867662437, 28.242802935106], [85.35882867662437, 28.242946664894], [85.35866552337563, 28.242946664894], [85.35866552337563, 28.242802935106]]]}, "properties": {"source": "emsr927", "dmg": 1.0, "dmg_class": 3, "dmg_label": "Destroyed", "confidence": null, "bid": "3"}}, {"type": "Feature", "geometry": {"type": "Polygon", "coordinates": [[[85.35878332325586, 28.242959535106], [85.35894647674414, 28.242959535106], [85.35894647674414, 28.243103264894], [85.35878332325586, 28.243103264894], [85.35878332325586, 28.242959535106]]]}, "properties": {"source": "emsr927", "dmg": 1.0, "dmg_class": 3, "dmg_label": "Destroyed", "confidence": null, "bid": "4"}}, {"type": "Feature", "geometry": {"type": "Polygon", "coordinates": [[[85.35874032323537, 28.242986335106], [85.35890347676462, 28.242986335106], [85.35890347676462, 28.243130064894], [85.35874032323537, 28.243130064894], [85.35874032323537, 28.242986335106]]]}, "properties": {"source": "emsr927", "dmg": 1.0, "dmg_class": 3, "dmg_label": "Destroyed", "confidence": null, "bid": "5"}}, {"type": "Feature", "geometry": {"type": "Polygon", "coordinates": [[[85.35899852309855, 28.243165235106], [85.35916167690145, 28.243165235106], [85.35916167690145, 28.243308964894002], [85.35899852309855, 28.243308964894002], [85.35899852309855, 28.243165235106]]]}, "properties": {"source": "emsr927", "dmg": 1.0, "dmg_class": 3, "dmg_label": "Destroyed", "confidence": null, "bid": "6"}}, {"type": "Feature", "geometry": {"type": "Polygon", "coordinates": [[[85.36164222119633, 28.245652235106], [85.36180537880365, 28.245652235106], [85.36180537880365, 28.245795964894], [85.36164222119633, 28.245795964894], [85.36164222119633, 28.245652235106]]]}, "properties": {"source": "emsr927", "dmg": 1.0, "dmg_class": 3, "dmg_label": "Destroyed", "confidence": null, "bid": "7"}}, {"type": "Feature", "geometry": {"type": "Polygon", "coordinates": [[[85.36189972109231, 28.245788235106], [85.36206287890768, 28.245788235106], [85.36206287890768, 28.245931964894], [85.36189972109231, 28.245931964894], [85.36189972109231, 28.245788235106]]]}, "properties": {"source": "emsr927", "dmg": 1.0, "dmg_class": 3, "dmg_label": "Destroyed", "confidence": null, "bid": "8"}}, {"type": "Feature", "geometry": {"type": "Polygon", "coordinates": [[[85.36197672096488, 28.245954835106], [85.36213987903513, 28.245954835106], [85.36213987903513, 28.246098564894], [85.36197672096488, 28.246098564894], [85.36197672096488, 28.245954835106]]]}, "properties": {"source": "emsr927", "dmg": 1.0, "dmg_class": 3, "dmg_label": "Destroyed", "confidence": null, "bid": "9"}}, {"type": "Feature", "geometry": {"type": "Polygon", "coordinates": [[[85.36211962087752, 28.246069035106], [85.36228277912248, 28.246069035106], [85.36228277912248, 28.246212764894], [85.36211962087752, 28.246212764894], [85.36211962087752, 28.246069035106]]]}, "properties": {"source": "emsr927", "dmg": 1.0, "dmg_class": 3, "dmg_label": "Destroyed", "confidence": null, "bid": "10"}}, {"type": "Feature", "geometry": {"type": "Polygon", "coordinates": [[[85.36227462078068, 28.246195635105998], [85.3624377792193, 28.246195635105998], [85.3624377792193, 28.246339364894], [85.36227462078068, 28.246339364894], [85.36227462078068, 28.246195635105998]]]}, "properties": {"source": "emsr927", "dmg": 1.0, "dmg_class": 3, "dmg_label": "Destroyed", "confidence": null, "bid": "11"}}, {"type": "Feature", "geometry": {"type": "Polygon", "coordinates": [[[85.36422631942004, 28.247974335106], [85.36438948057996, 28.247974335106], [85.36438948057996, 28.248118064894], [85.36422631942004, 28.248118064894], [85.36422631942004, 28.247974335106]]]}, "properties": {"source": "emsr927", "dmg": 1.0, "dmg_class": 3, "dmg_label": "Destroyed", "confidence": null, "bid": "12"}}, {"type": "Feature", "geometry": {"type": "Polygon", "coordinates": [[[85.36580741794505, 28.249902335106], [85.36597058205494, 28.249902335106], [85.36597058205494, 28.250046064894], [85.36580741794505, 28.250046064894], [85.36580741794505, 28.249902335106]]]}, "properties": {"source": "emsr927", "dmg": 1.0, "dmg_class": 3, "dmg_label": "Destroyed", "confidence": null, "bid": "13"}}, {"type": "Feature", "geometry": {"type": "Polygon", "coordinates": [[[85.36592331774077, 28.250169335106], [85.36608648225922, 28.250169335106], [85.36608648225922, 28.250313064894], [85.36592331774077, 28.250313064894], [85.36592331774077, 28.250169335106]]]}, "properties": {"source": "emsr927", "dmg": 1.0, "dmg_class": 3, "dmg_label": "Destroyed", "confidence": null, "bid": "14"}}, {"type": "Feature", "geometry": {"type": "Polygon", "coordinates": [[[85.36585441771835, 28.250198635106], [85.36601758228166, 28.250198635106], [85.36601758228166, 28.250342364894], [85.36585441771835, 28.250342364894], [85.36585441771835, 28.250198635106]]]}, "properties": {"source": "emsr927", "dmg": 1.0, "dmg_class": 3, "dmg_label": "Destroyed", "confidence": null, "bid": "15"}}, {"type": "Feature", "geometry": {"type": "Polygon", "coordinates": [[[85.3658414172977, 28.250748435106], [85.36600458270229, 28.250748435106], [85.36600458270229, 28.250892164894], [85.3658414172977, 28.250892164894], [85.3658414172977, 28.250748435106]]]}, "properties": {"source": "emsr927", "dmg": 1.0, "dmg_class": 3, "dmg_label": "Destroyed", "confidence": null, "bid": "16"}}, {"type": "Feature", "geometry": {"type": "Polygon", "coordinates": [[[85.36584341724384, 28.250818835106], [85.36600658275617, 28.250818835106], [85.36600658275617, 28.250962564894], [85.36584341724384, 28.250962564894], [85.36584341724384, 28.250818835106]]]}, "properties": {"source": "emsr927", "dmg": 1.0, "dmg_class": 3, "dmg_label": "Destroyed", "confidence": null, "bid": "17"}}, {"type": "Feature", "geometry": {"type": "Polygon", "coordinates": [[[85.3657661170381, 28.251087735106], [85.3659292829619, 28.251087735106], [85.3659292829619, 28.251231464894], [85.3657661170381, 28.251231464894], [85.3657661170381, 28.251087735106]]]}, "properties": {"source": "emsr927", "dmg": 1.0, "dmg_class": 3, "dmg_label": "Destroyed", "confidence": null, "bid": "18"}}, {"type": "Feature", "geometry": {"type": "Polygon", "coordinates": [[[85.36589421679899, 28.251400235106], [85.36605738320101, 28.251400235106], [85.36605738320101, 28.251543964894], [85.36589421679899, 28.251543964894], [85.36589421679899, 28.251400235106]]]}, "properties": {"source": "emsr927", "dmg": 1.0, "dmg_class": 3, "dmg_label": "Destroyed", "confidence": null, "bid": "19"}}, {"type": "Feature", "geometry": {"type": "Polygon", "coordinates": [[[85.36594021648429, 28.251811535106], [85.3661033835157, 28.251811535106], [85.3661033835157, 28.251955264894], [85.36594021648429, 28.251955264894], [85.36594021648429, 28.251811535106]]]}, "properties": {"source": "emsr927", "dmg": 1.0, "dmg_class": 3, "dmg_label": "Destroyed", "confidence": null, "bid": "20"}}, {"type": "Feature", "geometry": {"type": "Polygon", "coordinates": [[[85.3660301173863, 28.250632635106], [85.36619328261371, 28.250632635106], [85.36619328261371, 28.250776364894], [85.3660301173863, 28.250776364894], [85.3660301173863, 28.250632635106]]]}, "properties": {"source": "emsr927", "dmg": 1.0, "dmg_class": 3, "dmg_label": "Destroyed", "confidence": null, "bid": "21"}}, {"type": "Feature", "geometry": {"type": "Polygon", "coordinates": [[[85.36607951728631, 28.250763335106], [85.36624268271369, 28.250763335106], [85.36624268271369, 28.250907064894], [85.36607951728631, 28.250907064894], [85.36607951728631, 28.250763335106]]]}, "properties": {"source": "emsr927", "dmg": 1.0, "dmg_class": 3, "dmg_label": "Destroyed", "confidence": null, "bid": "22"}}, {"type": "Feature", "geometry": {"type": "Polygon", "coordinates": [[[85.3663476170374, 28.251088635106], [85.36651078296259, 28.251088635106], [85.36651078296259, 28.251232364894], [85.3663476170374, 28.251232364894], [85.3663476170374, 28.251088635106]]]}, "properties": {"source": "emsr927", "dmg": 1.0, "dmg_class": 3, "dmg_label": "Destroyed", "confidence": null, "bid": "23"}}, {"type": "Feature", "geometry": {"type": "Polygon", "coordinates": [[[85.36627101696173, 28.251187535106], [85.36643418303827, 28.251187535106], [85.36643418303827, 28.251331264894], [85.36627101696173, 28.251331264894], [85.36627101696173, 28.251187535106]]]}, "properties": {"source": "emsr927", "dmg": 1.0, "dmg_class": 3, "dmg_label": "Destroyed", "confidence": null, "bid": "24"}}, {"type": "Feature", "geometry": {"type": "Polygon", "coordinates": [[[85.36636101687543, 28.251300335106], [85.36652418312457, 28.251300335106], [85.36652418312457, 28.251444064894], [85.36636101687543, 28.251444064894], [85.36636101687543, 28.251300335106]]]}, "properties": {"source": "emsr927", "dmg": 1.0, "dmg_class": 3, "dmg_label": "Destroyed", "confidence": null, "bid": "25"}}, {"type": "Feature", "geometry": {"type": "Polygon", "coordinates": [[[85.36617311686496, 28.251314035106], [85.36633628313504, 28.251314035106], [85.36633628313504, 28.251457764894], [85.36617311686496, 28.251457764894], [85.36617311686496, 28.251314035106]]]}, "properties": {"source": "emsr927", "dmg": 1.0, "dmg_class": 3, "dmg_label": "Destroyed", "confidence": null, "bid": "26"}}, {"type": "Feature", "geometry": {"type": "Polygon", "coordinates": [[[85.36612601679539, 28.251404935106], [85.3662891832046, 28.251404935106], [85.3662891832046, 28.251548664894], [85.36612601679539, 28.251548664894], [85.36612601679539, 28.251404935106]]]}, "properties": {"source": "emsr927", "dmg": 1.0, "dmg_class": 3, "dmg_label": "Destroyed", "confidence": null, "bid": "27"}}, {"type": "Feature", "geometry": {"type": "Polygon", "coordinates": [[[85.36625541676005, 28.251451135106], [85.36641858323995, 28.251451135106], [85.36641858323995, 28.251594864894], [85.36625541676005, 28.251594864894], [85.36625541676005, 28.251451135106]]]}, "properties": {"source": "emsr927", "dmg": 1.0, "dmg_class": 3, "dmg_label": "Destroyed", "confidence": null, "bid": "28"}}, {"type": "Feature", "geometry": {"type": "Polygon", "coordinates": [[[85.36621791672829, 28.251492635106], [85.3663810832717, 28.251492635106], [85.3663810832717, 28.251636364894], [85.36621791672829, 28.251636364894], [85.36621791672829, 28.251492635106]]]}, "properties": {"source": "emsr927", "dmg": 1.0, "dmg_class": 3, "dmg_label": "Destroyed", "confidence": null, "bid": "29"}}, {"type": "Feature", "geometry": {"type": "Polygon", "coordinates": [[[85.36636591670528, 28.251522735106], [85.36652908329474, 28.251522735106], [85.36652908329474, 28.251666464894], [85.36636591670528, 28.251666464894], [85.36636591670528, 28.251522735106]]]}, "properties": {"source": "emsr927", "dmg": 1.0, "dmg_class": 3, "dmg_label": "Destroyed", "confidence": null, "bid": "30"}}, {"type": "Feature", "geometry": {"type": "Polygon", "coordinates": [[[85.36604951664299, 28.251604135106], [85.36621268335702, 28.251604135106], [85.36621268335702, 28.251747864894], [85.36604951664299, 28.251747864894], [85.36604951664299, 28.251604135106]]]}, "properties": {"source": "emsr927", "dmg": 1.0, "dmg_class": 3, "dmg_label": "Destroyed", "confidence": null, "bid": "31"}}, {"type": "Feature", "geometry": {"type": "Polygon", "coordinates": [[[85.36624271662899, 28.251622435106], [85.36640588337102, 28.251622435106], [85.36640588337102, 28.251766164894], [85.36624271662899, 28.251766164894], [85.36624271662899, 28.251622435106]]]}, "properties": {"source": "emsr927", "dmg": 1.0, "dmg_class": 3, "dmg_label": "Destroyed", "confidence": null, "bid": "32"}}, {"type": "Feature", "geometry": {"type": "Polygon", "coordinates": [[[85.36603181654391, 28.251733635106], [85.3661949834561, 28.251733635106], [85.3661949834561, 28.251877364894], [85.36603181654391, 28.251877364894], [85.36603181654391, 28.251733635106]]]}, "properties": {"source": "emsr927", "dmg": 1.0, "dmg_class": 3, "dmg_label": "Destroyed", "confidence": null, "bid": "33"}}, {"type": "Feature", "geometry": {"type": "Polygon", "coordinates": [[[85.36620911653678, 28.251742935105998], [85.3663722834632, 28.251742935105998], [85.3663722834632, 28.251886664894], [85.36620911653678, 28.251886664894], [85.36620911653678, 28.251742935105998]]]}, "properties": {"source": "emsr927", "dmg": 1.0, "dmg_class": 3, "dmg_label": "Destroyed", "confidence": null, "bid": "34"}}, {"type": "Feature", "geometry": {"type": "Polygon", "coordinates": [[[85.36617691649417, 28.251798635106], [85.36634008350583, 28.251798635106], [85.36634008350583, 28.251942364894], [85.36617691649417, 28.251942364894], [85.36617691649417, 28.251798635106]]]}, "properties": {"source": "emsr927", "dmg": 1.0, "dmg_class": 3, "dmg_label": "Destroyed", "confidence": null, "bid": "35"}}, {"type": "Feature", "geometry": {"type": "Polygon", "coordinates": [[[85.36623871638054, 28.251947135106], [85.36640188361946, 28.251947135106], [85.36640188361946, 28.252090864894], [85.36623871638054, 28.252090864894], [85.36623871638054, 28.251947135106]]]}, "properties": {"source": "emsr927", "dmg": 1.0, "dmg_class": 3, "dmg_label": "Destroyed", "confidence": null, "bid": "36"}}, {"type": "Feature", "geometry": {"type": "Polygon", "coordinates": [[[85.36618011637908, 28.251949035106], [85.3663432836209, 28.251949035106], [85.3663432836209, 28.252092764894], [85.36618011637908, 28.252092764894], [85.36618011637908, 28.251949035106]]]}, "properties": {"source": "emsr927", "dmg": 1.0, "dmg_class": 3, "dmg_label": "Destroyed", "confidence": null, "bid": "37"}}, {"type": "Feature", "geometry": {"type": "Polygon", "coordinates": [[[85.36608821633416, 28.252007735105998], [85.36625138366583, 28.252007735105998], [85.36625138366583, 28.252151464894], [85.36608821633416, 28.252151464894], [85.36608821633416, 28.252007735105998]]]}, "properties": {"source": "emsr927", "dmg": 1.0, "dmg_class": 3, "dmg_label": "Destroyed", "confidence": null, "bid": "38"}}, {"type": "Feature", "geometry": {"type": "Polygon", "coordinates": [[[85.36631821627954, 28.252079135106], [85.36648138372045, 28.252079135106], [85.36648138372045, 28.252222864894], [85.36631821627954, 28.252222864894], [85.36631821627954, 28.252079135106]]]}, "properties": {"source": "emsr927", "dmg": 1.0, "dmg_class": 3, "dmg_label": "Destroyed", "confidence": null, "bid": "39"}}, {"type": "Feature", "geometry": {"type": "Polygon", "coordinates": [[[85.36603251623892, 28.252132235106], [85.36619568376109, 28.252132235106], [85.36619568376109, 28.252275964894], [85.36603251623892, 28.252275964894], [85.36603251623892, 28.252132235106]]]}, "properties": {"source": "emsr927", "dmg": 1.0, "dmg_class": 3, "dmg_label": "Destroyed", "confidence": null, "bid": "40"}}, {"type": "Feature", "geometry": {"type": "Polygon", "coordinates": [[[85.36588541643349, 28.251877935106], [85.36604858356651, 28.251877935106], [85.36604858356651, 28.252021664894], [85.36588541643349, 28.252021664894], [85.36588541643349, 28.251877935106]]]}, "properties": {"source": "emsr927", "dmg": 1.0, "dmg_class": 3, "dmg_label": "Destroyed", "confidence": null, "bid": "41"}}, {"type": "Feature", "geometry": {"type": "Polygon", "coordinates": [[[85.3656810164217, 28.251893335106], [85.36584418357829, 28.251893335106], [85.36584418357829, 28.252037064894], [85.3656810164217, 28.252037064894], [85.3656810164217, 28.251893335106]]]}, "properties": {"source": "emsr927", "dmg": 1.0, "dmg_class": 3, "dmg_label": "Destroyed", "confidence": null, "bid": "42"}}, {"type": "Feature", "geometry": {"type": "Polygon", "coordinates": [[[85.3659410163311, 28.252011735106], [85.36610418366888, 28.252011735106], [85.36610418366888, 28.252155464894], [85.3659410163311, 28.252155464894], [85.3659410163311, 28.252011735106]]]}, "properties": {"source": "emsr927", "dmg": 1.0, "dmg_class": 3, "dmg_label": "Destroyed", "confidence": null, "bid": "43"}}, {"type": "Feature", "geometry": {"type": "Polygon", "coordinates": [[[85.36585461632812, 28.252015635105998], [85.36601778367186, 28.252015635105998], [85.36601778367186, 28.252159364894], [85.36585461632812, 28.252159364894], [85.36585461632812, 28.252015635105998]]]}, "properties": {"source": "emsr927", "dmg": 1.0, "dmg_class": 3, "dmg_label": "Destroyed", "confidence": null, "bid": "44"}}, {"type": "Feature", "geometry": {"type": "Polygon", "coordinates": [[[85.36589961624686, 28.252121835106], [85.36606278375312, 28.252121835106], [85.36606278375312, 28.252265564894], [85.36589961624686, 28.252265564894], [85.36589961624686, 28.252121835106]]]}, "properties": {"source": "emsr927", "dmg": 1.0, "dmg_class": 3, "dmg_label": "Destroyed", "confidence": null, "bid": "45"}}, {"type": "Feature", "geometry": {"type": "Polygon", "coordinates": [[[85.36446881621893, 28.252158335106], [85.36463198378107, 28.252158335106], [85.36463198378107, 28.252302064894], [85.36446881621893, 28.252302064894], [85.36446881621893, 28.252158335106]]]}, "properties": {"source": "emsr927", "dmg": 1.0, "dmg_class": 3, "dmg_label": "Destroyed", "confidence": null, "bid": "46"}}, {"type": "Feature", "geometry": {"type": "Polygon", "coordinates": [[[85.36601361618314, 28.252205135106], [85.36617678381687, 28.252205135106], [85.36617678381687, 28.252348864894], [85.36601361618314, 28.252348864894], [85.36601361618314, 28.252205135106]]]}, "properties": {"source": "emsr927", "dmg": 1.0, "dmg_class": 3, "dmg_label": "Destroyed", "confidence": null, "bid": "47"}}, {"type": "Feature", "geometry": {"type": "Polygon", "coordinates": [[[85.36581421617532, 28.252215335106], [85.36597738382468, 28.252215335106], [85.36597738382468, 28.252359064894], [85.36581421617532, 28.252359064894], [85.36581421617532, 28.252215335106]]]}, "properties": {"source": "emsr927", "dmg": 1.0, "dmg_class": 3, "dmg_label": "Destroyed", "confidence": null, "bid": "48"}}, {"type": "Feature", "geometry": {"type": "Polygon", "coordinates": [[[85.3658715161516, 28.252246335106], [85.3660346838484, 28.252246335106], [85.3660346838484, 28.252390064894], [85.3658715161516, 28.252390064894], [85.3658715161516, 28.252246335106]]]}, "properties": {"source": "emsr927", "dmg": 1.0, "dmg_class": 3, "dmg_label": "Destroyed", "confidence": null, "bid": "49"}}, {"type": "Feature", "geometry": {"type": "Polygon", "coordinates": [[[85.36443181614763, 28.252251535106], [85.36459498385238, 28.252251535106], [85.36459498385238, 28.252395264894], [85.36443181614763, 28.252395264894], [85.36443181614763, 28.252251535106]]]}, "properties": {"source": "emsr927", "dmg": 1.0, "dmg_class": 3, "dmg_label": "Destroyed", "confidence": null, "bid": "50"}}, {"type": "Feature", "geometry": {"type": "Polygon", "coordinates": [[[85.36591611606406, 28.252360735106], [85.36607928393593, 28.252360735106], [85.36607928393593, 28.252504464894], [85.36591611606406, 28.252504464894], [85.36591611606406, 28.252360735106]]]}, "properties": {"source": "emsr927", "dmg": 1.0, "dmg_class": 3, "dmg_label": "Destroyed", "confidence": null, "bid": "51"}}, {"type": "Feature", "geometry": {"type": "Polygon", "coordinates": [[[85.3639906160633, 28.252361735106], [85.36415378393669, 28.252361735106], [85.36415378393669, 28.252505464894], [85.3639906160633, 28.252505464894], [85.3639906160633, 28.252361735106]]]}, "properties": {"source": "emsr927", "dmg": 1.0, "dmg_class": 3, "dmg_label": "Destroyed", "confidence": null, "bid": "52"}}, {"type": "Feature", "geometry": {"type": "Polygon", "coordinates": [[[85.36579031605764, 28.252369135106], [85.36595348394236, 28.252369135106], [85.36595348394236, 28.252512864894], [85.36579031605764, 28.252512864894], [85.36579031605764, 28.252369135106]]]}, "properties": {"source": "emsr927", "dmg": 1.0, "dmg_class": 3, "dmg_label": "Destroyed", "confidence": null, "bid": "53"}}, {"type": "Feature", "geometry": {"type": "Polygon", "coordinates": [[[85.36558811604708, 28.252382935106], [85.36575128395292, 28.252382935106], [85.36575128395292, 28.252526664894], [85.36558811604708, 28.252526664894], [85.36558811604708, 28.252382935106]]]}, "properties": {"source": "emsr927", "dmg": 1.0, "dmg_class": 3, "dmg_label": "Destroyed", "confidence": null, "bid": "54"}}, {"type": "Feature", "geometry": {"type": "Polygon", "coordinates": [[[85.36434961601479, 28.252425135106], [85.3645127839852, 28.252425135106], [85.3645127839852, 28.252568864894002], [85.36434961601479, 28.252568864894002], [85.36434961601479, 28.252425135106]]]}, "properties": {"source": "emsr927", "dmg": 1.0, "dmg_class": 3, "dmg_label": "Destroyed", "confidence": null, "bid": "55"}}, {"type": "Feature", "geometry": {"type": "Polygon", "coordinates": [[[85.36591051600064, 28.252443635106], [85.36607368399936, 28.252443635106], [85.36607368399936, 28.252587364894], [85.36591051600064, 28.252587364894], [85.36591051600064, 28.252443635106]]]}, "properties": {"source": "emsr927", "dmg": 1.0, "dmg_class": 3, "dmg_label": "Destroyed", "confidence": null, "bid": "56"}}, {"type": "Feature", "geometry": {"type": "Polygon", "coordinates": [[[85.36448051588226, 28.252598335106], [85.36464368411774, 28.252598335106], [85.36464368411774, 28.252742064894], [85.36448051588226, 28.252742064894], [85.36448051588226, 28.252598335106]]]}, "properties": {"source": "emsr927", "dmg": 1.0, "dmg_class": 3, "dmg_label": "Destroyed", "confidence": null, "bid": "57"}}, {"type": "Feature", "geometry": {"type": "Polygon", "coordinates": [[[85.36592191583138, 28.252664835106], [85.36608508416863, 28.252664835106], [85.36608508416863, 28.252808564894], [85.36592191583138, 28.252808564894], [85.36592191583138, 28.252664835106]]]}, "properties": {"source": "emsr927", "dmg": 1.0, "dmg_class": 3, "dmg_label": "Destroyed", "confidence": null, "bid": "58"}}, {"type": "Feature", "geometry": {"type": "Polygon", "coordinates": [[[85.3644942158209, 28.252678535106], [85.3646573841791, 28.252678535106], [85.3646573841791, 28.252822264894], [85.3644942158209, 28.252822264894], [85.3644942158209, 28.252678535106]]]}, "properties": {"source": "emsr927", "dmg": 1.0, "dmg_class": 3, "dmg_label": "Destroyed", "confidence": null, "bid": "59"}}, {"type": "Feature", "geometry": {"type": "Polygon", "coordinates": [[[85.36598251579993, 28.252705935106], [85.36614568420008, 28.252705935106], [85.36614568420008, 28.252849664894], [85.36598251579993, 28.252849664894], [85.36598251579993, 28.252705935106]]]}, "properties": {"source": "emsr927", "dmg": 1.0, "dmg_class": 3, "dmg_label": "Destroyed", "confidence": null, "bid": "60"}}, {"type": "Feature", "geometry": {"type": "Polygon", "coordinates": [[[85.36618791623096, 28.252142635106], [85.36635108376905, 28.252142635106], [85.36635108376905, 28.252286364894], [85.36618791623096, 28.252286364894], [85.36618791623096, 28.252142635106]]]}, "properties": {"source": "emsr927", "dmg": 1.0, "dmg_class": 3, "dmg_label": "Destroyed", "confidence": null, "bid": "61"}}, {"type": "Feature", "geometry": {"type": "Polygon", "coordinates": [[[85.36627001622345, 28.252152435106], [85.36643318377655, 28.252152435106], [85.36643318377655, 28.252296164894002], [85.36627001622345, 28.252296164894002], [85.36627001622345, 28.252152435106]]]}, "properties": {"source": "emsr927", "dmg": 1.0, "dmg_class": 3, "dmg_label": "Destroyed", "confidence": null, "bid": "62"}}, {"type": "Feature", "geometry": {"type": "Polygon", "coordinates": [[[85.36625641618757, 28.252199335106], [85.36641958381243, 28.252199335106], [85.36641958381243, 28.252343064894], [85.36625641618757, 28.252343064894], [85.36625641618757, 28.252199335106]]]}, "properties": {"source": "emsr927", "dmg": 1.0, "dmg_class": 3, "dmg_label": "Destroyed", "confidence": null, "bid": "63"}}, {"type": "Feature", "geometry": {"type": "Polygon", "coordinates": [[[85.36603991610731, 28.252304235106], [85.3662030838927, 28.252304235106], [85.3662030838927, 28.252447964894], [85.36603991610731, 28.252447964894], [85.36603991610731, 28.252304235106]]]}, "properties": {"source": "emsr927", "dmg": 1.0, "dmg_class": 3, "dmg_label": "Destroyed", "confidence": null, "bid": "64"}}, {"type": "Feature", "geometry": {"type": "Polygon", "coordinates": [[[85.36605861602366, 28.252413535106], [85.36622178397634, 28.252413535106], [85.36622178397634, 28.252557264894], [85.36605861602366, 28.252557264894], [85.36605861602366, 28.252413535106]]]}, "properties": {"source": "emsr927", "dmg": 1.0, "dmg_class": 3, "dmg_label": "Destroyed", "confidence": null, "bid": "65"}}, {"type": "Feature", "geometry": {"type": "Polygon", "coordinates": [[[85.3660862158538, 28.252635535106], [85.3662493841462, 28.252635535106], [85.3662493841462, 28.252779264894], [85.3660862158538, 28.252779264894], [85.3660862158538, 28.252635535106]]]}, "properties": {"source": "emsr927", "dmg": 1.0, "dmg_class": 3, "dmg_label": "Destroyed", "confidence": null, "bid": "66"}}, {"type": "Feature", "geometry": {"type": "Polygon", "coordinates": [[[85.366164415773, 28.252741135106], [85.36632758422701, 28.252741135106], [85.36632758422701, 28.252884864894], [85.366164415773, 28.252884864894], [85.366164415773, 28.252741135106]]]}, "properties": {"source": "emsr927", "dmg": 1.0, "dmg_class": 3, "dmg_label": "Destroyed", "confidence": null, "bid": "67"}}, {"type": "Feature", "geometry": {"type": "Polygon", "coordinates": [[[85.36637321575654, 28.252762635106], [85.36653638424346, 28.252762635106], [85.36653638424346, 28.252906364894], [85.36637321575654, 28.252906364894], [85.36637321575654, 28.252762635106]]]}, "properties": {"source": "emsr927", "dmg": 1.0, "dmg_class": 3, "dmg_label": "Destroyed", "confidence": null, "bid": "68"}}, {"type": "Feature", "geometry": {"type": "Polygon", "coordinates": [[[85.36618561565905, 28.252890035106], [85.36634878434094, 28.252890035106], [85.36634878434094, 28.253033764894], [85.36618561565905, 28.253033764894], [85.36618561565905, 28.252890035106]]]}, "properties": {"source": "emsr927", "dmg": 1.0, "dmg_class": 3, "dmg_label": "Destroyed", "confidence": null, "bid": "69"}}, {"type": "Feature", "geometry": {"type": "Polygon", "coordinates": [[[85.36618071554237, 28.253042535106], [85.36634388445763, 28.253042535106], [85.36634388445763, 28.253186264894], [85.36618071554237, 28.253186264894], [85.36618071554237, 28.253042535106]]]}, "properties": {"source": "emsr927", "dmg": 1.0, "dmg_class": 3, "dmg_label": "Destroyed", "confidence": null, "bid": "70"}}, {"type": "Feature", "geometry": {"type": "Polygon", "coordinates": [[[85.36454311577, 28.252745035106], [85.36470628422998, 28.252745035106], [85.36470628422998, 28.252888764894], [85.36454311577, 28.252888764894], [85.36454311577, 28.252745035106]]]}, "properties": {"source": "emsr927", "dmg": 1.0, "dmg_class": 3, "dmg_label": "Destroyed", "confidence": null, "bid": "71"}}, {"type": "Feature", "geometry": {"type": "Polygon", "coordinates": [[[85.36595001574935, 28.252772035106], [85.36611318425065, 28.252772035106], [85.36611318425065, 28.252915764894], [85.36595001574935, 28.252915764894], [85.36595001574935, 28.252772035106]]]}, "properties": {"source": "emsr927", "dmg": 1.0, "dmg_class": 3, "dmg_label": "Destroyed", "confidence": null, "bid": "72"}}, {"type": "Feature", "geometry": {"type": "Polygon", "coordinates": [[[85.36455091571912, 28.252811535106], [85.36471408428088, 28.252811535106], [85.36471408428088, 28.252955264894002], [85.36455091571912, 28.252955264894002], [85.36455091571912, 28.252811535106]]]}, "properties": {"source": "emsr927", "dmg": 1.0, "dmg_class": 3, "dmg_label": "Destroyed", "confidence": null, "bid": "73"}}, {"type": "Feature", "geometry": {"type": "Polygon", "coordinates": [[[85.3658245156661, 28.252880835106], [85.3659876843339, 28.252880835106], [85.3659876843339, 28.253024564894], [85.3658245156661, 28.253024564894], [85.3658245156661, 28.252880835106]]]}, "properties": {"source": "emsr927", "dmg": 1.0, "dmg_class": 3, "dmg_label": "Destroyed", "confidence": null, "bid": "74"}}, {"type": "Feature", "geometry": {"type": "Polygon", "coordinates": [[[85.36453331566075, 28.252887835106], [85.36469648433926, 28.252887835106], [85.36469648433926, 28.253031564894002], [85.36453331566075, 28.253031564894002], [85.36453331566075, 28.252887835106]]]}, "properties": {"source": "emsr927", "dmg": 1.0, "dmg_class": 3, "dmg_label": "Destroyed", "confidence": null, "bid": "75"}}, {"type": "Feature", "geometry": {"type": "Polygon", "coordinates": [[[85.36559431559118, 28.252978735106], [85.36575748440882, 28.252978735106], [85.36575748440882, 28.253122464894002], [85.36559431559118, 28.253122464894002], [85.36559431559118, 28.252978735106]]]}, "properties": {"source": "emsr927", "dmg": 1.0, "dmg_class": 3, "dmg_label": "Destroyed", "confidence": null, "bid": "76"}}, {"type": "Feature", "geometry": {"type": "Polygon", "coordinates": [[[85.36459201559042, 28.252979735106], [85.36475518440959, 28.252979735106], [85.36475518440959, 28.253123464894], [85.36459201559042, 28.253123464894], [85.36459201559042, 28.252979735106]]]}, "properties": {"source": "emsr927", "dmg": 1.0, "dmg_class": 3, "dmg_label": "Destroyed", "confidence": null, "bid": "77"}}, {"type": "Feature", "geometry": {"type": "Polygon", "coordinates": [[[85.3660183154943, 28.253105335106], [85.36618148450569, 28.253105335106], [85.36618148450569, 28.253249064894], [85.3660183154943, 28.253249064894], [85.3660183154943, 28.253105335106]]]}, "properties": {"source": "emsr927", "dmg": 1.0, "dmg_class": 3, "dmg_label": "Destroyed", "confidence": null, "bid": "78"}}, {"type": "Feature", "geometry": {"type": "Polygon", "coordinates": [[[85.36588241549019, 28.253110735106], [85.36604558450982, 28.253110735106], [85.36604558450982, 28.253254464894], [85.36588241549019, 28.253254464894], [85.36588241549019, 28.253110735106]]]}, "properties": {"source": "emsr927", "dmg": 1.0, "dmg_class": 3, "dmg_label": "Destroyed", "confidence": null, "bid": "79"}}, {"type": "Feature", "geometry": {"type": "Polygon", "coordinates": [[[85.36449081541848, 28.253204435106], [85.36465398458152, 28.253204435106], [85.36465398458152, 28.253348164894], [85.36449081541848, 28.253348164894], [85.36449081541848, 28.253204435106]]]}, "properties": {"source": "emsr927", "dmg": 1.0, "dmg_class": 3, "dmg_label": "Destroyed", "confidence": null, "bid": "80"}}, {"type": "Feature", "geometry": {"type": "Polygon", "coordinates": [[[85.36633521542788, 28.253192135106], [85.36649838457211, 28.253192135106], [85.36649838457211, 28.253335864894], [85.36633521542788, 28.253335864894], [85.36633521542788, 28.253192135106]]]}, "properties": {"source": "emsr927", "dmg": 1.0, "dmg_class": 3, "dmg_label": "Destroyed", "confidence": null, "bid": "81"}}, {"type": "Feature", "geometry": {"type": "Polygon", "coordinates": [[[85.36622471542117, 28.253200935106], [85.36638788457884, 28.253200935106], [85.36638788457884, 28.253344664894], [85.36622471542117, 28.253344664894], [85.36622471542117, 28.253200935106]]]}, "properties": {"source": "emsr927", "dmg": 1.0, "dmg_class": 3, "dmg_label": "Destroyed", "confidence": null, "bid": "82"}}, {"type": "Feature", "geometry": {"type": "Polygon", "coordinates": [[[85.36630151536629, 28.253272635106], [85.3664646846337, 28.253272635106], [85.3664646846337, 28.253416364894], [85.36630151536629, 28.253416364894], [85.36630151536629, 28.253272635106]]]}, "properties": {"source": "emsr927", "dmg": 1.0, "dmg_class": 3, "dmg_label": "Destroyed", "confidence": null, "bid": "83"}}, {"type": "Feature", "geometry": {"type": "Polygon", "coordinates": [[[85.36612011535054, 28.253293235106], [85.36628328464947, 28.253293235106], [85.36628328464947, 28.253436964894], [85.36612011535054, 28.253436964894], [85.36612011535054, 28.253293235106]]]}, "properties": {"source": "emsr927", "dmg": 1.0, "dmg_class": 3, "dmg_label": "Destroyed", "confidence": null, "bid": "84"}}, {"type": "Feature", "geometry": {"type": "Polygon", "coordinates": [[[85.36602361532857, 28.253321935106], [85.36618678467144, 28.253321935106], [85.36618678467144, 28.253465664894], [85.36602361532857, 28.253465664894], [85.36602361532857, 28.253321935106]]]}, "properties": {"source": "emsr927", "dmg": 1.0, "dmg_class": 3, "dmg_label": "Destroyed", "confidence": null, "bid": "85"}}, {"type": "Feature", "geometry": {"type": "Polygon", "coordinates": [[[85.36621461527913, 28.253386535106], [85.36637778472085, 28.253386535106], [85.36637778472085, 28.253530264894], [85.36621461527913, 28.253530264894], [85.36621461527913, 28.253386535106]]]}, "properties": {"source": "emsr927", "dmg": 1.0, "dmg_class": 3, "dmg_label": "Destroyed", "confidence": null, "bid": "86"}}, {"type": "Feature", "geometry": {"type": "Polygon", "coordinates": [[[85.3663668152545, 28.253418735106], [85.3665299847455, 28.253418735106], [85.3665299847455, 28.253562464894], [85.3663668152545, 28.253562464894], [85.3663668152545, 28.253418735106]]]}, "properties": {"source": "emsr927", "dmg": 1.0, "dmg_class": 3, "dmg_label": "Destroyed", "confidence": null, "bid": "87"}}, {"type": "Feature", "geometry": {"type": "Polygon", "coordinates": [[[85.36611621524102, 28.253436335106], [85.36627938475897, 28.253436335106], [85.36627938475897, 28.253580064894], [85.36611621524102, 28.253580064894], [85.36611621524102, 28.253436335106]]]}, "properties": {"source": "emsr927", "dmg": 1.0, "dmg_class": 3, "dmg_label": "Destroyed", "confidence": null, "bid": "88"}}, {"type": "Feature", "geometry": {"type": "Polygon", "coordinates": [[[85.36621281523949, 28.253438335106], [85.36637598476051, 28.253438335106], [85.36637598476051, 28.253582064894], [85.36621281523949, 28.253582064894], [85.36621281523949, 28.253438335106]]]}, "properties": {"source": "emsr927", "dmg": 1.0, "dmg_class": 3, "dmg_label": "Destroyed", "confidence": null, "bid": "89"}}, {"type": "Feature", "geometry": {"type": "Polygon", "coordinates": [[[85.36606791519795, 28.253492635106], [85.36623108480207, 28.253492635106], [85.36623108480207, 28.253636364894], [85.36606791519795, 28.253636364894], [85.36606791519795, 28.253492635106]]]}, "properties": {"source": "emsr927", "dmg": 1.0, "dmg_class": 3, "dmg_label": "Destroyed", "confidence": null, "bid": "90"}}, {"type": "Feature", "geometry": {"type": "Polygon", "coordinates": [[[85.36625011516796, 28.253531835106], [85.36641328483205, 28.253531835106], [85.36641328483205, 28.253675564894], [85.36625011516796, 28.253675564894], [85.36625011516796, 28.253531835106]]]}, "properties": {"source": "emsr927", "dmg": 1.0, "dmg_class": 3, "dmg_label": "Destroyed", "confidence": null, "bid": "91"}}, {"type": "Feature", "geometry": {"type": "Polygon", "coordinates": [[[85.36632811516412, 28.253536835106], [85.36649128483589, 28.253536835106], [85.36649128483589, 28.253680564894], [85.36632811516412, 28.253680564894], [85.36632811516412, 28.253536835106]]]}, "properties": {"source": "emsr927", "dmg": 1.0, "dmg_class": 3, "dmg_label": "Destroyed", "confidence": null, "bid": "92"}}, {"type": "Feature", "geometry": {"type": "Polygon", "coordinates": [[[85.36633591510872, 28.253609235106], [85.36649908489127, 28.253609235106], [85.36649908489127, 28.253752964894], [85.36633591510872, 28.253752964894], [85.36633591510872, 28.253609235106]]]}, "properties": {"source": "emsr927", "dmg": 1.0, "dmg_class": 3, "dmg_label": "Destroyed", "confidence": null, "bid": "93"}}, {"type": "Feature", "geometry": {"type": "Polygon", "coordinates": [[[85.36613671508844, 28.253635735106], [85.36629988491156, 28.253635735106], [85.36629988491156, 28.253779464894], [85.36613671508844, 28.253779464894], [85.36613671508844, 28.253635735106]]]}, "properties": {"source": "emsr927", "dmg": 1.0, "dmg_class": 3, "dmg_label": "Destroyed", "confidence": null, "bid": "94"}}, {"type": "Feature", "geometry": {"type": "Polygon", "coordinates": [[[85.36605651507391, 28.253654735106], [85.3662196849261, 28.253654735106], [85.3662196849261, 28.253798464894], [85.36605651507391, 28.253798464894], [85.36605651507391, 28.253654735106]]]}, "properties": {"source": "emsr927", "dmg": 1.0, "dmg_class": 3, "dmg_label": "Destroyed", "confidence": null, "bid": "95"}}, {"type": "Feature", "geometry": {"type": "Polygon", "coordinates": [[[85.3661260150028, 28.253747635106], [85.36628918499719, 28.253747635106], [85.36628918499719, 28.253891364894], [85.3661260150028, 28.253891364894], [85.3661260150028, 28.253747635106]]]}, "properties": {"source": "emsr927", "dmg": 1.0, "dmg_class": 3, "dmg_label": "Destroyed", "confidence": null, "bid": "96"}}, {"type": "Feature", "geometry": {"type": "Polygon", "coordinates": [[[85.36635671496539, 28.253796535106], [85.3665198850346, 28.253796535106], [85.3665198850346, 28.253940264894002], [85.36635671496539, 28.253940264894002], [85.36635671496539, 28.253796535106]]]}, "properties": {"source": "emsr927", "dmg": 1.0, "dmg_class": 3, "dmg_label": "Destroyed", "confidence": null, "bid": "97"}}, {"type": "Feature", "geometry": {"type": "Polygon", "coordinates": [[[85.36603951496141, 28.253801735106], [85.36620268503859, 28.253801735106], [85.36620268503859, 28.253945464894], [85.36603951496141, 28.253945464894], [85.36603951496141, 28.253801735106]]]}, "properties": {"source": "emsr927", "dmg": 1.0, "dmg_class": 3, "dmg_label": "Destroyed", "confidence": null, "bid": "98"}}, {"type": "Feature", "geometry": {"type": "Polygon", "coordinates": [[[85.36615271492653, 28.253847335106], [85.36631588507348, 28.253847335106], [85.36631588507348, 28.253991064894], [85.36615271492653, 28.253991064894], [85.36615271492653, 28.253847335106]]]}, "properties": {"source": "emsr927", "dmg": 1.0, "dmg_class": 3, "dmg_label": "Destroyed", "confidence": null, "bid": "99"}}, {"type": "Feature", "geometry": {"type": "Polygon", "coordinates": [[[85.36622531490747, 28.253872235105998], [85.36638848509253, 28.253872235105998], [85.36638848509253, 28.254015964894], [85.36622531490747, 28.254015964894], [85.36622531490747, 28.253872235105998]]]}, "properties": {"source": "emsr927", "dmg": 1.0, "dmg_class": 3, "dmg_label": "Destroyed", "confidence": null, "bid": "100"}}, {"type": "Feature", "geometry": {"type": "Polygon", "coordinates": [[[85.3664516170306, 28.251097535106], [85.3666147829694, 28.251097535106], [85.3666147829694, 28.251241264894], [85.3664516170306, 28.251241264894], [85.3664516170306, 28.251097535106]]]}, "properties": {"source": "emsr927", "dmg": 1.0, "dmg_class": 3, "dmg_label": "Destroyed", "confidence": null, "bid": "101"}}, {"type": "Feature", "geometry": {"type": "Polygon", "coordinates": [[[85.36646181636905, 28.251962135105998], [85.36662498363094, 28.251962135105998], [85.36662498363094, 28.252105864894], [85.36646181636905, 28.252105864894], [85.36646181636905, 28.251962135105998]]]}, "properties": {"source": "emsr927", "dmg": 1.0, "dmg_class": 3, "dmg_label": "Destroyed", "confidence": null, "bid": "102"}}, {"type": "Feature", "geometry": {"type": "Polygon", "coordinates": [[[85.36659341635499, 28.251980535106], [85.36675658364501, 28.251980535106], [85.36675658364501, 28.252124264894], [85.36659341635499, 28.252124264894], [85.36659341635499, 28.251980535106]]]}, "properties": {"source": "emsr927", "dmg": 1.0, "dmg_class": 3, "dmg_label": "Destroyed", "confidence": null, "bid": "103"}}, {"type": "Feature", "geometry": {"type": "Polygon", "coordinates": [[[85.36664821633173, 28.252010935106], [85.36681138366828, 28.252010935106], [85.36681138366828, 28.252154664894], [85.36664821633173, 28.252154664894], [85.36664821633173, 28.252010935106]]]}, "properties": {"source": "emsr927", "dmg": 1.0, "dmg_class": 3, "dmg_label": "Destroyed", "confidence": null, "bid": "104"}}, {"type": "Feature", "geometry": {"type": "Polygon", "coordinates": [[[85.36661631631497, 28.252032835106], [85.36677948368504, 28.252032835106], [85.36677948368504, 28.252176564894], [85.36661631631497, 28.252176564894], [85.36661631631497, 28.252032835106]]]}, "properties": {"source": "emsr927", "dmg": 1.0, "dmg_class": 3, "dmg_label": "Destroyed", "confidence": null, "bid": "105"}}, {"type": "Feature", "geometry": {"type": "Polygon", "coordinates": [[[85.3665543163093, 28.252040235106], [85.3667174836907, 28.252040235106], [85.3667174836907, 28.252183964894], [85.3665543163093, 28.252183964894], [85.3665543163093, 28.252040235106]]]}, "properties": {"source": "emsr927", "dmg": 1.0, "dmg_class": 3, "dmg_label": "Destroyed", "confidence": null, "bid": "106"}}, {"type": "Feature", "geometry": {"type": "Polygon", "coordinates": [[[85.36659341627939, 28.252079335106], [85.36675658372062, 28.252079335106], [85.36675658372062, 28.252223064894], [85.36659341627939, 28.252223064894], [85.36659341627939, 28.252079335106]]]}, "properties": {"source": "emsr927", "dmg": 1.0, "dmg_class": 3, "dmg_label": "Destroyed", "confidence": null, "bid": "107"}}, {"type": "Feature", "geometry": {"type": "Polygon", "coordinates": [[[85.3666364162764, 28.252083235106], [85.3667995837236, 28.252083235106], [85.3667995837236, 28.252226964894], [85.3666364162764, 28.252226964894], [85.3666364162764, 28.252083235106]]]}, "properties": {"source": "emsr927", "dmg": 1.0, "dmg_class": 3, "dmg_label": "Destroyed", "confidence": null, "bid": "108"}}, {"type": "Feature", "geometry": {"type": "Polygon", "coordinates": [[[85.36657581610577, 28.252306235106], [85.36673898389422, 28.252306235106], [85.36673898389422, 28.252449964894], [85.36657581610577, 28.252449964894], [85.36657581610577, 28.252306235106]]]}, "properties": {"source": "emsr927", "dmg": 1.0, "dmg_class": 3, "dmg_label": "Destroyed", "confidence": null, "bid": "109"}}, {"type": "Feature", "geometry": {"type": "Polygon", "coordinates": [[[85.3666357159581, 28.252499235106], [85.36679888404191, 28.252499235106], [85.36679888404191, 28.252642964894], [85.3666357159581, 28.252642964894], [85.3666357159581, 28.252499235106]]]}, "properties": {"source": "emsr927", "dmg": 1.0, "dmg_class": 3, "dmg_label": "Destroyed", "confidence": null, "bid": "110"}}, {"type": "Feature", "geometry": {"type": "Polygon", "coordinates": [[[85.36670141641007, 28.251908535106], [85.36686458358993, 28.251908535106], [85.36686458358993, 28.252052264894], [85.36670141641007, 28.252052264894], [85.36670141641007, 28.251908535106]]]}, "properties": {"source": "emsr927", "dmg": 1.0, "dmg_class": 3, "dmg_label": "Destroyed", "confidence": null, "bid": "111"}}, {"type": "Feature", "geometry": {"type": "Polygon", "coordinates": [[[85.3668926162018, 28.252180735106], [85.36705578379821, 28.252180735106], [85.36705578379821, 28.252324464894], [85.3668926162018, 28.252324464894], [85.3668926162018, 28.252180735106]]]}, "properties": {"source": "emsr927", "dmg": 0.66, "dmg_class": 2, "dmg_label": "Damaged", "confidence": null, "bid": "112"}}, {"type": "Feature", "geometry": {"type": "Polygon", "coordinates": [[[85.36686241607609, 28.252345035106], [85.36702558392392, 28.252345035106], [85.36702558392392, 28.252488764894], [85.36686241607609, 28.252488764894], [85.36686241607609, 28.252345035106]]]}, "properties": {"source": "emsr927", "dmg": 1.0, "dmg_class": 3, "dmg_label": "Destroyed", "confidence": null, "bid": "113"}}, {"type": "Feature", "geometry": {"type": "Polygon", "coordinates": [[[85.3666895158779, 28.252604035106], [85.3668526841221, 28.252604035106], [85.3668526841221, 28.252747764894], [85.3666895158779, 28.252747764894], [85.3666895158779, 28.252604035106]]]}, "properties": {"source": "emsr927", "dmg": 1.0, "dmg_class": 3, "dmg_label": "Destroyed", "confidence": null, "bid": "114"}}, {"type": "Feature", "geometry": {"type": "Polygon", "coordinates": [[[85.36693591583452, 28.252660735106], [85.36709908416549, 28.252660735106], [85.36709908416549, 28.252804464894], [85.36693591583452, 28.252804464894], [85.36693591583452, 28.252660735106]]]}, "properties": {"source": "emsr927", "dmg": 0.33, "dmg_class": 1, "dmg_label": "Possibly damaged", "confidence": null, "bid": "115"}}, {"type": "Feature", "geometry": {"type": "Polygon", "coordinates": [[[85.36686561581362, 28.252688035106], [85.36702878418637, 28.252688035106], [85.36702878418637, 28.252831764894], [85.36686561581362, 28.252831764894], [85.36686561581362, 28.252688035106]]]}, "properties": {"source": "emsr927", "dmg": 0.66, "dmg_class": 2, "dmg_label": "Damaged", "confidence": null, "bid": "116"}}, {"type": "Feature", "geometry": {"type": "Polygon", "coordinates": [[[85.36686221575188, 28.252768735106], [85.36702538424812, 28.252768735106], [85.36702538424812, 28.252912464894], [85.36686221575188, 28.252912464894], [85.36686221575188, 28.252768735106]]]}, "properties": {"source": "emsr927", "dmg": 0.66, "dmg_class": 2, "dmg_label": "Damaged", "confidence": null, "bid": "117"}}, {"type": "Feature", "geometry": {"type": "Polygon", "coordinates": [[[85.3668280157, 28.252836535106], [85.3669911843, 28.252836535106], [85.3669911843, 28.252980264894], [85.3668280157, 28.252980264894], [85.3668280157, 28.252836535106]]]}, "properties": {"source": "emsr927", "dmg": 0.66, "dmg_class": 2, "dmg_label": "Damaged", "confidence": null, "bid": "118"}}, {"type": "Feature", "geometry": {"type": "Polygon", "coordinates": [[[85.36692591562982, 28.252928235106], [85.36708908437018, 28.252928235106], [85.36708908437018, 28.253071964894], [85.36692591562982, 28.253071964894], [85.36692591562982, 28.252928235106]]]}, "properties": {"source": "emsr927", "dmg": 0.33, "dmg_class": 1, "dmg_label": "Possibly damaged", "confidence": null, "bid": "119"}}, {"type": "Feature", "geometry": {"type": "Polygon", "coordinates": [[[85.36686541537853, 28.253256635106], [85.36702858462147, 28.253256635106], [85.36702858462147, 28.253400364894], [85.36686541537853, 28.253400364894], [85.36686541537853, 28.253256635106]]]}, "properties": {"source": "emsr927", "dmg": 0.66, "dmg_class": 2, "dmg_label": "Damaged", "confidence": null, "bid": "120"}}, {"type": "Feature", "geometry": {"type": "Polygon", "coordinates": [[[85.36640481589129, 28.252586535106], [85.36656798410871, 28.252586535106], [85.36656798410871, 28.252730264894], [85.36640481589129, 28.252730264894], [85.36640481589129, 28.252586535106]]]}, "properties": {"source": "emsr927", "dmg": 1.0, "dmg_class": 3, "dmg_label": "Destroyed", "confidence": null, "bid": "121"}}, {"type": "Feature", "geometry": {"type": "Polygon", "coordinates": [[[85.3665563158694, 28.252615135106], [85.3667194841306, 28.252615135106], [85.3667194841306, 28.252758864894002], [85.3665563158694, 28.252758864894002], [85.3665563158694, 28.252615135106]]]}, "properties": {"source": "emsr927", "dmg": 1.0, "dmg_class": 3, "dmg_label": "Destroyed", "confidence": null, "bid": "122"}}, {"type": "Feature", "geometry": {"type": "Polygon", "coordinates": [[[85.36643811566036, 28.252888335106], [85.36660128433964, 28.252888335106], [85.36660128433964, 28.253032064894], [85.36643811566036, 28.253032064894], [85.36643811566036, 28.252888335106]]]}, "properties": {"source": "emsr927", "dmg": 1.0, "dmg_class": 3, "dmg_label": "Destroyed", "confidence": null, "bid": "123"}}, {"type": "Feature", "geometry": {"type": "Polygon", "coordinates": [[[85.3664602156041, 28.252961835106], [85.36662338439588, 28.252961835106], [85.36662338439588, 28.253105564894], [85.3664602156041, 28.253105564894], [85.3664602156041, 28.252961835106]]]}, "properties": {"source": "emsr927", "dmg": 1.0, "dmg_class": 3, "dmg_label": "Destroyed", "confidence": null, "bid": "124"}}, {"type": "Feature", "geometry": {"type": "Polygon", "coordinates": [[[85.36647511554298, 28.253041735106], [85.36663828445703, 28.253041735106], [85.36663828445703, 28.253185464894], [85.36647511554298, 28.253185464894], [85.36647511554298, 28.253041735106]]]}, "properties": {"source": "emsr927", "dmg": 1.0, "dmg_class": 3, "dmg_label": "Destroyed", "confidence": null, "bid": "125"}}, {"type": "Feature", "geometry": {"type": "Polygon", "coordinates": [[[85.36661801553663, 28.253050035106], [85.36678118446338, 28.253050035106], [85.36678118446338, 28.253193764894], [85.36661801553663, 28.253193764894], [85.36661801553663, 28.253050035106]]]}, "properties": {"source": "emsr927", "dmg": 1.0, "dmg_class": 3, "dmg_label": "Destroyed", "confidence": null, "bid": "126"}}, {"type": "Feature", "geometry": {"type": "Polygon", "coordinates": [[[85.3666433155132, 28.253080635106], [85.36680648448679, 28.253080635106], [85.36680648448679, 28.253224364894], [85.3666433155132, 28.253224364894], [85.3666433155132, 28.253080635106]]]}, "properties": {"source": "emsr927", "dmg": 1.0, "dmg_class": 3, "dmg_label": "Destroyed", "confidence": null, "bid": "127"}}, {"type": "Feature", "geometry": {"type": "Polygon", "coordinates": [[[85.36647801546279, 28.253146535106], [85.36664118453722, 28.253146535106], [85.36664118453722, 28.253290264894], [85.36647801546279, 28.253290264894], [85.36647801546279, 28.253146535106]]]}, "properties": {"source": "emsr927", "dmg": 1.0, "dmg_class": 3, "dmg_label": "Destroyed", "confidence": null, "bid": "128"}}, {"type": "Feature", "geometry": {"type": "Polygon", "coordinates": [[[85.36643141536881, 28.253269335106], [85.36659458463119, 28.253269335106], [85.36659458463119, 28.253413064894], [85.36643141536881, 28.253413064894], [85.36643141536881, 28.253269335106]]]}, "properties": {"source": "emsr927", "dmg": 1.0, "dmg_class": 3, "dmg_label": "Destroyed", "confidence": null, "bid": "129"}}, {"type": "Feature", "geometry": {"type": "Polygon", "coordinates": [[[85.36666481528947, 28.253373035106], [85.36682798471053, 28.253373035106], [85.36682798471053, 28.253516764894], [85.36666481528947, 28.253516764894], [85.36666481528947, 28.253373035106]]]}, "properties": {"source": "emsr927", "dmg": 1.0, "dmg_class": 3, "dmg_label": "Destroyed", "confidence": null, "bid": "130"}}, {"type": "Feature", "geometry": {"type": "Polygon", "coordinates": [[[85.36687681529237, 28.253369235106], [85.36703998470763, 28.253369235106], [85.36703998470763, 28.253512964894], [85.36687681529237, 28.253512964894], [85.36687681529237, 28.253369235106]]]}, "properties": {"source": "emsr927", "dmg": 0.66, "dmg_class": 2, "dmg_label": "Damaged", "confidence": null, "bid": "131"}}, {"type": "Feature", "geometry": {"type": "Polygon", "coordinates": [[[85.36671871526428, 28.253405935106], [85.3668818847357, 28.253405935106], [85.3668818847357, 28.253549664894], [85.36671871526428, 28.253549664894], [85.36671871526428, 28.253405935106]]]}, "properties": {"source": "emsr927", "dmg": 1.0, "dmg_class": 3, "dmg_label": "Destroyed", "confidence": null, "bid": "132"}}, {"type": "Feature", "geometry": {"type": "Polygon", "coordinates": [[[85.36673331504849, 28.253687935106], [85.3668964849515, 28.253687935106], [85.3668964849515, 28.253831664894], [85.36673331504849, 28.253831664894], [85.36673331504849, 28.253687935106]]]}, "properties": {"source": "emsr927", "dmg": 1.0, "dmg_class": 3, "dmg_label": "Destroyed", "confidence": null, "bid": "133"}}, {"type": "Feature", "geometry": {"type": "Polygon", "coordinates": [[[85.36674961502882, 28.253713635106], [85.36691278497116, 28.253713635106], [85.36691278497116, 28.253857364894], [85.36674961502882, 28.253857364894], [85.36674961502882, 28.253713635106]]]}, "properties": {"source": "emsr927", "dmg": 1.0, "dmg_class": 3, "dmg_label": "Destroyed", "confidence": null, "bid": "134"}}, {"type": "Feature", "geometry": {"type": "Polygon", "coordinates": [[[85.366894814984, 28.253772235106], [85.367057985016, 28.253772235106], [85.367057985016, 28.253915964894], [85.366894814984, 28.253915964894], [85.366894814984, 28.253772235106]]]}, "properties": {"source": "emsr927", "dmg": 0.66, "dmg_class": 2, "dmg_label": "Damaged", "confidence": null, "bid": "135"}}, {"type": "Feature", "geometry": {"type": "Polygon", "coordinates": [[[85.36682151496709, 28.253794335106], [85.36698468503292, 28.253794335106], [85.36698468503292, 28.253938064894], [85.36682151496709, 28.253938064894], [85.36682151496709, 28.253794335106]]]}, "properties": {"source": "emsr927", "dmg": 1.0, "dmg_class": 3, "dmg_label": "Destroyed", "confidence": null, "bid": "136"}}, {"type": "Feature", "geometry": {"type": "Polygon", "coordinates": [[[85.36667631495024, 28.253816335106], [85.36683948504975, 28.253816335106], [85.36683948504975, 28.253960064894], [85.36667631495024, 28.253960064894], [85.36667631495024, 28.253816335106]]]}, "properties": {"source": "emsr927", "dmg": 1.0, "dmg_class": 3, "dmg_label": "Destroyed", "confidence": null, "bid": "137"}}, {"type": "Feature", "geometry": {"type": "Polygon", "coordinates": [[[85.36688161494803, 28.253819235106], [85.36704478505197, 28.253819235106], [85.36704478505197, 28.253962964894], [85.36688161494803, 28.253962964894], [85.36688161494803, 28.253819235106]]]}, "properties": {"source": "emsr927", "dmg": 0.66, "dmg_class": 2, "dmg_label": "Damaged", "confidence": null, "bid": "138"}}, {"type": "Feature", "geometry": {"type": "Polygon", "coordinates": [[[85.36673491493677, 28.253833935105998], [85.36689808506323, 28.253833935105998], [85.36689808506323, 28.253977664894], [85.36673491493677, 28.253977664894], [85.36673491493677, 28.253833935105998]]]}, "properties": {"source": "emsr927", "dmg": 1.0, "dmg_class": 3, "dmg_label": "Destroyed", "confidence": null, "bid": "139"}}, {"type": "Feature", "geometry": {"type": "Polygon", "coordinates": [[[85.36674731484663, 28.253951735106], [85.36691048515337, 28.253951735106], [85.36691048515337, 28.254095464894], [85.36674731484663, 28.254095464894], [85.36674731484663, 28.253951735106]]]}, "properties": {"source": "emsr927", "dmg": 1.0, "dmg_class": 3, "dmg_label": "Destroyed", "confidence": null, "bid": "140"}}, {"type": "Feature", "geometry": {"type": "Polygon", "coordinates": [[[85.36663941521164, 28.253474735106], [85.36680258478836, 28.253474735106], [85.36680258478836, 28.253618464894], [85.36663941521164, 28.253618464894], [85.36663941521164, 28.253474735106]]]}, "properties": {"source": "emsr927", "dmg": 1.0, "dmg_class": 3, "dmg_label": "Destroyed", "confidence": null, "bid": "141"}}, {"type": "Feature", "geometry": {"type": "Polygon", "coordinates": [[[85.36655081516497, 28.253535735106], [85.36671398483503, 28.253535735106], [85.36671398483503, 28.253679464894], [85.36655081516497, 28.253679464894], [85.36655081516497, 28.253535735106]]]}, "properties": {"source": "emsr927", "dmg": 1.0, "dmg_class": 3, "dmg_label": "Destroyed", "confidence": null, "bid": "142"}}, {"type": "Feature", "geometry": {"type": "Polygon", "coordinates": [[[85.36644181514124, 28.253566735106], [85.36660498485877, 28.253566735106], [85.36660498485877, 28.253710464894], [85.36644181514124, 28.253710464894], [85.36644181514124, 28.253566735106]]]}, "properties": {"source": "emsr927", "dmg": 1.0, "dmg_class": 3, "dmg_label": "Destroyed", "confidence": null, "bid": "143"}}, {"type": "Feature", "geometry": {"type": "Polygon", "coordinates": [[[85.36664751512173, 28.253592235106], [85.36681068487827, 28.253592235106], [85.36681068487827, 28.253735964894002], [85.36664751512173, 28.253735964894002], [85.36664751512173, 28.253592235106]]]}, "properties": {"source": "emsr927", "dmg": 1.0, "dmg_class": 3, "dmg_label": "Destroyed", "confidence": null, "bid": "144"}}, {"type": "Feature", "geometry": {"type": "Polygon", "coordinates": [[[85.36650831509708, 28.253624435106], [85.36667148490291, 28.253624435106], [85.36667148490291, 28.253768164894], [85.36650831509708, 28.253768164894], [85.36650831509708, 28.253624435106]]]}, "properties": {"source": "emsr927", "dmg": 1.0, "dmg_class": 3, "dmg_label": "Destroyed", "confidence": null, "bid": "145"}}, {"type": "Feature", "geometry": {"type": "Polygon", "coordinates": [[[85.36652301502829, 28.253714335106], [85.36668618497171, 28.253714335106], [85.36668618497171, 28.253858064894], [85.36652301502829, 28.253858064894], [85.36652301502829, 28.253714335106]]]}, "properties": {"source": "emsr927", "dmg": 1.0, "dmg_class": 3, "dmg_label": "Destroyed", "confidence": null, "bid": "146"}}, {"type": "Feature", "geometry": {"type": "Polygon", "coordinates": [[[85.36666121501896, 28.253726535106], [85.36682438498103, 28.253726535106], [85.36682438498103, 28.253870264894], [85.36666121501896, 28.253870264894], [85.36666121501896, 28.253726535106]]]}, "properties": {"source": "emsr927", "dmg": 1.0, "dmg_class": 3, "dmg_label": "Destroyed", "confidence": null, "bid": "147"}}, {"type": "Feature", "geometry": {"type": "Polygon", "coordinates": [[[85.3664411150013, 28.253749635106], [85.36660428499872, 28.253749635106], [85.36660428499872, 28.253893364894], [85.3664411150013, 28.253893364894], [85.3664411150013, 28.253749635106]]]}, "properties": {"source": "emsr927", "dmg": 1.0, "dmg_class": 3, "dmg_label": "Destroyed", "confidence": null, "bid": "148"}}, {"type": "Feature", "geometry": {"type": "Polygon", "coordinates": [[[85.36646631490478, 28.253875735106], [85.36662948509522, 28.253875735106], [85.36662948509522, 28.254019464894], [85.36646631490478, 28.254019464894], [85.36646631490478, 28.253875735106]]]}, "properties": {"source": "emsr927", "dmg": 1.0, "dmg_class": 3, "dmg_label": "Destroyed", "confidence": null, "bid": "149"}}, {"type": "Feature", "geometry": {"type": "Polygon", "coordinates": [[[85.36644451485513, 28.253940635106], [85.36660768514487, 28.253940635106], [85.36660768514487, 28.254084364894002], [85.36644451485513, 28.254084364894002], [85.36644451485513, 28.253940635106]]]}, "properties": {"source": "emsr927", "dmg": 1.0, "dmg_class": 3, "dmg_label": "Destroyed", "confidence": null, "bid": "150"}}, {"type": "Feature", "geometry": {"type": "Polygon", "coordinates": [[[85.3678289155989, 28.252968635106], [85.36799208440108, 28.252968635106], [85.36799208440108, 28.253112364894], [85.3678289155989, 28.253112364894], [85.3678289155989, 28.252968635106]]]}, "properties": {"source": "emsr927", "dmg": 0.33, "dmg_class": 1, "dmg_label": "Possibly damaged", "confidence": null, "bid": "151"}}, {"type": "Feature", "geometry": {"type": "Polygon", "coordinates": [[[85.3677707154314, 28.253187535106], [85.36793388456859, 28.253187535106], [85.36793388456859, 28.253331264894], [85.3677707154314, 28.253331264894], [85.3677707154314, 28.253187535106]]]}, "properties": {"source": "emsr927", "dmg": 0.33, "dmg_class": 1, "dmg_label": "Possibly damaged", "confidence": null, "bid": "152"}}, {"type": "Feature", "geometry": {"type": "Polygon", "coordinates": [[[85.36705401505951, 28.253673535106], [85.36721718494049, 28.253673535106], [85.36721718494049, 28.253817264894], [85.36705401505951, 28.253817264894], [85.36705401505951, 28.253673535106]]]}, "properties": {"source": "emsr927", "dmg": 0.33, "dmg_class": 1, "dmg_label": "Possibly damaged", "confidence": null, "bid": "153"}}, {"type": "Feature", "geometry": {"type": "Polygon", "coordinates": [[[85.3671890149204, 28.253855335106], [85.3673521850796, 28.253855335106], [85.3673521850796, 28.253999064894], [85.3671890149204, 28.253999064894], [85.3671890149204, 28.253855335106]]]}, "properties": {"source": "emsr927", "dmg": 0.66, "dmg_class": 2, "dmg_label": "Damaged", "confidence": null, "bid": "154"}}, {"type": "Feature", "geometry": {"type": "Polygon", "coordinates": [[[85.36706691487417, 28.253915735106], [85.36723008512583, 28.253915735106], [85.36723008512583, 28.254059464894], [85.36706691487417, 28.254059464894], [85.36706691487417, 28.253915735106]]]}, "properties": {"source": "emsr927", "dmg": 0.66, "dmg_class": 2, "dmg_label": "Damaged", "confidence": null, "bid": "155"}}, {"type": "Feature", "geometry": {"type": "Polygon", "coordinates": [[[85.36719921479828, 28.254014935106], [85.36736238520173, 28.254014935106], [85.36736238520173, 28.254158664894], [85.36719921479828, 28.254158664894], [85.36719921479828, 28.254014935106]]]}, "properties": {"source": "emsr927", "dmg": 0.33, "dmg_class": 1, "dmg_label": "Possibly damaged", "confidence": null, "bid": "156"}}, {"type": "Feature", "geometry": {"type": "Polygon", "coordinates": [[[85.36735591436315, 28.254583535106], [85.36751908563684, 28.254583535106], [85.36751908563684, 28.254727264894], [85.36735591436315, 28.254727264894], [85.36735591436315, 28.254583535106]]]}, "properties": {"source": "emsr927", "dmg": 0.33, "dmg_class": 1, "dmg_label": "Possibly damaged", "confidence": null, "bid": "157"}}, {"type": "Feature", "geometry": {"type": "Polygon", "coordinates": [[[85.3671181143395, 28.254614435106], [85.3672812856605, 28.254614435106], [85.3672812856605, 28.254758164894], [85.3671181143395, 28.254758164894], [85.3671181143395, 28.254614435106]]]}, "properties": {"source": "emsr927", "dmg": 0.33, "dmg_class": 1, "dmg_label": "Possibly damaged", "confidence": null, "bid": "158"}}, {"type": "Feature", "geometry": {"type": "Polygon", "coordinates": [[[85.3670328142929, 28.254675335106], [85.36719598570711, 28.254675335106], [85.36719598570711, 28.254819064894], [85.3670328142929, 28.254819064894], [85.3670328142929, 28.254675335106]]]}, "properties": {"source": "emsr927", "dmg": 1.0, "dmg_class": 3, "dmg_label": "Destroyed", "confidence": null, "bid": "159"}}, {"type": "Feature", "geometry": {"type": "Polygon", "coordinates": [[[85.36703931415217, 28.254859235106], [85.36720248584784, 28.254859235106], [85.36720248584784, 28.255002964894], [85.36703931415217, 28.255002964894], [85.36703931415217, 28.254859235106]]]}, "properties": {"source": "emsr927", "dmg": 1.0, "dmg_class": 3, "dmg_label": "Destroyed", "confidence": null, "bid": "160"}}, {"type": "Feature", "geometry": {"type": "Polygon", "coordinates": [[[85.36696231482122, 28.253984935106], [85.36712548517878, 28.253984935106], [85.36712548517878, 28.254128664894], [85.36696231482122, 28.254128664894], [85.36696231482122, 28.253984935106]]]}, "properties": {"source": "emsr927", "dmg": 1.0, "dmg_class": 3, "dmg_label": "Destroyed", "confidence": null, "bid": "161"}}, {"type": "Feature", "geometry": {"type": "Polygon", "coordinates": [[[85.36675901478381, 28.254033835106], [85.3669221852162, 28.254033835106], [85.3669221852162, 28.254177564894], [85.36675901478381, 28.254177564894], [85.36675901478381, 28.254033835106]]]}, "properties": {"source": "emsr927", "dmg": 1.0, "dmg_class": 3, "dmg_label": "Destroyed", "confidence": null, "bid": "162"}}, {"type": "Feature", "geometry": {"type": "Polygon", "coordinates": [[[85.36676481471945, 28.254117935106], [85.36692798528055, 28.254117935106], [85.36692798528055, 28.254261664894], [85.36676481471945, 28.254261664894], [85.36676481471945, 28.254117935106]]]}, "properties": {"source": "emsr927", "dmg": 1.0, "dmg_class": 3, "dmg_label": "Destroyed", "confidence": null, "bid": "163"}}, {"type": "Feature", "geometry": {"type": "Polygon", "coordinates": [[[85.36669441471196, 28.254127735106], [85.36685758528805, 28.254127735106], [85.36685758528805, 28.254271464894], [85.36669441471196, 28.254271464894], [85.36669441471196, 28.254127735106]]]}, "properties": {"source": "emsr927", "dmg": 1.0, "dmg_class": 3, "dmg_label": "Destroyed", "confidence": null, "bid": "164"}}, {"type": "Feature", "geometry": {"type": "Polygon", "coordinates": [[[85.36700191465174, 28.254206435106], [85.36716508534828, 28.254206435106], [85.36716508534828, 28.254350164894], [85.36700191465174, 28.254350164894], [85.36700191465174, 28.254206435106]]]}, "properties": {"source": "emsr927", "dmg": 1.0, "dmg_class": 3, "dmg_label": "Destroyed", "confidence": null, "bid": "165"}}, {"type": "Feature", "geometry": {"type": "Polygon", "coordinates": [[[85.36681691464813, 28.254211135106], [85.36698008535188, 28.254211135106], [85.36698008535188, 28.254354864894], [85.36681691464813, 28.254354864894], [85.36681691464813, 28.254211135106]]]}, "properties": {"source": "emsr927", "dmg": 0.66, "dmg_class": 2, "dmg_label": "Damaged", "confidence": null, "bid": "166"}}, {"type": "Feature", "geometry": {"type": "Polygon", "coordinates": [[[85.36676721459786, 28.254276835106], [85.36693038540214, 28.254276835106], [85.36693038540214, 28.254420564894], [85.36676721459786, 28.254420564894], [85.36676721459786, 28.254276835106]]]}, "properties": {"source": "emsr927", "dmg": 0.66, "dmg_class": 2, "dmg_label": "Damaged", "confidence": null, "bid": "167"}}, {"type": "Feature", "geometry": {"type": "Polygon", "coordinates": [[[85.36694031455178, 28.254337035106], [85.36710348544821, 28.254337035106], [85.36710348544821, 28.254480764894], [85.36694031455178, 28.254480764894], [85.36694031455178, 28.254337035106]]]}, "properties": {"source": "emsr927", "dmg": 1.0, "dmg_class": 3, "dmg_label": "Destroyed", "confidence": null, "bid": "168"}}, {"type": "Feature", "geometry": {"type": "Polygon", "coordinates": [[[85.36682741447694, 28.254434835106], [85.36699058552307, 28.254434835106], [85.36699058552307, 28.254578564894], [85.36682741447694, 28.254578564894], [85.36682741447694, 28.254434835106]]]}, "properties": {"source": "emsr927", "dmg": 1.0, "dmg_class": 3, "dmg_label": "Destroyed", "confidence": null, "bid": "169"}}, {"type": "Feature", "geometry": {"type": "Polygon", "coordinates": [[[85.36693211447472, 28.254437735106], [85.36709528552528, 28.254437735106], [85.36709528552528, 28.254581464894], [85.36693211447472, 28.254581464894], [85.36693211447472, 28.254437735106]]]}, "properties": {"source": "emsr927", "dmg": 0.66, "dmg_class": 2, "dmg_label": "Damaged", "confidence": null, "bid": "170"}}, {"type": "Feature", "geometry": {"type": "Polygon", "coordinates": [[[85.36661731440692, 28.254526335106], [85.36678048559308, 28.254526335106], [85.36678048559308, 28.254670064894], [85.36661731440692, 28.254670064894], [85.36661731440692, 28.254526335106]]]}, "properties": {"source": "emsr927", "dmg": 1.0, "dmg_class": 3, "dmg_label": "Destroyed", "confidence": null, "bid": "171"}}, {"type": "Feature", "geometry": {"type": "Polygon", "coordinates": [[[85.36652091438557, 28.254554235106], [85.36668408561442, 28.254554235106], [85.36668408561442, 28.254697964894], [85.36652091438557, 28.254697964894], [85.36652091438557, 28.254554235106]]]}, "properties": {"source": "emsr927", "dmg": 1.0, "dmg_class": 3, "dmg_label": "Destroyed", "confidence": null, "bid": "172"}}, {"type": "Feature", "geometry": {"type": "Polygon", "coordinates": [[[85.3664482143509, 28.254599535106], [85.3666113856491, 28.254599535106], [85.3666113856491, 28.254743264894], [85.3664482143509, 28.254743264894], [85.3664482143509, 28.254599535106]]]}, "properties": {"source": "emsr927", "dmg": 1.0, "dmg_class": 3, "dmg_label": "Destroyed", "confidence": null, "bid": "173"}}, {"type": "Feature", "geometry": {"type": "Polygon", "coordinates": [[[85.36664401428692, 28.254683135106], [85.36680718571307, 28.254683135106], [85.36680718571307, 28.254826864894], [85.36664401428692, 28.254826864894], [85.36664401428692, 28.254683135106]]]}, "properties": {"source": "emsr927", "dmg": 1.0, "dmg_class": 3, "dmg_label": "Destroyed", "confidence": null, "bid": "174"}}, {"type": "Feature", "geometry": {"type": "Polygon", "coordinates": [[[85.36647261427989, 28.254692335106], [85.3666357857201, 28.254692335106], [85.3666357857201, 28.254836064894], [85.36647261427989, 28.254836064894], [85.36647261427989, 28.254692335106]]]}, "properties": {"source": "emsr927", "dmg": 1.0, "dmg_class": 3, "dmg_label": "Destroyed", "confidence": null, "bid": "175"}}, {"type": "Feature", "geometry": {"type": "Polygon", "coordinates": [[[85.36650081417228, 28.254832935106], [85.36666398582771, 28.254832935106], [85.36666398582771, 28.254976664894], [85.36650081417228, 28.254976664894], [85.36650081417228, 28.254832935106]]]}, "properties": {"source": "emsr927", "dmg": 1.0, "dmg_class": 3, "dmg_label": "Destroyed", "confidence": null, "bid": "176"}}, {"type": "Feature", "geometry": {"type": "Polygon", "coordinates": [[[85.36663961410954, 28.254914935106], [85.36680278589046, 28.254914935106], [85.36680278589046, 28.255058664894], [85.36663961410954, 28.255058664894], [85.36663961410954, 28.254914935106]]]}, "properties": {"source": "emsr927", "dmg": 1.0, "dmg_class": 3, "dmg_label": "Destroyed", "confidence": null, "bid": "177"}}, {"type": "Feature", "geometry": {"type": "Polygon", "coordinates": [[[85.36657801408712, 28.254944235106], [85.36674118591289, 28.254944235106], [85.36674118591289, 28.255087964894], [85.36657801408712, 28.255087964894], [85.36657801408712, 28.254944235106]]]}, "properties": {"source": "emsr927", "dmg": 1.0, "dmg_class": 3, "dmg_label": "Destroyed", "confidence": null, "bid": "178"}}, {"type": "Feature", "geometry": {"type": "Polygon", "coordinates": [[[85.366612914065, 28.254973135106], [85.36677608593499, 28.254973135106], [85.36677608593499, 28.255116864894], [85.366612914065, 28.255116864894], [85.366612914065, 28.254973135106]]]}, "properties": {"source": "emsr927", "dmg": 1.0, "dmg_class": 3, "dmg_label": "Destroyed", "confidence": null, "bid": "179"}}, {"type": "Feature", "geometry": {"type": "Polygon", "coordinates": [[[85.36655411404885, 28.254994235106], [85.36671728595115, 28.254994235106], [85.36671728595115, 28.255137964894], [85.36655411404885, 28.255137964894], [85.36655411404885, 28.254994235106]]]}, "properties": {"source": "emsr927", "dmg": 1.0, "dmg_class": 3, "dmg_label": "Destroyed", "confidence": null, "bid": "180"}}, {"type": "Feature", "geometry": {"type": "Polygon", "coordinates": [[[85.36695061441709, 28.254513035106], [85.3671137855829, 28.254513035106], [85.3671137855829, 28.254656764894], [85.36695061441709, 28.254656764894], [85.36695061441709, 28.254513035106]]]}, "properties": {"source": "emsr927", "dmg": 1.0, "dmg_class": 3, "dmg_label": "Destroyed", "confidence": null, "bid": "181"}}, {"type": "Feature", "geometry": {"type": "Polygon", "coordinates": [[[85.36682201441282, 28.254518635106], [85.36698518558718, 28.254518635106], [85.36698518558718, 28.254662364894], [85.36682201441282, 28.254662364894], [85.36682201441282, 28.254518635106]]]}, "properties": {"source": "emsr927", "dmg": 1.0, "dmg_class": 3, "dmg_label": "Destroyed", "confidence": null, "bid": "182"}}, {"type": "Feature", "geometry": {"type": "Polygon", "coordinates": [[[85.366800214288, 28.254681735106], [85.366963385712, 28.254681735106], [85.366963385712, 28.254825464894], [85.366800214288, 28.254825464894], [85.366800214288, 28.254681735106]]]}, "properties": {"source": "emsr927", "dmg": 1.0, "dmg_class": 3, "dmg_label": "Destroyed", "confidence": null, "bid": "183"}}, {"type": "Feature", "geometry": {"type": "Polygon", "coordinates": [[[85.36696671419011, 28.254809635106], [85.36712988580987, 28.254809635106], [85.36712988580987, 28.254953364894], [85.36696671419011, 28.254953364894], [85.36696671419011, 28.254809635106]]]}, "properties": {"source": "emsr927", "dmg": 0.66, "dmg_class": 2, "dmg_label": "Damaged", "confidence": null, "bid": "184"}}, {"type": "Feature", "geometry": {"type": "Polygon", "coordinates": [[[85.36690741414154, 28.254873135106], [85.36707058585847, 28.254873135106], [85.36707058585847, 28.255016864894], [85.36690741414154, 28.255016864894], [85.36690741414154, 28.254873135106]]]}, "properties": {"source": "emsr927", "dmg": 1.0, "dmg_class": 3, "dmg_label": "Destroyed", "confidence": null, "bid": "185"}}, {"type": "Feature", "geometry": {"type": "Polygon", "coordinates": [[[85.366737914141, 28.254873835106], [85.36690108585901, 28.254873835106], [85.36690108585901, 28.255017564894], [85.366737914141, 28.255017564894], [85.366737914141, 28.254873835106]]]}, "properties": {"source": "emsr927", "dmg": 1.0, "dmg_class": 3, "dmg_label": "Destroyed", "confidence": null, "bid": "186"}}, {"type": "Feature", "geometry": {"type": "Polygon", "coordinates": [[[85.36698031412537, 28.254894235106], [85.36714348587462, 28.254894235106], [85.36714348587462, 28.255037964894], [85.36698031412537, 28.255037964894], [85.36698031412537, 28.254894235106]]]}, "properties": {"source": "emsr927", "dmg": 0.66, "dmg_class": 2, "dmg_label": "Damaged", "confidence": null, "bid": "187"}}, {"type": "Feature", "geometry": {"type": "Polygon", "coordinates": [[[85.36681711410058, 28.254926635106], [85.3669802858994, 28.254926635106], [85.3669802858994, 28.255070364894], [85.36681711410058, 28.255070364894], [85.36681711410058, 28.254926635106]]]}, "properties": {"source": "emsr927", "dmg": 1.0, "dmg_class": 3, "dmg_label": "Destroyed", "confidence": null, "bid": "188"}}, {"type": "Feature", "geometry": {"type": "Polygon", "coordinates": [[[85.36674481404089, 28.255004635106], [85.3669079859591, 28.255004635106], [85.3669079859591, 28.255148364894], [85.36674481404089, 28.255148364894], [85.36674481404089, 28.255004635106]]]}, "properties": {"source": "emsr927", "dmg": 1.0, "dmg_class": 3, "dmg_label": "Destroyed", "confidence": null, "bid": "189"}}, {"type": "Feature", "geometry": {"type": "Polygon", "coordinates": [[[85.36701581400516, 28.255051335106], [85.36717898599485, 28.255051335106], [85.36717898599485, 28.255195064894], [85.36701581400516, 28.255195064894], [85.36701581400516, 28.255051335106]]]}, "properties": {"source": "emsr927", "dmg": 1.0, "dmg_class": 3, "dmg_label": "Destroyed", "confidence": null, "bid": "190"}}, {"type": "Feature", "geometry": {"type": "Polygon", "coordinates": [[[85.36720361413073, 28.254887235106], [85.36736678586927, 28.254887235106], [85.36736678586927, 28.255030964894], [85.36720361413073, 28.255030964894], [85.36720361413073, 28.254887235106]]]}, "properties": {"source": "emsr927", "dmg": 0.66, "dmg_class": 2, "dmg_label": "Damaged", "confidence": null, "bid": "191"}}, {"type": "Feature", "geometry": {"type": "Polygon", "coordinates": [[[85.36712291412637, 28.254892935106], [85.36728608587363, 28.254892935106], [85.36728608587363, 28.255036664894], [85.36712291412637, 28.255036664894], [85.36712291412637, 28.254892935106]]]}, "properties": {"source": "emsr927", "dmg": 0.66, "dmg_class": 2, "dmg_label": "Damaged", "confidence": null, "bid": "192"}}, {"type": "Feature", "geometry": {"type": "Polygon", "coordinates": [[[85.3671981140676, 28.254969735106], [85.36736128593239, 28.254969735106], [85.36736128593239, 28.255113464894], [85.3671981140676, 28.255113464894], [85.3671981140676, 28.254969735106]]]}, "properties": {"source": "emsr927", "dmg": 0.66, "dmg_class": 2, "dmg_label": "Damaged", "confidence": null, "bid": "193"}}, {"type": "Feature", "geometry": {"type": "Polygon", "coordinates": [[[85.36716121405742, 28.254983035106], [85.36732438594258, 28.254983035106], [85.36732438594258, 28.255126764894], [85.36716121405742, 28.255126764894], [85.36716121405742, 28.254983035106]]]}, "properties": {"source": "emsr927", "dmg": 0.66, "dmg_class": 2, "dmg_label": "Damaged", "confidence": null, "bid": "194"}}, {"type": "Feature", "geometry": {"type": "Polygon", "coordinates": [[[85.3671346140141, 28.255039635106], [85.3672977859859, 28.255039635106], [85.3672977859859, 28.255183364894002], [85.3671346140141, 28.255183364894002], [85.3671346140141, 28.255039635106]]]}, "properties": {"source": "emsr927", "dmg": 1.0, "dmg_class": 3, "dmg_label": "Destroyed", "confidence": null, "bid": "195"}}, {"type": "Feature", "geometry": {"type": "Polygon", "coordinates": [[[85.36710971393896, 28.255137835106], [85.36727288606104, 28.255137835106], [85.36727288606104, 28.255281564894002], [85.36710971393896, 28.255281564894002], [85.36710971393896, 28.255137835106]]]}, "properties": {"source": "emsr927", "dmg": 0.66, "dmg_class": 2, "dmg_label": "Damaged", "confidence": null, "bid": "196"}}, {"type": "Feature", "geometry": {"type": "Polygon", "coordinates": [[[85.36725531389824, 28.255191035106], [85.36741848610176, 28.255191035106], [85.36741848610176, 28.255334764894002], [85.36725531389824, 28.255334764894002], [85.36725531389824, 28.255191035106]]]}, "properties": {"source": "emsr927", "dmg": 0.33, "dmg_class": 1, "dmg_label": "Possibly damaged", "confidence": null, "bid": "197"}}, {"type": "Feature", "geometry": {"type": "Polygon", "coordinates": [[[85.36751491387973, 28.255215235106], [85.36767808612028, 28.255215235106], [85.36767808612028, 28.255358964894], [85.36751491387973, 28.255358964894], [85.36751491387973, 28.255215235106]]]}, "properties": {"source": "emsr927", "dmg": 0.33, "dmg_class": 1, "dmg_label": "Possibly damaged", "confidence": null, "bid": "198"}}, {"type": "Feature", "geometry": {"type": "Polygon", "coordinates": [[[85.36741901387934, 28.255215735106], [85.36758218612066, 28.255215735106], [85.36758218612066, 28.255359464894], [85.36741901387934, 28.255359464894], [85.36741901387934, 28.255215735106]]]}, "properties": {"source": "emsr927", "dmg": 0.33, "dmg_class": 1, "dmg_label": "Possibly damaged", "confidence": null, "bid": "199"}}, {"type": "Feature", "geometry": {"type": "Polygon", "coordinates": [[[85.36762411386725, 28.255231535106], [85.36778728613275, 28.255231535106], [85.36778728613275, 28.255375264894], [85.36762411386725, 28.255375264894], [85.36762411386725, 28.255231535106]]]}, "properties": {"source": "emsr927", "dmg": 0.33, "dmg_class": 1, "dmg_label": "Possibly damaged", "confidence": null, "bid": "200"}}, {"type": "Feature", "geometry": {"type": "Polygon", "coordinates": [[[85.36607091490478, 28.253875735106], [85.36623408509521, 28.253875735106], [85.36623408509521, 28.254019464894], [85.36607091490478, 28.254019464894], [85.36607091490478, 28.253875735106]]]}, "properties": {"source": "emsr927", "dmg": 1.0, "dmg_class": 3, "dmg_label": "Destroyed", "confidence": null, "bid": "201"}}, {"type": "Feature", "geometry": {"type": "Polygon", "coordinates": [[[85.3662681148451, 28.253953735106], [85.3664312851549, 28.253953735106], [85.3664312851549, 28.254097464894], [85.3662681148451, 28.254097464894], [85.3662681148451, 28.253953735106]]]}, "properties": {"source": "emsr927", "dmg": 1.0, "dmg_class": 3, "dmg_label": "Destroyed", "confidence": null, "bid": "202"}}, {"type": "Feature", "geometry": {"type": "Polygon", "coordinates": [[[85.36636391482926, 28.253974435106], [85.36652708517073, 28.253974435106], [85.36652708517073, 28.254118164894], [85.36636391482926, 28.254118164894], [85.36636391482926, 28.253974435106]]]}, "properties": {"source": "emsr927", "dmg": 1.0, "dmg_class": 3, "dmg_label": "Destroyed", "confidence": null, "bid": "203"}}, {"type": "Feature", "geometry": {"type": "Polygon", "coordinates": [[[85.3661879148167, 28.253990835106], [85.3663510851833, 28.253990835106], [85.3663510851833, 28.254134564894], [85.3661879148167, 28.254134564894], [85.3661879148167, 28.253990835106]]]}, "properties": {"source": "emsr927", "dmg": 1.0, "dmg_class": 3, "dmg_label": "Destroyed", "confidence": null, "bid": "204"}}, {"type": "Feature", "geometry": {"type": "Polygon", "coordinates": [[[85.36621921473889, 28.254092535106], [85.36638238526112, 28.254092535106], [85.36638238526112, 28.254236264894], [85.36621921473889, 28.254236264894], [85.36621921473889, 28.254092535106]]]}, "properties": {"source": "emsr927", "dmg": 1.0, "dmg_class": 3, "dmg_label": "Destroyed", "confidence": null, "bid": "205"}}, {"type": "Feature", "geometry": {"type": "Polygon", "coordinates": [[[85.36631701473138, 28.254102335106], [85.36648018526861, 28.254102335106], [85.36648018526861, 28.254246064894], [85.36631701473138, 28.254246064894], [85.36631701473138, 28.254102335106]]]}, "properties": {"source": "emsr927", "dmg": 1.0, "dmg_class": 3, "dmg_label": "Destroyed", "confidence": null, "bid": "206"}}, {"type": "Feature", "geometry": {"type": "Polygon", "coordinates": [[[85.3662973146802, 28.254169235106], [85.3664604853198, 28.254169235106], [85.3664604853198, 28.254312964894], [85.3662973146802, 28.254312964894], [85.3662973146802, 28.254169235106]]]}, "properties": {"source": "emsr927", "dmg": 1.0, "dmg_class": 3, "dmg_label": "Destroyed", "confidence": null, "bid": "207"}}, {"type": "Feature", "geometry": {"type": "Polygon", "coordinates": [[[85.36629561459556, 28.254279835106], [85.36645878540445, 28.254279835106], [85.36645878540445, 28.254423564894], [85.36629561459556, 28.254423564894], [85.36629561459556, 28.254279835106]]]}, "properties": {"source": "emsr927", "dmg": 1.0, "dmg_class": 3, "dmg_label": "Destroyed", "confidence": null, "bid": "208"}}, {"type": "Feature", "geometry": {"type": "Polygon", "coordinates": [[[85.3663264145619, 28.254323835106], [85.36648958543812, 28.254323835106], [85.36648958543812, 28.254467564894], [85.3663264145619, 28.254467564894], [85.3663264145619, 28.254323835106]]]}, "properties": {"source": "emsr927", "dmg": 1.0, "dmg_class": 3, "dmg_label": "Destroyed", "confidence": null, "bid": "209"}}, {"type": "Feature", "geometry": {"type": "Polygon", "coordinates": [[[85.3663426145361, 28.254357535106], [85.3665057854639, 28.254357535106], [85.3665057854639, 28.254501264894], [85.3663426145361, 28.254501264894], [85.3663426145361, 28.254357535106]]]}, "properties": {"source": "emsr927", "dmg": 1.0, "dmg_class": 3, "dmg_label": "Destroyed", "confidence": null, "bid": "210"}}, {"type": "Feature", "geometry": {"type": "Polygon", "coordinates": [[[85.3665553148314, 28.253971635106], [85.3667184851686, 28.253971635106], [85.3667184851686, 28.254115364894], [85.3665553148314, 28.254115364894], [85.3665553148314, 28.253971635106]]]}, "properties": {"source": "emsr927", "dmg": 1.0, "dmg_class": 3, "dmg_label": "Destroyed", "confidence": null, "bid": "211"}}, {"type": "Feature", "geometry": {"type": "Polygon", "coordinates": [[[85.36665341481519, 28.253992835106], [85.36681658518482, 28.253992835106], [85.36681658518482, 28.254136564894], [85.36665341481519, 28.254136564894], [85.36665341481519, 28.253992835106]]]}, "properties": {"source": "emsr927", "dmg": 1.0, "dmg_class": 3, "dmg_label": "Destroyed", "confidence": null, "bid": "212"}}, {"type": "Feature", "geometry": {"type": "Polygon", "coordinates": [[[85.36640181473261, 28.254100735106], [85.3665649852674, 28.254100735106], [85.3665649852674, 28.254244464894], [85.36640181473261, 28.254244464894], [85.36640181473261, 28.254100735106]]]}, "properties": {"source": "emsr927", "dmg": 1.0, "dmg_class": 3, "dmg_label": "Destroyed", "confidence": null, "bid": "213"}}, {"type": "Feature", "geometry": {"type": "Polygon", "coordinates": [[[85.36640871467384, 28.254177535106], [85.36657188532615, 28.254177535106], [85.36657188532615, 28.254321264894], [85.36640871467384, 28.254321264894], [85.36640871467384, 28.254177535106]]]}, "properties": {"source": "emsr927", "dmg": 1.0, "dmg_class": 3, "dmg_label": "Destroyed", "confidence": null, "bid": "214"}}, {"type": "Feature", "geometry": {"type": "Polygon", "coordinates": [[[85.36647971455407, 28.254334035105998], [85.36664288544593, 28.254334035105998], [85.36664288544593, 28.254477764894], [85.36647971455407, 28.254477764894], [85.36647971455407, 28.254334035105998]]]}, "properties": {"source": "emsr927", "dmg": 1.0, "dmg_class": 3, "dmg_label": "Destroyed", "confidence": null, "bid": "215"}}, {"type": "Feature", "geometry": {"type": "Polygon", "coordinates": [[[85.3666112145351, 28.254358835106], [85.3667743854649, 28.254358835106], [85.3667743854649, 28.254502564894], [85.3666112145351, 28.254502564894], [85.3666112145351, 28.254358835106]]]}, "properties": {"source": "emsr927", "dmg": 0.66, "dmg_class": 2, "dmg_label": "Damaged", "confidence": null, "bid": "216"}}, {"type": "Feature", "geometry": {"type": "Polygon", "coordinates": [[[85.36654111452714, 28.254369235106], [85.36670428547285, 28.254369235106], [85.36670428547285, 28.254512964894], [85.36654111452714, 28.254512964894], [85.36654111452714, 28.254369235106]]]}, "properties": {"source": "emsr927", "dmg": 0.66, "dmg_class": 2, "dmg_label": "Damaged", "confidence": null, "bid": "217"}}, {"type": "Feature", "geometry": {"type": "Polygon", "coordinates": [[[85.36637921449906, 28.254405935106], [85.36654238550094, 28.254405935106], [85.36654238550094, 28.254549664894], [85.36637921449906, 28.254549664894], [85.36637921449906, 28.254405935106]]]}, "properties": {"source": "emsr927", "dmg": 1.0, "dmg_class": 3, "dmg_label": "Destroyed", "confidence": null, "bid": "218"}}, {"type": "Feature", "geometry": {"type": "Polygon", "coordinates": [[[85.36639101447096, 28.254442635106], [85.36655418552903, 28.254442635106], [85.36655418552903, 28.254586364894], [85.36639101447096, 28.254586364894], [85.36639101447096, 28.254442635106]]]}, "properties": {"source": "emsr927", "dmg": 1.0, "dmg_class": 3, "dmg_label": "Destroyed", "confidence": null, "bid": "219"}}, {"type": "Feature", "geometry": {"type": "Polygon", "coordinates": [[[85.36641591441035, 28.254521835106], [85.36657908558963, 28.254521835106], [85.36657908558963, 28.254665564894], [85.36641591441035, 28.254665564894], [85.36641591441035, 28.254521835106]]]}, "properties": {"source": "emsr927", "dmg": 1.0, "dmg_class": 3, "dmg_label": "Destroyed", "confidence": null, "bid": "220"}}, {"type": "Feature", "geometry": {"type": "Polygon", "coordinates": [[[85.36595431540898, 28.253216835106], [85.36611748459102, 28.253216835106], [85.36611748459102, 28.253360564894], [85.36595431540898, 28.253360564894], [85.36595431540898, 28.253216835106]]]}, "properties": {"source": "emsr927", "dmg": 1.0, "dmg_class": 3, "dmg_label": "Destroyed", "confidence": null, "bid": "221"}}, {"type": "Feature", "geometry": {"type": "Polygon", "coordinates": [[[85.36596311535665, 28.253285235106], [85.36612628464336, 28.253285235106], [85.36612628464336, 28.253428964894], [85.36596311535665, 28.253428964894], [85.36596311535665, 28.253285235106]]]}, "properties": {"source": "emsr927", "dmg": 1.0, "dmg_class": 3, "dmg_label": "Destroyed", "confidence": null, "bid": "222"}}, {"type": "Feature", "geometry": {"type": "Polygon", "coordinates": [[[85.36599261526995, 28.253398535106], [85.36615578473005, 28.253398535106], [85.36615578473005, 28.253542264894], [85.36599261526995, 28.253542264894], [85.36599261526995, 28.253398535106]]]}, "properties": {"source": "emsr927", "dmg": 1.0, "dmg_class": 3, "dmg_label": "Destroyed", "confidence": null, "bid": "223"}}, {"type": "Feature", "geometry": {"type": "Polygon", "coordinates": [[[85.36598511517431, 28.253523535105998], [85.3661482848257, 28.253523535105998], [85.3661482848257, 28.253667264894], [85.36598511517431, 28.253667264894], [85.36598511517431, 28.253523535105998]]]}, "properties": {"source": "emsr927", "dmg": 1.0, "dmg_class": 3, "dmg_label": "Destroyed", "confidence": null, "bid": "224"}}, {"type": "Feature", "geometry": {"type": "Polygon", "coordinates": [[[85.36601741513527, 28.253574535106], [85.36618058486474, 28.253574535106], [85.36618058486474, 28.253718264894], [85.36601741513527, 28.253718264894], [85.36601741513527, 28.253574535106]]]}, "properties": {"source": "emsr927", "dmg": 1.0, "dmg_class": 3, "dmg_label": "Destroyed", "confidence": null, "bid": "225"}}, {"type": "Feature", "geometry": {"type": "Polygon", "coordinates": [[[85.36463431501605, 28.253730335106], [85.36479748498394, 28.253730335106], [85.36479748498394, 28.253874064894], [85.36463431501605, 28.253874064894], [85.36463431501605, 28.253730335106]]]}, "properties": {"source": "emsr927", "dmg": 1.0, "dmg_class": 3, "dmg_label": "Destroyed", "confidence": null, "bid": "226"}}, {"type": "Feature", "geometry": {"type": "Polygon", "coordinates": [[[85.3656607140578, 28.254982535106], [85.36582388594219, 28.254982535106], [85.36582388594219, 28.255126264894], [85.3656607140578, 28.255126264894], [85.3656607140578, 28.254982535106]]]}, "properties": {"source": "emsr927", "dmg": 1.0, "dmg_class": 3, "dmg_label": "Destroyed", "confidence": null, "bid": "227"}}, {"type": "Feature", "geometry": {"type": "Polygon", "coordinates": [[[85.3642441139479, 28.255126135106], [85.36440728605209, 28.255126135106], [85.36440728605209, 28.255269864894], [85.3642441139479, 28.255269864894], [85.3642441139479, 28.255126135106]]]}, "properties": {"source": "emsr927", "dmg": 1.0, "dmg_class": 3, "dmg_label": "Destroyed", "confidence": null, "bid": "228"}}, {"type": "Feature", "geometry": {"type": "Polygon", "coordinates": [[[85.36411671384084, 28.255266035106], [85.36427988615915, 28.255266035106], [85.36427988615915, 28.255409764894], [85.36411671384084, 28.255409764894], [85.36411671384084, 28.255266035106]]]}, "properties": {"source": "emsr927", "dmg": 1.0, "dmg_class": 3, "dmg_label": "Destroyed", "confidence": null, "bid": "229"}}, {"type": "Feature", "geometry": {"type": "Polygon", "coordinates": [[[85.36411481367348, 28.255484735106], [85.36427798632651, 28.255484735106], [85.36427798632651, 28.255628464894], [85.36411481367348, 28.255628464894], [85.36411481367348, 28.255484735106]]]}, "properties": {"source": "emsr927", "dmg": 1.0, "dmg_class": 3, "dmg_label": "Destroyed", "confidence": null, "bid": "230"}}, {"type": "Feature", "geometry": {"type": "Polygon", "coordinates": [[[85.36637591332618, 28.255938535106], [85.36653908667381, 28.255938535106], [85.36653908667381, 28.256082264894], [85.36637591332618, 28.256082264894], [85.36637591332618, 28.255938535106]]]}, "properties": {"source": "emsr927", "dmg": 1.0, "dmg_class": 3, "dmg_label": "Destroyed", "confidence": null, "bid": "231"}}, {"type": "Feature", "geometry": {"type": "Polygon", "coordinates": [[[85.36618461243809, 28.257098935106], [85.3663477875619, 28.257098935106], [85.3663477875619, 28.257242664894], [85.36618461243809, 28.257242664894], [85.36618461243809, 28.257098935106]]]}, "properties": {"source": "emsr927", "dmg": 1.0, "dmg_class": 3, "dmg_label": "Destroyed", "confidence": null, "bid": "232"}}, {"type": "Feature", "geometry": {"type": "Polygon", "coordinates": [[[85.3641784133242, 28.255941135106], [85.3643415866758, 28.255941135106], [85.3643415866758, 28.256084864894], [85.3641784133242, 28.256084864894], [85.3641784133242, 28.255941135106]]]}, "properties": {"source": "emsr927", "dmg": 1.0, "dmg_class": 3, "dmg_label": "Destroyed", "confidence": null, "bid": "233"}}, {"type": "Feature", "geometry": {"type": "Polygon", "coordinates": [[[85.36602121215016, 28.257475135106], [85.36618438784983, 28.257475135106], [85.36618438784983, 28.257618864894], [85.36602121215016, 28.257618864894], [85.36602121215016, 28.257475135106]]]}, "properties": {"source": "emsr927", "dmg": 1.0, "dmg_class": 3, "dmg_label": "Destroyed", "confidence": null, "bid": "234"}}, {"type": "Feature", "geometry": {"type": "Polygon", "coordinates": [[[85.36642721248356, 28.257039535106], [85.36659038751645, 28.257039535106], [85.36659038751645, 28.257183264894], [85.36642721248356, 28.257183264894], [85.36642721248356, 28.257039535106]]]}, "properties": {"source": "emsr927", "dmg": 1.0, "dmg_class": 3, "dmg_label": "Destroyed", "confidence": null, "bid": "235"}}, {"type": "Feature", "geometry": {"type": "Polygon", "coordinates": [[[85.36646821243687, 28.257100535106], [85.36663138756313, 28.257100535106], [85.36663138756313, 28.257244264894002], [85.36646821243687, 28.257244264894002], [85.36646821243687, 28.257100535106]]]}, "properties": {"source": "emsr927", "dmg": 1.0, "dmg_class": 3, "dmg_label": "Destroyed", "confidence": null, "bid": "236"}}, {"type": "Feature", "geometry": {"type": "Polygon", "coordinates": [[[85.36677831395633, 28.255115135106], [85.36694148604366, 28.255115135106], [85.36694148604366, 28.255258864894], [85.36677831395633, 28.255258864894], [85.36677831395633, 28.255115135106]]]}, "properties": {"source": "emsr927", "dmg": 1.0, "dmg_class": 3, "dmg_label": "Destroyed", "confidence": null, "bid": "237"}}, {"type": "Feature", "geometry": {"type": "Polygon", "coordinates": [[[85.36697331393552, 28.255142335106], [85.36713648606448, 28.255142335106], [85.36713648606448, 28.255286064894], [85.36697331393552, 28.255286064894], [85.36697331393552, 28.255142335106]]]}, "properties": {"source": "emsr927", "dmg": 1.0, "dmg_class": 3, "dmg_label": "Destroyed", "confidence": null, "bid": "238"}}, {"type": "Feature", "geometry": {"type": "Polygon", "coordinates": [[[85.36669801392243, 28.255159435106], [85.36686118607757, 28.255159435106], [85.36686118607757, 28.255303164894], [85.36669801392243, 28.255303164894], [85.36669801392243, 28.255159435106]]]}, "properties": {"source": "emsr927", "dmg": 1.0, "dmg_class": 3, "dmg_label": "Destroyed", "confidence": null, "bid": "239"}}, {"type": "Feature", "geometry": {"type": "Polygon", "coordinates": [[[85.36691021389174, 28.255199535106], [85.36707338610825, 28.255199535106], [85.36707338610825, 28.255343264894], [85.36691021389174, 28.255343264894], [85.36691021389174, 28.255199535106]]]}, "properties": {"source": "emsr927", "dmg": 1.0, "dmg_class": 3, "dmg_label": "Destroyed", "confidence": null, "bid": "240"}}, {"type": "Feature", "geometry": {"type": "Polygon", "coordinates": [[[85.36700321387598, 28.255220135106], [85.36716638612403, 28.255220135106], [85.36716638612403, 28.255363864894], [85.36700321387598, 28.255363864894], [85.36700321387598, 28.255220135106]]]}, "properties": {"source": "emsr927", "dmg": 0.66, "dmg_class": 2, "dmg_label": "Damaged", "confidence": null, "bid": "241"}}, {"type": "Feature", "geometry": {"type": "Polygon", "coordinates": [[[85.3668076138596, 28.255241535106], [85.3669707861404, 28.255241535106], [85.3669707861404, 28.255385264894], [85.3668076138596, 28.255385264894], [85.3668076138596, 28.255241535106]]]}, "properties": {"source": "emsr927", "dmg": 1.0, "dmg_class": 3, "dmg_label": "Destroyed", "confidence": null, "bid": "242"}}, {"type": "Feature", "geometry": {"type": "Polygon", "coordinates": [[[85.36695731384192, 28.255264635106], [85.36712048615807, 28.255264635106], [85.36712048615807, 28.255408364894], [85.36695731384192, 28.255408364894], [85.36695731384192, 28.255264635106]]]}, "properties": {"source": "emsr927", "dmg": 0.66, "dmg_class": 2, "dmg_label": "Damaged", "confidence": null, "bid": "243"}}, {"type": "Feature", "geometry": {"type": "Polygon", "coordinates": [[[85.3669197137973, 28.255322935106], [85.3670828862027, 28.255322935106], [85.3670828862027, 28.255466664894], [85.3669197137973, 28.255466664894], [85.3669197137973, 28.255322935106]]]}, "properties": {"source": "emsr927", "dmg": 0.66, "dmg_class": 2, "dmg_label": "Damaged", "confidence": null, "bid": "244"}}, {"type": "Feature", "geometry": {"type": "Polygon", "coordinates": [[[85.36696491379692, 28.255323435106], [85.36712808620308, 28.255323435106], [85.36712808620308, 28.255467164894], [85.36696491379692, 28.255467164894], [85.36696491379692, 28.255323435106]]]}, "properties": {"source": "emsr927", "dmg": 0.66, "dmg_class": 2, "dmg_label": "Damaged", "confidence": null, "bid": "245"}}, {"type": "Feature", "geometry": {"type": "Polygon", "coordinates": [[[85.36687931375651, 28.255376235106], [85.36704248624348, 28.255376235106], [85.36704248624348, 28.255519964894], [85.36687931375651, 28.255519964894], [85.36687931375651, 28.255376235106]]]}, "properties": {"source": "emsr927", "dmg": 0.66, "dmg_class": 2, "dmg_label": "Damaged", "confidence": null, "bid": "246"}}, {"type": "Feature", "geometry": {"type": "Polygon", "coordinates": [[[85.36661071399827, 28.255060335106], [85.36677388600172, 28.255060335106], [85.36677388600172, 28.255204064894], [85.36661071399827, 28.255204064894], [85.36661071399827, 28.255060335106]]]}, "properties": {"source": "emsr927", "dmg": 1.0, "dmg_class": 3, "dmg_label": "Destroyed", "confidence": null, "bid": "247"}}, {"type": "Feature", "geometry": {"type": "Polygon", "coordinates": [[[85.36644311396452, 28.255104435106], [85.36660628603548, 28.255104435106], [85.36660628603548, 28.255248164894], [85.36644311396452, 28.255248164894], [85.36644311396452, 28.255104435106]]]}, "properties": {"source": "emsr927", "dmg": 1.0, "dmg_class": 3, "dmg_label": "Destroyed", "confidence": null, "bid": "248"}}, {"type": "Feature", "geometry": {"type": "Polygon", "coordinates": [[[85.36664201391646, 28.255167235106], [85.36680518608354, 28.255167235106], [85.36680518608354, 28.255310964894], [85.36664201391646, 28.255310964894], [85.36664201391646, 28.255167235106]]]}, "properties": {"source": "emsr927", "dmg": 1.0, "dmg_class": 3, "dmg_label": "Destroyed", "confidence": null, "bid": "249"}}, {"type": "Feature", "geometry": {"type": "Polygon", "coordinates": [[[85.36648191385922, 28.255242035106], [85.36664508614078, 28.255242035106], [85.36664508614078, 28.255385764894], [85.36648191385922, 28.255385764894], [85.36648191385922, 28.255242035106]]]}, "properties": {"source": "emsr927", "dmg": 1.0, "dmg_class": 3, "dmg_label": "Destroyed", "confidence": null, "bid": "250"}}, {"type": "Feature", "geometry": {"type": "Polygon", "coordinates": [[[85.36651131375032, 28.255384335106], [85.36667448624968, 28.255384335106], [85.36667448624968, 28.255528064894], [85.36651131375032, 28.255528064894], [85.36651131375032, 28.255384335106]]]}, "properties": {"source": "emsr927", "dmg": 1.0, "dmg_class": 3, "dmg_label": "Destroyed", "confidence": null, "bid": "251"}}, {"type": "Feature", "geometry": {"type": "Polygon", "coordinates": [[[85.36645111365824, 28.255504635106], [85.36661428634174, 28.255504635106], [85.36661428634174, 28.255648364894], [85.36645111365824, 28.255648364894], [85.36645111365824, 28.255504635106]]]}, "properties": {"source": "emsr927", "dmg": 1.0, "dmg_class": 3, "dmg_label": "Destroyed", "confidence": null, "bid": "252"}}, {"type": "Feature", "geometry": {"type": "Polygon", "coordinates": [[[85.36654351360215, 28.255577935106], [85.36670668639783, 28.255577935106], [85.36670668639783, 28.255721664894], [85.36654351360215, 28.255721664894], [85.36654351360215, 28.255577935106]]]}, "properties": {"source": "emsr927", "dmg": 1.0, "dmg_class": 3, "dmg_label": "Destroyed", "confidence": null, "bid": "253"}}, {"type": "Feature", "geometry": {"type": "Polygon", "coordinates": [[[85.36648781353482, 28.255665935106], [85.36665098646519, 28.255665935106], [85.36665098646519, 28.255809664894], [85.36648781353482, 28.255809664894], [85.36648781353482, 28.255665935106]]]}, "properties": {"source": "emsr927", "dmg": 1.0, "dmg_class": 3, "dmg_label": "Destroyed", "confidence": null, "bid": "254"}}, {"type": "Feature", "geometry": {"type": "Polygon", "coordinates": [[[85.36647901331011, 28.255959535106], [85.36664218668989, 28.255959535106], [85.36664218668989, 28.256103264894], [85.36647901331011, 28.256103264894], [85.36647901331011, 28.255959535106]]]}, "properties": {"source": "emsr927", "dmg": 1.0, "dmg_class": 3, "dmg_label": "Destroyed", "confidence": null, "bid": "255"}}, {"type": "Feature", "geometry": {"type": "Polygon", "coordinates": [[[85.36662631325194, 28.256035535106], [85.36678948674805, 28.256035535106], [85.36678948674805, 28.256179264894], [85.36662631325194, 28.256179264894], [85.36662631325194, 28.256035535106]]]}, "properties": {"source": "emsr927", "dmg": 1.0, "dmg_class": 3, "dmg_label": "Destroyed", "confidence": null, "bid": "256"}}, {"type": "Feature", "geometry": {"type": "Polygon", "coordinates": [[[85.36713421385662, 28.255245435106], [85.36729738614338, 28.255245435106], [85.36729738614338, 28.255389164894], [85.36713421385662, 28.255389164894], [85.36713421385662, 28.255245435106]]]}, "properties": {"source": "emsr927", "dmg": 0.66, "dmg_class": 2, "dmg_label": "Damaged", "confidence": null, "bid": "257"}}, {"type": "Feature", "geometry": {"type": "Polygon", "coordinates": [[[85.36724211383259, 28.255276835106], [85.36740528616741, 28.255276835106], [85.36740528616741, 28.255420564894], [85.36724211383259, 28.255420564894], [85.36724211383259, 28.255276835106]]]}, "properties": {"source": "emsr927", "dmg": 0.33, "dmg_class": 1, "dmg_label": "Possibly damaged", "confidence": null, "bid": "258"}}, {"type": "Feature", "geometry": {"type": "Polygon", "coordinates": [[[85.36701731379746, 28.255322735106], [85.36718048620254, 28.255322735106], [85.36718048620254, 28.255466464894], [85.36701731379746, 28.255466464894], [85.36701731379746, 28.255322735106]]]}, "properties": {"source": "emsr927", "dmg": 1.0, "dmg_class": 3, "dmg_label": "Destroyed", "confidence": null, "bid": "259"}}, {"type": "Feature", "geometry": {"type": "Polygon", "coordinates": [[[85.36744671379554, 28.255325235106], [85.36760988620446, 28.255325235106], [85.36760988620446, 28.255468964894], [85.36744671379554, 28.255468964894], [85.36744671379554, 28.255325235106]]]}, "properties": {"source": "emsr927", "dmg": 0.33, "dmg_class": 1, "dmg_label": "Possibly damaged", "confidence": null, "bid": "260"}}, {"type": "Feature", "geometry": {"type": "Polygon", "coordinates": [[[85.3672267137214, 28.255422135106], [85.36738988627862, 28.255422135106], [85.36738988627862, 28.255565864894], [85.3672267137214, 28.255565864894], [85.3672267137214, 28.255422135106]]]}, "properties": {"source": "emsr927", "dmg": 0.33, "dmg_class": 1, "dmg_label": "Possibly damaged", "confidence": null, "bid": "261"}}, {"type": "Feature", "geometry": {"type": "Polygon", "coordinates": [[[85.36745691367065, 28.255488435106], [85.36762008632934, 28.255488435106], [85.36762008632934, 28.255632164894], [85.36745691367065, 28.255632164894], [85.36745691367065, 28.255488435106]]]}, "properties": {"source": "emsr927", "dmg": 0.33, "dmg_class": 1, "dmg_label": "Possibly damaged", "confidence": null, "bid": "262"}}, {"type": "Feature", "geometry": {"type": "Polygon", "coordinates": [[[85.36761461362718, 28.255545235106], [85.36777778637281, 28.255545235106], [85.36777778637281, 28.255688964894], [85.36761461362718, 28.255688964894], [85.36761461362718, 28.255545235106]]]}, "properties": {"source": "emsr927", "dmg": 0.33, "dmg_class": 1, "dmg_label": "Possibly damaged", "confidence": null, "bid": "263"}}, {"type": "Feature", "geometry": {"type": "Polygon", "coordinates": [[[85.36714971356481, 28.255626735106], [85.36731288643519, 28.255626735106], [85.36731288643519, 28.255770464894], [85.36714971356481, 28.255770464894], [85.36714971356481, 28.255626735106]]]}, "properties": {"source": "emsr927", "dmg": 0.33, "dmg_class": 1, "dmg_label": "Possibly damaged", "confidence": null, "bid": "264"}}, {"type": "Feature", "geometry": {"type": "Polygon", "coordinates": [[[85.36747121339958, 28.255842635106], [85.36763438660041, 28.255842635106], [85.36763438660041, 28.255986364894], [85.36747121339958, 28.255986364894], [85.36747121339958, 28.255842635106]]]}, "properties": {"source": "emsr927", "dmg": 0.33, "dmg_class": 1, "dmg_label": "Possibly damaged", "confidence": null, "bid": "265"}}, {"type": "Feature", "geometry": {"type": "Polygon", "coordinates": [[[85.36718271334708, 28.255911235106], [85.36734588665293, 28.255911235106], [85.36734588665293, 28.256054964894002], [85.36718271334708, 28.256054964894002], [85.36718271334708, 28.255911235106]]]}, "properties": {"source": "emsr927", "dmg": 0.33, "dmg_class": 1, "dmg_label": "Possibly damaged", "confidence": null, "bid": "266"}}, {"type": "Feature", "geometry": {"type": "Polygon", "coordinates": [[[85.36676691373746, 28.255401135106], [85.36693008626254, 28.255401135106], [85.36693008626254, 28.255544864894], [85.36676691373746, 28.255544864894], [85.36676691373746, 28.255401135106]]]}, "properties": {"source": "emsr927", "dmg": 1.0, "dmg_class": 3, "dmg_label": "Destroyed", "confidence": null, "bid": "267"}}, {"type": "Feature", "geometry": {"type": "Polygon", "coordinates": [[[85.36676321364723, 28.255519035106], [85.36692638635276, 28.255519035106], [85.36692638635276, 28.255662764894], [85.36676321364723, 28.255662764894], [85.36676321364723, 28.255519035106]]]}, "properties": {"source": "emsr927", "dmg": 1.0, "dmg_class": 3, "dmg_label": "Destroyed", "confidence": null, "bid": "268"}}, {"type": "Feature", "geometry": {"type": "Polygon", "coordinates": [[[85.36691271358426, 28.255601335106], [85.36707588641575, 28.255601335106], [85.36707588641575, 28.255745064894], [85.36691271358426, 28.255745064894], [85.36691271358426, 28.255601335106]]]}, "properties": {"source": "emsr927", "dmg": 1.0, "dmg_class": 3, "dmg_label": "Destroyed", "confidence": null, "bid": "269"}}, {"type": "Feature", "geometry": {"type": "Polygon", "coordinates": [[[85.36678151357522, 28.255613135106], [85.36694468642479, 28.255613135106], [85.36694468642479, 28.255756864894], [85.36678151357522, 28.255756864894], [85.36678151357522, 28.255613135106]]]}, "properties": {"source": "emsr927", "dmg": 1.0, "dmg_class": 3, "dmg_label": "Destroyed", "confidence": null, "bid": "270"}}, {"type": "Feature", "geometry": {"type": "Polygon", "coordinates": [[[85.36691761346647, 28.255755235106], [85.36708078653352, 28.255755235106], [85.36708078653352, 28.255898964894], [85.36691761346647, 28.255898964894], [85.36691761346647, 28.255755235106]]]}, "properties": {"source": "emsr927", "dmg": 0.66, "dmg_class": 2, "dmg_label": "Damaged", "confidence": null, "bid": "271"}}, {"type": "Feature", "geometry": {"type": "Polygon", "coordinates": [[[85.36668321340723, 28.255832635106], [85.36684638659277, 28.255832635106], [85.36684638659277, 28.255976364894], [85.36668321340723, 28.255976364894], [85.36668321340723, 28.255832635106]]]}, "properties": {"source": "emsr927", "dmg": 1.0, "dmg_class": 3, "dmg_label": "Destroyed", "confidence": null, "bid": "272"}}, {"type": "Feature", "geometry": {"type": "Polygon", "coordinates": [[[85.36668051333844, 28.255922535106], [85.36684368666157, 28.255922535106], [85.36684368666157, 28.256066264894], [85.36668051333844, 28.256066264894], [85.36668051333844, 28.255922535106]]]}, "properties": {"source": "emsr927", "dmg": 1.0, "dmg_class": 3, "dmg_label": "Destroyed", "confidence": null, "bid": "273"}}, {"type": "Feature", "geometry": {"type": "Polygon", "coordinates": [[[85.3669353133369, 28.255924535106], [85.3670984866631, 28.255924535106], [85.3670984866631, 28.256068264894], [85.3669353133369, 28.256068264894], [85.3669353133369, 28.255924535106]]]}, "properties": {"source": "emsr927", "dmg": 0.66, "dmg_class": 2, "dmg_label": "Damaged", "confidence": null, "bid": "274"}}, {"type": "Feature", "geometry": {"type": "Polygon", "coordinates": [[[85.36690121320274, 28.256099835106], [85.36706438679727, 28.256099835106], [85.36706438679727, 28.256243564894], [85.36690121320274, 28.256243564894], [85.36690121320274, 28.256099835106]]]}, "properties": {"source": "emsr927", "dmg": 0.66, "dmg_class": 2, "dmg_label": "Damaged", "confidence": null, "bid": "275"}}, {"type": "Feature", "geometry": {"type": "Polygon", "coordinates": [[[85.36670731316401, 28.256150435106], [85.36687048683599, 28.256150435106], [85.36687048683599, 28.256294164894], [85.36670731316401, 28.256294164894], [85.36670731316401, 28.256150435106]]]}, "properties": {"source": "emsr927", "dmg": 1.0, "dmg_class": 3, "dmg_label": "Destroyed", "confidence": null, "bid": "276"}}, {"type": "Feature", "geometry": {"type": "Polygon", "coordinates": [[[85.36694601305213, 28.256296635106], [85.36710918694787, 28.256296635106], [85.36710918694787, 28.256440364894], [85.36694601305213, 28.256440364894], [85.36694601305213, 28.256296635106]]]}, "properties": {"source": "emsr927", "dmg": 0.66, "dmg_class": 2, "dmg_label": "Damaged", "confidence": null, "bid": "277"}}, {"type": "Feature", "geometry": {"type": "Polygon", "coordinates": [[[85.36698201294406, 28.256437835106], [85.36714518705593, 28.256437835106], [85.36714518705593, 28.256581564894], [85.36698201294406, 28.256581564894], [85.36698201294406, 28.256437835106]]]}, "properties": {"source": "emsr927", "dmg": 0.66, "dmg_class": 2, "dmg_label": "Damaged", "confidence": null, "bid": "278"}}, {"type": "Feature", "geometry": {"type": "Polygon", "coordinates": [[[85.36736511333667, 28.255924835106], [85.36752828666333, 28.255924835106], [85.36752828666333, 28.256068564894], [85.36736511333667, 28.256068564894], [85.36736511333667, 28.255924835106]]]}, "properties": {"source": "emsr927", "dmg": 0.33, "dmg_class": 1, "dmg_label": "Possibly damaged", "confidence": null, "bid": "279"}}, {"type": "Feature", "geometry": {"type": "Polygon", "coordinates": [[[85.36744581329565, 28.255978435105998], [85.36760898670435, 28.255978435105998], [85.36760898670435, 28.256122164894], [85.36744581329565, 28.256122164894], [85.36744581329565, 28.255978435105998]]]}, "properties": {"source": "emsr927", "dmg": 0.33, "dmg_class": 1, "dmg_label": "Possibly damaged", "confidence": null, "bid": "280"}}, {"type": "Feature", "geometry": {"type": "Polygon", "coordinates": [[[85.36759631323818, 28.256053535106], [85.36775948676183, 28.256053535106], [85.36775948676183, 28.256197264894], [85.36759631323818, 28.256197264894], [85.36759631323818, 28.256053535106]]]}, "properties": {"source": "emsr927", "dmg": 0.33, "dmg_class": 1, "dmg_label": "Possibly damaged", "confidence": null, "bid": "281"}}, {"type": "Feature", "geometry": {"type": "Polygon", "coordinates": [[[85.3674445131944, 28.256110735106], [85.36760768680561, 28.256110735106], [85.36760768680561, 28.256254464894], [85.3674445131944, 28.256254464894], [85.3674445131944, 28.256110735106]]]}, "properties": {"source": "emsr927", "dmg": 0.33, "dmg_class": 1, "dmg_label": "Possibly damaged", "confidence": null, "bid": "282"}}, {"type": "Feature", "geometry": {"type": "Polygon", "coordinates": [[[85.36744891309843, 28.256236135106], [85.36761208690157, 28.256236135106], [85.36761208690157, 28.256379864894], [85.36744891309843, 28.256379864894], [85.36744891309843, 28.256236135106]]]}, "properties": {"source": "emsr927", "dmg": 0.33, "dmg_class": 1, "dmg_label": "Possibly damaged", "confidence": null, "bid": "283"}}, {"type": "Feature", "geometry": {"type": "Polygon", "coordinates": [[[85.36746941304945, 28.256300135106], [85.36763258695056, 28.256300135106], [85.36763258695056, 28.256443864894], [85.36746941304945, 28.256443864894], [85.36746941304945, 28.256300135106]]]}, "properties": {"source": "emsr927", "dmg": 0.33, "dmg_class": 1, "dmg_label": "Possibly damaged", "confidence": null, "bid": "284"}}, {"type": "Feature", "geometry": {"type": "Polygon", "coordinates": [[[85.36741951205335, 28.257601635106], [85.36758268794665, 28.257601635106], [85.36758268794665, 28.257745364894], [85.36741951205335, 28.257745364894], [85.36741951205335, 28.257601635106]]]}, "properties": {"source": "emsr927", "dmg": 1.0, "dmg_class": 3, "dmg_label": "Destroyed", "confidence": null, "bid": "285"}}, {"type": "Feature", "geometry": {"type": "Polygon", "coordinates": [[[85.36731971202595, 28.257637435106], [85.36748288797405, 28.257637435106], [85.36748288797405, 28.257781164894], [85.36731971202595, 28.257781164894], [85.36731971202595, 28.257637435106]]]}, "properties": {"source": "emsr927", "dmg": 1.0, "dmg_class": 3, "dmg_label": "Destroyed", "confidence": null, "bid": "286"}}, {"type": "Feature", "geometry": {"type": "Polygon", "coordinates": [[[85.36755841171771, 28.258040135106], [85.36772158828228, 28.258040135106], [85.36772158828228, 28.258183864894], [85.36755841171771, 28.258183864894], [85.36755841171771, 28.258040135106]]]}, "properties": {"source": "emsr927", "dmg": 1.0, "dmg_class": 3, "dmg_label": "Destroyed", "confidence": null, "bid": "287"}}, {"type": "Feature", "geometry": {"type": "Polygon", "coordinates": [[[85.37007801044864, 28.259698135106], [85.37024118955135, 28.259698135106], [85.37024118955135, 28.259841864894], [85.37007801044864, 28.259841864894], [85.37007801044864, 28.259698135106]]]}, "properties": {"source": "emsr927", "dmg": 1.0, "dmg_class": 3, "dmg_label": "Destroyed", "confidence": null, "bid": "288"}}, {"type": "Feature", "geometry": {"type": "Polygon", "coordinates": [[[85.37046241018639, 28.260040735106], [85.3706255898136, 28.260040735106], [85.3706255898136, 28.260184464894], [85.37046241018639, 28.260184464894], [85.37046241018639, 28.260040735106]]]}, "properties": {"source": "emsr927", "dmg": 1.0, "dmg_class": 3, "dmg_label": "Destroyed", "confidence": null, "bid": "289"}}, {"type": "Feature", "geometry": {"type": "Polygon", "coordinates": [[[85.37036801003896, 28.260233335106], [85.37053118996104, 28.260233335106], [85.37053118996104, 28.260377064894], [85.37036801003896, 28.260377064894], [85.37036801003896, 28.260233335106]]]}, "properties": {"source": "emsr927", "dmg": 1.0, "dmg_class": 3, "dmg_label": "Destroyed", "confidence": null, "bid": "290"}}, {"type": "Feature", "geometry": {"type": "Polygon", "coordinates": [[[85.37367170784884, 28.263094235106], [85.37383489215117, 28.263094235106], [85.37383489215117, 28.263237964894], [85.37367170784884, 28.263237964894], [85.37367170784884, 28.263094235106]]]}, "properties": {"source": "emsr927", "dmg": 1.0, "dmg_class": 3, "dmg_label": "Destroyed", "confidence": null, "bid": "291"}}, {"type": "Feature", "geometry": {"type": "Polygon", "coordinates": [[[85.37341980784004, 28.263105735106], [85.37358299215995, 28.263105735106], [85.37358299215995, 28.263249464894], [85.37341980784004, 28.263249464894], [85.37341980784004, 28.263105735106]]]}, "properties": {"source": "emsr927", "dmg": 1.0, "dmg_class": 3, "dmg_label": "Destroyed", "confidence": null, "bid": "292"}}, {"type": "Feature", "geometry": {"type": "Polygon", "coordinates": [[[85.37345630775958, 28.263210835106], [85.37361949224042, 28.263210835106], [85.37361949224042, 28.263354564894], [85.37345630775958, 28.263354564894], [85.37345630775958, 28.263210835106]]]}, "properties": {"source": "emsr927", "dmg": 1.0, "dmg_class": 3, "dmg_label": "Destroyed", "confidence": null, "bid": "293"}}, {"type": "Feature", "geometry": {"type": "Polygon", "coordinates": [[[85.37347530767313, 28.263323735106], [85.37363849232686, 28.263323735106], [85.37363849232686, 28.263467464894], [85.37347530767313, 28.263467464894], [85.37347530767313, 28.263323735106]]]}, "properties": {"source": "emsr927", "dmg": 1.0, "dmg_class": 3, "dmg_label": "Destroyed", "confidence": null, "bid": "294"}}, {"type": "Feature", "geometry": {"type": "Polygon", "coordinates": [[[85.37383450766357, 28.263336235106], [85.37399769233643, 28.263336235106], [85.37399769233643, 28.263479964894], [85.37383450766357, 28.263479964894], [85.37383450766357, 28.263336235106]]]}, "properties": {"source": "emsr927", "dmg": 1.0, "dmg_class": 3, "dmg_label": "Destroyed", "confidence": null, "bid": "295"}}, {"type": "Feature", "geometry": {"type": "Polygon", "coordinates": [[[85.37350380764128, 28.263365335106], [85.37366699235871, 28.263365335106], [85.37366699235871, 28.263509064894], [85.37350380764128, 28.263509064894], [85.37350380764128, 28.263365335106]]]}, "properties": {"source": "emsr927", "dmg": 1.0, "dmg_class": 3, "dmg_label": "Destroyed", "confidence": null, "bid": "296"}}, {"type": "Feature", "geometry": {"type": "Polygon", "coordinates": [[[85.37373880761893, 28.263394535106], [85.37390199238106, 28.263394535106], [85.37390199238106, 28.263538264894], [85.37373880761893, 28.263538264894], [85.37373880761893, 28.263394535106]]]}, "properties": {"source": "emsr927", "dmg": 1.0, "dmg_class": 3, "dmg_label": "Destroyed", "confidence": null, "bid": "297"}}, {"type": "Feature", "geometry": {"type": "Polygon", "coordinates": [[[85.37369910760737, 28.263409635106], [85.37386229239263, 28.263409635106], [85.37386229239263, 28.263553364894], [85.37369910760737, 28.263553364894], [85.37369910760737, 28.263409635106]]]}, "properties": {"source": "emsr927", "dmg": 1.0, "dmg_class": 3, "dmg_label": "Destroyed", "confidence": null, "bid": "298"}}, {"type": "Feature", "geometry": {"type": "Polygon", "coordinates": [[[85.37349540760515, 28.263412535106], [85.37365859239485, 28.263412535106], [85.37365859239485, 28.263556264894], [85.37349540760515, 28.263556264894], [85.37349540760515, 28.263412535106]]]}, "properties": {"source": "emsr927", "dmg": 1.0, "dmg_class": 3, "dmg_label": "Destroyed", "confidence": null, "bid": "299"}}, {"type": "Feature", "geometry": {"type": "Polygon", "coordinates": [[[85.37383120759536, 28.263425335106], [85.37399439240464, 28.263425335106], [85.37399439240464, 28.263569064894], [85.37383120759536, 28.263569064894], [85.37383120759536, 28.263425335106]]]}, "properties": {"source": "emsr927", "dmg": 1.0, "dmg_class": 3, "dmg_label": "Destroyed", "confidence": null, "bid": "300"}}, {"type": "Feature", "geometry": {"type": "Polygon", "coordinates": [[[85.37388240753296, 28.263506835106], [85.37404559246704, 28.263506835106], [85.37404559246704, 28.263650564894], [85.37388240753296, 28.263650564894], [85.37388240753296, 28.263506835106]]]}, "properties": {"source": "emsr927", "dmg": 1.0, "dmg_class": 3, "dmg_label": "Destroyed", "confidence": null, "bid": "301"}}, {"type": "Feature", "geometry": {"type": "Polygon", "coordinates": [[[85.37347140752216, 28.263520935106], [85.37363459247784, 28.263520935106], [85.37363459247784, 28.263664664894], [85.37347140752216, 28.263664664894], [85.37347140752216, 28.263520935106]]]}, "properties": {"source": "emsr927", "dmg": 1.0, "dmg_class": 3, "dmg_label": "Destroyed", "confidence": null, "bid": "302"}}, {"type": "Feature", "geometry": {"type": "Polygon", "coordinates": [[[85.37379490750018, 28.263549635106], [85.3739580924998, 28.263549635106], [85.3739580924998, 28.263693364894], [85.37379490750018, 28.263693364894], [85.37379490750018, 28.263549635106]]]}, "properties": {"source": "emsr927", "dmg": 1.0, "dmg_class": 3, "dmg_label": "Destroyed", "confidence": null, "bid": "303"}}, {"type": "Feature", "geometry": {"type": "Polygon", "coordinates": [[[85.37348480745854, 28.263604035106], [85.37364799254146, 28.263604035106], [85.37364799254146, 28.263747764894], [85.37348480745854, 28.263747764894], [85.37348480745854, 28.263604035106]]]}, "properties": {"source": "emsr927", "dmg": 1.0, "dmg_class": 3, "dmg_label": "Destroyed", "confidence": null, "bid": "304"}}, {"type": "Feature", "geometry": {"type": "Polygon", "coordinates": [[[85.37372890739148, 28.263691635106], [85.37389209260853, 28.263691635106], [85.37389209260853, 28.263835364894], [85.37372890739148, 28.263835364894], [85.37372890739148, 28.263691635106]]]}, "properties": {"source": "emsr927", "dmg": 1.0, "dmg_class": 3, "dmg_label": "Destroyed", "confidence": null, "bid": "305"}}, {"type": "Feature", "geometry": {"type": "Polygon", "coordinates": [[[85.37365230731989, 28.263785135106], [85.37381549268012, 28.263785135106], [85.37381549268012, 28.263928864894], [85.37365230731989, 28.263928864894], [85.37365230731989, 28.263785135106]]]}, "properties": {"source": "emsr927", "dmg": 1.0, "dmg_class": 3, "dmg_label": "Destroyed", "confidence": null, "bid": "306"}}, {"type": "Feature", "geometry": {"type": "Polygon", "coordinates": [[[85.37349900725472, 28.263870235106], [85.37366219274527, 28.263870235106], [85.37366219274527, 28.264013964894], [85.37349900725472, 28.264013964894], [85.37349900725472, 28.263870235106]]]}, "properties": {"source": "emsr927", "dmg": 1.0, "dmg_class": 3, "dmg_label": "Destroyed", "confidence": null, "bid": "307"}}, {"type": "Feature", "geometry": {"type": "Polygon", "coordinates": [[[85.37382980721185, 28.263926235106], [85.37399299278815, 28.263926235106], [85.37399299278815, 28.264069964894], [85.37382980721185, 28.264069964894], [85.37382980721185, 28.263926235106]]]}, "properties": {"source": "emsr927", "dmg": 1.0, "dmg_class": 3, "dmg_label": "Destroyed", "confidence": null, "bid": "308"}}, {"type": "Feature", "geometry": {"type": "Polygon", "coordinates": [[[85.3740138075482, 28.263486935106], [85.37417699245181, 28.263486935106], [85.37417699245181, 28.263630664894], [85.3740138075482, 28.263630664894], [85.3740138075482, 28.263486935106]]]}, "properties": {"source": "emsr927", "dmg": 1.0, "dmg_class": 3, "dmg_label": "Destroyed", "confidence": null, "bid": "309"}}, {"type": "Feature", "geometry": {"type": "Polygon", "coordinates": [[[85.37392820746321, 28.263597935106], [85.37409139253678, 28.263597935106], [85.37409139253678, 28.263741664894], [85.37392820746321, 28.263741664894], [85.37392820746321, 28.263597935106]]]}, "properties": {"source": "emsr927", "dmg": 1.0, "dmg_class": 3, "dmg_label": "Destroyed", "confidence": null, "bid": "310"}}, {"type": "Feature", "geometry": {"type": "Polygon", "coordinates": [[[85.37406110720725, 28.263932235106], [85.37422429279273, 28.263932235106], [85.37422429279273, 28.264075964894], [85.37406110720725, 28.264075964894], [85.37406110720725, 28.263932235106]]]}, "properties": {"source": "emsr927", "dmg": 1.0, "dmg_class": 3, "dmg_label": "Destroyed", "confidence": null, "bid": "311"}}, {"type": "Feature", "geometry": {"type": "Polygon", "coordinates": [[[85.37390320714938, 28.264007835106], [85.37406639285062, 28.264007835106], [85.37406639285062, 28.264151564894], [85.37390320714938, 28.264151564894], [85.37390320714938, 28.264007835106]]]}, "properties": {"source": "emsr927", "dmg": 1.0, "dmg_class": 3, "dmg_label": "Destroyed", "confidence": null, "bid": "312"}}, {"type": "Feature", "geometry": {"type": "Polygon", "coordinates": [[[85.37400350708423, 28.264092935106], [85.37416669291578, 28.264092935106], [85.37416669291578, 28.264236664894], [85.37400350708423, 28.264236664894], [85.37400350708423, 28.264092935106]]]}, "properties": {"source": "emsr927", "dmg": 1.0, "dmg_class": 3, "dmg_label": "Destroyed", "confidence": null, "bid": "313"}}, {"type": "Feature", "geometry": {"type": "Polygon", "coordinates": [[[85.3740157070468, 28.264141835106], [85.37417889295321, 28.264141835106], [85.37417889295321, 28.264285564894], [85.3740157070468, 28.264285564894], [85.3740157070468, 28.264141835106]]]}, "properties": {"source": "emsr927", "dmg": 1.0, "dmg_class": 3, "dmg_label": "Destroyed", "confidence": null, "bid": "314"}}, {"type": "Feature", "geometry": {"type": "Polygon", "coordinates": [[[85.37424580699816, 28.264205335106], [85.37440899300184, 28.264205335106], [85.37440899300184, 28.264349064894], [85.37424580699816, 28.264349064894], [85.37424580699816, 28.264205335106]]]}, "properties": {"source": "emsr927", "dmg": 1.0, "dmg_class": 3, "dmg_label": "Destroyed", "confidence": null, "bid": "315"}}, {"type": "Feature", "geometry": {"type": "Polygon", "coordinates": [[[85.374336806986, 28.264221235106], [85.374499993014, 28.264221235106], [85.374499993014, 28.264364964894], [85.374336806986, 28.264364964894], [85.374336806986, 28.264221235106]]]}, "properties": {"source": "emsr927", "dmg": 1.0, "dmg_class": 3, "dmg_label": "Destroyed", "confidence": null, "bid": "316"}}, {"type": "Feature", "geometry": {"type": "Polygon", "coordinates": [[[85.37399480695714, 28.264258935106], [85.37415799304287, 28.264258935106], [85.37415799304287, 28.264402664894], [85.37399480695714, 28.264402664894], [85.37399480695714, 28.264258935106]]]}, "properties": {"source": "emsr927", "dmg": 1.0, "dmg_class": 3, "dmg_label": "Destroyed", "confidence": null, "bid": "317"}}, {"type": "Feature", "geometry": {"type": "Polygon", "coordinates": [[[85.37397900690539, 28.264326535106], [85.37414219309463, 28.264326535106], [85.37414219309463, 28.264470264894], [85.37397900690539, 28.264470264894], [85.37397900690539, 28.264326535106]]]}, "properties": {"source": "emsr927", "dmg": 1.0, "dmg_class": 3, "dmg_label": "Destroyed", "confidence": null, "bid": "318"}}, {"type": "Feature", "geometry": {"type": "Polygon", "coordinates": [[[85.37372810705068, 28.264136735106], [85.37389129294931, 28.264136735106], [85.37389129294931, 28.264280464894], [85.37372810705068, 28.264280464894], [85.37372810705068, 28.264136735106]]]}, "properties": {"source": "emsr927", "dmg": 1.0, "dmg_class": 3, "dmg_label": "Destroyed", "confidence": null, "bid": "319"}}, {"type": "Feature", "geometry": {"type": "Polygon", "coordinates": [[[85.37389170691158, 28.264318435106], [85.37405489308843, 28.264318435106], [85.37405489308843, 28.264462164894], [85.37389170691158, 28.264462164894], [85.37389170691158, 28.264318435106]]]}, "properties": {"source": "emsr927", "dmg": 1.0, "dmg_class": 3, "dmg_label": "Destroyed", "confidence": null, "bid": "320"}}, {"type": "Feature", "geometry": {"type": "Polygon", "coordinates": [[[85.37473200690246, 28.264330335106], [85.37489519309753, 28.264330335106], [85.37489519309753, 28.264474064894], [85.37473200690246, 28.264474064894], [85.37473200690246, 28.264330335106]]]}, "properties": {"source": "emsr927", "dmg": 1.0, "dmg_class": 3, "dmg_label": "Destroyed", "confidence": null, "bid": "321"}}, {"type": "Feature", "geometry": {"type": "Polygon", "coordinates": [[[85.37398860686496, 28.264379335106], [85.37415179313506, 28.264379335106], [85.37415179313506, 28.264523064894], [85.37398860686496, 28.264523064894], [85.37398860686496, 28.264379335106]]]}, "properties": {"source": "emsr927", "dmg": 1.0, "dmg_class": 3, "dmg_label": "Destroyed", "confidence": null, "bid": "322"}}, {"type": "Feature", "geometry": {"type": "Polygon", "coordinates": [[[85.37419390683708, 28.264415735106], [85.37435709316291, 28.264415735106], [85.37435709316291, 28.264559464894], [85.37419390683708, 28.264559464894], [85.37419390683708, 28.264415735106]]]}, "properties": {"source": "emsr927", "dmg": 1.0, "dmg_class": 3, "dmg_label": "Destroyed", "confidence": null, "bid": "323"}}, {"type": "Feature", "geometry": {"type": "Polygon", "coordinates": [[[85.37433590681051, 28.264450435106], [85.3744990931895, 28.264450435106], [85.3744990931895, 28.264594164894], [85.37433590681051, 28.264594164894], [85.37433590681051, 28.264450435106]]]}, "properties": {"source": "emsr927", "dmg": 1.0, "dmg_class": 3, "dmg_label": "Destroyed", "confidence": null, "bid": "324"}}, {"type": "Feature", "geometry": {"type": "Polygon", "coordinates": [[[85.37456790677399, 28.264498135106], [85.37473109322602, 28.264498135106], [85.37473109322602, 28.264641864894], [85.37456790677399, 28.264641864894], [85.37456790677399, 28.264498135106]]]}, "properties": {"source": "emsr927", "dmg": 1.0, "dmg_class": 3, "dmg_label": "Destroyed", "confidence": null, "bid": "325"}}, {"type": "Feature", "geometry": {"type": "Polygon", "coordinates": [[[85.37413880677093, 28.264502135106], [85.37430199322907, 28.264502135106], [85.37430199322907, 28.264645864894], [85.37413880677093, 28.264645864894], [85.37413880677093, 28.264502135106]]]}, "properties": {"source": "emsr927", "dmg": 1.0, "dmg_class": 3, "dmg_label": "Destroyed", "confidence": null, "bid": "326"}}, {"type": "Feature", "geometry": {"type": "Polygon", "coordinates": [[[85.37443820675118, 28.264527935106], [85.37460139324882, 28.264527935106], [85.37460139324882, 28.264671664894], [85.37443820675118, 28.264671664894], [85.37443820675118, 28.264527935106]]]}, "properties": {"source": "emsr927", "dmg": 1.0, "dmg_class": 3, "dmg_label": "Destroyed", "confidence": null, "bid": "327"}}, {"type": "Feature", "geometry": {"type": "Polygon", "coordinates": [[[85.3747220067158, 28.264574135106], [85.37488519328421, 28.264574135106], [85.37488519328421, 28.264717864894], [85.3747220067158, 28.264717864894], [85.3747220067158, 28.264574135106]]]}, "properties": {"source": "emsr927", "dmg": 1.0, "dmg_class": 3, "dmg_label": "Destroyed", "confidence": null, "bid": "328"}}, {"type": "Feature", "geometry": {"type": "Polygon", "coordinates": [[[85.3754580066766, 28.264625335106], [85.3756211933234, 28.264625335106], [85.3756211933234, 28.264769064894], [85.3754580066766, 28.264769064894], [85.3754580066766, 28.264625335106]]]}, "properties": {"source": "emsr927", "dmg": 1.0, "dmg_class": 3, "dmg_label": "Destroyed", "confidence": null, "bid": "329"}}, {"type": "Feature", "geometry": {"type": "Polygon", "coordinates": [[[85.37567910666527, 28.264640135106], [85.37584229333473, 28.264640135106], [85.37584229333473, 28.264783864894], [85.37567910666527, 28.264783864894], [85.37567910666527, 28.264640135106]]]}, "properties": {"source": "emsr927", "dmg": 1.0, "dmg_class": 3, "dmg_label": "Destroyed", "confidence": null, "bid": "330"}}, {"type": "Feature", "geometry": {"type": "Polygon", "coordinates": [[[85.37451410666397, 28.264641835106], [85.37467729333603, 28.264641835106], [85.37467729333603, 28.264785564894], [85.37451410666397, 28.264785564894], [85.37451410666397, 28.264641835106]]]}, "properties": {"source": "emsr927", "dmg": 1.0, "dmg_class": 3, "dmg_label": "Destroyed", "confidence": null, "bid": "331"}}, {"type": "Feature", "geometry": {"type": "Polygon", "coordinates": [[[85.37452070664001, 28.264673135106], [85.37468389336, 28.264673135106], [85.37468389336, 28.264816864894], [85.37452070664001, 28.264816864894], [85.37452070664001, 28.264673135106]]]}, "properties": {"source": "emsr927", "dmg": 1.0, "dmg_class": 3, "dmg_label": "Destroyed", "confidence": null, "bid": "332"}}, {"type": "Feature", "geometry": {"type": "Polygon", "coordinates": [[[85.37471910663777, 28.264676035106], [85.37488229336222, 28.264676035106], [85.37488229336222, 28.264819764894], [85.37471910663777, 28.264819764894], [85.37471910663777, 28.264676035106]]]}, "properties": {"source": "emsr927", "dmg": 1.0, "dmg_class": 3, "dmg_label": "Destroyed", "confidence": null, "bid": "333"}}, {"type": "Feature", "geometry": {"type": "Polygon", "coordinates": [[[85.37588700659451, 28.264732535106], [85.37605019340548, 28.264732535106], [85.37605019340548, 28.264876264894], [85.37588700659451, 28.264876264894], [85.37588700659451, 28.264732535106]]]}, "properties": {"source": "emsr927", "dmg": 1.0, "dmg_class": 3, "dmg_label": "Destroyed", "confidence": null, "bid": "334"}}, {"type": "Feature", "geometry": {"type": "Polygon", "coordinates": [[[85.37559820658694, 28.264742435106], [85.37576139341306, 28.264742435106], [85.37576139341306, 28.264886164894], [85.37559820658694, 28.264886164894], [85.37559820658694, 28.264742435106]]]}, "properties": {"source": "emsr927", "dmg": 1.0, "dmg_class": 3, "dmg_label": "Destroyed", "confidence": null, "bid": "335"}}, {"type": "Feature", "geometry": {"type": "Polygon", "coordinates": [[[85.37596130653381, 28.264811835106], [85.3761244934662, 28.264811835106], [85.3761244934662, 28.264955564894], [85.37596130653381, 28.264955564894], [85.37596130653381, 28.264811835106]]]}, "properties": {"source": "emsr927", "dmg": 1.0, "dmg_class": 3, "dmg_label": "Destroyed", "confidence": null, "bid": "336"}}, {"type": "Feature", "geometry": {"type": "Polygon", "coordinates": [[[85.37490040645785, 28.264911035106], [85.37506359354215, 28.264911035106], [85.37506359354215, 28.265054764894], [85.37490040645785, 28.265054764894], [85.37490040645785, 28.264911035106]]]}, "properties": {"source": "emsr927", "dmg": 1.0, "dmg_class": 3, "dmg_label": "Destroyed", "confidence": null, "bid": "337"}}, {"type": "Feature", "geometry": {"type": "Polygon", "coordinates": [[[85.37496720642463, 28.264954435106], [85.37513039357538, 28.264954435106], [85.37513039357538, 28.265098164894], [85.37496720642463, 28.265098164894], [85.37496720642463, 28.264954435106]]]}, "properties": {"source": "emsr927", "dmg": 1.0, "dmg_class": 3, "dmg_label": "Destroyed", "confidence": null, "bid": "338"}}, {"type": "Feature", "geometry": {"type": "Polygon", "coordinates": [[[85.37547980638182, 28.265010335106], [85.37564299361817, 28.265010335106], [85.37564299361817, 28.265154064894], [85.37547980638182, 28.265154064894], [85.37547980638182, 28.265010335106]]]}, "properties": {"source": "emsr927", "dmg": 1.0, "dmg_class": 3, "dmg_label": "Destroyed", "confidence": null, "bid": "339"}}, {"type": "Feature", "geometry": {"type": "Polygon", "coordinates": [[[85.37527220633756, 28.265068135106], [85.37543539366244, 28.265068135106], [85.37543539366244, 28.265211864894], [85.37527220633756, 28.265211864894], [85.37527220633756, 28.265068135106]]]}, "properties": {"source": "emsr927", "dmg": 1.0, "dmg_class": 3, "dmg_label": "Destroyed", "confidence": null, "bid": "340"}}, {"type": "Feature", "geometry": {"type": "Polygon", "coordinates": [[[85.37642990633297, 28.265074135106], [85.37659309366704, 28.265074135106], [85.37659309366704, 28.265217864894], [85.37642990633297, 28.265217864894], [85.37642990633297, 28.265074135106]]]}, "properties": {"source": "emsr927", "dmg": 1.0, "dmg_class": 3, "dmg_label": "Destroyed", "confidence": null, "bid": "341"}}, {"type": "Feature", "geometry": {"type": "Polygon", "coordinates": [[[85.37521160629866, 28.265118935106], [85.37537479370134, 28.265118935106], [85.37537479370134, 28.265262664894], [85.37521160629866, 28.265262664894], [85.37521160629866, 28.265118935106]]]}, "properties": {"source": "emsr927", "dmg": 1.0, "dmg_class": 3, "dmg_label": "Destroyed", "confidence": null, "bid": "342"}}, {"type": "Feature", "geometry": {"type": "Polygon", "coordinates": [[[85.37506690628702, 28.265134135106], [85.37523009371297, 28.265134135106], [85.37523009371297, 28.265277864894], [85.37506690628702, 28.265277864894], [85.37506690628702, 28.265134135106]]]}, "properties": {"source": "emsr927", "dmg": 1.0, "dmg_class": 3, "dmg_label": "Destroyed", "confidence": null, "bid": "343"}}, {"type": "Feature", "geometry": {"type": "Polygon", "coordinates": [[[85.37619400626345, 28.265164935106], [85.37635719373655, 28.265164935106], [85.37635719373655, 28.265308664894], [85.37619400626345, 28.265308664894], [85.37619400626345, 28.265164935106]]]}, "properties": {"source": "emsr927", "dmg": 1.0, "dmg_class": 3, "dmg_label": "Destroyed", "confidence": null, "bid": "344"}}, {"type": "Feature", "geometry": {"type": "Polygon", "coordinates": [[[85.37539320624637, 28.265187235106], [85.37555639375364, 28.265187235106], [85.37555639375364, 28.265330964894], [85.37539320624637, 28.265330964894], [85.37539320624637, 28.265187235106]]]}, "properties": {"source": "emsr927", "dmg": 1.0, "dmg_class": 3, "dmg_label": "Destroyed", "confidence": null, "bid": "345"}}, {"type": "Feature", "geometry": {"type": "Polygon", "coordinates": [[[85.3753679062201, 28.265221535106], [85.3755310937799, 28.265221535106], [85.3755310937799, 28.265365264894], [85.3753679062201, 28.265365264894], [85.3753679062201, 28.265221535106]]]}, "properties": {"source": "emsr927", "dmg": 1.0, "dmg_class": 3, "dmg_label": "Destroyed", "confidence": null, "bid": "346"}}, {"type": "Feature", "geometry": {"type": "Polygon", "coordinates": [[[85.37498800621391, 28.265229635106], [85.3751511937861, 28.265229635106], [85.3751511937861, 28.265373364894], [85.37498800621391, 28.265373364894], [85.37498800621391, 28.265229635106]]]}, "properties": {"source": "emsr927", "dmg": 1.0, "dmg_class": 3, "dmg_label": "Destroyed", "confidence": null, "bid": "347"}}, {"type": "Feature", "geometry": {"type": "Polygon", "coordinates": [[[85.37619400620281, 28.265244135106], [85.37635719379719, 28.265244135106], [85.37635719379719, 28.265387864894], [85.37619400620281, 28.265387864894], [85.37619400620281, 28.265244135106]]]}, "properties": {"source": "emsr927", "dmg": 1.0, "dmg_class": 3, "dmg_label": "Destroyed", "confidence": null, "bid": "348"}}, {"type": "Feature", "geometry": {"type": "Polygon", "coordinates": [[[85.37503030617991, 28.265274035106], [85.37519349382008, 28.265274035106], [85.37519349382008, 28.265417764894], [85.37503030617991, 28.265417764894], [85.37503030617991, 28.265274035106]]]}, "properties": {"source": "emsr927", "dmg": 1.0, "dmg_class": 3, "dmg_label": "Destroyed", "confidence": null, "bid": "349"}}, {"type": "Feature", "geometry": {"type": "Polygon", "coordinates": [[[85.37639530617884, 28.265275435106], [85.37655849382116, 28.265275435106], [85.37655849382116, 28.265419164894], [85.37639530617884, 28.265419164894], [85.37639530617884, 28.265275435106]]]}, "properties": {"source": "emsr927", "dmg": 1.0, "dmg_class": 3, "dmg_label": "Destroyed", "confidence": null, "bid": "350"}}, {"type": "Feature", "geometry": {"type": "Polygon", "coordinates": [[[85.37505730616405, 28.265294735106], [85.37522049383594, 28.265294735106], [85.37522049383594, 28.265438464894], [85.37505730616405, 28.265438464894], [85.37505730616405, 28.265294735106]]]}, "properties": {"source": "emsr927", "dmg": 1.0, "dmg_class": 3, "dmg_label": "Destroyed", "confidence": null, "bid": "351"}}, {"type": "Feature", "geometry": {"type": "Polygon", "coordinates": [[[85.37608830615731, 28.265303535106], [85.37625149384267, 28.265303535106], [85.37625149384267, 28.265447264894], [85.37608830615731, 28.265447264894], [85.37608830615731, 28.265303535106]]]}, "properties": {"source": "emsr927", "dmg": 1.0, "dmg_class": 3, "dmg_label": "Destroyed", "confidence": null, "bid": "352"}}, {"type": "Feature", "geometry": {"type": "Polygon", "coordinates": [[[85.37603550615097, 28.265311835106], [85.37619869384903, 28.265311835106], [85.37619869384903, 28.265455564894], [85.37603550615097, 28.265455564894], [85.37603550615097, 28.265311835106]]]}, "properties": {"source": "emsr927", "dmg": 1.0, "dmg_class": 3, "dmg_label": "Destroyed", "confidence": null, "bid": "353"}}, {"type": "Feature", "geometry": {"type": "Polygon", "coordinates": [[[85.3761216061058, 28.265370835106], [85.37628479389421, 28.265370835106], [85.37628479389421, 28.265514564894], [85.3761216061058, 28.265514564894], [85.3761216061058, 28.265370835106]]]}, "properties": {"source": "emsr927", "dmg": 1.0, "dmg_class": 3, "dmg_label": "Destroyed", "confidence": null, "bid": "354"}}, {"type": "Feature", "geometry": {"type": "Polygon", "coordinates": [[[85.37607820607248, 28.265414335106], [85.37624139392751, 28.265414335106], [85.37624139392751, 28.265558064894], [85.37607820607248, 28.265558064894], [85.37607820607248, 28.265414335106]]]}, "properties": {"source": "emsr927", "dmg": 1.0, "dmg_class": 3, "dmg_label": "Destroyed", "confidence": null, "bid": "355"}}, {"type": "Feature", "geometry": {"type": "Polygon", "coordinates": [[[85.37625340595135, 28.265572535106], [85.37641659404865, 28.265572535106], [85.37641659404865, 28.265716264894], [85.37625340595135, 28.265716264894], [85.37625340595135, 28.265572535106]]]}, "properties": {"source": "emsr927", "dmg": 1.0, "dmg_class": 3, "dmg_label": "Destroyed", "confidence": null, "bid": "356"}}, {"type": "Feature", "geometry": {"type": "Polygon", "coordinates": [[[85.37596400593473, 28.265594235106], [85.37612719406526, 28.265594235106], [85.37612719406526, 28.265737964894], [85.37596400593473, 28.265737964894], [85.37596400593473, 28.265594235106]]]}, "properties": {"source": "emsr927", "dmg": 1.0, "dmg_class": 3, "dmg_label": "Destroyed", "confidence": null, "bid": "357"}}, {"type": "Feature", "geometry": {"type": "Polygon", "coordinates": [[[85.37615430589867, 28.265641335106], [85.37631749410133, 28.265641335106], [85.37631749410133, 28.265785064894], [85.37615430589867, 28.265785064894], [85.37615430589867, 28.265641335106]]]}, "properties": {"source": "emsr927", "dmg": 1.0, "dmg_class": 3, "dmg_label": "Destroyed", "confidence": null, "bid": "358"}}, {"type": "Feature", "geometry": {"type": "Polygon", "coordinates": [[[85.37605600583053, 28.265730335106], [85.37621919416948, 28.265730335106], [85.37621919416948, 28.265874064894], [85.37605600583053, 28.265874064894], [85.37605600583053, 28.265730335106]]]}, "properties": {"source": "emsr927", "dmg": 1.0, "dmg_class": 3, "dmg_label": "Destroyed", "confidence": null, "bid": "359"}}, {"type": "Feature", "geometry": {"type": "Polygon", "coordinates": [[[85.37596470582226, 28.265741135106], [85.37612789417774, 28.265741135106], [85.37612789417774, 28.265884864894], [85.37596470582226, 28.265884864894], [85.37596470582226, 28.265741135106]]]}, "properties": {"source": "emsr927", "dmg": 1.0, "dmg_class": 3, "dmg_label": "Destroyed", "confidence": null, "bid": "360"}}, {"type": "Feature", "geometry": {"type": "Polygon", "coordinates": [[[85.37649260642262, 28.264957035106], [85.37665579357737, 28.264957035106], [85.37665579357737, 28.265100764894], [85.37649260642262, 28.265100764894], [85.37649260642262, 28.264957035106]]]}, "properties": {"source": "emsr927", "dmg": 1.0, "dmg_class": 3, "dmg_label": "Destroyed", "confidence": null, "bid": "361"}}, {"type": "Feature", "geometry": {"type": "Polygon", "coordinates": [[[85.37671540627355, 28.265151735106], [85.37687859372645, 28.265151735106], [85.37687859372645, 28.265295464894], [85.37671540627355, 28.265295464894], [85.37671540627355, 28.265151735106]]]}, "properties": {"source": "emsr927", "dmg": 1.0, "dmg_class": 3, "dmg_label": "Destroyed", "confidence": null, "bid": "362"}}, {"type": "Feature", "geometry": {"type": "Polygon", "coordinates": [[[85.37664440625082, 28.265181435106], [85.37680759374919, 28.265181435106], [85.37680759374919, 28.265325164894], [85.37664440625082, 28.265325164894], [85.37664440625082, 28.265181435106]]]}, "properties": {"source": "emsr927", "dmg": 1.0, "dmg_class": 3, "dmg_label": "Destroyed", "confidence": null, "bid": "363"}}, {"type": "Feature", "geometry": {"type": "Polygon", "coordinates": [[[85.3765213062012, 28.265246235105998], [85.37668449379879, 28.265246235105998], [85.37668449379879, 28.265389964894], [85.3765213062012, 28.265389964894], [85.3765213062012, 28.265246235105998]]]}, "properties": {"source": "emsr927", "dmg": 1.0, "dmg_class": 3, "dmg_label": "Destroyed", "confidence": null, "bid": "364"}}, {"type": "Feature", "geometry": {"type": "Polygon", "coordinates": [[[85.37651450609332, 28.265387135106], [85.37667769390669, 28.265387135106], [85.37667769390669, 28.265530864894], [85.37651450609332, 28.265530864894], [85.37651450609332, 28.265387135106]]]}, "properties": {"source": "emsr927", "dmg": 1.0, "dmg_class": 3, "dmg_label": "Destroyed", "confidence": null, "bid": "365"}}, {"type": "Feature", "geometry": {"type": "Polygon", "coordinates": [[[85.3765984060871, 28.265395235106], [85.37676159391289, 28.265395235106], [85.37676159391289, 28.265538964894], [85.3765984060871, 28.265538964894], [85.3765984060871, 28.265395235106]]]}, "properties": {"source": "emsr927", "dmg": 1.0, "dmg_class": 3, "dmg_label": "Destroyed", "confidence": null, "bid": "366"}}, {"type": "Feature", "geometry": {"type": "Polygon", "coordinates": [[[85.37655780602701, 28.265473735106], [85.376720993973, 28.265473735106], [85.376720993973, 28.265617464894], [85.37655780602701, 28.265617464894], [85.37655780602701, 28.265473735106]]]}, "properties": {"source": "emsr927", "dmg": 1.0, "dmg_class": 3, "dmg_label": "Destroyed", "confidence": null, "bid": "367"}}, {"type": "Feature", "geometry": {"type": "Polygon", "coordinates": [[[85.37648470511489, 28.266664935106], [85.3766478948851, 28.266664935106], [85.3766478948851, 28.266808664894], [85.37648470511489, 28.266808664894], [85.37648470511489, 28.266664935106]]]}, "properties": {"source": "emsr927", "dmg": 1.0, "dmg_class": 3, "dmg_label": "Destroyed", "confidence": null, "bid": "368"}}, {"type": "Feature", "geometry": {"type": "Polygon", "coordinates": [[[85.37687440417479, 28.267892635106], [85.37703759582523, 28.267892635106], [85.37703759582523, 28.268036364894], [85.37687440417479, 28.268036364894], [85.37687440417479, 28.267892635106]]]}, "properties": {"source": "emsr927", "dmg": 1.0, "dmg_class": 3, "dmg_label": "Destroyed", "confidence": null, "bid": "369"}}, {"type": "Feature", "geometry": {"type": "Polygon", "coordinates": [[[85.37694940404283, 28.268064935106], [85.37711259595717, 28.268064935106], [85.37711259595717, 28.268208664894], [85.37694940404283, 28.268208664894], [85.37694940404283, 28.268064935106]]]}, "properties": {"source": "emsr927", "dmg": 1.0, "dmg_class": 3, "dmg_label": "Destroyed", "confidence": null, "bid": "370"}}, {"type": "Feature", "geometry": {"type": "Polygon", "coordinates": [[[85.37643590535947, 28.266345535106], [85.37659909464054, 28.266345535106], [85.37659909464054, 28.266489264894002], [85.37643590535947, 28.266489264894002], [85.37643590535947, 28.266345535106]]]}, "properties": {"source": "emsr927", "dmg": 1.0, "dmg_class": 3, "dmg_label": "Destroyed", "confidence": null, "bid": "371"}}, {"type": "Feature", "geometry": {"type": "Polygon", "coordinates": [[[85.3764500051809, 28.266578735106], [85.37661319481911, 28.266578735106], [85.37661319481911, 28.266722464894], [85.3764500051809, 28.266722464894], [85.3764500051809, 28.266578735106]]]}, "properties": {"source": "emsr927", "dmg": 1.0, "dmg_class": 3, "dmg_label": "Destroyed", "confidence": null, "bid": "372"}}, {"type": "Feature", "geometry": {"type": "Polygon", "coordinates": [[[85.37636100300507, 28.269420035106], [85.37652419699494, 28.269420035106], [85.37652419699494, 28.269563764894], [85.37636100300507, 28.269563764894], [85.37636100300507, 28.269420035106]]]}, "properties": {"source": "emsr927", "dmg": 1.0, "dmg_class": 3, "dmg_label": "Destroyed", "confidence": null, "bid": "373"}}, {"type": "Feature", "geometry": {"type": "Polygon", "coordinates": [[[85.37642870297391, 28.269460735106], [85.3765918970261, 28.269460735106], [85.3765918970261, 28.269604464894], [85.37642870297391, 28.269604464894], [85.37642870297391, 28.269460735106]]]}, "properties": {"source": "emsr927", "dmg": 1.0, "dmg_class": 3, "dmg_label": "Destroyed", "confidence": null, "bid": "374"}}, {"type": "Feature", "geometry": {"type": "Polygon", "coordinates": [[[85.37634480295115, 28.269490435106], [85.37650799704885, 28.269490435106], [85.37650799704885, 28.269634164894], [85.37634480295115, 28.269634164894], [85.37634480295115, 28.269490435106]]]}, "properties": {"source": "emsr927", "dmg": 1.0, "dmg_class": 3, "dmg_label": "Destroyed", "confidence": null, "bid": "375"}}, {"type": "Feature", "geometry": {"type": "Polygon", "coordinates": [[[85.37645580292006, 28.269531035106], [85.37661899707994, 28.269531035106], [85.37661899707994, 28.269674764894], [85.37645580292006, 28.269674764894], [85.37645580292006, 28.269531035106]]]}, "properties": {"source": "emsr927", "dmg": 1.0, "dmg_class": 3, "dmg_label": "Destroyed", "confidence": null, "bid": "376"}}, {"type": "Feature", "geometry": {"type": "Polygon", "coordinates": [[[85.37640440291585, 28.269536535106], [85.37656759708415, 28.269536535106], [85.37656759708415, 28.269680264894], [85.37640440291585, 28.269680264894], [85.37640440291585, 28.269536535106]]]}, "properties": {"source": "emsr927", "dmg": 1.0, "dmg_class": 3, "dmg_label": "Destroyed", "confidence": null, "bid": "377"}}, {"type": "Feature", "geometry": {"type": "Polygon", "coordinates": [[[85.37636640291171, 28.269541935105998], [85.37652959708828, 28.269541935105998], [85.37652959708828, 28.269685664894], [85.37636640291171, 28.269685664894], [85.37636640291171, 28.269541935105998]]]}, "properties": {"source": "emsr927", "dmg": 1.0, "dmg_class": 3, "dmg_label": "Destroyed", "confidence": null, "bid": "378"}}, {"type": "Feature", "geometry": {"type": "Polygon", "coordinates": [[[85.37643140287442, 28.269590635106], [85.37659459712559, 28.269590635106], [85.37659459712559, 28.269734364894], [85.37643140287442, 28.269734364894], [85.37643140287442, 28.269590635106]]]}, "properties": {"source": "emsr927", "dmg": 1.0, "dmg_class": 3, "dmg_label": "Destroyed", "confidence": null, "bid": "379"}}, {"type": "Feature", "geometry": {"type": "Polygon", "coordinates": [[[85.37638540285988, 28.269609635106], [85.37654859714013, 28.269609635106], [85.37654859714013, 28.269753364894], [85.37638540285988, 28.269753364894], [85.37638540285988, 28.269609635106]]]}, "properties": {"source": "emsr927", "dmg": 1.0, "dmg_class": 3, "dmg_label": "Destroyed", "confidence": null, "bid": "380"}}, {"type": "Feature", "geometry": {"type": "Polygon", "coordinates": [[[85.37749990386271, 28.268300135106], [85.3776630961373, 28.268300135106], [85.3776630961373, 28.268443864894], [85.37749990386271, 28.268443864894], [85.37749990386271, 28.268300135106]]]}, "properties": {"source": "emsr927", "dmg": 1.0, "dmg_class": 3, "dmg_label": "Destroyed", "confidence": null, "bid": "381"}}, {"type": "Feature", "geometry": {"type": "Polygon", "coordinates": [[[85.3775269037401, 28.268460235106], [85.37769009625988, 28.268460235106], [85.37769009625988, 28.268603964894], [85.3775269037401, 28.268603964894], [85.3775269037401, 28.268460235106]]]}, "properties": {"source": "emsr927", "dmg": 1.0, "dmg_class": 3, "dmg_label": "Destroyed", "confidence": null, "bid": "382"}}, {"type": "Feature", "geometry": {"type": "Polygon", "coordinates": [[[85.37652080293867, 28.269506735106], [85.37668399706132, 28.269506735106], [85.37668399706132, 28.269650464894], [85.37652080293867, 28.269650464894], [85.37652080293867, 28.269506735106]]]}, "properties": {"source": "emsr927", "dmg": 1.0, "dmg_class": 3, "dmg_label": "Destroyed", "confidence": null, "bid": "383"}}, {"type": "Feature", "geometry": {"type": "Polygon", "coordinates": [[[85.37648830287856, 28.269585235106], [85.37665149712146, 28.269585235106], [85.37665149712146, 28.269728964894], [85.37648830287856, 28.269728964894], [85.37648830287856, 28.269585235106]]]}, "properties": {"source": "emsr927", "dmg": 1.0, "dmg_class": 3, "dmg_label": "Destroyed", "confidence": null, "bid": "384"}}, {"type": "Feature", "geometry": {"type": "Polygon", "coordinates": [[[85.37652080287648, 28.269587935106], [85.37668399712351, 28.269587935106], [85.37668399712351, 28.269731664894], [85.37652080287648, 28.269731664894], [85.37652080287648, 28.269587935106]]]}, "properties": {"source": "emsr927", "dmg": 1.0, "dmg_class": 3, "dmg_label": "Destroyed", "confidence": null, "bid": "385"}}, {"type": "Feature", "geometry": {"type": "Polygon", "coordinates": [[[85.37655870283919, 28.269636635106], [85.37672189716082, 28.269636635106], [85.37672189716082, 28.269780364894], [85.37655870283919, 28.269780364894], [85.37655870283919, 28.269636635106]]]}, "properties": {"source": "emsr927", "dmg": 1.0, "dmg_class": 3, "dmg_label": "Destroyed", "confidence": null, "bid": "386"}}, {"type": "Feature", "geometry": {"type": "Polygon", "coordinates": [[[85.37646660283713, 28.269639335106], [85.37662979716288, 28.269639335106], [85.37662979716288, 28.269783064894], [85.37646660283713, 28.269783064894], [85.37646660283713, 28.269639335106]]]}, "properties": {"source": "emsr927", "dmg": 1.0, "dmg_class": 3, "dmg_label": "Destroyed", "confidence": null, "bid": "387"}}, {"type": "Feature", "geometry": {"type": "Polygon", "coordinates": [[[85.37651810283505, 28.269642035106], [85.37668129716495, 28.269642035106], [85.37668129716495, 28.269785764894], [85.37651810283505, 28.269785764894], [85.37651810283505, 28.269642035106]]]}, "properties": {"source": "emsr927", "dmg": 1.0, "dmg_class": 3, "dmg_label": "Destroyed", "confidence": null, "bid": "388"}}, {"type": "Feature", "geometry": {"type": "Polygon", "coordinates": [[[85.37667240275832, 28.269742235106], [85.3768355972417, 28.269742235106], [85.3768355972417, 28.269885964894], [85.37667240275832, 28.269885964894], [85.37667240275832, 28.269742235106]]]}, "properties": {"source": "emsr927", "dmg": 1.0, "dmg_class": 3, "dmg_label": "Destroyed", "confidence": null, "bid": "389"}}, {"type": "Feature", "geometry": {"type": "Polygon", "coordinates": [[[85.3765695027417, 28.269763935106], [85.3767326972583, 28.269763935106], [85.3767326972583, 28.269907664894], [85.3765695027417, 28.269907664894], [85.3765695027417, 28.269763935106]]]}, "properties": {"source": "emsr927", "dmg": 1.0, "dmg_class": 3, "dmg_label": "Destroyed", "confidence": null, "bid": "390"}}, {"type": "Feature", "geometry": {"type": "Polygon", "coordinates": [[[85.37640440281844, 28.269663735106], [85.37656759718156, 28.269663735106], [85.37656759718156, 28.269807464894], [85.37640440281844, 28.269807464894], [85.37640440281844, 28.269663735106]]]}, "properties": {"source": "emsr927", "dmg": 1.0, "dmg_class": 3, "dmg_label": "Destroyed", "confidence": null, "bid": "391"}}, {"type": "Feature", "geometry": {"type": "Polygon", "coordinates": [[[85.37643680281636, 28.269666435106], [85.37659999718363, 28.269666435106], [85.37659999718363, 28.269810164894], [85.37643680281636, 28.269810164894], [85.37643680281636, 28.269666435106]]]}, "properties": {"source": "emsr927", "dmg": 1.0, "dmg_class": 3, "dmg_label": "Destroyed", "confidence": null, "bid": "392"}}, {"type": "Feature", "geometry": {"type": "Polygon", "coordinates": [[[85.37672380264634, 28.269888435106], [85.37688699735365, 28.269888435106], [85.37688699735365, 28.270032164894], [85.37672380264634, 28.270032164894], [85.37672380264634, 28.269888435106]]]}, "properties": {"source": "emsr927", "dmg": 1.0, "dmg_class": 3, "dmg_label": "Destroyed", "confidence": null, "bid": "393"}}, {"type": "Feature", "geometry": {"type": "Polygon", "coordinates": [[[85.37668860252818, 28.270042735106], [85.37685179747182, 28.270042735106], [85.37685179747182, 28.270186464894], [85.37668860252818, 28.270186464894], [85.37668860252818, 28.270042735106]]]}, "properties": {"source": "emsr927", "dmg": 1.0, "dmg_class": 3, "dmg_label": "Destroyed", "confidence": null, "bid": "394"}}, {"type": "Feature", "geometry": {"type": "Polygon", "coordinates": [[[85.37828590230185, 28.270338235106], [85.37844909769814, 28.270338235106], [85.37844909769814, 28.270481964894], [85.37828590230185, 28.270481964894], [85.37828590230185, 28.270338235106]]]}, "properties": {"source": "emsr927", "dmg": 1.0, "dmg_class": 3, "dmg_label": "Destroyed", "confidence": null, "bid": "395"}}, {"type": "Feature", "geometry": {"type": "Polygon", "coordinates": [[[85.3784161022922, 28.270350835106], [85.37857929770779, 28.270350835106], [85.37857929770779, 28.270494564894], [85.3784161022922, 28.270494564894], [85.3784161022922, 28.270350835106]]]}, "properties": {"source": "emsr927", "dmg": 1.0, "dmg_class": 3, "dmg_label": "Destroyed", "confidence": null, "bid": "396"}}, {"type": "Feature", "geometry": {"type": "Polygon", "coordinates": [[[85.37665880212595, 28.270567935106], [85.37682199787406, 28.270567935106], [85.37682199787406, 28.270711664894], [85.37665880212595, 28.270711664894], [85.37665880212595, 28.270567935106]]]}, "properties": {"source": "emsr927", "dmg": 1.0, "dmg_class": 3, "dmg_label": "Destroyed", "confidence": null, "bid": "397"}}, {"type": "Feature", "geometry": {"type": "Polygon", "coordinates": [[[85.37817840208857, 28.270616735106], [85.37834159791143, 28.270616735106], [85.37834159791143, 28.270760464894], [85.37817840208857, 28.270760464894], [85.37817840208857, 28.270616735106]]]}, "properties": {"source": "emsr927", "dmg": 1.0, "dmg_class": 3, "dmg_label": "Destroyed", "confidence": null, "bid": "398"}}, {"type": "Feature", "geometry": {"type": "Polygon", "coordinates": [[[85.37726570205716, 28.270657735106], [85.37742889794283, 28.270657735106], [85.37742889794283, 28.270801464894], [85.37726570205716, 28.270801464894], [85.37726570205716, 28.270657735106]]]}, "properties": {"source": "emsr927", "dmg": 1.0, "dmg_class": 3, "dmg_label": "Destroyed", "confidence": null, "bid": "399"}}, {"type": "Feature", "geometry": {"type": "Polygon", "coordinates": [[[85.3767671020492, 28.270668135106], [85.37693029795079, 28.270668135106], [85.37693029795079, 28.270811864894], [85.3767671020492, 28.270811864894], [85.3767671020492, 28.270668135106]]]}, "properties": {"source": "emsr927", "dmg": 1.0, "dmg_class": 3, "dmg_label": "Destroyed", "confidence": null, "bid": "400"}}, {"type": "Feature", "geometry": {"type": "Polygon", "coordinates": [[[85.37819370201802, 28.270708835106], [85.37835689798197, 28.270708835106], [85.37835689798197, 28.270852564894], [85.37819370201802, 28.270852564894], [85.37819370201802, 28.270708835106]]]}, "properties": {"source": "emsr927", "dmg": 1.0, "dmg_class": 3, "dmg_label": "Destroyed", "confidence": null, "bid": "401"}}, {"type": "Feature", "geometry": {"type": "Polygon", "coordinates": [[[85.37820590194427, 28.270805135106], [85.37836909805573, 28.270805135106], [85.37836909805573, 28.270948864894], [85.37820590194427, 28.270948864894], [85.37820590194427, 28.270805135106]]]}, "properties": {"source": "emsr927", "dmg": 1.0, "dmg_class": 3, "dmg_label": "Destroyed", "confidence": null, "bid": "402"}}, {"type": "Feature", "geometry": {"type": "Polygon", "coordinates": [[[85.37690790186461, 28.270909135106], [85.37707109813537, 28.270909135106], [85.37707109813537, 28.271052864894], [85.37690790186461, 28.271052864894], [85.37690790186461, 28.270909135106]]]}, "properties": {"source": "emsr927", "dmg": 1.0, "dmg_class": 3, "dmg_label": "Destroyed", "confidence": null, "bid": "403"}}, {"type": "Feature", "geometry": {"type": "Polygon", "coordinates": [[[85.37846190183353, 28.270949735106], [85.37862509816648, 28.270949735106], [85.37862509816648, 28.271093464894], [85.37846190183353, 28.271093464894], [85.37846190183353, 28.270949735106]]]}, "properties": {"source": "emsr927", "dmg": 1.0, "dmg_class": 3, "dmg_label": "Destroyed", "confidence": null, "bid": "404"}}, {"type": "Feature", "geometry": {"type": "Polygon", "coordinates": [[[85.37799350176513, 28.271039035106], [85.37815669823487, 28.271039035106], [85.37815669823487, 28.271182764894], [85.37799350176513, 28.271182764894], [85.37799350176513, 28.271039035106]]]}, "properties": {"source": "emsr927", "dmg": 1.0, "dmg_class": 3, "dmg_label": "Destroyed", "confidence": null, "bid": "405"}}, {"type": "Feature", "geometry": {"type": "Polygon", "coordinates": [[[85.37668330173142, 28.271083035106], [85.37684649826858, 28.271083035106], [85.37684649826858, 28.271226764894], [85.37668330173142, 28.271226764894], [85.37668330173142, 28.271083035106]]]}, "properties": {"source": "emsr927", "dmg": 1.0, "dmg_class": 3, "dmg_label": "Destroyed", "confidence": null, "bid": "406"}}, {"type": "Feature", "geometry": {"type": "Polygon", "coordinates": [[[85.37684010170776, 28.271113935106], [85.37700329829224, 28.271113935106], [85.37700329829224, 28.271257664894], [85.37684010170776, 28.271257664894], [85.37684010170776, 28.271113935106]]]}, "properties": {"source": "emsr927", "dmg": 1.0, "dmg_class": 3, "dmg_label": "Destroyed", "confidence": null, "bid": "407"}}, {"type": "Feature", "geometry": {"type": "Polygon", "coordinates": [[[85.37892210168631, 28.271141935106], [85.37908529831368, 28.271141935106], [85.37908529831368, 28.271285664894002], [85.37892210168631, 28.271285664894002], [85.37892210168631, 28.271141935106]]]}, "properties": {"source": "emsr927", "dmg": 1.0, "dmg_class": 3, "dmg_label": "Destroyed", "confidence": null, "bid": "408"}}, {"type": "Feature", "geometry": {"type": "Polygon", "coordinates": [[[85.37890590159095, 28.271266435106], [85.37906909840903, 28.271266435106], [85.37906909840903, 28.271410164894], [85.37890590159095, 28.271410164894], [85.37890590159095, 28.271266435106]]]}, "properties": {"source": "emsr927", "dmg": 1.0, "dmg_class": 3, "dmg_label": "Destroyed", "confidence": null, "bid": "409"}}, {"type": "Feature", "geometry": {"type": "Polygon", "coordinates": [[[85.37875970147692, 28.271415335106], [85.37892289852309, 28.271415335106], [85.37892289852309, 28.271559064894], [85.37875970147692, 28.271559064894], [85.37875970147692, 28.271415335106]]]}, "properties": {"source": "emsr927", "dmg": 1.0, "dmg_class": 3, "dmg_label": "Destroyed", "confidence": null, "bid": "410"}}, {"type": "Feature", "geometry": {"type": "Polygon", "coordinates": [[[85.37848090128705, 28.271663235106], [85.37864409871295, 28.271663235106], [85.37864409871295, 28.271806964894], [85.37848090128705, 28.271806964894], [85.37848090128705, 28.271663235106]]]}, "properties": {"source": "emsr927", "dmg": 1.0, "dmg_class": 3, "dmg_label": "Destroyed", "confidence": null, "bid": "411"}}, {"type": "Feature", "geometry": {"type": "Polygon", "coordinates": [[[85.37853770113477, 28.271862035106], [85.37870089886522, 28.271862035106], [85.37870089886522, 28.272005764894], [85.37853770113477, 28.272005764894], [85.37853770113477, 28.271862035106]]]}, "properties": {"source": "emsr927", "dmg": 1.0, "dmg_class": 3, "dmg_label": "Destroyed", "confidence": null, "bid": "412"}}, {"type": "Feature", "geometry": {"type": "Polygon", "coordinates": [[[85.37838070112642, 28.271872935106], [85.37854389887357, 28.271872935106], [85.37854389887357, 28.272016664894], [85.37838070112642, 28.272016664894], [85.37838070112642, 28.271872935106]]]}, "properties": {"source": "emsr927", "dmg": 1.0, "dmg_class": 3, "dmg_label": "Destroyed", "confidence": null, "bid": "413"}}, {"type": "Feature", "geometry": {"type": "Polygon", "coordinates": [[[85.37881110095844, 28.272092235106], [85.37897429904154, 28.272092235106], [85.37897429904154, 28.272235964894], [85.37881110095844, 28.272235964894], [85.37881110095844, 28.272092235106]]]}, "properties": {"source": "emsr927", "dmg": 1.0, "dmg_class": 3, "dmg_label": "Destroyed", "confidence": null, "bid": "414"}}, {"type": "Feature", "geometry": {"type": "Polygon", "coordinates": [[[85.37873260091494, 28.272149035106], [85.37889579908504, 28.272149035106], [85.37889579908504, 28.272292764894], [85.37873260091494, 28.272292764894], [85.37873260091494, 28.272149035106]]]}, "properties": {"source": "emsr927", "dmg": 1.0, "dmg_class": 3, "dmg_label": "Destroyed", "confidence": null, "bid": "415"}}, {"type": "Feature", "geometry": {"type": "Polygon", "coordinates": [[[85.37703250038406, 28.272842135106], [85.37719569961594, 28.272842135106], [85.37719569961594, 28.272985864894], [85.37703250038406, 28.272985864894], [85.37703250038406, 28.272842135106]]]}, "properties": {"source": "emsr927", "dmg": 1.0, "dmg_class": 3, "dmg_label": "Destroyed", "confidence": null, "bid": "416"}}, {"type": "Feature", "geometry": {"type": "Polygon", "coordinates": [[[85.37676980034055, 28.272898935106], [85.37693299965946, 28.272898935106], [85.37693299965946, 28.273042664894], [85.37676980034055, 28.273042664894], [85.37676980034055, 28.272898935106]]]}, "properties": {"source": "emsr927", "dmg": 1.0, "dmg_class": 3, "dmg_label": "Destroyed", "confidence": null, "bid": "417"}}, {"type": "Feature", "geometry": {"type": "Polygon", "coordinates": [[[85.37671570012279, 28.273183235106], [85.37687889987723, 28.273183235106], [85.37687889987723, 28.273326964894], [85.37671570012279, 28.273326964894], [85.37671570012279, 28.273183235106]]]}, "properties": {"source": "emsr927", "dmg": 1.0, "dmg_class": 3, "dmg_label": "Destroyed", "confidence": null, "bid": "418"}}, {"type": "Feature", "geometry": {"type": "Polygon", "coordinates": [[[85.37660739951312, 28.273979135106], [85.37677060048688, 28.273979135106], [85.37677060048688, 28.274122864894], [85.37660739951312, 28.274122864894], [85.37660739951312, 28.273979135106]]]}, "properties": {"source": "emsr927", "dmg": 1.0, "dmg_class": 3, "dmg_label": "Destroyed", "confidence": null, "bid": "419"}}, {"type": "Feature", "geometry": {"type": "Polygon", "coordinates": [[[85.3773274972112, 28.276983935106], [85.37749070278879, 28.276983935106], [85.37749070278879, 28.277127664894], [85.3773274972112, 28.277127664894], [85.3773274972112, 28.276983935106]]]}, "properties": {"source": "emsr927", "dmg": 1.0, "dmg_class": 3, "dmg_label": "Destroyed", "confidence": null, "bid": "420"}}, {"type": "Feature", "geometry": {"type": "Polygon", "coordinates": [[[85.37724469706242, 28.277178135106], [85.37740790293756, 28.277178135106], [85.37740790293756, 28.277321864894], [85.37724469706242, 28.277321864894], [85.37724469706242, 28.277178135106]]]}, "properties": {"source": "emsr927", "dmg": 1.0, "dmg_class": 3, "dmg_label": "Destroyed", "confidence": null, "bid": "421"}}, {"type": "Feature", "geometry": {"type": "Polygon", "coordinates": [[[85.37732489689526, 28.277396335106], [85.37748810310475, 28.277396335106], [85.37748810310475, 28.277540064894], [85.37732489689526, 28.277540064894], [85.37732489689526, 28.277396335106]]]}, "properties": {"source": "emsr927", "dmg": 1.0, "dmg_class": 3, "dmg_label": "Destroyed", "confidence": null, "bid": "422"}}, {"type": "Feature", "geometry": {"type": "Polygon", "coordinates": [[[85.37734429668954, 28.277664835106], [85.37750750331047, 28.277664835106], [85.37750750331047, 28.277808564894], [85.37734429668954, 28.277808564894], [85.37734429668954, 28.277664835106]]]}, "properties": {"source": "emsr927", "dmg": 1.0, "dmg_class": 3, "dmg_label": "Destroyed", "confidence": null, "bid": "423"}}, {"type": "Feature", "geometry": {"type": "Polygon", "coordinates": [[[85.3777545966202, 28.277755335106], [85.3779178033798, 28.277755335106], [85.3779178033798, 28.277899064894], [85.3777545966202, 28.277899064894], [85.3777545966202, 28.277755335106]]]}, "properties": {"source": "emsr927", "dmg": 1.0, "dmg_class": 3, "dmg_label": "Destroyed", "confidence": null, "bid": "424"}}, {"type": "Feature", "geometry": {"type": "Polygon", "coordinates": [[[85.37753879651447, 28.277893335106], [85.37770200348552, 28.277893335106], [85.37770200348552, 28.278037064894], [85.37753879651447, 28.278037064894], [85.37753879651447, 28.277893335106]]]}, "properties": {"source": "emsr927", "dmg": 1.0, "dmg_class": 3, "dmg_label": "Destroyed", "confidence": null, "bid": "425"}}, {"type": "Feature", "geometry": {"type": "Polygon", "coordinates": [[[85.37789789641577, 28.278022135106], [85.37806110358422, 28.278022135106], [85.37806110358422, 28.278165864894], [85.37789789641577, 28.278165864894], [85.37789789641577, 28.278022135106]]]}, "properties": {"source": "emsr927", "dmg": 1.0, "dmg_class": 3, "dmg_label": "Destroyed", "confidence": null, "bid": "426"}}, {"type": "Feature", "geometry": {"type": "Polygon", "coordinates": [[[85.37791729636682, 28.278086035106], [85.37808050363317, 28.278086035106], [85.37808050363317, 28.278229764894], [85.37791729636682, 28.278229764894], [85.37791729636682, 28.278086035106]]]}, "properties": {"source": "emsr927", "dmg": 1.0, "dmg_class": 3, "dmg_label": "Destroyed", "confidence": null, "bid": "427"}}, {"type": "Feature", "geometry": {"type": "Polygon", "coordinates": [[[85.37805179635548, 28.278100835106], [85.37821500364451, 28.278100835106], [85.37821500364451, 28.278244564894], [85.37805179635548, 28.278244564894], [85.37805179635548, 28.278100835106]]]}, "properties": {"source": "emsr927", "dmg": 1.0, "dmg_class": 3, "dmg_label": "Destroyed", "confidence": null, "bid": "428"}}, {"type": "Feature", "geometry": {"type": "Polygon", "coordinates": [[[85.37792869633036, 28.278133635106], [85.37809190366964, 28.278133635106], [85.37809190366964, 28.278277364894], [85.37792869633036, 28.278277364894], [85.37792869633036, 28.278133635106]]]}, "properties": {"source": "emsr927", "dmg": 1.0, "dmg_class": 3, "dmg_label": "Destroyed", "confidence": null, "bid": "429"}}, {"type": "Feature", "geometry": {"type": "Polygon", "coordinates": [[[85.37801899632584, 28.278139535106], [85.37818220367416, 28.278139535106], [85.37818220367416, 28.278283264894], [85.37801899632584, 28.278283264894], [85.37801899632584, 28.278139535106]]]}, "properties": {"source": "emsr927", "dmg": 1.0, "dmg_class": 3, "dmg_label": "Destroyed", "confidence": null, "bid": "430"}}, {"type": "Feature", "geometry": {"type": "Polygon", "coordinates": [[[85.37823839622448, 28.278271835106], [85.37840160377553, 28.278271835106], [85.37840160377553, 28.278415564894], [85.37823839622448, 28.278415564894], [85.37823839622448, 28.278271835106]]]}, "properties": {"source": "emsr927", "dmg": 1.0, "dmg_class": 3, "dmg_label": "Destroyed", "confidence": null, "bid": "431"}}]}