{"type": "FeatureCollection", "features": [{"type": "Feature", "geometry": {"type": "MultiPolygon", "coordinates": [[[[85.3269514, 28.1558612], [85.3269654, 28.1558533], [85.3269856, 28.1558454], [85.3270049, 28.155834], [85.3270251, 28.1558331], [85.3270584, 28.155834], [85.3270716, 28.155834], [85.3271058, 28.1558357], [85.3271295, 28.1558419], [85.3271541, 28.1558498], [85.3271725, 28.1558586], [85.3271945, 28.1558691], [85.3272147, 28.1558717], [85.3272331, 28.1558691], [85.3272524, 28.1558612], [85.3272621, 28.155848], [85.3272735, 28.1558331], [85.327291, 28.1558226], [85.3273077, 28.1558112], [85.3273358, 28.1557971], [85.3273463, 28.1557883], [85.3273604, 28.155784], [85.3273806, 28.155769], [85.3273937, 28.1557594], [85.3274095, 28.1557444], [85.3274262, 28.1557286], [85.3274455, 28.1557181], [85.3274613, 28.1556742], [85.3274692, 28.1556558], [85.3274753, 28.1556479], [85.3274982, 28.1556303], [85.3275069, 28.1556233], [85.327528, 28.1556075], [85.3275385, 28.1556005], [85.32755, 28.1555891], [85.3275605, 28.1555759], [85.3275824, 28.1555645], [85.3276123, 28.155554], [85.3276245, 28.1555496], [85.3276377, 28.15554], [85.3276465, 28.1555312], [85.32765, 28.1555119], [85.3276588, 28.1555022], [85.3276746, 28.1555031], [85.3276956, 28.1555048], [85.3277185, 28.1555048], [85.3277369, 28.1554978], [85.3277457, 28.1554917], [85.3277492, 28.1554767], [85.3277457, 28.1554636], [85.3277694, 28.1554645], [85.3277992, 28.1554627], [85.3278291, 28.1554618], [85.3278428, 28.1554719], [85.3278694, 28.1554917], [85.3278826, 28.155504], [85.3278923, 28.1555171], [85.3279168, 28.1555391], [85.32793, 28.1555478], [85.3279388, 28.155554], [85.3279572, 28.155568], [85.3279625, 28.1555777], [85.3279756, 28.1555865], [85.3279967, 28.1555838], [85.328016, 28.15559], [85.3280309, 28.1555935], [85.3280461, 28.155595], [85.3280597, 28.1556154], [85.3280526, 28.155632], [85.3280454, 28.155651], [85.3280454, 28.1556654], [85.3280477, 28.1556747], [85.3280483, 28.1556929], [85.3280596, 28.1557193], [85.3280705, 28.1557213], [85.3280716, 28.1557236], [85.3280704, 28.1557473], [85.3280692, 28.1557842], [85.328068, 28.1558091], [85.3280716, 28.1558305], [85.3280709, 28.1558365], [85.3280747, 28.1558401], [85.3280826, 28.1558496], [85.3280916, 28.1558575], [85.3281084, 28.1558673], [85.3281203, 28.1558578], [85.3281304, 28.1558468], [85.3281326, 28.1558395], [85.3281394, 28.1558288], [85.3281427, 28.1558154], [85.3281489, 28.1558019], [85.3281489, 28.1557839], [85.3281432, 28.1557702], [85.3281388, 28.1557598], [85.3281433, 28.1557491], [85.3281607, 28.1557485], [85.3281702, 28.1557519], [85.3281798, 28.1557558], [85.3281899, 28.1557418], [85.3281994, 28.1557322], [85.3281989, 28.1557176], [85.3282033, 28.155705], [85.3282059, 28.1557033], [85.3282106, 28.1556879], [85.3282107, 28.1556858], [85.3282039, 28.1556817], [85.3281927, 28.1556688], [85.3281938, 28.1556558], [85.328195, 28.1556457], [85.3281983, 28.1556384], [85.3282034, 28.1556322], [85.3282141, 28.1556266], [85.3282242, 28.1556233], [85.3282268, 28.155609], [85.3282354, 28.1556025], [85.3282393, 28.1555963], [85.3282427, 28.1555873], [85.32825, 28.1555766], [85.3282567, 28.1555705], [85.3282539, 28.1555564], [85.3282399, 28.1555609], [85.328228, 28.1555615], [85.3282276, 28.1555577], [85.3282101, 28.1555558], [85.3281994, 28.155544], [85.3282028, 28.1555373], [85.328214, 28.1555265], [85.328208, 28.1555201], [85.3282072, 28.1554835], [85.3281944, 28.1554705], [85.3282006, 28.1554547], [85.3282068, 28.1554502], [85.3282135, 28.1554362], [85.328218, 28.155421], [85.3282242, 28.1554132], [85.3282275, 28.1554014], [85.3282236, 28.1553941], [85.3282225, 28.1553845], [85.3282326, 28.155375], [85.3282458, 28.1553714], [85.3282451, 28.155354], [85.3282427, 28.1553266], [85.3282475, 28.1553005], [85.3282534, 28.1552862], [85.3282629, 28.1552553], [85.3282772, 28.1552458], [85.3282906, 28.1552394], [85.3282916, 28.1552233], [85.3282944, 28.1552093], [85.3282944, 28.1551986], [85.3282966, 28.1551919], [85.3283051, 28.1551902], [85.3283179, 28.1551921], [85.3283219, 28.1551873], [85.3283348, 28.1551817], [85.3283455, 28.1551705], [85.3283522, 28.155157], [85.3283601, 28.1551413], [85.3283792, 28.1551345], [85.3283837, 28.155143], [85.328382, 28.1551531], [85.3283775, 28.1551609], [85.3283685, 28.155175], [85.328373, 28.1551873], [85.3283916, 28.1551941], [85.3284056, 28.1552076], [85.3284011, 28.1552188], [85.3283854, 28.1552222], [85.3283719, 28.1552154], [85.3283646, 28.1552048], [85.3283539, 28.1552036], [85.3283466, 28.1552143], [85.328341, 28.1552323], [85.3283444, 28.1552437], [85.3283592, 28.1552494], [85.3283806, 28.1552648], [85.3283841, 28.1552779], [85.3283794, 28.1552898], [85.3283758, 28.1553029], [85.3284079, 28.1553207], [85.3284233, 28.155329], [85.328453, 28.1553361], [85.3284709, 28.1553635], [85.3284721, 28.1553789], [85.3284839, 28.1553967], [85.328497, 28.1554039], [85.3285196, 28.1554027], [85.3285309, 28.1553969], [85.3285449, 28.1554075], [85.3285466, 28.1554177], [85.328541, 28.1554317], [85.3285272, 28.1554426], [85.3285172, 28.1554526], [85.3285101, 28.1554728], [85.3285042, 28.1554954], [85.3285077, 28.1555096], [85.3285267, 28.1555203], [85.3285398, 28.1555441], [85.3285422, 28.1555714], [85.328559, 28.1555924], [85.3285708, 28.155598], [85.3285854, 28.1556059], [85.3286016, 28.155616], [85.3286112, 28.1556244], [85.3286045, 28.1556362], [85.3285994, 28.1556452], [85.3285994, 28.155653], [85.3286028, 28.1556631], [85.3286086, 28.1556731], [85.3286135, 28.1556748], [85.328642, 28.1556843], [85.3286729, 28.1556843], [85.3286907, 28.1556915], [85.3287097, 28.1557081], [85.3287264, 28.1557176], [85.3287703, 28.1557604], [85.328781, 28.1557842], [85.3288048, 28.1557984], [85.3288143, 28.1558162], [85.328821, 28.1558306], [85.3288404, 28.1558378], [85.3288567, 28.1558485], [85.3288668, 28.1558637], [85.3288719, 28.1558777], [85.3288853, 28.1558906], [85.3289011, 28.1558996], [85.32891, 28.1559097], [85.3289095, 28.1559232], [85.3289081, 28.1559399], [85.3289153, 28.1559529], [85.3289225, 28.1559648], [85.328932, 28.1559755], [85.3289424, 28.1559894], [85.3289437, 28.15598], [85.3289511, 28.1559637], [85.328955, 28.1559536], [85.3289696, 28.1559519], [85.3289758, 28.1559552], [85.3289769, 28.1559682], [85.3289814, 28.15598], [85.3289909, 28.1559912], [85.3289977, 28.1560041], [85.3290005, 28.1560226], [85.3290011, 28.1560322], [85.3289999, 28.1560433], [85.3290056, 28.1560468], [85.3290153, 28.1560545], [85.329023, 28.1560491], [85.3290353, 28.1560519], [85.3290415, 28.156053], [85.329046, 28.156062], [85.3290467, 28.1561141], [85.3290473, 28.1561228], [85.3290603, 28.1561312], [85.3290908, 28.1561347], [85.3291298, 28.1561719], [85.3291304, 28.1561953], [85.3291554, 28.1562322], [85.3291649, 28.1562607], [85.3291601, 28.156294], [85.329159, 28.1563166], [85.3291673, 28.1563284], [85.3291899, 28.1563296], [85.3292564, 28.1563225], [85.3293277, 28.1563201], [85.3293622, 28.1563106], [85.3293683, 28.1563083], [85.3293898, 28.1562788], [85.3294139, 28.156267], [85.3294296, 28.1562636], [85.3294442, 28.156267], [85.3294531, 28.1562716], [85.329481, 28.1562583], [85.3295259, 28.1562525], [85.3295353, 28.1562445], [85.3295487, 28.1562457], [85.3295628, 28.1562468], [85.3295763, 28.156249], [85.3295914, 28.1562502], [85.32961, 28.1562468], [85.3296285, 28.1562462], [85.3296476, 28.1562518], [85.3296605, 28.1562732], [85.3296819, 28.1562676], [85.3297049, 28.1562659], [85.3297274, 28.1562687], [85.3297444, 28.1562799], [85.3297734, 28.1562785], [85.3298078, 28.1562738], [85.3298375, 28.1562904], [85.3298696, 28.1563011], [85.3298922, 28.1563059], [85.3299171, 28.1563082], [85.3299302, 28.1563142], [85.3299457, 28.1563296], [85.3299564, 28.1563498], [85.3299528, 28.1563712], [85.3299588, 28.1563879], [85.329973, 28.1564104], [85.3299908, 28.1564188], [85.3300051, 28.1564176], [85.3300312, 28.1564104], [85.3301037, 28.156414], [85.3301299, 28.1564116], [85.3301429, 28.1564057], [85.3301691, 28.1563997], [85.3302273, 28.1563962], [85.3302559, 28.156395], [85.3302867, 28.1563926], [85.3303069, 28.156395], [85.3303283, 28.1564033], [85.3303485, 28.1564081], [85.3303723, 28.156414], [85.3303937, 28.1564247], [85.3304027, 28.1564309], [85.3304183, 28.1564395], [85.3304234, 28.1564479], [85.3304295, 28.1564619], [85.3304351, 28.1564872], [85.3304409, 28.1565092], [85.3304472, 28.156515], [85.3304638, 28.1565317], [85.3304804, 28.1565542], [85.3304983, 28.1565816], [85.3305007, 28.1566053], [85.3305113, 28.1566267], [85.3305316, 28.1566481], [85.3305368, 28.1566512], [85.3305486, 28.1566501], [85.3305677, 28.1566585], [85.3305829, 28.1566765], [85.3305986, 28.1566956], [85.3305986, 28.1567169], [85.3305921, 28.1567285], [85.3305934, 28.1567479], [85.3305898, 28.1567777], [85.3306005, 28.156805], [85.3306076, 28.156824], [85.3306171, 28.1568502], [85.33061, 28.1569036], [85.3306171, 28.1569203], [85.3306219, 28.1569308], [85.3306396, 28.15694], [85.3306436, 28.156949], [85.3306464, 28.1569607], [85.3306464, 28.1569793], [85.3306373, 28.156995], [85.3306373, 28.1570046], [85.3306373, 28.1570332], [85.3306516, 28.1570605], [85.3306682, 28.1570902], [85.3306706, 28.1571128], [85.3306694, 28.157133], [85.3306647, 28.157152], [85.3306647, 28.1571758], [85.3306682, 28.1571877], [85.3306813, 28.1571995], [85.3306865, 28.1572019], [85.3306936, 28.1571961], [85.3307059, 28.1572023], [85.3307082, 28.1572107], [85.3307056, 28.1572209], [85.330711, 28.1572435], [85.3307086, 28.1572566], [85.3307003, 28.1572708], [85.3306874, 28.1572822], [85.3306821, 28.157302], [85.3306829, 28.1573256], [85.3306851, 28.1573439], [85.3306958, 28.1573537], [85.330701, 28.1573567], [85.3307346, 28.1573635], [85.3307561, 28.1573681], [85.3308133, 28.1573684], [85.3308327, 28.1573667], [85.330873, 28.1573705], [85.3309148, 28.1573674], [85.3309399, 28.1573682], [85.3309666, 28.1573667], [85.331007, 28.1573663], [85.3310222, 28.1573635], [85.3310384, 28.157359], [85.3310525, 28.1573604], [85.3310715, 28.1573537], [85.3310913, 28.1573499], [85.3311088, 28.157353], [85.331124, 28.1573591], [85.3311407, 28.1573575], [85.3311559, 28.1573553], [85.3311681, 28.1573545], [85.3311765, 28.1573591], [85.3311894, 28.1573636], [85.3312023, 28.157369], [85.3312457, 28.1573758], [85.33127, 28.1573826], [85.331289, 28.1573918], [85.3313058, 28.157407], [85.331324, 28.1574214], [85.3313362, 28.157429], [85.3313522, 28.1574366], [85.3313636, 28.1574382], [85.3313803, 28.1574382], [85.3314001, 28.157442], [85.3314077, 28.1574519], [85.3314153, 28.1574587], [85.3314252, 28.1574686], [85.3314366, 28.1574754], [85.3314533, 28.1574808], [85.331467, 28.1574808], [85.3314876, 28.1574876], [85.3314967, 28.1574922], [85.3315043, 28.1574998], [85.3315142, 28.1575089], [85.3315279, 28.1575203], [85.3315678, 28.1575335], [85.3315865, 28.1575587], [85.3316135, 28.1575715], [85.3316297, 28.1575784], [85.3316182, 28.1575854], [85.3316025, 28.1575875], [85.3316076, 28.1576017], [85.3316064, 28.157611], [85.3316205, 28.1576101], [85.3316321, 28.1576054], [85.3316413, 28.1576031], [85.3316544, 28.1576116], [85.3316382, 28.1576278], [85.3316444, 28.1576371], [85.3316483, 28.157644], [85.3316367, 28.1576556], [85.3316333, 28.1576788], [85.3316401, 28.1576903], [85.3316251, 28.1576982], [85.3315979, 28.1576912], [85.3315637, 28.1576895], [85.3315462, 28.1576903], [85.3315321, 28.1576693], [85.3315374, 28.1576377], [85.3315374, 28.1576283], [85.3315163, 28.1576278], [85.3315025, 28.1576317], [85.3314986, 28.1576425], [85.3314801, 28.1576594], [85.3314631, 28.1576533], [85.3314292, 28.1576584], [85.3314277, 28.1576649], [85.3314268, 28.1576824], [85.3314285, 28.1576912], [85.331461, 28.1576991], [85.3314874, 28.1577105], [85.3314905, 28.1577115], [85.3314886, 28.1576888], [85.3315017, 28.1576888], [85.3315102, 28.1576996], [85.3315217, 28.1577088], [85.3315349, 28.1577104], [85.3315441, 28.1577281], [85.3315403, 28.1577389], [85.3315287, 28.1577389], [85.3315184, 28.1577345], [85.3315198, 28.1577421], [85.3315128, 28.1577632], [85.3315111, 28.1577869], [85.331497, 28.1578159], [85.3314768, 28.1578448], [85.3314672, 28.1578685], [85.3314707, 28.1578852], [85.3314988, 28.1578659], [85.3315119, 28.157822], [85.331526, 28.1577807], [85.3315523, 28.1577649], [85.3315646, 28.1577948], [85.3315541, 28.1578159], [85.3315391, 28.1578334], [85.3315251, 28.1578589], [85.3315348, 28.1578755], [85.3315242, 28.1578966], [85.3315058, 28.1579054], [85.3315058, 28.157922], [85.3315207, 28.1579308], [85.3315427, 28.1579168], [85.3315725, 28.1578773], [85.3316287, 28.1578167], [85.3316164, 28.1577983], [85.331605, 28.1577851], [85.3316137, 28.157779], [85.3316295, 28.1577913], [85.3316488, 28.1578036], [85.3316646, 28.1578062], [85.3316752, 28.1577904], [85.331698, 28.1577684], [85.3317215, 28.1577836], [85.3317188, 28.1577937], [85.331714, 28.1578116], [85.3316986, 28.1578175], [85.3316879, 28.1578425], [85.3316843, 28.1578662], [85.3316938, 28.1578805], [85.3317069, 28.1578959], [85.3317211, 28.1579126], [85.3317342, 28.1579316], [85.3317437, 28.1579542], [85.3317437, 28.1579767], [85.3317437, 28.1579934], [85.3317414, 28.1580088], [85.3317461, 28.1580421], [85.3317544, 28.1580694], [85.3317485, 28.1580861], [85.3317592, 28.1581075], [85.3317687, 28.1581217], [85.3317806, 28.1581419], [85.3317794, 28.1581586], [85.3317675, 28.1581657], [85.3317614, 28.1581851], [85.3317576, 28.1581927], [85.3317526, 28.1582075], [85.3317664, 28.1582174], [85.3317704, 28.1582307], [85.3317669, 28.1582445], [85.3317521, 28.158247], [85.3317402, 28.1582426], [85.3317397, 28.1582337], [85.3317378, 28.1582179], [85.3317319, 28.1582095], [85.3317279, 28.158206], [85.3317141, 28.1582011], [85.3317082, 28.1581947], [85.3317057, 28.1581902], [85.3317072, 28.158182], [85.3316993, 28.1581747], [85.3316921, 28.158168], [85.3316754, 28.1581782], [85.3316648, 28.158182], [85.3316594, 28.1581904], [85.3316663, 28.1582056], [85.3316792, 28.15822], [85.3316944, 28.1582383], [85.3316965, 28.1582427], [85.3316859, 28.1582465], [85.3316844, 28.1582564], [85.3316815, 28.1582658], [85.3316825, 28.1582722], [85.3316919, 28.158288], [85.3316983, 28.1582964], [85.3317067, 28.1583028], [85.331721, 28.1583008], [85.3317254, 28.1582939], [85.3317304, 28.1582939], [85.3317373, 28.1582959], [85.3317481, 28.1583003], [85.3317541, 28.1582949], [85.3317583, 28.1582853], [85.3317747, 28.1582894], [85.3317723, 28.1583003], [85.3317748, 28.1583058], [85.3317822, 28.1583107], [85.3317965, 28.158323], [85.3318039, 28.1583364], [85.3318123, 28.1583458], [85.3318237, 28.1583463], [85.3318291, 28.1583379], [85.3318291, 28.158323], [85.3318427, 28.1583158], [85.3318513, 28.1583112], [85.3318617, 28.1583137], [85.3318735, 28.1583226], [85.3318836, 28.1583298], [85.3318903, 28.158329], [85.3318972, 28.1583339], [85.3319012, 28.1583507], [85.3319061, 28.158367], [85.331913, 28.1583922], [85.3319196, 28.1584236], [85.3319184, 28.1584438], [85.3319101, 28.1584533], [85.3318982, 28.1584422], [85.3318804, 28.1584569], [85.3318911, 28.1584735], [85.331897, 28.1584889], [85.3318946, 28.1585068], [85.3318816, 28.1585246], [85.3318911, 28.1585377], [85.3319042, 28.1585484], [85.3319291, 28.1585591], [85.3319525, 28.1585551], [85.3319575, 28.1585506], [85.3319634, 28.1585428], [85.3319723, 28.1585358], [85.3319827, 28.1585353], [85.331993, 28.1585437], [85.3319965, 28.1585516], [85.3320049, 28.1585576], [85.3320098, 28.1585632], [85.3320159, 28.1585614], [85.3320187, 28.1585562], [85.3320202, 28.1585324], [85.3320274, 28.1585311], [85.3320277, 28.1585294], [85.3320313, 28.1585139], [85.3320408, 28.1585068], [85.3320598, 28.1585234], [85.3320622, 28.1585389], [85.3320765, 28.1585448], [85.3320839, 28.1585399], [85.3320849, 28.1585294], [85.3321007, 28.1585215], [85.3321145, 28.158521], [85.3321332, 28.1585284], [85.3321367, 28.1585368], [85.3321345, 28.1585499], [85.3321383, 28.158565], [85.3321359, 28.1585793], [85.3321395, 28.1585911], [85.3321573, 28.1586019], [85.3321799, 28.1586149], [85.3322702, 28.1586316], [85.3322796, 28.1586341], [85.3322838, 28.1586143], [85.3323006, 28.1586119], [85.3323095, 28.1586208], [85.3323111, 28.1586426], [85.3323142, 28.1586434], [85.3323569, 28.1586684], [85.3323855, 28.1587029], [85.332408, 28.1587373], [85.332452, 28.1587659], [85.3324912, 28.1587908], [85.3325102, 28.1587908], [85.3325411, 28.1587813], [85.3325578, 28.1587659], [85.3325732, 28.1587421], [85.3325887, 28.1587207], [85.3326077, 28.1587159], [85.3326231, 28.1587242], [85.3326529, 28.1587373], [85.332742, 28.1587789], [85.3327986, 28.1588109], [85.3328196, 28.1588262], [85.3328392, 28.1588336], [85.332855, 28.1588385], [85.3328708, 28.1588459], [85.3328866, 28.1588464], [85.3329064, 28.1588652], [85.3329104, 28.1588802], [85.3329155, 28.1588847], [85.3329192, 28.1588939], [85.3329089, 28.1589066], [85.3329084, 28.1589145], [85.3329049, 28.1589269], [85.3329, 28.1589397], [85.3328945, 28.1589476], [85.3328866, 28.158958], [85.3328807, 28.1589664], [85.3328753, 28.1589762], [85.3328708, 28.1589807], [85.3328624, 28.1589886], [85.3328575, 28.1589975], [85.332862, 28.1590107], [85.332862, 28.1590344], [85.332862, 28.1590594], [85.3328664, 28.1590719], [85.332856, 28.1590799], [85.3328536, 28.1590858], [85.332854, 28.1591031], [85.3328595, 28.1591066], [85.3328669, 28.1591076], [85.3328753, 28.159113], [85.3328827, 28.1591159], [85.3328906, 28.1591179], [85.332898, 28.1591162], [85.3329108, 28.1591159], [85.3329271, 28.1591229], [85.3329345, 28.1591298], [85.3329369, 28.1591414], [85.3329552, 28.1591749], [85.3329646, 28.1591777], [85.3329745, 28.1591851], [85.3329869, 28.1591935], [85.3329967, 28.1592004], [85.3330076, 28.1592098], [85.3330103, 28.1592181], [85.3330296, 28.1592222], [85.3330676, 28.1592079], [85.3331354, 28.1591846], [85.3331479, 28.1591899], [85.3331672, 28.1591984], [85.3332073, 28.1592123], [85.3332351, 28.159227], [85.3332567, 28.1592355], [85.3332821, 28.1592409], [85.3332953, 28.1592424], [85.3333199, 28.1592501], [85.3333454, 28.1592486], [85.3333763, 28.1592401], [85.3333917, 28.1592301], [85.3334202, 28.15922], [85.3334372, 28.1592131], [85.3334596, 28.1592115], [85.3334765, 28.15921], [85.3334929, 28.1592116], [85.3334958, 28.1592146], [85.3334897, 28.1592369], [85.3334978, 28.1592495], [85.3335109, 28.1592578], [85.3335251, 28.1592662], [85.3335394, 28.1592721], [85.3335536, 28.1592733], [85.3335822, 28.1592685], [85.3335988, 28.1592697], [85.3336154, 28.1592804], [85.3336309, 28.1592887], [85.3336499, 28.1592959], [85.3336832, 28.1592982], [85.3337046, 28.1593006], [85.3337319, 28.1592923], [85.3337688, 28.1593089], [85.333783, 28.1593291], [85.3337913, 28.1593387], [85.3338127, 28.1593493], [85.3338258, 28.1593553], [85.3338567, 28.1593589], [85.3338864, 28.1593624], [85.3339042, 28.159366], [85.333928, 28.15936], [85.3339553, 28.1593517], [85.3339672, 28.1593494], [85.3339934, 28.1593482], [85.334054, 28.1593422], [85.3340908, 28.1593434], [85.3341134, 28.1593434], [85.3341443, 28.159341], [85.334231, 28.1593517], [85.3342726, 28.1593636], [85.3343012, 28.1593707], [85.3343309, 28.1593802], [85.3343487, 28.1593957], [85.3343606, 28.1594064], [85.3343725, 28.1594218], [85.3343891, 28.1594337], [85.3344105, 28.1594409], [85.3344144, 28.1594431], [85.3344493, 28.1594522], [85.3344593, 28.1594623], [85.3344732, 28.1594754], [85.3344832, 28.1594939], [85.3345025, 28.1595186], [85.3345056, 28.1595462], [85.3345293, 28.159568], [85.3345567, 28.1595942], [85.3345697, 28.1596144], [85.3345923, 28.1596381], [85.3346021, 28.1596483], [85.3346044, 28.1596506], [85.3346661, 28.1596929], [85.3346784, 28.1597053], [85.3346915, 28.1597199], [85.3346954, 28.1597315], [85.3346916, 28.1597712], [85.3346934, 28.1597731], [85.3347017, 28.1597815], [85.3347154, 28.1597883], [85.3347291, 28.1598074], [85.3347261, 28.1598264], [85.3347284, 28.1598385], [85.3347375, 28.1598431], [85.3347443, 28.1598378], [85.3347603, 28.1598416], [85.3347626, 28.1598507], [85.3347649, 28.1598614], [85.3347672, 28.1598751], [85.3347748, 28.1598895], [85.3347831, 28.1598986], [85.3348204, 28.1599222], [85.334844, 28.1599359], [85.3348554, 28.1599427], [85.3348706, 28.1599572], [85.3348767, 28.1599716], [85.3348866, 28.1599876], [85.3348866, 28.1600021], [85.3348843, 28.1600127], [85.3348744, 28.1600249], [85.3348653, 28.160037], [85.3348682, 28.1600647], [85.3348682, 28.1600902], [85.3348462, 28.1600949], [85.3348455, 28.1601131], [85.3348621, 28.1601313], [85.3348692, 28.1601444], [85.3348811, 28.1601586], [85.3349001, 28.1601717], [85.3349168, 28.1601717], [85.3349381, 28.1601717], [85.3349386, 28.1601718], [85.3349453, 28.1601565], [85.3349793, 28.1601635], [85.334987, 28.1601704], [85.334981, 28.1601864], [85.3349916, 28.1601979], [85.3350023, 28.1602121], [85.3349987, 28.1602288], [85.3349809, 28.1602395], [85.3349797, 28.1602573], [85.3349904, 28.1602668], [85.3350083, 28.1602822], [85.3350201, 28.1603024], [85.3350409, 28.1603314], [85.3350443, 28.1603494], [85.3350404, 28.1603581], [85.335036, 28.1603679], [85.3350355, 28.1603796], [85.3350438, 28.1603888], [85.3350496, 28.1603917], [85.3350579, 28.1603951], [85.3350628, 28.1604049], [85.3350647, 28.1604122], [85.3350657, 28.1604224], [85.3350628, 28.1604341], [85.3350423, 28.1605212], [85.3350365, 28.1605499], [85.3350404, 28.1605626], [85.3350467, 28.1605704], [85.3350598, 28.1605801], [85.3350618, 28.1605898], [85.3350608, 28.1605996], [85.3350594, 28.1606079], [85.3350574, 28.1606166], [85.3350527, 28.1606228], [85.3350428, 28.1606288], [85.3350477, 28.1606507], [85.335056, 28.160659], [85.3350613, 28.1606672], [85.3350628, 28.1606789], [85.3350623, 28.1606916], [85.3350623, 28.1607037], [85.3350589, 28.1607271], [85.3350584, 28.1607407], [85.3350665, 28.1607444], [85.3350811, 28.1607374], [85.3350934, 28.1607397], [85.3351143, 28.1607598], [85.3351227, 28.1607814], [85.3351164, 28.1608152], [85.3351168, 28.1608162], [85.3351212, 28.160823], [85.3351437, 28.1608479], [85.3351499, 28.1608565], [85.3351729, 28.1608755], [85.3351652, 28.1608886], [85.3351552, 28.1608953], [85.3351485, 28.160905], [85.3351509, 28.160918], [85.3351687, 28.1609275], [85.3351841, 28.160918], [85.3352043, 28.1608955], [85.3352305, 28.1608978], [85.3352483, 28.1609145], [85.3352614, 28.1609275], [85.3352716, 28.1609488], [85.3352626, 28.160962], [85.3352507, 28.1609858], [85.335234, 28.1610024], [85.3352257, 28.1610143], [85.3352174, 28.1610274], [85.3352198, 28.1610476], [85.335234, 28.1610547], [85.3352875, 28.1610583], [85.3353053, 28.1610702], [85.3353125, 28.161082], [85.3352958, 28.1610915], [85.3352863, 28.1610999], [85.3352816, 28.1611165], [85.3352828, 28.1611343], [85.3353042, 28.1611426], [85.335341, 28.1611759], [85.3353458, 28.1611902], [85.3353541, 28.1612211], [85.3353719, 28.1612401], [85.3353767, 28.1612555], [85.3353767, 28.1612674], [85.3353648, 28.1612817], [85.3353505, 28.1613031], [85.3353529, 28.1613221], [85.3353636, 28.1613375], [85.3353683, 28.1613601], [85.3353624, 28.1613886], [85.3353743, 28.1614124], [85.3353921, 28.1614421], [85.3354432, 28.1614968], [85.3355193, 28.1615693], [85.3356322, 28.1617071], [85.3356845, 28.161763], [85.3357213, 28.1617773], [85.3357427, 28.1617939], [85.3357486, 28.1618212], [85.3357558, 28.1618379], [85.3357807, 28.1618676], [85.3358009, 28.1618783], [85.3358223, 28.1618759], [85.3358389, 28.1618699], [85.3358793, 28.1618818], [85.3359079, 28.1619187], [85.3359364, 28.1619377], [85.3359483, 28.1619448], [85.336041, 28.1619995], [85.3360956, 28.1620304], [85.3361075, 28.1620541], [85.3360824, 28.1620566], [85.336077, 28.1620342], [85.3360608, 28.1620273], [85.33605, 28.1620296], [85.3360377, 28.162055], [85.33604, 28.162082], [85.3360253, 28.1620859], [85.3360161, 28.1620974], [85.3360161, 28.1621198], [85.3360369, 28.1621291], [85.3360577, 28.1621291], [85.3360716, 28.1621214], [85.3360878, 28.1621121], [85.3361043, 28.1621111], [85.3361087, 28.1621207], [85.3361242, 28.1621338], [85.3361313, 28.1621552], [85.3361337, 28.1621742], [85.3361646, 28.162192], [85.33618, 28.1622086], [85.3361812, 28.1622383], [85.336161, 28.1622468], [85.336149, 28.1622658], [85.336152, 28.1622887], [85.336162, 28.1622947], [85.336175, 28.1622997], [85.3361839, 28.1623057], [85.3361999, 28.1623097], [85.3362116, 28.162303], [85.3362147, 28.1622916], [85.3362173, 28.1622826], [85.3362116, 28.1622724], [85.336214, 28.162265], [85.3362189, 28.1622617], [85.3362255, 28.1622584], [85.3362291, 28.1622544], [85.3362328, 28.1622503], [85.3362345, 28.1622454], [85.3362324, 28.1622409], [85.336232, 28.1622364], [85.3362402, 28.162231], [85.336252, 28.1622269], [85.3362574, 28.1622278], [85.3362647, 28.1622298], [85.3362725, 28.1622335], [85.3362782, 28.1622392], [85.3362835, 28.1622409], [85.3362897, 28.1622433], [85.3362946, 28.1622454], [85.3363003, 28.1622376], [85.3363044, 28.1622314], [85.3363126, 28.1622221], [85.3363277, 28.1622102], [85.3363453, 28.1622032], [85.3363543, 28.1622041], [85.336358, 28.1622073], [85.3363629, 28.1622151], [85.3363678, 28.1622229], [85.3363862, 28.1622486], [85.3363923, 28.1622535], [85.3364017, 28.1622556], [85.3364095, 28.1622585], [85.3364132, 28.1622621], [85.3364124, 28.1622699], [85.3364112, 28.1622728], [85.3364062, 28.1622752], [85.3363993, 28.1622769], [85.3363913, 28.1622811], [85.3363805, 28.1622867], [85.3363817, 28.162292], [85.3363837, 28.1622965], [85.3363899, 28.162303], [85.3363968, 28.1623059], [85.3364042, 28.1623075], [85.3364099, 28.1623088], [85.3364173, 28.1623124], [85.3364247, 28.1623182], [85.3364287, 28.1623231], [85.3364382, 28.1623276], [85.3364459, 28.1623308], [85.3364512, 28.1623325], [85.3364594, 28.1623353], [85.3364848, 28.1623546], [85.3365138, 28.1623959], [85.3365232, 28.1624114], [85.336524, 28.1624184], [85.336516, 28.162425], [85.336502, 28.1624392], [85.3364923, 28.1624454], [85.336475, 28.1624505], [85.3364654, 28.1624549], [85.3364584, 28.1624594], [85.3364469, 28.1624639], [85.3364341, 28.1624677], [85.3364188, 28.1624703], [85.3364118, 28.1624839], [85.336428, 28.1624924], [85.3364319, 28.1625024], [85.3364211, 28.1625225], [85.3364064, 28.1625202], [85.3363956, 28.162524], [85.3363701, 28.1625325], [85.3363539, 28.1625217], [85.3363416, 28.1625086], [85.3363385, 28.1624994], [85.3363262, 28.162494], [85.3363084, 28.1624893], [85.3363077, 28.1624662], [85.3363115, 28.1624577], [85.3363069, 28.1624446], [85.3362945, 28.1624384], [85.3362745, 28.1624338], [85.3362621, 28.1624145], [85.3362598, 28.1623983], [85.3362583, 28.1623736], [85.3362629, 28.1623474], [85.3362429, 28.1623428], [85.3362189, 28.1623435], [85.3361973, 28.1623482], [85.3361873, 28.1623358], [85.3361688, 28.1623412], [85.3361619, 28.1623613], [85.3361719, 28.1623782], [85.3361997, 28.1623983], [85.3362182, 28.1623821], [85.3362382, 28.1623944], [85.3362405, 28.1624091], [85.3362405, 28.1624292], [85.3362398, 28.1624569], [85.3362513, 28.1624739], [85.336266, 28.1624862], [85.3362909, 28.1625067], [85.3362878, 28.1625144], [85.3362814, 28.1625233], [85.3362743, 28.162538], [85.3362679, 28.1625578], [85.3362731, 28.1625681], [85.3362724, 28.1625849], [85.3362537, 28.162583], [85.336243, 28.1625699], [85.3362257, 28.1625617], [85.3362117, 28.1625715], [85.3362035, 28.1625954], [85.3362101, 28.1626127], [85.3362216, 28.162634], [85.3362356, 28.1626357], [85.3362586, 28.1626077], [85.3362689, 28.1626031], [85.3362686, 28.1626083], [85.3362731, 28.1626173], [85.336282, 28.1626205], [85.3362903, 28.1626186], [85.3362942, 28.1626109], [85.3362993, 28.1626032], [85.3363076, 28.1625796], [85.3363133, 28.1625713], [85.3363203, 28.1625681], [85.3363277, 28.1625705], [85.3363434, 28.1625834], [85.3363427, 28.1625949], [85.3363382, 28.1626102], [85.3363363, 28.1626211], [85.3363261, 28.1626307], [85.3363212, 28.1626326], [85.3363178, 28.1626339], [85.3363108, 28.1626403], [85.3363082, 28.1626505], [85.3363184, 28.1626569], [85.3363255, 28.1626576], [85.3363367, 28.1626566], [85.336344, 28.1626626], [85.3363559, 28.1626721], [85.3363607, 28.1626852], [85.3363559, 28.162703], [85.33635, 28.1627137], [85.3363511, 28.1627315], [85.3363642, 28.162741], [85.3363773, 28.1627482], [85.3363963, 28.162747], [85.3364201, 28.1627398], [85.336464, 28.1627387], [85.3365104, 28.1627327], [85.3365357, 28.1627324], [85.336547, 28.1627383], [85.3365599, 28.1627511], [85.3365678, 28.162764], [85.3365678, 28.1627783], [85.3365613, 28.1627916], [85.3365386, 28.162799], [85.3365127, 28.1627986], [85.3365013, 28.162801], [85.3364754, 28.1628109], [85.3364693, 28.1628223], [85.3364716, 28.1628367], [85.3364769, 28.1628519], [85.3364853, 28.1628816], [85.3364861, 28.1629044], [85.3364868, 28.1629166], [85.3364997, 28.1629383], [85.3365204, 28.1629304], [85.3365287, 28.1629225], [85.3365431, 28.162922], [85.336552, 28.1629289], [85.3365613, 28.1629304], [85.3365687, 28.1629422], [85.3365643, 28.1629511], [85.3365589, 28.1629555], [85.3365431, 28.162962], [85.3365357, 28.1629684], [85.3365411, 28.1629743], [85.3365603, 28.1629728], [85.3365742, 28.1629728], [85.3365831, 28.1629728], [85.3365915, 28.1629723], [85.3366023, 28.1629768], [85.3366077, 28.1629852], [85.3366077, 28.1629931], [85.3366038, 28.162998], [85.3365969, 28.1630022], [85.3365983, 28.1630108], [85.3365769, 28.1630393], [85.3365555, 28.1630488], [85.3365472, 28.163069], [85.3365459, 28.1630758], [85.3365554, 28.1630948], [85.3365579, 28.163113], [85.3365574, 28.1631357], [85.3365549, 28.163142], [85.3365733, 28.1631924], [85.3366122, 28.1632646], [85.3366349, 28.1633076], [85.3366403, 28.1633357], [85.3366428, 28.1633599], [85.3366396, 28.1633853], [85.3366578, 28.1634683], [85.3366578, 28.1635266], [85.3366542, 28.1635503], [85.3366554, 28.1635572], [85.336666, 28.1635608], [85.3366798, 28.1635603], [85.3366877, 28.1635732], [85.3366912, 28.1635865], [85.3366853, 28.1635998], [85.3366783, 28.1636107], [85.3366704, 28.163626], [85.336664, 28.1636374], [85.3366714, 28.1636458], [85.3366734, 28.1636517], [85.336666, 28.163662], [85.3366546, 28.163664], [85.3366492, 28.1636634], [85.3366447, 28.1636716], [85.3366387, 28.1636953], [85.3366364, 28.1637274], [85.3366348, 28.1637356], [85.3366384, 28.1637554], [85.3366388, 28.1637741], [85.3366359, 28.1637949], [85.3366295, 28.1638067], [85.3366223, 28.1638161], [85.336628, 28.1638367], [85.3366423, 28.1638605], [85.3366726, 28.1638862], [85.3367006, 28.163899], [85.3367104, 28.1639], [85.336724, 28.1639012], [85.3367326, 28.1638962], [85.3367576, 28.1638748], [85.3367813, 28.1638534], [85.3368016, 28.1638617], [85.3368313, 28.1638867], [85.336836, 28.1639069], [85.3368419, 28.1639449], [85.3368474, 28.1639666], [85.3368571, 28.1639672], [85.336866, 28.1639731], [85.3368674, 28.1639741], [85.3368709, 28.1639815], [85.3368788, 28.1639889], [85.3368887, 28.1639929], [85.3369014, 28.16399], [85.3369311, 28.1639722], [85.3369596, 28.1639591], [85.3369774, 28.1639651], [85.3370321, 28.1640875], [85.3370535, 28.1641433], [85.3370499, 28.1641683], [85.3370642, 28.1641909], [85.3370678, 28.1642052], [85.3370646, 28.1642242], [85.3370768, 28.1642281], [85.3370853, 28.1642343], [85.337086, 28.1642544], [85.3370984, 28.164279], [85.3371153, 28.1643114], [85.3371254, 28.16434], [85.3371735, 28.1644024], [85.3372163, 28.164463], [85.3372344, 28.1644885], [85.3372442, 28.1644796], [85.3372488, 28.1644673], [85.3372611, 28.1644633], [85.3372781, 28.1644711], [85.3373059, 28.1644889], [85.3373367, 28.1645105], [85.3373576, 28.1645305], [85.3373838, 28.164556], [85.3374062, 28.1645745], [85.3374177, 28.164593], [85.337447, 28.1646231], [85.337417, 28.1646216], [85.3373946, 28.1646246], [85.3373916, 28.1646423], [85.3374206, 28.1646528], [85.3374552, 28.1646472], [85.3375871, 28.1646639], [85.3376669, 28.1646686], [85.3376818, 28.1646584], [85.3377309, 28.1646578], [85.3377471, 28.164657], [85.3377765, 28.1646516], [85.337805, 28.1646555], [85.3378451, 28.1646532], [85.3378359, 28.164637], [85.3378058, 28.1646246], [85.3377919, 28.1645992], [85.3378019, 28.1645961], [85.3378158, 28.1645945], [85.337829, 28.1646065], [85.3378459, 28.1646246], [85.3378837, 28.1646331], [85.3379153, 28.1646316], [85.3379408, 28.1646293], [85.3379739, 28.1646316], [85.3379994, 28.1646339], [85.3380256, 28.1646385], [85.3380495, 28.1646431], [85.338075, 28.164664], [85.3380974, 28.1646694], [85.3380997, 28.1646933], [85.3380939, 28.1647154], [85.3381017, 28.1647173], [85.3381021, 28.1647176], [85.338139, 28.1647249], [85.3381629, 28.1647349], [85.3381869, 28.1647558], [85.3381903, 28.1647717], [85.3381908, 28.164772], [85.3382573, 28.1648065], [85.3382775, 28.1648077], [85.3383037, 28.1648207], [85.3383334, 28.1648611], [85.33835, 28.1649063], [85.3383619, 28.1649277], [85.338375, 28.1649503], [85.3383916, 28.1649681], [85.3384237, 28.164974], [85.3384875, 28.1649865], [85.3384869, 28.1649741], [85.3384792, 28.1649664], [85.3384607, 28.1649617], [85.3384461, 28.164954], [85.3384461, 28.1649386], [85.3384599, 28.1649355], [85.3384838, 28.1649401], [85.3385108, 28.1649463], [85.338527, 28.1649517], [85.3385456, 28.1649625], [85.338571, 28.1649633], [85.3385857, 28.1649671], [85.338608, 28.1649803], [85.3386134, 28.164998], [85.3386394, 28.1650189], [85.3387118, 28.1650405], [85.3387261, 28.1650296], [85.3387392, 28.1650219], [85.3387543, 28.1650288], [85.338779, 28.1650073], [85.3388135, 28.1650061], [85.3388432, 28.1650049], [85.3388812, 28.1650073], [85.3388943, 28.1650251], [85.3389098, 28.1650501], [85.3389181, 28.1650679], [85.3389207, 28.1650758], [85.3389452, 28.1650713], [85.3389606, 28.1650682], [85.3389714, 28.1650566], [85.338983, 28.1650505], [85.3390015, 28.1650443], [85.3390216, 28.1650409], [85.3390207, 28.165034], [85.3390221, 28.1650292], [85.3390251, 28.1650228], [85.3390324, 28.1650185], [85.3390416, 28.1650185], [85.3391189, 28.165024], [85.339176, 28.1650299], [85.3392318, 28.165043], [85.3392972, 28.165056], [85.3393305, 28.1650584], [85.3393518, 28.1650548], [85.3393804, 28.1650537], [85.3393994, 28.1650537], [85.3394113, 28.1650608], [85.3394267, 28.1650691], [85.3394469, 28.165081], [85.3394636, 28.1650893], [85.3394849, 28.1650953], [85.3395087, 28.1650965], [85.3395301, 28.1650988], [85.3395432, 28.1651], [85.3395598, 28.1650988], [85.3395883, 28.1650869], [85.3396026, 28.1650822], [85.3396418, 28.1650786], [85.3396657, 28.1650817], [85.339688, 28.1650866], [85.3397085, 28.165091], [85.3397211, 28.1650924], [85.3397319, 28.1650934], [85.3397542, 28.16509], [85.339763, 28.1650842], [85.3397666, 28.1650768], [85.3397708, 28.1650681], [85.3397776, 28.1650613], [85.3397859, 28.1650593], [85.3397946, 28.1650605], [85.3398065, 28.1650615], [85.3398341, 28.1650569], [85.3398552, 28.1650541], [85.3398671, 28.1650532], [85.3398827, 28.1650514], [85.3398955, 28.1650486], [85.3399093, 28.165044], [85.3399213, 28.1650403], [85.339935, 28.1650348], [85.3399561, 28.165033], [85.339969, 28.1650339], [85.3399919, 28.165033], [85.3399976, 28.165034], [85.3400205, 28.1650181], [85.3400444, 28.1650188], [85.3400699, 28.165035], [85.3400984, 28.1650443], [85.3401293, 28.165052], [85.3401486, 28.1650651], [85.340174, 28.1650744], [85.3401972, 28.1650852], [85.3402311, 28.1650898], [85.3402651, 28.1650721], [85.3403129, 28.1650265], [85.3403337, 28.1650235], [85.3403438, 28.1650181], [85.34037, 28.1650003], [85.3404217, 28.1650157], [85.3404463, 28.1650242], [85.3404502, 28.1650443], [85.3404587, 28.1650589], [85.3404749, 28.1650713], [85.3404872, 28.1650829], [85.3404996, 28.1651006], [85.3404996, 28.1651183], [85.3404996, 28.1651322], [85.3404996, 28.1651492], [85.3405019, 28.1651615], [85.3405119, 28.1651777], [85.340525, 28.165187], [85.3405428, 28.1651978], [85.3405597, 28.1652094], [85.340559, 28.1652248], [85.3405528, 28.1652425], [85.3405582, 28.165278], [85.3405659, 28.1653116], [85.3405685, 28.1653139], [85.3405877, 28.1653249], [85.3406061, 28.1653277], [85.340618, 28.1653258], [85.340629, 28.1653139], [85.3406401, 28.1653112], [85.3406566, 28.165313], [85.340674, 28.1653185], [85.3406832, 28.1653258], [85.3406887, 28.165347], [85.3406896, 28.1653635], [85.3406933, 28.1653791], [85.3407007, 28.1653998], [85.3407134, 28.1654126], [85.3407198, 28.165419], [85.3407289, 28.1654238], [85.3407706, 28.1654468], [85.340783, 28.1654562], [85.3407989, 28.1654635], [85.3408127, 28.1654828], [85.3408163, 28.165492], [85.3408227, 28.1655012], [85.340842, 28.1655131], [85.3408484, 28.1655058], [85.3408639, 28.1655066], [85.3408729, 28.1655103], [85.3408781, 28.165522], [85.3408785, 28.1655318], [85.3408819, 28.1655378], [85.3408928, 28.1655412], [85.3409033, 28.1655442], [85.340915, 28.1655449], [85.3409304, 28.1655449], [85.3409398, 28.1655445], [85.3409507, 28.1655423], [85.3409582, 28.1655434], [85.3409706, 28.1655517], [85.3409763, 28.1655603], [85.3409849, 28.1655686], [85.3409969, 28.165578], [85.3410051, 28.165578], [85.3410251, 28.1655786], [85.3410357, 28.165588], [85.3410445, 28.165608], [85.3410451, 28.1656221], [85.3410516, 28.165635], [85.3410639, 28.1656509], [85.3410762, 28.1656579], [85.3410963, 28.1656618], [85.341111, 28.165671], [85.3411229, 28.1656811], [85.3411312, 28.1656866], [85.3411422, 28.1656921], [85.3411684, 28.1656714], [85.34119, 28.1656738], [85.3412039, 28.1656915], [85.3412278, 28.1657008], [85.3412617, 28.1657046], [85.3412926, 28.1657301], [85.3413111, 28.1657494], [85.3413235, 28.1657794], [85.3413319, 28.1657987], [85.3413435, 28.1658126], [85.3413281, 28.165818], [85.3413073, 28.1658065], [85.3412887, 28.1657964], [85.3412641, 28.1657972], [85.3412423, 28.1657922], [85.3412205, 28.1657821], [85.3412134, 28.1657788], [85.341137, 28.1657434], [85.3411119, 28.1657197], [85.3410871, 28.1657243], [85.3410779, 28.16575], [85.3410651, 28.1657637], [85.3410458, 28.1657849], [85.341044, 28.1657986], [85.3410532, 28.1658087], [85.3410394, 28.1658151], [85.341021, 28.165817], [85.3410008, 28.165817], [85.3409875, 28.1658094], [85.3409689, 28.1657989], [85.3409485, 28.1657873], [85.3409191, 28.1657706], [85.3409102, 28.1657656], [85.340902, 28.1657609], [85.3408977, 28.1657585], [85.3408868, 28.1657702], [85.3408804, 28.1657841], [85.3408838, 28.1657901], [85.3408928, 28.165795], [85.3408954, 28.1658002], [85.3408706, 28.1658187], [85.3408702, 28.1658284], [85.3408717, 28.1658382], [85.3408797, 28.1658574], [85.3408824, 28.1658684], [85.3408943, 28.1658803], [85.34091, 28.1658987], [85.340943, 28.1659455], [85.340965, 28.1659804], [85.3409669, 28.1660024], [85.340954, 28.1660125], [85.3409467, 28.1660226], [85.3409448, 28.1660373], [85.3409448, 28.1660547], [85.3409338, 28.1660896], [85.3409219, 28.1661062], [85.340899, 28.1661257], [85.3408947, 28.1661443], [85.3408947, 28.1661716], [85.340909, 28.1661902], [85.3409205, 28.1662103], [85.3409334, 28.1662347], [85.3409334, 28.1662504], [85.3409205, 28.1662677], [85.3408976, 28.1662763], [85.3408072, 28.1662906], [85.3407197, 28.1662963], [85.3406982, 28.1663136], [85.3406867, 28.1663365], [85.3406853, 28.1663566], [85.3406795, 28.1663795], [85.3406838, 28.1664011], [85.3407312, 28.1664427], [85.3407642, 28.1664771], [85.3407814, 28.1665015], [85.3407857, 28.1665302], [85.3407907, 28.1665522], [85.3407989, 28.1665651], [85.3408113, 28.1665786], [85.340823, 28.1665868], [85.3408289, 28.166595], [85.3408324, 28.1666091], [85.3408524, 28.1666365], [85.3408784, 28.1666472], [85.3408936, 28.1666586], [85.340905, 28.1666655], [85.3409103, 28.1666723], [85.3409096, 28.1666814], [85.3409012, 28.1666967], [85.3408951, 28.1667065], [85.3408867, 28.1667172], [85.3408807, 28.1667286], [85.3408723, 28.1667339], [85.3408588, 28.1667367], [85.3408416, 28.1667582], [85.3408517, 28.1667783], [85.3408832, 28.1667912], [85.3409148, 28.1668185], [85.3409492, 28.1668443], [85.3409707, 28.1668558], [85.3410008, 28.1668558], [85.3410092, 28.1668591], [85.3410128, 28.1668323], [85.341002, 28.1668214], [85.3409429, 28.1667985], [85.3409309, 28.1667792], [85.3409537, 28.1667768], [85.3409718, 28.1667732], [85.3409923, 28.166766], [85.3410225, 28.1667684], [85.3410478, 28.1667792], [85.3410791, 28.1667997], [85.3411008, 28.1668106], [85.3411129, 28.1668274], [85.3411201, 28.1668552], [85.3411189, 28.1668841], [85.3411117, 28.166901], [85.3411092, 28.1669235], [85.3411113, 28.1669246], [85.3411471, 28.1669519], [85.3411586, 28.166982], [85.3411558, 28.1669963], [85.3411701, 28.1670207], [85.3412045, 28.1670336], [85.3412332, 28.1670365], [85.3412691, 28.1670336], [85.34129, 28.1670287], [85.341313, 28.1670492], [85.3413226, 28.1670661], [85.3413249, 28.1670865], [85.3413609, 28.1671283], [85.3413765, 28.1671439], [85.3413949, 28.1671734], [85.3414009, 28.1671951], [85.3413809, 28.1672162], [85.341381, 28.1672269], [85.3413805, 28.1672367], [85.3413973, 28.1672565], [85.3414033, 28.1672698], [85.3414106, 28.1672818], [85.3414094, 28.1673108], [85.3413885, 28.1673437], [85.3413924, 28.1673664], [85.3413924, 28.1673951], [85.3413996, 28.1674123], [85.3414039, 28.167441], [85.3414467, 28.1674277], [85.3414829, 28.1674337], [85.3415082, 28.1674494], [85.3415203, 28.1674747], [85.3415058, 28.1674952], [85.3414877, 28.1675036], [85.3414708, 28.1675036], [85.3414552, 28.1675133], [85.3414443, 28.167529], [85.3414443, 28.1675494], [85.3414528, 28.1675699], [85.3414612, 28.1675952], [85.3414512, 28.1676303], [85.341472, 28.1676543], [85.3414829, 28.1676736], [85.3414901, 28.1677013], [85.3414913, 28.1677182], [85.3414837, 28.1677471], [85.3414943, 28.1677594], [85.3415029, 28.1678168], [85.3415, 28.1678369], [85.3414756, 28.1678728], [85.3414641, 28.1678857], [85.3414498, 28.16791], [85.3414383, 28.1679244], [85.3414283, 28.1679445], [85.3414269, 28.1679775], [85.3414269, 28.1679975], [85.3414244, 28.1680111], [85.3414516, 28.1680231], [85.3414913, 28.1680304], [85.3415106, 28.168046], [85.3415022, 28.1680677], [85.3414841, 28.1680653], [85.3414733, 28.1680858], [85.3414528, 28.1680906], [85.3414311, 28.1680906], [85.3414168, 28.1680888], [85.3414168, 28.1680893], [85.3414111, 28.1681395], [85.3414125, 28.1681697], [85.3414269, 28.1682027], [85.3414297, 28.1682313], [85.3414398, 28.1682643], [85.3414512, 28.168293], [85.3414612, 28.1683259], [85.3414299, 28.1683377], [85.3414021, 28.1683438], [85.3414009, 28.168357], [85.3414094, 28.1683811], [85.3414383, 28.1683835], [85.341466, 28.1683775], [85.3414801, 28.1683684], [85.3414971, 28.1683805], [85.3415186, 28.1684192], [85.3415359, 28.1684537], [85.3415373, 28.1684578], [85.341554, 28.1684607], [85.3415709, 28.1684872], [85.3415793, 28.1685053], [85.3415721, 28.1685258], [85.3415579, 28.1685416], [85.3415603, 28.1685584], [85.3415588, 28.1685899], [85.3415473, 28.1686072], [85.3415402, 28.1686229], [85.3415316, 28.1686731], [85.3415287, 28.1686947], [85.3415258, 28.168719], [85.3415215, 28.1687506], [85.3415215, 28.168775], [85.3415245, 28.1687936], [85.3415263, 28.16881], [85.3415292, 28.1688171], [85.3415316, 28.168823], [85.3415351, 28.1688282], [85.3415404, 28.1688412], [85.3415433, 28.1688535], [85.3415492, 28.1688705], [85.3415568, 28.1688811], [85.3415627, 28.1688888], [85.341568, 28.1688952], [85.3415762, 28.1689034], [85.3415803, 28.1689087], [85.3415815, 28.1689164], [85.3415809, 28.1689252], [85.341578, 28.1689381], [85.3415774, 28.1689451], [85.3415668, 28.1689575], [85.3415515, 28.1689745], [85.3415363, 28.168988], [85.3415322, 28.1689974], [85.3415198, 28.1690162], [85.3415175, 28.1690298], [85.3415175, 28.1690403], [85.3415181, 28.1690656], [85.3415204, 28.1690803], [85.3415233, 28.1690891], [85.3415286, 28.1690956], [85.3415386, 28.1690979], [85.3415468, 28.169105], [85.3415557, 28.1691108], [85.341558, 28.1691202], [85.3415586, 28.1691314], [85.3415551, 28.169139], [85.3415457, 28.1691437], [85.3415316, 28.1691437], [85.3415186, 28.1691443], [85.3415128, 28.1691502], [85.3415116, 28.1691572], [85.341521, 28.1691637], [85.3415421, 28.1691749], [85.3415457, 28.1691849], [85.3415421, 28.1691978], [85.3415345, 28.1692031], [85.3415204, 28.1692066], [85.3415116, 28.1692266], [85.3415116, 28.1692424], [85.3415145, 28.1692524], [85.3415192, 28.1692601], [85.3415287, 28.169265], [85.3415379, 28.1692751], [85.3415685, 28.1692803], [85.3415986, 28.1692863], [85.3416336, 28.1692972], [85.3416541, 28.1693105], [85.3416553, 28.1693273], [85.3416408, 28.1693442], [85.3416288, 28.1693587], [85.3416263, 28.1693743], [85.34163, 28.1693888], [85.3416372, 28.1693996], [85.3416187, 28.1694358], [85.3415757, 28.1694527], [85.3415552, 28.1694696], [85.3415251, 28.1694876], [85.3415142, 28.1695142], [85.3415156, 28.1695388], [85.3415203, 28.1695612], [85.3414817, 28.1695455], [85.3414552, 28.1695612], [85.3414708, 28.1695889], [85.3414913, 28.1696082], [85.3415471, 28.1696148], [85.3415516, 28.1696368], [85.341559, 28.1696451], [85.3415727, 28.1696759], [85.3415916, 28.1696986], [85.3416168, 28.16972], [85.3416345, 28.1697264], [85.3416496, 28.1697427], [85.3416559, 28.1697579], [85.3416408, 28.1697818], [85.3416496, 28.1698146], [85.3416585, 28.1698335], [85.3416673, 28.1698587], [85.3416799, 28.169865], [85.3416913, 28.1698694], [85.3416929, 28.1698844], [85.3416841, 28.1699066], [85.3416804, 28.1699185], [85.3416748, 28.1699298], [85.341667, 28.1699443], [85.3416577, 28.1699593], [85.3416593, 28.1699768], [85.3416629, 28.1699903], [85.341666, 28.169998], [85.3416841, 28.1700388], [85.3416882, 28.1700527], [85.3416918, 28.1700631], [85.3416959, 28.1700703], [85.3416996, 28.170078], [85.3417032, 28.1700925], [85.3417016, 28.170107], [85.341698, 28.1701178], [85.341699, 28.1701245], [85.341714, 28.1701426], [85.3417145, 28.1701679], [85.3417145, 28.1701808], [85.3417218, 28.1701885], [85.34173, 28.1701947], [85.3417388, 28.1702014], [85.3417476, 28.1702056], [85.3417543, 28.1702123], [85.3417564, 28.1702195], [85.3417558, 28.1702257], [85.341746, 28.1702417], [85.3417424, 28.1702521], [85.3417398, 28.1702634], [85.3417383, 28.1702727], [85.3417378, 28.1702799], [85.3417486, 28.1702762], [85.3417605, 28.1702889], [85.3417613, 28.1703059], [85.3417613, 28.1703186], [85.3417545, 28.1703262], [85.3417478, 28.1703363], [85.3417393, 28.1703499], [85.3417317, 28.1703583], [85.3417199, 28.1703609], [85.3417038, 28.17036], [85.3417004, 28.1703736], [85.3417224, 28.1703888], [85.3417376, 28.1704006], [85.3417596, 28.170415], [85.3417765, 28.1704268], [85.3417909, 28.1704421], [85.3417833, 28.1704751], [85.3417799, 28.1704962], [85.3417901, 28.1705284], [85.3417875, 28.1705555], [85.3417943, 28.1705681], [85.3418104, 28.1705741], [85.3418163, 28.1705918], [85.3418205, 28.170602], [85.3418214, 28.1706147], [85.341818, 28.1706257], [85.3418112, 28.17064], [85.3418087, 28.1706494], [85.3418121, 28.1706587], [85.3418163, 28.1706663], [85.3418104, 28.1706807], [85.3417943, 28.170684], [85.341807, 28.1706976], [85.341818, 28.170717], [85.3418028, 28.170728], [85.3417968, 28.1707356], [85.3417918, 28.1707458], [85.341785, 28.1707568], [85.3417935, 28.1707875], [85.3417956, 28.1708185], [85.3418101, 28.1708516], [85.3418266, 28.1708784], [85.3418452, 28.170897], [85.3418782, 28.1709012], [85.3418989, 28.1709218], [85.3418989, 28.1709487], [85.3418971, 28.1709842], [85.3418662, 28.1710112], [85.3418554, 28.1710317], [85.3418626, 28.171057], [85.3418709, 28.1710954], [85.3418658, 28.1711118], [85.3418369, 28.1711304], [85.3418039, 28.1711387], [85.3417729, 28.1711531], [85.3417956, 28.17118], [85.3418452, 28.1712006], [85.341839, 28.171242], [85.3418369, 28.1712915], [85.341841, 28.1713163], [85.3418348, 28.1713514], [85.3418348, 28.1713824], [85.3418192, 28.1713978], [85.3418297, 28.1714401], [85.3418297, 28.1715115], [85.3418337, 28.1715366], [85.3418416, 28.171567], [85.3418548, 28.1715828], [85.3418707, 28.1715948], [85.3418879, 28.1716014], [85.3418879, 28.1716212], [85.3418813, 28.1716423], [85.3418707, 28.1716622], [85.3418588, 28.1716727], [85.3418456, 28.1716965], [85.3418403, 28.1717203], [85.3418377, 28.1717335], [85.3418348, 28.1717701], [85.3417963, 28.1717621], [85.3417842, 28.1717657], [85.3417782, 28.1717875], [85.3418011, 28.1718079], [85.341818, 28.1718152], [85.3418144, 28.171832], [85.3418071, 28.1718706], [85.341818, 28.1719092], [85.3418469, 28.1719321], [85.3418716, 28.1719444], [85.3418681, 28.1719794], [85.3418562, 28.1719993], [85.3418456, 28.172027], [85.3418443, 28.1720429], [85.3418482, 28.172064], [85.3418562, 28.1720746], [85.3418747, 28.1720918], [85.341876, 28.172113], [85.3418773, 28.1721354], [85.3418641, 28.1721619], [85.3418588, 28.1721817], [85.3418496, 28.1721962], [85.3418535, 28.1722161], [85.3418667, 28.172228], [85.3418826, 28.1722425], [85.3419024, 28.1722544], [85.341913, 28.1722663], [85.3419236, 28.1722808], [85.341936, 28.1722874], [85.3419566, 28.1722853], [85.3419711, 28.1722973], [85.3419638, 28.1723371], [85.341953, 28.1723684], [85.3419566, 28.1723805], [85.3419602, 28.1723986], [85.341959, 28.172413], [85.3419458, 28.1724299], [85.3419297, 28.1724286], [85.3419289, 28.1724329], [85.3419143, 28.1724447], [85.3418919, 28.1724606], [85.3418747, 28.1724699], [85.3418482, 28.1724897], [85.3418363, 28.1725122], [85.3418337, 28.172536], [85.3418284, 28.1725598], [85.3418363, 28.1725743], [85.3418496, 28.1725849], [85.3418618, 28.1725923], [85.3418704, 28.1726028], [85.3418716, 28.1726114], [85.3418722, 28.1726256], [85.3418716, 28.1726422], [85.3418691, 28.1726533], [85.341863, 28.1726699], [85.3418544, 28.1726909], [85.3418507, 28.172702], [85.3418513, 28.1727149], [85.3418568, 28.172734], [85.3418698, 28.1727568], [85.3418704, 28.1727691], [85.3418661, 28.1727802], [85.3418562, 28.1727913], [85.341839, 28.1727981], [85.3418303, 28.1728024], [85.3418069, 28.1728122], [85.3418063, 28.1728209], [85.3418032, 28.1728332], [85.341802, 28.1728431], [85.3417989, 28.1728529], [85.3418026, 28.1728591], [85.3418082, 28.1728622], [85.3418236, 28.1728597], [85.3418365, 28.1728541], [85.3418439, 28.1728572], [85.3418445, 28.1728665], [85.3418451, 28.1728739], [85.3418408, 28.1728831], [85.3418377, 28.1729003], [85.3418402, 28.1729188], [85.341839, 28.1729416], [85.341842, 28.1729607], [85.3418414, 28.1729743], [85.3418451, 28.1729835], [85.341858, 28.1729891], [85.3418691, 28.1729909], [85.3418845, 28.1729958], [85.341911, 28.1729971], [85.3419351, 28.1730038], [85.3419535, 28.1730119], [85.3419677, 28.1730192], [85.3419763, 28.1730266], [85.3419782, 28.1730359], [85.3419609, 28.1730482], [85.3419511, 28.1730562], [85.3419437, 28.1730618], [85.3419375, 28.1730673], [85.3419388, 28.1730815], [85.3419431, 28.1730876], [85.3419486, 28.1730963], [85.3419486, 28.1730971], [85.3419638, 28.1730965], [85.3419771, 28.1730977], [85.3419855, 28.1731121], [85.3419844, 28.1731412], [85.3419917, 28.1731585], [85.3419991, 28.1731733], [85.3420028, 28.173185], [85.3419985, 28.1731991], [85.341988, 28.1732306], [85.3419874, 28.1732521], [85.3419924, 28.1732694], [85.3419948, 28.1732774], [85.341988, 28.1732872], [85.3419825, 28.1732965], [85.3419671, 28.1733082], [85.3419566, 28.1733125], [85.3419474, 28.1733205], [85.3419449, 28.1733347], [85.341956, 28.1733433], [85.3419683, 28.173347], [85.3419813, 28.1733525], [85.341985, 28.1733587], [85.3419862, 28.1733649], [85.3419825, 28.1733729], [85.3419714, 28.173379], [85.3419591, 28.1733797], [85.3419492, 28.1733784], [85.3419277, 28.173379], [85.341919, 28.1733852], [85.3419153, 28.1734037], [85.3419123, 28.173416], [85.3419153, 28.1734369], [85.3419203, 28.1734468], [85.3419289, 28.1734486], [85.3419215, 28.1734628], [85.3419246, 28.1734795], [85.3419308, 28.1735041], [85.3419351, 28.1735139], [85.3419375, 28.1735201], [85.341948, 28.1735337], [85.3419572, 28.1735521], [85.3419634, 28.1735632], [85.3419585, 28.1735891], [85.341956, 28.1736045], [85.3419572, 28.1736211], [85.3419597, 28.1736285], [85.3419677, 28.1736464], [85.3419702, 28.173655], [85.3419751, 28.1736667], [85.3419837, 28.1736735], [85.341988, 28.1736821], [85.3419997, 28.1736938], [85.3419961, 28.1737413], [85.3419905, 28.1737542], [85.3419837, 28.1737671], [85.3419763, 28.173777], [85.3419714, 28.1737819], [85.3419708, 28.1737936], [85.3419733, 28.1738023], [85.3419689, 28.1738171], [85.3419628, 28.1738257], [85.3419505, 28.1738374], [85.3419437, 28.173846], [85.3419388, 28.1738509], [85.3419394, 28.1738614], [85.3419412, 28.1738737], [85.3419455, 28.1738848], [85.3419474, 28.1739008], [85.3419455, 28.1739144], [85.3419474, 28.1739458], [85.3419394, 28.1739686], [85.3419381, 28.1739982], [85.3419278, 28.1740401], [85.3419288, 28.1740632], [85.3419166, 28.174093], [85.3419098, 28.1741091], [85.3418987, 28.1741109], [85.3418974, 28.1741054], [85.3418802, 28.174114], [85.341871, 28.174122], [85.3418605, 28.1741319], [85.3418482, 28.1741386], [85.3418408, 28.1741467], [85.3418414, 28.1741553], [85.3418445, 28.1741627], [85.3418494, 28.1741719], [85.3418537, 28.1741799], [85.3418565, 28.1741825], [85.3418735, 28.1741872], [85.3418912, 28.1741911], [85.341902, 28.174198], [85.3419082, 28.1742111], [85.3419082, 28.1742327], [85.3419059, 28.1742435], [85.3418889, 28.1742628], [85.3418779, 28.1742607], [85.3418741, 28.1742705], [85.3418753, 28.1742822], [85.3418743, 28.1742937], [85.3418745, 28.174304], [85.3418735, 28.1743116], [85.341874, 28.1743186], [85.3418753, 28.174331], [85.3418776, 28.1743353], [85.3418702, 28.1743599], [85.3418694, 28.174376], [85.3418709, 28.1743956], [85.341875, 28.1744055], [85.3418757, 28.1744202], [85.3418736, 28.174437], [85.3418736, 28.1744468], [85.3418723, 28.1744573], [85.3418673, 28.1744657], [85.3418645, 28.1744741], [85.3418596, 28.1744861], [85.3418687, 28.1744987], [85.3418765, 28.1745078], [85.3418765, 28.1745225], [85.3418709, 28.1745414], [85.3418715, 28.1745505], [85.3418814, 28.174559], [85.3418905, 28.1745646], [85.3419059, 28.1745716], [85.341915, 28.1745856], [85.3419164, 28.174594], [85.3419045, 28.1746059], [85.3418891, 28.1746171], [85.3418786, 28.1746276], [85.3418779, 28.1746382], [85.3418863, 28.1746473], [85.3418863, 28.1746641], [85.3418849, 28.1746823], [85.3418814, 28.1746942], [85.3418752, 28.1747016], [85.341906, 28.1747213], [85.3419156, 28.1747381], [85.3419204, 28.1747574], [85.3419204, 28.1747767], [85.3419241, 28.1748056], [85.3419397, 28.1748177], [85.3419759, 28.1748008], [85.3419904, 28.1748189], [85.3419771, 28.1748418], [85.3419578, 28.1748671], [85.3419301, 28.1748756], [85.3419028, 28.1748873], [85.3419031, 28.1748912], [85.3418982, 28.1749052], [85.3418975, 28.1749178], [85.3418835, 28.1749466], [85.3418877, 28.174969], [85.3418821, 28.1750076], [85.3418772, 28.1750272], [85.341868, 28.1750433], [85.341868, 28.1750587], [85.3418687, 28.1750798], [85.3418673, 28.1750903], [85.3418526, 28.1751113], [85.3418407, 28.1751232], [85.3418344, 28.1751337], [85.3418372, 28.1751464], [85.3418379, 28.1751583], [85.3418337, 28.1751709], [85.3418253, 28.1751814], [85.3418141, 28.175187], [85.341805, 28.1751975], [85.3418015, 28.1752066], [85.3418064, 28.1752157], [85.3418204, 28.1752241], [85.3418295, 28.1752424], [85.3418428, 28.1752564], [85.3418484, 28.1752718], [85.3418498, 28.1752928], [85.3418449, 28.1753069], [85.3418337, 28.175302], [85.3418218, 28.1753048], [85.341812, 28.1753104], [85.3418113, 28.1753195], [85.3418183, 28.1753279], [85.3418239, 28.1753377], [85.3418246, 28.1753489], [85.3418316, 28.1753566], [85.3418456, 28.1753615], [85.3418582, 28.1753573], [85.3418687, 28.1753615], [85.34188, 28.1753679], [85.3418856, 28.1753812], [85.3418884, 28.1753903], [85.3418884, 28.175405], [85.3418821, 28.1754204], [85.3418709, 28.1754372], [85.3418652, 28.1754449], [85.341819, 28.1755172], [85.3418092, 28.1755199], [85.3418082, 28.1755152], [85.3417965, 28.1755151], [85.3417881, 28.1755151], [85.3417769, 28.1755151], [85.3417671, 28.1755179], [85.3417559, 28.1755228], [85.3417503, 28.175534], [85.3417468, 28.1755445], [85.3417454, 28.1755515], [85.3417454, 28.1755655], [85.3417433, 28.1755802], [85.3417412, 28.175602], [85.3417323, 28.1756087], [85.3417095, 28.1755879], [85.3417095, 28.1755445], [85.3417143, 28.175518], [85.341695, 28.1755144], [85.3416661, 28.175518], [85.3416456, 28.1755421], [85.3416492, 28.1755674], [85.3416553, 28.1755927], [85.3416733, 28.1756156], [85.3416673, 28.1756325], [85.3416733, 28.1756663], [85.3416888, 28.1756853], [85.341681, 28.1757119], [85.3416824, 28.1757231], [85.3416504, 28.1757374], [85.3416613, 28.1757603], [85.341691, 28.1757695], [85.3416998, 28.1757821], [85.3416964, 28.1758009], [85.3416827, 28.1758215], [85.3416878, 28.175842], [85.3417118, 28.175854], [85.3417323, 28.1758557], [85.3417597, 28.1758574], [85.3417905, 28.1758642], [85.341823, 28.1758659], [85.3418504, 28.1758694], [85.3418658, 28.1758814], [85.3418607, 28.1759053], [85.3418435, 28.1759258], [85.3418281, 28.1759395], [85.341811, 28.1759498], [85.3417973, 28.1759703], [85.3417664, 28.1760015], [85.341744, 28.1760358], [85.3417398, 28.1760492], [85.3417356, 28.1760744], [85.3417264, 28.1760912], [85.3417152, 28.1761066], [85.3417047, 28.1761129], [85.341697, 28.1761165], [85.3416844, 28.1761256], [85.3416886, 28.1761333], [85.3416942, 28.176141], [85.3416921, 28.176162], [85.3416844, 28.1761718], [85.3416725, 28.1761767], [85.3416655, 28.1761851], [85.3416374, 28.1761901], [85.3416276, 28.1761851], [85.341615, 28.1761886], [85.3416143, 28.1761978], [85.3416171, 28.1762048], [85.3416325, 28.1762139], [85.3416515, 28.1762244], [85.3416662, 28.1762279], [85.3416788, 28.1762314], [85.3416928, 28.1762307], [85.3417019, 28.1762202], [85.3417103, 28.1762153], [85.3417208, 28.176216], [85.3417285, 28.1762202], [85.3417356, 28.1762307], [85.341744, 28.1762419], [85.341751, 28.1762489], [85.3417643, 28.1762601], [85.3417818, 28.1762672], [85.3417881, 28.1762931], [85.3417994, 28.1763064], [85.3418141, 28.176319], [85.3418386, 28.176331], [85.3418638, 28.1763274], [85.3418807, 28.1763344], [85.3418975, 28.1763415], [85.3419157, 28.1763492], [85.3419255, 28.1763611], [85.3419339, 28.1763695], [85.3419346, 28.1763793], [85.3419353, 28.1763877], [85.3419234, 28.1764102], [85.3419171, 28.1764193], [85.341915, 28.1764333], [85.341915, 28.1764459], [85.3419171, 28.1764585], [85.3419213, 28.1764718], [85.3419297, 28.1764915], [85.3419346, 28.1765013], [85.3419388, 28.1765118], [85.3419452, 28.1765286], [85.3419452, 28.1765525], [85.341943, 28.1765686], [85.3419409, 28.1765819], [85.3419402, 28.1765924], [85.3419416, 28.1766064], [85.3419397, 28.1766264], [85.3419354, 28.1766573], [85.3419403, 28.176674], [85.3419459, 28.1766907], [85.3419451, 28.1767059], [85.3419523, 28.176713], [85.3419611, 28.1767306], [85.3419675, 28.1767577], [85.3419715, 28.1767736], [85.3419722, 28.1767952], [85.3419611, 28.1768167], [85.3419579, 28.1768335], [85.3419627, 28.176855], [85.3419659, 28.176867], [85.3419698, 28.1768789], [85.3419818, 28.1768965], [85.3419834, 28.1769164], [85.3419834, 28.176926], [85.3419842, 28.1769371], [85.341989, 28.1769515], [85.341989, 28.1769611], [85.3419866, 28.1769794], [85.3419802, 28.1770009], [85.3419754, 28.1770081], [85.3419762, 28.1770217], [85.3419842, 28.1770265], [85.3419922, 28.1770281], [85.3420153, 28.1770288], [85.3420265, 28.177032], [85.3420384, 28.1770392], [85.3420456, 28.1770568], [85.3420432, 28.1770719], [85.3420428, 28.1770727], [85.3420465, 28.1770762], [85.3420484, 28.1770979], [85.3420435, 28.1771157], [85.3420435, 28.1771379], [85.3420386, 28.1771502], [85.3420326, 28.1771562], [85.3420203, 28.1771606], [85.342006, 28.1771616], [85.3419912, 28.1771675], [85.3419917, 28.1771749], [85.341997, 28.1771904], [85.3420113, 28.1771915], [85.3420249, 28.1771971], [85.3420448, 28.1772147], [85.342052, 28.1772306], [85.3420584, 28.1772442], [85.3420608, 28.1772682], [85.3420588, 28.1772776], [85.3420544, 28.177284], [85.3420297, 28.1772944], [85.3420105, 28.1772904], [85.3419962, 28.1772936], [85.3419914, 28.1773048], [85.3419842, 28.1773191], [85.3419981, 28.1773517], [85.342006, 28.1773606], [85.3420173, 28.1773665], [85.3420282, 28.1773764], [85.3420331, 28.1773902], [85.3420331, 28.1774025], [85.3420331, 28.1774193], [85.3420371, 28.1774257], [85.3420479, 28.1774228], [85.3420598, 28.1774173], [85.3420781, 28.1774173], [85.3420934, 28.1774218], [85.3420939, 28.1774035], [85.3421008, 28.1773941], [85.3421151, 28.1773912], [85.3421269, 28.1773848], [85.3421472, 28.1773931], [85.3421556, 28.1774045], [85.342162, 28.1774173], [85.3421669, 28.1774272], [85.3421743, 28.1774386], [85.3421975, 28.177448], [85.3422099, 28.1774583], [85.3422163, 28.1774781], [85.3422143, 28.1774963], [85.342204, 28.1775062], [85.3421956, 28.1775116], [85.3421729, 28.1775116], [85.3421516, 28.1775156], [85.3421185, 28.1775156], [85.3420889, 28.1775156], [85.3420697, 28.1775181], [85.3420583, 28.1775195], [85.3420479, 28.1775279], [85.3420371, 28.1775487], [85.3420352, 28.1775688], [85.3420494, 28.1775788], [85.3420553, 28.1775936], [85.3420618, 28.1776119], [85.3420632, 28.1776306], [85.3420568, 28.177643], [85.3420411, 28.1776471], [85.34204, 28.1776573], [85.34204, 28.1776724], [85.3420464, 28.1776868], [85.3420584, 28.1776972], [85.3420775, 28.1777123], [85.3420791, 28.1777331], [85.3420759, 28.177745], [85.3420711, 28.1777586], [85.3420656, 28.1777714], [85.3420528, 28.1777921], [85.3420408, 28.1778184], [85.3420305, 28.1778351], [85.3420185, 28.1778694], [85.3420145, 28.1779101], [85.3420084, 28.177946], [85.3420198, 28.1779545], [85.3420238, 28.1779634], [85.342046, 28.1779888], [85.3420488, 28.1779907], [85.3420687, 28.177997], [85.3420927, 28.1779923], [85.342119, 28.1779883], [85.3421349, 28.1779907], [85.3421589, 28.1780084], [85.34216, 28.1780298], [85.3421591, 28.1780331], [85.342165, 28.1780389], [85.3421738, 28.1780508], [85.3421709, 28.1780592], [85.3421551, 28.1780646], [85.3421487, 28.1780641], [85.3421431, 28.1780586], [85.3421388, 28.1780542], [85.3421181, 28.1780503], [85.3421032, 28.1780483], [85.342084, 28.178033], [85.34208, 28.178036], [85.3420702, 28.1780488], [85.3420672, 28.1780602], [85.3420761, 28.1780631], [85.3420904, 28.1780592], [85.3421003, 28.1780597], [85.3421143, 28.1780679], [85.3421101, 28.1780702], [85.3420947, 28.1780952], [85.3420887, 28.178107], [85.342084, 28.1781213], [85.3420792, 28.1781332], [85.3420697, 28.1781427], [85.3420543, 28.1781498], [85.3420448, 28.1781712], [85.3420519, 28.1781807], [85.3420745, 28.1781914], [85.3420947, 28.178195], [85.342122, 28.1782092], [85.3421292, 28.1782138], [85.342136, 28.1782274], [85.342136, 28.1782469], [85.3421365, 28.1782522], [85.3421365, 28.1782595], [85.3421316, 28.1782673], [85.3421248, 28.1782785], [85.3421206, 28.1782876], [85.3421148, 28.1782999], [85.3421058, 28.1783087], [85.3421, 28.1783101], [85.3420936, 28.1783116], [85.3420834, 28.1783106], [85.3420771, 28.1783058], [85.3420709, 28.1782984], [85.3420638, 28.1782865], [85.3420522, 28.1782784], [85.342044, 28.1782799], [85.3420356, 28.1782804], [85.3420262, 28.1782843], [85.3420193, 28.1782942], [85.3420144, 28.1783065], [85.342007, 28.1783278], [85.342004, 28.1783411], [85.342002, 28.1783613], [85.3419948, 28.1783734], [85.3419958, 28.1783784], [85.3419958, 28.1784096], [85.3419883, 28.1784307], [85.3419808, 28.1784507], [85.3419808, 28.1784669], [85.3419846, 28.1784868], [85.342002, 28.1784909], [85.3420198, 28.1784861], [85.3420307, 28.1784792], [85.3420381, 28.1784699], [85.3420539, 28.1784675], [85.3420677, 28.1784689], [85.342079, 28.1784749], [85.3420899, 28.1784823], [85.3420953, 28.1784907], [85.3421003, 28.1785005], [85.3420973, 28.1785218], [85.3420855, 28.1785455], [85.3420717, 28.178561], [85.3420707, 28.1785667], [85.3420613, 28.1785716], [85.3420465, 28.1785652], [85.3420307, 28.1785627], [85.3420198, 28.1785603], [85.3420162, 28.178542], [85.3420029, 28.1785413], [85.3419834, 28.1785528], [85.3419729, 28.1785516], [85.3419671, 28.178555], [85.3419656, 28.1785618], [85.3419651, 28.1785691], [85.3419651, 28.1785759], [85.3419671, 28.1785852], [85.3419758, 28.1785944], [85.3419832, 28.1785983], [85.3419967, 28.1786041], [85.342007, 28.1786085], [85.3420109, 28.1786197], [85.3420119, 28.1786334], [85.3420124, 28.1786426], [85.3420129, 28.1786528], [85.3420143, 28.1786611], [85.3420206, 28.1786606], [85.3420318, 28.1786582], [85.3420386, 28.1786523], [85.3420528, 28.178648], [85.3420594, 28.1786489], [85.3420929, 28.1786516], [85.3420978, 28.1786654], [85.3421013, 28.1786803], [85.3421023, 28.1786877], [85.3421003, 28.178697], [85.3420909, 28.178702], [85.342084, 28.1787023], [85.3420825, 28.1787084], [85.342081, 28.1787163], [85.34208, 28.1787247], [85.3420786, 28.1787316], [85.3420676, 28.1787351], [85.3420664, 28.1787429], [85.342063, 28.1787477], [85.3420537, 28.1787482], [85.3420421, 28.1787463], [85.342008, 28.178738], [85.3420041, 28.1787331], [85.3420031, 28.1787278], [85.3420085, 28.1787215], [85.3420124, 28.1787156], [85.3420129, 28.1787114], [85.3420045, 28.1787083], [85.3419902, 28.1787099], [85.3419856, 28.178714], [85.3419824, 28.178717], [85.3419749, 28.1787164], [85.3419718, 28.1787142], [85.3419571, 28.1787082], [85.34195, 28.1787052], [85.3419406, 28.1787096], [85.341935, 28.1787121], [85.3419303, 28.1787139], [85.3419108, 28.1787249], [85.3418897, 28.1787278], [85.3418718, 28.1787244], [85.3418598, 28.1787212], [85.3418462, 28.1787196], [85.3418287, 28.1787204], [85.3418239, 28.1787292], [85.3418104, 28.1787427], [85.3418039, 28.1787491], [85.3418048, 28.1787662], [85.3418055, 28.1787769], [85.3418086, 28.1787883], [85.3418124, 28.1787982], [85.341814, 28.1788019], [85.3418445, 28.1788244], [85.3418584, 28.1788387], [85.3418653, 28.178856], [85.3418653, 28.1788698], [85.3418702, 28.1788822], [85.3418727, 28.1788935], [85.3418686, 28.1788976], [85.3418484, 28.1788985], [85.3418312, 28.1788992], [85.341817, 28.1788998], [85.3418016, 28.1788851], [85.3417912, 28.1788693], [85.3417878, 28.1788575], [85.3417818, 28.1788476], [85.3417749, 28.1788427], [85.3417569, 28.1788392], [85.3417478, 28.1788323], [85.3417441, 28.1788222], [85.3417348, 28.1788172], [85.3417264, 28.1788126], [85.341718, 28.1788073], [85.3417051, 28.1788012], [85.341696, 28.1787936], [85.3416876, 28.1787906], [85.3416762, 28.1787883], [85.3416587, 28.178789], [85.341645, 28.1787913], [85.3416291, 28.1787883], [85.3416062, 28.1787944], [85.3415948, 28.1787906], [85.3415811, 28.1787959], [85.3415743, 28.1788027], [85.3415682, 28.1788088], [85.3415606, 28.1788217], [85.3415614, 28.1788293], [85.3415682, 28.17884], [85.341585, 28.1788522], [85.3415865, 28.1788605], [85.341591, 28.1788735], [85.3416009, 28.1788765], [85.3416123, 28.1788788], [85.3416283, 28.1788757], [85.3416405, 28.1788613], [85.3416542, 28.1788613], [85.3416641, 28.1788651], [85.3416747, 28.1788735], [85.3416869, 28.1788788], [85.3416929, 28.1788864], [85.3416983, 28.1788978], [85.3417056, 28.1789045], [85.3417107, 28.1789157], [85.3417075, 28.1789346], [85.3417025, 28.1789416], [85.3416974, 28.1789561], [85.3416936, 28.1789675], [85.341693, 28.1789738], [85.3416962, 28.1789826], [85.3417044, 28.1789927], [85.341717, 28.178994], [85.3417227, 28.1789902], [85.3417303, 28.1789839], [85.3417359, 28.1789769], [85.3417549, 28.17897], [85.341765, 28.1789656], [85.3417877, 28.1789643], [85.3418123, 28.1789763], [85.3418142, 28.1789902], [85.3418047, 28.1790325], [85.3417908, 28.1790697], [85.3417725, 28.1790899], [85.3417568, 28.1790968], [85.3417422, 28.1791006], [85.3417239, 28.1790994], [85.3417151, 28.1791013], [85.3417107, 28.1791082], [85.3417132, 28.1791164], [85.3417239, 28.1791227], [85.3417284, 28.1791353], [85.3417321, 28.1791536], [85.3417397, 28.1791606], [85.3417473, 28.179172], [85.3417568, 28.1791839], [85.3417587, 28.179201], [85.3417523, 28.1792098], [85.3417385, 28.1792206], [85.3417233, 28.1792319], [85.3417157, 28.179249], [85.3417164, 28.1792603], [85.3417233, 28.179271], [85.3417252, 28.179278], [85.3417164, 28.1792868], [85.3417094, 28.1792931], [85.3416955, 28.1793001], [85.3416861, 28.1792925], [85.341676, 28.1792875], [85.341669, 28.1792812], [85.341664, 28.1792685], [85.3416575, 28.1792641], [85.3416515, 28.1792685], [85.3416479, 28.1792786], [85.3416466, 28.1792859], [85.3416438, 28.1792915], [85.341639, 28.1792927], [85.3416349, 28.1792935], [85.3416386, 28.1793036], [85.3416491, 28.1793105], [85.3416547, 28.1793202], [85.3416588, 28.1793259], [85.341666, 28.1793271], [85.3416705, 28.1793271], [85.3416773, 28.1793311], [85.3416806, 28.1793404], [85.3416753, 28.1793557], [85.3416668, 28.1793663], [85.3416652, 28.1793743], [85.3416628, 28.1793812], [85.3416555, 28.1793901], [85.341647, 28.179401], [85.3416426, 28.1794074], [85.3416305, 28.1794119], [85.3416264, 28.1794212], [85.341626, 28.179428], [85.3416208, 28.1794406], [85.3416058, 28.1794604], [85.341599, 28.1794684], [85.3415844, 28.1794781], [85.3415739, 28.1794894], [85.3415537, 28.1794975], [85.3415351, 28.1794967], [85.3415186, 28.1794971], [85.3414984, 28.1794898], [85.3414956, 28.1794826], [85.3414986, 28.1794742], [85.3415035, 28.1794609], [85.3415068, 28.1794517], [85.3415016, 28.1794438], [85.3414988, 28.1794378], [85.341494, 28.1794321], [85.3414879, 28.1794301], [85.3414802, 28.1794272], [85.3414697, 28.1794293], [85.3414608, 28.1794353], [85.3414576, 28.1794474], [85.3414576, 28.1794535], [85.3414592, 28.17946], [85.3414649, 28.1794668], [85.3414685, 28.1794729], [85.3414742, 28.1794826], [85.341475, 28.1794886], [85.3414754, 28.1794983], [85.341475, 28.1795101], [85.3414725, 28.179521], [85.3414721, 28.1795307], [85.3414709, 28.1795395], [85.3414661, 28.1795452], [85.3414572, 28.1795464], [85.3414374, 28.179548], [85.3414253, 28.1795492], [85.3414087, 28.1795436], [85.3413966, 28.1795432], [85.3413901, 28.1795475], [85.341392, 28.179562], [85.3413932, 28.1795708], [85.3413932, 28.1795797], [85.3414027, 28.1795873], [85.3414172, 28.179591], [85.3414298, 28.1795917], [85.3414343, 28.179598], [85.3414343, 28.1796112], [85.341445, 28.1796188], [85.3414476, 28.1796117], [85.3414505, 28.1796037], [85.3414746, 28.1795999], [85.3414854, 28.1796005], [85.3414892, 28.1796081], [85.3414904, 28.1796201], [85.3414841, 28.1796453], [85.3414671, 28.1796497], [85.341462, 28.1796592], [85.34145, 28.1796693], [85.3414349, 28.1796882], [85.3414134, 28.1796933], [85.341404, 28.1797015], [85.341397, 28.1797084], [85.3413995, 28.1797179], [85.3414096, 28.1797242], [85.3414185, 28.1797267], [85.3414324, 28.1797154], [85.3414425, 28.1797185], [85.3414456, 28.1797293], [85.3414443, 28.1797488], [85.3414494, 28.1797785], [85.3414399, 28.1797949], [85.3414216, 28.1798063], [85.3413964, 28.179829], [85.3413793, 28.1798422], [85.3413699, 28.1798441], [85.3413547, 28.1798422], [85.3413478, 28.1798485], [85.341349, 28.1798637], [85.3413528, 28.1798713], [85.3413654, 28.1798782], [85.3413806, 28.1798769], [85.3413907, 28.1798877], [85.3413989, 28.1798965], [85.3414071, 28.179906], [85.341409, 28.1799136], [85.3414077, 28.1799255], [85.3413976, 28.179935], [85.3413629, 28.1799571], [85.341349, 28.1799565], [85.3413238, 28.1799508], [85.3413137, 28.1799407], [85.3413074, 28.1799363], [85.341303, 28.1799413], [85.3413011, 28.179959], [85.3412992, 28.1799754], [85.3413036, 28.1799874], [85.3413124, 28.1800032], [85.34132, 28.1800133], [85.3413276, 28.1800297], [85.34132, 28.1800448], [85.3413055, 28.1800694], [85.341296, 28.1800903], [85.3412796, 28.1800991], [85.341272, 28.1800953], [85.3412601, 28.1800922], [85.3412418, 28.1800903], [85.3412348, 28.1800909], [85.3412279, 28.1800953], [85.3412209, 28.1801111], [85.3412165, 28.1801225], [85.341219, 28.1801313], [85.3412228, 28.1801376], [85.3412304, 28.1801363], [85.3412405, 28.1801326], [85.3412525, 28.1801275], [85.3412664, 28.1801345], [85.3412758, 28.180142], [85.3412771, 28.180149], [85.341272, 28.1801572], [85.3412695, 28.1801647], [85.3412689, 28.1801717], [85.3412714, 28.1801799], [85.341279, 28.1801843], [85.3412878, 28.1801862], [85.3412934, 28.1801889], [85.3412971, 28.1801887], [85.3413064, 28.1801928], [85.3413159, 28.1802057], [85.3413159, 28.1802128], [85.3413151, 28.1802209], [85.3413082, 28.1802344], [85.3413005, 28.1802413], [85.3412958, 28.1802476], [85.3412973, 28.1802555], [85.3413021, 28.1802642], [85.3413089, 28.1802733], [85.3413203, 28.1802837], [85.3413263, 28.1802935], [85.3413259, 28.1803033], [85.3413231, 28.1803147], [85.3413209, 28.1803282], [85.3413209, 28.1803387], [85.3413231, 28.1803488], [85.3413237, 28.1803573], [85.3413171, 28.1803668], [85.3413114, 28.1803722], [85.3412966, 28.180376], [85.341285, 28.1803716], [85.3412676, 28.1803692], [85.3412601, 28.1803642], [85.3412518, 28.1803554], [85.3412361, 28.1803535], [85.3412266, 28.1803547], [85.3412197, 28.1803585], [85.3412133, 28.1803535], [85.3411813, 28.1803476], [85.3411665, 28.1803457], [85.3411547, 28.1803506], [85.3411419, 28.1803723], [85.341132, 28.1803831], [85.3411182, 28.1803861], [85.3411014, 28.180396], [85.3410975, 28.1804088], [85.3410995, 28.1804196], [85.3411221, 28.1804255], [85.3411428, 28.1804265], [85.3411586, 28.1804423], [85.3411527, 28.1804689], [85.3411428, 28.1804827], [85.3411271, 28.1804985], [85.3411162, 28.1805025], [85.3411034, 28.1804906], [85.3410896, 28.1804748], [85.341094, 28.1804636], [85.3410827, 28.1804492], [85.3410719, 28.1804482], [85.341062, 28.1804532], [85.3410521, 28.180461], [85.3410393, 28.1804689], [85.3410294, 28.1804995], [85.3410334, 28.1805173], [85.3410433, 28.1805291], [85.3410472, 28.1805449], [85.3410462, 28.1805587], [85.3410245, 28.1805725], [85.3410058, 28.1805784], [85.3409851, 28.1805823], [85.3409801, 28.1806021], [85.3409653, 28.1806139], [85.3409604, 28.1806267], [85.3409604, 28.1806385], [85.3409637, 28.180653], [85.3409721, 28.1806553], [85.3409834, 28.1806524], [85.3409939, 28.1806588], [85.340992, 28.1806663], [85.3409866, 28.1806723], [85.3409856, 28.1806828], [85.3409869, 28.1806907], [85.3409894, 28.1807008], [85.3409907, 28.1807122], [85.3409904, 28.1807219], [85.3409866, 28.1807286], [85.3409755, 28.1807355], [85.3409548, 28.1807383], [85.3409496, 28.1807401], [85.3409397, 28.1807332], [85.3409279, 28.1807174], [85.3409042, 28.1807076], [85.3408864, 28.1807135], [85.3408687, 28.1807145], [85.3408529, 28.1807184], [85.3408431, 28.1807312], [85.340845, 28.1807441], [85.3408657, 28.1807549], [85.3408736, 28.1807618], [85.3408776, 28.1807766], [85.3408756, 28.1807934], [85.3408677, 28.1807993], [85.3408529, 28.1808151], [85.340845, 28.1808269], [85.3408263, 28.1808289], [85.3408076, 28.1808289], [85.3407947, 28.1808269], [85.3407799, 28.1808338], [85.340775, 28.1808427], [85.3407796, 28.1808502], [85.3407796, 28.1808543], [85.340778, 28.1808638], [85.3407796, 28.1808727], [85.3407765, 28.1808831], [85.3407627, 28.1808839], [85.3407523, 28.1808949], [85.3407464, 28.1809088], [85.3407385, 28.1809196], [85.3407237, 28.1809235], [85.3407099, 28.1809216], [85.3406823, 28.1809137], [85.3406685, 28.180893], [85.3406616, 28.1808782], [85.3406557, 28.1808673], [85.3406448, 28.1808466], [85.340637, 28.1808338], [85.3406162, 28.180819], [85.3406024, 28.1808161], [85.3405837, 28.180818], [85.3405689, 28.180817], [85.340558, 28.180823], [85.3405393, 28.1808289], [85.3405226, 28.1808279], [85.3404948, 28.1808368], [85.3407954, 28.1817247], [85.3411161, 28.1826716], [85.34113, 28.1826529], [85.3411452, 28.1826385], [85.3411636, 28.1826281], [85.3411827, 28.1826265], [85.3411931, 28.1826329], [85.3412035, 28.1826465], [85.3412203, 28.1826593], [85.3412338, 28.1826633], [85.3412474, 28.1826561], [85.3412562, 28.1826521], [85.3412698, 28.1826529], [85.3412802, 28.1826577], [85.3413017, 28.1826617], [85.3413105, 28.1826697], [85.3413201, 28.1826745], [85.3413345, 28.1826809], [85.3413425, 28.1826745], [85.3413497, 28.1826681], [85.3413569, 28.1826617], [85.3413489, 28.1826473], [85.3413393, 28.1826393], [85.3413337, 28.1826321], [85.3413313, 28.182621], [85.3413297, 28.182613], [85.3413393, 28.1825986], [85.3413505, 28.1825938], [85.3413473, 28.1825818], [85.3413369, 28.182569], [85.3413305, 28.1825586], [85.3413257, 28.1825483], [85.3413249, 28.1825379], [85.3413265, 28.1825075], [85.3413369, 28.1824971], [85.3413529, 28.1824955], [85.341384, 28.1824995], [85.3414176, 28.1825187], [85.3414288, 28.1825435], [85.3414296, 28.1825634], [85.3414224, 28.1825858], [85.3414056, 28.1825986], [85.3413912, 28.182597], [85.3413744, 28.1825914], [85.3413688, 28.182601], [85.3413712, 28.1826193], [85.3413776, 28.1826265], [85.3413928, 28.1826369], [85.3414144, 28.1826393], [85.3414312, 28.1826409], [85.3414463, 28.1826449], [85.3414514, 28.1826465], [85.341456, 28.1826329], [85.3414748, 28.1826324], [85.341496, 28.1826354], [85.3415182, 28.1826314], [85.3415513, 28.1826171], [85.3415767, 28.182611], [85.3415888, 28.1825959], [85.3416221, 28.1825444], [85.3416237, 28.1825387], [85.3416436, 28.1825315], [85.3416508, 28.1825267], [85.3416564, 28.1825203], [85.3416668, 28.1825147], [85.3416964, 28.182511], [85.3417063, 28.182506], [85.3417152, 28.182505], [85.3417226, 28.1825139], [85.3417265, 28.1825204], [85.3417438, 28.1825198], [85.3417567, 28.1825179], [85.3417715, 28.1825174], [85.3418228, 28.1825213], [85.3418444, 28.1825316], [85.3418548, 28.1825342], [85.3419043, 28.1825356], [85.3419581, 28.1825248], [85.3419959, 28.1825163], [85.3420272, 28.182506], [85.3420395, 28.1824897], [85.3420657, 28.1824794], [85.3420815, 28.1824759], [85.3420963, 28.1824838], [85.3421121, 28.1824937], [85.3421116, 28.1825011], [85.3421215, 28.1825248], [85.3421215, 28.1825455], [85.3421299, 28.1825608], [85.3421363, 28.1825727], [85.3421422, 28.182585], [85.3421457, 28.1825919], [85.342148, 28.1825944], [85.3421566, 28.1825866], [85.3421576, 28.1825857], [85.3421654, 28.1825786], [85.3421724, 28.1825766], [85.3421852, 28.1825766], [85.3421931, 28.1825786], [85.342201, 28.182587], [85.3422054, 28.1826008], [85.342203, 28.1826176], [85.3421918, 28.1826223], [85.342186, 28.1826489], [85.3421724, 28.1826633], [85.3421613, 28.1826665], [85.3421469, 28.1826585], [85.3421389, 28.1826489], [85.3421245, 28.1826393], [85.3421102, 28.1826403], [85.3421013, 28.1826482], [85.3420914, 28.1826512], [85.342081, 28.1826571], [85.3420608, 28.1826714], [85.3420573, 28.1826862], [85.3420613, 28.1826966], [85.3420652, 28.1827075], [85.3420683, 28.1827125], [85.3421171, 28.1827173], [85.3421561, 28.1827208], [85.3421793, 28.1827292], [85.3422015, 28.1827445], [85.3422069, 28.1827539], [85.3422035, 28.1827805], [85.3421962, 28.1827844], [85.3421956, 28.1827903], [85.3421948, 28.1828103], [85.342198, 28.182827], [85.3421988, 28.182839], [85.3421956, 28.1828494], [85.3421938, 28.1828758], [85.342215, 28.1828995], [85.3422325, 28.1829307], [85.3422406, 28.1829478], [85.3422652, 28.1829672], [85.3422825, 28.1829908], [85.3422943, 28.1829983], [85.3423076, 28.1830022], [85.3423224, 28.1830072], [85.3423284, 28.1830141], [85.3423263, 28.1830237], [85.3423323, 28.1830443], [85.3423379, 28.1830515], [85.3423457, 28.1830412], [85.3423531, 28.1830343], [85.3423649, 28.1830378], [85.3423654, 28.1830506], [85.3423634, 28.183061], [85.3423636, 28.1830749], [85.3423673, 28.183078], [85.3423885, 28.183093], [85.3423985, 28.1831055], [85.3424012, 28.1831116], [85.3424088, 28.1831153], [85.3424207, 28.1831232], [85.3424222, 28.183132], [85.3424207, 28.1831419], [85.3424187, 28.1831469], [85.3424205, 28.1831609], [85.342435, 28.1831632], [85.3424375, 28.1831686], [85.3424365, 28.1831799], [85.3424261, 28.1831943], [85.3424185, 28.1832017], [85.3424081, 28.1832136], [85.3423961, 28.1832208], [85.3423905, 28.1832328], [85.3423881, 28.183244], [85.3423889, 28.1832592], [85.3423873, 28.1832704], [85.3423809, 28.1832847], [85.3423737, 28.1832911], [85.3423673, 28.1832943], [85.3423562, 28.1832999], [85.3423506, 28.1833135], [85.3423482, 28.1833279], [85.342349, 28.1833383], [85.3423626, 28.1833518], [85.3423737, 28.1833598], [85.3423833, 28.1833622], [85.3423993, 28.183367], [85.3424105, 28.183383], [85.3424256, 28.1833934], [85.3424424, 28.1833918], [85.3424448, 28.1833822], [85.3424536, 28.1833766], [85.3424704, 28.1833766], [85.3424824, 28.183379], [85.3424919, 28.1833742], [85.3425071, 28.1833598], [85.3425175, 28.1833614], [85.3425327, 28.1833774], [85.3425415, 28.1833806], [85.3425415, 28.183395], [85.3425351, 28.1834054], [85.3425279, 28.1834102], [85.3425191, 28.1834141], [85.3425055, 28.1834237], [85.3425015, 28.1834317], [85.3424983, 28.1834453], [85.3424975, 28.1834541], [85.3425039, 28.1834645], [85.3425127, 28.1834677], [85.3425247, 28.1834637], [85.3425375, 28.1834533], [85.3425519, 28.1834493], [85.3425702, 28.1834509], [85.3425862, 28.1834613], [85.3425862, 28.1834749], [85.3425798, 28.1834821], [85.3425758, 28.1834956], [85.3425806, 28.1835124], [85.3425902, 28.1835332], [85.3426014, 28.1835436], [85.3426198, 28.1835531], [85.3426413, 28.1835707], [85.3426597, 28.1835843], [85.3426813, 28.1835947], [85.3426853, 28.1836059], [85.3426789, 28.1836123], [85.3426837, 28.1836282], [85.3426925, 28.183637], [85.3427044, 28.1836434], [85.3427148, 28.1836442], [85.3427252, 28.1836338], [85.3427228, 28.1836234], [85.3427324, 28.1836019], [85.3427396, 28.1835883], [85.3427516, 28.1835883], [85.3428067, 28.183617], [85.3428596, 28.1836519], [85.3428952, 28.1836885], [85.3429203, 28.1837082], [85.3429401, 28.1837324], [85.3429589, 28.1837531], [85.3429766, 28.1837724], [85.3429945, 28.1837972], [85.3430366, 28.1838365], [85.3430519, 28.1838535], [85.3430735, 28.1838894], [85.3430957, 28.1839048], [85.3431077, 28.1839217], [85.3431053, 28.1839422], [85.343092, 28.1839458], [85.3430487, 28.1839382], [85.3430319, 28.1839557], [85.3430247, 28.1839677], [85.3430231, 28.1839821], [85.3430375, 28.1840029], [85.3430503, 28.18403], [85.3430627, 28.1840503], [85.3430908, 28.1840615], [85.3431258, 28.1840724], [85.343168, 28.184082], [85.3431993, 28.1840892], [85.343227, 28.1840941], [85.3432883, 28.1841363], [85.3433019, 28.1841411], [85.3433131, 28.184157], [85.3433307, 28.1842013], [85.3433174, 28.1842255], [85.3433078, 28.1842447], [85.3433066, 28.1842688], [85.3433138, 28.1842905], [85.3433352, 28.1843073], [85.3433355, 28.1843072], [85.3433507, 28.184296], [85.343361, 28.1842936], [85.3433738, 28.1842976], [85.3433978, 28.1843088], [85.343405, 28.184316], [85.3434106, 28.1843264], [85.3434066, 28.1843408], [85.3433874, 28.1843503], [85.343373, 28.1843535], [85.3433594, 28.1843511], [85.3433507, 28.1843559], [85.3433387, 28.1843671], [85.3433339, 28.1843759], [85.3433275, 28.1843983], [85.3433275, 28.1844071], [85.3433427, 28.1844278], [85.3433555, 28.184451], [85.3433531, 28.1844654], [85.3433475, 28.1844718], [85.3433299, 28.184471], [85.3433115, 28.1844773], [85.3433011, 28.1844885], [85.3432852, 28.1844965], [85.343278, 28.1845045], [85.3432676, 28.1845077], [85.3432668, 28.1845229], [85.3432468, 28.1845341], [85.3432348, 28.1845405], [85.3432244, 28.1845469], [85.3432324, 28.1845684], [85.3432524, 28.1845692], [85.3432772, 28.184562], [85.343294, 28.184566], [85.3433003, 28.1845756], [85.3433003, 28.1845892], [85.3433075, 28.1846068], [85.3433115, 28.1846179], [85.3433099, 28.1846291], [85.3433123, 28.1846459], [85.343316, 28.1846517], [85.3433391, 28.1846341], [85.3433464, 28.1846208], [85.3433705, 28.184616], [85.3433849, 28.1846232], [85.3433813, 28.1846437], [85.3433608, 28.1846546], [85.343356, 28.1846799], [85.3433596, 28.1846943], [85.3433693, 28.1847124], [85.3433669, 28.1847353], [85.3433259, 28.184729], [85.3433059, 28.1847298], [85.3432868, 28.1847282], [85.34327, 28.1847282], [85.3432564, 28.1847346], [85.3432462, 28.1847489], [85.3432399, 28.1847707], [85.3432453, 28.1847934], [85.3432408, 28.1848189], [85.3432508, 28.1848389], [85.3432562, 28.1848516], [85.3432771, 28.1848516], [85.343308, 28.1848452], [85.3433235, 28.1848389], [85.3433362, 28.1848379], [85.3434018, 28.1848474], [85.3434283, 28.1848595], [85.3434512, 28.1848739], [85.3434766, 28.1848992], [85.3434838, 28.1849342], [85.3434862, 28.1849697], [85.3434971, 28.1849643], [85.3435062, 28.184957], [85.3435143, 28.1849497], [85.343528, 28.1849506], [85.3435916, 28.1849897], [85.3436216, 28.1850279], [85.3436443, 28.1850352], [85.3436688, 28.185037], [85.3436888, 28.185037], [85.3437188, 28.1850334], [85.3437388, 28.1850334], [85.3437497, 28.1850379], [85.3437797, 28.185027], [85.3437943, 28.1850361], [85.3437961, 28.1850497], [85.3438015, 28.1850615], [85.3437943, 28.185077], [85.3437906, 28.1850897], [85.3437906, 28.1851042], [85.3437979, 28.1851188], [85.3438052, 28.1851315], [85.3438161, 28.1851424], [85.3438315, 28.1851515], [85.3438461, 28.185157], [85.3438635, 28.1851668], [85.3438884, 28.1851728], [85.3439123, 28.1851641], [85.3439219, 28.1851596], [85.3439404, 28.1851628], [85.3439436, 28.1851769], [85.3439359, 28.1851865], [85.3439359, 28.1852063], [85.3439366, 28.1852178], [85.3439455, 28.1852268], [85.3439545, 28.1852319], [85.343966, 28.1852389], [85.3439749, 28.1852428], [85.3439775, 28.1852575], [85.3439596, 28.1852779], [85.3439551, 28.1852926], [85.3439538, 28.185301], [85.3439436, 28.1853131], [85.343927, 28.1853259], [85.3439187, 28.1853253], [85.3439097, 28.1853323], [85.3438969, 28.1853406], [85.3438739, 28.1853694], [85.343846, 28.1853978], [85.3438046, 28.1854517], [85.3437987, 28.1854626], [85.3438046, 28.1854699], [85.3438162, 28.1854735], [85.3438286, 28.185475], [85.3438359, 28.1854888], [85.3438453, 28.1854968], [85.3438599, 28.1855004], [85.3439079, 28.1855172], [85.3439283, 28.1855397], [85.343937, 28.1855557], [85.3439421, 28.1855645], [85.3439479, 28.1855717], [85.3439581, 28.1855746], [85.3439697, 28.1855725], [85.3439814, 28.1855797], [85.3439821, 28.1855877], [85.3439858, 28.1855921], [85.3439945, 28.1855936], [85.3440018, 28.1855856], [85.3440141, 28.1855856], [85.3440229, 28.185595], [85.3440214, 28.1856219], [85.3440039, 28.1856503], [85.3439945, 28.1856583], [85.3439981, 28.1856663], [85.3440083, 28.1856729], [85.34402, 28.1856758], [85.3440345, 28.1856729], [85.3440607, 28.1856707], [85.3440818, 28.1856642], [85.344124, 28.1856722], [85.3441538, 28.1856991], [85.3441749, 28.1857245], [85.3441859, 28.1857464], [85.3441917, 28.1857668], [85.3441815, 28.1857922], [85.3441749, 28.1858046], [85.3441662, 28.1858126], [85.3441517, 28.1858155], [85.3441386, 28.1858155], [85.3441196, 28.185809], [85.3441, 28.1858002], [85.3440869, 28.1858002], [85.34406, 28.1857981], [85.3440236, 28.1858017], [85.3440134, 28.1858068], [85.3440068, 28.1858257], [85.3440039, 28.1858395], [85.3440003, 28.1858526], [85.3439923, 28.1858613], [85.3439872, 28.1858679], [85.3439748, 28.1858708], [85.3439676, 28.1858701], [85.3439545, 28.1858701], [85.3439414, 28.1858701], [85.3439312, 28.1858744], [85.3439254, 28.185881], [85.3439239, 28.1858919], [85.3439399, 28.1858948], [85.3439545, 28.1858905], [85.3439668, 28.1858905], [85.3439705, 28.1859043], [85.3439697, 28.1859138], [85.3439697, 28.1859232], [85.3439807, 28.1859283], [85.3439901, 28.1859261], [85.3440083, 28.1859152], [85.3440207, 28.1859123], [85.3440381, 28.1859167], [85.3440491, 28.1859239], [85.3440607, 28.1859378], [85.3440815, 28.1859497], [85.3440861, 28.1859701], [85.3440815, 28.1859929], [85.3440849, 28.186019], [85.344084, 28.1860252], [85.3441865, 28.1860913], [85.3441901, 28.186107], [85.3442251, 28.1861106], [85.34426, 28.1861179], [85.3442817, 28.1861347], [85.3442938, 28.1861673], [85.3442957, 28.1862121], [85.3443089, 28.1862212], [85.3443213, 28.1862369], [85.3443246, 28.186256], [85.3443188, 28.186275], [85.3443122, 28.1862941], [85.3443139, 28.186304], [85.3443081, 28.1863114], [85.3443097, 28.1863272], [85.3443197, 28.1863379], [85.344318, 28.1863503], [85.3443097, 28.1863545], [85.3442948, 28.1863537], [85.3442824, 28.1863594], [85.3442865, 28.1863851], [85.3443023, 28.1863934], [85.3443197, 28.1864025], [85.3443329, 28.1864066], [85.3443453, 28.1864108], [85.344366, 28.1864075], [85.344376, 28.1863959], [85.3443859, 28.1863851], [85.3443917, 28.1863727], [85.3443934, 28.1863586], [85.3443934, 28.1863495], [85.3443909, 28.1863404], [85.3444016, 28.186333], [85.3444174, 28.1863272], [85.3444323, 28.1863239], [85.3444439, 28.1863272], [85.3444546, 28.1863263], [85.344472, 28.186323], [85.3445109, 28.1863255], [85.3445184, 28.1863363], [85.3445175, 28.186347], [85.3445018, 28.1863636], [85.3445026, 28.1863768], [85.3445225, 28.1863826], [85.3445391, 28.1863719], [85.3445548, 28.1863636], [85.3445598, 28.1863537], [85.3445763, 28.1863462], [85.3445879, 28.1863437], [85.3445978, 28.1863437], [85.3446061, 28.1863528], [85.3446045, 28.1863636], [85.344621, 28.1863694], [85.3446301, 28.1863653], [85.3446392, 28.1863686], [85.3446467, 28.1863801], [85.3446475, 28.1863942], [85.3446517, 28.1864017], [85.3446583, 28.1864091], [85.3446566, 28.1864265], [85.344655, 28.1864389], [85.3446459, 28.186448], [85.3446467, 28.1864654], [85.3446583, 28.1864729], [85.3446666, 28.1864886], [85.3446773, 28.1865043], [85.3446906, 28.1865143], [85.344703, 28.1865209], [85.3447129, 28.1865201], [85.344727, 28.1865151], [85.3447369, 28.1865093], [85.3447452, 28.1865126], [85.3447494, 28.1865242], [85.344751, 28.1865366], [85.3447634, 28.1865482], [85.3447684, 28.1865581], [85.3447676, 28.1865673], [85.3447593, 28.1865788], [85.3447742, 28.1865855], [85.344785, 28.1865755], [85.3448065, 28.186578], [85.3448197, 28.1865888], [85.3448288, 28.1866004], [85.3448288, 28.1866161], [85.3448098, 28.1866178], [85.3447941, 28.1866293], [85.3447808, 28.1866343], [85.3447717, 28.1866285], [85.3447626, 28.1866186], [85.3447485, 28.1866236], [85.3447427, 28.1866451], [85.3447427, 28.1866649], [85.3447576, 28.1867171], [85.3447609, 28.1867428], [85.3447651, 28.1867519], [85.3447692, 28.1867742], [85.3447759, 28.1867933], [85.3447792, 28.1868057], [85.3447833, 28.1868206], [85.3447808, 28.186833], [85.3447816, 28.1868529], [85.3447783, 28.1868612], [85.3447692, 28.1868678], [85.3447593, 28.1868777], [85.3447717, 28.186891], [85.3447924, 28.1868984], [85.3448073, 28.1869001], [85.3448205, 28.1868984], [85.3448247, 28.1868885], [85.3448264, 28.1868777], [85.3448297, 28.1868661], [85.3448338, 28.1868579], [85.3448437, 28.1868446], [85.3448553, 28.1868421], [85.3448711, 28.1868479], [85.3448777, 28.1868579], [85.3448802, 28.1868686], [85.344881, 28.186881], [85.3448785, 28.1868959], [85.3448835, 28.1869075], [85.3448901, 28.1869166], [85.3449009, 28.1869233], [85.3449124, 28.1869299], [85.3449216, 28.1869324], [85.3449315, 28.1869324], [85.3449464, 28.186934], [85.3449555, 28.186934], [85.3449663, 28.1869266], [85.3449787, 28.1869216], [85.3449952, 28.1869109], [85.3450168, 28.1869092], [85.3450259, 28.1869175], [85.3450308, 28.1869357], [85.3450385, 28.186955], [85.3450327, 28.1869629], [85.3450247, 28.1869661], [85.3450136, 28.1869608], [85.3450067, 28.1869518], [85.3450014, 28.1869444], [85.344994, 28.1869465], [85.3449871, 28.1869539], [85.3449866, 28.1869635], [85.3449919, 28.186973], [85.3449988, 28.1869873], [85.3449998, 28.1869995], [85.3450004, 28.1870249], [85.3450067, 28.1870573], [85.3450062, 28.1870906], [85.3450094, 28.1871049], [85.3450157, 28.1871219], [85.3450173, 28.1871299], [85.3450237, 28.187141], [85.3450322, 28.1871532], [85.3450433, 28.1871658], [85.3450433, 28.1871766], [85.3450532, 28.1871857], [85.3450656, 28.187189], [85.3450722, 28.1871973], [85.3450772, 28.1872056], [85.3450772, 28.1872172], [85.3450698, 28.1872354], [85.3450623, 28.1872553], [85.3450689, 28.1872693], [85.3450739, 28.1872784], [85.3450673, 28.1872933], [85.3450548, 28.1873066], [85.345035, 28.1873397], [85.3450317, 28.1873513], [85.3450424, 28.1873621], [85.3450631, 28.1873629], [85.3450962, 28.1873745], [85.3451285, 28.1873894], [85.3451327, 28.187401], [85.3451269, 28.1874093], [85.3451203, 28.1874159], [85.3451178, 28.1874291], [85.3451178, 28.1874482], [85.3451227, 28.1874614], [85.3451178, 28.1874788], [85.3451136, 28.1874954], [85.3451078, 28.1875169], [85.3450971, 28.1875301], [85.345083, 28.1875525], [85.3450789, 28.1875715], [85.3450905, 28.1875939], [85.3451004, 28.1876121], [85.3450996, 28.187627], [85.3450946, 28.1876361], [85.3450929, 28.1876527], [85.3450996, 28.1876651], [85.3451037, 28.1876725], [85.345112, 28.1876816], [85.3451484, 28.1877148], [85.3451617, 28.1877346], [85.3451749, 28.1877504], [85.3451824, 28.1877653], [85.3451898, 28.1877843], [85.3451923, 28.1878505], [85.3451873, 28.1878671], [85.3451782, 28.1878845], [85.3451633, 28.1879002], [85.345155, 28.1879192], [85.34516, 28.1879383], [85.3451617, 28.1879565], [85.3451724, 28.1879722], [85.345213, 28.1879913], [85.3452345, 28.1880029], [85.3452511, 28.1880103], [85.3452585, 28.1880178], [85.3452544, 28.188031], [85.3452403, 28.188041], [85.345232, 28.1880476], [85.3452196, 28.1880525], [85.3452171, 28.1880603], [85.3452367, 28.1880762], [85.3452452, 28.1880783], [85.3452563, 28.1880804], [85.3452658, 28.188081], [85.3452743, 28.1880863], [85.3452801, 28.1880963], [85.3452876, 28.1881022], [85.345295, 28.1881059], [85.3453045, 28.1881064], [85.3453146, 28.1881016], [85.3453305, 28.1880932], [85.3453432, 28.18809], [85.3453591, 28.1880926], [85.3453734, 28.1881011], [85.3453761, 28.1881106], [85.3453755, 28.1881212], [85.3453787, 28.1881271], [85.3453835, 28.1881313], [85.3453869, 28.1881475], [85.3475245, 28.1877851], [85.3475163, 28.1877711], [85.3475262, 28.1877603], [85.3475337, 28.1877545], [85.3475436, 28.1877487], [85.3475461, 28.1877321], [85.3475361, 28.1877222], [85.3475279, 28.1877189], [85.3475179, 28.1877139], [85.3475105, 28.1877106], [85.3475005, 28.1876999], [85.3474939, 28.1876907], [85.3474914, 28.1876825], [85.3474898, 28.1876734], [85.3474807, 28.1876643], [85.3474774, 28.1876535], [85.3474765, 28.1876485], [85.3474774, 28.1876386], [85.3474815, 28.1876253], [85.3474815, 28.1876121], [85.3474707, 28.1876146], [85.3474566, 28.1876137], [85.3474467, 28.1876146], [85.3474368, 28.1876286], [85.3474235, 28.1876278], [85.3474136, 28.187627], [85.3473937, 28.1876245], [85.3473896, 28.1876038], [85.3473954, 28.1875848], [85.3474028, 28.187569], [85.3474095, 28.1875558], [85.3474128, 28.1875442], [85.347421, 28.1875425], [85.3474277, 28.1875376], [85.3474384, 28.1875343], [85.3474302, 28.1875169], [85.3474136, 28.1875078], [85.3473979, 28.187497], [85.3473896, 28.1874862], [85.3473805, 28.1874862], [85.347373, 28.1874987], [85.3473714, 28.1875069], [85.3473689, 28.1875169], [85.3473614, 28.1875276], [85.3473383, 28.1875384], [85.3473118, 28.1875459], [85.3472936, 28.1875384], [85.3472728, 28.1875334], [85.3472546, 28.187531], [85.3472389, 28.1875301], [85.347224, 28.1875169], [85.3472149, 28.1875078], [85.3472101, 28.1875005], [85.3472125, 28.1874957], [85.3472179, 28.187493], [85.3472233, 28.18749], [85.347225, 28.1874852], [85.3472267, 28.1874788], [85.3472267, 28.1874727], [85.3472237, 28.1874669], [85.3472209, 28.1874622], [85.3472158, 28.1874594], [85.3472067, 28.1874567], [85.3471996, 28.1874577], [85.3471914, 28.1874618], [85.3471867, 28.1874669], [85.347185, 28.1874744], [85.3471779, 28.1874832], [85.3471735, 28.18749], [85.3471657, 28.187493], [85.3471514, 28.1874961], [85.3471385, 28.1874998], [85.3471311, 28.1874998], [85.3471185, 28.1874934], [85.3470995, 28.1874788], [85.3470928, 28.1874723], [85.3470911, 28.1874676], [85.3470928, 28.1874618], [85.3470955, 28.1874577], [85.3471036, 28.1874527], [85.3471087, 28.1874476], [85.3471134, 28.1874401], [85.3471148, 28.1874337], [85.347126, 28.187431], [85.3471402, 28.1874306], [85.3471497, 28.1874323], [85.3471541, 28.1874344], [85.3471609, 28.1874344], [85.3471636, 28.187432], [85.347164, 28.1874286], [85.3471636, 28.1874232], [85.3471582, 28.1874181], [85.3471458, 28.1874091], [85.34714, 28.1873985], [85.3471395, 28.1873895], [85.3471389, 28.1873821], [85.3471453, 28.1873736], [85.3471511, 28.1873678], [85.3471548, 28.1873588], [85.347158, 28.1873529], [85.3471601, 28.187346], [85.3471609, 28.1873427], [85.347136, 28.1873525], [85.3471167, 28.1873666], [85.3471141, 28.1873815], [85.3470895, 28.1873911], [85.3470772, 28.1873946], [85.3470623, 28.1873894], [85.347043, 28.1873745], [85.3470404, 28.1873604], [85.3470439, 28.1873508], [85.3470702, 28.1873411], [85.347093, 28.1873429], [85.3471193, 28.1873464], [85.3471281, 28.1873367], [85.3471325, 28.1873288], [85.3471325, 28.1873093], [85.3471246, 28.1873105], [85.3471135, 28.1873105], [85.3471061, 28.1873063], [85.3471024, 28.1873015], [85.3471008, 28.1872952], [85.347105, 28.1872883], [85.3471082, 28.1872814], [85.3471055, 28.1872687], [85.3470891, 28.1872586], [85.3470748, 28.1872565], [85.3470679, 28.1872501], [85.3470637, 28.1872401], [85.3470621, 28.1872252], [85.34706, 28.1871876], [85.347061, 28.1871701], [85.3470663, 28.1871627], [85.3470722, 28.1871532], [85.3470769, 28.1871489], [85.3470817, 28.1871447], [85.3470854, 28.1871341], [85.3470785, 28.1871298], [85.3470743, 28.1871256], [85.3470679, 28.1871145], [85.3470488, 28.1870938], [85.3470414, 28.1870774], [85.3470398, 28.1870673], [85.3470388, 28.1870573], [85.3470382, 28.1870429], [85.3470457, 28.1870318], [85.3470504, 28.1870265], [85.3470552, 28.1870186], [85.3470499, 28.187008], [85.3470462, 28.1870027], [85.3470441, 28.1869968], [85.3470446, 28.18699], [85.347043, 28.1869836], [85.3470361, 28.186973], [85.3470367, 28.1869677], [85.3470377, 28.1869613], [85.3470367, 28.1869555], [85.3470319, 28.1869502], [85.3470277, 28.186946], [85.3470186, 28.1869433], [85.3470123, 28.1869428], [85.3470043, 28.1869391], [85.3469932, 28.1869349], [85.3469821, 28.1869317], [85.3469726, 28.1869317], [85.3469609, 28.1869306], [85.3469386, 28.1869269], [85.3469243, 28.1869264], [85.3469137, 28.1869243], [85.3469058, 28.1869211], [85.3468994, 28.1869174], [85.3469053, 28.18691], [85.34691, 28.1869031], [85.3469084, 28.1868946], [85.3469037, 28.1868888], [85.3468989, 28.186884], [85.3468904, 28.1868803], [85.3468851, 28.1868797], [85.3468788, 28.1868792], [85.3468761, 28.1868734], [85.3468735, 28.1868681], [85.3468766, 28.1868623], [85.3468846, 28.1868437], [85.3468915, 28.1868379], [85.3469074, 28.1868331], [85.3469169, 28.1868326], [85.3469222, 28.1868262], [85.346928, 28.1868188], [85.3469418, 28.1868178], [85.346954, 28.1868188], [85.3469678, 28.1868194], [85.3469763, 28.1868193], [85.3469826, 28.1868125], [85.3469937, 28.1868146], [85.3470043, 28.1868199], [85.347007, 28.1868273], [85.3470102, 28.1868432], [85.3470181, 28.1868506], [85.3470293, 28.1868527], [85.3470324, 28.1868458], [85.3470367, 28.1868374], [85.3470382, 28.1868283], [85.3470308, 28.186822], [85.3470224, 28.1868156], [85.3470112, 28.1868082], [85.3470049, 28.1868034], [85.3470022, 28.1867976], [85.3469969, 28.1867923], [85.3469858, 28.1867918], [85.3469805, 28.1867928], [85.346972, 28.1867955], [85.3469678, 28.1867944], [85.3469625, 28.1867875], [85.3469651, 28.1867764], [85.3469688, 28.186769], [85.3469704, 28.1867589], [85.346972, 28.1867494], [85.3469694, 28.1867409], [85.3469667, 28.1867351], [85.3469619, 28.1867224], [85.3469551, 28.1867166], [85.3469455, 28.1867144], [85.3469392, 28.1867155], [85.346936, 28.1867213], [85.3469323, 28.1867282], [85.3469227, 28.1867388], [85.3469226, 28.1867391], [85.346928, 28.186753], [85.3469131, 28.1867592], [85.3468806, 28.1867601], [85.3468534, 28.1867495], [85.3468438, 28.1867416], [85.3468288, 28.1867276], [85.3468271, 28.1867118], [85.3468427, 28.1867033], [85.3468385, 28.1866901], [85.3468395, 28.1866784], [85.3468433, 28.1866614], [85.3468544, 28.1866514], [85.3468661, 28.186644], [85.3468835, 28.186644], [85.3468989, 28.186644], [85.3469121, 28.186645], [85.3469238, 28.1866482], [85.3469295, 28.1866428], [85.3469248, 28.1866344], [85.3469202, 28.1866265], [85.3469188, 28.1866214], [85.3469188, 28.1866163], [85.3469225, 28.1866111], [85.3469276, 28.1866055], [85.3469323, 28.1865995], [85.3469365, 28.1865953], [85.3469439, 28.1865907], [85.3469476, 28.1865813], [85.3469514, 28.1865739], [85.3469546, 28.1865655], [85.3469579, 28.1865585], [85.3469625, 28.1865534], [85.3469681, 28.186545], [85.3469686, 28.1865343], [85.34697, 28.1865245], [85.3469616, 28.1865138], [85.3469542, 28.1865068], [85.346936, 28.1865026], [85.3469206, 28.1865068], [85.3468978, 28.1865222], [85.3468843, 28.1865329], [85.3468801, 28.1865464], [85.3468783, 28.1865571], [85.3468727, 28.1865636], [85.3468647, 28.1865641], [85.346855, 28.1865608], [85.3468503, 28.1865576], [85.3468522, 28.1865478], [85.3468559, 28.186539], [85.3468596, 28.1865292], [85.3468633, 28.1865236], [85.3468647, 28.1865124], [85.3468652, 28.1865012], [85.3468633, 28.1864928], [85.3468582, 28.1864868], [85.3468503, 28.1864835], [85.3468415, 28.1864789], [85.3468298, 28.1864663], [85.3468186, 28.1864584], [85.3468112, 28.1864509], [85.3468084, 28.1864435], [85.3468037, 28.1864365], [85.3467986, 28.1864253], [85.3467963, 28.1864188], [85.3467991, 28.1864081], [85.3468051, 28.1864053], [85.3468144, 28.186403], [85.3468261, 28.1864072], [85.3468307, 28.1864044], [85.3468321, 28.1863937], [85.3468307, 28.1863871], [85.34682, 28.1863834], [85.3468079, 28.186382], [85.3467902, 28.1863857], [85.3467795, 28.1863881], [85.3467627, 28.1863927], [85.3467506, 28.1863927], [85.3467385, 28.1864006], [85.3467325, 28.1864095], [85.3467292, 28.1864239], [85.3467325, 28.1864309], [85.3467348, 28.1864388], [85.3467362, 28.1864491], [85.3467334, 28.1864682], [85.3467334, 28.1864752], [85.3467385, 28.1864835], [85.3467399, 28.1864882], [85.3467409, 28.1864942], [85.346732, 28.1865012], [85.3467236, 28.1865026], [85.3467194, 28.1865087], [85.3467185, 28.1865143], [85.3467111, 28.1865189], [85.3467041, 28.1865208], [85.3466957, 28.1865213], [85.3466901, 28.1865185], [85.3466864, 28.186511], [85.346684, 28.1865022], [85.3466836, 28.1865016], [85.3466744, 28.1865055], [85.3466614, 28.1864821], [85.3466384, 28.1864722], [85.3466261, 28.1864564], [85.3466243, 28.186445], [85.346637, 28.1864262], [85.3466426, 28.1864142], [85.3466538, 28.1864086], [85.3466859, 28.1864118], [85.3466985, 28.1864137], [85.3467069, 28.1864109], [85.346713, 28.186402], [85.346716, 28.1863889], [85.3467123, 28.1863816], [85.3467028, 28.1863773], [85.3466905, 28.1863736], [85.3466861, 28.1863664], [85.3466832, 28.1863554], [85.3466825, 28.1863467], [85.3466832, 28.1863394], [85.3466788, 28.1863336], [85.3466825, 28.1863242], [85.3466796, 28.1863081], [85.3466745, 28.1863009], [85.3466563, 28.1862907], [85.3466468, 28.1862856], [85.3466352, 28.1862761], [85.3466403, 28.1862616], [85.3466534, 28.186247], [85.3466767, 28.1862354], [85.3467138, 28.1862361], [85.3467283, 28.1862397], [85.3467385, 28.1862499], [85.3467305, 28.1862565], [85.346729, 28.1862645], [85.3467305, 28.1862718], [85.3467356, 28.1862812], [85.3467458, 28.1862856], [85.3467589, 28.1862943], [85.3467662, 28.1863009], [85.346788, 28.1863089], [85.3468004, 28.1863016], [85.3468098, 28.1862841], [85.3468215, 28.1862674], [85.3468244, 28.1862477], [85.3468258, 28.1862325], [85.3468287, 28.1862201], [85.3468266, 28.1862114], [85.3468229, 28.1862026], [85.3468185, 28.1861946], [85.3468149, 28.1861873], [85.3468076, 28.186183], [85.3468004, 28.1861881], [85.3467894, 28.1861932], [85.3467778, 28.1861852], [85.3467734, 28.1861772], [85.3467552, 28.1861633], [85.346748, 28.1861415], [85.3467429, 28.1861335], [85.3467356, 28.1861299], [85.3467225, 28.1861306], [85.3467174, 28.18614], [85.3467065, 28.1861408], [85.3466956, 28.1861328], [85.3466876, 28.1861284], [85.3466883, 28.1861211], [85.3466949, 28.1861131], [85.3467065, 28.1860935], [85.346721, 28.186092], [85.346729, 28.1860869], [85.3467325, 28.1860701], [85.3467325, 28.1860595], [85.3467145, 28.1860526], [85.3466997, 28.1860447], [85.3466859, 28.1860357], [85.346679, 28.1860309], [85.3466753, 28.1860182], [85.3466838, 28.1860118], [85.3466917, 28.1860081], [85.3466944, 28.185998], [85.3466901, 28.1859912], [85.3466854, 28.1859869], [85.3466742, 28.1859832], [85.3466557, 28.1859806], [85.3466398, 28.18598], [85.3466255, 28.1859784], [85.3466128, 28.1859795], [85.3465969, 28.18598], [85.3465863, 28.1859869], [85.346581, 28.185997], [85.3465762, 28.1860076], [85.3465783, 28.1860176], [85.3465831, 28.1860203], [85.3465863, 28.1860251], [85.3465826, 28.1860362], [85.346572, 28.1860362], [85.346564, 28.1860309], [85.3465566, 28.1860224], [85.3465481, 28.1860139], [85.346537, 28.1860087], [85.346528, 28.1860076], [85.3465158, 28.1860097], [85.3465036, 28.1860123], [85.3464983, 28.1860097], [85.346492, 28.1860012], [85.3464904, 28.1859922], [85.3464904, 28.1859848], [85.3464861, 28.1859758], [85.346484, 28.1859641], [85.3464776, 28.1859461], [85.3464872, 28.1859244], [85.3465121, 28.1859196], [85.346537, 28.1859164], [85.3465571, 28.1859196], [85.3465667, 28.1859239], [85.3465752, 28.1859302], [85.3465884, 28.1859329], [85.3465916, 28.1859233], [85.3465873, 28.185917], [85.3465858, 28.1859064], [85.3465974, 28.1859011], [85.3466085, 28.185899], [85.3466409, 28.1859032], [85.3466578, 28.1859053], [85.3466742, 28.1859053], [85.3466848, 28.1859], [85.3466976, 28.1858852], [85.3467007, 28.1858762], [85.3467007, 28.1858656], [85.3466896, 28.1858571], [85.3466822, 28.185855], [85.3466732, 28.1858523], [85.3466674, 28.1858481], [85.3466589, 28.1858428], [85.346652, 28.1858348], [85.3466483, 28.1858274], [85.3466451, 28.1858195], [85.3466456, 28.1858137], [85.3466504, 28.1858057], [85.3466594, 28.1858036], [85.3466599, 28.1857983], [85.3466578, 28.185793], [85.346652, 28.1857872], [85.3466536, 28.185775], [85.3466605, 28.1857713], [85.3466806, 28.1857734], [85.3466901, 28.1857728], [85.3466954, 28.1857723], [85.3467124, 28.1857686], [85.3467156, 28.1857628], [85.3467134, 28.1857575], [85.3467055, 28.1857458], [85.3466949, 28.1857352], [85.3466864, 28.1857156], [85.3466822, 28.1856997], [85.3466763, 28.1856653], [85.3466732, 28.185652], [85.3466663, 28.1856441], [85.3466552, 28.1856346], [85.346644, 28.185625], [85.3466308, 28.1856176], [85.3466239, 28.1856139], [85.3466122, 28.1856096], [85.3466059, 28.1856091], [85.3465932, 28.1856123], [85.3465831, 28.1856192], [85.3465704, 28.1856197], [85.3465577, 28.1856187], [85.3465365, 28.1856112], [85.3465291, 28.1856065], [85.3465285, 28.1855991], [85.3465301, 28.1855927], [85.3465317, 28.1855874], [85.3465354, 28.1855826], [85.3465359, 28.1855768], [85.3465359, 28.185571], [85.3465338, 28.1855657], [85.3465275, 28.1855593], [85.3465216, 28.1855535], [85.3465169, 28.1855508], [85.3465079, 28.1855535], [85.3465047, 28.1855657], [85.3465036, 28.1855741], [85.3464941, 28.1855816], [85.3464814, 28.1855869], [85.346457, 28.1855879], [85.3464379, 28.1855874], [85.3464199, 28.1855821], [85.3464056, 28.1855779], [85.3463992, 28.1855794], [85.3463966, 28.185589], [85.3464045, 28.1855964], [85.3464162, 28.1855991], [85.3464241, 28.1856033], [85.3464278, 28.1856075], [85.3464178, 28.1856192], [85.346412, 28.1856287], [85.3463987, 28.1856271], [85.3463897, 28.1856165], [85.346378, 28.1856059], [85.3463521, 28.1856012], [85.3463378, 28.1855948], [85.3463277, 28.1855895], [85.3463208, 28.1855869], [85.3463102, 28.1855863], [85.3462975, 28.1855848], [85.3462911, 28.1855901], [85.3462795, 28.1856033], [85.346271, 28.1856065], [85.3462609, 28.1856123], [85.3462493, 28.1856144], [85.346235, 28.1856118], [85.3462191, 28.1856091], [85.3462085, 28.1856086], [85.3461995, 28.1856017], [85.3461936, 28.1855932], [85.3461857, 28.1855848], [85.3461788, 28.1855789], [85.3461634, 28.1855752], [85.3461534, 28.1855736], [85.3461444, 28.1855736], [85.346137, 28.1855731], [85.3461274, 28.1855699], [85.3461067, 28.1855593], [85.3461009, 28.1855477], [85.3460924, 28.1855344], [85.3460898, 28.1855238], [85.3460877, 28.1855185], [85.3460728, 28.1855153], [85.3460654, 28.1855085], [85.3460463, 28.1854979], [85.3460448, 28.185491], [85.3460426, 28.185482], [85.3460448, 28.1854698], [85.3460405, 28.1854645], [85.346031, 28.1854592], [85.346023, 28.1854602], [85.3460151, 28.1854639], [85.3460003, 28.1854645], [85.3459556, 28.1854612], [85.345925, 28.1854669], [85.3459043, 28.1854628], [85.3458811, 28.1854504], [85.3458629, 28.1854405], [85.3458571, 28.185428], [85.3458538, 28.1854107], [85.3458521, 28.1853966], [85.3458414, 28.1853858], [85.3458348, 28.1853792], [85.3458306, 28.1853693], [85.3458281, 28.185361], [85.345829, 28.1853386], [85.345819, 28.1853229], [85.3458124, 28.1853138], [85.3457975, 28.185303], [85.3457809, 28.1852956], [85.345766, 28.185284], [85.3457536, 28.1852782], [85.3457404, 28.1852765], [85.3457313, 28.185279], [85.3457139, 28.1852724], [85.3457039, 28.1852707], [85.3456725, 28.1852625], [85.3456642, 28.1852492], [85.3456526, 28.1852335], [85.3456485, 28.1852244], [85.3456468, 28.1852086], [85.3456551, 28.185202], [85.3456617, 28.1851962], [85.3456601, 28.1851863], [85.3456592, 28.1851772], [85.3456725, 28.1851681], [85.3457023, 28.1851581], [85.3457129, 28.1851559], [85.3457248, 28.1851491], [85.3457265, 28.1851446], [85.3457261, 28.18514], [85.3457257, 28.1851365], [85.3457241, 28.1851333], [85.3457181, 28.1851307], [85.345712, 28.1851281], [85.3457072, 28.1851285], [85.3457018, 28.1851289], [85.3456968, 28.18513], [85.345692, 28.1851307], [85.3456879, 28.1851289], [85.3456857, 28.1851272], [85.3456827, 28.1851246], [85.3456774, 28.1851159], [85.3456709, 28.1851069], [85.3456646, 28.1850872], [85.3456634, 28.1850787], [85.3456642, 28.1850621], [85.3456634, 28.1850489], [85.3456601, 28.1850397], [85.3456477, 28.1850422], [85.3456294, 28.1850431], [85.3456154, 28.1850364], [85.3456137, 28.1850273], [85.3456137, 28.1850141], [85.3456236, 28.1850033], [85.3456385, 28.1849917], [85.3456377, 28.1849785], [85.3456269, 28.1849752], [85.3456038, 28.184976], [85.3455822, 28.1849735], [85.3455764, 28.1849586], [85.3455624, 28.184947], [85.3455574, 28.1849305], [85.3455524, 28.1849164], [85.3455524, 28.1849031], [85.3455458, 28.1848841], [85.3455425, 28.1848692], [85.3455326, 28.1848791], [85.3455201, 28.1848742], [85.345516, 28.1848617], [85.345521, 28.1848543], [85.3455301, 28.1848435], [85.3455442, 28.1848468], [85.3455516, 28.1848394], [85.3455508, 28.1848245], [85.3455508, 28.1848071], [85.3455425, 28.1847988], [85.3455251, 28.1847872], [85.345521, 28.1847789], [85.3455243, 28.1847707], [85.3455168, 28.184764], [85.3454995, 28.1847549], [85.3454812, 28.184745], [85.3454705, 28.1847351], [85.3454705, 28.1847235], [85.3454622, 28.1847119], [85.3454456, 28.1847102], [85.3454307, 28.184697], [85.3454349, 28.1846862], [85.3454465, 28.1846796], [85.3454589, 28.1846779], [85.3454655, 28.1846713], [85.3454506, 28.1846597], [85.3454365, 28.1846564], [85.3454365, 28.1846415], [85.3454365, 28.1846316], [85.3454489, 28.1846283], [85.3454597, 28.1846283], [85.3454738, 28.1846274], [85.3454812, 28.1846076], [85.3454696, 28.1845976], [85.3454547, 28.184591], [85.3454481, 28.1845769], [85.3454456, 28.1845678], [85.3454489, 28.1845579], [85.3454581, 28.1845562], [85.3454663, 28.1845488], [85.3454746, 28.1845397], [85.3454879, 28.1845273], [85.3454862, 28.184514], [85.3454812, 28.1844999], [85.345468, 28.1844801], [85.3454572, 28.1844643], [85.3454349, 28.1844494], [85.3454216, 28.1844205], [85.3453926, 28.1844031], [85.3453662, 28.1844014], [85.3453537, 28.1843882], [85.3453405, 28.1843642], [85.3453438, 28.1843493], [85.3453579, 28.184341], [85.3453777, 28.1843302], [85.3453819, 28.1843145], [85.3453802, 28.1843045], [85.3453695, 28.1842971], [85.3453554, 28.1842897], [85.3453471, 28.1842805], [85.3453645, 28.1842599], [85.3453554, 28.1842449], [85.3453421, 28.184235], [85.3453446, 28.1842226], [85.3453496, 28.1842052], [85.3453421, 28.1841944], [85.3453272, 28.1841878], [85.3453099, 28.1841862], [85.3452958, 28.1841812], [85.3452941, 28.1841605], [85.3452941, 28.1841414], [85.3452883, 28.1841183], [85.34529, 28.1841017], [85.345285, 28.1840934], [85.345266, 28.1840926], [85.3452569, 28.1840868], [85.3452502, 28.1840736], [85.3452444, 28.1840645], [85.3452403, 28.1840562], [85.3452436, 28.1840462], [85.3452461, 28.184028], [85.3452519, 28.1840189], [85.3452602, 28.1839999], [85.3452544, 28.1839883], [85.3452494, 28.1839808], [85.3452386, 28.1839767], [85.3452213, 28.18398], [85.3451997, 28.183985], [85.3451881, 28.1839833], [85.3451592, 28.1839701], [85.3451401, 28.1839535], [85.3451418, 28.1839403], [85.3451476, 28.1839295], [85.3451575, 28.1839187], [85.345155, 28.1839055], [85.3451492, 28.1838939], [85.3451451, 28.1838782], [85.3451434, 28.1838649], [85.3451426, 28.1838509], [85.3451418, 28.1838409], [85.3451426, 28.1838219], [85.3451534, 28.1838086], [85.3451625, 28.1837954], [85.3451766, 28.1837904], [85.345184, 28.1837813], [85.3451923, 28.1837739], [85.3451906, 28.1837656], [85.3451799, 28.1837532], [85.3451708, 28.1837407], [85.3451583, 28.18373], [85.3451492, 28.18372], [85.3451426, 28.1837109], [85.3451294, 28.1837002], [85.3451194, 28.1836894], [85.345117, 28.183682], [85.345117, 28.183658], [85.3451294, 28.1836455], [85.3451294, 28.1836331], [85.3451186, 28.1836281], [85.3451111, 28.1836232], [85.3451012, 28.1836157], [85.3450888, 28.1836116], [85.3450789, 28.1836091], [85.3450689, 28.1836083], [85.3450606, 28.1836099], [85.3450383, 28.1836099], [85.3450168, 28.1836033], [85.3450118, 28.1835925], [85.345011, 28.1835826], [85.3450168, 28.1835735], [85.345035, 28.1835718], [85.3450317, 28.1835569], [85.3450259, 28.1835462], [85.3450292, 28.1835362], [85.3450474, 28.1835329], [85.3450615, 28.1835213], [85.3450731, 28.1835114], [85.3450739, 28.1835031], [85.3450739, 28.1834924], [85.3450673, 28.1834841], [85.3450557, 28.1834808], [85.3450325, 28.1834849], [85.3450159, 28.1834866], [85.3449903, 28.1834849], [85.3449787, 28.1834758], [85.3449572, 28.183451], [85.344934, 28.1834203], [85.3449133, 28.1834021], [85.3448975, 28.183393], [85.3448893, 28.1834013], [85.3448901, 28.1834195], [85.3448851, 28.1834361], [85.344881, 28.1834518], [85.3448996, 28.1834678], [85.3449104, 28.1834763], [85.3449213, 28.1834865], [85.3449267, 28.1834931], [85.3449249, 28.183501], [85.3449231, 28.1835034], [85.3449033, 28.1835131], [85.344886, 28.1835122], [85.3448769, 28.1834998], [85.3448729, 28.1834848], [85.3448654, 28.183478], [85.34486, 28.1834738], [85.3448496, 28.1834738], [85.3448411, 28.1834734], [85.3448322, 28.1834715], [85.3448284, 28.1834696], [85.344821, 28.1834622], [85.3448179, 28.1834564], [85.3448071, 28.1834387], [85.344806, 28.1834341], [85.3448002, 28.1834271], [85.3447975, 28.1834229], [85.3447932, 28.183419], [85.3447905, 28.1834155], [85.3447836, 28.1834113], [85.3447817, 28.1834078], [85.3447805, 28.1834032], [85.3447821, 28.1833959], [85.3447848, 28.1833901], [85.3447898, 28.1833881], [85.344796, 28.1833881], [85.344801, 28.1833908], [85.344805, 28.1833924], [85.344811, 28.1833986], [85.3448152, 28.1834005], [85.3448191, 28.1834013], [85.3448272, 28.1834013], [85.3448353, 28.1833893], [85.3448363, 28.1833781], [85.3448353, 28.1833673], [85.3448361, 28.1833611], [85.3448373, 28.1833577], [85.34484, 28.1833552], [85.3448472, 28.1833542], [85.3448509, 28.1833537], [85.3448563, 28.1833557], [85.344864, 28.1833562], [85.3448714, 28.1833552], [85.3448735, 28.1833508], [85.3448766, 28.1833461], [85.3448768, 28.1833424], [85.3448735, 28.1833382], [85.3448722, 28.18333], [85.3448697, 28.1833152], [85.3448656, 28.1833092], [85.3448628, 28.1833051], [85.3448558, 28.1833011], [85.3448501, 28.1832906], [85.3448495, 28.1832761], [85.3448568, 28.1832695], [85.3448676, 28.1832622], [85.3448815, 28.1832598], [85.3448941, 28.1832598], [85.344902, 28.183255], [85.344911, 28.1832508], [85.3449146, 28.1832418], [85.3449074, 28.1832303], [85.3449014, 28.1832231], [85.3448954, 28.1832164], [85.3448821, 28.1832032], [85.3448767, 28.1831899], [85.3448827, 28.1831815], [85.3448966, 28.1831833], [85.3449116, 28.1831796], [85.3449219, 28.1831754], [85.3449285, 28.1831694], [85.3449243, 28.183161], [85.3449171, 28.1831567], [85.3449104, 28.1831537], [85.3448935, 28.1831501], [85.3448761, 28.1831477], [85.3448501, 28.1831471], [85.3448308, 28.1831489], [85.3448176, 28.1831495], [85.3447959, 28.1831399], [85.3447772, 28.1831242], [85.3447748, 28.1831079], [85.3447874, 28.1830995], [85.3447935, 28.1830838], [85.344785, 28.1830717], [85.3447645, 28.1830512], [85.3447302, 28.1830241], [85.3447241, 28.1830126], [85.3447241, 28.1830042], [85.344735, 28.182997], [85.344735, 28.1829879], [85.3447217, 28.1829813], [85.3447109, 28.1829717], [85.3447018, 28.1829626], [85.3446958, 28.182953], [85.3446946, 28.1829391], [85.3446994, 28.1829295], [85.3447085, 28.182921], [85.3447127, 28.1829126], [85.3447139, 28.1829053], [85.3447085, 28.1828969], [85.344697, 28.1828921], [85.3446862, 28.1828903], [85.3446783, 28.1828873], [85.3446464, 28.182877], [85.3446325, 28.1828655], [85.344624, 28.1828535], [85.3446204, 28.182842], [85.3446198, 28.1828312], [85.344618, 28.1828191], [85.344618, 28.1828119], [85.344612, 28.1828059], [85.3446066, 28.1827986], [85.3446054, 28.1827926], [85.3446084, 28.1827836], [85.3446162, 28.1827799], [85.3446223, 28.1827649], [85.344618, 28.1827546], [85.3446078, 28.1827432], [85.3445963, 28.1827329], [85.3445825, 28.1827293], [85.3445746, 28.1827299], [85.3445674, 28.1827329], [85.3445589, 28.1827341], [85.3445463, 28.1827371], [85.3445445, 28.1827305], [85.3445481, 28.1827197], [85.3445517, 28.1827124], [85.3445571, 28.1827058], [85.3445656, 28.1826961], [85.3445849, 28.1826805], [85.3446017, 28.1826793], [85.344621, 28.1826726], [85.3446277, 28.182663], [85.3446253, 28.1826515], [85.3446223, 28.1826431], [85.3446126, 28.1826395], [85.3446036, 28.1826407], [85.3445837, 28.1826304], [85.3445583, 28.1825937], [85.3445511, 28.1825762], [85.3445559, 28.1825702], [85.3445589, 28.1825647], [85.3445722, 28.1825593], [85.3445801, 28.1825539], [85.3445813, 28.1825418], [85.3445758, 28.1825328], [85.3445704, 28.1825249], [85.3445589, 28.1825165], [85.3445589, 28.1824996], [85.3445614, 28.1824851], [85.3445553, 28.1824791], [85.3445487, 28.1824749], [85.3445366, 28.1824731], [85.3445119, 28.1824652], [85.3444878, 28.1824508], [85.3444709, 28.1824357], [85.3444589, 28.1824176], [85.3444565, 28.1824092], [85.3444595, 28.1823917], [85.3444637, 28.1823827], [85.3444709, 28.182376], [85.3444745, 28.1823694], [85.3444763, 28.1823585], [85.3444745, 28.1823519], [85.3444691, 28.1823477], [85.3444613, 28.1823459], [85.3444516, 28.1823477], [85.3444287, 28.1823483], [85.3444245, 28.1823435], [85.3444215, 28.182335], [85.3443986, 28.1823031], [85.3443817, 28.1822934], [85.3443721, 28.1822886], [85.3443678, 28.1822783], [85.3443702, 28.1822723], [85.3443847, 28.1822663], [85.3444058, 28.1822621], [85.3444233, 28.1822609], [85.3444311, 28.1822627], [85.3444384, 28.1822627], [85.344448, 28.1822627], [85.3444522, 28.1822572], [85.344451, 28.1822512], [85.3444504, 28.1822434], [85.3444378, 28.1822434], [85.3444143, 28.1822404], [85.3443986, 28.1822392], [85.3443877, 28.1822331], [85.3443817, 28.1822229], [85.3443805, 28.1822163], [85.3443817, 28.1822102], [85.3443787, 28.1822024], [85.3443751, 28.1821958], [85.3443678, 28.1821897], [85.3443576, 28.1821861], [85.3443485, 28.1821861], [85.3443347, 28.1821885], [85.344319, 28.1821903], [85.3443118, 28.1821873], [85.3443087, 28.1821819], [85.3443033, 28.1821723], [85.3443118, 28.1821674], [85.3443184, 28.1821626], [85.3443226, 28.1821554], [85.3443196, 28.1821499], [85.34431, 28.1821451], [85.3443003, 28.1821288], [85.3442979, 28.1821083], [85.344319, 28.182089], [85.3443395, 28.1820716], [85.3443552, 28.1820649], [85.3443612, 28.1820541], [85.3443552, 28.182045], [85.3443383, 28.1820414], [85.3443298, 28.1820348], [85.3443166, 28.1820203], [85.3443057, 28.1820149], [85.3443015, 28.1820101], [85.3443003, 28.1820028], [85.3443015, 28.1819968], [85.3442967, 28.181989], [85.3442834, 28.1819727], [85.3442738, 28.1819643], [85.3442678, 28.1819582], [85.3442551, 28.181951], [85.344237, 28.1819432], [85.3442213, 28.1819371], [85.3442105, 28.1819311], [85.3441954, 28.1819275], [85.3441864, 28.1819233], [85.3441791, 28.1819196], [85.3441725, 28.1819142], [85.3441629, 28.1819118], [85.3441538, 28.1819088], [85.344143, 28.181907], [85.3441303, 28.1819022], [85.3441225, 28.1818979], [85.344117, 28.1818919], [85.3441116, 28.1818889], [85.3441014, 28.1818859], [85.3440881, 28.1818859], [85.3440815, 28.1818823], [85.3440752, 28.1818795], [85.3440729, 28.1818753], [85.3440613, 28.1818733], [85.3440548, 28.1818714], [85.3440505, 28.1818687], [85.3440494, 28.1818645], [85.3440474, 28.1818602], [85.3440413, 28.181854], [85.3440366, 28.1818533], [85.3440308, 28.1818529], [85.3440258, 28.1818529], [85.3440216, 28.1818548], [85.3439814, 28.181831], [85.3439651, 28.1818166], [85.3439519, 28.1818009], [85.3439392, 28.18179], [85.3439241, 28.1817894], [85.3439102, 28.1817918], [85.3438988, 28.1818003], [85.3438928, 28.1818003], [85.3438849, 28.1817973], [85.3438765, 28.1817864], [85.3438687, 28.1817774], [85.343865, 28.1817653], [85.3438596, 28.1817587], [85.3438476, 28.1817557], [85.3438373, 28.1817478], [85.3438234, 28.1817442], [85.3438144, 28.18174], [85.3438041, 28.181734], [85.3437963, 28.1817261], [85.3437903, 28.1817195], [85.3437842, 28.1817123], [85.3437818, 28.181705], [85.3437812, 28.1816918], [85.3437818, 28.1816797], [85.34378, 28.1816652], [85.3437722, 28.1816592], [85.3437656, 28.1816538], [85.343762, 28.1816477], [85.3437616, 28.181638], [85.3437571, 28.181617], [85.3437565, 28.181611], [85.3437541, 28.1816043], [85.3437445, 28.1815989], [85.3437378, 28.1815977], [85.3437322, 28.1815969], [85.3437098, 28.1815832], [85.3436937, 28.1815699], [85.3436819, 28.1815537], [85.3436745, 28.1815361], [85.3436731, 28.1815318], [85.3436766, 28.1815238], [85.3436805, 28.1815218], [85.3436824, 28.181518], [85.3436828, 28.1815137], [85.3436801, 28.1815049], [85.3436762, 28.1814983], [85.3436716, 28.1814944], [85.3436589, 28.1814918], [85.3436392, 28.1814883], [85.343628, 28.1814906], [85.3436165, 28.1814923], [85.3436061, 28.1814978], [85.3436007, 28.1815007], [85.3435967, 28.1815], [85.3435913, 28.181498], [85.3435858, 28.1814963], [85.3435812, 28.181494], [85.3435777, 28.1814913], [85.3435745, 28.1814871], [85.343572, 28.1814822], [85.343572, 28.1814785], [85.343572, 28.1814723], [85.3435774, 28.1814669], [85.3435906, 28.1814433], [85.3435961, 28.1814325], [85.3435975, 28.1814255], [85.3435934, 28.1814022], [85.3435855, 28.1813896], [85.3435789, 28.1813845], [85.3435715, 28.1813752], [85.3435575, 28.1813659], [85.343545, 28.1813609], [85.3435259, 28.181355], [85.3435185, 28.1813315], [85.34352, 28.1813153], [85.3435097, 28.181302], [85.3434832, 28.1813079], [85.3434663, 28.1813139], [85.3434621, 28.1813123], [85.3434579, 28.1813112], [85.3434525, 28.1813035], [85.3434482, 28.1812996], [85.3434413, 28.1812961], [85.3434332, 28.1812946], [85.343417, 28.1812961], [85.3434112, 28.1812984], [85.3434031, 28.1813004], [85.3433984, 28.181295], [85.3434015, 28.1812845], [85.3434069, 28.1812741], [85.3434104, 28.181268], [85.3434195, 28.181242], [85.3434255, 28.1812348], [85.3434322, 28.1812306], [85.3434436, 28.1812263], [85.3434581, 28.1812251], [85.3434695, 28.1812221], [85.3434852, 28.1812227], [85.3434955, 28.1812263], [85.3435111, 28.1812318], [85.3435196, 28.1812366], [85.3435256, 28.1812402], [85.3435371, 28.181245], [85.3435431, 28.1812505], [85.3435485, 28.1812541], [85.3435546, 28.1812613], [85.3435528, 28.1812709], [85.3435461, 28.1812679], [85.3435266, 28.1812606], [85.3435207, 28.1812606], [85.3435204, 28.1812656], [85.343525, 28.1812707], [85.3435281, 28.1812718], [85.3435346, 28.1812741], [85.3435377, 28.1812784], [85.3435393, 28.1812834], [85.3435424, 28.1812973], [85.3435443, 28.1813031], [85.3435481, 28.18131], [85.3435547, 28.18132], [85.3435636, 28.181327], [85.3435678, 28.1813285], [85.3435721, 28.1813297], [85.3435763, 28.1813312], [85.3435934, 28.181334], [85.3436191, 28.1813288], [85.3436438, 28.1813234], [85.3436528, 28.181318], [85.3436607, 28.1813083], [85.3436444, 28.1812878], [85.3436263, 28.1812673], [85.3435847, 28.1812498], [85.3435606, 28.1812408], [85.343554, 28.1812348], [85.3435425, 28.1812257], [85.3435341, 28.1812161], [85.343528, 28.1812107], [85.3435214, 28.1812052], [85.3435075, 28.1811938], [85.3435039, 28.1811884], [85.3434955, 28.1811811], [85.34349, 28.1811757], [85.3434804, 28.1811691], [85.3434738, 28.1811655], [85.3434605, 28.1811636], [85.3434509, 28.1811624], [85.3434376, 28.1811612], [85.3434304, 28.1811588], [85.3434183, 28.181157], [85.3434026, 28.1811516], [85.3433978, 28.1811407], [85.343387, 28.1811257], [85.3433809, 28.1811142], [85.3433809, 28.1811003], [85.3433839, 28.1810883], [85.3433876, 28.1810762], [85.34339, 28.181063], [85.3433972, 28.1810569], [85.3434141, 28.1810593], [85.3434249, 28.1810666], [85.3434322, 28.1810756], [85.343437, 28.1810865], [85.3434448, 28.1810979], [85.3434581, 28.1811052], [85.3434792, 28.1811052], [85.3434864, 28.1810967], [85.3434828, 28.1810865], [85.3434786, 28.1810762], [85.3434653, 28.1810636], [85.3434575, 28.1810557], [85.3434304, 28.1810461], [85.3434147, 28.181037], [85.3434075, 28.1810304], [85.3434026, 28.1810232], [85.3434032, 28.1810165], [85.3434063, 28.1810051], [85.3434117, 28.1809834], [85.3433717, 28.1809645], [85.3433529, 28.1809532], [85.3433369, 28.1809475], [85.3433143, 28.1809456], [85.3433002, 28.180939], [85.3432907, 28.1809287], [85.3432756, 28.1809155], [85.3432691, 28.1809051], [85.3432615, 28.1808919], [85.3432625, 28.1808703], [85.3432728, 28.1808627], [85.3432935, 28.1808486], [85.3433039, 28.1808411], [85.3433218, 28.1808364], [85.3433321, 28.1808393], [85.3433399, 28.1808441], [85.343352, 28.1808477], [85.3433641, 28.1808363], [85.3433671, 28.1808218], [85.3433665, 28.1808097], [85.3433665, 28.1807959], [85.3433665, 28.180779], [85.3433683, 28.1807657], [85.3433701, 28.1807567], [85.3433707, 28.1807471], [85.3433767, 28.1807422], [85.3433882, 28.180738], [85.343402, 28.180732], [85.3434316, 28.180738], [85.34344, 28.1807404], [85.3434491, 28.180741], [85.3434611, 28.180741], [85.3434702, 28.1807332], [85.3434726, 28.1807266], [85.3434744, 28.1807193], [85.3434714, 28.1806988], [85.3434641, 28.1806735], [85.3434593, 28.1806608], [85.3434587, 28.1806415], [85.3434581, 28.1806253], [85.3434581, 28.1806054], [85.3434551, 28.1805903], [85.3434521, 28.1805813], [85.3434454, 28.180574], [85.3434292, 28.1805674], [85.3434201, 28.1805662], [85.3434123, 28.1805596], [85.3433888, 28.1805379], [85.3433815, 28.1805131], [85.3433785, 28.1804987], [85.3433821, 28.180492], [85.3433894, 28.1804914], [85.3433972, 28.1804969], [85.3434038, 28.1804975], [85.3434123, 28.180486], [85.3434103, 28.1804636], [85.3434091, 28.1804479], [85.3433994, 28.1804286], [85.3433981, 28.1804049], [85.3433868, 28.1803974], [85.3433783, 28.180387], [85.3433755, 28.1803748], [85.3433802, 28.1803597], [85.3433764, 28.1803371], [85.3433783, 28.1803098], [85.343383, 28.1802966], [85.3433915, 28.1802891], [85.3434085, 28.1802787], [85.3434179, 28.1802712], [85.3434226, 28.1802589], [85.343433, 28.180241], [85.3434537, 28.1802307], [85.3434688, 28.1802241], [85.3434801, 28.1802222], [85.3434923, 28.1801958], [85.343497, 28.1801873], [85.3435187, 28.1801836], [85.3435338, 28.1801836], [85.3435451, 28.1801807], [85.3435564, 28.1801741], [85.3435695, 28.1801647], [85.3435809, 28.180161], [85.3436138, 28.1801581], [85.3436364, 28.1801553], [85.3436524, 28.1801534], [85.3436638, 28.1801487], [85.3436741, 28.1801431], [85.3436854, 28.1801421], [85.3436892, 28.1801434], [85.3436935, 28.1801285], [85.3437044, 28.1801224], [85.3437116, 28.1801008], [85.3437116, 28.1800839], [85.3437044, 28.1800706], [85.3436827, 28.1800477], [85.3436766, 28.180032], [85.3436742, 28.1800103], [85.3436803, 28.1799995], [85.3436947, 28.1799886], [85.3436999, 28.1799814], [85.3436995, 28.179981], [85.3436873, 28.1799725], [85.3436864, 28.1799612], [85.3436958, 28.1799518], [85.3437043, 28.1799471], [85.3437146, 28.1799377], [85.3437203, 28.1799264], [85.3437269, 28.179917], [85.3437344, 28.179901], [85.3437233, 28.1798805], [85.3437144, 28.1798759], [85.3437086, 28.1798751], [85.3436994, 28.1798766], [85.3436867, 28.1798747], [85.3436805, 28.1798697], [85.3436786, 28.1798643], [85.343677, 28.1798593], [85.3436774, 28.1798519], [85.3436801, 28.1798431], [85.3436762, 28.1798323], [85.3436728, 28.1798257], [85.3436693, 28.1798184], [85.343667, 28.1798095], [85.3436681, 28.1798037], [85.3436732, 28.1797952], [85.3436786, 28.1797898], [85.343689, 28.1797875], [85.3436994, 28.179786], [85.3437117, 28.1797883], [85.3437195, 28.1797937], [85.3437299, 28.1797995], [85.3437391, 28.1798091], [85.3437457, 28.1798141], [85.3437511, 28.1798164], [85.3437642, 28.1798172], [85.3437704, 28.1798172], [85.3437823, 28.1798149], [85.3437839, 28.1798056], [85.3437839, 28.1797983], [85.3437874, 28.1797933], [85.3437927, 28.1797879], [85.3437999, 28.1797843], [85.3438072, 28.1797794], [85.3438204, 28.1797788], [85.3438349, 28.1797867], [85.3438494, 28.1797861], [85.3438572, 28.1797728], [85.3438578, 28.1797638], [85.3438614, 28.1797523], [85.343862, 28.1797439], [85.3438596, 28.1797348], [85.3438548, 28.1797258], [85.3438524, 28.1797167], [85.3438439, 28.1797101], [85.3438361, 28.1797089], [85.3438277, 28.1797113], [85.343818, 28.179724], [85.3438029, 28.1797354], [85.3437891, 28.1797409], [85.3437806, 28.1797378], [85.3437782, 28.17973], [85.3437734, 28.1797186], [85.3437686, 28.1797071], [85.3437607, 28.1797005], [85.3437541, 28.1796999], [85.3437463, 28.1797005], [85.343733, 28.1797005], [85.3437161, 28.179686], [85.3437077, 28.179677], [85.3437041, 28.1796625], [85.3437053, 28.1796438], [85.3437167, 28.1796118], [85.34373, 28.1795877], [85.3437493, 28.1795721], [85.3437698, 28.1795702], [85.3437818, 28.1795781], [85.3437945, 28.1795859], [85.3438066, 28.1795944], [85.343818, 28.1795913], [85.3438198, 28.1795727], [85.3438192, 28.179563], [85.3438192, 28.1795546], [85.3438108, 28.1795497], [85.3438011, 28.1795479], [85.3437915, 28.1795479], [85.3437855, 28.1795491], [85.3437794, 28.1795407], [85.3437764, 28.179528], [85.3437824, 28.1795178], [85.3438017, 28.1795027], [85.3438138, 28.1795094], [85.3438222, 28.1795148], [85.3438313, 28.179519], [85.3438433, 28.1795172], [85.3438506, 28.1795063], [85.343853, 28.1794919], [85.3438373, 28.179478], [85.3438307, 28.1794665], [85.3438271, 28.1794587], [85.3438246, 28.1794485], [85.3438246, 28.1794382], [85.3438301, 28.1794262], [85.3438518, 28.179399], [85.3438608, 28.179393], [85.3438662, 28.1793834], [85.3438705, 28.1793683], [85.3438668, 28.1793532], [85.3438741, 28.1793412], [85.3438783, 28.1793351], [85.3438789, 28.1793249], [85.3438777, 28.1793183], [85.3438711, 28.1793038], [85.3438632, 28.1792815], [85.343862, 28.1792634], [85.3438644, 28.1792519], [85.3438699, 28.1792399], [85.3438747, 28.1792278], [85.3438747, 28.1792134], [85.3438801, 28.1791928], [85.3438819, 28.1791838], [85.3438837, 28.1791742], [85.3438819, 28.1791651], [85.3438783, 28.1791591], [85.3438723, 28.1791555], [85.3438626, 28.1791494], [85.3438548, 28.1791458], [85.3438433, 28.179144], [85.3438343, 28.1791464], [85.3438277, 28.1791513], [85.3438216, 28.1791585], [85.343821, 28.1791651], [85.3438283, 28.1791742], [85.3438349, 28.1791856], [85.3438307, 28.179191], [85.3438138, 28.1791959], [85.3437897, 28.1791995], [85.3437812, 28.1791995], [85.3437734, 28.1791874], [85.3437541, 28.1791754], [85.3437469, 28.1791609], [85.3437523, 28.1791525], [85.3437601, 28.1791428], [85.3437607, 28.1791326], [85.3437517, 28.1791229], [85.3437535, 28.1791097], [85.3437589, 28.1790946], [85.3437782, 28.179091], [85.3437975, 28.1790861], [85.3438048, 28.1790849], [85.3438102, 28.1790813], [85.3438126, 28.1790717], [85.3438029, 28.1790632], [85.3437987, 28.1790548], [85.3437969, 28.1790445], [85.3438078, 28.1790228], [85.3438361, 28.1790066], [85.3438548, 28.1790047], [85.3438638, 28.1790048], [85.3438753, 28.1790042], [85.3438783, 28.1789963], [85.3438777, 28.1789891], [85.3438711, 28.178983], [85.3438656, 28.1789752], [85.343859, 28.1789668], [85.34385, 28.1789577], [85.3438433, 28.1789463], [85.3438373, 28.1789324], [85.3438373, 28.1789216], [85.3438337, 28.1789131], [85.3438222, 28.1789017], [85.3438053, 28.178898], [85.3437891, 28.1788878], [85.3437812, 28.1788818], [85.3437752, 28.1788775], [85.343768, 28.1788691], [85.3437625, 28.1788601], [85.3437559, 28.1788462], [85.3437553, 28.1788359], [85.3437631, 28.1788176], [85.3437765, 28.1788116], [85.3437824, 28.1788092], [85.3437853, 28.1788083], [85.3437891, 28.1788084], [85.3437924, 28.1788087], [85.3437941, 28.1788087], [85.3437977, 28.1788078], [85.3437997, 28.1788072], [85.3438015, 28.178806], [85.3438014, 28.1788056], [85.3438012, 28.178802], [85.3438001, 28.1787997], [85.3437976, 28.1787958], [85.3437938, 28.178795], [85.3437874, 28.178795], [85.3437796, 28.1787959], [85.3437704, 28.1787964], [85.3437635, 28.1787973], [85.3437561, 28.1787987], [85.3437511, 28.1788001], [85.3437437, 28.1788014], [85.3437336, 28.1788001], [85.3437272, 28.1787973], [85.3437207, 28.178789], [85.3437217, 28.1787821], [85.3437272, 28.1787693], [85.3437373, 28.1787633], [85.3437382, 28.1787564], [85.3437423, 28.17875], [85.3437465, 28.1787449], [85.343752, 28.1787408], [85.3437607, 28.1787353], [85.3437658, 28.1787307], [85.3437708, 28.1787238], [85.343775, 28.1787178], [85.3437745, 28.1787109], [85.3437708, 28.178704], [85.3437672, 28.1786999], [85.3437635, 28.1786916], [85.3437548, 28.1786833], [85.3437497, 28.1786691], [85.3437442, 28.1786599], [85.3437405, 28.1786534], [85.3437263, 28.178647], [85.3437166, 28.1786443], [85.3437083, 28.1786401], [85.3436955, 28.1786318], [85.3436895, 28.1786291], [85.3436803, 28.1786305], [85.3436734, 28.17863], [85.3436679, 28.1786236], [85.3436656, 28.1786181], [85.3436651, 28.1786121], [85.3436693, 28.178602], [85.343683, 28.1785937], [85.3436872, 28.17859], [85.3436895, 28.178584], [85.3436877, 28.1785799], [85.3436821, 28.1785767], [85.3436789, 28.1785762], [85.3436702, 28.1785781], [85.3436642, 28.1785781], [85.343661, 28.1785744], [85.3436614, 28.1785666], [85.3436651, 28.1785597], [85.3436693, 28.1785542], [85.3436743, 28.17855], [85.3436757, 28.1785445], [85.3436679, 28.1785353], [85.3436521, 28.1785406], [85.3436463, 28.178532], [85.3436399, 28.1785213], [85.343637, 28.1785076], [85.3436399, 28.1784933], [85.343642, 28.1784811], [85.3436449, 28.178471], [85.3436521, 28.1784674], [85.3436607, 28.1784674], [85.3436686, 28.1784674], [85.3436794, 28.1784573], [85.3436837, 28.1784502], [85.3436902, 28.1784473], [85.3436945, 28.1784358], [85.3436902, 28.1784257], [85.3436945, 28.1784179], [85.3437016, 28.1784157], [85.3437131, 28.1784128], [85.3437153, 28.1784035], [85.3437081, 28.1783927], [85.3436952, 28.178382], [85.3436887, 28.1783762], [85.3436765, 28.1783604], [85.343665, 28.1783381], [85.3436665, 28.1783202], [85.3436665, 28.1783065], [85.3436715, 28.1782915], [85.3436744, 28.1782771], [85.3436902, 28.1782613], [85.3436995, 28.1782556], [85.3437038, 28.1782491], [85.3437189, 28.1782383], [85.3437261, 28.178229], [85.3437275, 28.1782204], [85.3437268, 28.1782118], [85.3437325, 28.1781988], [85.3437397, 28.1781952], [85.3437483, 28.1781931], [85.3437619, 28.178188], [85.343772, 28.1781924], [85.3437771, 28.1781981], [85.3437809, 28.1782113], [85.3437891, 28.1782145], [85.3437998, 28.1782132], [85.3438055, 28.178205], [85.3438156, 28.178205], [85.3438295, 28.1782063], [85.343832, 28.1781987], [85.3438295, 28.1781886], [85.3438282, 28.1781747], [85.3438181, 28.1781653], [85.3438055, 28.1781564], [85.3437878, 28.1781463], [85.3437594, 28.1781337], [85.3437354, 28.1781356], [85.3437228, 28.1781375], [85.3437095, 28.1781444], [85.3436919, 28.1781533], [85.3436792, 28.1781514], [85.3436691, 28.1781438], [85.3436584, 28.1781293], [85.3436546, 28.1781205], [85.3436508, 28.178106], [85.3436527, 28.1780864], [85.3436597, 28.1780605], [85.3436717, 28.178039], [85.3436893, 28.1780321], [85.343695, 28.1780226], [85.3437026, 28.1780151], [85.3437057, 28.1780043], [85.3437083, 28.1779961], [85.3437114, 28.177986], [85.3437215, 28.1779728], [85.3437253, 28.1779671], [85.3437272, 28.1779589], [85.3437234, 28.1779494], [85.3437196, 28.1779437], [85.343719, 28.1779362], [85.3437203, 28.1779229], [85.3437203, 28.177916], [85.3437171, 28.177909], [85.3437121, 28.1779008], [85.3437095, 28.1778907], [85.3437064, 28.1778768], [85.3437051, 28.1778642], [85.3437177, 28.1778491], [85.3437203, 28.1778377], [85.343726, 28.1778314], [85.3437405, 28.1778213], [85.3437543, 28.1778162], [85.34376, 28.177808], [85.3437607, 28.1777992], [85.3437613, 28.1777872], [85.3437537, 28.177779], [85.3437537, 28.1777651], [85.3437575, 28.1777544], [85.3437638, 28.1777462], [85.343772, 28.1777392], [85.3437771, 28.1777317], [85.3437941, 28.1777279], [85.3437992, 28.1777172], [85.3438036, 28.1776932], [85.3438143, 28.1776824], [85.3438408, 28.1776862], [85.3438547, 28.1776881], [85.3438572, 28.1776995], [85.3438528, 28.177709], [85.3438484, 28.1777172], [85.3438553, 28.177726], [85.3438661, 28.1777317], [85.3438762, 28.1777323], [85.3438913, 28.1777323], [85.3439102, 28.1777247], [85.3439286, 28.1777172], [85.3439424, 28.1777102], [85.3439601, 28.1776989], [85.3439702, 28.1776881], [85.3439904, 28.1776686], [85.3439948, 28.1776578], [85.3439935, 28.1776509], [85.3439853, 28.177637], [85.3439658, 28.1776124], [85.3439595, 28.1775947], [85.3439683, 28.1775834], [85.3439816, 28.177577], [85.3439898, 28.177572], [85.3439935, 28.1775632], [85.3439948, 28.1775512], [85.3439948, 28.1775398], [85.3439954, 28.1775272], [85.3439866, 28.1775196], [85.3439702, 28.1775076], [85.3439481, 28.1774931], [85.3439203, 28.1774729], [85.343921, 28.1774546], [85.3439361, 28.1774407], [85.3439557, 28.17743], [85.3439671, 28.1774287], [85.3439816, 28.1774256], [85.3439917, 28.1774161], [85.3439954, 28.1774073], [85.3439954, 28.1774016], [85.3439879, 28.1773852], [85.343986, 28.1773782], [85.3439816, 28.1773656], [85.3439721, 28.1773543], [85.3439645, 28.1773473], [85.3439582, 28.1773416], [85.3439532, 28.1773328], [85.3439506, 28.1773252], [85.3439506, 28.1773132], [85.3439538, 28.1773044], [85.3439633, 28.1772899], [85.3439809, 28.1772861], [85.3439961, 28.177288], [85.3440056, 28.177293], [85.3440207, 28.1773056], [85.3440289, 28.1773069], [85.3440409, 28.1773057], [85.344051, 28.1773038], [85.3440819, 28.177288], [85.3440882, 28.1772829], [85.3440914, 28.1772766], [85.3440952, 28.1772653], [85.344092, 28.1772596], [85.3440838, 28.1772552], [85.3440718, 28.1772457], [85.3440687, 28.1772318], [85.344063, 28.1772249], [85.3440598, 28.1772179], [85.344056, 28.1772053], [85.344056, 28.1771933], [85.344063, 28.1771845], [85.3440762, 28.1771838], [85.3440857, 28.1771832], [85.3441021, 28.1771725], [85.3441217, 28.1771706], [85.3441292, 28.1771763], [85.3441419, 28.1771737], [85.3441532, 28.1771718], [85.3441558, 28.1771592], [85.3441778, 28.1771422], [85.3441867, 28.177134], [85.3442006, 28.1771289], [85.3442069, 28.1771333], [85.344217, 28.1771415], [85.3442258, 28.1771371], [85.3442302, 28.1771321], [85.3442277, 28.1771245], [85.3442328, 28.1771201], [85.344246, 28.1771176], [85.3442706, 28.1771176], [85.3442896, 28.1771163], [85.3443015, 28.1771233], [85.3443089, 28.1771488], [85.3443043, 28.1771688], [85.3442919, 28.1771889], [85.3442904, 28.1771966], [85.3443104, 28.1772012], [85.3443366, 28.1771919], [85.3443551, 28.1771827], [85.3443736, 28.1771673], [85.3443798, 28.1771519], [85.3443813, 28.1771272], [85.3443752, 28.1771103], [85.3443674, 28.1770887], [85.3443782, 28.1770548], [85.3443952, 28.1770302], [85.3444214, 28.1770194], [85.3444661, 28.1770178], [85.3445, 28.1770409], [85.3445246, 28.1770687], [85.3445477, 28.177098], [85.3445616, 28.1770887], [85.3445955, 28.177081], [85.3446371, 28.177081], [85.3446861, 28.1771303], [85.3446844, 28.1770581], [85.3446688, 28.1769785], [85.3446619, 28.1769456], [85.3446455, 28.1769066], [85.3446221, 28.176885], [85.3446126, 28.1768763], [85.3445979, 28.1768582], [85.3445935, 28.1768461], [85.3445849, 28.1768313], [85.3445771, 28.1768452], [85.3445632, 28.1768461], [85.3445572, 28.1768357], [85.3445563, 28.1768236], [85.3445468, 28.1768149], [85.3445304, 28.1768002], [85.3445217, 28.1767976], [85.3445096, 28.1767959], [85.3445009, 28.1767924], [85.344488, 28.1768011], [85.3445001, 28.1768106], [85.3445009, 28.176821], [85.3444828, 28.1768261], [85.3444724, 28.1768331], [85.3444672, 28.1768417], [85.344475, 28.176853], [85.3444828, 28.1768608], [85.3444819, 28.1768694], [85.344475, 28.1768798], [85.3444629, 28.1768885], [85.3444525, 28.1769084], [85.344443, 28.1769187], [85.3444343, 28.1769309], [85.3444386, 28.1769421], [85.3444386, 28.1769715], [85.3444291, 28.1769741], [85.3444153, 28.1769672], [85.344391, 28.1769802], [85.3443348, 28.1770105], [85.3443102, 28.17703], [85.3442931, 28.1770344], [85.3442803, 28.17703], [85.3442676, 28.1770283], [85.3442532, 28.1770322], [85.3442471, 28.1770504], [85.344241, 28.1770593], [85.3442305, 28.1770637], [85.3442172, 28.1770643], [85.3441834, 28.1770599], [85.344164, 28.1770471], [85.3441529, 28.1770388], [85.3441419, 28.1770217], [85.3441397, 28.1770078], [85.344133, 28.1770001], [85.3441175, 28.1770034], [85.3440555, 28.1770322], [85.3440361, 28.1770466], [85.3440203, 28.1770693], [85.3439997, 28.1770817], [85.3439832, 28.1770968], [85.3439613, 28.1771091], [85.3439243, 28.1771173], [85.3438845, 28.177116], [85.3438488, 28.177105], [85.3438365, 28.1770721], [85.3438461, 28.1770515], [85.3438891, 28.1770252], [85.3438753, 28.1770096], [85.3438562, 28.1770105], [85.3438389, 28.1770062], [85.3438294, 28.1769984], [85.3438164, 28.1769888], [85.3438043, 28.1769724], [85.3438017, 28.1769611], [85.3438095, 28.1769456], [85.3438208, 28.1769317], [85.3438277, 28.1769213], [85.3438259, 28.1769058], [85.3438164, 28.1768936], [85.3438112, 28.1768833], [85.3438095, 28.176866], [85.3437905, 28.1768331], [85.3437957, 28.1768184], [85.3437775, 28.1768002], [85.3437654, 28.1767881], [85.3437576, 28.1767751], [85.3437541, 28.1767612], [85.3437507, 28.1767457], [85.3437472, 28.1766989], [85.3437524, 28.1766687], [85.3437723, 28.1766513], [85.3438086, 28.1766444], [85.3438433, 28.1766617], [85.3438692, 28.1766661], [85.3438585, 28.1766422], [85.3438447, 28.1766264], [85.343826, 28.1766175], [85.3438132, 28.1766047], [85.3438053, 28.176587], [85.3438034, 28.1765722], [85.3438014, 28.1765526], [85.3437945, 28.1765309], [85.3437935, 28.176521], [85.3437896, 28.1765112], [85.3437709, 28.1765014], [85.343761, 28.1764984], [85.3437531, 28.1764886], [85.3437404, 28.1764689], [85.3437384, 28.1764531], [85.3437325, 28.1764364], [85.3437354, 28.1764226], [85.3437226, 28.1764009], [85.3437098, 28.1764019], [85.3436911, 28.1764], [85.3436793, 28.1763931], [85.3436704, 28.1763842], [85.3436586, 28.1763743], [85.3436409, 28.1763684], [85.3436281, 28.1763635], [85.3436124, 28.1763487], [85.3436104, 28.176335], [85.3436242, 28.1763222], [85.343635, 28.1763123], [85.343637, 28.1762985], [85.3436389, 28.1762798], [85.343638, 28.1762601], [85.3436439, 28.1762473], [85.3436586, 28.1762365], [85.3436704, 28.1762267], [85.3436892, 28.1762316], [85.343698, 28.1762188], [85.3437029, 28.1762099], [85.3436951, 28.176203], [85.3436842, 28.1762001], [85.3436636, 28.1761961], [85.3436399, 28.1761853], [85.343632, 28.1761725], [85.3436281, 28.1761567], [85.3436281, 28.176143], [85.343635, 28.1761302], [85.3436547, 28.1761183], [85.3436606, 28.1761065], [85.3436626, 28.1760859], [85.3436626, 28.1760721], [85.3436596, 28.1760544], [85.3436636, 28.1760347], [85.3437079, 28.1760031], [85.3437394, 28.1759894], [85.3437571, 28.1759825], [85.3437689, 28.1759716], [85.3437718, 28.1759608], [85.3437551, 28.1759559], [85.3437394, 28.1759569], [85.3437157, 28.1759559], [85.343698, 28.175949], [85.343697, 28.1759303], [85.3437, 28.1759155], [85.3437079, 28.1759076], [85.3437108, 28.1758929], [85.3437118, 28.1758811], [85.3437118, 28.1758643], [85.3437088, 28.1758574], [85.3437079, 28.1758397], [85.3437108, 28.1758279], [85.3437256, 28.1758121], [85.3437404, 28.1758023], [85.3437423, 28.1757895], [85.3437522, 28.1757826], [85.3437591, 28.1757708], [85.3437916, 28.1757678], [85.3438034, 28.1757678], [85.343823, 28.1757737], [85.3438359, 28.1757846], [85.3438546, 28.1757796], [85.3438644, 28.1757698], [85.3438831, 28.1757413], [85.3438871, 28.1757206], [85.3438861, 28.1757058], [85.3439067, 28.1756871], [85.3439274, 28.1756841], [85.3439442, 28.175696], [85.3439589, 28.1757127], [85.3439619, 28.1757255], [85.3439727, 28.1757501], [85.3439924, 28.175757], [85.3440111, 28.17576], [85.3440279, 28.1757728], [85.3440377, 28.1757865], [85.3440456, 28.1758023], [85.3440466, 28.17582], [85.3440466, 28.1758368], [85.3440475, 28.1758555], [85.3440535, 28.1758653], [85.3440761, 28.1758781], [85.3441115, 28.1758791], [85.3441381, 28.1758958], [85.3441588, 28.1759027], [85.3441696, 28.1759076], [85.3441874, 28.1758939], [85.3441992, 28.1758771], [85.3442139, 28.1758692], [85.3442248, 28.1758643], [85.3442386, 28.1758614], [85.3442543, 28.1758584], [85.3442681, 28.1758486], [85.3442661, 28.1758141], [85.3442494, 28.1757895], [85.3442445, 28.1757806], [85.3442356, 28.1757718], [85.3442277, 28.1757639], [85.3442139, 28.1757491], [85.344208, 28.1757344], [85.3442021, 28.1757206], [85.3442011, 28.1757088], [85.3441942, 28.175695], [85.3441864, 28.175692], [85.3441677, 28.175693], [85.344147, 28.175696], [85.3441283, 28.1757028], [85.3441086, 28.1757058], [85.3440978, 28.1756989], [85.3440899, 28.175692], [85.3440879, 28.1756674], [85.3440899, 28.1756546], [85.344081, 28.1756428], [85.3440564, 28.1756349], [85.3440406, 28.175627], [85.3439995, 28.1756233], [85.3439909, 28.1756256], [85.3439831, 28.1756241], [85.3439723, 28.1756248], [85.3439601, 28.1756271], [85.3439478, 28.1756248], [85.3439381, 28.17562], [85.3439255, 28.1756115], [85.3439039, 28.1755921], [85.3438961, 28.1755813], [85.3438946, 28.1755728], [85.3438946, 28.1755661], [85.3438965, 28.1755598], [85.3438972, 28.1755442], [85.3438935, 28.1755349], [85.3438446, 28.1755263], [85.3438128, 28.1755146], [85.3438002, 28.1754946], [85.3437869, 28.175477], [85.3437735, 28.1754695], [85.3437626, 28.1754686], [85.3437509, 28.1754695], [85.3437425, 28.175472], [85.3437342, 28.1754753], [85.3437225, 28.175477], [85.3437074, 28.1754795], [85.3436966, 28.1754778], [85.3436832, 28.1754711], [85.3436731, 28.1754661], [85.3436656, 28.1754586], [85.3436572, 28.1754536], [85.3436455, 28.1754553], [85.3436338, 28.1754603], [85.3436238, 28.1754645], [85.3436104, 28.1754653], [85.3435962, 28.1754611], [85.3435811, 28.1754536], [85.3435686, 28.1754511], [85.3435535, 28.1754494], [85.3435427, 28.1754578], [85.3435285, 28.1754703], [85.3435109, 28.1754795], [85.3434958, 28.1754795], [85.3434666, 28.1754778], [85.3434599, 28.175467], [85.3434582, 28.1754544], [85.3434591, 28.1754427], [85.3434733, 28.1754226], [85.3434766, 28.1754118], [85.3434858, 28.1753967], [85.3434758, 28.1753725], [85.3434741, 28.1753574], [85.3434691, 28.1753491], [85.3434599, 28.1753449], [85.343434, 28.1753399], [85.3434214, 28.175339], [85.3434172, 28.1753265], [85.3434139, 28.1753139], [85.3434097, 28.1752955], [85.3434097, 28.1752847], [85.3434181, 28.1752771], [85.3434356, 28.1752797], [85.3434482, 28.1752847], [85.3434683, 28.1752847], [85.3434774, 28.175283], [85.3434917, 28.1752813], [85.3435164, 28.1752744], [85.3435216, 28.1752489], [85.343519, 28.175227], [85.3435164, 28.1752164], [85.3435304, 28.1751927], [85.3435506, 28.1751971], [85.3435804, 28.1751884], [85.3436033, 28.1751752], [85.3436085, 28.1751585], [85.3435997, 28.1751374], [85.3435796, 28.1751111], [85.3435541, 28.17509], [85.3435101, 28.1750614], [85.3435017, 28.1750555], [85.3434917, 28.1750513], [85.3434716, 28.175053], [85.3434565, 28.1750497], [85.3434373, 28.1750396], [85.3434306, 28.1750254], [85.3434223, 28.175007], [85.3434214, 28.1749853], [85.3434256, 28.1749493], [85.3434365, 28.1749343], [85.3434591, 28.1749301], [85.3434741, 28.1749251], [85.3434758, 28.1749125], [85.3434858, 28.1749058], [85.3434967, 28.1749017], [85.343495, 28.1748925], [85.3434917, 28.1748782], [85.3434766, 28.1748682], [85.3434716, 28.1748582], [85.3434683, 28.1748423], [85.3434657, 28.1748297], [85.3434666, 28.174818], [85.3434749, 28.1748072], [85.3434867, 28.1747971], [85.3435101, 28.1747762], [85.3435184, 28.1747637], [85.3435368, 28.1747461], [85.3435527, 28.1747411], [85.3435678, 28.1747319], [85.3435778, 28.1747252], [85.3435903, 28.174716], [85.3436021, 28.1747068], [85.3436163, 28.1746968], [85.3436255, 28.1746926], [85.3436413, 28.1746859], [85.3436531, 28.1746784], [85.3436581, 28.1746692], [85.3436522, 28.1746524], [85.3436439, 28.1746424], [85.3436238, 28.1746399], [85.3436054, 28.1746416], [85.3435928, 28.1746315], [85.3435912, 28.1746223], [85.3435979, 28.1746048], [85.3436012, 28.1745931], [85.343592, 28.1745822], [85.3435887, 28.1745713], [85.3435765, 28.1745395], [85.3435591, 28.1745146], [85.3435646, 28.1744999], [85.3435765, 28.1744953], [85.3435756, 28.1744815], [85.3435701, 28.1744696], [85.3435756, 28.1744558], [85.3435784, 28.1744447], [85.3435784, 28.1744346], [85.3435729, 28.1744208], [85.3435701, 28.1744107], [85.3435692, 28.1743978], [85.343571, 28.1743877], [85.3435756, 28.1743767], [85.3435802, 28.1743592], [85.3435848, 28.1743482], [85.3435811, 28.1743353], [85.3435683, 28.1743224], [85.3435609, 28.1743123], [85.3435572, 28.1743022], [85.3435582, 28.1742903], [85.3435674, 28.1742783], [85.3435692, 28.1742756], [85.3435646, 28.1742618], [85.3435582, 28.1742507], [85.3435664, 28.1742388], [85.3435747, 28.1742333], [85.3435775, 28.1742222], [85.3435628, 28.1742121], [85.34356, 28.174202], [85.3435582, 28.1741854], [85.3435572, 28.1741763], [85.3435582, 28.1741597], [85.3435637, 28.1741496], [85.3435664, 28.1741358], [85.3435821, 28.174099], [85.343606, 28.1740907], [85.3436207, 28.1740898], [85.3436198, 28.1740751], [85.3436152, 28.1740567], [85.3436115, 28.1740475], [85.3436188, 28.1740319], [85.3436179, 28.1740218], [85.3436004, 28.1740144], [85.343594, 28.1740025], [85.3435958, 28.1739905], [85.3436106, 28.1739777], [85.3436244, 28.1739657], [85.3436391, 28.1739574], [85.3436442, 28.1739548], [85.3436678, 28.1739603], [85.3437282, 28.1739727], [85.3437707, 28.1739946], [85.34382, 28.1740069], [85.343842, 28.1740028], [85.3438132, 28.1739699], [85.3437967, 28.1739576], [85.3437912, 28.1739315], [85.343757, 28.1739178], [85.3437254, 28.1739192], [85.3436805, 28.1739078], [85.3436768, 28.1738995], [85.343674, 28.1738875], [85.3436703, 28.1738765], [85.3436703, 28.1738655], [85.3436722, 28.1738498], [85.3436768, 28.1738406], [85.3436722, 28.1738278], [85.3436703, 28.1738121], [85.3436694, 28.1737974], [85.3436685, 28.1737882], [85.3436699, 28.1737845], [85.3436527, 28.1737752], [85.3436623, 28.173745], [85.3436774, 28.1737244], [85.3436925, 28.1737162], [85.3437183, 28.173723], [85.3437237, 28.1737202], [85.3437365, 28.1737101], [85.3437466, 28.1736981], [85.3437531, 28.1736843], [85.3437614, 28.1736724], [85.3437834, 28.1736512], [85.3438064, 28.173643], [85.3438202, 28.1736411], [85.343834, 28.1736301], [85.343823, 28.1736227], [85.343811, 28.173608], [85.3438073, 28.1735961], [85.3437991, 28.173585], [85.3437715, 28.1735749], [85.3437531, 28.1735657], [85.3437347, 28.1735574], [85.3437181, 28.1735492], [85.3436906, 28.1735243], [85.3436722, 28.1735096], [85.3436464, 28.1734949], [85.3436409, 28.173482], [85.3436427, 28.1734655], [85.3436565, 28.1734545], [85.3436621, 28.1734425], [85.343663, 28.1734232], [85.3436519, 28.1734094], [85.3436455, 28.1733892], [85.343651, 28.1733754], [85.3436731, 28.1733588], [85.3436933, 28.1733487], [85.3436997, 28.173334], [85.3437135, 28.1733211], [85.3437154, 28.1732991], [85.3437154, 28.1732724], [85.3437181, 28.1732411], [85.3437375, 28.1732283], [85.3437476, 28.1732154], [85.3437421, 28.1732007], [85.3437237, 28.1732016], [85.343708, 28.1731961], [85.3436952, 28.1731851], [85.3436768, 28.1731648], [85.3436667, 28.1731602], [85.3436446, 28.1731538], [85.3436437, 28.1731326], [85.3436473, 28.1731179], [85.3436492, 28.1731023], [85.3436602, 28.1730913], [85.3436722, 28.1730867], [85.3436768, 28.173071], [85.3436777, 28.1730582], [85.3436731, 28.1730407], [85.3436694, 28.1730297], [85.3436584, 28.1730241], [85.3436409, 28.1730214], [85.3436271, 28.1730104], [85.3436234, 28.172992], [85.343628, 28.17298], [85.3436455, 28.1729708], [85.3436657, 28.1729653], [85.3436676, 28.1729561], [85.3436712, 28.1729377], [85.3436621, 28.1729285], [85.3436657, 28.1729019], [85.3436676, 28.1728899], [85.3436786, 28.1728844], [85.3436906, 28.1728733], [85.3436961, 28.1728614], [85.3436961, 28.1728485], [85.343686, 28.1728329], [85.3436804, 28.1728145], [85.3436878, 28.1728044], [85.343697, 28.1727943], [85.3437043, 28.1727842], [85.3437016, 28.1727667], [85.3436869, 28.1727575], [85.3436768, 28.1727511], [85.3436667, 28.1727474], [85.3436574, 28.1727483], [85.3436418, 28.1727483], [85.3436271, 28.1727456], [85.3436179, 28.1727391], [85.3436069, 28.1727161], [85.3435995, 28.1726977], [85.3435922, 28.1726793], [85.3435903, 28.1726665], [85.3435894, 28.1726508], [85.3435958, 28.1726416], [85.3436069, 28.1726352], [85.3436142, 28.1726168], [85.3436115, 28.1726076], [85.3436014, 28.1726039], [85.3435857, 28.1725994], [85.3435692, 28.1725837], [85.3435775, 28.1725727], [85.3435637, 28.1725626], [85.3435563, 28.1725534], [85.3435545, 28.1725377], [85.3435563, 28.1725166], [85.3435416, 28.172512], [85.3435214, 28.1724936], [85.3435094, 28.1724835], [85.3435076, 28.1724706], [85.3435149, 28.1724522], [85.343526, 28.172444], [85.3435499, 28.1724375], [85.3435618, 28.1724412], [85.3435765, 28.1724412], [85.3435876, 28.1724283], [85.3435867, 28.1724136], [85.3435876, 28.1723989], [85.3435913, 28.1723869], [85.3436161, 28.1723741], [85.3436427, 28.1723833], [85.3436473, 28.1723934], [85.3436446, 28.1724053], [85.3436336, 28.1724274], [85.3436271, 28.1724421], [85.3436225, 28.1724513], [85.3436317, 28.1724623], [85.3436409, 28.1724614], [85.3436501, 28.1724577], [85.3436694, 28.1724614], [85.3436722, 28.1724725], [85.3436712, 28.1724862], [85.343674, 28.1724964], [85.3436832, 28.1724982], [85.3436915, 28.1724908], [85.343697, 28.1724734], [85.3437108, 28.172455], [85.3437163, 28.1724421], [85.3437135, 28.1724302], [85.3437191, 28.1724182], [85.3437301, 28.1724035], [85.3437393, 28.1723989], [85.343754, 28.1723906], [85.3437632, 28.1723879], [85.3437825, 28.1723796], [85.3437761, 28.172364], [85.3437641, 28.172352], [85.3437595, 28.1723391], [85.3437494, 28.1723272], [85.3437292, 28.1723207], [85.3437062, 28.1723115], [85.3436942, 28.1722968], [85.3436823, 28.1722877], [85.3436823, 28.1722702], [85.343685, 28.1722564], [85.3436924, 28.1722463], [85.3436961, 28.1722352], [85.3437025, 28.1722205], [85.3436924, 28.1722104], [85.3436823, 28.1721957], [85.3436685, 28.1721847], [85.3436547, 28.1721782], [85.3436363, 28.1721644], [85.3436225, 28.1721681], [85.3436179, 28.1721856], [85.3436188, 28.1722012], [85.3436142, 28.1722123], [85.3436014, 28.1722178], [85.343583, 28.1722095], [85.3435398, 28.1721883], [85.3435407, 28.1721727], [85.3435398, 28.1721608], [85.3435526, 28.1721479], [85.3435554, 28.1721332], [85.3435609, 28.1721194], [85.343571, 28.1721139], [85.3435793, 28.1721047], [85.3435977, 28.1721037], [85.3436041, 28.1720927], [85.3436087, 28.1720826], [85.3436225, 28.1720624], [85.3436198, 28.1720477], [85.3436069, 28.1720385], [85.3435701, 28.1720182], [85.3435535, 28.1720081], [85.343537, 28.1720072], [85.3435195, 28.1720146], [85.3435159, 28.1720256], [85.3435131, 28.1720403], [85.3435011, 28.1720477], [85.3434736, 28.1720504], [85.3434598, 28.172032], [85.3434515, 28.1720173], [85.3434395, 28.171998], [85.3434395, 28.1719805], [85.3434561, 28.1719713], [85.3434699, 28.1719732], [85.3434791, 28.1719723], [85.3434938, 28.1719723], [85.343503, 28.1719686], [85.3435002, 28.1719576], [85.3434975, 28.1719474], [85.3434892, 28.1719401], [85.3434791, 28.1719309], [85.3434542, 28.1719244], [85.3434359, 28.1719217], [85.343423, 28.171918], [85.3434129, 28.1719125], [85.3433917, 28.1719015], [85.3433807, 28.1718959], [85.3433779, 28.1718831], [85.3433807, 28.1718656], [85.3433816, 28.1718546], [85.3433853, 28.1718454], [85.3433972, 28.1718408], [85.3434147, 28.1718536], [85.3434166, 28.1718803], [85.3434184, 28.1718923], [85.3434359, 28.1719015], [85.3434487, 28.171895], [85.3434561, 28.1718886], [85.3434653, 28.1718794], [85.3434708, 28.1718702], [85.3434662, 28.1718518], [85.343463, 28.1718384], [85.3434431, 28.1718238], [85.3434326, 28.1718039], [85.3434274, 28.1717944], [85.3434546, 28.1717871], [85.3434734, 28.1717829], [85.3434912, 28.1717788], [85.3435132, 28.1717829], [85.3435404, 28.1718018], [85.343554, 28.1717976], [85.343555, 28.171785], [85.3435466, 28.1717673], [85.3435414, 28.1717568], [85.3435425, 28.1717453], [85.3435466, 28.1717306], [85.3435487, 28.1717149], [85.3435404, 28.1717013], [85.3435299, 28.1717014], [85.3435226, 28.1717149], [85.3435048, 28.1717223], [85.3434891, 28.1717223], [85.3434755, 28.1717118], [85.3434703, 28.1716982], [85.3434875, 28.1716897], [85.3434895, 28.1716764], [85.3434948, 28.1716576], [85.3434962, 28.1716275], [85.3435082, 28.1716174], [85.3435357, 28.1716121], [85.3435497, 28.1716201], [85.3435625, 28.1716328], [85.3435826, 28.1716402], [85.3435939, 28.1716409], [85.3436073, 28.1716302], [85.3436214, 28.1716154], [85.3436221, 28.1716027], [85.3436294, 28.1715712], [85.3436368, 28.1715632], [85.3436361, 28.1715565], [85.3436281, 28.1715331], [85.3436234, 28.1715244], [85.3436154, 28.171511], [85.343606, 28.1715036], [85.3435926, 28.171503], [85.3435732, 28.1715096], [85.3435538, 28.1715097], [85.3435437, 28.1715056], [85.343535, 28.1714963], [85.3435297, 28.1714835], [85.3435277, 28.1714621], [85.3435243, 28.1714487], [85.343519, 28.1714413], [85.3435082, 28.171436], [85.3435002, 28.1714326], [85.3434868, 28.171428], [85.3434761, 28.1714186], [85.3434687, 28.1714045], [85.3434721, 28.1713938], [85.3434808, 28.1713851], [85.3434948, 28.1713824], [85.3435082, 28.1713811], [85.3435176, 28.1713878], [85.3435263, 28.1713925], [85.3435397, 28.1713911], [85.3435491, 28.1713771], [85.3435685, 28.1713677], [85.3435772, 28.171367], [85.3435939, 28.1713724], [85.343614, 28.1713644], [85.3436207, 28.1713456], [85.3436328, 28.1713215], [85.3436334, 28.1712987], [85.3436261, 28.1712807], [85.343616, 28.1712693], [85.343612, 28.1712539], [85.34361, 28.1712405], [85.3436093, 28.1712238], [85.3435946, 28.1712037], [85.3435819, 28.1711883], [85.3435772, 28.1711581], [85.3435705, 28.171136], [85.3435698, 28.1711213], [85.3435765, 28.1711039], [85.3435839, 28.1710985], [85.3435926, 28.1710959], [85.3435959, 28.1710838], [85.3435906, 28.1710751], [85.3435852, 28.1710671], [85.3435892, 28.171053], [85.3435986, 28.1710369], [85.343598, 28.1710209], [85.3435866, 28.1710028], [85.3435765, 28.1709914], [85.3435598, 28.1709854], [85.3435511, 28.1709794], [85.3435431, 28.170964], [85.3435397, 28.1709499], [85.3435404, 28.1709312], [85.3435471, 28.1709144], [85.3435591, 28.1709064], [85.3435752, 28.170889], [85.3435913, 28.1708696], [85.3436053, 28.1708629], [85.3436254, 28.1708622], [85.3436421, 28.1708575], [85.3436488, 28.1708441], [85.3436442, 28.1708321], [85.3436395, 28.1708254], [85.3436221, 28.170814], [85.343612, 28.1707999], [85.3436047, 28.1707886], [85.343598, 28.1707691], [85.343604, 28.1707557], [85.3436328, 28.1707477], [85.3436455, 28.1707417], [85.3436542, 28.170735], [85.3436676, 28.1707343], [85.343674, 28.1707366], [85.3436904, 28.1707471], [85.3436927, 28.1707494], [85.3436956, 28.1707499], [85.3436987, 28.1707507], [85.3437015, 28.1707502], [85.3437046, 28.1707471], [85.3437069, 28.1707458], [85.3437095, 28.1707437], [85.3437126, 28.1707422], [85.3437178, 28.1707396], [85.3437209, 28.1707362], [85.3437188, 28.1707337], [85.3437137, 28.1707279], [85.3437121, 28.170723], [85.3437114, 28.1707184], [85.3437108, 28.1707145], [85.3437121, 28.1707098], [85.3437121, 28.1707062], [85.3437108, 28.1706956], [85.3436821, 28.1706638], [85.3436777, 28.1706605], [85.3436725, 28.1706523], [85.3436708, 28.1706455], [85.34367, 28.1706403], [85.3436708, 28.1706312], [85.3436726, 28.1706269], [85.3436774, 28.1706227], [85.3436899, 28.1706196], [85.3436944, 28.1706178], [85.3437198, 28.1706118], [85.3437205, 28.1706011], [85.3437098, 28.170591], [85.3436964, 28.1705904], [85.3436863, 28.170579], [85.3436803, 28.1705549], [85.3436843, 28.1705415], [85.3437272, 28.1705247], [85.3437337, 28.1705221], [85.3437323, 28.1705167], [85.3437289, 28.1705159], [85.3437222, 28.1705149], [85.3437183, 28.1705136], [85.3437132, 28.1705121], [85.3437106, 28.170509], [85.3437072, 28.1704971], [85.3437085, 28.1704862], [85.3437142, 28.1704774], [85.3437315, 28.1704752], [85.3437348, 28.1704747], [85.3437512, 28.1704722], [85.3437651, 28.1704665], [85.3437771, 28.1704571], [85.3437897, 28.170435], [85.3437935, 28.1704192], [85.3437853, 28.1704103], [85.3437758, 28.1704103], [85.3437682, 28.1704148], [85.3437657, 28.1704255], [85.3437588, 28.1704324], [85.3437436, 28.1704343], [85.3437367, 28.1704318], [85.3437165, 28.1704293], [85.3437032, 28.1704236], [85.3436982, 28.1704135], [85.3436994, 28.1703977], [85.3437045, 28.1703857], [85.3437171, 28.1703731], [85.343743, 28.1703472], [85.3437436, 28.1703384], [85.3437405, 28.1703315], [85.3437354, 28.1703245], [85.3437266, 28.1703207], [85.3437203, 28.1703182], [85.3437051, 28.1703226], [85.343695, 28.1703207], [85.3436868, 28.1703144], [85.3436824, 28.1703068], [85.3436799, 28.170298], [85.3436748, 28.1702866], [85.3436679, 28.1702772], [85.3436477, 28.1702684], [85.3436218, 28.1702538], [85.343606, 28.1702437], [85.3436004, 28.1702305], [85.3436117, 28.170221], [85.3436288, 28.1701995], [85.3436439, 28.1701894], [85.3436698, 28.1701951], [85.343683, 28.1702027], [85.343695, 28.1702204], [85.3437007, 28.1702399], [85.3436994, 28.1702557], [85.3436975, 28.1702677], [85.3437076, 28.1702747], [85.3437177, 28.170274], [85.3437323, 28.1702797], [85.3437367, 28.1702848], [85.3437443, 28.1702967], [85.3437499, 28.1703056], [85.3437581, 28.1703031], [85.3437663, 28.1702949], [85.3437783, 28.1702747], [85.3437828, 28.1702513], [85.3437821, 28.1702399], [85.3437708, 28.1702292], [85.3437537, 28.1702172], [85.3437411, 28.1702103], [85.3437348, 28.1701977], [85.343731, 28.1701831], [85.3437335, 28.1701724], [85.3437323, 28.1701459], [85.3437417, 28.1701181], [85.3437613, 28.1701137], [85.343772, 28.1701106], [85.3437783, 28.1701036], [85.3437846, 28.1700942], [85.3437865, 28.1700815], [85.3437828, 28.170067], [85.3437834, 28.1700563], [85.3437777, 28.1700474], [85.3437764, 28.170038], [85.343784, 28.1700373], [85.3437928, 28.1700273], [85.3437922, 28.1699818], [85.3437973, 28.16992], [85.3437947, 28.169913], [85.3437872, 28.1699061], [85.3437771, 28.169901], [85.3437613, 28.1698941], [85.3437581, 28.1698821], [85.3437644, 28.1698638], [85.3437727, 28.1698512], [85.3437796, 28.1698411], [85.3437745, 28.1698265], [85.3437689, 28.1698], [85.3437689, 28.1697861], [85.3437644, 28.1697742], [85.3437594, 28.1697609], [85.3437524, 28.1697407], [85.3437506, 28.1697192], [85.3437443, 28.1696953], [85.343726, 28.1696738], [85.3437051, 28.1696492], [85.3436975, 28.1696454], [85.3436824, 28.1696416], [85.3436748, 28.1696416], [85.3436635, 28.1696498], [85.343654, 28.1696612], [85.3436376, 28.1696612], [85.3436262, 28.1696605], [85.3436199, 28.169658], [85.3436161, 28.1696473], [85.3436149, 28.1696391], [85.3436098, 28.1696334], [85.3435921, 28.1696296], [85.343577, 28.1696208], [85.3435675, 28.1696176], [85.3435499, 28.1696176], [85.3435391, 28.1696126], [85.3435278, 28.1695993], [85.3435114, 28.1695892], [85.3435044, 28.1695804], [85.3434975, 28.169576], [85.3434842, 28.1695722], [85.3434716, 28.1695722], [85.3434596, 28.1695671], [85.3434445, 28.1695577], [85.3434325, 28.1695545], [85.3434375, 28.1695432], [85.3434457, 28.1695324], [85.3434697, 28.169528], [85.3434893, 28.169516], [85.3434968, 28.1695034], [85.343495, 28.1694857], [85.3435164, 28.1694548], [85.3435297, 28.1694333], [85.3435372, 28.1694075], [85.3435568, 28.1693456], [85.34357, 28.1693368], [85.3435738, 28.1693292], [85.343589, 28.1693216], [85.3435959, 28.1693197], [85.3436048, 28.1693134], [85.343613, 28.169304], [85.34363, 28.1692945], [85.3436376, 28.1692926], [85.3436445, 28.1692983], [85.3436445, 28.1693077], [85.3436445, 28.1693153], [85.3436458, 28.1693235], [85.3436559, 28.169326], [85.3437047, 28.1693164], [85.3437165, 28.169314], [85.3437241, 28.1693084], [85.3437266, 28.1693014], [85.3437241, 28.1692945], [85.343717, 28.169286], [85.3437083, 28.1692793], [85.3436975, 28.1692768], [85.34369, 28.1692755], [85.3436723, 28.1692755], [85.3436641, 28.1692749], [85.3436565, 28.1692711], [85.3436521, 28.1692648], [85.343654, 28.1692522], [85.3436603, 28.1692295], [85.3436736, 28.1691903], [85.3436755, 28.1691821], [85.3436767, 28.1691714], [85.3436811, 28.1691582], [85.3436875, 28.1691468], [85.343695, 28.1691329], [85.3437076, 28.169119], [85.3437228, 28.169102], [85.3437272, 28.1690919], [85.3437323, 28.1690868], [85.3437398, 28.1690786], [85.3437405, 28.1690685], [85.3437392, 28.1690622], [85.3437329, 28.1690471], [85.3437196, 28.1690389], [85.3437057, 28.1690357], [85.343695, 28.1690231], [85.3436875, 28.1690206], [85.3436856, 28.1690143], [85.3436849, 28.1689991], [85.3436849, 28.1689865], [85.3436805, 28.1689739], [85.343671, 28.1689619], [85.3436559, 28.1689518], [85.3436395, 28.1689391], [85.3436332, 28.1689328], [85.3436237, 28.1689316], [85.3436123, 28.1689354], [85.343606, 28.1689379], [85.3435959, 28.1689385], [85.3435884, 28.1689303], [85.3435877, 28.1689183], [85.3435808, 28.1689114], [85.3435745, 28.1689089], [85.3435656, 28.1689051], [85.343559, 28.1689002], [85.343553, 28.16891], [85.3435422, 28.168915], [85.3435294, 28.168914], [85.3435185, 28.168909], [85.3435057, 28.1689051], [85.3434929, 28.1689041], [85.3434809, 28.1689007], [85.3434591, 28.1688757], [85.3434542, 28.1688538], [85.3434555, 28.1688478], [85.3434587, 28.1688425], [85.3434809, 28.1688328], [85.3435084, 28.1688256], [85.3435262, 28.168817], [85.3435257, 28.1688136], [85.3435252, 28.16881], [85.3435203, 28.1688056], [85.3435146, 28.1687896], [85.3435141, 28.1687844], [85.3435162, 28.168779], [85.343519, 28.168772], [85.343525, 28.1687658], [85.343534, 28.1687629], [85.3435552, 28.1687523], [85.3435599, 28.1687482], [85.3435645, 28.1687433], [85.3435648, 28.1687379], [85.3435643, 28.1687324], [85.343558, 28.168727], [85.3435388, 28.1687233], [85.343527, 28.1687211], [85.3435221, 28.1687213], [85.3435175, 28.1687208], [85.3435136, 28.1687185], [85.3434924, 28.1687198], [85.3434849, 28.1687198], [85.3434738, 28.1687205], [85.343465, 28.1687236], [85.3434567, 28.168726], [85.34345, 28.168727], [85.3434448, 28.1687267], [85.3434381, 28.1687265], [85.343434, 28.1687252], [85.3434301, 28.1687231], [85.3434259, 28.1687198], [85.3434184, 28.1687118], [85.3434103, 28.1687051], [85.3434053, 28.168704], [85.3434003, 28.1687035], [85.3433916, 28.1687027], [85.3433882, 28.1687006], [85.343389, 28.1686973], [85.3433918, 28.1686931], [85.3433967, 28.1686893], [85.3434011, 28.1686869], [85.3434084, 28.1686851], [85.3434159, 28.1686833], [85.3434283, 28.1686789], [85.3434351, 28.1686747], [85.3434331, 28.1686671], [85.3434224, 28.1686274], [85.3434224, 28.1686223], [85.3434243, 28.1686135], [85.3434299, 28.1686078], [85.3434318, 28.168604], [85.343435, 28.1685964], [85.3434356, 28.1685844], [85.3434299, 28.1685756], [85.3434249, 28.1685712], [85.3434268, 28.1685605], [85.3434394, 28.1685485], [85.3434407, 28.1685403], [85.3434419, 28.1685321], [85.34344, 28.1685156], [85.3434362, 28.1685011], [85.3434274, 28.1684626], [85.3434299, 28.1684557], [85.3434344, 28.16845], [85.3434375, 28.1684437], [85.3434337, 28.1684342], [85.3434287, 28.1684254], [85.3434243, 28.1684147], [85.343423, 28.1684083], [85.343418, 28.1684014], [85.343411, 28.1683957], [85.343411, 28.1683837], [85.3434278, 28.1683637], [85.3434327, 28.1683499], [85.3434239, 28.1683351], [85.3434061, 28.1683095], [85.3433982, 28.1682937], [85.3433943, 28.1682779], [85.3433913, 28.1682621], [85.3433933, 28.1682414], [85.3433982, 28.1682286], [85.343415, 28.1682118], [85.3434229, 28.1681941], [85.3434189, 28.1681763], [85.343414, 28.1681674], [85.343412, 28.1681576], [85.343411, 28.1681448], [85.3434091, 28.168128], [85.3434101, 28.1681083], [85.3434345, 28.1680973], [85.343445, 28.1680815], [85.3434649, 28.1680559], [85.3434833, 28.1680266], [85.3434914, 28.1680197], [85.3435015, 28.1680177], [85.34351, 28.1680149], [85.3435193, 28.1680027], [85.3435205, 28.1679951], [85.3435173, 28.1679906], [85.3435108, 28.167983], [85.3435043, 28.1679801], [85.3434987, 28.1679704], [85.3434995, 28.1679652], [85.3435035, 28.1679611], [85.3435104, 28.1679547], [85.3435165, 28.167945], [85.3435245, 28.16793], [85.3435342, 28.1679074], [85.3435346, 28.1678884], [85.3435161, 28.1678585], [85.3435076, 28.1678484], [85.3434922, 28.1678351], [85.3434801, 28.1678327], [85.3434724, 28.1678331], [85.3434623, 28.1678355], [85.3434514, 28.1678412], [85.3434405, 28.167848], [85.3434272, 28.1678525], [85.3434207, 28.1678517], [85.3434118, 28.1678537], [85.3434054, 28.1678505], [85.343405, 28.1678452], [85.3434062, 28.1678359], [85.3434086, 28.1678291], [85.3434143, 28.1678161], [85.3434171, 28.1678068], [85.3434211, 28.1677996], [85.3434297, 28.1677921], [85.3434333, 28.1677864], [85.3434368, 28.1677843], [85.3434418, 28.1677807], [85.343451, 28.1677761], [85.343462, 28.167774], [85.3434741, 28.1677715], [85.3434794, 28.167769], [85.3434869, 28.1677647], [85.3434979, 28.1677587], [85.3435046, 28.1677516], [85.3435146, 28.1677424], [85.3435228, 28.1677264], [85.3435263, 28.167714], [85.3435309, 28.1677047], [85.343543, 28.1676969], [85.3435604, 28.1676905], [85.3435717, 28.167682], [85.343582, 28.1676731], [85.343587, 28.167665], [85.3435906, 28.1676508], [85.3435884, 28.1676408], [85.3435881, 28.1676288], [85.3435895, 28.1676199], [85.3435948, 28.1676181], [85.3435994, 28.1676149], [85.3436044, 28.1676078], [85.3436051, 28.1676036], [85.3436037, 28.1675954], [85.3436012, 28.1675883], [85.343597, 28.167584], [85.3435909, 28.1675791], [85.3435888, 28.1675712], [85.3435899, 28.1675599], [85.3435952, 28.1675588], [85.3435963, 28.1675482], [85.3435708, 28.1675038], [85.3435678, 28.1674771], [85.3435631, 28.1674534], [85.3435732, 28.1674465], [85.3435833, 28.1674427], [85.3435903, 28.1674383], [85.3435997, 28.1674269], [85.3436022, 28.1674168], [85.3436022, 28.1674086], [85.3436048, 28.167401], [85.3436111, 28.1673954], [85.3436205, 28.1673947], [85.3436294, 28.1673922], [85.3436332, 28.167384], [85.3436363, 28.1673777], [85.3436351, 28.1673707], [85.3436256, 28.1673625], [85.3436325, 28.1673569], [85.3436445, 28.1673518], [85.3436546, 28.1673487], [85.343666, 28.1673392], [85.3436578, 28.1673278], [85.3436477, 28.1673304], [85.3436389, 28.1673278], [85.3436379, 28.1673203], [85.3436373, 28.1673068], [85.3436407, 28.1672929], [85.3436425, 28.1672729], [85.343652, 28.1672504], [85.3436607, 28.16724], [85.3436737, 28.1672331], [85.3436884, 28.1672235], [85.3436962, 28.1672131], [85.3437239, 28.167175], [85.3437465, 28.1671438], [85.3437993, 28.1670485], [85.3438331, 28.1669731], [85.3438418, 28.1669566], [85.3438626, 28.1669167], [85.3438739, 28.1668959], [85.3438872, 28.1668892], [85.3438946, 28.1668394], [85.3438923, 28.1668256], [85.3438923, 28.1668173], [85.3438893, 28.1668051], [85.3438862, 28.1667975], [85.3438801, 28.1667845], [85.3438702, 28.1667662], [85.3438588, 28.1667502], [85.343855, 28.1667411], [85.3438466, 28.1667274], [85.3438451, 28.1667152], [85.3438459, 28.1667015], [85.3438421, 28.166674], [85.3438382, 28.166658], [85.3438352, 28.1666443], [85.3438321, 28.1666352], [85.3438344, 28.1666192], [85.3438375, 28.1666101], [85.3438436, 28.1665438], [85.343855, 28.166527], [85.3438756, 28.1665064], [85.3438977, 28.1665042], [85.3439312, 28.1664988], [85.3439426, 28.1664813], [85.343938, 28.166444], [85.3439304, 28.1663853], [85.3439403, 28.166364], [85.3439464, 28.1663571], [85.3439449, 28.1663472], [85.3439403, 28.166332], [85.3439243, 28.1663023], [85.343906, 28.1662695], [85.3438725, 28.16622], [85.343871, 28.1662093], [85.3438718, 28.1661964], [85.3438824, 28.1661865], [85.3438984, 28.1661789], [85.3439076, 28.166172], [85.3439121, 28.1661621], [85.3439114, 28.1661469], [85.3439144, 28.1661255], [85.3439068, 28.1661027], [85.3438999, 28.166089], [85.34389, 28.1660806], [85.3438695, 28.1660737], [85.3438611, 28.1660753], [85.3438512, 28.1660737], [85.3438421, 28.166073], [85.3438382, 28.1660654], [85.3438398, 28.1660562], [85.3438436, 28.1660471], [85.3438398, 28.1660364], [85.3438253, 28.1660303], [85.3438123, 28.1660273], [85.343807, 28.1660212], [85.3438032, 28.1660136], [85.3438047, 28.1660006], [85.3438093, 28.1659839], [85.3438131, 28.165958], [85.3438108, 28.1659321], [85.3438078, 28.1659191], [85.3437994, 28.1659061], [85.3437902, 28.1658978], [85.343775, 28.1658833], [85.3437628, 28.1658879], [85.343756, 28.1658932], [85.3437483, 28.1658902], [85.343727, 28.1658841], [85.3437148, 28.1658803], [85.343695, 28.1658772], [85.3436828, 28.1658696], [85.3436745, 28.1658528], [85.3436676, 28.1658483], [85.3436562, 28.1658521], [85.3436288, 28.1658605], [85.3435724, 28.1658665], [85.3435609, 28.1658627], [85.3435526, 28.1658498], [85.3435556, 28.1658399], [85.3435632, 28.1658284], [85.3435716, 28.1658178], [85.3435762, 28.1658071], [85.3435762, 28.1657957], [85.3435739, 28.1657865], [85.3435693, 28.1657652], [85.3435632, 28.1657142], [85.3435663, 28.1656944], [85.3435648, 28.1656738], [85.3435686, 28.1656418], [85.3435663, 28.1656342], [85.3435564, 28.1656167], [85.3435495, 28.1656022], [85.3435457, 28.1655847], [85.3435442, 28.1655687], [85.3435427, 28.1655557], [85.3435465, 28.165539], [85.343548, 28.1655214], [85.3435511, 28.1655054], [85.3435655, 28.1654445], [85.3435648, 28.1654293], [85.343564, 28.1654194], [85.3435609, 28.1654095], [85.3435571, 28.1654003], [85.3435488, 28.1653927], [85.3435312, 28.1653752], [85.3435152, 28.1653584], [85.3434924, 28.1653401], [85.3434825, 28.1653318], [85.3434726, 28.1653257], [85.3434604, 28.1653211], [85.3434644, 28.1653115], [85.3434632, 28.1652984], [85.3434667, 28.165283], [85.3434727, 28.1652687], [85.3434822, 28.165258], [85.3434941, 28.1652437], [85.3434965, 28.1652211], [85.3434917, 28.1652056], [85.3434834, 28.1651901], [85.3434739, 28.1651639], [85.3434762, 28.1651425], [85.3434822, 28.1651211], [85.3434957, 28.1651031], [85.3435512, 28.1650859], [85.3435691, 28.1650667], [85.3435746, 28.1650433], [85.3435869, 28.1650104], [85.3435951, 28.1649734], [85.3435965, 28.1649528], [85.3435759, 28.1649295], [85.3435594, 28.1649085], [85.3435785, 28.1648724], [85.3435914, 28.164845], [85.3436059, 28.1648198], [85.3436204, 28.1647947], [85.3436341, 28.164752], [85.3436638, 28.1646576], [85.343676, 28.1646164], [85.3436897, 28.1645951], [85.3437094, 28.1645575], [85.3437133, 28.1645453], [85.3437148, 28.1645365], [85.3437211, 28.1645253], [85.3437318, 28.1645136], [85.3437636, 28.1644968], [85.3437941, 28.1644847], [85.3438215, 28.164477], [85.3438466, 28.1644725], [85.3438573, 28.1644671], [85.3438611, 28.1644542], [85.343868, 28.1644389], [85.3438763, 28.1644245], [85.3438992, 28.1644108], [85.3439213, 28.1644062], [85.3439609, 28.1644047], [85.343986, 28.1643993], [85.3440112, 28.164391], [85.3440394, 28.1643849], [85.3440561, 28.1643772], [85.3440645, 28.1643681], [85.3440645, 28.1643582], [85.344063, 28.1643468], [85.3440729, 28.1643399], [85.344095, 28.1643292], [85.3441133, 28.1643209], [85.3441216, 28.1643239], [85.34413, 28.16433], [85.3441331, 28.1643391], [85.3441247, 28.1643513], [85.3441224, 28.164359], [85.3441323, 28.1643666], [85.3441506, 28.1643605], [85.3441658, 28.1643498], [85.3441932, 28.1643292], [85.344226, 28.1642896], [85.3443052, 28.1641929], [85.3443235, 28.1641731], [85.3443662, 28.1641617], [85.3443822, 28.1641601], [85.3444096, 28.1641533], [85.3444302, 28.1641533], [85.3444368, 28.1641486], [85.3444463, 28.1641379], [85.3444535, 28.1641272], [85.3444666, 28.1641212], [85.344482, 28.1641165], [85.3444963, 28.1641034], [85.344538, 28.1640605], [85.3445642, 28.16402], [85.3445917, 28.1639773], [85.3445917, 28.1639636], [85.3445924, 28.1639491], [85.3445901, 28.1639407], [85.3445825, 28.1639354], [85.3445764, 28.1639445], [85.3445551, 28.1639407], [85.344552, 28.1639293], [85.3445619, 28.1639141], [85.344581, 28.1638897], [85.3445947, 28.163879], [85.3446038, 28.1638805], [85.3446122, 28.163892], [85.344629, 28.1638973], [85.3446381, 28.1638943], [85.3446473, 28.1638836], [85.3446442, 28.1638729], [85.3446397, 28.1638592], [85.3446558, 28.1638415], [85.3446773, 28.163826], [85.3446987, 28.1638189], [85.3447118, 28.1638165], [85.3447213, 28.1638082], [85.3447058, 28.1637975], [85.3446915, 28.1637891], [85.3446963, 28.163776], [85.3447058, 28.1637677], [85.344738, 28.1637748], [85.3447522, 28.1637856], [85.344763, 28.1637772], [85.3447784, 28.1637487], [85.3447773, 28.1637189], [85.3447868, 28.1636725], [85.3448034, 28.1636436], [85.344808, 28.1636276], [85.3448103, 28.1636048], [85.3448034, 28.1635987], [85.3447913, 28.1635941], [85.3447829, 28.1635857], [85.3447935, 28.1635659], [85.3448143, 28.1635457], [85.3439995, 28.1628709], [85.3438812, 28.162773], [85.3438607, 28.1627774], [85.3438417, 28.1627702], [85.3438286, 28.1627524], [85.3438143, 28.1627583], [85.3437988, 28.1627667], [85.3437893, 28.1627738], [85.3437714, 28.1627821], [85.3437572, 28.1627821], [85.3437441, 28.1627821], [85.343731, 28.1627821], [85.3437096, 28.1627905], [85.3436893, 28.1627917], [85.3436691, 28.1628], [85.3436596, 28.1628143], [85.3436548, 28.1628309], [85.3436548, 28.1628433], [85.3436538, 28.1628501], [85.3436485, 28.1628554], [85.3436407, 28.1628598], [85.3436319, 28.1628633], [85.3436246, 28.1628613], [85.3436202, 28.1628589], [85.3436148, 28.1628554], [85.3436084, 28.1628488], [85.343578, 28.1628572], [85.3435748, 28.1628667], [85.3435739, 28.1628715], [85.3435705, 28.1628769], [85.3435631, 28.1628818], [85.3435539, 28.1628837], [85.3435417, 28.1628871], [85.343529, 28.1628915], [85.3435212, 28.1628998], [85.3435251, 28.1629091], [85.3435329, 28.1629125], [85.3435407, 28.1629179], [85.3435412, 28.1629247], [85.3435373, 28.16293], [85.3435324, 28.162933], [85.3435276, 28.1629335], [85.3435232, 28.1629305], [85.3435183, 28.1629276], [85.3435095, 28.1629281], [85.3435017, 28.162933], [85.3434934, 28.1629398], [85.3434846, 28.1629417], [85.3434705, 28.1629398], [85.3434642, 28.1629388], [85.3434573, 28.1629398], [85.3434525, 28.1629476], [85.3434539, 28.1629539], [85.3434554, 28.1629588], [85.3434452, 28.1629676], [85.3434388, 28.1629676], [85.3434261, 28.1629647], [85.3434042, 28.1629466], [85.3434042, 28.1629335], [85.3434125, 28.1629257], [85.3434247, 28.1629183], [85.3434369, 28.1629105], [85.3434408, 28.1629008], [85.3434413, 28.162892], [85.3434364, 28.1628857], [85.343433, 28.1628818], [85.3434298, 28.162875], [85.3434241, 28.1628748], [85.3433518, 28.1628724], [85.3433423, 28.1628721], [85.3433272, 28.1628618], [85.3433203, 28.1628589], [85.3433145, 28.1628574], [85.3433033, 28.1628554], [85.3432899, 28.1628568], [85.343276, 28.1628622], [85.3432667, 28.1628725], [85.3432548, 28.1628762], [85.3432037, 28.1628821], [85.3431733, 28.162881], [85.3431574, 28.1628899], [85.3431284, 28.1629004], [85.3431003, 28.1628925], [85.3430784, 28.1628679], [85.3430582, 28.1628521], [85.3430064, 28.1628565], [85.3429739, 28.1628864], [85.3429564, 28.1628934], [85.3429265, 28.1628978], [85.3428985, 28.1628916], [85.3428633, 28.162889], [85.3428502, 28.162889], [85.3428405, 28.1628653], [85.3428116, 28.1628592], [85.342794, 28.1628671], [85.342787, 28.1628846], [85.3427738, 28.162896], [85.3427449, 28.1629048], [85.3427238, 28.1629013], [85.3426939, 28.1628943], [85.3426597, 28.1628943], [85.3426448, 28.1628758], [85.3426544, 28.16286], [85.3426817, 28.1628539], [85.3426913, 28.162853], [85.3426755, 28.1628346], [85.3426667, 28.1628214], [85.3426667, 28.16281], [85.3426546, 28.1627895], [85.3426335, 28.162794], [85.342618, 28.1628], [85.3426002, 28.1628], [85.3425782, 28.1627897], [85.3425584, 28.1627874], [85.34255, 28.1627813], [85.3425432, 28.1627737], [85.3425431, 28.1627717], [85.3425412, 28.1627714], [85.3425237, 28.1627652], [85.3425087, 28.1627626], [85.3424801, 28.1627604], [85.3424792, 28.1627615], [85.3424701, 28.1627714], [85.3424594, 28.1627805], [85.3424419, 28.1627836], [85.342432, 28.1627775], [85.3424198, 28.1627668], [85.3424122, 28.1627569], [85.3424076, 28.1627432], [85.3424023, 28.1627219], [85.3423931, 28.1627089], [85.3423726, 28.1626883], [85.342355, 28.1626838], [85.3423406, 28.1626853], [85.3423337, 28.1626982], [85.3423253, 28.1627135], [85.3423177, 28.1627211], [85.3423131, 28.1627348], [85.3423093, 28.1627478], [85.3423055, 28.1627546], [85.3422888, 28.162763], [85.3422796, 28.1627645], [85.3422644, 28.162763], [85.3422492, 28.1627607], [85.3422305, 28.1627758], [85.3422217, 28.1627854], [85.3422059, 28.1627872], [85.3421954, 28.1627819], [85.3421717, 28.1627863], [85.342162, 28.1627872], [85.3421612, 28.1627696], [85.3421462, 28.1627688], [85.3421366, 28.1627767], [85.3421182, 28.1627854], [85.3421059, 28.1627872], [85.3421054, 28.1627753], [85.3420957, 28.1627771], [85.3420748, 28.1627755], [85.3420579, 28.1627794], [85.3420393, 28.162791], [85.3420254, 28.1627971], [85.3420146, 28.1627933], [85.3420085, 28.1627809], [85.3420085, 28.162767], [85.3420085, 28.1627539], [85.3420046, 28.1627394], [85.3419924, 28.1627379], [85.3419848, 28.1627394], [85.3419696, 28.1627356], [85.3419627, 28.1627249], [85.3419604, 28.1627173], [85.3419559, 28.1627074], [85.3419444, 28.1626975], [85.3419361, 28.1626929], [85.3419299, 28.1627021], [85.3419345, 28.1627127], [85.3419338, 28.1627226], [85.3419292, 28.162731], [85.3419185, 28.1627341], [85.341904, 28.1627363], [85.3418926, 28.1627363], [85.3418804, 28.1627401], [85.3418675, 28.1627371], [85.3418553, 28.1627348], [85.3418446, 28.1627325], [85.3418302, 28.1627188], [85.3418142, 28.162718], [85.3418004, 28.1627173], [85.3417905, 28.1627089], [85.3417768, 28.1627005], [85.3417647, 28.1626929], [85.3417525, 28.1626861], [85.3417311, 28.1626784], [85.3417136, 28.1626754], [85.3417037, 28.1626731], [85.3416907, 28.1626685], [85.3416755, 28.1626609], [85.3416527, 28.1626541], [85.3416428, 28.1626602], [85.3416367, 28.1626663], [85.3416298, 28.1626769], [85.3416521, 28.1626827], [85.3416661, 28.1626959], [85.3416705, 28.1627117], [85.3416609, 28.1627249], [85.3416468, 28.1627389], [85.3416319, 28.162738], [85.3416249, 28.1627161], [85.3416284, 28.1627038], [85.3416354, 28.1626941], [85.3416188, 28.1626823], [85.3416131, 28.1626838], [85.3416024, 28.1626845], [85.3415795, 28.1626861], [85.3415711, 28.1626891], [85.3415635, 28.1626868], [85.3415475, 28.1626876], [85.3415346, 28.1626899], [85.3415216, 28.1626891], [85.3415095, 28.1626868], [85.341495, 28.1626876], [85.3414714, 28.1626883], [85.3414546, 28.162696], [85.3414493, 28.1627051], [85.3414432, 28.1627173], [85.3414371, 28.1627318], [85.3414317, 28.1627424], [85.3414317, 28.1627531], [85.3414348, 28.1627683], [85.3414394, 28.1627775], [85.3414447, 28.1627881], [85.3414409, 28.1628057], [85.3414241, 28.1628186], [85.341415, 28.1628239], [85.3413906, 28.1628255], [85.3413807, 28.1628239], [85.3413708, 28.1628156], [85.3413655, 28.1628057], [85.3413617, 28.1627927], [85.3413472, 28.1627919], [85.3413388, 28.1627935], [85.3413236, 28.1627881], [85.3413137, 28.1627744], [85.3412992, 28.162766], [85.34129, 28.1627699], [85.3412733, 28.162766], [85.3412672, 28.1627599], [85.341258, 28.1627584], [85.3412428, 28.1627607], [85.3412268, 28.1627676], [85.3412062, 28.1627706], [85.3411956, 28.1627638], [85.3411872, 28.1627584], [85.3411781, 28.1627462], [85.341172, 28.1627379], [85.3411613, 28.162734], [85.3411247, 28.1627478], [85.3411133, 28.1627592], [85.3411049, 28.1627699], [85.3411141, 28.1627843], [85.3411316, 28.1627904], [85.3411392, 28.1627988], [85.3411468, 28.1628125], [85.3411445, 28.1628278], [85.3411331, 28.1628354], [85.3411263, 28.1628399], [85.3411133, 28.1628438], [85.3410996, 28.1628476], [85.341092, 28.1628529], [85.3410737, 28.1628628], [85.3410592, 28.1628704], [85.3410455, 28.1628811], [85.3410288, 28.1628834], [85.3410158, 28.1628895], [85.3410082, 28.1629032], [85.3410021, 28.1629146], [85.3409986, 28.1629143], [85.3410044, 28.1629364], [85.3410017, 28.1629478], [85.3409739, 28.1629542], [85.3409625, 28.1629611], [85.3409503, 28.1629664], [85.3409404, 28.1629664], [85.3409305, 28.1629649], [85.3409088, 28.1629631], [85.3408921, 28.1629607], [85.3408719, 28.1629643], [85.3408576, 28.162969], [85.3408362, 28.1629821], [85.3408243, 28.1629988], [85.34081, 28.1630095], [85.3407933, 28.1630202], [85.3407802, 28.1630297], [85.3407564, 28.1630369], [85.3407445, 28.1630381], [85.3407255, 28.1630321], [85.3407148, 28.1630166], [85.3407028, 28.1630107], [85.3406838, 28.1630095], [85.340679, 28.1630131], [85.3406743, 28.1630178], [85.340654, 28.1630261], [85.3406421, 28.1630226], [85.3406291, 28.163019], [85.3406088, 28.1630131], [85.3405874, 28.1630083], [85.3405648, 28.1630047], [85.3405517, 28.1630023], [85.3405267, 28.162994], [85.3405136, 28.1629857], [85.340491, 28.1629797], [85.3404612, 28.1629678], [85.3404517, 28.1629631], [85.3404315, 28.1629476], [85.3403993, 28.1629262], [85.3403886, 28.1629154], [85.340372, 28.1629083], [85.34036, 28.1629], [85.3403493, 28.1628928], [85.3403327, 28.1628786], [85.3403124, 28.1628583], [85.3402981, 28.1628512], [85.3402696, 28.1628536], [85.3402505, 28.162844], [85.3402481, 28.1628321], [85.3402143, 28.1628063], [85.3402061, 28.1627937], [85.3401955, 28.1627908], [85.3401896, 28.1627814], [85.3401861, 28.1627708], [85.3401826, 28.1627591], [85.3401803, 28.1627503], [85.340172, 28.1627409], [85.3401679, 28.162735], [85.3401626, 28.1627303], [85.3401408, 28.1627154], [85.3401325, 28.1627094], [85.3401265, 28.1627037], [85.3401238, 28.1626992], [85.3401156, 28.1626833], [85.3401062, 28.1626733], [85.3400868, 28.1626522], [85.3400751, 28.1626387], [85.3400627, 28.1626281], [85.3400463, 28.162614], [85.3400287, 28.1626016], [85.3400113, 28.1626031], [85.3399934, 28.1626046], [85.3399799, 28.1626034], [85.3399593, 28.1625975], [85.3399493, 28.1625916], [85.3399405, 28.1625834], [85.3399317, 28.1625723], [85.3399264, 28.1625587], [85.3399282, 28.1625482], [85.3399352, 28.1625347], [85.3399441, 28.1625135], [85.3399423, 28.1624966], [85.339938, 28.1624723], [85.3399265, 28.1624565], [85.3399078, 28.1624393], [85.3398992, 28.1624264], [85.3398849, 28.1624063], [85.3398705, 28.1623891], [85.3398318, 28.1623704], [85.3398203, 28.1623561], [85.3397988, 28.1623346], [85.3397687, 28.1623073], [85.3397429, 28.1622829], [85.3397267, 28.1622744], [85.3397149, 28.1622626], [85.3397044, 28.1622474], [85.3396838, 28.1622368], [85.3396632, 28.1622321], [85.3396444, 28.1622291], [85.3396239, 28.1622256], [85.3396027, 28.1622168], [85.3395874, 28.1622039], [85.3395751, 28.1621892], [85.3395639, 28.1621745], [85.3395463, 28.1621498], [85.3395011, 28.1621187], [85.3394834, 28.162111], [85.339464, 28.1621117], [85.3394476, 28.1621175], [85.339427, 28.1621193], [85.3394176, 28.1621163], [85.33939, 28.1621008], [85.3393628, 28.1620821], [85.3393441, 28.1620663], [85.339324, 28.1620534], [85.3393111, 28.1620362], [85.3392753, 28.1620176], [85.3392279, 28.1620047], [85.3391878, 28.1619788], [85.3391419, 28.1619545], [85.3391074, 28.1619358], [85.3390515, 28.1619085], [85.3390271, 28.1618813], [85.3390167, 28.1618709], [85.3390005, 28.1618709], [85.3389803, 28.1618673], [85.3389786, 28.1618463], [85.338976, 28.1618349], [85.3389895, 28.1618226], [85.3389855, 28.1618024], [85.3389841, 28.1617809], [85.3389712, 28.1617622], [85.3389597, 28.1617407], [85.3389421, 28.161717], [85.3389224, 28.161719], [85.3389233, 28.1617059], [85.3389198, 28.1616786], [85.338918, 28.1616611], [85.3389368, 28.1616575], [85.3389432, 28.1616442], [85.3389525, 28.1616231], [85.3389523, 28.1616228], [85.3389373, 28.1616225], [85.3389259, 28.1616216], [85.338911, 28.1616181], [85.3389101, 28.1616014], [85.3389181, 28.1615944], [85.3389038, 28.1615887], [85.3388916, 28.1615715], [85.3388741, 28.1615786], [85.3388382, 28.161554], [85.3388145, 28.1615391], [85.3388058, 28.1615389], [85.3387867, 28.1615377], [85.3387414, 28.161514], [85.3387, 28.1614865], [85.3386724, 28.1614668], [85.3386429, 28.1614431], [85.338635, 28.1614077], [85.3386324, 28.1613652], [85.3386409, 28.1613131], [85.3386291, 28.1612737], [85.3385857, 28.1612481], [85.3385483, 28.1612284], [85.3385267, 28.1612067], [85.338503, 28.1611811], [85.3384774, 28.1611378], [85.3384557, 28.1610885], [85.3384262, 28.1610551], [85.3383494, 28.1609684], [85.3383238, 28.1609408], [85.338308, 28.1608994], [85.3382765, 28.160862], [85.3382765, 28.1608226], [85.3382647, 28.1607891], [85.3382351, 28.1607261], [85.3382075, 28.160667], [85.3381701, 28.1606118], [85.3381425, 28.1605902], [85.3381248, 28.1605468], [85.3381228, 28.1605074], [85.3381268, 28.1604621], [85.3381307, 28.1604188], [85.3381373, 28.1603781], [85.3381176, 28.1603621], [85.3381026, 28.1603428], [85.3380991, 28.1603059], [85.3380965, 28.1602866], [85.3380991, 28.1602638], [85.3381, 28.1602541], [85.3381116, 28.1602414], [85.3381071, 28.1602179], [85.338071, 28.1602173], [85.3380509, 28.1602111], [85.3380298, 28.1602023], [85.3380175, 28.1601813], [85.3380078, 28.1601672], [85.3380026, 28.1601567], [85.3380105, 28.1601374], [85.3380149, 28.1601216], [85.3380263, 28.1601154], [85.33805, 28.1601163], [85.3380724, 28.1601167], [85.3380598, 28.1600957], [85.3380283, 28.1600524], [85.3380165, 28.160015], [85.3380204, 28.1599835], [85.3380169, 28.1599771], [85.3380026, 28.1599803], [85.3379894, 28.1599987], [85.337971, 28.1599917], [85.3379473, 28.159975], [85.3379341, 28.1599618], [85.3379201, 28.1599662], [85.3379078, 28.1599908], [85.3378929, 28.159982], [85.3378736, 28.1599636], [85.3378727, 28.1599401], [85.3378471, 28.1599283], [85.3378037, 28.1599007], [85.3377722, 28.1598929], [85.337749, 28.1599055], [85.3377163, 28.1599043], [85.337681, 28.1598955], [85.3376621, 28.1598841], [85.3376368, 28.1598602], [85.3376129, 28.1598526], [85.3375864, 28.1598425], [85.3375461, 28.1598249], [85.3375259, 28.1598059], [85.3374969, 28.1597858], [85.337478, 28.1597656], [85.3374755, 28.1597492], [85.3374742, 28.1597227], [85.3374666, 28.1596963], [85.3374503, 28.1596673], [85.3374153, 28.1595991], [85.3374048, 28.159591], [85.3373919, 28.159583], [85.3373847, 28.1595668], [85.3373822, 28.1595555], [85.3373758, 28.1595378], [85.3373717, 28.1595265], [85.3373637, 28.1595184], [85.3373451, 28.1595095], [85.3373258, 28.1595015], [85.3373112, 28.1595071], [85.3372975, 28.1595192], [85.3372862, 28.1595273], [85.3372717, 28.1595241], [85.3372556, 28.1595095], [85.337241, 28.1594886], [85.3371967, 28.1594531], [85.3371765, 28.1594329], [85.3371628, 28.1594208], [85.3371434, 28.1594184], [85.3371321, 28.159428], [85.3371144, 28.1594256], [85.3371031, 28.1594143], [85.3370893, 28.1593933], [85.33707, 28.1593724], [85.3370175, 28.1593457], [85.3369974, 28.1593296], [85.3369877, 28.1593135], [85.3369885, 28.1592998], [85.3369982, 28.1592909], [85.3370135, 28.1592901], [85.33702, 28.1592804], [85.3369762, 28.1592638], [85.3369672, 28.159262], [85.3369546, 28.1592683], [85.3369361, 28.1592773], [85.3369266, 28.159288], [85.3369108, 28.1592992], [85.3369002, 28.1593071], [85.336894, 28.1593133], [85.3368878, 28.1593245], [85.3368839, 28.1593386], [85.3368737, 28.1593504], [85.336858, 28.1593515], [85.3368496, 28.1593391], [85.3368591, 28.1593228], [85.3368693, 28.1593122], [85.3368822, 28.1593004], [85.3368957, 28.1592908], [85.3369058, 28.1592835], [85.3369014, 28.1592727], [85.3368779, 28.1592853], [85.3368577, 28.1592966], [85.3368287, 28.1593042], [85.3368086, 28.1593004], [85.3367934, 28.1592878], [85.3367745, 28.1592638], [85.3367506, 28.1592487], [85.3367342, 28.1592399], [85.3367039, 28.1592336], [85.3366762, 28.1592336], [85.3366585, 28.1592223], [85.3366396, 28.1592147], [85.3366346, 28.1592008], [85.3366258, 28.1591781], [85.3366258, 28.159158], [85.3366258, 28.1591353], [85.3366232, 28.1591176], [85.3366144, 28.1591063], [85.3366043, 28.159071], [85.3365993, 28.1590508], [85.3365804, 28.1590306], [85.336556, 28.1590198], [85.3365455, 28.1590246], [85.3365391, 28.1590327], [85.3365229, 28.1590504], [85.3365084, 28.1590513], [85.3364955, 28.159048], [85.336485, 28.1590375], [85.336477, 28.1590303], [85.3364584, 28.159027], [85.3364479, 28.1590206], [85.3364423, 28.1590085], [85.3364414, 28.1589932], [85.3364447, 28.1589681], [85.3364608, 28.1589415], [85.3364689, 28.1589133], [85.3364786, 28.1588866], [85.336489, 28.1588633], [85.336506, 28.1588423], [85.3365202, 28.1588311], [85.3365175, 28.1588085], [85.3365333, 28.1587831], [85.336564, 28.1587769], [85.3365833, 28.1587673], [85.3365912, 28.158755], [85.3365886, 28.1587225], [85.3366026, 28.1586944], [85.3366246, 28.1586857], [85.3366448, 28.1586778], [85.3366698, 28.1586696], [85.3366787, 28.1586575], [85.3366825, 28.1586272], [85.3366951, 28.1585906], [85.3367178, 28.1585642], [85.3367556, 28.1585339], [85.336769, 28.1585349], [85.3367803, 28.1585236], [85.3367949, 28.1585066], [85.3367973, 28.1584889], [85.3367965, 28.1584711], [85.3367932, 28.1584574], [85.3367924, 28.1584461], [85.3367973, 28.1584356], [85.3368037, 28.1584243], [85.3368182, 28.1584122], [85.3368279, 28.1583945], [85.3368271, 28.1583767], [85.3368247, 28.1583557], [85.3368279, 28.1583364], [85.3368247, 28.1583194], [85.3368303, 28.1583089], [85.3368473, 28.1582928], [85.3368618, 28.1582839], [85.3368739, 28.158263], [85.3368796, 28.1582541], [85.3368973, 28.1582492], [85.3369118, 28.1582533], [85.336923, 28.1582556], [85.3369414, 28.1582521], [85.3369458, 28.1582415], [85.3369485, 28.1582319], [85.3369505, 28.1582144], [85.3369449, 28.1582065], [85.3369377, 28.1581799], [85.3369425, 28.1581605], [85.3369562, 28.1581347], [85.3369659, 28.1581201], [85.3369772, 28.1581048], [85.3369893, 28.1580976], [85.3370167, 28.1580814], [85.3370337, 28.1580685], [85.3370369, 28.1580596], [85.3370369, 28.1580467], [85.3370321, 28.1580298], [85.3370337, 28.1580096], [85.3370361, 28.1579959], [85.3370522, 28.157987], [85.3370668, 28.1579798], [85.3370819, 28.157973], [85.3370766, 28.1579642], [85.3370766, 28.1579466], [85.337088, 28.1579308], [85.3371021, 28.1579238], [85.3371266, 28.1579168], [85.3371292, 28.1579159], [85.3371591, 28.1579174], [85.3371805, 28.1579151], [85.33719, 28.157905], [85.3371965, 28.1578927], [85.3372164, 28.1578623], [85.337231, 28.1578494], [85.3372479, 28.1578472], [85.3372636, 28.1578415], [85.3372772, 28.1578408], [85.3372881, 28.1578308], [85.3373241, 28.1578237], [85.3373426, 28.1578185], [85.3373636, 28.1578071], [85.3373838, 28.1577886], [85.3374076, 28.1577853], [85.3374105, 28.1577789], [85.3374161, 28.1577676], [85.337421, 28.157749], [85.3374218, 28.1577329], [85.3374234, 28.1577127], [85.3374444, 28.1576909], [85.3374597, 28.1576723], [85.3374702, 28.1576546], [85.3375057, 28.1576344], [85.3375133, 28.1576275], [85.3375231, 28.1576197], [85.337522, 28.1576023], [85.3375428, 28.1575837], [85.3375495, 28.1575775], [85.3375579, 28.1575674], [85.337563, 28.1575584], [85.3375675, 28.1575506], [85.3375731, 28.1575461], [85.3375792, 28.1575425], [85.3372782, 28.1572923], [85.337241, 28.1573236], [85.3372233, 28.1573388], [85.3372006, 28.1573577], [85.3371767, 28.1573879], [85.3371628, 28.1574094], [85.3371401, 28.157427], [85.3371048, 28.157451], [85.3370771, 28.1574598], [85.3370531, 28.1574787], [85.337033, 28.1574926], [85.3370103, 28.1575039], [85.3369825, 28.1575153], [85.3369561, 28.1575241], [85.3369233, 28.157543], [85.336893, 28.157567], [85.3368527, 28.1576111], [85.33683, 28.1576376], [85.3367922, 28.1576943], [85.3367808, 28.1577119], [85.3367758, 28.1577447], [85.3367821, 28.1577699], [85.3367884, 28.1577888], [85.336796, 28.1578166], [85.3367934, 28.157838], [85.3367783, 28.1578594], [85.3367607, 28.1578771], [85.3367304, 28.1578796], [85.3367153, 28.157867], [85.3366913, 28.1578683], [85.3366724, 28.1578733], [85.3366485, 28.157867], [85.3366336, 28.157858], [85.3366157, 28.1578431], [85.3366018, 28.1578557], [85.3365854, 28.1578557], [85.3365602, 28.1578468], [85.3365451, 28.1578368], [85.3365312, 28.1578279], [85.3365085, 28.1578204], [85.3364871, 28.1578342], [85.3364606, 28.1578443], [85.3364329, 28.1578582], [85.3363979, 28.1578813], [85.3363761, 28.1578886], [85.3363592, 28.1578926], [85.3363382, 28.1579055], [85.3363261, 28.1579128], [85.3363107, 28.1579176], [85.3362986, 28.1579249], [85.3362906, 28.1579354], [85.3362801, 28.1579475], [85.3362559, 28.1579652], [85.3361873, 28.1580136], [85.3361647, 28.1580274], [85.3361405, 28.1580395], [85.3361195, 28.1580475], [85.3360985, 28.1580491], [85.3360808, 28.1580427], [85.3360711, 28.1580395], [85.3360671, 28.1580483], [85.3360748, 28.1580599], [85.3360559, 28.1580674], [85.336032, 28.1580775], [85.3360131, 28.1580775], [85.3359954, 28.1580851], [85.3359828, 28.1581015], [85.3359727, 28.1581229], [85.3359563, 28.1581343], [85.3359336, 28.1581406], [85.3359198, 28.1581368], [85.3359072, 28.1581254], [85.3358857, 28.1581116], [85.3358466, 28.1581128], [85.3358177, 28.1581217], [85.3358214, 28.1581431], [85.3358341, 28.1581973], [85.3358101, 28.1582061], [85.3357672, 28.1582187], [85.3357433, 28.1582175], [85.3357319, 28.1581973], [85.335737, 28.1581696], [85.3357408, 28.1581507], [85.3357345, 28.1581355], [85.3357244, 28.1581179], [85.3357206, 28.1580889], [85.3357143, 28.158075], [85.335708, 28.1580561], [85.3357055, 28.1580422], [85.3356941, 28.1580158], [85.3356828, 28.1580019], [85.3356613, 28.1579943], [85.3356424, 28.1579893], [85.3356197, 28.1579843], [85.3355907, 28.1579729], [85.335563, 28.1579742], [85.3355529, 28.1579893], [85.3355365, 28.1579994], [85.3355025, 28.1579956], [85.3354823, 28.1580006], [85.3354495, 28.1580057], [85.335418, 28.1580107], [85.335389, 28.1580183], [85.3353663, 28.1580221], [85.3353373, 28.1580183], [85.3353134, 28.1580044], [85.3352982, 28.1579855], [85.3352857, 28.1579653], [85.3352705, 28.1579275], [85.3352667, 28.1578998], [85.335268, 28.1578695], [85.3352617, 28.1578569], [85.3352377, 28.1578405], [85.3352226, 28.1578304], [85.3352037, 28.1578304], [85.3351873, 28.1578204], [85.3351709, 28.1578077], [85.3351596, 28.1577914], [85.3351507, 28.1577674], [85.3351306, 28.1577498], [85.3351129, 28.1577397], [85.335094, 28.1577359], [85.3350638, 28.1577397], [85.3350474, 28.1577422], [85.3350285, 28.1577498], [85.3350133, 28.1577725], [85.3349798, 28.1577869], [85.3349525, 28.1577913], [85.3349322, 28.1577823], [85.3349087, 28.1578036], [85.3348981, 28.1578097], [85.3348858, 28.1578047], [85.3348772, 28.1578103], [85.3348507, 28.1578191], [85.3348192, 28.1578304], [85.3347952, 28.1578304], [85.3347789, 28.1578304], [85.3347599, 28.1578216], [85.334736, 28.1578115], [85.3347095, 28.1577951], [85.3346969, 28.1577838], [85.3346805, 28.157775], [85.3346566, 28.1577687], [85.3346349, 28.1577766], [85.3345351, 28.1576871], [85.3345212, 28.1576885], [85.334501, 28.1576893], [85.3344808, 28.1576901], [85.3344655, 28.1576949], [85.3344437, 28.1577038], [85.3344252, 28.1577071], [85.3344074, 28.1577006], [85.3343945, 28.1576909], [85.3343735, 28.1576723], [85.334363, 28.1576611], [85.3343509, 28.157653], [85.3343332, 28.1576489], [85.334317, 28.1576586], [85.3342944, 28.1576853], [85.3342767, 28.157703], [85.3342541, 28.1577151], [85.3342412, 28.1577183], [85.3342154, 28.1577167], [85.3341887, 28.157707], [85.3341766, 28.1576949], [85.3341678, 28.1576772], [85.334167, 28.1576611], [85.3341678, 28.1576441], [85.3341573, 28.1576231], [85.3341359, 28.1576], [85.3341103, 28.1575763], [85.3340748, 28.1575606], [85.3340453, 28.1575488], [85.3340197, 28.1575369], [85.3339862, 28.1575094], [85.3339685, 28.1574916], [85.3339666, 28.1574889], [85.3339426, 28.1574871], [85.3339409, 28.1574725], [85.3339308, 28.1574663], [85.3339095, 28.1574753], [85.3339044, 28.1574804], [85.3338909, 28.1574882], [85.333878, 28.1574804], [85.3338685, 28.1574759], [85.3338516, 28.1574815], [85.3338454, 28.1574876], [85.333837, 28.1574978], [85.3338196, 28.1575056], [85.3338095, 28.1574983], [85.3338129, 28.1574888], [85.3338179, 28.1574804], [85.3338179, 28.1574719], [85.3338157, 28.1574579], [85.3338157, 28.1574461], [85.3338127, 28.1574277], [85.3337892, 28.1574168], [85.3337734, 28.1573912], [85.3337675, 28.1573518], [85.3337459, 28.1572907], [85.333712, 28.1572466], [85.3336781, 28.1572097], [85.3336504, 28.1571512], [85.3336166, 28.1571143], [85.3335673, 28.1570958], [85.3335335, 28.1570774], [85.333475, 28.1570712], [85.3334227, 28.1570743], [85.3333704, 28.1570743], [85.3333396, 28.1570589], [85.333275, 28.1570343], [85.3332473, 28.1570035], [85.3332288, 28.1569789], [85.3331795, 28.1569327], [85.3331549, 28.1569019], [85.333118, 28.1568588], [85.3330441, 28.1568127], [85.3329518, 28.1567665], [85.3328625, 28.1567111], [85.3328071, 28.1566772], [85.3327517, 28.1566372], [85.3327086, 28.1565941], [85.332644, 28.1565203], [85.3325609, 28.1564279], [85.3325332, 28.1563971], [85.3324993, 28.1563725], [85.3324778, 28.1563417], [85.332447, 28.1562956], [85.3324131, 28.1562309], [85.3323916, 28.1561879], [85.3323824, 28.1560801], [85.3323547, 28.1560155], [85.332327, 28.1559878], [85.332287, 28.1559632], [85.3322346, 28.1559478], [85.3321608, 28.1559447], [85.3320992, 28.1559262], [85.3320567, 28.155923], [85.3320447, 28.155956], [85.3320157, 28.1559498], [85.3320026, 28.1559411], [85.3319721, 28.1559204], [85.3319625, 28.1559205], [85.3319486, 28.1559205], [85.3319259, 28.1559091], [85.3319045, 28.1558991], [85.3318553, 28.1558902], [85.331825, 28.1558839], [85.3318074, 28.1558827], [85.3317872, 28.1558814], [85.3317696, 28.1558764], [85.3317595, 28.1558675], [85.3317305, 28.1558474], [85.3316977, 28.1558209], [85.3316633, 28.1557924], [85.3316561, 28.1557763], [85.3316512, 28.1557585], [85.3316448, 28.1557424], [85.3316399, 28.1557295], [85.3316327, 28.1557069], [85.3316198, 28.1556843], [85.3315963, 28.1556657], [85.3315744, 28.1556395], [85.3315573, 28.1556323], [85.3315439, 28.1556302], [85.331531, 28.1556287], [85.3315031, 28.1556302], [85.3314939, 28.155631], [85.3314716, 28.1556084], [85.3314698, 28.155597], [85.3314687, 28.1555801], [85.3314656, 28.1555778], [85.3314519, 28.1555641], [85.3314431, 28.1555624], [85.3314221, 28.1555544], [85.3314067, 28.1555495], [85.3313825, 28.1555415], [85.3313632, 28.1555253], [85.3313503, 28.1555189], [85.3313349, 28.15551], [85.3313123, 28.1555084], [85.3312833, 28.1555027], [85.3312526, 28.1554874], [85.3312405, 28.155481], [85.331222, 28.1554697], [85.3312099, 28.1554664], [85.331198, 28.1554789], [85.3311924, 28.1554901], [85.3311873, 28.1555036], [85.3311817, 28.1555092], [85.3311772, 28.1555143], [85.3311625, 28.1555175], [85.331159, 28.1555237], [85.3311569, 28.1555274], [85.3311604, 28.1555463], [85.331157, 28.155553], [85.3311508, 28.1555592], [85.3311396, 28.1555632], [85.3311196, 28.1555626], [85.3311026, 28.1555705], [85.33108, 28.1555737], [85.3310558, 28.1555721], [85.3310348, 28.1555657], [85.3310275, 28.155556], [85.3310162, 28.155531], [85.3310106, 28.1555108], [85.3309953, 28.1555019], [85.3309598, 28.1554632], [85.3309444, 28.1554495], [85.3309364, 28.1554366], [85.3309283, 28.1554148], [85.3309275, 28.155397], [85.3309178, 28.1553769], [85.3309017, 28.1553656], [85.3308863, 28.155364], [85.330875, 28.1553736], [85.3308573, 28.1553866], [85.3308468, 28.1553809], [85.3308363, 28.1553728], [85.3308234, 28.1553535], [85.3308113, 28.1553373], [85.3308008, 28.1553164], [85.3307822, 28.1553018], [85.3307621, 28.1553018], [85.3307467, 28.1553018], [85.3307258, 28.1553035], [85.3307056, 28.1553043], [85.330693, 28.1553053], [85.3306868, 28.1553031], [85.3306878, 28.1552954], [85.3306798, 28.1552825], [85.3306642, 28.1552663], [85.3306458, 28.1552649], [85.3306362, 28.1552626], [85.3306267, 28.1552559], [85.3306155, 28.1552469], [85.3306155, 28.1552385], [85.3306194, 28.1552278], [85.330628, 28.1552241], [85.3306281, 28.1552204], [85.330641, 28.1552091], [85.3306628, 28.1551994], [85.3306652, 28.1551889], [85.3306556, 28.1551752], [85.3306378, 28.1551752], [85.330616, 28.15518], [85.3306015, 28.1551921], [85.3305846, 28.1552107], [85.3305531, 28.1552268], [85.3305354, 28.1552429], [85.330524, 28.1552454], [85.3305047, 28.1552397], [85.3304974, 28.1552325], [85.3304724, 28.1552349], [85.3304498, 28.1552421], [85.3304337, 28.1552381], [85.3304224, 28.1552325], [85.3304176, 28.1552212], [85.3304151, 28.1552091], [85.3304079, 28.1551897], [85.3303942, 28.1551719], [85.3303845, 28.1551687], [85.3303772, 28.155176], [85.3303667, 28.1551703], [85.330357, 28.1551582], [85.3303627, 28.1551429], [85.3303627, 28.1551332], [85.3303627, 28.1551243], [85.3303595, 28.1551155], [85.3303457, 28.1551017], [85.3303304, 28.1550937], [85.3303207, 28.15508], [85.3303085, 28.1550549], [85.3303006, 28.1550234], [85.3302691, 28.1549936], [85.3302586, 28.1549823], [85.3302457, 28.1549686], [85.3302263, 28.1549565], [85.330211, 28.1549428], [85.3301949, 28.1549234], [85.3301731, 28.1549073], [85.3301626, 28.154896], [85.3301456, 28.1548855], [85.3301319, 28.1548734], [85.3301085, 28.1548597], [85.3300948, 28.1548565], [85.3300873, 28.1548553], [85.3300717, 28.154866], [85.3300577, 28.154875], [85.3300453, 28.1548672], [85.3300369, 28.154857], [85.3300313, 28.1548441], [85.3300256, 28.1548335], [85.3300184, 28.1548267], [85.3300094, 28.15482], [85.3300082, 28.1548099], [85.3300155, 28.1548059], [85.330039, 28.1548049], [85.3300351, 28.1548], [85.3300367, 28.1547911], [85.3300399, 28.1547766], [85.3300399, 28.1547645], [85.3300359, 28.1547548], [85.3300319, 28.1547475], [85.3300246, 28.1547435], [85.3300149, 28.1547362], [85.3300012, 28.1547274], [85.3299859, 28.1547145], [85.329977, 28.1547032], [85.3299617, 28.1546935], [85.3299496, 28.154687], [85.3299334, 28.1546846], [85.3299141, 28.1546806], [85.3298947, 28.1546741], [85.329881, 28.154666], [85.3298633, 28.1546394], [85.3298398, 28.1545926], [85.3298318, 28.1545829], [85.3298229, 28.1545733], [85.3298068, 28.1545644], [85.3297979, 28.1545604], [85.3297866, 28.1545536], [85.329767, 28.1545578], [85.3297864, 28.1546412], [85.3297135, 28.1546008], [85.3296924, 28.1545797], [85.3296802, 28.1545552], [85.3296784, 28.1545271], [85.329681, 28.1545051], [85.3296758, 28.1544867], [85.3296635, 28.154463], [85.3296582, 28.1544516], [85.3296433, 28.1544209], [85.3296407, 28.1544121], [85.3296284, 28.1543884], [85.3296091, 28.1543849], [85.3295801, 28.1543787], [85.3295599, 28.1543849], [85.3295581, 28.1543735], [85.3295652, 28.1543603], [85.3295634, 28.1543419], [85.3295765, 28.1543259], [85.329547, 28.1543106], [85.3295344, 28.1542904], [85.3295205, 28.1542627], [85.3295041, 28.1542186], [85.3294928, 28.1541845], [85.3294814, 28.1541719], [85.3294663, 28.1541543], [85.3294562, 28.1541379], [85.3294461, 28.1541215], [85.329436, 28.1540975], [85.3294335, 28.1540824], [85.3294285, 28.1540685], [85.3294171, 28.1540534], [85.3294007, 28.1540307], [85.3293869, 28.1540199], [85.3293703, 28.1540224], [85.3293545, 28.1540189], [85.3293457, 28.1540048], [85.3293489, 28.1539891], [85.3293427, 28.1539841], [85.329315, 28.1539525], [85.3292797, 28.1539248], [85.3292709, 28.1539135], [85.329257, 28.1538946], [85.3292469, 28.1538807], [85.329233, 28.1538656], [85.3292104, 28.1538542], [85.3291839, 28.1538303], [85.3291461, 28.1537811], [85.329107, 28.1537244], [85.3290616, 28.1536676], [85.3290217, 28.1536268], [85.3288778, 28.1534929], [85.3288061, 28.1534356], [85.3287325, 28.1533868], [85.3286378, 28.1533137], [85.3285331, 28.1532549], [85.3284786, 28.1532362], [85.3284327, 28.1532161], [85.3283839, 28.153186], [85.328328, 28.1531416], [85.3283007, 28.1531086], [85.328262, 28.1530555], [85.3282319, 28.1530139], [85.3281645, 28.1529321], [85.328153, 28.1529135], [85.3281372, 28.1528948], [85.3281257, 28.152869], [85.3281157, 28.1528475], [85.3281057, 28.1528203], [85.3280985, 28.1528073], [85.328077, 28.152783], [85.3280512, 28.15276], [85.3280325, 28.1527471], [85.3280053, 28.1527414], [85.3279895, 28.1527342], [85.3279651, 28.1527127], [85.3279479, 28.1526969], [85.3279192, 28.1526725], [85.3278876, 28.1526467], [85.3278733, 28.1526252], [85.3278575, 28.152585], [85.3278374, 28.1525463], [85.3278245, 28.1525176], [85.3278274, 28.1524961], [85.3278274, 28.1524746], [85.3278164, 28.1524416], [85.3278118, 28.1524306], [85.3277962, 28.1524232], [85.3277787, 28.1524251], [85.327754, 28.1524251], [85.3277328, 28.1524296], [85.3277218, 28.1524407], [85.3277062, 28.152448], [85.3276952, 28.1524563], [85.3276787, 28.1524627], [85.3276612, 28.1524609], [85.3276117, 28.1524471], [85.3275915, 28.1524306], [85.3275805, 28.1524196], [85.3275667, 28.152403], [85.3275593, 28.1523892], [85.3275437, 28.1523764], [85.3275254, 28.1523746], [85.3274997, 28.1523727], [85.3274804, 28.1523727], [85.3274556, 28.15237], [85.3274207, 28.1523516], [85.3274042, 28.1523424], [85.3273895, 28.1523305], [85.3273785, 28.152314], [85.3273666, 28.1522965], [85.327361, 28.1522828], [85.32735, 28.1522515], [85.3273308, 28.1522148], [85.3273271, 28.1522001], [85.3273216, 28.1521781], [85.3273161, 28.1521588], [85.3273077, 28.1521491], [85.3272862, 28.152152], [85.3272478, 28.1521287], [85.3272135, 28.1521067], [85.3271943, 28.1520958], [85.3271833, 28.152067], [85.3271861, 28.1520423], [85.3272149, 28.1520176], [85.3272451, 28.1519943], [85.3272743, 28.1519653], [85.3272828, 28.151956], [85.3273424, 28.15196], [85.327374, 28.1519669], [85.327411, 28.1519572], [85.3273808, 28.1519298], [85.327352, 28.1518997], [85.3273479, 28.151875], [85.3273465, 28.1518379], [85.3273301, 28.1518009], [85.3273013, 28.1517831], [85.3272752, 28.1517941], [85.3272752, 28.151816], [85.3272627, 28.1518363], [85.3272536, 28.1518256], [85.3272417, 28.1518183], [85.3272243, 28.1518072], [85.3272068, 28.1517999], [85.3271931, 28.1517981], [85.3271747, 28.1517971], [85.3271655, 28.1517926], [85.3271572, 28.1517843], [85.3271508, 28.1517705], [85.3271426, 28.1517586], [85.3271316, 28.1517301], [85.3271241, 28.1517103], [85.3271137, 28.1517019], [85.3271074, 28.1516873], [85.3271011, 28.1516727], [85.3270928, 28.151656], [85.3270698, 28.1516497], [85.327051, 28.1516434], [85.3270332, 28.151634], [85.3270238, 28.1516257], [85.3270029, 28.1516215], [85.3269873, 28.1516204], [85.3269601, 28.1516152], [85.3269319, 28.15161], [85.3269131, 28.1516006], [85.3268588, 28.1515755], [85.3268494, 28.1515661], [85.326839, 28.1515578], [85.3268296, 28.1515421], [85.3268337, 28.1515233], [85.3268285, 28.1515035], [85.3268243, 28.1514867], [85.3268118, 28.1514774], [85.3267951, 28.1514659], [85.3267815, 28.151445], [85.3267742, 28.151423], [85.3267721, 28.1514021], [85.3267867, 28.1513823], [85.3268014, 28.1513802], [85.3268191, 28.1513698], [85.3268285, 28.151352], [85.3268149, 28.1513447], [85.3268045, 28.1513353], [85.3267941, 28.1513248], [85.3267794, 28.1513196], [85.3267585, 28.1513165], [85.3267481, 28.1513134], [85.3267251, 28.1512998], [85.3267053, 28.1512914], [85.3266896, 28.1512914], [85.3266666, 28.1512925], [85.3266405, 28.1512904], [85.3266217, 28.151282], [85.3266092, 28.1512716], [85.3266008, 28.1512601], [85.3265998, 28.1512486], [85.3265998, 28.1512361], [85.326606, 28.1512225], [85.326604, 28.1512047], [85.3266029, 28.1511943], [85.3265956, 28.1511755], [85.3265872, 28.1511651], [85.3265831, 28.1511515], [85.3265684, 28.1511462], [85.3265382, 28.1511462], [85.3265214, 28.1511494], [85.3265058, 28.1511483], [85.3264838, 28.151141], [85.3264724, 28.1511316], [85.3264682, 28.1511191], [85.3264588, 28.1511024], [85.32644, 28.1510909], [85.3264149, 28.1511034], [85.326394, 28.1511045], [85.3263763, 28.1511024], [85.3263616, 28.1510898], [85.3263512, 28.1510763], [85.3263313, 28.1510658], [85.3263031, 28.1510606], [85.3262843, 28.1510637], [85.3262634, 28.1510784], [85.3262488, 28.1510836], [85.3262384, 28.1510794], [85.3262238, 28.1510648], [85.3262165, 28.1510512], [85.3262165, 28.1510397], [85.3262269, 28.151023], [85.3262436, 28.1510146], [85.3262655, 28.150999], [85.3262823, 28.1509885], [85.3263021, 28.1509823], [85.3263178, 28.1509666], [85.326323, 28.1509551], [85.3263219, 28.1509415], [85.3263084, 28.1509175], [85.3262906, 28.1508966], [85.3262603, 28.1508788], [85.3262384, 28.150859], [85.3262227, 28.15086], [85.3262018, 28.15086], [85.326182, 28.1508569], [85.3261632, 28.1508475], [85.3261611, 28.1508318], [85.3261736, 28.1508214], [85.3261799, 28.1508099], [85.3261684, 28.1507995], [85.326159, 28.1507849], [85.3261423, 28.1507681], [85.3261235, 28.150742], [85.3261193, 28.1507316], [85.326113, 28.150717], [85.3261047, 28.1507096], [85.3260786, 28.1506961], [85.3260608, 28.1506919], [85.326042, 28.1506909], [85.3260264, 28.1506877], [85.3260075, 28.1506862], [85.3259984, 28.1506977], [85.3259811, 28.1506972], [85.3259559, 28.1506848], [85.3259391, 28.1506784], [85.3259293, 28.1506705], [85.3259199, 28.1506661], [85.3259095, 28.1506542], [85.3259041, 28.1506379], [85.3258977, 28.1506187], [85.3258903, 28.1506024], [85.3258774, 28.1505896], [85.325868, 28.1505757], [85.3258641, 28.150557], [85.325869, 28.1505347], [85.3258884, 28.1505265], [85.3258937, 28.1505081], [85.3259156, 28.1504882], [85.3259156, 28.1504778], [85.3259073, 28.1504684], [85.3258968, 28.150459], [85.3258874, 28.1504485], [85.325878, 28.150435], [85.3258749, 28.1504203], [85.3258749, 28.1503953], [85.3258655, 28.1503838], [85.3258561, 28.1503681], [85.3258477, 28.1503608], [85.3258342, 28.1503493], [85.3258175, 28.1503389], [85.3258039, 28.1503336], [85.3257851, 28.1503263], [85.3257704, 28.1503148], [85.3257485, 28.1502992], [85.3257245, 28.1502866], [85.3257099, 28.1502824], [85.3256942, 28.1502678], [85.3256858, 28.1502501], [85.3256775, 28.1502313], [85.3256702, 28.1502219], [85.3256535, 28.1502177], [85.3256378, 28.1502125], [85.3256274, 28.1502073], [85.3256075, 28.1501905], [85.325596, 28.1501832], [85.3255783, 28.150178], [85.3255605, 28.1501697], [85.3255417, 28.1501571], [85.3255334, 28.1501446], [85.3255187, 28.1501383], [85.3254926, 28.150132], [85.3254696, 28.1501425], [85.325455, 28.1501571], [85.3254362, 28.1501613], [85.3254143, 28.1501582], [85.3254059, 28.1501498], [85.3253986, 28.1501414], [85.3253997, 28.1501299], [85.3254091, 28.1501185], [85.3254206, 28.1501111], [85.3254206, 28.1500903], [85.325407, 28.150083], [85.3253934, 28.150083], [85.3253777, 28.150084], [85.3253621, 28.150084], [85.3253464, 28.1500798], [85.3253192, 28.1500715], [85.3253046, 28.1500683], [85.3252962, 28.1500589], [85.3252858, 28.1500527], [85.3252743, 28.1500433], [85.3252618, 28.1500265], [85.3252409, 28.1500245], [85.3252263, 28.1500286], [85.3252075, 28.1500265], [85.3251866, 28.1500171], [85.3251741, 28.1500067], [85.3251688, 28.1499952], [85.3251636, 28.1499806], [85.3251469, 28.1499743], [85.3251145, 28.1499764], [85.325102, 28.1499796], [85.3250759, 28.1499869], [85.3250571, 28.1499994], [85.3250351, 28.1500172], [85.3250174, 28.1500245], [85.3250007, 28.1500349], [85.3249745, 28.1500454], [85.324962, 28.1500547], [85.3249443, 28.1500547], [85.3249318, 28.1500421], [85.3240403, 28.1510903], [85.3240616, 28.1510871], [85.3240758, 28.1510899], [85.3241225, 28.151091], [85.3241391, 28.1510979], [85.3241627, 28.1511007], [85.3241933, 28.1511021], [85.3242071, 28.1510979], [85.324228, 28.1510979], [85.3242627, 28.1511049], [85.3242765, 28.1511076], [85.3243099, 28.1511271], [85.3243307, 28.1511521], [85.3243345, 28.1511572], [85.3243481, 28.1511584], [85.3243577, 28.1511611], [85.3243621, 28.1511619], [85.3243718, 28.1511689], [85.3243823, 28.1511751], [85.3243867, 28.1511891], [85.3243833, 28.1512047], [85.3243959, 28.1512173], [85.3244098, 28.1512506], [85.3244181, 28.1512715], [85.3244154, 28.1512978], [85.324407, 28.151327], [85.3243904, 28.1513409], [85.324382, 28.1513672], [85.3243765, 28.1513811], [85.3243723, 28.1513978], [85.3243585, 28.1514158], [85.3243557, 28.1514325], [85.3243568, 28.1514358], [85.324365, 28.1514416], [85.3243673, 28.1514467], [85.3243698, 28.1514496], [85.3243767, 28.1514538], [85.3243801, 28.1514575], [85.3243843, 28.1514607], [85.3243852, 28.1514667], [85.3243841, 28.1514756], [85.3243837, 28.1514829], [85.3243876, 28.1514908], [85.3243918, 28.151513], [85.3243918, 28.1515408], [85.3243987, 28.1515671], [85.3244073, 28.1515796], [85.3244115, 28.151578], [85.3244204, 28.1515883], [85.3244265, 28.1515951], [85.3244352, 28.1516006], [85.3244477, 28.1516041], [85.3244571, 28.1516009], [85.3244704, 28.151598], [85.3244772, 28.1515916], [85.324484, 28.151588], [85.3244977, 28.151593], [85.3245042, 28.1516016], [85.3245027, 28.151611], [85.3244984, 28.1516149], [85.3244923, 28.1516192], [85.3244887, 28.1516264], [85.3244887, 28.1516451], [85.3244902, 28.1516523], [85.3245045, 28.1516624], [85.3245168, 28.1516595], [85.3245279, 28.1516595], [85.3245347, 28.1516595], [85.3245455, 28.1516635], [85.3245537, 28.1516721], [85.3245681, 28.151674], [85.3245731, 28.1516758], [85.3245869, 28.1516724], [85.3246016, 28.1516825], [85.3246084, 28.1516908], [85.3246214, 28.1517088], [85.3246354, 28.1517188], [85.3246404, 28.1517267], [85.324643, 28.1517328], [85.3246433, 28.1517411], [85.3246433, 28.151748], [85.3246415, 28.1517569], [85.3246386, 28.1517631], [85.3246343, 28.1517674], [85.3246311, 28.1517713], [85.3246289, 28.1517778], [85.3246331, 28.1517904], [85.3246404, 28.1517977], [85.3246487, 28.1517976], [85.3246573, 28.1518001], [85.3246624, 28.1518058], [85.3246566, 28.1518123], [85.324653, 28.1518173], [85.3246545, 28.1518342], [85.3246516, 28.1518432], [85.3246473, 28.1518497], [85.3246385, 28.1518507], [85.3246278, 28.1518479], [85.3246192, 28.1518457], [85.3246091, 28.1518436], [85.3246012, 28.1518364], [85.324594, 28.1518306], [85.3245897, 28.1518213], [85.324594, 28.1518133], [85.3246012, 28.1518097], [85.3246091, 28.1517954], [85.324604, 28.1517889], [85.3245997, 28.1517824], [85.3245875, 28.1517795], [85.3245817, 28.1517875], [85.3245659, 28.1517954], [85.324558, 28.1517961], [85.3245451, 28.151791], [85.3245386, 28.1517817], [85.3245321, 28.1517709], [85.3245314, 28.1517544], [85.324517, 28.1517342], [85.3245048, 28.1517299], [85.3244962, 28.1517335], [85.3244918, 28.1517436], [85.3244897, 28.1517623], [85.3244854, 28.1517752], [85.3244832, 28.1517896], [85.3244832, 28.1518025], [85.3244825, 28.1518162], [85.3244926, 28.1518306], [85.3245019, 28.1518436], [85.3245091, 28.1518558], [85.3245177, 28.1518795], [85.3245206, 28.1518925], [85.3245271, 28.1519076], [85.324535, 28.1519219], [85.3245379, 28.1519306], [85.32454, 28.1519457], [85.3245451, 28.1519579], [85.3245544, 28.1519579], [85.3245695, 28.1519486], [85.3245724, 28.1519363], [85.3245774, 28.1519205], [85.3245861, 28.1519205], [85.3245976, 28.1519212], [85.3246056, 28.1519294], [85.324617, 28.1519335], [85.3246285, 28.1519471], [85.3246407, 28.1519572], [85.3246494, 28.1519601], [85.324658, 28.1519615], [85.3246716, 28.1519536], [85.3246752, 28.151945], [85.3246824, 28.1519378], [85.3246961, 28.1519407], [85.3247047, 28.1519414], [85.3247141, 28.151932], [85.3247249, 28.151932], [85.3247357, 28.1519378], [85.3247414, 28.1519471], [85.3247529, 28.151973], [85.3247538, 28.1519744], [85.3247645, 28.1519784], [85.3247691, 28.151987], [85.3247695, 28.1519967], [85.3247622, 28.151999], [85.3247623, 28.1520011], [85.3247589, 28.1520073], [85.3247619, 28.1520158], [85.3247612, 28.1520248], [85.3247566, 28.1520276], [85.3247512, 28.15203], [85.3247544, 28.1520402], [85.324758, 28.1520456], [85.324758, 28.1520506], [85.3247566, 28.152055], [85.3247533, 28.1520593], [85.3247483, 28.1520647], [85.3247429, 28.1520686], [85.3247353, 28.1520769], [85.3247307, 28.1520812], [85.3247264, 28.1520898], [85.3247228, 28.152092], [85.3247141, 28.1520895], [85.3247105, 28.1520841], [85.324708, 28.1520787], [85.3247073, 28.1520737], [85.3247073, 28.1520697], [85.324708, 28.1520647], [85.3247062, 28.1520607], [85.3246972, 28.1520539], [85.3246938, 28.1520532], [85.3246868, 28.1520636], [85.3246781, 28.1520658], [85.3246666, 28.1520629], [85.3246465, 28.1520413], [85.324631, 28.1520371], [85.3246274, 28.1520377], [85.3246253, 28.1520405], [85.3246242, 28.1520435], [85.324624, 28.1520471], [85.3246245, 28.152052], [85.3246259, 28.1520561], [85.3246276, 28.152062], [85.3246269, 28.1520764], [85.3246132, 28.1520921], [85.3246069, 28.1521041], [85.324598, 28.1521168], [85.3245911, 28.1521269], [85.3245778, 28.1521395], [85.3245715, 28.1521572], [85.3245645, 28.1521724], [85.3245658, 28.1521851], [85.324574, 28.1522002], [85.3245841, 28.152204], [85.3245917, 28.1522078], [85.3245999, 28.1522084], [85.32461, 28.1522078], [85.3246183, 28.152204], [85.3246214, 28.1521977], [85.3246347, 28.1521971], [85.3246379, 28.1522059], [85.3246366, 28.1522148], [85.3246429, 28.152223], [85.3246452, 28.1522236], [85.3246501, 28.15222], [85.324654, 28.1522167], [85.3246604, 28.1522133], [85.324665, 28.1522124], [85.3246696, 28.1522149], [85.3246763, 28.152222], [85.324679, 28.1522269], [85.3246885, 28.1522315], [85.3246968, 28.1522333], [85.3247034, 28.1522361], [85.3247129, 28.1522407], [85.3247202, 28.1522476], [85.324723, 28.1522554], [85.3247292, 28.1522721], [85.3247319, 28.1522751], [85.3247485, 28.1522834], [85.3247652, 28.1522959], [85.3247818, 28.1523084], [85.3247848, 28.1523116], [85.3247915, 28.1523189], [85.3247985, 28.1523265], [85.3248124, 28.1523501], [85.3248277, 28.1523751], [85.3248443, 28.1523917], [85.3248554, 28.1524111], [85.3248786, 28.1524221], [85.3248863, 28.1524146], [85.3249234, 28.1524158], [85.3249341, 28.1524163], [85.3249605, 28.1524264], [85.3249755, 28.1524446], [85.3249804, 28.1524486], [85.3249845, 28.1524625], [85.3249776, 28.1524917], [85.3249776, 28.1525139], [85.3249915, 28.1525278], [85.3250067, 28.1525389], [85.3250206, 28.152543], [85.3250359, 28.1525361], [85.3250498, 28.1525097], [85.3250609, 28.1524833], [85.3251215, 28.1524847], [85.3251341, 28.1524747], [85.3251329, 28.1524747], [85.3251273, 28.1524652], [85.3251228, 28.152459], [85.3251127, 28.1524478], [85.3251105, 28.1524382], [85.3251021, 28.1524292], [85.3251009, 28.1524236], [85.3251049, 28.1524101], [85.3251105, 28.152404], [85.3251251, 28.1523967], [85.3251329, 28.1523938], [85.3251414, 28.152395], [85.3251616, 28.1523983], [85.3251835, 28.1524017], [85.3251936, 28.1524096], [85.3251998, 28.1524202], [85.3252054, 28.1524309], [85.3252093, 28.1524416], [85.3252077, 28.152454], [85.3251992, 28.1524624], [85.3251925, 28.1524697], [85.3251869, 28.1524764], [85.3251818, 28.1524804], [85.3251717, 28.1524708], [85.3251588, 28.1524725], [85.3251577, 28.152482], [85.3251515, 28.1525058], [85.3251566, 28.1525125], [85.325158, 28.1525319], [85.3251483, 28.1525514], [85.3251483, 28.152568], [85.325158, 28.1525916], [85.3251872, 28.1525875], [85.3252025, 28.1525763], [85.325208, 28.1525583], [85.3252177, 28.1525361], [85.3252236, 28.152528], [85.3252402, 28.1525214], [85.3252548, 28.1525202], [85.3252748, 28.1525245], [85.325276, 28.1525264], [85.3252649, 28.15255], [85.3252566, 28.152568], [85.3252497, 28.1525833], [85.3252538, 28.1525972], [85.3252677, 28.1525888], [85.3252899, 28.1525847], [85.3253066, 28.1525944], [85.3253121, 28.152611], [85.3253107, 28.1526249], [85.3253094, 28.1526269], [85.325293, 28.1526309], [85.3252891, 28.1526382], [85.3252897, 28.1526477], [85.3252874, 28.1526562], [85.325288, 28.1526657], [85.3252824, 28.1526713], [85.325288, 28.152682], [85.3253024, 28.1526916], [85.325326, 28.1527124], [85.3253561, 28.1527312], [85.32536, 28.1527417], [85.3253728, 28.1527444], [85.325379, 28.1527621], [85.3253893, 28.1527668], [85.3254226, 28.1527727], [85.3254357, 28.1527799], [85.3254678, 28.1527823], [85.3254892, 28.152787], [85.3254987, 28.1527953], [85.3255094, 28.1528013], [85.3255201, 28.1528167], [85.3255248, 28.152831], [85.3255427, 28.1528381], [85.325555, 28.1528391], [85.3255604, 28.1528292], [85.3255694, 28.1528224], [85.3255795, 28.1528224], [85.3255868, 28.1528241], [85.3255924, 28.1528286], [85.3255951, 28.15284], [85.3255985, 28.1528417], [85.3256163, 28.1528524], [85.3256306, 28.1528619], [85.3256401, 28.152875], [85.3256639, 28.1528928], [85.3256876, 28.1529106], [85.3256995, 28.1529189], [85.3257185, 28.1529237], [85.3257387, 28.1529296], [85.3257518, 28.1529356], [85.3257673, 28.1529403], [85.3257764, 28.1529424], [85.3257795, 28.1529359], [85.3257924, 28.152937], [85.3258093, 28.1529449], [85.3258207, 28.1529547], [85.3258398, 28.152957], [85.3258588, 28.1529641], [85.3258754, 28.15297], [85.3258897, 28.1529807], [85.3258956, 28.15299], [85.3259177, 28.1529932], [85.325916, 28.1530118], [85.3259216, 28.1530325], [85.3259289, 28.1530544], [85.3259514, 28.1530735], [85.3259862, 28.1531011], [85.3259991, 28.1531151], [85.3260115, 28.1531269], [85.3260187, 28.153145], [85.3260287, 28.1531388], [85.3260382, 28.1531245], [85.3260584, 28.1531376], [85.3260715, 28.1531554], [85.3260846, 28.1531661], [85.3260881, 28.1531804], [85.3260964, 28.1531958], [85.3261048, 28.1532077], [85.3261098, 28.1532128], [85.3261281, 28.1532167], [85.3261482, 28.1532307], [85.3261749, 28.1532683], [85.3261939, 28.1532659], [85.3262117, 28.1532636], [85.3262295, 28.1532552], [85.3262486, 28.1532576], [85.3262652, 28.1532743], [85.3262747, 28.1532885], [85.3262925, 28.1533052], [85.326308, 28.1533075], [85.3263085, 28.1533067], [85.3263098, 28.1532926], [85.3263087, 28.1532786], [85.326321, 28.1532612], [85.3263345, 28.1532527], [85.3263778, 28.1532454], [85.3264221, 28.1532584], [85.3264356, 28.1532825], [85.3264452, 28.1532988], [85.3264497, 28.1533134], [85.3264497, 28.1533274], [85.3264401, 28.1533381], [85.3264229, 28.1533346], [85.3264142, 28.1533464], [85.3263963, 28.1533527], [85.3263901, 28.1533606], [85.3263845, 28.1533825], [85.3263959, 28.1534264], [85.32639, 28.1534513], [85.3263893, 28.1534619], [85.3263903, 28.1534676], [85.326394, 28.1534723], [85.3263977, 28.1534756], [85.3264058, 28.1534759], [85.3264074, 28.1534759], [85.3264158, 28.1534756], [85.3264205, 28.1534763], [85.3264282, 28.1534793], [85.3264366, 28.1534843], [85.3264406, 28.1534887], [85.3264463, 28.1534937], [85.3264487, 28.1534977], [85.3264513, 28.1535024], [85.326455, 28.1535054], [85.326459, 28.1535068], [85.3264657, 28.1535044], [85.3264694, 28.1534997], [85.3264741, 28.1534961], [85.3264788, 28.153495], [85.3264855, 28.153494], [85.3264942, 28.1534954], [85.3264979, 28.153496], [85.3265023, 28.1534947], [85.326505, 28.1534883], [85.3265013, 28.153482], [85.3264946, 28.1534816], [85.3264906, 28.153479], [85.3264986, 28.1534696], [85.3265013, 28.1534629], [85.326504, 28.1534558], [85.3265097, 28.1534475], [85.326514, 28.1534438], [85.3265204, 28.1534404], [85.3265328, 28.1534387], [85.3265465, 28.1534421], [85.3265519, 28.1534461], [85.3265579, 28.1534515], [85.3265677, 28.1534676], [85.3265697, 28.1534786], [85.3265682, 28.1534834], [85.3265669, 28.1534893], [85.3265576, 28.1535061], [85.3265546, 28.1535088], [85.3265526, 28.1535125], [85.3265502, 28.1535165], [85.3265492, 28.1535212], [85.3265499, 28.1535256], [85.3265519, 28.1535299], [85.3265546, 28.1535326], [85.3265586, 28.1535343], [85.3265659, 28.1535321], [85.3265811, 28.1535287], [85.3266289, 28.1535179], [85.3266481, 28.1535222], [85.3266628, 28.1535316], [85.3266769, 28.153554], [85.326685, 28.1535664], [85.32669, 28.1535829], [85.3266927, 28.153601], [85.3266907, 28.1536254], [85.3266897, 28.1536422], [85.3266809, 28.1536777], [85.3266716, 28.1537096], [85.3266682, 28.1537263], [85.3266665, 28.1537347], [85.3266665, 28.1537421], [85.326678, 28.1537553], [85.32669, 28.1537595], [85.3266984, 28.1537674], [85.3267058, 28.1537747], [85.3267089, 28.1537815], [85.3267105, 28.1537878], [85.326712, 28.1537935], [85.3267148, 28.1537991], [85.3267144, 28.1538037], [85.3267114, 28.1538077], [85.3267084, 28.1538107], [85.3267045, 28.1538146], [85.3267024, 28.1538184], [85.3267015, 28.1538236], [85.3267024, 28.1538283], [85.3267058, 28.1538346], [85.3267082, 28.1538385], [85.3267121, 28.1538409], [85.326718, 28.1538437], [85.3267386, 28.1538536], [85.3267456, 28.1538566], [85.3267538, 28.1538605], [85.3267668, 28.1538662], [85.3267738, 28.1538696], [85.3267842, 28.1538753], [85.3267916, 28.1538818], [85.3267959, 28.1538892], [85.3267985, 28.1538983], [85.3268037, 28.1539074], [85.3268115, 28.1539117], [85.326824, 28.1539179], [85.3268273, 28.1539231], [85.3268333, 28.1539493], [85.3268297, 28.1539671], [85.3268404, 28.1539837], [85.3268582, 28.1539885], [85.3268784, 28.1539849], [85.3269283, 28.1539754], [85.3269711, 28.153973], [85.3269854, 28.153973], [85.3270016, 28.1539811], [85.3270055, 28.1539929], [85.3270081, 28.1539981], [85.3270124, 28.1540015], [85.3270155, 28.154002], [85.3270233, 28.1540011], [85.3270289, 28.1539995], [85.3270325, 28.1539948], [85.3270341, 28.1539885], [85.3270338, 28.1539832], [85.3270402, 28.1539759], [85.3270467, 28.1539764], [85.3270549, 28.1539794], [85.327058, 28.1539842], [85.3270619, 28.1539885], [85.3270645, 28.1539929], [85.3270667, 28.1539994], [85.327068, 28.1540037], [85.3270745, 28.1540087], [85.3270797, 28.1540137], [85.3270844, 28.1540268], [85.3270973, 28.1540257], [85.3271074, 28.1540218], [85.3271181, 28.1540184], [85.3271282, 28.1540139], [85.327133, 28.1540163], [85.3271413, 28.154018], [85.3271465, 28.1540202], [85.3271526, 28.1540228], [85.3271582, 28.1540245], [85.3271639, 28.1540232], [85.327176, 28.1540163], [85.3271817, 28.1540115], [85.3271964, 28.1540004], [85.3272017, 28.1540004], [85.3272171, 28.1540016], [85.3272302, 28.1540111], [85.3272326, 28.1540253], [85.3272312, 28.1540298], [85.3272355, 28.1540324], [85.3272411, 28.1540386], [85.32724, 28.1540442], [85.3272333, 28.1540515], [85.327226, 28.1540566], [85.327226, 28.1540628], [85.3272288, 28.1540689], [85.3272085, 28.1540796], [85.3272046, 28.1540729], [85.3272024, 28.1540656], [85.3271945, 28.1540583], [85.3271872, 28.1540611], [85.3271788, 28.1540695], [85.3271771, 28.1540759], [85.3271675, 28.1540757], [85.3271619, 28.1540768], [85.3271529, 28.1540762], [85.3271423, 28.1540712], [85.3271479, 28.1540611], [85.3271479, 28.1540532], [85.3271305, 28.1540644], [85.327126, 28.1540684], [85.3271243, 28.1540807], [85.3271333, 28.1540858], [85.3271451, 28.1540892], [85.3271574, 28.1540948], [85.327163, 28.154092], [85.3271757, 28.1540919], [85.327176, 28.1540937], [85.3271838, 28.1540942], [85.3271934, 28.1540981], [85.3272057, 28.1541021], [85.3272147, 28.1540908], [85.3272198, 28.1540835], [85.327239, 28.1540785], [85.3272512, 28.1540622], [85.327267, 28.1540616], [85.3272908, 28.1540673], [85.3273039, 28.1540645], [85.3273264, 28.1540633], [85.327349, 28.1540776], [85.3273526, 28.1540931], [85.3273568, 28.1541055], [85.3273583, 28.1541108], [85.3273545, 28.154118], [85.3273507, 28.1541196], [85.3273458, 28.1541219], [85.3273393, 28.1541245], [85.327337, 28.1541247], [85.3273366, 28.1541324], [85.3273276, 28.1541324], [85.3273158, 28.1541257], [85.3273137, 28.1541245], [85.3272918, 28.1541388], [85.3272905, 28.1541421], [85.3272882, 28.154147], [85.3272877, 28.1541604], [85.3272872, 28.1541721], [85.3272867, 28.1541757], [85.327286, 28.1541801], [85.327286, 28.1541835], [85.3272875, 28.1541887], [85.3272892, 28.154194], [85.3272914, 28.1541999], [85.3272956, 28.1542048], [85.3273051, 28.1542262], [85.3273129, 28.1542277], [85.3273203, 28.1542262], [85.3273316, 28.1542262], [85.3273377, 28.154229], [85.3273445, 28.154242], [85.3273327, 28.154251], [85.3273336, 28.1542559], [85.3273383, 28.1542678], [85.3273657, 28.1542773], [85.3273787, 28.1542915], [85.3273954, 28.1542939], [85.3274051, 28.1542917], [85.3274108, 28.1542751], [85.3274203, 28.1542717], [85.3274271, 28.1542684], [85.3274428, 28.1542566], [85.3274518, 28.1542566], [85.3274574, 28.1542582], [85.3274636, 28.1542639], [85.3274703, 28.1542796], [85.3274631, 28.1542915], [85.3274572, 28.1543117], [85.3274596, 28.1543248], [85.3274702, 28.1543331], [85.3274821, 28.1543331], [85.3274928, 28.1543474], [85.3274964, 28.1543628], [85.3275059, 28.1543783], [85.3275201, 28.154389], [85.3275344, 28.1543937], [85.3275494, 28.1543731], [85.3275573, 28.154368], [85.3275678, 28.1543627], [85.3275737, 28.1543589], [85.3275797, 28.1543548], [85.3275854, 28.154351], [85.3275943, 28.1543478], [85.3276057, 28.1543456], [85.3276177, 28.1543484], [85.3276215, 28.1543519], [85.3276249, 28.1543544], [85.3276303, 28.1543582], [85.3276322, 28.1543614], [85.3276341, 28.1543664], [85.3276363, 28.1543753], [85.3276363, 28.1543794], [85.327635, 28.1543845], [85.3276319, 28.1543908], [85.3276284, 28.1543984], [85.3276221, 28.1544161], [85.3276192, 28.1544246], [85.3276098, 28.1544411], [85.3276093, 28.1544448], [85.3276069, 28.1544603], [85.3276079, 28.1544653], [85.3276175, 28.1544678], [85.3276282, 28.1544728], [85.3276343, 28.154479], [85.3276518, 28.1544874], [85.3276624, 28.1544919], [85.3276725, 28.1545032], [85.3276742, 28.1545088], [85.3276721, 28.1545235], [85.3276806, 28.1545328], [85.3277055, 28.1545458], [85.3277317, 28.1545601], [85.3277531, 28.1545684], [85.3277602, 28.1545661], [85.327768, 28.1545723], [85.3277614, 28.1545827], [85.3277535, 28.1546084], [85.3277459, 28.1546171], [85.3277436, 28.1546314], [85.3277448, 28.1546469], [85.3277626, 28.1546587], [85.3277663, 28.1546641], [85.3277748, 28.1546655], [85.3277793, 28.1546672], [85.3277905, 28.1546706], [85.3278001, 28.1546677], [85.327818, 28.1546677], [85.3278281, 28.1546706], [85.3278321, 28.1546835], [85.327822, 28.1546891], [85.3278164, 28.1546998], [85.3278243, 28.154713], [85.3278303, 28.154717], [85.3278695, 28.1547503], [85.327885, 28.1547776], [85.3278981, 28.1548037], [85.3279028, 28.1548263], [85.3279052, 28.1548501], [85.3279111, 28.1548738], [85.3279206, 28.1548929], [85.3279278, 28.1549071], [85.3279432, 28.1549131], [85.3279484, 28.1549061], [85.3279579, 28.1549076], [85.3279613, 28.1548981], [85.3279613, 28.1548879], [85.3279596, 28.1548761], [85.3279568, 28.1548694], [85.3279568, 28.154861], [85.3279601, 28.1548554], [85.3279675, 28.1548475], [85.3279708, 28.1548413], [85.327971, 28.1548341], [85.3279896, 28.1548334], [85.3280122, 28.1548406], [85.3280122, 28.1548608], [85.3280111, 28.1548905], [85.3280017, 28.1548969], [85.3279972, 28.1549009], [85.3279922, 28.1549093], [85.3279978, 28.1549149], [85.3280169, 28.1549284], [85.3280169, 28.1549356], [85.3280151, 28.1549385], [85.3280152, 28.1549486], [85.3280152, 28.1549627], [85.3280026, 28.1549672], [85.3280074, 28.1549796], [85.3280193, 28.1549915], [85.3280359, 28.1550046], [85.3280537, 28.1550153], [85.3280704, 28.1550307], [85.328093, 28.1550569], [85.3281066, 28.1550737], [85.3280995, 28.1550857], [85.3280922, 28.1551025], [85.3280916, 28.155111], [85.3280916, 28.1551211], [85.3280927, 28.1551312], [85.3280939, 28.1551418], [85.3280944, 28.1551604], [85.3280922, 28.1551716], [85.3280854, 28.1551789], [85.3280821, 28.1551885], [85.3280826, 28.1552087], [85.3280858, 28.1552232], [85.3280989, 28.1552363], [85.3281191, 28.155247], [85.3281215, 28.1552648], [85.3281179, 28.1552779], [85.328106, 28.1552957], [85.328074, 28.1553302], [85.3280371, 28.1553837], [85.3280257, 28.1554024], [85.3280072, 28.1554074], [85.3279914, 28.1554136], [85.3279774, 28.1554048], [85.3279519, 28.1553907], [85.3279361, 28.1554004], [85.3279098, 28.1554065], [85.3278826, 28.1554083], [85.3278642, 28.1553995], [85.3278466, 28.1553741], [85.3278317, 28.1553565], [85.3278106, 28.1553793], [85.3278054, 28.1553839], [85.3277834, 28.1553723], [85.3277667, 28.1553741], [85.327758, 28.155382], [85.3277483, 28.1553811], [85.3277378, 28.1553749], [85.3277123, 28.1553714], [85.3277044, 28.1553863], [85.3276956, 28.1553969], [85.3276886, 28.1553846], [85.3276632, 28.1553855], [85.3276535, 28.1553969], [85.3276316, 28.155403], [85.3276017, 28.1554022], [85.327578, 28.1553916], [85.3275614, 28.1553758], [85.3275438, 28.1553767], [85.3275412, 28.1554004], [85.3275552, 28.1554241], [85.3275579, 28.1554408], [85.3275342, 28.1554443], [85.3275236, 28.1554504], [85.3275192, 28.1554592], [85.3275017, 28.1554759], [85.3274859, 28.1554864], [85.3274753, 28.1554943], [85.3274718, 28.155504], [85.3274578, 28.1555198], [85.3274455, 28.1555163], [85.3274332, 28.1555215], [85.3274341, 28.1555329], [85.3274332, 28.1555575], [85.3274323, 28.1555689], [85.3274288, 28.1555891], [85.3274253, 28.1555979], [85.3274025, 28.1556137], [85.3273849, 28.1556286], [85.3273762, 28.1556382], [85.3273656, 28.1556303], [85.3273533, 28.155633], [85.3273595, 28.1556435], [85.3273551, 28.1556584], [85.3273446, 28.1556716], [85.3273393, 28.1556927], [85.3273253, 28.1556988], [85.3273095, 28.1556988], [85.3273077, 28.1556857], [85.3273068, 28.1556672], [85.3273051, 28.1556488], [85.3272954, 28.1556286], [85.3272945, 28.1556031], [85.3272945, 28.1555803], [85.3272858, 28.1555531], [85.3272726, 28.1555531], [85.3272621, 28.1555628], [85.3272533, 28.1555917], [85.3272515, 28.1556093], [85.3272559, 28.1556374], [85.3272787, 28.1556532], [85.3272743, 28.1556681], [85.3272621, 28.1556681], [85.3272357, 28.1556593], [85.3272024, 28.1556602], [85.3271936, 28.1556567], [85.3271848, 28.1556628], [85.3271831, 28.1556769], [85.327191, 28.1556971], [85.3271892, 28.1557067], [85.3271708, 28.1557129], [85.3271602, 28.155705], [85.3271558, 28.1556839], [85.3271436, 28.1556725], [85.3271269, 28.1556532], [85.3271102, 28.1556558], [85.3271102, 28.1556707], [85.3271058, 28.1556874], [85.3270927, 28.1556874], [85.3270821, 28.1556742], [85.327047, 28.1556725], [85.3270128, 28.1556769], [85.3269917, 28.1556786], [85.3269672, 28.1556892], [85.3269514, 28.1556962], [85.3269426, 28.1557023], [85.3269364, 28.1557234], [85.3269145, 28.1557366], [85.3268732, 28.1557603], [85.3268373, 28.1557689], [85.3269331, 28.1558662], [85.3269336, 28.1558667], [85.3269514, 28.1558612]], [[85.3248223, 28.1522753], [85.3248139, 28.1522731], [85.324801, 28.1522815], [85.3247956, 28.1522902], [85.3247785, 28.1522798], [85.3247695, 28.1522764], [85.3247751, 28.1522686], [85.324783, 28.1522646], [85.3247897, 28.152259], [85.3247847, 28.1522495], [85.3247706, 28.1522472], [85.3247645, 28.1522343], [85.3247588, 28.1522236], [85.3247611, 28.1522107], [85.3247628, 28.1522046], [85.3247695, 28.1521933], [85.3247785, 28.1521916], [85.3247841, 28.1521815], [85.3247931, 28.1521708], [85.3248015, 28.1521635], [85.3248083, 28.1521602], [85.3248178, 28.152154], [85.3248302, 28.1521602], [85.3248437, 28.1521708], [85.3248476, 28.1521776], [85.3248594, 28.1521927], [85.3248594, 28.1522118], [85.3248627, 28.152222], [85.324874, 28.1522304], [85.3248723, 28.1522382], [85.3248729, 28.1522495], [85.3248796, 28.1522646], [85.3248824, 28.1522697], [85.3248892, 28.1522826], [85.3248931, 28.1522905], [85.3248931, 28.1523023], [85.3248858, 28.1523124], [85.3248751, 28.1523147], [85.3248594, 28.1523096], [85.3248431, 28.1522995], [85.3248262, 28.1522877], [85.3248223, 28.1522753]]]]}, "properties": {"source": "emsr927", "observed_date": "2026-08-28", "aoi": "AOI01"}}, {"type": "Feature", "geometry": {"type": "MultiPolygon", "coordinates": [[[[85.3793953, 28.2784553], [85.3793869, 28.2784218], [85.3793282, 28.2783715], [85.3792581, 28.278353], [85.379204, 28.2782711], [85.3791355, 28.2782053], [85.37906, 28.2781997], [85.3790056, 28.2781913], [85.3789301, 28.2781829], [85.3788882, 28.2780991], [85.3788631, 28.2779902], [85.3787736, 28.277936], [85.3787572, 28.2778954], [85.3787124, 28.2778707], [85.3786758, 28.2778696], [85.3786578, 28.2778561], [85.3785237, 28.27781], [85.3785027, 28.2777807], [85.3784818, 28.2777262], [85.3784231, 28.2776172], [85.3783854, 28.2775376], [85.3783812, 28.277458], [85.3783732, 28.2774183], [85.3784139, 28.2772742], [85.3784986, 28.2770486], [85.3785543, 28.2767077], [85.3785682, 28.2765719], [85.3785338, 28.2765287], [85.3785354, 28.2764994], [85.3785421, 28.2764545], [85.37854, 28.2764112], [85.3784993, 28.276384], [85.3784735, 28.2763415], [85.3784656, 28.2763035], [85.3784233, 28.2762693], [85.3784078, 28.2762461], [85.3784063, 28.276226], [85.3784109, 28.2761811], [85.3784109, 28.2761564], [85.3784519, 28.2761233], [85.3785253, 28.2761224], [85.3785624, 28.2761147], [85.3785902, 28.2760822], [85.3786041, 28.2760281], [85.3785918, 28.275949], [85.3786024, 28.2758632], [85.3786037, 28.2758607], [85.3786075, 28.2758243], [85.3786157, 28.2757923], [85.378626, 28.2757604], [85.3786343, 28.2757315], [85.3786446, 28.275715], [85.3786704, 28.2757006], [85.3787013, 28.2756882], [85.3787198, 28.2756604], [85.3787281, 28.2756398], [85.3787229, 28.2755924], [85.3787015, 28.2755586], [85.3786443, 28.2755123], [85.3785512, 28.2754712], [85.3784654, 28.2754086], [85.3784352, 28.2752903], [85.3784306, 28.2752207], [85.3784515, 28.2751419], [85.3784921, 28.2751013], [85.3785782, 28.2750528], [85.3786536, 28.2749753], [85.378724, 28.2748645], [85.3787629, 28.2748321], [85.3787758, 28.2747434], [85.378801, 28.2746821], [85.3788744, 28.2746386], [85.3788881, 28.2746181], [85.3788926, 28.2745975], [85.3788932, 28.2745106], [85.3788643, 28.2744513], [85.3788545, 28.2743837], [85.378885, 28.2743516], [85.3788927, 28.2743322], [85.3789069, 28.2742602], [85.378907, 28.2742019], [85.3789293, 28.2741495], [85.3789299, 28.2740948], [85.3789242, 28.2740748], [85.378908, 28.2740494], [85.3788924, 28.2740297], [85.378848, 28.2739943], [85.3788258, 28.2739665], [85.378815, 28.2739405], [85.3788449, 28.2739006], [85.3788867, 28.2738805], [85.3788906, 28.2738282], [85.378886, 28.2738151], [85.3788919, 28.2738078], [85.3788988, 28.2737929], [85.3788976, 28.2737539], [85.3788934, 28.2737475], [85.3788839, 28.273742], [85.3788781, 28.2737289], [85.3788661, 28.2737163], [85.3788606, 28.2737054], [85.3788473, 28.2736532], [85.3788438, 28.2736268], [85.3788446, 28.2736206], [85.3788447, 28.2735789], [85.3788435, 28.2735766], [85.378844, 28.2735635], [85.3788631, 28.2735076], [85.3788923, 28.2734663], [85.3789254, 28.2734339], [85.3789414, 28.2734056], [85.3789421, 28.2733739], [85.3789267, 28.2733091], [85.3789267, 28.2732937], [85.3789422, 28.2732801], [85.3789668, 28.2732714], [85.3790241, 28.2732694], [85.3790565, 28.2732632], [85.3790951, 28.2732405], [85.3791023, 28.2732317], [85.3791113, 28.2732005], [85.3791192, 28.2731414], [85.3791196, 28.2730948], [85.3791219, 28.273086], [85.3791299, 28.2730762], [85.3791371, 28.2730495], [85.3791373, 28.2730156], [85.3791282, 28.2729831], [85.3791066, 28.2729311], [85.3791019, 28.2729074], [85.3791019, 28.272883], [85.3791102, 28.272858], [85.3791199, 28.2728473], [85.3791512, 28.2728268], [85.3791661, 28.2728003], [85.3791688, 28.2727853], [85.3791688, 28.2727164], [85.3791648, 28.2726992], [85.3791832, 28.2726928], [85.3792297, 28.2726924], [85.379263, 28.2726736], [85.3793042, 28.2726618], [85.3793185, 28.2726516], [85.3793233, 28.2726437], [85.3793497, 28.2726378], [85.3793583, 28.272629], [85.3793661, 28.2726137], [85.3793665, 28.2725409], [85.3793622, 28.2725303], [85.3793522, 28.2725217], [85.3793235, 28.2724761], [85.3793223, 28.2724624], [85.3793365, 28.2724248], [85.37934, 28.2724075], [85.3793385, 28.2723783], [85.3793325, 28.2723723], [85.3793384, 28.2723373], [85.3793449, 28.2723271], [85.3793644, 28.2722479], [85.3794417, 28.2721722], [85.3794915, 28.2720856], [85.3794915, 28.2720216], [85.3794973, 28.2720001], [85.3795167, 28.2719732], [85.3795387, 28.2719537], [85.3795653, 28.2718921], [85.3795742, 28.2718524], [85.3795738, 28.271827], [85.3795674, 28.271812], [85.3795418, 28.2717889], [85.3795128, 28.2717752], [85.3794836, 28.2717675], [85.3794675, 28.2717494], [85.3794566, 28.2717279], [85.3794293, 28.2717161], [85.3794185, 28.2716929], [85.3794226, 28.2716176], [85.379429, 28.2716081], [85.3794305, 28.2715967], [85.3794439, 28.271563], [85.3794473, 28.2715312], [85.3794518, 28.2715217], [85.3794522, 28.2715099], [85.3794597, 28.2714942], [85.379462, 28.2714475], [85.3794728, 28.2714306], [85.3794864, 28.271419], [85.3795792, 28.271361], [85.3796019, 28.2713409], [85.3796121, 28.2713286], [85.3796139, 28.2713033], [85.3796682, 28.2713032], [85.3796771, 28.2713102], [85.3796843, 28.2713252], [85.3796943, 28.2713305], [85.3797077, 28.2713294], [85.3797143, 28.271324], [85.3797143, 28.2713221], [85.3797143, 28.2713167], [85.3797149, 28.271169], [85.3797154, 28.2710387], [85.3797136, 28.2710297], [85.3797139, 28.2709673], [85.3797156, 28.2709603], [85.379716, 28.270867], [85.3796607, 28.2706828], [85.3795712, 28.2703846], [85.3795654, 28.2703796], [85.3795446, 28.2703728], [85.3795365, 28.2703736], [85.3795304, 28.2703725], [85.379504, 28.2703618], [85.379465, 28.2703402], [85.3794405, 28.2703113], [85.3794184, 28.2702972], [85.3792907, 28.2702475], [85.3792732, 28.270211], [85.3792478, 28.2701877], [85.3792108, 28.2701626], [85.379193, 28.2701195], [85.3791768, 28.2700968], [85.3791545, 28.2700784], [85.3791345, 28.2700376], [85.3791038, 28.2699664], [85.3790989, 28.2699352], [85.3790828, 28.2698911], [85.3790262, 28.2698483], [85.3790044, 28.2698359], [85.3789937, 28.2698264], [85.3789742, 28.269786], [85.378964, 28.2697768], [85.3789457, 28.2697696], [85.3789231, 28.2697506], [85.3788952, 28.2697026], [85.3788909, 28.269666], [85.3788828, 28.2696483], [85.3788722, 28.2696314], [85.3788548, 28.2696161], [85.378848, 28.2696039], [85.3788311, 28.2695607], [85.3788248, 28.2695344], [85.3788093, 28.2695035], [85.3787841, 28.2694803], [85.3787589, 28.2694675], [85.378727, 28.269439], [85.3787007, 28.2694298], [85.3786818, 28.269407], [85.3786641, 28.2693917], [85.3786573, 28.2693882], [85.3786557, 28.2693814], [85.3786336, 28.2693548], [85.3786204, 28.2693456], [85.3785667, 28.2692919], [85.3785192, 28.2692592], [85.3784776, 28.2692392], [85.3784628, 28.2692289], [85.3784365, 28.2692196], [85.3783735, 28.2691814], [85.37833, 28.2691437], [85.3782978, 28.2691096], [85.3782697, 28.2690696], [85.3782536, 28.2690317], [85.3782424, 28.2689918], [85.3781959, 28.2689298], [85.3781827, 28.2688955], [85.3781651, 28.2688631], [85.3781531, 28.2688207], [85.3781474, 28.2687857], [85.3781474, 28.2687625], [85.3781577, 28.2687465], [85.3781611, 28.2687331], [85.378161, 28.268705], [85.3781537, 28.2686823], [85.3781455, 28.268668], [85.3781258, 28.2686529], [85.3781277, 28.2686485], [85.3781277, 28.2685402], [85.3780957, 28.2684512], [85.3780934, 28.2684152], [85.378098, 28.2683793], [85.3781355, 28.2683109], [85.3781355, 28.2682786], [85.3781478, 28.2682586], [85.3781636, 28.2682407], [85.3781709, 28.268209], [85.3781706, 28.2681526], [85.3781539, 28.2681061], [85.3781425, 28.2680924], [85.3781296, 28.2680875], [85.378112, 28.2680879], [85.3780764, 28.2681033], [85.3779904, 28.2681033], [85.3779667, 28.2680995], [85.3779584, 28.2680797], [85.377958, 28.2680129], [85.3779453, 28.2679841], [85.3779271, 28.2679634], [85.3779076, 28.2679509], [85.3778847, 28.2679271], [85.3778876, 28.2679203], [85.3778872, 28.2679105], [85.3778827, 28.2679015], [85.3778552, 28.2678822], [85.3778274, 28.2678709], [85.3778147, 28.2678613], [85.3778124, 28.2677983], [85.377807, 28.2677883], [85.377794, 28.2677767], [85.3777622, 28.2677637], [85.3777281, 28.2677431], [85.3777281, 28.2677162], [85.3777227, 28.2676982], [85.3777125, 28.267682], [85.3776887, 28.2676591], [85.3776716, 28.2676528], [85.3776439, 28.2676541], [85.3776311, 28.2676653], [85.3776215, 28.2676821], [85.3776132, 28.2676821], [85.3776043, 28.2676734], [85.3775993, 28.2676583], [85.3775979, 28.2676313], [85.3775911, 28.2676063], [85.3775804, 28.2675874], [85.3775662, 28.2675732], [85.377548, 28.2675622], [85.3775267, 28.2675549], [85.377483, 28.2675483], [85.3774538, 28.2675318], [85.3774223, 28.2675033], [85.3774054, 28.2674831], [85.3773999, 28.2674443], [85.3773894, 28.2674241], [85.3773691, 28.267406], [85.3773187, 28.2673912], [85.3773011, 28.2673909], [85.3772663, 28.2673791], [85.3772459, 28.2673659], [85.3772367, 28.2673484], [85.3772165, 28.2673213], [85.3772184, 28.2672136], [85.3772299, 28.267188], [85.3772299, 28.2671469], [85.3772202, 28.2671269], [85.3771987, 28.2671087], [85.3772026, 28.2670872], [85.3772027, 28.2670602], [85.3771974, 28.2670414], [85.3771762, 28.2670139], [85.3771672, 28.2670077], [85.3771658, 28.2669976], [85.3771538, 28.2669737], [85.3771417, 28.2669685], [85.3771285, 28.266943], [85.3771147, 28.2669267], [85.3770943, 28.2669122], [85.3770857, 28.2669002], [85.377027, 28.2668687], [85.3769992, 28.266848], [85.3769874, 28.2668238], [85.376978, 28.266758], [85.3769748, 28.2667457], [85.3769558, 28.2667147], [85.3768888, 28.2666541], [85.3768838, 28.266646], [85.3768769, 28.2666299], [85.376874, 28.2666103], [85.376872, 28.2665106], [85.3768784, 28.2664716], [85.3768858, 28.2664642], [85.3769193, 28.2664442], [85.3769394, 28.2664203], [85.3769681, 28.2663516], [85.3769705, 28.2662992], [85.3769749, 28.266285], [85.3769847, 28.2662649], [85.3769968, 28.2662503], [85.3770035, 28.2662336], [85.3770114, 28.266202], [85.3770116, 28.266186], [85.3770183, 28.2661816], [85.3770215, 28.2661731], [85.3770216, 28.2661574], [85.37703, 28.2661349], [85.3770533, 28.2660999], [85.3770887, 28.2660685], [85.3771049, 28.2660478], [85.3771137, 28.266023], [85.377116, 28.2659685], [85.3771242, 28.2659277], [85.3771181, 28.2658972], [85.3771068, 28.2658677], [85.3770877, 28.2658364], [85.3770767, 28.2658044], [85.3770807, 28.2657833], [85.3770938, 28.2657651], [85.377132, 28.2657374], [85.3771824, 28.2657357], [85.3772145, 28.2657436], [85.3772563, 28.2657434], [85.3773035, 28.2657377], [85.3773504, 28.2657377], [85.377536, 28.2657498], [85.3777082, 28.2657759], [85.377797, 28.2658085], [85.3778217, 28.2657973], [85.3778869, 28.2657504], [85.3779345, 28.2657382], [85.3779615, 28.2657265], [85.3779692, 28.2657148], [85.3777893, 28.2654777], [85.3777855, 28.2654748], [85.3777863, 28.2654737], [85.3776332, 28.2652719], [85.3770804, 28.2645434], [85.3769729, 28.2644018], [85.3769506, 28.2643868], [85.3769271, 28.2643626], [85.3768776, 28.2643419], [85.3768649, 28.2643404], [85.3768221, 28.2643253], [85.3767659, 28.264325], [85.3767366, 28.2643345], [85.3767044, 28.2643349], [85.3766518, 28.2643502], [85.3765938, 28.2643502], [85.3765768, 28.2643463], [85.3764549, 28.2643482], [85.3764271, 28.264334], [85.3764122, 28.2643178], [85.3764063, 28.2643056], [85.3763907, 28.2642627], [85.3763813, 28.2642033], [85.3763684, 28.264169], [85.3763462, 28.264151], [85.3762989, 28.2641366], [85.3762872, 28.2641273], [85.3762652, 28.2641187], [85.3762505, 28.2641195], [85.3762499, 28.2641201], [85.3762385, 28.2641161], [85.3761788, 28.2641142], [85.3761045, 28.2641298], [85.3760451, 28.2641337], [85.3759951, 28.2641225], [85.3759398, 28.2641148], [85.3758685, 28.2640837], [85.3758403, 28.2640613], [85.3758398, 28.2640252], [85.3758343, 28.2640098], [85.3758172, 28.2639861], [85.3758034, 28.2639723], [85.3757797, 28.2639572], [85.3757332, 28.2639389], [85.3757205, 28.263913], [85.3757092, 28.2639017], [85.3756995, 28.2638967], [85.3756833, 28.2638916], [85.3756677, 28.263892], [85.3756559, 28.2638962], [85.3756236, 28.2639315], [85.3756075, 28.2639383], [85.3755899, 28.2639559], [85.3755649, 28.2639743], [85.3754768, 28.2639727], [85.3754041, 28.2639671], [85.3753107, 28.2639487], [85.3753037, 28.2639368], [85.3752914, 28.2639266], [85.3752666, 28.2639193], [85.3751873, 28.2639117], [85.3750789, 28.2638697], [85.3748622, 28.2637442], [85.3748545, 28.2637271], [85.3748431, 28.2637124], [85.3748295, 28.263699], [85.3747901, 28.2636454], [85.3747484, 28.2636245], [85.3746701, 28.2636054], [85.3746109, 28.2635654], [85.3746112, 28.2635062], [85.3746084, 28.263502], [85.3746084, 28.2634981], [85.374582, 28.2634048], [85.37457, 28.2633769], [85.3745263, 28.2633227], [85.3744878, 28.2632927], [85.374451, 28.2632732], [85.3743788, 28.2631697], [85.3743006, 28.2630306], [85.3742449, 28.2629419], [85.3741718, 28.2628636], [85.3741232, 28.2628201], [85.3740988, 28.2627784], [85.3740588, 28.2626775], [85.3739214, 28.2624392], [85.3738623, 28.2623714], [85.3737766, 28.2622871], [85.373712, 28.2621986], [85.3736515, 28.2621425], [85.3736024, 28.2621132], [85.3735949, 28.2621046], [85.3735968, 28.2620575], [85.3735914, 28.2620474], [85.3735599, 28.262011], [85.3735545, 28.2619947], [85.3734992, 28.2618917], [85.3734949, 28.2618876], [85.3734949, 28.2618461], [85.3735008, 28.2618081], [85.3735056, 28.2617992], [85.3735067, 28.2617996], [85.3735196, 28.2617963], [85.3735279, 28.2617838], [85.3735248, 28.2617625], [85.3734988, 28.2616287], [85.3734422, 28.26155], [85.3734014, 28.2615035], [85.3733579, 28.2614618], [85.3733214, 28.2614253], [85.373297, 28.2613922], [85.3732535, 28.2613574], [85.3732153, 28.2613418], [85.3731579, 28.2613383], [85.3730952, 28.2613473], [85.3730666, 28.2613396], [85.373058, 28.2613254], [85.373058, 28.2613167], [85.3730671, 28.261297], [85.3730717, 28.2612609], [85.3730664, 28.2612474], [85.3730551, 28.2612361], [85.373034, 28.2612245], [85.3730061, 28.2612173], [85.3729665, 28.2612171], [85.3729504, 28.261221], [85.3728938, 28.261219], [85.3728805, 28.2612136], [85.3728634, 28.2611956], [85.3728516, 28.2611885], [85.3728355, 28.261184], [85.3727981, 28.2611816], [85.3727774, 28.2611758], [85.3727745, 28.2611712], [85.3727745, 28.2611407], [85.3727784, 28.2610976], [85.3727724, 28.261083], [85.3727652, 28.2610772], [85.3727495, 28.261072], [85.3727452, 28.2610654], [85.3727351, 28.26106], [85.3727107, 28.2610622], [85.3727058, 28.2610657], [85.3727015, 28.2610648], [85.3726198, 28.2610273], [85.3725873, 28.2610184], [85.3725695, 28.2610005], [85.3725486, 28.2609711], [85.3725304, 28.2608885], [85.3724676, 28.2607914], [85.3724434, 28.2607634], [85.3724341, 28.2607363], [85.3724341, 28.2607253], [85.3724542, 28.2606991], [85.3724542, 28.2606722], [85.372447, 28.2606634], [85.3724118, 28.2606503], [85.3723668, 28.2606206], [85.3723297, 28.2606026], [85.372293, 28.260576], [85.37226, 28.2605429], [85.3722295, 28.2605249], [85.3722093, 28.2605091], [85.3722018, 28.2604909], [85.3722018, 28.2604133], [85.3722135, 28.2603664], [85.3722088, 28.2603559], [85.3722028, 28.2603512], [85.3721998, 28.2603504], [85.372197, 28.2603466], [85.3721762, 28.2603417], [85.3721584, 28.2603413], [85.3721337, 28.2603299], [85.3721272, 28.2603227], [85.372108, 28.2602831], [85.3720947, 28.2602674], [85.3720365, 28.2602417], [85.3720293, 28.2602221], [85.3720061, 28.2602029], [85.3719424, 28.2601799], [85.3719248, 28.2601643], [85.3719125, 28.2601322], [85.3719102, 28.2600678], [85.3719016, 28.2600417], [85.3718927, 28.2600241], [85.3718753, 28.2600066], [85.3718394, 28.2599826], [85.3718258, 28.2599811], [85.3717963, 28.2599697], [85.371735, 28.2599693], [85.3717018, 28.2599531], [85.3716803, 28.2599017], [85.3716768, 28.2598732], [85.3716659, 28.2598513], [85.371653, 28.2598357], [85.3716068, 28.2598165], [85.371568, 28.2598083], [85.3715369, 28.2598067], [85.3715182, 28.2597968], [85.3715093, 28.2597748], [85.3715056, 28.2597512], [85.3714944, 28.259736], [85.3714814, 28.2597296], [85.3714382, 28.2597233], [85.3714255, 28.2597129], [85.3714184, 28.2596968], [85.3714151, 28.2596725], [85.371403, 28.2596523], [85.3713907, 28.2596461], [85.3713737, 28.2596428], [85.3713694, 28.2596376], [85.3713628, 28.259625], [85.371293, 28.2595621], [85.3712845, 28.2595497], [85.3712773, 28.2595209], [85.3712578, 28.259486], [85.3712159, 28.2594485], [85.3711921, 28.2594346], [85.3711617, 28.2594234], [85.3710869, 28.2594056], [85.371071, 28.2593971], [85.371056, 28.2593801], [85.3710503, 28.2593688], [85.371027, 28.2593453], [85.3710111, 28.2593342], [85.3709898, 28.2593248], [85.3709093, 28.2593071], [85.3708815, 28.2592942], [85.3708613, 28.25928], [85.37083, 28.2592691], [85.3708147, 28.2592689], [85.3708115, 28.2592641], [85.3707966, 28.2592608], [85.3707755, 28.2592469], [85.3707334, 28.2591973], [85.3707125, 28.2591747], [85.3706882, 28.2591521], [85.3706638, 28.2591295], [85.370629, 28.2591242], [85.3705908, 28.2591451], [85.3705351, 28.2591625], [85.3705069, 28.259148], [85.3704888, 28.2591239], [85.3704651, 28.2591027], [85.3704482, 28.2590951], [85.3704071, 28.2590678], [85.3703443, 28.2590217], [85.3703195, 28.2589921], [85.3703039, 28.2589827], [85.3702608, 28.2589451], [85.3701962, 28.2589061], [85.3701739, 28.2588843], [85.3700446, 28.2587712], [85.3699264, 28.2586825], [85.3698116, 28.2586164], [85.3697368, 28.2586042], [85.3697097, 28.258626], [85.3697019, 28.2586432], [85.3696985, 28.2586591], [85.3696985, 28.2586823], [85.3696955, 28.2586881], [85.36967, 28.2586881], [85.3696614, 28.2586795], [85.3696545, 28.2586758], [85.3696364, 28.2586718], [85.369604, 28.2586565], [85.3695392, 28.2586396], [85.3695171, 28.2586352], [85.3694901, 28.2586337], [85.369454, 28.258626], [85.3694094, 28.2586049], [85.3693823, 28.2585992], [85.369316, 28.2585647], [85.3692966, 28.25855], [85.3692841, 28.2585315], [85.3692601, 28.2585045], [85.3692368, 28.2584891], [85.3692148, 28.2584814], [85.3691456, 28.2584632], [85.3691126, 28.2584492], [85.369093, 28.2583948], [85.3690849, 28.2583805], [85.3690636, 28.2583577], [85.3690268, 28.2583386], [85.369002, 28.2583311], [85.3689856, 28.2583302], [85.3689754, 28.2583267], [85.3689424, 28.2583246], [85.3689356, 28.2583201], [85.3689282, 28.2583178], [85.3688811, 28.2583176], [85.3687889, 28.2582772], [85.3687211, 28.2582668], [85.3686637, 28.2582755], [85.3686345, 28.258299], [85.3686113, 28.2582969], [85.3685975, 28.2582927], [85.3685781, 28.2582905], [85.368578, 28.2582881], [85.3685566, 28.2582532], [85.3685089, 28.2581868], [85.3684602, 28.2581485], [85.3684166, 28.2581376], [85.3683683, 28.2581201], [85.368342, 28.258079], [85.3683072, 28.2580442], [85.3682654, 28.2580094], [85.3682582, 28.2580038], [85.3682237, 28.2579624], [85.3681524, 28.2578998], [85.3680863, 28.2578494], [85.3679778, 28.2577773], [85.3679256, 28.2577397], [85.3679063, 28.2577307], [85.3678934, 28.2577134], [85.3678474, 28.2576614], [85.3678353, 28.2576528], [85.3677889, 28.2576111], [85.3677663, 28.2575902], [85.3677176, 28.2575276], [85.3676243, 28.2574542], [85.3676202, 28.2574443], [85.3676198, 28.2573775], [85.3676104, 28.2573616], [85.3675807, 28.2573366], [85.3675796, 28.2573364], [85.3675702, 28.2573188], [85.3675392, 28.2572754], [85.3675001, 28.2572407], [85.3674855, 28.2572355], [85.3674699, 28.2572363], [85.3674697, 28.2572364], [85.3674443, 28.2572299], [85.3674243, 28.2572192], [85.3674194, 28.2572076], [85.367414, 28.257177], [85.3674024, 28.2571539], [85.367394, 28.257143], [85.367371, 28.2571299], [85.3673625, 28.2571193], [85.3673386, 28.2570465], [85.3673261, 28.2570343], [85.3673168, 28.2570301], [85.3673138, 28.257022], [85.367305, 28.2570148], [85.3672908, 28.2570136], [85.367274, 28.2569974], [85.367251, 28.256981], [85.3672422, 28.2569671], [85.3672336, 28.2569433], [85.367233, 28.2569427], [85.3672259, 28.2568939], [85.3672259, 28.2568764], [85.3672274, 28.2568221], [85.3672361, 28.2567892], [85.3672354, 28.2567565], [85.3672333, 28.2567512], [85.367233, 28.256744], [85.3672169, 28.2567238], [85.3671931, 28.2567063], [85.3671928, 28.2566965], [85.3671838, 28.2566751], [85.3671638, 28.256651], [85.3671534, 28.2566448], [85.3671319, 28.2566378], [85.3671226, 28.2566213], [85.3671171, 28.2566039], [85.3671132, 28.2565983], [85.3671112, 28.2565882], [85.3671053, 28.2565773], [85.3670992, 28.2565601], [85.3670988, 28.2565539], [85.3670873, 28.2565188], [85.3670834, 28.256494], [85.3670832, 28.2564405], [85.3670778, 28.2564161], [85.3670676, 28.2563937], [85.3670533, 28.2563689], [85.3670492, 28.256355], [85.3670345, 28.2563287], [85.3670288, 28.2563044], [85.3670237, 28.2562911], [85.3670202, 28.2562663], [85.3670165, 28.2562538], [85.3670163, 28.2562436], [85.3670145, 28.2562371], [85.3670145, 28.2562188], [85.3670183, 28.256218], [85.3670312, 28.2562094], [85.3670398, 28.2561964], [85.3670429, 28.2561729], [85.367051, 28.2561472], [85.3670532, 28.2561206], [85.3670561, 28.2561059], [85.3670539, 28.2560524], [85.3670465, 28.2560081], [85.3670362, 28.2559694], [85.3670244, 28.2558885], [85.3670209, 28.2558785], [85.3670189, 28.2558515], [85.367006, 28.2557843], [85.367006, 28.2557241], [85.3670417, 28.2556374], [85.3670484, 28.2556132], [85.3670515, 28.2555922], [85.3670516, 28.2555884], [85.3670607, 28.2555512], [85.367071, 28.2555266], [85.3670725, 28.2555186], [85.3670788, 28.255512], [85.3670841, 28.2555023], [85.367115, 28.2554742], [85.367126, 28.2554611], [85.3671275, 28.2554608], [85.3671504, 28.2554448], [85.3671764, 28.2554166], [85.3671853, 28.2554008], [85.3671942, 28.2553939], [85.3672244, 28.2553477], [85.3672342, 28.2553273], [85.3672409, 28.2553015], [85.3672464, 28.2552868], [85.3672517, 28.2552541], [85.3672515, 28.2552311], [85.3672464, 28.2552203], [85.3672401, 28.2552134], [85.3672389, 28.2552101], [85.3672389, 28.255194], [85.3672464, 28.2551706], [85.3672592, 28.2551441], [85.3672599, 28.2551312], [85.367296, 28.2550786], [85.3673048, 28.2550652], [85.3673141, 28.2550432], [85.3673221, 28.2550104], [85.3673251, 28.2550034], [85.3673255, 28.2549972], [85.3673282, 28.2549909], [85.3673284, 28.2549823], [85.3673304, 28.2549759], [85.3673304, 28.2549538], [85.3673258, 28.2549432], [85.3673118, 28.2549268], [85.3673008, 28.2549081], [85.3672762, 28.2548805], [85.3672488, 28.2548321], [85.3672379, 28.254803], [85.3672332, 28.2547835], [85.3672241, 28.2547672], [85.3672222, 28.2547597], [85.3672214, 28.2547343], [85.3672161, 28.254729], [85.3672147, 28.2547288], [85.3672123, 28.2547265], [85.3672033, 28.254723], [85.367188, 28.2547193], [85.3671811, 28.2547146], [85.3671751, 28.2547076], [85.3671686, 28.2546962], [85.367165, 28.2546935], [85.3671622, 28.2546878], [85.367161, 28.2546722], [85.3671582, 28.2546662], [85.3671582, 28.2546598], [85.3671622, 28.2546527], [85.367165, 28.2546422], [85.3671693, 28.2546375], [85.3671698, 28.2546289], [85.3671671, 28.2546238], [85.3671577, 28.2546193], [85.3671506, 28.2546123], [85.3671483, 28.2546006], [85.3671674, 28.254588], [85.3671756, 28.2545694], [85.3671778, 28.2545556], [85.3671777, 28.2545324], [85.3671621, 28.2544761], [85.3671621, 28.2543969], [85.3671738, 28.2543522], [85.3671747, 28.254315], [85.3671683, 28.2542954], [85.3671493, 28.2542614], [85.3671454, 28.2542435], [85.3671452, 28.2542264], [85.3671395, 28.2541984], [85.3671401, 28.2541855], [85.3671624, 28.2541639], [85.367168, 28.2541444], [85.3671679, 28.2541172], [85.3671645, 28.254101], [85.367162, 28.2540965], [85.36716, 28.2540807], [85.3671573, 28.2540757], [85.3671503, 28.2540728], [85.3671449, 28.2540745], [85.3671412, 28.2540789], [85.3671404, 28.2540871], [85.3671384, 28.2540865], [85.3671298, 28.254076], [85.3671209, 28.2540608], [85.3671169, 28.2540378], [85.3671169, 28.2540018], [85.3671226, 28.2539822], [85.3671238, 28.2539656], [85.3671238, 28.2539154], [85.3671208, 28.2538983], [85.3671208, 28.2538578], [85.3671178, 28.2538427], [85.3671169, 28.2538211], [85.3671169, 28.2537523], [85.3671216, 28.2537363], [85.3671247, 28.2537062], [85.3671277, 28.2536927], [85.3671277, 28.2536763], [85.367125, 28.2536626], [85.3671092, 28.2536382], [85.3670894, 28.2536152], [85.3670751, 28.2536031], [85.3670641, 28.2535978], [85.3670529, 28.2535867], [85.3670516, 28.253584], [85.367052, 28.2535838], [85.3670549, 28.2535769], [85.3670537, 28.2535641], [85.3670519, 28.2535598], [85.3670508, 28.2535405], [85.3670289, 28.2534726], [85.3670228, 28.2534418], [85.3670113, 28.2534063], [85.3670104, 28.2533929], [85.3670038, 28.2533603], [85.3669964, 28.2533418], [85.3669939, 28.2533315], [85.3669917, 28.2533093], [85.3669821, 28.2532784], [85.3669779, 28.2532581], [85.3669673, 28.2532352], [85.3669693, 28.253158], [85.366974, 28.253134], [85.366977, 28.2531044], [85.3670005, 28.2530347], [85.3670046, 28.2530182], [85.3670047, 28.2530083], [85.3670075, 28.2530001], [85.3670076, 28.2529729], [85.3670077, 28.2529725], [85.3670116, 28.2529708], [85.3670144, 28.2529653], [85.3670125, 28.2529556], [85.3670125, 28.252909], [85.3670116, 28.2528893], [85.3670096, 28.2528835], [85.3670096, 28.2528649], [85.3670066, 28.2528517], [85.3670026, 28.2527855], [85.3669988, 28.2527749], [85.3669966, 28.2527582], [85.3669924, 28.2527505], [85.3669879, 28.2527341], [85.366988, 28.2526774], [85.3669933, 28.2526621], [85.3670067, 28.2526297], [85.3670133, 28.2526178], [85.3670243, 28.2526033], [85.3670497, 28.2525824], [85.3670683, 28.2525633], [85.3670828, 28.2525274], [85.3670844, 28.2525182], [85.3670954, 28.2524972], [85.3671001, 28.2524795], [85.3671068, 28.2524659], [85.3671167, 28.2524481], [85.3671259, 28.2524365], [85.3671447, 28.2524202], [85.3671576, 28.2523973], [85.3671661, 28.2523637], [85.3671714, 28.2523574], [85.3671784, 28.252354], [85.367182, 28.2523496], [85.367182, 28.2523421], [85.3671765, 28.2523325], [85.3671734, 28.2523302], [85.3671678, 28.2523292], [85.3671644, 28.2523312], [85.3671639, 28.2523309], [85.3671358, 28.2523263], [85.3671172, 28.2523252], [85.367075, 28.2523149], [85.3670535, 28.2523059], [85.3670376, 28.252294], [85.3670308, 28.2522856], [85.3670273, 28.2522578], [85.3670273, 28.2522461], [85.3670337, 28.2522053], [85.3670371, 28.2521847], [85.3670372, 28.2521633], [85.3670312, 28.2521369], [85.3670312, 28.2521213], [85.3670293, 28.2521144], [85.3670306, 28.2521065], [85.36704, 28.2520961], [85.3670647, 28.2520818], [85.3670843, 28.252073], [85.3670956, 28.2520621], [85.3671005, 28.2520531], [85.3671104, 28.2520264], [85.3671128, 28.2520096], [85.3671127, 28.2519562], [85.3671093, 28.2519419], [85.367106, 28.251937], [85.3671055, 28.2519304], [85.3671015, 28.251923], [85.3670971, 28.2519085], [85.3670903, 28.2518965], [85.3670854, 28.2518812], [85.3670854, 28.2518757], [85.3670933, 28.2518639], [85.3670999, 28.251844], [85.3670991, 28.251792], [85.3670945, 28.2517782], [85.3670903, 28.25177], [85.3670903, 28.2517407], [85.3670881, 28.251721], [85.3670778, 28.2516949], [85.3670658, 28.2516841], [85.3670577, 28.2516717], [85.3670462, 28.2516581], [85.3670401, 28.25164], [85.3670401, 28.2516334], [85.3670421, 28.2516306], [85.3670523, 28.2516246], [85.3670652, 28.2516196], [85.3670693, 28.2516157], [85.3670716, 28.2516078], [85.3670716, 28.2515862], [85.3670701, 28.2515801], [85.3670643, 28.2515689], [85.3670525, 28.2515583], [85.3670334, 28.2515453], [85.3670094, 28.2515328], [85.3670053, 28.2515321], [85.3669861, 28.2515172], [85.3669774, 28.2515066], [85.3669661, 28.2514814], [85.3669653, 28.2514494], [85.3669659, 28.2514399], [85.3669856, 28.2513989], [85.3669899, 28.2513677], [85.3669892, 28.2513463], [85.3669837, 28.2513353], [85.36697, 28.2513196], [85.3669594, 28.2513008], [85.3669477, 28.251286], [85.3669329, 28.2512712], [85.366914, 28.2512583], [85.3668929, 28.2512516], [85.3668889, 28.2512493], [85.3668876, 28.2512454], [85.3668876, 28.2512311], [85.3668901, 28.25122], [85.3668945, 28.2512078], [85.3669001, 28.2512009], [85.3669318, 28.2511913], [85.3669503, 28.2511906], [85.3669578, 28.2511887], [85.3669765, 28.2511725], [85.3669819, 28.2511571], [85.3669828, 28.2511326], [85.3669774, 28.2511232], [85.3669698, 28.2511155], [85.366956, 28.251107], [85.3669444, 28.2511021], [85.3669328, 28.2510919], [85.3669328, 28.2510699], [85.3669369, 28.2510537], [85.3669394, 28.2510508], [85.3669407, 28.2510453], [85.3669369, 28.251037], [85.3669347, 28.2510362], [85.3669348, 28.251016], [85.3669328, 28.251008], [85.3669335, 28.250968], [85.3669538, 28.2509267], [85.3669617, 28.2509186], [85.3669642, 28.2509121], [85.3669653, 28.2508708], [85.3669614, 28.2508541], [85.3669614, 28.2508478], [85.3669656, 28.2508438], [85.366973, 28.2508314], [85.3669742, 28.250794], [85.3669722, 28.2507632], [85.3669872, 28.2507349], [85.3670065, 28.2507146], [85.3670155, 28.2507081], [85.3670249, 28.250702], [85.3670374, 28.2506986], [85.3670457, 28.2506982], [85.3670613, 28.250692], [85.3670812, 28.2506732], [85.3670954, 28.2506514], [85.3671048, 28.2506514], [85.3671267, 28.2506563], [85.3671575, 28.2506563], [85.3672005, 28.2506415], [85.3672327, 28.2506415], [85.3672505, 28.2506359], [85.367268, 28.2506263], [85.3672782, 28.2506112], [85.3672817, 28.250608], [85.3672868, 28.2506085], [85.3672962, 28.2506022], [85.3672984, 28.2505897], [85.3672943, 28.2505821], [85.3672815, 28.2505727], [85.3672809, 28.2505682], [85.3672986, 28.2505657], [85.3673062, 28.2505617], [85.3673148, 28.2505505], [85.367319, 28.2505364], [85.3673171, 28.2504979], [85.367311, 28.2504855], [85.3673031, 28.250478], [85.3672866, 28.2504682], [85.3672706, 28.2504644], [85.3672278, 28.2504627], [85.3671963, 28.25047], [85.3671851, 28.2504703], [85.3671733, 28.2504745], [85.3671211, 28.2504819], [85.3670905, 28.2504819], [85.367035, 28.2504892], [85.3669693, 28.2504889], [85.3669134, 28.2504543], [85.3668691, 28.2504357], [85.3668475, 28.2504234], [85.3668321, 28.2504107], [85.3668258, 28.2504036], [85.3668158, 28.250385], [85.3668087, 28.2503575], [85.3667777, 28.2503135], [85.3667588, 28.2502967], [85.3667599, 28.2502929], [85.3667581, 28.2502782], [85.3667496, 28.2502492], [85.366748, 28.2502247], [85.3667451, 28.2502153], [85.3667487, 28.2502009], [85.3667871, 28.2501532], [85.3668135, 28.250127], [85.3668201, 28.2501069], [85.3668201, 28.2500849], [85.3668017, 28.250053], [85.3667829, 28.2500342], [85.366743, 28.2500075], [85.3667244, 28.250001], [85.3666979, 28.2499962], [85.3666295, 28.2499933], [85.3666062, 28.2499855], [85.3665901, 28.2499716], [85.3665831, 28.2499389], [85.3665782, 28.2499311], [85.3665714, 28.2499262], [85.3665869, 28.2499038], [85.3666015, 28.2498928], [85.3666049, 28.2498826], [85.3666038, 28.2498637], [85.3665991, 28.2498574], [85.366588, 28.2498496], [85.3665574, 28.249835], [85.3665203, 28.2498241], [85.3665058, 28.2498226], [85.3664945, 28.2498163], [85.3664927, 28.2497945], [85.3665001, 28.2497682], [85.3665, 28.2497464], [85.3664976, 28.2497401], [85.366489, 28.2497329], [85.3664674, 28.2497228], [85.3664434, 28.2497156], [85.3664209, 28.2496288], [85.3664311, 28.2496122], [85.3664352, 28.24959], [85.366434, 28.2495862], [85.3664337, 28.2495677], [85.3664057, 28.2495224], [85.3663725, 28.2494802], [85.3663589, 28.2494522], [85.3663396, 28.2494325], [85.3663156, 28.2493999], [85.3663127, 28.2493878], [85.3663127, 28.2493743], [85.3663379, 28.2493587], [85.3663463, 28.2493438], [85.3663463, 28.2493203], [85.3663364, 28.2493053], [85.3662976, 28.2492859], [85.3662915, 28.2492811], [85.3662846, 28.249271], [85.3662846, 28.2492581], [85.3662938, 28.2492402], [85.3662978, 28.2492232], [85.3662976, 28.2492052], [85.3662918, 28.2491901], [85.3662814, 28.2491826], [85.3662541, 28.2491755], [85.3662392, 28.2491167], [85.3662114, 28.2490732], [85.3661801, 28.2490332], [85.3661282, 28.2489799], [85.3661284, 28.2489432], [85.3661329, 28.2489418], [85.3661385, 28.2489363], [85.3661439, 28.2489163], [85.3661436, 28.248878], [85.3661338, 28.2488603], [85.3661262, 28.2488361], [85.3661259, 28.248816], [85.3661232, 28.2488076], [85.3661215, 28.2487555], [85.3661059, 28.2487173], [85.3660957, 28.2486985], [85.366085, 28.2486874], [85.3660772, 28.2486827], [85.366061, 28.2486795], [85.366054, 28.2486695], [85.3660418, 28.2486422], [85.3660376, 28.2486271], [85.3660376, 28.2485551], [85.3660306, 28.2485357], [85.3660238, 28.248522], [85.3660089, 28.2485036], [85.3660006, 28.2484997], [85.3659897, 28.2484889], [85.3659641, 28.2484706], [85.3659447, 28.2484437], [85.3659373, 28.248407], [85.3659287, 28.2483763], [85.3659138, 28.2483542], [85.3658766, 28.2483241], [85.3658703, 28.2483164], [85.3658664, 28.2483047], [85.3658647, 28.2482816], [85.3658595, 28.2482689], [85.3658374, 28.2482558], [85.3658193, 28.2482357], [85.3657974, 28.2482217], [85.3657855, 28.2482108], [85.3657754, 28.2481922], [85.3657629, 28.2481758], [85.3657331, 28.2481104], [85.365696, 28.2480608], [85.3656725, 28.2480474], [85.3656628, 28.2480448], [85.3656587, 28.2480342], [85.3655986, 28.2479663], [85.3655735, 28.2479328], [85.3655672, 28.2479191], [85.3655534, 28.2479027], [85.3655438, 28.2478854], [85.3655347, 28.2478525], [85.3655194, 28.2478209], [85.3654887, 28.247787], [85.3654634, 28.2477632], [85.3654552, 28.2477521], [85.3654303, 28.247732], [85.36541, 28.2477218], [85.3653682, 28.2477045], [85.3653266, 28.247684], [85.3653152, 28.2476756], [85.3653034, 28.247658], [85.3652903, 28.2476307], [85.3652636, 28.2475916], [85.3652484, 28.247559], [85.3652322, 28.2475339], [85.3652163, 28.2475195], [85.365183, 28.2475012], [85.3651426, 28.2474729], [85.3651281, 28.247467], [85.3651167, 28.2474592], [85.3650928, 28.2474501], [85.3650765, 28.2474399], [85.3650605, 28.2474373], [85.3650516, 28.2474331], [85.3650303, 28.2474319], [85.3650206, 28.2474284], [85.3650155, 28.2474235], [85.3649856, 28.2474079], [85.3649668, 28.2473911], [85.3649466, 28.2473794], [85.3649388, 28.247377], [85.3649299, 28.2473674], [85.3649119, 28.2473584], [85.3648096, 28.247287], [85.3647104, 28.2472105], [85.36466, 28.247174], [85.3646063, 28.2471413], [85.3645758, 28.2470969], [85.3645631, 28.2470683], [85.3645631, 28.2470171], [85.364566, 28.2470019], [85.3645657, 28.2469768], [85.3645502, 28.2469479], [85.3645321, 28.2469267], [85.3645306, 28.2469162], [85.3645421, 28.2468719], [85.3645421, 28.2468684], [85.364544, 28.2468676], [85.3645483, 28.2468572], [85.3645457, 28.2468309], [85.364513, 28.2467833], [85.3645062, 28.2467776], [85.3644772, 28.2467638], [85.3644634, 28.2467588], [85.3644313, 28.2467529], [85.3644093, 28.2467424], [85.3643993, 28.2467331], [85.3643937, 28.2467143], [85.3643816, 28.2466947], [85.3643572, 28.2466781], [85.3643458, 28.2466732], [85.3643191, 28.2466278], [85.3642217, 28.2465687], [85.3641747, 28.24652], [85.3641487, 28.24648], [85.3641121, 28.246447], [85.3640895, 28.2464017], [85.3640652, 28.2463391], [85.3639226, 28.2462504], [85.3638825, 28.2462087], [85.363853, 28.246167], [85.3638304, 28.2460852], [85.363813, 28.2460069], [85.3637886, 28.2459356], [85.3637817, 28.2458608], [85.363733, 28.2458313], [85.3636756, 28.2458208], [85.3636309, 28.2457819], [85.3636361, 28.2457561], [85.363635, 28.2457179], [85.3635608, 28.245593], [85.363526, 28.2455461], [85.363453, 28.2454713], [85.3633701, 28.2453486], [85.3633704, 28.2453073], [85.3633666, 28.2452861], [85.3633554, 28.2452532], [85.3633406, 28.2452374], [85.3633286, 28.2452173], [85.3633261, 28.245205], [85.3633261, 28.2451721], [85.3633303, 28.2451582], [85.3633304, 28.2451399], [85.3633282, 28.2451268], [85.3633113, 28.2450926], [85.3633041, 28.2450829], [85.363288, 28.2450688], [85.3632457, 28.2450491], [85.3632373, 28.2450398], [85.363226, 28.2450398], [85.3632212, 28.245043], [85.3632174, 28.2450501], [85.3631917, 28.2450476], [85.363183, 28.2450446], [85.3630894, 28.2450446], [85.3630567, 28.2450395], [85.3630256, 28.2450259], [85.3630158, 28.2450175], [85.3630077, 28.245005], [85.3630041, 28.2449812], [85.3630003, 28.2449712], [85.3629837, 28.244947], [85.362951, 28.2449277], [85.3629099, 28.2449162], [85.3628904, 28.2449162], [85.3628666, 28.2449105], [85.3628266, 28.2449093], [85.3628043, 28.244899], [85.3627902, 28.2448893], [85.3627771, 28.244884], [85.3627641, 28.2448824], [85.3627129, 28.2448823], [85.3626955, 28.2448867], [85.3626753, 28.244887], [85.3626212, 28.2448708], [85.3625986, 28.2448473], [85.3625916, 28.2448221], [85.3625874, 28.2448103], [85.3625871, 28.2448004], [85.3625896, 28.2447922], [85.3625853, 28.2447818], [85.3625687, 28.2447709], [85.3625484, 28.2447478], [85.3625347, 28.2447402], [85.3624909, 28.2447221], [85.3624098, 28.2447025], [85.3623847, 28.2446996], [85.3623743, 28.2446941], [85.3623468, 28.2446853], [85.3623097, 28.2446661], [85.3622805, 28.2446452], [85.3622596, 28.2446266], [85.3622534, 28.2446021], [85.3622454, 28.2445911], [85.3622306, 28.2445796], [85.362224, 28.2445685], [85.3622044, 28.2445486], [85.3621938, 28.2445409], [85.3621603, 28.2445302], [85.3621369, 28.2445265], [85.3621127, 28.2445191], [85.3620993, 28.2445114], [85.3620837, 28.244506], [85.3620619, 28.2444725], [85.3620591, 28.2444622], [85.3620582, 28.2444413], [85.3620611, 28.2444265], [85.3620609, 28.2444041], [85.3620587, 28.2443987], [85.3620487, 28.2443888], [85.3620267, 28.244378], [85.3619902, 28.2443689], [85.3619224, 28.2443627], [85.3619168, 28.2443638], [85.3619124, 28.2443674], [85.3619048, 28.2443674], [85.3618757, 28.2443745], [85.3618516, 28.244373], [85.3618131, 28.24436], [85.3617856, 28.2443583], [85.361776, 28.244352], [85.3617585, 28.2443452], [85.3617447, 28.244345], [85.3617202, 28.2443391], [85.3616883, 28.2443202], [85.3616797, 28.244312], [85.36165, 28.2443011], [85.361614, 28.2442578], [85.3616, 28.2442456], [85.3615829, 28.2442362], [85.3615647, 28.2442315], [85.3615401, 28.2442313], [85.3615151, 28.2442357], [85.361458, 28.2442387], [85.3614349, 28.2442301], [85.3613963, 28.2441925], [85.3613644, 28.2441755], [85.361304, 28.2441723], [85.3612839, 28.2441663], [85.3612609, 28.2441542], [85.3612479, 28.2441501], [85.3611876, 28.2441516], [85.361169, 28.2441565], [85.3611562, 28.2441648], [85.3611468, 28.2441811], [85.3611367, 28.2441856], [85.3611021, 28.2441855], [85.3610372, 28.2441744], [85.3610153, 28.2441477], [85.3609972, 28.2441323], [85.3609697, 28.2440947], [85.3609628, 28.24409], [85.3609467, 28.2440701], [85.3609392, 28.2440569], [85.3609166, 28.2440331], [85.3608821, 28.244018], [85.3608709, 28.2440173], [85.360839, 28.2440084], [85.3608191, 28.2439886], [85.3607323, 28.2439228], [85.3605558, 28.2438504], [85.3605492, 28.2438387], [85.36052, 28.2437993], [85.3605088, 28.243775], [85.3605015, 28.2437508], [85.3604903, 28.2437297], [85.3604183, 28.2436335], [85.3603895, 28.2436015], [85.3603666, 28.2435823], [85.3603573, 28.2435773], [85.3603578, 28.2435759], [85.3603578, 28.2435527], [85.3603544, 28.2435369], [85.360339, 28.243498], [85.3603269, 28.2434799], [85.3602552, 28.2434329], [85.3601885, 28.2434142], [85.3601081, 28.2433763], [85.3600818, 28.2433709], [85.3600366, 28.2433386], [85.3600142, 28.2433207], [85.3599976, 28.2432989], [85.3599745, 28.2432607], [85.3599571, 28.2432405], [85.3599437, 28.2432196], [85.3599258, 28.243184], [85.3599093, 28.2431628], [85.3598796, 28.2431313], [85.3598628, 28.243105], [85.3598522, 28.2430837], [85.359846, 28.243064], [85.3598382, 28.2430524], [85.3598337, 28.2430365], [85.3598225, 28.2430172], [85.359766, 28.2429618], [85.3597558, 28.2429545], [85.3597383, 28.2429267], [85.3597176, 28.2428706], [85.3597111, 28.2428599], [85.3596959, 28.2428448], [85.3596619, 28.2428271], [85.3596398, 28.2428002], [85.3596228, 28.2427861], [85.3596198, 28.2427803], [85.3596206, 28.2427645], [85.3596303, 28.2427427], [85.3596391, 28.2427359], [85.3596634, 28.2427247], [85.3596833, 28.2427096], [85.359693, 28.2426994], [85.3597017, 28.2426802], [85.3597039, 28.2426682], [85.3597039, 28.242633], [85.3597117, 28.2426207], [85.3597154, 28.2426061], [85.3597157, 28.2425903], [85.3597243, 28.2425604], [85.3597246, 28.2425268], [85.3597275, 28.2425139], [85.3597279, 28.2424906], [85.3596995, 28.2424805], [85.3596486, 28.2424624], [85.3594272, 28.2423838], [85.359394, 28.242372], [85.3593304, 28.2424017], [85.3587739, 28.2426615], [85.3574676, 28.2432715], [85.3574951, 28.2432887], [85.3575059, 28.2433023], [85.3575318, 28.2433146], [85.3575517, 28.2433303], [85.3575932, 28.2433541], [85.357608, 28.2433602], [85.3576182, 28.2433585], [85.357619, 28.2433575], [85.3576329, 28.2433634], [85.3576375, 28.243368], [85.3576395, 28.243382], [85.3576478, 28.2433997], [85.3576507, 28.2434199], [85.3576669, 28.2434417], [85.3576852, 28.2434585], [85.3576956, 28.2434647], [85.3577124, 28.2434818], [85.3577167, 28.2435133], [85.3577363, 28.2435333], [85.3577689, 28.2435585], [85.3578219, 28.2436557], [85.3578374, 28.2436727], [85.3578686, 28.2436922], [85.3578731, 28.2436977], [85.3579135, 28.2437728], [85.3579246, 28.2438124], [85.3579414, 28.2438476], [85.3579733, 28.243874], [85.3580102, 28.2438962], [85.3580563, 28.2439184], [85.3582027, 28.2439576], [85.3582353, 28.2439728], [85.3582353, 28.243973], [85.3582397, 28.244], [85.3582397, 28.2440212], [85.358225, 28.2440683], [85.3582149, 28.2440897], [85.3582146, 28.2441073], [85.3582171, 28.2441155], [85.3582237, 28.2441209], [85.3582356, 28.2441234], [85.3582468, 28.2441209], [85.3582596, 28.2441146], [85.3582719, 28.2441046], [85.3582914, 28.2440954], [85.3582962, 28.2440955], [85.3583054, 28.2441009], [85.3583123, 28.244101], [85.3583383, 28.2441411], [85.3583455, 28.2441569], [85.3583548, 28.2441683], [85.3583633, 28.2442074], [85.3583695, 28.2442166], [85.358377, 28.2442207], [85.3583872, 28.2442207], [85.3583977, 28.2442137], [85.3584096, 28.2442243], [85.3584189, 28.244241], [85.3584302, 28.2442487], [85.3584331, 28.2442482], [85.3584331, 28.2442623], [85.3584242, 28.2442889], [85.3584249, 28.2442913], [85.3584033, 28.2443023], [85.3583914, 28.2443172], [85.3583902, 28.244345], [85.3583946, 28.2443554], [85.3584175, 28.2443735], [85.3584257, 28.244376], [85.3584684, 28.2443742], [85.3584771, 28.24437], [85.3584982, 28.2443663], [85.3585252, 28.2443574], [85.358542, 28.2443512], [85.3585516, 28.244345], [85.358569, 28.244345], [85.3585776, 28.2443478], [85.3585851, 28.2443532], [85.3585851, 28.2443579], [85.3585836, 28.2443746], [85.3585795, 28.2443893], [85.3585792, 28.2444055], [85.3585694, 28.2444328], [85.3585271, 28.2444858], [85.3585169, 28.2445119], [85.3585063, 28.2445177], [85.3584687, 28.2445291], [85.3584506, 28.2445397], [85.3584371, 28.2445607], [85.3584305, 28.2445982], [85.3584246, 28.2446152], [85.358411, 28.2446369], [85.3583894, 28.2446556], [85.3583795, 28.244663], [85.3583612, 28.2446712], [85.3583342, 28.2446729], [85.3583053, 28.244678], [85.3582765, 28.2446961], [85.3582555, 28.2447176], [85.358226, 28.2447585], [85.358226, 28.2447698], [85.3582334, 28.2447771], [85.3582181, 28.2447794], [85.3581982, 28.2447877], [85.3581921, 28.2447969], [85.3581913, 28.2448054], [85.3581975, 28.2448148], [85.3582057, 28.2448173], [85.3582371, 28.2448055], [85.3582613, 28.2448025], [85.3583253, 28.2448025], [85.3583485, 28.2448063], [85.3583902, 28.2448234], [85.3584031, 28.2448266], [85.3584369, 28.2448449], [85.3584456, 28.2448468], [85.3584891, 28.2448465], [85.3584944, 28.2448443], [85.358507, 28.2448322], [85.3585137, 28.2448197], [85.3585157, 28.244804], [85.3585157, 28.2447299], [85.3585206, 28.2447166], [85.3585245, 28.2447128], [85.3585483, 28.2447051], [85.3586042, 28.2447019], [85.3586211, 28.2446983], [85.3586331, 28.2446923], [85.3586416, 28.2446838], [85.3586496, 28.2446689], [85.3586557, 28.2446192], [85.3586962, 28.2446122], [85.358737, 28.2445814], [85.3587689, 28.2445713], [85.35877, 28.2445703], [85.3587813, 28.2445866], [85.3588196, 28.2446085], [85.3588392, 28.2446089], [85.3588501, 28.2446056], [85.3588585, 28.2445931], [85.3588589, 28.2445558], [85.358853, 28.2445331], [85.3588796, 28.2445225], [85.3589128, 28.2445414], [85.3589319, 28.2445718], [85.3589514, 28.24459], [85.3589537, 28.2446187], [85.3589573, 28.2446265], [85.3589573, 28.2446654], [85.3589459, 28.2446878], [85.3589462, 28.2446987], [85.3589513, 28.2447075], [85.3589589, 28.2447122], [85.358969, 28.2447129], [85.3590492, 28.2447749], [85.3590698, 28.2448109], [85.3590639, 28.2448395], [85.3590637, 28.2448672], [85.3590826, 28.2449092], [85.3591097, 28.2449343], [85.3591266, 28.2449411], [85.3591639, 28.2449432], [85.3592152, 28.2449628], [85.3592668, 28.244965], [85.35928, 28.2449606], [85.359292, 28.2449495], [85.3593053, 28.2449204], [85.359362, 28.244912], [85.35941, 28.244912], [85.3594167, 28.2449177], [85.3594198, 28.2449331], [85.3594198, 28.2449547], [85.3594123, 28.2449731], [85.3594119, 28.2449868], [85.3594152, 28.2449977], [85.3594405, 28.2450084], [85.3594836, 28.2450371], [85.3595071, 28.245071], [85.3595227, 28.2451167], [85.3595306, 28.2451623], [85.3595579, 28.2452158], [85.3595866, 28.2452354], [85.3596388, 28.2452354], [85.3596965, 28.2452077], [85.3597051, 28.2452068], [85.3597129, 28.2452033], [85.3597311, 28.2452033], [85.3597474, 28.2452123], [85.3597667, 28.2452536], [85.3598006, 28.2452745], [85.3598136, 28.2453006], [85.3598436, 28.2453436], [85.3598971, 28.2453763], [85.3599414, 28.2453906], [85.3601059, 28.2453963], [85.3601125, 28.2454106], [85.360124, 28.2454492], [85.36014, 28.2454671], [85.3601546, 28.2454786], [85.3602238, 28.2455063], [85.3602383, 28.245515], [85.3602595, 28.245556], [85.3602749, 28.2456088], [85.3603207, 28.2456556], [85.3603411, 28.245688], [85.3603606, 28.2457006], [85.3603888, 28.2457123], [85.3604169, 28.245715], [85.3605016, 28.2457815], [85.3605028, 28.2457906], [85.360516, 28.2458239], [85.3605175, 28.2458386], [85.3605272, 28.2458558], [85.3605515, 28.2458745], [85.3605725, 28.2458853], [85.3605991, 28.2459066], [85.3606144, 28.2459318], [85.3606253, 28.2459596], [85.3606348, 28.2459977], [85.3606485, 28.2460298], [85.3606635, 28.2460497], [85.360692, 28.2460738], [85.3607151, 28.246081], [85.3607361, 28.2460795], [85.3608143, 28.2460246], [85.3608308, 28.2460097], [85.3608841, 28.2460264], [85.3608984, 28.2460386], [85.3609087, 28.246103], [85.3609297, 28.2461495], [85.3609351, 28.2461729], [85.3610046, 28.2462908], [85.3610437, 28.2463366], [85.3610677, 28.2463506], [85.3611314, 28.2463501], [85.3611518, 28.246338], [85.3611725, 28.2463056], [85.3611831, 28.2462891], [85.3612004, 28.2462862], [85.3612555, 28.2462862], [85.3612692, 28.2462918], [85.3613594, 28.2463423], [85.3614127, 28.2464015], [85.3614315, 28.2464134], [85.3614333, 28.2464722], [85.3614633, 28.2465379], [85.3614751, 28.246571], [85.3614795, 28.2466395], [85.3614861, 28.2466582], [85.3615026, 28.2466692], [85.3615136, 28.2466648], [85.3615433, 28.2466353], [85.3615794, 28.2466479], [85.3615885, 28.2466562], [85.3616055, 28.2467012], [85.3616082, 28.2467634], [85.3616152, 28.2467974], [85.3616223, 28.2468089], [85.3616475, 28.2468303], [85.3616612, 28.2468338], [85.3616614, 28.2468496], [85.3616691, 28.2468702], [85.3616829, 28.2468901], [85.3617018, 28.2468987], [85.3617313, 28.246898], [85.3617847, 28.2468678], [85.3618351, 28.2468619], [85.361895, 28.2468619], [85.3619577, 28.2468813], [85.361981, 28.2469071], [85.3620094, 28.2469259], [85.3620271, 28.2469321], [85.3620593, 28.2469321], [85.3620777, 28.2469258], [85.3621331, 28.2469262], [85.3621391, 28.2469222], [85.3621823, 28.246932], [85.3621955, 28.2469538], [85.3622439, 28.2469987], [85.3622526, 28.247017], [85.3622651, 28.2470294], [85.3623176, 28.2471199], [85.3623832, 28.2471558], [85.3624009, 28.2471712], [85.3624013, 28.2471746], [85.3624172, 28.2471902], [85.3624239, 28.247192], [85.3624228, 28.2471962], [85.3624307, 28.2472215], [85.3624624, 28.2472756], [85.3624836, 28.2473152], [85.3625325, 28.2473767], [85.3625442, 28.2474012], [85.3625777, 28.2475391], [85.3625777, 28.2475632], [85.3626472, 28.247645], [85.3626607, 28.2476725], [85.3626639, 28.2476883], [85.3627026, 28.2477624], [85.3627147, 28.2478008], [85.3627386, 28.2478512], [85.3627462, 28.2479309], [85.3627537, 28.2479544], [85.3627538, 28.2480913], [85.362759, 28.248107], [85.3627619, 28.2481488], [85.3627719, 28.2481825], [85.362779, 28.2481981], [85.3627798, 28.2482023], [85.3627915, 28.2482281], [85.3627939, 28.2482331], [85.3628007, 28.2482665], [85.3628112, 28.2482927], [85.362843, 28.248348], [85.3628854, 28.2483939], [85.3629203, 28.2484519], [85.3629719, 28.2485093], [85.3629973, 28.2485444], [85.3630054, 28.2485683], [85.3630372, 28.2486288], [85.3630805, 28.2486883], [85.3631127, 28.2487205], [85.3631285, 28.2487315], [85.3631982, 28.2487585], [85.3632134, 28.2487609], [85.3632612, 28.2487821], [85.3633051, 28.2487924], [85.3633521, 28.2488328], [85.3633819, 28.2488411], [85.3633938, 28.2488467], [85.3634411, 28.2488815], [85.3634611, 28.2489339], [85.3634897, 28.2491065], [85.3635316, 28.2491792], [85.3636218, 28.2492276], [85.3637461, 28.2492122], [85.3637609, 28.249219], [85.363789, 28.2492227], [85.3638162, 28.2492367], [85.3638204, 28.2492645], [85.3638207, 28.2493115], [85.3638303, 28.2493362], [85.3638221, 28.2495182], [85.3638243, 28.249637], [85.3638309, 28.2498373], [85.3638309, 28.2499496], [85.3638023, 28.2500135], [85.3637627, 28.2500311], [85.3636877, 28.2500417], [85.3636636, 28.2500597], [85.3636592, 28.2500883], [85.3636724, 28.2501213], [85.3637847, 28.2501455], [85.3638089, 28.2501719], [85.3638177, 28.2502072], [85.3638243, 28.2502622], [85.3637919, 28.2503397], [85.3637781, 28.2504185], [85.3637715, 28.2505087], [85.3637715, 28.2505593], [85.3637737, 28.2505968], [85.3638307, 28.2506425], [85.3638274, 28.2507041], [85.3638341, 28.2507325], [85.36384, 28.2507412], [85.3638039, 28.2508368], [85.3637992, 28.2509041], [85.3638061, 28.2509389], [85.3638215, 28.250965], [85.3638579, 28.2510075], [85.3638454, 28.2511413], [85.3638344, 28.2511471], [85.363804, 28.2511824], [85.363802, 28.2511891], [85.3637931, 28.2511965], [85.3637773, 28.2512164], [85.3637683, 28.2512399], [85.3637645, 28.2512738], [85.3637365, 28.2513646], [85.3637232, 28.2513995], [85.3636769, 28.2514931], [85.3636106, 28.2515914], [85.3635634, 28.2516455], [85.3635283, 28.251707], [85.3635219, 28.2517266], [85.3634892, 28.2517884], [85.3634504, 28.2518441], [85.3634373, 28.2518666], [85.363422, 28.2518777], [85.3634139, 28.2518861], [85.3634021, 28.2519029], [85.363388, 28.2519195], [85.3633698, 28.2519467], [85.3633644, 28.2519516], [85.3633533, 28.2519672], [85.3633472, 28.2519823], [85.3633393, 28.2519958], [85.3633271, 28.2519933], [85.3633182, 28.2519942], [85.3633018, 28.252001], [85.3632878, 28.2520143], [85.3632678, 28.252044], [85.3632589, 28.2520528], [85.3632245, 28.2520713], [85.3631213, 28.2520726], [85.3631039, 28.2520761], [85.3630891, 28.252086], [85.3630871, 28.2520885], [85.3630865, 28.2520883], [85.3630576, 28.2520878], [85.3630316, 28.2520903], [85.3630122, 28.2520906], [85.3630089, 28.2520913], [85.3630018, 28.2520878], [85.362993, 28.2520862], [85.3629409, 28.252092], [85.3628758, 28.2521053], [85.3627954, 28.2521459], [85.3627733, 28.2521608], [85.3627462, 28.2521843], [85.3627173, 28.2521951], [85.3626961, 28.252208], [85.3626187, 28.2522364], [85.3625806, 28.2522459], [85.3625552, 28.2522487], [85.3625549, 28.2522485], [85.3625417, 28.2522426], [85.3625238, 28.2522422], [85.3625098, 28.252245], [85.3624779, 28.2522606], [85.3624619, 28.252265], [85.3624415, 28.2522748], [85.3624225, 28.252291], [85.3624136, 28.2523018], [85.3624109, 28.2523103], [85.3624111, 28.252329], [85.3624165, 28.2523426], [85.3624225, 28.2523502], [85.3624555, 28.2523717], [85.3624615, 28.2523766], [85.3624649, 28.2523814], [85.3624731, 28.2524034], [85.3624731, 28.2524263], [85.3624705, 28.2524329], [85.3624607, 28.2524482], [85.3624381, 28.2524665], [85.3624279, 28.2524663], [85.3624104, 28.2524604], [85.362384, 28.2524496], [85.3623697, 28.2524413], [85.3623626, 28.2524396], [85.3623441, 28.2524387], [85.3623338, 28.25244], [85.3623255, 28.2524434], [85.3623153, 28.2524521], [85.3623074, 28.2524632], [85.362304, 28.2524714], [85.3623028, 28.2524784], [85.3623027, 28.2524977], [85.3623063, 28.2525128], [85.3623074, 28.2525241], [85.3623179, 28.2525458], [85.3623179, 28.2525526], [85.3623171, 28.2525581], [85.3623136, 28.2525662], [85.3623058, 28.2525799], [85.3622981, 28.2525902], [85.3622854, 28.2526196], [85.3622838, 28.2526265], [85.3622838, 28.2526354], [85.362285, 28.2526383], [85.362285, 28.2526404], [85.3623007, 28.2526723], [85.3623087, 28.2526803], [85.362327, 28.2526871], [85.3623536, 28.2526883], [85.3623656, 28.2526853], [85.3623975, 28.2526593], [85.3624099, 28.2526525], [85.3624235, 28.2526428], [85.3624439, 28.2526327], [85.3624546, 28.2526288], [85.3624618, 28.2526285], [85.3624751, 28.2526529], [85.3624904, 28.2526732], [85.3625048, 28.252699], [85.3625144, 28.2527081], [85.362525, 28.2527121], [85.3625347, 28.2527136], [85.3625524, 28.2527137], [85.3625873, 28.2527102], [85.3626084, 28.2527052], [85.3626412, 28.2526896], [85.3626624, 28.2526841], [85.3626896, 28.2526841], [85.3627119, 28.252693], [85.3627328, 28.2526957], [85.3627472, 28.2526959], [85.3627862, 28.2526953], [85.3628044, 28.2526882], [85.3628296, 28.2526729], [85.3628381, 28.2526782], [85.3628561, 28.2526841], [85.3628909, 28.252684], [85.3629016, 28.2526803], [85.3629118, 28.2526724], [85.3629219, 28.2526614], [85.3629378, 28.2526372], [85.3629395, 28.2526284], [85.3629395, 28.2526034], [85.3629421, 28.2525875], [85.3629445, 28.2525766], [85.3629492, 28.2525717], [85.3629607, 28.2525703], [85.3629833, 28.2525806], [85.363003, 28.2525936], [85.3630175, 28.2526], [85.3630264, 28.2526015], [85.363064, 28.252601], [85.3630818, 28.2526138], [85.3630868, 28.2526254], [85.3630926, 28.2526321], [85.3631022, 28.2526369], [85.3631111, 28.2526376], [85.3631195, 28.2526347], [85.3631284, 28.2526294], [85.3631358, 28.2526229], [85.3631426, 28.252614], [85.3631434, 28.2526145], [85.3631724, 28.2526282], [85.3631908, 28.2526309], [85.363239, 28.252631], [85.3632604, 28.2526276], [85.3632753, 28.2526274], [85.3633267, 28.252619], [85.3633648, 28.2526158], [85.3633895, 28.2526155], [85.3634329, 28.2526091], [85.3634838, 28.2526086], [85.3634888, 28.2526066], [85.3635032, 28.2526061], [85.3635159, 28.2526014], [85.3635214, 28.2525981], [85.3635371, 28.2525939], [85.3635711, 28.2525939], [85.3635831, 28.2525956], [85.3636023, 28.2525959], [85.3636165, 28.2526033], [85.3636315, 28.2526141], [85.3636389, 28.2526236], [85.3636396, 28.2526355], [85.3636385, 28.2526397], [85.3636313, 28.2526564], [85.3636111, 28.2526878], [85.3636023, 28.2527073], [85.3636003, 28.2527167], [85.3636004, 28.2527409], [85.3636085, 28.2527629], [85.3636152, 28.2527737], [85.3636269, 28.2527821], [85.3636428, 28.2527874], [85.3636607, 28.2527879], [85.3636859, 28.2528149], [85.3637112, 28.2528546], [85.3637201, 28.2528601], [85.3637318, 28.2528608], [85.3637375, 28.2528588], [85.3637434, 28.2528546], [85.3637484, 28.2528472], [85.3637494, 28.2528435], [85.3637619, 28.2528363], [85.3637706, 28.252828], [85.3637799, 28.2528149], [85.3637857, 28.2528123], [85.3638027, 28.2528081], [85.3638191, 28.2528081], [85.3638245, 28.2528153], [85.3638277, 28.2528235], [85.3638277, 28.2528566], [85.3638201, 28.252878], [85.3638129, 28.2529069], [85.3638082, 28.2529177], [85.3637998, 28.2529253], [85.3637947, 28.2529329], [85.3637797, 28.2529664], [85.3637754, 28.2529827], [85.3637755, 28.2530047], [85.3637743, 28.2530066], [85.3637708, 28.253024], [85.3637741, 28.2530707], [85.3637721, 28.253125], [85.3637708, 28.2531809], [85.3637741, 28.2532031], [85.363781, 28.2532254], [85.3637923, 28.2532461], [85.3637923, 28.2533263], [85.3637935, 28.2533443], [85.3637966, 28.2533618], [85.3637978, 28.2533903], [85.3637991, 28.2533946], [85.3637991, 28.2533947], [85.3637973, 28.2534053], [85.3637965, 28.2535751], [85.3637866, 28.2536387], [85.3637866, 28.2538095], [85.3638056, 28.2538977], [85.3638075, 28.253932], [85.3638134, 28.2539512], [85.3638356, 28.2539845], [85.3638664, 28.254005], [85.3638682, 28.2540207], [85.3638595, 28.2540283], [85.3638518, 28.2540407], [85.3638487, 28.2540553], [85.3638557, 28.2541854], [85.3638668, 28.2542287], [85.3638864, 28.2542679], [85.3639166, 28.2542998], [85.3639411, 28.2543366], [85.3638556, 28.254408], [85.3638412, 28.2544483], [85.3638715, 28.2545031], [85.3638816, 28.2545895], [85.3638902, 28.2546644], [85.3638807, 28.2547069], [85.3638646, 28.2547345], [85.3638657, 28.2547403], [85.3638428, 28.2547719], [85.3637886, 28.2548982], [85.3637599, 28.2549414], [85.3637203, 28.2550075], [85.3637038, 28.2550856], [85.3636807, 28.2551571], [85.3636532, 28.2552441], [85.36364, 28.2553156], [85.3636411, 28.2554092], [85.3636477, 28.2554752], [85.3637192, 28.2557239], [85.3637445, 28.2557801], [85.3638028, 28.255845], [85.363848, 28.2559188], [85.3638744, 28.2560219], [85.3638832, 28.256068], [85.3638849, 28.2561328], [85.3638959, 28.2562275], [85.3639039, 28.2562957], [85.3639061, 28.2563559], [85.3639267, 28.2563911], [85.3639861, 28.256419], [85.3640915, 28.2564403], [85.364092, 28.2565606], [85.3640999, 28.2565767], [85.3641254, 28.2566022], [85.3641305, 28.256634], [85.3641403, 28.2566549], [85.3641401, 28.2566817], [85.364116, 28.2567165], [85.3640899, 28.2567739], [85.3640877, 28.256774], [85.3640744, 28.25678], [85.3640665, 28.2567869], [85.3640366, 28.2568396], [85.3640305, 28.2568565], [85.3640228, 28.2568948], [85.3640229, 28.2569764], [85.3640441, 28.2570344], [85.3640751, 28.2570848], [85.364099, 28.257107], [85.364092, 28.2571242], [85.3640885, 28.2571833], [85.3641007, 28.257217], [85.364142, 28.2572637], [85.3641454, 28.2572807], [85.3641563, 28.2572984], [85.3641602, 28.2573254], [85.3641784, 28.2573476], [85.3641798, 28.2573485], [85.3641825, 28.2573583], [85.3641987, 28.2573856], [85.364233, 28.2574171], [85.3642699, 28.2574624], [85.3642936, 28.2574861], [85.3643037, 28.257495], [85.3643541, 28.2575449], [85.3643878, 28.2575611], [85.3644157, 28.2575669], [85.3644964, 28.257564], [85.3645419, 28.2575977], [85.364561, 28.2576374], [85.3646127, 28.2576648], [85.3646183, 28.2576875], [85.3646286, 28.2577001], [85.3646621, 28.2577171], [85.3647077, 28.257743], [85.364721, 28.2577709], [85.3647195, 28.2577944], [85.3646966, 28.2578063], [85.3646196, 28.2578063], [85.3646003, 28.2578112], [85.3645287, 28.2578627], [85.3645063, 28.2578865], [85.3645007, 28.2579288], [85.3645028, 28.257964], [85.3645255, 28.2579893], [85.3645907, 28.2580267], [85.3646564, 28.2580615], [85.3647679, 28.2580996], [85.364853, 28.258129], [85.3649102, 28.2581862], [85.3650056, 28.2582273], [85.3650387, 28.2582227], [85.3650648, 28.2582352], [85.3650646, 28.2582366], [85.3650655, 28.2582455], [85.3650685, 28.2582527], [85.3650792, 28.2583051], [85.3650723, 28.2583125], [85.3650655, 28.2583289], [85.3650662, 28.2583532], [85.3650776, 28.2583758], [85.3650883, 28.2583858], [85.3651247, 28.2584077], [85.3651987, 28.2584366], [85.3652479, 28.2584676], [85.3652993, 28.2584811], [85.3653225, 28.2584811], [85.3653699, 28.2585171], [85.3654416, 28.2585494], [85.3654698, 28.258555], [85.3655148, 28.2585766], [85.3655721, 28.2585736], [85.3656828, 28.2585767], [85.3656962, 28.2585834], [85.3657257, 28.2586062], [85.3657469, 28.2586547], [85.3657515, 28.258669], [85.3657588, 28.2587195], [85.3657682, 28.25875], [85.365778, 28.2587647], [85.3657945, 28.2587763], [85.3658119, 28.2587798], [85.365831, 28.2587763], [85.3658509, 28.2587631], [85.3658697, 28.2587354], [85.365885, 28.2587325], [85.3658868, 28.2587325], [85.3659001, 28.2587359], [85.365925, 28.2587366], [85.3659411, 28.2587416], [85.3659501, 28.2587506], [85.3659717, 28.2587622], [85.3659918, 28.2587772], [85.3660144, 28.2587862], [85.3660407, 28.2588092], [85.3660475, 28.2588392], [85.366071, 28.2588627], [85.3661106, 28.2588832], [85.3662104, 28.2589023], [85.3662501, 28.2589126], [85.3662985, 28.258939], [85.3663161, 28.2589669], [85.3663023, 28.2590324], [85.3663014, 28.2590799], [85.366319, 28.2590975], [85.3663572, 28.2590975], [85.3663939, 28.2590696], [85.3664364, 28.2590711], [85.3664667, 28.2591031], [85.3665054, 28.2591841], [85.3665259, 28.2592589], [85.3665612, 28.2593455], [85.3666022, 28.2593881], [85.3666817, 28.2594145], [85.3667607, 28.2594626], [85.366907, 28.2595044], [85.3669385, 28.2595418], [85.3669916, 28.259578], [85.3670458, 28.2596006], [85.3670987, 28.2596147], [85.3671379, 28.259618], [85.3672253, 28.2596617], [85.3672401, 28.2596815], [85.3672612, 28.2597337], [85.3672867, 28.2598885], [85.3673207, 28.2599588], [85.3673429, 28.2600296], [85.3673612, 28.2600478], [85.3673708, 28.2600535], [85.3673706, 28.2600584], [85.3673741, 28.2600759], [85.3673857, 28.260094], [85.3674044, 28.2601115], [85.3674123, 28.2601157], [85.3674297, 28.2601192], [85.3674688, 28.2601192], [85.3674812, 28.2601246], [85.3675326, 28.2601633], [85.3675365, 28.2601646], [85.3675441, 28.2601868], [85.367554, 28.2602045], [85.3675714, 28.2602211], [85.3676012, 28.2602405], [85.3678277, 28.2602916], [85.3678386, 28.2603056], [85.3678548, 28.260319], [85.3678745, 28.2603283], [85.3679129, 28.2603405], [85.3679557, 28.2603489], [85.3679947, 28.2603537], [85.3680391, 28.2603528], [85.3680558, 28.2603479], [85.3680642, 28.2603435], [85.3681134, 28.2603354], [85.3681655, 28.2603124], [85.3682208, 28.2603132], [85.3682398, 28.2603106], [85.3682733, 28.2602966], [85.3683081, 28.2602732], [85.3683523, 28.2602509], [85.3684064, 28.2602377], [85.3686009, 28.2602381], [85.3686223, 28.2602296], [85.3686249, 28.260227], [85.3686352, 28.2602274], [85.3686886, 28.2602359], [85.3687624, 28.2602656], [85.3689018, 28.2603052], [85.3689613, 28.2602937], [85.3690145, 28.2603044], [85.3691905, 28.260365], [85.3692731, 28.2604176], [85.3693045, 28.2604726], [85.3693101, 28.2605845], [85.3693054, 28.2606677], [85.3693112, 28.2607014], [85.3693406, 28.2607323], [85.3693963, 28.2607528], [85.3694389, 28.2607895], [85.3694624, 28.2608482], [85.3695049, 28.2608775], [85.3695416, 28.260879], [85.3695914, 28.2608572], [85.3696649, 28.2608572], [85.3697092, 28.2608502], [85.370019, 28.2608502], [85.3700586, 28.2608567], [85.3700742, 28.2609011], [85.3700787, 28.2609346], [85.3700894, 28.2609567], [85.3701179, 28.2609852], [85.3701746, 28.2609968], [85.3702441, 28.2610006], [85.3702612, 28.2610173], [85.3702807, 28.2610773], [85.3702777, 28.2612616], [85.3702854, 28.2612856], [85.3703001, 28.2613003], [85.3703347, 28.261312], [85.3703876, 28.261312], [85.3704096, 28.2613057], [85.3704837, 28.261309], [85.370519, 28.2613295], [85.3705536, 28.2613708], [85.3705557, 28.2614767], [85.3705688, 28.2615095], [85.3706045, 28.2615412], [85.3706134, 28.2615729], [85.370627, 28.2616], [85.370627, 28.2616274], [85.3706117, 28.2616735], [85.3705982, 28.2617331], [85.3706143, 28.2617595], [85.3706393, 28.2617683], [85.370676, 28.2617639], [85.3707171, 28.2617683], [85.3707523, 28.2618167], [85.3707758, 28.2618637], [85.370808, 28.2619151], [85.3708418, 28.2619415], [85.37088, 28.2619473], [85.3709217, 28.2619289], [85.3709397, 28.2619313], [85.3709556, 28.26193], [85.3709649, 28.2619262], [85.3709792, 28.2619382], [85.3709874, 28.2619534], [85.3709944, 28.2619919], [85.3709944, 28.2619992], [85.370993, 28.2620035], [85.3709779, 28.2620678], [85.3709779, 28.2621318], [85.3709802, 28.2621435], [85.3709865, 28.2621594], [85.3710107, 28.2621961], [85.3710133, 28.2622064], [85.3710026, 28.2622488], [85.3710026, 28.2622672], [85.3710077, 28.2622795], [85.3710132, 28.2622859], [85.3710243, 28.2622933], [85.3710531, 28.262323], [85.371059, 28.2623538], [85.3710504, 28.2624422], [85.3710409, 28.2624579], [85.3710317, 28.262468], [85.3710242, 28.2624818], [85.3710209, 28.2624967], [85.3710216, 28.2625126], [85.3710235, 28.262519], [85.3710309, 28.2625301], [85.3710361, 28.2625343], [85.3710484, 28.2625394], [85.37106, 28.26254], [85.3710794, 28.2625369], [85.371091, 28.2625322], [85.3711219, 28.2625363], [85.3711222, 28.2626387], [85.3711271, 28.2626617], [85.3711333, 28.2626756], [85.371147, 28.2626977], [85.3711869, 28.2627431], [85.3712013, 28.2627649], [85.3712158, 28.2627771], [85.371251, 28.2628261], [85.3712621, 28.2628336], [85.3712685, 28.2628355], [85.3712819, 28.2628355], [85.3712911, 28.2628317], [85.3712948, 28.2628372], [85.3713432, 28.262868], [85.3713705, 28.2628944], [85.3713705, 28.2629545], [85.3713466, 28.2630219], [85.371346, 28.2630623], [85.3713577, 28.2630988], [85.371395, 28.2631506], [85.371395, 28.2631778], [85.3713845, 28.2632093], [85.371386, 28.2632846], [85.3714173, 28.2633584], [85.3714217, 28.2633809], [85.3714827, 28.2635205], [85.3715119, 28.2635612], [85.3715277, 28.2635927], [85.3715268, 28.2636181], [85.3715139, 28.2636496], [85.3714772, 28.2636687], [85.3714449, 28.2637083], [85.3714244, 28.263792], [85.3714244, 28.2638419], [85.3714097, 28.2638932], [85.3714014, 28.2639436], [85.3713802, 28.263965], [85.3713545, 28.2640121], [85.371343, 28.2640439], [85.3713425, 28.264161], [85.3713365, 28.2641782], [85.3712729, 28.2642195], [85.3711817, 28.2642539], [85.3711333, 28.264282], [85.3710447, 28.2643703], [85.3710079, 28.2644218], [85.3709703, 28.2645001], [85.3709603, 28.2645321], [85.3709496, 28.2645392], [85.3709432, 28.264547], [85.3709355, 28.2645655], [85.3709355, 28.2645855], [85.3709432, 28.2646039], [85.3709515, 28.2646136], [85.3709675, 28.2646245], [85.3709777, 28.2646276], [85.3709974, 28.2646277], [85.3710386, 28.2646089], [85.3711022, 28.2646], [85.3711245, 28.2645852], [85.371142, 28.2645633], [85.371196, 28.2645383], [85.3712357, 28.2645068], [85.3712617, 28.2644933], [85.3713265, 28.2644802], [85.3713994, 28.2644375], [85.3714288, 28.2644116], [85.3714574, 28.2643746], [85.3715178, 28.2643648], [85.3715706, 28.264361], [85.3715848, 28.2643629], [85.3716171, 28.2643799], [85.3716366, 28.2643841], [85.3716616, 28.2643953], [85.3716766, 28.2644074], [85.3717029, 28.2644197], [85.3717468, 28.2644511], [85.3717632, 28.2644585], [85.3717867, 28.2644777], [85.3717974, 28.2644821], [85.3717975, 28.2645758], [85.3718145, 28.2646251], [85.3718511, 28.2646671], [85.3719269, 28.2647219], [85.3719303, 28.264746], [85.3719234, 28.2647852], [85.3719234, 28.2648697], [85.3719347, 28.2648991], [85.3719347, 28.2649006], [85.3719291, 28.2649108], [85.3719224, 28.2649374], [85.3719161, 28.2649866], [85.3719167, 28.2650333], [85.3719319, 28.2651055], [85.37195, 28.2651644], [85.371952, 28.2651686], [85.3719516, 28.265207], [85.3719593, 28.2652599], [85.371977, 28.2652934], [85.3719988, 28.2653143], [85.372014, 28.2653215], [85.3720765, 28.2653052], [85.3721112, 28.2653004], [85.3722389, 28.2653014], [85.3722769, 28.2653081], [85.3723125, 28.2653306], [85.3723524, 28.2653591], [85.3723891, 28.2654048], [85.3723924, 28.2654102], [85.3725376, 28.2654998], [85.3726687, 28.265562], [85.3726794, 28.2655756], [85.372705, 28.265589], [85.3727719, 28.2656166], [85.3727701, 28.2656219], [85.3727805, 28.2656417], [85.3727805, 28.2656783], [85.3727667, 28.2656963], [85.372764, 28.2657052], [85.3727601, 28.2657375], [85.372744, 28.2657661], [85.372733, 28.2657794], [85.372711, 28.2657918], [85.3727017, 28.2658027], [85.3727001, 28.2658718], [85.3727153, 28.2659056], [85.3727825, 28.2659616], [85.3728897, 28.2660194], [85.3729451, 28.2660641], [85.3730888, 28.2661203], [85.3731066, 28.2661317], [85.3731066, 28.2661378], [85.3731142, 28.2661563], [85.3731301, 28.2661755], [85.3731834, 28.2662229], [85.373218, 28.2662441], [85.3732521, 28.2662705], [85.3732802, 28.2662995], [85.3733097, 28.2663131], [85.3733454, 28.2663153], [85.3733643, 28.266311], [85.3733858, 28.2663199], [85.3734266, 28.2663199], [85.3734398, 28.2663158], [85.3734445, 28.2663127], [85.3734823, 28.2663133], [85.3734994, 28.2663159], [85.3734994, 28.26632], [85.3735071, 28.2663385], [85.3735482, 28.2663799], [85.3735669, 28.2664416], [85.3735801, 28.2664758], [85.3735936, 28.2664993], [85.3736136, 28.2665331], [85.373669, 28.2665967], [85.3736947, 28.2666152], [85.3737169, 28.2666547], [85.3737446, 28.2666739], [85.3738081, 28.2666911], [85.373844, 28.2666916], [85.3738566, 28.2666943], [85.373878, 28.2666953], [85.373888, 28.2666943], [85.3738928, 28.2666923], [85.3739041, 28.2666925], [85.3739088, 28.2666908], [85.3739176, 28.266694], [85.3739825, 28.26669], [85.3740459, 28.2666725], [85.3740949, 28.2666661], [85.3742158, 28.2666766], [85.3743142, 28.2667036], [85.3743419, 28.2667278], [85.3743617, 28.2667423], [85.3744064, 28.2667645], [85.3744213, 28.2667675], [85.3744248, 28.2667754], [85.3744409, 28.2667908], [85.3745297, 28.2668424], [85.374566, 28.2668543], [85.3745703, 28.2668621], [85.3745729, 28.2669057], [85.3745753, 28.2669305], [85.3745828, 28.2669582], [85.374608, 28.2670019], [85.3746231, 28.267015], [85.3746579, 28.2670284], [85.3746948, 28.2670502], [85.3747257, 28.2671005], [85.3747408, 28.2671136], [85.3747789, 28.267127], [85.3748016, 28.267128], [85.3748211, 28.2671336], [85.3748433, 28.2671487], [85.3748705, 28.2671545], [85.374892, 28.2671544], [85.3748943, 28.2671602], [85.3749083, 28.2671794], [85.3749332, 28.2672024], [85.3749482, 28.2672231], [85.3749839, 28.2672556], [85.3750203, 28.2673081], [85.3750186, 28.2673976], [85.3750072, 28.267462], [85.3750111, 28.2674949], [85.3750222, 28.2675115], [85.3750388, 28.2675226], [85.3750469, 28.2675242], [85.3750525, 28.2675423], [85.3750959, 28.2675899], [85.3751123, 28.2675971], [85.3751289, 28.2676139], [85.3751431, 28.2676354], [85.3751457, 28.2677616], [85.3751367, 28.2677859], [85.3751357, 28.2677872], [85.3751357, 28.2677884], [85.3751178, 28.2678366], [85.3751072, 28.2678783], [85.375047, 28.26794], [85.3750338, 28.2679664], [85.3750338, 28.2680001], [85.3750338, 28.2680324], [85.3750359, 28.2680868], [85.375034, 28.2681067], [85.3750695, 28.2682742], [85.3750765, 28.2683146], [85.3750971, 28.2683929], [85.3751107, 28.2684248], [85.375124, 28.2684469], [85.3751646, 28.2685036], [85.3751849, 28.2685376], [85.3752413, 28.268673], [85.3752679, 28.2687204], [85.3752881, 28.2687447], [85.3752974, 28.2687634], [85.375313, 28.2687747], [85.3753176, 28.2687803], [85.3753677, 28.2688173], [85.375402, 28.2688521], [85.3754135, 28.2688681], [85.3754653, 28.2689481], [85.3755078, 28.2689819], [85.375543, 28.2689833], [85.375592, 28.2689682], [85.3756107, 28.2689613], [85.3756373, 28.2689613], [85.3756463, 28.2690117], [85.3756282, 28.2690626], [85.3756365, 28.2691541], [85.3756449, 28.2691708], [85.3756838, 28.26921], [85.3756915, 28.2692251], [85.3756917, 28.2693461], [85.3757099, 28.2694091], [85.3757592, 28.2695051], [85.3757749, 28.2695439], [85.3757852, 28.2695938], [85.3757573, 28.2696554], [85.3757424, 28.2697249], [85.3757327, 28.2697517], [85.3757025, 28.2698025], [85.3757025, 28.2698449], [85.3757195, 28.2699], [85.3757195, 28.2700116], [85.375707, 28.2700465], [85.3756737, 28.2700692], [85.3756179, 28.2700957], [85.3755709, 28.2701045], [85.3755357, 28.2701206], [85.3755137, 28.2701427], [85.3755063, 28.2701793], [85.3755166, 28.2702116], [85.3755445, 28.2702322], [85.3755753, 28.270285], [85.3756003, 28.2703525], [85.375634, 28.2704024], [85.3757005, 28.2704421], [85.3757379, 28.2705331], [85.3757558, 28.2705858], [85.3757558, 28.2706416], [85.3757212, 28.2706805], [85.3756689, 28.2706995], [85.3756371, 28.2707155], [85.3756366, 28.2707467], [85.3756567, 28.2707716], [85.3756786, 28.2707932], [85.375716, 28.2708291], [85.375736, 28.2708885], [85.375788, 28.2709163], [85.3758688, 28.270916], [85.3759158, 28.2709527], [85.3759451, 28.270982], [85.3759642, 28.2710378], [85.3759642, 28.2710701], [85.3759583, 28.2711053], [85.3759349, 28.2711376], [85.3759099, 28.2711567], [85.3758654, 28.2711615], [85.375794, 28.2711537], [85.3757602, 28.2711581], [85.3757397, 28.2711802], [85.3757309, 28.271208], [85.3757309, 28.2712359], [85.3757382, 28.2712594], [85.3757529, 28.2712741], [85.3757866, 28.2712887], [85.3758266, 28.2713102], [85.3758375, 28.2713458], [85.3758968, 28.2714241], [85.3759709, 28.2714951], [85.3761574, 28.2715767], [85.376186, 28.2716159], [85.376204, 28.2716659], [85.3761885, 28.2717249], [85.3762039, 28.2718081], [85.3761987, 28.2718801], [85.3761725, 28.2719555], [85.3761735, 28.2720238], [85.3761679, 28.2721161], [85.37615, 28.2721972], [85.3761614, 28.2722693], [85.3761576, 28.2726113], [85.3761311, 28.2727544], [85.3761223, 28.2728226], [85.3760607, 28.2728953], [85.3760146, 28.2729416], [85.3760365, 28.2730157], [85.3760546, 28.2730566], [85.3760616, 28.2731453], [85.3760563, 28.2732173], [85.3760319, 28.2733186], [85.376008, 28.2733792], [85.3759282, 28.27355], [85.3759119, 28.2736606], [85.3759109, 28.2737289], [85.3759038, 28.2737824], [85.3758733, 28.2738707], [85.3758723, 28.2738776], [85.3758237, 28.2739988], [85.3758022, 28.2740213], [85.3757614, 28.2740947], [85.3757078, 28.2741937], [85.3757026, 28.2742583], [85.3757017, 28.2743174], [85.3757265, 28.2743888], [85.3757147, 28.2744299], [85.375681, 28.274471], [85.375612, 28.2745165], [85.3755518, 28.2745722], [85.3754711, 28.27465], [85.3754315, 28.2747014], [85.3754036, 28.2747212], [85.3753552, 28.2747212], [85.3752862, 28.2747256], [85.3752246, 28.2747549], [85.3751659, 28.2748283], [85.37516, 28.2748797], [85.3752067, 28.2749099], [85.3752586, 28.2749271], [85.3753371, 28.2749742], [85.3754415, 28.2751066], [85.3754691, 28.275214], [85.3755066, 28.2753376], [85.3755061, 28.2753745], [85.375502, 28.275452], [85.3755196, 28.2755298], [85.3755626, 28.2756074], [85.3755691, 28.2756203], [85.375572, 28.2756455], [85.3755677, 28.2756507], [85.375563, 28.2757312], [85.3755206, 28.2758344], [85.3755206, 28.2759432], [85.3755446, 28.2759969], [85.3755446, 28.276044], [85.3755031, 28.2761143], [85.3755026, 28.2761491], [85.3754638, 28.2761718], [85.3754535, 28.2762187], [85.3754718, 28.2762651], [85.375466, 28.276287], [85.3754511, 28.2763004], [85.3754168, 28.2763464], [85.3753668, 28.2763838], [85.3753431, 28.2763873], [85.3753397, 28.2763889], [85.3753276, 28.2763894], [85.3752869, 28.2764043], [85.3752717, 28.27642], [85.3752492, 28.2764303], [85.3752271, 28.2764524], [85.3752201, 28.2765125], [85.3752324, 28.2765422], [85.3752932, 28.2765828], [85.3753331, 28.2765965], [85.375358, 28.2766192], [85.3753804, 28.2766311], [85.3753823, 28.2766378], [85.3754118, 28.2766842], [85.3754784, 28.2767436], [85.3755403, 28.2768109], [85.3755451, 28.2768174], [85.3755973, 28.2768644], [85.375634, 28.2769026], [85.3756472, 28.2769466], [85.3756986, 28.2769877], [85.3757485, 28.2770097], [85.375794, 28.2770229], [85.3758057, 28.2770537], [85.3758211, 28.2771224], [85.3758615, 28.2771714], [85.3758546, 28.2772371], [85.3758342, 28.2772922], [85.3758276, 28.2773389], [85.3758366, 28.277391], [85.3758596, 28.2774259], [85.3758869, 28.2775578], [85.3759231, 28.2776188], [85.3759397, 28.2776581], [85.3759207, 28.2777297], [85.3758918, 28.2778427], [85.3758644, 28.2779548], [85.3758497, 28.2779871], [85.3758321, 28.278048], [85.3757793, 28.2780861], [85.375703, 28.2781331], [85.3756751, 28.2781756], [85.3756751, 28.2782123], [85.375681, 28.2782431], [85.3757059, 28.2782651], [85.375725, 28.2782901], [85.3757411, 28.2783143], [85.3757446, 28.2783531], [85.3757084, 28.2784141], [85.3756964, 28.2784922], [85.3756736, 28.2785321], [85.3756399, 28.2785491], [85.3756061, 28.2785726], [85.3755915, 28.2786093], [85.3755915, 28.2786533], [85.3756076, 28.2787369], [85.375612, 28.2788235], [85.3756252, 28.2788837], [85.3756271, 28.2789222], [85.3756337, 28.2789449], [85.3756505, 28.2789677], [85.3756836, 28.2789875], [85.3757129, 28.2789949], [85.3757401, 28.2790044], [85.3757591, 28.2790073], [85.3757789, 28.2790198], [85.3757848, 28.2790352], [85.3757848, 28.2790535], [85.3757705, 28.2790803], [85.3757617, 28.2791244], [85.3757661, 28.2791566], [85.3757925, 28.2791728], [85.375838, 28.2791889], [85.3758788, 28.279227], [85.375862, 28.2793025], [85.3758509, 28.2793444], [85.3758144, 28.2793942], [85.3764767, 28.2799441], [85.3768373, 28.2791742], [85.3769909, 28.2788461], [85.3768701, 28.2783456], [85.3769622, 28.2779256], [85.3774354, 28.2781554], [85.377969, 28.2784146], [85.3782719, 28.278615], [85.3786629, 28.2788736], [85.3788972, 28.2790287], [85.3790205, 28.2791103], [85.3795078, 28.2785162], [85.3793953, 28.2784553]]]]}, "properties": {"source": "emsr927", "observed_date": "2026-08-28", "aoi": "AOI02"}}]}