{"type": "FeatureCollection", "features": [{"type": "Feature", "geometry": {"type": "LineString", "coordinates": [[85.3298068, 28.1545644], [85.3297772, 28.154483], [85.3296533, 28.1542504], [85.3295497, 28.1541013], [85.3293272, 28.153899], [85.3292438, 28.1538181], [85.3291072, 28.153631], [85.3287836, 28.1533681], [85.3284752, 28.1531785], [85.3284348, 28.1531077], [85.3283463, 28.1529712], [85.3282249, 28.1528423], [85.3281213, 28.1526931], [85.3279974, 28.1525136], [85.3278508, 28.1523518], [85.3277193, 28.1522153], [85.327608, 28.1520514], [85.327602, 28.1518906], [85.327566, 28.1518247], [85.3274446, 28.1517422], [85.3272623, 28.1515846], [85.3271777, 28.1515044], [85.3269868, 28.151417], [85.3268136, 28.1512067], [85.3267295, 28.1510789], [85.3266357, 28.1509478], [85.3266114, 28.1509138], [85.3264933, 28.1508167], [85.326359, 28.1507229], [85.3261729, 28.1505595], [85.3261163, 28.1504802], [85.3259965, 28.150354], [85.3257069, 28.1500595], [85.3256034, 28.1499446], [85.3254367, 28.1498734], [85.3252684, 28.1497667], [85.3251966, 28.1497307]]}, "properties": {"source": "emsr927", "obj_type": "211-Highways, Streets and Roads", "name": "Pasang Lhamu Highway", "dmg": 0.33, "dmg_label": "Possibly damaged", "kind": "road"}}, {"type": "Feature", "geometry": {"type": "LineString", "coordinates": [[85.3325784, 28.1570978], [85.3325898, 28.1568743], [85.3325781, 28.1567587], [85.3325459, 28.1566511], [85.3324889, 28.1565565], [85.3324467, 28.1565174], [85.3324118, 28.1565009], [85.3323703, 28.1565003], [85.3323287, 28.1565127], [85.3321999, 28.1565553], [85.3321436, 28.15656], [85.3320712, 28.1565576], [85.3319921, 28.156547], [85.331899, 28.1565153], [85.3318231, 28.1564654], [85.3305651, 28.1555727], [85.3304283, 28.1554474], [85.3303903, 28.1554096], [85.3301722, 28.1551742], [85.3300908, 28.1550151], [85.3298068, 28.1545644]]}, "properties": {"source": "emsr927", "obj_type": "211-Highways, Streets and Roads", "name": "Pasang Lhamu Highway", "dmg": 1.0, "dmg_label": "Destroyed", "kind": "road"}}, {"type": "Feature", "geometry": {"type": "LineString", "coordinates": [[85.3324711, 28.1576744], [85.3325784, 28.1570978]]}, "properties": {"source": "emsr927", "obj_type": "211-Highways, Streets and Roads", "name": "Unknown", "dmg": 1.0, "dmg_label": "Destroyed", "kind": "road"}}, {"type": "Feature", "geometry": {"type": "LineString", "coordinates": [[85.3369698, 28.1635221], [85.3369644, 28.1633551], [85.3368807, 28.1629938], [85.3368525, 28.1627203], [85.3367322, 28.1625456], [85.3366716, 28.1623995], [85.3366157, 28.1618828], [85.3365478, 28.1617099], [85.3364466, 28.161224], [85.3363676, 28.161059], [85.3363517, 28.1608781], [85.3363222, 28.1607621], [85.3362232, 28.1605529], [85.3361482, 28.1604229], [85.3360437, 28.1603022], [85.3357482, 28.1601198], [85.3349276, 28.1594751], [85.334226, 28.1591141], [85.3340853, 28.1590687], [85.3338915, 28.1590491], [85.3337217, 28.158989], [85.3335564, 28.1589117], [85.333374, 28.1588155], [85.3331319, 28.1585579], [85.3328682, 28.1583688], [85.332532, 28.1580129], [85.3324482, 28.1578638], [85.3324711, 28.1576744]]}, "properties": {"source": "emsr927", "obj_type": "211-Highways, Streets and Roads", "name": "Pasang Lhamu Highway", "dmg": 1.0, "dmg_label": "Destroyed", "kind": "road"}}, {"type": "Feature", "geometry": {"type": "LineString", "coordinates": [[85.3436916, 28.162616], [85.3436558, 28.1626302], [85.3433743, 28.1627913], [85.3432859, 28.1628584]]}, "properties": {"source": "emsr927", "obj_type": "211-Highways, Streets and Roads", "name": "Unknown", "dmg": 0.33, "dmg_label": "Possibly damaged", "kind": "road"}}, {"type": "Feature", "geometry": {"type": "LineString", "coordinates": [[85.3432859, 28.1628584], [85.3430873, 28.1630091], [85.3428494, 28.1630434], [85.3425593, 28.163075], [85.3423985, 28.1631282], [85.3422457, 28.1631211], [85.3419924, 28.1631636], [85.3418356, 28.163231], [85.3417472, 28.1633373], [85.3417793, 28.1633905], [85.3418598, 28.163433], [85.3420045, 28.1634082], [85.3421613, 28.1633621], [85.34229, 28.1633515], [85.3424106, 28.1633479], [85.342491, 28.1633692], [85.3425232, 28.1634401], [85.342499, 28.1634933], [85.342414, 28.1635538], [85.3422272, 28.1636174], [85.3419784, 28.1636702], [85.3418152, 28.1637065], [85.3417231, 28.163713], [85.3416507, 28.1636882], [85.341522, 28.163628], [85.3414295, 28.163635], [85.3413934, 28.163674], [85.3413893, 28.1637201], [85.3414376, 28.163752], [85.3415019, 28.1637733], [85.3415421, 28.1638194], [85.3415461, 28.1639009], [85.3414899, 28.1639718], [85.3413692, 28.1640462], [85.3412165, 28.1640746], [85.3408319, 28.1640538], [85.3405407, 28.1640392], [85.3404152, 28.1639995], [85.3403134, 28.163964], [85.3402352, 28.1639765], [85.3401547, 28.1640037]]}, "properties": {"source": "emsr927", "obj_type": "211-Highways, Streets and Roads", "name": "Unknown", "dmg": 1.0, "dmg_label": "Destroyed", "kind": "road"}}, {"type": "Feature", "geometry": {"type": "LineString", "coordinates": [[85.3372611, 28.1644633], [85.3373383, 28.1645586], [85.3373578, 28.1645972], [85.3373564, 28.1646136], [85.3373457, 28.1646284], [85.3373299, 28.1646401], [85.3372976, 28.1646506], [85.3372818, 28.1646508], [85.337252, 28.1646442], [85.3372069, 28.1646218], [85.3371389, 28.1645609], [85.3370735, 28.1644818], [85.3370348, 28.1644392], [85.3369616, 28.1643709], [85.3367637, 28.164198], [85.3366063, 28.1641041], [85.3365553, 28.1640629], [85.3365132, 28.164018], [85.3364633, 28.1639427], [85.33644, 28.163887], [85.3364373, 28.1638428], [85.3364495, 28.1638048], [85.3364968, 28.1637263], [85.3365053, 28.1636994], [85.3365057, 28.163665], [85.3364996, 28.1636249], [85.336473, 28.1635336], [85.3363869, 28.163316], [85.336371, 28.163282]]}, "properties": {"source": "emsr927", "obj_type": "211-Highways, Streets and Roads", "name": "Pasang Lhamu Highway", "dmg": 0.33, "dmg_label": "Possibly damaged", "kind": "road"}}, {"type": "Feature", "geometry": {"type": "LineString", "coordinates": [[85.3374007, 28.1632897], [85.3378648, 28.163601], [85.33823, 28.1638488], [85.3383395, 28.1638883], [85.3384146, 28.1639167], [85.3384897, 28.1639356], [85.3386909, 28.1639994], [85.3388706, 28.1640727], [85.339061, 28.1641555], [85.3391066, 28.1641886], [85.3391468, 28.1642264], [85.3392595, 28.1644038], [85.3393909, 28.1645811], [85.3394143, 28.1646722]]}, "properties": {"source": "emsr927", "obj_type": "211-Highways, Streets and Roads", "name": "Unknown", "dmg": 1.0, "dmg_label": "Destroyed", "kind": "road"}}, {"type": "Feature", "geometry": {"type": "LineString", "coordinates": [[85.3369698, 28.1635221], [85.3369675, 28.1637257], [85.3369702, 28.163795], [85.3369778, 28.1638403], [85.3370082, 28.1639065], [85.3370702, 28.164037], [85.3371022, 28.1640836], [85.3371223, 28.1641308], [85.3371476, 28.1642572], [85.3371747, 28.1643321], [85.3372204, 28.1644131], [85.3372611, 28.1644633]]}, "properties": {"source": "emsr927", "obj_type": "211-Highways, Streets and Roads", "name": "Pasang Lhamu Highway", "dmg": 1.0, "dmg_label": "Destroyed", "kind": "road"}}, {"type": "Feature", "geometry": {"type": "LineString", "coordinates": [[85.3401547, 28.1640037], [85.3398138, 28.1644629]]}, "properties": {"source": "emsr927", "obj_type": "211-Highways, Streets and Roads", "name": "Unknown", "dmg": 1.0, "dmg_label": "Destroyed", "kind": "road"}}, {"type": "Feature", "geometry": {"type": "LineString", "coordinates": [[85.3398138, 28.1644629], [85.3398706, 28.1645484], [85.3399985, 28.1646069], [85.3402613, 28.16473], [85.3404175, 28.1648386], [85.340614, 28.1648928], [85.3407111, 28.1649471], [85.3407182, 28.165016], [85.3406581, 28.1651004]]}, "properties": {"source": "emsr927", "obj_type": "211-Highways, Streets and Roads", "name": "Unknown", "dmg": 1.0, "dmg_label": "Destroyed", "kind": "road"}}, {"type": "Feature", "geometry": {"type": "LineString", "coordinates": [[85.3421985, 28.1660972], [85.3418267, 28.1657291], [85.3416708, 28.1656192], [85.3410567, 28.1653359], [85.3406581, 28.1651004], [85.3405402, 28.165037], [85.3403486, 28.1649616], [85.3394143, 28.1646722], [85.3390643, 28.1645835], [85.3388921, 28.1645417], [85.338373, 28.1644156], [85.3378318, 28.1642525], [85.3376354, 28.1641756], [85.3374545, 28.1640799], [85.3373648, 28.1640249], [85.3372732, 28.1639489], [85.3371626, 28.1638133], [85.3369698, 28.1635221]]}, "properties": {"source": "emsr927", "obj_type": "211-Highways, Streets and Roads", "name": "Unknown", "dmg": 1.0, "dmg_label": "Destroyed", "kind": "road"}}, {"type": "Feature", "geometry": {"type": "LineString", "coordinates": [[85.34033, 28.1653335], [85.3407398, 28.1657041], [85.3408738, 28.1658432]]}, "properties": {"source": "emsr927", "obj_type": "211-Highways, Streets and Roads", "name": "Unknown", "dmg": 0.33, "dmg_label": "Possibly damaged", "kind": "road"}}, {"type": "Feature", "geometry": {"type": "MultiLineString", "coordinates": [[[85.340915, 28.1668272], [85.3407538, 28.1667432], [85.3405812, 28.1664388], [85.3404092, 28.1661807], [85.3403494, 28.1661123], [85.3403541, 28.1659609], [85.3403962, 28.1658097], [85.3404021, 28.1657339], [85.3403815, 28.1656919], [85.3403645, 28.165657], [85.3403431, 28.1655471], [85.3403352, 28.1654289], [85.34033, 28.1653335], [85.3401038, 28.1652444], [85.3399598, 28.1651991], [85.3396023, 28.1651376], [85.3392342, 28.1650875], [85.3390945, 28.1650503], [85.3390233, 28.1650267]], [[85.3380985, 28.1646815], [85.3378058, 28.1646246]]]}, "properties": {"source": "emsr927", "obj_type": "211-Highways, Streets and Roads", "name": "Unknown", "dmg": 0.33, "dmg_label": "Possibly damaged", "kind": "road"}}, {"type": "Feature", "geometry": {"type": "LineString", "coordinates": [[85.3408738, 28.1658432], [85.3409842, 28.1659578], [85.3410463, 28.1660987], [85.3410267, 28.1662047]]}, "properties": {"source": "emsr927", "obj_type": "211-Highways, Streets and Roads", "name": "Unknown", "dmg": 1.0, "dmg_label": "Destroyed", "kind": "road"}}, {"type": "Feature", "geometry": {"type": "LineString", "coordinates": [[85.3421985, 28.1660972], [85.3423551, 28.1663811], [85.3423983, 28.1667545], [85.3422137, 28.1672948], [85.3420593, 28.1677319], [85.3419628, 28.1681571], [85.342082, 28.1687965], [85.3421146, 28.1695062], [85.3422613, 28.170286], [85.3423357, 28.1707384], [85.3423011, 28.1711682], [85.3423514, 28.1718925], [85.3425112, 28.1734241], [85.3426119, 28.1744201], [85.3423508, 28.1756604], [85.3422821, 28.1765859], [85.3423134, 28.1780845], [85.3420424, 28.1804976], [85.3420157, 28.1811805], [85.3420463, 28.1813703], [85.3418085, 28.1814508], [85.3415493, 28.1815496], [85.3414012, 28.1815804], [85.3412037, 28.1816175], [85.3410185, 28.1817409], [85.3409136, 28.1818273], [85.3408441, 28.1818684]]}, "properties": {"source": "emsr927", "obj_type": "211-Highways, Streets and Roads", "name": "Unknown", "dmg": 1.0, "dmg_label": "Destroyed", "kind": "road"}}, {"type": "Feature", "geometry": {"type": "LineString", "coordinates": [[85.3437991, 28.1817289], [85.34378, 28.1816652], [85.3437905, 28.1814612], [85.3438103, 28.1811649], [85.3438252, 28.1810608]]}, "properties": {"source": "emsr927", "obj_type": "211-Highways, Streets and Roads", "name": "Unknown", "dmg": 0.33, "dmg_label": "Possibly damaged", "kind": "road"}}, {"type": "Feature", "geometry": {"type": "LineString", "coordinates": [[85.3440459, 28.182637], [85.3439271, 28.1821844], [85.3439512, 28.1821039], [85.34383, 28.1818325], [85.3437991, 28.1817289]]}, "properties": {"source": "emsr927", "obj_type": "211-Highways, Streets and Roads", "name": "Unknown", "dmg": 1.0, "dmg_label": "Destroyed", "kind": "road"}}, {"type": "Feature", "geometry": {"type": "LineString", "coordinates": [[85.3425231, 28.1820498], [85.3420636, 28.1821121], [85.3418612, 28.1822008], [85.3416504, 28.1822693], [85.3415519, 28.1823728], [85.3410503, 28.1824756], [85.3410497, 28.1824756]]}, "properties": {"source": "emsr927", "obj_type": "211-Highways, Streets and Roads", "name": "Unknown", "dmg": 1.0, "dmg_label": "Destroyed", "kind": "road"}}, {"type": "Feature", "geometry": {"type": "LineString", "coordinates": [[85.3420463, 28.1813703], [85.3421099, 28.1813953], [85.3422903, 28.1815903], [85.3424126, 28.181759], [85.3425231, 28.1820498], [85.3425895, 28.182128], [85.342845, 28.1827145], [85.3429841, 28.1828081], [85.3431788, 28.1828156], [85.3434568, 28.1827828], [85.3436667, 28.1826943], [85.3440459, 28.182637], [85.3440573, 28.1826719], [85.3444952, 28.1839693], [85.3446668, 28.1843334], [85.3449011, 28.1846822], [85.3451406, 28.1849918], [85.3453857, 28.1852672], [85.345856, 28.1858621], [85.3460991, 28.1862932], [85.3461689, 28.1864291], [85.3462198, 28.1865651], [85.346394, 28.1874875], [85.3464541, 28.187756], [85.3465015, 28.1879198], [85.3465197, 28.1879555]]}, "properties": {"source": "emsr927", "obj_type": "211-Highways, Streets and Roads", "name": "Unknown", "dmg": 1.0, "dmg_label": "Destroyed", "kind": "road"}}, {"type": "Feature", "geometry": {"type": "Point", "coordinates": [85.3437217, 28.1634554]}, "properties": {"source": "emsr927", "obj_type": "214-Bridges, Elevated Highways, Tunnels and Subways", "name": "Unknown", "dmg": 1.0, "dmg_label": "Destroyed", "kind": "bridge"}}, {"type": "Feature", "geometry": {"type": "Point", "coordinates": [85.339983, 28.164235]}, "properties": {"source": "emsr927", "obj_type": "214-Bridges, Elevated Highways, Tunnels and Subways", "name": "Unknown", "dmg": 1.0, "dmg_label": "Destroyed", "kind": "bridge"}}, {"type": "Feature", "geometry": {"type": "Point", "coordinates": [85.3426266, 28.1659185]}, "properties": {"source": "emsr927", "obj_type": "214-Bridges, Elevated Highways, Tunnels and Subways", "name": "Unknown", "dmg": 1.0, "dmg_label": "Destroyed", "kind": "bridge"}}, {"type": "Feature", "geometry": {"type": "Point", "coordinates": [85.3422539, 28.1815509]}, "properties": {"source": "emsr927", "obj_type": "214-Bridges, Elevated Highways, Tunnels and Subways", "name": "Unknown", "dmg": 1.0, "dmg_label": "Destroyed", "kind": "bridge"}}, {"type": "Feature", "geometry": {"type": "Point", "coordinates": [85.3433601, 28.1827942]}, "properties": {"source": "emsr927", "obj_type": "214-Bridges, Elevated Highways, Tunnels and Subways", "name": "Unknown", "dmg": 1.0, "dmg_label": "Destroyed", "kind": "bridge"}}, {"type": "Feature", "geometry": {"type": "LineString", "coordinates": [[85.3674871, 28.2509106], [85.3674482, 28.2510418], [85.3673942, 28.2512869], [85.3673515, 28.2516039], [85.367425, 28.2517968], [85.3673906, 28.252184], [85.3672622, 28.2522245], [85.3671172, 28.2523252]]}, "properties": {"source": "emsr927", "obj_type": "211-Highways, Streets and Roads", "name": "Unknown", "dmg": 0.33, "dmg_label": "Possibly damaged", "kind": "road"}}, {"type": "Feature", "geometry": {"type": "LineString", "coordinates": [[85.3664616, 28.2537306], [85.3665116, 28.2536569], [85.366513, 28.2535069], [85.3664893, 28.2533463], [85.3663998, 28.2530068], [85.3663603, 28.2529765], [85.3663208, 28.252783], [85.3662642, 28.2526672], [85.3661971, 28.2524553], [85.3662037, 28.2523763], [85.3661826, 28.2523461], [85.3661247, 28.2523329], [85.3660721, 28.252304], [85.3660602, 28.2522671], [85.3660957, 28.2521052], [85.3662089, 28.2517407], [85.3662339, 28.2515985], [85.3662247, 28.2515551], [85.3660928, 28.2514765], [85.3660886, 28.2514736]]}, "properties": {"source": "emsr927", "obj_type": "211-Highways, Streets and Roads", "name": "Unknown", "dmg": 1.0, "dmg_label": "Destroyed", "kind": "road"}}, {"type": "Feature", "geometry": {"type": "LineString", "coordinates": [[85.3671172, 28.2523252], [85.3671013, 28.2523342], [85.3669933, 28.2524408], [85.3668657, 28.252629], [85.3668696, 28.2528422], [85.3668696, 28.2529252], [85.3668683, 28.2529949], [85.3668736, 28.2530726], [85.3668749, 28.2531765], [85.3668617, 28.253216], [85.3667828, 28.2532318], [85.3667271, 28.2532467], [85.3666775, 28.2532595], [85.3666025, 28.2533252], [85.3665893, 28.2534042], [85.3665959, 28.2534832], [85.3666104, 28.2535556], [85.3666025, 28.2536477], [85.3664856, 28.2536953]]}, "properties": {"source": "emsr927", "obj_type": "211-Highways, Streets and Roads", "name": "Unknown", "dmg": 1.0, "dmg_label": "Destroyed", "kind": "road"}}, {"type": "Feature", "geometry": {"type": "LineString", "coordinates": [[85.3646109, 28.2504782], [85.3645612, 28.2507385], [85.364477, 28.2510025], [85.3644923, 28.2511977], [85.3644655, 28.2515154], [85.3644119, 28.2516953], [85.3642895, 28.2519977], [85.3643448, 28.2521044], [85.3643851, 28.2521494], [85.3643956, 28.2521937], [85.3643748, 28.2522872], [85.36435, 28.252356], [85.3642608, 28.2526696], [85.3642587, 28.2527369], [85.3642861, 28.2528064], [85.3643198, 28.2528696], [85.3643514, 28.2529581], [85.3643893, 28.2530297], [85.364452, 28.2531543], [85.3645093, 28.2532613], [85.3645283, 28.2533097], [85.3645599, 28.2533708], [85.3645788, 28.2534255], [85.3645872, 28.2535266], [85.3645441, 28.2536478], [85.364613, 28.2538472], [85.3647385, 28.2540897], [85.3647836, 28.2542263], [85.3648468, 28.2545579], [85.3649542, 28.2548138], [85.364988, 28.2550881], [85.3650624, 28.2552874], [85.3650693, 28.2553446], [85.3649605, 28.2552528], [85.3649005, 28.2551454], [85.3647109, 28.2545895], [85.3646035, 28.2544695], [85.3643382, 28.2542168], [85.3642561, 28.2540746], [85.3642119, 28.2539988], [85.3642024, 28.2539451], [85.3641392, 28.2539136], [85.364095, 28.2539388], [85.3641075, 28.2540328], [85.3641611, 28.254184], [85.3641834, 28.2542989], [85.3642371, 28.2544031], [85.3643193, 28.2545137], [85.3643603, 28.2546369], [85.3643572, 28.2548169], [85.3643824, 28.2549812], [85.3643761, 28.2554108], [85.3642926, 28.2556371], [85.3643161, 28.2560362], [85.3642719, 28.2562825]]}, "properties": {"source": "emsr927", "obj_type": "211-Highways, Streets and Roads", "name": "Unknown", "dmg": 1.0, "dmg_label": "Destroyed", "kind": "road"}}, {"type": "Feature", "geometry": {"type": "LineString", "coordinates": [[85.3659309, 28.2498623], [85.3659831, 28.2506141], [85.365941, 28.2510542], [85.365719, 28.2516283], [85.3654817, 28.2520914], [85.3654281, 28.2522943], [85.365409, 28.2529181], [85.365409, 28.25332], [85.3654281, 28.2537028], [85.3655429, 28.2541659], [85.3657151, 28.2545639], [85.3659224, 28.2550866], [85.3659324, 28.2553498], [85.3658857, 28.2559661], [85.3659057, 28.2562126], [85.3660356, 28.2565024], [85.3664254, 28.2571287], [85.3665387, 28.2572953], [85.366592, 28.2573453], [85.3666519, 28.2573086], [85.3666719, 28.257202], [85.3666586, 28.2570921], [85.3666153, 28.2569122], [85.3666353, 28.2568422], [85.3667019, 28.2568356], [85.3667719, 28.2569155], [85.3668119, 28.2570121], [85.3669118, 28.2571121], [85.3669884, 28.2571953], [85.3671483, 28.2574319], [85.3671516, 28.2575718], [85.367205, 28.2577151], [85.3673016, 28.2578983], [85.3674548, 28.2580582], [85.367628, 28.2580715], [85.3678505, 28.2580827]]}, "properties": {"source": "emsr927", "obj_type": "211-Highways, Streets and Roads", "name": "Unknown", "dmg": 1.0, "dmg_label": "Destroyed", "kind": "road"}}, {"type": "Feature", "geometry": {"type": "LineString", "coordinates": [[85.3590576, 28.2425291], [85.3593502, 28.2434961], [85.3598038, 28.2439898], [85.3602688, 28.2443285], [85.3606477, 28.2445008], [85.3612792, 28.2448165], [85.3620141, 28.2453218], [85.363028, 28.2459479], [85.3631589, 28.2460336], [85.3635013, 28.2462821], [85.3637927, 28.2466088], [85.3639751, 28.2470656], [85.3643883, 28.2480876], [85.3645225, 28.2483514], [85.3646761, 28.2485629], [85.3648297, 28.2487067], [85.3652399, 28.2490749], [85.365649, 28.24942], [85.3657494, 28.2495488], [85.3658521, 28.2497301], [85.3660589, 28.250077], [85.3662413, 28.2506437], [85.3662989, 28.2509398], [85.3662513, 28.2511382], [85.3660886, 28.2514736], [85.3659504, 28.2518694], [85.365873, 28.2521476], [85.3658002, 28.2524436], [85.3657979, 28.2527182], [85.3657959, 28.2528716], [85.3658299, 28.2530758], [85.3658668, 28.2532014], [85.3659155, 28.2534169], [85.3660283, 28.2538532], [85.36621, 28.254222], [85.3663939, 28.2545514], [85.3665835, 28.2549991], [85.3668755, 28.2559346], [85.3670332, 28.2565073], [85.3672938, 28.2572417], [85.3675722, 28.2576829], [85.3678505, 28.2580827], [85.3680853, 28.2582593], [85.368889, 28.2587606], [85.3698535, 28.2594304], [85.3703682, 28.2597622], [85.3704049, 28.2597904], [85.3706891, 28.2600789], [85.3708312, 28.2603975], [85.3712618, 28.2607506], [85.3719265, 28.2612953], [85.3728722, 28.2619002], [85.3731822, 28.2622748], [85.3734793, 28.2628863], [85.3736439, 28.2632219], [85.3736513, 28.2634504], [85.3736435, 28.2636398], [85.3736774, 28.2641651], [85.3737506, 28.264333], [85.3742974, 28.2647205], [85.3751801, 28.265276], [85.3757149, 28.2657337], [85.3757358, 28.2657499], [85.3758182, 28.2658136]]}, "properties": {"source": "emsr927", "obj_type": "211-Highways, Streets and Roads", "name": "Unknown", "dmg": 1.0, "dmg_label": "Destroyed", "kind": "road"}}, {"type": "Feature", "geometry": {"type": "LineString", "coordinates": [[85.3665835, 28.2549991], [85.3667523, 28.2549492], [85.3668783, 28.2549078], [85.3668745, 28.2549028], [85.3668104, 28.2547361], [85.3667946, 28.2545677], [85.3667906, 28.2544729], [85.3667709, 28.2543979], [85.3667183, 28.2541939], [85.3666656, 28.2538675], [85.3665235, 28.2538754], [85.3664616, 28.2537306], [85.3663155, 28.2537451], [85.366201, 28.2537714], [85.3660283, 28.2538532]]}, "properties": {"source": "emsr927", "obj_type": "211-Highways, Streets and Roads", "name": "Unknown", "dmg": 1.0, "dmg_label": "Destroyed", "kind": "road"}}, {"type": "Feature", "geometry": {"type": "LineString", "coordinates": [[85.3668783, 28.2549078], [85.3669547, 28.2550568], [85.3669646, 28.2551871], [85.3669133, 28.2555227], [85.3669064, 28.2556521], [85.3669146, 28.2557832], [85.3669199, 28.2558411], [85.3669118, 28.2558853], [85.3668755, 28.2559346]]}, "properties": {"source": "emsr927", "obj_type": "211-Highways, Streets and Roads", "name": "Unknown", "dmg": 1.0, "dmg_label": "Destroyed", "kind": "road"}}, {"type": "Feature", "geometry": {"type": "LineString", "coordinates": [[85.3735412, 28.2630125], [85.3736079, 28.2630486], [85.3736779, 28.2630897], [85.3737911, 28.2631497], [85.3738633, 28.2632041], [85.3739432, 28.2632696], [85.3740199, 28.2633573], [85.3741542, 28.263545], [85.3743053, 28.2637804], [85.3746173, 28.2642124], [85.3746928, 28.2642712], [85.3747184, 28.2643412], [85.3747905, 28.2644145], [85.3748383, 28.2644489], [85.3748472, 28.2644822], [85.3748772, 28.2645622], [85.3749749, 28.2646288], [85.3750015, 28.2646599], [85.3750393, 28.264681], [85.3750559, 28.2647843], [85.3751448, 28.264832], [85.3753097, 28.264906], [85.3753691, 28.2649286], [85.3754146, 28.2649375], [85.3754657, 28.2649442], [85.3755401, 28.2649442], [85.3756267, 28.2649308], [85.3757051, 28.2649352], [85.3757579, 28.2649334], [85.3758711, 28.2649546], [85.3759923, 28.2650244], [85.3760423, 28.2650644], [85.3760776, 28.265103], [85.3760976, 28.2652074], [85.3761939, 28.2653842], [85.3762689, 28.2654242], [85.3763412, 28.2654024], [85.3766215, 28.2654048], [85.3766617, 28.265401], [85.3767238, 28.2655053], [85.3768077, 28.2658379], [85.3767862, 28.2660101], [85.3765967, 28.2661264], [85.3764202, 28.2662685], [85.3762906, 28.2663307]]}, "properties": {"source": "emsr927", "obj_type": "211-Highways, Streets and Roads", "name": "Unknown", "dmg": 1.0, "dmg_label": "Destroyed", "kind": "road"}}, {"type": "Feature", "geometry": {"type": "LineString", "coordinates": [[85.3758182, 28.2658136], [85.3762769, 28.2662977]]}, "properties": {"source": "emsr927", "obj_type": "211-Highways, Streets and Roads", "name": "Unknown", "dmg": 1.0, "dmg_label": "Destroyed", "kind": "road"}}, {"type": "Feature", "geometry": {"type": "LineString", "coordinates": [[85.3777084, 28.2693277], [85.3776906, 28.2691447], [85.3775873, 28.2690413], [85.3776519, 28.2688863], [85.3777294, 28.268826], [85.3777294, 28.2685763]]}, "properties": {"source": "emsr927", "obj_type": "211-Highways, Streets and Roads", "name": "Unknown", "dmg": 1.0, "dmg_label": "Destroyed", "kind": "road"}}, {"type": "Feature", "geometry": {"type": "LineString", "coordinates": [[85.3773545, 28.2711254], [85.3772212, 28.2707757], [85.3772384, 28.2705691], [85.3772786, 28.270437], [85.3772499, 28.2703279], [85.3770662, 28.2703394], [85.3768882, 28.2703739], [85.3768079, 28.2703222]]}, "properties": {"source": "emsr927", "obj_type": "211-Highways, Streets and Roads", "name": "Unknown", "dmg": 1.0, "dmg_label": "Destroyed", "kind": "road"}}, {"type": "Feature", "geometry": {"type": "LineString", "coordinates": [[85.3786005, 28.2725782], [85.3786637, 28.2724616], [85.3786896, 28.2722951], [85.3786838, 28.2722061], [85.3787183, 28.2720712], [85.3787269, 28.2717755], [85.378728, 28.2717024], [85.3787378, 28.2715773], [85.3786887, 28.2714382], [85.3786535, 28.2714101], [85.3786479, 28.2713482], [85.3786465, 28.2713033], [85.3786254, 28.2712709], [85.378572, 28.2712569], [85.3784963, 28.271246], [85.3784778, 28.2712189], [85.3783413, 28.2710184]]}, "properties": {"source": "emsr927", "obj_type": "211-Highways, Streets and Roads", "name": "Unknown", "dmg": 1.0, "dmg_label": "Destroyed", "kind": "road"}}, {"type": "Feature", "geometry": {"type": "LineString", "coordinates": [[85.3782379, 28.2785925], [85.3782785, 28.2784516], [85.3782008, 28.2781629], [85.378108, 28.2778446], [85.3778841, 28.2773064], [85.3776645, 28.2767897], [85.377643, 28.2765701], [85.3777722, 28.2760276], [85.3781554, 28.2747445], [85.3781898, 28.2742235], [85.3783369, 28.2736657], [85.3784407, 28.2734049], [85.3785838, 28.2729248], [85.3786005, 28.2725782], [85.3786293, 28.2723348], [85.3784807, 28.271773], [85.3783611, 28.2711591], [85.378268, 28.2704983], [85.3781647, 28.2701768], [85.3779401, 28.2697226], [85.3776901, 28.2692965], [85.3774911, 28.2690719], [85.3771568, 28.2688219], [85.377019, 28.2685871], [85.3769731, 28.268383], [85.3769731, 28.2679594], [85.3768598, 28.267699], [85.3766986, 28.2672827], [85.3766002, 28.2670773], [85.3762769, 28.2662977]]}, "properties": {"source": "emsr927", "obj_type": "211-Highways, Streets and Roads", "name": "Unknown", "dmg": 1.0, "dmg_label": "Destroyed", "kind": "road"}}, {"type": "Feature", "geometry": {"type": "LineString", "coordinates": [[85.3773092, 28.2740864], [85.3771478, 28.2744538], [85.3771177, 28.274639], [85.3771263, 28.2748198], [85.3771091, 28.2750006], [85.3769713, 28.2751772], [85.3768809, 28.2751901], [85.3768378, 28.2751255], [85.376855, 28.2749662], [85.3769584, 28.274738], [85.3769326, 28.2745744], [85.3767991, 28.2744366], [85.3766484, 28.2743935], [85.3765493, 28.2743289], [85.3765407, 28.2742213], [85.376657, 28.2739371], [85.3766527, 28.2737606], [85.3765988, 28.2732856], [85.3766907, 28.2729334], [85.3767672, 28.2727956], [85.3770351, 28.2727268], [85.377127, 28.2724588], [85.3772801, 28.2717623], [85.3773413, 28.2712494], [85.3773545, 28.2711254], [85.3774885, 28.2711004], [85.3777333, 28.2711497], [85.377958, 28.2711949], [85.3780779, 28.2712076], [85.3781315, 28.2711719], [85.3781494, 28.2710979], [85.3781527, 28.2709585], [85.3781144, 28.2706906], [85.3781527, 28.2705528], [85.378268, 28.2704983]]}, "properties": {"source": "emsr927", "obj_type": "211-Highways, Streets and Roads", "name": "Unknown", "dmg": 1.0, "dmg_label": "Destroyed", "kind": "road"}}, {"type": "Feature", "geometry": {"type": "Point", "coordinates": [85.3777333, 28.2711497]}, "properties": {"source": "emsr927", "obj_type": "214-Bridges, Elevated Highways, Tunnels and Subways", "name": "Unknown", "dmg": 1.0, "dmg_label": "Destroyed", "kind": "bridge"}}, {"type": "Feature", "geometry": {"type": "LineString", "coordinates": [[85.1068195, 27.8581318], [85.1064448, 27.8579313], [85.1057493, 27.8577109], [85.1055828, 27.8576435]]}, "properties": {"source": "emsr927", "obj_type": "211-Highways, Streets and Roads", "name": "Pasang Lhamu Highway", "dmg": 0.33, "dmg_label": "Possibly damaged", "kind": "road"}}, {"type": "Feature", "geometry": {"type": "LineString", "coordinates": [[85.1082319, 27.8578922], [85.1081847, 27.8579396], [85.1081723, 27.8580785], [85.1081838, 27.8580886]]}, "properties": {"source": "emsr927", "obj_type": "211-Highways, Streets and Roads", "name": "Unknown", "dmg": 0.33, "dmg_label": "Possibly damaged", "kind": "road"}}, {"type": "Feature", "geometry": {"type": "LineString", "coordinates": [[85.1089803, 27.8583598], [85.1093249, 27.8581625], [85.1095824, 27.8581435], [85.1100115, 27.8579728], [85.1105265, 27.8578969], [85.1108444, 27.8578943]]}, "properties": {"source": "emsr927", "obj_type": "211-Highways, Streets and Roads", "name": "Unknown", "dmg": 1.0, "dmg_label": "Destroyed", "kind": "road"}}, {"type": "Feature", "geometry": {"type": "LineString", "coordinates": [[85.1081838, 27.8580886], [85.1083171, 27.8582066], [85.1086129, 27.8583482], [85.1087591, 27.8584108]]}, "properties": {"source": "emsr927", "obj_type": "211-Highways, Streets and Roads", "name": "Unknown", "dmg": 1.0, "dmg_label": "Destroyed", "kind": "road"}}, {"type": "Feature", "geometry": {"type": "LineString", "coordinates": [[85.1089803, 27.8583598], [85.1089388, 27.8583384], [85.1088905, 27.8583396], [85.1088167, 27.8583728], [85.1087591, 27.8584108], [85.1086612, 27.858444], [85.1085324, 27.8584618], [85.1083983, 27.8584606], [85.1082803, 27.8584286], [85.1080711, 27.8583681], [85.1077479, 27.8582697], [85.1068195, 27.8581318]]}, "properties": {"source": "emsr927", "obj_type": "211-Highways, Streets and Roads", "name": "Pasang Lhamu Highway", "dmg": 1.0, "dmg_label": "Destroyed", "kind": "road"}}, {"type": "Feature", "geometry": {"type": "LineString", "coordinates": [[85.1089803, 27.8583598], [85.1092913, 27.8588349]]}, "properties": {"source": "emsr927", "obj_type": "211-Highways, Streets and Roads", "name": "devighat-Tadi bridge", "dmg": 1.0, "dmg_label": "Destroyed", "kind": "road"}}, {"type": "Feature", "geometry": {"type": "LineString", "coordinates": [[85.1093171, 27.8588806], [85.109619, 27.8587992], [85.1097338, 27.858782], [85.1099477, 27.858786], [85.1101392, 27.8588175], [85.1101663, 27.8588269]]}, "properties": {"source": "emsr927", "obj_type": "211-Highways, Streets and Roads", "name": "Unknown", "dmg": 1.0, "dmg_label": "Destroyed", "kind": "road"}}, {"type": "Feature", "geometry": {"type": "LineString", "coordinates": [[85.1093171, 27.8588806], [85.1089883, 27.859063], [85.1086905, 27.8592266], [85.1085698, 27.8593689], [85.1085511, 27.8595301], [85.1085291, 27.8596713], [85.1084169, 27.8597815], [85.108374, 27.859806], [85.1083821, 27.8598479], [85.1086664, 27.8601609]]}, "properties": {"source": "emsr927", "obj_type": "211-Highways, Streets and Roads", "name": "Unknown", "dmg": 1.0, "dmg_label": "Destroyed", "kind": "road"}}, {"type": "Feature", "geometry": {"type": "LineString", "coordinates": [[85.1065348, 27.859321], [85.1063612, 27.8595305], [85.1060638, 27.8597482], [85.1059783, 27.8598314]]}, "properties": {"source": "emsr927", "obj_type": "211-Highways, Streets and Roads", "name": "Unknown", "dmg": 1.0, "dmg_label": "Destroyed", "kind": "road"}}, {"type": "Feature", "geometry": {"type": "LineString", "coordinates": [[85.1111035, 27.8595061], [85.1110539, 27.8595718], [85.1109938, 27.8596343], [85.1109816, 27.8597343]]}, "properties": {"source": "emsr927", "obj_type": "211-Highways, Streets and Roads", "name": "Unknown", "dmg": 0.33, "dmg_label": "Possibly damaged", "kind": "road"}}, {"type": "Feature", "geometry": {"type": "LineString", "coordinates": [[85.1059783, 27.8598314], [85.1059366, 27.859872], [85.1059303, 27.859927]]}, "properties": {"source": "emsr927", "obj_type": "211-Highways, Streets and Roads", "name": "Unknown", "dmg": 0.33, "dmg_label": "Possibly damaged", "kind": "road"}}, {"type": "Feature", "geometry": {"type": "LineString", "coordinates": [[85.1101663, 27.8588269], [85.1103085, 27.8588765], [85.1104244, 27.8589986], [85.1105446, 27.8591207], [85.1106382, 27.8592074], [85.1107362, 27.8593452], [85.1108119, 27.8594673], [85.1108699, 27.8595934], [85.1109501, 27.8597115], [85.1109816, 27.8597343], [85.1110971, 27.8598179], [85.1112307, 27.8599597], [85.11134, 27.8601234], [85.1115039, 27.8603501], [85.1117057, 27.8606696], [85.111899, 27.8609818], [85.1119704, 27.8610969]]}, "properties": {"source": "emsr927", "obj_type": "211-Highways, Streets and Roads", "name": "Unknown", "dmg": 0.33, "dmg_label": "Possibly damaged", "kind": "road"}}, {"type": "Feature", "geometry": {"type": "LineString", "coordinates": [[85.1067744, 27.8601248], [85.1067286, 27.8600816], [85.1066488, 27.8600878], [85.1065889, 27.8601135], [85.1065036, 27.8601434], [85.1063968, 27.8601461], [85.1062993, 27.8601088], [85.1060248, 27.8599682], [85.1059303, 27.859927]]}, "properties": {"source": "emsr927", "obj_type": "211-Highways, Streets and Roads", "name": "Unknown", "dmg": 0.33, "dmg_label": "Possibly damaged", "kind": "road"}}, {"type": "Feature", "geometry": {"type": "LineString", "coordinates": [[85.1068633, 27.8602074], [85.1068496, 27.8601956], [85.1067744, 27.8601248]]}, "properties": {"source": "emsr927", "obj_type": "211-Highways, Streets and Roads", "name": "Unknown", "dmg": 1.0, "dmg_label": "Destroyed", "kind": "road"}}, {"type": "Feature", "geometry": {"type": "LineString", "coordinates": [[85.1105073, 27.8600595], [85.1103242, 27.8601896], [85.109949, 27.8604057], [85.1097907, 27.8604178]]}, "properties": {"source": "emsr927", "obj_type": "211-Highways, Streets and Roads", "name": "Unknown", "dmg": 1.0, "dmg_label": "Destroyed", "kind": "road"}}, {"type": "Feature", "geometry": {"type": "LineString", "coordinates": [[85.1071098, 27.8604207], [85.1068633, 27.8602074]]}, "properties": {"source": "emsr927", "obj_type": "211-Highways, Streets and Roads", "name": "Unknown", "dmg": 0.33, "dmg_label": "Possibly damaged", "kind": "road"}}, {"type": "Feature", "geometry": {"type": "LineString", "coordinates": [[85.1072741, 27.8605631], [85.1071788, 27.8604804], [85.1071098, 27.8604207]]}, "properties": {"source": "emsr927", "obj_type": "211-Highways, Streets and Roads", "name": "Unknown", "dmg": 1.0, "dmg_label": "Destroyed", "kind": "road"}}, {"type": "Feature", "geometry": {"type": "LineString", "coordinates": [[85.1124082, 27.8622618], [85.1121946, 27.8620429], [85.1113307, 27.8611977], [85.1111537, 27.8609867], [85.1105073, 27.8600595], [85.1104402, 27.8599599], [85.11014, 27.8595643], [85.11, 27.8594319], [85.109845, 27.8593093], [85.1095793, 27.8591181], [85.1094183, 27.8589806], [85.1093171, 27.8588806], [85.1092913, 27.8588349]]}, "properties": {"source": "emsr927", "obj_type": "211-Highways, Streets and Roads", "name": "Devighat Path", "dmg": 1.0, "dmg_label": "Destroyed", "kind": "road"}}, {"type": "Feature", "geometry": {"type": "LineString", "coordinates": [[85.1074304, 27.8606988], [85.1072741, 27.8605631]]}, "properties": {"source": "emsr927", "obj_type": "211-Highways, Streets and Roads", "name": "Unknown", "dmg": 1.0, "dmg_label": "Destroyed", "kind": "road"}}, {"type": "Feature", "geometry": {"type": "LineString", "coordinates": [[85.1076449, 27.8609839], [85.1075116, 27.8607693], [85.1074304, 27.8606988]]}, "properties": {"source": "emsr927", "obj_type": "211-Highways, Streets and Roads", "name": "Unknown", "dmg": 1.0, "dmg_label": "Destroyed", "kind": "road"}}, {"type": "Feature", "geometry": {"type": "LineString", "coordinates": [[85.1086664, 27.8601609], [85.1091245, 27.86047], [85.1097627, 27.8609571], [85.1100118, 27.8611267], [85.110264, 27.8613087], [85.1105372, 27.8615057], [85.1106633, 27.8616134], [85.1107558, 27.8617435], [85.1109029, 27.8618884], [85.1110962, 27.8619367], [85.111308, 27.8619977], [85.1114577, 27.8620408], [85.1119489, 27.8622343], [85.1124112, 27.8624773], [85.1124491, 27.8624884]]}, "properties": {"source": "emsr927", "obj_type": "211-Highways, Streets and Roads", "name": "Unknown", "dmg": 1.0, "dmg_label": "Destroyed", "kind": "road"}}, {"type": "Feature", "geometry": {"type": "LineString", "coordinates": [[85.1076449, 27.8609839], [85.1079198, 27.8613333], [85.1080698, 27.8615986], [85.1080363, 27.8619702], [85.1080336, 27.862192], [85.1080425, 27.8622138]]}, "properties": {"source": "emsr927", "obj_type": "211-Highways, Streets and Roads", "name": "Unknown", "dmg": 1.0, "dmg_label": "Destroyed", "kind": "road"}}, {"type": "Feature", "geometry": {"type": "LineString", "coordinates": [[85.1119704, 27.8610969], [85.1122268, 27.8614388], [85.1123277, 27.8616097], [85.1124664, 27.8618364], [85.1125673, 27.8620185], [85.1126093, 27.8622674], [85.1125713, 27.8624308]]}, "properties": {"source": "emsr927", "obj_type": "211-Highways, Streets and Roads", "name": "Unknown", "dmg": 0.33, "dmg_label": "Possibly damaged", "kind": "road"}}, {"type": "Feature", "geometry": {"type": "LineString", "coordinates": [[85.1080425, 27.8622138], [85.1080813, 27.8623089]]}, "properties": {"source": "emsr927", "obj_type": "211-Highways, Streets and Roads", "name": "Unknown", "dmg": 1.0, "dmg_label": "Destroyed", "kind": "road"}}, {"type": "Feature", "geometry": {"type": "LineString", "coordinates": [[85.1125713, 27.8624308], [85.1125444, 27.8624023], [85.1125257, 27.8623822], [85.1124082, 27.8622618]]}, "properties": {"source": "emsr927", "obj_type": "211-Highways, Streets and Roads", "name": "Devighat Path", "dmg": 0.33, "dmg_label": "Possibly damaged", "kind": "road"}}, {"type": "Feature", "geometry": {"type": "LineString", "coordinates": [[85.1080813, 27.8623089], [85.1081104, 27.8623801], [85.1081285, 27.8624093]]}, "properties": {"source": "emsr927", "obj_type": "211-Highways, Streets and Roads", "name": "Unknown", "dmg": 1.0, "dmg_label": "Destroyed", "kind": "road"}}, {"type": "Feature", "geometry": {"type": "LineString", "coordinates": [[85.1124491, 27.8624884], [85.1125348, 27.8625135], [85.1125713, 27.8624308]]}, "properties": {"source": "emsr927", "obj_type": "211-Highways, Streets and Roads", "name": "Unknown", "dmg": 0.33, "dmg_label": "Possibly damaged", "kind": "road"}}, {"type": "Feature", "geometry": {"type": "LineString", "coordinates": [[85.1081285, 27.8624093], [85.1082104, 27.862541]]}, "properties": {"source": "emsr927", "obj_type": "211-Highways, Streets and Roads", "name": "Unknown", "dmg": 1.0, "dmg_label": "Destroyed", "kind": "road"}}, {"type": "Feature", "geometry": {"type": "LineString", "coordinates": [[85.1121732, 27.8630668], [85.1121299, 27.8630285], [85.1117161, 27.8626181], [85.1112921, 27.8622273], [85.111308, 27.8619977]]}, "properties": {"source": "emsr927", "obj_type": "211-Highways, Streets and Roads", "name": "Unknown", "dmg": 1.0, "dmg_label": "Destroyed", "kind": "road"}}, {"type": "Feature", "geometry": {"type": "LineString", "coordinates": [[85.1082104, 27.862541], [85.1082505, 27.8626056], [85.1083419, 27.8628126]]}, "properties": {"source": "emsr927", "obj_type": "211-Highways, Streets and Roads", "name": "Unknown", "dmg": 1.0, "dmg_label": "Destroyed", "kind": "road"}}, {"type": "Feature", "geometry": {"type": "LineString", "coordinates": [[85.1083419, 27.8628126], [85.1083001, 27.862849]]}, "properties": {"source": "emsr927", "obj_type": "211-Highways, Streets and Roads", "name": "Unknown", "dmg": 1.0, "dmg_label": "Destroyed", "kind": "road"}}, {"type": "Feature", "geometry": {"type": "LineString", "coordinates": [[85.1083621, 27.8629367], [85.1083419, 27.8628126]]}, "properties": {"source": "emsr927", "obj_type": "211-Highways, Streets and Roads", "name": "Unknown", "dmg": 1.0, "dmg_label": "Destroyed", "kind": "road"}}, {"type": "Feature", "geometry": {"type": "LineString", "coordinates": [[85.1083001, 27.862849], [85.1082133, 27.8629244], [85.1080862, 27.8629205]]}, "properties": {"source": "emsr927", "obj_type": "211-Highways, Streets and Roads", "name": "Unknown", "dmg": 0.33, "dmg_label": "Possibly damaged", "kind": "road"}}, {"type": "Feature", "geometry": {"type": "LineString", "coordinates": [[85.1080862, 27.8629205], [85.1080142, 27.8628571]]}, "properties": {"source": "emsr927", "obj_type": "211-Highways, Streets and Roads", "name": "Unknown", "dmg": 0.33, "dmg_label": "Possibly damaged", "kind": "road"}}, {"type": "Feature", "geometry": {"type": "LineString", "coordinates": [[85.1084193, 27.8632878], [85.1083621, 27.8629367]]}, "properties": {"source": "emsr927", "obj_type": "211-Highways, Streets and Roads", "name": "Unknown", "dmg": 0.33, "dmg_label": "Possibly damaged", "kind": "road"}}, {"type": "Feature", "geometry": {"type": "LineString", "coordinates": [[85.1125799, 27.8634272], [85.1121732, 27.8630668]]}, "properties": {"source": "emsr927", "obj_type": "211-Highways, Streets and Roads", "name": "Unknown", "dmg": 0.33, "dmg_label": "Possibly damaged", "kind": "road"}}, {"type": "Feature", "geometry": {"type": "LineString", "coordinates": [[85.1148376, 27.8678478], [85.1149169, 27.8679795], [85.1149138, 27.8681327]]}, "properties": {"source": "emsr927", "obj_type": "211-Highways, Streets and Roads", "name": "Unknown", "dmg": 0.33, "dmg_label": "Possibly damaged", "kind": "road"}}, {"type": "Feature", "geometry": {"type": "LineString", "coordinates": [[85.1149138, 27.8681327], [85.1149116, 27.8682451], [85.1149196, 27.8683826], [85.1148418, 27.8685415], [85.1148901, 27.8687549], [85.1151181, 27.8689659]]}, "properties": {"source": "emsr927", "obj_type": "211-Highways, Streets and Roads", "name": "Unknown", "dmg": 1.0, "dmg_label": "Destroyed", "kind": "road"}}, {"type": "Feature", "geometry": {"type": "LineString", "coordinates": [[85.1174844, 27.869652], [85.1177297, 27.8696956], [85.1178285, 27.8696671], [85.1180707, 27.869444], [85.118145, 27.8693462]]}, "properties": {"source": "emsr927", "obj_type": "211-Highways, Streets and Roads", "name": "Unknown", "dmg": 0.33, "dmg_label": "Possibly damaged", "kind": "road"}}, {"type": "Feature", "geometry": {"type": "LineString", "coordinates": [[85.11696, 27.869664], [85.1170592, 27.8696081], [85.1172202, 27.869605], [85.1174844, 27.869652]]}, "properties": {"source": "emsr927", "obj_type": "211-Highways, Streets and Roads", "name": "Unknown", "dmg": 1.0, "dmg_label": "Destroyed", "kind": "road"}}, {"type": "Feature", "geometry": {"type": "LineString", "coordinates": [[85.1170592, 27.8696081], [85.1169709, 27.8695322], [85.1168342, 27.8694761], [85.1166707, 27.8694732], [85.1164706, 27.8694894], [85.1164639, 27.8695218], [85.1164972, 27.8695558], [85.1166724, 27.8696251], [85.1168208, 27.8696442], [85.1169313, 27.869694], [85.1170043, 27.8697268], [85.1171618, 27.8697714], [85.1174329, 27.869782], [85.1177908, 27.8699024], [85.1181763, 27.8700534], [85.1183502, 27.8701358], [85.1185373, 27.8701805], [85.1187391, 27.8703497]]}, "properties": {"source": "emsr927", "obj_type": "211-Highways, Streets and Roads", "name": "Unknown", "dmg": 1.0, "dmg_label": "Destroyed", "kind": "road"}}, {"type": "Feature", "geometry": {"type": "LineString", "coordinates": [[85.1131628, 27.8654827], [85.113262, 27.8657056], [85.1133881, 27.8661419], [85.113498, 27.8664003], [85.1135866, 27.8668366], [85.1137502, 27.867088], [85.1139942, 27.8672705], [85.1142589, 27.867423], [85.1145548, 27.8677068], [85.114807, 27.8677969], [85.1148376, 27.8678478]]}, "properties": {"source": "emsr927", "obj_type": "211-Highways, Streets and Roads", "name": "Unknown", "dmg": 1.0, "dmg_label": "Destroyed", "kind": "road"}}, {"type": "Feature", "geometry": {"type": "LineString", "coordinates": [[85.1164683, 27.8701778], [85.1169313, 27.869694], [85.11696, 27.869664]]}, "properties": {"source": "emsr927", "obj_type": "211-Highways, Streets and Roads", "name": "Unknown", "dmg": 1.0, "dmg_label": "Destroyed", "kind": "road"}}, {"type": "Feature", "geometry": {"type": "LineString", "coordinates": [[85.1187391, 27.8703497], [85.1187635, 27.8703701]]}, "properties": {"source": "emsr927", "obj_type": "211-Highways, Streets and Roads", "name": "Unknown", "dmg": 1.0, "dmg_label": "Destroyed", "kind": "road"}}, {"type": "Feature", "geometry": {"type": "LineString", "coordinates": [[85.1187635, 27.8703701], [85.1188158, 27.870414], [85.1188381, 27.8704256]]}, "properties": {"source": "emsr927", "obj_type": "211-Highways, Streets and Roads", "name": "Unknown", "dmg": 1.0, "dmg_label": "Destroyed", "kind": "road"}}, {"type": "Feature", "geometry": {"type": "LineString", "coordinates": [[85.1159042, 27.8707679], [85.1164683, 27.8701778]]}, "properties": {"source": "emsr927", "obj_type": "211-Highways, Streets and Roads", "name": "Unknown", "dmg": 1.0, "dmg_label": "Destroyed", "kind": "road"}}, {"type": "Feature", "geometry": {"type": "LineString", "coordinates": [[85.1157473, 27.870932], [85.1159042, 27.8707679]]}, "properties": {"source": "emsr927", "obj_type": "211-Highways, Streets and Roads", "name": "Unknown", "dmg": 1.0, "dmg_label": "Destroyed", "kind": "road"}}, {"type": "Feature", "geometry": {"type": "LineString", "coordinates": [[85.1188381, 27.8704256], [85.1190288, 27.8705244], [85.1191926, 27.8706528], [85.119336, 27.8708564], [85.1195124, 27.8711137], [85.1196328, 27.8712196], [85.1198414, 27.8713297]]}, "properties": {"source": "emsr927", "obj_type": "211-Highways, Streets and Roads", "name": "Unknown", "dmg": 0.33, "dmg_label": "Possibly damaged", "kind": "road"}}, {"type": "Feature", "geometry": {"type": "LineString", "coordinates": [[85.1178416, 27.8707171], [85.1179796, 27.870814], [85.1182521, 27.8709392], [85.1185176, 27.8710518], [85.118691, 27.8711269], [85.1187547, 27.87113], [85.1189281, 27.8711676], [85.1192077, 27.8712771], [85.1194625, 27.871518], [85.1196324, 27.8716337], [85.1197116, 27.8716818], [85.1198014, 27.8717667], [85.1200244, 27.8718962], [85.1201226, 27.871974]]}, "properties": {"source": "emsr927", "obj_type": "211-Highways, Streets and Roads", "name": "Unknown", "dmg": 1.0, "dmg_label": "Destroyed", "kind": "road"}}, {"type": "Feature", "geometry": {"type": "LineString", "coordinates": [[85.1198414, 27.8713297], [85.1202472, 27.871569], [85.1202774, 27.8715841]]}, "properties": {"source": "emsr927", "obj_type": "211-Highways, Streets and Roads", "name": "Unknown", "dmg": 0.33, "dmg_label": "Possibly damaged", "kind": "road"}}, {"type": "Feature", "geometry": {"type": "LineString", "coordinates": [[85.1206616, 27.8716546], [85.1205443, 27.8714677], [85.1205269, 27.8713772], [85.1205407, 27.8713191]]}, "properties": {"source": "emsr927", "obj_type": "211-Highways, Streets and Roads", "name": "Unknown", "dmg": 0.33, "dmg_label": "Possibly damaged", "kind": "road"}}, {"type": "Feature", "geometry": {"type": "LineString", "coordinates": [[85.1202434, 27.8715831], [85.1202472, 27.871569], [85.12028, 27.8714067]]}, "properties": {"source": "emsr927", "obj_type": "211-Highways, Streets and Roads", "name": "Unknown", "dmg": 0.33, "dmg_label": "Possibly damaged", "kind": "road"}}, {"type": "Feature", "geometry": {"type": "LineString", "coordinates": [[85.120185, 27.8717985], [85.1202434, 27.8715831]]}, "properties": {"source": "emsr927", "obj_type": "211-Highways, Streets and Roads", "name": "Unknown", "dmg": 1.0, "dmg_label": "Destroyed", "kind": "road"}}, {"type": "Feature", "geometry": {"type": "LineString", "coordinates": [[85.1202774, 27.8715841], [85.1205586, 27.8717243], [85.1207739, 27.8718337]]}, "properties": {"source": "emsr927", "obj_type": "211-Highways, Streets and Roads", "name": "Unknown", "dmg": 1.0, "dmg_label": "Destroyed", "kind": "road"}}, {"type": "Feature", "geometry": {"type": "LineString", "coordinates": [[85.1154222, 27.8725205], [85.1153239, 27.8723158], [85.1151503, 27.8720537], [85.1150084, 27.871917], [85.1148961, 27.8717729], [85.1148157, 27.87161], [85.1147754, 27.8714921], [85.1147966, 27.8714285], [85.1149046, 27.8713798], [85.1154213, 27.8712038], [85.1157473, 27.870932]]}, "properties": {"source": "emsr927", "obj_type": "211-Highways, Streets and Roads", "name": "Unknown", "dmg": 1.0, "dmg_label": "Destroyed", "kind": "road"}}, {"type": "Feature", "geometry": {"type": "LineString", "coordinates": [[85.12122, 27.8714709], [85.1212236, 27.8715344], [85.1211772, 27.8716594], [85.1211816, 27.8718412], [85.1212302, 27.8719663], [85.1212287, 27.872019]]}, "properties": {"source": "emsr927", "obj_type": "211-Highways, Streets and Roads", "name": "Unknown", "dmg": 0.33, "dmg_label": "Possibly damaged", "kind": "road"}}, {"type": "Feature", "geometry": {"type": "LineString", "coordinates": [[85.1209273, 27.8718942], [85.1207739, 27.8718337], [85.1206616, 27.8716546]]}, "properties": {"source": "emsr927", "obj_type": "211-Highways, Streets and Roads", "name": "Unknown", "dmg": 1.0, "dmg_label": "Destroyed", "kind": "road"}}, {"type": "Feature", "geometry": {"type": "LineString", "coordinates": [[85.1211894, 27.8720201], [85.1210953, 27.8719605], [85.1209273, 27.8718942]]}, "properties": {"source": "emsr927", "obj_type": "211-Highways, Streets and Roads", "name": "Unknown", "dmg": 0.33, "dmg_label": "Possibly damaged", "kind": "road"}}, {"type": "Feature", "geometry": {"type": "LineString", "coordinates": [[85.1212287, 27.872019], [85.121228, 27.8720445]]}, "properties": {"source": "emsr927", "obj_type": "211-Highways, Streets and Roads", "name": "Unknown", "dmg": 1.0, "dmg_label": "Destroyed", "kind": "road"}}, {"type": "Feature", "geometry": {"type": "LineString", "coordinates": [[85.1213518, 27.8721839], [85.1212766, 27.872111], [85.121228, 27.8720445], [85.1211894, 27.8720201]]}, "properties": {"source": "emsr927", "obj_type": "211-Highways, Streets and Roads", "name": "Unknown", "dmg": 1.0, "dmg_label": "Destroyed", "kind": "road"}}, {"type": "Feature", "geometry": {"type": "LineString", "coordinates": [[85.121594, 27.8721336], [85.1217715, 27.8721617], [85.1219236, 27.8721799], [85.1220311, 27.8721829], [85.1222211, 27.8721927], [85.1223581, 27.8721828]]}, "properties": {"source": "emsr927", "obj_type": "211-Highways, Streets and Roads", "name": "Unknown", "dmg": 0.33, "dmg_label": "Possibly damaged", "kind": "road"}}, {"type": "Feature", "geometry": {"type": "LineString", "coordinates": [[85.1201226, 27.871974], [85.1206926, 27.8723224], [85.1209776, 27.8724323], [85.1212923, 27.8725589], [85.1215976, 27.8726997], [85.121668, 27.8727215], [85.121756, 27.872733], [85.1218622, 27.8727291], [85.1219453, 27.8727372], [85.1220423, 27.8727699], [85.1220844, 27.8727615], [85.1221084, 27.8727298], [85.1221002, 27.8726927], [85.1220399, 27.8726547], [85.1219615, 27.8726183], [85.1217153, 27.872449], [85.1214542, 27.8723047], [85.1213785, 27.8722444], [85.1213518, 27.8721839], [85.1213739, 27.8721383], [85.1214314, 27.8721188], [85.1215264, 27.8721229], [85.121594, 27.8721336]]}, "properties": {"source": "emsr927", "obj_type": "211-Highways, Streets and Roads", "name": "Unknown", "dmg": 1.0, "dmg_label": "Destroyed", "kind": "road"}}, {"type": "Feature", "geometry": {"type": "LineString", "coordinates": [[85.1158102, 27.8729824], [85.1157114, 27.8729279], [85.1155717, 27.8727669], [85.1154658, 27.8726115], [85.1154222, 27.8725205]]}, "properties": {"source": "emsr927", "obj_type": "211-Highways, Streets and Roads", "name": "Unknown", "dmg": 0.33, "dmg_label": "Possibly damaged", "kind": "road"}}, {"type": "Feature", "geometry": {"type": "LineString", "coordinates": [[85.1158102, 27.8729824], [85.1158515, 27.8729131], [85.1159419, 27.8728864], [85.1161758, 27.87295], [85.1164997, 27.87309], [85.1169465, 27.8732886], [85.1173341, 27.873498], [85.117434, 27.8735869]]}, "properties": {"source": "emsr927", "obj_type": "211-Highways, Streets and Roads", "name": "Unknown", "dmg": 0.33, "dmg_label": "Possibly damaged", "kind": "road"}}, {"type": "Feature", "geometry": {"type": "LineString", "coordinates": [[85.117434, 27.8735869], [85.1177479, 27.8738661]]}, "properties": {"source": "emsr927", "obj_type": "211-Highways, Streets and Roads", "name": "Unknown", "dmg": 1.0, "dmg_label": "Destroyed", "kind": "road"}}, {"type": "Feature", "geometry": {"type": "LineString", "coordinates": [[85.1177479, 27.8738661], [85.1177728, 27.8738883]]}, "properties": {"source": "emsr927", "obj_type": "211-Highways, Streets and Roads", "name": "Unknown", "dmg": 1.0, "dmg_label": "Destroyed", "kind": "road"}}, {"type": "Feature", "geometry": {"type": "LineString", "coordinates": [[85.1177728, 27.8738883], [85.1178044, 27.873892]]}, "properties": {"source": "emsr927", "obj_type": "211-Highways, Streets and Roads", "name": "Unknown", "dmg": 1.0, "dmg_label": "Destroyed", "kind": "road"}}, {"type": "Feature", "geometry": {"type": "LineString", "coordinates": [[85.1178044, 27.873892], [85.1179787, 27.8739123], [85.1181368, 27.8739757], [85.1182827, 27.8741349], [85.1183771, 27.8742271]]}, "properties": {"source": "emsr927", "obj_type": "211-Highways, Streets and Roads", "name": "Unknown", "dmg": 1.0, "dmg_label": "Destroyed", "kind": "road"}}, {"type": "Feature", "geometry": {"type": "LineString", "coordinates": [[85.1281081, 27.8745927], [85.1279295, 27.8747676], [85.1277572, 27.8749226], [85.1275754, 27.8749903], [85.1275543, 27.8749938]]}, "properties": {"source": "emsr927", "obj_type": "211-Highways, Streets and Roads", "name": "Unknown", "dmg": 0.33, "dmg_label": "Possibly damaged", "kind": "road"}}, {"type": "Feature", "geometry": {"type": "LineString", "coordinates": [[85.1275543, 27.8749938], [85.1274063, 27.8750185], [85.1272245, 27.8751623], [85.1270778, 27.8753146]]}, "properties": {"source": "emsr927", "obj_type": "211-Highways, Streets and Roads", "name": "Unknown", "dmg": 1.0, "dmg_label": "Destroyed", "kind": "road"}}, {"type": "Feature", "geometry": {"type": "LineString", "coordinates": [[85.1279384, 27.8793276], [85.1279549, 27.879171], [85.1280139, 27.878602], [85.1281212, 27.8784787]]}, "properties": {"source": "emsr927", "obj_type": "211-Highways, Streets and Roads", "name": "Unknown", "dmg": 0.33, "dmg_label": "Possibly damaged", "kind": "road"}}, {"type": "Feature", "geometry": {"type": "LineString", "coordinates": [[85.1274266, 27.8810476], [85.1271356, 27.8807931], [85.1268621, 27.8801862], [85.1267767, 27.8796105], [85.1267601, 27.8794986], [85.1265295, 27.8785835], [85.1263632, 27.8784649]]}, "properties": {"source": "emsr927", "obj_type": "211-Highways, Streets and Roads", "name": "Unknown", "dmg": 1.0, "dmg_label": "Destroyed", "kind": "road"}}, {"type": "Feature", "geometry": {"type": "LineString", "coordinates": [[85.1270778, 27.8753146], [85.1268928, 27.8754358], [85.1268622, 27.8755058], [85.1268226, 27.8755965], [85.1268417, 27.8757488], [85.1270108, 27.8761097], [85.1270044, 27.876386], [85.1267685, 27.8764707], [85.1271379, 27.8778862], [85.1273253, 27.8803127], [85.1274266, 27.8810476], [85.1275526, 27.8812026], [85.12787, 27.8814191], [85.1280102, 27.8816341], [85.128096, 27.8816917], [85.128205, 27.881765], [85.1283949, 27.8819819], [85.1285923, 27.8821038], [85.1288586, 27.8822188], [85.1292709, 27.8826495], [85.1294919, 27.8829023], [85.1298591, 27.8831711], [85.1302974, 27.8833583], [85.1317566, 27.8842174], [85.1318596, 27.8842211], [85.1319345, 27.8841933], [85.1321368, 27.884054]]}, "properties": {"source": "emsr927", "obj_type": "211-Highways, Streets and Roads", "name": "Unknown", "dmg": 1.0, "dmg_label": "Destroyed", "kind": "road"}}, {"type": "Feature", "geometry": {"type": "LineString", "coordinates": [[85.1383865, 27.8894003], [85.1382961, 27.8891667], [85.1381373, 27.8889438]]}, "properties": {"source": "emsr927", "obj_type": "211-Highways, Streets and Roads", "name": "Unknown", "dmg": 1.0, "dmg_label": "Destroyed", "kind": "road"}}, {"type": "Feature", "geometry": {"type": "LineString", "coordinates": [[85.1385276, 27.8898188], [85.1384175, 27.8894804], [85.1383865, 27.8894003]]}, "properties": {"source": "emsr927", "obj_type": "211-Highways, Streets and Roads", "name": "Unknown", "dmg": 0.33, "dmg_label": "Possibly damaged", "kind": "road"}}, {"type": "Feature", "geometry": {"type": "LineString", "coordinates": [[85.136193, 27.8908828], [85.1362079, 27.890872], [85.1363005, 27.8908045], [85.1363319, 27.8906295], [85.1363348, 27.8906192], [85.1364127, 27.8902304], [85.1364672, 27.8898963], [85.1364117, 27.889624], [85.1362638, 27.8894606], [85.1360666, 27.8892917], [85.1357462, 27.8891556], [85.135512, 27.8890031]]}, "properties": {"source": "emsr927", "obj_type": "211-Highways, Streets and Roads", "name": "Unknown", "dmg": 1.0, "dmg_label": "Destroyed", "kind": "road"}}, {"type": "Feature", "geometry": {"type": "LineString", "coordinates": [[85.1383938, 27.8901987], [85.138413, 27.8901389], [85.1384549, 27.8900221], [85.1385276, 27.8898188], [85.1385554, 27.8897408]]}, "properties": {"source": "emsr927", "obj_type": "211-Highways, Streets and Roads", "name": "Unknown", "dmg": 0.33, "dmg_label": "Possibly damaged", "kind": "road"}}, {"type": "Feature", "geometry": {"type": "LineString", "coordinates": [[85.136193, 27.8908828], [85.1360795, 27.8908112], [85.1359373, 27.8908325], [85.1356611, 27.8910364], [85.1354438, 27.8911099], [85.1352319, 27.8910601], [85.1350701, 27.8910055], [85.135012, 27.8909432]]}, "properties": {"source": "emsr927", "obj_type": "211-Highways, Streets and Roads", "name": "Unknown", "dmg": 1.0, "dmg_label": "Destroyed", "kind": "road"}}, {"type": "Feature", "geometry": {"type": "LineString", "coordinates": [[85.1369994, 27.8924753], [85.1373483, 27.8916609], [85.1375147, 27.8915139], [85.1378228, 27.8914049], [85.1380277, 27.8910939], [85.1381257, 27.8908841], [85.1383095, 27.8905071], [85.1383512, 27.8903313], [85.1383938, 27.8901987]]}, "properties": {"source": "emsr927", "obj_type": "211-Highways, Streets and Roads", "name": "Unknown", "dmg": 1.0, "dmg_label": "Destroyed", "kind": "road"}}, {"type": "Feature", "geometry": {"type": "LineString", "coordinates": [[85.1358953, 27.892215], [85.1357898, 27.8921909], [85.1357898, 27.8920534], [85.1359963, 27.8914062], [85.136193, 27.8908828]]}, "properties": {"source": "emsr927", "obj_type": "211-Highways, Streets and Roads", "name": "Unknown", "dmg": 1.0, "dmg_label": "Destroyed", "kind": "road"}}, {"type": "Feature", "geometry": {"type": "LineString", "coordinates": [[85.135512, 27.8890031], [85.1343498, 27.8883934]]}, "properties": {"source": "emsr927", "obj_type": "211-Highways, Streets and Roads", "name": "Unknown", "dmg": 1.0, "dmg_label": "Destroyed", "kind": "road"}}, {"type": "Feature", "geometry": {"type": "LineString", "coordinates": [[85.1344192, 27.8902328], [85.1344594, 27.8903062], [85.1346788, 27.8905864]]}, "properties": {"source": "emsr927", "obj_type": "211-Highways, Streets and Roads", "name": "Unknown", "dmg": 0.33, "dmg_label": "Possibly damaged", "kind": "road"}}, {"type": "Feature", "geometry": {"type": "LineString", "coordinates": [[85.135012, 27.8909432], [85.1346788, 27.8905864]]}, "properties": {"source": "emsr927", "obj_type": "211-Highways, Streets and Roads", "name": "Unknown", "dmg": 0.33, "dmg_label": "Possibly damaged", "kind": "road"}}, {"type": "Feature", "geometry": {"type": "LineString", "coordinates": [[85.1346788, 27.8905864], [85.1349644, 27.8910244]]}, "properties": {"source": "emsr927", "obj_type": "211-Highways, Streets and Roads", "name": "Unknown", "dmg": 0.33, "dmg_label": "Possibly damaged", "kind": "road"}}, {"type": "Feature", "geometry": {"type": "LineString", "coordinates": [[85.1349644, 27.8910244], [85.135088, 27.8912139]]}, "properties": {"source": "emsr927", "obj_type": "211-Highways, Streets and Roads", "name": "Unknown", "dmg": 1.0, "dmg_label": "Destroyed", "kind": "road"}}, {"type": "Feature", "geometry": {"type": "LineString", "coordinates": [[85.135088, 27.8912139], [85.1351291, 27.8912769], [85.1352125, 27.8914478]]}, "properties": {"source": "emsr927", "obj_type": "211-Highways, Streets and Roads", "name": "Unknown", "dmg": 1.0, "dmg_label": "Destroyed", "kind": "road"}}, {"type": "Feature", "geometry": {"type": "LineString", "coordinates": [[85.1352125, 27.8914478], [85.1353519, 27.8917336], [85.1353599, 27.8919911]]}, "properties": {"source": "emsr927", "obj_type": "211-Highways, Streets and Roads", "name": "Unknown", "dmg": 1.0, "dmg_label": "Destroyed", "kind": "road"}}, {"type": "Feature", "geometry": {"type": "LineString", "coordinates": [[85.1353599, 27.8919911], [85.1353681, 27.8922532], [85.1355501, 27.8926256]]}, "properties": {"source": "emsr927", "obj_type": "211-Highways, Streets and Roads", "name": "Unknown", "dmg": 0.33, "dmg_label": "Possibly damaged", "kind": "road"}}, {"type": "Feature", "geometry": {"type": "LineString", "coordinates": [[85.1355501, 27.8926256], [85.1355619, 27.8926499], [85.135465, 27.893629], [85.1353867, 27.8938084]]}, "properties": {"source": "emsr927", "obj_type": "211-Highways, Streets and Roads", "name": "Unknown", "dmg": 1.0, "dmg_label": "Destroyed", "kind": "road"}}, {"type": "Feature", "geometry": {"type": "LineString", "coordinates": [[85.1373483, 27.8916609], [85.1376811, 27.8917807], [85.1382295, 27.8921456]]}, "properties": {"source": "emsr927", "obj_type": "211-Highways, Streets and Roads", "name": "Unknown", "dmg": 1.0, "dmg_label": "Destroyed", "kind": "road"}}, {"type": "Feature", "geometry": {"type": "LineString", "coordinates": [[85.1368841, 27.8924312], [85.1358953, 27.892215]]}, "properties": {"source": "emsr927", "obj_type": "211-Highways, Streets and Roads", "name": "Unknown", "dmg": 1.0, "dmg_label": "Destroyed", "kind": "road"}}, {"type": "Feature", "geometry": {"type": "LineString", "coordinates": [[85.1369994, 27.8924753], [85.1368841, 27.8924312]]}, "properties": {"source": "emsr927", "obj_type": "211-Highways, Streets and Roads", "name": "Unknown", "dmg": 1.0, "dmg_label": "Destroyed", "kind": "road"}}, {"type": "Feature", "geometry": {"type": "LineString", "coordinates": [[85.1379996, 27.8965058], [85.1378417, 27.896503], [85.137611, 27.8964982], [85.1375279, 27.8964887], [85.1373911, 27.8964793], [85.1371818, 27.8964531], [85.1370853, 27.8963832], [85.1370048, 27.8962634], [85.1369601, 27.8961582], [85.1369243, 27.8960738], [85.1367748, 27.8955684], [85.1367741, 27.8955096], [85.1366615, 27.8949479], [85.1366213, 27.8946231], [85.1366267, 27.8944216], [85.1366937, 27.894149], [85.1367903, 27.8938716], [85.1368895, 27.893471], [85.1369995, 27.8930491], [85.1370209, 27.8928452], [85.1370209, 27.8926935], [85.1369941, 27.8925678], [85.1369994, 27.8924753]]}, "properties": {"source": "emsr927", "obj_type": "211-Highways, Streets and Roads", "name": "Sinchai Path", "dmg": 1.0, "dmg_label": "Destroyed", "kind": "road"}}, {"type": "Feature", "geometry": {"type": "LineString", "coordinates": [[85.1367748, 27.8955684], [85.1371319, 27.8955063], [85.1373708, 27.8954483], [85.1374416, 27.8952082], [85.1375654, 27.8950569], [85.1377064, 27.8949499], [85.1378337, 27.8949076], [85.1379538, 27.8949321], [85.1387374, 27.8950991], [85.1387603, 27.895106]]}, "properties": {"source": "emsr927", "obj_type": "211-Highways, Streets and Roads", "name": "Unknown", "dmg": 1.0, "dmg_label": "Destroyed", "kind": "road"}}, {"type": "Feature", "geometry": {"type": "LineString", "coordinates": [[85.1369601, 27.8961582], [85.1366954, 27.8960443], [85.1365341, 27.8958976], [85.1364373, 27.8957306], [85.1363682, 27.895421], [85.1363175, 27.8952784], [85.1362806, 27.895254]]}, "properties": {"source": "emsr927", "obj_type": "211-Highways, Streets and Roads", "name": "Unknown", "dmg": 1.0, "dmg_label": "Destroyed", "kind": "road"}}, {"type": "Feature", "geometry": {"type": "LineString", "coordinates": [[85.1375279, 27.8964887], [85.1374722, 27.896582], [85.1374645, 27.8966636], [85.1374388, 27.8967633], [85.1374619, 27.8968789], [85.1375106, 27.8969741], [85.1375901, 27.897058], [85.1376209, 27.8971464], [85.1376363, 27.8972325], [85.1375978, 27.8972824], [85.1375055, 27.8973708], [85.137408, 27.8974274], [85.1372875, 27.8975113], [85.1372516, 27.8975884], [85.1372413, 27.897815], [85.137267, 27.8979896], [85.1372875, 27.8981505], [85.1373311, 27.8983454], [85.1374209, 27.8986038], [85.1374645, 27.8987806], [85.1375183, 27.8989982], [85.1375696, 27.8990844], [85.1377286, 27.8990798], [85.1378902, 27.8990776], [85.1380672, 27.8990458], [85.1382467, 27.899039], [85.1383878, 27.8989665], [85.1384442, 27.8989733]]}, "properties": {"source": "emsr927", "obj_type": "211-Highways, Streets and Roads", "name": "Unknown", "dmg": 1.0, "dmg_label": "Destroyed", "kind": "road"}}, {"type": "Feature", "geometry": {"type": "LineString", "coordinates": [[85.1183771, 27.8742271], [85.1184241, 27.8742731]]}, "properties": {"source": "emsr927", "obj_type": "211-Highways, Streets and Roads", "name": "Unknown", "dmg": 1.0, "dmg_label": "Destroyed", "kind": "road"}}, {"type": "Feature", "geometry": {"type": "LineString", "coordinates": [[85.1184241, 27.8742731], [85.1185941, 27.8744392], [85.1187298, 27.8745785]]}, "properties": {"source": "emsr927", "obj_type": "211-Highways, Streets and Roads", "name": "Unknown", "dmg": 1.0, "dmg_label": "Destroyed", "kind": "road"}}, {"type": "Feature", "geometry": {"type": "LineString", "coordinates": [[85.1187298, 27.8745785], [85.1187506, 27.8745999], [85.1189432, 27.8748812], [85.1191595, 27.8750629]]}, "properties": {"source": "emsr927", "obj_type": "211-Highways, Streets and Roads", "name": "Unknown", "dmg": 0.33, "dmg_label": "Possibly damaged", "kind": "road"}}, {"type": "Feature", "geometry": {"type": "LineString", "coordinates": [[85.1273253, 27.8803127], [85.1273809, 27.8802048], [85.1278047, 27.8799866], [85.1278905, 27.8797827], [85.1279384, 27.8793276]]}, "properties": {"source": "emsr927", "obj_type": "211-Highways, Streets and Roads", "name": "Unknown", "dmg": 1.0, "dmg_label": "Destroyed", "kind": "road"}}, {"type": "Feature", "geometry": {"type": "LineString", "coordinates": [[85.1267767, 27.8796105], [85.1266743, 27.879565], [85.1265563, 27.8796409], [85.1265777, 27.8801625], [85.126626, 27.880409]]}, "properties": {"source": "emsr927", "obj_type": "211-Highways, Streets and Roads", "name": "Unknown", "dmg": 1.0, "dmg_label": "Destroyed", "kind": "road"}}, {"type": "Feature", "geometry": {"type": "LineString", "coordinates": [[85.1321368, 27.884054], [85.1325631, 27.8837605], [85.1326593, 27.8836481]]}, "properties": {"source": "emsr927", "obj_type": "211-Highways, Streets and Roads", "name": "Unknown", "dmg": 0.33, "dmg_label": "Possibly damaged", "kind": "road"}}, {"type": "Feature", "geometry": {"type": "LineString", "coordinates": [[85.1318596, 27.8842211], [85.1319982, 27.8843058], [85.1322685, 27.8845656], [85.1323694, 27.8846794], [85.132496, 27.8848178], [85.1326311, 27.8849354], [85.1327728, 27.8850226], [85.1328414, 27.8850644], [85.132916, 27.8851118]]}, "properties": {"source": "emsr927", "obj_type": "211-Highways, Streets and Roads", "name": "Unknown", "dmg": 1.0, "dmg_label": "Destroyed", "kind": "road"}}, {"type": "Feature", "geometry": {"type": "LineString", "coordinates": [[85.132916, 27.8851118], [85.1329637, 27.8851421], [85.1331461, 27.885235]]}, "properties": {"source": "emsr927", "obj_type": "211-Highways, Streets and Roads", "name": "Unknown", "dmg": 0.33, "dmg_label": "Possibly damaged", "kind": "road"}}, {"type": "Feature", "geometry": {"type": "LineString", "coordinates": [[85.1353867, 27.8938084], [85.1351711, 27.8943027], [85.1350193, 27.894768], [85.1348481, 27.8950049], [85.1350451, 27.8953931], [85.1350473, 27.8954946]]}, "properties": {"source": "emsr927", "obj_type": "211-Highways, Streets and Roads", "name": "Unknown", "dmg": 0.33, "dmg_label": "Possibly damaged", "kind": "road"}}, {"type": "Feature", "geometry": {"type": "LineString", "coordinates": [[85.1375696, 27.8990844], [85.137585, 27.8991592], [85.1376158, 27.8992634], [85.1376107, 27.8993541], [85.1376363, 27.8995014], [85.1376902, 27.8996261], [85.1378235, 27.8998641], [85.1378697, 27.8999389], [85.1379364, 27.9000296], [85.1380082, 27.9000772], [85.1380826, 27.9001089], [85.1381877, 27.9001588], [85.1382672, 27.9001678], [85.1383878, 27.9002109], [85.1384493, 27.9002471], [85.1384852, 27.9003038], [85.1385211, 27.900399], [85.1385699, 27.9004942], [85.1386314, 27.9005531], [85.1387765, 27.9006395], [85.1389076, 27.9006343], [85.1391696, 27.9006158], [85.1392083, 27.900632], [85.1392888, 27.9006658], [85.1393811, 27.9007395], [85.1395081, 27.9007319]]}, "properties": {"source": "emsr927", "obj_type": "211-Highways, Streets and Roads", "name": "Unknown", "dmg": 1.0, "dmg_label": "Destroyed", "kind": "road"}}, {"type": "Feature", "geometry": {"type": "LineString", "coordinates": [[85.1395081, 27.9007319], [85.1395568, 27.900729], [85.1396908, 27.9007158], [85.1398278, 27.900629], [85.1399497, 27.9006415]]}, "properties": {"source": "emsr927", "obj_type": "211-Highways, Streets and Roads", "name": "Unknown", "dmg": 0.33, "dmg_label": "Possibly damaged", "kind": "road"}}, {"type": "Feature", "geometry": {"type": "LineString", "coordinates": [[85.1376768, 27.9036483], [85.1376871, 27.9036477], [85.1377845, 27.9036354], [85.137868, 27.9037153], [85.137875, 27.903783], [85.1378958, 27.9038629], [85.1379515, 27.9039244], [85.138035, 27.9039244], [85.1381185, 27.9038322], [85.1381881, 27.9037522], [85.1382994, 27.9036538], [85.1384247, 27.9035739], [85.13855, 27.9035739], [85.13871, 27.9035432], [85.1388631, 27.903537], [85.1390092, 27.9035616], [85.1390997, 27.9036907], [85.1391554, 27.9038199], [85.139218, 27.9039613], [85.1393015, 27.9040413], [85.1394059, 27.9040474], [85.1394824, 27.9039798], [85.1395798, 27.9038568], [85.1396564, 27.9037584], [85.1398164, 27.9036231], [85.1400113, 27.9035186], [85.1401017, 27.9034448], [85.1402131, 27.9033402], [85.1402896, 27.9032541], [85.1403592, 27.9031619], [85.1403662, 27.9030819], [85.1403175, 27.9029343], [85.1402618, 27.9028052], [85.1402131, 27.9026515], [85.140164, 27.9024564], [85.1398275, 27.9020929], [85.1391705, 27.9017393], [85.1384882, 27.9014081], [85.1383493, 27.901289], [85.1383324, 27.901155], [85.1382524, 27.9011401], [85.1379407, 27.9011029], [85.1376249, 27.9010359]]}, "properties": {"source": "emsr927", "obj_type": "211-Highways, Streets and Roads", "name": "Unknown", "dmg": 1.0, "dmg_label": "Destroyed", "kind": "road"}}, {"type": "Feature", "geometry": {"type": "LineString", "coordinates": [[85.1375402, 27.9041427], [85.1375034, 27.9040368], [85.1375148, 27.903657], [85.1373237, 27.9030067]]}, "properties": {"source": "emsr927", "obj_type": "211-Highways, Streets and Roads", "name": "Unknown", "dmg": 0.33, "dmg_label": "Possibly damaged", "kind": "road"}}, {"type": "Feature", "geometry": {"type": "LineString", "coordinates": [[85.1375148, 27.903657], [85.1376768, 27.9036483]]}, "properties": {"source": "emsr927", "obj_type": "211-Highways, Streets and Roads", "name": "Unknown", "dmg": 0.33, "dmg_label": "Possibly damaged", "kind": "road"}}, {"type": "Feature", "geometry": {"type": "LineString", "coordinates": [[85.1370555, 27.908697], [85.1371115, 27.9087227], [85.137302, 27.9087619], [85.1376578, 27.9088589], [85.137841, 27.9089517], [85.1379849, 27.9090294], [85.1380482, 27.9088513], [85.1380737, 27.9087771], [85.1380564, 27.9087263], [85.1375868, 27.9083879], [85.1375778, 27.9083304], [85.1373736, 27.9078643], [85.1377144, 27.9079996], [85.1377078, 27.9079121], [85.1376662, 27.9078246], [85.1377159, 27.9076325], [85.1377953, 27.907308], [85.1379455, 27.90684], [85.1378677, 27.9065792], [85.1377474, 27.9063691], [85.1379043, 27.9057759], [85.1379126, 27.9051697], [85.1376061, 27.9043326], [85.1375402, 27.9041427]]}, "properties": {"source": "emsr927", "obj_type": "211-Highways, Streets and Roads", "name": "Unknown", "dmg": 1.0, "dmg_label": "Destroyed", "kind": "road"}}, {"type": "Feature", "geometry": {"type": "LineString", "coordinates": [[85.1398161, 27.909316], [85.1398495, 27.9092195], [85.1398473, 27.9091326], [85.1398647, 27.9090496], [85.1398626, 27.9090014], [85.1398211, 27.9089763], [85.1397621, 27.9089917], [85.139666, 27.9090515], [85.1395393, 27.9090631], [85.139465, 27.9090419], [85.139441, 27.9089859], [85.1394584, 27.9088374], [85.1394847, 27.9086134], [85.1394737, 27.9084666], [85.1394213, 27.9083585], [85.1394082, 27.9082562], [85.139489, 27.9080902], [85.1394999, 27.9078953], [85.1395922, 27.9076908], [85.1396763, 27.9075125]]}, "properties": {"source": "emsr927", "obj_type": "211-Highways, Streets and Roads", "name": "Unknown", "dmg": 1.0, "dmg_label": "Destroyed", "kind": "road"}}, {"type": "Feature", "geometry": {"type": "LineString", "coordinates": [[85.1360297, 27.9083941], [85.1362369, 27.9084744], [85.1362832, 27.9084802], [85.1363118, 27.9084432], [85.1363448, 27.9082642], [85.1365012, 27.9082039], [85.1365936, 27.9082253], [85.1366255, 27.9082443], [85.1366883, 27.9082818], [85.1367786, 27.9084919], [85.1368925, 27.9086221], [85.1370555, 27.908697]]}, "properties": {"source": "emsr927", "obj_type": "211-Highways, Streets and Roads", "name": "Unknown", "dmg": 0.33, "dmg_label": "Possibly damaged", "kind": "road"}}, {"type": "Feature", "geometry": {"type": "LineString", "coordinates": [[85.1381525, 27.9091437], [85.1379849, 27.9090294]]}, "properties": {"source": "emsr927", "obj_type": "211-Highways, Streets and Roads", "name": "Unknown", "dmg": 1.0, "dmg_label": "Destroyed", "kind": "road"}}, {"type": "Feature", "geometry": {"type": "LineString", "coordinates": [[85.1381515, 27.9092184], [85.1381525, 27.9091437]]}, "properties": {"source": "emsr927", "obj_type": "211-Highways, Streets and Roads", "name": "Trishuli Bridge", "dmg": 1.0, "dmg_label": "Destroyed", "kind": "road"}}, {"type": "Feature", "geometry": {"type": "LineString", "coordinates": [[85.1390615, 27.909733], [85.1381515, 27.9092184]]}, "properties": {"source": "emsr927", "obj_type": "211-Highways, Streets and Roads", "name": "Trishuli River Bridge", "dmg": 1.0, "dmg_label": "Destroyed", "kind": "road"}}, {"type": "Feature", "geometry": {"type": "LineString", "coordinates": [[85.1390545, 27.9096873], [85.1390615, 27.909733], [85.1392589, 27.9098522]]}, "properties": {"source": "emsr927", "obj_type": "211-Highways, Streets and Roads", "name": "Unknown", "dmg": 1.0, "dmg_label": "Destroyed", "kind": "road"}}, {"type": "Feature", "geometry": {"type": "LineString", "coordinates": [[85.1395652, 27.910559], [85.1395772, 27.9105387], [85.1396946, 27.9103571], [85.1397259, 27.9101989], [85.1397453, 27.9100159], [85.1397336, 27.9096952], [85.1397775, 27.9095421], [85.1398242, 27.9094563]]}, "properties": {"source": "emsr927", "obj_type": "211-Highways, Streets and Roads", "name": "Unknown", "dmg": 0.33, "dmg_label": "Possibly damaged", "kind": "road"}}, {"type": "Feature", "geometry": {"type": "LineString", "coordinates": [[85.1398242, 27.9094563], [85.1398281, 27.9094491], [85.1398484, 27.9093579], [85.1398161, 27.909316], [85.1397516, 27.9093023], [85.1397026, 27.9093156], [85.1395374, 27.9094857], [85.1393733, 27.9096847], [85.1392589, 27.9098522], [85.1387097, 27.9105223], [85.1380701, 27.9113515]]}, "properties": {"source": "emsr927", "obj_type": "211-Highways, Streets and Roads", "name": "Unknown", "dmg": 1.0, "dmg_label": "Destroyed", "kind": "road"}}, {"type": "Feature", "geometry": {"type": "LineString", "coordinates": [[85.1380701, 27.9113515], [85.1379573, 27.9114978], [85.1378064, 27.9117109], [85.1376618, 27.9119606]]}, "properties": {"source": "emsr927", "obj_type": "211-Highways, Streets and Roads", "name": "Unknown", "dmg": 0.33, "dmg_label": "Possibly damaged", "kind": "road"}}, {"type": "Feature", "geometry": {"type": "LineString", "coordinates": [[85.1376618, 27.9119606], [85.1376171, 27.9120379], [85.1375658, 27.9121343]]}, "properties": {"source": "emsr927", "obj_type": "211-Highways, Streets and Roads", "name": "Unknown", "dmg": 1.0, "dmg_label": "Destroyed", "kind": "road"}}, {"type": "Feature", "geometry": {"type": "LineString", "coordinates": [[85.1494991, 27.9216655], [85.1496076, 27.9215], [85.1496026, 27.9214386], [85.149556, 27.9213687], [85.1494768, 27.9213195], [85.1490743, 27.9211269], [85.1487184, 27.9210055], [85.1485259, 27.9209361], [85.1482775, 27.9209154], [85.1481331, 27.920912], [85.1480959, 27.9208997], [85.1480588, 27.9208874], [85.1479963, 27.9208608], [85.1478918, 27.9207734], [85.1476318, 27.9205746], [85.146951, 27.920319], [85.1465653, 27.9201099], [85.1459278, 27.9197227]]}, "properties": {"source": "emsr927", "obj_type": "211-Highways, Streets and Roads", "name": "Unknown", "dmg": 1.0, "dmg_label": "Destroyed", "kind": "road"}}, {"type": "Feature", "geometry": {"type": "LineString", "coordinates": [[85.1375658, 27.9121343], [85.1375656, 27.9121347], [85.1376745, 27.9125753]]}, "properties": {"source": "emsr927", "obj_type": "211-Highways, Streets and Roads", "name": "Unknown", "dmg": 0.33, "dmg_label": "Possibly damaged", "kind": "road"}}, {"type": "Feature", "geometry": {"type": "LineString", "coordinates": [[85.1376171, 27.9120379], [85.1375533, 27.9120559], [85.1375252, 27.9120595], [85.1374179, 27.9120784], [85.1373213, 27.9121164], [85.1372409, 27.9121526], [85.1371014, 27.9122444], [85.1369941, 27.912306], [85.1369136, 27.9123818], [85.1368332, 27.9124434], [85.1367581, 27.9125193], [85.136683, 27.9126236], [85.136463, 27.912908], [85.1362914, 27.9131213], [85.1362002, 27.9132114], [85.1361304, 27.9132446], [85.1360607, 27.9133109], [85.1359802, 27.9133915], [85.1358601, 27.913494], [85.1358247, 27.9135242], [85.1357174, 27.9136475], [85.135594, 27.9137707], [85.1354545, 27.9139603], [85.1352829, 27.9141974], [85.1351434, 27.9143443], [85.13502, 27.9144865], [85.1349342, 27.9145529], [85.1348698, 27.9146714], [85.1348162, 27.9148136], [85.134784, 27.9148894], [85.1347089, 27.9149558], [85.1346284, 27.9149368], [85.1345694, 27.914861], [85.1345748, 27.9147899], [85.1345801, 27.9147235], [85.1346069, 27.9146809], [85.1346552, 27.914624], [85.1346874, 27.9145891], [85.1347571, 27.9145481], [85.1348054, 27.9145055], [85.1348322, 27.9144469], [85.1348537, 27.9144202], [85.1348752, 27.9143491], [85.1348805, 27.9142969], [85.1348752, 27.9142353], [85.1348215, 27.9141879], [85.1347571, 27.9141879], [85.134682, 27.9142211], [85.1346391, 27.9142874]]}, "properties": {"source": "emsr927", "obj_type": "211-Highways, Streets and Roads", "name": "Unknown", "dmg": 1.0, "dmg_label": "Destroyed", "kind": "road"}}, {"type": "Feature", "geometry": {"type": "LineString", "coordinates": [[85.1358601, 27.913494], [85.1366937, 27.9140599]]}, "properties": {"source": "emsr927", "obj_type": "211-Highways, Streets and Roads", "name": "Unknown", "dmg": 1.0, "dmg_label": "Destroyed", "kind": "road"}}, {"type": "Feature", "geometry": {"type": "LineString", "coordinates": [[85.1375587, 27.9144798], [85.1375111, 27.9140296]]}, "properties": {"source": "emsr927", "obj_type": "211-Highways, Streets and Roads", "name": "Unknown", "dmg": 0.33, "dmg_label": "Possibly damaged", "kind": "road"}}, {"type": "Feature", "geometry": {"type": "LineString", "coordinates": [[85.1375587, 27.9144798], [85.1375567, 27.914497]]}, "properties": {"source": "emsr927", "obj_type": "211-Highways, Streets and Roads", "name": "Unknown", "dmg": 0.33, "dmg_label": "Possibly damaged", "kind": "road"}}, {"type": "Feature", "geometry": {"type": "LineString", "coordinates": [[85.1375567, 27.914497], [85.1375492, 27.9145627], [85.1378748, 27.9147723], [85.1379505, 27.9148202]]}, "properties": {"source": "emsr927", "obj_type": "211-Highways, Streets and Roads", "name": "Unknown", "dmg": 1.0, "dmg_label": "Destroyed", "kind": "road"}}, {"type": "Feature", "geometry": {"type": "LineString", "coordinates": [[85.1379505, 27.9148202], [85.1386579, 27.9152672]]}, "properties": {"source": "emsr927", "obj_type": "211-Highways, Streets and Roads", "name": "Unknown", "dmg": 0.33, "dmg_label": "Possibly damaged", "kind": "road"}}, {"type": "Feature", "geometry": {"type": "LineString", "coordinates": [[85.1386579, 27.9152672], [85.1388941, 27.9154165], [85.1390198, 27.9155015]]}, "properties": {"source": "emsr927", "obj_type": "211-Highways, Streets and Roads", "name": "Unknown", "dmg": 1.0, "dmg_label": "Destroyed", "kind": "road"}}, {"type": "Feature", "geometry": {"type": "LineString", "coordinates": [[85.1390198, 27.9155015], [85.1399346, 27.9161202], [85.1399929, 27.9161447], [85.1412902, 27.9166893], [85.14146, 27.9167519]]}, "properties": {"source": "emsr927", "obj_type": "211-Highways, Streets and Roads", "name": "Unknown", "dmg": 0.33, "dmg_label": "Possibly damaged", "kind": "road"}}, {"type": "Feature", "geometry": {"type": "LineString", "coordinates": [[85.1398734, 27.9162626], [85.1399929, 27.9161447]]}, "properties": {"source": "emsr927", "obj_type": "211-Highways, Streets and Roads", "name": "Unknown", "dmg": 0.33, "dmg_label": "Possibly damaged", "kind": "road"}}, {"type": "Feature", "geometry": {"type": "LineString", "coordinates": [[85.1396438, 27.9162315], [85.1395644, 27.9162481], [85.139534, 27.9162749], [85.1395574, 27.9163161], [85.1396531, 27.9163492], [85.1397208, 27.9163492], [85.1398032, 27.9163318], [85.1398734, 27.9162626]]}, "properties": {"source": "emsr927", "obj_type": "211-Highways, Streets and Roads", "name": "Unknown", "dmg": 1.0, "dmg_label": "Destroyed", "kind": "road"}}, {"type": "Feature", "geometry": {"type": "LineString", "coordinates": [[85.1433428, 27.9185992], [85.1405347, 27.9167564], [85.1402525, 27.9165926], [85.1398032, 27.9163318]]}, "properties": {"source": "emsr927", "obj_type": "211-Highways, Streets and Roads", "name": "Unknown", "dmg": 1.0, "dmg_label": "Destroyed", "kind": "road"}}, {"type": "Feature", "geometry": {"type": "LineString", "coordinates": [[85.1363123, 27.9178789], [85.1362342, 27.9178103], [85.1357586, 27.9175151], [85.135399, 27.9173313], [85.1352108, 27.9173214]]}, "properties": {"source": "emsr927", "obj_type": "211-Highways, Streets and Roads", "name": "Unknown", "dmg": 0.33, "dmg_label": "Possibly damaged", "kind": "road"}}, {"type": "Feature", "geometry": {"type": "LineString", "coordinates": [[85.138946, 27.9180806], [85.1388413, 27.9178548], [85.1387157, 27.9176534], [85.1386893, 27.917639], [85.1386903, 27.9175404]]}, "properties": {"source": "emsr927", "obj_type": "211-Highways, Streets and Roads", "name": "Unknown", "dmg": 1.0, "dmg_label": "Destroyed", "kind": "road"}}, {"type": "Feature", "geometry": {"type": "LineString", "coordinates": [[85.1364822, 27.9180252], [85.1364776, 27.9180242], [85.1363123, 27.9178789]]}, "properties": {"source": "emsr927", "obj_type": "211-Highways, Streets and Roads", "name": "Unknown", "dmg": 1.0, "dmg_label": "Destroyed", "kind": "road"}}, {"type": "Feature", "geometry": {"type": "LineString", "coordinates": [[85.1365985, 27.9180504], [85.1364822, 27.9180252]]}, "properties": {"source": "emsr927", "obj_type": "211-Highways, Streets and Roads", "name": "Unknown", "dmg": 1.0, "dmg_label": "Destroyed", "kind": "road"}}, {"type": "Feature", "geometry": {"type": "LineString", "coordinates": [[85.1400861, 27.9179632], [85.1399254, 27.9180097], [85.1397997, 27.9179942], [85.139601, 27.9179348], [85.139414, 27.9179064], [85.1391978, 27.9179064], [85.1390868, 27.917989], [85.138946, 27.9180806], [85.1389078, 27.9181054], [85.1388158, 27.9184165], [85.1387661, 27.918605], [85.1385148, 27.9188954], [85.1383629, 27.9189832], [85.1380751, 27.9190465], [85.137723, 27.9191665], [85.1374717, 27.9192053]]}, "properties": {"source": "emsr927", "obj_type": "211-Highways, Streets and Roads", "name": "Unknown", "dmg": 1.0, "dmg_label": "Destroyed", "kind": "road"}}, {"type": "Feature", "geometry": {"type": "LineString", "coordinates": [[85.1442827, 27.9184817], [85.1441509, 27.9183727], [85.144084, 27.918266]]}, "properties": {"source": "emsr927", "obj_type": "211-Highways, Streets and Roads", "name": "Pasang Lhamu Highway", "dmg": 0.33, "dmg_label": "Possibly damaged", "kind": "road"}}, {"type": "Feature", "geometry": {"type": "LineString", "coordinates": [[85.1443462, 27.9185343], [85.1442599, 27.9185774]]}, "properties": {"source": "emsr927", "obj_type": "211-Highways, Streets and Roads", "name": "Unknown", "dmg": 1.0, "dmg_label": "Destroyed", "kind": "road"}}, {"type": "Feature", "geometry": {"type": "LineString", "coordinates": [[85.1441755, 27.9186018], [85.1441029, 27.9186156], [85.1438789, 27.9185378], [85.1438007, 27.91852]]}, "properties": {"source": "emsr927", "obj_type": "211-Highways, Streets and Roads", "name": "Unknown", "dmg": 1.0, "dmg_label": "Destroyed", "kind": "road"}}, {"type": "Feature", "geometry": {"type": "LineString", "coordinates": [[85.1442599, 27.9185774], [85.1442327, 27.918591], [85.1441755, 27.9186018]]}, "properties": {"source": "emsr927", "obj_type": "211-Highways, Streets and Roads", "name": "Unknown", "dmg": 0.33, "dmg_label": "Possibly damaged", "kind": "road"}}, {"type": "Feature", "geometry": {"type": "LineString", "coordinates": [[85.1469185, 27.9198318], [85.1468546, 27.9198136], [85.1459673, 27.9197022], [85.1459278, 27.9197227], [85.1449548, 27.9190659], [85.1446579, 27.9187487], [85.1444052, 27.9185771], [85.1443462, 27.9185343], [85.1442827, 27.9184817]]}, "properties": {"source": "emsr927", "obj_type": "211-Highways, Streets and Roads", "name": "Pasang Lhamu Highway", "dmg": 1.0, "dmg_label": "Destroyed", "kind": "road"}}, {"type": "Feature", "geometry": {"type": "LineString", "coordinates": [[85.1443075, 27.9196248], [85.1442835, 27.9195832], [85.1442206, 27.9195554], [85.1441986, 27.9195193], [85.1441997, 27.919474], [85.1442164, 27.9194443], [85.1442468, 27.9194101], [85.1442782, 27.9193759], [85.1443222, 27.9193176], [85.1443693, 27.9192454], [85.1444248, 27.9191732], [85.1444908, 27.9190769], [85.1447081, 27.9192007], [85.1448458, 27.9192791]]}, "properties": {"source": "emsr927", "obj_type": "211-Highways, Streets and Roads", "name": "Unknown", "dmg": 1.0, "dmg_label": "Destroyed", "kind": "road"}}, {"type": "Feature", "geometry": {"type": "LineString", "coordinates": [[85.1478745, 27.9218286], [85.1477823, 27.9216946], [85.1478198, 27.9215973], [85.147924, 27.9214895], [85.1480959, 27.9208997]]}, "properties": {"source": "emsr927", "obj_type": "211-Highways, Streets and Roads", "name": "Unknown", "dmg": 1.0, "dmg_label": "Destroyed", "kind": "road"}}, {"type": "Feature", "geometry": {"type": "LineString", "coordinates": [[85.14937, 27.9221046], [85.1494991, 27.9216655]]}, "properties": {"source": "emsr927", "obj_type": "211-Highways, Streets and Roads", "name": "trishuli bridge", "dmg": 1.0, "dmg_label": "Destroyed", "kind": "road"}}, {"type": "Feature", "geometry": {"type": "LineString", "coordinates": [[85.14937, 27.9221046], [85.1492805, 27.9221945], [85.1487269, 27.9219911], [85.1483333, 27.9218753], [85.148045, 27.9218185], [85.1478745, 27.9218286], [85.1477041, 27.9218386], [85.1476297, 27.9218696], [85.1475305, 27.9220777], [85.1475199, 27.9221059], [85.1474954, 27.9221708]]}, "properties": {"source": "emsr927", "obj_type": "211-Highways, Streets and Roads", "name": "Unknown", "dmg": 1.0, "dmg_label": "Destroyed", "kind": "road"}}, {"type": "Feature", "geometry": {"type": "LineString", "coordinates": [[85.1497436, 27.9226945], [85.1501953, 27.9225429]]}, "properties": {"source": "emsr927", "obj_type": "211-Highways, Streets and Roads", "name": "Unknown", "dmg": 1.0, "dmg_label": "Destroyed", "kind": "road"}}, {"type": "Feature", "geometry": {"type": "LineString", "coordinates": [[85.1484821, 27.9229524], [85.1486925, 27.9231359], [85.1488993, 27.9234058]]}, "properties": {"source": "emsr927", "obj_type": "211-Highways, Streets and Roads", "name": "Unknown", "dmg": 1.0, "dmg_label": "Destroyed", "kind": "road"}}, {"type": "Feature", "geometry": {"type": "LineString", "coordinates": [[85.1492732, 27.9232487], [85.1488993, 27.9234058]]}, "properties": {"source": "emsr927", "obj_type": "211-Highways, Streets and Roads", "name": "Unknown", "dmg": 1.0, "dmg_label": "Destroyed", "kind": "road"}}, {"type": "Feature", "geometry": {"type": "LineString", "coordinates": [[85.1482907, 27.9232235], [85.1479913, 27.9234277], [85.1479726, 27.9234427]]}, "properties": {"source": "emsr927", "obj_type": "211-Highways, Streets and Roads", "name": "Unknown", "dmg": 1.0, "dmg_label": "Destroyed", "kind": "road"}}, {"type": "Feature", "geometry": {"type": "LineString", "coordinates": [[85.147861, 27.9242565], [85.1486378, 27.9239132], [85.1490356, 27.923761], [85.1495237, 27.9235743], [85.1497749, 27.9235356], [85.1498314, 27.9234229], [85.1498376, 27.9232878], [85.1498996, 27.9229765], [85.1498465, 27.9228306], [85.1498345, 27.9227976], [85.1497436, 27.9226945], [85.149005, 27.9228164]]}, "properties": {"source": "emsr927", "obj_type": "211-Highways, Streets and Roads", "name": "Unknown", "dmg": 1.0, "dmg_label": "Destroyed", "kind": "road"}}, {"type": "Feature", "geometry": {"type": "LineString", "coordinates": [[85.1479726, 27.9234427], [85.1477413, 27.9236285], [85.1475429, 27.9237691], [85.1476297, 27.9238804], [85.1476485, 27.9239143], [85.1477433, 27.9240849], [85.1477537, 27.9242072], [85.1478115, 27.9242784], [85.147861, 27.9242565]]}, "properties": {"source": "emsr927", "obj_type": "211-Highways, Streets and Roads", "name": "Unknown", "dmg": 0.33, "dmg_label": "Possibly damaged", "kind": "road"}}, {"type": "Feature", "geometry": {"type": "LineString", "coordinates": [[85.1527207, 27.9301248], [85.1531296, 27.9303357]]}, "properties": {"source": "emsr927", "obj_type": "211-Highways, Streets and Roads", "name": "Pasang Lhamu Highway", "dmg": 0.33, "dmg_label": "Possibly damaged", "kind": "road"}}, {"type": "Feature", "geometry": {"type": "LineString", "coordinates": [[85.1531296, 27.9303357], [85.1535474, 27.9305511], [85.1538452, 27.9306037], [85.1542525, 27.9306633], [85.1545113, 27.9307405]]}, "properties": {"source": "emsr927", "obj_type": "211-Highways, Streets and Roads", "name": "Pasang Lhamu Highway", "dmg": 1.0, "dmg_label": "Destroyed", "kind": "road"}}, {"type": "Feature", "geometry": {"type": "LineString", "coordinates": [[85.1545113, 27.9307405], [85.1548193, 27.9308323]]}, "properties": {"source": "emsr927", "obj_type": "211-Highways, Streets and Roads", "name": "Pasang Lhamu Highway", "dmg": 0.33, "dmg_label": "Possibly damaged", "kind": "road"}}, {"type": "Feature", "geometry": {"type": "LineString", "coordinates": [[85.1516402, 27.9301614], [85.1515238, 27.9300541], [85.1513912, 27.9299959], [85.1511434, 27.9299167], [85.1509961, 27.9298261], [85.1508899, 27.9296572], [85.1509076, 27.929554], [85.1508227, 27.929454], [85.1508545, 27.929307], [85.150943, 27.9291288], [85.1508924, 27.928953]]}, "properties": {"source": "emsr927", "obj_type": "211-Highways, Streets and Roads", "name": "Unknown", "dmg": 0.33, "dmg_label": "Possibly damaged", "kind": "road"}}, {"type": "Feature", "geometry": {"type": "LineString", "coordinates": [[85.1516027, 27.9301999], [85.1516402, 27.9301614], [85.1516577, 27.9301295], [85.1517099, 27.9301176], [85.1517602, 27.930091], [85.1518465, 27.9300631]]}, "properties": {"source": "emsr927", "obj_type": "211-Highways, Streets and Roads", "name": "Unknown", "dmg": 0.33, "dmg_label": "Possibly damaged", "kind": "road"}}, {"type": "Feature", "geometry": {"type": "LineString", "coordinates": [[85.1513777, 27.9304309], [85.1516027, 27.9301999]]}, "properties": {"source": "emsr927", "obj_type": "211-Highways, Streets and Roads", "name": "Unknown", "dmg": 1.0, "dmg_label": "Destroyed", "kind": "road"}}, {"type": "Feature", "geometry": {"type": "LineString", "coordinates": [[85.1490854, 27.9310051], [85.1488387, 27.9306354], [85.1487609, 27.9305003], [85.1486241, 27.9303558], [85.1484953, 27.9302539], [85.1483532, 27.9301117], [85.1482083, 27.9299885], [85.1481146, 27.9298913], [85.1480636, 27.9298913], [85.1479912, 27.929915], [85.1478249, 27.9299885], [85.1476981, 27.9300448], [85.1475647, 27.9300572], [85.1473877, 27.9300501], [85.147267, 27.9300856], [85.147149, 27.9300951], [85.1470337, 27.9300667], [85.1469183, 27.9300217], [85.1468647, 27.930024], [85.1468379, 27.9300619], [85.14688, 27.9301514], [85.1468902, 27.9301849]]}, "properties": {"source": "emsr927", "obj_type": "211-Highways, Streets and Roads", "name": "Unknown", "dmg": 1.0, "dmg_label": "Destroyed", "kind": "road"}}, {"type": "Feature", "geometry": {"type": "LineString", "coordinates": [[85.1510615, 27.9307925], [85.1511011, 27.9307148], [85.1513777, 27.9304309]]}, "properties": {"source": "emsr927", "obj_type": "211-Highways, Streets and Roads", "name": "Unknown", "dmg": 0.33, "dmg_label": "Possibly damaged", "kind": "road"}}, {"type": "Feature", "geometry": {"type": "LineString", "coordinates": [[85.1502749, 27.9316532], [85.150342, 27.9315442], [85.1504815, 27.9313547], [85.1506612, 27.9311864], [85.1507551, 27.9311129], [85.1508865, 27.931011], [85.150975, 27.9309234], [85.1510394, 27.9308357], [85.1510615, 27.9307925]]}, "properties": {"source": "emsr927", "obj_type": "211-Highways, Streets and Roads", "name": "Unknown", "dmg": 1.0, "dmg_label": "Destroyed", "kind": "road"}}, {"type": "Feature", "geometry": {"type": "LineString", "coordinates": [[85.1508764, 27.9354141], [85.1509225, 27.9353919], [85.150979, 27.9353383], [85.1510335, 27.9352827], [85.1510607, 27.9352383], [85.151111, 27.9351865], [85.1511717, 27.9351365], [85.1512031, 27.9350644], [85.1511948, 27.9349941], [85.1512199, 27.9349108], [85.1512618, 27.9348553], [85.1512953, 27.9347979], [85.1513623, 27.9347498], [85.1514042, 27.9346998], [85.1514168, 27.9346461], [85.1514838, 27.9346073], [85.1515697, 27.9345758], [85.1516325, 27.9345536], [85.1517289, 27.9345814], [85.1518315, 27.9346443], [85.1518923, 27.9346924], [85.1519803, 27.9347535], [85.1520431, 27.9347905], [85.1521279, 27.934809], [85.1521855, 27.9348053], [85.1522285, 27.9347877], [85.1522609, 27.9347424], [85.1522871, 27.9346656], [85.1523102, 27.9345879], [85.1523301, 27.9345212], [85.1524201, 27.9344176], [85.1525217, 27.9343417], [85.152616, 27.9342788], [85.1527123, 27.9342621], [85.1527333, 27.9342057], [85.1527542, 27.9341187], [85.1528087, 27.9340873], [85.1528715, 27.9340965], [85.1529281, 27.9341095], [85.15297, 27.93414], [85.1530077, 27.9341354]]}, "properties": {"source": "emsr927", "obj_type": "211-Highways, Streets and Roads", "name": "Unknown", "dmg": 1.0, "dmg_label": "Destroyed", "kind": "road"}}, {"type": "Feature", "geometry": {"type": "LineString", "coordinates": [[85.1727728, 27.9625936], [85.1727531, 27.9626063]]}, "properties": {"source": "emsr927", "obj_type": "211-Highways, Streets and Roads", "name": "Unknown", "dmg": 1.0, "dmg_label": "Destroyed", "kind": "road"}}, {"type": "Feature", "geometry": {"type": "LineString", "coordinates": [[85.1727904, 27.9626094], [85.1730013, 27.962799]]}, "properties": {"source": "emsr927", "obj_type": "211-Highways, Streets and Roads", "name": "Pasang Lhamu Highway", "dmg": 1.0, "dmg_label": "Destroyed", "kind": "road"}}, {"type": "Feature", "geometry": {"type": "LineString", "coordinates": [[85.1730013, 27.962799], [85.1730893, 27.9628781]]}, "properties": {"source": "emsr927", "obj_type": "211-Highways, Streets and Roads", "name": "Pasang Lhamu Highway", "dmg": 1.0, "dmg_label": "Destroyed", "kind": "road"}}, {"type": "Feature", "geometry": {"type": "LineString", "coordinates": [[85.1730893, 27.9628781], [85.173221, 27.9629965]]}, "properties": {"source": "emsr927", "obj_type": "211-Highways, Streets and Roads", "name": "Pasang Lhamu Highway", "dmg": 1.0, "dmg_label": "Destroyed", "kind": "road"}}, {"type": "Feature", "geometry": {"type": "LineString", "coordinates": [[85.1577264, 27.9362921], [85.1576692, 27.9368414]]}, "properties": {"source": "emsr927", "obj_type": "211-Highways, Streets and Roads", "name": "Pasang Lhamu Highway", "dmg": 0.33, "dmg_label": "Possibly damaged", "kind": "road"}}, {"type": "Feature", "geometry": {"type": "LineString", "coordinates": [[85.1576692, 27.9368414], [85.1576669, 27.936864], [85.1576694, 27.9368733]]}, "properties": {"source": "emsr927", "obj_type": "211-Highways, Streets and Roads", "name": "Pasang Lhamu Highway", "dmg": 1.0, "dmg_label": "Destroyed", "kind": "road"}}, {"type": "Feature", "geometry": {"type": "LineString", "coordinates": [[85.1573633, 27.9366956], [85.1573425, 27.9367396], [85.1573345, 27.9368285], [85.1573345, 27.9369221], [85.1573371, 27.9370323], [85.1572969, 27.93705], [85.1572419, 27.9370488]]}, "properties": {"source": "emsr927", "obj_type": "211-Highways, Streets and Roads", "name": "Unknown", "dmg": 1.0, "dmg_label": "Destroyed", "kind": "road"}}, {"type": "Feature", "geometry": {"type": "LineString", "coordinates": [[85.1585856, 27.9386779], [85.1585482, 27.9387218], [85.1584891, 27.9387289], [85.158402, 27.9386945], [85.1583188, 27.9386246], [85.1582317, 27.9385192], [85.1580533, 27.9382728], [85.1579205, 27.9380204], [85.1577086, 27.9377195], [85.1576456, 27.9375998], [85.1575973, 27.9374659], [85.1574981, 27.9372313], [85.1574605, 27.9370169], [85.1574243, 27.9369079], [85.1573633, 27.9366956], [85.1572701, 27.9363711], [85.15725, 27.9361804], [85.157203, 27.9360536], [85.1571279, 27.9359126], [85.156857, 27.9354019]]}, "properties": {"source": "emsr927", "obj_type": "211-Highways, Streets and Roads", "name": "Unknown", "dmg": 1.0, "dmg_label": "Destroyed", "kind": "road"}}, {"type": "Feature", "geometry": {"type": "LineString", "coordinates": [[85.1576694, 27.9368733], [85.1577785, 27.9372865], [85.1578577, 27.9375393]]}, "properties": {"source": "emsr927", "obj_type": "211-Highways, Streets and Roads", "name": "Pasang Lhamu Highway", "dmg": 0.33, "dmg_label": "Possibly damaged", "kind": "road"}}, {"type": "Feature", "geometry": {"type": "LineString", "coordinates": [[85.150172, 27.9350029], [85.1498762, 27.9348389], [85.1497715, 27.9349925], [85.149679, 27.9351751]]}, "properties": {"source": "emsr927", "obj_type": "211-Highways, Streets and Roads", "name": "Unknown", "dmg": 1.0, "dmg_label": "Destroyed", "kind": "road"}}, {"type": "Feature", "geometry": {"type": "LineString", "coordinates": [[85.1505366, 27.9352052], [85.150172, 27.9350029]]}, "properties": {"source": "emsr927", "obj_type": "211-Highways, Streets and Roads", "name": "Unknown", "dmg": 0.33, "dmg_label": "Possibly damaged", "kind": "road"}}, {"type": "Feature", "geometry": {"type": "LineString", "coordinates": [[85.1506015, 27.9354298], [85.150625, 27.9353771], [85.1506564, 27.9353642], [85.1507004, 27.9353753], [85.1507549, 27.9354012], [85.1508052, 27.9354252], [85.1508764, 27.9354141], [85.1506303, 27.9352571], [85.1505366, 27.9352052]]}, "properties": {"source": "emsr927", "obj_type": "211-Highways, Streets and Roads", "name": "Unknown", "dmg": 1.0, "dmg_label": "Destroyed", "kind": "road"}}, {"type": "Feature", "geometry": {"type": "LineString", "coordinates": [[85.149679, 27.9351751], [85.149673, 27.9351868], [85.1495913, 27.9353885], [85.1495138, 27.9355033]]}, "properties": {"source": "emsr927", "obj_type": "211-Highways, Streets and Roads", "name": "Unknown", "dmg": 0.33, "dmg_label": "Possibly damaged", "kind": "road"}}, {"type": "Feature", "geometry": {"type": "LineString", "coordinates": [[85.1505831, 27.9356233], [85.1505245, 27.9356029], [85.1506015, 27.9354298]]}, "properties": {"source": "emsr927", "obj_type": "211-Highways, Streets and Roads", "name": "Unknown", "dmg": 0.33, "dmg_label": "Possibly damaged", "kind": "road"}}, {"type": "Feature", "geometry": {"type": "LineString", "coordinates": [[85.1520122, 27.93619], [85.1523136, 27.9362688], [85.1523178, 27.9362688], [85.1524833, 27.9363025], [85.1525937, 27.9363625], [85.1526998, 27.93643], [85.152861, 27.936475], [85.1529502, 27.9365275], [85.1530902, 27.9366212], [85.1531836, 27.9367], [85.1532642, 27.9367337], [85.1533873, 27.9368125], [85.1534637, 27.9369212], [85.1535571, 27.9370862], [85.1537098, 27.9371799], [85.1538796, 27.9373074], [85.1540578, 27.9374798], [85.1541682, 27.9375436], [85.1542743, 27.9375698], [85.1543889, 27.9376486], [85.154495, 27.9377273], [85.1545799, 27.9378098], [85.1547029, 27.937926], [85.1548642, 27.938046], [85.1549745, 27.938106], [85.1550806, 27.9382185], [85.1552207, 27.9383047], [85.1553013, 27.9383647], [85.1554541, 27.9384697], [85.1555687, 27.9385484], [85.1556663, 27.9386571], [85.1557554, 27.9387246], [85.1558531, 27.9388296], [85.1559549, 27.9389196], [85.1560525, 27.9390133], [85.1562053, 27.9391697], [85.156327, 27.9393045], [85.1564051, 27.9394297], [85.1564978, 27.9395164], [85.156545, 27.9395614], [85.1566263, 27.9396203], [85.1567198, 27.9396881], [85.1568451, 27.9397596], [85.1569338, 27.9398471], [85.1569912, 27.9399416], [85.157072, 27.94005], [85.1571346, 27.9401491], [85.1571894, 27.9402827], [85.1572239, 27.9403836], [85.1572312, 27.9404049], [85.1572364, 27.9405616], [85.1572364, 27.9405639], [85.1571946, 27.9408797], [85.1571764, 27.940988], [85.1571477, 27.9410963], [85.1570851, 27.9411793], [85.1570731, 27.9411846]]}, "properties": {"source": "emsr927", "obj_type": "211-Highways, Streets and Roads", "name": "Unknown", "dmg": 1.0, "dmg_label": "Destroyed", "kind": "road"}}, {"type": "Feature", "geometry": {"type": "LineString", "coordinates": [[85.1566945, 27.9400437], [85.1561887, 27.9396057]]}, "properties": {"source": "emsr927", "obj_type": "211-Highways, Streets and Roads", "name": "Unknown", "dmg": 0.33, "dmg_label": "Possibly damaged", "kind": "road"}}, {"type": "Feature", "geometry": {"type": "LineString", "coordinates": [[85.1571346, 27.9401491], [85.1572548, 27.9399331], [85.1573312, 27.9398395], [85.1575284, 27.9397377], [85.1577443, 27.9395979], [85.1578207, 27.9396085], [85.1578529, 27.9396014], [85.1578779, 27.9396168], [85.1579106, 27.9396369], [85.1579924, 27.9397471], [85.158093, 27.9398372], [85.1581922, 27.9398893], [85.1582794, 27.9399023], [85.1583639, 27.9398076], [85.1585034, 27.9396903]]}, "properties": {"source": "emsr927", "obj_type": "211-Highways, Streets and Roads", "name": "Unknown", "dmg": 1.0, "dmg_label": "Destroyed", "kind": "road"}}, {"type": "Feature", "geometry": {"type": "LineString", "coordinates": [[85.1582794, 27.9399023], [85.1584496, 27.9402067], [85.1585197, 27.9402787], [85.1586908, 27.9403636], [85.1587413, 27.9403996], [85.1587592, 27.9405162], [85.1588716, 27.940558], [85.1589189, 27.9406242]]}, "properties": {"source": "emsr927", "obj_type": "211-Highways, Streets and Roads", "name": "Unknown", "dmg": 1.0, "dmg_label": "Destroyed", "kind": "road"}}, {"type": "Feature", "geometry": {"type": "LineString", "coordinates": [[85.1569216, 27.9408154], [85.1569433, 27.9406927], [85.1569288, 27.9405098], [85.1568754, 27.940318], [85.156784, 27.9401598], [85.1566945, 27.9400437]]}, "properties": {"source": "emsr927", "obj_type": "211-Highways, Streets and Roads", "name": "Unknown", "dmg": 0.33, "dmg_label": "Possibly damaged", "kind": "road"}}, {"type": "Feature", "geometry": {"type": "LineString", "coordinates": [[85.1569056, 27.9408907], [85.1569111, 27.940875], [85.1569216, 27.9408154]]}, "properties": {"source": "emsr927", "obj_type": "211-Highways, Streets and Roads", "name": "Unknown", "dmg": 1.0, "dmg_label": "Destroyed", "kind": "road"}}, {"type": "Feature", "geometry": {"type": "LineString", "coordinates": [[85.1578577, 27.9375393], [85.1578882, 27.9376365], [85.1581229, 27.9381045], [85.1583335, 27.9384114], [85.1585856, 27.9386779], [85.1588565, 27.938967], [85.1588751, 27.9389884], [85.159578, 27.9397976], [85.1597675, 27.9400325], [85.1599535, 27.9402845], [85.1600876, 27.9405677], [85.1602016, 27.9408722], [85.1603343, 27.9411818], [85.1607776, 27.9420212], [85.1609358, 27.9422783], [85.1610394, 27.9426012], [85.1612281, 27.9432776], [85.1618388, 27.944425], [85.1623063, 27.9455154], [85.1624548, 27.945706]]}, "properties": {"source": "emsr927", "obj_type": "211-Highways, Streets and Roads", "name": "Pasang Lhamu Highway", "dmg": 1.0, "dmg_label": "Destroyed", "kind": "road"}}, {"type": "Feature", "geometry": {"type": "LineString", "coordinates": [[85.1586576, 27.9442378], [85.1585316, 27.9442899]]}, "properties": {"source": "emsr927", "obj_type": "211-Highways, Streets and Roads", "name": "Unknown", "dmg": 0.33, "dmg_label": "Possibly damaged", "kind": "road"}}, {"type": "Feature", "geometry": {"type": "LineString", "coordinates": [[85.1624548, 27.945706], [85.1624812, 27.9457399]]}, "properties": {"source": "emsr927", "obj_type": "211-Highways, Streets and Roads", "name": "Pasang Lhamu Highway", "dmg": 1.0, "dmg_label": "Destroyed", "kind": "road"}}, {"type": "Feature", "geometry": {"type": "LineString", "coordinates": [[85.1624812, 27.9457399], [85.1625473, 27.9458248], [85.162688, 27.9460054], [85.1627305, 27.9460743]]}, "properties": {"source": "emsr927", "obj_type": "211-Highways, Streets and Roads", "name": "Pasang Lhamu Highway", "dmg": 1.0, "dmg_label": "Destroyed", "kind": "road"}}, {"type": "Feature", "geometry": {"type": "LineString", "coordinates": [[85.1625473, 27.9458248], [85.1625798, 27.9459803], [85.1626147, 27.9461035], [85.1627059, 27.9462362], [85.1627508, 27.9462825]]}, "properties": {"source": "emsr927", "obj_type": "211-Highways, Streets and Roads", "name": "Unknown", "dmg": 1.0, "dmg_label": "Destroyed", "kind": "road"}}, {"type": "Feature", "geometry": {"type": "LineString", "coordinates": [[85.1627305, 27.9460743], [85.1628507, 27.9462694], [85.1629031, 27.9464765]]}, "properties": {"source": "emsr927", "obj_type": "211-Highways, Streets and Roads", "name": "Pasang Lhamu Highway", "dmg": 0.33, "dmg_label": "Possibly damaged", "kind": "road"}}, {"type": "Feature", "geometry": {"type": "LineString", "coordinates": [[85.1627508, 27.9462825], [85.1627703, 27.9463026], [85.1627662, 27.9463297]]}, "properties": {"source": "emsr927", "obj_type": "211-Highways, Streets and Roads", "name": "Unknown", "dmg": 1.0, "dmg_label": "Destroyed", "kind": "road"}}, {"type": "Feature", "geometry": {"type": "LineString", "coordinates": [[85.1627662, 27.9463297], [85.1627595, 27.9463736], [85.1626683, 27.9464613], [85.1626361, 27.9465087], [85.1626335, 27.9465656]]}, "properties": {"source": "emsr927", "obj_type": "211-Highways, Streets and Roads", "name": "Unknown", "dmg": 1.0, "dmg_label": "Destroyed", "kind": "road"}}, {"type": "Feature", "geometry": {"type": "LineString", "coordinates": [[85.1629031, 27.9464765], [85.1629158, 27.9465269], [85.1630763, 27.9467578], [85.163288, 27.9469918]]}, "properties": {"source": "emsr927", "obj_type": "211-Highways, Streets and Roads", "name": "Pasang Lhamu Highway", "dmg": 1.0, "dmg_label": "Destroyed", "kind": "road"}}, {"type": "Feature", "geometry": {"type": "LineString", "coordinates": [[85.1635612, 27.9469881], [85.1637412, 27.9471115], [85.1637523, 27.9472624], [85.1634655, 27.9471879]]}, "properties": {"source": "emsr927", "obj_type": "211-Highways, Streets and Roads", "name": "Unknown", "dmg": 0.33, "dmg_label": "Possibly damaged", "kind": "road"}}, {"type": "Feature", "geometry": {"type": "LineString", "coordinates": [[85.163288, 27.9469918], [85.1634655, 27.9471879], [85.1635561, 27.9472837]]}, "properties": {"source": "emsr927", "obj_type": "211-Highways, Streets and Roads", "name": "Pasang Lhamu Highway", "dmg": 0.33, "dmg_label": "Possibly damaged", "kind": "road"}}, {"type": "Feature", "geometry": {"type": "LineString", "coordinates": [[85.1635561, 27.9472837], [85.1636324, 27.9473645]]}, "properties": {"source": "emsr927", "obj_type": "211-Highways, Streets and Roads", "name": "Pasang Lhamu Highway", "dmg": 1.0, "dmg_label": "Destroyed", "kind": "road"}}, {"type": "Feature", "geometry": {"type": "LineString", "coordinates": [[85.1636324, 27.9473645], [85.163754, 27.9474932], [85.1638402, 27.9477913]]}, "properties": {"source": "emsr927", "obj_type": "211-Highways, Streets and Roads", "name": "Pasang Lhamu Highway", "dmg": 0.33, "dmg_label": "Possibly damaged", "kind": "road"}}, {"type": "Feature", "geometry": {"type": "LineString", "coordinates": [[85.1638402, 27.9477913], [85.1638423, 27.9477985]]}, "properties": {"source": "emsr927", "obj_type": "211-Highways, Streets and Roads", "name": "Pasang Lhamu Highway", "dmg": 0.33, "dmg_label": "Possibly damaged", "kind": "road"}}, {"type": "Feature", "geometry": {"type": "LineString", "coordinates": [[85.1590745, 27.944881], [85.1589361, 27.9446604], [85.1588192, 27.944444], [85.1587031, 27.944229], [85.1586576, 27.9442378]]}, "properties": {"source": "emsr927", "obj_type": "211-Highways, Streets and Roads", "name": "Unknown", "dmg": 0.33, "dmg_label": "Possibly damaged", "kind": "road"}}, {"type": "Feature", "geometry": {"type": "LineString", "coordinates": [[85.1614311, 27.9482385], [85.1610995, 27.9476677], [85.1607121, 27.9473763], [85.1603781, 27.9471737], [85.1603071, 27.947105], [85.1602762, 27.947015], [85.1602507, 27.9469143], [85.1602413, 27.9467816], [85.1601555, 27.9465328], [85.1597974, 27.9459564], [85.1595155, 27.9455536], [85.1593295, 27.9452878], [85.1590745, 27.944881]]}, "properties": {"source": "emsr927", "obj_type": "211-Highways, Streets and Roads", "name": "Unknown", "dmg": 1.0, "dmg_label": "Destroyed", "kind": "road"}}, {"type": "Feature", "geometry": {"type": "LineString", "coordinates": [[85.1607121, 27.9473763], [85.1606262, 27.9472555], [85.1604841, 27.9471145], [85.1603312, 27.9469403], [85.1602413, 27.9467816]]}, "properties": {"source": "emsr927", "obj_type": "211-Highways, Streets and Roads", "name": "Unknown", "dmg": 1.0, "dmg_label": "Destroyed", "kind": "road"}}, {"type": "Feature", "geometry": {"type": "LineString", "coordinates": [[85.1638423, 27.9477985], [85.1639655, 27.9482244]]}, "properties": {"source": "emsr927", "obj_type": "211-Highways, Streets and Roads", "name": "Pasang Lhamu Highway", "dmg": 0.33, "dmg_label": "Possibly damaged", "kind": "road"}}, {"type": "Feature", "geometry": {"type": "LineString", "coordinates": [[85.1614217, 27.948402], [85.1614311, 27.9482385]]}, "properties": {"source": "emsr927", "obj_type": "211-Highways, Streets and Roads", "name": "Unknown", "dmg": 1.0, "dmg_label": "Destroyed", "kind": "road"}}, {"type": "Feature", "geometry": {"type": "LineString", "coordinates": [[85.1639655, 27.9482244], [85.1639898, 27.9483084], [85.1641505, 27.9485845]]}, "properties": {"source": "emsr927", "obj_type": "211-Highways, Streets and Roads", "name": "Pasang Lhamu Highway", "dmg": 1.0, "dmg_label": "Destroyed", "kind": "road"}}, {"type": "Feature", "geometry": {"type": "LineString", "coordinates": [[85.1641496, 27.9486342], [85.1639631, 27.9486413], [85.1638814, 27.9486223]]}, "properties": {"source": "emsr927", "obj_type": "211-Highways, Streets and Roads", "name": "Unknown", "dmg": 1.0, "dmg_label": "Destroyed", "kind": "road"}}, {"type": "Feature", "geometry": {"type": "LineString", "coordinates": [[85.1641788, 27.9486331], [85.1641496, 27.9486342]]}, "properties": {"source": "emsr927", "obj_type": "211-Highways, Streets and Roads", "name": "Unknown", "dmg": 0.33, "dmg_label": "Possibly damaged", "kind": "road"}}, {"type": "Feature", "geometry": {"type": "LineString", "coordinates": [[85.1638814, 27.9486223], [85.1638597, 27.9488026]]}, "properties": {"source": "emsr927", "obj_type": "211-Highways, Streets and Roads", "name": "Unknown", "dmg": 1.0, "dmg_label": "Destroyed", "kind": "road"}}, {"type": "Feature", "geometry": {"type": "LineString", "coordinates": [[85.1612774, 27.949125], [85.1612936, 27.94903], [85.1612999, 27.9485597], [85.1613413, 27.9484861], [85.1614217, 27.948402]]}, "properties": {"source": "emsr927", "obj_type": "211-Highways, Streets and Roads", "name": "Unknown", "dmg": 1.0, "dmg_label": "Destroyed", "kind": "road"}}, {"type": "Feature", "geometry": {"type": "LineString", "coordinates": [[85.1641505, 27.9485845], [85.1641788, 27.9486331], [85.1642363, 27.9487319], [85.1643009, 27.9489374], [85.164118, 27.9492879]]}, "properties": {"source": "emsr927", "obj_type": "211-Highways, Streets and Roads", "name": "Pasang Lhamu Highway", "dmg": 0.33, "dmg_label": "Possibly damaged", "kind": "road"}}, {"type": "Feature", "geometry": {"type": "LineString", "coordinates": [[85.161294, 27.9492014], [85.1612708, 27.9491638], [85.1612774, 27.949125]]}, "properties": {"source": "emsr927", "obj_type": "211-Highways, Streets and Roads", "name": "Unknown", "dmg": 1.0, "dmg_label": "Destroyed", "kind": "road"}}, {"type": "Feature", "geometry": {"type": "LineString", "coordinates": [[85.1638597, 27.9488026], [85.1639051, 27.9490222], [85.1638528, 27.9492876], [85.1638407, 27.9494428], [85.1638588, 27.94956], [85.1638635, 27.9495909], [85.1638681, 27.9496155]]}, "properties": {"source": "emsr927", "obj_type": "211-Highways, Streets and Roads", "name": "Unknown", "dmg": 1.0, "dmg_label": "Destroyed", "kind": "road"}}, {"type": "Feature", "geometry": {"type": "LineString", "coordinates": [[85.1613349, 27.9493482], [85.1613262, 27.9492537], [85.161294, 27.9492014]]}, "properties": {"source": "emsr927", "obj_type": "211-Highways, Streets and Roads", "name": "Unknown", "dmg": 1.0, "dmg_label": "Destroyed", "kind": "road"}}, {"type": "Feature", "geometry": {"type": "LineString", "coordinates": [[85.1613444, 27.9494519], [85.1613349, 27.9493482]]}, "properties": {"source": "emsr927", "obj_type": "211-Highways, Streets and Roads", "name": "Unknown", "dmg": 1.0, "dmg_label": "Destroyed", "kind": "road"}}, {"type": "Feature", "geometry": {"type": "LineString", "coordinates": [[85.1613507, 27.9495562], [85.1613473, 27.9494837], [85.1613444, 27.9494519]]}, "properties": {"source": "emsr927", "obj_type": "211-Highways, Streets and Roads", "name": "Unknown", "dmg": 1.0, "dmg_label": "Destroyed", "kind": "road"}}, {"type": "Feature", "geometry": {"type": "LineString", "coordinates": [[85.1614217, 27.948402], [85.1614291, 27.9484366], [85.1614519, 27.9484709], [85.1614948, 27.9484816], [85.1616088, 27.9484709], [85.1617255, 27.9484769], [85.1618127, 27.9484946], [85.1619066, 27.9485349], [85.1620527, 27.9485562], [85.1621292, 27.9485764], [85.1622164, 27.9486475], [85.1622204, 27.94876], [85.1622271, 27.9490017], [85.1622566, 27.9491178], [85.1622552, 27.9492066], [85.1621949, 27.9496248], [85.1621708, 27.9498025], [85.1621627, 27.9498404], [85.1621708, 27.9500454], [85.1619896, 27.9506767]]}, "properties": {"source": "emsr927", "obj_type": "211-Highways, Streets and Roads", "name": "Unknown", "dmg": 1.0, "dmg_label": "Destroyed", "kind": "road"}}, {"type": "Feature", "geometry": {"type": "LineString", "coordinates": [[85.1638681, 27.9496155], [85.1639208, 27.9499002], [85.1639153, 27.9499177]]}, "properties": {"source": "emsr927", "obj_type": "211-Highways, Streets and Roads", "name": "Unknown", "dmg": 0.33, "dmg_label": "Possibly damaged", "kind": "road"}}, {"type": "Feature", "geometry": {"type": "LineString", "coordinates": [[85.1613533, 27.9503023], [85.1613553, 27.9502265], [85.1613392, 27.9500322], [85.1613634, 27.949832], [85.1613507, 27.9495562]]}, "properties": {"source": "emsr927", "obj_type": "211-Highways, Streets and Roads", "name": "Unknown", "dmg": 0.33, "dmg_label": "Possibly damaged", "kind": "road"}}, {"type": "Feature", "geometry": {"type": "LineString", "coordinates": [[85.1613862, 27.951282], [85.1613687, 27.9509847], [85.1613526, 27.9507939], [85.1613446, 27.9506245], [85.1613533, 27.9503023]]}, "properties": {"source": "emsr927", "obj_type": "211-Highways, Streets and Roads", "name": "Unknown", "dmg": 0.33, "dmg_label": "Possibly damaged", "kind": "road"}}, {"type": "Feature", "geometry": {"type": "LineString", "coordinates": [[85.1624402, 27.9517287], [85.162349, 27.9516173], [85.1622686, 27.9515249], [85.162223, 27.9513993], [85.1621237, 27.9512856], [85.1620406, 27.9511577], [85.1619896, 27.9507762], [85.1619896, 27.9506767]]}, "properties": {"source": "emsr927", "obj_type": "211-Highways, Streets and Roads", "name": "Unknown", "dmg": 1.0, "dmg_label": "Destroyed", "kind": "road"}}, {"type": "Feature", "geometry": {"type": "LineString", "coordinates": [[85.1639153, 27.9499177], [85.1638423, 27.9501497], [85.1637272, 27.9504039], [85.1636122, 27.9506626], [85.1636069, 27.9508429], [85.1636697, 27.9517162], [85.1636901, 27.9520556], [85.1636192, 27.9523039], [85.1634675, 27.9526175], [85.1634084, 27.9528593], [85.1634158, 27.9531501], [85.1635637, 27.9535749], [85.163756, 27.9541695], [85.1639077, 27.9546858], [85.1639817, 27.9549896], [85.1640147, 27.9551226], [85.1640549, 27.9551629]]}, "properties": {"source": "emsr927", "obj_type": "211-Highways, Streets and Roads", "name": "Unknown", "dmg": 1.0, "dmg_label": "Destroyed", "kind": "road"}}, {"type": "Feature", "geometry": {"type": "LineString", "coordinates": [[85.1613437, 27.9540498], [85.161311, 27.9539475], [85.1613285, 27.9538574], [85.161417, 27.9537864], [85.1614528, 27.9537388], [85.1614626, 27.9536513], [85.1614237, 27.9534736], [85.1614183, 27.9532983], [85.1614572, 27.9531573], [85.1615042, 27.9530081], [85.1616141, 27.9527226], [85.1616168, 27.9526408], [85.1616088, 27.9525389], [85.1615424, 27.9523183], [85.1614881, 27.9522558], [85.1614532, 27.9521599], [85.161476, 27.9519549], [85.1614818, 27.9517385], [85.1614103, 27.951532], [85.1614063, 27.95141], [85.1613862, 27.951282]]}, "properties": {"source": "emsr927", "obj_type": "211-Highways, Streets and Roads", "name": "Unknown", "dmg": 0.33, "dmg_label": "Possibly damaged", "kind": "road"}}, {"type": "Feature", "geometry": {"type": "LineString", "coordinates": [[85.161254, 27.9547191], [85.161307, 27.9546405], [85.1613298, 27.9544936], [85.1613151, 27.9543384], [85.161358, 27.9540944], [85.1613437, 27.9540498]]}, "properties": {"source": "emsr927", "obj_type": "211-Highways, Streets and Roads", "name": "Unknown", "dmg": 1.0, "dmg_label": "Destroyed", "kind": "road"}}, {"type": "Feature", "geometry": {"type": "LineString", "coordinates": [[85.1645225, 27.9548447], [85.1645836, 27.9548894], [85.1649724, 27.9547528]]}, "properties": {"source": "emsr927", "obj_type": "211-Highways, Streets and Roads", "name": "Unknown", "dmg": 0.33, "dmg_label": "Possibly damaged", "kind": "road"}}, {"type": "Feature", "geometry": {"type": "LineString", "coordinates": [[85.1642206, 27.9551986], [85.1642761, 27.9551659], [85.1643574, 27.9548915], [85.1644486, 27.9547907], [85.1645225, 27.9548447]]}, "properties": {"source": "emsr927", "obj_type": "211-Highways, Streets and Roads", "name": "Unknown", "dmg": 1.0, "dmg_label": "Destroyed", "kind": "road"}}, {"type": "Feature", "geometry": {"type": "LineString", "coordinates": [[85.1640549, 27.9551629], [85.1642206, 27.9551986]]}, "properties": {"source": "emsr927", "obj_type": "211-Highways, Streets and Roads", "name": "Unknown", "dmg": 1.0, "dmg_label": "Destroyed", "kind": "road"}}, {"type": "Feature", "geometry": {"type": "LineString", "coordinates": [[85.1640549, 27.9551629], [85.163916, 27.9553824]]}, "properties": {"source": "emsr927", "obj_type": "211-Highways, Streets and Roads", "name": "Unknown", "dmg": 1.0, "dmg_label": "Destroyed", "kind": "road"}}, {"type": "Feature", "geometry": {"type": "LineString", "coordinates": [[85.1607159, 27.956744], [85.1608209, 27.9566739], [85.1611919, 27.9560989], [85.1613213, 27.9559215], [85.1614555, 27.955667], [85.1614744, 27.9555822], [85.1613245, 27.9553927], [85.1613052, 27.9552804], [85.1613097, 27.9551961], [85.1613017, 27.9551072], [85.1612453, 27.9550504], [85.1611582, 27.9550089], [85.1611139, 27.9549757], [85.1610992, 27.9549165], [85.1611285, 27.9548496], [85.1611495, 27.9548307], [85.1612239, 27.9547637], [85.161254, 27.9547191]]}, "properties": {"source": "emsr927", "obj_type": "211-Highways, Streets and Roads", "name": "Unknown", "dmg": 0.33, "dmg_label": "Possibly damaged", "kind": "road"}}, {"type": "Feature", "geometry": {"type": "LineString", "coordinates": [[85.163916, 27.9553824], [85.1638121, 27.9555995], [85.1635697, 27.9561208]]}, "properties": {"source": "emsr927", "obj_type": "211-Highways, Streets and Roads", "name": "Unknown", "dmg": 1.0, "dmg_label": "Destroyed", "kind": "road"}}, {"type": "Feature", "geometry": {"type": "LineString", "coordinates": [[85.1635697, 27.9561208], [85.1634916, 27.9562868]]}, "properties": {"source": "emsr927", "obj_type": "211-Highways, Streets and Roads", "name": "Unknown", "dmg": 1.0, "dmg_label": "Destroyed", "kind": "road"}}, {"type": "Feature", "geometry": {"type": "LineString", "coordinates": [[85.1636281, 27.9563409], [85.1634916, 27.9562868]]}, "properties": {"source": "emsr927", "obj_type": "211-Highways, Streets and Roads", "name": "Unknown", "dmg": 1.0, "dmg_label": "Destroyed", "kind": "road"}}, {"type": "Feature", "geometry": {"type": "LineString", "coordinates": [[85.1646879, 27.956778], [85.164763, 27.956714], [85.1648824, 27.9566169], [85.1650621, 27.9565825], [85.1656602, 27.9566406]]}, "properties": {"source": "emsr927", "obj_type": "211-Highways, Streets and Roads", "name": "Unknown", "dmg": 1.0, "dmg_label": "Destroyed", "kind": "road"}}, {"type": "Feature", "geometry": {"type": "LineString", "coordinates": [[85.1634916, 27.9562868], [85.1634045, 27.9563231], [85.1633575, 27.9564093], [85.1633656, 27.9564937], [85.1634409, 27.9566075], [85.1639946, 27.9568716], [85.1645032, 27.9571174], [85.1647912, 27.9572459], [85.1650728, 27.9573905], [85.1651928, 27.9574858], [85.16525, 27.9575984], [85.1652418, 27.957842], [85.1651707, 27.9580003], [85.1650079, 27.9580927], [85.1648918, 27.9581118], [85.1647739, 27.9580999], [85.1644103, 27.9580147], [85.1643719, 27.9580043]]}, "properties": {"source": "emsr927", "obj_type": "211-Highways, Streets and Roads", "name": "Unknown", "dmg": 1.0, "dmg_label": "Destroyed", "kind": "road"}}, {"type": "Feature", "geometry": {"type": "LineString", "coordinates": [[85.1643719, 27.9580043], [85.164049, 27.9579168], [85.1631207, 27.9574756], [85.1630062, 27.9574283], [85.1629149, 27.9573506], [85.1628115, 27.9571367], [85.1627393, 27.9569059], [85.1627272, 27.9567472], [85.1626838, 27.9566507], [85.1626372, 27.9566253]]}, "properties": {"source": "emsr927", "obj_type": "211-Highways, Streets and Roads", "name": "Unknown", "dmg": 0.33, "dmg_label": "Possibly damaged", "kind": "road"}}, {"type": "Feature", "geometry": {"type": "LineString", "coordinates": [[85.1663948, 27.9560314], [85.1671677, 27.9565229]]}, "properties": {"source": "emsr927", "obj_type": "211-Highways, Streets and Roads", "name": "Pasang Lhamu Highway", "dmg": 0.33, "dmg_label": "Possibly damaged", "kind": "road"}}, {"type": "Feature", "geometry": {"type": "LineString", "coordinates": [[85.1671677, 27.9565229], [85.1673233, 27.9566219], [85.1674048, 27.9566927]]}, "properties": {"source": "emsr927", "obj_type": "211-Highways, Streets and Roads", "name": "Pasang Lhamu Highway", "dmg": 1.0, "dmg_label": "Destroyed", "kind": "road"}}, {"type": "Feature", "geometry": {"type": "LineString", "coordinates": [[85.1674048, 27.9566927], [85.1675662, 27.956833]]}, "properties": {"source": "emsr927", "obj_type": "211-Highways, Streets and Roads", "name": "Pasang Lhamu Highway", "dmg": 1.0, "dmg_label": "Destroyed", "kind": "road"}}, {"type": "Feature", "geometry": {"type": "LineString", "coordinates": [[85.1675662, 27.956833], [85.1676056, 27.9568672]]}, "properties": {"source": "emsr927", "obj_type": "211-Highways, Streets and Roads", "name": "Pasang Lhamu Highway", "dmg": 1.0, "dmg_label": "Destroyed", "kind": "road"}}, {"type": "Feature", "geometry": {"type": "LineString", "coordinates": [[85.1676056, 27.9568672], [85.1676478, 27.9569039]]}, "properties": {"source": "emsr927", "obj_type": "211-Highways, Streets and Roads", "name": "Pasang Lhamu Highway", "dmg": 1.0, "dmg_label": "Destroyed", "kind": "road"}}, {"type": "Feature", "geometry": {"type": "LineString", "coordinates": [[85.1676478, 27.9569039], [85.167831, 27.957063], [85.1679153, 27.9572185]]}, "properties": {"source": "emsr927", "obj_type": "211-Highways, Streets and Roads", "name": "Pasang Lhamu Highway", "dmg": 1.0, "dmg_label": "Destroyed", "kind": "road"}}, {"type": "Feature", "geometry": {"type": "LineString", "coordinates": [[85.1679153, 27.9572185], [85.167936, 27.9572568]]}, "properties": {"source": "emsr927", "obj_type": "211-Highways, Streets and Roads", "name": "Pasang Lhamu Highway", "dmg": 1.0, "dmg_label": "Destroyed", "kind": "road"}}, {"type": "Feature", "geometry": {"type": "LineString", "coordinates": [[85.167936, 27.9572568], [85.1682729, 27.9578785], [85.1685182, 27.9582756], [85.1688186, 27.9585694], [85.1693869, 27.9592706], [85.1696032, 27.9594906], [85.170583, 27.9604872], [85.1719194, 27.9617655]]}, "properties": {"source": "emsr927", "obj_type": "211-Highways, Streets and Roads", "name": "Pasang Lhamu Highway", "dmg": 1.0, "dmg_label": "Destroyed", "kind": "road"}}, {"type": "Feature", "geometry": {"type": "LineString", "coordinates": [[85.1708249, 27.964387], [85.1707299, 27.9641383], [85.1706804, 27.9640623], [85.1706044, 27.9639857], [85.1705377, 27.9639417], [85.1704887, 27.9639242], [85.1704405, 27.963927], [85.1700828, 27.9639699], [85.1699787, 27.9639526], [85.1699294, 27.9639232], [85.1699166, 27.9638871], [85.170026, 27.9635666], [85.1700312, 27.9635225], [85.1700259, 27.9634766], [85.1700114, 27.9634416], [85.1699845, 27.9634097], [85.1698907, 27.9633784], [85.1698065, 27.963344], [85.169725, 27.9632873], [85.1695625, 27.9630843], [85.1692641, 27.9626691], [85.1689214, 27.9621801], [85.1684495, 27.9615164], [85.1684653, 27.9611183], [85.1681015, 27.9603172], [85.1677556, 27.9595419], [85.1674185, 27.9591285], [85.1671155, 27.9586896], [85.1667055, 27.9581942], [85.1665092, 27.9579118], [85.1660136, 27.9573692], [85.1657796, 27.9572056], [85.165451, 27.9570846], [85.1646879, 27.956778], [85.164409, 27.9567045], [85.1640787, 27.9565839], [85.1637344, 27.9564392], [85.1636593, 27.9563859], [85.1636281, 27.9563409]]}, "properties": {"source": "emsr927", "obj_type": "211-Highways, Streets and Roads", "name": "Unknown", "dmg": 1.0, "dmg_label": "Destroyed", "kind": "road"}}, {"type": "Feature", "geometry": {"type": "LineString", "coordinates": [[85.1696032, 27.9594906], [85.1694168, 27.9596477], [85.1691356, 27.9597706], [85.1690545, 27.9598128], [85.1689661, 27.9598538], [85.1689342, 27.9598871], [85.1689182, 27.9599319], [85.1689124, 27.9599946], [85.1689197, 27.9605808], [85.1690987, 27.9607845], [85.1693344, 27.9609855], [85.1696336, 27.9612081], [85.169777, 27.9612842], [85.1698672, 27.9614199], [85.1699799, 27.9614835]]}, "properties": {"source": "emsr927", "obj_type": "211-Highways, Streets and Roads", "name": "Unknown", "dmg": 1.0, "dmg_label": "Destroyed", "kind": "road"}}, {"type": "Feature", "geometry": {"type": "LineString", "coordinates": [[85.1719194, 27.9617655], [85.172, 27.9618426]]}, "properties": {"source": "emsr927", "obj_type": "211-Highways, Streets and Roads", "name": "Pasang Lhamu Highway", "dmg": 1.0, "dmg_label": "Destroyed", "kind": "road"}}, {"type": "Feature", "geometry": {"type": "LineString", "coordinates": [[85.172, 27.9618426], [85.1724484, 27.9622715], [85.1726825, 27.9624994], [85.1727193, 27.9625386]]}, "properties": {"source": "emsr927", "obj_type": "211-Highways, Streets and Roads", "name": "Pasang Lhamu Highway", "dmg": 1.0, "dmg_label": "Destroyed", "kind": "road"}}, {"type": "Feature", "geometry": {"type": "LineString", "coordinates": [[85.1727193, 27.9625386], [85.1727612, 27.9625831], [85.1727728, 27.9625936], [85.1727904, 27.9626094]]}, "properties": {"source": "emsr927", "obj_type": "211-Highways, Streets and Roads", "name": "Pasang Lhamu Highway", "dmg": 1.0, "dmg_label": "Destroyed", "kind": "road"}}, {"type": "Feature", "geometry": {"type": "LineString", "coordinates": [[85.1727531, 27.9626063], [85.1726588, 27.9626672], [85.172606, 27.9626726], [85.17248, 27.9626403], [85.1723499, 27.9627265], [85.1723173, 27.9628055], [85.1724271, 27.9629563]]}, "properties": {"source": "emsr927", "obj_type": "211-Highways, Streets and Roads", "name": "Unknown", "dmg": 1.0, "dmg_label": "Destroyed", "kind": "road"}}, {"type": "Feature", "geometry": {"type": "LineString", "coordinates": [[85.170068, 27.963355], [85.1698907, 27.9633784]]}, "properties": {"source": "emsr927", "obj_type": "211-Highways, Streets and Roads", "name": "Unknown", "dmg": 1.0, "dmg_label": "Destroyed", "kind": "road"}}, {"type": "Feature", "geometry": {"type": "LineString", "coordinates": [[85.1706307, 27.9636381], [85.1702496, 27.963347], [85.170068, 27.963355]]}, "properties": {"source": "emsr927", "obj_type": "211-Highways, Streets and Roads", "name": "Unknown", "dmg": 1.0, "dmg_label": "Destroyed", "kind": "road"}}, {"type": "Feature", "geometry": {"type": "LineString", "coordinates": [[85.1794846, 27.9674878], [85.1797191, 27.9679763], [85.1798193, 27.9681543], [85.1799, 27.9682786], [85.1799577, 27.968358], [85.1799932, 27.9683987], [85.1800382, 27.9684417], [85.1801478, 27.96853], [85.1803248, 27.9686504], [85.1804593, 27.9687276], [85.1805912, 27.9687778], [85.1808256, 27.9688454], [85.180903, 27.9688485], [85.1809313, 27.9688705], [85.1810176, 27.9688844], [85.1811268, 27.9688849], [85.1813196, 27.968866], [85.1813935, 27.9688454], [85.1815031, 27.9688326], [85.1817176, 27.9687805], [85.1818324, 27.9687646], [85.1819183, 27.9687595], [85.1820203, 27.9687601], [85.1821429, 27.9687766], [85.1823566, 27.9688247], [85.1830947, 27.9690215], [85.1837196, 27.9691989], [85.1838151, 27.9692289], [85.1839225, 27.9692683], [85.184035, 27.9693186], [85.184091, 27.9693482], [85.1842029, 27.9694215], [85.1842577, 27.969464], [85.1843599, 27.9695528], [85.1844447, 27.9696369], [85.1845034, 27.9697039], [85.1845939, 27.9698521], [85.184658, 27.9699707], [85.1846901, 27.9700381], [85.1847381, 27.9701068], [85.1847908, 27.9703121]]}, "properties": {"source": "emsr927", "obj_type": "211-Highways, Streets and Roads", "name": "Pasang Lhamu Highway", "dmg": 1.0, "dmg_label": "Destroyed", "kind": "road"}}, {"type": "Feature", "geometry": {"type": "LineString", "coordinates": [[85.173221, 27.9629965], [85.1732718, 27.9630421]]}, "properties": {"source": "emsr927", "obj_type": "211-Highways, Streets and Roads", "name": "Pasang Lhamu Highway", "dmg": 1.0, "dmg_label": "Destroyed", "kind": "road"}}, {"type": "Feature", "geometry": {"type": "LineString", "coordinates": [[85.1732718, 27.9630421], [85.173829, 27.963543], [85.1739, 27.9636064], [85.1739519, 27.9636417], [85.1740413, 27.9636786], [85.1742895, 27.9637383], [85.1745316, 27.9638024], [85.1746397, 27.9638375], [85.1748079, 27.9639019], [85.1748842, 27.9639266], [85.1753427, 27.9640382], [85.1754531, 27.9640704], [85.1755024, 27.9640904], [85.1755906, 27.9641365], [85.1756633, 27.9641845], [85.1756666, 27.9641871]]}, "properties": {"source": "emsr927", "obj_type": "211-Highways, Streets and Roads", "name": "Pasang Lhamu Highway", "dmg": 1.0, "dmg_label": "Destroyed", "kind": "road"}}, {"type": "Feature", "geometry": {"type": "LineString", "coordinates": [[85.1756666, 27.9641871], [85.1757001, 27.9642134]]}, "properties": {"source": "emsr927", "obj_type": "211-Highways, Streets and Roads", "name": "Pasang Lhamu Highway", "dmg": 1.0, "dmg_label": "Destroyed", "kind": "road"}}, {"type": "Feature", "geometry": {"type": "LineString", "coordinates": [[85.1757001, 27.9642134], [85.1757043, 27.9642167]]}, "properties": {"source": "emsr927", "obj_type": "211-Highways, Streets and Roads", "name": "Pasang Lhamu Highway", "dmg": 1.0, "dmg_label": "Destroyed", "kind": "road"}}, {"type": "Feature", "geometry": {"type": "LineString", "coordinates": [[85.1757043, 27.9642167], [85.175706, 27.9642181]]}, "properties": {"source": "emsr927", "obj_type": "211-Highways, Streets and Roads", "name": "Pasang Lhamu Highway", "dmg": 1.0, "dmg_label": "Destroyed", "kind": "road"}}, {"type": "Feature", "geometry": {"type": "LineString", "coordinates": [[85.175706, 27.9642181], [85.1757706, 27.9642688], [85.1758487, 27.9643102], [85.1759189, 27.9643392], [85.1759968, 27.9643653], [85.176166, 27.9644061], [85.1763277, 27.9644587], [85.1764424, 27.9645091], [85.1764988, 27.9645393], [85.176605, 27.9646103], [85.1766288, 27.9646318]]}, "properties": {"source": "emsr927", "obj_type": "211-Highways, Streets and Roads", "name": "Pasang Lhamu Highway", "dmg": 1.0, "dmg_label": "Destroyed", "kind": "road"}}, {"type": "Feature", "geometry": {"type": "LineString", "coordinates": [[85.1766288, 27.9646318], [85.1766506, 27.9646515], [85.1766887, 27.9646963], [85.1767024, 27.9647179]]}, "properties": {"source": "emsr927", "obj_type": "211-Highways, Streets and Roads", "name": "Pasang Lhamu Highway", "dmg": 1.0, "dmg_label": "Destroyed", "kind": "road"}}, {"type": "Feature", "geometry": {"type": "LineString", "coordinates": [[85.1767024, 27.9647179], [85.1767494, 27.9647919], [85.176827, 27.964933], [85.1768561, 27.9649748], [85.1768897, 27.9650122], [85.1769295, 27.9650438], [85.1770787, 27.9651463]]}, "properties": {"source": "emsr927", "obj_type": "211-Highways, Streets and Roads", "name": "Pasang Lhamu Highway", "dmg": 1.0, "dmg_label": "Destroyed", "kind": "road"}}, {"type": "Feature", "geometry": {"type": "LineString", "coordinates": [[85.1770787, 27.9651463], [85.1771088, 27.965167], [85.1772472, 27.9652665]]}, "properties": {"source": "emsr927", "obj_type": "211-Highways, Streets and Roads", "name": "Pasang Lhamu Highway", "dmg": 1.0, "dmg_label": "Destroyed", "kind": "road"}}, {"type": "Feature", "geometry": {"type": "LineString", "coordinates": [[85.1772472, 27.9652665], [85.1773264, 27.9653234], [85.1774552, 27.9654215]]}, "properties": {"source": "emsr927", "obj_type": "211-Highways, Streets and Roads", "name": "Pasang Lhamu Highway", "dmg": 1.0, "dmg_label": "Destroyed", "kind": "road"}}, {"type": "Feature", "geometry": {"type": "LineString", "coordinates": [[85.1707299, 27.9641383], [85.1708155, 27.964139], [85.1709515, 27.964223], [85.1710455, 27.9642605], [85.1711717, 27.9643048], [85.171294, 27.9643253], [85.171473, 27.9643401], [85.1715824, 27.9643424], [85.1716635, 27.9643571], [85.1718618, 27.9644015], [85.1719842, 27.9644242], [85.1720231, 27.9643534], [85.1720682, 27.9643618], [85.1721023, 27.9643186], [85.1721392, 27.9642692], [85.1721654, 27.9642429], [85.1722021, 27.9642011], [85.1722304, 27.9641757], [85.1722389, 27.9641425], [85.1722648, 27.9641172], [85.1722404, 27.9640922], [85.1722108, 27.9640615], [85.1721644, 27.9640274], [85.1721052, 27.9640023], [85.1720627, 27.9639966], [85.1720099, 27.9639944], [85.1719533, 27.963991], [85.1719056, 27.9639875], [85.1718477, 27.963991], [85.1717907, 27.9639929], [85.1716897, 27.9639891], [85.1715862, 27.9639836], [85.1714805, 27.9639759], [85.1713942, 27.96396], [85.1711457, 27.9639088], [85.1710453, 27.9638826], [85.1709732, 27.9638576], [85.1707659, 27.9637541], [85.1706976, 27.9636996], [85.1706307, 27.9636381]]}, "properties": {"source": "emsr927", "obj_type": "211-Highways, Streets and Roads", "name": "Unknown", "dmg": 1.0, "dmg_label": "Destroyed", "kind": "road"}}, {"type": "Feature", "geometry": {"type": "LineString", "coordinates": [[85.1708249, 27.964387], [85.1706711, 27.9643833], [85.1704059, 27.9644897], [85.1700958, 27.9645571], [85.1699382, 27.9646274], [85.169933, 27.9646757]]}, "properties": {"source": "emsr927", "obj_type": "211-Highways, Streets and Roads", "name": "Unknown", "dmg": 1.0, "dmg_label": "Destroyed", "kind": "road"}}, {"type": "Feature", "geometry": {"type": "LineString", "coordinates": [[85.1699382, 27.9646274], [85.1699501, 27.9646769]]}, "properties": {"source": "emsr927", "obj_type": "211-Highways, Streets and Roads", "name": "Unknown", "dmg": 1.0, "dmg_label": "Destroyed", "kind": "road"}}, {"type": "Feature", "geometry": {"type": "LineString", "coordinates": [[85.1699501, 27.9646769], [85.1699687, 27.9647546], [85.1699644, 27.9648857], [85.1699848, 27.9649778]]}, "properties": {"source": "emsr927", "obj_type": "211-Highways, Streets and Roads", "name": "Unknown", "dmg": 0.33, "dmg_label": "Possibly damaged", "kind": "road"}}, {"type": "Feature", "geometry": {"type": "LineString", "coordinates": [[85.169933, 27.9646757], [85.1698989, 27.9649917], [85.1696731, 27.9650795], [85.1695679, 27.9650385]]}, "properties": {"source": "emsr927", "obj_type": "211-Highways, Streets and Roads", "name": "Unknown", "dmg": 0.33, "dmg_label": "Possibly damaged", "kind": "road"}}, {"type": "Feature", "geometry": {"type": "LineString", "coordinates": [[85.1699848, 27.9649778], [85.1700037, 27.9650629], [85.1700663, 27.9651224]]}, "properties": {"source": "emsr927", "obj_type": "211-Highways, Streets and Roads", "name": "Unknown", "dmg": 1.0, "dmg_label": "Destroyed", "kind": "road"}}, {"type": "Feature", "geometry": {"type": "LineString", "coordinates": [[85.1700663, 27.9651224], [85.1701171, 27.9651708], [85.170248, 27.9652942], [85.1703614, 27.9653366]]}, "properties": {"source": "emsr927", "obj_type": "211-Highways, Streets and Roads", "name": "Unknown", "dmg": 0.33, "dmg_label": "Possibly damaged", "kind": "road"}}, {"type": "Feature", "geometry": {"type": "LineString", "coordinates": [[85.1774552, 27.9654215], [85.1775223, 27.9654726], [85.1775765, 27.9655256]]}, "properties": {"source": "emsr927", "obj_type": "211-Highways, Streets and Roads", "name": "Pasang Lhamu Highway", "dmg": 1.0, "dmg_label": "Destroyed", "kind": "road"}}, {"type": "Feature", "geometry": {"type": "LineString", "coordinates": [[85.1775765, 27.9655256], [85.1777414, 27.9656872], [85.1780846, 27.9660366], [85.1784474, 27.9664543], [85.1784869, 27.9664967]]}, "properties": {"source": "emsr927", "obj_type": "211-Highways, Streets and Roads", "name": "Pasang Lhamu Highway", "dmg": 1.0, "dmg_label": "Destroyed", "kind": "road"}}, {"type": "Feature", "geometry": {"type": "LineString", "coordinates": [[85.1784869, 27.9664967], [85.1785024, 27.9665134]]}, "properties": {"source": "emsr927", "obj_type": "211-Highways, Streets and Roads", "name": "Pasang Lhamu Highway", "dmg": 1.0, "dmg_label": "Destroyed", "kind": "road"}}, {"type": "Feature", "geometry": {"type": "LineString", "coordinates": [[85.1785024, 27.9665134], [85.1785657, 27.9665813], [85.1786291, 27.966632], [85.1786357, 27.9666367]]}, "properties": {"source": "emsr927", "obj_type": "211-Highways, Streets and Roads", "name": "Pasang Lhamu Highway", "dmg": 0.33, "dmg_label": "Possibly damaged", "kind": "road"}}, {"type": "Feature", "geometry": {"type": "LineString", "coordinates": [[85.1786357, 27.9666367], [85.1787203, 27.9666965], [85.1788296, 27.9667675]]}, "properties": {"source": "emsr927", "obj_type": "211-Highways, Streets and Roads", "name": "Pasang Lhamu Highway", "dmg": 1.0, "dmg_label": "Destroyed", "kind": "road"}}, {"type": "Feature", "geometry": {"type": "LineString", "coordinates": [[85.1788296, 27.9667675], [85.1790694, 27.9669233]]}, "properties": {"source": "emsr927", "obj_type": "211-Highways, Streets and Roads", "name": "Pasang Lhamu Highway", "dmg": 0.33, "dmg_label": "Possibly damaged", "kind": "road"}}, {"type": "Feature", "geometry": {"type": "LineString", "coordinates": [[85.1774659, 27.9696849], [85.1774355, 27.9696528], [85.1770117, 27.9692873], [85.1767551, 27.9689898], [85.1765381, 27.9687741], [85.1762005, 27.968395], [85.1756349, 27.9676064], [85.1756125, 27.96756], [85.1756079, 27.9675029], [85.1756143, 27.9673783], [85.1756015, 27.9673284], [85.1755672, 27.9672933], [85.1752062, 27.9671282], [85.1750955, 27.9670501], [85.1746607, 27.9667064], [85.1744616, 27.9665866], [85.1741685, 27.9664032], [85.1740378, 27.9663233], [85.1739124, 27.9662995], [85.1736986, 27.9662732], [85.1735071, 27.9662121], [85.1734205, 27.9661514], [85.1734138, 27.9660521], [85.1734557, 27.9659045], [85.1733617, 27.9657698], [85.1732354, 27.9657054], [85.1731159, 27.9656684], [85.1728459, 27.9656306], [85.1726242, 27.965473], [85.1725011, 27.9654005], [85.1722343, 27.9653693], [85.171974, 27.9653231], [85.1712809, 27.9650697], [85.1711026, 27.9649912], [85.1709311, 27.9648801], [85.1708054, 27.9647164], [85.1708509, 27.9645369], [85.1708249, 27.964387]]}, "properties": {"source": "emsr927", "obj_type": "211-Highways, Streets and Roads", "name": "Unknown", "dmg": 1.0, "dmg_label": "Destroyed", "kind": "road"}}, {"type": "Feature", "geometry": {"type": "LineString", "coordinates": [[85.1790694, 27.9669233], [85.1790698, 27.9669235], [85.1791138, 27.9669598], [85.1792013, 27.9670455], [85.1793153, 27.9671796], [85.1793838, 27.9672778], [85.1794846, 27.9674878]]}, "properties": {"source": "emsr927", "obj_type": "211-Highways, Streets and Roads", "name": "Pasang Lhamu Highway", "dmg": 1.0, "dmg_label": "Destroyed", "kind": "road"}}, {"type": "Feature", "geometry": {"type": "LineString", "coordinates": [[85.1748838, 27.9680022], [85.1749668, 27.9678941], [85.1749391, 27.967837], [85.1750359, 27.9677108], [85.1751466, 27.9675397], [85.1751789, 27.9673564], [85.1752062, 27.9671282]]}, "properties": {"source": "emsr927", "obj_type": "211-Highways, Streets and Roads", "name": "Unknown", "dmg": 1.0, "dmg_label": "Destroyed", "kind": "road"}}, {"type": "Feature", "geometry": {"type": "LineString", "coordinates": [[85.1749148, 27.9685899], [85.1748653, 27.9685336], [85.1747408, 27.9684317], [85.1747408, 27.9682973], [85.1747731, 27.9681466], [85.1748699, 27.9680203], [85.1748838, 27.9680022]]}, "properties": {"source": "emsr927", "obj_type": "211-Highways, Streets and Roads", "name": "Unknown", "dmg": 0.33, "dmg_label": "Possibly damaged", "kind": "road"}}, {"type": "Feature", "geometry": {"type": "LineString", "coordinates": [[85.1778533, 27.9702061], [85.1777598, 27.970129], [85.1776265, 27.9698549], [85.1774659, 27.9696849]]}, "properties": {"source": "emsr927", "obj_type": "211-Highways, Streets and Roads", "name": "Unknown", "dmg": 0.33, "dmg_label": "Possibly damaged", "kind": "road"}}, {"type": "Feature", "geometry": {"type": "LineString", "coordinates": [[85.1847908, 27.9703121], [85.1848611, 27.9705325]]}, "properties": {"source": "emsr927", "obj_type": "211-Highways, Streets and Roads", "name": "Pasang Lhamu Highway", "dmg": 1.0, "dmg_label": "Destroyed", "kind": "road"}}, {"type": "Feature", "geometry": {"type": "LineString", "coordinates": [[85.1848611, 27.9705325], [85.1848665, 27.9705501], [85.1850635, 27.9711128], [85.1852607, 27.9716436], [85.1852717, 27.9716704], [85.185357, 27.971883], [85.18546, 27.9721694], [85.1855365, 27.9723799], [85.1856075, 27.972601]]}, "properties": {"source": "emsr927", "obj_type": "211-Highways, Streets and Roads", "name": "Pasang Lhamu Highway", "dmg": 1.0, "dmg_label": "Destroyed", "kind": "road"}}, {"type": "Feature", "geometry": {"type": "LineString", "coordinates": [[85.185357, 27.971883], [85.185231, 27.971864], [85.18518, 27.9718261], [85.1851451, 27.9717834], [85.1851317, 27.9717361], [85.1851371, 27.9717005], [85.1851612, 27.9716792], [85.1852607, 27.9716436]]}, "properties": {"source": "emsr927", "obj_type": "211-Highways, Streets and Roads", "name": "Unknown", "dmg": 1.0, "dmg_label": "Destroyed", "kind": "road"}}, {"type": "Feature", "geometry": {"type": "LineString", "coordinates": [[85.1855365, 27.9723799], [85.1852346, 27.9724756], [85.1851666, 27.9725253], [85.1851358, 27.9724554], [85.1851236, 27.972432], [85.1850809, 27.9724338]]}, "properties": {"source": "emsr927", "obj_type": "211-Highways, Streets and Roads", "name": "Unknown", "dmg": 1.0, "dmg_label": "Destroyed", "kind": "road"}}, {"type": "Feature", "geometry": {"type": "LineString", "coordinates": [[85.1856075, 27.972601], [85.1856682, 27.9727902], [85.1856852, 27.9729128]]}, "properties": {"source": "emsr927", "obj_type": "211-Highways, Streets and Roads", "name": "Pasang Lhamu Highway", "dmg": 1.0, "dmg_label": "Destroyed", "kind": "road"}}, {"type": "Feature", "geometry": {"type": "LineString", "coordinates": [[85.1822993, 27.973309], [85.1823076, 27.9732329], [85.1823494, 27.9731983], [85.1824241, 27.9731324], [85.1825333, 27.9730867], [85.1826999, 27.973178], [85.1828436, 27.9731121], [85.1829355, 27.9730461], [85.1830677, 27.9730207], [85.1831596, 27.9730055], [85.1832975, 27.9730765], [85.1834067, 27.9731171], [85.1834929, 27.9731171], [85.1837744, 27.9727416], [85.1837629, 27.9725792], [85.1838261, 27.9725488], [85.1839585, 27.9725259]]}, "properties": {"source": "emsr927", "obj_type": "211-Highways, Streets and Roads", "name": "Unknown", "dmg": 1.0, "dmg_label": "Destroyed", "kind": "road"}}, {"type": "Feature", "geometry": {"type": "LineString", "coordinates": [[85.1856852, 27.9729128], [85.1856883, 27.9729353], [85.1857632, 27.9731537]]}, "properties": {"source": "emsr927", "obj_type": "211-Highways, Streets and Roads", "name": "Pasang Lhamu Highway", "dmg": 1.0, "dmg_label": "Destroyed", "kind": "road"}}, {"type": "Feature", "geometry": {"type": "LineString", "coordinates": [[85.1857632, 27.9731537], [85.1858232, 27.9733288]]}, "properties": {"source": "emsr927", "obj_type": "211-Highways, Streets and Roads", "name": "Pasang Lhamu Highway", "dmg": 1.0, "dmg_label": "Destroyed", "kind": "road"}}, {"type": "Feature", "geometry": {"type": "LineString", "coordinates": [[85.1822993, 27.973309], [85.1822988, 27.9733122], [85.182268, 27.9734638], [85.1822231, 27.9736137], [85.1822103, 27.973649], [85.1821974, 27.9736714], [85.1821968, 27.9736718]]}, "properties": {"source": "emsr927", "obj_type": "211-Highways, Streets and Roads", "name": "Unknown", "dmg": 1.0, "dmg_label": "Destroyed", "kind": "road"}}, {"type": "Feature", "geometry": {"type": "LineString", "coordinates": [[85.1858232, 27.9733288], [85.1858642, 27.9734484], [85.1859169, 27.973602], [85.1858962, 27.9737114], [85.185882, 27.9739074]]}, "properties": {"source": "emsr927", "obj_type": "211-Highways, Streets and Roads", "name": "Pasang Lhamu Highway", "dmg": 1.0, "dmg_label": "Destroyed", "kind": "road"}}, {"type": "Feature", "geometry": {"type": "LineString", "coordinates": [[85.1734205, 27.9661514], [85.1732994, 27.9664756], [85.1732123, 27.9665289], [85.1730339, 27.96651], [85.1728663, 27.9665005], [85.1726664, 27.9665159], [85.1725726, 27.9665254], [85.1724425, 27.9664922], [85.1723084, 27.9664425], [85.1721675, 27.9663394], [85.1720307, 27.9662755], [85.1718725, 27.9662707], [85.1717759, 27.9662885], [85.1717116, 27.9662873], [85.1716231, 27.966356], [85.1714809, 27.9665467]]}, "properties": {"source": "emsr927", "obj_type": "211-Highways, Streets and Roads", "name": "Unknown", "dmg": 1.0, "dmg_label": "Destroyed", "kind": "road"}}, {"type": "Feature", "geometry": {"type": "LineString", "coordinates": [[85.185882, 27.9739074], [85.1858603, 27.9739625], [85.1856624, 27.9744799]]}, "properties": {"source": "emsr927", "obj_type": "211-Highways, Streets and Roads", "name": "Falaakhu River Bridge", "dmg": 1.0, "dmg_label": "Destroyed", "kind": "road"}}, {"type": "Feature", "geometry": {"type": "LineString", "coordinates": [[85.1821968, 27.9736718], [85.1821739, 27.973689], [85.1820405, 27.9737692], [85.1820016, 27.9737993], [85.181959, 27.9738421], [85.1819247, 27.9738832], [85.1818836, 27.9739415], [85.1817827, 27.9741113], [85.1817468, 27.9741641], [85.181613, 27.974302], [85.1815637, 27.9743835], [85.1815119, 27.9744527], [85.1814617, 27.9744965], [85.1813992, 27.9745326], [85.181381, 27.974555], [85.1813773, 27.9745735], [85.1813844, 27.9746065], [85.1814632, 27.9747552], [85.1814781, 27.9748003], [85.1814843, 27.9748501], [85.1814752, 27.9748948], [85.1814631, 27.9749123], [85.1814448, 27.974925], [85.1814196, 27.9749316], [85.1813107, 27.974937]]}, "properties": {"source": "emsr927", "obj_type": "211-Highways, Streets and Roads", "name": "Unknown", "dmg": 1.0, "dmg_label": "Destroyed", "kind": "road"}}, {"type": "Feature", "geometry": {"type": "LineString", "coordinates": [[85.1856624, 27.9744799], [85.1855461, 27.9747503], [85.1855113, 27.9748073], [85.1854764, 27.9748499], [85.1854238, 27.9748878], [85.1853336, 27.9749165], [85.1852767, 27.9749262], [85.1851838, 27.9749263], [85.1849368, 27.974901]]}, "properties": {"source": "emsr927", "obj_type": "211-Highways, Streets and Roads", "name": "Pasang Lhamu Highway", "dmg": 1.0, "dmg_label": "Destroyed", "kind": "road"}}, {"type": "Feature", "geometry": {"type": "LineString", "coordinates": [[85.1843893, 27.9748038], [85.1842654, 27.9747864], [85.1841789, 27.9747887], [85.1841294, 27.9747982]]}, "properties": {"source": "emsr927", "obj_type": "211-Highways, Streets and Roads", "name": "Pasang Lhamu Highway", "dmg": 1.0, "dmg_label": "Destroyed", "kind": "road"}}, {"type": "Feature", "geometry": {"type": "LineString", "coordinates": [[85.1841294, 27.9747982], [85.1841192, 27.9748002], [85.1840688, 27.974826], [85.1840353, 27.9748659], [85.1840244, 27.9748923]]}, "properties": {"source": "emsr927", "obj_type": "211-Highways, Streets and Roads", "name": "Pasang Lhamu Highway", "dmg": 1.0, "dmg_label": "Destroyed", "kind": "road"}}, {"type": "Feature", "geometry": {"type": "LineString", "coordinates": [[85.1849368, 27.974901], [85.1846789, 27.9748746], [85.1846057, 27.9748619], [85.1844251, 27.9748088], [85.1843893, 27.9748038]]}, "properties": {"source": "emsr927", "obj_type": "211-Highways, Streets and Roads", "name": "Pasang Lhamu Highway", "dmg": 1.0, "dmg_label": "Destroyed", "kind": "road"}}, {"type": "Feature", "geometry": {"type": "LineString", "coordinates": [[85.1840244, 27.9748923], [85.184006, 27.9749368], [85.1839761, 27.9750531], [85.1839729, 27.9750848]]}, "properties": {"source": "emsr927", "obj_type": "211-Highways, Streets and Roads", "name": "Pasang Lhamu Highway", "dmg": 1.0, "dmg_label": "Destroyed", "kind": "road"}}, {"type": "Feature", "geometry": {"type": "LineString", "coordinates": [[85.1805855, 27.9771902], [85.1807436, 27.976938], [85.1807879, 27.9768288], [85.1808392, 27.9766809], [85.1808885, 27.9765661], [85.18094, 27.9764741], [85.181146, 27.9761326], [85.1811663, 27.9760953], [85.1811911, 27.9760295], [85.1811966, 27.9760001], [85.1811968, 27.9759452], [85.1811864, 27.9758921], [85.1811631, 27.9758064], [85.1811721, 27.9757459], [85.1812317, 27.9755729], [85.1812781, 27.9754602], [85.1813049, 27.975361], [85.1813338, 27.9752515], [85.1813384, 27.9750885], [85.1813107, 27.974937], [85.1812438, 27.9747661], [85.1811287, 27.9744342], [85.1810257, 27.9741914], [85.1808736, 27.9738409], [85.180819, 27.97365], [85.1807398, 27.9734076], [85.1806937, 27.973318], [85.1806721, 27.9733041]]}, "properties": {"source": "emsr927", "obj_type": "211-Highways, Streets and Roads", "name": "Unknown", "dmg": 1.0, "dmg_label": "Destroyed", "kind": "road"}}, {"type": "Feature", "geometry": {"type": "LineString", "coordinates": [[85.1839729, 27.9750848], [85.1839408, 27.9754006], [85.1839475, 27.975968], [85.1839417, 27.9760572], [85.1839374, 27.9760791]]}, "properties": {"source": "emsr927", "obj_type": "211-Highways, Streets and Roads", "name": "Pasang Lhamu Highway", "dmg": 0.66, "dmg_label": "Damaged", "kind": "road"}}, {"type": "Feature", "geometry": {"type": "LineString", "coordinates": [[85.1839374, 27.9760791], [85.1839226, 27.9761536], [85.183886, 27.9762472]]}, "properties": {"source": "emsr927", "obj_type": "211-Highways, Streets and Roads", "name": "Pasang Lhamu Highway", "dmg": 1.0, "dmg_label": "Destroyed", "kind": "road"}}, {"type": "Feature", "geometry": {"type": "LineString", "coordinates": [[85.1806721, 27.9733041], [85.1806069, 27.9732218], [85.180583, 27.9729819], [85.1805342, 27.9727783], [85.1805167, 27.972721]]}, "properties": {"source": "emsr927", "obj_type": "211-Highways, Streets and Roads", "name": "Unknown", "dmg": 0.33, "dmg_label": "Possibly damaged", "kind": "road"}}, {"type": "Feature", "geometry": {"type": "LineString", "coordinates": [[85.1805807, 27.9766261], [85.1805803, 27.9766288], [85.1805634, 27.9767394], [85.1805268, 27.9769064], [85.1805418, 27.9770226], [85.1805269, 27.9771239], [85.1805193, 27.9771654], [85.1805094, 27.9772016], [85.1805128, 27.977227], [85.1805226, 27.9772324], [85.1805364, 27.9772382], [85.1805855, 27.9771902]]}, "properties": {"source": "emsr927", "obj_type": "211-Highways, Streets and Roads", "name": "Unknown", "dmg": 1.0, "dmg_label": "Destroyed", "kind": "road"}}, {"type": "Feature", "geometry": {"type": "LineString", "coordinates": [[85.1776473, 27.9822473], [85.1778034, 27.9822161], [85.1779465, 27.9819606], [85.178609, 27.9813482], [85.1790639, 27.9804922], [85.1790958, 27.9801635], [85.1794767, 27.9794729], [85.1796951, 27.9790581], [85.1798063, 27.9788872], [85.1798915, 27.9786418], [85.179939, 27.9784777], [85.1800758, 27.9782858], [85.1801328, 27.9782098], [85.1801777, 27.9781058], [85.1802099, 27.9779779], [85.1803359, 27.9777505], [85.1805855, 27.9771902]]}, "properties": {"source": "emsr927", "obj_type": "211-Highways, Streets and Roads", "name": "Unknown", "dmg": 1.0, "dmg_label": "Destroyed", "kind": "road"}}, {"type": "Feature", "geometry": {"type": "LineString", "coordinates": [[85.1374717, 27.9192053], [85.1373071, 27.9191136], [85.1373022, 27.9190069], [85.1373014, 27.9189572], [85.1373679, 27.9187734], [85.1373144, 27.9186497], [85.137283, 27.918577], [85.1371188, 27.9183319], [85.1368499, 27.9181092], [85.136697, 27.9180717], [85.1365985, 27.9180504]]}, "properties": {"source": "emsr927", "obj_type": "211-Highways, Streets and Roads", "name": "Unknown", "dmg": 1.0, "dmg_label": "Destroyed", "kind": "road"}}, {"type": "Feature", "geometry": {"type": "LineString", "coordinates": [[85.1374717, 27.9192053], [85.1374673, 27.9192427], [85.1373227, 27.919306], [85.1373256, 27.9193912], [85.1375097, 27.91959], [85.1377741, 27.9197423], [85.1381713, 27.9198472], [85.1381857, 27.9199804], [85.1381919, 27.9201794], [85.1382196, 27.9202692]]}, "properties": {"source": "emsr927", "obj_type": "211-Highways, Streets and Roads", "name": "Unknown", "dmg": 1.0, "dmg_label": "Destroyed", "kind": "road"}}, {"type": "Feature", "geometry": {"type": "LineString", "coordinates": [[85.1393931, 27.9197215], [85.1393159, 27.9197961], [85.1391362, 27.91986], [85.1388903, 27.9198216], [85.1385494, 27.9197504], [85.138489, 27.919762]]}, "properties": {"source": "emsr927", "obj_type": "211-Highways, Streets and Roads", "name": "Unknown", "dmg": 0.33, "dmg_label": "Possibly damaged", "kind": "road"}}, {"type": "Feature", "geometry": {"type": "LineString", "coordinates": [[85.138489, 27.919762], [85.1383014, 27.9197979], [85.1381713, 27.9198472], [85.1381093, 27.9199366], [85.1380618, 27.9200773]]}, "properties": {"source": "emsr927", "obj_type": "211-Highways, Streets and Roads", "name": "Unknown", "dmg": 1.0, "dmg_label": "Destroyed", "kind": "road"}}, {"type": "Feature", "geometry": {"type": "LineString", "coordinates": [[85.1382196, 27.9202692], [85.1382229, 27.9202799], [85.1382828, 27.9203456], [85.1383407, 27.9203602], [85.138413, 27.9203584]]}, "properties": {"source": "emsr927", "obj_type": "211-Highways, Streets and Roads", "name": "Unknown", "dmg": 0.33, "dmg_label": "Possibly damaged", "kind": "road"}}, {"type": "Feature", "geometry": {"type": "LineString", "coordinates": [[85.1380618, 27.9200773], [85.1380514, 27.9201082], [85.1380556, 27.9202178], [85.1381279, 27.9203255], [85.1382105, 27.9204752], [85.1382209, 27.920592], [85.1381961, 27.9207582], [85.1381837, 27.9208805]]}, "properties": {"source": "emsr927", "obj_type": "211-Highways, Streets and Roads", "name": "Unknown", "dmg": 0.33, "dmg_label": "Possibly damaged", "kind": "road"}}, {"type": "Feature", "geometry": {"type": "LineString", "coordinates": [[85.1449548, 27.9190659], [85.1449101, 27.9191373], [85.1448611, 27.9192211], [85.1448458, 27.9192791], [85.1448287, 27.9193437], [85.1447686, 27.9194578], [85.144781, 27.9195313], [85.144765, 27.919547], [85.1446836, 27.9195563], [85.144512, 27.9195735], [85.1444412, 27.9196095], [85.1444235, 27.9196423]]}, "properties": {"source": "emsr927", "obj_type": "211-Highways, Streets and Roads", "name": "Unknown", "dmg": 1.0, "dmg_label": "Destroyed", "kind": "road"}}, {"type": "Feature", "geometry": {"type": "LineString", "coordinates": [[85.1478039, 27.9201312], [85.1470576, 27.9198716], [85.1469185, 27.9198318]]}, "properties": {"source": "emsr927", "obj_type": "211-Highways, Streets and Roads", "name": "Pasang Lhamu Highway", "dmg": 0.33, "dmg_label": "Possibly damaged", "kind": "road"}}, {"type": "Feature", "geometry": {"type": "LineString", "coordinates": [[85.1475199, 27.9221059], [85.1474569, 27.9220132], [85.147378, 27.9219321], [85.1472198, 27.9218834], [85.1470398, 27.9218722], [85.1469768, 27.9218176], [85.1469778, 27.9217593], [85.1470292, 27.9217236], [85.1470816, 27.9217229], [85.1472841, 27.9217664], [85.1474964, 27.9218085], [85.1477041, 27.9218386]]}, "properties": {"source": "emsr927", "obj_type": "211-Highways, Streets and Roads", "name": "Unknown", "dmg": 1.0, "dmg_label": "Destroyed", "kind": "road"}}, {"type": "Feature", "geometry": {"type": "LineString", "coordinates": [[85.1474954, 27.9221708], [85.1473011, 27.9221674]]}, "properties": {"source": "emsr927", "obj_type": "211-Highways, Streets and Roads", "name": "Unknown", "dmg": 1.0, "dmg_label": "Destroyed", "kind": "road"}}, {"type": "Feature", "geometry": {"type": "LineString", "coordinates": [[85.1473011, 27.9221674], [85.1472639, 27.9221668], [85.1471441, 27.9221933], [85.1470243, 27.9223036], [85.1468183, 27.9224986], [85.1467087, 27.9225392], [85.146651, 27.9225277]]}, "properties": {"source": "emsr927", "obj_type": "211-Highways, Streets and Roads", "name": "Unknown", "dmg": 0.33, "dmg_label": "Possibly damaged", "kind": "road"}}, {"type": "Feature", "geometry": {"type": "LineString", "coordinates": [[85.1497749, 27.9235356], [85.1497189, 27.9236974], [85.1497618, 27.9238041], [85.1497886, 27.9241074], [85.1497725, 27.9242093], [85.1497752, 27.9242852]]}, "properties": {"source": "emsr927", "obj_type": "211-Highways, Streets and Roads", "name": "Unknown", "dmg": 1.0, "dmg_label": "Destroyed", "kind": "road"}}, {"type": "Feature", "geometry": {"type": "LineString", "coordinates": [[85.1488993, 27.9234058], [85.1490356, 27.923761], [85.1491203, 27.9241682], [85.1492273, 27.9244832]]}, "properties": {"source": "emsr927", "obj_type": "211-Highways, Streets and Roads", "name": "Unknown", "dmg": 1.0, "dmg_label": "Destroyed", "kind": "road"}}, {"type": "Feature", "geometry": {"type": "LineString", "coordinates": [[85.1492227, 27.9258501], [85.1491093, 27.925388], [85.1490463, 27.9250538], [85.1490333, 27.9249852], [85.1489194, 27.9246057], [85.1487207, 27.9241023], [85.1486378, 27.9239132], [85.1485223, 27.9236495], [85.1483281, 27.9232972], [85.1482907, 27.9232235], [85.1481522, 27.9229825], [85.148023, 27.9227638], [85.1479751, 27.9226463], [85.1479665, 27.922609], [85.1479086, 27.9224593], [85.1477764, 27.9223169], [85.1474954, 27.9221708]]}, "properties": {"source": "emsr927", "obj_type": "211-Highways, Streets and Roads", "name": "Unknown", "dmg": 1.0, "dmg_label": "Destroyed", "kind": "road"}}, {"type": "Feature", "geometry": {"type": "LineString", "coordinates": [[85.1478115, 27.9242784], [85.1478655, 27.9243831]]}, "properties": {"source": "emsr927", "obj_type": "211-Highways, Streets and Roads", "name": "Unknown", "dmg": 0.33, "dmg_label": "Possibly damaged", "kind": "road"}}, {"type": "Feature", "geometry": {"type": "LineString", "coordinates": [[85.1489194, 27.9246057], [85.1490985, 27.9245296], [85.1492273, 27.9244832], [85.149623, 27.9244095]]}, "properties": {"source": "emsr927", "obj_type": "211-Highways, Streets and Roads", "name": "Unknown", "dmg": 1.0, "dmg_label": "Destroyed", "kind": "road"}}, {"type": "Feature", "geometry": {"type": "LineString", "coordinates": [[85.1478655, 27.9243831], [85.1479047, 27.9244592], [85.14806, 27.9246994], [85.1481483, 27.9248169], [85.1481752, 27.924837], [85.1489194, 27.9246057]]}, "properties": {"source": "emsr927", "obj_type": "211-Highways, Streets and Roads", "name": "Unknown", "dmg": 1.0, "dmg_label": "Destroyed", "kind": "road"}}, {"type": "Feature", "geometry": {"type": "LineString", "coordinates": [[85.1484791, 27.9252396], [85.1490463, 27.9250538], [85.1493849, 27.9250188], [85.1495456, 27.9249995], [85.1496245, 27.9248975], [85.1496639, 27.9246754]]}, "properties": {"source": "emsr927", "obj_type": "211-Highways, Streets and Roads", "name": "Unknown", "dmg": 1.0, "dmg_label": "Destroyed", "kind": "road"}}, {"type": "Feature", "geometry": {"type": "LineString", "coordinates": [[85.1484791, 27.9252396], [85.1484747, 27.9252833], [85.1484688, 27.925341], [85.1485117, 27.9254216], [85.1487051, 27.9256633], [85.1487748, 27.9258719], [85.1487799, 27.9261183], [85.1487791, 27.9261225]]}, "properties": {"source": "emsr927", "obj_type": "211-Highways, Streets and Roads", "name": "Unknown", "dmg": 1.0, "dmg_label": "Destroyed", "kind": "road"}}, {"type": "Feature", "geometry": {"type": "LineString", "coordinates": [[85.1487791, 27.9261225], [85.148709, 27.9264748]]}, "properties": {"source": "emsr927", "obj_type": "211-Highways, Streets and Roads", "name": "Unknown", "dmg": 0.33, "dmg_label": "Possibly damaged", "kind": "road"}}, {"type": "Feature", "geometry": {"type": "LineString", "coordinates": [[85.1488105, 27.9266843], [85.1488551, 27.9267898], [85.1489252, 27.9268673], [85.1491005, 27.9268208], [85.1492992, 27.9266194], [85.1493284, 27.9265007], [85.1492525, 27.9259714], [85.1492227, 27.9258501]]}, "properties": {"source": "emsr927", "obj_type": "211-Highways, Streets and Roads", "name": "Unknown", "dmg": 1.0, "dmg_label": "Destroyed", "kind": "road"}}, {"type": "Feature", "geometry": {"type": "LineString", "coordinates": [[85.1501744, 27.9269408], [85.1502214, 27.9268139], [85.1502522, 27.9265095], [85.1502442, 27.9264527], [85.1502254, 27.92641], [85.1501691, 27.9263768], [85.1500055, 27.9263247], [85.1499438, 27.9262891], [85.1498673, 27.9262167], [85.149748, 27.9260972], [85.1495763, 27.9259858], [85.1493818, 27.9259063], [85.1492227, 27.9258501]]}, "properties": {"source": "emsr927", "obj_type": "211-Highways, Streets and Roads", "name": "Unknown", "dmg": 1.0, "dmg_label": "Destroyed", "kind": "road"}}, {"type": "Feature", "geometry": {"type": "LineString", "coordinates": [[85.1517939, 27.926596], [85.1518936, 27.9264691], [85.1519985, 27.9263465]]}, "properties": {"source": "emsr927", "obj_type": "211-Highways, Streets and Roads", "name": "Unknown", "dmg": 0.33, "dmg_label": "Possibly damaged", "kind": "road"}}, {"type": "Feature", "geometry": {"type": "LineString", "coordinates": [[85.1485717, 27.9265058], [85.1486213, 27.9264568], [85.148709, 27.9264748], [85.148782, 27.9266168], [85.1488105, 27.9266843]]}, "properties": {"source": "emsr927", "obj_type": "211-Highways, Streets and Roads", "name": "Unknown", "dmg": 0.33, "dmg_label": "Possibly damaged", "kind": "road"}}, {"type": "Feature", "geometry": {"type": "LineString", "coordinates": [[85.1517844, 27.9268462], [85.1517818, 27.9267397], [85.1517764, 27.9266182], [85.1517939, 27.926596]]}, "properties": {"source": "emsr927", "obj_type": "211-Highways, Streets and Roads", "name": "Unknown", "dmg": 1.0, "dmg_label": "Destroyed", "kind": "road"}}, {"type": "Feature", "geometry": {"type": "LineString", "coordinates": [[85.1487535, 27.9275265], [85.1489419, 27.927667], [85.148923, 27.9274435], [85.148944, 27.9271642], [85.1489252, 27.9268673]]}, "properties": {"source": "emsr927", "obj_type": "211-Highways, Streets and Roads", "name": "Unknown", "dmg": 1.0, "dmg_label": "Destroyed", "kind": "road"}}, {"type": "Feature", "geometry": {"type": "LineString", "coordinates": [[85.148633, 27.9272287], [85.1486848, 27.9274752], [85.1487535, 27.9275265]]}, "properties": {"source": "emsr927", "obj_type": "211-Highways, Streets and Roads", "name": "Unknown", "dmg": 0.33, "dmg_label": "Possibly damaged", "kind": "road"}}, {"type": "Feature", "geometry": {"type": "LineString", "coordinates": [[85.1509964, 27.9286354], [85.1509996, 27.9286316], [85.1510775, 27.9285471], [85.1511872, 27.928322], [85.1512342, 27.9282601], [85.1513535, 27.9281031], [85.1514774, 27.9279843], [85.1515694, 27.9278811], [85.1516508, 27.9277028], [85.1517287, 27.9274933], [85.1517959, 27.9272244], [85.1517826, 27.9270202], [85.1517853, 27.9268836], [85.1517844, 27.9268462]]}, "properties": {"source": "emsr927", "obj_type": "211-Highways, Streets and Roads", "name": "Unknown", "dmg": 0.33, "dmg_label": "Possibly damaged", "kind": "road"}}, {"type": "Feature", "geometry": {"type": "LineString", "coordinates": [[85.1508924, 27.928953], [85.1508899, 27.9289443], [85.1509041, 27.9287441], [85.1509964, 27.9286354]]}, "properties": {"source": "emsr927", "obj_type": "211-Highways, Streets and Roads", "name": "Unknown", "dmg": 1.0, "dmg_label": "Destroyed", "kind": "road"}}, {"type": "Feature", "geometry": {"type": "LineString", "coordinates": [[85.1894609, 27.9770266], [85.1894447, 27.9770126], [85.1893965, 27.9769833]]}, "properties": {"source": "emsr927", "obj_type": "211-Highways, Streets and Roads", "name": "Unknown", "dmg": 1.0, "dmg_label": "Destroyed", "kind": "road"}}, {"type": "Feature", "geometry": {"type": "LineString", "coordinates": [[85.1893965, 27.9769833], [85.1893844, 27.9769759], [85.189328, 27.9769759], [85.1892583, 27.9769984], [85.1891698, 27.977028], [85.1891255, 27.9770576], [85.1891319, 27.9770827]]}, "properties": {"source": "emsr927", "obj_type": "211-Highways, Streets and Roads", "name": "Unknown", "dmg": 1.0, "dmg_label": "Destroyed", "kind": "road"}}, {"type": "Feature", "geometry": {"type": "LineString", "coordinates": [[85.1895064, 27.9770659], [85.1894609, 27.9770266]]}, "properties": {"source": "emsr927", "obj_type": "211-Highways, Streets and Roads", "name": "Unknown", "dmg": 1.0, "dmg_label": "Destroyed", "kind": "road"}}, {"type": "Feature", "geometry": {"type": "LineString", "coordinates": [[85.1891319, 27.9770827], [85.1891363, 27.9771002], [85.1891913, 27.9771275], [85.1892018, 27.9771525]]}, "properties": {"source": "emsr927", "obj_type": "211-Highways, Streets and Roads", "name": "Unknown", "dmg": 0.33, "dmg_label": "Possibly damaged", "kind": "road"}}, {"type": "Feature", "geometry": {"type": "LineString", "coordinates": [[85.1892018, 27.9771525], [85.1892087, 27.9771689], [85.1892677, 27.9771926], [85.1892851, 27.9772388], [85.1893455, 27.9772945], [85.1894648, 27.9773383], [85.1895815, 27.9773691], [85.1896901, 27.977407], [85.189788, 27.9774177], [85.1899262, 27.9774496], [85.1899791, 27.9774705]]}, "properties": {"source": "emsr927", "obj_type": "211-Highways, Streets and Roads", "name": "Unknown", "dmg": 0.33, "dmg_label": "Possibly damaged", "kind": "road"}}, {"type": "Feature", "geometry": {"type": "LineString", "coordinates": [[85.1840244, 27.9748923], [85.1839958, 27.9748902], [85.183965, 27.9748985], [85.1839422, 27.9749127], [85.1839234, 27.9749304], [85.1839086, 27.9749743], [85.1838832, 27.9750974], [85.183863, 27.9752052], [85.183804, 27.9753225], [85.1837191, 27.9754513], [85.1831228, 27.9760686], [85.1829565, 27.9762605], [85.1828641, 27.976411], [85.1827231, 27.9767106], [85.1824987, 27.9772784], [85.1824139, 27.9774154], [85.1821019, 27.9781204], [85.1820821, 27.97821], [85.1820983, 27.9782679], [85.1824059, 27.9784972], [85.1824389, 27.9785396], [85.1824334, 27.9785961], [85.182285, 27.9791936], [85.1822847, 27.9794704], [85.1822591, 27.9794993], [85.1821355, 27.9796086], [85.182012, 27.9799588], [85.181882, 27.9801686], [85.1816212, 27.9808699], [85.1815982, 27.9810474], [85.1812645, 27.9814731], [85.1812228, 27.9816391], [85.1812315, 27.9818333], [85.1811381, 27.9820854], [85.1811255, 27.9821869], [85.1811439, 27.9823833], [85.1812043, 27.9825334], [85.1813589, 27.9828618]]}, "properties": {"source": "emsr927", "obj_type": "211-Highways, Streets and Roads", "name": "Unknown", "dmg": 1.0, "dmg_label": "Destroyed", "kind": "road"}}, {"type": "Feature", "geometry": {"type": "LineString", "coordinates": [[85.1756217, 27.9826099], [85.1756414, 27.9825432], [85.1756736, 27.9824997], [85.175749, 27.9824619], [85.1758258, 27.9824589], [85.1758813, 27.9824774], [85.175933, 27.9825121], [85.1760138, 27.9825929], [85.1760785, 27.9826548], [85.1761737, 27.9826911], [85.1762876, 27.9827129], [85.1764152, 27.9826931], [85.1769595, 27.9824481], [85.1774562, 27.9822856], [85.1776473, 27.9822473]]}, "properties": {"source": "emsr927", "obj_type": "211-Highways, Streets and Roads", "name": "Unknown", "dmg": 1.0, "dmg_label": "Destroyed", "kind": "road"}}, {"type": "Feature", "geometry": {"type": "LineString", "coordinates": [[85.1755169, 27.9831375], [85.1755723, 27.9828679], [85.1756217, 27.9826099]]}, "properties": {"source": "emsr927", "obj_type": "211-Highways, Streets and Roads", "name": "Unknown", "dmg": 1.0, "dmg_label": "Destroyed", "kind": "road"}}, {"type": "Feature", "geometry": {"type": "LineString", "coordinates": [[85.1756294, 27.9837941], [85.17535, 27.9838298], [85.1749069, 27.9837398], [85.1747763, 27.9836408], [85.1747438, 27.9835497], [85.1746507, 27.983468], [85.1745345, 27.983406], [85.1743461, 27.9833733], [85.1741809, 27.983304], [85.1739369, 27.9832068], [85.1737987, 27.9831175], [85.1733949, 27.982889], [85.173137, 27.9827101], [85.1729122, 27.982658], [85.1727632, 27.9825703]]}, "properties": {"source": "emsr927", "obj_type": "211-Highways, Streets and Roads", "name": "Unknown", "dmg": 0.33, "dmg_label": "Possibly damaged", "kind": "road"}}, {"type": "Feature", "geometry": {"type": "LineString", "coordinates": [[85.1763432, 27.9837851], [85.1761481, 27.9836851], [85.1758065, 27.9835307], [85.175612, 27.9833657], [85.1755169, 27.9831375]]}, "properties": {"source": "emsr927", "obj_type": "211-Highways, Streets and Roads", "name": "Unknown", "dmg": 1.0, "dmg_label": "Destroyed", "kind": "road"}}, {"type": "Feature", "geometry": {"type": "LineString", "coordinates": [[85.1764272, 27.9837118], [85.1763363, 27.9834511], [85.1761818, 27.9833295], [85.1759613, 27.9832181]]}, "properties": {"source": "emsr927", "obj_type": "211-Highways, Streets and Roads", "name": "Unknown", "dmg": 1.0, "dmg_label": "Destroyed", "kind": "road"}}, {"type": "Feature", "geometry": {"type": "LineString", "coordinates": [[85.1764087, 27.9838187], [85.1761481, 27.9836851], [85.1758065, 27.9835307], [85.175612, 27.9833657], [85.1755169, 27.9831375]]}, "properties": {"source": "emsr927", "obj_type": "211-Highways, Streets and Roads", "name": "Unknown", "dmg": 1.0, "dmg_label": "Destroyed", "kind": "road"}}, {"type": "Feature", "geometry": {"type": "LineString", "coordinates": [[85.1766609, 27.9833968], [85.1765365, 27.9835019], [85.1764741, 27.9837876]]}, "properties": {"source": "emsr927", "obj_type": "211-Highways, Streets and Roads", "name": "Unknown", "dmg": 1.0, "dmg_label": "Destroyed", "kind": "road"}}, {"type": "Feature", "geometry": {"type": "LineString", "coordinates": [[85.1775188, 27.9835279], [85.1766261, 27.9835383], [85.1763432, 27.9837851]]}, "properties": {"source": "emsr927", "obj_type": "211-Highways, Streets and Roads", "name": "Unknown", "dmg": 1.0, "dmg_label": "Destroyed", "kind": "road"}}, {"type": "Feature", "geometry": {"type": "LineString", "coordinates": [[85.1776222, 27.9838997], [85.177273, 27.9838082], [85.1768958, 27.9837004], [85.1765672, 27.9836905], [85.1763432, 27.9837851]]}, "properties": {"source": "emsr927", "obj_type": "211-Highways, Streets and Roads", "name": "Unknown", "dmg": 1.0, "dmg_label": "Destroyed", "kind": "road"}}, {"type": "Feature", "geometry": {"type": "LineString", "coordinates": [[85.1763432, 27.9837851], [85.1762265, 27.9838133], [85.1760283, 27.9838088], [85.1756294, 27.9837941]]}, "properties": {"source": "emsr927", "obj_type": "211-Highways, Streets and Roads", "name": "Unknown", "dmg": 1.0, "dmg_label": "Destroyed", "kind": "road"}}, {"type": "Feature", "geometry": {"type": "LineString", "coordinates": [[85.1788507, 27.983935], [85.17887, 27.9838307], [85.1788294, 27.9837348], [85.1784932, 27.9838779], [85.1780239, 27.9838878], [85.177805, 27.9838943]]}, "properties": {"source": "emsr927", "obj_type": "211-Highways, Streets and Roads", "name": "Unknown", "dmg": 1.0, "dmg_label": "Destroyed", "kind": "road"}}, {"type": "Feature", "geometry": {"type": "LineString", "coordinates": [[85.1775403, 27.9839021], [85.1774201, 27.9839057], [85.1769411, 27.9837754], [85.1764614, 27.9838457]]}, "properties": {"source": "emsr927", "obj_type": "211-Highways, Streets and Roads", "name": "Unknown", "dmg": 0.33, "dmg_label": "Possibly damaged", "kind": "road"}}, {"type": "Feature", "geometry": {"type": "LineString", "coordinates": [[85.177805, 27.9838943], [85.1776222, 27.9838997]]}, "properties": {"source": "emsr927", "obj_type": "211-Highways, Streets and Roads", "name": "Unknown", "dmg": 1.0, "dmg_label": "Destroyed", "kind": "road"}}, {"type": "Feature", "geometry": {"type": "LineString", "coordinates": [[85.177805, 27.9838943], [85.1775403, 27.9839021]]}, "properties": {"source": "emsr927", "obj_type": "211-Highways, Streets and Roads", "name": "Unknown", "dmg": 1.0, "dmg_label": "Destroyed", "kind": "road"}}, {"type": "Feature", "geometry": {"type": "LineString", "coordinates": [[85.1813589, 27.9828618], [85.181383, 27.9829131]]}, "properties": {"source": "emsr927", "obj_type": "211-Highways, Streets and Roads", "name": "Unknown", "dmg": 1.0, "dmg_label": "Destroyed", "kind": "road"}}, {"type": "Feature", "geometry": {"type": "LineString", "coordinates": [[85.181383, 27.9829131], [85.1815007, 27.983163]]}, "properties": {"source": "emsr927", "obj_type": "211-Highways, Streets and Roads", "name": "Unknown", "dmg": 1.0, "dmg_label": "Destroyed", "kind": "road"}}, {"type": "Feature", "geometry": {"type": "LineString", "coordinates": [[85.1815007, 27.983163], [85.1815746, 27.9833201], [85.1815827, 27.983336]]}, "properties": {"source": "emsr927", "obj_type": "211-Highways, Streets and Roads", "name": "Unknown", "dmg": 1.0, "dmg_label": "Destroyed", "kind": "road"}}, {"type": "Feature", "geometry": {"type": "LineString", "coordinates": [[85.1815827, 27.983336], [85.1817966, 27.9837545], [85.181789, 27.9838512], [85.1817015, 27.9849581], [85.1817992, 27.9861967], [85.1818014, 27.9864811], [85.1817618, 27.9867096], [85.1816981, 27.9869147], [85.1817238, 27.9871388], [85.1820305, 27.9873957], [85.1822459, 27.9879441], [85.1825949, 27.9882495], [85.1825337, 27.9886922], [85.1825681, 27.9889661], [85.1826236, 27.9891926], [85.1828093, 27.9892856], [85.1829851, 27.9893632], [85.183253, 27.9897549], [85.1832602, 27.9899448], [85.1833169, 27.9900757], [85.1835347, 27.9905299], [85.1835175, 27.9909861], [85.1838101, 27.9918124], [85.1841483, 27.9928268]]}, "properties": {"source": "emsr927", "obj_type": "211-Highways, Streets and Roads", "name": "Unknown", "dmg": 1.0, "dmg_label": "Destroyed", "kind": "road"}}, {"type": "Feature", "geometry": {"type": "LineString", "coordinates": [[85.1808756, 27.9909057], [85.180889, 27.9911296], [85.1809393, 27.9913583], [85.18128, 27.9916254]]}, "properties": {"source": "emsr927", "obj_type": "211-Highways, Streets and Roads", "name": "Unknown", "dmg": 0.33, "dmg_label": "Possibly damaged", "kind": "road"}}, {"type": "Feature", "geometry": {"type": "LineString", "coordinates": [[85.1790363, 27.9875318], [85.1790117, 27.9874457], [85.1788969, 27.9869974], [85.1789119, 27.9869239], [85.1789694, 27.9864837], [85.179109, 27.9860715], [85.1791145, 27.9860322], [85.1791142, 27.9860119], [85.1790715, 27.9858024], [85.1789544, 27.9855014], [85.1789662, 27.9853597], [85.1790386, 27.9851494], [85.1790238, 27.9849157], [85.1789284, 27.9846308], [85.1788103, 27.9841534], [85.1788507, 27.983935]]}, "properties": {"source": "emsr927", "obj_type": "211-Highways, Streets and Roads", "name": "Unknown", "dmg": 0.33, "dmg_label": "Possibly damaged", "kind": "road"}}, {"type": "Feature", "geometry": {"type": "LineString", "coordinates": [[85.1812819, 27.991632], [85.18146, 27.9918323], [85.1814979, 27.9920713], [85.181486, 27.9922798], [85.1815457, 27.9924782], [85.1816807, 27.9926886], [85.1817101, 27.9929387], [85.1818574, 27.993168], [85.1818744, 27.9932253]]}, "properties": {"source": "emsr927", "obj_type": "211-Highways, Streets and Roads", "name": "Unknown", "dmg": 1.0, "dmg_label": "Destroyed", "kind": "road"}}, {"type": "Feature", "geometry": {"type": "LineString", "coordinates": [[85.1818744, 27.9932253], [85.1818866, 27.9934255], [85.181992, 27.9936542], [85.1822044, 27.9940073], [85.1823836, 27.9943339], [85.1824928, 27.9945813], [85.1824693, 27.9947185]]}, "properties": {"source": "emsr927", "obj_type": "211-Highways, Streets and Roads", "name": "Unknown", "dmg": 1.0, "dmg_label": "Destroyed", "kind": "road"}}, {"type": "Feature", "geometry": {"type": "LineString", "coordinates": [[85.1820595, 27.9937666], [85.1824128, 27.9940958], [85.1825572, 27.9942468], [85.1827896, 27.9944064], [85.1829405, 27.9944233], [85.1831348, 27.9943513], [85.1832683, 27.9944052], [85.1834083, 27.9945636], [85.1836058, 27.9948047], [85.1839788, 27.9950966], [85.1842507, 27.9954058], [85.1845745, 27.9956829]]}, "properties": {"source": "emsr927", "obj_type": "211-Highways, Streets and Roads", "name": "Unknown", "dmg": 1.0, "dmg_label": "Destroyed", "kind": "road"}}, {"type": "Feature", "geometry": {"type": "LineString", "coordinates": [[85.1833219, 27.9962039], [85.1832076, 27.9960181], [85.1831075, 27.9957298], [85.1831935, 27.995608], [85.1833078, 27.9955536]]}, "properties": {"source": "emsr927", "obj_type": "211-Highways, Streets and Roads", "name": "Unknown", "dmg": 1.0, "dmg_label": "Destroyed", "kind": "road"}}, {"type": "Feature", "geometry": {"type": "LineString", "coordinates": [[85.1829834, 27.99619], [85.1833934, 27.9962069], [85.183691, 27.9962369], [85.1842728, 27.9964154]]}, "properties": {"source": "emsr927", "obj_type": "211-Highways, Streets and Roads", "name": "Unknown", "dmg": 1.0, "dmg_label": "Destroyed", "kind": "road"}}, {"type": "Feature", "geometry": {"type": "LineString", "coordinates": [[85.1841483, 27.9928268], [85.1843868, 27.9935424], [85.1844212, 27.9939899], [85.1844901, 27.9943945], [85.1847225, 27.9947043], [85.1850065, 27.9950916], [85.1851959, 27.9952466], [85.1848085, 27.9954789], [85.1844729, 27.9957716], [85.1843179, 27.996047], [85.1842663, 27.9964687], [85.1845503, 27.9972175], [85.1845331, 27.9980955], [85.1843868, 27.9984397], [85.1843179, 27.9987324], [85.184163, 27.9992832], [85.1838618, 27.9996533], [85.1836108, 28.0001039]]}, "properties": {"source": "emsr927", "obj_type": "211-Highways, Streets and Roads", "name": "Unknown", "dmg": 1.0, "dmg_label": "Destroyed", "kind": "road"}}, {"type": "Feature", "geometry": {"type": "LineString", "coordinates": [[85.1845085, 27.9971072], [85.1848839, 27.9972029], [85.1851238, 27.9971725], [85.1853319, 27.99703], [85.185376, 27.9969001], [85.1853493, 27.9967395], [85.1852267, 27.9965441]]}, "properties": {"source": "emsr927", "obj_type": "211-Highways, Streets and Roads", "name": "Unknown", "dmg": 1.0, "dmg_label": "Destroyed", "kind": "road"}}, {"type": "Feature", "geometry": {"type": "LineString", "coordinates": [[85.1843944, 27.9968065], [85.1839324, 27.9971121], [85.1838177, 27.9971926], [85.1836577, 27.9972165], [85.1835495, 27.9971629]]}, "properties": {"source": "emsr927", "obj_type": "211-Highways, Streets and Roads", "name": "Unknown", "dmg": 1.0, "dmg_label": "Destroyed", "kind": "road"}}, {"type": "Feature", "geometry": {"type": "LineString", "coordinates": [[85.1857161, 28.000287], [85.185874, 28.0000085], [85.1861569, 27.9996081], [85.186244, 27.9993045], [85.1863508, 27.9987229], [85.1864431, 27.9981509], [85.1865015, 27.997804], [85.1864853, 27.9976257], [85.1865494, 27.9972237], [85.1865492, 27.9969481], [85.1865172, 27.9968671]]}, "properties": {"source": "emsr927", "obj_type": "211-Highways, Streets and Roads", "name": "Unknown", "dmg": 1.0, "dmg_label": "Destroyed", "kind": "road"}}, {"type": "Feature", "geometry": {"type": "LineString", "coordinates": [[85.1858484, 28.003663], [85.1857055, 28.0035276], [85.1855877, 28.0033838], [85.1854588, 28.0033065], [85.1853975, 28.003079], [85.1851488, 28.0023732], [85.1850767, 28.0021944], [85.1851687, 28.0017866], [85.1851647, 28.0014264], [85.185179, 28.0010365]]}, "properties": {"source": "emsr927", "obj_type": "211-Highways, Streets and Roads", "name": "Unknown", "dmg": 1.0, "dmg_label": "Destroyed", "kind": "road"}}, {"type": "Feature", "geometry": {"type": "LineString", "coordinates": [[85.1853975, 28.003079], [85.1859408, 28.00308]]}, "properties": {"source": "emsr927", "obj_type": "211-Highways, Streets and Roads", "name": "Unknown", "dmg": 1.0, "dmg_label": "Destroyed", "kind": "road"}}, {"type": "Feature", "geometry": {"type": "LineString", "coordinates": [[85.1836108, 28.0001039], [85.1834831, 28.0003333], [85.1833368, 28.001039], [85.1833281, 28.0016587], [85.1834056, 28.0019686], [85.183397, 28.0023817], [85.1833195, 28.0033113], [85.18344, 28.0036728], [85.1835175, 28.0051876], [85.1834142, 28.0056007], [85.1830441, 28.0062893], [85.1830872, 28.0070983], [85.1830269, 28.0078988], [85.1828634, 28.0082603], [85.1827601, 28.0086562], [85.1826076, 28.0090763]]}, "properties": {"source": "emsr927", "obj_type": "211-Highways, Streets and Roads", "name": "Unknown", "dmg": 1.0, "dmg_label": "Destroyed", "kind": "road"}}, {"type": "Feature", "geometry": {"type": "LineString", "coordinates": [[85.1857161, 28.000287], [85.1854176, 28.0006263], [85.1852461, 28.0008784], [85.1851118, 28.0011947], [85.1850356, 28.0014693], [85.184867, 28.0018359], [85.1846402, 28.0022569], [85.1844858, 28.0026323], [85.1845526, 28.0029215], [85.184722, 28.0033604], [85.184854, 28.0040363], [85.1847553, 28.004794], [85.1845812, 28.0060637], [85.1841991, 28.0074834], [85.1840826, 28.0078762], [85.1839936, 28.0083414], [85.1840469, 28.0085795], [85.1841742, 28.0089671]]}, "properties": {"source": "emsr927", "obj_type": "211-Highways, Streets and Roads", "name": "Unknown", "dmg": 1.0, "dmg_label": "Destroyed", "kind": "road"}}, {"type": "Feature", "geometry": {"type": "LineString", "coordinates": [[85.1846735, 28.0053906], [85.1848196, 28.0052816], [85.1850663, 28.0053365]]}, "properties": {"source": "emsr927", "obj_type": "211-Highways, Streets and Roads", "name": "Unknown", "dmg": 1.0, "dmg_label": "Destroyed", "kind": "road"}}, {"type": "Feature", "geometry": {"type": "Point", "coordinates": [85.109023, 27.8584251]}, "properties": {"source": "emsr927", "obj_type": "214-Bridges, Elevated Highways, Tunnels and Subways", "name": "Unknown", "dmg": 1.0, "dmg_label": "Destroyed", "kind": "bridge"}}, {"type": "Feature", "geometry": {"type": "Point", "coordinates": [85.1080482, 27.8605655]}, "properties": {"source": "emsr927", "obj_type": "214-Bridges, Elevated Highways, Tunnels and Subways", "name": "Unknown", "dmg": 1.0, "dmg_label": "Destroyed", "kind": "bridge"}}, {"type": "Feature", "geometry": {"type": "Point", "coordinates": [85.1162849, 27.8703696]}, "properties": {"source": "emsr927", "obj_type": "214-Bridges, Elevated Highways, Tunnels and Subways", "name": "Unknown", "dmg": 1.0, "dmg_label": "Destroyed", "kind": "bridge"}}, {"type": "Feature", "geometry": {"type": "Point", "coordinates": [85.1363897, 27.8923231]}, "properties": {"source": "emsr927", "obj_type": "214-Bridges, Elevated Highways, Tunnels and Subways", "name": "Unknown", "dmg": 1.0, "dmg_label": "Destroyed", "kind": "bridge"}}, {"type": "Feature", "geometry": {"type": "Point", "coordinates": [85.1387203, 27.9094859]}, "properties": {"source": "emsr927", "obj_type": "214-Bridges, Elevated Highways, Tunnels and Subways", "name": "Unknown", "dmg": 1.0, "dmg_label": "Destroyed", "kind": "bridge"}}, {"type": "Feature", "geometry": {"type": "Point", "coordinates": [85.1373346, 27.9188653]}, "properties": {"source": "emsr927", "obj_type": "214-Bridges, Elevated Highways, Tunnels and Subways", "name": "Unknown", "dmg": 1.0, "dmg_label": "Destroyed", "kind": "bridge"}}, {"type": "Feature", "geometry": {"type": "Point", "coordinates": [85.1479738, 27.9213189]}, "properties": {"source": "emsr927", "obj_type": "214-Bridges, Elevated Highways, Tunnels and Subways", "name": "Unknown", "dmg": 1.0, "dmg_label": "Destroyed", "kind": "bridge"}}, {"type": "Feature", "geometry": {"type": "Point", "coordinates": [85.1494499, 27.921833]}, "properties": {"source": "emsr927", "obj_type": "214-Bridges, Elevated Highways, Tunnels and Subways", "name": "Unknown", "dmg": 1.0, "dmg_label": "Destroyed", "kind": "bridge"}}, {"type": "Feature", "geometry": {"type": "Point", "coordinates": [85.1500814, 27.9276717]}, "properties": {"source": "emsr927", "obj_type": "214-Bridges, Elevated Highways, Tunnels and Subways", "name": "Unknown", "dmg": 1.0, "dmg_label": "Destroyed", "kind": "bridge"}}, {"type": "Feature", "geometry": {"type": "Point", "coordinates": [85.1583033, 27.939335]}, "properties": {"source": "emsr927", "obj_type": "214-Bridges, Elevated Highways, Tunnels and Subways", "name": "Unknown", "dmg": 1.0, "dmg_label": "Destroyed", "kind": "bridge"}}, {"type": "Feature", "geometry": {"type": "Point", "coordinates": [85.1584902, 27.9443307]}, "properties": {"source": "emsr927", "obj_type": "214-Bridges, Elevated Highways, Tunnels and Subways", "name": "Unknown", "dmg": 0.33, "dmg_label": "Possibly damaged", "kind": "bridge"}}, {"type": "Feature", "geometry": {"type": "Point", "coordinates": [85.1594862, 27.9457797]}, "properties": {"source": "emsr927", "obj_type": "214-Bridges, Elevated Highways, Tunnels and Subways", "name": "Unknown", "dmg": 1.0, "dmg_label": "Destroyed", "kind": "bridge"}}, {"type": "Feature", "geometry": {"type": "Point", "coordinates": [85.1614264, 27.9483202]}, "properties": {"source": "emsr927", "obj_type": "214-Bridges, Elevated Highways, Tunnels and Subways", "name": "Unknown", "dmg": 0.33, "dmg_label": "Possibly damaged", "kind": "bridge"}}, {"type": "Feature", "geometry": {"type": "Point", "coordinates": [85.162875, 27.9485527]}, "properties": {"source": "emsr927", "obj_type": "214-Bridges, Elevated Highways, Tunnels and Subways", "name": "Unknown", "dmg": 1.0, "dmg_label": "Destroyed", "kind": "bridge"}}, {"type": "Feature", "geometry": {"type": "Point", "coordinates": [85.1641954, 27.9551932]}, "properties": {"source": "emsr927", "obj_type": "214-Bridges, Elevated Highways, Tunnels and Subways", "name": "Unknown", "dmg": 1.0, "dmg_label": "Destroyed", "kind": "bridge"}}, {"type": "Feature", "geometry": {"type": "Point", "coordinates": [85.1637429, 27.9557483]}, "properties": {"source": "emsr927", "obj_type": "214-Bridges, Elevated Highways, Tunnels and Subways", "name": "Unknown", "dmg": 1.0, "dmg_label": "Destroyed", "kind": "bridge"}}, {"type": "Feature", "geometry": {"type": "Point", "coordinates": [85.1664976, 27.95828]}, "properties": {"source": "emsr927", "obj_type": "214-Bridges, Elevated Highways, Tunnels and Subways", "name": "Unknown", "dmg": 1.0, "dmg_label": "Destroyed", "kind": "bridge"}}, {"type": "Feature", "geometry": {"type": "Point", "coordinates": [85.1693055, 27.9630842]}, "properties": {"source": "emsr927", "obj_type": "214-Bridges, Elevated Highways, Tunnels and Subways", "name": "Unknown", "dmg": 1.0, "dmg_label": "Destroyed", "kind": "bridge"}}, {"type": "Feature", "geometry": {"type": "Point", "coordinates": [85.1728632, 27.9636676]}, "properties": {"source": "emsr927", "obj_type": "214-Bridges, Elevated Highways, Tunnels and Subways", "name": "Unknown", "dmg": 1.0, "dmg_label": "Destroyed", "kind": "bridge"}}, {"type": "Feature", "geometry": {"type": "Point", "coordinates": [85.1734861, 27.9639157]}, "properties": {"source": "emsr927", "obj_type": "214-Bridges, Elevated Highways, Tunnels and Subways", "name": "Unknown", "dmg": 1.0, "dmg_label": "Destroyed", "kind": "bridge"}}, {"type": "Feature", "geometry": {"type": "Point", "coordinates": [85.1844369, 27.9724867]}, "properties": {"source": "emsr927", "obj_type": "214-Bridges, Elevated Highways, Tunnels and Subways", "name": "Unknown", "dmg": 1.0, "dmg_label": "Destroyed", "kind": "bridge"}}, {"type": "Feature", "geometry": {"type": "Point", "coordinates": [85.1856624, 27.9744799]}, "properties": {"source": "emsr927", "obj_type": "214-Bridges, Elevated Highways, Tunnels and Subways", "name": "Unknown", "dmg": 1.0, "dmg_label": "Destroyed", "kind": "bridge"}}, {"type": "Feature", "geometry": {"type": "Point", "coordinates": [85.1814666, 27.979061]}, "properties": {"source": "emsr927", "obj_type": "214-Bridges, Elevated Highways, Tunnels and Subways", "name": "Unknown", "dmg": 1.0, "dmg_label": "Destroyed", "kind": "bridge"}}, {"type": "Feature", "geometry": {"type": "Point", "coordinates": [85.1797873, 27.9819962]}, "properties": {"source": "emsr927", "obj_type": "214-Bridges, Elevated Highways, Tunnels and Subways", "name": "Unknown", "dmg": 1.0, "dmg_label": "Destroyed", "kind": "bridge"}}, {"type": "Feature", "geometry": {"type": "Point", "coordinates": [85.1755723, 27.9828679]}, "properties": {"source": "emsr927", "obj_type": "214-Bridges, Elevated Highways, Tunnels and Subways", "name": "Unknown", "dmg": 1.0, "dmg_label": "Destroyed", "kind": "bridge"}}, {"type": "Feature", "geometry": {"type": "Point", "coordinates": [85.1849277, 27.9954074]}, "properties": {"source": "emsr927", "obj_type": "214-Bridges, Elevated Highways, Tunnels and Subways", "name": "Unknown", "dmg": 1.0, "dmg_label": "Destroyed", "kind": "bridge"}}, {"type": "Feature", "geometry": {"type": "MultiLineString", "coordinates": [[[84.9836485, 27.8008651], [84.9840037, 27.8008516]], [[84.9942853, 27.7983773], [84.9942884, 27.7982355], [84.9943362, 27.7975777]]]}, "properties": {"source": "emsr927", "obj_type": "211-Highways, Streets and Roads", "name": "Prithvi Rajmarg", "dmg": 0.33, "dmg_label": "Possibly damaged", "kind": "road"}}, {"type": "Feature", "geometry": {"type": "LineString", "coordinates": [[84.9801031, 27.8009049], [84.9802244, 27.8008861], [84.9809325, 27.8007723], [84.981088, 27.800758], [84.9812677, 27.8007438], [84.9816534, 27.8007956], [84.9828926, 27.8008925], [84.983054, 27.8008903], [84.9832818, 27.8008873], [84.9835242, 27.800874]]}, "properties": {"source": "emsr927", "obj_type": "211-Highways, Streets and Roads", "name": "Prithvi Rajmarg", "dmg": 0.66, "dmg_label": "Damaged", "kind": "road"}}, {"type": "Feature", "geometry": {"type": "LineString", "coordinates": [[84.9840037, 27.8008516], [84.98474, 27.8008237]]}, "properties": {"source": "emsr927", "obj_type": "211-Highways, Streets and Roads", "name": "Prithvi Rajmarg", "dmg": 0.33, "dmg_label": "Possibly damaged", "kind": "road"}}, {"type": "Feature", "geometry": {"type": "LineString", "coordinates": [[84.9835242, 27.800874], [84.9836485, 27.8008651]]}, "properties": {"source": "emsr927", "obj_type": "211-Highways, Streets and Roads", "name": "Prithvi Rajmarg", "dmg": 0.33, "dmg_label": "Possibly damaged", "kind": "road"}}, {"type": "Feature", "geometry": {"type": "LineString", "coordinates": [[84.9801016, 27.8009051], [84.9801031, 27.8009049]]}, "properties": {"source": "emsr927", "obj_type": "211-Highways, Streets and Roads", "name": "Prithvi Rajmarg", "dmg": 0.66, "dmg_label": "Damaged", "kind": "road"}}, {"type": "Feature", "geometry": {"type": "LineString", "coordinates": [[84.9897006, 27.8000649], [84.9897607, 27.8001055], [84.9897748, 27.8001073]]}, "properties": {"source": "emsr927", "obj_type": "211-Highways, Streets and Roads", "name": "Unknown", "dmg": 1.0, "dmg_label": "Destroyed", "kind": "road"}}, {"type": "Feature", "geometry": {"type": "LineString", "coordinates": [[85.0011674, 27.8002921], [85.0007781, 27.8002021]]}, "properties": {"source": "emsr927", "obj_type": "211-Highways, Streets and Roads", "name": "Unknown", "dmg": 0.33, "dmg_label": "Possibly damaged", "kind": "road"}}, {"type": "Feature", "geometry": {"type": "LineString", "coordinates": [[84.98474, 27.8008237], [84.9850128, 27.8008133], [84.9857823, 27.8007851], [84.9864687, 27.8007161], [84.9871925, 27.8006086], [84.9882428, 27.8004526], [84.9884614, 27.8004045], [84.9888262, 27.8003668], [84.989137, 27.8003295], [84.9896444, 27.8003238], [84.9898485, 27.8003281], [84.9902397, 27.8003428], [84.990634, 27.8003784], [84.9906378, 27.8003784]]}, "properties": {"source": "emsr927", "obj_type": "211-Highways, Streets and Roads", "name": "Prithvi Rajmarg", "dmg": 0.33, "dmg_label": "Possibly damaged", "kind": "road"}}, {"type": "Feature", "geometry": {"type": "LineString", "coordinates": [[84.9882428, 27.8004526], [84.9882605, 27.8006657], [84.988272, 27.8008268], [84.9883452, 27.8009408], [84.9883625, 27.8009677]]}, "properties": {"source": "emsr927", "obj_type": "211-Highways, Streets and Roads", "name": "Unknown", "dmg": 1.0, "dmg_label": "Destroyed", "kind": "road"}}, {"type": "Feature", "geometry": {"type": "LineString", "coordinates": [[85.0019789, 27.8008675], [85.0017186, 27.800746]]}, "properties": {"source": "emsr927", "obj_type": "211-Highways, Streets and Roads", "name": "Unknown", "dmg": 1.0, "dmg_label": "Destroyed", "kind": "road"}}, {"type": "Feature", "geometry": {"type": "LineString", "coordinates": [[84.987343, 27.8011009], [84.9871925, 27.8006086]]}, "properties": {"source": "emsr927", "obj_type": "211-Highways, Streets and Roads", "name": "Unknown", "dmg": 1.0, "dmg_label": "Destroyed", "kind": "road"}}, {"type": "Feature", "geometry": {"type": "LineString", "coordinates": [[84.9880376, 27.8010071], [84.9882656, 27.8009988], [84.9883452, 27.8009408]]}, "properties": {"source": "emsr927", "obj_type": "211-Highways, Streets and Roads", "name": "Unknown", "dmg": 1.0, "dmg_label": "Destroyed", "kind": "road"}}, {"type": "Feature", "geometry": {"type": "LineString", "coordinates": [[84.9800755, 27.8009092], [84.9801016, 27.8009051]]}, "properties": {"source": "emsr927", "obj_type": "211-Highways, Streets and Roads", "name": "Prithvi Rajmarg", "dmg": 0.66, "dmg_label": "Damaged", "kind": "road"}}, {"type": "Feature", "geometry": {"type": "LineString", "coordinates": [[84.9857823, 27.8007851], [84.9855691, 27.8010596], [84.9853921, 27.8010549], [84.9850128, 27.8008133]]}, "properties": {"source": "emsr927", "obj_type": "211-Highways, Streets and Roads", "name": "Unknown", "dmg": 1.0, "dmg_label": "Destroyed", "kind": "road"}}, {"type": "Feature", "geometry": {"type": "LineString", "coordinates": [[84.9799402, 27.8012434], [84.9799213, 27.8011501], [84.9799065, 27.8010481], [84.9799025, 27.800936]]}, "properties": {"source": "emsr927", "obj_type": "211-Highways, Streets and Roads", "name": "Unknown", "dmg": 1.0, "dmg_label": "Destroyed", "kind": "road"}}, {"type": "Feature", "geometry": {"type": "LineString", "coordinates": [[84.9829452, 27.8015085], [84.9829528, 27.8014977], [84.9829683, 27.801471], [84.9829864, 27.8014235], [84.9830078, 27.8013589], [84.9830273, 27.8012729], [84.9830461, 27.8011827], [84.9830514, 27.8009976], [84.983054, 27.8008903]]}, "properties": {"source": "emsr927", "obj_type": "211-Highways, Streets and Roads", "name": "Unknown", "dmg": 1.0, "dmg_label": "Destroyed", "kind": "road"}}, {"type": "Feature", "geometry": {"type": "LineString", "coordinates": [[84.9799615, 27.8013524], [84.9799468, 27.8012764], [84.9799402, 27.8012434]]}, "properties": {"source": "emsr927", "obj_type": "211-Highways, Streets and Roads", "name": "Unknown", "dmg": 1.0, "dmg_label": "Destroyed", "kind": "road"}}, {"type": "Feature", "geometry": {"type": "LineString", "coordinates": [[84.9750084, 27.8007244], [84.9750664, 27.8010141], [84.9750963, 27.801247], [84.9751875, 27.8017283], [84.9752099, 27.8019643], [84.9752044, 27.8020022]]}, "properties": {"source": "emsr927", "obj_type": "214-Bridges, Elevated Highways, Tunnels and Subways", "name": "Unknown", "dmg": 0.66, "dmg_label": "Damaged", "kind": "bridge"}}, {"type": "Feature", "geometry": {"type": "MultiLineString", "coordinates": [[[84.9878978, 27.8017498], [84.9879116, 27.8017616], [84.9879652, 27.8018482], [84.9879907, 27.8018696], [84.9880256, 27.8018779], [84.9880511, 27.8018684], [84.9880671, 27.8018292], [84.9881195, 27.8017213], [84.9882039, 27.8016193], [84.9882365, 27.8015996]], [[84.9829368, 27.8015202], [84.9830581, 27.8015178], [84.9832311, 27.8015149], [84.9833273, 27.8015248]]]}, "properties": {"source": "emsr927", "obj_type": "211-Highways, Streets and Roads", "name": "Unknown", "dmg": 0.33, "dmg_label": "Possibly damaged", "kind": "road"}}, {"type": "Feature", "geometry": {"type": "MultiLineString", "coordinates": [[[84.9895497, 27.8025022], [84.9897558, 27.8026454], [84.9897945, 27.8027273], [84.9898001, 27.8027913], [84.9897984, 27.8027958]], [[84.9894461, 27.8018518], [84.9894098, 27.8018496], [84.9892956, 27.8019265], [84.9892014, 27.8019854]], [[84.9831755, 27.8018239], [84.9830892, 27.8018241], [84.9828583, 27.8018281], [84.9826893, 27.8018634]], [[84.9835106, 27.8018613], [84.9833415, 27.8018258]], [[84.982123, 27.8016487], [84.9823111, 27.8016074], [84.9824372, 27.80156], [84.9826249, 27.8015528], [84.9827912, 27.801541], [84.9828865, 27.8015303], [84.9829368, 27.8015202], [84.9829452, 27.8015085]]]}, "properties": {"source": "emsr927", "obj_type": "211-Highways, Streets and Roads", "name": "Unknown", "dmg": 0.33, "dmg_label": "Possibly damaged", "kind": "road"}}, {"type": "Feature", "geometry": {"type": "LineString", "coordinates": [[85.0012251, 27.8008438], [85.0012292, 27.8010696], [85.0012749, 27.8021622], [85.0012834, 27.802399], [85.0012956, 27.8025721]]}, "properties": {"source": "emsr927", "obj_type": "214-Bridges, Elevated Highways, Tunnels and Subways", "name": "Unknown", "dmg": 0.33, "dmg_label": "Possibly damaged", "kind": "bridge"}}, {"type": "Feature", "geometry": {"type": "MultiLineString", "coordinates": [[[84.9883594, 27.8045669], [84.9883085, 27.8045945], [84.9882625, 27.8046164]], [[84.9889593, 27.8042249], [84.9889027, 27.804263]], [[84.9898608, 27.8028584], [84.9898484, 27.8028862], [84.9899028, 27.803095], [84.9899795, 27.8033177]], [[84.983015, 27.8025286], [84.9829284, 27.802417], [84.9828998, 27.8023964], [84.9828964, 27.8023945]]]}, "properties": {"source": "emsr927", "obj_type": "211-Highways, Streets and Roads", "name": "Unknown", "dmg": 1.0, "dmg_label": "Destroyed", "kind": "road"}}, {"type": "Feature", "geometry": {"type": "MultiLineString", "coordinates": [[[84.9909424, 27.8037262], [84.9912578, 27.8038001]], [[84.9901699, 27.8035454], [84.9904896, 27.8036202]]]}, "properties": {"source": "emsr927", "obj_type": "214-Bridges, Elevated Highways, Tunnels and Subways", "name": "Unknown", "dmg": 1.0, "dmg_label": "Destroyed", "kind": "bridge"}}, {"type": "Feature", "geometry": {"type": "MultiLineString", "coordinates": [[[84.9882625, 27.8046164], [84.9882079, 27.8046423]], [[84.9892402, 27.8040353], [84.9889593, 27.8042249]], [[84.9896622, 27.803793], [84.9896531, 27.8037978]], [[84.9899795, 27.8033177], [84.9899878, 27.8033417], [84.9899892, 27.8033952], [84.9899811, 27.803458], [84.9899449, 27.8035019], [84.9898813, 27.8035553], [84.9898215, 27.8036288], [84.9897731, 27.8036787], [84.9897194, 27.803757], [84.9897065, 27.8037656]], [[84.9835841, 27.8029984], [84.9835551, 27.8029723]], [[84.9828964, 27.8023945], [84.9828708, 27.8023799], [84.9827129, 27.8023092], [84.9824742, 27.8021865], [84.9823698, 27.8021387], [84.9822159, 27.8020878], [84.9821708, 27.8020701], [84.982116, 27.8020401], [84.9820499, 27.8019955], [84.9819897, 27.8019465], [84.9819473, 27.8019142], [84.9819223, 27.8018783], [84.9819151, 27.8018412]]]}, "properties": {"source": "emsr927", "obj_type": "211-Highways, Streets and Roads", "name": "Unknown", "dmg": 1.0, "dmg_label": "Destroyed", "kind": "road"}}, {"type": "Feature", "geometry": {"type": "MultiLineString", "coordinates": [[[84.9857294, 27.8042292], [84.9856097, 27.8042145], [84.9854901, 27.8041656], [84.9853853, 27.8041325], [84.985335, 27.8041106]], [[84.9845432, 27.8037727], [84.9845234, 27.8037609]], [[84.9843022, 27.8036191], [84.984294, 27.8036135], [84.9842283, 27.8035548]], [[84.9830613, 27.8025763], [84.9830221, 27.8025377], [84.983015, 27.8025286]]]}, "properties": {"source": "emsr927", "obj_type": "211-Highways, Streets and Roads", "name": "Unknown", "dmg": 1.0, "dmg_label": "Destroyed", "kind": "road"}}, {"type": "Feature", "geometry": {"type": "LineString", "coordinates": [[84.9683167, 27.806569], [84.9683408, 27.8065079], [84.9683838, 27.8064616], [84.9684696, 27.8064035], [84.9686383, 27.8063713], [84.968692, 27.8063649], [84.9687012, 27.8063638], [84.9687073, 27.8063631], [84.9687622, 27.8063566], [84.9687774, 27.8063548], [84.9687927, 27.806353], [84.9688169, 27.8063501], [84.9689595, 27.8063184], [84.9691518, 27.8061962], [84.9691538, 27.8061939], [84.9691767, 27.8061674], [84.9691885, 27.8061538], [84.9691892, 27.806153], [84.9691908, 27.8061511], [84.9693713, 27.8059426], [84.9693782, 27.8059346], [84.9699519, 27.8052718], [84.9700195, 27.8052152], [84.9700221, 27.8052131], [84.9700226, 27.8052126], [84.9702453, 27.8050263], [84.9702478, 27.8050242], [84.9702484, 27.8050237], [84.970251, 27.8050215], [84.9702701, 27.8050056], [84.9702793, 27.8049978], [84.9703673, 27.8049242], [84.9708253, 27.8046025], [84.9709493, 27.8045067], [84.9710785, 27.8043725], [84.9711478, 27.8042837], [84.9712101, 27.8041704], [84.9712668, 27.8040576], [84.971283, 27.8039574], [84.9712818, 27.8038415], [84.971219, 27.8037444], [84.9711128, 27.8036572], [84.9706941, 27.8034298], [84.9705881, 27.8033466], [84.9705187, 27.8032455], [84.9704958, 27.8031342], [84.9705031, 27.8030256], [84.9705506, 27.8029416], [84.9706341, 27.8028352], [84.9708244, 27.8025952], [84.9709655, 27.8023491], [84.9710646, 27.8020463], [84.971216, 27.8017548], [84.9714367, 27.8015003], [84.9720647, 27.8010905], [84.9721813, 27.8009746], [84.9724445, 27.8006914], [84.9725723, 27.8005755], [84.972751, 27.8004974], [84.9728857, 27.8004689], [84.9730724, 27.8005116], [84.9731699, 27.8005453], [84.9733079, 27.8006092], [84.9736196, 27.8007538], [84.9737969, 27.8007903], [84.9740007, 27.800792], [84.9742241, 27.8007564], [84.9748921, 27.8004875], [84.9752462, 27.8003689], [84.9755544, 27.8002755], [84.9758631, 27.8002384], [84.9761525, 27.8001996], [84.9764559, 27.8002242], [84.9772364, 27.8003808], [84.9778271, 27.8005503], [84.9778479, 27.8005563], [84.977915, 27.8005747], [84.9779604, 27.8005872], [84.9789478, 27.8008582], [84.9792045, 27.8009251], [84.9795271, 27.8009498], [84.9798007, 27.800936], [84.9799025, 27.800936], [84.980046, 27.8009137], [84.9800755, 27.8009092]]}, "properties": {"source": "emsr927", "obj_type": "211-Highways, Streets and Roads", "name": "Prithvi Rajmarg", "dmg": 0.66, "dmg_label": "Damaged", "kind": "road"}}, {"type": "Feature", "geometry": {"type": "MultiLineString", "coordinates": [[[84.9882079, 27.8046423], [84.9881288, 27.8046799], [84.9879277, 27.8047155], [84.9876943, 27.8047202], [84.9875441, 27.8047558], [84.9874288, 27.8049053], [84.9873337, 27.8049675], [84.9871605, 27.8049849], [84.9870249, 27.8049785], [84.986925, 27.804962], [84.9868598, 27.8049454], [84.9867599, 27.8049099], [84.9866751, 27.8048633], [84.9863905, 27.8046786], [84.9859823, 27.8042976], [84.9857862, 27.8042362], [84.9857294, 27.8042292]], [[84.9896531, 27.8037978], [84.989368, 27.8039491], [84.9892402, 27.8040353]], [[84.9897065, 27.8037656], [84.9896765, 27.8037854], [84.9896622, 27.803793]], [[84.9842283, 27.8035548], [84.9840424, 27.8033886], [84.9839728, 27.8033223], [84.9838925, 27.8032347], [84.9838425, 27.8031672], [84.9838055, 27.8031328], [84.9837774, 27.8031123], [84.9836333, 27.8030373], [84.9835998, 27.8030125], [84.9835841, 27.8029984]], [[84.9835551, 27.8029723], [84.9834896, 27.8029134], [84.9832724, 27.8027528], [84.9831564, 27.8026597], [84.9830694, 27.8025843], [84.9830613, 27.8025763]]]}, "properties": {"source": "emsr927", "obj_type": "211-Highways, Streets and Roads", "name": "Unknown", "dmg": 1.0, "dmg_label": "Destroyed", "kind": "road"}}, {"type": "Feature", "geometry": {"type": "MultiLineString", "coordinates": [[[84.985335, 27.8041106], [84.9852684, 27.8040815], [84.9851038, 27.8040002], [84.9850431, 27.8039766], [84.9849833, 27.8039604], [84.984845, 27.8039355], [84.9847977, 27.8039229], [84.9847549, 27.803904], [84.9845858, 27.8037982], [84.9845432, 27.8037727]], [[84.9845234, 27.8037609], [84.9844118, 27.803694], [84.9843022, 27.8036191]]]}, "properties": {"source": "emsr927", "obj_type": "211-Highways, Streets and Roads", "name": "Unknown", "dmg": 1.0, "dmg_label": "Destroyed", "kind": "road"}}, {"type": "Feature", "geometry": {"type": "MultiLineString", "coordinates": [[[84.9836574, 27.8050555], [84.9836932, 27.8050095], [84.9837889, 27.8048588], [84.983848, 27.8048365], [84.9839902, 27.8048649], [84.9841483, 27.8049652]], [[84.9832867, 27.8043716], [84.983396, 27.8044468], [84.9834377, 27.8045518], [84.9834725, 27.8047629], [84.9834752, 27.8049385], [84.9834993, 27.8050168], [84.983503, 27.8050245]]]}, "properties": {"source": "emsr927", "obj_type": "211-Highways, Streets and Roads", "name": "Unknown", "dmg": 0.33, "dmg_label": "Possibly damaged", "kind": "road"}}, {"type": "Feature", "geometry": {"type": "MultiLineString", "coordinates": [[[84.9699519, 27.8052718], [84.9699915, 27.805251]], [[84.9700253, 27.8052332], [84.9700274, 27.8052321]], [[84.9700284, 27.8052316], [84.9703167, 27.8050801], [84.9705397, 27.8049897], [84.9707065, 27.8049731], [84.9708861, 27.8049334]], [[84.9709408, 27.8049213], [84.97099, 27.8049104], [84.9711297, 27.804833], [84.9712464, 27.8047353], [84.9713673, 27.8046209], [84.9714319, 27.804514]]]}, "properties": {"source": "emsr927", "obj_type": "211-Highways, Streets and Roads", "name": "Unknown", "dmg": 0.33, "dmg_label": "Possibly damaged", "kind": "road"}}, {"type": "Feature", "geometry": {"type": "LineString", "coordinates": [[84.983503, 27.8050245], [84.9835235, 27.8050666], [84.9835798, 27.8050832], [84.9836469, 27.805069], [84.9836574, 27.8050555]]}, "properties": {"source": "emsr927", "obj_type": "211-Highways, Streets and Roads", "name": "Unknown", "dmg": 0.33, "dmg_label": "Possibly damaged", "kind": "road"}}, {"type": "Feature", "geometry": {"type": "MultiLineString", "coordinates": [[[84.9699915, 27.805251], [84.9700253, 27.8052332]], [[84.9700274, 27.8052321], [84.9700284, 27.8052316]], [[84.9708861, 27.8049334], [84.9709408, 27.8049213]]]}, "properties": {"source": "emsr927", "obj_type": "211-Highways, Streets and Roads", "name": "Unknown", "dmg": 0.33, "dmg_label": "Possibly damaged", "kind": "road"}}, {"type": "Feature", "geometry": {"type": "MultiLineString", "coordinates": [[[84.9683978, 27.8068349], [84.9683842, 27.8067903]], [[84.9683711, 27.8067473], [84.9683167, 27.806569]]]}, "properties": {"source": "emsr927", "obj_type": "211-Highways, Streets and Roads", "name": "Prithvi Rajmarg", "dmg": 0.66, "dmg_label": "Damaged", "kind": "road"}}, {"type": "Feature", "geometry": {"type": "MultiLineString", "coordinates": [[[84.9684374, 27.8069646], [84.9683978, 27.8068349]], [[84.9683842, 27.8067903], [84.9683711, 27.8067473]]]}, "properties": {"source": "emsr927", "obj_type": "211-Highways, Streets and Roads", "name": "Prithvi Rajmarg", "dmg": 0.66, "dmg_label": "Damaged", "kind": "road"}}, {"type": "Feature", "geometry": {"type": "LineString", "coordinates": [[84.9685105, 27.8071974], [84.9685016, 27.8071372], [84.9684374, 27.8069646]]}, "properties": {"source": "emsr927", "obj_type": "211-Highways, Streets and Roads", "name": "Prithvi Rajmarg", "dmg": 0.66, "dmg_label": "Damaged", "kind": "road"}}, {"type": "Feature", "geometry": {"type": "LineString", "coordinates": [[84.9688548, 27.8071914], [84.9692402, 27.807244], [84.9697225, 27.8073104], [84.9702532, 27.8073877]]}, "properties": {"source": "emsr927", "obj_type": "214-Bridges, Elevated Highways, Tunnels and Subways", "name": "Unknown", "dmg": 1.0, "dmg_label": "Destroyed", "kind": "bridge"}}, {"type": "Feature", "geometry": {"type": "LineString", "coordinates": [[84.9684761, 27.8078723], [84.9685134, 27.807665], [84.9685273, 27.8074889], [84.9685353, 27.8073655], [84.9685105, 27.8071974]]}, "properties": {"source": "emsr927", "obj_type": "211-Highways, Streets and Roads", "name": "Prithvi Rajmarg", "dmg": 0.66, "dmg_label": "Damaged", "kind": "road"}}, {"type": "Feature", "geometry": {"type": "LineString", "coordinates": [[84.9504621, 27.8112868], [84.9504621, 27.8112868]]}, "properties": {"source": "emsr927", "obj_type": "211-Highways, Streets and Roads", "name": "Unknown", "dmg": 1.0, "dmg_label": "Destroyed", "kind": "road"}}, {"type": "Feature", "geometry": {"type": "LineString", "coordinates": [[84.9431771, 27.8115796], [84.9432497, 27.8117513]]}, "properties": {"source": "emsr927", "obj_type": "211-Highways, Streets and Roads", "name": "Unknown", "dmg": 1.0, "dmg_label": "Destroyed", "kind": "road"}}, {"type": "Feature", "geometry": {"type": "LineString", "coordinates": [[84.9676856, 27.8099784], [84.9676855, 27.8099787], [84.9676658, 27.8100196], [84.9676587, 27.8100433], [84.9676531, 27.8100622], [84.9676506, 27.8100703], [84.9676356, 27.8101206], [84.9676313, 27.8101644], [84.9676722, 27.8101987], [84.9677011, 27.8102005], [84.9677024, 27.8102006], [84.967767, 27.8101777], [84.9678154, 27.8101323], [84.9678359, 27.810113], [84.9678727, 27.8100736], [84.967874, 27.8100722], [84.9678802, 27.8100655], [84.9679051, 27.8100388], [84.9679082, 27.8100355], [84.9679101, 27.8100335], [84.9679113, 27.8100322], [84.9679372, 27.8100044], [84.9680513, 27.8098843], [84.9681375, 27.809831], [84.9682021, 27.8098139], [84.968243, 27.8098386], [84.9682603, 27.8099224], [84.9681892, 27.810031], [84.9679716, 27.8104121]]}, "properties": {"source": "emsr927", "obj_type": "211-Highways, Streets and Roads", "name": "Unknown", "dmg": 1.0, "dmg_label": "Destroyed", "kind": "road"}}, {"type": "Feature", "geometry": {"type": "LineString", "coordinates": [[84.9507586, 27.8121535], [84.9507146, 27.8119792], [84.9505894, 27.8117276], [84.9505629, 27.8115699], [84.9504621, 27.8112868]]}, "properties": {"source": "emsr927", "obj_type": "211-Highways, Streets and Roads", "name": "Unknown", "dmg": 1.0, "dmg_label": "Destroyed", "kind": "road"}}, {"type": "Feature", "geometry": {"type": "LineString", "coordinates": [[84.9477815, 27.811739], [84.9478309, 27.8117543]]}, "properties": {"source": "emsr927", "obj_type": "211-Highways, Streets and Roads", "name": "Prithvi Rajmarg", "dmg": 1.0, "dmg_label": "Destroyed", "kind": "road"}}, {"type": "Feature", "geometry": {"type": "MultiLineString", "coordinates": [[[84.9449269, 27.8131664], [84.9451044, 27.8125419]], [[84.9453023, 27.8118453], [84.9454799, 27.81122]]]}, "properties": {"source": "emsr927", "obj_type": "214-Bridges, Elevated Highways, Tunnels and Subways", "name": "Unknown", "dmg": 0.66, "dmg_label": "Damaged", "kind": "bridge"}}, {"type": "Feature", "geometry": {"type": "LineString", "coordinates": [[84.9432497, 27.8117513], [84.9433037, 27.8118789], [84.9435459, 27.8128399], [84.9437068, 27.8132053], [84.9439053, 27.813452], [84.9438902, 27.8135628]]}, "properties": {"source": "emsr927", "obj_type": "211-Highways, Streets and Roads", "name": "Unknown", "dmg": 1.0, "dmg_label": "Destroyed", "kind": "road"}}, {"type": "Feature", "geometry": {"type": "MultiLineString", "coordinates": [[[84.9509589, 27.8134373], [84.9509526, 27.8134071]], [[84.9508268, 27.8124242], [84.9507586, 27.8121535]]]}, "properties": {"source": "emsr927", "obj_type": "211-Highways, Streets and Roads", "name": "Unknown", "dmg": 1.0, "dmg_label": "Destroyed", "kind": "road"}}, {"type": "Feature", "geometry": {"type": "MultiLineString", "coordinates": [[[84.94471, 27.8139299], [84.9449269, 27.8131664]], [[84.9451044, 27.8125419], [84.9453023, 27.8118453]]]}, "properties": {"source": "emsr927", "obj_type": "214-Bridges, Elevated Highways, Tunnels and Subways", "name": "Unknown", "dmg": 0.66, "dmg_label": "Damaged", "kind": "bridge"}}, {"type": "Feature", "geometry": {"type": "MultiLineString", "coordinates": [[[84.9509526, 27.8134071], [84.9509397, 27.8133446]], [[84.9509069, 27.8131866], [84.950873, 27.8130236]], [[84.9508475, 27.8129005], [84.950841, 27.8128693]], [[84.9508373, 27.8127211], [84.9508417, 27.8126888], [84.950836, 27.8124607], [84.9508268, 27.8124242]]]}, "properties": {"source": "emsr927", "obj_type": "211-Highways, Streets and Roads", "name": "Unknown", "dmg": 1.0, "dmg_label": "Destroyed", "kind": "road"}}, {"type": "Feature", "geometry": {"type": "LineString", "coordinates": [[84.9490897, 27.8125244], [84.9486989, 27.8128935], [84.9482313, 27.8132725], [84.9480963, 27.8134784]]}, "properties": {"source": "emsr927", "obj_type": "211-Highways, Streets and Roads", "name": "Unknown", "dmg": 1.0, "dmg_label": "Destroyed", "kind": "road"}}, {"type": "Feature", "geometry": {"type": "MultiLineString", "coordinates": [[[84.9509397, 27.8133446], [84.9509069, 27.8131866]], [[84.950873, 27.8130236], [84.9508475, 27.8129005]], [[84.950841, 27.8128693], [84.9508265, 27.8127995], [84.9508373, 27.8127211]]]}, "properties": {"source": "emsr927", "obj_type": "211-Highways, Streets and Roads", "name": "Unknown", "dmg": 1.0, "dmg_label": "Destroyed", "kind": "road"}}, {"type": "Feature", "geometry": {"type": "LineString", "coordinates": [[84.9494373, 27.8128632], [84.949233, 27.8130873], [84.9489709, 27.8134213], [84.9488907, 27.8135251], [84.9488104, 27.8135961], [84.9486977, 27.8135937], [84.9485092, 27.8135027]]}, "properties": {"source": "emsr927", "obj_type": "211-Highways, Streets and Roads", "name": "Unknown", "dmg": 1.0, "dmg_label": "Destroyed", "kind": "road"}}, {"type": "Feature", "geometry": {"type": "LineString", "coordinates": [[84.9509244, 27.8134408], [84.9515667, 27.8133763]]}, "properties": {"source": "emsr927", "obj_type": "211-Highways, Streets and Roads", "name": "Belkhu Khola Bridge", "dmg": 0.66, "dmg_label": "Damaged", "kind": "road"}}, {"type": "Feature", "geometry": {"type": "MultiLineString", "coordinates": [[[84.9497906, 27.8134643], [84.94973, 27.813513], [84.9497294, 27.8135147]], [[84.9499606, 27.8133464], [84.949941, 27.8133596]]]}, "properties": {"source": "emsr927", "obj_type": "211-Highways, Streets and Roads", "name": "Unknown", "dmg": 0.33, "dmg_label": "Possibly damaged", "kind": "road"}}, {"type": "Feature", "geometry": {"type": "MultiLineString", "coordinates": [[[84.9524591, 27.8137658], [84.9524681, 27.8137737]], [[84.9524561, 27.8137631], [84.9524562, 27.8137632]], [[84.9524218, 27.8137329], [84.9524262, 27.8137368]], [[84.9522464, 27.8135784], [84.9522562, 27.813587]], [[84.9522218, 27.8135567], [84.952225, 27.8135594]], [[84.9515667, 27.8133763], [84.9516269, 27.813373]]]}, "properties": {"source": "emsr927", "obj_type": "211-Highways, Streets and Roads", "name": "Prithvi Rajmarg", "dmg": 0.66, "dmg_label": "Damaged", "kind": "road"}}, {"type": "Feature", "geometry": {"type": "LineString", "coordinates": [[84.9493282, 27.8138495], [84.9493964, 27.8137074], [84.9494471, 27.813614]]}, "properties": {"source": "emsr927", "obj_type": "211-Highways, Streets and Roads", "name": "Unknown", "dmg": 1.0, "dmg_label": "Destroyed", "kind": "road"}}, {"type": "Feature", "geometry": {"type": "LineString", "coordinates": [[84.9438902, 27.8135628], [84.9438677, 27.8137272], [84.943696, 27.814019]]}, "properties": {"source": "emsr927", "obj_type": "211-Highways, Streets and Roads", "name": "Unknown", "dmg": 1.0, "dmg_label": "Destroyed", "kind": "road"}}, {"type": "Feature", "geometry": {"type": "LineString", "coordinates": [[84.9498768, 27.8134029], [84.9500489, 27.8135251], [84.9502171, 27.8136567], [84.9503736, 27.8137553], [84.9505399, 27.8137899], [84.9506749, 27.8137864], [84.9507454, 27.8137951], [84.9507904, 27.8138955], [84.9507649, 27.8140079], [84.9507141, 27.8141325], [84.9506456, 27.8142433], [84.9506554, 27.8143281], [84.950718, 27.8143557], [84.9507319, 27.8143519]]}, "properties": {"source": "emsr927", "obj_type": "211-Highways, Streets and Roads", "name": "Unknown", "dmg": 1.0, "dmg_label": "Destroyed", "kind": "road"}}, {"type": "Feature", "geometry": {"type": "LineString", "coordinates": [[84.9446849, 27.814026], [84.94471, 27.8139299]]}, "properties": {"source": "emsr927", "obj_type": "211-Highways, Streets and Roads", "name": "Unknown", "dmg": 0.33, "dmg_label": "Possibly damaged", "kind": "road"}}, {"type": "Feature", "geometry": {"type": "MultiLineString", "coordinates": [[[84.9497294, 27.8135147], [84.9497104, 27.8135684], [84.9497358, 27.8137224], [84.9496302, 27.8139024], [84.9494952, 27.8141412], [84.949145, 27.8146067]], [[84.949941, 27.8133596], [84.9498768, 27.8134029], [84.9498161, 27.8134438], [84.9497906, 27.8134643]]]}, "properties": {"source": "emsr927", "obj_type": "211-Highways, Streets and Roads", "name": "Unknown", "dmg": 1.0, "dmg_label": "Destroyed", "kind": "road"}}, {"type": "Feature", "geometry": {"type": "MultiLineString", "coordinates": [[[84.9659038, 27.8122354], [84.9656128, 27.8120942], [84.9647174, 27.8116626]], [[84.9647167, 27.8116623], [84.9647143, 27.8116611]], [[84.9646781, 27.8116437], [84.9646646, 27.8116371]], [[84.96466, 27.8116349], [84.9646588, 27.8116343]]]}, "properties": {"source": "emsr927", "obj_type": "214-Bridges, Elevated Highways, Tunnels and Subways", "name": "Unknown", "dmg": 0.33, "dmg_label": "Possibly damaged", "kind": "bridge"}}, {"type": "Feature", "geometry": {"type": "MultiLineString", "coordinates": [[[84.9622584, 27.8171424], [84.9622672, 27.8171557]], [[84.9622435, 27.8171202], [84.9622445, 27.8171216]], [[84.961453, 27.8159349], [84.9622427, 27.8171189]]]}, "properties": {"source": "emsr927", "obj_type": "214-Bridges, Elevated Highways, Tunnels and Subways", "name": "Keurintar Hanging Bridge", "dmg": 1.0, "dmg_label": "Destroyed", "kind": "bridge"}}, {"type": "Feature", "geometry": {"type": "LineString", "coordinates": [[84.9507319, 27.8143519], [84.9508588, 27.8143177], [84.9509606, 27.8142156], [84.9510545, 27.8141273], [84.9511367, 27.8141048], [84.9512462, 27.8141048], [84.9513186, 27.8141308]]}, "properties": {"source": "emsr927", "obj_type": "211-Highways, Streets and Roads", "name": "Unknown", "dmg": 1.0, "dmg_label": "Destroyed", "kind": "road"}}, {"type": "Feature", "geometry": {"type": "LineString", "coordinates": [[84.9445787, 27.8144327], [84.9446849, 27.814026]]}, "properties": {"source": "emsr927", "obj_type": "211-Highways, Streets and Roads", "name": "Unknown", "dmg": 0.33, "dmg_label": "Possibly damaged", "kind": "road"}}, {"type": "Feature", "geometry": {"type": "LineString", "coordinates": [[84.9545955, 27.8172359], [84.9554096, 27.8160405]]}, "properties": {"source": "emsr927", "obj_type": "214-Bridges, Elevated Highways, Tunnels and Subways", "name": "Unknown", "dmg": 0.33, "dmg_label": "Possibly damaged", "kind": "bridge"}}, {"type": "Feature", "geometry": {"type": "LineString", "coordinates": [[84.957744, 27.8170983], [84.957785, 27.8170719]]}, "properties": {"source": "emsr927", "obj_type": "211-Highways, Streets and Roads", "name": "Unknown", "dmg": 1.0, "dmg_label": "Destroyed", "kind": "road"}}, {"type": "Feature", "geometry": {"type": "LineString", "coordinates": [[84.9584464, 27.8171546], [84.9583334, 27.8171497]]}, "properties": {"source": "emsr927", "obj_type": "211-Highways, Streets and Roads", "name": "Unknown", "dmg": 1.0, "dmg_label": "Destroyed", "kind": "road"}}, {"type": "Feature", "geometry": {"type": "MultiLineString", "coordinates": [[[84.9573551, 27.8189766], [84.9573702, 27.8189799]], [[84.9615916, 27.8175428], [84.9616065, 27.8175413], [84.9616125, 27.8175416]]]}, "properties": {"source": "emsr927", "obj_type": "211-Highways, Streets and Roads", "name": "Unknown", "dmg": 1.0, "dmg_label": "Destroyed", "kind": "road"}}, {"type": "Feature", "geometry": {"type": "LineString", "coordinates": [[85.0021246, 27.8009355], [85.0019789, 27.8008675]]}, "properties": {"source": "emsr927", "obj_type": "211-Highways, Streets and Roads", "name": "Unknown", "dmg": 1.0, "dmg_label": "Destroyed", "kind": "road"}}, {"type": "Feature", "geometry": {"type": "LineString", "coordinates": [[85.0034278, 27.8015913], [85.0031271, 27.8013822], [85.0026817, 27.8011654], [85.0022656, 27.8010013], [85.0021246, 27.8009355]]}, "properties": {"source": "emsr927", "obj_type": "211-Highways, Streets and Roads", "name": "Unknown", "dmg": 1.0, "dmg_label": "Destroyed", "kind": "road"}}, {"type": "Feature", "geometry": {"type": "MultiLineString", "coordinates": [[[85.0026141, 27.8029341], [85.0026993, 27.8028062], [85.0034257, 27.8018395]], [[85.0034295, 27.8018345], [85.0034318, 27.8018315]]]}, "properties": {"source": "emsr927", "obj_type": "214-Bridges, Elevated Highways, Tunnels and Subways", "name": "Unknown", "dmg": 0.33, "dmg_label": "Possibly damaged", "kind": "bridge"}}, {"type": "Feature", "geometry": {"type": "LineString", "coordinates": [[84.9904896, 27.8036202], [84.9909424, 27.8037262]]}, "properties": {"source": "emsr927", "obj_type": "214-Bridges, Elevated Highways, Tunnels and Subways", "name": "Unknown", "dmg": 1.0, "dmg_label": "Destroyed", "kind": "bridge"}}, {"type": "Feature", "geometry": {"type": "LineString", "coordinates": [[84.9897194, 27.803757], [84.9897486, 27.8037744]]}, "properties": {"source": "emsr927", "obj_type": "211-Highways, Streets and Roads", "name": "Unknown", "dmg": 1.0, "dmg_label": "Destroyed", "kind": "road"}}, {"type": "Feature", "geometry": {"type": "LineString", "coordinates": [[84.9897486, 27.8037744], [84.989769, 27.8037866]]}, "properties": {"source": "emsr927", "obj_type": "211-Highways, Streets and Roads", "name": "Unknown", "dmg": 1.0, "dmg_label": "Destroyed", "kind": "road"}}, {"type": "Feature", "geometry": {"type": "MultiLineString", "coordinates": [[[84.9910458, 27.8046565], [84.9905227, 27.8043001]], [[84.9903383, 27.8041745], [84.989769, 27.8037866]]]}, "properties": {"source": "emsr927", "obj_type": "214-Bridges, Elevated Highways, Tunnels and Subways", "name": "Unknown", "dmg": 1.0, "dmg_label": "Destroyed", "kind": "bridge"}}, {"type": "Feature", "geometry": {"type": "LineString", "coordinates": [[84.9905227, 27.8043001], [84.9903383, 27.8041745]]}, "properties": {"source": "emsr927", "obj_type": "214-Bridges, Elevated Highways, Tunnels and Subways", "name": "Unknown", "dmg": 1.0, "dmg_label": "Destroyed", "kind": "bridge"}}, {"type": "Feature", "geometry": {"type": "LineString", "coordinates": [[84.9889027, 27.804263], [84.9888369, 27.8043074], [84.9883594, 27.8045669]]}, "properties": {"source": "emsr927", "obj_type": "211-Highways, Streets and Roads", "name": "Unknown", "dmg": 1.0, "dmg_label": "Destroyed", "kind": "road"}}, {"type": "Feature", "geometry": {"type": "LineString", "coordinates": [[85.0130199, 27.8094603], [85.0133116, 27.8098501]]}, "properties": {"source": "emsr927", "obj_type": "214-Bridges, Elevated Highways, Tunnels and Subways", "name": "Unknown", "dmg": 1.0, "dmg_label": "Destroyed", "kind": "bridge"}}, {"type": "Feature", "geometry": {"type": "MultiLineString", "coordinates": [[[85.01358, 27.8102088], [85.0135889, 27.8102207]], [[85.0133116, 27.8098501], [85.0135329, 27.8101459]], [[85.0128279, 27.8092038], [85.0130199, 27.8094603]]]}, "properties": {"source": "emsr927", "obj_type": "214-Bridges, Elevated Highways, Tunnels and Subways", "name": "Unknown", "dmg": 1.0, "dmg_label": "Destroyed", "kind": "bridge"}}, {"type": "Feature", "geometry": {"type": "LineString", "coordinates": [[85.0161977, 27.8097536], [85.0165414, 27.8098184], [85.0172309, 27.8100013], [85.0172829, 27.8100065]]}, "properties": {"source": "emsr927", "obj_type": "211-Highways, Streets and Roads", "name": "Unknown", "dmg": 1.0, "dmg_label": "Destroyed", "kind": "road"}}, {"type": "Feature", "geometry": {"type": "MultiLineString", "coordinates": [[[85.0161363, 27.8101169], [85.0161376, 27.8101095]], [[85.0161408, 27.8100906], [85.0161977, 27.8097536]]]}, "properties": {"source": "emsr927", "obj_type": "214-Bridges, Elevated Highways, Tunnels and Subways", "name": "Unknown", "dmg": 1.0, "dmg_label": "Destroyed", "kind": "bridge"}}, {"type": "Feature", "geometry": {"type": "MultiLineString", "coordinates": [[[85.0134111, 27.8114752], [85.0134729, 27.8114079], [85.0135379, 27.8112829]], [[85.0137234, 27.8109261], [85.013725, 27.810923], [85.0139389, 27.8104877]]]}, "properties": {"source": "emsr927", "obj_type": "211-Highways, Streets and Roads", "name": "Unknown", "dmg": 0.66, "dmg_label": "Damaged", "kind": "road"}}, {"type": "Feature", "geometry": {"type": "MultiLineString", "coordinates": [[[85.0131048, 27.81152], [85.0131189, 27.811574], [85.0131511, 27.8116167], [85.0132047, 27.8116136]], [[85.0130656, 27.8111681], [85.0130706, 27.8112448]], [[85.0130477, 27.8109698], [85.0130546, 27.8110323]], [[85.0130277, 27.8107368], [85.0130344, 27.8108483], [85.0130433, 27.8109293]]]}, "properties": {"source": "emsr927", "obj_type": "211-Highways, Streets and Roads", "name": "Unknown", "dmg": 0.66, "dmg_label": "Damaged", "kind": "road"}}, {"type": "Feature", "geometry": {"type": "MultiLineString", "coordinates": [[[85.0132047, 27.8116136], [85.0132315, 27.811612], [85.0133512, 27.8115405], [85.0134111, 27.8114752]], [[85.0130706, 27.8112448], [85.013083, 27.8114362], [85.0131048, 27.81152]], [[85.0135379, 27.8112829], [85.0137234, 27.8109261]], [[85.0130546, 27.8110323], [85.0130599, 27.8110808], [85.0130656, 27.8111681]], [[85.0130433, 27.8109293], [85.0130477, 27.8109698]]]}, "properties": {"source": "emsr927", "obj_type": "211-Highways, Streets and Roads", "name": "Unknown", "dmg": 0.66, "dmg_label": "Damaged", "kind": "road"}}, {"type": "Feature", "geometry": {"type": "LineString", "coordinates": [[85.0203649, 27.826936], [85.0202768, 27.8268257], [85.0201406, 27.8267646], [85.0199393, 27.8268329], [85.0197218, 27.8269587], [85.0196904, 27.8271752]]}, "properties": {"source": "emsr927", "obj_type": "211-Highways, Streets and Roads", "name": "Unknown", "dmg": 1.0, "dmg_label": "Destroyed", "kind": "road"}}, {"type": "Feature", "geometry": {"type": "LineString", "coordinates": [[85.0196904, 27.8271752], [85.0196812, 27.8272391], [85.0196974, 27.8272499]]}, "properties": {"source": "emsr927", "obj_type": "211-Highways, Streets and Roads", "name": "Unknown", "dmg": 1.0, "dmg_label": "Destroyed", "kind": "road"}}, {"type": "Feature", "geometry": {"type": "LineString", "coordinates": [[85.0209746, 27.8274921], [85.0209435, 27.8274423], [85.0206731, 27.8272032], [85.0204089, 27.8269911], [85.0203649, 27.826936]]}, "properties": {"source": "emsr927", "obj_type": "211-Highways, Streets and Roads", "name": "Unknown", "dmg": 1.0, "dmg_label": "Destroyed", "kind": "road"}}, {"type": "Feature", "geometry": {"type": "LineString", "coordinates": [[85.021338, 27.8266798], [85.021224, 27.8267574], [85.0212017, 27.8270396], [85.0212362, 27.827187], [85.0213297, 27.8275124], [85.0213378, 27.8277173], [85.0213439, 27.8277802], [85.0213053, 27.827836], [85.0211366, 27.8277515], [85.0209746, 27.8274921]]}, "properties": {"source": "emsr927", "obj_type": "211-Highways, Streets and Roads", "name": "Unknown", "dmg": 0.33, "dmg_label": "Possibly damaged", "kind": "road"}}, {"type": "Feature", "geometry": {"type": "MultiLineString", "coordinates": [[[85.0205241, 27.8320916], [85.0204964, 27.8321069]], [[85.0223807, 27.8311416], [85.0216698, 27.8314623], [85.0205346, 27.8320859]], [[85.0223838, 27.8311402], [85.0223832, 27.8311404]]]}, "properties": {"source": "emsr927", "obj_type": "214-Bridges, Elevated Highways, Tunnels and Subways", "name": "Suspension Bridge", "dmg": 1.0, "dmg_label": "Destroyed", "kind": "bridge"}}, {"type": "Feature", "geometry": {"type": "LineString", "coordinates": [[85.0185232, 27.8222699], [85.0165367, 27.8224366], [85.0156042, 27.8225296], [85.0153275, 27.8225647]]}, "properties": {"source": "emsr927", "obj_type": "214-Bridges, Elevated Highways, Tunnels and Subways", "name": "Unknown", "dmg": 0.33, "dmg_label": "Possibly damaged", "kind": "bridge"}}, {"type": "Feature", "geometry": {"type": "LineString", "coordinates": [[85.0210584, 27.8330239], [85.0211096, 27.8330166], [85.0216031, 27.832816], [85.022832, 27.8323166], [85.0229663, 27.8323074]]}, "properties": {"source": "emsr927", "obj_type": "214-Bridges, Elevated Highways, Tunnels and Subways", "name": "Unknown", "dmg": 1.0, "dmg_label": "Destroyed", "kind": "bridge"}}, {"type": "Feature", "geometry": {"type": "LineString", "coordinates": [[85.0221276, 27.8341677], [85.0220776, 27.8339269], [85.0220422, 27.8338079], [85.0220351, 27.8336202], [85.0221342, 27.8334324], [85.0221838, 27.8333009], [85.0220068, 27.8329191], [85.0219785, 27.8327939], [85.0218298, 27.8328002], [85.0216741, 27.8328753], [85.0216031, 27.832816], [85.0215467, 27.8327689], [85.0214759, 27.8326312], [85.0214547, 27.8324434], [85.0214264, 27.832337], [85.0214051, 27.8321805]]}, "properties": {"source": "emsr927", "obj_type": "211-Highways, Streets and Roads", "name": "Unknown", "dmg": 1.0, "dmg_label": "Destroyed", "kind": "road"}}, {"type": "Feature", "geometry": {"type": "LineString", "coordinates": [[85.0237881, 27.8340548], [85.0237616, 27.8339787], [85.0237669, 27.8339076], [85.0237562, 27.8338554], [85.0237079, 27.8338459], [85.0236999, 27.8339787], [85.0236784, 27.8341376], [85.0236838, 27.8343132], [85.0236543, 27.8343487], [85.0236194, 27.8343274], [85.0236114, 27.8342017], [85.023606, 27.8340617], [85.0236033, 27.8340048]]}, "properties": {"source": "emsr927", "obj_type": "211-Highways, Streets and Roads", "name": "Unknown", "dmg": 1.0, "dmg_label": "Destroyed", "kind": "road"}}, {"type": "Feature", "geometry": {"type": "MultiLineString", "coordinates": [[[85.0215036, 27.8363256], [85.0214151, 27.8364352]], [[85.0221276, 27.8341677], [85.0221211, 27.8342008], [85.0220843, 27.834389], [85.0220389, 27.8346206], [85.0220223, 27.8346981], [85.0220168, 27.8347239], [85.0219445, 27.8350608], [85.0218186, 27.8354985], [85.02177, 27.8357996], [85.0217115, 27.8359352], [85.0216641, 27.836045], [85.0215579, 27.8362457]]]}, "properties": {"source": "emsr927", "obj_type": "211-Highways, Streets and Roads", "name": "Unknown", "dmg": 1.0, "dmg_label": "Destroyed", "kind": "road"}}, {"type": "Feature", "geometry": {"type": "LineString", "coordinates": [[85.0236655, 27.8351779], [85.0233807, 27.8352666], [85.0217115, 27.8359352], [85.0213588, 27.8360765]]}, "properties": {"source": "emsr927", "obj_type": "214-Bridges, Elevated Highways, Tunnels and Subways", "name": "Suspension Bridge", "dmg": 0.66, "dmg_label": "Damaged", "kind": "bridge"}}, {"type": "Feature", "geometry": {"type": "LineString", "coordinates": [[85.0215579, 27.8362457], [85.0215382, 27.8362828], [85.0215036, 27.8363256]]}, "properties": {"source": "emsr927", "obj_type": "211-Highways, Streets and Roads", "name": "Unknown", "dmg": 1.0, "dmg_label": "Destroyed", "kind": "road"}}, {"type": "Feature", "geometry": {"type": "LineString", "coordinates": [[85.0236898, 27.8365063], [85.023691, 27.8365042], [85.0237487, 27.836379]]}, "properties": {"source": "emsr927", "obj_type": "211-Highways, Streets and Roads", "name": "Unknown", "dmg": 1.0, "dmg_label": "Destroyed", "kind": "road"}}, {"type": "Feature", "geometry": {"type": "LineString", "coordinates": [[85.0231938, 27.8370889], [85.0233084, 27.8369602], [85.0234201, 27.8368581], [85.0235136, 27.8367849], [85.0236258, 27.8366174], [85.0236898, 27.8365063]]}, "properties": {"source": "emsr927", "obj_type": "211-Highways, Streets and Roads", "name": "Unknown", "dmg": 1.0, "dmg_label": "Destroyed", "kind": "road"}}, {"type": "Feature", "geometry": {"type": "LineString", "coordinates": [[85.0214151, 27.8364352], [85.0213665, 27.8364954], [85.0212178, 27.8367129], [85.0210718, 27.8369128], [85.0208744, 27.8372291]]}, "properties": {"source": "emsr927", "obj_type": "211-Highways, Streets and Roads", "name": "Unknown", "dmg": 0.33, "dmg_label": "Possibly damaged", "kind": "road"}}, {"type": "Feature", "geometry": {"type": "LineString", "coordinates": [[85.0224783, 27.8383921], [85.0226244, 27.8381936], [85.0227022, 27.8380418], [85.0227612, 27.8378829], [85.02289, 27.837667], [85.0230294, 27.8373445], [85.0231394, 27.83715], [85.0231938, 27.8370889]]}, "properties": {"source": "emsr927", "obj_type": "211-Highways, Streets and Roads", "name": "Unknown", "dmg": 1.0, "dmg_label": "Destroyed", "kind": "road"}}, {"type": "Feature", "geometry": {"type": "LineString", "coordinates": [[85.0220359, 27.8395207], [85.0220221, 27.8393941], [85.0220449, 27.8393359], [85.0221133, 27.8392506], [85.0221884, 27.8391711], [85.0222192, 27.839094], [85.0222729, 27.8390229], [85.0223681, 27.8389565], [85.0224647, 27.8389363], [85.0225384, 27.8389636]]}, "properties": {"source": "emsr927", "obj_type": "211-Highways, Streets and Roads", "name": "Unknown", "dmg": 1.0, "dmg_label": "Destroyed", "kind": "road"}}, {"type": "Feature", "geometry": {"type": "LineString", "coordinates": [[85.021277, 27.8403612], [85.0213338, 27.8402239], [85.0213743, 27.8400539], [85.021376, 27.8399332], [85.0213911, 27.8398825], [85.0214434, 27.8398214], [85.0215327, 27.8397663], [85.0215782, 27.839726], [85.0216338, 27.8396158], [85.0217046, 27.8394965], [85.0217687, 27.8394235], [85.021826, 27.8393683], [85.0218833, 27.8393296], [85.0219002, 27.839261], [85.0219406, 27.8391612], [85.0219625, 27.8390956], [85.0219811, 27.8390226], [85.0220552, 27.8388184], [85.0221311, 27.8386917], [85.0222288, 27.8385784], [85.0223687, 27.838477], [85.0224783, 27.8383921], [85.0226536, 27.8383161], [85.0228626, 27.8383056]]}, "properties": {"source": "emsr927", "obj_type": "211-Highways, Streets and Roads", "name": "Unknown", "dmg": 1.0, "dmg_label": "Destroyed", "kind": "road"}}, {"type": "Feature", "geometry": {"type": "LineString", "coordinates": [[85.0218833, 27.8393296], [85.0219062, 27.8393992], [85.0219665, 27.8394668], [85.0220359, 27.8395207], [85.0220443, 27.8395273], [85.0221382, 27.8396174], [85.0222213, 27.8397455], [85.0222911, 27.8398345], [85.0223085, 27.8400088], [85.0223528, 27.8401226], [85.0224346, 27.8402211]]}, "properties": {"source": "emsr927", "obj_type": "211-Highways, Streets and Roads", "name": "Unknown", "dmg": 1.0, "dmg_label": "Destroyed", "kind": "road"}}, {"type": "Feature", "geometry": {"type": "LineString", "coordinates": [[85.0229723, 27.8401228], [85.0229916, 27.8401996], [85.0229595, 27.8402678], [85.022892, 27.840363], [85.0228245, 27.8404398], [85.0227666, 27.8404838]]}, "properties": {"source": "emsr927", "obj_type": "211-Highways, Streets and Roads", "name": "Unknown", "dmg": 1.0, "dmg_label": "Destroyed", "kind": "road"}}, {"type": "Feature", "geometry": {"type": "LineString", "coordinates": [[85.022213, 27.8407834], [85.0224531, 27.8408318], [85.0225872, 27.8409125], [85.0227105, 27.8409741], [85.0227856, 27.8409362], [85.0228339, 27.8408603], [85.0228608, 27.8407417], [85.0228768, 27.8406658], [85.022791, 27.8406231]]}, "properties": {"source": "emsr927", "obj_type": "211-Highways, Streets and Roads", "name": "Unknown", "dmg": 1.0, "dmg_label": "Destroyed", "kind": "road"}}, {"type": "Feature", "geometry": {"type": "LineString", "coordinates": [[85.021277, 27.8403612], [85.0212638, 27.8404008], [85.0212731, 27.8404707], [85.0213053, 27.8405703], [85.0213268, 27.8406711], [85.0213174, 27.8407435], [85.0212731, 27.8408443], [85.02119, 27.840964], [85.0211283, 27.8410399], [85.0210921, 27.8411384], [85.0210773, 27.8412498], [85.0210975, 27.8413981]]}, "properties": {"source": "emsr927", "obj_type": "211-Highways, Streets and Roads", "name": "Unknown", "dmg": 1.0, "dmg_label": "Destroyed", "kind": "road"}}, {"type": "Feature", "geometry": {"type": "LineString", "coordinates": [[85.0228141, 27.84119], [85.0229294, 27.8409706], [85.0229723, 27.8408769], [85.0229857, 27.8407275], [85.0229763, 27.8406516], [85.02292, 27.8406397], [85.0228768, 27.8406658]]}, "properties": {"source": "emsr927", "obj_type": "211-Highways, Streets and Roads", "name": "Unknown", "dmg": 1.0, "dmg_label": "Destroyed", "kind": "road"}}, {"type": "Feature", "geometry": {"type": "LineString", "coordinates": [[85.0224412, 27.8414293], [85.022378, 27.8413346], [85.0222814, 27.8411401], [85.0222063, 27.8409552], [85.0221902, 27.8408555], [85.022213, 27.8407834], [85.0222277, 27.840737], [85.0222709, 27.840581], [85.0222964, 27.8404411], [85.022276, 27.8403243], [85.0221956, 27.8402341], [85.0220775, 27.8402104], [85.0219649, 27.8402484], [85.0218576, 27.8403006], [85.0216967, 27.84031], [85.0215572, 27.8403622], [85.021407, 27.8403575], [85.021277, 27.8403612], [85.0212407, 27.8403622], [85.0210208, 27.8404381], [85.0208223, 27.8405614], [85.0206935, 27.8407275], [85.0205809, 27.8409552], [85.0204629, 27.8411354], [85.0203341, 27.8413014], [85.0202697, 27.8414959], [85.0202644, 27.8416904], [85.0201138, 27.8418621]]}, "properties": {"source": "emsr927", "obj_type": "211-Highways, Streets and Roads", "name": "Unknown", "dmg": 1.0, "dmg_label": "Destroyed", "kind": "road"}}, {"type": "Feature", "geometry": {"type": "LineString", "coordinates": [[85.0208974, 27.8416904], [85.0207662, 27.8415566], [85.0207287, 27.8414784], [85.0207435, 27.8413942], [85.0207971, 27.8413159], [85.0209165, 27.8412436], [85.0210921, 27.8411384], [85.0211967, 27.8410432], [85.0213845, 27.840851], [85.0214609, 27.8408226], [85.0215883, 27.8407977]]}, "properties": {"source": "emsr927", "obj_type": "211-Highways, Streets and Roads", "name": "Unknown", "dmg": 1.0, "dmg_label": "Destroyed", "kind": "road"}}, {"type": "Feature", "geometry": {"type": "LineString", "coordinates": [[85.0203189, 27.8421668], [85.0206238, 27.8418564], [85.0208974, 27.8416904], [85.021099, 27.8416322], [85.0211602, 27.8416145], [85.0214016, 27.8416097], [85.0214659, 27.8416175]]}, "properties": {"source": "emsr927", "obj_type": "211-Highways, Streets and Roads", "name": "Unknown", "dmg": 1.0, "dmg_label": "Destroyed", "kind": "road"}}, {"type": "Feature", "geometry": {"type": "LineString", "coordinates": [[85.0201138, 27.8418621], [85.0199076, 27.842096], [85.019842, 27.8421719], [85.0196897, 27.842358]]}, "properties": {"source": "emsr927", "obj_type": "211-Highways, Streets and Roads", "name": "Unknown", "dmg": 1.0, "dmg_label": "Destroyed", "kind": "road"}}, {"type": "Feature", "geometry": {"type": "LineString", "coordinates": [[85.019842, 27.8421719], [85.0200552, 27.842179], [85.0203189, 27.8421668]]}, "properties": {"source": "emsr927", "obj_type": "211-Highways, Streets and Roads", "name": "Unknown", "dmg": 1.0, "dmg_label": "Destroyed", "kind": "road"}}, {"type": "Feature", "geometry": {"type": "LineString", "coordinates": [[85.0196897, 27.842358], [85.0196421, 27.8424161], [85.0196134, 27.8424958], [85.0196107, 27.8425717], [85.0196389, 27.8426268]]}, "properties": {"source": "emsr927", "obj_type": "211-Highways, Streets and Roads", "name": "Unknown", "dmg": 1.0, "dmg_label": "Destroyed", "kind": "road"}}, {"type": "Feature", "geometry": {"type": "LineString", "coordinates": [[85.0196389, 27.8426268], [85.019667, 27.842682], [85.0197676, 27.8429394], [85.0198414, 27.843039], [85.0199352, 27.8431113], [85.0200439, 27.8431919], [85.0200881, 27.8432702]]}, "properties": {"source": "emsr927", "obj_type": "211-Highways, Streets and Roads", "name": "Unknown", "dmg": 1.0, "dmg_label": "Destroyed", "kind": "road"}}, {"type": "Feature", "geometry": {"type": "LineString", "coordinates": [[85.021099, 27.8416322], [85.0209925, 27.8417742], [85.0209523, 27.8419213], [85.0208101, 27.8421039], [85.020735, 27.8422462], [85.0207189, 27.8424051], [85.0207418, 27.8425673], [85.0207955, 27.8426717], [85.0209108, 27.842795], [85.0210449, 27.8429539], [85.0211629, 27.8430986], [85.0212836, 27.843248], [85.0213909, 27.8433784], [85.0214928, 27.8434923], [85.0215813, 27.8436108], [85.0216618, 27.8437081], [85.0217772, 27.8438622], [85.0218496, 27.8439642], [85.0219247, 27.8440686], [85.0220118, 27.8441741], [85.022099, 27.8442951], [85.0221794, 27.8444062], [85.0222947, 27.8445272], [85.0224172, 27.8446271]]}, "properties": {"source": "emsr927", "obj_type": "211-Highways, Streets and Roads", "name": "Unknown", "dmg": 1.0, "dmg_label": "Destroyed", "kind": "road"}}, {"type": "Feature", "geometry": {"type": "LineString", "coordinates": [[85.0224172, 27.8446271], [85.0225375, 27.8447252], [85.0226944, 27.8448426], [85.0228875, 27.8449695], [85.0230645, 27.8450477]]}, "properties": {"source": "emsr927", "obj_type": "211-Highways, Streets and Roads", "name": "Unknown", "dmg": 1.0, "dmg_label": "Destroyed", "kind": "road"}}, {"type": "Feature", "geometry": {"type": "LineString", "coordinates": [[85.0196503, 27.844792], [85.0196637, 27.8448608], [85.0196074, 27.8449486], [85.0195457, 27.8450292], [85.0196556, 27.8452166], [85.019712, 27.845283], [85.0198595, 27.8453968], [85.0200204, 27.8455106], [85.0204066, 27.8457027], [85.0204801, 27.8457562]]}, "properties": {"source": "emsr927", "obj_type": "211-Highways, Streets and Roads", "name": "Unknown", "dmg": 1.0, "dmg_label": "Destroyed", "kind": "road"}}, {"type": "Feature", "geometry": {"type": "LineString", "coordinates": [[85.0204801, 27.8457562], [85.0204978, 27.8457691], [85.0206212, 27.8459043], [85.0207541, 27.8460315]]}, "properties": {"source": "emsr927", "obj_type": "211-Highways, Streets and Roads", "name": "Unknown", "dmg": 1.0, "dmg_label": "Destroyed", "kind": "road"}}, {"type": "Feature", "geometry": {"type": "LineString", "coordinates": [[85.0207541, 27.8460315], [85.0208492, 27.8461225], [85.0209726, 27.8462624], [85.0210209, 27.8463454], [85.0211308, 27.8464261], [85.0212891, 27.8464783], [85.0214688, 27.8465399], [85.0216055, 27.8465879]]}, "properties": {"source": "emsr927", "obj_type": "211-Highways, Streets and Roads", "name": "Unknown", "dmg": 1.0, "dmg_label": "Destroyed", "kind": "road"}}, {"type": "Feature", "geometry": {"type": "LineString", "coordinates": [[85.0216055, 27.8465879], [85.0216244, 27.8465945]]}, "properties": {"source": "emsr927", "obj_type": "211-Highways, Streets and Roads", "name": "Unknown", "dmg": 1.0, "dmg_label": "Destroyed", "kind": "road"}}, {"type": "Feature", "geometry": {"type": "LineString", "coordinates": [[85.0266817, 27.8482501], [85.0266988, 27.8481374], [85.0266908, 27.8480686], [85.0267203, 27.8480306], [85.0267525, 27.8480401], [85.0268356, 27.848116], [85.026951, 27.8481729], [85.0270958, 27.8482654], [85.0271426, 27.8482943], [85.0272728, 27.8483745], [85.0275169, 27.8485643], [85.0277261, 27.8487682], [85.0278924, 27.8489556]]}, "properties": {"source": "emsr927", "obj_type": "211-Highways, Streets and Roads", "name": "Unknown", "dmg": 1.0, "dmg_label": "Destroyed", "kind": "road"}}, {"type": "Feature", "geometry": {"type": "LineString", "coordinates": [[85.0268412, 27.8487416], [85.0269555, 27.8486001], [85.0270489, 27.8484872], [85.0270679, 27.8484118], [85.0270661, 27.8483978], [85.0270622, 27.8483676], [85.0270432, 27.8483322], [85.0269612, 27.8482834], [85.0268564, 27.8482227], [85.0267745, 27.8482177], [85.0266817, 27.8482501], [85.0265784, 27.8483928], [85.0264711, 27.8484782], [85.0263946, 27.8485387], [85.026341, 27.8486454], [85.0263182, 27.8487415], [85.026314, 27.8488052], [85.0262783, 27.8488892], [85.0262334, 27.8489509], [85.0262481, 27.849073], [85.0262508, 27.8491086], [85.0262414, 27.8491892], [85.0262401, 27.8493434], [85.026233, 27.8494313], [85.026229, 27.8494457]]}, "properties": {"source": "emsr927", "obj_type": "211-Highways, Streets and Roads", "name": "Unknown", "dmg": 0.66, "dmg_label": "Damaged", "kind": "road"}}, {"type": "Feature", "geometry": {"type": "LineString", "coordinates": [[85.0300353, 27.8494251], [85.0301039, 27.8492769], [85.0302138, 27.8490449], [85.0302486, 27.8488914], [85.0301386, 27.8487071], [85.0299514, 27.8485741]]}, "properties": {"source": "emsr927", "obj_type": "211-Highways, Streets and Roads", "name": "Unknown", "dmg": 1.0, "dmg_label": "Destroyed", "kind": "road"}}, {"type": "Feature", "geometry": {"type": "LineString", "coordinates": [[85.0296466, 27.8495699], [85.0296073, 27.8495142], [85.0295763, 27.849453], [85.0295696, 27.8494074]]}, "properties": {"source": "emsr927", "obj_type": "211-Highways, Streets and Roads", "name": "Unknown", "dmg": 1.0, "dmg_label": "Destroyed", "kind": "road"}}, {"type": "Feature", "geometry": {"type": "LineString", "coordinates": [[85.0439827, 27.8504414], [85.0439482, 27.8504576], [85.0438397, 27.8505366]]}, "properties": {"source": "emsr927", "obj_type": "211-Highways, Streets and Roads", "name": "Pasang Lhamu Highway", "dmg": 0.33, "dmg_label": "Possibly damaged", "kind": "road"}}, {"type": "Feature", "geometry": {"type": "LineString", "coordinates": [[85.0296839, 27.8496362], [85.0296466, 27.8495699]]}, "properties": {"source": "emsr927", "obj_type": "211-Highways, Streets and Roads", "name": "Unknown", "dmg": 1.0, "dmg_label": "Destroyed", "kind": "road"}}, {"type": "Feature", "geometry": {"type": "LineString", "coordinates": [[85.0319163, 27.8511721], [85.031735, 27.8510291], [85.0315151, 27.8508916], [85.0313353, 27.850792], [85.0312629, 27.8506995], [85.0312334, 27.8505619], [85.0312656, 27.8502014], [85.0312817, 27.8500615], [85.03122, 27.8498528], [85.0311959, 27.8496607], [85.0312495, 27.8494686]]}, "properties": {"source": "emsr927", "obj_type": "211-Highways, Streets and Roads", "name": "Unknown", "dmg": 0.66, "dmg_label": "Damaged", "kind": "road"}}, {"type": "Feature", "geometry": {"type": "LineString", "coordinates": [[85.0307417, 27.8508379], [85.0305798, 27.8506637], [85.0304549, 27.850402], [85.0303642, 27.8500919], [85.030342, 27.8499013]]}, "properties": {"source": "emsr927", "obj_type": "211-Highways, Streets and Roads", "name": "Unknown", "dmg": 0.66, "dmg_label": "Damaged", "kind": "road"}}, {"type": "Feature", "geometry": {"type": "LineString", "coordinates": [[85.0309417, 27.8508694], [85.0307794, 27.85085], [85.0307417, 27.8508379], [85.0306319, 27.8508026], [85.030361, 27.8506817], [85.0303007, 27.8505583], [85.0302913, 27.8503579], [85.0302349, 27.850039]]}, "properties": {"source": "emsr927", "obj_type": "211-Highways, Streets and Roads", "name": "Unknown", "dmg": 0.66, "dmg_label": "Damaged", "kind": "road"}}, {"type": "Feature", "geometry": {"type": "LineString", "coordinates": [[85.0314971, 27.8528045], [85.0313066, 27.8527571], [85.0312634, 27.8527362], [85.031135, 27.8526741], [85.0310223, 27.8525389], [85.0309821, 27.85238], [85.0308909, 27.8522306], [85.0306629, 27.8519958], [85.0304859, 27.8515547], [85.0303544, 27.8512346], [85.0302284, 27.850867], [85.0300088, 27.85036], [85.02981, 27.8500156], [85.0296839, 27.8496362], [85.0300353, 27.8494251], [85.0303384, 27.849437]]}, "properties": {"source": "emsr927", "obj_type": "211-Highways, Streets and Roads", "name": "Unknown", "dmg": 1.0, "dmg_label": "Destroyed", "kind": "road"}}, {"type": "Feature", "geometry": {"type": "LineString", "coordinates": [[85.0309417, 27.8508694], [85.0312345, 27.8509641], [85.0319163, 27.8511721], [85.0320331, 27.8512077], [85.032332, 27.8512738], [85.0325421, 27.8513646], [85.032743, 27.8515587]]}, "properties": {"source": "emsr927", "obj_type": "211-Highways, Streets and Roads", "name": "Unknown", "dmg": 0.66, "dmg_label": "Damaged", "kind": "road"}}, {"type": "Feature", "geometry": {"type": "LineString", "coordinates": [[85.0312634, 27.8527362], [85.0311137, 27.85258], [85.0309821, 27.85238]]}, "properties": {"source": "emsr927", "obj_type": "211-Highways, Streets and Roads", "name": "Unknown", "dmg": 1.0, "dmg_label": "Destroyed", "kind": "road"}}, {"type": "Feature", "geometry": {"type": "LineString", "coordinates": [[85.032743, 27.8515587], [85.0326712, 27.8517253], [85.0324354, 27.8519948], [85.0321833, 27.8522393], [85.0321101, 27.8522357], [85.0320305, 27.85214], [85.0320027, 27.8519739], [85.0319688, 27.8516579], [85.0319688, 27.8514318], [85.0320331, 27.8512077], [85.0320366, 27.8510477], [85.0320767, 27.8509932], [85.0322954, 27.850876], [85.0323478, 27.8508052], [85.0324516, 27.8506601]]}, "properties": {"source": "emsr927", "obj_type": "211-Highways, Streets and Roads", "name": "Unknown", "dmg": 0.66, "dmg_label": "Damaged", "kind": "road"}}, {"type": "Feature", "geometry": {"type": "LineString", "coordinates": [[85.032743, 27.8515587], [85.0329017, 27.8516041], [85.0332193, 27.8516454], [85.033375, 27.8516695]]}, "properties": {"source": "emsr927", "obj_type": "211-Highways, Streets and Roads", "name": "Unknown", "dmg": 0.33, "dmg_label": "Possibly damaged", "kind": "road"}}, {"type": "Feature", "geometry": {"type": "LineString", "coordinates": [[85.032669, 27.8526115], [85.0325434, 27.8525667], [85.0324264, 27.8525339], [85.0323317, 27.8525462], [85.0321593, 27.8526119]]}, "properties": {"source": "emsr927", "obj_type": "211-Highways, Streets and Roads", "name": "Unknown", "dmg": 1.0, "dmg_label": "Destroyed", "kind": "road"}}, {"type": "Feature", "geometry": {"type": "LineString", "coordinates": [[85.0321101, 27.8522357], [85.0321523, 27.852336], [85.0321563, 27.8525774], [85.0321593, 27.8526119], [85.0321766, 27.8528081], [85.032182, 27.8528624], [85.0321739, 27.8529551], [85.0321435, 27.8530256], [85.032118, 27.8530513], [85.0320801, 27.8530828], [85.0320438, 27.8530959], [85.0319897, 27.8531184]]}, "properties": {"source": "emsr927", "obj_type": "211-Highways, Streets and Roads", "name": "Unknown", "dmg": 1.0, "dmg_label": "Destroyed", "kind": "road"}}, {"type": "Feature", "geometry": {"type": "LineString", "coordinates": [[85.0763911, 27.8519057], [85.0763114, 27.8519608], [85.0761073, 27.8519818], [85.0758157, 27.8520029], [85.0757176, 27.8520193], [85.0756434, 27.8520686], [85.0755347, 27.8521951], [85.0752988, 27.8525068], [85.0753306, 27.8525795], [85.0756832, 27.8527529]]}, "properties": {"source": "emsr927", "obj_type": "211-Highways, Streets and Roads", "name": "Unknown", "dmg": 1.0, "dmg_label": "Destroyed", "kind": "road"}}, {"type": "Feature", "geometry": {"type": "LineString", "coordinates": [[85.0806118, 27.8545861], [85.0805068, 27.8546789], [85.0803874, 27.8547334], [85.0802439, 27.8547655], [85.0800844, 27.8547251], [85.0792274, 27.8540801], [85.078184, 27.8529975], [85.0776891, 27.8525185], [85.0773123, 27.8522398], [85.0771918, 27.8521659]]}, "properties": {"source": "emsr927", "obj_type": "211-Highways, Streets and Roads", "name": "Pasang Lhamu Highway", "dmg": 1.0, "dmg_label": "Destroyed", "kind": "road"}}, {"type": "Feature", "geometry": {"type": "LineString", "coordinates": [[85.0792274, 27.8540801], [85.0787197, 27.8534708]]}, "properties": {"source": "emsr927", "obj_type": "211-Highways, Streets and Roads", "name": "Unknown", "dmg": 1.0, "dmg_label": "Destroyed", "kind": "road"}}, {"type": "Feature", "geometry": {"type": "LineString", "coordinates": [[85.0857914, 27.8540183], [85.0855888, 27.8540735], [85.0854738, 27.8541251]]}, "properties": {"source": "emsr927", "obj_type": "211-Highways, Streets and Roads", "name": "Pasang Lhamu Highway", "dmg": 1.0, "dmg_label": "Destroyed", "kind": "road"}}, {"type": "Feature", "geometry": {"type": "LineString", "coordinates": [[85.0712522, 27.8532428], [85.0723384, 27.8549105]]}, "properties": {"source": "emsr927", "obj_type": "214-Bridges, Elevated Highways, Tunnels and Subways", "name": "Unknown", "dmg": 1.0, "dmg_label": "Destroyed", "kind": "bridge"}}, {"type": "Feature", "geometry": {"type": "LineString", "coordinates": [[85.075113, 27.8546494], [85.0751345, 27.8545987], [85.0750852, 27.8545505], [85.075028, 27.8544457], [85.074918, 27.8543675], [85.0747953, 27.854344], [85.0743547, 27.8542733], [85.0738278, 27.854266], [85.0734651, 27.8542497], [85.0733232, 27.8542449], [85.0731676, 27.8541193], [85.0731539, 27.8540041], [85.0731269, 27.8537457]]}, "properties": {"source": "emsr927", "obj_type": "211-Highways, Streets and Roads", "name": "Unknown", "dmg": 1.0, "dmg_label": "Destroyed", "kind": "road"}}, {"type": "Feature", "geometry": {"type": "LineString", "coordinates": [[85.0812811, 27.8545515], [85.0812863, 27.85439], [85.0814028, 27.8540374], [85.081438, 27.8539696]]}, "properties": {"source": "emsr927", "obj_type": "211-Highways, Streets and Roads", "name": "Unknown", "dmg": 1.0, "dmg_label": "Destroyed", "kind": "road"}}, {"type": "Feature", "geometry": {"type": "LineString", "coordinates": [[85.0812811, 27.8545515], [85.0809702, 27.8544323]]}, "properties": {"source": "emsr927", "obj_type": "211-Highways, Streets and Roads", "name": "Pasang Lhamu Highway", "dmg": 1.0, "dmg_label": "Destroyed", "kind": "road"}}, {"type": "Feature", "geometry": {"type": "LineString", "coordinates": [[85.0809702, 27.8544323], [85.0808622, 27.8544394], [85.080775, 27.8544572], [85.0806972, 27.8545105], [85.0806195, 27.8545792]]}, "properties": {"source": "emsr927", "obj_type": "211-Highways, Streets and Roads", "name": "Pasang Lhamu Highway", "dmg": 1.0, "dmg_label": "Destroyed", "kind": "road"}}, {"type": "Feature", "geometry": {"type": "LineString", "coordinates": [[85.0806195, 27.8545792], [85.0806118, 27.8545861]]}, "properties": {"source": "emsr927", "obj_type": "211-Highways, Streets and Roads", "name": "Pasang Lhamu Highway", "dmg": 1.0, "dmg_label": "Destroyed", "kind": "road"}}, {"type": "Feature", "geometry": {"type": "LineString", "coordinates": [[85.0854738, 27.8541251], [85.0852428, 27.8542288], [85.084992, 27.8543379], [85.0847801, 27.85446], [85.0844448, 27.8546794], [85.0842651, 27.854894], [85.0841431, 27.8550671], [85.084048, 27.8552161]]}, "properties": {"source": "emsr927", "obj_type": "211-Highways, Streets and Roads", "name": "Pasang Lhamu Highway", "dmg": 1.0, "dmg_label": "Destroyed", "kind": "road"}}, {"type": "Feature", "geometry": {"type": "LineString", "coordinates": [[85.0814482, 27.8547942], [85.0814059, 27.8546877], [85.0812811, 27.8545515]]}, "properties": {"source": "emsr927", "obj_type": "211-Highways, Streets and Roads", "name": "Pasang Lhamu Highway", "dmg": 1.0, "dmg_label": "Destroyed", "kind": "road"}}, {"type": "Feature", "geometry": {"type": "LineString", "coordinates": [[85.0723384, 27.8549105], [85.0724237, 27.8550039], [85.0724266, 27.8550159]]}, "properties": {"source": "emsr927", "obj_type": "211-Highways, Streets and Roads", "name": "Unknown", "dmg": 1.0, "dmg_label": "Destroyed", "kind": "road"}}, {"type": "Feature", "geometry": {"type": "LineString", "coordinates": [[85.0408181, 27.8565625], [85.0410618, 27.8562048], [85.0415255, 27.8557145], [85.0419537, 27.8552617], [85.0421811, 27.8550431]]}, "properties": {"source": "emsr927", "obj_type": "211-Highways, Streets and Roads", "name": "Unknown", "dmg": 1.0, "dmg_label": "Destroyed", "kind": "road"}}, {"type": "Feature", "geometry": {"type": "LineString", "coordinates": [[85.0521382, 27.8559774], [85.0521573, 27.8559507]]}, "properties": {"source": "emsr927", "obj_type": "211-Highways, Streets and Roads", "name": "Unknown", "dmg": 1.0, "dmg_label": "Destroyed", "kind": "road"}}, {"type": "Feature", "geometry": {"type": "LineString", "coordinates": [[85.0521573, 27.8559507], [85.0522026, 27.8558873], [85.0526747, 27.8561387], [85.0527981, 27.8562857], [85.0531575, 27.8564707], [85.0535035, 27.8566133], [85.0537449, 27.8566623]]}, "properties": {"source": "emsr927", "obj_type": "211-Highways, Streets and Roads", "name": "Unknown", "dmg": 1.0, "dmg_label": "Destroyed", "kind": "road"}}, {"type": "Feature", "geometry": {"type": "LineString", "coordinates": [[85.053988, 27.8567117], [85.0542465, 27.8565845], [85.0544503, 27.8564517]]}, "properties": {"source": "emsr927", "obj_type": "211-Highways, Streets and Roads", "name": "Unknown", "dmg": 1.0, "dmg_label": "Destroyed", "kind": "road"}}, {"type": "Feature", "geometry": {"type": "LineString", "coordinates": [[85.0537449, 27.8566623], [85.053988, 27.8567117], [85.0540855, 27.8567315], [85.0542626, 27.85676], [85.0543377, 27.8567742]]}, "properties": {"source": "emsr927", "obj_type": "211-Highways, Streets and Roads", "name": "Unknown", "dmg": 1.0, "dmg_label": "Destroyed", "kind": "road"}}, {"type": "Feature", "geometry": {"type": "LineString", "coordinates": [[85.0534504, 27.8568558], [85.0534524, 27.8568467], [85.0535035, 27.8566133]]}, "properties": {"source": "emsr927", "obj_type": "211-Highways, Streets and Roads", "name": "Unknown", "dmg": 1.0, "dmg_label": "Destroyed", "kind": "road"}}, {"type": "Feature", "geometry": {"type": "LineString", "coordinates": [[85.0547503, 27.8568612], [85.0547528, 27.8568553], [85.0548359, 27.8567414]]}, "properties": {"source": "emsr927", "obj_type": "211-Highways, Streets and Roads", "name": "Unknown", "dmg": 1.0, "dmg_label": "Destroyed", "kind": "road"}}, {"type": "Feature", "geometry": {"type": "LineString", "coordinates": [[85.0534524, 27.8568467], [85.0534742, 27.8568514]]}, "properties": {"source": "emsr927", "obj_type": "211-Highways, Streets and Roads", "name": "Unknown", "dmg": 1.0, "dmg_label": "Destroyed", "kind": "road"}}, {"type": "Feature", "geometry": {"type": "LineString", "coordinates": [[85.0534617, 27.8568976], [85.0534474, 27.8568693], [85.0534504, 27.8568558]]}, "properties": {"source": "emsr927", "obj_type": "211-Highways, Streets and Roads", "name": "Unknown", "dmg": 1.0, "dmg_label": "Destroyed", "kind": "road"}}, {"type": "Feature", "geometry": {"type": "LineString", "coordinates": [[85.0437792, 27.850749], [85.0441287, 27.8509755], [85.0442087, 27.8511017], [85.0442606, 27.8514516], [85.044412, 27.8516753], [85.04461, 27.8519251], [85.0447293, 27.852052], [85.044838, 27.8523401], [85.0449868, 27.8526057], [85.0450841, 27.8529628], [85.0450411, 27.8532027], [85.0449498, 27.8533689], [85.0448424, 27.8535399], [85.0447054, 27.8537013], [85.0445819, 27.8539341], [85.0444959, 27.8541312], [85.0444496, 27.8542968], [85.0444199, 27.8543787], [85.0444125, 27.8544196], [85.0444209, 27.854459], [85.0443999, 27.8545253], [85.0443431, 27.8546037], [85.0442318, 27.8548799], [85.044162, 27.8551574], [85.0441071, 27.8554301], [85.0439578, 27.8555891], [85.0437852, 27.8557645], [85.0435921, 27.8559139], [85.0434137, 27.856023], [85.0431871, 27.8561297], [85.0429436, 27.8562085], [85.0428697, 27.8562162], [85.0426976, 27.856234], [85.042576, 27.8562104], [85.0423757, 27.8561154], [85.0421911, 27.856004], [85.0417499, 27.8558376], [85.0415255, 27.8557145], [85.0411855, 27.8555279], [85.0410911, 27.8554696], [85.0400074, 27.8548004], [85.0396532, 27.854494], [85.0391899, 27.8542393], [85.0389524, 27.8541567], [85.0386176, 27.8536542], [85.0385241, 27.8535371]]}, "properties": {"source": "emsr927", "obj_type": "211-Highways, Streets and Roads", "name": "Unknown", "dmg": 1.0, "dmg_label": "Destroyed", "kind": "road"}}, {"type": "Feature", "geometry": {"type": "LineString", "coordinates": [[85.0906528, 27.8572678], [85.0909412, 27.8570597]]}, "properties": {"source": "emsr927", "obj_type": "211-Highways, Streets and Roads", "name": "Unknown", "dmg": 1.0, "dmg_label": "Destroyed", "kind": "road"}}, {"type": "Feature", "geometry": {"type": "LineString", "coordinates": [[85.0906796, 27.857352], [85.0907969, 27.8572665], [85.0908925, 27.8572274], [85.0909969, 27.857168], [85.0910745, 27.8571068]]}, "properties": {"source": "emsr927", "obj_type": "211-Highways, Streets and Roads", "name": "Unknown", "dmg": 1.0, "dmg_label": "Destroyed", "kind": "road"}}, {"type": "Feature", "geometry": {"type": "LineString", "coordinates": [[85.100992, 27.8578005], [85.1007862, 27.8578227], [85.1002762, 27.8579957]]}, "properties": {"source": "emsr927", "obj_type": "211-Highways, Streets and Roads", "name": "Pasang Lhamu Highway", "dmg": 1.0, "dmg_label": "Destroyed", "kind": "road"}}, {"type": "Feature", "geometry": {"type": "LineString", "coordinates": [[85.1002762, 27.8579957], [85.1001465, 27.8580397], [85.0988501, 27.85842]]}, "properties": {"source": "emsr927", "obj_type": "211-Highways, Streets and Roads", "name": "Pasang Lhamu Highway", "dmg": 0.33, "dmg_label": "Possibly damaged", "kind": "road"}}, {"type": "Feature", "geometry": {"type": "LineString", "coordinates": [[85.0535328, 27.8570387], [85.0534617, 27.8568976]]}, "properties": {"source": "emsr927", "obj_type": "211-Highways, Streets and Roads", "name": "Unknown", "dmg": 1.0, "dmg_label": "Destroyed", "kind": "road"}}, {"type": "Feature", "geometry": {"type": "LineString", "coordinates": [[85.0534742, 27.8568514], [85.0545355, 27.8570782], [85.0545972, 27.8570639], [85.0546509, 27.8570995], [85.0547503, 27.8568612]]}, "properties": {"source": "emsr927", "obj_type": "211-Highways, Streets and Roads", "name": "Unknown", "dmg": 1.0, "dmg_label": "Destroyed", "kind": "road"}}, {"type": "Feature", "geometry": {"type": "LineString", "coordinates": [[85.0402972, 27.856512], [85.0404264, 27.856537], [85.040645, 27.8565407], [85.0408181, 27.8565625], [85.0409006, 27.8565899], [85.0410594, 27.8567612], [85.0411377, 27.8568159], [85.0413789, 27.8569417], [85.0415933, 27.8569818], [85.0416882, 27.8570383], [85.0418284, 27.8570365], [85.0418902, 27.8569617], [85.0420078, 27.8569727], [85.042282, 27.8570893], [85.0424366, 27.8571513], [85.0426778, 27.8571878], [85.0427892, 27.8571896], [85.042903, 27.8570619], [85.0431314, 27.8571586], [85.0433908, 27.8573514], [85.04349, 27.8573464], [85.0435662, 27.8573035], [85.0436858, 27.857233], [85.0438271, 27.8571885], [85.0439146, 27.8571985], [85.0441911, 27.8573063], [85.0444043, 27.8573416], [85.0445655, 27.8572971], [85.044692, 27.8572971], [85.0448524, 27.8572008], [85.0449455, 27.8571206], [85.0450179, 27.8571174], [85.0451723, 27.8571477], [85.0453198, 27.8571394], [85.0454412, 27.8571961], [85.0458398, 27.8575348], [85.0459465, 27.8575659], [85.0461302, 27.8576149], [85.0463598, 27.8576544]]}, "properties": {"source": "emsr927", "obj_type": "211-Highways, Streets and Roads", "name": "Unknown", "dmg": 0.33, "dmg_label": "Possibly damaged", "kind": "road"}}, {"type": "Feature", "geometry": {"type": "LineString", "coordinates": [[85.0536321, 27.8572356], [85.0535328, 27.8570387]]}, "properties": {"source": "emsr927", "obj_type": "211-Highways, Streets and Roads", "name": "Unknown", "dmg": 1.0, "dmg_label": "Destroyed", "kind": "road"}}, {"type": "Feature", "geometry": {"type": "LineString", "coordinates": [[85.0537872, 27.8575431], [85.0536321, 27.8572356]]}, "properties": {"source": "emsr927", "obj_type": "211-Highways, Streets and Roads", "name": "Unknown", "dmg": 0.33, "dmg_label": "Possibly damaged", "kind": "road"}}, {"type": "Feature", "geometry": {"type": "LineString", "coordinates": [[85.0587638, 27.8569002], [85.0581106, 27.8576973], [85.057919, 27.8579311]]}, "properties": {"source": "emsr927", "obj_type": "214-Bridges, Elevated Highways, Tunnels and Subways", "name": "Unknown", "dmg": 1.0, "dmg_label": "Destroyed", "kind": "bridge"}}, {"type": "Feature", "geometry": {"type": "LineString", "coordinates": [[85.0580651, 27.8574278], [85.058058, 27.857615], [85.0581106, 27.8576973], [85.0581284, 27.857725], [85.0584322, 27.8581241], [85.058518, 27.8581668], [85.0586629, 27.858181], [85.0590277, 27.8581099], [85.0592369, 27.8580245], [85.059371, 27.8579746], [85.059465, 27.8579801], [85.0596052, 27.8580611], [85.0596453, 27.8580467], [85.0596653, 27.8580067], [85.0596523, 27.8578834], [85.0596459, 27.857794]]}, "properties": {"source": "emsr927", "obj_type": "211-Highways, Streets and Roads", "name": "Unknown", "dmg": 1.0, "dmg_label": "Destroyed", "kind": "road"}}, {"type": "Feature", "geometry": {"type": "LineString", "coordinates": [[85.0821426, 27.8554621], [85.0820922, 27.8556083], [85.0820146, 27.8557861], [85.0815788, 27.8565338], [85.0812195, 27.8571985], [85.0810388, 27.8575028]]}, "properties": {"source": "emsr927", "obj_type": "214-Bridges, Elevated Highways, Tunnels and Subways", "name": "Suspension Bridge", "dmg": 0.66, "dmg_label": "Damaged", "kind": "bridge"}}, {"type": "Feature", "geometry": {"type": "LineString", "coordinates": [[85.0596453, 27.8580467], [85.0598634, 27.8581976], [85.0603072, 27.858428], [85.0605761, 27.8584963], [85.0607638, 27.8585774], [85.0609815, 27.8586808]]}, "properties": {"source": "emsr927", "obj_type": "211-Highways, Streets and Roads", "name": "Unknown", "dmg": 1.0, "dmg_label": "Destroyed", "kind": "road"}}, {"type": "Feature", "geometry": {"type": "LineString", "coordinates": [[85.0609815, 27.8586808], [85.0611948, 27.8587822], [85.0615874, 27.8590766], [85.0619459, 27.8594778], [85.0620701, 27.8596044], [85.0626073, 27.860152], [85.06273, 27.8602599]]}, "properties": {"source": "emsr927", "obj_type": "214-Bridges, Elevated Highways, Tunnels and Subways", "name": "Unknown", "dmg": 1.0, "dmg_label": "Destroyed", "kind": "bridge"}}, {"type": "Feature", "geometry": {"type": "MultiLineString", "coordinates": [[[85.0980538, 27.8585631], [85.0979828, 27.8585807]], [[85.0978497, 27.8586171], [85.0976813, 27.8586668]], [[85.0976456, 27.8586773], [85.0971381, 27.8588271], [85.096935, 27.8588903]], [[85.0956575, 27.8593312], [85.0955425, 27.8593941], [85.0952535, 27.8594209], [85.0948879, 27.8594315], [85.0942821, 27.8593878]], [[85.0934612, 27.8595486], [85.0933755, 27.8595619], [85.0929738, 27.8595711], [85.0920089, 27.8594112], [85.0917406, 27.8593131], [85.0913944, 27.8591542], [85.0912713, 27.8590565]], [[85.0910569, 27.8587108], [85.0910557, 27.858708], [85.0910488, 27.8583993], [85.0911159, 27.8580607], [85.0911071, 27.8577809], [85.0910578, 27.8576721], [85.0909934, 27.8575938], [85.0908325, 27.8574954], [85.090748, 27.8574338], [85.0906946, 27.8573814], [85.0906796, 27.857352], [85.0906528, 27.8572678], [85.090647, 27.8572277], [85.090626, 27.8571563], [85.0905722, 27.8570614], [85.0905322, 27.8570306]]]}, "properties": {"source": "emsr927", "obj_type": "211-Highways, Streets and Roads", "name": "Pasang Lhamu Highway", "dmg": 1.0, "dmg_label": "Destroyed", "kind": "road"}}, {"type": "Feature", "geometry": {"type": "LineString", "coordinates": [[85.0980618, 27.8585611], [85.0981619, 27.8584777], [85.0982244, 27.8584626], [85.0984188, 27.8584157], [85.0987119, 27.8583105]]}, "properties": {"source": "emsr927", "obj_type": "211-Highways, Streets and Roads", "name": "Unknown", "dmg": 1.0, "dmg_label": "Destroyed", "kind": "road"}}, {"type": "Feature", "geometry": {"type": "LineString", "coordinates": [[85.0979245, 27.8585799], [85.097948, 27.8584232], [85.097899, 27.8583345]]}, "properties": {"source": "emsr927", "obj_type": "211-Highways, Streets and Roads", "name": "Unknown", "dmg": 1.0, "dmg_label": "Destroyed", "kind": "road"}}, {"type": "Feature", "geometry": {"type": "LineString", "coordinates": [[85.0979221, 27.8585957], [85.0979245, 27.8585799]]}, "properties": {"source": "emsr927", "obj_type": "211-Highways, Streets and Roads", "name": "Unknown", "dmg": 1.0, "dmg_label": "Destroyed", "kind": "road"}}, {"type": "Feature", "geometry": {"type": "LineString", "coordinates": [[85.095833, 27.8590956], [85.0958196, 27.8590291], [85.0958662, 27.8589065], [85.0959465, 27.8588089], [85.0959318, 27.8587859]]}, "properties": {"source": "emsr927", "obj_type": "211-Highways, Streets and Roads", "name": "Unknown", "dmg": 1.0, "dmg_label": "Destroyed", "kind": "road"}}, {"type": "Feature", "geometry": {"type": "MultiLineString", "coordinates": [[[85.0988501, 27.85842], [85.0986713, 27.8584724], [85.0980618, 27.8585611], [85.0980538, 27.8585631]], [[85.0912713, 27.8590565], [85.091263, 27.8590499], [85.091153, 27.8589325], [85.0910569, 27.8587108]], [[85.0979828, 27.8585807], [85.0979221, 27.8585957], [85.0978497, 27.8586171]], [[85.0976813, 27.8586668], [85.0976456, 27.8586773]], [[85.096935, 27.8588903], [85.0958424, 27.8592299], [85.0956575, 27.8593312]], [[85.0942821, 27.8593878], [85.0942807, 27.8593877], [85.0936991, 27.8595115], [85.0934612, 27.8595486]]]}, "properties": {"source": "emsr927", "obj_type": "211-Highways, Streets and Roads", "name": "Pasang Lhamu Highway", "dmg": 1.0, "dmg_label": "Destroyed", "kind": "road"}}, {"type": "Feature", "geometry": {"type": "LineString", "coordinates": [[85.0958424, 27.8592299], [85.0958424, 27.8591419], [85.095833, 27.8590956]]}, "properties": {"source": "emsr927", "obj_type": "211-Highways, Streets and Roads", "name": "Unknown", "dmg": 1.0, "dmg_label": "Destroyed", "kind": "road"}}, {"type": "Feature", "geometry": {"type": "LineString", "coordinates": [[85.0992296, 27.8602547], [85.0991634, 27.8602072], [85.09865, 27.8591404], [85.0983665, 27.8585167]]}, "properties": {"source": "emsr927", "obj_type": "214-Bridges, Elevated Highways, Tunnels and Subways", "name": "Unknown", "dmg": 1.0, "dmg_label": "Destroyed", "kind": "bridge"}}, {"type": "Feature", "geometry": {"type": "LineString", "coordinates": [[85.057919, 27.8579311], [85.0572432, 27.8587557]]}, "properties": {"source": "emsr927", "obj_type": "214-Bridges, Elevated Highways, Tunnels and Subways", "name": "Unknown", "dmg": 1.0, "dmg_label": "Destroyed", "kind": "bridge"}}, {"type": "Feature", "geometry": {"type": "LineString", "coordinates": [[85.0572432, 27.8587557], [85.0569784, 27.8590789]]}, "properties": {"source": "emsr927", "obj_type": "214-Bridges, Elevated Highways, Tunnels and Subways", "name": "Unknown", "dmg": 1.0, "dmg_label": "Destroyed", "kind": "bridge"}}, {"type": "Feature", "geometry": {"type": "LineString", "coordinates": [[85.0566232, 27.8590276], [85.0566726, 27.859022], [85.0568282, 27.859041], [85.0569784, 27.8590789]]}, "properties": {"source": "emsr927", "obj_type": "211-Highways, Streets and Roads", "name": "Unknown", "dmg": 1.0, "dmg_label": "Destroyed", "kind": "road"}}, {"type": "Feature", "geometry": {"type": "LineString", "coordinates": [[85.06273, 27.8602599], [85.0628548, 27.8603696], [85.063226, 27.8604763], [85.0635333, 27.8605019], [85.0643185, 27.8605275], [85.0650225, 27.8605446], [85.0657736, 27.860583], [85.0663795, 27.8607622], [85.0667423, 27.860775], [85.0670367, 27.8608177]]}, "properties": {"source": "emsr927", "obj_type": "211-Highways, Streets and Roads", "name": "Unknown", "dmg": 1.0, "dmg_label": "Destroyed", "kind": "road"}}, {"type": "Feature", "geometry": {"type": "LineString", "coordinates": [[85.0669127, 27.8614182], [85.0668704, 27.8611903], [85.0668827, 27.8610214], [85.0669751, 27.8610323], [85.0670369, 27.8611255]]}, "properties": {"source": "emsr927", "obj_type": "211-Highways, Streets and Roads", "name": "Unknown", "dmg": 0.33, "dmg_label": "Possibly damaged", "kind": "road"}}, {"type": "Feature", "geometry": {"type": "LineString", "coordinates": [[85.0670369, 27.8611255], [85.0671323, 27.8612693], [85.0671926, 27.8613864]]}, "properties": {"source": "emsr927", "obj_type": "211-Highways, Streets and Roads", "name": "Unknown", "dmg": 1.0, "dmg_label": "Destroyed", "kind": "road"}}, {"type": "Feature", "geometry": {"type": "LineString", "coordinates": [[85.0925883, 27.859751], [85.0919928, 27.8597856], [85.0916608, 27.8597316], [85.0914753, 27.8597261], [85.0912867, 27.8597668], [85.0908454, 27.8597716], [85.0903479, 27.8596844], [85.0899735, 27.8595672], [85.0897348, 27.8594451], [85.0895641, 27.85933], [85.0893582, 27.8591314]]}, "properties": {"source": "emsr927", "obj_type": "211-Highways, Streets and Roads", "name": "Unknown", "dmg": 1.0, "dmg_label": "Destroyed", "kind": "road"}}, {"type": "Feature", "geometry": {"type": "LineString", "coordinates": [[85.0933755, 27.8595619], [85.0932049, 27.8596193], [85.0929295, 27.8596578], [85.0926393, 27.8597371]]}, "properties": {"source": "emsr927", "obj_type": "211-Highways, Streets and Roads", "name": "Unknown", "dmg": 1.0, "dmg_label": "Destroyed", "kind": "road"}}, {"type": "Feature", "geometry": {"type": "LineString", "coordinates": [[85.0926393, 27.8597371], [85.0925883, 27.859751]]}, "properties": {"source": "emsr927", "obj_type": "211-Highways, Streets and Roads", "name": "Unknown", "dmg": 1.0, "dmg_label": "Destroyed", "kind": "road"}}, {"type": "Feature", "geometry": {"type": "LineString", "coordinates": [[85.0903488, 27.8632157], [85.090439, 27.8632107], [85.090631, 27.8632879]]}, "properties": {"source": "emsr927", "obj_type": "211-Highways, Streets and Roads", "name": "Unknown", "dmg": 1.0, "dmg_label": "Destroyed", "kind": "road"}}, {"type": "Feature", "geometry": {"type": "LineString", "coordinates": [[85.090631, 27.8632879], [85.0907046, 27.8633175], [85.0909983, 27.8634725]]}, "properties": {"source": "emsr927", "obj_type": "211-Highways, Streets and Roads", "name": "Unknown", "dmg": 1.0, "dmg_label": "Destroyed", "kind": "road"}}, {"type": "Feature", "geometry": {"type": "LineString", "coordinates": [[85.0909983, 27.8634725], [85.091064, 27.8635072], [85.0911631, 27.8635655], [85.0912327, 27.8636083]]}, "properties": {"source": "emsr927", "obj_type": "211-Highways, Streets and Roads", "name": "Unknown", "dmg": 1.0, "dmg_label": "Destroyed", "kind": "road"}}, {"type": "Feature", "geometry": {"type": "Point", "coordinates": [84.9751304, 27.8014523]}, "properties": {"source": "emsr927", "obj_type": "214-Bridges, Elevated Highways, Tunnels and Subways", "name": "Unknown", "dmg": 0.66, "dmg_label": "Damaged", "kind": "bridge"}}, {"type": "Feature", "geometry": {"type": "Point", "coordinates": [85.0012593, 27.8018794]}, "properties": {"source": "emsr927", "obj_type": "214-Bridges, Elevated Highways, Tunnels and Subways", "name": "Unknown", "dmg": 0.33, "dmg_label": "Possibly damaged", "kind": "bridge"}}, {"type": "Feature", "geometry": {"type": "Point", "coordinates": [85.0030296, 27.8023743]}, "properties": {"source": "emsr927", "obj_type": "214-Bridges, Elevated Highways, Tunnels and Subways", "name": "Unknown", "dmg": 0.33, "dmg_label": "Possibly damaged", "kind": "bridge"}}, {"type": "Feature", "geometry": {"type": "Point", "coordinates": [84.9906921, 27.8036533]}, "properties": {"source": "emsr927", "obj_type": "214-Bridges, Elevated Highways, Tunnels and Subways", "name": "Unknown", "dmg": 1.0, "dmg_label": "Destroyed", "kind": "bridge"}}, {"type": "Feature", "geometry": {"type": "Point", "coordinates": [84.9904006, 27.8042005]}, "properties": {"source": "emsr927", "obj_type": "214-Bridges, Elevated Highways, Tunnels and Subways", "name": "Unknown", "dmg": 1.0, "dmg_label": "Destroyed", "kind": "bridge"}}, {"type": "Feature", "geometry": {"type": "Point", "coordinates": [85.0131756, 27.8096602]}, "properties": {"source": "emsr927", "obj_type": "214-Bridges, Elevated Highways, Tunnels and Subways", "name": "Unknown", "dmg": 1.0, "dmg_label": "Destroyed", "kind": "bridge"}}, {"type": "Feature", "geometry": {"type": "Point", "coordinates": [84.9653687, 27.8119635]}, "properties": {"source": "emsr927", "obj_type": "214-Bridges, Elevated Highways, Tunnels and Subways", "name": "Unknown", "dmg": 0.33, "dmg_label": "Possibly damaged", "kind": "bridge"}}, {"type": "Feature", "geometry": {"type": "Point", "coordinates": [84.961865, 27.8165499]}, "properties": {"source": "emsr927", "obj_type": "214-Bridges, Elevated Highways, Tunnels and Subways", "name": "Unknown", "dmg": 1.0, "dmg_label": "Destroyed", "kind": "bridge"}}, {"type": "Feature", "geometry": {"type": "Point", "coordinates": [84.9549705, 27.8166927]}, "properties": {"source": "emsr927", "obj_type": "214-Bridges, Elevated Highways, Tunnels and Subways", "name": "Unknown", "dmg": 0.33, "dmg_label": "Possibly damaged", "kind": "bridge"}}, {"type": "Feature", "geometry": {"type": "Point", "coordinates": [85.0168591, 27.8223903]}, "properties": {"source": "emsr927", "obj_type": "214-Bridges, Elevated Highways, Tunnels and Subways", "name": "Unknown", "dmg": 0.33, "dmg_label": "Possibly damaged", "kind": "bridge"}}, {"type": "Feature", "geometry": {"type": "Point", "coordinates": [85.0215466, 27.8315263]}, "properties": {"source": "emsr927", "obj_type": "214-Bridges, Elevated Highways, Tunnels and Subways", "name": "Unknown", "dmg": 1.0, "dmg_label": "Destroyed", "kind": "bridge"}}, {"type": "Feature", "geometry": {"type": "Point", "coordinates": [85.0221355, 27.832603]}, "properties": {"source": "emsr927", "obj_type": "214-Bridges, Elevated Highways, Tunnels and Subways", "name": "Unknown", "dmg": 1.0, "dmg_label": "Destroyed", "kind": "bridge"}}, {"type": "Feature", "geometry": {"type": "Point", "coordinates": [85.0226828, 27.8355416]}, "properties": {"source": "emsr927", "obj_type": "214-Bridges, Elevated Highways, Tunnels and Subways", "name": "Unknown", "dmg": 0.66, "dmg_label": "Damaged", "kind": "bridge"}}, {"type": "Feature", "geometry": {"type": "Point", "coordinates": [85.0274001, 27.8479862]}, "properties": {"source": "emsr927", "obj_type": "214-Bridges, Elevated Highways, Tunnels and Subways", "name": "Unknown", "dmg": 1.0, "dmg_label": "Destroyed", "kind": "bridge"}}, {"type": "Feature", "geometry": {"type": "Point", "coordinates": [85.0715569, 27.8536095]}, "properties": {"source": "emsr927", "obj_type": "214-Bridges, Elevated Highways, Tunnels and Subways", "name": "Unknown", "dmg": 1.0, "dmg_label": "Destroyed", "kind": "bridge"}}, {"type": "Feature", "geometry": {"type": "Point", "coordinates": [85.0412069, 27.8560526]}, "properties": {"source": "emsr927", "obj_type": "214-Bridges, Elevated Highways, Tunnels and Subways", "name": "Unknown", "dmg": 1.0, "dmg_label": "Destroyed", "kind": "bridge"}}, {"type": "Feature", "geometry": {"type": "Point", "coordinates": [85.0816934, 27.8563458]}, "properties": {"source": "emsr927", "obj_type": "214-Bridges, Elevated Highways, Tunnels and Subways", "name": "Unknown", "dmg": 0.66, "dmg_label": "Damaged", "kind": "bridge"}}, {"type": "Feature", "geometry": {"type": "Point", "coordinates": [85.0428904, 27.8566058]}, "properties": {"source": "emsr927", "obj_type": "214-Bridges, Elevated Highways, Tunnels and Subways", "name": "Unknown", "dmg": 1.0, "dmg_label": "Destroyed", "kind": "bridge"}}, {"type": "Feature", "geometry": {"type": "Point", "coordinates": [85.0867855, 27.8566314]}, "properties": {"source": "emsr927", "obj_type": "214-Bridges, Elevated Highways, Tunnels and Subways", "name": "Unknown", "dmg": 1.0, "dmg_label": "Destroyed", "kind": "bridge"}}, {"type": "Feature", "geometry": {"type": "Point", "coordinates": [85.0577085, 27.8581703]}, "properties": {"source": "emsr927", "obj_type": "214-Bridges, Elevated Highways, Tunnels and Subways", "name": "Unknown", "dmg": 1.0, "dmg_label": "Destroyed", "kind": "bridge"}}, {"type": "Feature", "geometry": {"type": "Point", "coordinates": [85.0617654, 27.8592607]}, "properties": {"source": "emsr927", "obj_type": "214-Bridges, Elevated Highways, Tunnels and Subways", "name": "Unknown", "dmg": 1.0, "dmg_label": "Destroyed", "kind": "bridge"}}, {"type": "Feature", "geometry": {"type": "Point", "coordinates": [85.0987875, 27.8594534]}, "properties": {"source": "emsr927", "obj_type": "214-Bridges, Elevated Highways, Tunnels and Subways", "name": "Unknown", "dmg": 1.0, "dmg_label": "Destroyed", "kind": "bridge"}}]}