{"type": "FeatureCollection", "features": [{"type": "Feature", "properties": {"record_id": "97afbac32278808f", "table": "aid_delivery", "location_raw": "Trishuli 3A hydropower project site", "location_ne": "", "admin_level": "settlement", "district": "", "province": "", "geo_basis": "text_explicit", "as_of": "2026-08-27", "as_of_basis": "article_date", "first_reported": "2026-08-27", "last_reported": "2026-08-27", "confidence": "high", "confidence_note": "Actor and site explicit.", "density": "1", "effective_sources": "1", "independent_origins": "1", "origin": "media_own", "origin_note": "single outlet", "corroboration": "single_source", "evidence_quote": "\"Two helicopters have been dispatched, but it is challenging because it is tough to even locate the entry points of the tunnel,\" army spokesman Raja Ram Basnet told AFP.", "evidence_quote_en": "", "temporal_contamination_flag": "", "actor": "Nepal Army", "actor_type": "army", "commodity": "rescue", "quantity": "2.0", "unit": "helicopters", "beneficiaries": "", "target_group": "", "self_reported": "False", "source_outlets": "The Economic Times", "source_outlet_count": 1, "entity_key": "Nepal Army|rescue|Trishuli 3A hydropower project site", "geo_resolution": "district", "geo_statement": "Names the Upper Trishuli 3A, which the validated power database places in Nuwakot district — anchored to the district, not the site", "geo_match_name": "Upper Trishuli 3A", "geo_match_osm_id": null, "geo_anchor_id": "79688334B17077666187877", "geo_anchor_name": "Nuwakot"}, "geometry": {"type": "Point", "coordinates": [85.20729652963067, 27.936643231647253]}}, {"type": "Feature", "properties": {"record_id": "e1243ab44ead253d", "table": "aid_delivery", "location_raw": "रसुवा, नुवाकोट, धादिङ (बाढी प्रभावित क्षेत्र)", "location_ne": "", "admin_level": "district", "district": "", "province": "Bagmati", "geo_basis": "text_adjacent", "as_of": "2026-08-27", "as_of_basis": "stated", "first_reported": "2026-08-29", "last_reported": "2026-08-29", "confidence": "medium", "confidence_note": "Foundation/bank's own announcement that distribution began on Bhadra 11 (Aug 27); this sentence does not itemise commodities (the itemised list elsewhere in the article is future-tense — 'will be delivered' — so not recorded as a completed delivery to avoid overstating).", "density": "1", "effective_sources": "1", "independent_origins": "1", "origin": "self:चौधरी फाउन्डेसन र नबिल बैंक (Chaudhary Foundation & Nabil Bank)", "origin_note": "single outlet", "corroboration": "single_source", "evidence_quote": "राहत सामग्री वितरण भदौ ११ गतेदेखि सुरु भइसकेको फाउन्डेसन र बैंकले जनाएको छ।", "evidence_quote_en": "The Foundation and the Bank stated that distribution of relief materials had already begun from Bhadra 11 (Aug 27).", "temporal_contamination_flag": "False", "actor": "चौधरी फाउन्डेसन र नबिल बैंक (Chaudhary Foundation & Nabil Bank)", "actor_type": "private", "commodity": "other", "quantity": "", "unit": "", "beneficiaries": "", "target_group": "बाढी प्रभावित परिवार", "self_reported": "True", "source_outlets": "Rajdhani Daily", "source_outlet_count": 1, "entity_key": "चौधरी फाउन्डेसन र नबिल बैंक (Chaudhary Foundation & Nabil Bank)|other|रसुवा, नुवाकोट, धादिङ (बाढी प्रभावित क्षेत्र)", "geo_resolution": "district", "geo_statement": "District recovered as Nuwakot by locating \"नुवाकोट\"; anchored to the district, not the site", "geo_match_name": null, "geo_match_osm_id": null, "geo_anchor_id": "79688334B17077666187877", "geo_anchor_name": "Nuwakot"}, "geometry": {"type": "Point", "coordinates": [85.20729652963067, 27.936643231647253]}}, {"type": "Feature", "properties": {"record_id": "f13566f9ed936249", "table": "aid_delivery", "location_raw": "रसुवा, नुवाकोट, धादिङ", "location_ne": "", "admin_level": "district", "district": "", "province": "Bagmati", "geo_basis": "text_explicit", "as_of": "2026-08-27", "as_of_basis": "stated", "first_reported": "2026-08-29", "last_reported": "2026-08-29", "confidence": "medium", "confidence_note": "Cash and in-kind assistance provided on Bhadra 11 (Aug 27); quantity not itemised.", "density": "1", "effective_sources": "1", "independent_origins": "1", "origin": "self:नेपाल चेम्बर अफ कमर्स (Nepal Chamber of Commerce)", "origin_note": "single outlet", "corroboration": "single_source", "evidence_quote": "चेम्बरले रसुवा, नुवाकोट तथा धादिङलगायत प्रभावित जिल्लामा भाद्र ११ गते तत्कालै नगद तथा जिन्सी सहयोग उपलब्ध गराएको छ भने राहत अभियानलाई अगाडी बढाउदै सहयोग कार्यलाई निरन्तरता दिने चेम्बरले जनाएको छ ।", "evidence_quote_en": "The Chamber immediately provided cash and in-kind assistance in Rasuwa, Nuwakot, Dhading and other affected districts on Bhadra 11 (Aug 27), and said it would continue the relief effort.", "temporal_contamination_flag": "False", "actor": "नेपाल चेम्बर अफ कमर्स (Nepal Chamber of Commerce)", "actor_type": "private", "commodity": "cash", "quantity": "", "unit": "", "beneficiaries": "", "target_group": "बाढी प्रभावित जिल्लाका नागरिक", "self_reported": "True", "source_outlets": "Sajhapana", "source_outlet_count": 1, "entity_key": "नेपाल चेम्बर अफ कमर्स (Nepal Chamber of Commerce)|cash|रसुवा, नुवाकोट, धादिङ", "geo_resolution": "district", "geo_statement": "District recovered as Nuwakot by locating \"नुवाकोट\"; anchored to the district, not the site", "geo_match_name": null, "geo_match_osm_id": null, "geo_anchor_id": "79688334B17077666187877", "geo_anchor_name": "Nuwakot"}, "geometry": {"type": "Point", "coordinates": [85.20729652963067, 27.936643231647253]}}, {"type": "Feature", "properties": {"record_id": "39c23ee0d38bb223", "table": "aid_delivery", "location_raw": "प्रभावित क्षेत्र (रसुवा, नुवाकोट, धादिङ)", "location_ne": "", "admin_level": "province", "district": "", "province": "Bagmati", "geo_basis": "text_adjacent", "as_of": "2026-08-28", "as_of_basis": "article_date", "first_reported": "2026-08-28", "last_reported": "2026-08-28", "confidence": "low", "confidence_note": "Only 'affected area' stated, not a specific district.", "density": "1", "effective_sources": "1", "independent_origins": "1", "origin": "self:नेपाल चेम्बर अफ कमर्स", "origin_note": "single outlet", "corroboration": "single_source", "evidence_quote": "चेम्बरले प्रभावित क्षेत्रमा १२५ वटा पावर बैंकसमेत उपलब्ध गराइसकेको छ ।", "evidence_quote_en": "", "temporal_contamination_flag": "False", "actor": "नेपाल चेम्बर अफ कमर्स", "actor_type": "private", "commodity": "other", "quantity": "125.0", "unit": "power banks", "beneficiaries": "", "target_group": "", "self_reported": "True", "source_outlets": "Sajhapana", "source_outlet_count": 1, "entity_key": "नेपाल चेम्बर अफ कमर्स|other|प्रभावित क्षेत्र (रसुवा, नुवाकोट, धादिङ)", "geo_resolution": "district", "geo_statement": "District recovered as Nuwakot by locating \"नुवाकोट\"; anchored to the district, not the site", "geo_match_name": null, "geo_match_osm_id": null, "geo_anchor_id": "79688334B17077666187877", "geo_anchor_name": "Nuwakot"}, "geometry": {"type": "Point", "coordinates": [85.20729652963067, 27.936643231647253]}}, {"type": "Feature", "properties": {"record_id": "37da0fa6a7ac9fec", "table": "aid_delivery", "location_raw": "त्रिशूली उपत्यका (Trishuli valley), रसुवा/नुवाकोट/धादिङ", "location_ne": "", "admin_level": "province", "district": "", "province": "Bagmati", "geo_basis": "text_explicit", "as_of": "2026-08-28", "as_of_basis": "article_date", "first_reported": "2026-08-28", "last_reported": "2026-08-28", "confidence": "high", "confidence_note": "Army spokesperson statement (name omitted).", "density": "1", "effective_sources": "1", "independent_origins": "1", "origin": "media_own", "origin_note": "single outlet", "corroboration": "single_source", "evidence_quote": "उद्धारमा नेपाली सेनाको ६ वटा र निजी क्षेत्रका ९ वटा हेलिकप्टर परिचालन गरिएको छ ।", "evidence_quote_en": "6 Nepali Army helicopters and 9 private-sector helicopters have been mobilized for rescue.", "temporal_contamination_flag": "", "actor": "private sector", "actor_type": "private", "commodity": "rescue", "quantity": "9.0", "unit": "helicopters", "beneficiaries": "", "target_group": "general", "self_reported": "False", "source_outlets": "Ratopati", "source_outlet_count": 1, "entity_key": "private sector|rescue|त्रिशूली उपत्यका (Trishuli valley), रसुवा/नुवाकोट/धादिङ", "geo_resolution": "district", "geo_statement": "District recovered as Nuwakot by locating \"नुवाकोट\"; anchored to the district, not the site", "geo_match_name": null, "geo_match_osm_id": null, "geo_anchor_id": "79688334B17077666187877", "geo_anchor_name": "Nuwakot"}, "geometry": {"type": "Point", "coordinates": [85.20729652963067, 27.936643231647253]}}, {"type": "Feature", "properties": {"record_id": "e76078d5b4f72573", "table": "aid_delivery", "location_raw": "रसुवा, नुवाकोट (Rasuwa, Nuwakot combined)", "location_ne": "", "admin_level": "province", "district": "", "province": "Bagmati", "geo_basis": "text_explicit", "as_of": "2026-08-28", "as_of_basis": "article_date", "first_reported": "2026-08-28", "last_reported": "2026-08-28", "confidence": "high", "confidence_note": "Combined total health services figure, directly stated by the army (matches sum of the Trishuli/Dhunche figures, not computed by us).", "density": "1", "effective_sources": "1", "independent_origins": "1", "origin": "self:Nepal Army", "origin_note": "single outlet", "corroboration": "single_source", "evidence_quote": "अहिलेसम्म बाढीबाट प्रभावित ११ सय ४५ जनालाई स्वास्थ्य सेवा प्रदान गरिएको सेनाले जनाएको छ ।", "evidence_quote_en": "The army stated that 1,145 flood-affected people have been provided health services so far.", "temporal_contamination_flag": "", "actor": "Nepal Army", "actor_type": "army", "commodity": "medical", "quantity": "1145.0", "unit": "", "beneficiaries": "1145.0", "target_group": "flood-affected", "self_reported": "True", "source_outlets": "Ratopati", "source_outlet_count": 1, "entity_key": "Nepal Army|medical|रसुवा, नुवाकोट (Rasuwa, Nuwakot combined)", "geo_resolution": "district", "geo_statement": "District recovered as Nuwakot by locating \"नुवाकोट\"; anchored to the district, not the site", "geo_match_name": null, "geo_match_osm_id": null, "geo_anchor_id": "79688334B17077666187877", "geo_anchor_name": "Nuwakot"}, "geometry": {"type": "Point", "coordinates": [85.20729652963067, 27.936643231647253]}}, {"type": "Feature", "properties": {"record_id": "9aaa928eeb9bf4f1", "table": "aid_delivery", "location_raw": "रसुवा र नुवाकोट लगायतका जिल्ला", "location_ne": "", "admin_level": "province", "district": "", "province": "Bagmati", "geo_basis": "text_explicit", "as_of": "2026-08-28", "as_of_basis": "inferred_from_text", "first_reported": "2026-08-29", "last_reported": "2026-08-29", "confidence": "medium", "confidence_note": "Completed transfer to PM Disaster Relief Fund earmarked for Rasuwa/Nuwakot; handed over Friday evening.", "density": "1", "effective_sources": "1", "independent_origins": "1", "origin": "self:वीरगन्ज हेल्थ केयर अस्पताल", "origin_note": "single outlet", "corroboration": "single_source", "evidence_quote": "रसुवा र नुवाकोट लगायतका जिल्लामा बाढी-पहिरोबाट प्रभावित भएका नागरिकको सहायताका लागि वीरगन्ज हेल्थ केयर अस्पतालले प्रधानमन्त्री दैवीप्रकोप उद्धार कोषमा १० लाख रुपैयाँ आर्थिक सहयोग गरेको छ।", "evidence_quote_en": "", "temporal_contamination_flag": "", "actor": "वीरगन्ज हेल्थ केयर अस्पताल", "actor_type": "private", "commodity": "cash", "quantity": "1000000.0", "unit": "NPR", "beneficiaries": "", "target_group": "रसुवा र नुवाकोटका बाढी-पहिरो प्रभावित नागरिक", "self_reported": "True", "source_outlets": "Arghakhanchi", "source_outlet_count": 1, "entity_key": "वीरगन्ज हेल्थ केयर अस्पताल|cash|रसुवा र नुवाकोट लगायतका जिल्ला", "geo_resolution": "province", "geo_statement": "Located to Bagmati province only — the source names no district", "geo_match_name": null, "geo_match_osm_id": null, "geo_anchor_id": "38925275B1624743257395", "geo_anchor_name": "Bagmati"}, "geometry": {"type": "Point", "coordinates": [85.39309228206186, 27.652735693974222]}}, {"type": "Feature", "properties": {"record_id": "07d63409f71cc0b1", "table": "aid_delivery", "location_raw": "रसुवा र नुवाकोट", "location_ne": "", "admin_level": "district", "district": "", "province": "Bagmati", "geo_basis": "text_explicit", "as_of": "2026-08-29", "as_of_basis": "article_date", "first_reported": "2026-08-29", "last_reported": "2026-08-29", "confidence": "medium", "confidence_note": "Stated as 'more than 4,200'; covers Rasuwa and Nuwakot jointly, not split by district.", "density": "1", "effective_sources": "1", "independent_origins": "1", "origin": "self:नेपाली सेना (Nepal Army)", "origin_note": "single outlet", "corroboration": "single_source", "evidence_quote": "रसुवा र नुवाकोटमा मात्रै चार हजार दुई सयभन्दा बढी नेपाली सेना परिचालन गरिएको छ।", "evidence_quote_en": "In Rasuwa and Nuwakot alone, more than 4,200 Nepal Army personnel have been mobilised.", "temporal_contamination_flag": "False", "actor": "नेपाली सेना (Nepal Army)", "actor_type": "army", "commodity": "rescue", "quantity": "4200.0", "unit": "personnel", "beneficiaries": "", "target_group": "", "self_reported": "True", "source_outlets": "Gorkhapatra", "source_outlet_count": 1, "entity_key": "नेपाली सेना (Nepal Army)|rescue|रसुवा र नुवाकोट", "geo_resolution": "district", "geo_statement": "District recovered as Nuwakot by locating \"नुवाकोट\"; anchored to the district, not the site", "geo_match_name": null, "geo_match_osm_id": null, "geo_anchor_id": "79688334B17077666187877", "geo_anchor_name": "Nuwakot"}, "geometry": {"type": "Point", "coordinates": [85.20729652963067, 27.936643231647253]}}, {"type": "Feature", "properties": {"record_id": "24c1d7f1b53f6cff", "table": "aid_delivery", "location_raw": "Dhunche to Kathmandu route", "location_ne": "", "admin_level": "province", "district": "", "province": "Bagmati", "geo_basis": "text_explicit", "as_of": "2026-08-29", "as_of_basis": "article_date", "first_reported": "2026-08-29", "last_reported": "2026-08-29", "confidence": "medium", "confidence_note": "Province government arranged free buses for the Dhunche evacuation route.", "density": "1", "effective_sources": "1", "independent_origins": "1", "origin": "media_own", "origin_note": "single outlet", "corroboration": "single_source", "evidence_quote": "He added that the provincial government has arranged free buses for stranded passengers being rescued and transported to Kathmandu.", "evidence_quote_en": "", "temporal_contamination_flag": "False", "actor": "Bagmati Province government", "actor_type": "government", "commodity": "transport", "quantity": "", "unit": "", "beneficiaries": "", "target_group": "stranded passengers being rescued and transported to Kathmandu", "self_reported": "", "source_outlets": "Khabarhub", "source_outlet_count": 1, "entity_key": "Bagmati Province government|transport|Dhunche to Kathmandu route", "geo_resolution": "province", "geo_statement": "Located to Bagmati province only — the source names no district", "geo_match_name": null, "geo_match_osm_id": null, "geo_anchor_id": "38925275B1624743257395", "geo_anchor_name": "Bagmati"}, "geometry": {"type": "Point", "coordinates": [85.39309228206186, 27.652735693974222]}}, {"type": "Feature", "properties": {"record_id": "283dc7cd44002ebb", "table": "aid_delivery", "location_raw": "धादिङ", "location_ne": "", "admin_level": "district", "district": "Dhading", "province": "Bagmati", "geo_basis": "text_explicit", "as_of": "2026-08-27", "as_of_basis": "stated", "first_reported": "2026-08-28", "last_reported": "2026-08-28", "confidence": "high", "confidence_note": "Explicit district-wise cash disbursement from NDRRMA report.", "density": "1", "effective_sources": "1", "independent_origins": "1", "origin": "self:Government of Nepal", "origin_note": "single outlet", "corroboration": "single_source", "evidence_quote": "नेपाल सरकारले तत्काल राहत कार्य वितरणका लागि रसुवामा रु एक करोड, नुवाकोटमा रु एक करोड र धादिङमा रु ५० लाख गरी कुल दुई करोड ५० लाख नगद पठाएको जनाइएको छ ।", "evidence_quote_en": "", "temporal_contamination_flag": "False", "actor": "Government of Nepal", "actor_type": "government", "commodity": "cash", "quantity": "50.0", "unit": "NPR_lakh", "beneficiaries": "", "target_group": "", "self_reported": "True", "source_outlets": "Deshsanchar", "source_outlet_count": 1, "entity_key": "Government of Nepal|cash|Dhading", "geo_resolution": "district", "geo_statement": "Located to Dhading district only", "geo_match_name": null, "geo_match_osm_id": null, "geo_anchor_id": "79688334B79703604543181", "geo_anchor_name": "Dhading"}, "geometry": {"type": "Point", "coordinates": [84.87763638110704, 28.025043976557015]}}, {"type": "Feature", "properties": {"record_id": "b543637007046024", "table": "aid_delivery", "location_raw": "Dhading", "location_ne": "", "admin_level": "district", "district": "Dhading", "province": "Bagmati", "geo_basis": "text_explicit", "as_of": "2026-08-28", "as_of_basis": "inferred_from_text", "first_reported": "2026-08-28", "last_reported": "2026-08-28", "confidence": "high", "confidence_note": "District named directly; completed cash release, not a pledge.", "density": "22", "effective_sources": "19", "independent_origins": "19", "origin": "unattributed", "origin_note": "19 outlets, no reporting body named; independence not established", "corroboration": "independent", "evidence_quote": "The Nepalese government also released NPR 10 million each for Rasuwa and Nuwakot and NPR 5 million for Dhading for relief operations.", "evidence_quote_en": "", "temporal_contamination_flag": "False", "actor": "Government of Nepal", "actor_type": "government", "commodity": "cash", "quantity": "5.0", "unit": "NPR_million", "beneficiaries": "", "target_group": "", "self_reported": "False", "source_outlets": "The Tribune; The Statesman; Awaz The Voice; The News Mill; ANI News; LatestLY; Asianet Newsable; Deccan Chronicle; Ratopati; Hindustan Times; NepalNews; Deshsanchar; newsdrum.in; Hindusthan Samachar English", "source_outlet_count": 22, "entity_key": "Government of Nepal|cash|Dhading", "geo_resolution": "district", "geo_statement": "Located to Dhading district only", "geo_match_name": null, "geo_match_osm_id": null, "geo_anchor_id": "79688334B79703604543181", "geo_anchor_name": "Dhading"}, "geometry": {"type": "Point", "coordinates": [84.87763638110704, 28.025043976557015]}}, {"type": "Feature", "properties": {"record_id": "f12201ff0576110f", "table": "aid_delivery", "location_raw": "Dhading district", "location_ne": "", "admin_level": "district", "district": "Dhading", "province": "Bagmati", "geo_basis": "text_explicit", "as_of": "2026-08-29", "as_of_basis": "stated", "first_reported": "2026-08-29", "last_reported": "2026-08-29", "confidence": "high", "confidence_note": "Government cash relief already provided (past tense), not a pledge.", "density": "3", "effective_sources": "3", "independent_origins": "3", "origin": "unattributed", "origin_note": "3 outlets, no reporting body named; independence not established", "corroboration": "independent", "evidence_quote": "नेपाल सरकारबाट रसुवा र नुवाकोटलाई १–१ करोड तथा धादिङलाई ५० लाख रुपैयाँ नगद राहत उपलब्ध गराइएको छ", "evidence_quote_en": "The Government of Nepal has provided cash relief of 1 crore rupees each to Rasuwa and Nuwakot, and 50 lakh rupees to Dhading.", "temporal_contamination_flag": "", "actor": "Government of Nepal", "actor_type": "government", "commodity": "cash", "quantity": "50.0", "unit": "NPR_lakh", "beneficiaries": "", "target_group": "", "self_reported": "", "source_outlets": "Ratopati; Daily Finland; myRepublica", "source_outlet_count": 3, "entity_key": "Government of Nepal|cash|Dhading", "geo_resolution": "district", "geo_statement": "Located to Dhading district only", "geo_match_name": null, "geo_match_osm_id": null, "geo_anchor_id": "79688334B79703604543181", "geo_anchor_name": "Dhading"}, "geometry": {"type": "Point", "coordinates": [84.87763638110704, 28.025043976557015]}}, {"type": "Feature", "properties": {"record_id": "3ba0a669b811e75c", "table": "aid_delivery", "location_raw": "Kathmandu", "location_ne": "", "admin_level": "municipality", "district": "Kathmandu", "province": "Bagmati", "geo_basis": "text_explicit", "as_of": "2026-08-26", "as_of_basis": "stated", "first_reported": "2026-08-28", "last_reported": "2026-08-28", "confidence": "high", "confidence_note": "Completed delivery to Kathmandu, dated to the night of Aug 26.", "density": "1", "effective_sources": "1", "independent_origins": "1", "origin": "self:India (Indian Air Force)", "origin_note": "single outlet", "corroboration": "single_source", "evidence_quote": "An Indian Air Force C-130J aircraft carrying 10 tonnes of humanitarian and disaster-relief supplies reached Kathmandu the same night, less than 12 hours after the disaster.", "evidence_quote_en": "", "temporal_contamination_flag": "", "actor": "India (Indian Air Force)", "actor_type": "government", "commodity": "other", "quantity": "10.0", "unit": "tonnes", "beneficiaries": "", "target_group": "", "self_reported": "True", "source_outlets": "PGurus", "source_outlet_count": 1, "entity_key": "India (Indian Air Force)|other|Kathmandu", "geo_resolution": "palika", "geo_statement": "Located to Kathmandu local unit in Kathmandu district — anchored to the unit, not an exact site", "geo_match_name": null, "geo_match_osm_id": null, "geo_anchor_id": "92635248B69748389600023", "geo_anchor_name": "Kathmandu"}, "geometry": {"type": "Point", "coordinates": [85.32732598855569, 27.708680269500327]}}, {"type": "Feature", "properties": {"record_id": "a2ed067d09716dc2", "table": "aid_delivery", "location_raw": "Kathmandu, Nepal", "location_ne": "", "admin_level": "municipality", "district": "Kathmandu", "province": "Bagmati", "geo_basis": "text_explicit", "as_of": "2026-08-28", "as_of_basis": "article_date", "first_reported": "2026-08-28", "last_reported": "2026-08-28", "confidence": "medium", "confidence_note": "No explicit date for this second flight within this passage; article publish date used as fallback.", "density": "1", "effective_sources": "1", "independent_origins": "1", "origin": "self:Indian Air Force", "origin_note": "single outlet", "corroboration": "single_source", "evidence_quote": "Carrying the second consignment, a C-17 Globemaster aircraft of the Indian Air Force flew to Kathmandu with an additional 37.5 tonnes of relief material, including food packets and essential medicines.", "evidence_quote_en": "", "temporal_contamination_flag": "", "actor": "Indian Air Force", "actor_type": "army", "commodity": "other", "quantity": "37.5", "unit": "tonnes", "beneficiaries": "", "target_group": "", "self_reported": "True", "source_outlets": "Hindusthan Samachar English", "source_outlet_count": 1, "entity_key": "Indian Air Force|other|Kathmandu", "geo_resolution": "palika", "geo_statement": "Located to Kathmandu local unit in Kathmandu district — anchored to the unit, not an exact site", "geo_match_name": null, "geo_match_osm_id": null, "geo_anchor_id": "92635248B69748389600023", "geo_anchor_name": "Kathmandu"}, "geometry": {"type": "Point", "coordinates": [85.32732598855569, 27.708680269500327]}}, {"type": "Feature", "properties": {"record_id": "c6a9d9cefbeeb82c", "table": "aid_delivery", "location_raw": "काठमांडू, नेपाल", "location_ne": "", "admin_level": "municipality", "district": "Kathmandu", "province": "Bagmati", "geo_basis": "text_explicit", "as_of": "2026-08-29", "as_of_basis": "stated", "first_reported": "2026-08-29", "last_reported": "2026-08-29", "confidence": "high", "confidence_note": "Explicit date and location (Kathmandu arrival).", "density": "1", "effective_sources": "1", "independent_origins": "1", "origin": "self:भारत (Government of India)", "origin_note": "single outlet", "corroboration": "single_source", "evidence_quote": "काठमांडू, 29 अगस्त (भाषा) नेपाल में अचानक आई भीषण बाढ़ के बाद स्थानीय अधिकारियों की सहायता के लिए 11 सदस्यीय भारतीय टीम शनिवार को काठमांडू पहुंची।", "evidence_quote_en": "An 11-member Indian team reached Kathmandu on Saturday to help local authorities after the sudden severe flood in Nepal.", "temporal_contamination_flag": "", "actor": "भारत (Government of India)", "actor_type": "government", "commodity": "medical", "quantity": "11.0", "unit": "personnel", "beneficiaries": "", "target_group": "local authorities in flood-affected areas", "self_reported": "True", "source_outlets": "ThePrint Hindi", "source_outlet_count": 1, "entity_key": "भारत (Government of India)|medical|Kathmandu", "geo_resolution": "district", "geo_statement": "Located to Kathmandu district only — the source names a place we could not resolve", "geo_match_name": null, "geo_match_osm_id": null, "geo_anchor_id": "79688334B75108943206003", "geo_anchor_name": "Kathmandu"}, "geometry": {"type": "Point", "coordinates": [85.26981408551208, 27.69905151590865]}}, {"type": "Feature", "properties": {"record_id": "c79a14a0802996c6", "table": "aid_delivery", "location_raw": "Kathmandu, Nepal", "location_ne": "", "admin_level": "municipality", "district": "Kathmandu", "province": "Bagmati", "geo_basis": "text_explicit", "as_of": "2026-08-29", "as_of_basis": "stated", "first_reported": "2026-08-29", "last_reported": "2026-08-29", "confidence": "high", "confidence_note": "Dateline confirms Kathmandu, August 29.", "density": "1", "effective_sources": "1", "independent_origins": "1", "origin": "self:Government of India", "origin_note": "single outlet", "corroboration": "single_source", "evidence_quote": "Kathmandu [Nepal], August 29 (ANI): An 11-member specialised medical and tunnel rescue team arrived in Nepal aboard the Indian Air Force's third assistance flight, marking a critical transition in India's disaster response from immediate supply delivery to complex, high-risk search and rescue operations.", "evidence_quote_en": "", "temporal_contamination_flag": "", "actor": "Government of India", "actor_type": "government", "commodity": "medical", "quantity": "11.0", "unit": "personnel", "beneficiaries": "", "target_group": "", "self_reported": "True", "source_outlets": "ANI News", "source_outlet_count": 1, "entity_key": "Government of India|medical|Kathmandu", "geo_resolution": "palika", "geo_statement": "Located to Kathmandu local unit in Kathmandu district — anchored to the unit, not an exact site", "geo_match_name": null, "geo_match_osm_id": null, "geo_anchor_id": "92635248B69748389600023", "geo_anchor_name": "Kathmandu"}, "geometry": {"type": "Point", "coordinates": [85.32732598855569, 27.708680269500327]}}, {"type": "Feature", "properties": {"record_id": "9c32cba26c84306e", "table": "aid_delivery", "location_raw": "Kavrepalanchok", "location_ne": "", "admin_level": "district", "district": "Kavrepalanchok", "province": "Bagmati", "geo_basis": "text_explicit", "as_of": "2026-08-27", "as_of_basis": "stated", "first_reported": "2026-08-28", "last_reported": "2026-08-28", "confidence": "high", "confidence_note": "Direct Relief's own account of its supply deployment to a named partner hospital.", "density": "1", "effective_sources": "1", "independent_origins": "1", "origin": "self:Direct Relief", "origin_note": "single outlet", "corroboration": "single_source", "evidence_quote": "Dhulikhel Hospital, a 475-bed facility in Kavrepalanchok east of Kathmandu, deployed medical staff on Thursday equipped with Direct Relief field medic packs and emergency supplies.", "evidence_quote_en": "", "temporal_contamination_flag": "", "actor": "Direct Relief", "actor_type": "INGO", "commodity": "medical", "quantity": "", "unit": "", "beneficiaries": "", "target_group": "patients evacuated from flood-affected communities", "self_reported": "True", "source_outlets": "Direct Relief", "source_outlet_count": 1, "entity_key": "Direct Relief|medical|Kavrepalanchok", "geo_resolution": "district", "geo_statement": "Located to Kabherepalanchok district only", "geo_match_name": null, "geo_match_osm_id": null, "geo_anchor_id": "79688334B6633706619717", "geo_anchor_name": "Kabherepalanchok"}, "geometry": {"type": "Point", "coordinates": [85.60127411023883, 27.54617456460494]}}, {"type": "Feature", "properties": {"record_id": "6ab72d0716775825", "table": "aid_delivery", "location_raw": "Dhulikhel, Kavrepalanchok", "location_ne": "", "admin_level": "municipality", "district": "Kavrepalanchok", "province": "Bagmati", "geo_basis": "text_explicit", "as_of": "2026-08-27", "as_of_basis": "inferred_from_text", "first_reported": "2026-08-28", "last_reported": "2026-08-28", "confidence": "high", "confidence_note": "Explicit location (Dhulikhel, Kavrepalanchok) and date (Thursday = 2026-08-27).", "density": "1", "effective_sources": "1", "independent_origins": "1", "origin": "self:Dhulikhel Hospital", "origin_note": "single outlet", "corroboration": "single_source", "evidence_quote": "Dhulikhel Hospital deployed medical staff Thursday equipped with Direct Relief-provided field medic packs and emergency supplies.", "evidence_quote_en": "", "temporal_contamination_flag": "", "actor": "Dhulikhel Hospital", "actor_type": "national_NGO", "commodity": "medical", "quantity": "", "unit": "", "beneficiaries": "", "target_group": "", "self_reported": "True", "source_outlets": "Direct Relief", "source_outlet_count": 1, "entity_key": "Dhulikhel Hospital|medical|Kavrepalanchok", "geo_resolution": "point", "geo_statement": "Matched \"Dhulikhel\" to a named OSM place in Kabherepalanchok", "geo_match_name": "धुलिखेल", "geo_match_osm_id": "node/1833834697", "geo_anchor_id": null, "geo_anchor_name": null}, "geometry": {"type": "Point", "coordinates": [85.552917, 27.618921]}}, {"type": "Feature", "properties": {"record_id": "f1df533125bb4a90", "table": "aid_delivery", "location_raw": "Nuwakot", "location_ne": "", "admin_level": "district", "district": "Nuwakot", "province": "Bagmati", "geo_basis": "text_explicit", "as_of": "2026-08-28", "as_of_basis": "inferred_from_text", "first_reported": "2026-08-28", "last_reported": "2026-08-28", "confidence": "high", "confidence_note": "District named directly; completed cash release, not a pledge.", "density": "22", "effective_sources": "19", "independent_origins": "19", "origin": "unattributed", "origin_note": "19 outlets, no reporting body named; independence not established", "corroboration": "independent", "evidence_quote": "The Nepalese government also released NPR 10 million each for Rasuwa and Nuwakot and NPR 5 million for Dhading for relief operations.", "evidence_quote_en": "", "temporal_contamination_flag": "False", "actor": "Government of Nepal", "actor_type": "government", "commodity": "cash", "quantity": "10.0", "unit": "NPR_million", "beneficiaries": "", "target_group": "", "self_reported": "False", "source_outlets": "The Tribune; The Statesman; Awaz The Voice; The News Mill; ANI News; LatestLY; Asianet Newsable; Deccan Chronicle; Ratopati; Hindustan Times; NepalNews; Deshsanchar; newsdrum.in; Hindusthan Samachar English", "source_outlet_count": 22, "entity_key": "Government of Nepal|cash|Nuwakot", "geo_resolution": "district", "geo_statement": "Located to Nuwakot district only", "geo_match_name": null, "geo_match_osm_id": null, "geo_anchor_id": "79688334B17077666187877", "geo_anchor_name": "Nuwakot"}, "geometry": {"type": "Point", "coordinates": [85.20729652963067, 27.936643231647253]}}, {"type": "Feature", "properties": {"record_id": "234d0f8d1d207471", "table": "aid_delivery", "location_raw": "Nuwakot (base camp)", "location_ne": "", "admin_level": "district", "district": "Nuwakot", "province": "Bagmati", "geo_basis": "text_explicit", "as_of": "2026-08-28", "as_of_basis": "article_date", "first_reported": "2026-08-28", "last_reported": "2026-08-28", "confidence": "high", "confidence_note": "Base camp district explicitly named (Nuwakot).", "density": "1", "effective_sources": "1", "independent_origins": "1", "origin": "media_own", "origin_note": "single outlet", "corroboration": "single_source", "evidence_quote": "‘सरकारले उद्धारको काम गरिरहेको छ । नुवाकोटलाई बेसक्याम्प बनाएर सेनाको नेतृत्वमा हवाई उद्धारको काम भइरहेको छ, यो सकारात्मक छ ।", "evidence_quote_en": "The government is carrying out rescue work. With Nuwakot made into a base camp, aerial rescue work led by the army is underway; this is positive.", "temporal_contamination_flag": "", "actor": "Nepal Army", "actor_type": "army", "commodity": "rescue", "quantity": "", "unit": "", "beneficiaries": "", "target_group": "", "self_reported": "False", "source_outlets": "Ratopati", "source_outlet_count": 1, "entity_key": "Nepal Army|rescue|Nuwakot", "geo_resolution": "district", "geo_statement": "Located to Nuwakot district only", "geo_match_name": null, "geo_match_osm_id": null, "geo_anchor_id": "79688334B17077666187877", "geo_anchor_name": "Nuwakot"}, "geometry": {"type": "Point", "coordinates": [85.20729652963067, 27.936643231647253]}}, {"type": "Feature", "properties": {"record_id": "7cba2766fcd2d20a", "table": "aid_delivery", "location_raw": "Trishuli", "location_ne": "", "admin_level": "district", "district": "Nuwakot", "province": "Bagmati", "geo_basis": "text_explicit", "as_of": "2026-08-28", "as_of_basis": "article_date", "first_reported": "2026-08-28", "last_reported": "2026-08-28", "confidence": "medium", "confidence_note": "", "density": "1", "effective_sources": "1", "independent_origins": "1", "origin": "media_own", "origin_note": "single outlet", "corroboration": "single_source", "evidence_quote": "A Mil Mi-17 inserted an emergency medical team from Birendra Hospital into Trishuli, casualties are being treated at the No. 1 Military Training Centre, and a BHISHM Cube field hospital stands prepared.", "evidence_quote_en": "", "temporal_contamination_flag": "False", "actor": "Nepali Army / Birendra Hospital", "actor_type": "army", "commodity": "medical", "quantity": "", "unit": "", "beneficiaries": "", "target_group": "", "self_reported": "", "source_outlets": "streamlinefeed.co.ke", "source_outlet_count": 1, "entity_key": "Nepali Army / Birendra Hospital|medical|Nuwakot", "geo_resolution": "district", "geo_statement": "Located to Nuwakot district only", "geo_match_name": null, "geo_match_osm_id": null, "geo_anchor_id": "79688334B17077666187877", "geo_anchor_name": "Nuwakot"}, "geometry": {"type": "Point", "coordinates": [85.20729652963067, 27.936643231647253]}}, {"type": "Feature", "properties": {"record_id": "43673c252071b99b", "table": "aid_delivery", "location_raw": "Nuwakot", "location_ne": "", "admin_level": "district", "district": "Nuwakot", "province": "Bagmati", "geo_basis": "text_explicit", "as_of": "2026-08-28", "as_of_basis": "article_date", "first_reported": "2026-08-28", "last_reported": "2026-08-28", "confidence": "high", "confidence_note": "Recipient Nepal Army camp explicitly located in Nuwakot.", "density": "1", "effective_sources": "1", "independent_origins": "1", "origin": "self:Kumari Bank", "origin_note": "single outlet", "corroboration": "single_source", "evidence_quote": "It has also provided around Rs 3.9 million worth of rescue and communication equipment, including five surveillance drones equipped with advanced cameras, three 5-kilowatt portable generators and 100 power banks, which have been sent for handover to a Nepal Army camp in Nuwakot.", "evidence_quote_en": "", "temporal_contamination_flag": "", "actor": "Kumari Bank", "actor_type": "private", "commodity": "other", "quantity": "3.9", "unit": "NPR_million", "beneficiaries": "", "target_group": "Nepal Army camp", "self_reported": "True", "source_outlets": "myRepublica", "source_outlet_count": 1, "entity_key": "Kumari Bank|other|Nuwakot", "geo_resolution": "district", "geo_statement": "Located to Nuwakot district only", "geo_match_name": null, "geo_match_osm_id": null, "geo_anchor_id": "79688334B17077666187877", "geo_anchor_name": "Nuwakot"}, "geometry": {"type": "Point", "coordinates": [85.20729652963067, 27.936643231647253]}}, {"type": "Feature", "properties": {"record_id": "28c515362282f2b3", "table": "aid_delivery", "location_raw": "Nuwakot", "location_ne": "", "admin_level": "district", "district": "Nuwakot", "province": "Bagmati", "geo_basis": "text_explicit", "as_of": "2026-08-28", "as_of_basis": "article_date", "first_reported": "2026-08-28", "last_reported": "2026-08-28", "confidence": "high", "confidence_note": "District named directly; explicitly 'sent'.", "density": "3", "effective_sources": "3", "independent_origins": "3", "origin": "unattributed", "origin_note": "3 outlets, no reporting body named; independence not established", "corroboration": "independent", "evidence_quote": "Another 17,000 litres of aviation fuel has been sent to Nuwakot.", "evidence_quote_en": "", "temporal_contamination_flag": "", "actor": "Government of Nepal", "actor_type": "government", "commodity": "fuel", "quantity": "17000.0", "unit": "litres (aviation fuel)", "beneficiaries": "", "target_group": "rescue operations", "self_reported": "False", "source_outlets": "ImageKhabar; Ratopati; The Tribune", "source_outlet_count": 3, "entity_key": "Government of Nepal|fuel|Nuwakot", "geo_resolution": "district", "geo_statement": "Located to Nuwakot district only", "geo_match_name": null, "geo_match_osm_id": null, "geo_anchor_id": "79688334B17077666187877", "geo_anchor_name": "Nuwakot"}, "geometry": {"type": "Point", "coordinates": [85.20729652963067, 27.936643231647253]}}, {"type": "Feature", "properties": {"record_id": "72a0b4ec97ebe90f", "table": "aid_delivery", "location_raw": "नुवाकोट", "location_ne": "", "admin_level": "district", "district": "Nuwakot", "province": "Bagmati", "geo_basis": "text_explicit", "as_of": "2026-08-28", "as_of_basis": "article_date", "first_reported": "2026-08-28", "last_reported": "2026-08-28", "confidence": "high", "confidence_note": "Kathmandu Upatyaka Khanepani Limited (public water utility), district explicit.", "density": "1", "effective_sources": "1", "independent_origins": "1", "origin": "self:KUKL", "origin_note": "single outlet", "corroboration": "single_source", "evidence_quote": "नुवाकोटमा KUKL का ४ वटा वाटर ट्याङ्कर परिचालन गरिएको छ भने सुरक्षित खानेपानीका लागि ९०० केजी ब्लिचिङ पाउडर प्रभावित क्षेत्रमा पठाइएको छ।", "evidence_quote_en": "", "temporal_contamination_flag": "", "actor": "KUKL", "actor_type": "government", "commodity": "water", "quantity": "4.0", "unit": "water tankers", "beneficiaries": "", "target_group": "", "self_reported": "True", "source_outlets": "ImageKhabar", "source_outlet_count": 1, "entity_key": "KUKL|water|Nuwakot", "geo_resolution": "district", "geo_statement": "Located to Nuwakot district only", "geo_match_name": null, "geo_match_osm_id": null, "geo_anchor_id": "79688334B17077666187877", "geo_anchor_name": "Nuwakot"}, "geometry": {"type": "Point", "coordinates": [85.20729652963067, 27.936643231647253]}}, {"type": "Feature", "properties": {"record_id": "c8c94ac6eb0da5c9", "table": "aid_delivery", "location_raw": "प्रभावित क्षेत्र (नुवाकोट)", "location_ne": "", "admin_level": "district", "district": "Nuwakot", "province": "Bagmati", "geo_basis": "text_explicit", "as_of": "2026-08-28", "as_of_basis": "article_date", "first_reported": "2026-08-28", "last_reported": "2026-08-28", "confidence": "high", "confidence_note": "For water purification; district explicit.", "density": "1", "effective_sources": "1", "independent_origins": "1", "origin": "self:Government of Nepal", "origin_note": "single outlet", "corroboration": "single_source", "evidence_quote": "सुरक्षित खानेपानीका लागि ९०० केजी ब्लिचिङ पाउडर प्रभावित क्षेत्रमा पठाइएको छ।", "evidence_quote_en": "", "temporal_contamination_flag": "", "actor": "Government of Nepal", "actor_type": "government", "commodity": "water", "quantity": "900.0", "unit": "kg (bleaching powder)", "beneficiaries": "", "target_group": "", "self_reported": "True", "source_outlets": "ImageKhabar", "source_outlet_count": 1, "entity_key": "Government of Nepal|water|Nuwakot", "geo_resolution": "district", "geo_statement": "Located to Nuwakot district only", "geo_match_name": null, "geo_match_osm_id": null, "geo_anchor_id": "79688334B17077666187877", "geo_anchor_name": "Nuwakot"}, "geometry": {"type": "Point", "coordinates": [85.20729652963067, 27.936643231647253]}}, {"type": "Feature", "properties": {"record_id": "38cfac2f36e9d64f", "table": "aid_delivery", "location_raw": "school in Nuwakot (temporary aid distribution center)", "location_ne": "", "admin_level": "settlement", "district": "Nuwakot", "province": "Bagmati", "geo_basis": "text_explicit", "as_of": "2026-08-28", "as_of_basis": "stated", "first_reported": "2026-08-28", "last_reported": "2026-08-28", "confidence": "low", "confidence_note": "Actor described only generically as 'nongovernmental organizations'; no name or exact type given; witnessed directly by AP.", "density": "1", "effective_sources": "1", "independent_origins": "1", "origin": "media_own", "origin_note": "single outlet", "corroboration": "single_source", "evidence_quote": "The Associated Press visited a school in Nuwakot that is being used as a temporary aid distribution center, where nongovernmental organizations distributed solar panels, clothes", "evidence_quote_en": "", "temporal_contamination_flag": "", "actor": "nongovernmental organizations", "actor_type": "national_NGO", "commodity": "shelter_NFI", "quantity": "", "unit": "", "beneficiaries": "", "target_group": "general", "self_reported": "False", "source_outlets": "AP News", "source_outlet_count": 1, "entity_key": "nongovernmental organizations|shelter_NFI|Nuwakot", "geo_resolution": "district", "geo_statement": "Located to Nuwakot district only — the source names a place we could not resolve", "geo_match_name": null, "geo_match_osm_id": null, "geo_anchor_id": "79688334B17077666187877", "geo_anchor_name": "Nuwakot"}, "geometry": {"type": "Point", "coordinates": [85.20729652963067, 27.936643231647253]}}, {"type": "Feature", "properties": {"record_id": "860004643e43abcf", "table": "aid_delivery", "location_raw": "त्रिशूली, नुवाकोट (Trishuli, Nuwakot)", "location_ne": "", "admin_level": "settlement", "district": "Nuwakot", "province": "Bagmati", "geo_basis": "text_explicit", "as_of": "2026-08-28", "as_of_basis": "article_date", "first_reported": "2026-08-28", "last_reported": "2026-08-28", "confidence": "high", "confidence_note": "Emergency treatment center count.", "density": "1", "effective_sources": "1", "independent_origins": "1", "origin": "self:Nepal Army", "origin_note": "single outlet", "corroboration": "single_source", "evidence_quote": "सेनाले नुवाकोटको त्रिशूलीमा आपतकालीन उपचार केन्द्र स्थापना गरेर ५८३ जना र फिल्ड एम्बुलेन्समार्फत रसुवाको धुन्चेमा ५६२ जनाको उपचार गरेको छ ।", "evidence_quote_en": "The army set up an emergency treatment center in Trishuli, Nuwakot, and treated 583 people, and treated 562 people via field ambulance in Dhunche, Rasuwa.", "temporal_contamination_flag": "", "actor": "Nepal Army", "actor_type": "army", "commodity": "medical", "quantity": "583.0", "unit": "", "beneficiaries": "583.0", "target_group": "flood-affected", "self_reported": "True", "source_outlets": "Ratopati", "source_outlet_count": 1, "entity_key": "Nepal Army|medical|Nuwakot", "geo_resolution": "point", "geo_statement": "Matched \"नुवाकोट\" to a named OSM place in Nuwakot", "geo_match_name": "नुवाकोट", "geo_match_osm_id": "node/3488022930", "geo_anchor_id": null, "geo_anchor_name": null}, "geometry": {"type": "Point", "coordinates": [85.1647073, 27.9151007]}}, {"type": "Feature", "properties": {"record_id": "c3a97a9d93d7871a", "table": "aid_delivery", "location_raw": "त्रिशूली, नुवाकोट (Trishuli, Nuwakot)", "location_ne": "", "admin_level": "settlement", "district": "Nuwakot", "province": "Bagmati", "geo_basis": "text_explicit", "as_of": "2026-08-28", "as_of_basis": "article_date", "first_reported": "2026-08-28", "last_reported": "2026-08-28", "confidence": "high", "confidence_note": "Relief materials not further itemized ('राहत सामग्री').", "density": "1", "effective_sources": "1", "independent_origins": "1", "origin": "self:Nepal Army", "origin_note": "single outlet", "corroboration": "single_source", "evidence_quote": "सेनाले २० वटा ट्रकबाट त्रिशूलीमा राहत सामग्री पुर्याएको छ ।", "evidence_quote_en": "The army has delivered relief materials to Trishuli via 20 trucks.", "temporal_contamination_flag": "", "actor": "Nepal Army", "actor_type": "army", "commodity": "other", "quantity": "20.0", "unit": "trucks", "beneficiaries": "", "target_group": "general", "self_reported": "True", "source_outlets": "Ratopati", "source_outlet_count": 1, "entity_key": "Nepal Army|other|Nuwakot", "geo_resolution": "point", "geo_statement": "Matched \"नुवाकोट\" to a named OSM place in Nuwakot", "geo_match_name": "नुवाकोट", "geo_match_osm_id": "node/3488022930", "geo_anchor_id": null, "geo_anchor_name": null}, "geometry": {"type": "Point", "coordinates": [85.1647073, 27.9151007]}}, {"type": "Feature", "properties": {"record_id": "53e299d90da95de1", "table": "aid_delivery", "location_raw": "त्रिशूली, नुवाकोट", "location_ne": "", "admin_level": "settlement", "district": "Nuwakot", "province": "Bagmati", "geo_basis": "text_explicit", "as_of": "2026-08-28", "as_of_basis": "article_date", "first_reported": "2026-08-28", "last_reported": "2026-08-28", "confidence": "high", "confidence_note": "Location (Trishuli, Nuwakot) and quantity explicitly stated by named army spokesperson.", "density": "1", "effective_sources": "1", "independent_origins": "1", "origin": "media_own", "origin_note": "single outlet", "corroboration": "single_source", "evidence_quote": "नेपाली सेना के प्रवक्ता सहायक मेजर जनरल राजाराम बस्नेत बताते हैं कि नेपाली सेना के 20 ट्रकों द्वारा त्रिशूली में राहत सामग्री ढुलाई की गई है।", "evidence_quote_en": "Nepal Army spokesperson Assistant Major General Rajaram Basnet says relief material has been transported to Trishuli by 20 Nepal Army trucks.", "temporal_contamination_flag": "False", "actor": "नेपाली सेना (Nepal Army)", "actor_type": "army", "commodity": "transport", "quantity": "20.0", "unit": "trucks", "beneficiaries": "", "target_group": "", "self_reported": "False", "source_outlets": "Ratopati", "source_outlet_count": 1, "entity_key": "नेपाली सेना (Nepal Army)|transport|Nuwakot", "geo_resolution": "point", "geo_statement": "Matched \"नुवाकोट\" to a named OSM place in Nuwakot", "geo_match_name": "नुवाकोट", "geo_match_osm_id": "node/3488022930", "geo_anchor_id": null, "geo_anchor_name": null}, "geometry": {"type": "Point", "coordinates": [85.1647073, 27.9151007]}}, {"type": "Feature", "properties": {"record_id": "be9e107102845b0e", "table": "aid_delivery", "location_raw": "Nuwakot district", "location_ne": "", "admin_level": "district", "district": "Nuwakot", "province": "Bagmati", "geo_basis": "text_explicit", "as_of": "2026-08-29", "as_of_basis": "article_date", "first_reported": "2026-08-29", "last_reported": "2026-08-29", "confidence": "high", "confidence_note": "Named district, running camp.", "density": "1", "effective_sources": "1", "independent_origins": "1", "origin": "media_own", "origin_note": "single outlet", "corroboration": "single_source", "evidence_quote": "घटनाकै दिनदेखि नुवाकोटमा विशेषज्ञ चिकित्सकसहित स्वास्थ्य शिविर सञ्चालन गरिएको छ। उक्त शिविरबाट हालसम्म १ सय ४३ जनाको उपचार गरिएको छ", "evidence_quote_en": "A health camp with specialist doctors has been operating in Nuwakot since the day of the incident. So far 143 people have been treated at that camp.", "temporal_contamination_flag": "", "actor": "Armed Police Force Nepal", "actor_type": "police", "commodity": "medical", "quantity": "143.0", "unit": "people_treated", "beneficiaries": "143.0", "target_group": "", "self_reported": "", "source_outlets": "Onlinekhabar", "source_outlet_count": 1, "entity_key": "Armed Police Force Nepal|medical|Nuwakot", "geo_resolution": "district", "geo_statement": "Located to Nuwakot district only", "geo_match_name": null, "geo_match_osm_id": null, "geo_anchor_id": "79688334B17077666187877", "geo_anchor_name": "Nuwakot"}, "geometry": {"type": "Point", "coordinates": [85.20729652963067, 27.936643231647253]}}, {"type": "Feature", "properties": {"record_id": "d538a7495e45df97", "table": "aid_delivery", "location_raw": "Nuwakot district", "location_ne": "", "admin_level": "district", "district": "Nuwakot", "province": "Bagmati", "geo_basis": "text_explicit", "as_of": "2026-08-29", "as_of_basis": "stated", "first_reported": "2026-08-29", "last_reported": "2026-08-29", "confidence": "high", "confidence_note": "Government cash relief already provided (past tense), not a pledge.", "density": "3", "effective_sources": "3", "independent_origins": "3", "origin": "unattributed", "origin_note": "3 outlets, no reporting body named; independence not established", "corroboration": "independent", "evidence_quote": "नेपाल सरकारबाट रसुवा र नुवाकोटलाई १–१ करोड तथा धादिङलाई ५० लाख रुपैयाँ नगद राहत उपलब्ध गराइएको छ", "evidence_quote_en": "The Government of Nepal has provided cash relief of 1 crore rupees each to Rasuwa and Nuwakot, and 50 lakh rupees to Dhading.", "temporal_contamination_flag": "", "actor": "Government of Nepal", "actor_type": "government", "commodity": "cash", "quantity": "1.0", "unit": "NPR_crore", "beneficiaries": "", "target_group": "", "self_reported": "", "source_outlets": "Ratopati; Daily Finland; myRepublica", "source_outlet_count": 3, "entity_key": "Government of Nepal|cash|Nuwakot", "geo_resolution": "district", "geo_statement": "Located to Nuwakot district only", "geo_match_name": null, "geo_match_osm_id": null, "geo_anchor_id": "79688334B17077666187877", "geo_anchor_name": "Nuwakot"}, "geometry": {"type": "Point", "coordinates": [85.20729652963067, 27.936643231647253]}}, {"type": "Feature", "properties": {"record_id": "45f5cf7f8216e8bf", "table": "aid_delivery", "location_raw": "Nuwakot district", "location_ne": "", "admin_level": "district", "district": "Nuwakot", "province": "Bagmati", "geo_basis": "text_explicit", "as_of": "2026-08-29", "as_of_basis": "stated", "first_reported": "2026-08-29", "last_reported": "2026-08-29", "confidence": "high", "confidence_note": "Aviation fuel already sent (completed), supporting helicopter rescue operations.", "density": "1", "effective_sources": "1", "independent_origins": "1", "origin": "media_own", "origin_note": "single outlet", "corroboration": "single_source", "evidence_quote": "हवाई इन्धनतर्फ ३९ हजार लिटर नुवाकोट पठाइसकिएको छ", "evidence_quote_en": "39,000 litres of aviation fuel have already been sent to Nuwakot.", "temporal_contamination_flag": "", "actor": "Government of Nepal", "actor_type": "government", "commodity": "fuel", "quantity": "39000.0", "unit": "litres", "beneficiaries": "", "target_group": "", "self_reported": "", "source_outlets": "Ratopati", "source_outlet_count": 1, "entity_key": "Government of Nepal|fuel|Nuwakot", "geo_resolution": "district", "geo_statement": "Located to Nuwakot district only", "geo_match_name": null, "geo_match_osm_id": null, "geo_anchor_id": "79688334B17077666187877", "geo_anchor_name": "Nuwakot"}, "geometry": {"type": "Point", "coordinates": [85.20729652963067, 27.936643231647253]}}, {"type": "Feature", "properties": {"record_id": "87e38d9671e40adc", "table": "aid_delivery", "location_raw": "Nuwakot district", "location_ne": "", "admin_level": "district", "district": "Nuwakot", "province": "Bagmati", "geo_basis": "text_explicit", "as_of": "2026-08-29", "as_of_basis": "article_date", "first_reported": "2026-08-29", "last_reported": "2026-08-29", "confidence": "high", "confidence_note": "UN's own deployment of emergency supplies to Nuwakot.", "density": "1", "effective_sources": "1", "independent_origins": "1", "origin": "self:United Nations / UNICEF", "origin_note": "single outlet", "corroboration": "single_source", "evidence_quote": "The United Nations has deployed emergency supplies to Nepal's flood-devastated Nuwakot district as the displaced families, including women and young children, await relief.", "evidence_quote_en": "", "temporal_contamination_flag": "False", "actor": "United Nations / UNICEF", "actor_type": "UN", "commodity": "shelter_NFI", "quantity": "", "unit": "", "beneficiaries": "", "target_group": "displaced families including women and young children", "self_reported": "True", "source_outlets": "The Daily Jagran", "source_outlet_count": 1, "entity_key": "United Nations / UNICEF|shelter_NFI|Nuwakot", "geo_resolution": "district", "geo_statement": "Located to Nuwakot district only", "geo_match_name": null, "geo_match_osm_id": null, "geo_anchor_id": "79688334B17077666187877", "geo_anchor_name": "Nuwakot"}, "geometry": {"type": "Point", "coordinates": [85.20729652963067, 27.936643231647253]}}, {"type": "Feature", "properties": {"record_id": "8d4c60c4aa2f6375", "table": "aid_delivery", "location_raw": "Nuwakot", "location_ne": "", "admin_level": "district", "district": "Nuwakot", "province": "Bagmati", "geo_basis": "text_explicit", "as_of": "2026-08-29", "as_of_basis": "article_date", "first_reported": "2026-08-29", "last_reported": "2026-08-29", "confidence": "medium", "confidence_note": "Diesel stock maintained at Nuwakot oil stores to support operations.", "density": "1", "effective_sources": "1", "independent_origins": "1", "origin": "self:Government of Nepal (authorities)", "origin_note": "single outlet", "corroboration": "single_source", "evidence_quote": "Nuwakot has 41,000 litres of diesel and 24,000 litres of petrol in stock at the Bhairavi, Suryamati and Panchakanya oil stores.", "evidence_quote_en": "", "temporal_contamination_flag": "False", "actor": "Government of Nepal (authorities)", "actor_type": "government", "commodity": "fuel", "quantity": "41000.0", "unit": "litres (diesel)", "beneficiaries": "", "target_group": "", "self_reported": "True", "source_outlets": "Daily Finland", "source_outlet_count": 1, "entity_key": "Government of Nepal (authorities)|fuel|Nuwakot", "geo_resolution": "district", "geo_statement": "Located to Nuwakot district only", "geo_match_name": null, "geo_match_osm_id": null, "geo_anchor_id": "79688334B17077666187877", "geo_anchor_name": "Nuwakot"}, "geometry": {"type": "Point", "coordinates": [85.20729652963067, 27.936643231647253]}}, {"type": "Feature", "properties": {"record_id": "8c59759646bf83f1", "table": "aid_delivery", "location_raw": "Nuwakot", "location_ne": "", "admin_level": "district", "district": "Nuwakot", "province": "Bagmati", "geo_basis": "text_explicit", "as_of": "2026-08-29", "as_of_basis": "article_date", "first_reported": "2026-08-29", "last_reported": "2026-08-29", "confidence": "medium", "confidence_note": "Diesel stock at Nuwakot oil stores.", "density": "1", "effective_sources": "1", "independent_origins": "1", "origin": "self:Relief agencies", "origin_note": "single outlet", "corroboration": "single_source", "evidence_quote": "Fuel supplies have been sent to Nuwakot, where petrol stations including Bahiravi, Suryamati and Panchkanya oil stores have 41,000 litres of diesel and 24,000 litres of petrol in stock.", "evidence_quote_en": "", "temporal_contamination_flag": "False", "actor": "Relief agencies", "actor_type": "government", "commodity": "fuel", "quantity": "41000.0", "unit": "litres (diesel)", "beneficiaries": "", "target_group": "", "self_reported": "True", "source_outlets": "myRepublica", "source_outlet_count": 1, "entity_key": "Relief agencies|fuel|Nuwakot", "geo_resolution": "district", "geo_statement": "Located to Nuwakot district only", "geo_match_name": null, "geo_match_osm_id": null, "geo_anchor_id": "79688334B17077666187877", "geo_anchor_name": "Nuwakot"}, "geometry": {"type": "Point", "coordinates": [85.20729652963067, 27.936643231647253]}}, {"type": "Feature", "properties": {"record_id": "54033c737ce0f7a6", "table": "aid_delivery", "location_raw": "Nuwakot", "location_ne": "", "admin_level": "district", "district": "Nuwakot", "province": "Bagmati", "geo_basis": "text_explicit", "as_of": "2026-08-29", "as_of_basis": "article_date", "first_reported": "2026-08-29", "last_reported": "2026-08-29", "confidence": "high", "confidence_note": "District named directly.", "density": "1", "effective_sources": "1", "independent_origins": "1", "origin": "self:KUKL", "origin_note": "single outlet", "corroboration": "single_source", "evidence_quote": "The Nepalese Prime Minister said four KUKL water tankers have been deployed in Nuwakot", "evidence_quote_en": "", "temporal_contamination_flag": "", "actor": "KUKL", "actor_type": "government", "commodity": "water", "quantity": "4.0", "unit": "tankers", "beneficiaries": "", "target_group": "", "self_reported": "True", "source_outlets": "India's News.Net", "source_outlet_count": 1, "entity_key": "KUKL|water|Nuwakot", "geo_resolution": "district", "geo_statement": "Located to Nuwakot district only", "geo_match_name": null, "geo_match_osm_id": null, "geo_anchor_id": "79688334B17077666187877", "geo_anchor_name": "Nuwakot"}, "geometry": {"type": "Point", "coordinates": [85.20729652963067, 27.936643231647253]}}, {"type": "Feature", "properties": {"record_id": "eeb375344d6a080e", "table": "aid_delivery", "location_raw": "Timure", "location_ne": "", "admin_level": "settlement", "district": "Rasuwa", "province": "Bagmati", "geo_basis": "text_adjacent", "as_of": "2026-08-26", "as_of_basis": "inferred_from_text", "first_reported": "2026-08-28", "last_reported": "2026-08-28", "confidence": "low", "confidence_note": "Timure named earlier in the article as the location of this survivor's escape; no quantity given for the noodle packets. The source sentence named an individual survivor; that name is redacted to [name] in the quote.", "density": "3", "effective_sources": "1", "independent_origins": "1", "origin": "media_own", "origin_note": "single outlet", "corroboration": "syndicated", "evidence_quote": "Unable to be rescued during the day, [name] and others spent Wednesday night in a forest, surviving on packets of noodles dropped by a Nepal Army helicopter, according to the report.", "evidence_quote_en": "", "temporal_contamination_flag": "", "actor": "Nepal Army", "actor_type": "army", "commodity": "food", "quantity": "", "unit": "", "beneficiaries": "", "target_group": "", "self_reported": "False", "source_outlets": "Deccan Chronicle; Kashmir Observer; inkl", "source_outlet_count": 3, "entity_key": "Nepal Army|food|Rasuwa", "geo_resolution": "point", "geo_statement": "Matched \"Timure\" to a named OSM place in Rasuwa", "geo_match_name": "टिमुरे", "geo_match_osm_id": "node/2553894641", "geo_anchor_id": null, "geo_anchor_name": null}, "geometry": {"type": "Point", "coordinates": [85.3666715, 28.2528483]}}, {"type": "Feature", "properties": {"record_id": "e0f9e8dcefcef9af", "table": "aid_delivery", "location_raw": "Rasuwa", "location_ne": "", "admin_level": "district", "district": "Rasuwa", "province": "Bagmati", "geo_basis": "text_explicit", "as_of": "2026-08-26", "as_of_basis": "inferred_from_text", "first_reported": "2026-08-28", "last_reported": "2026-08-28", "confidence": "high", "confidence_note": "Date converted from \"Wednesday night\" stated in this article; article published Aug 27 places Wednesday as Aug 26.", "density": "1", "effective_sources": "1", "independent_origins": "1", "origin": "self:Government of India", "origin_note": "single outlet", "corroboration": "single_source", "evidence_quote": "The Government of India had earlier sent 10 tonnes of relief materials to Nepal on Wednesday night for those affected by floods in Rasuwa.", "evidence_quote_en": "", "temporal_contamination_flag": "", "actor": "Government of India", "actor_type": "government", "commodity": "other", "quantity": "10.0", "unit": "tonnes", "beneficiaries": "", "target_group": "flood victims in Rasuwa", "self_reported": "True", "source_outlets": "The Rising Nepal", "source_outlet_count": 1, "entity_key": "Government of India|other|Rasuwa", "geo_resolution": "district", "geo_statement": "Located to Rasuwa district only", "geo_match_name": null, "geo_match_osm_id": null, "geo_anchor_id": "79688334B50883418539268", "geo_anchor_name": "Rasuwa"}, "geometry": {"type": "Point", "coordinates": [85.43275923020244, 28.17010993431697]}}, {"type": "Feature", "properties": {"record_id": "812ad44f9db5a9f9", "table": "aid_delivery", "location_raw": "Rasuwa", "location_ne": "", "admin_level": "district", "district": "Rasuwa", "province": "Bagmati", "geo_basis": "text_explicit", "as_of": "2026-08-27", "as_of_basis": "inferred_from_text", "first_reported": "2026-08-28", "last_reported": "2026-08-28", "confidence": "high", "confidence_note": "For road-clearing work; Ministry of Infrastructure Development press release.", "density": "1", "effective_sources": "1", "independent_origins": "1", "origin": "media_own", "origin_note": "single outlet", "corroboration": "single_source", "evidence_quote": "a total of 20 pieces of equipment have been deployed, with 10 provided by the government and 10 by the private sector", "evidence_quote_en": "", "temporal_contamination_flag": "False", "actor": "Government of Nepal", "actor_type": "government", "commodity": "other", "quantity": "10.0", "unit": "equipment pieces", "beneficiaries": "", "target_group": "", "self_reported": "False", "source_outlets": "Deshsanchar", "source_outlet_count": 1, "entity_key": "Government of Nepal|other|Rasuwa", "geo_resolution": "district", "geo_statement": "Located to Rasuwa district only", "geo_match_name": null, "geo_match_osm_id": null, "geo_anchor_id": "79688334B50883418539268", "geo_anchor_name": "Rasuwa"}, "geometry": {"type": "Point", "coordinates": [85.43275923020244, 28.17010993431697]}}, {"type": "Feature", "properties": {"record_id": "b7fe822e34b0efb5", "table": "aid_delivery", "location_raw": "Rasuwa", "location_ne": "", "admin_level": "district", "district": "Rasuwa", "province": "Bagmati", "geo_basis": "text_explicit", "as_of": "2026-08-27", "as_of_basis": "inferred_from_text", "first_reported": "2026-08-28", "last_reported": "2026-08-28", "confidence": "high", "confidence_note": "For road-clearing work; Ministry of Infrastructure Development press release.", "density": "1", "effective_sources": "1", "independent_origins": "1", "origin": "media_own", "origin_note": "single outlet", "corroboration": "single_source", "evidence_quote": "a total of 20 pieces of equipment have been deployed, with 10 provided by the government and 10 by the private sector", "evidence_quote_en": "", "temporal_contamination_flag": "False", "actor": "private sector", "actor_type": "private", "commodity": "other", "quantity": "10.0", "unit": "equipment pieces", "beneficiaries": "", "target_group": "", "self_reported": "False", "source_outlets": "Deshsanchar", "source_outlet_count": 1, "entity_key": "private sector|other|Rasuwa", "geo_resolution": "district", "geo_statement": "Located to Rasuwa district only", "geo_match_name": null, "geo_match_osm_id": null, "geo_anchor_id": "79688334B50883418539268", "geo_anchor_name": "Rasuwa"}, "geometry": {"type": "Point", "coordinates": [85.43275923020244, 28.17010993431697]}}, {"type": "Feature", "properties": {"record_id": "f3434f7add1ef3d6", "table": "aid_delivery", "location_raw": "Rasuwa", "location_ne": "", "admin_level": "district", "district": "Rasuwa", "province": "Bagmati", "geo_basis": "text_explicit", "as_of": "2026-08-27", "as_of_basis": "stated", "first_reported": "2026-08-28", "last_reported": "2026-08-28", "confidence": "high", "confidence_note": "Jaishankar's own statement naming Rasuwa as destination of the second-phase shipment.", "density": "1", "effective_sources": "1", "independent_origins": "1", "origin": "self:Government of India", "origin_note": "single outlet", "corroboration": "single_source", "evidence_quote": "\"A second flight has just taken off, carrying 37.5 tonnes of HADR material, medicines & food packets for Nepal.", "evidence_quote_en": "", "temporal_contamination_flag": "", "actor": "Government of India", "actor_type": "government", "commodity": "other", "quantity": "37.5", "unit": "tonnes", "beneficiaries": "", "target_group": "flood victims in Rasuwa", "self_reported": "True", "source_outlets": "The Rising Nepal", "source_outlet_count": 1, "entity_key": "Government of India|other|Rasuwa", "geo_resolution": "district", "geo_statement": "Located to Rasuwa district only", "geo_match_name": null, "geo_match_osm_id": null, "geo_anchor_id": "79688334B50883418539268", "geo_anchor_name": "Rasuwa"}, "geometry": {"type": "Point", "coordinates": [85.43275923020244, 28.17010993431697]}}, {"type": "Feature", "properties": {"record_id": "8ecac57363d17c86", "table": "aid_delivery", "location_raw": "Rasuwa", "location_ne": "", "admin_level": "district", "district": "Rasuwa", "province": "Bagmati", "geo_basis": "text_explicit", "as_of": "2026-08-28", "as_of_basis": "inferred_from_text", "first_reported": "2026-08-28", "last_reported": "2026-08-28", "confidence": "high", "confidence_note": "District named directly; completed cash release, not a pledge.", "density": "22", "effective_sources": "19", "independent_origins": "19", "origin": "unattributed", "origin_note": "19 outlets, no reporting body named; independence not established", "corroboration": "independent", "evidence_quote": "The Nepalese government also released NPR 10 million each for Rasuwa and Nuwakot and NPR 5 million for Dhading for relief operations.", "evidence_quote_en": "", "temporal_contamination_flag": "False", "actor": "Government of Nepal", "actor_type": "government", "commodity": "cash", "quantity": "10.0", "unit": "NPR_million", "beneficiaries": "", "target_group": "", "self_reported": "False", "source_outlets": "The Tribune; The Statesman; Awaz The Voice; The News Mill; ANI News; LatestLY; Asianet Newsable; Deccan Chronicle; Ratopati; Hindustan Times; NepalNews; Deshsanchar; newsdrum.in; Hindusthan Samachar English", "source_outlet_count": 22, "entity_key": "Government of Nepal|cash|Rasuwa", "geo_resolution": "district", "geo_statement": "Located to Rasuwa district only", "geo_match_name": null, "geo_match_osm_id": null, "geo_anchor_id": "79688334B50883418539268", "geo_anchor_name": "Rasuwa"}, "geometry": {"type": "Point", "coordinates": [85.43275923020244, 28.17010993431697]}}, {"type": "Feature", "properties": {"record_id": "85eb9a02f9ba6478", "table": "aid_delivery", "location_raw": "Rasuwagadhi border crossing", "location_ne": "", "admin_level": "settlement", "district": "Rasuwa", "province": "Bagmati", "geo_basis": "text_adjacent", "as_of": "2026-08-28", "as_of_basis": "article_date", "first_reported": "2026-08-28", "last_reported": "2026-08-28", "confidence": "medium", "confidence_note": "Location inferred from adjacent Rasuwagadhi context. Quantity omitted — quote implies a single structure grammatically (\"a first structure\") but does not state a number.", "density": "1", "effective_sources": "1", "independent_origins": "1", "origin": "media_own", "origin_note": "single outlet", "corroboration": "single_source", "evidence_quote": "India has already sent a first structure along with a team of specialized technicians, and the rest of the equipment committed will gradually arrive in the disaster areas.", "evidence_quote_en": "", "temporal_contamination_flag": "", "actor": "Government of India", "actor_type": "government", "commodity": "other", "quantity": "", "unit": "", "beneficiaries": "", "target_group": "border crossing restoration", "self_reported": "False", "source_outlets": "teleSUR English", "source_outlet_count": 1, "entity_key": "Government of India|other|Rasuwa", "geo_resolution": "district", "geo_statement": "Located to Rasuwa district only — the source names a place we could not resolve", "geo_match_name": null, "geo_match_osm_id": null, "geo_anchor_id": "79688334B50883418539268", "geo_anchor_name": "Rasuwa"}, "geometry": {"type": "Point", "coordinates": [85.43275923020244, 28.17010993431697]}}, {"type": "Feature", "properties": {"record_id": "a039c91fbe0e306a", "table": "aid_delivery", "location_raw": "धुन्चे, रसुवा (Dhunche, Rasuwa)", "location_ne": "", "admin_level": "settlement", "district": "Rasuwa", "province": "Bagmati", "geo_basis": "text_explicit", "as_of": "2026-08-28", "as_of_basis": "article_date", "first_reported": "2026-08-28", "last_reported": "2026-08-28", "confidence": "high", "confidence_note": "Field ambulance treatment count in Dhunche.", "density": "1", "effective_sources": "1", "independent_origins": "1", "origin": "self:Nepal Army", "origin_note": "single outlet", "corroboration": "single_source", "evidence_quote": "सेनाले नुवाकोटको त्रिशूलीमा आपतकालीन उपचार केन्द्र स्थापना गरेर ५८३ जना र फिल्ड एम्बुलेन्समार्फत रसुवाको धुन्चेमा ५६२ जनाको उपचार गरेको छ ।", "evidence_quote_en": "The army set up an emergency treatment center in Trishuli, Nuwakot, and treated 583 people, and treated 562 people via field ambulance in Dhunche, Rasuwa.", "temporal_contamination_flag": "", "actor": "Nepal Army", "actor_type": "army", "commodity": "medical", "quantity": "562.0", "unit": "", "beneficiaries": "562.0", "target_group": "flood-affected", "self_reported": "True", "source_outlets": "Ratopati", "source_outlet_count": 1, "entity_key": "Nepal Army|medical|Rasuwa", "geo_resolution": "point", "geo_statement": "Matched \"Dhunche\" to a named OSM place in Rasuwa", "geo_match_name": "धुन्चे", "geo_match_osm_id": "node/10315965426", "geo_anchor_id": null, "geo_anchor_name": null}, "geometry": {"type": "Point", "coordinates": [85.2960583, 28.1127948]}}, {"type": "Feature", "properties": {"record_id": "cf56503b3e62a399", "table": "aid_delivery", "location_raw": "उत्तरगया गाउँपालिका (Uttargaya Rural Municipality), रसुवा", "location_ne": "", "admin_level": "rural_municipality", "district": "Rasuwa", "province": "Bagmati", "geo_basis": "text_explicit", "as_of": "2026-08-28", "as_of_basis": "article_date", "first_reported": "2026-08-28", "last_reported": "2026-08-28", "confidence": "high", "confidence_note": "Completed delivery ('पठाएको' = sent), quantity not numerically stated.", "density": "1", "effective_sources": "1", "independent_origins": "1", "origin": "media_own", "origin_note": "single outlet", "corroboration": "single_source", "evidence_quote": "छिमेकी कालिका र नौकुण्ड गाउँपालिकाले पठाएको खाद्यान्नले अब तीन दिनलाई मात्र धान्ने स्थिति छ।", "evidence_quote_en": "Food sent by neighboring Kalika and Naukunda rural municipalities will only last three more days.", "temporal_contamination_flag": "", "actor": "कालिका र नौकुण्ड गाउँपालिका (Kalika and Naukunda Rural Municipalities)", "actor_type": "government", "commodity": "food", "quantity": "", "unit": "", "beneficiaries": "", "target_group": "Uttargaya flood-affected", "self_reported": "False", "source_outlets": "Deshsanchar", "source_outlet_count": 1, "entity_key": "कालिका र नौकुण्ड गाउँपालिका (Kalika and Naukunda Rural Municipalities)|food|Rasuwa", "geo_resolution": "point", "geo_statement": "Matched \"Uttargaya\" to a named OSM place in Rasuwa", "geo_match_name": "उत्तरगया", "geo_match_osm_id": "node/13242877440", "geo_anchor_id": null, "geo_anchor_name": null}, "geometry": {"type": "Point", "coordinates": [85.1951685, 28.0116144]}}, {"type": "Feature", "properties": {"record_id": "17a17dcd3aa73f83", "table": "aid_delivery", "location_raw": "Rasuwa road network", "location_ne": "", "admin_level": "district", "district": "Rasuwa", "province": "Bagmati", "geo_basis": "text_adjacent", "as_of": "2026-08-28", "as_of_basis": "article_date", "first_reported": "2026-08-28", "last_reported": "2026-08-28", "confidence": "medium", "confidence_note": "Mobilisation reported for the Rasuwa road-clearance effort described in the same article.", "density": "1", "effective_sources": "1", "independent_origins": "1", "origin": "self:Department of Roads / private sector", "origin_note": "single outlet", "corroboration": "single_source", "evidence_quote": "A total of 20 units of heavy equipment have been mobilized to accelerate road clearance and restoration efforts, including 10 units from government agencies and 10 from the private sector.", "evidence_quote_en": "", "temporal_contamination_flag": "", "actor": "Department of Roads / private sector", "actor_type": "government", "commodity": "transport", "quantity": "20.0", "unit": "units of heavy equipment", "beneficiaries": "", "target_group": "road users in Rasuwa", "self_reported": "True", "source_outlets": "Khabarhub", "source_outlet_count": 1, "entity_key": "Department of Roads / private sector|transport|Rasuwa", "geo_resolution": "district", "geo_statement": "Located to Rasuwa district only", "geo_match_name": null, "geo_match_osm_id": null, "geo_anchor_id": "79688334B50883418539268", "geo_anchor_name": "Rasuwa"}, "geometry": {"type": "Point", "coordinates": [85.43275923020244, 28.17010993431697]}}, {"type": "Feature", "properties": {"record_id": "c668d34827729760", "table": "aid_delivery", "location_raw": "रसुवा", "location_ne": "", "admin_level": "district", "district": "Rasuwa", "province": "Bagmati", "geo_basis": "text_explicit", "as_of": "2026-08-28", "as_of_basis": "stated", "first_reported": "2026-08-28", "last_reported": "2026-08-28", "confidence": "medium", "confidence_note": "Dateline \"12 Bhadra\" maps to 28 Aug 2026 (per event start \"10 Bhadra\" = 26 Aug 2026 stated elsewhere in shard); fund is national but purpose is explicitly Rasuwa flood relief.", "density": "1", "effective_sources": "1", "independent_origins": "1", "origin": "media_own", "origin_note": "single outlet", "corroboration": "single_source", "evidence_quote": "रसुवा बाढीका कारण प्रभावित नागरिकहरूको उद्धार, राहत तथा पुनःस्थापनामा लागि त्रिवेणी समूहले प्रधानमन्त्री दैवी प्रकोप उद्धार कोषमा २ करोड ११ लाख रुपैयाँ सहयोग गरेको छ।", "evidence_quote_en": "For the rescue, relief and rehabilitation of citizens affected by the Rasuwa flood, Triveni Group has contributed NPR 21,100,000 (2 crore 11 lakh rupees) to the Prime Minister Disaster Relief Fund.", "temporal_contamination_flag": "False", "actor": "त्रिवेणी समूह (Triveni Group)", "actor_type": "private", "commodity": "cash", "quantity": "21100000.0", "unit": "NPR", "beneficiaries": "", "target_group": "general", "self_reported": "False", "source_outlets": "Onlinekhabar", "source_outlet_count": 1, "entity_key": "त्रिवेणी समूह (Triveni Group)|cash|Rasuwa", "geo_resolution": "district", "geo_statement": "Located to Rasuwa district only", "geo_match_name": null, "geo_match_osm_id": null, "geo_anchor_id": "79688334B50883418539268", "geo_anchor_name": "Rasuwa"}, "geometry": {"type": "Point", "coordinates": [85.43275923020244, 28.17010993431697]}}, {"type": "Feature", "properties": {"record_id": "9ffc333e6d2c360b", "table": "aid_delivery", "location_raw": "रसुवा र नुवाकोट", "location_ne": "", "admin_level": "district", "district": "Rasuwa", "province": "Bagmati", "geo_basis": "text_adjacent", "as_of": "2026-08-28", "as_of_basis": "article_date", "first_reported": "2026-08-28", "last_reported": "2026-08-28", "confidence": "medium", "confidence_note": "Main rescue work is centred on Rasuwa and Nuwakot districts per article; Nuwakot also involved but Rasuwa recorded as primary.", "density": "1", "effective_sources": "1", "independent_origins": "1", "origin": "media_own", "origin_note": "single outlet", "corroboration": "single_source", "evidence_quote": "करिब १५ हजार सुरक्षाकर्मी परिचालन गरेर भइरहेको भनिएको खोज तथा उद्धारमा नेपाली सेना, सशस्त्र प्रहरी र नेपाल प्रहरी खटिएका बताइएको छ।", "evidence_quote_en": "It is said that approximately 15,000 security personnel have been mobilised in the search and rescue operation, deployed from the Nepal Army, Armed Police Force and Nepal Police.", "temporal_contamination_flag": "False", "actor": "नेपाली सेना, सशस्त्र प्रहरी र नेपाल प्रहरी (Nepal Army, Armed Police Force, Nepal Police)", "actor_type": "government", "commodity": "rescue", "quantity": "15000.0", "unit": "personnel", "beneficiaries": "", "target_group": "", "self_reported": "False", "source_outlets": "BBC Nepali", "source_outlet_count": 1, "entity_key": "नेपाली सेना, सशस्त्र प्रहरी र नेपाल प्रहरी (Nepal Army, Armed Police Force, Nepal Police)|rescue|Rasuwa", "geo_resolution": "district", "geo_statement": "Located to Rasuwa district only", "geo_match_name": null, "geo_match_osm_id": null, "geo_anchor_id": "79688334B50883418539268", "geo_anchor_name": "Rasuwa"}, "geometry": {"type": "Point", "coordinates": [85.43275923020244, 28.17010993431697]}}, {"type": "Feature", "properties": {"record_id": "1def0be8c74eefff", "table": "aid_delivery", "location_raw": "Bogatitar (Nilkantha Secondary School)", "location_ne": "", "admin_level": "settlement", "district": "Rasuwa", "province": "Bagmati", "geo_basis": "text_adjacent", "as_of": "2026-08-28", "as_of_basis": "article_date", "first_reported": "2026-08-28", "last_reported": "2026-08-28", "confidence": "high", "confidence_note": "Completed provision (not a pledge), tied to the Nilkantha school shelter context.", "density": "1", "effective_sources": "1", "independent_origins": "1", "origin": "media_own", "origin_note": "single outlet", "corroboration": "single_source", "evidence_quote": "The Kalika and Naukunda rural municipalities have provided food and other essential supplies, which are expected to last for approximately three more days", "evidence_quote_en": "", "temporal_contamination_flag": "False", "actor": "Kalika and Naukunda rural municipalities", "actor_type": "government", "commodity": "food", "quantity": "", "unit": "", "beneficiaries": "", "target_group": "", "self_reported": "False", "source_outlets": "The Climate Watch", "source_outlet_count": 1, "entity_key": "Kalika and Naukunda rural municipalities|food|Rasuwa", "geo_resolution": "district", "geo_statement": "Located to Rasuwa district only — the source names a place we could not resolve", "geo_match_name": null, "geo_match_osm_id": null, "geo_anchor_id": "79688334B50883418539268", "geo_anchor_name": "Rasuwa"}, "geometry": {"type": "Point", "coordinates": [85.43275923020244, 28.17010993431697]}}, {"type": "Feature", "properties": {"record_id": "71b6241022f89b1a", "table": "aid_delivery", "location_raw": "Rasuwa district (flood-affected areas)", "location_ne": "", "admin_level": "district", "district": "Rasuwa", "province": "Bagmati", "geo_basis": "text_explicit", "as_of": "2026-08-28", "as_of_basis": "article_date", "first_reported": "2026-08-28", "last_reported": "2026-08-28", "confidence": "medium", "confidence_note": "Relief materials described as 'being sent' (in transit) rather than confirmed handed over.", "density": "1", "effective_sources": "1", "independent_origins": "1", "origin": "self:Government of Nepal", "origin_note": "single outlet", "corroboration": "single_source", "evidence_quote": "More than 10 truckloads of relief materials are also being sent to the flood-affected areas, he said.", "evidence_quote_en": "", "temporal_contamination_flag": "", "actor": "Government of Nepal", "actor_type": "government", "commodity": "other", "quantity": "10.0", "unit": "truckloads", "beneficiaries": "", "target_group": "", "self_reported": "True", "source_outlets": "OnlineKhabar English News", "source_outlet_count": 1, "entity_key": "Government of Nepal|other|Rasuwa", "geo_resolution": "district", "geo_statement": "Located to Rasuwa district only", "geo_match_name": null, "geo_match_osm_id": null, "geo_anchor_id": "79688334B50883418539268", "geo_anchor_name": "Rasuwa"}, "geometry": {"type": "Point", "coordinates": [85.43275923020244, 28.17010993431697]}}, {"type": "Feature", "properties": {"record_id": "51481c9dc4696dee", "table": "aid_delivery", "location_raw": "Rasuwa district", "location_ne": "", "admin_level": "district", "district": "Rasuwa", "province": "Bagmati", "geo_basis": "text_explicit", "as_of": "2026-08-28", "as_of_basis": "article_date", "first_reported": "2026-08-28", "last_reported": "2026-08-28", "confidence": "high", "confidence_note": "Explicit split of 15 helicopters given by government spokesperson.", "density": "2", "effective_sources": "2", "independent_origins": "2", "origin": "unattributed", "origin_note": "2 outlets, no reporting body named; independence not established", "corroboration": "independent", "evidence_quote": "Government spokesperson and Minister for Education and Sports Sasmit Pokharel said 15 helicopters are currently involved in rescue operations — six operated by the Nepali Army and nine by private companies.", "evidence_quote_en": "", "temporal_contamination_flag": "", "actor": "Nepali Army", "actor_type": "army", "commodity": "rescue", "quantity": "6.0", "unit": "helicopters", "beneficiaries": "", "target_group": "", "self_reported": "False", "source_outlets": "OnlineKhabar English News", "source_outlet_count": 2, "entity_key": "Nepali Army|rescue|Rasuwa", "geo_resolution": "district", "geo_statement": "Located to Rasuwa district only", "geo_match_name": null, "geo_match_osm_id": null, "geo_anchor_id": "79688334B50883418539268", "geo_anchor_name": "Rasuwa"}, "geometry": {"type": "Point", "coordinates": [85.43275923020244, 28.17010993431697]}}, {"type": "Feature", "properties": {"record_id": "6f08318ee6079970", "table": "aid_delivery", "location_raw": "Rasuwa district", "location_ne": "", "admin_level": "district", "district": "Rasuwa", "province": "Bagmati", "geo_basis": "text_explicit", "as_of": "2026-08-28", "as_of_basis": "article_date", "first_reported": "2026-08-28", "last_reported": "2026-08-28", "confidence": "high", "confidence_note": "Explicit split of 15 helicopters given by government spokesperson.", "density": "1", "effective_sources": "1", "independent_origins": "1", "origin": "media_own", "origin_note": "single outlet", "corroboration": "single_source", "evidence_quote": "Government spokesperson and Minister for Education and Sports Sasmit Pokharel said 15 helicopters are currently involved in rescue operations — six operated by the Nepali Army and nine by private companies.", "evidence_quote_en": "", "temporal_contamination_flag": "", "actor": "private helicopter companies", "actor_type": "private", "commodity": "rescue", "quantity": "9.0", "unit": "helicopters", "beneficiaries": "", "target_group": "", "self_reported": "False", "source_outlets": "OnlineKhabar English News", "source_outlet_count": 1, "entity_key": "private helicopter companies|rescue|Rasuwa", "geo_resolution": "district", "geo_statement": "Located to Rasuwa district only", "geo_match_name": null, "geo_match_osm_id": null, "geo_anchor_id": "79688334B50883418539268", "geo_anchor_name": "Rasuwa"}, "geometry": {"type": "Point", "coordinates": [85.43275923020244, 28.17010993431697]}}, {"type": "Feature", "properties": {"record_id": "0384df1e184fbd14", "table": "aid_delivery", "location_raw": "Rasuwa district (flood response)", "location_ne": "", "admin_level": "district", "district": "Rasuwa", "province": "Bagmati", "geo_basis": "text_adjacent", "as_of": "2026-08-28", "as_of_basis": "article_date", "first_reported": "2026-08-28", "last_reported": "2026-08-28", "confidence": "medium", "confidence_note": "National deployment total for the Rasuwa flood response.", "density": "1", "effective_sources": "1", "independent_origins": "1", "origin": "media_own", "origin_note": "single outlet", "corroboration": "single_source", "evidence_quote": "According to Pokharel, 7,250 Nepal Police personnel, 4,200 Nepali Army personnel and 1,845 Armed Police Force personnel have been mobilised, bringing the total to 13,295.", "evidence_quote_en": "", "temporal_contamination_flag": "", "actor": "Nepal Police", "actor_type": "police", "commodity": "rescue", "quantity": "7250.0", "unit": "personnel", "beneficiaries": "", "target_group": "", "self_reported": "", "source_outlets": "OnlineKhabar English News", "source_outlet_count": 1, "entity_key": "Nepal Police|rescue|Rasuwa", "geo_resolution": "district", "geo_statement": "Located to Rasuwa district only", "geo_match_name": null, "geo_match_osm_id": null, "geo_anchor_id": "79688334B50883418539268", "geo_anchor_name": "Rasuwa"}, "geometry": {"type": "Point", "coordinates": [85.43275923020244, 28.17010993431697]}}, {"type": "Feature", "properties": {"record_id": "58dfc57bb91a7404", "table": "aid_delivery", "location_raw": "Rasuwa district (flood response)", "location_ne": "", "admin_level": "district", "district": "Rasuwa", "province": "Bagmati", "geo_basis": "text_adjacent", "as_of": "2026-08-28", "as_of_basis": "article_date", "first_reported": "2026-08-28", "last_reported": "2026-08-28", "confidence": "medium", "confidence_note": "National deployment total for the Rasuwa flood response.", "density": "1", "effective_sources": "1", "independent_origins": "1", "origin": "media_own", "origin_note": "single outlet", "corroboration": "single_source", "evidence_quote": "According to Pokharel, 7,250 Nepal Police personnel, 4,200 Nepali Army personnel and 1,845 Armed Police Force personnel have been mobilised, bringing the total to 13,295.", "evidence_quote_en": "", "temporal_contamination_flag": "", "actor": "Armed Police Force", "actor_type": "police", "commodity": "rescue", "quantity": "1845.0", "unit": "personnel", "beneficiaries": "", "target_group": "", "self_reported": "", "source_outlets": "OnlineKhabar English News", "source_outlet_count": 1, "entity_key": "Armed Police Force|rescue|Rasuwa", "geo_resolution": "district", "geo_statement": "Located to Rasuwa district only", "geo_match_name": null, "geo_match_osm_id": null, "geo_anchor_id": "79688334B50883418539268", "geo_anchor_name": "Rasuwa"}, "geometry": {"type": "Point", "coordinates": [85.43275923020244, 28.17010993431697]}}, {"type": "Feature", "properties": {"record_id": "9d0c5274a5873546", "table": "aid_delivery", "location_raw": "Rasuwa district (Nepal)", "location_ne": "", "admin_level": "district", "district": "Rasuwa", "province": "Bagmati", "geo_basis": "text_adjacent", "as_of": "2026-08-28", "as_of_basis": "article_date", "first_reported": "2026-08-28", "last_reported": "2026-08-28", "confidence": "medium", "confidence_note": "Red Cross's own appeal describing its ongoing on-ground response; no quantity given for items listed.", "density": "1", "effective_sources": "1", "independent_origins": "1", "origin": "self:Nepal Red Cross Society", "origin_note": "single outlet", "corroboration": "single_source", "evidence_quote": "the Nepal Red Cross Society emergency teams have responded immediately to the flooding and are on the ground now, helping with search and rescue efforts and providing aid and support to those affected.\n\n— Providing first aid kits, blankets, ropes and other emergency items", "evidence_quote_en": "", "temporal_contamination_flag": "", "actor": "Nepal Red Cross Society", "actor_type": "national_NGO", "commodity": "shelter_NFI", "quantity": "", "unit": "", "beneficiaries": "", "target_group": "", "self_reported": "True", "source_outlets": "AIMS World Running", "source_outlet_count": 1, "entity_key": "Nepal Red Cross Society|shelter_NFI|Rasuwa", "geo_resolution": "district", "geo_statement": "Located to Rasuwa district only", "geo_match_name": null, "geo_match_osm_id": null, "geo_anchor_id": "79688334B50883418539268", "geo_anchor_name": "Rasuwa"}, "geometry": {"type": "Point", "coordinates": [85.43275923020244, 28.17010993431697]}}, {"type": "Feature", "properties": {"record_id": "c44af7562634f482", "table": "aid_delivery", "location_raw": "two school locations in Rasuwa", "location_ne": "", "admin_level": "district", "district": "Rasuwa", "province": "Bagmati", "geo_basis": "text_explicit", "as_of": "2026-08-28", "as_of_basis": "stated", "first_reported": "2026-08-28", "last_reported": "2026-08-28", "confidence": "medium", "confidence_note": "U.S. Embassy sent shipment; final distribution to schools described as pending.", "density": "1", "effective_sources": "1", "independent_origins": "1", "origin": "self:Catholic Relief Services / Caritas Nepal", "origin_note": "single outlet", "corroboration": "single_source", "evidence_quote": "The shipment, to be distributed by Catholic Relief Services through its implementing partner Caritas Nepal, includes more than 2.5 metric tons of food supplies, 500 blankets, 500 mosquito nets and 500 insulating foam sheets for temporary shelter flooring. The supplies will be delivered to two school locations in Rasuwa.", "evidence_quote_en": "", "temporal_contamination_flag": "", "actor": "Catholic Relief Services / Caritas Nepal", "actor_type": "INGO", "commodity": "food", "quantity": "2.5", "unit": "metric_tons", "beneficiaries": "", "target_group": "", "self_reported": "True", "source_outlets": "NepalNews", "source_outlet_count": 1, "entity_key": "Catholic Relief Services / Caritas Nepal|food|Rasuwa", "geo_resolution": "district", "geo_statement": "Located to Rasuwa district only", "geo_match_name": null, "geo_match_osm_id": null, "geo_anchor_id": "79688334B50883418539268", "geo_anchor_name": "Rasuwa"}, "geometry": {"type": "Point", "coordinates": [85.43275923020244, 28.17010993431697]}}, {"type": "Feature", "properties": {"record_id": "1cf573c3af208565", "table": "aid_delivery", "location_raw": "two school locations in Rasuwa", "location_ne": "", "admin_level": "district", "district": "Rasuwa", "province": "Bagmati", "geo_basis": "text_explicit", "as_of": "2026-08-28", "as_of_basis": "stated", "first_reported": "2026-08-28", "last_reported": "2026-08-28", "confidence": "medium", "confidence_note": "Shipment also included 500 mosquito nets and 500 insulating foam sheets, same quote.", "density": "1", "effective_sources": "1", "independent_origins": "1", "origin": "self:Catholic Relief Services / Caritas Nepal", "origin_note": "single outlet", "corroboration": "single_source", "evidence_quote": "The shipment, to be distributed by Catholic Relief Services through its implementing partner Caritas Nepal, includes more than 2.5 metric tons of food supplies, 500 blankets, 500 mosquito nets and 500 insulating foam sheets for temporary shelter flooring. The supplies will be delivered to two school locations in Rasuwa.", "evidence_quote_en": "", "temporal_contamination_flag": "", "actor": "Catholic Relief Services / Caritas Nepal", "actor_type": "INGO", "commodity": "shelter_NFI", "quantity": "500.0", "unit": "blankets", "beneficiaries": "", "target_group": "", "self_reported": "True", "source_outlets": "NepalNews", "source_outlet_count": 1, "entity_key": "Catholic Relief Services / Caritas Nepal|shelter_NFI|Rasuwa", "geo_resolution": "district", "geo_statement": "Located to Rasuwa district only", "geo_match_name": null, "geo_match_osm_id": null, "geo_anchor_id": "79688334B50883418539268", "geo_anchor_name": "Rasuwa"}, "geometry": {"type": "Point", "coordinates": [85.43275923020244, 28.17010993431697]}}, {"type": "Feature", "properties": {"record_id": "b29d931b0941a666", "table": "aid_delivery", "location_raw": "Dhunche to Kathmandu route", "location_ne": "", "admin_level": "district", "district": "Rasuwa", "province": "Bagmati", "geo_basis": "text_explicit", "as_of": "2026-08-29", "as_of_basis": "stated", "first_reported": "2026-08-29", "last_reported": "2026-08-29", "confidence": "high", "confidence_note": "Actor and route explicit.", "density": "2", "effective_sources": "1", "independent_origins": "1", "origin": "media_own", "origin_note": "single outlet", "corroboration": "syndicated", "evidence_quote": "Free bus services have been arranged for those traveling to Kathmandu, along with food provisions at Chaugati.", "evidence_quote_en": "", "temporal_contamination_flag": "", "actor": "Bagmati Province government", "actor_type": "government", "commodity": "transport", "quantity": "", "unit": "", "beneficiaries": "", "target_group": "stranded pilgrims and tourists", "self_reported": "False", "source_outlets": "NepalNews; Nepal News", "source_outlet_count": 2, "entity_key": "Bagmati Province government|transport|Rasuwa", "geo_resolution": "district", "geo_statement": "Located to Rasuwa district only", "geo_match_name": null, "geo_match_osm_id": null, "geo_anchor_id": "79688334B50883418539268", "geo_anchor_name": "Rasuwa"}, "geometry": {"type": "Point", "coordinates": [85.43275923020244, 28.17010993431697]}}, {"type": "Feature", "properties": {"record_id": "ae4b8cfa0f0e17b2", "table": "aid_delivery", "location_raw": "Dhunche", "location_ne": "", "admin_level": "municipality", "district": "Rasuwa", "province": "Bagmati", "geo_basis": "text_explicit", "as_of": "2026-08-29", "as_of_basis": "stated", "first_reported": "2026-08-29", "last_reported": "2026-08-29", "confidence": "high", "confidence_note": "Actor and location explicit.", "density": "2", "effective_sources": "1", "independent_origins": "1", "origin": "media_own", "origin_note": "single outlet", "corroboration": "syndicated", "evidence_quote": "Under this plan, stranded passengers receive food in Dhunche before being transported by vehicle to Mahabir.", "evidence_quote_en": "", "temporal_contamination_flag": "", "actor": "Bagmati Province government", "actor_type": "government", "commodity": "food", "quantity": "", "unit": "", "beneficiaries": "", "target_group": "stranded pilgrims and tourists", "self_reported": "False", "source_outlets": "NepalNews; Nepal News", "source_outlet_count": 2, "entity_key": "Bagmati Province government|food|Rasuwa", "geo_resolution": "point", "geo_statement": "Matched \"Dhunche\" to a named OSM place in Rasuwa", "geo_match_name": "धुन्चे", "geo_match_osm_id": "node/10315965426", "geo_anchor_id": null, "geo_anchor_name": null}, "geometry": {"type": "Point", "coordinates": [85.2960583, 28.1127948]}}, {"type": "Feature", "properties": {"record_id": "fc32704589fbf80e", "table": "aid_delivery", "location_raw": "Rasuwa district", "location_ne": "", "admin_level": "district", "district": "Rasuwa", "province": "Bagmati", "geo_basis": "text_explicit", "as_of": "2026-08-29", "as_of_basis": "stated", "first_reported": "2026-08-29", "last_reported": "2026-08-29", "confidence": "high", "confidence_note": "Government cash relief already provided (past tense), not a pledge.", "density": "3", "effective_sources": "3", "independent_origins": "3", "origin": "unattributed", "origin_note": "3 outlets, no reporting body named; independence not established", "corroboration": "independent", "evidence_quote": "नेपाल सरकारबाट रसुवा र नुवाकोटलाई १–१ करोड तथा धादिङलाई ५० लाख रुपैयाँ नगद राहत उपलब्ध गराइएको छ", "evidence_quote_en": "The Government of Nepal has provided cash relief of 1 crore rupees each to Rasuwa and Nuwakot, and 50 lakh rupees to Dhading.", "temporal_contamination_flag": "", "actor": "Government of Nepal", "actor_type": "government", "commodity": "cash", "quantity": "1.0", "unit": "NPR_crore", "beneficiaries": "", "target_group": "", "self_reported": "", "source_outlets": "Ratopati; Daily Finland; myRepublica", "source_outlet_count": 3, "entity_key": "Government of Nepal|cash|Rasuwa", "geo_resolution": "district", "geo_statement": "Located to Rasuwa district only", "geo_match_name": null, "geo_match_osm_id": null, "geo_anchor_id": "79688334B50883418539268", "geo_anchor_name": "Rasuwa"}, "geometry": {"type": "Point", "coordinates": [85.43275923020244, 28.17010993431697]}}, {"type": "Feature", "properties": {"record_id": "51b4ed8f9fa4cc84", "table": "aid_delivery", "location_raw": "धुन्चे र चौगटी, रसुवा", "location_ne": "", "admin_level": "district", "district": "Rasuwa", "province": "Bagmati", "geo_basis": "text_explicit", "as_of": "2026-08-29", "as_of_basis": "article_date", "first_reported": "2026-08-29", "last_reported": "2026-08-29", "confidence": "medium", "confidence_note": "Free food arranged by province government for stranded travellers, per CM's own statement.", "density": "1", "effective_sources": "1", "independent_origins": "1", "origin": "self:बागमती प्रदेश सरकार (Bagmati Province Government)", "origin_note": "single outlet", "corroboration": "single_source", "evidence_quote": "‘धुन्चेमा रोकिएका तिर्थयात्री, पर्यटक सर्वसाधारणलाई हामीले त्यहीँ निःशुल्क खाना खुवाउने व्यवस्था गरेका छौँ, खाना खुवाइ सकेपछि उहाँहरूलाई मोटरमार्फत महावीरसम्म पु¥याउने र महावीरबाट करिब एक घण्टा पैदल हिँडे पछि चौगटीसम्म पुगे पछि त्यहाँबाट पुनः सवारीसाधनमार्फत काठमाडौँ पठाउने कार्य गरिरहेका छौं’ उनले सञ्चारकर्मीसँग भने ।", "evidence_quote_en": "'We have arranged to feed the pilgrims, tourists and general public stopped in Dhunche free food there; after eating, we take them by vehicle to Mahavir, and after about an hour's walk from Mahavir to Chaugtee, we send them onward to Kathmandu by vehicle again,' he told reporters.", "temporal_contamination_flag": "False", "actor": "बागमती प्रदेश सरकार (Bagmati Province Government)", "actor_type": "government", "commodity": "food", "quantity": "", "unit": "", "beneficiaries": "", "target_group": "धुन्चेमा रोकिएका तीर्थयात्री, पर्यटक र सर्वसाधारण", "self_reported": "True", "source_outlets": "Arghakhanchi", "source_outlet_count": 1, "entity_key": "बागमती प्रदेश सरकार (Bagmati Province Government)|food|Rasuwa", "geo_resolution": "district", "geo_statement": "Located to Rasuwa district only", "geo_match_name": null, "geo_match_osm_id": null, "geo_anchor_id": "79688334B50883418539268", "geo_anchor_name": "Rasuwa"}, "geometry": {"type": "Point", "coordinates": [85.43275923020244, 28.17010993431697]}}, {"type": "Feature", "properties": {"record_id": "3bfea0944d63923e", "table": "aid_delivery", "location_raw": "धुन्चे/चौगटी–काठमाडौं", "location_ne": "", "admin_level": "district", "district": "Rasuwa", "province": "Bagmati", "geo_basis": "text_explicit", "as_of": "2026-08-29", "as_of_basis": "article_date", "first_reported": "2026-08-29", "last_reported": "2026-08-29", "confidence": "medium", "confidence_note": "Free bus service arranged for stranded travellers waiting three days.", "density": "1", "effective_sources": "1", "independent_origins": "1", "origin": "self:बागमती प्रदेश सरकार (Bagmati Province Government)", "origin_note": "single outlet", "corroboration": "single_source", "evidence_quote": "उनका अनुसार तीन दिन देखी उद्धारका पर्खाइमा रहेका अलपत्र यात्रुलाई प्रदेश सरकारले निःशुल्क बसको व्यवस्था गरेर काठमाडौँ आइपुग्न सक्ने चाँजोपाँजो पनि मिलाएको छ।", "evidence_quote_en": "According to him, the province government has also arranged free buses for stranded travellers who have been waiting three days for rescue, so they can reach Kathmandu.", "temporal_contamination_flag": "False", "actor": "बागमती प्रदेश सरकार (Bagmati Province Government)", "actor_type": "government", "commodity": "transport", "quantity": "", "unit": "", "beneficiaries": "", "target_group": "तीन दिनदेखि उद्धारको पर्खाइमा रहेका अलपत्र यात्रु", "self_reported": "True", "source_outlets": "Arghakhanchi", "source_outlet_count": 1, "entity_key": "बागमती प्रदेश सरकार (Bagmati Province Government)|transport|Rasuwa", "geo_resolution": "district", "geo_statement": "Located to Rasuwa district only", "geo_match_name": null, "geo_match_osm_id": null, "geo_anchor_id": "79688334B50883418539268", "geo_anchor_name": "Rasuwa"}, "geometry": {"type": "Point", "coordinates": [85.43275923020244, 28.17010993431697]}}, {"type": "Feature", "properties": {"record_id": "2d8f5a0ba22c4d57", "table": "aid_delivery", "location_raw": "रसुवा (Rasuwa)", "location_ne": "", "admin_level": "district", "district": "Rasuwa", "province": "Bagmati", "geo_basis": "text_explicit", "as_of": "2026-08-29", "as_of_basis": "article_date", "first_reported": "2026-08-29", "last_reported": "2026-08-29", "confidence": "high", "confidence_note": "Funds were deposited into the PM Disaster Relief Fund, not distributed directly to Rasuwa victims by the foundation itself; source is the foundation's own announcement.", "density": "1", "effective_sources": "1", "independent_origins": "1", "origin": "self:गैरे प्रतिष्ठान प्रालि, बुटवल (Gaire Foundation Pvt. Ltd., Butwal)", "origin_note": "single outlet", "corroboration": "single_source", "evidence_quote": "रसुवामा आएको बाढी पहिरोबाट प्रभावित नागरिकको राहत तथा पुनःस्थापनाका लागि गैरे प्रतिष्ठान प्रालि बुटवलले पाँच लाख ५५ हजार पाँच सय ५५ रुपैयाँ सहयोग गरेको छ।", "evidence_quote_en": "Gaire Foundation Pvt. Ltd. of Butwal has provided assistance of Rs 555,555 for the relief and rehabilitation of citizens affected by the flood and landslide in Rasuwa.", "temporal_contamination_flag": "", "actor": "गैरे प्रतिष्ठान प्रालि, बुटवल (Gaire Foundation Pvt. Ltd., Butwal)", "actor_type": "private", "commodity": "cash", "quantity": "555555.0", "unit": "NPR", "beneficiaries": "", "target_group": "Rasuwa flood-affected families", "self_reported": "True", "source_outlets": "Ratopati", "source_outlet_count": 1, "entity_key": "गैरे प्रतिष्ठान प्रालि, बुटवल (Gaire Foundation Pvt. Ltd., Butwal)|cash|Rasuwa", "geo_resolution": "district", "geo_statement": "Located to Rasuwa district only", "geo_match_name": null, "geo_match_osm_id": null, "geo_anchor_id": "79688334B50883418539268", "geo_anchor_name": "Rasuwa"}, "geometry": {"type": "Point", "coordinates": [85.43275923020244, 28.17010993431697]}}, {"type": "Feature", "properties": {"record_id": "119d0f71c1fb3b54", "table": "aid_delivery", "location_raw": "रसुवा (Rasuwa)", "location_ne": "", "admin_level": "district", "district": "Rasuwa", "province": "Bagmati", "geo_basis": "text_explicit", "as_of": "2026-08-29", "as_of_basis": "article_date", "first_reported": "2026-08-29", "last_reported": "2026-08-29", "confidence": "high", "confidence_note": "Individual diaspora donor's own announcement; total figure stated directly, not computed.", "density": "1", "effective_sources": "1", "independent_origins": "1", "origin": "self:आकाश बञ्जारा (Akash Banjara, Hong Kong-based NRN)", "origin_note": "single outlet", "corroboration": "single_source", "evidence_quote": "दुवै सहयोग गरी रसुवा बाढीपीडितका लागि उनको कुल सहयोग ५ लाख ११ हजार १११ रुपैयाँ पुगेको छ।", "evidence_quote_en": "With both contributions combined, his total assistance for Rasuwa flood victims has reached Rs 511,111.", "temporal_contamination_flag": "", "actor": "आकाश बञ्जारा (Akash Banjara, Hong Kong-based NRN)", "actor_type": "diaspora", "commodity": "cash", "quantity": "511111.0", "unit": "NPR", "beneficiaries": "", "target_group": "Rasuwa flood-affected families", "self_reported": "True", "source_outlets": "Sajhapana", "source_outlet_count": 1, "entity_key": "आकाश बञ्जारा (Akash Banjara, Hong Kong-based NRN)|cash|Rasuwa", "geo_resolution": "district", "geo_statement": "Located to Rasuwa district only", "geo_match_name": null, "geo_match_osm_id": null, "geo_anchor_id": "79688334B50883418539268", "geo_anchor_name": "Rasuwa"}, "geometry": {"type": "Point", "coordinates": [85.43275923020244, 28.17010993431697]}}, {"type": "Feature", "properties": {"record_id": "6b48d73197fd3e61", "table": "aid_delivery", "location_raw": "Dhunche, Rasuwa", "location_ne": "", "admin_level": "settlement", "district": "Rasuwa", "province": "Bagmati", "geo_basis": "text_explicit", "as_of": "2026-08-29", "as_of_basis": "article_date", "first_reported": "2026-08-29", "last_reported": "2026-08-29", "confidence": "high", "confidence_note": "Named settlement (Dhunche) and district (Rasuwa).", "density": "1", "effective_sources": "1", "independent_origins": "1", "origin": "media_own", "origin_note": "single outlet", "corroboration": "single_source", "evidence_quote": "Chief Minister Thapa said arrangements had been made to provide food to those stranded in Dhunche before transporting them to Mahabir by vehicle.", "evidence_quote_en": "", "temporal_contamination_flag": "False", "actor": "Bagmati Province government", "actor_type": "government", "commodity": "food", "quantity": "", "unit": "", "beneficiaries": "", "target_group": "stranded pilgrims, tourists and members of the public in Dhunche", "self_reported": "", "source_outlets": "Khabarhub", "source_outlet_count": 1, "entity_key": "Bagmati Province government|food|Rasuwa", "geo_resolution": "point", "geo_statement": "Matched \"Dhunche\" to a named OSM place in Rasuwa", "geo_match_name": "धुन्चे", "geo_match_osm_id": "node/10315965426", "geo_anchor_id": null, "geo_anchor_name": null}, "geometry": {"type": "Point", "coordinates": [85.2960583, 28.1127948]}}, {"type": "Feature", "properties": {"record_id": "548fedff80d750a3", "table": "aid_delivery", "location_raw": "रसुवा", "location_ne": "", "admin_level": "district", "district": "Rasuwa", "province": "Bagmati", "geo_basis": "text_explicit", "as_of": "2026-08-29", "as_of_basis": "article_date", "first_reported": "2026-08-29", "last_reported": "2026-08-29", "confidence": "high", "confidence_note": "Article explicitly earmarks the donation to Rasuwa landslide/flood victims via the PM fund.", "density": "1", "effective_sources": "1", "independent_origins": "1", "origin": "self:एशियन लेदर फैमिली (Asian Leather Family)", "origin_note": "single outlet", "corroboration": "single_source", "evidence_quote": "नेपाल के रसुवा में भूस्खलन और बाढ़ के दौरान जनधन की क्षति को देखते हुए एशियन लेदर फैमिली ने प्रधानमंत्री दैवी प्रकोप उद्धार कोष में 2 लाख 52 हजार रुपये की सहायता राशि दी है।", "evidence_quote_en": "Given the massive loss of life and property in the landslide and flood in Nepal's Rasuwa, the Asian Leather Family has given a contribution of Rs 2,52,000 to the Prime Minister's Natural Disaster Relief Fund.", "temporal_contamination_flag": "", "actor": "एशियन लेदर फैमिली (Asian Leather Family)", "actor_type": "private", "commodity": "cash", "quantity": "252000.0", "unit": "NPR", "beneficiaries": "", "target_group": "PM Disaster Relief Fund (Rasuwa flood/landslide victims)", "self_reported": "True", "source_outlets": "Hindustan", "source_outlet_count": 1, "entity_key": "एशियन लेदर फैमिली (Asian Leather Family)|cash|Rasuwa", "geo_resolution": "district", "geo_statement": "Located to Rasuwa district only", "geo_match_name": null, "geo_match_osm_id": null, "geo_anchor_id": "79688334B50883418539268", "geo_anchor_name": "Rasuwa"}, "geometry": {"type": "Point", "coordinates": [85.43275923020244, 28.17010993431697]}}]}