dt,lon,lat,percent_change
2026-08-26_0000,85.616455,27.771051,20.59
2026-08-26_0000,85.089111,27.887639,-72.78
2026-08-26_0000,85.57251,27.751607,14.15
2026-08-26_0000,85.24292,27.907058,-80.43
2026-08-26_0000,85.748291,27.790491,14.82
2026-08-26_0000,85.133057,27.868216,-67.6
2026-08-26_0000,85.264893,27.868216,-57.45
2026-08-26_0000,85.330811,27.84879,-38.24
2026-08-26_0000,85.528564,27.926474,10.23
2026-08-26_0000,85.396729,27.926474,-59.65
2026-08-26_0000,85.045166,27.84879,-78.74
2026-08-26_0000,85.57251,27.809927,12.54
2026-08-26_0000,85.220947,27.945886,-78.41
2026-08-26_0000,85.308838,27.790491,12.32
2026-08-26_0000,85.198975,27.926474,-69.2
2026-08-26_0000,84.91333,27.887639,11.39
2026-08-26_0000,85.177002,27.887639,-58.07
2026-08-26_0000,85.814209,27.73216,12.9
2026-08-26_0000,85.616455,27.790491,10.98
2026-08-26_0000,85.286865,27.868216,-54.14
2026-08-26_0000,85.177002,27.926474,-62.73
2026-08-26_0000,85.770264,27.771051,20.42
2026-08-26_0000,84.957275,27.907058,-14.16
2026-08-26_0000,84.91333,27.809927,-60.56
2026-08-26_0000,85.770264,27.82936,14.83
2026-08-26_0000,85.308838,27.84879,-40.29
2026-08-26_0000,85.286865,28.120438,-35.33
2026-08-26_0000,85.594482,27.809927,15.55
2026-08-26_0000,85.220947,27.751607,14.47
2026-08-26_0000,85.286865,28.101058,-45.02
2026-08-26_0000,84.935303,27.790491,-64.5
2026-08-26_0000,85.308838,28.101058,-54.08
2026-08-26_0000,85.748291,27.771051,14.3
2026-08-26_0000,85.155029,27.926474,-69.56
2026-08-26_0000,85.308838,27.771051,11.89
2026-08-26_0000,85.286865,27.887639,-64.91
2026-08-26_0000,85.198975,27.887639,-64.39
2026-08-26_0000,85.594482,27.771051,13.26
2026-08-26_0000,85.57251,27.84879,10.31
2026-08-26_0000,85.286865,27.84879,-38.29
2026-08-26_0000,85.198975,27.945886,-74.23
2026-08-26_0000,85.177002,27.907058,-52.45
2026-08-26_0000,85.308838,28.120438,-38.17
2026-08-26_0000,85.462646,27.771051,11.44
2026-08-26_0000,85.638428,27.926474,25.61
2026-08-26_0000,85.089111,27.771051,12.48
2026-08-26_0000,85.155029,27.945886,-79.35
2026-08-26_0000,85.484619,27.771051,10.76
2026-08-26_0000,85.220947,27.82936,-49.82
2026-08-26_0000,85.155029,27.907058,-46.69
2026-08-26_0000,84.957275,27.82936,-57.72
2026-08-26_0000,85.286865,27.907058,-67.53
2026-08-26_0000,85.770264,27.907058,11.11
2026-08-26_0000,84.91333,28.004101,-15.8
2026-08-26_0000,85.198975,27.771051,-17.62
2026-08-26_0000,84.935303,27.82936,-62.09
2026-08-26_0000,85.264893,27.82936,-10.51
2026-08-26_0000,85.638428,27.907058,15.02
2026-08-26_0000,85.462646,27.82936,19.14
2026-08-26_0000,85.57251,27.71271,12.01
2026-08-26_0000,84.957275,28.004101,-26.12
2026-08-26_0000,85.528564,27.907058,19.54
2026-08-26_0000,85.57251,27.771051,14.81
2026-08-26_0000,85.396729,27.84879,-15.52
2026-08-26_0000,84.91333,28.062286,-11.15
2026-08-26_0000,85.550537,27.84879,10.83
2026-08-26_0000,85.748291,27.868216,19.16
2026-08-26_0000,85.308838,27.926474,-56.69
2026-08-26_0000,85.638428,27.790491,14.03
2026-08-26_0000,85.089111,27.790491,-12.97
2026-08-26_0000,85.111084,27.926474,-66.59
2026-08-26_0000,85.155029,27.771051,-27.19
2026-08-26_0000,85.330811,27.926474,-64.69
2026-08-26_0000,85.133057,27.945886,-75.38
2026-08-26_0000,85.198975,28.004101,-86.47
2026-08-26_0000,85.198975,27.751607,11.4
2026-08-26_0000,85.308838,27.751607,10.33
2026-08-26_0000,85.308838,27.887639,-59.56
2026-08-26_0000,85.6604,27.73216,-13.54
2026-08-26_0000,85.24292,27.84879,-46.03
2026-08-26_0000,85.770264,27.868216,-12.06
2026-08-26_0000,85.57251,27.907058,12.18
2026-08-26_0000,85.726318,27.71271,34.74
2026-08-26_0000,85.220947,27.809927,-39.04
2026-08-26_0000,85.770264,27.73216,16.19
2026-08-26_0000,85.594482,27.82936,10.67
2026-08-26_0000,85.748291,27.73216,15.07
2026-08-26_0000,85.528564,27.73216,10.91
2026-08-26_0000,85.023193,27.809927,-30.25
2026-08-26_0000,85.198975,27.790491,-36.13
2026-08-26_0000,85.155029,27.887639,-61.2
2026-08-26_0000,84.957275,27.809927,-57.57
2026-08-26_0000,85.067139,27.84879,-81.25
2026-08-26_0000,85.748291,27.809927,12.61
2026-08-26_0000,84.957275,27.790491,-49.68
2026-08-26_0000,85.396729,27.945886,-52.71
2026-08-26_0000,85.220947,27.907058,-77.96
2026-08-26_0000,85.418701,27.84879,-36.88
2026-08-26_0000,84.91333,27.907058,13.72
2026-08-26_0000,85.111084,27.868216,-70.17
2026-08-26_0000,85.528564,27.887639,21.55
2026-08-26_0000,85.792236,27.945886,-31.89
2026-08-26_0000,85.067139,27.751607,17.15
2026-08-26_0000,85.330811,27.868216,-46.53
2026-08-26_0000,85.023193,27.82936,-61.42
2026-08-26_0000,85.352783,27.868216,-51.82
2026-08-26_0000,85.682373,27.71271,20.81
2026-08-26_0000,85.220947,27.887639,-60.81
2026-08-26_0000,85.726318,27.73216,18.73
2026-08-26_0000,85.111084,27.887639,-68.03
2026-08-26_0000,84.91333,27.82936,-54.37
2026-08-26_0000,85.198975,27.907058,-60.18
2026-08-26_0000,85.484619,27.809927,10.95
2026-08-26_0000,85.198975,27.9847,-88.86
2026-08-26_0000,85.177002,27.771051,-43.51
2026-08-26_0000,85.6604,27.9847,113.17
2026-08-26_0000,85.726318,27.751607,10.39
2026-08-26_0000,85.836182,27.751607,16.19
2026-08-26_0000,85.770264,27.751607,17.97
2026-08-26_0000,85.704346,27.71271,22.38
2026-08-26_0000,84.935303,27.868216,-13.33
2026-08-26_0000,85.023193,27.790491,-10.15
2026-08-26_0000,85.594482,27.73216,12.15
2026-08-26_0000,85.638428,27.771051,22.68
2026-08-26_0000,85.814209,27.751607,13.95
2026-08-26_0000,85.748291,27.751607,20.75
2026-08-26_0000,85.528564,27.868216,18.73
2026-08-26_0000,85.264893,27.907058,-69.01
2026-08-26_0000,85.111084,27.907058,-58.86
2026-08-26_0000,85.177002,27.868216,-62.23
2026-08-26_0000,85.133057,27.84879,-70.94
2026-08-26_0000,85.308838,28.139815,-56.87
2026-08-26_0000,85.57251,27.73216,11.44
2026-08-26_0000,84.979248,27.809927,-39.74
2026-08-26_0000,85.264893,27.809927,13.55
2026-08-26_0000,85.067139,27.71271,13.34
2026-08-26_0000,85.330811,27.809927,10.77
2026-08-26_0000,85.220947,27.790491,-13.12
2026-08-26_0000,85.396729,27.907058,-27.33
2026-08-26_0000,85.792236,27.73216,14.82
2026-08-26_0000,84.91333,27.790491,-56.34
2026-08-26_0000,85.594482,27.84879,15.24
2026-08-26_0000,85.6604,27.71271,23.79
2026-08-26_0000,85.155029,27.868216,-68.63
2026-08-26_0000,85.550537,27.771051,16.11
2026-08-26_0000,85.264893,27.887639,-72.95
2026-08-26_0000,85.836182,27.73216,15.87
2026-08-26_0000,84.935303,27.907058,18.77
2026-08-26_0000,85.6604,27.771051,13.42
2026-08-26_0000,85.374756,27.82936,37.51
2026-08-26_0000,85.6604,27.887639,14.06
2026-08-26_0000,85.374756,27.926474,-46.74
2026-08-26_0000,85.6604,27.907058,44.49
2026-08-26_0000,85.133057,27.887639,-65.27
2026-08-26_0000,85.528564,27.82936,15.09
2026-08-26_0000,85.638428,27.71271,12.74
2026-08-26_0000,85.638428,27.9847,24.65
2026-08-26_0000,85.704346,27.73216,15.22
2026-08-26_0000,85.286865,27.809927,19.19
2026-08-26_0000,85.264893,28.120438,-45.3
2026-08-26_0000,85.550537,27.790491,12.32
2026-08-26_0000,85.550537,27.907058,18.58
2026-08-26_0000,85.24292,27.82936,-22.25
2026-08-26_0000,85.264893,27.771051,13.88
2026-08-26_0000,84.979248,27.790491,-17.16
2026-08-26_0000,85.528564,27.790491,19.57
2026-08-26_0000,84.935303,27.809927,-58.03
2026-08-26_0000,85.155029,27.751607,13.87
2026-08-26_0000,85.792236,27.771051,28.26
2026-08-26_0000,85.264893,27.790491,11.23
2026-08-26_0000,85.748291,27.71271,23.41
2026-08-26_0000,85.133057,27.926474,-66.98
2026-08-26_0000,85.308838,27.907058,-59.95
2026-08-26_0000,85.001221,27.809927,-14.28
2026-08-26_0000,85.089111,27.868216,-79.25
2026-08-26_0000,85.352783,27.926474,-54.69
2026-08-26_0000,85.462646,27.84879,10.37
2026-08-26_0000,85.24292,27.887639,-76.27
2026-08-26_0000,85.506592,27.790491,15.37
2026-08-26_0000,85.264893,27.751607,11.78
2026-08-26_0000,85.506592,27.887639,18.57
2026-08-26_0000,84.91333,27.868216,15.66
2026-08-26_0000,85.045166,27.73216,13.48
2026-08-26_0000,85.330811,27.887639,-37.76
2026-08-26_0000,85.6604,27.965294,17.38
2026-08-26_0000,85.462646,27.751607,11.56
2026-08-26_0000,85.770264,27.790491,19.13
2026-08-26_0000,85.550537,27.887639,17.43
2026-08-26_0000,85.133057,27.907058,-50.42
2026-08-26_0000,85.286865,27.771051,12.98
2026-08-26_0000,85.220947,28.004101,-86.81
2026-08-26_0000,85.6604,27.790491,17.25
2026-08-26_0000,85.308838,27.868216,-48.69
2026-08-26_0000,85.594482,27.790491,21.9
2026-08-26_0000,84.935303,27.926474,11.52
2026-08-26_0000,84.91333,27.945886,12.39
2026-08-26_0000,85.001221,27.82936,-37.93
2026-08-26_0000,85.57251,27.82936,10.11
2026-08-26_0000,85.133057,27.751607,16.53
2026-08-26_0000,85.57251,27.790491,24.53
2026-08-26_0000,85.045166,27.71271,13.39
2026-08-26_0000,85.286865,27.751607,11.21
2026-08-26_0000,85.836182,27.71271,21.02
2026-08-26_0000,85.111084,27.945886,-76.65
2026-08-26_0000,85.308838,27.809927,13.86
2026-08-26_0000,85.111084,27.84879,-76.2
2026-08-26_0000,85.814209,27.771051,10.71
2026-08-26_0000,85.286865,27.790491,13.04
2026-08-26_0000,85.616455,27.82936,14.24
2026-08-26_0000,85.177002,27.945886,-79.57
2026-08-26_0000,85.286865,27.926474,-58.19
2026-08-26_0800,85.594482,27.771051,13.5
2026-08-26_0800,85.286865,27.887639,-56.46
2026-08-26_0800,85.528564,27.809927,-10.65
2026-08-26_0800,84.957275,27.809927,-63.09
2026-08-26_0800,85.528564,27.887639,29.4
2026-08-26_0800,85.111084,27.868216,-84.7
2026-08-26_0800,84.91333,27.907058,13.15
2026-08-26_0800,85.089111,27.751607,-18.11
2026-08-26_0800,85.396729,27.945886,-48.11
2026-08-26_0800,85.770264,27.73216,16.8
2026-08-26_0800,85.550537,27.71271,12.75
2026-08-26_0800,85.155029,27.771051,-42.76
2026-08-26_0800,84.91333,28.062286,-13.72
2026-08-26_0800,85.528564,27.907058,17.24
2026-08-26_0800,85.6604,27.73216,-10.22
2026-08-26_0800,85.133057,27.926474,-61.06
2026-08-26_0800,85.748291,27.71271,19.45
2026-08-26_0800,85.133057,27.771051,-16.75
2026-08-26_0800,85.177002,27.926474,-72.33
2026-08-26_0800,85.286865,27.868216,-61.69
2026-08-26_0800,84.91333,27.887639,18.66
2026-08-26_0800,85.045166,27.771051,-31.62
2026-08-26_0800,85.155029,27.887639,-66.73
2026-08-26_0800,85.198975,27.771051,-30.06
2026-08-26_0800,85.023193,27.809927,-32.4
2026-08-26_0800,85.704346,27.751607,18.61
2026-08-26_0800,85.748291,27.73216,12.28
2026-08-26_0800,85.594482,27.82936,11.6
2026-08-26_0800,85.726318,27.71271,18.23
2026-08-26_0800,85.177002,27.907058,-62.46
2026-08-26_0800,85.155029,27.945886,-85.16
2026-08-26_0800,85.155029,27.907058,-52.69
2026-08-26_0800,84.957275,27.82936,-56.09
2026-08-26_0800,85.286865,27.907058,-47.66
2026-08-26_0800,85.089111,27.771051,-15.58
2026-08-26_0800,85.286865,27.84879,-48.82
2026-08-26_0800,85.155029,27.926474,-81.81
2026-08-26_0800,85.111084,27.926474,-56.64
2026-08-26_0800,85.616455,27.887639,-17.13
2026-08-26_0800,85.023193,27.751607,-23.44
2026-08-26_0800,85.6604,27.945886,-17.57
2026-08-26_0800,85.308838,27.926474,-48.67
2026-08-26_0800,85.638428,27.965294,-21.5
2026-08-26_0800,85.286865,27.926474,-53.82
2026-08-26_0800,85.57251,27.771051,17.63
2026-08-26_0800,84.91333,27.809927,-70.44
2026-08-26_0800,85.770264,27.82936,27.04
2026-08-26_0800,85.220947,27.771051,-14.14
2026-08-26_0800,85.308838,27.790491,10.41
2026-08-26_0800,85.24292,27.907058,-62.67
2026-08-26_0800,85.330811,27.82936,-14.06
2026-08-26_0800,85.133057,27.868216,-77.99
2026-08-26_0800,85.264893,27.868216,-40.25
2026-08-26_0800,85.594482,27.868216,11.11
2026-08-26_0800,85.24292,27.887639,-56.62
2026-08-26_0800,85.177002,27.771051,-52.67
2026-08-26_0800,85.484619,27.809927,10.89
2026-08-26_0800,85.198975,27.907058,-77.14
2026-08-26_0800,85.726318,27.73216,23.82
2026-08-26_0800,85.682373,27.71271,30.18
2026-08-26_0800,85.023193,27.82936,-58.97
2026-08-26_0800,85.24292,27.790491,-19.11
2026-08-26_0800,85.6604,27.9847,73.7
2026-08-26_0800,85.001221,27.771051,-10.59
2026-08-26_0800,85.023193,27.790491,-23.53
2026-08-26_0800,85.704346,27.71271,15.02
2026-08-26_0800,85.770264,27.751607,39.45
2026-08-26_0800,85.726318,27.751607,14.46
2026-08-26_0800,85.220947,27.790491,-54.23
2026-08-26_0800,85.440674,27.771051,12.78
2026-08-26_0800,85.528564,27.71271,10.38
2026-08-26_0800,84.979248,27.809927,-53.02
2026-08-26_0800,85.264893,27.907058,-52.34
2026-08-26_0800,85.748291,27.751607,14.56
2026-08-26_0800,85.067139,27.71271,15.48
2026-08-26_0800,85.6604,27.71271,24.87
2026-08-26_0800,85.045166,27.751607,-13.34
2026-08-26_0800,85.067139,27.771051,-16.81
2026-08-26_0800,85.396729,27.907058,-11.38
2026-08-26_0800,85.792236,27.73216,15.28
2026-08-26_0800,84.91333,27.790491,-65.0
2026-08-26_0800,85.594482,27.84879,10.43
2026-08-26_0800,85.836182,27.751607,12.0
2026-08-26_0800,85.155029,27.868216,-72.81
2026-08-26_0800,85.111084,27.771051,-19.05
2026-08-26_0800,84.935303,27.907058,23.76
2026-08-26_0800,85.352783,27.82936,78.46
2026-08-26_0800,85.836182,27.71271,24.18
2026-08-26_0800,85.57251,27.790491,15.61
2026-08-26_0800,84.935303,27.809927,-74.3
2026-08-26_0800,85.264893,27.771051,10.99
2026-08-26_0800,85.550537,27.907058,12.36
2026-08-26_0800,85.704346,27.73216,40.09
2026-08-26_0800,85.133057,27.887639,-71.14
2026-08-26_0800,85.792236,27.82936,22.89
2026-08-26_0800,85.111084,27.945886,-70.72
2026-08-26_0800,84.979248,27.790491,-16.49
2026-08-26_0800,85.308838,27.809927,11.04
2026-08-26_0800,85.023193,27.771051,-36.38
2026-08-26_0800,85.24292,27.809927,-60.39
2026-08-26_0800,85.133057,27.907058,-50.94
2026-08-26_0800,85.550537,27.887639,10.74
2026-08-26_0800,85.374756,27.926474,-57.43
2026-08-26_0800,85.286865,27.790491,14.37
2026-08-26_0800,85.023193,27.73216,-11.87
2026-08-26_0800,85.616455,27.82936,24.51
2026-08-26_0800,85.528564,27.84879,11.56
2026-08-26_0800,85.286865,27.771051,10.46
2026-08-26_0800,85.045166,27.790491,-23.34
2026-08-26_0800,85.6604,27.926474,-17.22
2026-08-26_1600,85.726318,27.71271,13.45
2026-08-26_1600,85.57251,27.907058,35.93
2026-08-26_1600,85.24292,27.84879,-11.18
2026-08-26_1600,85.264893,27.945886,-35.46
2026-08-26_1600,85.770264,27.73216,14.25
2026-08-26_1600,85.638428,27.945886,14.3
2026-08-26_1600,85.748291,27.73216,14.33
2026-08-26_1600,85.24292,27.771051,10.71
2026-08-26_1600,85.023193,27.809927,-27.68
2026-08-26_1600,85.198975,27.790491,-27.69
2026-08-26_1600,85.198975,27.771051,-11.8
2026-08-26_1600,85.155029,27.887639,-76.36
2026-08-26_1600,84.957275,27.809927,-63.29
2026-08-26_1600,85.220947,27.926474,-61.8
2026-08-26_1600,85.528564,27.887639,28.49
2026-08-26_1600,85.594482,27.790491,24.85
2026-08-26_1600,85.308838,27.868216,-55.81
2026-08-26_1600,85.6604,27.790491,10.42
2026-08-26_1600,85.001221,27.82936,-30.96
2026-08-26_1600,85.133057,27.907058,-52.94
2026-08-26_1600,85.24292,27.809927,10.44
2026-08-26_1600,85.550537,27.887639,11.12
2026-08-26_1600,85.770264,27.790491,22.71
2026-08-26_1600,85.6604,27.965294,16.6
2026-08-26_1600,85.330811,27.887639,-24.87
2026-08-26_1600,84.935303,27.926474,10.14
2026-08-26_1600,84.91333,27.945886,11.69
2026-08-26_1600,85.792236,27.790491,18.44
2026-08-26_1600,85.264893,27.926474,-55.07
2026-08-26_1600,85.704346,27.71271,17.73
2026-08-26_1600,85.550537,27.751607,16.52
2026-08-26_1600,85.770264,27.751607,19.93
2026-08-26_1600,85.836182,27.751607,13.64
2026-08-26_1600,85.264893,27.809927,40.41
2026-08-26_1600,85.6604,27.887639,18.89
2026-08-26_1600,85.528564,27.84879,11.68
2026-08-26_1600,84.979248,27.790491,-19.25
2026-08-26_1600,85.550537,27.907058,11.63
2026-08-26_1600,85.528564,27.790491,10.77
2026-08-26_1600,85.550537,27.790491,18.84
2026-08-26_1600,85.6604,27.809927,21.82
2026-08-26_1600,85.638428,27.71271,10.34
2026-08-26_1600,85.528564,27.82936,17.48
2026-08-26_1600,85.133057,27.887639,-76.77
2026-08-26_1600,84.935303,27.809927,-76.3
2026-08-26_1600,85.045166,27.73216,10.51
2026-08-26_1600,85.616455,27.82936,15.98
2026-08-26_1600,85.286865,27.790491,16.38
2026-08-26_1600,85.814209,27.771051,11.78
2026-08-26_1600,85.550537,27.73216,14.47
2026-08-26_1600,85.836182,27.71271,16.02
2026-08-26_1600,85.440674,27.9847,55.11
2026-08-26_1600,85.57251,27.790491,20.43
2026-08-26_1600,85.352783,27.82936,59.02
2026-08-26_1600,85.264893,27.907058,-45.53
2026-08-26_1600,85.528564,27.868216,19.45
2026-08-26_1600,85.748291,27.751607,21.24
2026-08-26_1600,85.067139,27.71271,14.92
2026-08-26_1600,85.6604,27.71271,22.68
2026-08-26_1600,85.045166,28.159189,-16.79
2026-08-26_1600,85.6604,27.771051,11.12
2026-08-26_1600,84.935303,27.907058,16.23
2026-08-26_1600,85.836182,27.73216,13.56
2026-08-26_1600,85.264893,27.887639,-37.64
2026-08-26_1600,85.550537,27.771051,13.89
2026-08-26_1600,84.979248,27.809927,-51.72
2026-08-26_1600,85.792236,27.926474,30.32
2026-08-26_1600,85.286865,28.120438,-72.04
2026-08-26_1600,85.133057,27.771051,-12.45
2026-08-26_1600,85.177002,27.926474,-76.51
2026-08-26_1600,85.286865,27.868216,-37.19
2026-08-26_1600,85.616455,27.790491,21.71
2026-08-26_1600,85.396729,27.965294,-15.86
2026-08-26_1600,85.57251,27.73216,13.88
2026-08-26_1600,85.6604,27.907058,36.57
2026-08-26_1600,85.594482,27.84879,13.32
2026-08-26_1600,85.111084,27.887639,-75.85
2026-08-26_1600,85.726318,27.73216,16.45
2026-08-26_1600,85.220947,27.887639,-26.54
2026-08-26_1600,85.682373,27.71271,24.63
2026-08-26_1600,85.023193,27.82936,-61.08
2026-08-26_1600,85.6604,27.9847,52.78
2026-08-26_1600,85.726318,27.751607,11.92
2026-08-26_1600,85.638428,27.771051,29.18
2026-08-26_1600,85.352783,27.945886,-28.06
2026-08-26_1600,84.91333,27.82936,-58.65
2026-08-26_1600,84.91333,27.790491,-56.79
2026-08-26_1600,85.792236,27.73216,11.29
2026-08-26_1600,85.220947,27.868216,-20.6
2026-08-26_1600,85.308838,27.82936,-19.44
2026-08-26_1600,85.220947,27.790491,-10.01
2026-08-26_1600,85.814209,27.751607,10.5
2026-08-26_1600,85.067139,27.790491,-12.68
2026-08-26_1600,85.177002,27.771051,-33.62
2026-08-26_1600,85.484619,27.809927,34.92
2026-08-26_1600,85.198975,27.907058,-48.77
2026-08-26_1600,85.506592,27.84879,20.43
2026-08-26_1600,85.155029,27.868216,-80.13
2026-08-26_1600,85.792236,27.82936,17.85
2026-08-26_1600,85.023193,27.751607,10.48
2026-08-26_1600,85.111084,27.926474,-65.71
2026-08-26_1600,85.528564,27.945886,13.08
2026-08-26_1600,85.330811,27.926474,-25.1
2026-08-26_1600,85.133057,27.945886,-78.54
2026-08-26_1600,85.330811,27.907058,-17.92
2026-08-26_1600,85.308838,27.887639,-40.32
2026-08-26_1600,85.792236,27.809927,36.81
2026-08-26_1600,85.308838,27.926474,-19.75
2026-08-26_1600,85.264893,27.84879,-22.21
2026-08-26_1600,85.57251,27.751607,17.23
2026-08-26_1600,85.308838,27.790491,10.4
2026-08-26_1600,85.682373,27.73216,11.21
2026-08-26_1600,85.198975,27.926474,-73.16
2026-08-26_1600,85.308838,27.84879,-57.75
2026-08-26_1600,84.91333,27.809927,-66.94
2026-08-26_1600,85.792236,27.965294,18.58
2026-08-26_1600,85.770264,27.771051,10.5
2026-08-26_1600,85.57251,27.771051,23.49
2026-08-26_1600,85.286865,27.926474,-24.32
2026-08-26_1600,84.935303,27.945886,28.42
2026-08-26_1600,85.418701,27.926474,-12.16
2026-08-26_1600,85.682373,27.926474,31.82
2026-08-26_1600,84.957275,27.790491,-55.03
2026-08-26_1600,85.770264,27.809927,21.98
2026-08-26_1600,85.220947,27.907058,-50.5
2026-08-26_1600,85.616455,27.84879,15.72
2026-08-26_1600,85.330811,27.945886,-26.83
2026-08-26_1600,84.91333,27.907058,10.96
2026-08-26_1600,85.111084,27.868216,-88.3
2026-08-26_1600,85.506592,27.809927,17.67
2026-08-26_1600,85.748291,27.809927,11.33
2026-08-26_1600,85.24292,27.907058,-53.77
2026-08-26_1600,85.550537,27.71271,14.99
2026-08-26_1600,85.836182,27.771051,23.04
2026-08-26_1600,85.24292,27.868216,-30.76
2026-08-26_1600,85.638428,27.907058,22.81
2026-08-26_1600,85.462646,27.82936,13.63
2026-08-26_1600,85.57251,27.71271,11.85
2026-08-26_1600,85.528564,27.907058,16.29
2026-08-26_1600,85.484619,27.82936,42.89
2026-08-26_1600,85.616455,27.771051,13.49
2026-08-26_1600,85.594482,27.751607,11.08
2026-08-26_1600,85.155029,27.771051,-28.77
2026-08-26_1600,85.133057,27.868216,-84.02
2026-08-26_1600,85.770264,27.907058,-10.57
2026-08-26_1600,85.594482,27.771051,15.72
2026-08-26_1600,85.198975,27.887639,-34.94
2026-08-26_1600,85.286865,27.887639,-41.82
2026-08-26_1600,85.155029,27.926474,-83.67
2026-08-26_1600,85.177002,27.71271,-11.1
2026-08-26_1600,85.352783,27.907058,-13.8
2026-08-26_1600,85.792236,27.771051,24.25
2026-08-26_1600,85.308838,27.907058,-21.06
2026-08-26_1600,85.352783,27.926474,-14.46
2026-08-26_1600,85.24292,27.887639,-48.02
2026-08-26_1600,85.506592,27.790491,12.89
2026-08-26_1600,85.198975,27.82936,-18.9
2026-08-26_1600,85.506592,27.887639,21.17
2026-08-26_1600,85.330811,27.82936,-24.51
2026-08-26_1600,85.133057,27.926474,-71.45
2026-08-26_1600,85.748291,27.71271,12.37
2026-08-26_1600,85.264893,27.790491,11.88
2026-08-26_1600,85.550537,27.809927,10.41
2026-08-26_1600,85.594482,27.809927,10.22
2026-08-26_1600,85.418701,27.809927,18.25
2026-08-26_1600,85.264893,27.868216,-23.91
2026-08-26_1600,84.91333,28.0235,27.73
2026-08-26_1600,85.528564,27.926474,17.61
2026-08-26_1600,85.177002,27.790491,-41.6
2026-08-26_1600,85.220947,27.945886,-63.85
2026-08-26_1600,85.177002,27.907058,-62.41
2026-08-26_1600,85.001221,27.751607,11.12
2026-08-26_1600,85.286865,27.84879,-35.56
2026-08-26_1600,85.286865,27.907058,-28.02
2026-08-26_1600,85.155029,27.907058,-59.69
2026-08-26_1600,85.484619,27.771051,11.6
2026-08-26_1600,85.220947,27.84879,-24.07
2026-08-26_1600,85.155029,27.945886,-85.65
2026-08-26_1600,85.638428,27.926474,73.26
2026-08-26_1600,85.616455,27.907058,21.98
2026-08-26_1600,85.308838,27.945886,-23.42
2026-08-27_0000,85.133057,27.887639,-22.98
2026-08-27_0000,85.638428,27.771051,27.96
2026-08-27_0000,85.198975,27.926474,-56.34
2026-08-27_0000,85.528564,27.82936,11.77
2026-08-27_0000,85.770264,27.82936,13.93
2026-08-27_0000,85.111084,27.809927,-28.58
2026-08-27_0000,85.286865,27.907058,-14.48
2026-08-27_0000,85.111084,27.751607,-10.52
2026-08-27_0000,84.935303,27.809927,-75.11
2026-08-27_0000,85.089111,27.82936,-36.08
2026-08-27_0000,85.111084,27.887639,-44.76
2026-08-27_0000,85.484619,27.82936,28.44
2026-08-27_0000,84.935303,28.062286,-22.64
2026-08-27_0000,85.418701,27.907058,15.64
2026-08-27_0000,84.91333,27.809927,-63.91
2026-08-27_0000,85.001221,28.042894,-23.77
2026-08-27_0000,85.616455,27.84879,-12.68
2026-08-27_0000,85.528564,27.887639,26.05
2026-08-27_0000,85.286865,27.887639,-15.18
2026-08-27_0000,85.155029,27.809927,-21.06
2026-08-27_0000,85.111084,27.82936,-60.16
2026-08-27_0000,85.264893,27.907058,-32.6
2026-08-27_0000,85.528564,27.868216,12.25
2026-08-27_0000,85.133057,27.84879,-50.26
2026-08-27_0000,85.616455,27.926474,21.4
2026-08-27_0000,85.396729,27.907058,16.93
2026-08-27_0000,85.111084,27.907058,-40.39
2026-08-27_0000,85.396729,27.926474,11.81
2026-08-27_0000,85.067139,27.84879,-68.28
2026-08-27_0000,85.24292,27.907058,-42.05
2026-08-27_0000,85.177002,27.945886,-78.92
2026-08-27_0000,85.177002,27.907058,-20.31
2026-08-27_0000,85.220947,27.926474,-60.85
2026-08-27_0000,85.067139,27.82936,-27.75
2026-08-27_0000,85.264893,27.887639,-27.13
2026-08-27_0000,85.24292,27.868216,-17.71
2026-08-27_0000,85.308838,28.101058,-54.01
2026-08-27_0000,85.770264,27.809927,10.44
2026-08-27_0000,85.045166,27.790491,13.37
2026-08-27_0000,85.330811,27.887639,-18.25
2026-08-27_0000,85.133057,27.945886,-76.39
2026-08-27_0000,85.111084,27.926474,-59.54
2026-08-27_0000,85.24292,27.790491,11.5
2026-08-27_0000,85.352783,27.809927,1932.22
2026-08-27_0000,85.6604,27.9847,56.02
2026-08-27_0000,85.001221,27.771051,14.86
2026-08-27_0000,85.506592,27.790491,12.32
2026-08-27_0000,85.220947,27.84879,-19.52
2026-08-27_0000,85.506592,27.84879,17.48
2026-08-27_0000,85.177002,27.887639,-14.51
2026-08-27_0000,85.726318,27.809927,16.37
2026-08-27_0000,85.089111,27.887639,-67.82
2026-08-27_0000,85.001221,27.790491,17.11
2026-08-27_0000,85.155029,27.82936,-31.13
2026-08-27_0000,85.330811,27.945886,-12.38
2026-08-27_0000,85.638428,27.965294,-13.92
2026-08-27_0000,84.979248,27.809927,-43.11
2026-08-27_0000,85.308838,27.945886,-25.37
2026-08-27_0000,85.506592,27.887639,19.19
2026-08-27_0000,85.57251,27.926474,35.13
2026-08-27_0000,84.957275,27.82936,-57.43
2026-08-27_0000,85.308838,27.907058,-14.63
2026-08-27_0000,85.330811,27.926474,-19.67
2026-08-27_0000,85.155029,27.84879,-20.86
2026-08-27_0000,85.111084,27.868216,-65.93
2026-08-27_0000,84.957275,27.868216,-13.83
2026-08-27_0000,85.638428,27.790491,10.7
2026-08-27_0000,85.286865,28.101058,-40.32
2026-08-27_0000,85.396729,27.809927,637.79
2026-08-27_0000,84.91333,27.82936,-61.32
2026-08-27_0000,85.133057,27.868216,-29.67
2026-08-27_0000,85.001221,27.82936,-35.24
2026-08-27_0000,85.57251,27.751607,12.22
2026-08-27_0000,85.286865,27.926474,-23.22
2026-08-27_0000,85.57251,27.73216,12.88
2026-08-27_0000,85.814209,27.71271,14.45
2026-08-27_0000,84.957275,27.790491,-52.57
2026-08-27_0000,85.24292,27.887639,-37.19
2026-08-27_0000,84.957275,28.004101,-16.7
2026-08-27_0000,85.528564,27.907058,13.14
2026-08-27_0000,85.264893,27.926474,-42.0
2026-08-27_0000,85.023193,27.82936,-47.86
2026-08-27_0000,84.91333,27.790491,-63.49
2026-08-27_0000,85.155029,27.926474,-72.05
2026-08-27_0000,85.023193,28.0235,-62.27
2026-08-27_0000,85.792236,27.82936,31.86
2026-08-27_0000,85.286865,28.120438,-50.79
2026-08-27_0000,85.198975,27.887639,-10.42
2026-08-27_0000,85.594482,27.771051,12.94
2026-08-27_0000,85.748291,27.751607,14.66
2026-08-27_0000,85.286865,28.139815,-59.56
2026-08-27_0000,85.748291,27.73216,14.27
2026-08-27_0000,85.133057,27.926474,-63.7
2026-08-27_0000,85.57251,28.217289,37.02
2026-08-27_0000,85.198975,27.790491,14.53
2026-08-27_0000,85.023193,27.809927,-19.37
2026-08-27_0000,85.155029,27.887639,-12.15
2026-08-27_0000,85.023193,27.751607,10.57
2026-08-27_0000,85.001221,28.062286,-46.07
2026-08-27_0000,85.24292,27.809927,11.45
2026-08-27_0000,85.220947,27.907058,-45.53
2026-08-27_0000,85.352783,27.84879,-31.88
2026-08-27_0000,85.726318,27.73216,13.14
2026-08-27_0000,85.198975,27.907058,-32.13
2026-08-27_0000,85.484619,27.809927,21.98
2026-08-27_0000,85.836182,27.771051,11.31
2026-08-27_0000,85.6604,27.887639,18.16
2026-08-27_0000,85.6604,27.771051,10.48
2026-08-27_0000,85.6604,27.71271,14.91
2026-08-27_0000,85.045166,27.82936,-31.15
2026-08-27_0000,85.089111,27.84879,-77.23
2026-08-27_0000,85.045166,27.84879,-72.08
2026-08-27_0000,85.177002,27.926474,-54.28
2026-08-27_0000,85.045166,28.159189,-19.69
2026-08-27_0000,85.264893,27.868216,-23.5
2026-08-27_0000,85.220947,27.809927,11.77
2026-08-27_0000,85.638428,27.868216,14.4
2026-08-27_0000,85.770264,27.868216,-26.34
2026-08-27_0000,85.308838,27.887639,-21.22
2026-08-27_0000,85.748291,27.868216,20.93
2026-08-27_0000,85.550537,27.751607,10.67
2026-08-27_0000,85.264893,27.809927,11.42
2026-08-27_0000,85.770264,27.771051,16.56
2026-08-27_0000,85.770264,27.84879,25.03
2026-08-27_0000,85.57251,27.790491,15.49
2026-08-27_0000,85.330811,27.84879,-23.83
2026-08-27_0000,85.528564,27.926474,10.2
2026-08-27_0000,85.682373,27.71271,14.41
2026-08-27_0000,85.220947,27.887639,-13.6
2026-08-27_0000,85.352783,27.868216,-39.98
2026-08-27_0000,85.198975,27.945886,-77.03
2026-08-27_0000,85.440674,27.82936,-12.86
2026-08-27_0000,85.089111,27.868216,-75.03
2026-08-27_0000,84.91333,28.0235,33.45
2026-08-27_0000,85.220947,27.945886,-74.86
2026-08-27_0000,85.308838,28.178559,-63.45
2026-08-27_0000,84.957275,27.809927,-63.92
2026-08-27_0000,85.374756,27.926474,10.3
2026-08-27_0000,85.133057,27.907058,-16.29
2026-08-27_0000,85.792236,27.965294,11.34
2026-08-27_0000,84.957275,28.0235,-10.22
2026-08-27_0000,85.770264,27.907058,-13.53
2026-08-27_0000,85.286865,27.809927,22.37
2026-08-27_0000,85.550537,27.790491,19.0
2026-08-27_0000,85.6604,27.82936,21.37
2026-08-27_0000,85.198975,27.868216,-12.15
2026-08-27_0000,85.836182,27.71271,24.3
2026-08-27_0000,85.155029,27.945886,-81.85
2026-08-27_0000,85.001221,27.751607,19.67
2026-08-27_0000,85.506592,27.926474,24.9
2026-08-27_0000,85.023193,27.73216,10.77
2026-08-27_0000,85.111084,27.84879,-68.82
2026-08-27_0000,84.979248,27.887639,-23.65
2026-08-27_0000,85.550537,27.945886,10.33
2026-08-27_0000,85.198975,27.84879,-14.39
2026-08-27_0000,84.979248,27.790491,-10.11
2026-08-27_0000,85.638428,27.926474,39.22
2026-08-27_0000,85.308838,27.926474,-22.02
2026-08-27_0000,85.286865,27.945886,-30.76
2026-08-27_0000,85.089111,27.907058,-57.48
2026-08-27_0000,85.57251,27.771051,20.22
2026-08-27_0000,85.770264,27.790491,21.64
2026-08-27_0000,85.792236,27.809927,24.39
2026-08-27_0000,85.308838,27.868216,-15.99
2026-08-27_0000,85.023193,27.771051,14.84
2026-08-27_0000,85.616455,27.907058,16.5
2026-08-27_0000,85.506592,27.868216,11.19
2026-08-27_0000,85.155029,27.868216,-13.57
2026-08-27_0000,85.330811,27.868216,-31.71
2026-08-27_0000,85.792236,27.771051,17.57
2026-08-27_0000,85.308838,28.120438,-63.63
2026-08-27_0000,85.352783,27.887639,-25.19
2026-08-27_0000,85.111084,27.945886,-77.99
2026-08-27_0000,85.704346,27.73216,14.16
2026-08-27_0800,85.198975,27.84879,10.67
2026-08-27_0800,85.111084,27.84879,-68.07
2026-08-27_0800,85.792236,27.790491,-10.79
2026-08-27_0800,84.957275,27.809927,-35.09
2026-08-27_0800,85.836182,27.71271,14.6
2026-08-27_0800,85.594482,27.82936,-20.27
2026-08-27_0800,85.748291,27.71271,11.77
2026-08-27_0800,85.286865,27.809927,25.44
2026-08-27_0800,85.133057,27.84879,-32.16
2026-08-27_0800,85.616455,27.73216,-17.66
2026-08-27_0800,85.111084,27.907058,-31.78
2026-08-27_0800,85.682373,27.790491,-18.15
2026-08-27_0800,85.528564,27.71271,-13.74
2026-08-27_0800,85.067139,27.84879,-49.99
2026-08-27_0800,85.177002,27.945886,-72.69
2026-08-27_0800,84.91333,27.868216,10.96
2026-08-27_0800,85.638428,27.751607,-18.83
2026-08-27_0800,85.023193,27.790491,-11.3
2026-08-27_0800,85.155029,27.945886,-81.36
2026-08-27_0800,85.023193,27.771051,-15.57
2026-08-27_0800,85.308838,28.178559,-69.34
2026-08-27_0800,85.264893,27.868216,-24.73
2026-08-27_0800,85.045166,27.82936,-24.0
2026-08-27_0800,85.330811,27.907058,14.57
2026-08-27_0800,85.792236,27.71271,-14.71
2026-08-27_0800,85.616455,27.771051,-12.47
2026-08-27_0800,85.089111,27.84879,-73.57
2026-08-27_0800,85.045166,27.84879,-59.57
2026-08-27_0800,85.594482,27.887639,-11.0
2026-08-27_0800,85.177002,27.926474,-43.37
2026-08-27_0800,85.6604,27.71271,10.6
2026-08-27_0800,85.308838,27.868216,-19.02
2026-08-27_0800,85.682373,27.809927,-12.37
2026-08-27_0800,85.594482,27.84879,-14.46
2026-08-27_0800,85.155029,27.868216,10.2
2026-08-27_0800,85.616455,27.809927,-28.38
2026-08-27_0800,85.330811,27.868216,-25.38
2026-08-27_0800,85.177002,27.868216,18.36
2026-08-27_0800,85.111084,27.945886,-71.75
2026-08-27_0800,85.704346,27.73216,31.17
2026-08-27_0800,85.57251,27.771051,16.03
2026-08-27_0800,85.528564,27.868216,17.01
2026-08-27_0800,85.396729,27.926474,11.06
2026-08-27_0800,85.24292,27.926474,-24.17
2026-08-27_0800,85.155029,27.926474,-70.02
2026-08-27_0800,85.726318,27.809927,10.33
2026-08-27_0800,85.792236,27.82936,-16.47
2026-08-27_0800,85.111084,27.887639,-35.44
2026-08-27_0800,84.91333,27.790491,-43.65
2026-08-27_0800,85.089111,27.82936,-36.68
2026-08-27_0800,84.935303,27.809927,-44.97
2026-08-27_0800,84.91333,27.809927,-42.49
2026-08-27_0800,85.045166,27.771051,-18.34
2026-08-27_0800,85.770264,27.73216,12.25
2026-08-27_0800,85.528564,27.809927,-13.55
2026-08-27_0800,85.6604,27.73216,-22.82
2026-08-27_0800,85.286865,27.887639,-13.88
2026-08-27_0800,85.023193,27.82936,-55.4
2026-08-27_0800,85.550537,27.751607,-10.94
2026-08-27_0800,85.198975,27.790491,10.36
2026-08-27_0800,85.023193,27.809927,-33.13
2026-08-27_0800,85.528564,27.73216,-15.81
2026-08-27_0800,85.616455,27.751607,-16.96
2026-08-27_0800,85.264893,27.926474,-24.61
2026-08-27_0800,85.133057,27.926474,-60.15
2026-08-27_0800,85.286865,27.926474,-15.71
2026-08-27_0800,85.704346,27.771051,-19.17
2026-08-27_0800,84.957275,27.790491,-28.32
2026-08-27_0800,85.24292,27.887639,-30.75
2026-08-27_0800,85.220947,27.82936,16.17
2026-08-27_0800,85.286865,28.120438,-29.23
2026-08-27_0800,85.264893,27.907058,-14.5
2026-08-27_0800,85.704346,27.790491,-15.04
2026-08-27_0800,85.133057,27.945886,-73.31
2026-08-27_0800,85.220947,27.84879,-17.81
2026-08-27_0800,85.308838,28.101058,-55.66
2026-08-27_0800,84.935303,27.790491,-57.57
2026-08-27_0800,85.6604,27.9847,13.68
2026-08-27_0800,85.111084,27.926474,-51.15
2026-08-27_0800,85.748291,27.790491,-13.84
2026-08-27_0800,85.001221,28.042894,-31.75
2026-08-27_0800,85.682373,27.771051,-14.62
2026-08-27_0800,85.198975,27.926474,-29.95
2026-08-27_0800,85.133057,27.887639,-10.76
2026-08-27_0800,85.528564,27.82936,10.14
2026-08-27_0800,85.726318,27.790491,-11.87
2026-08-27_0800,85.352783,27.926474,10.97
2026-08-27_0800,85.177002,27.82936,27.15
2026-08-27_0800,85.155029,27.907058,11.11
2026-08-27_0800,85.6604,27.907058,10.9
2026-08-27_0800,85.484619,27.82936,21.98
2026-08-27_0800,85.264893,27.887639,-31.36
2026-08-27_0800,85.638428,27.907058,-16.33
2026-08-27_0800,85.308838,28.120438,-45.52
2026-08-27_0800,85.616455,27.887639,-22.52
2026-08-27_0800,85.726318,27.73216,24.37
2026-08-27_0800,85.24292,27.809927,10.05
2026-08-27_0800,85.484619,27.809927,32.72
2026-08-27_0800,85.57251,28.217289,119.02
2026-08-27_0800,85.111084,27.868216,-59.48
2026-08-27_0800,85.286865,28.101058,-29.4
2026-08-27_0800,85.001221,28.062286,-39.82
2026-08-27_0800,85.045166,27.809927,-20.68
2026-08-27_0800,85.616455,27.790491,-29.29
2026-08-27_0800,85.177002,27.84879,26.81
2026-08-27_0800,85.220947,27.945886,-68.41
2026-08-27_0800,85.198975,27.945886,-54.27
2026-08-27_0800,85.682373,27.71271,28.76
2026-08-27_0800,85.57251,27.790491,14.52
2026-08-27_0800,85.726318,27.71271,20.16
2026-08-27_0800,85.220947,27.809927,11.21
2026-08-27_0800,85.770264,27.71271,-20.65
2026-08-27_0800,85.594482,27.73216,-12.99
2026-08-27_0800,85.638428,27.965294,-17.2
2026-08-27_0800,85.286865,27.84879,-18.34
2026-08-27_0800,85.396729,27.965294,19.88
2026-08-27_0800,85.418701,27.809927,57.62
2026-08-27_0800,84.979248,27.809927,-32.46
2026-08-27_0800,85.198975,27.82936,27.83
2026-08-27_0800,85.638428,27.73216,-38.3
2026-08-27_0800,85.704346,27.71271,37.54
2026-08-27_0800,85.748291,27.73216,19.53
2026-08-27_0800,85.550537,27.887639,16.2
2026-08-27_0800,85.198975,27.887639,17.01
2026-08-27_0800,85.001221,27.82936,-24.9
2026-08-27_0800,84.957275,27.82936,-42.65
2026-08-27_0800,85.308838,27.84879,-16.18
2026-08-27_0800,85.594482,27.809927,-14.89
2026-08-27_0800,84.935303,27.82936,-49.13
2026-08-27_0800,84.91333,27.82936,-38.19
2026-08-27_1600,85.133057,27.945886,-70.76
2026-08-27_1600,85.220947,27.84879,-21.46
2026-08-27_1600,84.935303,27.790491,-55.46
2026-08-27_1600,85.506592,27.790491,-10.45
2026-08-27_1600,85.330811,27.887639,-39.04
2026-08-27_1600,85.308838,27.82936,-12.49
2026-08-27_1600,85.111084,27.926474,-42.18
2026-08-27_1600,85.6604,27.9847,23.66
2026-08-27_1600,85.045166,27.790491,20.74
2026-08-27_1600,85.638428,27.771051,-14.98
2026-08-27_1600,85.111084,27.809927,-13.51
2026-08-27_1600,85.286865,27.907058,-21.3
2026-08-27_1600,85.6604,27.907058,-16.86
2026-08-27_1600,85.111084,27.82936,-54.76
2026-08-27_1600,85.264893,27.887639,-18.98
2026-08-27_1600,85.286865,27.771051,12.07
2026-08-27_1600,85.638428,27.907058,-21.9
2026-08-27_1600,85.308838,28.101058,-44.58
2026-08-27_1600,85.770264,27.809927,15.44
2026-08-27_1600,85.24292,27.868216,-14.83
2026-08-27_1600,85.198975,27.926474,-39.01
2026-08-27_1600,85.286865,27.887639,-26.45
2026-08-27_1600,85.528564,27.809927,-10.65
2026-08-27_1600,84.91333,28.004101,-18.19
2026-08-27_1600,84.91333,27.809927,-38.29
2026-08-27_1600,85.111084,27.790491,23.37
2026-08-27_1600,85.418701,27.907058,17.5
2026-08-27_1600,85.550537,27.84879,-17.82
2026-08-27_1600,84.935303,27.809927,-37.63
2026-08-27_1600,85.550537,27.82936,-18.7
2026-08-27_1600,85.089111,27.82936,-27.19
2026-08-27_1600,85.133057,27.82936,-48.79
2026-08-27_1600,85.001221,28.042894,-21.57
2026-08-27_1600,85.748291,27.790491,11.06
2026-08-27_1600,85.528564,27.84879,-13.17
2026-08-27_1600,85.792236,27.945886,-14.7
2026-08-27_1600,84.91333,27.790491,-43.32
2026-08-27_1600,85.24292,27.926474,-33.35
2026-08-27_1600,85.792236,27.73216,-18.71
2026-08-27_1600,85.155029,27.926474,-69.06
2026-08-27_1600,85.023193,28.0235,-44.71
2026-08-27_1600,85.792236,27.82936,18.37
2026-08-27_1600,85.506592,27.84879,10.07
2026-08-27_1600,85.198975,27.868216,-18.41
2026-08-27_1600,85.528564,27.790491,-13.94
2026-08-27_1600,85.770264,27.907058,-14.64
2026-08-27_1600,85.616455,27.868216,-15.25
2026-08-27_1600,85.792236,27.965294,17.34
2026-08-27_1600,84.957275,27.809927,-47.38
2026-08-27_1600,85.023193,27.82936,-48.89
2026-08-27_1600,85.155029,27.945886,-79.78
2026-08-27_1600,85.308838,27.926474,-31.38
2026-08-27_1600,85.638428,27.926474,16.59
2026-08-27_1600,85.57251,27.771051,11.67
2026-08-27_1600,85.286865,27.945886,-19.48
2026-08-27_1600,85.704346,27.73216,12.81
2026-08-27_1600,85.111084,27.945886,-66.21
2026-08-27_1600,85.308838,28.120438,-35.12
2026-08-27_1600,85.792236,27.771051,15.05
2026-08-27_1600,85.264893,27.790491,14.63
2026-08-27_1600,85.616455,27.809927,-17.03
2026-08-27_1600,85.616455,27.907058,-10.28
2026-08-27_1600,85.24292,27.84879,-12.55
2026-08-27_1600,85.198975,27.84879,-27.42
2026-08-27_1600,85.24292,27.73216,11.55
2026-08-27_1600,85.264893,27.771051,11.39
2026-08-27_1600,85.748291,27.71271,-11.18
2026-08-27_1600,85.396729,27.907058,-12.82
2026-08-27_1600,85.133057,27.84879,-36.73
2026-08-27_1600,85.264893,27.907058,-21.37
2026-08-27_1600,85.24292,27.945886,-56.91
2026-08-27_1600,85.220947,27.926474,-34.57
2026-08-27_1600,85.57251,27.82936,-12.66
2026-08-27_1600,85.067139,27.84879,-49.84
2026-08-27_1600,85.550537,27.945886,-17.16
2026-08-27_1600,85.111084,27.84879,-61.69
2026-08-27_1600,85.286865,27.790491,21.23
2026-08-27_1600,85.528564,27.71271,-14.27
2026-08-27_1600,85.330811,27.926474,-20.79
2026-08-27_1600,85.177002,27.907058,-11.76
2026-08-27_1600,85.638428,27.751607,-11.49
2026-08-27_1600,85.177002,27.945886,-75.83
2026-08-27_1600,85.24292,27.907058,-20.65
2026-08-27_1600,85.594482,27.868216,-24.22
2026-08-27_1600,85.264893,27.926474,-36.81
2026-08-27_1600,84.935303,27.82936,-46.54
2026-08-27_1600,84.91333,27.82936,-32.84
2026-08-27_1600,85.57251,27.868216,-17.91
2026-08-27_1600,85.550537,27.926474,-10.81
2026-08-27_1600,85.330811,27.82936,-18.55
2026-08-27_1600,85.352783,27.907058,-11.1
2026-08-27_1600,85.638428,27.790491,-16.68
2026-08-27_1600,85.111084,27.868216,-57.39
2026-08-27_1600,85.155029,27.84879,-11.17
2026-08-27_1600,85.506592,27.809927,-18.2
2026-08-27_1600,85.133057,27.790491,19.02
2026-08-27_1600,85.550537,27.868216,-17.66
2026-08-27_1600,85.57251,28.217289,89.91
2026-08-27_1600,85.220947,27.73216,10.69
2026-08-27_1600,85.308838,27.771051,10.7
2026-08-27_1600,85.286865,27.84879,-34.82
2026-08-27_1600,85.330811,27.945886,-21.53
2026-08-27_1600,85.155029,27.82936,-22.08
2026-08-27_1600,85.089111,27.887639,-59.22
2026-08-27_1600,85.308838,27.790491,14.55
2026-08-27_1600,85.418701,27.809927,19.23
2026-08-27_1600,85.220947,27.751607,10.98
2026-08-27_1600,85.308838,27.907058,-21.31
2026-08-27_1600,85.374756,27.945886,18.97
2026-08-27_1600,85.330811,27.907058,-27.32
2026-08-27_1600,85.308838,27.809927,11.73
2026-08-27_1600,85.045166,27.82936,-26.73
2026-08-27_1600,85.264893,27.868216,-20.63
2026-08-27_1600,85.308838,28.178559,-52.78
2026-08-27_1600,84.91333,27.945886,-11.43
2026-08-27_1600,85.308838,27.868216,-33.18
2026-08-27_1600,85.330811,27.71271,-14.39
2026-08-27_1600,85.770264,27.790491,19.74
2026-08-27_1600,85.792236,27.71271,-18.13
2026-08-27_1600,85.352783,27.82936,81.75
2026-08-27_1600,85.089111,27.84879,-69.84
2026-08-27_1600,85.220947,27.907058,-18.31
2026-08-27_1600,85.616455,27.887639,-31.89
2026-08-27_1600,85.001221,28.062286,-30.41
2026-08-27_1600,85.6604,27.771051,-12.5
2026-08-27_1600,85.6604,27.71271,17.24
2026-08-27_1600,85.045166,28.159189,11.36
2026-08-27_1600,85.177002,27.926474,-45.29
2026-08-27_1600,85.594482,27.887639,-23.66
2026-08-27_1600,85.045166,27.84879,-61.43
2026-08-27_1600,85.198975,27.809927,-19.26
2026-08-27_1600,84.979248,27.809927,-40.54
2026-08-27_1600,85.770264,27.771051,13.22
2026-08-27_1600,85.133057,27.73216,-10.72
2026-08-27_1600,85.264893,27.809927,14.49
2026-08-27_1600,85.308838,27.887639,-38.71
2026-08-27_1600,85.814209,27.73216,-17.9
2026-08-27_1600,85.528564,27.751607,-15.23
2026-08-27_1600,85.462646,27.82936,10.64
2026-08-27_1600,85.638428,27.809927,-15.6
2026-08-27_1600,85.220947,27.82936,-11.3
2026-08-27_1600,85.24292,27.887639,-25.74
2026-08-27_1600,84.957275,27.790491,-35.89
2026-08-27_1600,85.814209,27.71271,-13.97
2026-08-27_1600,84.935303,27.868216,-17.73
2026-08-27_1600,85.704346,27.771051,-15.52
2026-08-27_1600,85.286865,27.926474,-27.06
2026-08-27_1600,85.506592,27.771051,-12.82
2026-08-27_1600,85.286865,28.120438,-17.76
2026-08-27_1600,85.133057,27.926474,-56.76
2026-08-27_1600,85.286865,27.868216,-13.26
2026-08-27_1600,85.528564,27.73216,-18.36
2026-08-27_1600,85.24292,27.771051,12.23
2026-08-27_1600,85.023193,27.809927,-28.29
2026-08-27_1600,85.638428,27.887639,-27.56
2026-08-27_1600,85.089111,27.868216,-73.99
2026-08-27_1600,85.748291,27.751607,11.89
2026-08-27_1600,85.198975,27.887639,-10.57
2026-08-27_1600,85.001221,27.82936,-31.82
2026-08-27_1600,85.770264,27.71271,-17.53
2026-08-27_1600,84.957275,27.82936,-44.35
2026-08-27_1600,85.177002,27.790491,-11.11
2026-08-27_1600,85.308838,27.84879,-42.18
2026-08-27_1600,85.638428,27.73216,-16.7
2026-08-27_1600,85.308838,27.945886,-28.11
2026-08-27_1600,85.220947,27.868216,-20.85
2026-08-27_1600,85.220947,27.945886,-57.81
2026-08-27_1600,85.198975,27.945886,-57.67
2026-08-27_1600,85.220947,27.887639,-20.78
2026-08-27_1600,85.6604,27.887639,-15.15
2026-08-27_1600,84.91333,28.062286,-27.12
2026-08-27_1600,85.550537,27.73216,-12.69
2026-08-27_1600,85.198975,27.907058,-20.16
2026-08-28_0000,85.638428,27.73216,20.11
2026-08-28_0000,85.111084,27.84879,-37.87
2026-08-28_0000,85.023193,27.73216,14.14
2026-08-28_0000,85.814209,27.771051,16.57
2026-08-28_0000,85.286865,27.790491,31.27
2026-08-28_0000,85.616455,27.82936,22.2
2026-08-28_0000,85.616455,27.751607,18.39
2026-08-28_0000,85.330811,27.751607,10.47
2026-08-28_0000,85.24292,27.84879,15.65
2026-08-28_0000,85.836182,27.771051,13.15
2026-08-28_0000,85.045166,28.159189,-20.39
2026-08-28_0000,85.089111,28.178559,-10.09
2026-08-28_0000,85.264893,27.73216,13.23
2026-08-28_0000,84.91333,27.965294,-13.18
2026-08-28_0000,85.155029,27.82936,19.53
2026-08-28_0000,84.935303,27.907058,10.84
2026-08-28_0000,85.440674,27.73216,14.97
2026-08-28_0000,85.506592,27.868216,17.49
2026-08-28_0000,84.935303,27.868216,-18.61
2026-08-28_0000,84.935303,27.790491,-50.16
2026-08-28_0000,85.418701,27.73216,13.42
2026-08-28_0000,85.396729,27.71271,12.27
2026-08-28_0000,84.91333,28.062286,-37.54
2026-08-28_0000,85.6604,27.945886,22.51
2026-08-28_0000,85.836182,27.73216,11.55
2026-08-28_0000,85.352783,27.790491,16.74
2026-08-28_0000,85.484619,27.71271,12.53
2026-08-28_0000,85.155029,27.790491,13.51
2026-08-28_0000,85.155029,27.926474,-63.57
2026-08-28_0000,84.91333,27.790491,-40.77
2026-08-28_0000,84.935303,27.809927,-26.16
2026-08-28_0000,85.089111,27.907058,-46.09
2026-08-28_0000,85.24292,28.004101,-70.29
2026-08-28_0000,85.155029,27.907058,13.19
2026-08-28_0000,85.550537,27.926474,-13.32
2026-08-28_0000,85.198975,27.73216,10.78
2026-08-28_0000,85.133057,27.907058,12.65
2026-08-28_0000,85.220947,27.771051,14.19
2026-08-28_0000,85.374756,27.907058,15.76
2026-08-28_0000,85.57251,27.907058,11.39
2026-08-28_0000,85.264893,27.771051,21.71
2026-08-28_0000,85.704346,27.73216,23.07
2026-08-28_0000,85.638428,27.71271,22.83
2026-08-28_0000,85.133057,27.84879,-16.1
2026-08-28_0000,85.308838,28.139815,-51.46
2026-08-28_0000,84.979248,27.771051,-11.63
2026-08-28_0000,85.57251,27.771051,40.19
2026-08-28_0000,85.111084,27.809927,-18.17
2026-08-28_0000,84.957275,27.82936,-44.15
2026-08-28_0000,85.198975,27.965294,-77.11
2026-08-28_0000,85.484619,27.751607,13.49
2026-08-28_0000,85.396729,27.907058,21.86
2026-08-28_0000,85.264893,27.809927,19.0
2026-08-28_0000,85.286865,27.887639,11.35
2026-08-28_0000,85.198975,27.771051,22.94
2026-08-28_0000,85.220947,27.887639,25.18
2026-08-28_0000,85.682373,27.71271,38.13
2026-08-28_0000,85.352783,27.868216,-11.74
2026-08-28_0000,85.748291,27.751607,18.74
2026-08-28_0000,85.418701,27.790491,10.05
2026-08-28_0000,85.396729,27.771051,12.18
2026-08-28_0000,85.528564,27.887639,12.83
2026-08-28_0000,85.792236,27.945886,-15.65
2026-08-28_0000,85.198975,27.945886,-39.07
2026-08-28_0000,85.198975,27.751607,11.59
2026-08-28_0000,85.198975,28.004101,-87.48
2026-08-28_0000,85.089111,27.771051,15.97
2026-08-28_0000,85.089111,27.945886,-50.57
2026-08-28_0000,85.264893,27.868216,17.13
2026-08-28_0000,84.91333,28.0235,-12.19
2026-08-28_0000,85.792236,27.71271,-14.91
2026-08-28_0000,85.155029,27.84879,16.71
2026-08-28_0000,85.484619,27.73216,14.47
2026-08-28_0000,85.111084,27.945886,-53.46
2026-08-28_0000,85.308838,27.84879,17.5
2026-08-28_0000,85.638428,27.771051,34.73
2026-08-28_0000,85.133057,27.82936,-25.83
2026-08-28_0000,85.550537,27.751607,17.34
2026-08-28_0000,85.616455,27.809927,22.11
2026-08-28_0000,85.067139,27.790491,17.18
2026-08-28_0000,85.286865,28.120438,-10.41
2026-08-28_0000,85.286865,28.101058,15.47
2026-08-28_0000,85.550537,27.771051,19.2
2026-08-28_0000,85.396729,27.945886,18.23
2026-08-28_0000,85.440674,27.751607,16.58
2026-08-28_0000,85.155029,27.771051,14.21
2026-08-28_0000,85.308838,28.120438,-12.57
2026-08-28_0000,85.308838,27.771051,20.54
2026-08-28_0000,84.91333,27.82936,-25.66
2026-08-28_0000,85.594482,27.771051,20.98
2026-08-28_0000,85.198975,27.887639,24.05
2026-08-28_0000,85.374756,27.771051,12.4
2026-08-28_0000,85.440674,27.9847,12.01
2026-08-28_0000,85.286865,27.751607,16.76
2026-08-28_0000,85.594482,27.71271,21.32
2026-08-28_0000,85.638428,27.82936,18.24
2026-08-28_0000,85.001221,28.042894,-25.47
2026-08-28_0000,85.264893,28.004101,-64.48
2026-08-28_0000,85.638428,27.965294,14.64
2026-08-28_0000,85.286865,27.868216,30.34
2026-08-28_0000,85.24292,27.82936,10.8
2026-08-28_0000,85.133057,27.771051,14.23
2026-08-28_0000,85.616455,27.84879,49.07
2026-08-28_0000,85.550537,27.945886,-22.88
2026-08-28_0000,84.979248,27.887639,-22.73
2026-08-28_0000,84.979248,27.809927,-39.67
2026-08-28_0000,85.177002,27.868216,17.34
2026-08-28_0000,85.550537,27.73216,16.45
2026-08-28_0000,85.638428,27.9847,54.77
2026-08-28_0000,85.550537,27.907058,17.11
2026-08-28_0000,85.264893,27.71271,11.41
2026-08-28_0000,84.979248,27.790491,-17.34
2026-08-28_0000,85.220947,28.004101,-73.02
2026-08-28_0000,85.177002,27.82936,30.36
2026-08-28_0000,85.638428,27.945886,15.68
2026-08-28_0000,85.308838,27.82936,24.77
2026-08-28_0000,85.220947,27.907058,30.15
2026-08-28_0000,85.57251,27.71271,14.05
2026-08-28_0000,85.308838,28.178559,-55.26
2026-08-28_0000,85.067139,27.868216,-59.16
2026-08-28_0000,85.6604,27.907058,11.78
2026-08-28_0000,85.484619,27.82936,11.79
2026-08-28_0000,85.6604,27.771051,15.37
2026-08-28_0000,85.286865,27.84879,18.5
2026-08-28_0000,85.6604,27.9847,162.91
2026-08-28_0000,85.6604,27.809927,-17.62
2026-08-28_0000,85.57251,27.73216,19.05
2026-08-28_0000,85.220947,27.868216,20.03
2026-08-28_0000,85.177002,27.84879,26.05
2026-08-28_0000,85.594482,27.73216,17.56
2026-08-28_0000,85.462646,27.809927,-29.38
2026-08-28_0000,85.462646,27.771051,14.94
2026-08-28_0000,85.396729,27.926474,13.7
2026-08-28_0000,84.957275,27.809927,-42.64
2026-08-28_0000,85.682373,27.809927,-14.56
2026-08-28_0000,85.24292,27.868216,25.07
2026-08-28_0000,85.24292,27.71271,15.87
2026-08-28_0000,85.418701,27.907058,16.79
2026-08-28_0000,85.418701,27.71271,14.2
2026-08-28_0000,85.638428,27.790491,20.95
2026-08-28_0000,85.111084,27.926474,-39.48
2026-08-28_0000,85.111084,27.868216,-39.89
2026-08-28_0000,85.24292,27.790491,17.68
2026-08-28_0000,85.308838,27.790491,25.48
2026-08-28_0000,85.57251,27.809927,17.94
2026-08-28_0000,84.91333,28.004101,-29.77
2026-08-28_0000,85.616455,27.790491,17.75
2026-08-28_0000,85.220947,27.82936,17.39
2026-08-28_0000,85.528564,27.790491,15.26
2026-08-28_0000,85.550537,27.790491,20.05
2026-08-28_0000,85.198975,27.868216,15.8
2026-08-28_0000,85.155029,27.945886,-74.45
2026-08-28_0000,85.638428,27.926474,19.23
2026-08-28_0000,85.616455,27.771051,17.63
2026-08-28_0000,85.220947,27.751607,19.16
2026-08-28_0000,85.418701,27.809927,28.4
2026-08-28_0000,85.089111,27.887639,-57.95
2026-08-28_0000,85.528564,27.73216,18.87
2026-08-28_0000,84.935303,28.062286,-17.07
2026-08-28_0000,85.704346,27.751607,10.72
2026-08-28_0000,85.352783,27.771051,15.05
2026-08-28_0000,85.264893,27.751607,17.25
2026-08-28_0000,85.506592,27.790491,12.48
2026-08-28_0000,85.352783,27.82936,37.47
2026-08-28_0000,84.979248,27.907058,-28.58
2026-08-28_0000,85.067139,27.82936,12.25
2026-08-28_0000,85.308838,27.751607,14.46
2026-08-28_0000,85.6604,27.887639,11.36
2026-08-28_0000,85.770264,27.907058,16.83
2026-08-28_0000,85.836182,27.71271,23.46
2026-08-28_0000,85.506592,27.71271,13.1
2026-08-28_0000,85.198975,27.907058,17.13
2026-08-28_0000,85.484619,27.790491,12.62
2026-08-28_0000,85.770264,27.71271,-22.62
2026-08-28_0000,85.704346,27.71271,23.44
2026-08-28_0000,85.330811,27.790491,20.61
2026-08-28_0000,85.089111,27.926474,-43.85
2026-08-28_0000,85.220947,27.965294,-38.61
2026-08-28_0000,85.089111,27.82936,-11.05
2026-08-28_0000,85.111084,27.965294,-68.19
2026-08-28_0000,85.24292,27.771051,20.93
2026-08-28_0000,84.957275,27.887639,19.7
2026-08-28_0000,85.506592,27.73216,14.04
2026-08-28_0000,85.023193,27.82936,-49.0
2026-08-28_0000,84.935303,27.82936,-36.94
2026-08-28_0000,85.308838,27.809927,30.67
2026-08-28_0000,84.91333,27.84879,-14.41
2026-08-28_0000,85.6604,27.71271,38.13
2026-08-28_0000,85.330811,27.809927,23.36
2026-08-28_0000,85.616455,27.887639,-13.8
2026-08-28_0000,85.682373,27.9847,280.4
2026-08-28_0000,85.726318,27.73216,19.79
2026-08-28_0000,85.726318,27.71271,20.47
2026-08-28_0000,85.57251,27.751607,23.87
2026-08-28_0000,85.264893,27.84879,17.2
2026-08-28_0000,85.220947,27.71271,16.53
2026-08-28_0000,85.440674,27.790491,12.02
2026-08-28_0000,85.550537,27.71271,13.25
2026-08-28_0000,85.264893,27.907058,10.19
2026-08-28_0000,85.396729,27.751607,10.31
2026-08-28_0000,85.308838,28.101058,-10.8
2026-08-28_0000,85.594482,27.790491,22.77
2026-08-28_0000,85.6604,27.73216,13.69
2026-08-28_0000,85.155029,27.868216,15.61
2026-08-28_0000,85.594482,27.84879,22.04
2026-08-28_0000,85.133057,27.945886,-63.17
2026-08-28_0000,85.682373,27.751607,16.17
2026-08-28_0000,85.374756,27.868216,-24.71
2026-08-28_0000,84.91333,27.809927,-28.84
2026-08-28_0000,85.111084,27.790491,10.14
2026-08-28_0000,85.001221,27.82936,-27.57
2026-08-28_0000,85.462646,27.71271,13.25
2026-08-28_0000,85.682373,27.926474,28.17
2026-08-28_0000,85.594482,27.809927,29.74
2026-08-28_0000,85.24292,27.809927,13.0
2026-08-28_0000,84.935303,27.926474,15.48
2026-08-28_0000,85.748291,27.73216,20.37
2026-08-28_0000,85.198975,27.82936,27.17
2026-08-28_0000,85.506592,27.887639,34.24
2026-08-28_0000,85.220947,27.73216,17.5
2026-08-28_0000,85.111084,27.82936,-28.69
2026-08-28_0000,85.264893,27.887639,16.13
2026-08-28_0000,85.594482,27.887639,-13.35
2026-08-28_0000,85.045166,27.84879,-55.89
2026-08-28_0000,85.089111,27.84879,-53.65
2026-08-28_0000,85.177002,27.73216,10.85
2026-08-28_0000,85.594482,27.82936,12.68
2026-08-28_0000,85.528564,27.71271,12.97
2026-08-28_0000,85.418701,27.771051,11.05
2026-08-28_0000,85.528564,27.907058,16.23
2026-08-28_0000,85.374756,27.790491,17.58
2026-08-28_0000,85.6604,27.965294,37.21
2026-08-28_0000,85.462646,27.751607,16.13
2026-08-28_0000,85.770264,27.790491,12.03
2026-08-28_0000,85.089111,27.965294,-59.09
2026-08-28_0000,85.220947,27.84879,15.51
2026-08-28_0000,84.979248,28.062286,-36.15
2026-08-28_0000,84.957275,27.790491,-38.88
2026-08-28_0000,85.418701,27.751607,11.45
2026-08-28_0000,85.638428,27.868216,11.65
2026-08-28_0000,85.594482,27.751607,28.45
2026-08-28_0000,85.155029,27.887639,13.07
2026-08-28_0000,85.198975,27.790491,11.6
2026-08-28_0000,85.023193,27.809927,-23.95
2026-08-28_0000,85.308838,27.945886,-14.07
2026-08-28_0000,85.067139,27.809927,18.58
2026-08-28_0000,85.440674,27.771051,14.65
2026-08-28_0000,85.177002,27.945886,-68.01
2026-08-28_0000,85.177002,27.809927,18.35
2026-08-28_0000,85.330811,27.771051,16.67
2026-08-28_0000,85.177002,27.751607,17.74
2026-08-28_0000,84.935303,27.84879,-17.83
2026-08-28_0000,85.220947,27.790491,12.16
2026-08-28_0000,85.638428,27.809927,18.65
2026-08-28_0000,85.330811,27.71271,-13.81
2026-08-28_0000,85.177002,27.926474,-31.98
2026-08-28_0000,85.286865,27.82936,14.48
2026-08-28_0000,85.792236,27.771051,19.11
2026-08-28_0000,85.155029,27.751607,11.19
2026-08-28_0000,85.264893,27.790491,23.47
2026-08-28_0000,85.133057,27.926474,-46.19
2026-08-28_0000,85.24292,27.965294,-14.39
2026-08-28_0000,85.24292,27.73216,19.52
2026-08-28_0000,85.067139,27.84879,-27.12
2026-08-28_0000,85.528564,27.771051,12.6
2026-08-28_0000,85.57251,28.217289,11.33
2026-08-28_0000,85.177002,27.771051,17.2
2026-08-28_0000,85.133057,27.790491,21.91
2026-08-28_0000,85.001221,28.062286,-42.07
2026-08-28_0000,85.089111,27.868216,-63.36
2026-08-28_0000,85.6604,27.926474,28.0
2026-08-28_0000,85.286865,28.139815,-36.44
2026-08-28_0000,85.638428,27.751607,15.22
2026-08-28_0000,85.330811,27.887639,-10.47
2026-08-28_0000,85.045166,27.790491,28.74
2026-08-28_0000,85.286865,27.771051,22.0
2026-08-28_0000,85.748291,27.868216,-17.76
2026-08-28_0000,85.57251,27.926474,21.5
2026-08-28_0000,85.440674,27.71271,16.75
2026-08-28_0000,85.24292,27.887639,30.37
2026-08-28_0000,85.57251,27.790491,22.65
2026-08-28_0000,85.177002,27.887639,13.49
2026-08-28_0000,85.616455,27.73216,11.15
2026-08-28_0000,85.220947,27.9847,-76.21
2026-08-28_0000,85.023193,28.0235,-47.27
2026-08-28_0000,85.726318,27.809927,11.73
2026-08-28_0000,85.330811,27.82936,15.3
2026-08-28_0000,85.133057,27.868216,17.84
2026-08-28_0800,85.308838,27.907058,12.97
2026-08-28_0800,85.177002,27.82936,28.85
2026-08-28_0800,85.198975,27.84879,12.56
2026-08-28_0800,85.220947,28.004101,-79.7
2026-08-28_0800,85.638428,27.945886,30.89
2026-08-28_0800,84.979248,27.790491,-14.96
2026-08-28_0800,85.24292,27.907058,17.02
2026-08-28_0800,85.836182,27.751607,12.69
2026-08-28_0800,85.6604,27.9847,248.96
2026-08-28_0800,85.111084,27.926474,-40.71
2026-08-28_0800,85.352783,27.907058,-10.94
2026-08-28_0800,85.264893,28.120438,-34.86
2026-08-28_0800,85.682373,27.809927,-20.0
2026-08-28_0800,85.001221,27.771051,-12.75
2026-08-28_0800,85.220947,27.907058,24.14
2026-08-28_0800,85.308838,28.178559,-63.07
2026-08-28_0800,84.957275,27.809927,-39.99
2026-08-28_0800,84.935303,27.809927,-26.38
2026-08-28_0800,85.6604,27.945886,39.58
2026-08-28_0800,84.935303,27.790491,-43.34
2026-08-28_0800,85.001221,27.790491,-13.56
2026-08-28_0800,85.726318,27.790491,-11.28
2026-08-28_0800,85.133057,27.887639,12.12
2026-08-28_0800,85.286865,27.84879,22.73
2026-08-28_0800,85.484619,27.82936,16.57
2026-08-28_0800,85.177002,27.84879,26.53
2026-08-28_0800,85.111084,27.945886,-57.47
2026-08-28_0800,84.91333,27.82936,-30.97
2026-08-28_0800,85.594482,27.771051,10.8
2026-08-28_0800,85.198975,27.887639,35.3
2026-08-28_0800,85.177002,27.868216,29.4
2026-08-28_0800,84.979248,27.809927,-34.26
2026-08-28_0800,85.594482,27.868216,12.57
2026-08-28_0800,85.286865,27.868216,14.04
2026-08-28_0800,85.638428,27.965294,58.84
2026-08-28_0800,85.748291,27.790491,-11.61
2026-08-28_0800,85.133057,27.71271,-15.98
2026-08-28_0800,85.133057,27.82936,-22.98
2026-08-28_0800,85.220947,27.868216,18.6
2026-08-28_0800,85.57251,27.73216,10.87
2026-08-28_0800,85.396729,27.926474,-11.21
2026-08-28_0800,85.484619,27.809927,-15.43
2026-08-28_0800,84.91333,27.868216,-11.6
2026-08-28_0800,85.308838,28.120438,-41.11
2026-08-28_0800,85.770264,27.809927,-29.84
2026-08-28_0800,85.286865,28.101058,-23.32
2026-08-28_0800,85.506592,27.771051,-15.66
2026-08-28_0800,85.286865,28.120438,-47.6
2026-08-28_0800,85.616455,27.809927,24.56
2026-08-28_0800,85.155029,27.926474,-59.23
2026-08-28_0800,85.24292,27.926474,11.67
2026-08-28_0800,85.023193,27.809927,-29.8
2026-08-28_0800,85.155029,27.887639,23.09
2026-08-28_0800,85.594482,27.751607,25.26
2026-08-28_0800,85.023193,27.771051,-17.67
2026-08-28_0800,85.616455,27.868216,-10.55
2026-08-28_0800,85.111084,27.868216,-44.32
2026-08-28_0800,85.155029,27.84879,12.01
2026-08-28_0800,85.506592,27.809927,-15.18
2026-08-28_0800,85.57251,27.771051,17.83
2026-08-28_0800,85.089111,27.809927,-11.79
2026-08-28_0800,85.133057,27.84879,-13.28
2026-08-28_0800,85.638428,27.71271,19.43
2026-08-28_0800,85.682373,27.771051,-17.54
2026-08-28_0800,85.177002,27.945886,-67.28
2026-08-28_0800,85.023193,27.790491,-15.99
2026-08-28_0800,85.374756,27.926474,-19.24
2026-08-28_0800,85.089111,27.84879,-56.67
2026-08-28_0800,85.045166,27.84879,-49.46
2026-08-28_0800,85.264893,27.887639,19.53
2026-08-28_0800,85.111084,27.82936,-27.04
2026-08-28_0800,85.198975,27.82936,36.64
2026-08-28_0800,85.6604,27.965294,46.76
2026-08-28_0800,85.770264,27.790491,-20.46
2026-08-28_0800,85.220947,27.926474,22.78
2026-08-28_0800,85.155029,27.82936,10.82
2026-08-28_0800,85.770264,27.771051,-13.57
2026-08-28_0800,84.935303,27.907058,11.59
2026-08-28_0800,85.616455,27.82936,23.82
2026-08-28_0800,85.111084,27.84879,-37.36
2026-08-28_0800,85.111084,27.71271,-14.02
2026-08-28_0800,84.91333,27.790491,-26.96
2026-08-28_0800,85.792236,27.73216,-12.98
2026-08-28_0800,85.286865,27.907058,15.91
2026-08-28_0800,85.155029,27.907058,24.15
2026-08-28_0800,84.957275,27.82936,-39.8
2026-08-28_0800,85.264893,27.868216,15.64
2026-08-28_0800,85.198975,27.945886,-40.43
2026-08-28_0800,85.089111,27.907058,-40.82
2026-08-28_0800,85.220947,27.887639,22.83
2026-08-28_0800,85.133057,27.73216,-16.85
2026-08-28_0800,85.264893,27.809927,11.38
2026-08-28_0800,85.396729,27.907058,-13.37
2026-08-28_0800,85.792236,27.71271,-29.81
2026-08-28_0800,85.374756,27.82936,21.3
2026-08-28_0800,85.57251,28.217289,12.13
2026-08-28_0800,85.748291,27.71271,-28.75
2026-08-28_0800,85.067139,27.84879,-28.06
2026-08-28_0800,85.638428,27.73216,15.67
2026-08-28_0800,85.133057,27.926474,-42.48
2026-08-28_0800,85.001221,28.062286,-47.96
2026-08-28_0800,85.6604,27.926474,30.93
2026-08-28_0800,85.198975,27.907058,21.33
2026-08-28_0800,85.836182,27.71271,29.91
2026-08-28_0800,85.770264,27.907058,-18.7
2026-08-28_0800,85.6604,27.887639,49.71
2026-08-28_0800,85.352783,27.82936,62.04
2026-08-28_0800,85.682373,27.926474,57.34
2026-08-28_0800,84.957275,27.790491,-28.68
2026-08-28_0800,85.24292,27.809927,12.14
2026-08-28_0800,85.286865,27.82936,12.52
2026-08-28_0800,85.177002,27.926474,-30.49
2026-08-28_0800,85.638428,27.907058,24.09
2026-08-28_0800,85.638428,27.809927,13.19
2026-08-28_0800,85.177002,27.887639,27.62
2026-08-28_0800,85.089111,27.868216,-65.06
2026-08-28_0800,85.528564,27.907058,10.11
2026-08-28_0800,85.264893,27.84879,12.0
2026-08-28_0800,85.308838,27.945886,-11.63
2026-08-28_0800,85.24292,27.887639,22.19
2026-08-28_0800,85.528564,27.926474,31.9
2026-08-28_0800,85.133057,27.868216,22.3
2026-08-28_0800,85.726318,27.809927,-13.61
2026-08-28_0800,85.111084,27.907058,-17.05
2026-08-28_0800,85.682373,27.790491,-14.12
2026-08-28_0800,85.57251,27.790491,17.91
2026-08-28_0800,85.484619,27.790491,-16.25
2026-08-28_0800,85.770264,27.71271,-55.31
2026-08-28_0800,85.594482,27.809927,23.61
2026-08-28_0800,84.91333,27.809927,-39.04
2026-08-28_0800,85.133057,27.945886,-61.24
2026-08-28_0800,85.155029,27.868216,21.51
2026-08-28_0800,85.770264,27.73216,-18.64
2026-08-28_0800,85.089111,27.751607,-14.12
2026-08-28_0800,85.594482,27.790491,15.15
2026-08-28_0800,85.352783,27.926474,-17.05
2026-08-28_0800,85.045166,27.751607,-11.62
2026-08-28_0800,85.6604,27.71271,32.57
2026-08-28_0800,84.935303,27.82936,-43.57
2026-08-28_0800,85.023193,27.82936,-42.07
2026-08-28_0800,85.308838,28.101058,-50.46
2026-08-28_0800,85.352783,27.84879,17.06
2026-08-28_0800,85.220947,27.82936,25.97
2026-08-28_0800,85.616455,27.790491,32.18
2026-08-28_0800,85.045166,27.771051,-19.18
2026-08-28_0800,85.57251,27.809927,10.46
2026-08-28_0800,85.089111,27.887639,-58.72
2026-08-28_0800,85.089111,27.82936,-15.83
2026-08-28_0800,85.220947,27.965294,-47.95
2026-08-28_0800,85.528564,27.868216,-10.76
2026-08-28_0800,84.957275,27.868216,-11.88
2026-08-28_0800,85.770264,27.82936,-42.52
2026-08-28_0800,85.177002,27.907058,15.2
2026-08-28_0800,85.616455,27.907058,12.28
2026-08-28_0800,85.155029,27.945886,-74.24
2026-08-28_0800,85.198975,27.868216,14.13
2026-08-28_1600,85.330811,27.945886,-12.63
2026-08-28_1600,84.935303,27.809927,-31.47
2026-08-28_1600,84.91333,27.907058,10.16
2026-08-28_1600,85.6604,27.945886,40.31
2026-08-28_1600,84.91333,28.062286,-20.0
2026-08-28_1600,85.396729,27.965294,18.26
2026-08-28_1600,84.935303,27.790491,-54.52
2026-08-28_1600,85.133057,27.887639,14.52
2026-08-28_1600,85.264893,27.945886,21.64
2026-08-28_1600,85.001221,27.809927,15.18
2026-08-28_1600,85.836182,27.771051,14.0
2026-08-28_1600,85.24292,27.945886,13.7
2026-08-28_1600,85.24292,27.84879,12.3
2026-08-28_1600,85.616455,27.82936,14.61
2026-08-28_1600,85.814209,27.771051,22.35
2026-08-28_1600,85.57251,27.887639,22.79
2026-08-28_1600,85.111084,27.84879,-25.59
2026-08-28_1600,84.91333,27.790491,-46.09
2026-08-28_1600,85.24292,27.926474,26.44
2026-08-28_1600,85.155029,27.926474,-56.53
2026-08-28_1600,85.24292,27.868216,21.42
2026-08-28_1600,85.418701,27.926474,26.28
2026-08-28_1600,85.418701,27.907058,38.62
2026-08-28_1600,84.957275,27.809927,-37.67
2026-08-28_1600,85.177002,27.84879,32.98
2026-08-28_1600,85.220947,27.868216,29.24
2026-08-28_1600,85.57251,27.73216,16.74
2026-08-28_1600,85.396729,27.926474,20.66
2026-08-28_1600,85.484619,27.809927,-32.63
2026-08-28_1600,85.594482,27.73216,19.01
2026-08-28_1600,85.111084,27.926474,-29.56
2026-08-28_1600,85.484619,27.82936,13.47
2026-08-28_1600,85.6604,27.907058,41.51
2026-08-28_1600,85.067139,27.868216,-54.57
2026-08-28_1600,85.308838,28.178559,-47.67
2026-08-28_1600,85.220947,27.907058,29.09
2026-08-28_1600,85.308838,27.82936,-11.04
2026-08-28_1600,85.638428,27.945886,30.17
2026-08-28_1600,85.177002,27.82936,19.22
2026-08-28_1600,85.220947,28.004101,-78.21
2026-08-28_1600,85.198975,27.84879,13.21
2026-08-28_1600,84.979248,27.790491,-12.41
2026-08-28_1600,85.550537,27.907058,11.25
2026-08-28_1600,85.24292,27.907058,18.58
2026-08-28_1600,85.045166,27.809927,-17.92
2026-08-28_1600,85.001221,27.771051,11.76
2026-08-28_1600,85.6604,27.9847,214.96
2026-08-28_1600,85.067139,27.71271,14.14
2026-08-28_1600,84.957275,27.82936,-27.53
2026-08-28_1600,85.089111,28.178559,-10.47
2026-08-28_1600,85.177002,27.809927,11.78
2026-08-28_1600,85.177002,27.945886,-64.43
2026-08-28_1600,85.067139,27.809927,18.52
2026-08-28_1600,85.023193,27.809927,-26.21
2026-08-28_1600,85.198975,27.790491,15.82
2026-08-28_1600,85.155029,27.887639,16.02
2026-08-28_1600,84.979248,28.062286,-23.12
2026-08-28_1600,85.111084,27.868216,-37.33
2026-08-28_1600,85.155029,27.84879,12.68
2026-08-28_1600,85.506592,27.809927,-16.74
2026-08-28_1600,85.594482,27.751607,19.95
2026-08-28_1600,85.374756,27.945886,12.56
2026-08-28_1600,85.111084,27.9847,-51.6
2026-08-28_1600,85.089111,27.84879,-39.49
2026-08-28_1600,85.045166,27.84879,-49.35
2026-08-28_1600,85.594482,27.887639,11.37
2026-08-28_1600,85.726318,27.751607,13.12
2026-08-28_1600,85.264893,27.887639,21.14
2026-08-28_1600,85.111084,27.82936,-21.41
2026-08-28_1600,85.506592,27.887639,11.54
2026-08-28_1600,85.198975,27.82936,35.35
2026-08-28_1600,85.748291,27.73216,13.15
2026-08-28_1600,84.935303,27.926474,13.5
2026-08-28_1600,85.220947,27.790491,22.04
2026-08-28_1600,85.6604,27.965294,42.73
2026-08-28_1600,85.089111,27.965294,-37.79
2026-08-28_1600,85.57251,27.771051,19.55
2026-08-28_1600,85.089111,27.809927,26.59
2026-08-28_1600,85.528564,27.887639,21.83
2026-08-28_1600,85.792236,27.71271,-22.44
2026-08-28_1600,85.748291,27.809927,16.87
2026-08-28_1600,85.748291,27.751607,17.0
2026-08-28_1600,85.352783,27.868216,-28.26
2026-08-28_1600,85.682373,27.71271,19.64
2026-08-28_1600,85.220947,27.887639,22.69
2026-08-28_1600,85.286865,27.887639,15.2
2026-08-28_1600,85.396729,27.907058,10.44
2026-08-28_1600,85.24292,28.004101,-71.0
2026-08-28_1600,85.836182,27.73216,16.72
2026-08-28_1600,84.935303,27.907058,12.68
2026-08-28_1600,85.155029,27.82936,10.75
2026-08-28_1600,85.198975,27.945886,-22.19
2026-08-28_1600,85.198975,27.751607,10.15
2026-08-28_1600,85.198975,28.004101,-84.6
2026-08-28_1600,85.638428,27.71271,17.65
2026-08-28_1600,85.704346,27.73216,16.9
2026-08-28_1600,85.57251,27.907058,24.21
2026-08-28_1600,85.792236,27.82936,-24.93
2026-08-28_1600,85.220947,27.926474,36.42
2026-08-28_1600,85.133057,27.907058,16.79
2026-08-28_1600,85.286865,27.907058,19.04
2026-08-28_1600,85.155029,27.907058,25.37
2026-08-28_1600,85.045166,27.82936,-14.85
2026-08-28_1600,85.264893,27.868216,10.53
2026-08-28_1600,85.089111,27.945886,-46.85
2026-08-28_1600,85.308838,28.120438,-20.17
2026-08-28_1600,85.286865,27.868216,14.32
2026-08-28_1600,85.264893,27.926474,15.52
2026-08-28_1600,85.528564,27.907058,16.27
2026-08-28_1600,85.418701,27.965294,31.85
2026-08-28_1600,85.089111,27.868216,-59.69
2026-08-28_1600,85.045166,27.945886,-38.39
2026-08-28_1600,85.198975,27.907058,25.45
2026-08-28_1600,85.638428,27.907058,35.02
2026-08-28_1600,85.045166,27.790491,16.28
2026-08-28_1600,85.177002,27.887639,24.58
2026-08-28_1600,85.24292,27.887639,31.28
2026-08-28_1600,85.57251,27.790491,16.56
2026-08-28_1600,84.957275,27.887639,13.49
2026-08-28_1600,85.770264,27.71271,-40.57
2026-08-28_1600,85.001221,27.751607,17.42
2026-08-28_1600,85.220947,27.82936,24.72
2026-08-28_1600,85.616455,27.790491,23.51
2026-08-28_1600,85.089111,27.887639,-55.96
2026-08-28_1600,85.111084,27.965294,-44.41
2026-08-28_1600,85.220947,27.965294,-36.1
2026-08-28_1600,85.089111,27.926474,-32.46
2026-08-28_1600,85.089111,27.790491,15.84
2026-08-28_1600,85.220947,27.9847,-75.03
2026-08-28_1600,85.748291,27.71271,-26.87
2026-08-28_1600,85.57251,28.217289,10.68
2026-08-28_1600,85.177002,27.771051,14.2
2026-08-28_1600,85.133057,27.790491,15.25
2026-08-28_1600,85.001221,28.062286,-25.09
2026-08-28_1600,85.6604,27.926474,27.64
2026-08-28_1600,85.286865,28.139815,-29.43
2026-08-28_1600,85.24292,27.809927,12.26
2026-08-28_1600,84.957275,27.790491,-32.94
2026-08-28_1600,85.6604,27.887639,34.12
2026-08-28_1600,85.836182,27.71271,14.92
2026-08-28_1600,85.682373,27.926474,76.85
2026-08-28_1600,85.067139,27.84879,-18.35
2026-08-28_1600,84.935303,27.887639,13.91
2026-08-28_1600,85.023193,28.0235,-53.6
2026-08-28_1600,85.133057,27.868216,17.0
2026-08-28_1600,85.528564,27.926474,16.35
2026-08-28_1600,85.330811,27.84879,-21.03
2026-08-28_1600,85.177002,27.926474,-28.44
2026-08-28_1600,85.220947,27.945886,20.76
2026-08-28_1600,84.979248,28.042894,-17.67
2026-08-28_1600,85.792236,27.771051,15.8
2026-08-28_1600,85.330811,27.868216,-17.88
2026-08-28_1600,85.133057,27.926474,-36.96
2026-08-28_1600,85.286865,27.809927,38.72
2026-08-28_1600,85.286865,27.945886,22.05
2026-08-28_1600,85.198975,27.868216,24.42
2026-08-28_1600,85.616455,27.84879,15.39
2026-08-28_1600,85.133057,27.771051,10.65
2026-08-28_1600,85.594482,27.868216,15.6
2026-08-28_1600,85.24292,27.82936,10.63
2026-08-28_1600,85.638428,27.965294,36.04
2026-08-28_1600,85.001221,28.042894,-18.28
2026-08-28_1600,85.638428,27.887639,35.04
2026-08-28_1600,85.594482,27.71271,19.03
2026-08-28_1600,85.374756,27.82936,11.8
2026-08-28_1600,85.264893,27.84879,10.89
2026-08-28_1600,85.57251,27.751607,16.16
2026-08-28_1600,85.133057,27.71271,-10.72
2026-08-28_1600,84.979248,27.809927,-29.65
2026-08-28_1600,85.396729,27.945886,13.0
2026-08-28_1600,85.550537,27.771051,10.3
2026-08-28_1600,85.286865,28.120438,-17.04
2026-08-28_1600,85.067139,27.790491,13.18
2026-08-28_1600,85.177002,27.868216,28.43
2026-08-28_1600,85.616455,27.809927,14.17
2026-08-28_1600,85.133057,27.82936,-10.68
2026-08-28_1600,85.308838,27.84879,-16.98
2026-08-28_1600,85.111084,27.945886,-43.16
2026-08-28_1600,84.91333,27.82936,-33.37
2026-08-28_1600,85.198975,27.887639,29.16
2026-08-28_1600,85.726318,27.73216,19.35
2026-08-28_1600,85.352783,27.84879,-21.99
2026-08-28_1600,85.264893,27.907058,13.84
2026-08-28_1600,85.528564,27.868216,16.97
2026-08-28_1600,85.550537,27.887639,10.87
2026-08-28_1600,84.957275,27.868216,19.49
2026-08-28_1600,85.770264,27.82936,-12.55
2026-08-28_1600,85.308838,28.101058,-22.65
2026-08-28_1600,85.594482,27.809927,10.39
2026-08-28_1600,85.198975,27.809927,11.8
2026-08-28_1600,85.089111,27.9847,-53.42
2026-08-28_1600,85.177002,27.907058,16.09
2026-08-28_1600,85.638428,27.926474,52.71
2026-08-28_1600,85.155029,27.945886,-72.1
2026-08-28_1600,85.594482,27.790491,14.63
2026-08-28_1600,85.616455,27.887639,-13.42
2026-08-28_1600,85.6604,27.71271,25.25
2026-08-28_1600,85.57251,27.868216,11.41
2026-08-28_1600,84.935303,27.82936,-33.58
2026-08-28_1600,85.023193,27.82936,-51.25
2026-08-28_1600,85.308838,27.887639,10.96
2026-08-28_1600,85.001221,27.82936,-18.11
2026-08-28_1600,84.91333,27.809927,-39.35
2026-08-28_1600,85.594482,27.84879,12.96
2026-08-28_1600,85.155029,27.868216,16.74
2026-08-28_1600,85.111084,27.790491,14.83
2026-08-29_0000,85.133057,27.907058,28.42
2026-08-29_0000,85.155029,27.945886,-68.42
2026-08-29_0000,85.198975,27.868216,21.8
2026-08-29_0000,85.616455,27.790491,19.35
2026-08-29_0000,85.528564,27.751607,-11.13
2026-08-29_0000,85.748291,27.868216,-10.73
2026-08-29_0000,85.374756,27.84879,-10.51
2026-08-29_0000,85.484619,27.82936,28.97
2026-08-29_0000,85.6604,27.907058,21.72
2026-08-29_0000,84.91333,27.809927,-33.28
2026-08-29_0000,85.594482,27.809927,16.3
2026-08-29_0000,85.528564,27.887639,12.43
2026-08-29_0000,85.418701,27.809927,-11.95
2026-08-29_0000,85.638428,27.926474,45.25
2026-08-29_0000,85.57251,27.771051,15.63
2026-08-29_0000,85.24292,27.868216,19.55
2026-08-29_0000,85.638428,27.907058,14.97
2026-08-29_0000,85.726318,27.751607,15.02
2026-08-29_0000,85.220947,27.907058,27.39
2026-08-29_0000,85.001221,27.82936,-28.71
2026-08-29_0000,85.748291,27.71271,-19.67
2026-08-29_0000,85.286865,27.887639,20.15
2026-08-29_0000,85.374756,27.868216,-15.68
2026-08-29_0000,85.440674,27.9847,51.74
2026-08-29_0000,85.638428,27.771051,-14.09
2026-08-29_0000,85.155029,27.965294,-84.59
2026-08-29_0000,85.023193,27.82936,-51.71
2026-08-29_0000,85.198975,27.926474,14.31
2026-08-29_0000,85.484619,27.790491,17.51
2026-08-29_0000,85.6604,27.887639,12.14
2026-08-29_0000,85.396729,27.84879,28.77
2026-08-29_0000,85.023193,27.809927,-25.31
2026-08-29_0000,85.155029,27.887639,20.39
2026-08-29_0000,85.198975,27.790491,10.94
2026-08-29_0000,85.001221,27.771051,10.13
2026-08-29_0000,85.528564,27.945886,-15.53
2026-08-29_0000,85.089111,27.771051,11.39
2026-08-29_0000,85.198975,28.004101,-83.12
2026-08-29_0000,85.198975,27.945886,-31.63
2026-08-29_0000,85.528564,27.926474,13.14
2026-08-29_0000,84.957275,27.868216,-13.64
2026-08-29_0000,85.396729,27.809927,112.92
2026-08-29_0000,85.089111,27.790491,10.35
2026-08-29_0000,85.133057,27.926474,-38.18
2026-08-29_0000,85.155029,27.82936,21.84
2026-08-29_0000,85.770264,27.790491,14.04
2026-08-29_0000,85.6604,27.965294,59.43
2026-08-29_0000,85.308838,28.178559,-43.08
2026-08-29_0000,85.396729,27.926474,13.02
2026-08-29_0000,85.286865,28.139815,-35.12
2026-08-29_0000,84.91333,27.868216,15.66
2026-08-29_0000,84.91333,27.82936,-24.83
2026-08-29_0000,85.286865,27.868216,32.88
2026-08-29_0000,85.528564,27.809927,10.7
2026-08-29_0000,85.330811,27.84879,16.03
2026-08-29_0000,85.067139,27.868216,-55.09
2026-08-29_0000,84.91333,27.771051,-13.01
2026-08-29_0000,85.155029,27.84879,22.26
2026-08-29_0000,85.111084,27.868216,-30.44
2026-08-29_0000,85.24292,27.9847,-63.4
2026-08-29_0000,85.638428,27.71271,13.09
2026-08-29_0000,85.638428,27.9847,54.55
2026-08-29_0000,85.264893,27.809927,-10.83
2026-08-29_0000,85.352783,27.84879,24.54
2026-08-29_0000,84.957275,27.82936,-32.91
2026-08-29_0000,85.155029,27.907058,42.74
2026-08-29_0000,85.286865,27.84879,34.8
2026-08-29_0000,85.177002,27.926474,-22.77
2026-08-29_0000,85.177002,27.790491,-24.02
2026-08-29_0000,85.089111,27.868216,-53.43
2026-08-29_0000,85.089111,27.926474,-39.49
2026-08-29_0000,85.220947,27.965294,-35.39
2026-08-29_0000,85.045166,27.84879,-56.35
2026-08-29_0000,85.089111,27.84879,-46.26
2026-08-29_0000,85.57251,27.809927,15.64
2026-08-29_0000,85.748291,27.751607,17.51
2026-08-29_0000,84.957275,27.809927,-34.91
2026-08-29_0000,85.704346,27.71271,10.24
2026-08-29_0000,85.24292,27.907058,27.25
2026-08-29_0000,85.220947,27.945886,17.08
2026-08-29_0000,85.286865,27.907058,10.23
2026-08-29_0000,85.24292,27.887639,31.27
2026-08-29_0000,85.089111,27.945886,-50.54
2026-08-29_0000,85.001221,28.062286,-37.33
2026-08-29_0000,85.198975,27.84879,12.55
2026-08-29_0000,85.770264,27.809927,11.0
2026-08-29_0000,85.792236,27.965294,12.17
2026-08-29_0000,85.308838,28.101058,-31.8
2026-08-29_0000,85.089111,27.887639,-48.89
2026-08-29_0000,85.220947,27.926474,23.98
2026-08-29_0000,85.045166,27.809927,-15.81
2026-08-29_0000,85.001221,28.042894,-32.88
2026-08-29_0000,85.6604,27.926474,26.36
2026-08-29_0000,85.177002,27.965294,-91.67
2026-08-29_0000,85.308838,27.84879,23.28
2026-08-29_0000,85.198975,27.9847,-87.72
2026-08-29_0000,85.484619,27.809927,11.87
2026-08-29_0000,84.935303,27.82936,-31.38
2026-08-29_0000,85.133057,27.868216,17.66
2026-08-29_0000,85.177002,27.945886,-63.59
2026-08-29_0000,84.935303,27.790491,-38.62
2026-08-29_0000,85.550537,27.809927,13.02
2026-08-29_0000,85.682373,27.71271,12.47
2026-08-29_0000,85.220947,27.887639,38.9
2026-08-29_0000,85.198975,27.965294,-71.51
2026-08-29_0000,85.286865,27.945886,15.92
2026-08-29_0000,85.111084,27.9847,-69.78
2026-08-29_0000,85.528564,27.71271,-16.62
2026-08-29_0000,85.023193,27.751607,12.4
2026-08-29_0000,85.308838,27.907058,11.83
2026-08-29_0000,85.067139,27.84879,-26.03
2026-08-29_0000,85.748291,27.809927,22.77
2026-08-29_0000,85.594482,27.84879,20.67
2026-08-29_0000,85.155029,27.868216,19.38
2026-08-29_0000,85.550537,27.790491,16.1
2026-08-29_0000,85.286865,27.809927,20.21
2026-08-29_0000,85.528564,27.790491,14.32
2026-08-29_0000,85.418701,27.965294,10.45
2026-08-29_0000,85.111084,27.84879,-20.92
2026-08-29_0000,85.264893,27.926474,12.69
2026-08-29_0000,85.177002,27.907058,21.61
2026-08-29_0000,85.638428,27.887639,13.8
2026-08-29_0000,84.979248,27.809927,-24.23
2026-08-29_0000,85.177002,27.868216,24.33
2026-08-29_0000,85.111084,27.887639,-12.9
2026-08-29_0000,85.264893,27.907058,15.6
2026-08-29_0000,85.24292,27.751607,657.05
2026-08-29_0000,85.023193,27.73216,14.73
2026-08-29_0000,85.814209,27.771051,14.87
2026-08-29_0000,85.57251,27.73216,15.79
2026-08-29_0000,85.177002,27.84879,30.61
2026-08-29_0000,85.440674,27.82936,-29.94
2026-08-29_0000,85.220947,27.868216,16.29
2026-08-29_0000,85.24292,28.004101,-76.05
2026-08-29_0000,84.935303,27.751607,-11.18
2026-08-29_0000,84.935303,27.926474,-11.14
2026-08-29_0000,85.792236,27.809927,15.03
2026-08-29_0000,85.616455,27.82936,22.89
2026-08-29_0000,85.330811,27.868216,12.03
2026-08-29_0000,85.133057,27.945886,-60.52
2026-08-29_0000,85.528564,27.73216,-16.18
2026-08-29_0000,85.111084,27.965294,-63.38
2026-08-29_0000,85.286865,27.926474,17.76
2026-08-29_0000,85.57251,27.751607,19.34
2026-08-29_0000,85.264893,27.84879,16.29
2026-08-29_0000,85.308838,27.887639,13.16
2026-08-29_0000,85.111084,27.945886,-49.72
2026-08-29_0000,85.638428,27.790491,-10.4
2026-08-29_0000,85.220947,28.004101,-68.78
2026-08-29_0000,85.308838,28.120438,-27.86
2026-08-29_0000,85.396729,27.965294,20.29
2026-08-29_0000,85.001221,27.751607,12.47
2026-08-29_0000,85.177002,27.887639,26.19
2026-08-29_0000,85.089111,27.9847,-62.27
2026-08-29_0000,85.198975,27.809927,12.07
2026-08-29_0000,85.286865,28.101058,32.88
2026-08-29_0000,85.770264,27.71271,-39.1
2026-08-29_0000,85.089111,27.965294,-53.52
2026-08-29_0000,85.264893,27.868216,23.86
2026-08-29_0000,85.045166,27.82936,-23.5
2026-08-29_0000,85.57251,28.217289,13.29
2026-08-29_0000,85.133057,27.790491,11.47
2026-08-29_0000,85.001221,27.790491,17.38
2026-08-29_0000,84.979248,27.887639,-21.55
2026-08-29_0000,85.352783,27.887639,-18.12
2026-08-29_0000,85.6604,27.71271,22.14
2026-08-29_0000,85.045166,28.159189,12.7
2026-08-29_0000,85.726318,27.809927,13.32
2026-08-29_0000,85.220947,27.9847,-73.29
2026-08-29_0000,85.023193,28.0235,-46.18
2026-08-29_0000,85.462646,27.809927,-25.87
2026-08-29_0000,85.726318,27.73216,18.36
2026-08-29_0000,85.308838,27.945886,-14.19
2026-08-29_0000,85.198975,27.887639,33.52
2026-08-29_0000,85.6604,27.790491,-14.5
2026-08-29_0000,85.6604,27.945886,21.67
2026-08-29_0000,85.308838,27.82936,11.74
2026-08-29_0000,85.682373,27.926474,36.54
2026-08-29_0000,84.957275,27.790491,-21.17
2026-08-29_0000,84.935303,27.809927,-26.84
2026-08-29_0000,85.264893,27.887639,23.68
2026-08-29_0000,85.638428,27.965294,38.23
2026-08-29_0000,85.24292,27.926474,20.07
2026-08-29_0000,84.91333,27.790491,-30.04
2026-08-29_0000,85.155029,27.926474,-52.66
2026-08-29_0000,85.023193,27.84879,-71.0
2026-08-29_0000,85.638428,27.945886,30.9
2026-08-29_0000,85.792236,27.71271,-19.59
2026-08-29_0000,85.308838,28.139815,-58.28
2026-08-29_0000,85.308838,27.868216,16.2
2026-08-29_0000,85.616455,27.809927,18.59
2026-08-29_0000,85.286865,28.120438,-19.08
2026-08-29_0000,85.616455,27.84879,17.37
2026-08-29_0000,84.935303,27.771051,-30.35
2026-08-29_0000,85.836182,27.771051,16.06
2026-08-29_0000,85.352783,27.945886,22.8
2026-08-29_0000,85.198975,27.907058,31.83
2026-08-29_0000,85.770264,27.907058,-12.71
2026-08-29_0000,84.979248,27.771051,12.74
2026-08-29_0000,84.935303,27.868216,-12.64
2026-08-29_0000,85.374756,27.82936,42.83
2026-08-29_0000,85.57251,27.790491,13.61
2026-08-29_0000,85.111084,27.926474,-27.57
2026-08-29_0000,85.6604,27.9847,89.05
2026-08-29_0000,85.111084,27.73216,10.06
2026-08-29_0000,85.045166,27.868216,-55.29
2026-08-29_0000,85.836182,27.73216,10.22
2026-08-29_0000,85.594482,27.751607,17.25
2026-08-29_0000,85.594482,27.790491,15.25
2026-08-29_0000,85.133057,27.82936,-17.31
2026-08-29_0800,85.111084,27.84879,-37.28
2026-08-29_0800,85.155029,27.965294,-75.22
2026-08-29_0800,85.220947,27.907058,18.24
2026-08-29_0800,85.155029,27.945886,-59.97
2026-08-29_0800,85.023193,27.771051,-30.68
2026-08-29_0800,85.045166,27.751607,-15.96
2026-08-29_0800,85.616455,27.71271,-11.52
2026-08-29_0800,85.528564,27.887639,-42.91
2026-08-29_0800,85.045166,27.771051,-24.26
2026-08-29_0800,85.682373,27.809927,-16.49
2026-08-29_0800,85.374756,27.926474,-48.01
2026-08-29_0800,85.067139,27.73216,-10.99
2026-08-29_0800,85.24292,27.868216,16.62
2026-08-29_0800,85.6604,27.907058,24.81
2026-08-29_0800,85.638428,27.907058,14.74
2026-08-29_0800,85.352783,27.82936,46.05
2026-08-29_0800,85.001221,27.82936,-22.58
2026-08-29_0800,85.023193,27.82936,-45.35
2026-08-29_0800,85.748291,27.71271,-35.82
2026-08-29_0800,85.286865,27.887639,-15.33
2026-08-29_0800,85.045166,27.809927,-23.2
2026-08-29_0800,84.91333,27.809927,-43.72
2026-08-29_0800,85.594482,27.809927,-40.83
2026-08-29_0800,85.6604,27.887639,35.22
2026-08-29_0800,85.023193,27.809927,-31.06
2026-08-29_0800,85.155029,27.887639,15.24
2026-08-29_0800,85.198975,27.771051,-16.82
2026-08-29_0800,85.24292,27.965294,-20.55
2026-08-29_0800,85.001221,27.771051,-22.61
2026-08-29_0800,85.089111,27.771051,-17.07
2026-08-29_0800,85.198975,28.004101,-83.63
2026-08-29_0800,85.198975,27.751607,-10.42
2026-08-29_0800,85.198975,27.945886,-41.93
2026-08-29_0800,85.616455,27.751607,-38.02
2026-08-29_0800,84.91333,27.82936,-37.51
2026-08-29_0800,85.220947,27.751607,-10.43
2026-08-29_0800,85.726318,27.71271,-10.65
2026-08-29_0800,85.133057,27.926474,-34.97
2026-08-29_0800,85.770264,27.790491,11.53
2026-08-29_0800,85.6604,27.965294,34.56
2026-08-29_0800,85.396729,27.926474,-33.71
2026-08-29_0800,84.91333,27.868216,-10.9
2026-08-29_0800,85.067139,27.82936,-12.49
2026-08-29_0800,85.220947,27.926474,15.89
2026-08-29_0800,85.24292,27.907058,13.18
2026-08-29_0800,85.177002,27.926474,-24.29
2026-08-29_0800,85.286865,27.84879,11.68
2026-08-29_0800,85.286865,27.868216,11.34
2026-08-29_0800,85.770264,27.73216,-11.94
2026-08-29_0800,85.330811,27.84879,22.99
2026-08-29_0800,85.133057,27.771051,-19.28
2026-08-29_0800,85.155029,27.84879,13.61
2026-08-29_0800,85.111084,27.868216,-45.6
2026-08-29_0800,85.24292,27.887639,18.57
2026-08-29_0800,85.133057,27.907058,16.46
2026-08-29_0800,85.089111,27.868216,-63.82
2026-08-29_0800,85.682373,27.790491,-11.26
2026-08-29_0800,85.111084,27.907058,-10.76
2026-08-29_0800,85.616455,27.73216,-24.33
2026-08-29_0800,85.089111,27.926474,-38.63
2026-08-29_0800,85.089111,27.82936,-24.33
2026-08-29_0800,85.089111,27.84879,-62.03
2026-08-29_0800,85.57251,27.809927,-12.2
2026-08-29_0800,84.957275,27.809927,-36.03
2026-08-29_0800,85.550537,27.868216,-32.81
2026-08-29_0800,85.045166,27.84879,-62.46
2026-08-29_0800,85.089111,27.887639,-50.73
2026-08-29_0800,85.352783,27.84879,12.7
2026-08-29_0800,84.957275,27.82936,-48.04
2026-08-29_0800,85.198975,27.84879,-21.38
2026-08-29_0800,85.089111,27.71271,-20.93
2026-08-29_0800,85.550537,27.926474,-19.86
2026-08-29_0800,85.396729,27.945886,-34.69
2026-08-29_0800,85.111084,27.771051,-10.27
2026-08-29_0800,85.308838,28.101058,-40.87
2026-08-29_0800,85.220947,27.887639,18.06
2026-08-29_0800,85.155029,27.907058,33.59
2026-08-29_0800,85.286865,27.907058,-23.54
2026-08-29_0800,85.023193,27.751607,-34.61
2026-08-29_0800,85.6604,27.926474,15.35
2026-08-29_0800,85.067139,27.751607,-12.86
2026-08-29_0800,85.308838,27.84879,27.16
2026-08-29_0800,84.935303,27.82936,-49.4
2026-08-29_0800,85.133057,27.868216,16.4
2026-08-29_0800,85.177002,27.945886,-62.17
2026-08-29_0800,84.935303,27.790491,-43.23
2026-08-29_0800,85.352783,27.868216,-16.64
2026-08-29_0800,85.24292,27.945886,-15.66
2026-08-29_0800,85.550537,27.71271,-10.72
2026-08-29_0800,85.528564,27.926474,-26.09
2026-08-29_0800,85.308838,27.907058,-39.99
2026-08-29_0800,85.067139,27.84879,-38.19
2026-08-29_0800,85.748291,27.809927,29.03
2026-08-29_0800,85.155029,27.868216,16.82
2026-08-29_0800,85.286865,27.809927,45.71
2026-08-29_0800,85.528564,27.907058,-30.48
2026-08-29_0800,85.264893,27.926474,-18.26
2026-08-29_0800,85.177002,27.907058,15.08
2026-08-29_0800,84.979248,27.809927,-32.34
2026-08-29_0800,85.177002,27.868216,17.91
2026-08-29_0800,85.111084,27.887639,-21.54
2026-08-29_0800,85.330811,27.926474,-45.25
2026-08-29_0800,85.330811,27.868216,11.44
2026-08-29_0800,85.352783,27.926474,-41.73
2026-08-29_0800,85.111084,27.751607,-13.44
2026-08-29_0800,85.264893,27.907058,-17.5
2026-08-29_0800,85.177002,27.84879,21.75
2026-08-29_0800,85.748291,27.73216,-10.8
2026-08-29_0800,85.023193,27.790491,-20.29
2026-08-29_0800,84.935303,27.926474,-12.09
2026-08-29_0800,85.045166,27.790491,-20.45
2026-08-29_0800,85.330811,27.887639,-10.67
2026-08-29_0800,85.220947,27.868216,17.79
2026-08-29_0800,85.528564,27.868216,-31.0
2026-08-29_0800,85.133057,27.945886,-49.49
2026-08-29_0800,85.286865,27.926474,-23.06
2026-08-29_0800,85.220947,28.004101,-75.98
2026-08-29_0800,84.91333,28.062286,-23.59
2026-08-29_0800,85.111084,27.945886,-55.66
2026-08-29_0800,85.067139,27.771051,-18.13
2026-08-29_0800,85.308838,28.120438,-27.02
2026-08-29_0800,85.177002,27.887639,19.69
2026-08-29_0800,85.616455,27.771051,-53.72
2026-08-29_0800,85.286865,28.101058,27.47
2026-08-29_0800,85.594482,27.82936,-22.44
2026-08-29_0800,85.045166,27.82936,-26.33
2026-08-29_0800,85.770264,27.71271,-60.21
2026-08-29_0800,84.979248,27.771051,-18.8
2026-08-29_0800,85.792236,27.71271,-30.99
2026-08-29_0800,85.616455,27.887639,-12.83
2026-08-29_0800,85.6604,27.71271,10.34
2026-08-29_0800,85.594482,27.73216,-10.74
2026-08-29_0800,85.836182,27.71271,15.84
2026-08-29_0800,85.198975,27.887639,16.62
2026-08-29_0800,85.594482,27.771051,-28.45
2026-08-29_0800,85.6604,27.945886,19.26
2026-08-29_0800,84.935303,27.868216,-14.86
2026-08-29_0800,84.935303,27.809927,-43.99
2026-08-29_0800,85.177002,27.771051,-20.18
2026-08-29_0800,85.111084,27.82936,-10.46
2026-08-29_0800,84.91333,27.790491,-33.7
2026-08-29_0800,85.792236,27.73216,-20.18
2026-08-29_0800,85.155029,27.926474,-51.3
2026-08-29_0800,85.57251,27.868216,-24.79
2026-08-29_0800,85.638428,27.945886,21.57
2026-08-29_0800,85.638428,27.965294,52.25
2026-08-29_0800,85.308838,27.868216,18.08
2026-08-29_0800,85.374756,27.82936,20.96
2026-08-29_0800,85.528564,27.771051,-13.42
2026-08-29_0800,85.286865,28.120438,-33.99
2026-08-29_0800,85.089111,27.751607,-15.82
2026-08-29_0800,84.935303,27.771051,-25.9
2026-08-29_0800,85.638428,27.73216,-41.34
2026-08-29_0800,85.198975,27.907058,24.15
2026-08-29_0800,85.550537,27.887639,-21.37
2026-08-29_0800,85.770264,27.907058,-15.56
2026-08-29_0800,85.133057,27.84879,-13.85
2026-08-29_0800,85.308838,27.926474,-38.86
2026-08-29_0800,85.836182,27.771051,15.45
2026-08-29_0800,85.6604,27.9847,70.35
2026-08-29_0800,85.045166,27.73216,-14.58
2026-08-29_0800,85.616455,27.809927,-53.77
2026-08-29_0800,85.067139,27.790491,-17.59
2026-08-29_0800,85.111084,27.926474,-33.23
2026-08-29_0800,85.792236,27.82936,15.96
2026-08-29_0800,85.550537,27.907058,-37.65
2026-08-29_0800,85.594482,27.790491,-34.61
2026-08-29_1600,85.792236,27.82936,11.78
2026-08-29_1600,85.308838,27.809927,11.36
2026-08-29_1600,85.594482,27.751607,17.64
2026-08-29_1600,85.594482,27.868216,13.64
2026-08-29_1600,85.616455,27.868216,11.95
2026-08-29_1600,85.57251,27.790491,28.39
2026-08-29_1600,84.979248,28.062286,-34.15
2026-08-29_1600,85.594482,27.790491,23.87
2026-08-29_1600,85.374756,27.82936,17.05
2026-08-29_1600,85.6604,27.9847,53.09
2026-08-29_1600,85.528564,27.771051,-20.67
2026-08-29_1600,85.308838,27.945886,-14.37
2026-08-29_1600,85.198975,27.887639,20.84
2026-08-29_1600,85.177002,27.9847,-86.09
2026-08-29_1600,85.6604,27.945886,28.08
2026-08-29_1600,85.308838,28.139815,-44.22
2026-08-29_1600,85.616455,27.809927,11.9
2026-08-29_1600,85.111084,27.926474,-23.75
2026-08-29_1600,84.935303,27.945886,36.8
2026-08-29_1600,85.506592,27.771051,-21.57
2026-08-29_1600,85.638428,27.907058,29.1
2026-08-29_1600,85.57251,27.771051,15.58
2026-08-29_1600,85.814209,27.71271,-10.33
2026-08-29_1600,85.462646,27.82936,11.05
2026-08-29_1600,85.6604,27.751607,-14.04
2026-08-29_1600,85.374756,27.926474,-15.18
2026-08-29_1600,85.045166,27.809927,-16.8
2026-08-29_1600,85.220947,27.926474,15.82
2026-08-29_1600,85.089111,27.887639,-45.59
2026-08-29_1600,85.308838,28.101058,-29.24
2026-08-29_1600,85.792236,27.965294,21.92
2026-08-29_1600,85.352783,27.82936,13.86
2026-08-29_1600,85.001221,27.82936,-28.65
2026-08-29_1600,85.528564,27.751607,-14.32
2026-08-29_1600,85.814209,27.73216,-10.91
2026-08-29_1600,85.616455,27.790491,12.42
2026-08-29_1600,85.198975,27.868216,16.72
2026-08-29_1600,85.155029,27.945886,-60.59
2026-08-29_1600,85.638428,27.926474,41.43
2026-08-29_1600,85.220947,27.907058,32.12
2026-08-29_1600,85.638428,27.771051,-13.34
2026-08-29_1600,85.440674,27.9847,46.94
2026-08-29_1600,85.374756,27.868216,-14.92
2026-08-29_1600,85.748291,27.71271,-24.57
2026-08-29_1600,85.023193,27.82936,-42.13
2026-08-29_1600,85.155029,27.965294,-76.14
2026-08-29_1600,85.6604,27.73216,-20.81
2026-08-29_1600,84.935303,27.82936,-39.27
2026-08-29_1600,85.198975,27.9847,-77.73
2026-08-29_1600,85.177002,27.965294,-88.11
2026-08-29_1600,85.6604,27.926474,30.63
2026-08-29_1600,85.001221,28.062286,-26.08
2026-08-29_1600,85.023193,27.751607,-15.51
2026-08-29_1600,85.089111,27.945886,-48.24
2026-08-29_1600,85.155029,27.907058,37.91
2026-08-29_1600,84.957275,27.82936,-42.13
2026-08-29_1600,85.286865,28.120438,-20.69
2026-08-29_1600,85.264893,27.809927,11.21
2026-08-29_1600,85.133057,27.868216,17.17
2026-08-29_1600,85.177002,27.945886,-55.44
2026-08-29_1600,84.935303,27.790491,-34.86
2026-08-29_1600,85.396729,27.945886,-12.14
2026-08-29_1600,85.550537,27.73216,-14.71
2026-08-29_1600,84.979248,27.790491,-19.38
2026-08-29_1600,85.001221,28.042894,-16.33
2026-08-29_1600,85.528564,27.71271,-11.25
2026-08-29_1600,85.286865,27.945886,-12.23
2026-08-29_1600,85.198975,27.965294,-67.01
2026-08-29_1600,85.220947,27.887639,15.89
2026-08-29_1600,85.264893,28.120438,-16.12
2026-08-29_1600,85.550537,27.809927,16.91
2026-08-29_1600,85.528564,27.84879,-13.52
2026-08-29_1600,85.045166,27.751607,-11.09
2026-08-29_1600,85.528564,27.887639,24.44
2026-08-29_1600,85.264893,27.887639,16.19
2026-08-29_1600,84.935303,27.809927,-31.78
2026-08-29_1600,85.506592,27.887639,16.59
2026-08-29_1600,84.957275,27.790491,-36.42
2026-08-29_1600,84.979248,27.887639,-14.47
2026-08-29_1600,85.198975,27.945886,-32.56
2026-08-29_1600,85.198975,28.004101,-76.57
2026-08-29_1600,85.001221,27.771051,-11.48
2026-08-29_1600,85.638428,27.965294,60.5
2026-08-29_1600,85.24292,27.926474,10.39
2026-08-29_1600,85.462646,27.809927,-17.5
2026-08-29_1600,85.023193,28.0235,-45.09
2026-08-29_1600,85.220947,27.9847,-68.63
2026-08-29_1600,85.24292,27.965294,-25.86
2026-08-29_1600,85.792236,27.71271,-22.25
2026-08-29_1600,85.177002,27.82936,25.67
2026-08-29_1600,85.638428,27.945886,41.6
2026-08-29_1600,84.979248,28.042894,-15.53
2026-08-29_1600,85.155029,27.926474,-48.87
2026-08-29_1600,85.792236,27.73216,-20.7
2026-08-29_1600,85.155029,27.887639,18.8
2026-08-29_1600,85.133057,27.926474,-30.1
2026-08-29_1600,85.133057,27.887639,10.65
2026-08-29_1600,84.957275,27.771051,-20.94
2026-08-29_1600,85.089111,27.790491,-11.68
2026-08-29_1600,85.220947,27.809927,10.92
2026-08-29_1600,85.198975,27.926474,10.16
2026-08-29_1600,85.155029,27.82936,11.94
2026-08-29_1600,85.594482,27.809927,13.33
2026-08-29_1600,85.6604,27.907058,36.65
2026-08-29_1600,85.484619,27.82936,33.56
2026-08-29_1600,85.286865,28.081673,33.51
2026-08-29_1600,85.045166,27.771051,-10.97
2026-08-29_1600,84.91333,28.004101,-13.57
2026-08-29_1600,85.023193,27.809927,-16.99
2026-08-29_1600,85.6604,27.887639,39.79
2026-08-29_1600,85.396729,27.809927,107.94
2026-08-29_1600,85.089111,27.809927,13.34
2026-08-29_1600,85.550537,27.71271,-10.42
2026-08-29_1600,85.286865,28.139815,-29.29
2026-08-29_1600,85.396729,27.926474,-21.91
2026-08-29_1600,85.308838,28.178559,-49.87
2026-08-29_1600,85.6604,27.965294,53.08
2026-08-29_1600,84.91333,27.82936,-14.24
2026-08-29_1600,85.111084,27.868216,-35.27
2026-08-29_1600,85.155029,27.868216,18.56
2026-08-29_1600,85.594482,27.84879,12.98
2026-08-29_1600,85.067139,27.84879,-20.57
2026-08-29_1600,85.111084,27.84879,-26.09
2026-08-29_1600,85.023193,27.73216,-22.88
2026-08-29_1600,85.286865,27.790491,13.04
2026-08-29_1600,85.616455,27.82936,16.2
2026-08-29_1600,85.330811,27.887639,15.62
2026-08-29_1600,85.528564,27.907058,15.53
2026-08-29_1600,85.177002,27.907058,20.51
2026-08-29_1600,85.089111,27.9847,-55.47
2026-08-29_1600,85.177002,27.887639,26.01
2026-08-29_1600,85.24292,27.751607,648.39
2026-08-29_1600,85.352783,27.907058,12.93
2026-08-29_1600,85.264893,27.907058,13.98
2026-08-29_1600,85.111084,27.887639,-12.23
2026-08-29_1600,85.177002,27.868216,25.83
2026-08-29_1600,84.979248,27.809927,-38.75
2026-08-29_1600,85.638428,27.887639,20.46
2026-08-29_1600,85.792236,27.809927,39.67
2026-08-29_1600,84.979248,27.771051,-15.76
2026-08-29_1600,85.264893,27.945886,-10.46
2026-08-29_1600,85.198975,27.907058,23.88
2026-08-29_1600,85.638428,27.73216,-10.96
2026-08-29_1600,85.198975,27.82936,27.7
2026-08-29_1600,84.935303,27.771051,-28.01
2026-08-29_1600,85.616455,27.84879,11.37
2026-08-29_1600,85.396729,27.907058,-13.42
2026-08-29_1600,85.264893,27.790491,10.55
2026-08-29_1600,85.770264,27.84879,10.68
2026-08-29_1600,85.220947,27.868216,20.71
2026-08-29_1600,85.286865,28.101058,15.45
2026-08-29_1600,85.177002,27.84879,30.73
2026-08-29_1600,85.57251,27.73216,11.48
2026-08-29_1600,85.792236,27.926474,-11.72
2026-08-29_1600,85.594482,27.82936,11.9
2026-08-29_1600,85.704346,27.71271,13.3
2026-08-29_1600,85.24292,27.907058,28.94
2026-08-29_1600,85.286865,27.82936,16.72
2026-08-29_1600,85.177002,27.926474,-18.67
2026-08-29_1600,85.286865,27.868216,15.2
2026-08-29_1600,85.770264,27.73216,-10.65
2026-08-29_1600,85.067139,27.868216,-57.56
2026-08-29_1600,85.506592,27.809927,-15.38
2026-08-29_1600,85.286865,27.84879,12.77
2026-08-29_1600,85.155029,27.84879,26.17
2026-08-29_1600,85.6604,27.771051,17.98
2026-08-29_1600,85.24292,27.887639,20.06
2026-08-29_1600,85.111084,27.945886,-42.21
2026-08-29_1600,85.089111,27.868216,-55.2
2026-08-29_1600,85.682373,27.790491,12.68
2026-08-29_1600,84.957275,27.809927,-43.11
2026-08-29_1600,85.220947,27.965294,-36.67
2026-08-29_1600,85.045166,27.84879,-51.59
2026-08-29_1600,85.089111,27.84879,-45.76
2026-08-29_1600,85.57251,27.809927,12.33
2026-08-29_1600,85.089111,27.926474,-34.49
2026-08-29_1600,85.133057,27.907058,28.33
2026-08-29_1600,85.177002,27.790491,-16.96
2026-08-29_1600,85.528564,27.73216,-10.32
2026-08-29_1600,85.111084,27.965294,-61.48
2026-08-29_1600,85.57251,27.751607,10.82
2026-08-29_1600,85.220947,28.004101,-78.25
2026-08-29_1600,85.396729,27.965294,-11.65
2026-08-29_1600,85.133057,27.945886,-50.08
2026-08-29_1600,85.770264,27.71271,-49.86
2026-08-29_1600,85.089111,27.965294,-47.48
2026-08-29_1600,85.638428,27.751607,-14.0
2026-08-29_1600,85.57251,28.217289,32.35
2026-08-29_1600,84.91333,28.062286,-37.43
2026-08-29_1600,85.045166,27.82936,-18.54
2026-08-30_0000,85.155029,27.907058,38.14
2026-08-30_0000,85.594482,27.82936,15.93
2026-08-30_0000,85.792236,27.809927,15.27
2026-08-30_0000,85.286865,28.101058,34.84
2026-08-30_0000,85.57251,27.790491,24.99
2026-08-30_0000,85.682373,27.926474,36.47
2026-08-30_0000,84.91333,27.790491,-20.76
2026-08-30_0000,85.023193,27.82936,-33.8
2026-08-30_0000,85.023193,27.84879,-66.63
2026-08-30_0000,85.155029,27.926474,-50.24
2026-08-30_0000,85.57251,27.868216,22.18
2026-08-30_0000,85.57251,27.887639,11.53
2026-08-30_0000,85.770264,27.82936,10.81
2026-08-30_0000,84.91333,27.809927,-19.38
2026-08-30_0000,85.111084,27.790491,12.06
2026-08-30_0000,85.57251,28.217289,19.0
2026-08-30_0000,85.133057,27.790491,32.09
2026-08-30_0000,85.616455,27.82936,12.57
2026-08-30_0000,85.001221,27.965294,-41.36
2026-08-30_0000,85.155029,27.887639,12.04
2026-08-30_0000,85.396729,27.809927,536.65
2026-08-30_0000,85.133057,27.907058,22.87
2026-08-30_0000,85.286865,27.926474,24.35
2026-08-30_0000,85.264893,27.84879,16.67
2026-08-30_0000,85.484619,27.790491,15.42
2026-08-30_0000,85.770264,27.71271,-24.1
2026-08-30_0000,85.6604,27.907058,27.02
2026-08-30_0000,85.220947,27.809927,11.83
2026-08-30_0000,85.792236,27.82936,15.61
2026-08-30_0000,85.001221,28.0235,-25.48
2026-08-30_0000,85.308838,28.120438,-20.88
2026-08-30_0000,84.91333,27.84879,-13.02
2026-08-30_0000,85.682373,27.71271,14.07
2026-08-30_0000,85.133057,27.868216,16.09
2026-08-30_0000,85.089111,27.887639,-43.68
2026-08-30_0000,85.220947,27.887639,17.23
2026-08-30_0000,85.506592,27.926474,38.41
2026-08-30_0000,85.638428,27.926474,52.53
2026-08-30_0000,85.155029,27.945886,-58.32
2026-08-30_0000,85.616455,27.907058,14.07
2026-08-30_0000,85.24292,27.965294,-40.99
2026-08-30_0000,85.001221,28.062286,-25.98
2026-08-30_0000,85.089111,27.945886,-37.15
2026-08-30_0000,85.6604,27.926474,18.08
2026-08-30_0000,85.286865,27.965294,-28.55
2026-08-30_0000,85.089111,27.868216,-55.47
2026-08-30_0000,84.935303,27.84879,-11.04
2026-08-30_0000,85.220947,27.82936,10.7
2026-08-30_0000,85.111084,27.926474,-24.02
2026-08-30_0000,85.111084,27.9847,-64.59
2026-08-30_0000,85.264893,28.120438,-16.06
2026-08-30_0000,85.220947,27.790491,10.05
2026-08-30_0000,85.352783,27.84879,16.95
2026-08-30_0000,85.177002,27.887639,21.17
2026-08-30_0000,85.6604,27.965294,53.34
2026-08-30_0000,85.24292,27.887639,18.4
2026-08-30_0000,85.220947,28.004101,-79.9
2026-08-30_0000,85.045166,28.159189,-26.14
2026-08-30_0000,85.067139,27.71271,12.07
2026-08-30_0000,85.330811,27.907058,13.87
2026-08-30_0000,85.24292,27.868216,19.83
2026-08-30_0000,85.6604,27.9847,33.04
2026-08-30_0000,85.528564,27.945886,20.23
2026-08-30_0000,85.594482,27.809927,20.95
2026-08-30_0000,85.001221,27.809927,17.34
2026-08-30_0000,85.330811,28.120438,-35.68
2026-08-30_0000,85.220947,27.9847,-77.02
2026-08-30_0000,85.023193,28.0235,-30.42
2026-08-30_0000,85.638428,27.965294,64.66
2026-08-30_0000,85.264893,27.82936,16.25
2026-08-30_0000,85.638428,27.907058,23.18
2026-08-30_0000,85.616455,27.790491,11.23
2026-08-30_0000,85.792236,27.926474,10.83
2026-08-30_0000,85.308838,28.139815,-54.84
2026-08-30_0000,85.111084,27.887639,-17.05
2026-08-30_0000,85.089111,27.926474,-24.84
2026-08-30_0000,85.220947,27.965294,-55.68
2026-08-30_0000,85.726318,27.771051,10.17
2026-08-30_0000,85.177002,27.945886,-59.64
2026-08-30_0000,85.045166,28.004101,-17.29
2026-08-30_0000,85.089111,28.178559,24.02
2026-08-30_0000,85.198975,27.887639,21.15
2026-08-30_0000,85.374756,27.945886,-13.51
2026-08-30_0000,84.957275,27.771051,-28.47
2026-08-30_0000,85.836182,27.73216,14.64
2026-08-30_0000,85.594482,27.751607,12.81
2026-08-30_0000,85.286865,27.809927,40.18
2026-08-30_0000,85.001221,27.9847,-53.99
2026-08-30_0000,85.089111,27.965294,-43.94
2026-08-30_0000,85.484619,27.82936,10.7
2026-08-30_0000,85.177002,27.868216,15.82
2026-08-30_0000,85.198975,27.82936,14.6
2026-08-30_0000,85.111084,27.945886,-40.63
2026-08-30_0000,85.198975,27.9847,-82.79
2026-08-30_0000,85.770264,27.907058,41.31
2026-08-30_0000,85.506592,27.771051,-17.39
2026-08-30_0000,85.286865,28.120438,-14.05
2026-08-30_0000,84.979248,27.809927,-17.93
2026-08-30_0000,85.023193,27.9847,-28.56
2026-08-30_0000,85.638428,27.887639,23.28
2026-08-30_0000,85.264893,27.868216,19.98
2026-08-30_0000,85.770264,27.887639,15.29
2026-08-30_0000,85.045166,27.82936,-13.71
2026-08-30_0000,85.045166,27.868216,-59.39
2026-08-30_0000,85.220947,27.945886,-18.44
2026-08-30_0000,85.177002,27.926474,-24.5
2026-08-30_0000,85.198975,27.809927,13.84
2026-08-30_0000,85.089111,27.9847,-51.05
2026-08-30_0000,85.286865,27.82936,14.52
2026-08-30_0000,85.528564,27.868216,13.15
2026-08-30_0000,85.374756,27.868216,-15.14
2026-08-30_0000,85.24292,27.945886,-23.36
2026-08-30_0000,85.133057,27.965294,-64.7
2026-08-30_0000,85.286865,28.139815,-32.76
2026-08-30_0000,85.001221,28.042894,-20.96
2026-08-30_0000,85.836182,27.71271,19.5
2026-08-30_0000,85.133057,27.945886,-49.64
2026-08-30_0000,84.957275,27.82936,-16.8
2026-08-30_0000,84.91333,28.004101,-16.48
2026-08-30_0000,84.91333,28.062286,-19.4
2026-08-30_0000,85.001221,27.82936,-14.49
2026-08-30_0000,85.792236,27.771051,14.19
2026-08-30_0000,84.935303,27.790491,-19.08
2026-08-30_0000,85.550537,27.809927,13.74
2026-08-30_0000,85.045166,27.945886,-44.66
2026-08-30_0000,85.111084,27.868216,-28.21
2026-08-30_0000,85.067139,27.945886,-47.38
2026-08-30_0000,85.418701,27.84879,13.85
2026-08-30_0000,85.198975,27.907058,18.81
2026-08-30_0000,85.155029,27.965294,-71.44
2026-08-30_0000,84.979248,27.887639,-24.78
2026-08-30_0000,85.089111,27.84879,-44.49
2026-08-30_0000,85.57251,27.809927,16.7
2026-08-30_0000,85.045166,27.84879,-54.4
2026-08-30_0000,85.748291,27.751607,10.22
2026-08-30_0000,85.792236,27.790491,11.93
2026-08-30_0000,85.177002,27.965294,-81.63
2026-08-30_0000,84.957275,27.790491,-17.27
2026-08-30_0000,84.957275,27.809927,-25.76
2026-08-30_0000,85.638428,27.9847,40.87
2026-08-30_0000,85.067139,27.9847,-44.05
2026-08-30_0000,85.638428,27.771051,-13.37
2026-08-30_0000,85.111084,27.84879,-23.06
2026-08-30_0000,85.6604,27.71271,14.06
2026-08-30_0000,85.506592,27.868216,30.74
2026-08-30_0000,85.440674,27.84879,27.11
2026-08-30_0000,85.177002,27.9847,-81.55
2026-08-30_0000,85.264893,27.809927,22.73
2026-08-30_0000,85.638428,27.751607,-14.31
2026-08-30_0000,85.528564,27.84879,-10.08
2026-08-30_0000,85.506592,27.790491,10.57
2026-08-30_0000,84.91333,27.771051,-28.65
2026-08-30_0000,85.067139,27.868216,-55.12
2026-08-30_0000,85.133057,27.771051,11.0
2026-08-30_0000,85.111084,27.965294,-51.39
2026-08-30_0000,85.177002,27.907058,17.87
2026-08-30_0000,85.155029,27.809927,17.17
2026-08-30_0000,85.220947,27.907058,18.79
2026-08-30_0000,85.57251,27.82936,10.29
2026-08-30_0000,85.264893,27.945886,-19.31
2026-08-30_0000,85.726318,27.73216,14.61
2026-08-30_0000,85.682373,27.9847,22.74
2026-08-30_0000,85.308838,27.84879,16.34
2026-08-30_0000,85.286865,27.84879,23.3
2026-08-30_0000,85.352783,27.82936,30.56
2026-08-30_0000,85.308838,28.178559,-43.24
2026-08-30_0000,85.089111,27.907058,-31.93
2026-08-30_0000,85.6604,27.945886,14.41
2026-08-30_0000,85.6604,27.887639,38.48
2026-08-30_0000,85.133057,27.926474,-32.38
2026-08-30_0000,85.57251,27.907058,14.26
2026-08-30_0000,85.770264,27.868216,13.85
2026-08-30_0000,85.264893,27.887639,11.37
2026-08-30_0000,85.111084,27.82936,-18.89
2026-08-30_0000,85.748291,27.809927,15.61
2026-08-30_0000,85.067139,27.84879,-20.8
2026-08-30_0000,84.979248,28.062286,-39.11
2026-08-30_0000,85.001221,27.790491,18.49
2026-08-30_0000,85.396729,27.965294,11.83
2026-08-30_0000,85.24292,27.907058,20.18
2026-08-30_0000,85.638428,27.945886,43.53
2026-08-30_0000,85.177002,27.84879,11.85
2026-08-30_0000,84.935303,27.82936,-15.38
2026-08-30_0000,85.155029,27.790491,18.21
2026-08-30_0000,85.24292,27.809927,18.89
2026-08-30_0000,85.308838,28.101058,-10.23
2026-08-30_0000,85.528564,27.926474,35.32
2026-08-30_0000,85.330811,27.84879,18.41
2026-08-30_0000,85.418701,27.926474,-12.06
2026-08-30_0000,85.726318,27.751607,10.47
2026-08-30_0000,85.286865,27.945886,12.51
2026-08-30_0000,85.198975,27.965294,-72.32
2026-08-30_0000,85.198975,27.945886,-42.46
2026-08-30_0000,85.089111,27.71271,13.03
2026-08-30_0000,85.286865,27.868216,14.36
2026-08-30_0000,85.155029,27.868216,13.32
2026-08-30_0000,85.594482,27.790491,20.14
2026-08-30_0000,85.528564,27.887639,12.4
2026-08-30_0000,85.198975,28.004101,-82.74
2026-08-30_0000,84.957275,28.0235,-14.0
2026-08-30_0000,84.957275,28.004101,-19.92
2026-08-30_0800,85.220947,27.945886,26.74
2026-08-30_0800,85.177002,27.926474,-21.66
2026-08-30_0800,85.155029,27.71271,-11.78
2026-08-30_0800,85.177002,27.868216,20.05
2026-08-30_0800,84.979248,27.809927,-27.23
2026-08-30_0800,85.198975,27.887639,17.68
2026-08-30_0800,85.067139,27.790491,-11.27
2026-08-30_0800,85.616455,27.809927,10.46
2026-08-30_0800,85.045166,27.82936,-14.28
2026-08-30_0800,85.111084,27.945886,-47.57
2026-08-30_0800,85.198975,27.82936,29.72
2026-08-30_0800,85.220947,27.771051,-14.48
2026-08-30_0800,85.286865,28.120438,-40.12
2026-08-30_0800,85.770264,27.907058,-18.15
2026-08-30_0800,85.484619,27.809927,11.14
2026-08-30_0800,85.198975,27.9847,-84.17
2026-08-30_0800,85.220947,27.965294,-44.61
2026-08-30_0800,85.792236,27.71271,-34.29
2026-08-30_0800,85.198975,27.945886,-29.91
2026-08-30_0800,85.594482,27.84879,17.64
2026-08-30_0800,85.155029,27.868216,16.47
2026-08-30_0800,85.396729,27.926474,-12.15
2026-08-30_0800,85.528564,27.887639,10.97
2026-08-30_0800,85.089111,27.82936,-14.17
2026-08-30_0800,85.089111,27.926474,-26.44
2026-08-30_0800,85.111084,27.887639,-18.38
2026-08-30_0800,85.286865,27.809927,52.18
2026-08-30_0800,85.594482,27.751607,12.83
2026-08-30_0800,85.6604,27.907058,10.53
2026-08-30_0800,85.155029,27.945886,-58.9
2026-08-30_0800,85.24292,27.887639,27.01
2026-08-30_0800,85.6604,27.965294,47.62
2026-08-30_0800,85.177002,27.887639,15.52
2026-08-30_0800,85.023193,27.771051,-18.66
2026-08-30_0800,85.770264,27.790491,-14.95
2026-08-30_0800,85.045166,27.751607,-12.7
2026-08-30_0800,85.24292,27.868216,13.03
2026-08-30_0800,85.264893,27.82936,16.96
2026-08-30_0800,85.638428,27.965294,62.79
2026-08-30_0800,85.023193,28.0235,-38.31
2026-08-30_0800,85.726318,27.809927,-17.38
2026-08-30_0800,85.067139,27.71271,11.43
2026-08-30_0800,85.748291,27.790491,-12.12
2026-08-30_0800,85.352783,27.82936,52.53
2026-08-30_0800,85.6604,27.73216,-11.31
2026-08-30_0800,85.089111,27.751607,-14.49
2026-08-30_0800,85.220947,27.751607,-10.05
2026-08-30_0800,85.792236,27.82936,17.2
2026-08-30_0800,85.220947,27.887639,14.69
2026-08-30_0800,85.089111,27.868216,-56.22
2026-08-30_0800,85.638428,27.809927,13.64
2026-08-30_0800,85.6604,27.926474,17.3
2026-08-30_0800,85.089111,27.945886,-51.24
2026-08-30_0800,85.220947,27.926474,12.06
2026-08-30_0800,85.770264,27.751607,10.09
2026-08-30_0800,85.308838,28.120438,-31.82
2026-08-30_0800,85.133057,27.868216,16.43
2026-08-30_0800,85.418701,27.809927,27.08
2026-08-30_0800,85.6604,27.9847,40.77
2026-08-30_0800,85.111084,27.926474,-29.57
2026-08-30_0800,85.396729,27.945886,-12.35
2026-08-30_0800,85.089111,27.887639,-43.04
2026-08-30_0800,85.330811,27.84879,-14.24
2026-08-30_0800,85.528564,27.926474,24.62
2026-08-30_0800,85.308838,28.101058,-33.09
2026-08-30_0800,85.24292,27.809927,15.05
2026-08-30_0800,85.133057,27.926474,-33.37
2026-08-30_0800,85.330811,27.945886,-17.32
2026-08-30_0800,85.220947,27.907058,12.52
2026-08-30_0800,85.177002,27.907058,16.28
2026-08-30_0800,85.023193,27.790491,-12.87
2026-08-30_0800,85.528564,27.73216,-12.18
2026-08-30_0800,85.133057,27.771051,-10.19
2026-08-30_0800,85.24292,27.907058,16.78
2026-08-30_0800,85.396729,27.965294,-22.69
2026-08-30_0800,85.001221,27.790491,-11.55
2026-08-30_0800,85.067139,27.84879,-26.75
2026-08-30_0800,85.111084,27.82936,-10.03
2026-08-30_0800,85.308838,27.868216,-10.67
2026-08-30_0800,84.935303,27.82936,-19.5
2026-08-30_0800,85.198975,27.965294,-66.38
2026-08-30_0800,85.155029,27.771051,-21.75
2026-08-30_0800,85.286865,27.945886,-10.78
2026-08-30_0800,85.506592,27.790491,12.96
2026-08-30_0800,85.067139,27.771051,-12.93
2026-08-30_0800,85.177002,27.82936,16.3
2026-08-30_0800,85.264893,27.809927,26.16
2026-08-30_0800,85.111084,27.84879,-24.52
2026-08-30_0800,84.957275,27.82936,-10.48
2026-08-30_0800,85.133057,27.945886,-52.84
2026-08-30_0800,85.836182,27.71271,-11.33
2026-08-30_0800,85.177002,27.9847,-78.98
2026-08-30_0800,85.177002,27.71271,-14.27
2026-08-30_0800,85.638428,27.771051,23.17
2026-08-30_0800,85.6604,27.71271,18.76
2026-08-30_0800,85.6604,27.945886,36.79
2026-08-30_0800,85.177002,27.965294,-79.91
2026-08-30_0800,84.957275,27.809927,-20.87
2026-08-30_0800,85.045166,27.84879,-51.75
2026-08-30_0800,85.089111,27.84879,-54.58
2026-08-30_0800,85.155029,27.965294,-73.24
2026-08-30_0800,85.198975,27.907058,17.73
2026-08-30_0800,85.792236,27.790491,-15.62
2026-08-30_0800,85.638428,27.945886,46.28
2026-08-30_0800,84.935303,27.887639,29.78
2026-08-30_0800,84.91333,27.790491,-26.87
2026-08-30_0800,85.704346,27.809927,-15.21
2026-08-30_0800,85.155029,27.926474,-51.34
2026-08-30_0800,85.550537,27.868216,-16.91
2026-08-30_0800,85.067139,27.73216,-13.32
2026-08-30_0800,84.957275,27.887639,11.67
2026-08-30_0800,85.770264,27.71271,-46.34
2026-08-30_0800,84.957275,27.868216,21.15
2026-08-30_0800,85.133057,27.907058,13.87
2026-08-30_0800,85.023193,27.82936,-31.51
2026-08-30_0800,85.155029,27.907058,34.08
2026-08-30_0800,85.001221,28.042894,-30.69
2026-08-30_0800,85.308838,27.945886,-15.0
2026-08-30_0800,85.57251,28.217289,24.57
2026-08-30_0800,85.177002,27.771051,-13.39
2026-08-30_0800,84.91333,27.809927,-28.82
2026-08-30_0800,85.177002,27.84879,20.42
2026-08-30_0800,85.308838,27.907058,-14.95
2026-08-30_0800,85.111084,27.868216,-36.36
2026-08-30_0800,85.045166,27.945886,-43.68
2026-08-30_0800,85.550537,27.809927,14.13
2026-08-30_0800,84.935303,27.790491,-23.03
2026-08-30_0800,85.220947,27.84879,-16.52
2026-08-30_0800,85.330811,27.868216,-23.04
2026-08-30_0800,85.001221,27.82936,-26.28
2026-08-30_0800,84.91333,28.062286,-19.16
2026-08-30_0800,84.91333,27.82936,-24.52
2026-08-30_0800,84.935303,27.926474,12.46
2026-08-30_0800,85.045166,27.771051,-20.16
2026-08-30_0800,85.155029,27.887639,12.12
2026-08-30_0800,85.198975,27.771051,-15.44
2026-08-30_0800,85.57251,27.790491,16.67
2026-08-30_0800,84.957275,27.790491,-19.35
2026-08-30_0800,85.089111,27.809927,19.99
2026-08-30_0800,85.550537,27.84879,-12.58
2026-08-30_0800,85.133057,27.71271,-11.37
2026-08-30_1600,85.133057,27.907058,18.27
2026-08-30_1600,84.91333,27.790491,-38.72
2026-08-30_1600,85.155029,27.926474,-43.61
2026-08-30_1600,85.792236,27.73216,12.8
2026-08-30_1600,85.133057,27.790491,32.83
2026-08-30_1600,85.111084,27.790491,14.62
2026-08-30_1600,84.91333,27.809927,-32.74
2026-08-30_1600,85.616455,27.82936,21.18
2026-08-30_1600,85.57251,27.868216,16.46
2026-08-30_1600,85.023193,27.84879,-62.8
2026-08-30_1600,85.023193,27.82936,-27.26
2026-08-30_1600,84.957275,27.868216,30.66
2026-08-30_1600,85.286865,27.926474,12.75
2026-08-30_1600,85.57251,27.71271,10.84
2026-08-30_1600,85.264893,27.809927,34.28
2026-08-30_1600,85.396729,27.907058,-14.28
2026-08-30_1600,85.177002,27.9847,-73.23
2026-08-30_1600,85.638428,27.771051,20.21
2026-08-30_1600,85.6604,27.71271,20.38
2026-08-30_1600,85.111084,27.84879,-19.53
2026-08-30_1600,85.836182,27.71271,13.94
2026-08-30_1600,85.133057,27.945886,-38.29
2026-08-30_1600,85.418701,27.84879,26.02
2026-08-30_1600,85.286865,28.101058,16.61
2026-08-30_1600,85.374756,27.945886,14.01
2026-08-30_1600,85.089111,27.965294,-25.57
2026-08-30_1600,85.001221,27.9847,-33.4
2026-08-30_1600,85.594482,27.751607,15.12
2026-08-30_1600,85.6604,27.907058,58.9
2026-08-30_1600,85.484619,27.82936,-14.39
2026-08-30_1600,85.308838,28.139815,-46.08
2026-08-30_1600,85.089111,28.178559,14.85
2026-08-30_1600,85.616455,27.809927,10.66
2026-08-30_1600,85.177002,27.945886,-49.58
2026-08-30_1600,85.220947,27.965294,-58.75
2026-08-30_1600,85.089111,27.926474,-25.31
2026-08-30_1600,85.836182,27.73216,17.04
2026-08-30_1600,85.528564,27.751607,-11.44
2026-08-30_1600,85.396729,27.926474,-10.18
2026-08-30_1600,85.220947,27.809927,20.43
2026-08-30_1600,85.155029,27.907058,21.66
2026-08-30_1600,85.792236,27.809927,43.28
2026-08-30_1600,85.286865,27.868216,13.38
2026-08-30_1600,85.067139,27.9847,-30.71
2026-08-30_1600,85.198975,27.945886,-40.98
2026-08-30_1600,85.198975,28.004101,-81.15
2026-08-30_1600,84.957275,28.004101,-10.99
2026-08-30_1600,85.198975,27.907058,12.53
2026-08-30_1600,85.155029,27.965294,-55.72
2026-08-30_1600,85.396729,27.84879,19.39
2026-08-30_1600,85.001221,27.82936,-21.52
2026-08-30_1600,85.330811,27.868216,-16.82
2026-08-30_1600,85.352783,27.887639,-13.92
2026-08-30_1600,84.935303,27.790491,-18.27
2026-08-30_1600,85.045166,27.945886,-25.65
2026-08-30_1600,85.616455,27.926474,14.98
2026-08-30_1600,85.506592,27.809927,-19.63
2026-08-30_1600,85.440674,27.82936,12.05
2026-08-30_1600,85.067139,27.84879,-24.3
2026-08-30_1600,85.045166,27.71271,10.34
2026-08-30_1600,84.979248,28.062286,-28.7
2026-08-30_1600,85.396729,27.965294,17.53
2026-08-30_1600,85.24292,27.907058,18.29
2026-08-30_1600,85.638428,27.945886,33.43
2026-08-30_1600,85.177002,27.84879,16.36
2026-08-30_1600,85.111084,27.868216,-36.26
2026-08-30_1600,85.792236,27.751607,15.7
2026-08-30_1600,84.957275,27.790491,-19.96
2026-08-30_1600,85.023193,27.809927,-11.0
2026-08-30_1600,84.91333,27.82936,-17.05
2026-08-30_1600,85.089111,27.809927,15.09
2026-08-30_1600,85.067139,27.945886,-38.81
2026-08-30_1600,84.91333,27.945886,10.88
2026-08-30_1600,85.24292,27.945886,-29.08
2026-08-30_1600,85.133057,27.965294,-49.57
2026-08-30_1600,85.286865,28.139815,-42.22
2026-08-30_1600,85.6604,27.945886,34.41
2026-08-30_1600,85.6604,27.887639,27.05
2026-08-30_1600,85.089111,27.907058,-29.94
2026-08-30_1600,85.067139,27.868216,-57.47
2026-08-30_1600,85.528564,27.73216,-13.82
2026-08-30_1600,85.111084,27.965294,-30.64
2026-08-30_1600,85.308838,28.178559,-43.44
2026-08-30_1600,84.979248,27.887639,-11.91
2026-08-30_1600,85.089111,27.84879,-51.2
2026-08-30_1600,85.594482,27.887639,16.77
2026-08-30_1600,85.045166,27.84879,-49.12
2026-08-30_1600,85.748291,27.751607,13.48
2026-08-30_1600,84.957275,27.809927,-23.88
2026-08-30_1600,85.177002,27.965294,-75.64
2026-08-30_1600,85.352783,27.82936,64.93
2026-08-30_1600,85.748291,27.868216,11.75
2026-08-30_1600,85.198975,27.965294,-68.28
2026-08-30_1600,85.067139,28.178559,15.9
2026-08-30_1600,85.770264,27.84879,17.89
2026-08-30_1600,85.001221,27.926474,-24.43
2026-08-30_1600,85.220947,27.907058,12.27
2026-08-30_1600,85.330811,27.945886,-23.53
2026-08-30_1600,85.133057,27.926474,-29.48
2026-08-30_1600,84.957275,27.84879,-10.07
2026-08-30_1600,85.24292,27.809927,13.92
2026-08-30_1600,85.308838,28.101058,-18.53
2026-08-30_1600,85.528564,27.926474,32.44
2026-08-30_1600,85.264893,27.945886,-13.54
2026-08-30_1600,84.979248,27.809927,-30.61
2026-08-30_1600,85.24292,27.790491,14.3
2026-08-30_1600,85.528564,27.945886,14.18
2026-08-30_1600,85.418701,27.809927,47.4
2026-08-30_1600,85.6604,27.9847,44.58
2026-08-30_1600,85.6604,27.790491,-12.48
2026-08-30_1600,85.220947,27.9847,-70.33
2026-08-30_1600,85.023193,28.0235,-22.74
2026-08-30_1600,85.638428,27.965294,63.75
2026-08-30_1600,85.111084,27.926474,-23.84
2026-08-30_1600,85.133057,27.868216,13.12
2026-08-30_1600,85.264893,27.790491,10.48
2026-08-30_1600,85.089111,27.887639,-43.64
2026-08-30_1600,85.396729,27.945886,-11.33
2026-08-30_1600,85.264893,27.82936,15.71
2026-08-30_1600,85.638428,27.907058,12.84
2026-08-30_1600,85.24292,27.868216,21.94
2026-08-30_1600,85.374756,27.868216,-20.0
2026-08-30_1600,85.045166,28.159189,-12.56
2026-08-30_1600,85.352783,27.945886,-13.35
2026-08-30_1600,85.528564,27.771051,-13.02
2026-08-30_1600,85.770264,27.771051,10.21
2026-08-30_1600,85.220947,28.004101,-70.99
2026-08-30_1600,84.935303,27.771051,-34.18
2026-08-30_1600,85.111084,27.9847,-49.76
2026-08-30_1600,85.770264,27.790491,11.66
2026-08-30_1600,85.220947,27.790491,12.57
2026-08-30_1600,85.177002,27.887639,14.24
2026-08-30_1600,85.6604,27.965294,56.03
2026-08-30_1600,85.24292,27.887639,16.82
2026-08-30_1600,85.308838,28.120438,-13.33
2026-08-30_1600,85.001221,28.0235,-16.25
2026-08-30_1600,85.198975,27.82936,18.96
2026-08-30_1600,85.111084,27.945886,-35.34
2026-08-30_1600,85.198975,27.9847,-79.91
2026-08-30_1600,85.506592,27.771051,-13.0
2026-08-30_1600,85.286865,28.120438,-15.85
2026-08-30_1600,85.089111,27.9847,-41.29
2026-08-30_1600,85.045166,27.82936,-14.4
2026-08-30_1600,85.770264,27.887639,16.32
2026-08-30_1600,85.264893,27.868216,10.39
2026-08-30_1600,85.638428,27.887639,13.14
2026-08-30_1600,85.177002,27.868216,10.96
2026-08-30_1600,85.418701,27.907058,34.86
2026-08-30_1600,85.286865,27.82936,14.74
2026-08-30_1600,85.220947,27.945886,-23.9
2026-08-30_1600,85.177002,27.926474,-23.39
2026-08-30_1600,85.726318,27.71271,15.76
2026-08-30_1600,85.770264,27.751607,10.59
2026-08-30_1600,85.286865,27.965294,-26.31
2026-08-30_1600,85.638428,27.809927,13.57
2026-08-30_1600,85.089111,27.868216,-56.33
2026-08-30_1600,85.001221,27.751607,12.53
2026-08-30_1600,85.352783,27.868216,-23.36
2026-08-30_1600,85.198975,27.926474,-13.76
2026-08-30_1600,85.682373,27.71271,10.62
2026-08-30_1600,85.6604,27.926474,32.37
2026-08-30_1600,85.792236,27.82936,18.88
2026-08-30_1600,85.001221,28.062286,-17.54
2026-08-30_1600,85.089111,27.945886,-39.92
2026-08-30_1600,85.177002,27.809927,13.9
2026-08-30_1600,85.638428,27.926474,37.57
2026-08-30_1600,85.155029,27.945886,-41.33
2026-08-30_1600,84.935303,27.868216,12.92
2026-08-31_0000,85.220947,27.790491,10.91
2026-08-31_0000,85.264893,27.82936,14.45
2026-08-31_0000,85.638428,27.907058,14.48
2026-08-31_0000,84.979248,27.926474,-30.65
2026-08-31_0000,85.198975,28.0235,-53.33
2026-08-31_0000,85.352783,27.82936,31.52
2026-08-31_0000,84.935303,27.84879,-11.97
2026-08-31_0000,85.308838,27.84879,24.52
2026-08-31_0000,85.023193,27.82936,-27.72
2026-08-31_0000,85.330811,28.101058,-51.12
2026-08-31_0000,85.067139,27.945886,-28.97
2026-08-31_0000,84.957275,27.809927,-24.63
2026-08-31_0000,84.935303,27.809927,-14.99
2026-08-31_0000,85.308838,28.178559,-59.02
2026-08-31_0000,85.220947,27.965294,-19.46
2026-08-31_0000,85.089111,27.926474,-22.24
2026-08-31_0000,85.023193,27.9847,-34.55
2026-08-31_0000,84.935303,27.790491,-15.36
2026-08-31_0000,85.111084,27.945886,-23.19
2026-08-31_0000,85.133057,27.9847,-59.79
2026-08-31_0000,85.792236,27.751607,16.85
2026-08-31_0000,85.396729,27.926474,-16.76
2026-08-31_0000,85.198975,27.907058,19.47
2026-08-31_0000,85.24292,27.9847,-47.93
2026-08-31_0000,85.594482,27.771051,10.48
2026-08-31_0000,85.220947,28.0235,-45.35
2026-08-31_0000,85.638428,27.926474,26.84
2026-08-31_0000,85.198975,27.868216,10.61
2026-08-31_0000,85.155029,27.945886,-48.4
2026-08-31_0000,85.638428,27.771051,-10.2
2026-08-31_0000,85.286865,28.004101,28.24
2026-08-31_0000,84.979248,27.965294,-18.99
2026-08-31_0000,85.24292,28.004101,-59.15
2026-08-31_0000,85.57251,27.790491,15.77
2026-08-31_0000,85.089111,28.178559,54.1
2026-08-31_0000,85.001221,27.9847,-19.3
2026-08-31_0000,85.528564,27.84879,10.43
2026-08-31_0000,85.198975,27.887639,20.12
2026-08-31_0000,85.616455,27.887639,11.61
2026-08-31_0000,85.111084,27.9847,-24.54
2026-08-31_0000,85.286865,27.926474,15.32
2026-08-31_0000,85.155029,27.965294,-56.8
2026-08-31_0000,85.177002,27.84879,31.69
2026-08-31_0000,85.462646,27.809927,12.57
2026-08-31_0000,85.133057,27.965294,-48.15
2026-08-31_0000,84.979248,28.042894,10.34
2026-08-31_0000,85.198975,27.82936,22.82
2026-08-31_0000,85.155029,27.809927,14.8
2026-08-31_0000,85.264893,27.887639,12.53
2026-08-31_0000,85.089111,27.907058,-36.62
2026-08-31_0000,85.462646,27.84879,21.12
2026-08-31_0000,85.24292,27.965294,-20.15
2026-08-31_0000,85.6604,27.887639,21.62
2026-08-31_0000,84.957275,27.84879,-24.35
2026-08-31_0000,85.155029,27.790491,11.18
2026-08-31_0000,85.001221,27.809927,10.87
2026-08-31_0000,85.528564,27.868216,13.38
2026-08-31_0000,85.24292,27.868216,15.37
2026-08-31_0000,85.462646,27.82936,12.84
2026-08-31_0000,85.6604,27.751607,-10.37
2026-08-31_0000,85.726318,27.71271,11.47
2026-08-31_0000,85.089111,27.868216,-51.45
2026-08-31_0000,85.308838,27.82936,13.3
2026-08-31_0000,85.177002,27.82936,12.83
2026-08-31_0000,85.638428,27.945886,26.13
2026-08-31_0000,85.045166,27.965294,-33.13
2026-08-31_0000,85.24292,27.887639,25.27
2026-08-31_0000,85.067139,27.965294,-28.81
2026-08-31_0000,85.220947,27.809927,14.85
2026-08-31_0000,84.935303,27.868216,10.73
2026-08-31_0000,85.286865,28.120438,11.68
2026-08-31_0000,85.748291,27.751607,19.08
2026-08-31_0000,85.286865,28.139815,-13.01
2026-08-31_0000,85.001221,27.945886,-28.93
2026-08-31_0000,85.111084,27.887639,-19.11
2026-08-31_0000,85.089111,27.887639,-53.19
2026-08-31_0000,84.91333,27.9847,-17.22
2026-08-31_0000,85.286865,27.809927,57.9
2026-08-31_0000,85.089111,27.945886,-16.53
2026-08-31_0000,85.045166,28.004101,21.87
2026-08-31_0000,85.792236,27.965294,25.53
2026-08-31_0000,85.352783,27.945886,-13.16
2026-08-31_0000,85.198975,28.004101,-24.53
2026-08-31_0000,85.220947,27.887639,22.84
2026-08-31_0000,85.001221,27.965294,-23.45
2026-08-31_0000,85.440674,27.84879,23.06
2026-08-31_0000,85.067139,28.178559,39.86
2026-08-31_0000,85.57251,28.217289,16.92
2026-08-31_0000,85.133057,27.790491,18.95
2026-08-31_0000,85.001221,28.0235,10.98
2026-08-31_0000,85.045166,27.82936,-20.11
2026-08-31_0000,85.770264,27.887639,12.0
2026-08-31_0000,85.111084,27.868216,-31.77
2026-08-31_0000,85.24292,27.907058,22.75
2026-08-31_0000,85.220947,27.82936,16.82
2026-08-31_0000,85.198975,27.945886,-29.3
2026-08-31_0000,85.374756,27.868216,-28.06
2026-08-31_0000,85.330811,27.82936,14.66
2026-08-31_0000,85.418701,27.809927,32.7
2026-08-31_0000,85.6604,27.9847,45.62
2026-08-31_0000,85.111084,27.926474,-20.87
2026-08-31_0000,85.001221,27.771051,12.39
2026-08-31_0000,85.198975,27.965294,-44.26
2026-08-31_0000,85.550537,27.751607,-10.86
2026-08-31_0000,85.836182,27.771051,11.08
2026-08-31_0000,84.957275,27.868216,23.56
2026-08-31_0000,85.594482,27.751607,13.23
2026-08-31_0000,85.133057,27.945886,-37.97
2026-08-31_0000,85.220947,27.907058,19.97
2026-08-31_0000,85.748291,27.73216,14.22
2026-08-31_0000,85.726318,27.809927,11.46
2026-08-31_0000,85.023193,28.0235,16.3
2026-08-31_0000,85.220947,27.9847,-44.49
2026-08-31_0000,85.330811,27.868216,-11.4
2026-08-31_0000,85.792236,27.771051,18.13
2026-08-31_0000,85.352783,27.887639,-16.5
2026-08-31_0000,85.396729,27.84879,12.73
2026-08-31_0000,85.067139,27.868216,-62.0
2026-08-31_0000,84.91333,27.771051,-11.74
2026-08-31_0000,85.177002,27.965294,-68.24
2026-08-31_0000,85.308838,27.945886,-17.73
2026-08-31_0000,85.067139,27.84879,-30.64
2026-08-31_0000,85.089111,27.809927,19.64
2026-08-31_0000,85.045166,27.945886,-39.72
2026-08-31_0000,85.352783,27.868216,-22.64
2026-08-31_0000,85.24292,27.945886,-13.24
2026-08-31_0000,85.352783,27.84879,10.92
2026-08-31_0000,85.177002,27.887639,20.48
2026-08-31_0000,85.330811,27.84879,11.8
2026-08-31_0000,85.308838,28.139815,-45.32
2026-08-31_0000,85.6604,27.71271,17.05
2026-08-31_0000,85.682373,27.71271,18.23
2026-08-31_0000,85.57251,27.868216,12.18
2026-08-31_0000,85.089111,27.84879,-49.5
2026-08-31_0000,85.045166,27.84879,-56.46
2026-08-31_0000,85.594482,27.887639,11.31
2026-08-31_0000,85.814209,27.71271,14.62
2026-08-31_0000,85.155029,27.907058,24.07
2026-08-31_0000,85.177002,27.868216,16.01
2026-08-31_0000,84.957275,27.82936,-22.57
2026-08-31_0000,85.286865,27.907058,-10.89
2026-08-31_0000,85.770264,27.73216,19.81
2026-08-31_0000,85.111084,27.84879,-19.5
2026-08-31_0000,85.792236,27.73216,21.2
2026-08-31_0000,85.023193,27.84879,-64.87
2026-08-31_0000,84.91333,27.82936,-40.99
2026-08-31_0000,85.001221,28.042894,26.63
2026-08-31_0000,85.177002,27.945886,-50.58
2026-08-31_0000,85.264893,27.9847,-35.32
2026-08-31_0000,85.24292,27.809927,13.69
2026-08-31_0000,85.111084,27.965294,-15.8
2026-08-31_0000,84.979248,27.9847,-23.01
2026-08-31_0000,85.220947,27.945886,-14.24
2026-08-31_0000,85.177002,27.926474,-21.47
2026-08-31_0000,85.286865,28.101058,18.29
2026-08-31_0000,84.935303,28.062286,-19.06
2026-08-31_0000,85.133057,27.907058,19.25
2026-08-31_0000,85.155029,27.926474,-44.38
2026-08-31_0000,84.91333,27.790491,-31.59
2026-08-31_0000,85.330811,27.945886,-21.85
2026-08-31_0000,84.935303,27.82936,-30.94
2026-08-31_0000,85.638428,27.965294,49.35
2026-08-31_0000,85.264893,28.004101,-44.3
2026-08-31_0000,85.792236,27.926474,25.88
2026-08-31_0000,85.155029,28.004101,-79.52
2026-08-31_0000,85.155029,27.9847,-65.21
2026-08-31_0000,85.198975,27.809927,12.64
2026-08-31_0000,85.396729,27.945886,-11.01
2026-08-31_0000,85.001221,27.926474,-47.12
2026-08-31_0000,85.177002,27.907058,13.18
2026-08-31_0000,85.177002,27.809927,15.8
2026-08-31_0000,84.91333,27.809927,-46.78
2026-08-31_0000,85.111084,27.790491,17.61
2026-08-31_0000,85.528564,27.887639,15.02
2026-08-31_0000,85.792236,27.945886,-10.44
2026-08-31_0000,85.418701,27.926474,-10.48
2026-08-31_0000,85.220947,28.004101,-46.51
2026-08-31_0000,85.6604,27.771051,-10.93
2026-08-31_0000,85.792236,27.82936,17.79
2026-08-31_0000,85.638428,27.9847,29.37
2026-08-31_0000,85.6604,27.809927,-20.57
2026-08-31_0000,85.177002,27.9847,-55.76
2026-08-31_0000,84.957275,27.790491,-16.1
2026-08-31_0000,85.682373,27.926474,52.13
2026-08-31_0000,85.6604,27.926474,15.43
2026-08-31_0000,85.418701,27.907058,11.32
2026-08-31_0000,84.979248,28.062286,-11.52
2026-08-31_0000,85.001221,27.790491,15.24
2026-08-31_0000,85.198975,27.9847,-47.45
2026-08-31_0000,85.396729,27.868216,-11.3
2026-08-31_0000,85.177002,28.004101,-68.31
2026-08-31_0000,85.264893,27.945886,-18.41
2026-08-31_0000,84.935303,28.042894,-13.45
2026-08-31_0000,85.286865,27.887639,-10.56
2026-08-31_0000,85.264893,27.809927,17.75
2026-08-31_0000,85.067139,27.809927,13.15
2026-08-31_0000,85.550537,27.926474,-12.05
2026-08-31_0000,85.836182,27.71271,11.51
2026-08-31_0000,85.133057,28.004101,-84.5
2026-08-31_0000,85.6604,27.907058,19.34
2026-08-31_0000,84.91333,28.004101,-12.83
2026-08-31_0000,85.045166,27.9847,-20.4
2026-08-31_0000,85.770264,27.907058,37.79
2026-08-31_0000,85.770264,27.771051,18.01
2026-08-31_0000,85.6604,27.965294,34.13
2026-08-31_0000,85.770264,27.790491,15.06
2026-08-31_0000,84.979248,27.771051,26.8
2026-08-31_0000,85.133057,27.926474,-28.35
2026-08-31_0000,85.506592,27.868216,25.11
2026-08-31_0800,85.594482,27.809927,-32.72
2026-08-31_0800,85.089111,27.965294,-23.62
2026-08-31_0800,85.177002,27.751607,-16.7
2026-08-31_0800,85.57251,27.751607,-22.63
2026-08-31_0800,85.220947,27.926474,-28.13
2026-08-31_0800,85.198975,27.751607,-14.6
2026-08-31_0800,85.198975,27.945886,-57.61
2026-08-31_0800,85.089111,27.771051,-31.37
2026-08-31_0800,85.198975,28.004101,-65.52
2026-08-31_0800,85.067139,27.73216,-38.36
2026-08-31_0800,84.957275,27.790491,-30.65
2026-08-31_0800,85.6604,27.9847,45.75
2026-08-31_0800,85.682373,27.926474,23.0
2026-08-31_0800,85.089111,27.73216,-43.57
2026-08-31_0800,85.001221,27.771051,-24.21
2026-08-31_0800,85.177002,27.771051,-38.98
2026-08-31_0800,84.935303,27.771051,-29.64
2026-08-31_0800,85.550537,27.907058,-41.8
2026-08-31_0800,85.550537,27.751607,-23.6
2026-08-31_0800,85.155029,27.771051,-29.14
2026-08-31_0800,85.111084,27.926474,-30.77
2026-08-31_0800,85.594482,27.71271,-28.91
2026-08-31_0800,85.133057,27.84879,-26.13
2026-08-31_0800,85.594482,27.751607,-21.63
2026-08-31_0800,85.067139,27.751607,-27.35
2026-08-31_0800,85.133057,27.945886,-56.69
2026-08-31_0800,85.111084,27.73216,-30.45
2026-08-31_0800,85.067139,27.84879,-49.38
2026-08-31_0800,85.550537,27.771051,-13.05
2026-08-31_0800,85.001221,27.790491,-18.32
2026-08-31_0800,85.264893,27.809927,11.84
2026-08-31_0800,85.133057,27.73216,-18.58
2026-08-31_0800,85.198975,27.9847,-81.16
2026-08-31_0800,84.91333,27.790491,-44.59
2026-08-31_0800,85.155029,27.926474,-52.41
2026-08-31_0800,85.24292,27.926474,-26.1
2026-08-31_0800,85.616455,27.751607,-40.22
2026-08-31_0800,85.286865,27.887639,-33.51
2026-08-31_0800,85.308838,28.120438,-21.57
2026-08-31_0800,85.023193,27.751607,-28.02
2026-08-31_0800,85.594482,27.73216,-28.28
2026-08-31_0800,85.286865,27.809927,31.54
2026-08-31_0800,85.528564,27.790491,-15.45
2026-08-31_0800,85.089111,27.887639,-53.51
2026-08-31_0800,85.111084,27.887639,-23.95
2026-08-31_0800,85.286865,28.139815,-13.22
2026-08-31_0800,85.286865,28.120438,-15.26
2026-08-31_0800,85.506592,27.771051,-15.48
2026-08-31_0800,85.111084,27.71271,-21.89
2026-08-31_0800,84.935303,27.907058,-13.38
2026-08-31_0800,85.089111,27.945886,-30.33
2026-08-31_0800,85.045166,28.004101,19.37
2026-08-31_0800,85.308838,27.82936,10.33
2026-08-31_0800,85.089111,27.868216,-60.94
2026-08-31_0800,85.57251,27.71271,-25.52
2026-08-31_0800,85.067139,27.9847,-14.12
2026-08-31_0800,85.264893,27.907058,-52.22
2026-08-31_0800,85.001221,27.809927,-19.38
2026-08-31_0800,85.6604,27.887639,12.84
2026-08-31_0800,85.550537,27.84879,-12.79
2026-08-31_0800,85.682373,27.751607,-12.03
2026-08-31_0800,85.308838,27.84879,50.69
2026-08-31_0800,85.594482,27.868216,-11.4
2026-08-31_0800,85.133057,27.771051,-25.24
2026-08-31_0800,85.089111,27.82936,-44.96
2026-08-31_0800,85.089111,27.926474,-36.27
2026-08-31_0800,85.308838,28.178559,-65.56
2026-08-31_0800,84.935303,27.809927,-32.64
2026-08-31_0800,85.023193,27.771051,-30.54
2026-08-31_0800,85.111084,27.868216,-42.92
2026-08-31_0800,85.155029,27.84879,-23.84
2026-08-31_0800,85.045166,27.82936,-37.85
2026-08-31_0800,85.264893,27.868216,10.81
2026-08-31_0800,84.935303,27.790491,-30.82
2026-08-31_0800,85.220947,27.84879,-25.93
2026-08-31_0800,85.111084,27.945886,-34.82
2026-08-31_0800,85.133057,27.71271,-13.84
2026-08-31_0800,84.91333,27.945886,-11.39
2026-08-31_0800,84.935303,27.926474,-20.23
2026-08-31_0800,85.352783,27.82936,104.66
2026-08-31_0800,85.770264,27.71271,-20.12
2026-08-31_0800,84.957275,27.809927,-33.08
2026-08-31_0800,85.616455,27.809927,-54.25
2026-08-31_0800,85.814209,27.751607,-21.14
2026-08-31_0800,85.177002,27.71271,-13.62
2026-08-31_0800,85.220947,28.004101,-73.61
2026-08-31_0800,85.616455,27.71271,-21.56
2026-08-31_0800,85.616455,27.73216,-26.28
2026-08-31_0800,85.111084,27.907058,-11.24
2026-08-31_0800,84.91333,27.809927,-58.97
2026-08-31_0800,85.198975,27.926474,-20.97
2026-08-31_0800,85.133057,27.907058,15.66
2026-08-31_0800,85.792236,27.82936,17.45
2026-08-31_0800,84.935303,27.887639,13.73
2026-08-31_0800,85.155029,27.751607,-19.16
2026-08-31_0800,85.111084,27.771051,-25.24
2026-08-31_0800,85.528564,27.751607,-15.83
2026-08-31_0800,85.067139,27.82936,-36.84
2026-08-31_0800,85.089111,27.9847,-36.3
2026-08-31_0800,85.616455,27.771051,-55.31
2026-08-31_0800,85.57251,27.73216,-25.63
2026-08-31_0800,85.638428,27.965294,28.37
2026-08-31_0800,85.001221,27.82936,-33.04
2026-08-31_0800,85.704346,27.73216,-16.88
2026-08-31_0800,85.198975,27.771051,-25.65
2026-08-31_0800,85.023193,27.809927,-30.54
2026-08-31_0800,85.198975,27.82936,-25.59
2026-08-31_0800,85.638428,27.73216,-38.8
2026-08-31_0800,84.979248,27.790491,-18.26
2026-08-31_0800,85.198975,27.84879,-21.74
2026-08-31_0800,85.155029,27.965294,-77.73
2026-08-31_0800,85.286865,27.926474,-51.67
2026-08-31_0800,85.111084,27.9847,-37.61
2026-08-31_0800,85.067139,27.771051,-32.36
2026-08-31_0800,84.91333,27.868216,16.41
2026-08-31_0800,85.111084,27.82936,-48.37
2026-08-31_0800,85.264893,27.887639,-19.25
2026-08-31_0800,85.550537,27.790491,-11.98
2026-08-31_0800,85.155029,27.945886,-66.4
2026-08-31_0800,85.198975,27.868216,-19.08
2026-08-31_0800,85.045166,27.73216,-24.71
2026-08-31_0800,85.57251,27.790491,-10.64
2026-08-31_0800,85.308838,27.926474,-64.74
2026-08-31_0800,85.594482,27.771051,-38.35
2026-08-31_0800,85.133057,27.751607,-15.79
2026-08-31_0800,85.638428,27.945886,23.55
2026-08-31_0800,85.638428,27.71271,-14.18
2026-08-31_0800,85.528564,27.73216,-12.88
2026-08-31_0800,84.979248,27.9847,-13.38
2026-08-31_0800,85.220947,27.945886,-65.76
2026-08-31_0800,85.177002,27.926474,-34.25
2026-08-31_0800,85.308838,28.101058,-30.57
2026-08-31_0800,84.979248,27.809927,-27.82
2026-08-31_0800,85.111084,27.965294,-39.73
2026-08-31_0800,85.045166,27.809927,-28.94
2026-08-31_0800,85.023193,28.0235,-23.65
2026-08-31_0800,85.330811,27.868216,-27.67
2026-08-31_0800,84.91333,28.062286,12.29
2026-08-31_0800,85.177002,27.965294,-83.62
2026-08-31_0800,85.682373,27.71271,-14.24
2026-08-31_0800,85.089111,27.751607,-38.91
2026-08-31_0800,85.111084,27.751607,-23.71
2026-08-31_0800,85.177002,27.945886,-67.65
2026-08-31_0800,85.594482,27.790491,-32.17
2026-08-31_0800,85.045166,27.84879,-58.95
2026-08-31_0800,85.264893,27.926474,-28.7
2026-08-31_0800,85.133057,27.926474,-39.72
2026-08-31_0800,85.045166,27.771051,-42.33
2026-08-31_0800,85.286865,27.84879,16.08
2026-08-31_0800,85.792236,27.71271,-15.18
2026-08-31_0800,85.045166,27.790491,-30.51
2026-08-31_0800,85.550537,27.926474,-30.67
2026-08-31_0800,85.528564,27.907058,-37.83
2026-08-31_0800,85.550537,27.868216,-24.46
2026-08-31_0800,84.979248,27.771051,-17.04
2026-08-31_0800,85.6604,27.907058,15.89
2026-08-31_0800,85.023193,27.790491,-20.9
2026-08-31_0800,85.155029,27.907058,22.29
2026-08-31_0800,84.957275,27.82936,-31.55
2026-08-31_0800,85.286865,27.907058,-61.83
2026-08-31_0800,85.594482,27.82936,-13.42
2026-08-31_0800,85.089111,27.84879,-63.24
2026-08-31_0800,85.770264,27.73216,10.61
2026-08-31_0800,85.616455,27.82936,-18.94
2026-08-31_0800,85.111084,27.84879,-40.64
2026-08-31_0800,85.814209,27.771051,-11.46
2026-08-31_0800,85.177002,27.9847,-82.42
2026-08-31_0800,84.979248,28.062286,-29.12
2026-08-31_0800,85.045166,27.751607,-34.3
2026-08-31_0800,85.528564,27.771051,-25.18
2026-08-31_0800,85.023193,27.82936,-46.23
2026-08-31_1600,85.198975,27.9847,-34.48
2026-08-31_1600,85.177002,28.004101,-62.99
2026-08-31_1600,85.506592,27.790491,22.82
2026-08-31_1600,85.286865,27.887639,-28.36
2026-08-31_1600,84.91333,27.790491,-31.44
2026-08-31_1600,85.155029,27.926474,-44.46
2026-08-31_1600,85.24292,27.926474,-17.96
2026-08-31_1600,85.067139,27.84879,-38.46
2026-08-31_1600,85.089111,27.809927,-13.72
2026-08-31_1600,85.045166,27.945886,-40.45
2026-08-31_1600,85.264893,27.809927,20.75
2026-08-31_1600,85.111084,27.71271,-20.64
2026-08-31_1600,85.748291,27.751607,10.73
2026-08-31_1600,85.001221,27.945886,-20.01
2026-08-31_1600,85.089111,27.887639,-42.61
2026-08-31_1600,85.133057,27.887639,11.31
2026-08-31_1600,85.111084,27.73216,-13.47
2026-08-31_1600,85.528564,27.82936,22.12
2026-08-31_1600,85.286865,27.809927,12.28
2026-08-31_1600,85.089111,27.945886,-28.67
2026-08-31_1600,85.045166,28.004101,40.09
2026-08-31_1600,84.957275,28.004101,-14.88
2026-08-31_1600,85.067139,27.71271,-29.95
2026-08-31_1600,85.792236,27.771051,19.04
2026-08-31_1600,84.91333,28.062286,-14.98
2026-08-31_1600,85.067139,27.868216,-59.8
2026-08-31_1600,85.792236,27.809927,31.94
2026-08-31_1600,85.177002,27.965294,-69.47
2026-08-31_1600,85.352783,27.868216,-15.65
2026-08-31_1600,85.682373,27.71271,18.32
2026-08-31_1600,85.57251,27.868216,13.85
2026-08-31_1600,85.330811,27.868216,-13.87
2026-08-31_1600,84.91333,27.82936,-23.13
2026-08-31_1600,85.089111,27.751607,-17.07
2026-08-31_1600,85.352783,27.926474,-70.88
2026-08-31_1600,85.177002,27.945886,-52.28
2026-08-31_1600,85.045166,27.809927,-16.6
2026-08-31_1600,85.24292,27.809927,14.32
2026-08-31_1600,85.111084,27.965294,-20.48
2026-08-31_1600,85.220947,27.9847,-38.86
2026-08-31_1600,85.6604,27.71271,21.4
2026-08-31_1600,85.24292,27.945886,-37.08
2026-08-31_1600,85.177002,27.887639,11.29
2026-08-31_1600,85.308838,28.139815,-21.43
2026-08-31_1600,85.133057,27.945886,-42.13
2026-08-31_1600,85.220947,27.907058,13.46
2026-08-31_1600,85.308838,27.84879,17.22
2026-08-31_1600,85.352783,27.82936,52.86
2026-08-31_1600,85.198975,27.965294,-51.12
2026-08-31_1600,84.935303,27.771051,-45.0
2026-08-31_1600,85.001221,27.965294,-17.28
2026-08-31_1600,85.177002,27.771051,-11.06
2026-08-31_1600,85.57251,28.217289,-13.24
2026-08-31_1600,85.133057,27.790491,12.59
2026-08-31_1600,85.308838,28.120438,20.44
2026-08-31_1600,85.001221,28.0235,-10.24
2026-08-31_1600,85.001221,27.771051,-17.74
2026-08-31_1600,85.089111,27.73216,-24.13
2026-08-31_1600,85.682373,27.926474,19.58
2026-08-31_1600,84.957275,27.790491,-31.79
2026-08-31_1600,85.330811,28.139815,-44.41
2026-08-31_1600,85.24292,27.887639,12.94
2026-08-31_1600,85.067139,27.965294,-24.66
2026-08-31_1600,85.067139,27.73216,-21.72
2026-08-31_1600,85.198975,28.004101,-10.07
2026-08-31_1600,85.198975,27.945886,-37.77
2026-08-31_1600,85.111084,27.926474,-21.84
2026-08-31_1600,85.133057,27.868216,10.89
2026-08-31_1600,85.506592,27.887639,-16.76
2026-08-31_1600,85.6604,27.9847,13.64
2026-08-31_1600,85.045166,27.82936,-37.27
2026-08-31_1600,85.286865,28.081673,37.73
2026-08-31_1600,85.792236,27.751607,15.52
2026-08-31_1600,85.616455,27.809927,-16.79
2026-08-31_1600,85.792236,27.790491,19.39
2026-08-31_1600,84.957275,27.809927,-35.35
2026-08-31_1600,85.770264,27.71271,-14.95
2026-08-31_1600,85.264893,27.82936,15.54
2026-08-31_1600,85.638428,27.907058,21.61
2026-08-31_1600,85.220947,27.790491,14.1
2026-08-31_1600,85.067139,27.945886,-28.01
2026-08-31_1600,85.198975,28.0235,-38.75
2026-08-31_1600,84.979248,27.926474,-27.85
2026-08-31_1600,85.111084,27.945886,-28.45
2026-08-31_1600,84.935303,27.790491,-33.15
2026-08-31_1600,84.91333,28.0235,14.11
2026-08-31_1600,85.111084,27.868216,-32.71
2026-08-31_1600,85.023193,27.771051,-10.79
2026-08-31_1600,85.6604,27.790491,13.45
2026-08-31_1600,84.935303,27.809927,-21.59
2026-08-31_1600,85.308838,28.178559,-41.33
2026-08-31_1600,85.089111,27.926474,-19.32
2026-08-31_1600,85.089111,27.82936,-27.51
2026-08-31_1600,85.374756,27.926474,-53.61
2026-08-31_1600,85.24292,27.9847,-52.89
2026-08-31_1600,85.220947,27.965294,-37.69
2026-08-31_1600,85.528564,27.73216,-13.04
2026-08-31_1600,85.308838,27.907058,-61.84
2026-08-31_1600,85.24292,28.004101,-49.37
2026-08-31_1600,85.155029,27.945886,-51.24
2026-08-31_1600,85.616455,27.907058,25.06
2026-08-31_1600,85.220947,28.0235,-23.49
2026-08-31_1600,85.57251,27.790491,10.26
2026-08-31_1600,85.308838,27.926474,-63.6
2026-08-31_1600,84.979248,27.9847,-19.33
2026-08-31_1600,85.616455,27.887639,20.22
2026-08-31_1600,85.111084,27.82936,-16.79
2026-08-31_1600,84.91333,27.868216,12.26
2026-08-31_1600,85.155029,27.82936,-10.26
2026-08-31_1600,85.111084,27.790491,10.99
2026-08-31_1600,84.91333,27.809927,-32.31
2026-08-31_1600,84.91333,27.84879,-11.99
2026-08-31_1600,85.177002,27.809927,-19.32
2026-08-31_1600,85.001221,27.926474,-32.9
2026-08-31_1600,85.133057,27.907058,19.28
2026-08-31_1600,85.550537,27.887639,11.03
2026-08-31_1600,84.957275,27.887639,13.83
2026-08-31_1600,85.023193,27.809927,-24.47
2026-08-31_1600,85.198975,27.82936,14.22
2026-08-31_1600,85.133057,27.965294,-48.08
2026-08-31_1600,85.704346,27.71271,10.36
2026-08-31_1600,85.24292,27.965294,-32.36
2026-08-31_1600,85.6604,27.887639,-10.66
2026-08-31_1600,85.001221,27.809927,-13.84
2026-08-31_1600,85.528564,27.868216,12.62
2026-08-31_1600,85.264893,27.907058,-29.01
2026-08-31_1600,85.089111,27.868216,-46.38
2026-08-31_1600,85.638428,27.809927,-18.06
2026-08-31_1600,85.638428,27.945886,31.3
2026-08-31_1600,85.045166,27.965294,-26.93
2026-08-31_1600,85.220947,27.809927,21.61
2026-08-31_1600,85.089111,27.71271,-47.01
2026-08-31_1600,84.979248,27.790491,-17.58
2026-08-31_1600,85.198975,27.84879,-10.8
2026-08-31_1600,85.155029,27.965294,-60.94
2026-08-31_1600,85.286865,27.926474,-43.69
2026-08-31_1600,85.111084,27.9847,-23.36
2026-08-31_1600,85.308838,27.887639,-27.83
2026-08-31_1600,85.177002,28.0235,-75.48
2026-08-31_1600,85.177002,27.790491,-16.73
2026-08-31_1600,85.220947,28.062286,-25.69
2026-08-31_1600,85.023193,27.82936,-47.96
2026-08-31_1600,85.770264,27.73216,13.98
2026-08-31_1600,85.023193,27.73216,-15.01
2026-08-31_1600,85.57251,27.887639,10.3
2026-08-31_1600,85.111084,27.84879,-18.82
2026-08-31_1600,85.814209,27.771051,12.6
2026-08-31_1600,85.177002,27.9847,-57.62
2026-08-31_1600,85.067139,27.809927,-20.45
2026-08-31_1600,84.979248,27.771051,-23.07
2026-08-31_1600,85.264893,27.926474,-29.88
2026-08-31_1600,85.770264,27.790491,14.37
2026-08-31_1600,85.286865,27.907058,-56.62
2026-08-31_1600,85.220947,27.945886,-29.3
2026-08-31_1600,85.177002,27.926474,-23.39
2026-08-31_1600,85.528564,27.887639,10.14
2026-08-31_1600,85.089111,27.84879,-55.44
2026-08-31_1600,85.045166,27.84879,-61.26
2026-08-31_1600,85.594482,27.887639,10.59
2026-08-31_1600,85.814209,27.71271,12.0
2026-08-31_1600,85.023193,27.790491,-14.09
2026-08-31_1600,85.155029,27.907058,21.16
2026-08-31_1600,84.957275,27.82936,-20.45
2026-08-31_1600,85.111084,27.809927,-10.64
2026-08-31_1600,84.979248,27.809927,-37.68
2026-08-31_1600,85.045166,27.9847,-10.85
2026-08-31_1600,85.133057,27.926474,-27.19
2026-08-31_1600,85.089111,27.9847,-11.09
2026-08-31_1600,85.198975,27.809927,19.06
2026-08-31_1600,85.155029,27.9847,-66.39
2026-08-31_1600,85.155029,28.004101,-75.1
2026-08-31_1600,85.264893,28.004101,-57.08
2026-08-31_1600,85.638428,27.965294,33.86
2026-08-31_1600,84.935303,27.82936,-23.23
2026-08-31_1600,85.001221,27.82936,-29.23
2026-08-31_1600,85.396729,27.945886,-61.07
2026-08-31_1600,85.220947,28.004101,-28.69
2026-08-31_1600,85.57251,27.907058,26.73
2026-08-31_1600,85.067139,27.82936,-26.02
2026-08-31_1600,85.6604,27.771051,10.73
2026-08-31_1600,85.133057,28.004101,-75.12
2026-08-31_1600,85.836182,27.71271,10.49
2026-08-31_1600,84.91333,28.004101,-12.79
2026-08-31_1600,84.957275,27.868216,11.84
2026-08-31_1600,85.330811,27.887639,-54.26
2026-08-31_1600,85.550537,27.926474,-17.61
2026-08-31_1600,85.638428,27.71271,14.17
2026-09-01_0000,85.067139,27.945886,-18.09
2026-09-01_0000,85.111084,27.945886,-28.25
2026-09-01_0000,85.133057,27.965294,-42.76
2026-09-01_0000,85.155029,27.965294,-55.16
2026-09-01_0000,85.748291,27.71271,14.43
2026-09-01_0000,85.220947,27.790491,-20.94
2026-09-01_0000,84.91333,28.062286,-23.26
2026-09-01_0000,85.264893,27.809927,12.09
2026-09-01_0000,85.308838,28.101058,19.78
2026-09-01_0000,85.111084,27.71271,-12.58
2026-09-01_0000,85.792236,27.965294,21.0
2026-09-01_0000,84.979248,27.809927,-18.12
2026-09-01_0000,85.177002,27.868216,13.04
2026-09-01_0000,85.638428,27.887639,15.62
2026-09-01_0000,85.264893,28.159189,-32.94
2026-09-01_0000,85.748291,27.809927,20.58
2026-09-01_0000,85.067139,27.84879,-36.22
2026-09-01_0000,85.155029,27.926474,-43.87
2026-09-01_0000,85.177002,27.965294,-68.42
2026-09-01_0000,85.177002,27.9847,-56.62
2026-09-01_0000,85.330811,27.868216,-19.44
2026-09-01_0000,85.792236,27.771051,22.4
2026-09-01_0000,85.023193,27.84879,-67.98
2026-09-01_0000,85.155029,27.868216,10.39
2026-09-01_0000,85.594482,27.84879,18.46
2026-09-01_0000,85.396729,27.84879,-18.7
2026-09-01_0000,84.91333,27.790491,-23.96
2026-09-01_0000,85.264893,28.0235,30.87
2026-09-01_0000,85.682373,27.71271,20.13
2026-09-01_0000,85.352783,27.868216,-15.52
2026-09-01_0000,85.616455,27.84879,10.67
2026-09-01_0000,85.594482,27.82936,11.5
2026-09-01_0000,84.957275,27.790491,-13.75
2026-09-01_0000,85.682373,27.926474,12.62
2026-09-01_0000,85.023193,27.926474,-20.94
2026-09-01_0000,85.023193,28.0235,21.06
2026-09-01_0000,85.220947,27.9847,-19.21
2026-09-01_0000,85.308838,27.907058,-41.71
2026-09-01_0000,85.089111,27.887639,-20.8
2026-09-01_0000,85.770264,27.907058,10.4
2026-09-01_0000,85.264893,27.945886,-26.64
2026-09-01_0000,85.220947,28.042894,-38.08
2026-09-01_0000,85.089111,28.178559,12.16
2026-09-01_0000,85.045166,28.004101,15.22
2026-09-01_0000,84.91333,27.82936,-18.3
2026-09-01_0000,84.935303,28.042894,-13.1
2026-09-01_0000,85.418701,27.84879,-20.66
2026-09-01_0000,85.6604,27.907058,16.49
2026-09-01_0000,85.484619,27.82936,13.52
2026-09-01_0000,85.308838,28.139815,-29.94
2026-09-01_0000,85.396729,27.907058,-40.49
2026-09-01_0000,85.045166,27.907058,-32.2
2026-09-01_0000,84.979248,28.081673,-22.13
2026-09-01_0000,85.133057,27.868216,12.53
2026-09-01_0000,85.308838,27.868216,-18.3
2026-09-01_0000,85.24292,27.790491,-11.15
2026-09-01_0000,85.6604,27.9847,18.91
2026-09-01_0000,85.111084,27.926474,-20.88
2026-09-01_0000,85.770264,27.84879,-11.09
2026-09-01_0000,85.089111,27.751607,-10.88
2026-09-01_0000,85.198975,27.945886,-31.13
2026-09-01_0000,85.396729,27.965294,-47.59
2026-09-01_0000,85.57251,28.217289,-28.97
2026-09-01_0000,85.550537,27.771051,14.92
2026-09-01_0000,85.6604,27.965294,10.73
2026-09-01_0000,85.001221,27.926474,-21.64
2026-09-01_0000,85.155029,27.9847,-62.88
2026-09-01_0000,85.023193,27.945886,-12.28
2026-09-01_0000,85.177002,27.945886,-53.54
2026-09-01_0000,85.111084,27.868216,-20.35
2026-09-01_0000,85.528564,27.887639,11.64
2026-09-01_0000,85.6604,27.71271,18.88
2026-09-01_0000,85.133057,27.790491,15.72
2026-09-01_0000,85.638428,27.926474,16.07
2026-09-01_0000,85.155029,27.945886,-48.93
2026-09-01_0000,85.286865,28.120438,12.38
2026-09-01_0000,85.111084,27.9847,-18.88
2026-09-01_0000,85.045166,27.926474,-13.11
2026-09-01_0000,85.067139,27.907058,-29.32
2026-09-01_0000,85.220947,28.004101,-13.63
2026-09-01_0000,85.330811,27.887639,-34.2
2026-09-01_0000,85.308838,27.945886,-46.08
2026-09-01_0000,85.418701,27.809927,27.35
2026-09-01_0000,84.957275,28.0235,-12.34
2026-09-01_0000,84.957275,28.004101,-26.51
2026-09-01_0000,85.374756,27.926474,-49.3
2026-09-01_0000,85.594482,27.809927,11.06
2026-09-01_0000,85.550537,27.790491,11.65
2026-09-01_0000,85.155029,28.004101,-76.92
2026-09-01_0000,85.792236,27.926474,-14.52
2026-09-01_0000,85.001221,27.9847,-11.0
2026-09-01_0000,85.264893,27.907058,-15.04
2026-09-01_0000,85.638428,27.9847,19.03
2026-09-01_0000,85.177002,28.004101,-61.42
2026-09-01_0000,85.264893,27.965294,-17.02
2026-09-01_0000,85.770264,27.71271,-11.4
2026-09-01_0000,84.957275,27.887639,16.59
2026-09-01_0000,85.308838,28.178559,-40.78
2026-09-01_0000,85.352783,27.926474,-62.23
2026-09-01_0000,85.528564,27.73216,-11.72
2026-09-01_0000,85.001221,27.907058,-15.78
2026-09-01_0000,85.111084,27.965294,-20.53
2026-09-01_0000,85.528564,27.868216,12.43
2026-09-01_0000,85.264893,27.9847,29.69
2026-09-01_0000,85.528564,27.809927,15.23
2026-09-01_0000,85.352783,27.82936,22.31
2026-09-01_0000,85.396729,27.926474,-41.68
2026-09-01_0000,85.220947,27.771051,-10.14
2026-09-01_0000,85.638428,27.965294,28.04
2026-09-01_0000,85.264893,28.004101,39.63
2026-09-01_0000,85.770264,27.868216,-13.03
2026-09-01_0000,85.177002,27.887639,14.53
2026-09-01_0000,84.979248,27.887639,-16.19
2026-09-01_0000,84.979248,27.84879,-23.52
2026-09-01_0000,85.198975,27.790491,-22.02
2026-09-01_0000,85.067139,27.790491,-10.04
2026-09-01_0000,84.979248,28.062286,-21.5
2026-09-01_0000,85.638428,27.907058,18.36
2026-09-01_0000,84.957275,27.868216,15.72
2026-09-01_0000,85.111084,27.84879,-16.16
2026-09-01_0000,85.264893,27.926474,-21.32
2026-09-01_0000,85.089111,27.907058,-13.34
2026-09-01_0000,85.220947,28.062286,-43.04
2026-09-01_0000,85.594482,27.790491,10.37
2026-09-01_0000,85.374756,27.945886,-41.53
2026-09-01_0000,85.067139,27.965294,-21.25
2026-09-01_0000,85.308838,27.84879,-15.12
2026-09-01_0000,85.067139,27.887639,-26.79
2026-09-01_0000,85.6604,27.887639,16.58
2026-09-01_0000,85.24292,27.965294,19.76
2026-09-01_0000,84.979248,27.9847,-17.8
2026-09-01_0000,85.836182,27.771051,10.59
2026-09-01_0000,85.352783,27.907058,-48.81
2026-09-01_0000,84.957275,27.809927,-19.27
2026-09-01_0000,84.935303,27.771051,-39.7
2026-09-01_0000,85.616455,27.887639,16.36
2026-09-01_0000,85.089111,27.945886,-32.23
2026-09-01_0000,85.001221,27.965294,-15.4
2026-09-01_0000,85.308838,28.120438,17.33
2026-09-01_0000,85.001221,28.0235,12.44
2026-09-01_0000,85.396729,27.945886,-36.82
2026-09-01_0000,85.286865,28.004101,75.82
2026-09-01_0000,85.155029,27.809927,16.53
2026-09-01_0000,85.286865,28.081673,37.39
2026-09-01_0000,85.177002,27.84879,11.2
2026-09-01_0000,85.089111,27.71271,-15.44
2026-09-01_0000,85.001221,28.042894,12.05
2026-09-01_0000,85.023193,27.82936,-32.74
2026-09-01_0000,84.91333,28.004101,-13.19
2026-09-01_0000,85.286865,27.945886,-44.39
2026-09-01_0000,85.198975,27.965294,-39.64
2026-09-01_0000,85.045166,27.82936,-19.28
2026-09-01_0000,84.91333,28.0235,-19.53
2026-09-01_0000,85.133057,27.945886,-37.62
2026-09-01_0000,85.330811,27.926474,-52.26
2026-09-01_0000,85.308838,27.887639,-20.64
2026-09-01_0000,85.330811,27.907058,-46.45
2026-09-01_0000,85.57251,27.790491,18.74
2026-09-01_0000,85.220947,28.0235,-18.09
2026-09-01_0000,85.308838,27.926474,-38.82
2026-09-01_0000,85.089111,27.926474,-23.94
2026-09-01_0000,85.550537,27.82936,12.29
2026-09-01_0000,85.6604,27.771051,11.84
2026-09-01_0000,85.177002,27.790491,-11.13
2026-09-01_0000,85.220947,27.809927,-11.05
2026-09-01_0000,85.726318,27.71271,28.43
2026-09-01_0000,85.330811,28.159189,-83.3
2026-09-01_0000,85.638428,27.945886,16.84
2026-09-01_0000,85.24292,28.004101,-17.02
2026-09-01_0000,85.023193,28.042894,19.23
2026-09-01_0000,85.177002,28.0235,-75.44
2026-09-01_0000,85.440674,27.84879,-14.87
2026-09-01_0000,85.045166,27.945886,-14.32
2026-09-01_0000,85.001221,27.945886,-22.87
2026-09-01_0000,85.023193,27.9847,-20.2
2026-09-01_0000,85.528564,27.82936,17.16
2026-09-01_0000,84.957275,27.771051,-12.25
2026-09-01_0000,85.374756,27.868216,-26.44
2026-09-01_0000,85.023193,27.907058,-30.15
2026-09-01_0000,85.177002,27.809927,-18.06
2026-09-01_0000,85.177002,27.771051,-12.4
2026-09-01_0000,85.286865,28.101058,20.01
2026-09-01_0000,84.957275,27.926474,-12.62
2026-09-01_0000,85.286865,27.887639,-21.68
2026-09-01_0000,85.286865,27.965294,-28.49
2026-09-01_0000,85.177002,27.926474,-24.27
2026-09-01_0000,85.374756,28.256005,-91.97
2026-09-01_0000,85.067139,27.9847,-14.52
2026-09-01_0000,85.089111,27.868216,-34.05
2026-09-01_0000,85.638428,27.790491,18.47
2026-09-01_0000,85.133057,28.004101,-81.11
2026-09-01_0000,85.528564,27.84879,12.81
2026-09-01_0000,85.067139,27.868216,-50.37
2026-09-01_0000,85.133057,27.926474,-26.12
2026-09-01_0000,85.198975,28.0235,-32.44
2026-09-01_0000,85.286865,28.139815,-13.57
2026-09-01_0000,85.330811,28.139815,-48.5
2026-09-01_0000,85.198975,27.9847,-21.83
2026-09-01_0000,85.704346,27.71271,18.49
2026-09-01_0000,85.594482,27.887639,-13.85
2026-09-01_0000,85.045166,27.84879,-59.82
2026-09-01_0000,85.089111,27.84879,-41.99
2026-09-01_0000,85.57251,27.809927,13.57
2026-09-01_0000,85.550537,27.809927,16.37
2026-09-01_0000,84.935303,27.790491,-17.52
2026-09-01_0000,84.91333,27.809927,-23.15
2026-09-01_0000,85.286865,27.926474,-35.09
2026-09-01_0000,85.770264,27.771051,11.23
2026-09-01_0000,85.155029,27.907058,22.35
2026-09-01_0000,85.286865,27.907058,-26.67
2026-09-01_0000,85.133057,27.907058,19.52
2026-09-01_0000,85.286865,27.9847,39.42
2026-09-01_0800,85.704346,27.73216,-14.96
2026-09-01_0800,85.418701,27.809927,55.84
2026-09-01_0800,85.133057,27.771051,-17.86
2026-09-01_0800,85.374756,27.926474,-24.34
2026-09-01_0800,85.594482,27.809927,-11.0
2026-09-01_0800,85.57251,27.73216,-16.99
2026-09-01_0800,85.57251,27.84879,-13.38
2026-09-01_0800,85.133057,27.73216,-17.85
2026-09-01_0800,85.023193,27.809927,-23.14
2026-09-01_0800,85.352783,27.907058,-24.35
2026-09-01_0800,85.023193,27.82936,-43.72
2026-09-01_0800,85.616455,27.887639,-20.24
2026-09-01_0800,85.111084,27.965294,-41.82
2026-09-01_0800,85.023193,27.751607,-27.11
2026-09-01_0800,85.001221,28.042894,-16.24
2026-09-01_0800,85.177002,28.004101,-72.16
2026-09-01_0800,85.616455,27.868216,-19.21
2026-09-01_0800,85.770264,27.71271,-31.96
2026-09-01_0800,85.308838,28.178559,-24.62
2026-09-01_0800,85.111084,27.751607,-21.73
2026-09-01_0800,85.352783,27.926474,-21.35
2026-09-01_0800,85.089111,27.945886,-18.24
2026-09-01_0800,85.198975,27.771051,-21.98
2026-09-01_0800,85.616455,27.809927,-25.8
2026-09-01_0800,85.133057,27.926474,-27.51
2026-09-01_0800,85.198975,28.0235,-51.13
2026-09-01_0800,85.24292,27.945886,14.97
2026-09-01_0800,85.286865,27.82936,-15.32
2026-09-01_0800,85.177002,27.926474,-26.22
2026-09-01_0800,85.067139,27.73216,-23.22
2026-09-01_0800,85.177002,27.771051,-17.65
2026-09-01_0800,85.286865,27.887639,-18.11
2026-09-01_0800,85.045166,27.809927,-15.5
2026-09-01_0800,85.286865,28.101058,15.58
2026-09-01_0800,85.067139,27.868216,-46.46
2026-09-01_0800,85.045166,27.771051,-30.86
2026-09-01_0800,85.24292,28.004101,-61.78
2026-09-01_0800,85.550537,27.868216,-20.43
2026-09-01_0800,85.067139,27.790491,-20.4
2026-09-01_0800,85.57251,27.71271,-19.2
2026-09-01_0800,85.6604,27.73216,-31.33
2026-09-01_0800,85.352783,27.82936,29.1
2026-09-01_0800,85.396729,27.926474,-39.61
2026-09-01_0800,85.001221,27.809927,-12.23
2026-09-01_0800,85.220947,27.771051,-27.3
2026-09-01_0800,85.198975,27.926474,-13.74
2026-09-01_0800,85.638428,27.965294,46.62
2026-09-01_0800,85.264893,28.004101,-45.55
2026-09-01_0800,85.308838,28.139815,-33.21
2026-09-01_0800,85.638428,27.71271,-17.03
2026-09-01_0800,85.177002,27.751607,-13.82
2026-09-01_0800,85.792236,27.71271,-15.74
2026-09-01_0800,85.045166,27.907058,-11.84
2026-09-01_0800,85.001221,27.82936,-23.73
2026-09-01_0800,85.001221,27.790491,-12.14
2026-09-01_0800,85.198975,27.945886,-43.11
2026-09-01_0800,85.089111,27.771051,-24.78
2026-09-01_0800,85.198975,27.751607,-14.39
2026-09-01_0800,85.089111,27.751607,-35.68
2026-09-01_0800,85.001221,27.771051,-16.23
2026-09-01_0800,85.089111,27.73216,-21.72
2026-09-01_0800,85.111084,27.926474,-17.23
2026-09-01_0800,85.6604,27.9847,43.23
2026-09-01_0800,85.24292,27.790491,-29.5
2026-09-01_0800,85.133057,27.751607,-16.15
2026-09-01_0800,84.91333,27.82936,-21.0
2026-09-01_0800,84.91333,27.868216,10.99
2026-09-01_0800,85.067139,27.771051,-28.88
2026-09-01_0800,85.045166,27.790491,-18.3
2026-09-01_0800,85.089111,27.868216,-33.79
2026-09-01_0800,85.220947,28.004101,-52.11
2026-09-01_0800,85.528564,27.771051,-18.38
2026-09-01_0800,85.682373,27.790491,11.28
2026-09-01_0800,85.616455,27.73216,-21.58
2026-09-01_0800,85.286865,28.120438,28.12
2026-09-01_0800,85.506592,27.771051,-14.44
2026-09-01_0800,85.594482,27.73216,-21.28
2026-09-01_0800,85.155029,27.945886,-58.59
2026-09-01_0800,85.528564,27.926474,-19.0
2026-09-01_0800,85.616455,27.790491,-22.63
2026-09-01_0800,85.814209,27.73216,-21.47
2026-09-01_0800,85.067139,27.965294,-11.38
2026-09-01_0800,85.067139,27.82936,-14.38
2026-09-01_0800,85.770264,27.809927,-19.35
2026-09-01_0800,85.396729,27.945886,-38.34
2026-09-01_0800,85.792236,27.751607,-12.5
2026-09-01_0800,85.550537,27.907058,-27.93
2026-09-01_0800,85.177002,27.84879,13.81
2026-09-01_0800,85.089111,27.71271,-21.54
2026-09-01_0800,84.979248,27.790491,-13.78
2026-09-01_0800,85.001221,28.0235,-18.81
2026-09-01_0800,85.001221,27.965294,-10.22
2026-09-01_0800,84.957275,27.809927,-34.3
2026-09-01_0800,85.264893,27.926474,-14.75
2026-09-01_0800,85.264893,27.82936,-43.87
2026-09-01_0800,85.067139,27.887639,-14.39
2026-09-01_0800,85.133057,27.82936,-22.48
2026-09-01_0800,85.836182,27.751607,-11.1
2026-09-01_0800,85.616455,27.82936,-10.89
2026-09-01_0800,85.023193,27.73216,-13.27
2026-09-01_0800,85.814209,27.771051,-10.74
2026-09-01_0800,85.111084,27.84879,-27.21
2026-09-01_0800,85.57251,27.887639,-11.32
2026-09-01_0800,85.528564,27.907058,-23.78
2026-09-01_0800,84.957275,27.790491,-26.07
2026-09-01_0800,85.594482,27.82936,-10.73
2026-09-01_0800,85.352783,27.868216,-21.89
2026-09-01_0800,85.814209,27.751607,-17.89
2026-09-01_0800,84.935303,27.82936,-16.17
2026-09-01_0800,85.089111,27.9847,-33.94
2026-09-01_0800,85.616455,27.771051,-13.09
2026-09-01_0800,85.682373,27.809927,16.02
2026-09-01_0800,85.155029,27.965294,-69.83
2026-09-01_0800,85.594482,27.868216,-16.67
2026-09-01_0800,85.023193,27.771051,-21.81
2026-09-01_0800,85.220947,27.9847,-52.34
2026-09-01_0800,85.308838,27.907058,-34.88
2026-09-01_0800,85.133057,27.84879,-14.22
2026-09-01_0800,85.133057,27.71271,-14.53
2026-09-01_0800,85.792236,27.771051,10.42
2026-09-01_0800,85.330811,27.868216,-31.83
2026-09-01_0800,85.067139,27.945886,-15.89
2026-09-01_0800,85.177002,27.9847,-71.99
2026-09-01_0800,85.177002,27.965294,-76.75
2026-09-01_0800,85.155029,27.926474,-45.54
2026-09-01_0800,85.792236,27.73216,-13.85
2026-09-01_0800,85.704346,27.809927,12.98
2026-09-01_0800,84.91333,27.790491,-43.24
2026-09-01_0800,85.24292,27.82936,-44.65
2026-09-01_0800,85.594482,27.84879,-12.75
2026-09-01_0800,84.935303,27.926474,-10.27
2026-09-01_0800,85.111084,27.868216,-27.67
2026-09-01_0800,84.935303,27.887639,10.18
2026-09-01_0800,85.067139,27.71271,-20.38
2026-09-01_0800,85.6604,27.965294,16.12
2026-09-01_0800,85.155029,27.73216,-10.92
2026-09-01_0800,84.935303,27.809927,-16.1
2026-09-01_0800,84.979248,27.809927,-30.95
2026-09-01_0800,85.616455,27.71271,-18.68
2026-09-01_0800,85.770264,27.907058,-10.48
2026-09-01_0800,85.133057,27.965294,-59.4
2026-09-01_0800,85.111084,27.945886,-33.69
2026-09-01_0800,85.111084,27.71271,-19.75
2026-09-01_0800,85.067139,27.84879,-29.35
2026-09-01_0800,85.177002,27.868216,11.6
2026-09-01_0800,85.111084,27.771051,-24.3
2026-09-01_0800,85.24292,27.887639,12.45
2026-09-01_0800,85.308838,28.101058,29.19
2026-09-01_0800,85.264893,27.809927,-23.29
2026-09-01_0800,85.089111,27.887639,-17.89
2026-09-01_0800,85.067139,27.9847,-16.86
2026-09-01_0800,85.704346,27.71271,-14.15
2026-09-01_0800,85.528564,27.751607,-11.63
2026-09-01_0800,85.836182,27.73216,-12.63
2026-09-01_0800,85.045166,27.84879,-56.32
2026-09-01_0800,85.089111,27.84879,-49.22
2026-09-01_0800,84.935303,27.790491,-32.13
2026-09-01_0800,84.91333,27.809927,-38.8
2026-09-01_0800,85.286865,27.926474,-25.14
2026-09-01_0800,85.264893,27.84879,-22.7
2026-09-01_0800,85.111084,27.73216,-23.64
2026-09-01_0800,85.550537,27.84879,-16.63
2026-09-01_0800,85.330811,27.926474,-22.45
2026-09-01_0800,85.308838,27.887639,-33.41
2026-09-01_0800,85.198975,27.9847,-55.94
2026-09-01_0800,85.770264,27.771051,14.58
2026-09-01_0800,85.748291,27.771051,10.19
2026-09-01_0800,85.023193,27.790491,-18.22
2026-09-01_0800,85.155029,27.751607,-17.35
2026-09-01_0800,84.957275,27.82936,-21.67
2026-09-01_0800,85.792236,27.82936,37.46
2026-09-01_0800,85.155029,27.907058,23.74
2026-09-01_0800,85.133057,27.907058,21.59
2026-09-01_0800,85.198975,28.004101,-13.84
2026-09-01_0800,85.24292,27.809927,-49.55
2026-09-01_0800,85.111084,27.82936,-18.11
2026-09-01_0800,85.594482,27.71271,-24.91
2026-09-01_0800,85.6604,27.945886,-15.63
2026-09-01_0800,85.286865,27.907058,-20.14
2026-09-01_0800,85.308838,27.926474,-18.9
2026-09-01_0800,85.001221,28.062286,-32.9
2026-09-01_0800,84.979248,27.771051,-16.62
2026-09-01_0800,85.067139,27.751607,-23.77
2026-09-01_0800,85.045166,27.751607,-26.69
2026-09-01_0800,85.023193,27.907058,-13.59
2026-09-01_0800,85.089111,27.82936,-12.11
2026-09-01_0800,85.220947,27.965294,-38.05
2026-09-01_0800,85.550537,27.82936,-17.12
2026-09-01_0800,85.045166,27.73216,-22.75
2026-09-01_0800,85.220947,28.0235,-52.9
2026-09-01_0800,85.484619,27.771051,-10.36
2026-09-01_0800,85.330811,27.84879,-18.22
2026-09-01_0800,85.198975,27.965294,-49.06
2026-09-01_0800,85.638428,27.73216,-28.53
2026-09-01_0800,85.550537,27.926474,-15.28
2026-09-01_0800,85.045166,27.82936,-21.15
2026-09-01_0800,85.264893,27.868216,17.94
2026-09-01_0800,85.155029,27.771051,-15.03
2026-09-01_1600,85.045166,27.82936,-15.58
2026-09-01_1600,85.067139,27.868216,-46.28
2026-09-01_1600,85.133057,28.004101,-78.51
2026-09-01_1600,85.133057,27.926474,-15.33
2026-09-01_1600,85.638428,27.965294,46.56
2026-09-01_1600,85.638428,27.907058,21.96
2026-09-01_1600,85.198975,28.0235,-17.54
2026-09-01_1600,85.177002,27.926474,-18.97
2026-09-01_1600,85.286865,27.82936,12.77
2026-09-01_1600,85.198975,27.887639,11.82
2026-09-01_1600,85.24292,27.945886,11.4
2026-09-01_1600,84.979248,27.887639,-11.04
2026-09-01_1600,85.177002,27.887639,14.38
2026-09-01_1600,85.264893,27.9847,24.37
2026-09-01_1600,85.528564,27.868216,10.36
2026-09-01_1600,85.264893,27.907058,11.02
2026-09-01_1600,85.155029,28.004101,-79.54
2026-09-01_1600,85.528564,27.790491,11.41
2026-09-01_1600,85.155029,27.887639,10.23
2026-09-01_1600,85.352783,27.82936,60.21
2026-09-01_1600,85.352783,27.84879,24.78
2026-09-01_1600,85.198975,27.790491,-14.59
2026-09-01_1600,85.264893,27.84879,13.3
2026-09-01_1600,85.57251,27.751607,12.12
2026-09-01_1600,84.91333,27.809927,-32.59
2026-09-01_1600,84.935303,27.790491,-20.68
2026-09-01_1600,85.089111,27.84879,-43.49
2026-09-01_1600,85.045166,27.84879,-55.51
2026-09-01_1600,85.792236,27.82936,24.3
2026-09-01_1600,85.57251,27.771051,10.77
2026-09-01_1600,85.550537,27.887639,15.0
2026-09-01_1600,85.24292,28.0235,12.33
2026-09-01_1600,85.220947,27.887639,15.5
2026-09-01_1600,84.957275,27.82936,-11.23
2026-09-01_1600,85.111084,27.809927,-17.63
2026-09-01_1600,85.155029,27.907058,27.54
2026-09-01_1600,85.089111,27.868216,-23.38
2026-09-01_1600,85.198975,28.004101,29.47
2026-09-01_1600,85.704346,27.71271,16.68
2026-09-01_1600,85.770264,27.771051,14.19
2026-09-01_1600,85.111084,27.82936,-13.81
2026-09-01_1600,85.264893,27.887639,16.4
2026-09-01_1600,85.133057,27.907058,20.58
2026-09-01_1600,85.24292,27.907058,18.65
2026-09-01_1600,85.220947,28.062286,-24.95
2026-09-01_1600,85.792236,27.809927,26.11
2026-09-01_1600,84.979248,27.9847,-13.87
2026-09-01_1600,85.814209,27.771051,12.02
2026-09-01_1600,85.111084,27.84879,-13.83
2026-09-01_1600,85.286865,27.790491,11.38
2026-09-01_1600,85.792236,27.751607,10.34
2026-09-01_1600,85.177002,27.84879,28.88
2026-09-01_1600,85.440674,27.82936,13.93
2026-09-01_1600,85.023193,27.82936,-29.41
2026-09-01_1600,85.133057,27.73216,-13.74
2026-09-01_1600,84.935303,27.771051,-43.89
2026-09-01_1600,85.616455,27.887639,16.71
2026-09-01_1600,84.957275,27.868216,12.6
2026-09-01_1600,84.979248,28.062286,-27.33
2026-09-01_1600,85.198975,27.907058,11.14
2026-09-01_1600,85.24292,27.965294,30.23
2026-09-01_1600,85.177002,27.71271,-10.85
2026-09-01_1600,85.198975,27.82936,-38.38
2026-09-01_1600,84.957275,27.809927,-21.6
2026-09-01_1600,85.836182,27.771051,10.63
2026-09-01_1600,85.6604,27.887639,27.73
2026-09-01_1600,85.067139,27.887639,-11.44
2026-09-01_1600,85.264893,27.82936,13.47
2026-09-01_1600,85.089111,27.82936,-16.97
2026-09-01_1600,85.089111,27.926474,-11.3
2026-09-01_1600,85.24292,27.9847,18.2
2026-09-01_1600,85.023193,27.907058,11.77
2026-09-01_1600,85.374756,27.868216,-19.54
2026-09-01_1600,85.133057,27.887639,11.45
2026-09-01_1600,84.957275,27.771051,-16.97
2026-09-01_1600,85.177002,27.809927,-14.98
2026-09-01_1600,85.726318,27.71271,14.63
2026-09-01_1600,85.177002,28.0235,-65.04
2026-09-01_1600,85.418701,27.809927,37.54
2026-09-01_1600,85.111084,27.965294,-18.15
2026-09-01_1600,85.177002,27.790491,-14.69
2026-09-01_1600,85.111084,27.926474,-11.12
2026-09-01_1600,85.6604,27.9847,35.38
2026-09-01_1600,85.308838,27.868216,11.48
2026-09-01_1600,85.308838,27.84879,11.49
2026-09-01_1600,85.24292,27.868216,17.74
2026-09-01_1600,85.308838,28.178559,-25.45
2026-09-01_1600,85.111084,27.751607,-10.72
2026-09-01_1600,85.001221,28.062286,13.8
2026-09-01_1600,85.264893,27.868216,20.75
2026-09-01_1600,85.133057,27.945886,-27.81
2026-09-01_1600,85.770264,27.71271,-10.28
2026-09-01_1600,85.001221,27.82936,-11.83
2026-09-01_1600,85.045166,27.907058,10.27
2026-09-01_1600,85.220947,28.042894,-13.31
2026-09-01_1600,84.91333,27.82936,-18.81
2026-09-01_1600,85.396729,27.907058,-13.45
2026-09-01_1600,85.067139,27.771051,-10.25
2026-09-01_1600,85.418701,27.84879,18.03
2026-09-01_1600,85.396729,27.965294,-12.83
2026-09-01_1600,85.528564,27.71271,12.49
2026-09-01_1600,85.111084,27.9847,-23.82
2026-09-01_1600,85.155029,27.73216,-10.44
2026-09-01_1600,85.6604,27.965294,18.55
2026-09-01_1600,85.770264,27.790491,13.22
2026-09-01_1600,85.6604,27.907058,20.26
2026-09-01_1600,85.001221,27.926474,-13.08
2026-09-01_1600,85.308838,28.101058,19.85
2026-09-01_1600,85.528564,27.945886,19.77
2026-09-01_1600,85.089111,27.751607,-20.1
2026-09-01_1600,85.089111,27.771051,-25.81
2026-09-01_1600,85.198975,27.945886,-34.74
2026-09-01_1600,85.177002,27.907058,13.23
2026-09-01_1600,85.484619,27.82936,18.14
2026-09-01_1600,85.308838,28.139815,-26.56
2026-09-01_1600,84.91333,28.062286,-26.85
2026-09-01_1600,85.396729,27.84879,11.74
2026-09-01_1600,85.155029,27.9847,-61.32
2026-09-01_1600,85.682373,27.73216,10.68
2026-09-01_1600,85.770264,27.907058,-17.06
2026-09-01_1600,85.528564,27.887639,13.75
2026-09-01_1600,85.111084,27.868216,-18.02
2026-09-01_1600,85.177002,27.945886,-45.09
2026-09-01_1600,85.836182,27.71271,24.2
2026-09-01_1600,85.264893,27.809927,20.94
2026-09-01_1600,85.57251,28.217289,-14.66
2026-09-01_1600,85.133057,27.790491,11.43
2026-09-01_1600,85.638428,27.926474,66.0
2026-09-01_1600,85.155029,27.945886,-38.97
2026-09-01_1600,85.286865,27.868216,17.26
2026-09-01_1600,85.045166,27.926474,12.43
2026-09-01_1600,85.57251,27.907058,21.79
2026-09-01_1600,85.286865,28.120438,19.13
2026-09-01_1600,84.935303,27.82936,-11.37
2026-09-01_1600,85.616455,27.84879,18.38
2026-09-01_1600,85.352783,27.868216,11.06
2026-09-01_1600,84.91333,27.84879,-10.53
2026-09-01_1600,85.792236,27.771051,23.85
2026-09-01_1600,85.198975,27.809927,-22.88
2026-09-01_1600,85.748291,27.71271,14.62
2026-09-01_1600,84.957275,27.790491,-21.15
2026-09-01_1600,85.133057,27.9847,-51.42
2026-09-01_1600,85.089111,27.790491,-20.48
2026-09-01_1600,85.177002,27.9847,-52.41
2026-09-01_1600,85.177002,27.965294,-60.51
2026-09-01_1600,85.155029,27.926474,-36.14
2026-09-01_1600,84.91333,27.790491,-31.33
2026-09-01_1600,85.24292,27.926474,10.61
2026-09-01_1600,85.24292,27.82936,14.05
2026-09-01_1600,85.286865,27.84879,24.47
2026-09-01_1600,85.220947,27.84879,-13.61
2026-09-01_1600,85.023193,28.0235,14.69
2026-09-01_1600,85.682373,27.926474,16.17
2026-09-01_1600,85.155029,27.965294,-43.68
2026-09-01_1600,85.418701,27.790491,14.83
2026-09-01_1600,85.111084,27.771051,-11.46
2026-09-01_1600,85.24292,27.887639,14.04
2026-09-01_1600,85.133057,27.71271,-12.36
2026-09-01_1600,85.155029,27.868216,11.63
2026-09-01_1600,85.133057,27.868216,13.65
2026-09-01_1600,85.770264,27.82936,14.72
2026-09-01_1600,85.638428,27.945886,20.8
2026-09-01_1600,85.330811,28.159189,-79.43
2026-09-01_1600,84.979248,27.809927,-24.71
2026-09-01_1600,85.177002,27.868216,12.67
2026-09-01_1600,85.638428,27.887639,20.21
2026-09-01_1600,85.067139,27.945886,10.35
2026-09-01_1600,85.220947,27.907058,17.87
2026-09-01_1600,85.133057,27.965294,-33.67
2026-09-01_1600,85.111084,27.945886,-15.07
2026-09-01_1600,85.748291,27.868216,30.61
2026-09-01_1600,85.067139,27.84879,-26.85
2026-09-01_1600,85.748291,27.809927,18.76
2026-09-01_1600,85.264893,28.159189,-18.93
2026-09-02_0000,85.638428,27.771051,17.17
2026-09-02_0000,84.957275,28.004101,-10.47
2026-09-02_0000,84.957275,27.868216,25.33
2026-09-02_0000,85.089111,27.790491,-13.37
2026-09-02_0000,85.001221,27.887639,-31.72
2026-09-02_0000,85.638428,27.965294,18.19
2026-09-02_0000,85.308838,28.178559,-30.26
2026-09-02_0000,85.638428,27.82936,18.84
2026-09-02_0000,85.177002,28.0235,-67.8
2026-09-02_0000,85.6604,27.887639,12.08
2026-09-02_0000,85.067139,27.84879,-23.43
2026-09-02_0000,85.089111,27.84879,-38.78
2026-09-02_0000,85.220947,27.868216,12.63
2026-09-02_0000,85.111084,27.926474,-14.37
2026-09-02_0000,84.957275,27.790491,-17.9
2026-09-02_0000,85.067139,27.771051,-10.22
2026-09-02_0000,85.264893,28.081673,10.34
2026-09-02_0000,85.220947,27.84879,11.75
2026-09-02_0000,85.264893,27.82936,20.97
2026-09-02_0000,85.6604,27.907058,16.76
2026-09-02_0000,85.023193,27.82936,-20.08
2026-09-02_0000,85.001221,27.868216,-33.41
2026-09-02_0000,85.023193,28.0235,11.55
2026-09-02_0000,85.792236,27.926474,-23.03
2026-09-02_0000,85.374756,27.84879,12.0
2026-09-02_0000,85.286865,28.139815,-10.29
2026-09-02_0000,85.418701,27.907058,12.88
2026-09-02_0000,85.220947,27.809927,-23.53
2026-09-02_0000,85.264893,28.101058,13.27
2026-09-02_0000,84.935303,27.790491,-19.42
2026-09-02_0000,85.023193,27.926474,13.09
2026-09-02_0000,85.133057,27.790491,14.12
2026-09-02_0000,85.111084,27.945886,-19.99
2026-09-02_0000,85.089111,27.945886,-14.36
2026-09-02_0000,85.045166,28.0235,19.42
2026-09-02_0000,85.067139,28.178559,32.11
2026-09-02_0000,85.133057,27.9847,-55.36
2026-09-02_0000,85.748291,27.809927,10.77
2026-09-02_0000,85.023193,27.907058,15.53
2026-09-02_0000,85.418701,27.926474,-16.78
2026-09-02_0000,85.638428,27.809927,25.11
2026-09-02_0000,85.198975,27.868216,14.5
2026-09-02_0000,85.045166,27.926474,12.69
2026-09-02_0000,85.330811,28.139815,-45.96
2026-09-02_0000,85.770264,27.790491,11.07
2026-09-02_0000,85.308838,27.887639,11.45
2026-09-02_0000,85.24292,27.809927,10.76
2026-09-02_0000,85.286865,27.868216,21.66
2026-09-02_0000,85.594482,27.84879,12.92
2026-09-02_0000,85.155029,28.004101,-78.2
2026-09-02_0000,85.133057,27.887639,10.62
2026-09-02_0000,85.616455,27.809927,13.42
2026-09-02_0000,85.045166,28.004101,25.51
2026-09-02_0000,85.133057,27.926474,-22.17
2026-09-02_0000,85.24292,27.887639,16.15
2026-09-02_0000,85.133057,27.945886,-30.25
2026-09-02_0000,85.089111,27.887639,-10.38
2026-09-02_0000,85.286865,28.101058,24.73
2026-09-02_0000,85.198975,27.9847,-10.09
2026-09-02_0000,85.286865,28.0235,29.49
2026-09-02_0000,85.089111,27.868216,-21.9
2026-09-02_0000,85.045166,27.84879,-39.53
2026-09-02_0000,85.198975,27.82936,-34.51
2026-09-02_0000,85.264893,27.809927,24.82
2026-09-02_0000,85.506592,27.751607,-10.11
2026-09-02_0000,85.6604,27.809927,15.27
2026-09-02_0000,85.177002,27.809927,-22.53
2026-09-02_0000,85.155029,27.9847,-59.46
2026-09-02_0000,85.177002,27.965294,-67.29
2026-09-02_0000,84.979248,27.965294,-14.94
2026-09-02_0000,85.264893,28.004101,15.88
2026-09-02_0000,85.111084,27.9847,-16.05
2026-09-02_0000,85.155029,27.926474,-35.8
2026-09-02_0000,85.836182,27.71271,14.42
2026-09-02_0000,85.001221,27.751607,11.82
2026-09-02_0000,85.6604,27.9847,11.98
2026-09-02_0000,85.330811,27.965294,11.65
2026-09-02_0000,85.198975,28.0235,-28.4
2026-09-02_0000,85.111084,27.82936,-12.48
2026-09-02_0000,84.935303,27.82936,-19.44
2026-09-02_0000,85.155029,27.945886,-36.32
2026-09-02_0000,85.264893,27.926474,10.69
2026-09-02_0000,85.111084,27.965294,-15.0
2026-09-02_0000,85.264893,27.9847,29.64
2026-09-02_0000,85.045166,27.771051,-10.19
2026-09-02_0000,85.770264,27.73216,21.91
2026-09-02_0000,85.133057,28.004101,-80.79
2026-09-02_0000,85.638428,27.907058,10.49
2026-09-02_0000,85.198975,27.809927,-31.63
2026-09-02_0000,85.6604,27.790491,15.51
2026-09-02_0000,85.089111,28.178559,30.82
2026-09-02_0000,85.24292,27.907058,13.87
2026-09-02_0000,84.979248,27.9847,-27.1
2026-09-02_0000,85.023193,27.84879,-54.88
2026-09-02_0000,85.396729,27.907058,-21.91
2026-09-02_0000,84.979248,27.82936,95.45
2026-09-02_0000,84.935303,27.751607,-16.98
2026-09-02_0000,85.198975,27.887639,17.27
2026-09-02_0000,85.155029,27.887639,10.65
2026-09-02_0000,85.220947,28.042894,-17.04
2026-09-02_0000,85.352783,27.82936,77.53
2026-09-02_0000,85.045166,27.868216,-48.02
2026-09-02_0000,85.352783,27.84879,10.96
2026-09-02_0000,85.396729,27.965294,-11.49
2026-09-02_0000,85.220947,27.907058,23.69
2026-09-02_0000,84.979248,27.809927,-14.37
2026-09-02_0000,85.045166,27.965294,10.01
2026-09-02_0000,85.155029,27.907058,22.66
2026-09-02_0000,84.935303,27.945886,10.82
2026-09-02_0000,85.286865,27.945886,34.13
2026-09-02_0000,85.220947,27.887639,31.63
2026-09-02_0000,85.308838,27.82936,10.21
2026-09-02_0000,85.286865,28.120438,14.53
2026-09-02_0000,85.067139,27.887639,-17.58
2026-09-02_0000,85.089111,27.926474,-21.93
2026-09-02_0000,85.308838,28.120438,14.78
2026-09-02_0000,85.418701,27.809927,14.71
2026-09-02_0000,85.24292,27.926474,12.5
2026-09-02_0000,85.770264,27.82936,14.5
2026-09-02_0000,85.308838,28.139815,-34.73
2026-09-02_0000,84.935303,28.062286,-14.63
2026-09-02_0000,84.91333,27.790491,-24.37
2026-09-02_0000,85.001221,27.809927,15.2
2026-09-02_0000,85.198975,27.907058,13.02
2026-09-02_0000,85.286865,27.965294,49.38
2026-09-02_0000,85.286865,28.004101,14.62
2026-09-02_0000,84.935303,27.809927,-17.29
2026-09-02_0000,85.133057,27.907058,20.42
2026-09-02_0000,85.089111,27.751607,-22.19
2026-09-02_0000,85.177002,27.9847,-56.15
2026-09-02_0000,85.6604,27.771051,12.2
2026-09-02_0000,85.264893,28.0235,26.65
2026-09-02_0000,85.001221,27.84879,-22.35
2026-09-02_0000,85.396729,27.926474,-14.53
2026-09-02_0000,85.352783,27.887639,-11.34
2026-09-02_0000,85.177002,27.887639,14.82
2026-09-02_0000,85.133057,27.965294,-33.77
2026-09-02_0000,85.264893,27.84879,17.58
2026-09-02_0000,85.220947,27.965294,-14.57
2026-09-02_0000,85.177002,27.790491,-23.93
2026-09-02_0000,85.748291,27.868216,29.67
2026-09-02_0000,85.286865,27.84879,14.28
2026-09-02_0000,84.91333,27.809927,-39.26
2026-09-02_0000,85.001221,27.9847,-15.29
2026-09-02_0000,85.264893,27.868216,12.52
2026-09-02_0000,85.726318,27.71271,32.12
2026-09-02_0000,85.220947,27.82936,-19.62
2026-09-02_0000,85.177002,27.926474,-18.66
2026-09-02_0000,85.023193,27.868216,-46.84
2026-09-02_0000,85.792236,27.82936,13.91
2026-09-02_0000,84.979248,27.868216,22.36
2026-09-02_0000,84.957275,27.82936,-13.17
2026-09-02_0000,85.286865,28.081673,81.31
2026-09-02_0000,85.264893,27.887639,13.02
2026-09-02_0000,85.067139,27.868216,-42.85
2026-09-02_0000,85.440674,27.84879,43.39
2026-09-02_0000,85.155029,27.965294,-45.45
2026-09-02_0000,85.24292,27.84879,12.99
2026-09-02_0000,85.045166,27.71271,12.92
2026-09-02_0000,84.957275,27.809927,-23.68
2026-09-02_0000,85.198975,27.945886,-37.39
2026-09-02_0000,85.155029,27.82936,-16.13
2026-09-02_0000,85.6604,27.71271,13.14
2026-09-02_0000,85.396729,27.868216,17.96
2026-09-02_0000,85.24292,27.868216,15.22
2026-09-02_0000,85.133057,27.868216,15.43
2026-09-02_0000,85.330811,27.887639,-11.25
2026-09-02_0000,85.462646,27.82936,14.34
2026-09-02_0000,85.177002,27.945886,-48.91
2026-09-02_0000,85.286865,27.809927,12.26
2026-09-02_0000,84.91333,27.82936,-12.6
2026-09-02_0000,85.528564,27.887639,15.47
2026-09-02_0000,85.089111,27.907058,-10.22
2026-09-02_0000,85.792236,27.771051,10.65
2026-09-02_0000,85.418701,27.84879,27.62
2026-09-02_0000,85.616455,27.790491,13.02
2026-09-02_0000,85.550537,27.887639,13.26
2026-09-02_0000,85.396729,27.84879,25.83
2026-09-02_0000,85.594482,27.809927,10.32
2026-09-02_0000,85.308838,27.965294,12.98
2026-09-02_0000,85.198975,27.965294,-38.57
2026-09-02_0000,85.111084,28.178559,23.47
2026-09-02_0000,85.177002,28.004101,-56.34
2026-09-02_0000,85.506592,27.868216,13.0
2026-09-02_0000,85.462646,27.926474,12.39
2026-09-02_0000,85.023193,27.887639,-34.21
2026-09-02_0000,85.133057,27.82936,-12.09
2026-09-02_0000,85.308838,28.101058,48.79
2026-09-02_0800,85.067139,27.751607,-12.82
2026-09-02_0800,85.198975,27.965294,-37.23
2026-09-02_0800,85.133057,27.868216,15.33
2026-09-02_0800,85.177002,27.965294,-69.6
2026-09-02_0800,85.133057,27.73216,-19.54
2026-09-02_0800,85.308838,28.101058,57.41
2026-09-02_0800,85.045166,27.907058,-14.97
2026-09-02_0800,85.177002,28.004101,-61.02
2026-09-02_0800,85.220947,27.9847,-14.76
2026-09-02_0800,85.177002,27.71271,-15.0
2026-09-02_0800,85.704346,27.73216,-44.71
2026-09-02_0800,84.91333,28.062286,29.73
2026-09-02_0800,85.067139,27.9847,-10.52
2026-09-02_0800,85.6604,27.9847,27.96
2026-09-02_0800,85.286865,27.887639,-10.18
2026-09-02_0800,85.177002,28.0235,-71.33
2026-09-02_0800,85.111084,27.868216,-16.46
2026-09-02_0800,85.308838,28.178559,-40.42
2026-09-02_0800,85.374756,27.907058,-10.72
2026-09-02_0800,84.91333,27.809927,-19.38
2026-09-02_0800,85.177002,27.887639,20.67
2026-09-02_0800,85.133057,27.965294,-43.4
2026-09-02_0800,85.726318,27.751607,-30.64
2026-09-02_0800,85.220947,27.965294,-14.75
2026-09-02_0800,85.089111,27.965294,-10.2
2026-09-02_0800,85.286865,27.907058,-21.1
2026-09-02_0800,85.023193,27.751607,-12.42
2026-09-02_0800,84.957275,28.004101,-10.13
2026-09-02_0800,85.111084,27.84879,-17.33
2026-09-02_0800,85.308838,27.868216,-17.34
2026-09-02_0800,85.111084,27.926474,-16.32
2026-09-02_0800,85.220947,27.868216,11.54
2026-09-02_0800,85.089111,27.84879,-43.37
2026-09-02_0800,85.308838,27.907058,-22.89
2026-09-02_0800,85.067139,27.84879,-23.54
2026-09-02_0800,85.682373,27.926474,21.7
2026-09-02_0800,85.6604,27.887639,-19.22
2026-09-02_0800,85.308838,27.926474,-14.86
2026-09-02_0800,85.111084,27.751607,-13.19
2026-09-02_0800,85.177002,27.926474,-19.76
2026-09-02_0800,85.198975,27.82936,-25.5
2026-09-02_0800,85.264893,27.809927,14.59
2026-09-02_0800,85.550537,27.868216,-17.42
2026-09-02_0800,85.133057,27.926474,-17.22
2026-09-02_0800,85.177002,27.907058,16.07
2026-09-02_0800,85.24292,27.809927,24.06
2026-09-02_0800,85.748291,27.71271,-32.88
2026-09-02_0800,85.748291,27.751607,-28.66
2026-09-02_0800,84.979248,28.042894,10.53
2026-09-02_0800,85.089111,27.868216,-32.7
2026-09-02_0800,85.506592,27.809927,11.25
2026-09-02_0800,85.111084,27.771051,-12.22
2026-09-02_0800,85.484619,27.809927,15.21
2026-09-02_0800,84.957275,27.790491,-14.17
2026-09-02_0800,85.133057,27.945886,-33.63
2026-09-02_0800,85.089111,27.887639,-23.05
2026-09-02_0800,85.286865,28.101058,19.51
2026-09-02_0800,85.528564,27.809927,-12.43
2026-09-02_0800,85.198975,27.9847,-28.11
2026-09-02_0800,85.198975,27.84879,11.15
2026-09-02_0800,85.045166,27.84879,-36.88
2026-09-02_0800,85.264893,28.004101,23.71
2026-09-02_0800,85.57251,27.790491,15.22
2026-09-02_0800,85.155029,27.926474,-36.43
2026-09-02_0800,85.111084,27.9847,-29.97
2026-09-02_0800,85.155029,27.945886,-42.97
2026-09-02_0800,85.330811,27.887639,-26.54
2026-09-02_0800,85.111084,27.71271,-17.18
2026-09-02_0800,85.177002,27.945886,-47.81
2026-09-02_0800,85.286865,27.809927,44.8
2026-09-02_0800,85.155029,27.771051,-15.43
2026-09-02_0800,85.264893,27.945886,24.25
2026-09-02_0800,85.089111,27.771051,-13.11
2026-09-02_0800,85.023193,27.926474,-12.18
2026-09-02_0800,84.935303,27.790491,-24.8
2026-09-02_0800,85.616455,27.868216,-18.85
2026-09-02_0800,85.067139,27.73216,-19.66
2026-09-02_0800,85.177002,27.868216,16.52
2026-09-02_0800,85.528564,27.790491,-12.65
2026-09-02_0800,85.550537,27.790491,-14.63
2026-09-02_0800,85.155029,27.9847,-68.91
2026-09-02_0800,85.792236,27.71271,-23.28
2026-09-02_0800,85.6604,27.926474,-16.43
2026-09-02_0800,85.045166,27.771051,-33.04
2026-09-02_0800,85.155029,27.71271,-16.36
2026-09-02_0800,85.111084,27.965294,-23.73
2026-09-02_0800,85.57251,27.868216,-17.32
2026-09-02_0800,85.045166,27.751607,-16.2
2026-09-02_0800,85.177002,27.84879,12.22
2026-09-02_0800,85.24292,27.965294,22.97
2026-09-02_0800,84.979248,28.062286,-15.13
2026-09-02_0800,85.111084,27.73216,-21.69
2026-09-02_0800,85.198975,28.0235,-29.56
2026-09-02_0800,85.264893,27.9847,49.44
2026-09-02_0800,85.023193,27.84879,-32.26
2026-09-02_0800,85.396729,27.907058,-18.11
2026-09-02_0800,85.023193,27.771051,-22.66
2026-09-02_0800,85.089111,27.907058,-11.54
2026-09-02_0800,85.330811,27.868216,-17.28
2026-09-02_0800,85.396729,27.926474,-24.46
2026-09-02_0800,85.133057,27.71271,-18.92
2026-09-02_0800,85.045166,27.82936,-10.33
2026-09-02_0800,85.089111,27.82936,-13.19
2026-09-02_0800,85.067139,27.790491,-15.14
2026-09-02_0800,85.770264,27.73216,-25.72
2026-09-02_0800,85.24292,28.004101,-12.33
2026-09-02_0800,84.979248,27.9847,-16.51
2026-09-02_0800,85.352783,27.82936,92.91
2026-09-02_0800,85.155029,27.887639,17.53
2026-09-02_0800,85.198975,27.887639,10.55
2026-09-02_0800,85.067139,27.771051,-20.09
2026-09-02_0800,85.198975,27.926474,-12.54
2026-09-02_0800,85.682373,27.790491,-10.21
2026-09-02_0800,85.704346,27.751607,-13.05
2026-09-02_0800,85.155029,27.907058,33.94
2026-09-02_0800,85.067139,27.945886,-28.39
2026-09-02_0800,84.979248,27.809927,-14.91
2026-09-02_0800,85.814209,27.73216,-10.48
2026-09-02_0800,85.726318,27.73216,-40.17
2026-09-02_0800,85.748291,27.73216,-38.32
2026-09-02_0800,85.528564,27.771051,-12.02
2026-09-02_0800,85.155029,27.965294,-49.87
2026-09-02_0800,85.616455,27.907058,-10.97
2026-09-02_0800,85.089111,27.751607,-23.51
2026-09-02_0800,85.111084,27.82936,-18.64
2026-09-02_0800,85.133057,27.907058,21.38
2026-09-02_0800,85.594482,27.887639,-22.08
2026-09-02_0800,85.177002,27.751607,-11.85
2026-09-02_0800,85.177002,27.9847,-61.78
2026-09-02_0800,85.308838,28.139815,-22.36
2026-09-02_0800,84.935303,27.771051,-10.11
2026-09-02_0800,84.91333,27.790491,-10.44
2026-09-02_0800,85.330811,27.84879,-15.42
2026-09-02_0800,85.24292,27.945886,20.02
2026-09-02_0800,85.330811,27.926474,-25.97
2026-09-02_0800,85.396729,27.965294,-14.87
2026-09-02_0800,85.352783,27.84879,30.75
2026-09-02_0800,85.594482,27.868216,-15.35
2026-09-02_0800,85.308838,28.120438,16.62
2026-09-02_0800,85.001221,27.926474,-27.32
2026-09-02_0800,85.682373,27.751607,-14.13
2026-09-02_0800,85.220947,27.887639,10.85
2026-09-02_0800,85.001221,27.84879,-20.17
2026-09-02_0800,85.506592,27.771051,-19.98
2026-09-02_0800,85.286865,28.120438,27.15
2026-09-02_0800,85.089111,27.926474,-19.28
2026-09-02_0800,85.198975,27.771051,-10.2
2026-09-02_0800,85.792236,27.751607,-12.37
2026-09-02_0800,85.111084,27.945886,-22.39
2026-09-02_0800,85.089111,27.945886,-28.1
2026-09-02_0800,85.24292,27.82936,16.49
2026-09-02_0800,85.045166,27.73216,-13.63
2026-09-02_0800,85.770264,27.71271,-39.09
2026-09-02_0800,85.6604,27.945886,-10.98
2026-09-02_0800,85.220947,27.84879,15.65
2026-09-02_0800,85.023193,27.82936,-24.31
2026-09-02_0800,85.023193,27.945886,-11.72
2026-09-02_0800,85.023193,27.907058,-20.85
2026-09-02_0800,85.264893,27.907058,-12.19
2026-09-02_0800,85.352783,27.907058,-10.12
2026-09-02_0800,85.198975,27.868216,12.81
2026-09-02_0800,85.352783,27.926474,-15.77
2026-09-02_0800,85.067139,27.868216,-44.36
2026-09-02_0800,85.155029,27.868216,14.79
2026-09-02_0800,85.198975,27.945886,-31.49
2026-09-02_0800,84.957275,27.809927,-18.15
2026-09-02_0800,85.792236,27.73216,-18.72
2026-09-02_1600,85.6604,27.965294,26.06
2026-09-02_1600,84.91333,28.062286,26.66
2026-09-02_1600,85.24292,27.868216,12.08
2026-09-02_1600,85.177002,27.71271,-12.1
2026-09-02_1600,84.979248,27.907058,16.43
2026-09-02_1600,85.177002,27.887639,18.37
2026-09-02_1600,85.638428,27.965294,42.44
2026-09-02_1600,85.308838,28.178559,-21.27
2026-09-02_1600,85.111084,27.868216,-17.84
2026-09-02_1600,85.177002,28.0235,-65.48
2026-09-02_1600,85.133057,27.965294,-27.8
2026-09-02_1600,85.264893,27.84879,14.62
2026-09-02_1600,85.177002,27.790491,-23.12
2026-09-02_1600,85.220947,27.82936,-19.93
2026-09-02_1600,85.264893,27.868216,15.83
2026-09-02_1600,85.177002,27.926474,-18.36
2026-09-02_1600,85.023193,27.868216,-34.25
2026-09-02_1600,84.957275,27.868216,10.82
2026-09-02_1600,85.792236,27.809927,23.41
2026-09-02_1600,85.111084,27.926474,-10.28
2026-09-02_1600,85.111084,27.84879,-16.81
2026-09-02_1600,84.957275,28.004101,-13.84
2026-09-02_1600,85.6604,27.887639,26.98
2026-09-02_1600,85.682373,27.926474,36.62
2026-09-02_1600,85.067139,27.84879,-24.67
2026-09-02_1600,85.594482,27.751607,16.36
2026-09-02_1600,85.089111,27.84879,-40.84
2026-09-02_1600,85.220947,27.868216,15.37
2026-09-02_1600,85.286865,28.101058,35.88
2026-09-02_1600,85.528564,27.82936,10.3
2026-09-02_1600,85.089111,27.887639,-14.68
2026-09-02_1600,85.133057,27.945886,-27.57
2026-09-02_1600,85.067139,27.9847,24.58
2026-09-02_1600,85.286865,27.965294,16.28
2026-09-02_1600,85.352783,27.84879,12.65
2026-09-02_1600,85.111084,27.82936,-23.17
2026-09-02_1600,85.528564,27.945886,24.52
2026-09-02_1600,85.155029,27.945886,-36.02
2026-09-02_1600,85.155029,27.71271,-12.82
2026-09-02_1600,85.111084,27.965294,-13.78
2026-09-02_1600,85.220947,27.887639,17.43
2026-09-02_1600,85.001221,27.84879,13.73
2026-09-02_1600,85.550537,27.809927,13.8
2026-09-02_1600,85.286865,28.120438,30.13
2026-09-02_1600,85.067139,27.887639,-28.06
2026-09-02_1600,85.418701,27.809927,24.21
2026-09-02_1600,85.089111,27.926474,-10.35
2026-09-02_1600,85.308838,28.120438,31.99
2026-09-02_1600,85.045166,27.9847,39.2
2026-09-02_1600,85.286865,28.004101,25.05
2026-09-02_1600,85.308838,28.139815,-13.52
2026-09-02_1600,84.935303,27.771051,20.24
2026-09-02_1600,85.198975,28.004101,11.93
2026-09-02_1600,85.001221,27.809927,10.22
2026-09-02_1600,85.198975,27.907058,11.43
2026-09-02_1600,85.24292,27.945886,11.66
2026-09-02_1600,85.177002,27.84879,10.37
2026-09-02_1600,85.133057,28.004101,-75.15
2026-09-02_1600,85.528564,27.926474,17.36
2026-09-02_1600,85.177002,27.945886,-45.34
2026-09-02_1600,84.957275,27.771051,15.15
2026-09-02_1600,85.770264,27.73216,-12.32
2026-09-02_1600,85.001221,28.062286,12.15
2026-09-02_1600,85.198975,27.790491,-24.69
2026-09-02_1600,85.133057,27.82936,-17.67
2026-09-02_1600,85.133057,27.73216,-13.71
2026-09-02_1600,85.308838,28.101058,54.09
2026-09-02_1600,85.177002,28.004101,-55.01
2026-09-02_1600,85.198975,27.965294,-34.51
2026-09-02_1600,85.24292,28.004101,-10.73
2026-09-02_1600,85.264893,27.965294,14.72
2026-09-02_1600,85.24292,27.965294,25.73
2026-09-02_1600,85.198975,28.0235,-25.0
2026-09-02_1600,85.264893,27.9847,18.16
2026-09-02_1600,84.979248,27.9847,-27.84
2026-09-02_1600,85.023193,27.84879,-25.88
2026-09-02_1600,85.396729,27.907058,-19.52
2026-09-02_1600,85.198975,27.887639,15.83
2026-09-02_1600,85.155029,27.887639,15.53
2026-09-02_1600,85.220947,28.042894,-22.11
2026-09-02_1600,85.352783,27.82936,100.49
2026-09-02_1600,85.155029,27.809927,-11.61
2026-09-02_1600,85.045166,27.868216,-46.44
2026-09-02_1600,85.045166,27.84879,-29.96
2026-09-02_1600,85.616455,27.868216,-12.26
2026-09-02_1600,85.220947,27.809927,-22.32
2026-09-02_1600,85.418701,27.907058,11.89
2026-09-02_1600,85.374756,27.84879,16.61
2026-09-02_1600,85.177002,27.868216,14.81
2026-09-02_1600,85.6604,27.907058,22.39
2026-09-02_1600,85.264893,27.82936,13.21
2026-09-02_1600,85.023193,27.945886,-10.26
2026-09-02_1600,85.023193,27.82936,-19.32
2026-09-02_1600,85.045166,27.82936,-19.1
2026-09-02_1600,85.638428,27.926474,45.94
2026-09-02_1600,85.286865,27.809927,12.32
2026-09-02_1600,85.308838,28.159189,-42.9
2026-09-02_1600,85.440674,27.9847,13.5
2026-09-02_1600,85.550537,27.887639,11.42
2026-09-02_1600,85.264893,28.120438,11.07
2026-09-02_1600,85.111084,27.9847,-22.11
2026-09-02_1600,85.155029,27.926474,-35.25
2026-09-02_1600,85.155029,27.9847,-51.18
2026-09-02_1600,85.528564,27.84879,-12.91
2026-09-02_1600,85.177002,27.809927,-12.41
2026-09-02_1600,85.264893,27.945886,11.64
2026-09-02_1600,85.57251,27.790491,12.82
2026-09-02_1600,85.528564,27.887639,16.88
2026-09-02_1600,85.418701,27.926474,-13.46
2026-09-02_1600,85.111084,27.790491,-11.07
2026-09-02_1600,85.770264,27.82936,17.87
2026-09-02_1600,85.155029,27.907058,27.68
2026-09-02_1600,85.748291,27.73216,-19.41
2026-09-02_1600,85.726318,27.73216,-14.01
2026-09-02_1600,85.836182,27.771051,14.42
2026-09-02_1600,85.594482,27.887639,-19.23
2026-09-02_1600,85.133057,27.907058,20.17
2026-09-02_1600,85.155029,27.82936,-15.61
2026-09-02_1600,85.198975,27.945886,-36.51
2026-09-02_1600,84.957275,27.809927,-18.43
2026-09-02_1600,85.001221,28.0235,17.39
2026-09-02_1600,85.155029,27.965294,-40.0
2026-09-02_1600,84.957275,28.062286,13.91
2026-09-02_1600,85.616455,27.907058,20.7
2026-09-02_1600,85.177002,27.82936,-13.5
2026-09-02_1600,85.177002,27.9847,-49.69
2026-09-02_1600,85.089111,27.751607,-16.19
2026-09-02_1600,85.220947,27.907058,21.71
2026-09-02_1600,85.57251,27.907058,18.1
2026-09-02_1600,85.045166,28.0235,21.17
2026-09-02_1600,85.089111,27.945886,-11.82
2026-09-02_1600,85.111084,27.945886,-20.11
2026-09-02_1600,84.91333,28.081673,51.18
2026-09-02_1600,85.133057,27.9847,-50.79
2026-09-02_1600,85.330811,28.139815,-41.44
2026-09-02_1600,85.550537,27.82936,11.55
2026-09-02_1600,85.616455,27.84879,-11.63
2026-09-02_1600,85.198975,27.868216,15.41
2026-09-02_1600,85.396729,27.945886,-12.55
2026-09-02_1600,85.770264,27.84879,17.29
2026-09-02_1600,85.067139,27.868216,-46.78
2026-09-02_1600,85.770264,27.71271,-19.14
2026-09-02_1600,85.264893,27.887639,15.15
2026-09-02_1600,85.792236,27.82936,24.63
2026-09-02_1600,85.089111,27.868216,-25.69
2026-09-02_1600,85.133057,27.887639,11.93
2026-09-02_1600,85.770264,27.887639,23.88
2026-09-02_1600,85.045166,28.004101,48.56
2026-09-02_1600,84.979248,28.042894,15.02
2026-09-02_1600,85.330811,28.159189,-78.6
2026-09-02_1600,85.6604,27.9847,63.57
2026-09-02_1600,85.001221,28.042894,24.35
2026-09-02_1600,85.177002,27.965294,-61.42
2026-09-02_1600,85.155029,28.004101,-75.43
2026-09-02_1600,85.638428,27.945886,28.6
2026-09-02_1600,85.198975,27.82936,-31.68
2026-09-02_1600,85.264893,27.809927,25.82
2026-09-02_1600,85.24292,27.887639,16.24
2026-09-02_1600,85.133057,27.926474,-16.99
2026-09-02_1600,85.177002,27.907058,12.43
2026-09-02_1600,85.24292,27.809927,11.98
2026-09-02_1600,85.748291,27.71271,-11.8
2026-09-02_1600,85.770264,27.907058,-10.77
2026-09-02_1600,85.001221,27.926474,-15.22
2026-09-02_1600,85.133057,27.71271,-12.93
2026-09-02_1600,85.24292,27.907058,17.56
2026-09-02_1600,84.91333,27.771051,25.58
2026-09-02_1600,85.089111,28.178559,29.18
2026-09-02_1600,85.484619,27.790491,10.4
2026-09-03_0000,85.177002,27.82936,-10.79
2026-09-03_0000,85.001221,27.809927,10.93
2026-09-03_0000,84.91333,27.82936,-12.08
2026-09-03_0000,85.748291,27.868216,18.26
2026-09-03_0000,85.133057,27.887639,12.61
2026-09-03_0000,85.792236,27.771051,10.82
2026-09-03_0000,85.24292,27.907058,15.09
2026-09-03_0000,84.979248,27.809927,-19.42
2026-09-03_0000,85.133057,27.926474,-11.33
2026-09-03_0000,85.133057,27.907058,23.15
2026-09-03_0000,85.286865,27.809927,19.29
2026-09-03_0000,85.264893,28.004101,36.38
2026-09-03_0000,85.638428,27.965294,29.63
2026-09-03_0000,85.6604,27.965294,16.53
2026-09-03_0000,85.177002,27.965294,-62.17
2026-09-03_0000,84.957275,27.790491,-11.09
2026-09-03_0000,85.177002,27.868216,14.93
2026-09-03_0000,85.286865,27.868216,14.23
2026-09-03_0000,85.286865,27.965294,42.83
2026-09-03_0000,85.24292,27.887639,20.27
2026-09-03_0000,85.57251,28.217289,-29.21
2026-09-03_0000,85.308838,28.101058,41.32
2026-09-03_0000,85.638428,27.868216,11.74
2026-09-03_0000,85.550537,27.84879,-10.32
2026-09-03_0000,85.726318,27.751607,15.52
2026-09-03_0000,85.24292,27.945886,22.34
2026-09-03_0000,85.001221,28.042894,18.41
2026-09-03_0000,85.616455,27.751607,10.61
2026-09-03_0000,85.067139,27.868216,-39.81
2026-09-03_0000,85.528564,27.945886,37.52
2026-09-03_0000,85.6604,27.9847,37.04
2026-09-03_0000,84.91333,27.945886,-10.95
2026-09-03_0000,85.155029,27.9847,-44.48
2026-09-03_0000,85.57251,27.926474,-11.89
2026-09-03_0000,85.177002,27.887639,15.41
2026-09-03_0000,85.24292,27.965294,21.9
2026-09-03_0000,85.682373,27.71271,16.93
2026-09-03_0000,85.133057,28.004101,-47.6
2026-09-03_0000,85.792236,27.945886,-27.6
2026-09-03_0000,85.638428,27.771051,20.0
2026-09-03_0000,85.682373,27.751607,11.44
2026-09-03_0000,85.001221,28.062286,16.16
2026-09-03_0000,85.6604,27.926474,-10.35
2026-09-03_0000,85.089111,27.945886,-15.82
2026-09-03_0000,85.528564,27.71271,-15.34
2026-09-03_0000,85.111084,27.9847,-12.11
2026-09-03_0000,85.220947,27.907058,12.4
2026-09-03_0000,85.638428,27.887639,10.65
2026-09-03_0000,85.177002,27.790491,-12.22
2026-09-03_0000,85.177002,28.0235,-60.04
2026-09-03_0000,85.023193,28.042894,14.65
2026-09-03_0000,85.155029,28.004101,-60.88
2026-09-03_0000,84.979248,27.868216,-10.7
2026-09-03_0000,84.935303,27.82936,-13.04
2026-09-03_0000,85.330811,27.82936,10.4
2026-09-03_0000,85.220947,27.887639,12.0
2026-09-03_0000,84.957275,28.0235,-16.28
2026-09-03_0000,85.133057,27.82936,-13.06
2026-09-03_0000,85.6604,27.790491,16.35
2026-09-03_0000,85.792236,27.82936,15.04
2026-09-03_0000,85.264893,27.965294,24.08
2026-09-03_0000,85.616455,27.868216,-13.37
2026-09-03_0000,85.177002,28.004101,-42.68
2026-09-03_0000,85.177002,27.945886,-48.0
2026-09-03_0000,85.220947,28.062286,-20.83
2026-09-03_0000,85.023193,27.82936,-19.88
2026-09-03_0000,85.286865,28.120438,21.6
2026-09-03_0000,85.111084,28.004101,-41.13
2026-09-03_0000,85.045166,27.71271,-17.27
2026-09-03_0000,85.198975,27.84879,-14.52
2026-09-03_0000,85.550537,27.926474,-10.21
2026-09-03_0000,85.089111,27.887639,-13.33
2026-09-03_0000,85.638428,27.907058,17.87
2026-09-03_0000,85.067139,27.887639,-26.93
2026-09-03_0000,85.506592,27.868216,15.25
2026-09-03_0000,85.24292,27.926474,10.44
2026-09-03_0000,85.792236,27.73216,-14.34
2026-09-03_0000,85.155029,27.926474,-35.08
2026-09-03_0000,85.089111,27.868216,-20.07
2026-09-03_0000,85.770264,27.887639,-17.19
2026-09-03_0000,84.979248,27.907058,-17.61
2026-09-03_0000,84.91333,27.809927,-12.77
2026-09-03_0000,85.089111,27.84879,-30.16
2026-09-03_0000,85.616455,27.926474,17.39
2026-09-03_0000,84.935303,27.965294,-12.26
2026-09-03_0000,85.352783,27.82936,27.58
2026-09-03_0000,85.089111,27.809927,21.48
2026-09-03_0000,85.550537,27.868216,-11.35
2026-09-03_0000,85.155029,27.809927,26.79
2026-09-03_0000,85.286865,27.9847,71.91
2026-09-03_0000,85.286865,27.945886,12.09
2026-09-03_0000,85.198975,27.965294,-35.22
2026-09-03_0000,85.6604,27.771051,10.59
2026-09-03_0000,85.155029,27.868216,14.18
2026-09-03_0000,85.594482,27.84879,12.65
2026-09-03_0000,85.396729,27.868216,-11.7
2026-09-03_0000,85.177002,27.9847,-44.81
2026-09-03_0000,85.264893,27.945886,11.85
2026-09-03_0000,85.352783,27.945886,-15.47
2026-09-03_0000,85.089111,28.178559,21.95
2026-09-03_0000,85.045166,28.004101,22.8
2026-09-03_0000,84.935303,27.809927,-10.72
2026-09-03_0000,85.726318,27.73216,13.84
2026-09-03_0000,85.638428,27.9847,19.15
2026-09-03_0000,85.111084,27.84879,-11.55
2026-09-03_0000,85.155029,27.945886,-35.48
2026-09-03_0000,85.638428,27.926474,44.83
2026-09-03_0000,85.001221,28.0235,16.54
2026-09-03_0000,85.264893,27.926474,10.96
2026-09-03_0000,85.220947,27.82936,-18.45
2026-09-03_0000,85.133057,27.965294,-28.06
2026-09-03_0000,85.704346,27.71271,11.9
2026-09-03_0000,85.616455,27.809927,17.06
2026-09-03_0000,85.594482,27.868216,-12.24
2026-09-03_0000,85.045166,27.868216,-41.68
2026-09-03_0000,85.308838,28.178559,-17.39
2026-09-03_0000,84.935303,28.062286,-18.18
2026-09-03_0000,85.6604,27.907058,20.65
2026-09-03_0000,85.067139,27.809927,10.33
2026-09-03_0000,84.957275,27.84879,-25.57
2026-09-03_0000,84.979248,28.042894,10.65
2026-09-03_0000,85.023193,27.73216,-17.08
2026-09-03_0000,85.308838,27.84879,22.29
2026-09-03_0000,85.748291,27.751607,10.3
2026-09-03_0000,85.023193,27.868216,-24.1
2026-09-03_0000,85.24292,27.9847,10.18
2026-09-03_0000,85.001221,27.926474,-19.26
2026-09-03_0000,85.177002,27.907058,11.0
2026-09-03_0000,84.979248,27.84879,-10.03
2026-09-03_0000,85.286865,28.081673,84.52
2026-09-03_0000,85.6604,27.751607,17.94
2026-09-03_0000,85.528564,27.73216,-16.58
2026-09-03_0000,85.023193,28.0235,19.38
2026-09-03_0000,85.155029,27.887639,16.03
2026-09-03_0000,85.770264,27.771051,13.11
2026-09-03_0000,85.198975,27.809927,-14.71
2026-09-03_0000,85.616455,27.771051,10.03
2026-09-03_0000,85.133057,27.71271,-10.69
2026-09-03_0000,85.264893,27.9847,39.84
2026-09-03_0000,85.198975,28.042894,-49.96
2026-09-03_0000,85.286865,28.0235,33.06
2026-09-03_0000,85.067139,28.178559,26.92
2026-09-03_0000,85.286865,28.004101,134.82
2026-09-03_0000,85.6604,27.809927,-11.3
2026-09-03_0000,85.023193,27.84879,-17.79
2026-09-03_0000,84.91333,28.081673,27.68
2026-09-03_0000,85.57251,27.751607,10.53
2026-09-03_0000,85.330811,28.120438,-12.93
2026-09-03_0000,85.023193,27.926474,17.47
2026-09-03_0000,85.045166,27.84879,-30.22
2026-09-03_0000,85.308838,28.139815,-28.86
2026-09-03_0000,85.264893,27.887639,12.33
2026-09-03_0000,85.133057,28.0235,-55.32
2026-09-03_0000,85.638428,27.945886,22.69
2026-09-03_0000,85.089111,27.751607,-13.52
2026-09-03_0000,85.330811,28.159189,-85.05
2026-09-03_0000,85.045166,28.0235,15.24
2026-09-03_0000,85.286865,28.159189,-11.26
2026-09-03_0000,85.045166,28.159189,-16.48
2026-09-03_0000,85.286865,28.101058,43.15
2026-09-03_0000,85.594482,27.751607,19.48
2026-09-03_0000,85.133057,27.9847,-35.48
2026-09-03_0000,85.001221,28.081673,13.85
2026-09-03_0000,85.220947,27.809927,-16.22
2026-09-03_0000,85.133057,27.868216,17.11
2026-09-03_0000,85.396729,27.965294,15.41
2026-09-03_0000,85.726318,27.71271,16.81
2026-09-03_0000,85.704346,27.73216,13.56
2026-09-03_0000,85.440674,27.84879,27.87
2026-09-03_0000,85.308838,28.159189,-49.06
2026-09-03_0000,85.704346,27.809927,-14.26
2026-09-03_0000,85.6604,27.887639,36.31
2026-09-03_0000,85.045166,27.887639,-13.8
2026-09-03_0000,85.770264,27.71271,-19.29
2026-09-03_0000,85.177002,27.926474,-17.46
2026-09-03_0000,85.001221,27.9847,-18.53
2026-09-03_0000,85.748291,27.73216,19.25
2026-09-03_0000,84.979248,27.9847,-26.35
2026-09-03_0000,85.155029,27.965294,-41.09
2026-09-03_0000,85.550537,27.71271,-16.43
2026-09-03_0000,85.330811,27.945886,-12.7
2026-09-03_0000,85.594482,27.82936,11.97
2026-09-03_0000,85.089111,27.71271,-13.97
2026-09-03_0000,85.155029,28.0235,-59.62
2026-09-03_0000,85.616455,27.907058,21.65
2026-09-03_0000,85.198975,27.945886,-38.46
2026-09-03_0000,85.594482,27.790491,11.99
2026-09-03_0000,85.045166,27.926474,11.51
2026-09-03_0000,85.133057,27.945886,-22.5
2026-09-03_0000,85.155029,27.907058,24.98
2026-09-03_0000,84.957275,27.82936,-16.95
2026-09-03_0000,85.111084,27.809927,13.57
2026-09-03_0000,85.198975,27.82936,-29.06
2026-09-03_0000,84.979248,27.887639,-12.08
2026-09-03_0000,85.067139,27.82936,10.37
2026-09-03_0000,85.418701,27.84879,10.5
2026-09-03_0000,85.418701,27.809927,28.92
2026-09-03_0000,85.198975,28.0235,-20.65
2026-09-03_0000,85.836182,27.71271,10.08
2026-09-03_0000,84.957275,27.809927,-26.5
2026-09-03_0000,85.264893,28.0235,35.58
2026-09-03_0000,84.979248,27.926474,-23.17
2026-09-03_0000,85.023193,27.887639,-20.32
2026-09-03_0800,85.638428,27.71271,-14.1
2026-09-03_0800,85.286865,27.945886,13.69
2026-09-03_0800,85.792236,27.71271,-31.17
2026-09-03_0800,85.550537,27.71271,-22.23
2026-09-03_0800,85.704346,27.73216,-23.48
2026-09-03_0800,85.177002,27.71271,-10.26
2026-09-03_0800,85.550537,27.868216,-18.63
2026-09-03_0800,85.594482,27.82936,-23.17
2026-09-03_0800,85.682373,27.771051,-10.82
2026-09-03_0800,85.155029,27.73216,-11.06
2026-09-03_0800,85.814209,27.73216,-14.03
2026-09-03_0800,85.594482,27.84879,-21.82
2026-09-03_0800,85.177002,27.9847,-62.56
2026-09-03_0800,85.045166,27.907058,-14.85
2026-09-03_0800,85.726318,27.73216,-13.65
2026-09-03_0800,85.616455,27.887639,-24.56
2026-09-03_0800,85.198975,27.887639,17.41
2026-09-03_0800,85.089111,27.907058,-15.85
2026-09-03_0800,85.045166,28.004101,13.85
2026-09-03_0800,84.935303,27.809927,-15.48
2026-09-03_0800,85.177002,27.73216,-12.32
2026-09-03_0800,85.506592,27.71271,-10.85
2026-09-03_0800,85.594482,27.71271,-30.92
2026-09-03_0800,85.616455,27.790491,-16.78
2026-09-03_0800,85.089111,27.771051,-15.19
2026-09-03_0800,85.836182,27.751607,-13.04
2026-09-03_0800,85.594482,27.809927,-12.62
2026-09-03_0800,85.198975,28.0235,-21.96
2026-09-03_0800,85.836182,27.71271,-16.14
2026-09-03_0800,84.957275,27.809927,-19.87
2026-09-03_0800,84.979248,27.926474,-16.48
2026-09-03_0800,85.616455,27.73216,-31.46
2026-09-03_0800,85.682373,27.790491,-11.42
2026-09-03_0800,85.198975,27.945886,-45.82
2026-09-03_0800,85.045166,27.9847,-10.5
2026-09-03_0800,85.133057,27.945886,-34.97
2026-09-03_0800,85.418701,27.809927,30.65
2026-09-03_0800,85.155029,27.965294,-60.31
2026-09-03_0800,84.91333,28.062286,10.03
2026-09-03_0800,85.220947,27.945886,-11.63
2026-09-03_0800,85.155029,27.71271,-11.78
2026-09-03_0800,85.177002,27.926474,-21.3
2026-09-03_0800,85.067139,27.73216,-15.83
2026-09-03_0800,85.001221,27.9847,-10.42
2026-09-03_0800,85.528564,27.790491,-13.31
2026-09-03_0800,85.330811,27.887639,-17.11
2026-09-03_0800,84.979248,27.9847,-20.43
2026-09-03_0800,85.111084,27.945886,-20.29
2026-09-03_0800,85.045166,27.945886,-15.96
2026-09-03_0800,85.045166,27.790491,-15.36
2026-09-03_0800,85.089111,27.868216,-33.65
2026-09-03_0800,84.91333,27.790491,-10.83
2026-09-03_0800,85.528564,27.771051,-16.63
2026-09-03_0800,85.308838,27.84879,27.0
2026-09-03_0800,85.24292,27.84879,-14.87
2026-09-03_0800,85.770264,27.771051,15.67
2026-09-03_0800,85.836182,27.771051,-15.44
2026-09-03_0800,85.616455,27.771051,-10.52
2026-09-03_0800,85.001221,27.82936,-17.75
2026-09-03_0800,85.045166,27.82936,-17.87
2026-09-03_0800,85.594482,27.73216,-20.31
2026-09-03_0800,85.264893,27.9847,57.97
2026-09-03_0800,85.067139,27.9847,-23.95
2026-09-03_0800,85.155029,27.887639,14.95
2026-09-03_0800,85.198975,27.771051,-17.26
2026-09-03_0800,85.023193,27.809927,-11.8
2026-09-03_0800,85.133057,27.71271,-20.39
2026-09-03_0800,85.616455,27.809927,-26.39
2026-09-03_0800,85.594482,27.868216,-33.66
2026-09-03_0800,85.111084,27.965294,-12.73
2026-09-03_0800,85.484619,27.82936,-12.2
2026-09-03_0800,85.638428,27.73216,-36.01
2026-09-03_0800,84.935303,27.790491,-20.21
2026-09-03_0800,85.220947,27.84879,-15.96
2026-09-03_0800,85.155029,27.945886,-47.83
2026-09-03_0800,85.308838,28.120438,15.48
2026-09-03_0800,85.264893,27.926474,11.55
2026-09-03_0800,85.528564,27.907058,-19.54
2026-09-03_0800,85.045166,27.751607,-25.09
2026-09-03_0800,85.133057,27.965294,-50.03
2026-09-03_0800,85.155029,27.926474,-38.24
2026-09-03_0800,85.814209,27.751607,-22.38
2026-09-03_0800,85.550537,27.751607,-11.52
2026-09-03_0800,85.023193,27.790491,-14.05
2026-09-03_0800,85.352783,27.82936,79.1
2026-09-03_0800,85.550537,27.809927,-12.08
2026-09-03_0800,85.089111,27.887639,-29.98
2026-09-03_0800,85.638428,27.907058,-15.89
2026-09-03_0800,85.067139,27.887639,-26.0
2026-09-03_0800,85.792236,27.73216,-30.97
2026-09-03_0800,85.023193,27.9847,-10.72
2026-09-03_0800,85.089111,27.84879,-39.87
2026-09-03_0800,85.24292,27.9847,13.11
2026-09-03_0800,85.001221,27.926474,-19.47
2026-09-03_0800,85.177002,27.907058,12.14
2026-09-03_0800,85.220947,27.9847,-12.87
2026-09-03_0800,85.792236,27.751607,-11.52
2026-09-03_0800,85.57251,27.71271,-15.32
2026-09-03_0800,85.528564,27.73216,-19.51
2026-09-03_0800,85.704346,27.751607,-12.62
2026-09-03_0800,85.57251,27.887639,-26.47
2026-09-03_0800,85.111084,27.84879,-22.63
2026-09-03_0800,85.814209,27.771051,-19.73
2026-09-03_0800,84.91333,27.809927,-20.79
2026-09-03_0800,85.594482,27.887639,-16.4
2026-09-03_0800,84.957275,27.82936,-13.01
2026-09-03_0800,85.57251,27.84879,-10.45
2026-09-03_0800,85.792236,27.82936,11.57
2026-09-03_0800,85.177002,27.751607,-10.27
2026-09-03_0800,85.001221,27.84879,-15.81
2026-09-03_0800,85.177002,27.945886,-54.76
2026-09-03_0800,85.023193,27.82936,-27.32
2026-09-03_0800,85.286865,28.120438,23.2
2026-09-03_0800,85.506592,27.771051,-14.22
2026-09-03_0800,85.111084,28.004101,-35.51
2026-09-03_0800,85.133057,27.82936,-14.69
2026-09-03_0800,85.177002,28.004101,-48.75
2026-09-03_0800,85.396729,27.926474,-21.31
2026-09-03_0800,85.045166,27.771051,-27.66
2026-09-03_0800,85.682373,27.71271,-10.7
2026-09-03_0800,85.6604,27.926474,-27.53
2026-09-03_0800,85.089111,27.945886,-23.8
2026-09-03_0800,85.528564,27.71271,-23.07
2026-09-03_0800,85.111084,27.9847,-14.14
2026-09-03_0800,85.220947,27.907058,10.32
2026-09-03_0800,85.528564,27.926474,-13.65
2026-09-03_0800,85.133057,28.004101,-33.57
2026-09-03_0800,85.155029,28.004101,-51.19
2026-09-03_0800,85.57251,27.73216,-13.85
2026-09-03_0800,85.704346,27.771051,-13.2
2026-09-03_0800,85.616455,27.71271,-20.19
2026-09-03_0800,85.023193,27.771051,-25.26
2026-09-03_0800,85.177002,27.887639,17.98
2026-09-03_0800,85.177002,28.0235,-61.58
2026-09-03_0800,85.001221,27.887639,-17.79
2026-09-03_0800,84.957275,27.790491,-16.98
2026-09-03_0800,84.979248,27.809927,-12.7
2026-09-03_0800,85.177002,27.868216,12.96
2026-09-03_0800,84.91333,27.82936,-12.79
2026-09-03_0800,85.067139,27.790491,-11.4
2026-09-03_0800,85.111084,27.771051,-18.04
2026-09-03_0800,85.330811,27.868216,-24.17
2026-09-03_0800,85.220947,27.887639,13.36
2026-09-03_0800,85.286865,27.84879,19.51
2026-09-03_0800,85.220947,27.965294,-22.49
2026-09-03_0800,85.089111,27.926474,-13.07
2026-09-03_0800,85.155029,27.9847,-54.29
2026-09-03_0800,85.177002,27.965294,-78.05
2026-09-03_0800,84.91333,27.945886,-11.79
2026-09-03_0800,85.133057,27.926474,-19.83
2026-09-03_0800,85.133057,27.907058,20.03
2026-09-03_0800,85.286865,27.809927,25.38
2026-09-03_0800,85.264893,28.004101,43.49
2026-09-03_0800,85.638428,27.965294,22.27
2026-09-03_0800,85.198975,27.84879,-15.79
2026-09-03_0800,85.220947,27.790491,-10.44
2026-09-03_0800,85.682373,27.751607,-17.51
2026-09-03_0800,85.067139,27.771051,-18.67
2026-09-03_0800,85.023193,27.84879,-38.33
2026-09-03_0800,85.001221,27.868216,-33.1
2026-09-03_0800,85.133057,28.0235,-39.59
2026-09-03_0800,85.045166,27.84879,-25.36
2026-09-03_0800,85.308838,28.139815,-21.77
2026-09-03_0800,85.57251,27.868216,-27.13
2026-09-03_0800,85.111084,27.82936,-10.09
2026-09-03_0800,85.089111,27.965294,10.24
2026-09-03_0800,85.528564,27.751607,-14.47
2026-09-03_0800,85.836182,27.73216,-20.21
2026-09-03_0800,85.264893,27.887639,10.17
2026-09-03_0800,85.198975,27.82936,-15.3
2026-09-03_0800,85.506592,27.887639,21.19
2026-09-03_0800,85.770264,27.71271,-48.35
2026-09-03_0800,85.374756,27.926474,12.68
2026-09-03_0800,85.24292,28.004101,-15.63
2026-09-03_0800,85.089111,27.751607,-22.04
2026-09-03_0800,85.045166,27.73216,-17.37
2026-09-03_0800,85.023193,27.751607,-22.88
2026-09-03_0800,85.133057,27.9847,-38.18
2026-09-03_0800,85.067139,27.71271,-17.38
2026-09-03_0800,85.6604,27.71271,-15.83
2026-09-03_0800,85.286865,28.101058,32.45
2026-09-03_0800,85.638428,27.945886,10.73
2026-09-03_0800,85.308838,27.926474,-12.37
2026-09-03_0800,85.067139,27.751607,-14.25
2026-09-03_0800,85.308838,28.101058,52.58
2026-09-03_0800,85.550537,27.907058,-17.91
2026-09-03_0800,85.24292,27.945886,11.09
2026-09-03_0800,85.550537,27.84879,-23.47
2026-09-03_0800,85.133057,27.73216,-20.84
2026-09-03_0800,85.001221,27.771051,-11.05
2026-09-03_0800,85.111084,27.926474,-11.27
2026-09-03_0800,85.6604,27.9847,47.8
2026-09-03_0800,85.089111,27.73216,-14.22
2026-09-03_0800,85.616455,27.751607,-29.73
2026-09-03_0800,85.198975,27.907058,11.3
2026-09-03_0800,85.111084,27.73216,-16.25
2026-09-03_0800,85.726318,27.751607,-11.59
2026-09-03_0800,85.001221,27.945886,-19.91
2026-09-03_0800,85.111084,27.71271,-21.31
2026-09-03_0800,85.770264,27.907058,10.81
2026-09-03_0800,85.133057,27.751607,-12.05
2026-09-03_0800,85.111084,27.868216,-26.7
2026-09-03_0800,85.6604,27.73216,-33.2
2026-09-03_0800,85.133057,27.868216,12.09
2026-09-03_0800,85.198975,27.9847,-21.78
2026-09-03_0800,85.067139,27.84879,-13.1
2026-09-03_0800,85.264893,28.159189,-10.11
2026-09-03_0800,85.748291,27.71271,-13.61
2026-09-03_0800,85.550537,27.926474,-22.98
2026-09-03_0800,85.155029,27.907058,29.62
2026-09-03_1600,85.089111,27.809927,16.24
2026-09-03_1600,84.935303,27.907058,10.24
2026-09-03_1600,85.352783,27.82936,113.1
2026-09-03_1600,84.979248,27.907058,11.2
2026-09-03_1600,85.089111,27.887639,-10.57
2026-09-03_1600,85.308838,27.790491,10.77
2026-09-03_1600,85.067139,27.887639,-20.7
2026-09-03_1600,85.792236,27.73216,-20.17
2026-09-03_1600,85.155029,27.926474,-32.87
2026-09-03_1600,85.638428,27.809927,11.77
2026-09-03_1600,85.089111,27.868216,-19.68
2026-09-03_1600,85.023193,27.868216,-28.46
2026-09-03_1600,85.286865,28.081673,54.08
2026-09-03_1600,85.528564,27.73216,-15.77
2026-09-03_1600,85.286865,27.790491,15.29
2026-09-03_1600,85.023193,27.73216,-11.84
2026-09-03_1600,85.814209,27.771051,18.06
2026-09-03_1600,85.089111,27.84879,-33.72
2026-09-03_1600,85.264893,27.868216,11.48
2026-09-03_1600,85.594482,27.771051,19.39
2026-09-03_1600,85.286865,27.945886,20.41
2026-09-03_1600,85.198975,27.965294,-38.57
2026-09-03_1600,85.792236,27.71271,-10.07
2026-09-03_1600,85.330811,27.945886,-12.27
2026-09-03_1600,85.198975,27.887639,16.09
2026-09-03_1600,85.155029,27.868216,15.58
2026-09-03_1600,85.177002,27.9847,-46.1
2026-09-03_1600,85.220947,28.042894,-16.87
2026-09-03_1600,85.089111,28.178559,27.63
2026-09-03_1600,85.045166,28.004101,27.28
2026-09-03_1600,85.155029,27.82936,-19.85
2026-09-03_1600,85.616455,27.790491,12.38
2026-09-03_1600,85.308838,27.809927,14.2
2026-09-03_1600,85.177002,27.868216,11.5
2026-09-03_1600,85.177002,27.82936,-12.2
2026-09-03_1600,85.24292,27.907058,13.85
2026-09-03_1600,85.133057,27.887639,16.21
2026-09-03_1600,85.111084,27.771051,-12.06
2026-09-03_1600,85.792236,27.771051,18.09
2026-09-03_1600,85.748291,27.790491,10.44
2026-09-03_1600,85.286865,27.868216,14.36
2026-09-03_1600,85.067139,27.790491,10.57
2026-09-03_1600,85.396729,27.926474,-16.91
2026-09-03_1600,85.001221,27.887639,-10.24
2026-09-03_1600,85.220947,27.887639,13.65
2026-09-03_1600,85.352783,27.868216,-17.09
2026-09-03_1600,85.286865,27.84879,10.83
2026-09-03_1600,85.089111,27.926474,-13.5
2026-09-03_1600,85.155029,27.9847,-36.52
2026-09-03_1600,84.957275,27.868216,17.47
2026-09-03_1600,84.91333,27.945886,-13.08
2026-09-03_1600,85.133057,27.926474,-10.72
2026-09-03_1600,85.133057,27.907058,23.3
2026-09-03_1600,85.264893,28.004101,44.85
2026-09-03_1600,85.638428,27.965294,20.27
2026-09-03_1600,85.770264,27.790491,15.98
2026-09-03_1600,85.177002,27.965294,-68.0
2026-09-03_1600,85.045166,27.868216,-43.22
2026-09-03_1600,85.308838,28.178559,-30.82
2026-09-03_1600,85.308838,27.84879,17.32
2026-09-03_1600,85.770264,27.771051,19.7
2026-09-03_1600,85.198975,27.809927,-15.79
2026-09-03_1600,85.616455,27.771051,19.92
2026-09-03_1600,85.286865,28.004101,87.54
2026-09-03_1600,85.264893,27.9847,44.91
2026-09-03_1600,85.286865,28.0235,49.13
2026-09-03_1600,85.067139,28.178559,19.97
2026-09-03_1600,85.155029,27.887639,16.65
2026-09-03_1600,85.198975,27.790491,-18.93
2026-09-03_1600,85.814209,27.71271,-14.19
2026-09-03_1600,85.001221,27.907058,-16.13
2026-09-03_1600,84.935303,28.062286,11.94
2026-09-03_1600,85.111084,27.965294,-10.75
2026-09-03_1600,85.6604,27.907058,10.18
2026-09-03_1600,85.067139,27.809927,34.93
2026-09-03_1600,85.133057,27.965294,-26.27
2026-09-03_1600,85.528564,27.809927,-11.16
2026-09-03_1600,85.484619,27.809927,13.75
2026-09-03_1600,85.155029,27.945886,-30.94
2026-09-03_1600,85.638428,27.926474,20.74
2026-09-03_1600,84.935303,27.751607,-13.14
2026-09-03_1600,85.308838,28.120438,15.56
2026-09-03_1600,85.045166,27.751607,-12.1
2026-09-03_1600,85.220947,27.84879,-12.32
2026-09-03_1600,85.550537,27.926474,-22.79
2026-09-03_1600,85.308838,28.101058,52.82
2026-09-03_1600,85.177002,27.771051,-11.16
2026-09-03_1600,85.24292,27.887639,17.32
2026-09-03_1600,85.24292,27.945886,19.74
2026-09-03_1600,85.133057,27.73216,-15.08
2026-09-03_1600,85.001221,27.771051,-11.62
2026-09-03_1600,85.067139,27.868216,-39.72
2026-09-03_1600,85.264893,28.159189,-38.93
2026-09-03_1600,85.023193,27.907058,-16.96
2026-09-03_1600,85.374756,27.868216,-25.83
2026-09-03_1600,85.111084,27.868216,-13.18
2026-09-03_1600,85.726318,27.71271,10.4
2026-09-03_1600,85.220947,27.809927,-11.02
2026-09-03_1600,85.133057,27.868216,23.15
2026-09-03_1600,85.396729,27.965294,14.17
2026-09-03_1600,85.067139,27.84879,-14.95
2026-09-03_1600,84.979248,27.868216,15.07
2026-09-03_1600,84.91333,28.004101,-10.32
2026-09-03_1600,84.935303,27.82936,-10.29
2026-09-03_1600,85.330811,27.82936,10.86
2026-09-03_1600,85.264893,27.965294,20.51
2026-09-03_1600,85.616455,27.868216,-12.6
2026-09-03_1600,84.979248,28.062286,-15.88
2026-09-03_1600,85.045166,27.71271,-19.29
2026-09-03_1600,85.177002,28.004101,-33.66
2026-09-03_1600,85.177002,27.945886,-46.9
2026-09-03_1600,85.286865,28.120438,25.83
2026-09-03_1600,85.111084,28.004101,-25.4
2026-09-03_1600,85.133057,28.004101,-22.67
2026-09-03_1600,85.682373,27.71271,32.38
2026-09-03_1600,85.24292,27.965294,16.79
2026-09-03_1600,85.638428,27.771051,12.04
2026-09-03_1600,85.001221,28.062286,11.72
2026-09-03_1600,85.089111,27.945886,-16.4
2026-09-03_1600,85.528564,27.71271,-11.78
2026-09-03_1600,85.220947,27.907058,10.91
2026-09-03_1600,85.177002,27.790491,-22.21
2026-09-03_1600,85.177002,28.0235,-54.93
2026-09-03_1600,85.155029,28.004101,-37.75
2026-09-03_1600,85.528564,27.887639,10.06
2026-09-03_1600,85.023193,27.771051,-13.68
2026-09-03_1600,85.177002,27.887639,15.96
2026-09-03_1600,85.330811,27.84879,17.34
2026-09-03_1600,85.550537,27.945886,-17.03
2026-09-03_1600,84.957275,28.004101,-14.15
2026-09-03_1600,85.418701,27.809927,17.01
2026-09-03_1600,85.198975,28.0235,-13.85
2026-09-03_1600,85.836182,27.71271,15.19
2026-09-03_1600,84.957275,27.809927,-21.34
2026-09-03_1600,84.979248,27.926474,-17.3
2026-09-03_1600,85.198975,28.004101,17.25
2026-09-03_1600,85.198975,27.945886,-42.3
2026-09-03_1600,85.045166,27.9847,17.03
2026-09-03_1600,85.24292,28.0235,18.09
2026-09-03_1600,85.594482,27.790491,10.53
2026-09-03_1600,85.418701,27.84879,10.26
2026-09-03_1600,85.308838,27.945886,-18.18
2026-09-03_1600,85.155029,27.965294,-37.5
2026-09-03_1600,85.177002,27.926474,-17.72
2026-09-03_1600,85.001221,27.9847,-18.76
2026-09-03_1600,85.330811,27.887639,-10.64
2026-09-03_1600,85.748291,27.809927,15.31
2026-09-03_1600,85.352783,27.84879,17.33
2026-09-03_1600,84.979248,27.9847,-23.04
2026-09-03_1600,85.111084,27.945886,-13.26
2026-09-03_1600,85.155029,28.0235,-46.5
2026-09-03_1600,85.264893,28.0235,42.92
2026-09-03_1600,85.133057,27.945886,-21.58
2026-09-03_1600,85.023193,27.84879,-14.31
2026-09-03_1600,84.935303,27.945886,13.91
2026-09-03_1600,85.330811,28.120438,27.67
2026-09-03_1600,85.133057,28.0235,-31.49
2026-09-03_1600,85.616455,27.84879,-12.06
2026-09-03_1600,85.045166,27.84879,-25.98
2026-09-03_1600,85.308838,28.139815,-24.0
2026-09-03_1600,85.462646,27.809927,22.25
2026-09-03_1600,85.220947,28.0235,10.25
2026-09-03_1600,85.594482,27.751607,10.61
2026-09-03_1600,85.155029,27.907058,23.13
2026-09-03_1600,85.770264,27.71271,-24.39
2026-09-03_1600,85.089111,27.751607,-10.83
2026-09-03_1600,85.396729,27.907058,-16.36
2026-09-03_1600,84.935303,27.887639,10.95
2026-09-03_1600,85.57251,27.771051,14.34
2026-09-03_1600,85.023193,27.751607,-13.24
2026-09-03_1600,84.935303,27.771051,-10.99
2026-09-03_1600,85.133057,27.9847,-22.79
2026-09-03_1600,85.133057,27.790491,19.76
2026-09-03_1600,85.045166,28.159189,12.85
2026-09-03_1600,85.6604,27.71271,13.94
2026-09-03_1600,85.286865,28.101058,48.32
2026-09-03_1600,85.330811,28.159189,-82.01
2026-09-03_1600,85.133057,27.82936,-12.85
2026-09-04_0000,85.133057,27.887639,15.67
2026-09-04_0000,85.155029,27.926474,-23.28
2026-09-04_0000,84.91333,27.790491,-10.88
2026-09-04_0000,85.792236,27.73216,-17.47
2026-09-04_0000,85.726318,27.73216,10.62
2026-09-04_0000,85.418701,27.790491,11.86
2026-09-04_0000,85.155029,27.945886,-19.41
2026-09-04_0000,85.638428,27.926474,13.4
2026-09-04_0000,84.91333,28.0235,-12.51
2026-09-04_0000,85.045166,27.887639,-11.62
2026-09-04_0000,85.045166,27.751607,-10.9
2026-09-04_0000,85.155029,27.907058,24.58
2026-09-04_0000,84.957275,27.82936,-17.45
2026-09-04_0000,85.001221,28.0235,-11.91
2026-09-04_0000,85.308838,28.120438,15.95
2026-09-04_0000,85.001221,27.84879,12.55
2026-09-04_0000,85.308838,28.159189,-43.7
2026-09-04_0000,85.330811,28.101058,-33.06
2026-09-04_0000,85.177002,27.965294,-61.81
2026-09-04_0000,85.177002,28.042894,-44.45
2026-09-04_0000,85.111084,28.0235,-41.04
2026-09-04_0000,85.089111,27.9847,-11.79
2026-09-04_0000,84.979248,28.042894,-10.24
2026-09-04_0000,85.133057,27.965294,-15.06
2026-09-04_0000,85.286865,28.139815,-12.02
2026-09-04_0000,85.748291,27.751607,11.39
2026-09-04_0000,85.770264,27.71271,-31.43
2026-09-04_0000,84.957275,27.887639,24.1
2026-09-04_0000,85.638428,27.945886,14.61
2026-09-04_0000,85.330811,28.139815,-41.22
2026-09-04_0000,85.374756,27.926474,-25.58
2026-09-04_0000,85.792236,27.965294,10.74
2026-09-04_0000,85.24292,27.945886,16.47
2026-09-04_0000,85.001221,27.965294,-14.71
2026-09-04_0000,85.770264,27.868216,-25.98
2026-09-04_0000,85.616455,27.771051,10.9
2026-09-04_0000,84.91333,27.82936,-21.88
2026-09-04_0000,85.067139,27.887639,-18.43
2026-09-04_0000,85.089111,27.84879,-28.43
2026-09-04_0000,85.067139,27.868216,-32.69
2026-09-04_0000,85.001221,28.062286,12.49
2026-09-04_0000,85.330811,27.945886,-12.0
2026-09-04_0000,85.330811,28.159189,-79.35
2026-09-04_0000,85.045166,27.84879,-15.01
2026-09-04_0000,84.935303,27.809927,-13.42
2026-09-04_0000,85.177002,27.9847,-40.75
2026-09-04_0000,85.023193,27.771051,-13.73
2026-09-04_0000,85.286865,27.84879,12.02
2026-09-04_0000,85.440674,27.82936,-22.6
2026-09-04_0000,85.177002,27.84879,13.32
2026-09-04_0000,85.067139,27.751607,-12.73
2026-09-04_0000,85.045166,27.71271,-13.34
2026-09-04_0000,84.979248,28.062286,-12.71
2026-09-04_0000,85.177002,28.004101,-35.96
2026-09-04_0000,85.264893,27.965294,16.01
2026-09-04_0000,84.957275,27.790491,-12.29
2026-09-04_0000,85.001221,27.868216,16.97
2026-09-04_0000,85.045166,28.159189,-26.67
2026-09-04_0000,85.198975,27.82936,12.57
2026-09-04_0000,85.089111,27.71271,13.58
2026-09-04_0000,85.286865,28.159189,-13.09
2026-09-04_0000,85.374756,27.82936,27.31
2026-09-04_0000,85.594482,27.771051,10.38
2026-09-04_0000,85.111084,27.965294,-11.49
2026-09-04_0000,85.155029,27.887639,14.49
2026-09-04_0000,84.979248,27.84879,15.32
2026-09-04_0000,84.935303,27.887639,11.11
2026-09-04_0000,85.308838,27.84879,13.68
2026-09-04_0000,85.045166,27.965294,12.29
2026-09-04_0000,85.57251,27.751607,10.03
2026-09-04_0000,85.001221,27.751607,-16.43
2026-09-04_0000,85.198975,28.0235,-15.01
2026-09-04_0000,85.550537,27.945886,-34.48
2026-09-04_0000,85.396729,27.965294,22.4
2026-09-04_0000,85.133057,28.0235,-32.44
2026-09-04_0000,85.352783,27.868216,-19.64
2026-09-04_0000,85.352783,27.82936,20.2
2026-09-04_0000,85.506592,27.887639,11.23
2026-09-04_0000,85.24292,27.965294,21.03
2026-09-04_0000,85.396729,27.907058,-42.11
2026-09-04_0000,85.177002,27.926474,-11.41
2026-09-04_0000,85.155029,27.71271,-11.52
2026-09-04_0000,85.24292,27.907058,11.46
2026-09-04_0000,85.286865,27.965294,32.15
2026-09-04_0000,85.57251,27.73216,10.45
2026-09-04_0000,85.792236,27.926474,-11.21
2026-09-04_0000,85.155029,28.004101,-30.43
2026-09-04_0000,85.286865,27.945886,13.45
2026-09-04_0000,85.198975,27.965294,-30.12
2026-09-04_0000,85.089111,27.868216,-14.93
2026-09-04_0000,84.91333,27.809927,-20.87
2026-09-04_0000,85.792236,27.71271,-24.13
2026-09-04_0000,85.594482,27.751607,15.26
2026-09-04_0000,85.220947,27.907058,17.25
2026-09-04_0000,85.264893,28.159189,-13.69
2026-09-04_0000,85.286865,27.809927,21.51
2026-09-04_0000,85.001221,27.9847,-20.46
2026-09-04_0000,85.001221,27.945886,-15.88
2026-09-04_0000,85.748291,27.71271,-13.45
2026-09-04_0000,85.111084,28.004101,-17.74
2026-09-04_0000,84.935303,27.82936,-15.54
2026-09-04_0000,85.286865,28.101058,36.96
2026-09-04_0000,85.352783,27.887639,-18.47
2026-09-04_0000,85.264893,28.0235,26.49
2026-09-04_0000,84.91333,27.84879,-11.93
2026-09-04_0000,84.979248,27.868216,19.65
2026-09-04_0000,84.91333,28.062286,-10.36
2026-09-04_0000,84.957275,28.004101,-20.63
2026-09-04_0000,84.957275,27.926474,28.74
2026-09-04_0000,85.198975,27.907058,10.07
2026-09-04_0000,85.374756,27.907058,-16.77
2026-09-04_0000,85.506592,27.868216,17.67
2026-09-04_0000,85.023193,27.9847,12.17
2026-09-04_0000,85.594482,27.868216,-10.12
2026-09-04_0000,85.045166,27.868216,-37.15
2026-09-04_0000,85.155029,27.868216,15.21
2026-09-04_0000,85.089111,28.0235,-50.83
2026-09-04_0000,85.001221,27.809927,15.34
2026-09-04_0000,85.462646,27.809927,23.96
2026-09-04_0000,85.682373,27.71271,26.44
2026-09-04_0000,85.220947,27.887639,13.1
2026-09-04_0000,85.067139,27.907058,-10.66
2026-09-04_0000,85.111084,27.907058,10.18
2026-09-04_0000,85.594482,27.809927,11.05
2026-09-04_0000,85.418701,27.809927,24.09
2026-09-04_0000,85.177002,27.907058,12.97
2026-09-04_0000,85.198975,28.042894,-39.98
2026-09-04_0000,85.286865,28.081673,82.54
2026-09-04_0000,84.979248,28.081673,-16.12
2026-09-04_0000,85.704346,27.71271,22.99
2026-09-04_0000,85.770264,27.84879,-22.95
2026-09-04_0000,85.177002,27.71271,-13.63
2026-09-04_0000,85.001221,27.926474,-11.0
2026-09-04_0000,85.308838,27.887639,-14.69
2026-09-04_0000,85.067139,27.809927,34.18
2026-09-04_0000,85.286865,28.004101,84.57
2026-09-04_0000,85.089111,27.751607,-18.41
2026-09-04_0000,85.133057,27.868216,18.67
2026-09-04_0000,85.638428,27.965294,24.32
2026-09-04_0000,85.155029,27.9847,-35.71
2026-09-04_0000,85.24292,27.887639,13.47
2026-09-04_0000,85.308838,28.101058,47.64
2026-09-04_0000,85.374756,27.868216,-30.48
2026-09-04_0000,85.264893,28.004101,47.1
2026-09-04_0000,85.308838,28.178559,-13.48
2026-09-04_0000,84.979248,27.9847,-25.84
2026-09-04_0000,85.528564,27.926474,-13.6
2026-09-04_0000,85.155029,27.965294,-28.15
2026-09-04_0000,85.682373,27.809927,-12.93
2026-09-04_0000,85.418701,27.84879,-14.78
2026-09-04_0000,85.067139,28.178559,20.01
2026-09-04_0000,85.24292,27.9847,24.12
2026-09-04_0000,85.528564,27.907058,-14.27
2026-09-04_0000,85.177002,28.0235,-47.62
2026-09-04_0000,85.286865,27.9847,46.2
2026-09-04_0000,85.440674,27.9847,60.37
2026-09-04_0000,85.6604,27.965294,10.8
2026-09-04_0000,85.286865,28.0235,31.05
2026-09-04_0000,85.330811,27.82936,11.39
2026-09-04_0000,85.506592,27.84879,-11.41
2026-09-04_0000,85.396729,27.926474,-15.63
2026-09-04_0000,85.133057,27.907058,26.3
2026-09-04_0000,85.550537,27.926474,-29.37
2026-09-04_0000,84.957275,27.809927,-26.51
2026-09-04_0000,85.792236,27.790491,-10.17
2026-09-04_0000,85.308838,28.139815,-25.7
2026-09-04_0000,85.023193,27.84879,-21.87
2026-09-04_0000,84.91333,27.868216,13.89
2026-09-04_0000,85.814209,27.73216,-10.6
2026-09-04_0000,85.133057,27.9847,-17.34
2026-09-04_0000,85.198975,27.945886,-27.05
2026-09-04_0000,85.089111,28.178559,42.89
2026-09-04_0000,85.814209,27.71271,-21.83
2026-09-04_0000,84.957275,27.868216,15.56
2026-09-04_0000,85.220947,28.042894,-16.15
2026-09-04_0000,85.440674,27.771051,13.12
2026-09-04_0000,85.177002,27.945886,-37.8
2026-09-04_0000,85.133057,28.004101,-18.0
2026-09-04_0000,84.91333,28.004101,-11.46
2026-09-04_0000,85.528564,27.868216,15.04
2026-09-04_0000,85.198975,27.887639,10.28
2026-09-04_0000,85.264893,27.9847,41.73
2026-09-04_0000,85.814209,27.751607,-11.75
2026-09-04_0000,85.133057,27.82936,-17.2
2026-09-04_0000,85.067139,27.84879,-13.99
2026-09-04_0000,85.330811,27.84879,13.68
2026-09-04_0000,85.330811,27.887639,-13.0
2026-09-04_0000,85.177002,27.887639,17.22
2026-09-04_0000,85.57251,27.926474,-11.51
2026-09-04_0000,85.155029,28.0235,-37.54
2026-09-04_0000,85.133057,27.790491,22.53
2026-09-04_0000,85.57251,28.217289,-29.74
2026-09-04_0000,85.57251,27.790491,17.63
2026-09-04_0000,85.638428,27.809927,13.15
2026-09-04_0000,84.935303,27.926474,10.79
2026-09-04_0000,85.089111,27.809927,16.18
2026-09-04_0000,85.045166,27.73216,-13.47
2026-09-04_0800,85.177002,27.965294,-70.96
2026-09-04_0800,85.177002,28.042894,-30.34
2026-09-04_0800,85.330811,28.101058,-42.94
2026-09-04_0800,85.550537,27.809927,-11.0
2026-09-04_0800,85.220947,27.84879,-20.83
2026-09-04_0800,84.957275,27.82936,-17.3
2026-09-04_0800,85.155029,27.907058,29.49
2026-09-04_0800,85.045166,27.751607,-11.95
2026-09-04_0800,85.111084,27.868216,-26.56
2026-09-04_0800,85.616455,27.809927,-18.03
2026-09-04_0800,85.286865,27.82936,-14.37
2026-09-04_0800,85.177002,27.926474,-15.94
2026-09-04_0800,85.155029,27.71271,-15.08
2026-09-04_0800,85.24292,27.82936,-15.04
2026-09-04_0800,85.550537,27.887639,-19.29
2026-09-04_0800,85.023193,27.771051,-29.61
2026-09-04_0800,85.177002,27.9847,-56.65
2026-09-04_0800,85.155029,27.73216,-14.23
2026-09-04_0800,85.308838,28.120438,17.57
2026-09-04_0800,85.067139,27.790491,-19.13
2026-09-04_0800,85.133057,27.887639,11.66
2026-09-04_0800,85.638428,27.907058,-25.62
2026-09-04_0800,84.91333,27.82936,-11.86
2026-09-04_0800,85.264893,27.82936,-12.12
2026-09-04_0800,85.24292,27.868216,-11.32
2026-09-04_0800,85.067139,27.887639,-26.66
2026-09-04_0800,85.111084,27.82936,-14.93
2026-09-04_0800,85.264893,27.887639,-10.72
2026-09-04_0800,85.089111,27.771051,-12.17
2026-09-04_0800,85.001221,27.771051,-16.9
2026-09-04_0800,85.6604,27.9847,12.35
2026-09-04_0800,85.023193,27.751607,-18.65
2026-09-04_0800,85.089111,27.945886,-14.94
2026-09-04_0800,85.6604,27.926474,-10.03
2026-09-04_0800,85.726318,27.809927,10.58
2026-09-04_0800,85.220947,27.9847,-20.93
2026-09-04_0800,85.616455,27.771051,23.05
2026-09-04_0800,85.155029,27.926474,-23.34
2026-09-04_0800,85.792236,27.73216,-36.59
2026-09-04_0800,85.24292,27.926474,-10.17
2026-09-04_0800,85.133057,27.945886,-13.55
2026-09-04_0800,85.682373,27.751607,-14.32
2026-09-04_0800,85.616455,27.887639,-19.72
2026-09-04_0800,85.726318,27.73216,-15.37
2026-09-04_0800,85.045166,27.82936,-17.33
2026-09-04_0800,85.484619,27.751607,-10.82
2026-09-04_0800,84.935303,27.868216,-11.6
2026-09-04_0800,85.111084,28.0235,-42.84
2026-09-04_0800,85.155029,27.945886,-29.14
2026-09-04_0800,85.24292,27.965294,10.34
2026-09-04_0800,85.528564,27.771051,-14.24
2026-09-04_0800,85.352783,27.82936,91.52
2026-09-04_0800,85.001221,28.062286,10.78
2026-09-04_0800,85.198975,27.82936,-14.47
2026-09-04_0800,85.6604,27.71271,-17.26
2026-09-04_0800,85.067139,27.71271,-13.87
2026-09-04_0800,85.067139,27.771051,-16.49
2026-09-04_0800,85.286865,27.84879,10.63
2026-09-04_0800,85.440674,27.82936,-11.58
2026-09-04_0800,85.220947,27.868216,-19.17
2026-09-04_0800,85.067139,27.751607,-11.09
2026-09-04_0800,85.045166,27.965294,-20.2
2026-09-04_0800,85.330811,27.926474,-22.0
2026-09-04_0800,85.089111,27.887639,-24.1
2026-09-04_0800,85.198975,27.771051,-15.93
2026-09-04_0800,85.155029,27.887639,15.99
2026-09-04_0800,85.528564,27.73216,-14.35
2026-09-04_0800,85.528564,27.887639,-27.21
2026-09-04_0800,85.177002,28.004101,-52.11
2026-09-04_0800,84.957275,27.790491,-11.51
2026-09-04_0800,85.506592,27.790491,-15.43
2026-09-04_0800,85.089111,27.868216,-27.27
2026-09-04_0800,85.352783,27.868216,-15.97
2026-09-04_0800,85.550537,27.868216,-26.64
2026-09-04_0800,85.198975,28.0235,-25.87
2026-09-04_0800,85.001221,27.790491,-10.46
2026-09-04_0800,85.133057,28.0235,-35.91
2026-09-04_0800,85.726318,27.71271,-14.11
2026-09-04_0800,85.220947,27.809927,-10.75
2026-09-04_0800,85.792236,27.71271,-49.74
2026-09-04_0800,85.770264,27.73216,-28.7
2026-09-04_0800,85.682373,27.926474,12.71
2026-09-04_0800,85.001221,27.868216,13.02
2026-09-04_0800,85.704346,27.73216,-13.55
2026-09-04_0800,85.023193,27.82936,-16.03
2026-09-04_0800,85.286865,27.945886,37.87
2026-09-04_0800,85.198975,27.965294,-49.52
2026-09-04_0800,85.155029,27.771051,-17.34
2026-09-04_0800,85.748291,27.809927,19.6
2026-09-04_0800,84.91333,27.809927,-17.75
2026-09-04_0800,85.286865,27.887639,-18.06
2026-09-04_0800,85.6604,27.73216,-21.03
2026-09-04_0800,85.528564,27.809927,-22.04
2026-09-04_0800,85.155029,28.004101,-43.63
2026-09-04_0800,85.814209,27.73216,-19.29
2026-09-04_0800,85.682373,27.71271,-21.04
2026-09-04_0800,85.462646,27.809927,16.69
2026-09-04_0800,85.045166,27.809927,-20.9
2026-09-04_0800,85.177002,27.907058,15.14
2026-09-04_0800,85.133057,27.73216,-22.79
2026-09-04_0800,85.264893,27.809927,-13.83
2026-09-04_0800,85.308838,28.101058,27.09
2026-09-04_0800,85.023193,27.790491,-17.73
2026-09-04_0800,85.155029,27.9847,-43.89
2026-09-04_0800,85.264893,28.004101,28.47
2026-09-04_0800,85.638428,27.965294,18.05
2026-09-04_0800,85.550537,27.751607,-13.2
2026-09-04_0800,85.418701,27.809927,39.03
2026-09-04_0800,85.045166,27.790491,-23.25
2026-09-04_0800,85.330811,27.887639,-13.42
2026-09-04_0800,85.198975,28.004101,-18.82
2026-09-04_0800,85.198975,27.945886,-43.96
2026-09-04_0800,85.045166,28.004101,13.79
2026-09-04_0800,85.177002,27.71271,-14.34
2026-09-04_0800,85.352783,27.907058,-29.42
2026-09-04_0800,85.704346,27.71271,-13.75
2026-09-04_0800,85.550537,27.71271,-21.61
2026-09-04_0800,85.484619,27.771051,-12.16
2026-09-04_0800,85.220947,27.82936,-15.23
2026-09-04_0800,85.550537,27.84879,-18.88
2026-09-04_0800,85.089111,27.751607,-17.9
2026-09-04_0800,85.220947,28.004101,-10.62
2026-09-04_0800,85.528564,27.790491,-13.45
2026-09-04_0800,85.001221,27.9847,-16.19
2026-09-04_0800,85.286865,27.809927,36.88
2026-09-04_0800,85.550537,27.790491,-13.99
2026-09-04_0800,85.330811,27.907058,-11.96
2026-09-04_0800,85.594482,27.868216,-22.69
2026-09-04_0800,85.396729,27.945886,-17.74
2026-09-04_0800,85.6604,27.887639,-17.83
2026-09-04_0800,85.133057,27.771051,-14.17
2026-09-04_0800,85.045166,27.868216,-33.75
2026-09-04_0800,85.001221,27.945886,-17.36
2026-09-04_0800,85.748291,27.71271,-48.21
2026-09-04_0800,85.506592,27.73216,-10.35
2026-09-04_0800,85.133057,27.751607,-12.46
2026-09-04_0800,85.748291,27.73216,-35.08
2026-09-04_0800,85.067139,27.809927,-14.37
2026-09-04_0800,85.220947,27.771051,-10.27
2026-09-04_0800,85.198975,27.926474,-19.54
2026-09-04_0800,85.155029,27.751607,-15.63
2026-09-04_0800,85.286865,28.101058,15.26
2026-09-04_0800,85.133057,27.71271,-23.51
2026-09-04_0800,84.935303,27.82936,-12.05
2026-09-04_0800,85.111084,28.004101,-15.31
2026-09-04_0800,85.045166,27.84879,-22.49
2026-09-04_0800,85.836182,27.73216,-14.67
2026-09-04_0800,85.528564,27.751607,-11.33
2026-09-04_0800,85.023193,27.84879,-23.2
2026-09-04_0800,85.308838,28.139815,-33.56
2026-09-04_0800,85.133057,27.84879,-12.53
2026-09-04_0800,84.957275,27.809927,-23.67
2026-09-04_0800,85.133057,27.9847,-29.0
2026-09-04_0800,85.133057,27.907058,30.22
2026-09-04_0800,85.24292,28.004101,-21.43
2026-09-04_0800,85.396729,27.926474,-28.59
2026-09-04_0800,85.198975,27.9847,-33.22
2026-09-04_0800,85.550537,27.926474,-29.26
2026-09-04_0800,84.935303,27.809927,-12.4
2026-09-04_0800,85.089111,27.84879,-41.67
2026-09-04_0800,85.638428,27.73216,-11.64
2026-09-04_0800,85.133057,27.965294,-30.72
2026-09-04_0800,85.770264,27.71271,-64.43
2026-09-04_0800,85.484619,27.790491,-18.78
2026-09-04_0800,85.308838,27.82936,-10.28
2026-09-04_0800,85.089111,27.790491,-16.59
2026-09-04_0800,85.067139,27.965294,-10.5
2026-09-04_0800,85.528564,27.71271,-18.03
2026-09-04_0800,85.111084,27.9847,-20.47
2026-09-04_0800,85.374756,27.926474,-36.75
2026-09-04_0800,85.001221,27.965294,-11.53
2026-09-04_0800,85.352783,27.926474,-26.79
2026-09-04_0800,85.616455,27.790491,-12.12
2026-09-04_0800,85.177002,27.887639,20.28
2026-09-04_0800,85.111084,27.945886,-12.09
2026-09-04_0800,85.155029,28.0235,-50.7
2026-09-04_0800,85.023193,27.73216,-15.84
2026-09-04_0800,85.111084,27.84879,-21.98
2026-09-04_0800,85.814209,27.771051,-13.49
2026-09-04_0800,85.57251,27.887639,-25.98
2026-09-04_0800,85.177002,27.771051,-10.86
2026-09-04_0800,85.045166,27.73216,-15.85
2026-09-04_0800,85.220947,27.790491,-11.46
2026-09-04_0800,84.935303,27.926474,-10.81
2026-09-04_0800,85.57251,28.217289,-29.18
2026-09-04_0800,85.045166,27.907058,-23.6
2026-09-04_0800,85.264893,27.945886,13.08
2026-09-04_0800,84.979248,27.9847,-17.8
2026-09-04_0800,85.24292,27.84879,-14.05
2026-09-04_0800,85.023193,27.868216,-18.45
2026-09-04_0800,85.023193,27.907058,-17.92
2026-09-04_0800,85.506592,27.771051,-15.11
2026-09-04_0800,85.286865,28.120438,12.08
2026-09-04_0800,85.155029,27.965294,-40.24
2026-09-04_0800,85.24292,27.9847,17.77
2026-09-04_0800,85.177002,28.0235,-59.4
2026-09-04_0800,85.045166,27.771051,-27.16
2026-09-04_0800,85.177002,27.945886,-46.4
2026-09-04_0800,85.308838,27.945886,-10.82
2026-09-04_0800,85.528564,27.868216,-15.39
2026-09-04_0800,85.133057,28.004101,-21.98
2026-09-04_0800,85.067139,27.9847,-17.45
2026-09-04_0800,85.264893,27.9847,32.76
2026-09-04_0800,85.308838,28.178559,-13.47
2026-09-04_0800,84.91333,28.062286,-20.2
2026-09-04_0800,85.220947,27.965294,-13.8
2026-09-04_0800,85.089111,27.82936,-10.69
2026-09-04_0800,85.330811,27.868216,-15.43
2026-09-04_0800,85.133057,27.82936,-21.01
2026-09-04_0800,85.638428,27.71271,-11.7
2026-09-04_0800,85.814209,27.751607,-15.5
2026-09-04_1600,84.957275,27.790491,-11.61
2026-09-04_1600,85.682373,27.926474,15.55
2026-09-04_1600,85.264893,27.965294,38.16
2026-09-04_1600,85.6604,27.751607,-12.83
2026-09-04_1600,85.704346,27.73216,18.13
2026-09-04_1600,85.6604,27.809927,11.96
2026-09-04_1600,85.792236,27.809927,13.87
2026-09-04_1600,84.979248,27.926474,-27.12
2026-09-04_1600,85.177002,28.004101,-32.09
2026-09-04_1600,85.045166,27.71271,-16.06
2026-09-04_1600,85.792236,27.945886,-19.79
2026-09-04_1600,85.528564,27.887639,-10.96
2026-09-04_1600,85.023193,27.82936,-14.45
2026-09-04_1600,85.440674,27.82936,-24.56
2026-09-04_1600,85.286865,27.84879,21.89
2026-09-04_1600,85.067139,27.73216,-11.08
2026-09-04_1600,85.352783,27.868216,-17.45
2026-09-04_1600,85.286865,27.965294,49.27
2026-09-04_1600,85.089111,27.868216,-26.61
2026-09-04_1600,85.506592,27.790491,-17.33
2026-09-04_1600,85.792236,27.71271,-41.26
2026-09-04_1600,85.6604,27.73216,-15.6
2026-09-04_1600,84.91333,27.809927,-10.76
2026-09-04_1600,85.748291,27.809927,29.27
2026-09-04_1600,85.198975,27.965294,-19.37
2026-09-04_1600,85.286865,27.945886,31.79
2026-09-04_1600,85.155029,28.004101,-27.56
2026-09-04_1600,85.770264,27.73216,-21.41
2026-09-04_1600,85.814209,27.71271,-14.88
2026-09-04_1600,84.957275,27.868216,11.38
2026-09-04_1600,85.177002,27.945886,-36.61
2026-09-04_1600,85.133057,27.926474,12.26
2026-09-04_1600,85.198975,27.887639,13.95
2026-09-04_1600,85.264893,27.9847,45.84
2026-09-04_1600,85.067139,27.9847,-11.7
2026-09-04_1600,85.330811,27.868216,-25.56
2026-09-04_1600,85.067139,27.84879,-16.25
2026-09-04_1600,85.001221,28.042894,16.38
2026-09-04_1600,84.91333,28.062286,-16.11
2026-09-04_1600,85.089111,27.887639,-11.12
2026-09-04_1600,85.023193,27.926474,-12.08
2026-09-04_1600,85.023193,27.945886,-20.38
2026-09-04_1600,85.067139,27.71271,-19.69
2026-09-04_1600,85.045166,28.159189,-16.11
2026-09-04_1600,85.264893,27.84879,15.7
2026-09-04_1600,85.045166,27.965294,-13.87
2026-09-04_1600,85.6604,27.907058,10.58
2026-09-04_1600,85.484619,27.82936,16.57
2026-09-04_1600,85.155029,27.887639,21.79
2026-09-04_1600,85.133057,28.0235,-14.69
2026-09-04_1600,85.616455,27.771051,27.16
2026-09-04_1600,85.111084,28.0235,-39.54
2026-09-04_1600,85.264893,27.868216,13.19
2026-09-04_1600,85.045166,27.82936,-15.54
2026-09-04_1600,85.638428,27.926474,21.59
2026-09-04_1600,85.198975,27.868216,10.64
2026-09-04_1600,85.155029,27.945886,-20.45
2026-09-04_1600,85.726318,27.73216,10.1
2026-09-04_1600,85.792236,27.73216,-18.7
2026-09-04_1600,85.155029,27.926474,-22.91
2026-09-04_1600,85.528564,27.82936,-10.91
2026-09-04_1600,85.726318,27.809927,10.53
2026-09-04_1600,85.330811,28.139815,-44.22
2026-09-04_1600,85.089111,27.84879,-28.29
2026-09-04_1600,85.045166,27.84879,-25.53
2026-09-04_1600,85.089111,27.945886,-15.68
2026-09-04_1600,85.067139,27.868216,-44.46
2026-09-04_1600,85.067139,27.887639,-18.96
2026-09-04_1600,85.133057,27.887639,20.39
2026-09-04_1600,85.770264,27.771051,16.03
2026-09-04_1600,85.001221,28.0235,13.82
2026-09-04_1600,85.155029,27.73216,-10.16
2026-09-04_1600,85.177002,27.9847,-39.66
2026-09-04_1600,85.550537,27.887639,-11.1
2026-09-04_1600,85.155029,27.71271,-17.14
2026-09-04_1600,85.177002,27.926474,-11.68
2026-09-04_1600,85.308838,28.120438,24.78
2026-09-04_1600,85.396729,27.907058,-28.77
2026-09-04_1600,85.506592,27.887639,-17.58
2026-09-04_1600,85.352783,27.82936,11.52
2026-09-04_1600,85.24292,27.965294,32.16
2026-09-04_1600,85.198975,28.0235,-11.83
2026-09-04_1600,85.770264,27.751607,-10.27
2026-09-04_1600,85.155029,27.907058,32.26
2026-09-04_1600,85.506592,27.809927,-24.36
2026-09-04_1600,84.935303,27.790491,-10.61
2026-09-04_1600,85.177002,27.965294,-56.18
2026-09-04_1600,85.616455,27.84879,13.66
2026-09-04_1600,85.330811,28.101058,-34.88
2026-09-04_1600,85.308838,28.159189,-22.68
2026-09-04_1600,85.770264,27.790491,10.42
2026-09-04_1600,85.177002,28.0235,-31.27
2026-09-04_1600,84.935303,27.751607,-16.85
2026-09-04_1600,85.24292,27.9847,23.49
2026-09-04_1600,85.067139,28.178559,23.54
2026-09-04_1600,85.286865,28.0235,20.17
2026-09-04_1600,85.155029,27.965294,-27.42
2026-09-04_1600,85.286865,28.120438,24.51
2026-09-04_1600,85.506592,27.771051,-22.29
2026-09-04_1600,85.023193,27.868216,-29.6
2026-09-04_1600,85.57251,27.907058,14.05
2026-09-04_1600,85.177002,27.887639,22.91
2026-09-04_1600,85.638428,27.771051,14.06
2026-09-04_1600,85.638428,27.809927,10.9
2026-09-04_1600,85.067139,27.945886,-12.71
2026-09-04_1600,85.089111,27.809927,19.04
2026-09-04_1600,85.045166,27.73216,-10.28
2026-09-04_1600,85.57251,27.790491,11.37
2026-09-04_1600,85.57251,28.217289,-36.28
2026-09-04_1600,85.133057,27.790491,18.6
2026-09-04_1600,85.111084,27.84879,-13.04
2026-09-04_1600,85.155029,28.0235,-27.36
2026-09-04_1600,85.264893,27.945886,16.6
2026-09-04_1600,85.089111,27.790491,-10.37
2026-09-04_1600,84.935303,27.809927,-13.99
2026-09-04_1600,85.177002,27.868216,17.89
2026-09-04_1600,85.001221,27.965294,-21.4
2026-09-04_1600,85.24292,27.945886,12.65
2026-09-04_1600,85.111084,27.9847,-10.78
2026-09-04_1600,85.067139,27.907058,-14.47
2026-09-04_1600,85.528564,27.71271,-15.0
2026-09-04_1600,85.638428,27.945886,19.42
2026-09-04_1600,85.177002,27.82936,-13.57
2026-09-04_1600,85.484619,27.790491,-16.54
2026-09-04_1600,85.770264,27.71271,-55.3
2026-09-04_1600,85.286865,28.139815,14.94
2026-09-04_1600,85.133057,27.965294,-19.57
2026-09-04_1600,85.067139,27.965294,-12.78
2026-09-04_1600,85.792236,27.82936,18.22
2026-09-04_1600,85.396729,27.926474,-20.55
2026-09-04_1600,85.133057,27.907058,33.76
2026-09-04_1600,85.550537,27.926474,-15.23
2026-09-04_1600,85.133057,27.9847,-12.31
2026-09-04_1600,84.957275,27.809927,-20.17
2026-09-04_1600,85.023193,27.84879,-18.06
2026-09-04_1600,85.24292,28.0235,10.68
2026-09-04_1600,85.748291,27.71271,-36.87
2026-09-04_1600,85.264893,28.101058,19.46
2026-09-04_1600,84.935303,27.82936,-11.76
2026-09-04_1600,85.133057,27.71271,-13.49
2026-09-04_1600,85.286865,28.101058,35.96
2026-09-04_1600,85.792236,27.771051,15.15
2026-09-04_1600,85.264893,28.0235,15.32
2026-09-04_1600,85.198975,27.926474,-10.6
2026-09-04_1600,85.374756,27.907058,-14.63
2026-09-04_1600,85.001221,27.809927,12.47
2026-09-04_1600,85.067139,27.809927,12.77
2026-09-04_1600,85.001221,27.945886,-32.93
2026-09-04_1600,85.352783,27.945886,-12.44
2026-09-04_1600,85.770264,27.82936,20.45
2026-09-04_1600,85.396729,27.945886,-16.94
2026-09-04_1600,85.045166,27.868216,-40.14
2026-09-04_1600,85.155029,27.868216,16.75
2026-09-04_1600,85.089111,28.0235,-31.18
2026-09-04_1600,85.6604,27.790491,21.34
2026-09-04_1600,85.264893,28.120438,10.09
2026-09-04_1600,85.550537,27.790491,14.22
2026-09-04_1600,85.286865,27.809927,31.11
2026-09-04_1600,85.6604,27.771051,10.27
2026-09-04_1600,85.198975,28.042894,-23.53
2026-09-04_1600,85.286865,28.081673,78.48
2026-09-04_1600,85.177002,27.71271,-11.45
2026-09-04_1600,85.045166,28.004101,14.92
2026-09-04_1600,85.089111,28.178559,15.08
2026-09-04_1600,85.198975,27.945886,-21.58
2026-09-04_1600,85.089111,27.751607,-21.99
2026-09-04_1600,85.133057,27.868216,15.16
2026-09-04_1600,85.638428,27.965294,27.14
2026-09-04_1600,85.264893,28.004101,49.31
2026-09-04_1600,85.155029,27.9847,-25.57
2026-09-04_1600,85.24292,27.887639,10.72
2026-09-04_1600,85.111084,27.907058,15.82
2026-09-04_1600,85.374756,27.868216,-17.8
2026-09-04_1600,85.133057,27.73216,-14.72
2026-09-04_1600,85.770264,27.809927,10.01
2026-09-04_1600,85.001221,27.926474,-27.43
2026-09-04_1600,85.177002,27.907058,15.78
2026-09-04_1600,85.045166,27.809927,-13.78
2026-09-04_1600,85.462646,27.809927,25.18
2026-09-04_1600,85.308838,28.101058,36.42
2026-09-05_0000,85.264893,27.926474,13.88
2026-09-05_0000,85.308838,28.120438,23.68
2026-09-05_0000,85.792236,27.82936,-13.97
2026-09-05_0000,85.682373,27.926474,22.21
2026-09-05_0000,85.308838,28.139815,-17.14
2026-09-05_0000,85.264893,27.868216,11.13
2026-09-05_0000,85.374756,27.868216,-14.41
2026-09-05_0000,85.24292,27.82936,-17.06
2026-09-05_0000,85.023193,27.84879,-17.03
2026-09-05_0000,85.133057,27.790491,21.58
2026-09-05_0000,85.24292,27.887639,15.15
2026-09-05_0000,85.133057,27.9847,-18.28
2026-09-05_0000,85.286865,28.217289,-11.43
2026-09-05_0000,85.792236,27.945886,-27.26
2026-09-05_0000,85.286865,28.120438,18.96
2026-09-05_0000,85.6604,27.887639,-19.32
2026-09-05_0000,85.330811,28.101058,-41.37
2026-09-05_0000,85.133057,28.0235,-35.23
2026-09-05_0000,84.979248,28.081673,-12.84
2026-09-05_0000,85.177002,27.868216,17.42
2026-09-05_0000,85.506592,27.771051,-16.02
2026-09-05_0000,85.067139,27.868216,-30.89
2026-09-05_0000,85.440674,27.82936,-41.17
2026-09-05_0000,85.330811,28.159189,-74.68
2026-09-05_0000,85.133057,28.004101,-19.02
2026-09-05_0000,85.594482,27.82936,12.08
2026-09-05_0000,85.286865,28.004101,120.59
2026-09-05_0000,85.264893,27.809927,-21.33
2026-09-05_0000,85.374756,27.926474,-11.96
2026-09-05_0000,85.133057,27.945886,-14.73
2026-09-05_0000,85.308838,28.178559,-26.59
2026-09-05_0000,84.957275,27.809927,-21.56
2026-09-05_0000,85.550537,27.809927,10.37
2026-09-05_0000,85.57251,28.217289,-18.38
2026-09-05_0000,85.24292,27.809927,-15.27
2026-09-05_0000,85.023193,27.73216,-17.89
2026-09-05_0000,85.616455,27.82936,19.13
2026-09-05_0000,85.111084,27.907058,10.8
2026-09-05_0000,85.089111,27.809927,23.23
2026-09-05_0000,85.24292,27.907058,18.63
2026-09-05_0000,85.264893,28.081673,24.48
2026-09-05_0000,85.550537,27.926474,-20.56
2026-09-05_0000,85.352783,27.84879,-13.04
2026-09-05_0000,84.957275,28.004101,-16.18
2026-09-05_0000,85.001221,28.0235,22.33
2026-09-05_0000,85.286865,27.84879,23.78
2026-09-05_0000,85.264893,28.120438,12.33
2026-09-05_0000,85.748291,27.71271,-22.85
2026-09-05_0000,85.308838,27.965294,12.32
2026-09-05_0000,85.155029,27.82936,11.37
2026-09-05_0000,85.045166,27.887639,-14.53
2026-09-05_0000,84.935303,27.965294,-15.58
2026-09-05_0000,85.594482,27.887639,12.97
2026-09-05_0000,85.089111,27.84879,-28.48
2026-09-05_0000,85.155029,27.926474,-20.27
2026-09-05_0000,85.638428,27.926474,14.36
2026-09-05_0000,85.616455,27.907058,13.38
2026-09-05_0000,85.155029,27.945886,-22.98
2026-09-05_0000,85.286865,28.081673,46.67
2026-09-05_0000,85.198975,27.907058,13.28
2026-09-05_0000,85.111084,28.0235,-60.48
2026-09-05_0000,85.396729,27.926474,-18.41
2026-09-05_0000,84.91333,27.907058,10.14
2026-09-05_0000,85.330811,27.945886,-11.75
2026-09-05_0000,85.352783,27.887639,-26.28
2026-09-05_0000,85.330811,27.868216,-10.7
2026-09-05_0000,85.045166,27.84879,-18.27
2026-09-05_0000,85.286865,28.0235,14.54
2026-09-05_0000,85.177002,28.0235,-37.53
2026-09-05_0000,85.177002,27.790491,-10.84
2026-09-05_0000,85.396729,27.945886,-28.68
2026-09-05_0000,85.264893,27.9847,85.58
2026-09-05_0000,85.264893,27.945886,11.0
2026-09-05_0000,85.330811,27.926474,-13.56
2026-09-05_0000,85.220947,27.907058,12.53
2026-09-05_0000,85.638428,27.9847,20.34
2026-09-05_0000,85.177002,27.887639,21.52
2026-09-05_0000,85.177002,28.004101,-30.16
2026-09-05_0000,85.045166,27.71271,-10.53
2026-09-05_0000,85.045166,27.907058,-12.69
2026-09-05_0000,85.264893,27.965294,35.47
2026-09-05_0000,85.133057,27.868216,23.58
2026-09-05_0000,84.979248,27.9847,-25.07
2026-09-05_0000,85.067139,28.178559,21.78
2026-09-05_0000,85.396729,27.907058,-14.4
2026-09-05_0000,85.814209,27.751607,-10.11
2026-09-05_0000,85.220947,27.84879,-11.68
2026-09-05_0000,85.594482,27.771051,16.86
2026-09-05_0000,85.111084,28.004101,-23.36
2026-09-05_0000,85.220947,28.004101,11.18
2026-09-05_0000,85.286865,27.945886,23.4
2026-09-05_0000,85.198975,27.965294,-20.74
2026-09-05_0000,85.089111,27.868216,-15.87
2026-09-05_0000,85.286865,27.965294,41.9
2026-09-05_0000,85.067139,27.887639,-24.29
2026-09-05_0000,85.264893,27.82936,-11.22
2026-09-05_0000,84.979248,27.907058,-10.44
2026-09-05_0000,85.506592,27.926474,16.49
2026-09-05_0000,85.220947,27.82936,-21.25
2026-09-05_0000,85.770264,27.73216,-20.86
2026-09-05_0000,85.198975,28.0235,-15.78
2026-09-05_0000,84.935303,27.809927,-11.58
2026-09-05_0000,85.220947,27.809927,-21.19
2026-09-05_0000,85.220947,27.887639,10.03
2026-09-05_0000,85.594482,27.73216,11.41
2026-09-05_0000,85.198975,28.042894,-39.09
2026-09-05_0000,85.001221,27.82936,14.75
2026-09-05_0000,85.023193,28.042894,19.16
2026-09-05_0000,85.352783,27.945886,-10.44
2026-09-05_0000,85.198975,27.790491,-11.41
2026-09-05_0000,85.155029,27.887639,18.69
2026-09-05_0000,85.6604,27.9847,16.94
2026-09-05_0000,85.792236,27.809927,12.68
2026-09-05_0000,85.155029,27.809927,10.24
2026-09-05_0000,85.067139,27.809927,17.04
2026-09-05_0000,85.792236,27.965294,12.48
2026-09-05_0000,85.374756,27.907058,-14.12
2026-09-05_0000,85.418701,27.926474,-21.68
2026-09-05_0000,85.177002,27.945886,-31.13
2026-09-05_0000,85.594482,27.84879,17.73
2026-09-05_0000,85.045166,27.9847,-12.58
2026-09-05_0000,85.177002,27.71271,-10.79
2026-09-05_0000,85.089111,27.945886,-10.39
2026-09-05_0000,85.286865,27.868216,18.85
2026-09-05_0000,85.155029,27.868216,18.27
2026-09-05_0000,85.045166,28.159189,-11.8
2026-09-05_0000,85.023193,27.945886,-13.7
2026-09-05_0000,85.067139,27.907058,-27.24
2026-09-05_0000,85.264893,27.887639,14.77
2026-09-05_0000,85.352783,27.926474,-16.72
2026-09-05_0000,85.089111,27.751607,-12.02
2026-09-05_0000,84.979248,27.84879,21.15
2026-09-05_0000,85.550537,27.945886,-12.52
2026-09-05_0000,85.198975,28.004101,11.08
2026-09-05_0000,85.198975,27.945886,-17.9
2026-09-05_0000,85.308838,28.101058,41.25
2026-09-05_0000,85.638428,27.965294,24.53
2026-09-05_0000,85.133057,27.887639,16.7
2026-09-05_0000,84.979248,27.926474,-16.77
2026-09-05_0000,85.748291,27.809927,22.76
2026-09-05_0000,85.067139,27.84879,-15.32
2026-09-05_0000,84.957275,28.081673,-11.54
2026-09-05_0000,85.682373,27.809927,-12.51
2026-09-05_0000,85.155029,27.965294,-24.33
2026-09-05_0000,85.484619,27.809927,-12.11
2026-09-05_0000,85.638428,27.945886,12.22
2026-09-05_0000,85.198975,27.887639,10.79
2026-09-05_0000,85.001221,27.84879,10.81
2026-09-05_0000,85.374756,27.945886,-26.76
2026-09-05_0000,85.308838,28.159189,-41.93
2026-09-05_0000,85.045166,27.868216,-32.39
2026-09-05_0000,85.594482,27.868216,11.26
2026-09-05_0000,85.484619,27.790491,-10.46
2026-09-05_0000,85.770264,27.71271,-44.72
2026-09-05_0000,85.001221,28.062286,23.63
2026-09-05_0000,85.023193,27.868216,-21.47
2026-09-05_0000,85.133057,27.907058,30.81
2026-09-05_0000,85.792236,27.73216,-22.84
2026-09-05_0000,85.177002,27.9847,-28.76
2026-09-05_0000,85.528564,27.71271,-12.2
2026-09-05_0000,85.352783,27.868216,-28.5
2026-09-05_0000,85.155029,27.84879,13.67
2026-09-05_0000,85.770264,27.868216,-11.57
2026-09-05_0000,85.155029,27.790491,11.35
2026-09-05_0000,85.748291,27.790491,12.24
2026-09-05_0000,85.177002,28.042894,-32.68
2026-09-05_0000,84.957275,27.868216,12.4
2026-09-05_0000,85.001221,27.9847,-11.26
2026-09-05_0000,85.286865,27.809927,16.44
2026-09-05_0000,85.045166,27.965294,-14.48
2026-09-05_0000,85.506592,27.790491,-11.91
2026-09-05_0000,85.770264,27.84879,-17.16
2026-09-05_0000,85.177002,27.965294,-52.47
2026-09-05_0000,85.001221,28.042894,25.27
2026-09-05_0000,85.111084,27.9847,-11.25
2026-09-05_0000,85.001221,27.965294,-18.53
2026-09-05_0000,85.155029,28.004101,-30.77
2026-09-05_0000,85.57251,27.73216,12.48
2026-09-05_0000,85.286865,27.926474,12.88
2026-09-05_0000,85.155029,27.9847,-26.24
2026-09-05_0000,85.001221,27.887639,12.04
2026-09-05_0000,85.418701,27.907058,-13.99
2026-09-05_0000,85.286865,27.9847,61.96
2026-09-05_0000,85.6604,27.965294,14.83
2026-09-05_0000,85.155029,28.0235,-35.58
2026-09-05_0000,85.264893,28.0235,33.67
2026-09-05_0000,84.91333,27.84879,-15.24
2026-09-05_0000,85.001221,27.907058,-13.43
2026-09-05_0000,85.594482,27.751607,21.78
2026-09-05_0000,85.792236,27.71271,-23.18
2026-09-05_0000,85.330811,28.139815,-39.87
2026-09-05_0000,85.133057,27.965294,-22.74
2026-09-05_0000,85.001221,27.926474,-12.33
2026-09-05_0000,85.089111,27.926474,-11.0
2026-09-05_0000,85.264893,28.004101,60.73
2026-09-05_0000,85.177002,27.907058,23.56
2026-09-05_0000,85.001221,27.945886,-18.08
2026-09-05_0000,85.24292,27.9847,20.72
2026-09-05_0000,85.220947,27.790491,-16.52
2026-09-05_0000,85.528564,27.907058,-10.88
2026-09-05_0000,85.418701,27.965294,-14.43
2026-09-05_0000,85.001221,27.809927,21.11
2026-09-05_0000,85.089111,28.178559,17.7
2026-09-05_0000,85.155029,27.907058,39.69
2026-09-05_0000,85.24292,27.965294,25.91
2026-09-05_0000,85.286865,28.101058,48.2
2026-09-05_0800,85.770264,27.771051,12.67
2026-09-05_0800,85.111084,28.004101,-16.93
2026-09-05_0800,85.484619,27.771051,-10.21
2026-09-05_0800,85.220947,27.82936,-18.04
2026-09-05_0800,85.57251,27.82936,-10.68
2026-09-05_0800,85.638428,27.751607,-12.95
2026-09-05_0800,85.067139,27.73216,-17.66
2026-09-05_0800,85.155029,27.71271,-18.85
2026-09-05_0800,85.177002,27.926474,-13.32
2026-09-05_0800,85.6604,27.945886,10.35
2026-09-05_0800,85.133057,27.771051,-17.33
2026-09-05_0800,85.286865,27.945886,30.56
2026-09-05_0800,85.089111,27.945886,-32.37
2026-09-05_0800,85.550537,27.887639,-10.02
2026-09-05_0800,85.177002,27.71271,-16.42
2026-09-05_0800,85.352783,27.907058,-13.08
2026-09-05_0800,85.155029,27.887639,11.53
2026-09-05_0800,85.374756,27.82936,12.55
2026-09-05_0800,85.045166,27.751607,-18.28
2026-09-05_0800,85.155029,27.771051,-11.67
2026-09-05_0800,85.308838,27.887639,-13.07
2026-09-05_0800,85.067139,27.887639,-20.0
2026-09-05_0800,85.24292,27.868216,-13.73
2026-09-05_0800,85.089111,27.868216,-26.44
2026-09-05_0800,85.198975,27.965294,-36.05
2026-09-05_0800,85.220947,27.809927,-11.93
2026-09-05_0800,85.550537,27.71271,-12.39
2026-09-05_0800,84.935303,27.809927,-13.91
2026-09-05_0800,85.528564,27.790491,-15.06
2026-09-05_0800,84.91333,27.945886,-15.69
2026-09-05_0800,85.220947,27.790491,-17.85
2026-09-05_0800,85.067139,27.945886,-17.47
2026-09-05_0800,84.935303,27.926474,-16.05
2026-09-05_0800,85.528564,27.907058,-13.01
2026-09-05_0800,85.286865,28.101058,12.91
2026-09-05_0800,85.24292,27.965294,12.33
2026-09-05_0800,85.792236,27.71271,-46.36
2026-09-05_0800,85.198975,28.0235,-16.39
2026-09-05_0800,85.770264,27.73216,-21.95
2026-09-05_0800,85.528564,27.809927,-13.6
2026-09-05_0800,85.6604,27.73216,-33.47
2026-09-05_0800,85.177002,27.945886,-42.31
2026-09-05_0800,85.089111,27.751607,-25.61
2026-09-05_0800,85.264893,28.004101,66.04
2026-09-05_0800,85.089111,27.82936,-11.54
2026-09-05_0800,85.089111,27.926474,-22.86
2026-09-05_0800,85.177002,27.907058,19.37
2026-09-05_0800,85.133057,27.965294,-33.45
2026-09-05_0800,85.638428,27.73216,-15.53
2026-09-05_0800,85.550537,27.868216,-16.68
2026-09-05_0800,85.111084,27.751607,-15.79
2026-09-05_0800,85.616455,27.887639,-11.33
2026-09-05_0800,85.286865,28.139815,-22.93
2026-09-05_0800,85.352783,27.82936,34.42
2026-09-05_0800,85.594482,27.71271,-14.42
2026-09-05_0800,85.6604,27.965294,16.02
2026-09-05_0800,85.155029,28.0235,-40.14
2026-09-05_0800,85.001221,27.887639,-23.92
2026-09-05_0800,85.155029,27.9847,-35.95
2026-09-05_0800,85.001221,28.042894,14.61
2026-09-05_0800,85.111084,27.868216,-18.61
2026-09-05_0800,85.836182,27.71271,-14.06
2026-09-05_0800,85.330811,27.907058,-23.81
2026-09-05_0800,85.045166,27.790491,-19.59
2026-09-05_0800,85.111084,27.945886,-23.84
2026-09-05_0800,85.001221,27.868216,-19.04
2026-09-05_0800,85.638428,27.965294,17.48
2026-09-05_0800,85.133057,27.887639,11.07
2026-09-05_0800,85.748291,27.809927,30.38
2026-09-05_0800,85.067139,27.84879,-14.61
2026-09-05_0800,85.155029,27.965294,-39.77
2026-09-05_0800,85.484619,27.809927,-24.77
2026-09-05_0800,85.198975,27.9847,-17.27
2026-09-05_0800,85.177002,27.9847,-46.19
2026-09-05_0800,85.24292,28.004101,-18.34
2026-09-05_0800,85.528564,27.71271,-16.77
2026-09-05_0800,85.111084,27.9847,-18.77
2026-09-05_0800,85.001221,27.965294,-17.14
2026-09-05_0800,85.155029,28.004101,-34.01
2026-09-05_0800,85.264893,27.84879,-10.74
2026-09-05_0800,85.330811,27.887639,-17.27
2026-09-05_0800,85.177002,27.965294,-63.32
2026-09-05_0800,85.792236,27.809927,12.48
2026-09-05_0800,85.001221,27.771051,-17.07
2026-09-05_0800,85.6604,27.9847,48.59
2026-09-05_0800,85.089111,27.73216,-12.57
2026-09-05_0800,85.594482,27.84879,-10.55
2026-09-05_0800,85.286865,27.907058,-20.08
2026-09-05_0800,85.352783,27.926474,-26.77
2026-09-05_0800,85.111084,27.82936,-24.87
2026-09-05_0800,85.264893,27.887639,-15.21
2026-09-05_0800,85.067139,27.71271,-14.06
2026-09-05_0800,85.6604,27.71271,-13.58
2026-09-05_0800,85.067139,27.771051,-21.58
2026-09-05_0800,85.836182,27.73216,-11.58
2026-09-05_0800,84.935303,27.907058,-12.1
2026-09-05_0800,85.089111,27.907058,-21.06
2026-09-05_0800,84.957275,27.868216,-16.18
2026-09-05_0800,85.001221,27.9847,-18.6
2026-09-05_0800,85.286865,27.809927,42.34
2026-09-05_0800,85.045166,27.965294,-12.26
2026-09-05_0800,85.506592,27.790491,-19.25
2026-09-05_0800,85.023193,27.790491,-22.52
2026-09-05_0800,85.001221,27.945886,-22.7
2026-09-05_0800,85.396729,27.965294,-16.1
2026-09-05_0800,85.001221,27.790491,-15.38
2026-09-05_0800,85.133057,27.71271,-17.92
2026-09-05_0800,85.220947,27.771051,-14.13
2026-09-05_0800,85.155029,27.907058,36.8
2026-09-05_0800,85.111084,27.84879,-25.42
2026-09-05_0800,85.57251,27.868216,-15.32
2026-09-05_0800,85.550537,27.926474,-23.54
2026-09-05_0800,85.045166,27.771051,-26.5
2026-09-05_0800,84.91333,27.868216,-14.2
2026-09-05_0800,85.616455,27.73216,-12.26
2026-09-05_0800,85.089111,27.887639,-24.34
2026-09-05_0800,84.91333,27.771051,-11.41
2026-09-05_0800,85.023193,27.84879,-23.39
2026-09-05_0800,85.792236,27.82936,-18.83
2026-09-05_0800,85.418701,27.790491,-11.54
2026-09-05_0800,84.957275,27.790491,-12.57
2026-09-05_0800,85.133057,27.84879,-10.06
2026-09-05_0800,85.264893,27.868216,-12.35
2026-09-05_0800,85.550537,27.84879,-15.65
2026-09-05_0800,85.330811,28.120438,-18.87
2026-09-05_0800,85.616455,27.71271,-14.03
2026-09-05_0800,85.067139,27.868216,-29.19
2026-09-05_0800,85.308838,28.139815,-37.7
2026-09-05_0800,85.616455,27.790491,-11.87
2026-09-05_0800,85.133057,27.907058,29.86
2026-09-05_0800,85.484619,27.790491,-13.91
2026-09-05_0800,85.770264,27.71271,-57.38
2026-09-05_0800,85.308838,27.907058,-18.37
2026-09-05_0800,85.023193,27.751607,-16.82
2026-09-05_0800,85.001221,28.062286,12.99
2026-09-05_0800,85.6604,27.926474,-14.23
2026-09-05_0800,85.286865,27.887639,-16.01
2026-09-05_0800,84.979248,27.790491,-10.68
2026-09-05_0800,85.308838,28.101058,20.49
2026-09-05_0800,85.089111,27.771051,-27.48
2026-09-05_0800,85.198975,27.945886,-32.11
2026-09-05_0800,85.770264,27.907058,-17.04
2026-09-05_0800,85.330811,27.84879,-13.89
2026-09-05_0800,85.528564,27.926474,-25.59
2026-09-05_0800,84.91333,27.809927,-14.69
2026-09-05_0800,85.198975,27.84879,-14.18
2026-09-05_0800,85.177002,27.84879,-14.08
2026-09-05_0800,85.594482,27.868216,-23.43
2026-09-05_0800,85.594482,27.82936,-18.64
2026-09-05_0800,85.264893,27.809927,-11.11
2026-09-05_0800,85.374756,27.926474,-13.51
2026-09-05_0800,85.045166,27.73216,-25.22
2026-09-05_0800,85.133057,27.945886,-22.4
2026-09-05_0800,85.308838,28.178559,-53.38
2026-09-05_0800,84.957275,27.809927,-22.21
2026-09-05_0800,85.045166,27.868216,-36.87
2026-09-05_0800,85.792236,27.790491,11.98
2026-09-05_0800,84.935303,27.790491,-22.9
2026-09-05_0800,85.220947,27.84879,-13.77
2026-09-05_0800,85.198975,27.887639,12.74
2026-09-05_0800,85.374756,27.945886,-17.57
2026-09-05_0800,84.979248,27.809927,-13.52
2026-09-05_0800,85.133057,28.0235,-20.94
2026-09-05_0800,85.111084,27.771051,-19.21
2026-09-05_0800,85.067139,27.82936,-11.82
2026-09-05_0800,85.748291,27.71271,-41.86
2026-09-05_0800,85.198975,27.71271,-10.82
2026-09-05_0800,85.111084,27.73216,-13.58
2026-09-05_0800,84.935303,27.868216,-20.33
2026-09-05_0800,85.067139,27.751607,-15.58
2026-09-05_0800,85.220947,28.0235,-14.37
2026-09-05_0800,85.57251,27.84879,-14.27
2026-09-05_0800,85.220947,27.9847,-10.85
2026-09-05_0800,85.023193,28.0235,-15.81
2026-09-05_0800,85.155029,27.73216,-11.8
2026-09-05_0800,85.792236,27.73216,-28.75
2026-09-05_0800,85.155029,27.926474,-27.13
2026-09-05_0800,85.198975,27.868216,-10.1
2026-09-05_0800,85.155029,27.945886,-30.28
2026-09-05_0800,85.440674,27.790491,-10.56
2026-09-05_0800,85.748291,27.73216,-15.59
2026-09-05_0800,85.198975,27.907058,10.86
2026-09-05_0800,85.396729,27.926474,-18.77
2026-09-05_0800,85.792236,27.771051,13.1
2026-09-05_0800,85.155029,27.751607,-10.32
2026-09-05_0800,85.330811,27.868216,-26.75
2026-09-05_0800,85.726318,27.71271,-13.61
2026-09-05_0800,85.045166,27.84879,-21.02
2026-09-05_0800,85.089111,27.84879,-34.07
2026-09-05_0800,85.111084,28.0235,-35.84
2026-09-05_0800,85.133057,27.73216,-14.1
2026-09-05_0800,84.979248,27.9847,-13.38
2026-09-05_0800,85.220947,27.907058,10.04
2026-09-05_0800,85.177002,27.887639,17.55
2026-09-05_0800,85.177002,28.004101,-46.06
2026-09-05_0800,84.979248,28.062286,-15.82
2026-09-05_0800,85.177002,27.771051,-12.55
2026-09-05_0800,85.330811,27.926474,-22.54
2026-09-05_0800,85.133057,27.9847,-21.8
2026-09-05_0800,85.133057,27.751607,-10.14
2026-09-05_0800,85.111084,27.965294,-15.55
2026-09-05_0800,85.506592,27.771051,-13.09
2026-09-05_0800,85.286865,28.120438,11.63
2026-09-05_0800,85.6604,27.887639,-22.04
2026-09-05_0800,85.330811,28.101058,-48.26
2026-09-05_0800,85.045166,27.907058,-24.06
2026-09-05_0800,85.814209,27.73216,-15.43
2026-09-05_0800,84.935303,27.771051,-23.08
2026-09-05_0800,84.935303,27.82936,-10.2
2026-09-05_0800,85.023193,27.809927,-12.75
2026-09-05_0800,85.814209,27.751607,-20.35
2026-09-05_0800,85.023193,27.771051,-23.21
2026-09-05_0800,85.177002,28.0235,-48.89
2026-09-05_0800,85.396729,27.945886,-32.44
2026-09-05_0800,85.770264,27.809927,-12.85
2026-09-05_0800,85.264893,27.9847,38.2
2026-09-05_0800,85.264893,27.907058,-17.26
2026-09-05_0800,85.308838,27.868216,-21.45
2026-09-05_1600,85.506592,27.809927,-11.68
2026-09-05_1600,85.089111,28.0235,-31.0
2026-09-05_1600,85.111084,27.82936,-17.88
2026-09-05_1600,85.067139,27.907058,-11.18
2026-09-05_1600,85.067139,27.71271,-12.8
2026-09-05_1600,85.023193,27.945886,-12.66
2026-09-05_1600,85.067139,27.771051,-11.31
2026-09-05_1600,85.177002,27.71271,-13.71
2026-09-05_1600,85.6604,27.9847,22.81
2026-09-05_1600,85.792236,27.809927,32.65
2026-09-05_1600,85.286865,27.809927,44.28
2026-09-05_1600,85.308838,27.84879,-24.37
2026-09-05_1600,85.506592,27.790491,-10.05
2026-09-05_1600,85.264893,27.926474,16.53
2026-09-05_1600,85.133057,27.71271,-17.03
2026-09-05_1600,85.638428,27.790491,-12.6
2026-09-05_1600,85.6604,27.907058,10.28
2026-09-05_1600,85.24292,27.9847,14.66
2026-09-05_1600,85.001221,27.809927,15.62
2026-09-05_1600,85.089111,28.178559,11.24
2026-09-05_1600,85.045166,28.004101,31.77
2026-09-05_1600,85.286865,28.101058,41.63
2026-09-05_1600,85.24292,27.965294,25.06
2026-09-05_1600,85.155029,27.907058,31.33
2026-09-05_1600,84.957275,27.82936,-15.44
2026-09-05_1600,85.814209,27.71271,-14.4
2026-09-05_1600,85.24292,27.945886,15.5
2026-09-05_1600,85.24292,28.0235,21.4
2026-09-05_1600,85.089111,27.751607,-17.17
2026-09-05_1600,85.550537,27.945886,-12.27
2026-09-05_1600,85.308838,28.120438,17.12
2026-09-05_1600,85.264893,28.004101,81.38
2026-09-05_1600,85.550537,27.71271,-10.6
2026-09-05_1600,85.067139,27.790491,-11.78
2026-09-05_1600,85.001221,27.926474,-12.93
2026-09-05_1600,85.177002,27.907058,19.25
2026-09-05_1600,84.979248,28.042894,16.68
2026-09-05_1600,85.133057,27.965294,-18.94
2026-09-05_1600,85.792236,27.71271,-28.52
2026-09-05_1600,85.594482,27.751607,14.7
2026-09-05_1600,85.177002,27.965294,-53.13
2026-09-05_1600,85.352783,27.945886,-13.23
2026-09-05_1600,85.023193,28.042894,33.68
2026-09-05_1600,85.198975,28.042894,-21.52
2026-09-05_1600,85.067139,27.73216,-12.68
2026-09-05_1600,85.155029,27.71271,-13.74
2026-09-05_1600,85.177002,27.926474,-10.06
2026-09-05_1600,85.682373,27.71271,14.22
2026-09-05_1600,85.286865,27.945886,30.4
2026-09-05_1600,85.308838,27.82936,-12.58
2026-09-05_1600,85.528564,27.926474,-17.97
2026-09-05_1600,85.330811,27.84879,-37.78
2026-09-05_1600,85.198975,27.945886,-22.14
2026-09-05_1600,85.155029,27.887639,11.35
2026-09-05_1600,85.198975,27.790491,-17.96
2026-09-05_1600,85.374756,27.82936,13.82
2026-09-05_1600,85.045166,27.751607,-12.35
2026-09-05_1600,85.067139,27.887639,-11.23
2026-09-05_1600,85.286865,27.965294,107.4
2026-09-05_1600,85.089111,27.868216,-13.8
2026-09-05_1600,85.198975,27.965294,-18.05
2026-09-05_1600,85.286865,27.926474,18.45
2026-09-05_1600,85.6604,27.965294,22.65
2026-09-05_1600,85.155029,28.0235,-19.49
2026-09-05_1600,85.155029,27.9847,-21.64
2026-09-05_1600,85.001221,28.042894,38.23
2026-09-05_1600,85.352783,27.868216,-46.27
2026-09-05_1600,85.836182,27.71271,-10.03
2026-09-05_1600,85.001221,27.868216,-15.07
2026-09-05_1600,85.770264,27.73216,-19.1
2026-09-05_1600,85.177002,27.945886,-37.86
2026-09-05_1600,85.638428,27.965294,23.44
2026-09-05_1600,85.133057,27.887639,15.73
2026-09-05_1600,84.979248,27.926474,-10.64
2026-09-05_1600,85.748291,27.809927,12.97
2026-09-05_1600,85.067139,27.84879,-12.99
2026-09-05_1600,85.682373,27.809927,13.11
2026-09-05_1600,85.155029,27.965294,-26.17
2026-09-05_1600,85.484619,27.809927,-15.62
2026-09-05_1600,85.177002,27.9847,-23.59
2026-09-05_1600,85.155029,28.004101,-20.81
2026-09-05_1600,85.264893,28.0235,32.9
2026-09-05_1600,85.528564,27.887639,11.67
2026-09-05_1600,85.792236,27.945886,-17.51
2026-09-05_1600,85.067139,27.868216,-28.71
2026-09-05_1600,85.089111,27.9847,13.19
2026-09-05_1600,85.023193,27.73216,-21.77
2026-09-05_1600,85.111084,27.84879,-11.65
2026-09-05_1600,85.111084,27.907058,12.72
2026-09-05_1600,85.045166,27.926474,10.11
2026-09-05_1600,85.24292,27.907058,15.43
2026-09-05_1600,84.935303,27.945886,32.74
2026-09-05_1600,85.374756,27.868216,-15.28
2026-09-05_1600,85.330811,28.101058,-38.34
2026-09-05_1600,85.133057,28.0235,-14.11
2026-09-05_1600,85.133057,27.73216,-13.8
2026-09-05_1600,84.979248,27.809927,-12.82
2026-09-05_1600,85.177002,27.868216,14.42
2026-09-05_1600,85.462646,27.809927,-21.31
2026-09-05_1600,85.023193,27.84879,-21.2
2026-09-05_1600,85.770264,27.790491,10.93
2026-09-05_1600,85.308838,28.139815,-23.81
2026-09-05_1600,85.045166,27.82936,-15.55
2026-09-05_1600,85.550537,27.926474,-27.18
2026-09-05_1600,85.001221,27.84879,-19.23
2026-09-05_1600,85.089111,27.965294,13.54
2026-09-05_1600,85.045166,27.868216,-35.79
2026-09-05_1600,85.023193,27.9847,24.73
2026-09-05_1600,85.133057,27.907058,28.02
2026-09-05_1600,85.770264,27.71271,-47.85
2026-09-05_1600,85.023193,27.751607,-10.16
2026-09-05_1600,85.001221,28.062286,26.31
2026-09-05_1600,85.023193,27.868216,-22.51
2026-09-05_1600,85.308838,28.101058,25.39
2026-09-05_1600,85.198975,27.887639,14.48
2026-09-05_1600,85.045166,27.771051,-12.36
2026-09-05_1600,85.792236,27.73216,-15.35
2026-09-05_1600,85.374756,27.926474,-12.25
2026-09-05_1600,85.045166,27.73216,-15.18
2026-09-05_1600,85.133057,27.945886,-10.6
2026-09-05_1600,85.308838,28.178559,-37.83
2026-09-05_1600,84.957275,27.809927,-22.27
2026-09-05_1600,85.792236,27.790491,-15.68
2026-09-05_1600,84.935303,27.790491,-11.85
2026-09-05_1600,85.594482,27.771051,10.53
2026-09-05_1600,85.286865,28.120438,37.94
2026-09-05_1600,85.177002,27.809927,12.9
2026-09-05_1600,85.748291,27.71271,-32.1
2026-09-05_1600,85.198975,27.71271,-11.5
2026-09-05_1600,84.935303,27.868216,-15.32
2026-09-05_1600,85.57251,27.790491,12.6
2026-09-05_1600,85.023193,28.0235,25.5
2026-09-05_1600,85.330811,27.82936,-18.99
2026-09-05_1600,85.133057,27.868216,14.81
2026-09-05_1600,85.155029,27.73216,-10.53
2026-09-05_1600,84.979248,27.9847,-11.71
2026-09-05_1600,85.001221,28.0235,26.74
2026-09-05_1600,85.220947,28.062286,-23.18
2026-09-05_1600,85.24292,27.926474,12.55
2026-09-05_1600,85.704346,27.809927,13.91
2026-09-05_1600,85.155029,27.926474,-21.92
2026-09-05_1600,85.155029,27.945886,-28.12
2026-09-05_1600,85.286865,28.081673,106.12
2026-09-05_1600,85.198975,27.907058,10.48
2026-09-05_1600,85.111084,28.0235,-35.24
2026-09-05_1600,85.330811,27.868216,-35.38
2026-09-05_1600,85.045166,27.84879,-26.58
2026-09-05_1600,85.089111,27.84879,-20.54
2026-09-05_1600,85.748291,27.73216,-10.32
2026-09-05_1600,85.396729,27.926474,-25.05
2026-09-05_1600,85.330811,27.926474,-17.15
2026-09-05_1600,85.220947,27.907058,12.98
2026-09-05_1600,85.177002,27.887639,17.34
2026-09-05_1600,85.177002,28.004101,-28.2
2026-09-05_1600,85.264893,27.965294,35.17
2026-09-05_1600,85.067139,27.965294,13.04
2026-09-05_1600,85.133057,27.9847,-15.05
2026-09-05_1600,85.198975,28.004101,10.08
2026-09-05_1600,85.045166,27.907058,10.35
2026-09-05_1600,85.396729,27.907058,-17.49
2026-09-05_1600,85.418701,27.809927,23.74
2026-09-05_1600,85.308838,27.868216,-12.02
2026-09-05_1600,85.067139,28.178559,10.54
2026-09-05_1600,85.264893,27.9847,48.23
2026-09-05_1600,84.935303,28.042894,13.23
2026-09-05_1600,85.264893,27.945886,27.0
2026-09-05_1600,85.067139,27.9847,31.25
2026-09-05_1600,85.396729,27.945886,-26.54
2026-09-05_1600,85.177002,27.790491,-11.96
2026-09-05_1600,85.177002,28.0235,-24.23
2026-09-06_0000,85.264893,28.159189,-22.0
2026-09-06_0000,85.374756,27.868216,-26.15
2026-09-06_0000,85.198975,27.907058,14.55
2026-09-06_0000,85.264893,27.9847,48.42
2026-09-06_0000,85.067139,27.809927,-15.04
2026-09-06_0000,85.308838,27.965294,13.9
2026-09-06_0000,85.418701,27.809927,20.44
2026-09-06_0000,85.594482,27.809927,10.12
2026-09-06_0000,85.594482,27.751607,10.94
2026-09-06_0000,85.111084,28.0235,-34.73
2026-09-06_0000,85.330811,27.868216,-33.87
2026-09-06_0000,85.264893,27.965294,18.16
2026-09-06_0000,85.6604,27.71271,-19.9
2026-09-06_0000,85.330811,28.139815,-49.88
2026-09-06_0000,85.770264,27.71271,-25.49
2026-09-06_0000,85.045166,27.945886,13.43
2026-09-06_0000,85.023193,27.887639,-32.67
2026-09-06_0000,85.528564,27.926474,11.86
2026-09-06_0000,85.330811,27.84879,-44.27
2026-09-06_0000,85.133057,27.965294,-19.32
2026-09-06_0000,84.979248,28.042894,10.52
2026-09-06_0000,85.001221,27.809927,17.24
2026-09-06_0000,85.001221,28.042894,11.06
2026-09-06_0000,85.286865,28.101058,34.25
2026-09-06_0000,85.792236,27.945886,-13.6
2026-09-06_0000,84.979248,28.081673,-14.33
2026-09-06_0000,84.91333,27.809927,-10.74
2026-09-06_0000,85.330811,28.120438,-15.56
2026-09-06_0000,85.133057,28.0235,-22.3
2026-09-06_0000,85.089111,27.809927,-14.79
2026-09-06_0000,85.594482,27.790491,11.55
2026-09-06_0000,84.91333,28.004101,-13.76
2026-09-06_0000,85.286865,27.907058,10.41
2026-09-06_0000,85.155029,27.907058,31.96
2026-09-06_0000,85.396729,27.965294,14.2
2026-09-06_0000,85.001221,27.965294,-16.58
2026-09-06_0000,85.133057,27.887639,15.72
2026-09-06_0000,84.957275,27.771051,-10.82
2026-09-06_0000,85.133057,27.82936,-10.42
2026-09-06_0000,85.792236,27.771051,14.51
2026-09-06_0000,85.133057,27.926474,12.47
2026-09-06_0000,84.957275,27.809927,-17.12
2026-09-06_0000,85.638428,27.926474,32.69
2026-09-06_0000,85.155029,27.945886,-21.78
2026-09-06_0000,84.91333,27.965294,-15.62
2026-09-06_0000,85.177002,27.945886,-34.67
2026-09-06_0000,85.067139,27.887639,-11.22
2026-09-06_0000,85.616455,27.868216,-11.17
2026-09-06_0000,85.177002,28.004101,-25.55
2026-09-06_0000,85.155029,27.9847,-22.53
2026-09-06_0000,85.198975,27.965294,-18.81
2026-09-06_0000,85.748291,27.751607,11.62
2026-09-06_0000,85.638428,27.965294,23.14
2026-09-06_0000,85.264893,28.004101,67.7
2026-09-06_0000,85.616455,27.82936,10.78
2026-09-06_0000,85.198975,27.945886,-19.21
2026-09-06_0000,85.220947,27.868216,-10.1
2026-09-06_0000,85.57251,27.790491,11.72
2026-09-06_0000,85.220947,28.0235,15.87
2026-09-06_0000,85.814209,27.771051,20.57
2026-09-06_0000,85.023193,27.73216,-14.23
2026-09-06_0000,85.089111,28.0235,-43.92
2026-09-06_0000,85.308838,27.868216,-20.12
2026-09-06_0000,85.220947,28.004101,14.78
2026-09-06_0000,84.935303,27.751607,-15.71
2026-09-06_0000,85.111084,27.907058,15.26
2026-09-06_0000,85.045166,27.790491,-14.74
2026-09-06_0000,85.352783,27.945886,-14.17
2026-09-06_0000,85.308838,27.84879,-31.7
2026-09-06_0000,85.111084,27.84879,-11.21
2026-09-06_0000,85.308838,28.101058,32.58
2026-09-06_0000,85.045166,27.926474,16.92
2026-09-06_0000,85.616455,27.73216,-11.54
2026-09-06_0000,85.484619,27.82936,10.9
2026-09-06_0000,85.177002,27.907058,18.93
2026-09-06_0000,85.308838,28.178559,-25.38
2026-09-06_0000,85.133057,27.907058,35.43
2026-09-06_0000,85.023193,27.84879,-33.6
2026-09-06_0000,85.748291,27.71271,-13.59
2026-09-06_0000,85.264893,27.945886,12.14
2026-09-06_0000,85.550537,27.926474,-18.66
2026-09-06_0000,85.24292,27.965294,22.1
2026-09-06_0000,85.286865,28.081673,66.16
2026-09-06_0000,85.396729,27.926474,-12.23
2026-09-06_0000,85.198975,28.042894,-15.0
2026-09-06_0000,85.506592,27.887639,-10.77
2026-09-06_0000,85.155029,27.809927,-11.86
2026-09-06_0000,85.792236,27.751607,15.23
2026-09-06_0000,85.418701,27.907058,-11.97
2026-09-06_0000,85.067139,28.178559,14.22
2026-09-06_0000,85.286865,28.0235,40.02
2026-09-06_0000,85.308838,28.139815,-32.75
2026-09-06_0000,85.286865,27.84879,-17.87
2026-09-06_0000,85.330811,27.887639,11.45
2026-09-06_0000,85.177002,28.0235,-29.14
2026-09-06_0000,84.957275,28.062286,-13.12
2026-09-06_0000,84.957275,28.0235,-11.81
2026-09-06_0000,85.001221,27.945886,-10.42
2026-09-06_0000,85.111084,27.926474,11.62
2026-09-06_0000,85.220947,28.062286,-34.47
2026-09-06_0000,85.177002,27.9847,-23.0
2026-09-06_0000,85.155029,28.004101,-24.01
2026-09-06_0000,85.089111,27.790491,-21.9
2026-09-06_0000,85.6604,27.965294,19.47
2026-09-06_0000,85.045166,27.84879,-28.26
2026-09-06_0000,85.089111,27.84879,-29.32
2026-09-06_0000,85.220947,27.84879,-12.52
2026-09-06_0000,85.220947,27.907058,12.97
2026-09-06_0000,85.594482,27.84879,11.51
2026-09-06_0000,85.155029,28.0235,-22.16
2026-09-06_0000,85.023193,28.042894,19.3
2026-09-06_0000,85.155029,27.965294,-28.11
2026-09-06_0000,85.682373,27.809927,21.36
2026-09-06_0000,85.111084,27.771051,-10.78
2026-09-06_0000,85.330811,27.965294,20.84
2026-09-06_0000,85.177002,27.965294,-49.08
2026-09-06_0000,85.155029,27.887639,11.09
2026-09-06_0000,85.286865,28.139815,-14.52
2026-09-06_0000,85.418701,27.926474,-16.15
2026-09-06_0000,85.111084,27.82936,-15.43
2026-09-06_0000,85.177002,27.790491,-10.01
2026-09-06_0000,85.264893,27.926474,24.02
2026-09-06_0000,85.506592,27.809927,-13.41
2026-09-06_0000,84.979248,27.926474,-13.17
2026-09-06_0000,85.352783,27.868216,-26.93
2026-09-06_0000,85.308838,28.159189,-49.35
2026-09-06_0000,85.286865,27.926474,19.37
2026-09-06_0000,85.264893,27.84879,-11.54
2026-09-06_0000,85.067139,27.868216,-23.01
2026-09-06_0000,85.6604,27.9847,12.99
2026-09-06_0000,85.177002,27.71271,-15.15
2026-09-06_0000,85.089111,28.178559,14.19
2026-09-06_0000,85.045166,28.004101,11.81
2026-09-06_0000,85.001221,27.907058,-17.33
2026-09-06_0000,85.089111,27.751607,-15.51
2026-09-06_0000,85.023193,28.0235,10.34
2026-09-06_0000,85.067139,27.84879,-22.96
2026-09-06_0000,85.264893,28.0235,29.05
2026-09-06_0000,84.91333,27.84879,-14.73
2026-09-06_0000,85.726318,27.771051,11.82
2026-09-06_0000,85.24292,27.887639,-11.32
2026-09-06_0000,85.6604,27.907058,14.02
2026-09-06_0000,85.133057,27.790491,16.32
2026-09-06_0000,85.57251,28.217289,-28.88
2026-09-06_0000,85.462646,27.809927,-24.97
2026-09-06_0000,85.155029,27.926474,-20.8
2026-09-06_0000,85.24292,27.926474,12.84
2026-09-06_0000,85.704346,27.809927,18.38
2026-09-06_0000,85.330811,28.101058,-34.18
2026-09-06_0000,85.286865,27.868216,-11.37
2026-09-06_0000,85.286865,27.809927,35.58
2026-09-06_0000,85.001221,27.9847,-15.44
2026-09-06_0000,85.616455,27.71271,-10.13
2026-09-06_0000,84.935303,27.965294,-15.01
2026-09-06_0000,85.067139,27.751607,-10.42
2026-09-06_0000,85.023193,27.9847,17.35
2026-09-06_0000,85.045166,27.868216,-37.53
2026-09-06_0000,85.330811,27.82936,-19.92
2026-09-06_0000,85.133057,27.868216,21.33
2026-09-06_0000,84.979248,27.9847,-15.44
2026-09-06_0000,85.264893,27.809927,11.7
2026-09-06_0000,85.023193,27.868216,-32.69
2026-09-06_0000,85.067139,27.71271,12.89
2026-09-06_0000,85.045166,27.9847,13.74
2026-09-06_0000,85.133057,27.9847,-13.92
2026-09-06_0000,85.067139,27.790491,-12.58
2026-09-06_0000,85.330811,27.945886,-14.03
2026-09-06_0000,85.045166,27.82936,-16.53
2026-09-06_0000,85.045166,27.751607,-14.55
2026-09-06_0000,85.704346,27.790491,11.41
2026-09-06_0000,85.308838,27.82936,-15.74
2026-09-06_0000,85.638428,27.945886,17.46
2026-09-06_0000,85.330811,28.159189,-78.42
2026-09-06_0000,85.24292,27.9847,16.98
2026-09-06_0000,85.286865,28.004101,71.15
2026-09-06_0000,85.638428,27.771051,10.88
2026-09-06_0000,85.045166,27.887639,-23.89
2026-09-06_0000,85.045166,28.159189,-22.41
2026-09-06_0000,85.24292,28.0235,41.21
2026-09-06_0000,85.6604,27.771051,19.87
2026-09-06_0000,85.24292,27.907058,11.0
2026-09-06_0000,85.155029,27.771051,-14.36
2026-09-06_0000,85.067139,27.771051,-13.42
2026-09-06_0000,85.286865,27.945886,30.08
2026-09-06_0000,85.264893,27.868216,-20.35
2026-09-06_0000,85.352783,27.82936,14.5
2026-09-06_0000,85.111084,27.751607,-10.1
2026-09-06_0000,85.638428,27.809927,15.9
2026-09-06_0000,85.089111,27.868216,-12.1
2026-09-06_0000,85.177002,27.887639,17.17
2026-09-06_0000,85.286865,27.965294,41.04
2026-09-06_0800,85.198975,27.926474,-14.72
2026-09-06_0800,85.616455,27.790491,-16.28
2026-09-06_0800,85.528564,27.771051,-16.79
2026-09-06_0800,85.177002,27.751607,-15.64
2026-09-06_0800,85.089111,27.965294,-11.86
2026-09-06_0800,85.001221,27.868216,-39.63
2026-09-06_0800,85.264893,27.84879,-37.09
2026-09-06_0800,85.814209,27.73216,-16.24
2026-09-06_0800,85.001221,27.84879,-20.51
2026-09-06_0800,85.220947,27.887639,-23.75
2026-09-06_0800,85.220947,27.9847,-11.7
2026-09-06_0800,85.111084,27.868216,-24.65
2026-09-06_0800,85.001221,27.771051,-16.18
2026-09-06_0800,85.6604,27.9847,17.63
2026-09-06_0800,85.352783,27.907058,-25.49
2026-09-06_0800,85.177002,27.71271,-19.88
2026-09-06_0800,85.220947,27.965294,-11.15
2026-09-06_0800,85.089111,27.82936,-35.51
2026-09-06_0800,85.550537,27.82936,-16.25
2026-09-06_0800,85.726318,27.809927,-18.1
2026-09-06_0800,85.682373,27.71271,-20.88
2026-09-06_0800,85.045166,27.809927,-24.58
2026-09-06_0800,85.594482,27.868216,-27.22
2026-09-06_0800,85.528564,27.751607,-14.13
2026-09-06_0800,85.067139,27.82936,-24.73
2026-09-06_0800,85.286865,27.887639,-46.38
2026-09-06_0800,85.133057,27.73216,-26.56
2026-09-06_0800,85.264893,27.809927,14.05
2026-09-06_0800,85.198975,27.887639,-12.74
2026-09-06_0800,85.24292,27.84879,-33.93
2026-09-06_0800,85.330811,27.82936,-19.99
2026-09-06_0800,85.067139,27.751607,-27.78
2026-09-06_0800,85.001221,27.9847,-31.29
2026-09-06_0800,85.528564,27.790491,-10.45
2026-09-06_0800,85.286865,27.809927,36.59
2026-09-06_0800,85.24292,27.945886,15.79
2026-09-06_0800,85.089111,27.945886,-17.03
2026-09-06_0800,85.023193,27.751607,-14.68
2026-09-06_0800,85.6604,27.926474,-12.24
2026-09-06_0800,85.067139,27.868216,-38.08
2026-09-06_0800,85.023193,28.0235,-17.18
2026-09-06_0800,85.155029,27.9847,-38.26
2026-09-06_0800,85.770264,27.771051,-21.12
2026-09-06_0800,85.155029,28.004101,-27.91
2026-09-06_0800,85.550537,27.868216,-15.41
2026-09-06_0800,85.111084,27.945886,-15.84
2026-09-06_0800,85.155029,28.0235,-35.58
2026-09-06_0800,85.792236,27.71271,-28.12
2026-09-06_0800,85.528564,27.907058,-16.56
2026-09-06_0800,85.286865,28.139815,-10.71
2026-09-06_0800,85.023193,27.809927,-10.26
2026-09-06_0800,85.177002,27.965294,-66.08
2026-09-06_0800,85.177002,28.042894,-36.86
2026-09-06_0800,85.111084,27.771051,-25.59
2026-09-06_0800,85.155029,27.965294,-35.65
2026-09-06_0800,85.506592,27.751607,-11.28
2026-09-06_0800,85.067139,27.73216,-31.53
2026-09-06_0800,85.220947,28.004101,13.05
2026-09-06_0800,85.133057,27.71271,-16.98
2026-09-06_0800,85.374756,27.926474,-22.57
2026-09-06_0800,85.770264,27.790491,-11.67
2026-09-06_0800,85.198975,27.9847,-18.96
2026-09-06_0800,85.484619,27.809927,19.44
2026-09-06_0800,85.089111,27.751607,-29.46
2026-09-06_0800,85.220947,27.82936,-28.75
2026-09-06_0800,85.111084,27.965294,-14.06
2026-09-06_0800,85.528564,27.73216,-13.96
2026-09-06_0800,85.023193,27.790491,-22.79
2026-09-06_0800,84.979248,27.809927,-17.85
2026-09-06_0800,85.001221,27.82936,-14.59
2026-09-06_0800,84.935303,27.790491,-29.64
2026-09-06_0800,85.550537,27.809927,-12.27
2026-09-06_0800,85.24292,27.82936,-16.06
2026-09-06_0800,85.089111,27.84879,-39.82
2026-09-06_0800,85.045166,27.84879,-29.38
2026-09-06_0800,85.6604,27.965294,11.64
2026-09-06_0800,85.286865,27.868216,-65.48
2026-09-06_0800,85.198975,27.965294,-39.64
2026-09-06_0800,85.770264,27.73216,-17.36
2026-09-06_0800,84.957275,27.790491,-19.72
2026-09-06_0800,85.396729,27.926474,-23.4
2026-09-06_0800,85.24292,27.965294,28.31
2026-09-06_0800,85.308838,28.178559,-20.44
2026-09-06_0800,85.550537,27.926474,-22.4
2026-09-06_0800,85.198975,27.71271,-11.35
2026-09-06_0800,85.748291,27.71271,-18.26
2026-09-06_0800,85.089111,27.887639,-23.03
2026-09-06_0800,85.57251,27.868216,-16.02
2026-09-06_0800,85.023193,27.84879,-37.06
2026-09-06_0800,85.155029,27.71271,-15.82
2026-09-06_0800,85.177002,27.926474,-17.81
2026-09-06_0800,85.177002,28.0235,-48.93
2026-09-06_0800,85.264893,27.945886,-10.79
2026-09-06_0800,84.979248,27.771051,-14.55
2026-09-06_0800,85.330811,27.926474,-32.01
2026-09-06_0800,85.264893,28.159189,-11.99
2026-09-06_0800,85.264893,27.9847,29.5
2026-09-06_0800,85.067139,27.9847,-15.51
2026-09-06_0800,85.023193,27.907058,-14.3
2026-09-06_0800,85.528564,27.71271,-10.96
2026-09-06_0800,85.111084,27.9847,-19.65
2026-09-06_0800,85.133057,27.771051,-18.14
2026-09-06_0800,85.133057,27.965294,-30.77
2026-09-06_0800,85.704346,27.71271,-13.32
2026-09-06_0800,85.550537,27.73216,-12.94
2026-09-06_0800,85.286865,28.101058,15.15
2026-09-06_0800,85.045166,27.945886,-42.84
2026-09-06_0800,85.484619,27.790491,-13.79
2026-09-06_0800,85.770264,27.71271,-46.28
2026-09-06_0800,85.330811,27.809927,-10.78
2026-09-06_0800,85.6604,27.71271,-24.62
2026-09-06_0800,85.023193,27.82936,-12.36
2026-09-06_0800,85.6604,27.73216,-20.74
2026-09-06_0800,85.198975,27.84879,-26.68
2026-09-06_0800,84.979248,27.790491,-14.44
2026-09-06_0800,85.198975,28.0235,-15.18
2026-09-06_0800,85.308838,27.887639,-30.13
2026-09-06_0800,85.616455,27.82936,-19.97
2026-09-06_0800,85.111084,27.84879,-28.72
2026-09-06_0800,85.308838,28.101058,15.52
2026-09-06_0800,85.616455,27.73216,-12.43
2026-09-06_0800,85.814209,27.751607,-13.2
2026-09-06_0800,85.045166,27.790491,-26.37
2026-09-06_0800,85.089111,27.73216,-12.85
2026-09-06_0800,85.264893,28.004101,44.27
2026-09-06_0800,85.220947,27.790491,-18.09
2026-09-06_0800,85.330811,27.887639,-22.38
2026-09-06_0800,85.177002,27.9847,-42.64
2026-09-06_0800,85.155029,27.73216,-21.37
2026-09-06_0800,84.935303,27.907058,-14.34
2026-09-06_0800,85.638428,27.71271,-13.36
2026-09-06_0800,85.308838,28.139815,-32.03
2026-09-06_0800,85.133057,27.84879,-13.98
2026-09-06_0800,85.133057,27.907058,22.92
2026-09-06_0800,84.91333,27.945886,-10.18
2026-09-06_0800,85.308838,27.926474,-12.25
2026-09-06_0800,85.045166,27.73216,-20.99
2026-09-06_0800,85.177002,27.84879,-17.83
2026-09-06_0800,85.220947,27.868216,-29.88
2026-09-06_0800,85.198975,27.945886,-39.73
2026-09-06_0800,85.089111,27.771051,-21.21
2026-09-06_0800,85.198975,27.751607,-13.63
2026-09-06_0800,85.616455,27.887639,-14.09
2026-09-06_0800,85.111084,28.0235,-38.48
2026-09-06_0800,85.089111,27.868216,-34.49
2026-09-06_0800,85.111084,27.751607,-24.71
2026-09-06_0800,85.352783,27.926474,-34.77
2026-09-06_0800,84.935303,27.82936,-16.71
2026-09-06_0800,85.264893,27.868216,-62.51
2026-09-06_0800,85.133057,27.945886,-21.25
2026-09-06_0800,85.770264,27.809927,-19.15
2026-09-06_0800,85.616455,27.809927,-11.3
2026-09-06_0800,85.045166,27.82936,-24.71
2026-09-06_0800,85.220947,27.771051,-10.89
2026-09-06_0800,85.045166,27.751607,-17.9
2026-09-06_0800,85.308838,27.82936,-24.91
2026-09-06_0800,85.638428,27.945886,-14.11
2026-09-06_0800,85.133057,27.9847,-22.66
2026-09-06_0800,85.24292,27.9847,23.46
2026-09-06_0800,85.396729,27.945886,-12.2
2026-09-06_0800,85.155029,27.771051,-30.34
2026-09-06_0800,85.067139,27.84879,-18.02
2026-09-06_0800,85.24292,27.887639,-49.79
2026-09-06_0800,85.6604,27.907058,-12.18
2026-09-06_0800,85.177002,27.771051,-18.68
2026-09-06_0800,85.308838,27.809927,-11.89
2026-09-06_0800,85.506592,27.771051,-17.63
2026-09-06_0800,85.155029,27.926474,-27.43
2026-09-06_0800,85.792236,27.73216,-23.9
2026-09-06_0800,85.067139,27.771051,-26.98
2026-09-06_0800,84.91333,27.790491,-34.37
2026-09-06_0800,85.330811,28.101058,-44.89
2026-09-06_0800,85.24292,28.0235,15.6
2026-09-06_0800,85.770264,27.907058,10.66
2026-09-06_0800,85.198975,27.771051,-14.74
2026-09-06_0800,85.155029,27.751607,-25.43
2026-09-06_0800,85.440674,27.790491,35.51
2026-09-06_0800,85.594482,27.84879,-13.83
2026-09-06_0800,85.594482,27.82936,-11.1
2026-09-06_0800,85.484619,27.771051,-10.32
2026-09-06_0800,84.91333,28.062286,-26.11
2026-09-06_0800,85.6604,27.887639,-31.99
2026-09-06_0800,85.155029,27.945886,-33.2
2026-09-06_0800,85.198975,27.868216,-16.22
2026-09-06_0800,85.836182,27.71271,-10.54
2026-09-06_0800,84.957275,27.809927,-31.99
2026-09-06_0800,85.177002,28.004101,-41.81
2026-09-06_0800,85.792236,27.790491,-15.0
2026-09-06_0800,84.91333,27.809927,-38.21
2026-09-06_0800,85.748291,27.73216,-18.23
2026-09-06_0800,84.935303,27.809927,-22.18
2026-09-06_0800,85.286865,28.120438,10.84
2026-09-06_0800,85.286865,27.82936,-21.47
2026-09-06_0800,85.133057,27.751607,-18.97
2026-09-06_0800,85.594482,27.809927,-14.74
2026-09-06_0800,85.418701,27.809927,23.86
2026-09-06_0800,85.023193,27.771051,-16.25
2026-09-06_0800,84.935303,27.771051,-23.08
2026-09-06_0800,85.198975,27.73216,-10.66
2026-09-06_0800,85.550537,27.751607,-16.09
2026-09-06_0800,85.111084,27.73216,-16.52
2026-09-06_0800,85.308838,27.907058,-24.94
2026-09-06_0800,85.726318,27.790491,-11.7
2026-09-06_0800,84.91333,27.82936,-21.66
2026-09-06_0800,85.155029,27.907058,28.44
2026-09-06_0800,85.638428,27.907058,-15.05
2026-09-06_0800,84.957275,27.82936,-24.35
2026-09-06_0800,85.045166,27.771051,-31.15
2026-09-06_0800,85.594482,27.790491,-13.54
2026-09-06_0800,85.001221,27.790491,-14.11
2026-09-06_0800,85.133057,28.0235,-23.34
2026-09-06_0800,84.91333,27.887639,-10.29
2026-09-06_0800,85.220947,27.809927,-15.32
2026-09-06_0800,85.177002,27.945886,-48.1
2026-09-06_0800,85.286865,27.907058,-13.75
2026-09-06_0800,85.550537,27.771051,-13.2
2026-09-06_1600,85.308838,27.868216,-35.88
2026-09-06_1600,85.286865,27.868216,-23.75
2026-09-06_1600,85.067139,27.84879,-16.92
2026-09-06_1600,85.264893,28.0235,53.97
2026-09-06_1600,84.91333,27.84879,-16.49
2026-09-06_1600,85.352783,27.84879,-20.48
2026-09-06_1600,85.6604,27.907058,36.75
2026-09-06_1600,85.133057,27.790491,29.82
2026-09-06_1600,85.177002,27.771051,-10.31
2026-09-06_1600,85.506592,27.771051,-12.63
2026-09-06_1600,85.023193,27.868216,-27.65
2026-09-06_1600,85.24292,27.945886,17.52
2026-09-06_1600,85.286865,27.809927,124.91
2026-09-06_1600,85.001221,27.9847,-19.05
2026-09-06_1600,85.045166,27.868216,-46.01
2026-09-06_1600,85.133057,27.868216,19.49
2026-09-06_1600,85.440674,27.9847,33.95
2026-09-06_1600,84.979248,27.9847,-12.48
2026-09-06_1600,85.198975,27.887639,10.8
2026-09-06_1600,85.264893,27.809927,10.92
2026-09-06_1600,85.133057,27.73216,-13.51
2026-09-06_1600,85.286865,27.887639,-16.01
2026-09-06_1600,85.155029,27.926474,-24.2
2026-09-06_1600,84.91333,27.790491,-13.65
2026-09-06_1600,85.264893,27.868216,-25.89
2026-09-06_1600,85.770264,27.887639,13.82
2026-09-06_1600,85.198975,27.809927,-13.87
2026-09-06_1600,85.067139,27.790491,-18.58
2026-09-06_1600,85.638428,27.945886,13.13
2026-09-06_1600,85.24292,27.926474,12.12
2026-09-06_1600,85.704346,27.809927,12.6
2026-09-06_1600,85.330811,28.101058,-30.32
2026-09-06_1600,85.045166,28.159189,-10.72
2026-09-06_1600,85.045166,27.9847,19.49
2026-09-06_1600,85.24292,28.0235,30.81
2026-09-06_1600,85.770264,27.907058,13.9
2026-09-06_1600,85.24292,27.907058,10.82
2026-09-06_1600,85.155029,27.771051,-15.72
2026-09-06_1600,85.067139,27.771051,-10.18
2026-09-06_1600,85.396729,27.945886,-20.6
2026-09-06_1600,85.177002,27.887639,19.22
2026-09-06_1600,85.089111,27.868216,-15.9
2026-09-06_1600,85.067139,27.868216,-38.99
2026-09-06_1600,85.155029,28.004101,-27.68
2026-09-06_1600,85.792236,27.926474,-19.98
2026-09-06_1600,85.6604,27.965294,18.42
2026-09-06_1600,85.045166,27.84879,-28.36
2026-09-06_1600,85.089111,27.84879,-26.63
2026-09-06_1600,85.220947,27.84879,-13.58
2026-09-06_1600,84.935303,27.790491,-14.85
2026-09-06_1600,85.57251,27.907058,10.13
2026-09-06_1600,85.177002,27.868216,17.52
2026-09-06_1600,85.155029,28.0235,-30.11
2026-09-06_1600,85.155029,27.9847,-23.96
2026-09-06_1600,85.155029,27.965294,-27.59
2026-09-06_1600,85.682373,27.809927,17.32
2026-09-06_1600,85.177002,28.042894,-18.84
2026-09-06_1600,85.177002,27.965294,-51.52
2026-09-06_1600,84.979248,27.887639,-15.77
2026-09-06_1600,85.286865,28.139815,-36.3
2026-09-06_1600,85.418701,27.926474,10.34
2026-09-06_1600,85.264893,27.887639,-12.69
2026-09-06_1600,85.264893,27.926474,17.29
2026-09-06_1600,85.418701,27.965294,16.89
2026-09-06_1600,85.155029,27.887639,15.85
2026-09-06_1600,85.770264,27.868216,10.33
2026-09-06_1600,85.506592,27.809927,-13.11
2026-09-06_1600,85.155029,27.84879,20.34
2026-09-06_1600,84.979248,27.926474,-31.05
2026-09-06_1600,85.352783,27.868216,-36.9
2026-09-06_1600,85.264893,27.84879,-13.56
2026-09-06_1600,85.24292,27.9847,26.93
2026-09-06_1600,85.6604,27.9847,36.57
2026-09-06_1600,85.352783,27.907058,-10.93
2026-09-06_1600,85.045166,28.004101,14.02
2026-09-06_1600,85.528564,27.73216,-12.57
2026-09-06_1600,85.748291,27.868216,24.78
2026-09-06_1600,85.198975,27.9847,14.32
2026-09-06_1600,85.023193,28.0235,10.51
2026-09-06_1600,85.220947,27.9847,20.33
2026-09-06_1600,85.550537,27.82936,-10.05
2026-09-06_1600,85.177002,27.71271,-10.57
2026-09-06_1600,85.550537,27.71271,-11.64
2026-09-06_1600,85.638428,27.771051,10.89
2026-09-06_1600,85.177002,28.0235,-37.64
2026-09-06_1600,84.957275,28.004101,-15.81
2026-09-06_1600,85.286865,27.84879,-16.7
2026-09-06_1600,85.177002,27.9847,-19.07
2026-09-06_1600,85.155029,27.73216,-11.47
2026-09-06_1600,85.6604,27.809927,15.8
2026-09-06_1600,85.308838,28.139815,-42.6
2026-09-06_1600,85.133057,27.84879,10.06
2026-09-06_1600,85.286865,28.0235,18.71
2026-09-06_1600,85.155029,27.71271,-13.1
2026-09-06_1600,85.023193,27.84879,-28.56
2026-09-06_1600,85.308838,28.178559,-44.18
2026-09-06_1600,85.198975,27.965294,-15.59
2026-09-06_1600,85.198975,28.042894,-16.19
2026-09-06_1600,85.682373,27.926474,31.34
2026-09-06_1600,85.067139,28.178559,13.31
2026-09-06_1600,85.286865,28.081673,28.73
2026-09-06_1600,85.24292,27.965294,32.33
2026-09-06_1600,85.264893,27.945886,11.55
2026-09-06_1600,85.045166,27.907058,22.86
2026-09-06_1600,84.935303,28.042894,-12.82
2026-09-06_1600,85.133057,27.907058,25.22
2026-09-06_1600,85.023193,27.73216,-15.9
2026-09-06_1600,85.177002,27.907058,15.29
2026-09-06_1600,85.001221,27.926474,-23.08
2026-09-06_1600,85.24292,28.004101,18.85
2026-09-06_1600,85.308838,27.84879,-24.24
2026-09-06_1600,85.770264,27.84879,10.35
2026-09-06_1600,85.045166,27.790491,-16.1
2026-09-06_1600,85.220947,28.004101,22.66
2026-09-06_1600,85.220947,28.0235,24.65
2026-09-06_1600,85.57251,27.790491,12.61
2026-09-06_1600,85.198975,28.004101,15.24
2026-09-06_1600,85.198975,27.945886,-22.25
2026-09-06_1600,85.264893,28.004101,66.51
2026-09-06_1600,85.638428,27.965294,27.35
2026-09-06_1600,85.528564,27.809927,-11.88
2026-09-06_1600,85.220947,27.790491,-13.2
2026-09-06_1600,85.286865,28.004101,15.55
2026-09-06_1600,85.308838,28.120438,-16.29
2026-09-06_1600,85.001221,28.0235,11.29
2026-09-06_1600,85.177002,27.945886,-36.28
2026-09-06_1600,85.067139,27.887639,-13.83
2026-09-06_1600,84.979248,28.062286,-10.9
2026-09-06_1600,85.177002,28.004101,-28.32
2026-09-06_1600,84.91333,28.062286,-19.89
2026-09-06_1600,85.155029,27.945886,-23.24
2026-09-06_1600,85.616455,27.907058,13.47
2026-09-06_1600,85.133057,28.0235,-13.77
2026-09-06_1600,85.089111,27.809927,-13.51
2026-09-06_1600,85.089111,28.0235,-33.16
2026-09-06_1600,85.155029,27.868216,17.47
2026-09-06_1600,85.550537,27.751607,-11.89
2026-09-06_1600,85.638428,27.926474,12.74
2026-09-06_1600,85.133057,27.887639,12.22
2026-09-06_1600,85.155029,27.907058,27.5
2026-09-06_1600,84.957275,27.809927,-12.61
2026-09-06_1600,85.133057,27.965294,-14.73
2026-09-06_1600,84.979248,28.042894,20.91
2026-09-06_1600,85.001221,28.042894,30.74
2026-09-06_1600,84.979248,28.081673,-12.46
2026-09-06_1600,85.264893,28.120438,-21.77
2026-09-06_1600,85.111084,27.9847,-10.11
2026-09-06_1600,85.550537,27.73216,-11.02
2026-09-06_1600,85.528564,27.887639,13.15
2026-09-06_1600,85.770264,27.71271,-20.09
2026-09-06_1600,85.286865,28.101058,15.85
2026-09-06_1600,85.330811,27.868216,-30.27
2026-09-06_1600,85.374756,27.868216,-28.61
2026-09-06_1600,85.792236,27.790491,-13.36
2026-09-06_1600,84.91333,27.809927,-19.15
2026-09-06_1600,85.748291,27.73216,13.73
2026-09-06_1600,85.286865,28.120438,-17.05
2026-09-06_1600,85.067139,27.809927,-11.83
2026-09-06_1600,85.792236,27.809927,24.44
2026-09-06_1600,85.418701,27.809927,31.11
2026-09-06_1600,85.111084,28.0235,-23.53
2026-09-06_1600,85.440674,27.790491,11.18
2026-09-06_1600,85.198975,27.907058,17.66
2026-09-06_1600,85.264893,27.9847,39.77
2026-09-06_1600,85.067139,27.9847,19.55
