"rm_id","rm_name","dt","n_baseline","n_crisis","percent_change","pct_estimated"
"92635248B17565358300348","Sunkoshi","2026-08-26_0000",291.0,334.0,14.67,0.0
"92635248B17565358300348","Sunkoshi","2026-08-26_0800",172.0,188.0,9.28,0.0
"92635248B17565358300348","Sunkoshi","2026-08-26_1600",257.0,286.0,11.43,0.0
"92635248B17565358300348","Sunkoshi","2026-08-27_0000",293.0,308.0,5.31,0.0
"92635248B17565358300348","Sunkoshi","2026-08-27_0800",171.0,165.0,-3.46,0.0
"92635248B17565358300348","Sunkoshi","2026-08-27_1600",257.0,232.0,-9.74,0.0
"92635248B17565358300348","Sunkoshi","2026-08-28_0000",300.0,310.0,3.43,0.0
"92635248B17565358300348","Sunkoshi","2026-08-28_0800",183.0,191.0,4.07,0.0
"92635248B17565358300348","Sunkoshi","2026-08-28_1600",254.0,262.0,3.39,0.0
"92635248B17565358300348","Sunkoshi","2026-08-29_0000",291.0,293.0,0.56,0.0
"92635248B17565358300348","Sunkoshi","2026-08-29_0800",177.0,175.0,-1.28,0.0
"92635248B17565358300348","Sunkoshi","2026-08-29_1600",254.0,244.0,-4.07,0.0
"92635248B17565358300348","Sunkoshi","2026-08-30_0000",281.0,293.0,4.41,0.0
"92635248B17565358300348","Sunkoshi","2026-08-30_0800",171.0,167.0,-2.09,0.0
"92635248B17565358300348","Sunkoshi","2026-08-30_1600",251.0,272.0,8.26,0.0
"92635248B17565358300348","Sunkoshi","2026-08-31_0000",290.0,315.0,8.81,0.0
"92635248B17565358300348","Sunkoshi","2026-08-31_0800",169.0,164.0,-3.02,0.0
"92635248B17565358300348","Sunkoshi","2026-08-31_1600",251.0,260.0,3.73,0.0
"92635248B17565358300348","Sunkoshi","2026-09-01_0000",298.0,299.0,0.41,0.0
"92635248B17565358300348","Sunkoshi","2026-09-01_0800",175.0,151.0,-13.56,0.0
"92635248B17565358300348","Sunkoshi","2026-09-01_1600",248.0,264.0,6.18,0.0
"92635248B17565358300348","Sunkoshi","2026-09-02_0000",291.0,304.0,4.45,0.0
"92635248B17565358300348","Sunkoshi","2026-09-02_0800",172.0,162.0,-5.61,0.0
"92635248B17565358300348","Sunkoshi","2026-09-02_1600",257.0,264.0,2.93,0.0
"92635248B17565358300348","Sunkoshi","2026-09-03_0000",293.0,285.0,-2.81,0.0
"92635248B17565358300348","Sunkoshi","2026-09-03_0800",171.0,138.0,-19.16,0.0
"92635248B17565358300348","Sunkoshi","2026-09-03_1600",257.0,246.0,-4.3,0.0
"92635248B17565358300348","Sunkoshi","2026-09-04_0000",300.0,274.0,-8.59,0.0
"92635248B17565358300348","Sunkoshi","2026-09-04_0800",183.0,148.0,-19.56,0.0
"92635248B17565358300348","Sunkoshi","2026-09-04_1600",254.0,234.0,-7.8,0.0
"92635248B17565358300348","Sunkoshi","2026-09-05_0000",291.0,271.0,-6.92,0.0
"92635248B17565358300348","Sunkoshi","2026-09-05_0800",177.0,145.0,-18.47,0.0
"92635248B17565358300348","Sunkoshi","2026-09-05_1600",254.0,238.0,-6.52,0.0
"92635248B17565358300348","Sunkoshi","2026-09-06_0000",281.0,278.0,-0.86,0.0
"92635248B17565358300348","Sunkoshi","2026-09-06_0800",171.0,146.0,-14.26,0.0
"92635248B17565358300348","Sunkoshi","2026-09-06_1600",251.0,250.0,-0.59,0.0
"92635248B18396594109429","Dhunibesi","2026-08-26_0000",4163.0,4534.0,8.92,0.0
"92635248B18396594109429","Dhunibesi","2026-08-26_0800",3403.0,3608.0,6.01,0.0
"92635248B18396594109429","Dhunibesi","2026-08-26_1600",3832.0,3907.0,1.96,0.0
"92635248B18396594109429","Dhunibesi","2026-08-27_0000",4203.0,4285.0,1.94,0.0
"92635248B18396594109429","Dhunibesi","2026-08-27_0800",3414.0,3515.0,2.96,0.0
"92635248B18396594109429","Dhunibesi","2026-08-27_1600",3835.0,4003.0,4.4,0.0
"92635248B18396594109429","Dhunibesi","2026-08-28_0000",4251.0,4775.0,12.34,0.0
"92635248B18396594109429","Dhunibesi","2026-08-28_0800",3504.0,3510.0,0.16,0.0
"92635248B18396594109429","Dhunibesi","2026-08-28_1600",4045.0,4152.0,2.63,0.0
"92635248B18396594109429","Dhunibesi","2026-08-29_0000",4626.0,4948.0,6.94,0.0
"92635248B18396594109429","Dhunibesi","2026-08-29_0800",3427.0,3402.0,-0.73,0.0
"92635248B18396594109429","Dhunibesi","2026-08-29_1600",3978.0,4310.0,8.33,0.0
"92635248B18396594109429","Dhunibesi","2026-08-30_0000",4328.0,4422.0,2.17,0.0
"92635248B18396594109429","Dhunibesi","2026-08-30_0800",3435.0,3252.0,-5.35,0.0
"92635248B18396594109429","Dhunibesi","2026-08-30_1600",3793.0,3816.0,0.61,0.0
"92635248B18396594109429","Dhunibesi","2026-08-31_0000",4198.0,4278.0,1.91,0.0
"92635248B18396594109429","Dhunibesi","2026-08-31_0800",3422.0,3300.0,-3.56,0.0
"92635248B18396594109429","Dhunibesi","2026-08-31_1600",3805.0,3860.0,1.44,0.0
"92635248B18396594109429","Dhunibesi","2026-09-01_0000",4276.0,4223.0,-1.25,0.0
"92635248B18396594109429","Dhunibesi","2026-09-01_0800",3374.0,3262.0,-3.31,0.0
"92635248B18396594109429","Dhunibesi","2026-09-01_1600",3775.0,3728.0,-1.24,0.0
"92635248B18396594109429","Dhunibesi","2026-09-02_0000",4163.0,4220.0,1.38,0.0
"92635248B18396594109429","Dhunibesi","2026-09-02_0800",3403.0,3292.0,-3.28,0.0
"92635248B18396594109429","Dhunibesi","2026-09-02_1600",3832.0,3770.0,-1.61,0.0
"92635248B18396594109429","Dhunibesi","2026-09-03_0000",4203.0,4241.0,0.88,0.0
"92635248B18396594109429","Dhunibesi","2026-09-03_0800",3414.0,3296.0,-3.46,0.0
"92635248B18396594109429","Dhunibesi","2026-09-03_1600",3835.0,3861.0,0.7,0.0
"92635248B18396594109429","Dhunibesi","2026-09-04_0000",4251.0,4265.0,0.33,0.0
"92635248B18396594109429","Dhunibesi","2026-09-04_0800",3504.0,3348.0,-4.47,0.0
"92635248B18396594109429","Dhunibesi","2026-09-04_1600",4045.0,4008.0,-0.94,0.0
"92635248B18396594109429","Dhunibesi","2026-09-05_0000",4573.0,4560.0,-0.28,0.0
"92635248B18396594109429","Dhunibesi","2026-09-05_0800",3427.0,3255.0,-5.02,0.0
"92635248B18396594109429","Dhunibesi","2026-09-05_1600",3931.0,3770.0,-4.1,0.0
"92635248B18396594109429","Dhunibesi","2026-09-06_0000",4328.0,4260.0,-1.57,0.0
"92635248B18396594109429","Dhunibesi","2026-09-06_0800",3435.0,3188.0,-7.19,0.0
"92635248B18396594109429","Dhunibesi","2026-09-06_1600",3793.0,3717.0,-2.02,0.0
"92635248B19512638064374","Kalika","2026-08-26_0000",190.0,21.0,-88.79,0.0
"92635248B19512638064374","Kalika","2026-08-28_0000",162.0,40.0,-75.24,0.0
"92635248B19512638064374","Kalika","2026-08-28_0800",63.0,12.0,-80.96,0.0
"92635248B19512638064374","Kalika","2026-08-28_1600",144.0,32.0,-77.94,0.0
"92635248B19512638064374","Kalika","2026-08-29_0000",304.0,70.0,-76.91,0.0
"92635248B19512638064374","Kalika","2026-08-29_0800",64.0,15.0,-77.17,0.0
"92635248B19512638064374","Kalika","2026-08-29_1600",237.0,56.0,-76.59,0.0
"92635248B19512638064374","Kalika","2026-08-30_0000",271.0,51.0,-81.18,0.0
"92635248B19512638064374","Kalika","2026-08-30_0800",73.0,11.0,-85.33,0.0
"92635248B19512638064374","Kalika","2026-08-30_1600",225.0,56.0,-75.19,0.0
"92635248B19512638064374","Kalika","2026-08-31_0000",325.0,172.0,-47.1,0.0
"92635248B19512638064374","Kalika","2026-08-31_0800",134.0,28.0,-78.8,0.0
"92635248B19512638064374","Kalika","2026-08-31_1600",300.0,197.0,-34.42,0.0
"92635248B19512638064374","Kalika","2026-09-01_0000",367.0,294.0,-19.91,0.0
"92635248B19512638064374","Kalika","2026-09-01_0800",204.0,93.0,-54.64,0.0
"92635248B19512638064374","Kalika","2026-09-01_1600",310.0,313.0,1.21,0.0
"92635248B19512638064374","Kalika","2026-09-02_0000",336.0,326.0,-3.01,0.0
"92635248B19512638064374","Kalika","2026-09-02_0800",224.0,199.0,-10.87,0.0
"92635248B19512638064374","Kalika","2026-09-02_1600",291.0,278.0,-4.52,0.0
"92635248B19512638064374","Kalika","2026-09-03_0000",365.0,366.0,0.14,0.0
"92635248B19512638064374","Kalika","2026-09-03_0800",223.0,203.0,-8.91,0.0
"92635248B19512638064374","Kalika","2026-09-03_1600",298.0,302.0,1.21,0.0
"92635248B19512638064374","Kalika","2026-09-04_0000",345.0,343.0,-0.67,0.0
"92635248B19512638064374","Kalika","2026-09-04_0800",234.0,194.0,-16.83,0.0
"92635248B19512638064374","Kalika","2026-09-04_1600",312.0,317.0,1.87,0.0
"92635248B19512638064374","Kalika","2026-09-05_0000",358.0,382.0,6.85,0.0
"92635248B19512638064374","Kalika","2026-09-05_0800",231.0,210.0,-8.93,0.0
"92635248B19512638064374","Kalika","2026-09-05_1600",323.0,339.0,4.89,0.0
"92635248B19512638064374","Kalika","2026-09-06_0000",372.0,397.0,6.81,0.0
"92635248B19512638064374","Kalika","2026-09-06_0800",228.0,224.0,-1.95,0.0
"92635248B19512638064374","Kalika","2026-09-06_1600",297.0,354.0,19.21,0.0
"92635248B23618906148617","Panchpokhari Thangpal","2026-08-26_0000",432.0,496.0,14.82,0.0
"92635248B23618906148617","Panchpokhari Thangpal","2026-08-26_0800",218.0,207.0,-5.05,0.0
"92635248B23618906148617","Panchpokhari Thangpal","2026-08-26_1600",335.0,381.0,13.84,0.0
"92635248B23618906148617","Panchpokhari Thangpal","2026-08-27_0000",450.0,476.0,5.79,0.0
"92635248B23618906148617","Panchpokhari Thangpal","2026-08-27_0800",244.0,231.0,-5.29,0.0
"92635248B23618906148617","Panchpokhari Thangpal","2026-08-27_1600",338.0,300.0,-11.22,0.0
"92635248B23618906148617","Panchpokhari Thangpal","2026-08-28_0000",455.0,579.0,27.27,0.0
"92635248B23618906148617","Panchpokhari Thangpal","2026-08-28_0800",249.0,358.0,43.6,0.0
"92635248B23618906148617","Panchpokhari Thangpal","2026-08-28_1600",322.0,452.0,40.45,0.0
"92635248B23618906148617","Panchpokhari Thangpal","2026-08-29_0000",416.0,525.0,26.13,0.0
"92635248B23618906148617","Panchpokhari Thangpal","2026-08-29_0800",204.0,260.0,27.05,0.0
"92635248B23618906148617","Panchpokhari Thangpal","2026-08-29_1600",319.0,419.0,31.55,0.0
"92635248B23618906148617","Panchpokhari Thangpal","2026-08-30_0000",434.0,556.0,28.14,0.0
"92635248B23618906148617","Panchpokhari Thangpal","2026-08-30_0800",230.0,283.0,22.64,0.0
"92635248B23618906148617","Panchpokhari Thangpal","2026-08-30_1600",338.0,441.0,30.56,0.0
"92635248B23618906148617","Panchpokhari Thangpal","2026-08-31_0000",431.0,521.0,20.99,0.0
"92635248B23618906148617","Panchpokhari Thangpal","2026-08-31_0800",254.0,285.0,12.17,0.0
"92635248B23618906148617","Panchpokhari Thangpal","2026-08-31_1600",344.0,389.0,13.07,0.0
"92635248B23618906148617","Panchpokhari Thangpal","2026-09-01_0000",441.0,492.0,11.54,0.0
"92635248B23618906148617","Panchpokhari Thangpal","2026-09-01_0800",245.0,256.0,4.21,0.0
"92635248B23618906148617","Panchpokhari Thangpal","2026-09-01_1600",350.0,412.0,17.6,0.0
"92635248B23618906148617","Panchpokhari Thangpal","2026-09-02_0000",432.0,450.0,4.06,0.0
"92635248B23618906148617","Panchpokhari Thangpal","2026-09-02_0800",253.0,233.0,-7.93,0.0
"92635248B23618906148617","Panchpokhari Thangpal","2026-09-02_1600",335.0,381.0,13.95,0.0
"92635248B23618906148617","Panchpokhari Thangpal","2026-09-03_0000",450.0,510.0,13.17,0.0
"92635248B23618906148617","Panchpokhari Thangpal","2026-09-03_0800",231.0,225.0,-2.56,0.0
"92635248B23618906148617","Panchpokhari Thangpal","2026-09-03_1600",338.0,348.0,2.91,0.0
"92635248B23618906148617","Panchpokhari Thangpal","2026-09-04_0000",445.0,455.0,2.26,0.0
"92635248B23618906148617","Panchpokhari Thangpal","2026-09-04_0800",211.0,200.0,-4.92,0.0
"92635248B23618906148617","Panchpokhari Thangpal","2026-09-04_1600",322.0,340.0,5.55,0.0
"92635248B23618906148617","Panchpokhari Thangpal","2026-09-05_0000",416.0,452.0,8.54,0.0
"92635248B23618906148617","Panchpokhari Thangpal","2026-09-05_0800",204.0,209.0,2.35,0.0
"92635248B23618906148617","Panchpokhari Thangpal","2026-09-05_1600",319.0,341.0,6.85,0.0
"92635248B23618906148617","Panchpokhari Thangpal","2026-09-06_0000",434.0,469.0,8.26,0.0
"92635248B23618906148617","Panchpokhari Thangpal","2026-09-06_0800",205.0,190.0,-7.37,0.0
"92635248B23618906148617","Panchpokhari Thangpal","2026-09-06_1600",337.0,369.0,9.34,0.0
"92635248B24266009844664","Tadi","2026-08-26_0000",191.0,77.0,-59.5,0.0
"92635248B24266009844664","Tadi","2026-08-26_0800",64.0,31.0,-52.33,0.0
"92635248B24266009844664","Tadi","2026-08-26_1600",234.0,183.0,-21.55,0.0
"92635248B24266009844664","Tadi","2026-08-27_0000",271.0,221.0,-18.59,0.0
"92635248B24266009844664","Tadi","2026-08-27_0800",128.0,128.0,0.04,0.0
"92635248B24266009844664","Tadi","2026-08-27_1600",224.0,178.0,-20.59,0.0
"92635248B24266009844664","Tadi","2026-08-28_0000",271.0,263.0,-3.02,0.0
"92635248B24266009844664","Tadi","2026-08-28_0800",152.0,148.0,-2.75,0.0
"92635248B24266009844664","Tadi","2026-08-28_1600",231.0,232.0,0.04,0.0
"92635248B24266009844664","Tadi","2026-08-29_0000",275.0,289.0,5.11,0.0
"92635248B24266009844664","Tadi","2026-08-29_0800",118.0,73.0,-38.62,0.0
"92635248B24266009844664","Tadi","2026-08-29_1600",237.0,232.0,-2.09,0.0
"92635248B24266009844664","Tadi","2026-08-30_0000",275.0,291.0,5.93,0.0
"92635248B24266009844664","Tadi","2026-08-30_0800",155.0,145.0,-6.27,0.0
"92635248B24266009844664","Tadi","2026-08-30_1600",232.0,227.0,-2.44,0.0
"92635248B24266009844664","Tadi","2026-08-31_0000",279.0,262.0,-6.11,0.0
"92635248B24266009844664","Tadi","2026-08-31_0800",65.0,25.0,-61.34,0.0
"92635248B24266009844664","Tadi","2026-08-31_1600",130.0,50.0,-61.74,0.0
"92635248B24266009844664","Tadi","2026-09-01_0000",239.0,126.0,-47.23,0.0
"92635248B24266009844664","Tadi","2026-09-01_0800",119.0,92.0,-22.3,0.0
"92635248B24266009844664","Tadi","2026-09-01_1600",239.0,238.0,-0.14,0.0
"92635248B24266009844664","Tadi","2026-09-02_0000",282.0,286.0,1.5,0.0
"92635248B24266009844664","Tadi","2026-09-02_0800",128.0,109.0,-15.22,0.0
"92635248B24266009844664","Tadi","2026-09-02_1600",234.0,238.0,1.91,0.0
"92635248B24266009844664","Tadi","2026-09-03_0000",271.0,260.0,-4.1,0.0
"92635248B24266009844664","Tadi","2026-09-03_0800",117.0,114.0,-2.47,0.0
"92635248B24266009844664","Tadi","2026-09-03_1600",224.0,220.0,-1.91,0.0
"92635248B24266009844664","Tadi","2026-09-04_0000",271.0,273.0,0.5,0.0
"92635248B24266009844664","Tadi","2026-09-04_0800",139.0,129.0,-7.03,0.0
"92635248B24266009844664","Tadi","2026-09-04_1600",231.0,236.0,1.82,0.0
"92635248B24266009844664","Tadi","2026-09-05_0000",275.0,268.0,-2.51,0.0
"92635248B24266009844664","Tadi","2026-09-05_0800",143.0,129.0,-10.33,0.0
"92635248B24266009844664","Tadi","2026-09-05_1600",237.0,237.0,0.19,0.0
"92635248B24266009844664","Tadi","2026-09-06_0000",275.0,278.0,1.37,0.0
"92635248B24266009844664","Tadi","2026-09-06_0800",142.0,115.0,-18.7,0.0
"92635248B24266009844664","Tadi","2026-09-06_1600",232.0,230.0,-1.1,0.0
"92635248B25863663482910","Helambu","2026-08-26_0000",342.0,388.0,13.6,0.0
"92635248B25863663482910","Helambu","2026-08-26_0800",171.0,193.0,12.93,0.0
"92635248B25863663482910","Helambu","2026-08-26_1600",279.0,318.0,14.0,0.0
"92635248B25863663482910","Helambu","2026-08-27_0000",349.0,389.0,11.48,0.0
"92635248B25863663482910","Helambu","2026-08-27_0800",190.0,199.0,4.6,0.0
"92635248B25863663482910","Helambu","2026-08-27_1600",252.0,243.0,-3.61,0.0
"92635248B25863663482910","Helambu","2026-08-28_0000",323.0,346.0,6.9,0.0
"92635248B25863663482910","Helambu","2026-08-28_0800",158.0,172.0,8.64,0.0
"92635248B25863663482910","Helambu","2026-08-28_1600",254.0,292.0,14.66,0.0
"92635248B25863663482910","Helambu","2026-08-29_0000",352.0,365.0,3.77,0.0
"92635248B25863663482910","Helambu","2026-08-29_0800",156.0,113.0,-27.58,0.0
"92635248B25863663482910","Helambu","2026-08-29_1600",259.0,279.0,7.41,0.0
"92635248B25863663482910","Helambu","2026-08-30_0000",332.0,375.0,12.96,0.0
"92635248B25863663482910","Helambu","2026-08-30_0800",156.0,159.0,2.36,0.0
"92635248B25863663482910","Helambu","2026-08-30_1600",266.0,279.0,5.0,0.0
"92635248B25863663482910","Helambu","2026-08-31_0000",345.0,354.0,2.5,0.0
"92635248B25863663482910","Helambu","2026-08-31_0800",143.0,111.0,-22.74,0.0
"92635248B25863663482910","Helambu","2026-08-31_1600",257.0,258.0,0.53,0.0
"92635248B25863663482910","Helambu","2026-09-01_0000",358.0,363.0,1.32,0.0
"92635248B25863663482910","Helambu","2026-09-01_0800",164.0,136.0,-16.74,0.0
"92635248B25863663482910","Helambu","2026-09-01_1600",271.0,286.0,5.7,0.0
"92635248B25863663482910","Helambu","2026-09-02_0000",342.0,356.0,4.26,0.0
"92635248B25863663482910","Helambu","2026-09-02_0800",159.0,161.0,1.04,0.0
"92635248B25863663482910","Helambu","2026-09-02_1600",268.0,287.0,7.03,0.0
"92635248B25863663482910","Helambu","2026-09-03_0000",349.0,353.0,1.11,0.0
"92635248B25863663482910","Helambu","2026-09-03_0800",178.0,158.0,-11.68,0.0
"92635248B25863663482910","Helambu","2026-09-03_1600",262.0,253.0,-3.4,0.0
"92635248B25863663482910","Helambu","2026-09-04_0000",336.0,308.0,-8.31,0.0
"92635248B25863663482910","Helambu","2026-09-04_0800",158.0,130.0,-18.17,0.0
"92635248B25863663482910","Helambu","2026-09-04_1600",254.0,242.0,-4.77,0.0
"92635248B25863663482910","Helambu","2026-09-05_0000",340.0,322.0,-5.3,0.0
"92635248B25863663482910","Helambu","2026-09-05_0800",156.0,134.0,-14.18,0.0
"92635248B25863663482910","Helambu","2026-09-05_1600",249.0,237.0,-4.76,0.0
"92635248B25863663482910","Helambu","2026-09-06_0000",320.0,317.0,-0.97,0.0
"92635248B25863663482910","Helambu","2026-09-06_0800",167.0,155.0,-6.82,0.0
"92635248B25863663482910","Helambu","2026-09-06_1600",266.0,265.0,-0.26,0.0
"92635248B2872161047320","Budhanilakantha","2026-08-26_0000",42418.0,44920.0,5.9,0.0
"92635248B2872161047320","Budhanilakantha","2026-08-26_0800",34103.0,35586.0,4.35,0.0
"92635248B2872161047320","Budhanilakantha","2026-08-26_1600",38114.0,39389.0,3.34,0.0
"92635248B2872161047320","Budhanilakantha","2026-08-27_0000",42780.0,43323.0,1.27,0.0
"92635248B2872161047320","Budhanilakantha","2026-08-27_0800",34141.0,34918.0,2.27,0.0
"92635248B2872161047320","Budhanilakantha","2026-08-27_1600",38255.0,38710.0,1.19,0.0
"92635248B2872161047320","Budhanilakantha","2026-08-28_0000",42318.0,45976.0,8.64,0.0
"92635248B2872161047320","Budhanilakantha","2026-08-28_0800",34341.0,34439.0,0.29,0.0
"92635248B2872161047320","Budhanilakantha","2026-08-28_1600",38933.0,39914.0,2.52,0.0
"92635248B2872161047320","Budhanilakantha","2026-08-29_0000",44590.0,45324.0,1.65,0.0
"92635248B2872161047320","Budhanilakantha","2026-08-29_0800",34163.0,33722.0,-1.29,0.0
"92635248B2872161047320","Budhanilakantha","2026-08-29_1600",39187.0,39677.0,1.25,0.0
"92635248B2872161047320","Budhanilakantha","2026-08-30_0000",43946.0,44322.0,0.86,0.0
"92635248B2872161047320","Budhanilakantha","2026-08-30_0800",34255.0,34556.0,0.88,0.0
"92635248B2872161047320","Budhanilakantha","2026-08-30_1600",38208.0,38607.0,1.05,0.0
"92635248B2872161047320","Budhanilakantha","2026-08-31_0000",42653.0,43449.0,1.87,0.0
"92635248B2872161047320","Budhanilakantha","2026-08-31_0800",34256.0,33932.0,-0.95,0.0
"92635248B2872161047320","Budhanilakantha","2026-08-31_1600",38124.0,38562.0,1.15,0.0
"92635248B2872161047320","Budhanilakantha","2026-09-01_0000",43723.0,43761.0,0.09,0.0
"92635248B2872161047320","Budhanilakantha","2026-09-01_0800",34224.0,33655.0,-1.66,0.0
"92635248B2872161047320","Budhanilakantha","2026-09-01_1600",37876.0,38341.0,1.23,0.0
"92635248B2872161047320","Budhanilakantha","2026-09-02_0000",42418.0,42973.0,1.31,0.0
"92635248B2872161047320","Budhanilakantha","2026-09-02_0800",34103.0,34092.0,-0.03,0.0
"92635248B2872161047320","Budhanilakantha","2026-09-02_1600",38114.0,38538.0,1.11,0.0
"92635248B2872161047320","Budhanilakantha","2026-09-03_0000",42780.0,43548.0,1.8,0.0
"92635248B2872161047320","Budhanilakantha","2026-09-03_0800",34141.0,34234.0,0.27,0.0
"92635248B2872161047320","Budhanilakantha","2026-09-03_1600",38255.0,39707.0,3.79,0.0
"92635248B2872161047320","Budhanilakantha","2026-09-04_0000",42318.0,43652.0,3.15,0.0
"92635248B2872161047320","Budhanilakantha","2026-09-04_0800",34341.0,34198.0,-0.42,0.0
"92635248B2872161047320","Budhanilakantha","2026-09-04_1600",38933.0,39662.0,1.87,0.0
"92635248B2872161047320","Budhanilakantha","2026-09-05_0000",44590.0,45176.0,1.31,0.0
"92635248B2872161047320","Budhanilakantha","2026-09-05_0800",34163.0,33685.0,-1.4,0.0
"92635248B2872161047320","Budhanilakantha","2026-09-05_1600",39187.0,39492.0,0.78,0.0
"92635248B2872161047320","Budhanilakantha","2026-09-06_0000",43946.0,43999.0,0.12,0.0
"92635248B2872161047320","Budhanilakantha","2026-09-06_0800",34255.0,33673.0,-1.7,0.0
"92635248B2872161047320","Budhanilakantha","2026-09-06_1600",38208.0,38491.0,0.74,0.0
"92635248B30352350789557","Gosaikunda","2026-08-26_0000",158.0,84.0,-46.91,0.0
"92635248B30352350789557","Gosaikunda","2026-08-27_0000",187.0,106.0,-43.17,0.0
"92635248B30352350789557","Gosaikunda","2026-08-27_0800",138.0,98.0,-28.65,0.0
"92635248B30352350789557","Gosaikunda","2026-08-27_1600",155.0,134.0,-13.71,0.0
"92635248B30352350789557","Gosaikunda","2026-08-28_0000",180.0,181.0,0.18,0.0
"92635248B30352350789557","Gosaikunda","2026-08-28_0800",139.0,93.0,-33.18,0.0
"92635248B30352350789557","Gosaikunda","2026-08-28_1600",162.0,146.0,-10.1,0.0
"92635248B30352350789557","Gosaikunda","2026-08-29_0000",174.0,167.0,-4.35,0.0
"92635248B30352350789557","Gosaikunda","2026-08-29_0800",133.0,118.0,-10.61,0.0
"92635248B30352350789557","Gosaikunda","2026-08-29_1600",167.0,167.0,-0.19,0.0
"92635248B30352350789557","Gosaikunda","2026-08-30_0000",198.0,202.0,1.78,0.0
"92635248B30352350789557","Gosaikunda","2026-08-30_0800",136.0,115.0,-15.37,0.0
"92635248B30352350789557","Gosaikunda","2026-08-30_1600",159.0,154.0,-3.34,0.0
"92635248B30352350789557","Gosaikunda","2026-08-31_0000",229.0,218.0,-4.73,0.0
"92635248B30352350789557","Gosaikunda","2026-08-31_0800",138.0,112.0,-18.62,0.0
"92635248B30352350789557","Gosaikunda","2026-08-31_1600",190.0,196.0,3.24,0.0
"92635248B30352350789557","Gosaikunda","2026-09-01_0000",460.0,274.0,-40.54,0.0
"92635248B30352350789557","Gosaikunda","2026-09-01_0800",122.0,143.0,17.3,0.0
"92635248B30352350789557","Gosaikunda","2026-09-01_1600",221.0,185.0,-16.3,0.0
"92635248B30352350789557","Gosaikunda","2026-09-02_0000",219.0,267.0,21.87,0.0
"92635248B30352350789557","Gosaikunda","2026-09-02_0800",122.0,162.0,32.61,0.0
"92635248B30352350789557","Gosaikunda","2026-09-02_1600",235.0,242.0,2.71,0.0
"92635248B30352350789557","Gosaikunda","2026-09-03_0000",309.0,300.0,-2.97,0.0
"92635248B30352350789557","Gosaikunda","2026-09-03_0800",138.0,184.0,33.56,0.0
"92635248B30352350789557","Gosaikunda","2026-09-03_1600",240.0,255.0,6.36,0.0
"92635248B30352350789557","Gosaikunda","2026-09-04_0000",315.0,299.0,-5.16,0.0
"92635248B30352350789557","Gosaikunda","2026-09-04_0800",168.0,176.0,4.66,0.0
"92635248B30352350789557","Gosaikunda","2026-09-04_1600",222.0,254.0,14.26,0.0
"92635248B30352350789557","Gosaikunda","2026-09-05_0000",323.0,317.0,-1.83,0.0
"92635248B30352350789557","Gosaikunda","2026-09-05_0800",158.0,154.0,-2.4,0.0
"92635248B30352350789557","Gosaikunda","2026-09-05_1600",196.0,239.0,22.27,0.0
"92635248B30352350789557","Gosaikunda","2026-09-06_0000",332.0,295.0,-11.33,0.0
"92635248B30352350789557","Gosaikunda","2026-09-06_0800",146.0,148.0,1.44,0.0
"92635248B30352350789557","Gosaikunda","2026-09-06_1600",196.0,192.0,-1.92,0.0
"92635248B305631733846","Panchakanya","2026-08-26_0000",357.0,144.0,-59.75,0.0
"92635248B305631733846","Panchakanya","2026-08-26_0800",103.0,44.0,-57.13,0.0
"92635248B305631733846","Panchakanya","2026-08-26_1600",336.0,220.0,-34.49,0.0
"92635248B305631733846","Panchakanya","2026-08-27_0000",398.0,339.0,-14.95,0.0
"92635248B305631733846","Panchakanya","2026-08-27_0800",236.0,219.0,-7.43,0.0
"92635248B305631733846","Panchakanya","2026-08-27_1600",321.0,243.0,-24.28,0.0
"92635248B305631733846","Panchakanya","2026-08-28_0000",411.0,447.0,8.86,0.0
"92635248B305631733846","Panchakanya","2026-08-28_0800",251.0,270.0,7.51,0.0
"92635248B305631733846","Panchakanya","2026-08-28_1600",360.0,391.0,8.57,0.0
"92635248B305631733846","Panchakanya","2026-08-29_0000",423.0,491.0,16.09,0.0
"92635248B305631733846","Panchakanya","2026-08-29_0800",233.0,221.0,-4.97,0.0
"92635248B305631733846","Panchakanya","2026-08-29_1600",358.0,390.0,8.94,0.0
"92635248B305631733846","Panchakanya","2026-08-30_0000",398.0,436.0,9.41,0.0
"92635248B305631733846","Panchakanya","2026-08-30_0800",250.0,238.0,-4.72,0.0
"92635248B305631733846","Panchakanya","2026-08-30_1600",354.0,367.0,3.6,0.0
"92635248B305631733846","Panchakanya","2026-08-31_0000",415.0,410.0,-1.27,0.0
"92635248B305631733846","Panchakanya","2026-08-31_0800",174.0,132.0,-23.9,0.0
"92635248B305631733846","Panchakanya","2026-08-31_1600",311.0,227.0,-26.95,0.0
"92635248B305631733846","Panchakanya","2026-09-01_0000",414.0,323.0,-21.97,0.0
"92635248B305631733846","Panchakanya","2026-09-01_0800",221.0,190.0,-14.1,0.0
"92635248B305631733846","Panchakanya","2026-09-01_1600",354.0,377.0,6.33,0.0
"92635248B305631733846","Panchakanya","2026-09-02_0000",406.0,428.0,5.39,0.0
"92635248B305631733846","Panchakanya","2026-09-02_0800",240.0,215.0,-10.34,0.0
"92635248B305631733846","Panchakanya","2026-09-02_1600",358.0,360.0,0.52,0.0
"92635248B305631733846","Panchakanya","2026-09-03_0000",398.0,424.0,6.58,0.0
"92635248B305631733846","Panchakanya","2026-09-03_0800",236.0,231.0,-2.05,0.0
"92635248B305631733846","Panchakanya","2026-09-03_1600",343.0,358.0,4.37,0.0
"92635248B305631733846","Panchakanya","2026-09-04_0000",411.0,411.0,-0.05,0.0
"92635248B305631733846","Panchakanya","2026-09-04_0800",251.0,224.0,-10.93,0.0
"92635248B305631733846","Panchakanya","2026-09-04_1600",360.0,358.0,-0.57,0.0
"92635248B305631733846","Panchakanya","2026-09-05_0000",423.0,447.0,5.85,0.0
"92635248B305631733846","Panchakanya","2026-09-05_0800",263.0,218.0,-17.13,0.0
"92635248B305631733846","Panchakanya","2026-09-05_1600",358.0,358.0,0.13,0.0
"92635248B305631733846","Panchakanya","2026-09-06_0000",398.0,377.0,-5.3,0.0
"92635248B305631733846","Panchakanya","2026-09-06_0800",172.0,107.0,-37.44,0.0
"92635248B305631733846","Panchakanya","2026-09-06_1600",354.0,307.0,-13.3,0.0
"92635248B33637774042411","Kakani","2026-08-26_0000",873.0,810.0,-7.25,0.0
"92635248B33637774042411","Kakani","2026-08-26_0800",504.0,429.0,-14.78,0.0
"92635248B33637774042411","Kakani","2026-08-26_1600",896.0,929.0,3.69,0.0
"92635248B33637774042411","Kakani","2026-08-27_0000",1024.0,1069.0,4.42,0.0
"92635248B33637774042411","Kakani","2026-08-27_0800",725.0,764.0,5.48,0.0
"92635248B33637774042411","Kakani","2026-08-27_1600",909.0,936.0,2.94,0.0
"92635248B33637774042411","Kakani","2026-08-28_0000",1041.0,1225.0,17.59,0.0
"92635248B33637774042411","Kakani","2026-08-28_0800",774.0,838.0,8.23,0.0
"92635248B33637774042411","Kakani","2026-08-28_1600",993.0,1090.0,9.85,0.0
"92635248B33637774042411","Kakani","2026-08-29_0000",1169.0,1151.0,-1.56,0.0
"92635248B33637774042411","Kakani","2026-08-29_0800",757.0,760.0,0.37,0.0
"92635248B33637774042411","Kakani","2026-08-29_1600",940.0,1013.0,7.76,0.0
"92635248B33637774042411","Kakani","2026-08-30_0000",1041.0,1150.0,10.51,0.0
"92635248B33637774042411","Kakani","2026-08-30_0800",717.0,751.0,4.69,0.0
"92635248B33637774042411","Kakani","2026-08-30_1600",900.0,1008.0,12.02,0.0
"92635248B33637774042411","Kakani","2026-08-31_0000",1024.0,1116.0,8.98,0.0
"92635248B33637774042411","Kakani","2026-08-31_0800",715.0,705.0,-1.52,0.0
"92635248B33637774042411","Kakani","2026-08-31_1600",899.0,977.0,8.74,0.0
"92635248B33637774042411","Kakani","2026-09-01_0000",1041.0,1013.0,-2.71,0.0
"92635248B33637774042411","Kakani","2026-09-01_0800",603.0,468.0,-22.3,0.0
"92635248B33637774042411","Kakani","2026-09-01_1600",844.0,900.0,6.73,0.0
"92635248B33637774042411","Kakani","2026-09-02_0000",1009.0,1081.0,7.14,0.0
"92635248B33637774042411","Kakani","2026-09-02_0800",680.0,729.0,7.19,0.0
"92635248B33637774042411","Kakani","2026-09-02_1600",882.0,934.0,5.84,0.0
"92635248B33637774042411","Kakani","2026-09-03_0000",1024.0,1031.0,0.63,0.0
"92635248B33637774042411","Kakani","2026-09-03_0800",688.0,661.0,-3.88,0.0
"92635248B33637774042411","Kakani","2026-09-03_1600",909.0,915.0,0.61,0.0
"92635248B33637774042411","Kakani","2026-09-04_0000",1041.0,1036.0,-0.54,0.0
"92635248B33637774042411","Kakani","2026-09-04_0800",763.0,685.0,-10.24,0.0
"92635248B33637774042411","Kakani","2026-09-04_1600",993.0,980.0,-1.32,0.0
"92635248B33637774042411","Kakani","2026-09-05_0000",1169.0,1070.0,-8.47,0.0
"92635248B33637774042411","Kakani","2026-09-05_0800",746.0,695.0,-6.83,0.0
"92635248B33637774042411","Kakani","2026-09-05_1600",940.0,920.0,-2.12,0.0
"92635248B33637774042411","Kakani","2026-09-06_0000",1041.0,1054.0,1.29,0.0
"92635248B33637774042411","Kakani","2026-09-06_0800",681.0,619.0,-9.11,0.0
"92635248B33637774042411","Kakani","2026-09-06_1600",900.0,895.0,-0.51,0.0
"92635248B35177440058329","Shivapuri Watershed and Wildlife Reserve","2026-08-26_0000",161.0,194.0,20.5,0.0
"92635248B35177440058329","Shivapuri Watershed and Wildlife Reserve","2026-08-26_1600",13.0,16.0,19.64,0.0
"92635248B35177440058329","Shivapuri Watershed and Wildlife Reserve","2026-08-27_0000",127.0,437.0,243.31,0.0
"92635248B35177440058329","Shivapuri Watershed and Wildlife Reserve","2026-08-27_0800",106.0,137.0,29.46,0.0
"92635248B35177440058329","Shivapuri Watershed and Wildlife Reserve","2026-08-27_1600",15.0,18.0,20.5,0.0
"92635248B35177440058329","Shivapuri Watershed and Wildlife Reserve","2026-08-28_0000",17.0,23.0,30.02,0.0
"92635248B35177440058329","Shivapuri Watershed and Wildlife Reserve","2026-08-28_0800",18.0,22.0,22.49,0.0
"92635248B35177440058329","Shivapuri Watershed and Wildlife Reserve","2026-08-28_1600",143.0,186.0,30.82,0.0
"92635248B35177440058329","Shivapuri Watershed and Wildlife Reserve","2026-08-29_0000",179.0,212.0,18.66,0.0
"92635248B35177440058329","Shivapuri Watershed and Wildlife Reserve","2026-08-29_0800",97.0,137.0,41.74,0.0
"92635248B35177440058329","Shivapuri Watershed and Wildlife Reserve","2026-08-29_1600",34.0,38.0,11.57,0.0
"92635248B35177440058329","Shivapuri Watershed and Wildlife Reserve","2026-08-30_0000",149.0,194.0,29.77,0.0
"92635248B35177440058329","Shivapuri Watershed and Wildlife Reserve","2026-08-30_0800",89.0,133.0,49.66,0.0
"92635248B35177440058329","Shivapuri Watershed and Wildlife Reserve","2026-08-30_1600",13.0,19.0,51.15,0.0
"92635248B35177440058329","Shivapuri Watershed and Wildlife Reserve","2026-08-31_0000",105.0,162.0,55.23,0.0
"92635248B35177440058329","Shivapuri Watershed and Wildlife Reserve","2026-08-31_0800",84.0,111.0,31.91,0.0
"92635248B35177440058329","Shivapuri Watershed and Wildlife Reserve","2026-08-31_1600",129.0,143.0,11.01,0.0
"92635248B35177440058329","Shivapuri Watershed and Wildlife Reserve","2026-09-01_0000",141.0,156.0,10.76,0.0
"92635248B35177440058329","Shivapuri Watershed and Wildlife Reserve","2026-09-01_0800",10.0,16.0,61.34,0.0
"92635248B35177440058329","Shivapuri Watershed and Wildlife Reserve","2026-09-01_1600",14.0,19.0,40.3,0.0
"92635248B35177440058329","Shivapuri Watershed and Wildlife Reserve","2026-09-02_0000",142.0,160.0,12.77,0.0
"92635248B35177440058329","Shivapuri Watershed and Wildlife Reserve","2026-09-02_0800",77.0,112.0,45.39,0.0
"92635248B35177440058329","Shivapuri Watershed and Wildlife Reserve","2026-09-02_1600",127.0,144.0,13.84,0.0
"92635248B35177440058329","Shivapuri Watershed and Wildlife Reserve","2026-09-03_0000",130.0,158.0,20.89,0.0
"92635248B35177440058329","Shivapuri Watershed and Wildlife Reserve","2026-09-03_0800",106.0,134.0,26.44,0.0
"92635248B35177440058329","Shivapuri Watershed and Wildlife Reserve","2026-09-03_1600",15.0,18.0,18.13,0.0
"92635248B35177440058329","Shivapuri Watershed and Wildlife Reserve","2026-09-04_0000",151.0,186.0,23.04,0.0
"92635248B35177440058329","Shivapuri Watershed and Wildlife Reserve","2026-09-04_0800",92.0,127.0,37.97,0.0
"92635248B35177440058329","Shivapuri Watershed and Wildlife Reserve","2026-09-04_1600",122.0,155.0,27.3,0.0
"92635248B35177440058329","Shivapuri Watershed and Wildlife Reserve","2026-09-05_0000",160.0,182.0,13.63,0.0
"92635248B35177440058329","Shivapuri Watershed and Wildlife Reserve","2026-09-05_0800",97.0,133.0,37.29,0.0
"92635248B35177440058329","Shivapuri Watershed and Wildlife Reserve","2026-09-05_1600",123.0,169.0,37.8,0.0
"92635248B35177440058329","Shivapuri Watershed and Wildlife Reserve","2026-09-06_0000",149.0,190.0,27.57,0.0
"92635248B35177440058329","Shivapuri Watershed and Wildlife Reserve","2026-09-06_0800",89.0,121.0,35.54,0.0
"92635248B35177440058329","Shivapuri Watershed and Wildlife Reserve","2026-09-06_1600",67.0,141.0,109.66,0.0
"92635248B36445886140497","Dupcheshwar","2026-08-26_0000",136.0,68.0,-49.63,0.0
"92635248B36445886140497","Dupcheshwar","2026-08-26_0800",66.0,35.0,-46.66,0.0
"92635248B36445886140497","Dupcheshwar","2026-08-26_1600",209.0,211.0,1.1,0.0
"92635248B36445886140497","Dupcheshwar","2026-08-27_0000",239.0,255.0,6.96,0.0
"92635248B36445886140497","Dupcheshwar","2026-08-27_0800",103.0,109.0,6.43,0.0
"92635248B36445886140497","Dupcheshwar","2026-08-27_1600",176.0,169.0,-3.79,0.0
"92635248B36445886140497","Dupcheshwar","2026-08-28_0000",236.0,261.0,10.47,0.0
"92635248B36445886140497","Dupcheshwar","2026-08-28_0800",106.0,101.0,-5.32,0.0
"92635248B36445886140497","Dupcheshwar","2026-08-28_1600",232.0,264.0,13.44,0.0
"92635248B36445886140497","Dupcheshwar","2026-08-29_0000",283.0,312.0,10.17,0.0
"92635248B36445886140497","Dupcheshwar","2026-08-29_0800",83.0,50.0,-40.3,0.0
"92635248B36445886140497","Dupcheshwar","2026-08-29_1600",209.0,192.0,-8.31,0.0
"92635248B36445886140497","Dupcheshwar","2026-08-30_0000",253.0,243.0,-3.87,0.0
"92635248B36445886140497","Dupcheshwar","2026-08-30_0800",103.0,91.0,-11.22,0.0
"92635248B36445886140497","Dupcheshwar","2026-08-30_1600",211.0,206.0,-2.18,0.0
"92635248B36445886140497","Dupcheshwar","2026-08-31_0000",263.0,250.0,-4.93,0.0
"92635248B36445886140497","Dupcheshwar","2026-08-31_1600",78.0,32.0,-58.6,0.0
"92635248B36445886140497","Dupcheshwar","2026-09-01_0000",184.0,102.0,-44.59,0.0
"92635248B36445886140497","Dupcheshwar","2026-09-01_0800",72.0,47.0,-34.74,0.0
"92635248B36445886140497","Dupcheshwar","2026-09-01_1600",184.0,176.0,-4.64,0.0
"92635248B36445886140497","Dupcheshwar","2026-09-02_0000",245.0,226.0,-7.48,0.0
"92635248B36445886140497","Dupcheshwar","2026-09-02_0800",111.0,97.0,-12.67,0.0
"92635248B36445886140497","Dupcheshwar","2026-09-02_1600",209.0,200.0,-4.34,0.0
"92635248B36445886140497","Dupcheshwar","2026-09-03_0000",251.0,250.0,-0.17,0.0
"92635248B36445886140497","Dupcheshwar","2026-09-03_0800",91.0,89.0,-2.97,0.0
"92635248B36445886140497","Dupcheshwar","2026-09-03_1600",176.0,165.0,-5.97,0.0
"92635248B36445886140497","Dupcheshwar","2026-09-04_0000",212.0,197.0,-7.23,0.0
"92635248B36445886140497","Dupcheshwar","2026-09-04_0800",94.0,73.0,-22.86,0.0
"92635248B36445886140497","Dupcheshwar","2026-09-04_1600",198.0,172.0,-12.93,0.0
"92635248B36445886140497","Dupcheshwar","2026-09-05_0000",283.0,231.0,-18.46,0.0
"92635248B36445886140497","Dupcheshwar","2026-09-05_0800",122.0,97.0,-20.76,0.0
"92635248B36445886140497","Dupcheshwar","2026-09-05_1600",189.0,159.0,-15.82,0.0
"92635248B36445886140497","Dupcheshwar","2026-09-06_0000",241.0,229.0,-4.81,0.0
"92635248B36445886140497","Dupcheshwar","2026-09-06_0800",92.0,76.0,-16.86,0.0
"92635248B36445886140497","Dupcheshwar","2026-09-06_1600",223.0,216.0,-3.01,0.0
"92635248B3914868323660","Tarakeshwor","2026-08-26_0000",29173.0,32455.0,11.25,0.0
"92635248B3914868323660","Tarakeshwor","2026-08-26_0800",25214.0,27430.0,8.79,0.0
"92635248B3914868323660","Tarakeshwor","2026-08-26_1600",26854.0,28825.0,7.34,0.0
"92635248B3914868323660","Tarakeshwor","2026-08-27_0000",29543.0,31018.0,4.99,0.0
"92635248B3914868323660","Tarakeshwor","2026-08-27_0800",25233.0,26842.0,6.38,0.0
"92635248B3914868323660","Tarakeshwor","2026-08-27_1600",27016.0,29481.0,9.13,0.0
"92635248B3914868323660","Tarakeshwor","2026-08-28_0000",29245.0,34430.0,17.73,0.0
"92635248B3914868323660","Tarakeshwor","2026-08-28_0800",25401.0,26404.0,3.95,0.0
"92635248B3914868323660","Tarakeshwor","2026-08-28_1600",28342.0,29918.0,5.56,0.0
"92635248B3914868323660","Tarakeshwor","2026-08-29_0000",31902.0,33411.0,4.73,0.0
"92635248B3914868323660","Tarakeshwor","2026-08-29_0800",25235.0,25646.0,1.63,0.0
"92635248B3914868323660","Tarakeshwor","2026-08-29_1600",28046.0,29437.0,4.96,0.0
"92635248B3914868323660","Tarakeshwor","2026-08-30_0000",30665.0,32028.0,4.45,0.0
"92635248B3914868323660","Tarakeshwor","2026-08-30_0800",25399.0,26322.0,3.64,0.0
"92635248B3914868323660","Tarakeshwor","2026-08-30_1600",26998.0,28095.0,4.06,0.0
"92635248B3914868323660","Tarakeshwor","2026-08-31_0000",29512.0,30816.0,4.42,0.0
"92635248B3914868323660","Tarakeshwor","2026-08-31_0800",25360.0,25715.0,1.4,0.0
"92635248B3914868323660","Tarakeshwor","2026-08-31_1600",26898.0,27887.0,3.68,0.0
"92635248B3914868323660","Tarakeshwor","2026-09-01_0000",30059.0,30812.0,2.51,0.0
"92635248B3914868323660","Tarakeshwor","2026-09-01_0800",25279.0,25697.0,1.65,0.0
"92635248B3914868323660","Tarakeshwor","2026-09-01_1600",26769.0,27803.0,3.86,0.0
"92635248B3914868323660","Tarakeshwor","2026-09-02_0000",29173.0,30477.0,4.47,0.0
"92635248B3914868323660","Tarakeshwor","2026-09-02_0800",25214.0,25794.0,2.3,0.0
"92635248B3914868323660","Tarakeshwor","2026-09-02_1600",26854.0,27692.0,3.12,0.0
"92635248B3914868323660","Tarakeshwor","2026-09-03_0000",29543.0,30683.0,3.86,0.0
"92635248B3914868323660","Tarakeshwor","2026-09-03_0800",25233.0,25879.0,2.56,0.0
"92635248B3914868323660","Tarakeshwor","2026-09-03_1600",27016.0,28883.0,6.91,0.0
"92635248B3914868323660","Tarakeshwor","2026-09-04_0000",29245.0,30817.0,5.38,0.0
"92635248B3914868323660","Tarakeshwor","2026-09-04_0800",25401.0,25655.0,1.0,0.0
"92635248B3914868323660","Tarakeshwor","2026-09-04_1600",28342.0,29379.0,3.66,0.0
"92635248B3914868323660","Tarakeshwor","2026-09-05_0000",31902.0,33100.0,3.76,0.0
"92635248B3914868323660","Tarakeshwor","2026-09-05_0800",25235.0,25456.0,0.88,0.0
"92635248B3914868323660","Tarakeshwor","2026-09-05_1600",28046.0,28577.0,1.89,0.0
"92635248B3914868323660","Tarakeshwor","2026-09-06_0000",30665.0,31480.0,2.66,0.0
"92635248B3914868323660","Tarakeshwor","2026-09-06_0800",25399.0,25127.0,-1.07,0.0
"92635248B3914868323660","Tarakeshwor","2026-09-06_1600",26998.0,27672.0,2.49,0.0
"92635248B43171846256071","Nagarjun","2026-08-26_0000",24269.0,26429.0,8.9,0.0
"92635248B43171846256071","Nagarjun","2026-08-26_0800",20213.0,21786.0,7.79,0.0
"92635248B43171846256071","Nagarjun","2026-08-26_1600",22108.0,23433.0,5.99,0.0
"92635248B43171846256071","Nagarjun","2026-08-27_0000",24508.0,25555.0,4.27,0.0
"92635248B43171846256071","Nagarjun","2026-08-27_0800",20263.0,21054.0,3.9,0.0
"92635248B43171846256071","Nagarjun","2026-08-27_1600",22099.0,23323.0,5.54,0.0
"92635248B43171846256071","Nagarjun","2026-08-28_0000",24319.0,27171.0,11.73,0.0
"92635248B43171846256071","Nagarjun","2026-08-28_0800",20286.0,20766.0,2.37,0.0
"92635248B43171846256071","Nagarjun","2026-08-28_1600",22700.0,23727.0,4.52,0.0
"92635248B43171846256071","Nagarjun","2026-08-29_0000",25760.0,26405.0,2.5,0.0
"92635248B43171846256071","Nagarjun","2026-08-29_0800",20159.0,20275.0,0.58,0.0
"92635248B43171846256071","Nagarjun","2026-08-29_1600",22714.0,23239.0,2.31,0.0
"92635248B43171846256071","Nagarjun","2026-08-30_0000",25238.0,26078.0,3.33,0.0
"92635248B43171846256071","Nagarjun","2026-08-30_0800",20346.0,20563.0,1.07,0.0
"92635248B43171846256071","Nagarjun","2026-08-30_1600",22098.0,22680.0,2.64,0.0
"92635248B43171846256071","Nagarjun","2026-08-31_0000",24531.0,25362.0,3.39,0.0
"92635248B43171846256071","Nagarjun","2026-08-31_0800",20319.0,20221.0,-0.48,0.0
"92635248B43171846256071","Nagarjun","2026-08-31_1600",22134.0,22531.0,1.79,0.0
"92635248B43171846256071","Nagarjun","2026-09-01_0000",25044.0,25370.0,1.3,0.0
"92635248B43171846256071","Nagarjun","2026-09-01_0800",20254.0,20052.0,-1.0,0.0
"92635248B43171846256071","Nagarjun","2026-09-01_1600",21935.0,22477.0,2.47,0.0
"92635248B43171846256071","Nagarjun","2026-09-02_0000",24269.0,25146.0,3.61,0.0
"92635248B43171846256071","Nagarjun","2026-09-02_0800",20213.0,20423.0,1.04,0.0
"92635248B43171846256071","Nagarjun","2026-09-02_1600",22108.0,22581.0,2.14,0.0
"92635248B43171846256071","Nagarjun","2026-09-03_0000",24508.0,25302.0,3.24,0.0
"92635248B43171846256071","Nagarjun","2026-09-03_0800",20263.0,20533.0,1.33,0.0
"92635248B43171846256071","Nagarjun","2026-09-03_1600",22099.0,23140.0,4.71,0.0
"92635248B43171846256071","Nagarjun","2026-09-04_0000",24319.0,25130.0,3.33,0.0
"92635248B43171846256071","Nagarjun","2026-09-04_0800",20286.0,20608.0,1.59,0.0
"92635248B43171846256071","Nagarjun","2026-09-04_1600",22700.0,23582.0,3.89,0.0
"92635248B43171846256071","Nagarjun","2026-09-05_0000",25760.0,26579.0,3.18,0.0
"92635248B43171846256071","Nagarjun","2026-09-05_0800",20159.0,20106.0,-0.26,0.0
"92635248B43171846256071","Nagarjun","2026-09-05_1600",22714.0,22796.0,0.36,0.0
"92635248B43171846256071","Nagarjun","2026-09-06_0000",25238.0,25685.0,1.77,0.0
"92635248B43171846256071","Nagarjun","2026-09-06_0800",20346.0,20192.0,-0.76,0.0
"92635248B43171846256071","Nagarjun","2026-09-06_1600",22098.0,22442.0,1.56,0.0
"92635248B43375601040542","Indrawati","2026-08-26_0000",466.0,504.0,8.02,0.0
"92635248B43375601040542","Indrawati","2026-08-26_0800",250.0,256.0,2.24,0.0
"92635248B43375601040542","Indrawati","2026-08-26_1600",405.0,447.0,10.26,0.0
"92635248B43375601040542","Indrawati","2026-08-27_0000",482.0,511.0,5.95,0.0
"92635248B43375601040542","Indrawati","2026-08-27_0800",224.0,181.0,-19.27,0.0
"92635248B43375601040542","Indrawati","2026-08-27_1600",389.0,355.0,-8.81,0.0
"92635248B43375601040542","Indrawati","2026-08-28_0000",472.0,559.0,18.62,0.0
"92635248B43375601040542","Indrawati","2026-08-28_0800",257.0,291.0,13.34,0.0
"92635248B43375601040542","Indrawati","2026-08-28_1600",398.0,420.0,5.62,0.0
"92635248B43375601040542","Indrawati","2026-08-29_0000",455.0,467.0,2.66,0.0
"92635248B43375601040542","Indrawati","2026-08-29_0800",169.0,96.0,-43.11,0.0
"92635248B43375601040542","Indrawati","2026-08-29_1600",394.0,401.0,1.73,0.0
"92635248B43375601040542","Indrawati","2026-08-30_0000",446.0,452.0,1.29,0.0
"92635248B43375601040542","Indrawati","2026-08-30_0800",243.0,254.0,4.46,0.0
"92635248B43375601040542","Indrawati","2026-08-30_1600",382.0,405.0,6.05,0.0
"92635248B43375601040542","Indrawati","2026-08-31_0000",459.0,451.0,-1.63,0.0
"92635248B43375601040542","Indrawati","2026-08-31_0800",177.0,101.0,-43.07,0.0
"92635248B43375601040542","Indrawati","2026-08-31_1600",370.0,362.0,-2.15,0.0
"92635248B43375601040542","Indrawati","2026-09-01_0000",478.0,490.0,2.32,0.0
"92635248B43375601040542","Indrawati","2026-09-01_0800",238.0,198.0,-17.07,0.0
"92635248B43375601040542","Indrawati","2026-09-01_1600",395.0,402.0,1.79,0.0
"92635248B43375601040542","Indrawati","2026-09-02_0000",463.0,492.0,6.18,0.0
"92635248B43375601040542","Indrawati","2026-09-02_0800",272.0,263.0,-3.07,0.0
"92635248B43375601040542","Indrawati","2026-09-02_1600",405.0,404.0,-0.31,0.0
"92635248B43375601040542","Indrawati","2026-09-03_0000",425.0,472.0,10.9,0.0
"92635248B43375601040542","Indrawati","2026-09-03_0800",222.0,178.0,-19.95,0.0
"92635248B43375601040542","Indrawati","2026-09-03_1600",388.0,408.0,5.24,0.0
"92635248B43375601040542","Indrawati","2026-09-04_0000",461.0,479.0,3.84,0.0
"92635248B43375601040542","Indrawati","2026-09-04_0800",257.0,243.0,-5.33,0.0
"92635248B43375601040542","Indrawati","2026-09-04_1600",398.0,414.0,4.18,0.0
"92635248B43375601040542","Indrawati","2026-09-05_0000",455.0,483.0,6.23,0.0
"92635248B43375601040542","Indrawati","2026-09-05_0800",250.0,230.0,-8.37,0.0
"92635248B43375601040542","Indrawati","2026-09-05_1600",384.0,376.0,-2.19,0.0
"92635248B43375601040542","Indrawati","2026-09-06_0000",432.0,450.0,4.09,0.0
"92635248B43375601040542","Indrawati","2026-09-06_0800",233.0,216.0,-7.34,0.0
"92635248B43375601040542","Indrawati","2026-09-06_1600",393.0,410.0,4.38,0.0
"92635248B43956313817165","Belkotgadhi","2026-08-26_0000",471.0,163.0,-65.39,0.0
"92635248B43956313817165","Belkotgadhi","2026-08-26_0800",125.0,51.0,-58.97,0.0
"92635248B43956313817165","Belkotgadhi","2026-08-26_1600",196.0,91.0,-53.33,0.0
"92635248B43956313817165","Belkotgadhi","2026-08-27_0000",987.0,671.0,-31.98,0.0
"92635248B43956313817165","Belkotgadhi","2026-08-27_0800",592.0,466.0,-21.27,0.0
"92635248B43956313817165","Belkotgadhi","2026-08-27_1600",902.0,668.0,-26.03,0.0
"92635248B43956313817165","Belkotgadhi","2026-08-28_0000",1018.0,949.0,-6.81,0.0
"92635248B43956313817165","Belkotgadhi","2026-08-28_0800",645.0,584.0,-9.35,0.0
"92635248B43956313817165","Belkotgadhi","2026-08-28_1600",909.0,889.0,-2.2,0.0
"92635248B43956313817165","Belkotgadhi","2026-08-29_0000",1016.0,945.0,-7.01,0.0
"92635248B43956313817165","Belkotgadhi","2026-08-29_0800",605.0,496.0,-17.99,0.0
"92635248B43956313817165","Belkotgadhi","2026-08-29_1600",909.0,874.0,-3.83,0.0
"92635248B43956313817165","Belkotgadhi","2026-08-30_0000",1012.0,941.0,-6.99,0.0
"92635248B43956313817165","Belkotgadhi","2026-08-30_0800",611.0,547.0,-10.54,0.0
"92635248B43956313817165","Belkotgadhi","2026-08-30_1600",887.0,828.0,-6.63,0.0
"92635248B43956313817165","Belkotgadhi","2026-08-31_0000",1008.0,948.0,-5.94,0.0
"92635248B43956313817165","Belkotgadhi","2026-08-31_0800",549.0,361.0,-34.16,0.0
"92635248B43956313817165","Belkotgadhi","2026-08-31_1600",897.0,753.0,-15.97,0.0
"92635248B43956313817165","Belkotgadhi","2026-09-01_0000",1021.0,915.0,-10.36,0.0
"92635248B43956313817165","Belkotgadhi","2026-09-01_0800",540.0,435.0,-19.45,0.0
"92635248B43956313817165","Belkotgadhi","2026-09-01_1600",879.0,776.0,-11.69,0.0
"92635248B43956313817165","Belkotgadhi","2026-09-02_0000",1012.0,918.0,-9.25,0.0
"92635248B43956313817165","Belkotgadhi","2026-09-02_0800",591.0,538.0,-9.03,0.0
"92635248B43956313817165","Belkotgadhi","2026-09-02_1600",888.0,799.0,-10.01,0.0
"92635248B43956313817165","Belkotgadhi","2026-09-03_0000",1013.0,970.0,-4.25,0.0
"92635248B43956313817165","Belkotgadhi","2026-09-03_0800",605.0,548.0,-9.4,0.0
"92635248B43956313817165","Belkotgadhi","2026-09-03_1600",902.0,865.0,-4.14,0.0
"92635248B43956313817165","Belkotgadhi","2026-09-04_0000",1018.0,1016.0,-0.17,0.0
"92635248B43956313817165","Belkotgadhi","2026-09-04_0800",621.0,543.0,-12.44,0.0
"92635248B43956313817165","Belkotgadhi","2026-09-04_1600",909.0,889.0,-2.28,0.0
"92635248B43956313817165","Belkotgadhi","2026-09-05_0000",1016.0,1028.0,1.13,0.0
"92635248B43956313817165","Belkotgadhi","2026-09-05_0800",606.0,537.0,-11.43,0.0
"92635248B43956313817165","Belkotgadhi","2026-09-05_1600",909.0,878.0,-3.43,0.0
"92635248B43956313817165","Belkotgadhi","2026-09-06_0000",1012.0,914.0,-9.73,0.0
"92635248B43956313817165","Belkotgadhi","2026-09-06_0800",520.0,419.0,-19.35,0.0
"92635248B43956313817165","Belkotgadhi","2026-09-06_1600",887.0,873.0,-1.55,0.0
"92635248B45876172984247","Kageshwori Manahora","2026-08-26_0000",10062.0,10744.0,6.77,0.0
"92635248B45876172984247","Kageshwori Manahora","2026-08-26_0800",8589.0,9048.0,5.35,0.0
"92635248B45876172984247","Kageshwori Manahora","2026-08-26_1600",9203.0,9627.0,4.6,0.0
"92635248B45876172984247","Kageshwori Manahora","2026-08-27_0000",10170.0,10458.0,2.82,0.0
"92635248B45876172984247","Kageshwori Manahora","2026-08-27_0800",8572.0,8852.0,3.27,0.0
"92635248B45876172984247","Kageshwori Manahora","2026-08-27_1600",9256.0,9566.0,3.36,0.0
"92635248B45876172984247","Kageshwori Manahora","2026-08-28_0000",10082.0,11393.0,13.0,0.0
"92635248B45876172984247","Kageshwori Manahora","2026-08-28_0800",8666.0,8812.0,1.68,0.0
"92635248B45876172984247","Kageshwori Manahora","2026-08-28_1600",9820.0,10257.0,4.44,0.0
"92635248B45876172984247","Kageshwori Manahora","2026-08-29_0000",11071.0,11502.0,3.89,0.0
"92635248B45876172984247","Kageshwori Manahora","2026-08-29_0800",8610.0,8545.0,-0.75,0.0
"92635248B45876172984247","Kageshwori Manahora","2026-08-29_1600",9627.0,9696.0,0.72,0.0
"92635248B45876172984247","Kageshwori Manahora","2026-08-30_0000",10563.0,10869.0,2.9,0.0
"92635248B45876172984247","Kageshwori Manahora","2026-08-30_0800",8636.0,8779.0,1.66,0.0
"92635248B45876172984247","Kageshwori Manahora","2026-08-30_1600",9213.0,9419.0,2.23,0.0
"92635248B45876172984247","Kageshwori Manahora","2026-08-31_0000",10166.0,10418.0,2.47,0.0
"92635248B45876172984247","Kageshwori Manahora","2026-08-31_0800",8591.0,8515.0,-0.88,0.0
"92635248B45876172984247","Kageshwori Manahora","2026-08-31_1600",9213.0,9311.0,1.06,0.0
"92635248B45876172984247","Kageshwori Manahora","2026-09-01_0000",10395.0,10437.0,0.41,0.0
"92635248B45876172984247","Kageshwori Manahora","2026-09-01_0800",8606.0,8411.0,-2.26,0.0
"92635248B45876172984247","Kageshwori Manahora","2026-09-01_1600",9179.0,9300.0,1.32,0.0
"92635248B45876172984247","Kageshwori Manahora","2026-09-02_0000",10062.0,10277.0,2.14,0.0
"92635248B45876172984247","Kageshwori Manahora","2026-09-02_0800",8589.0,8636.0,0.55,0.0
"92635248B45876172984247","Kageshwori Manahora","2026-09-02_1600",9203.0,9331.0,1.39,0.0
"92635248B45876172984247","Kageshwori Manahora","2026-09-03_0000",10170.0,10315.0,1.42,0.0
"92635248B45876172984247","Kageshwori Manahora","2026-09-03_0800",8572.0,8628.0,0.65,0.0
"92635248B45876172984247","Kageshwori Manahora","2026-09-03_1600",9256.0,9746.0,5.3,0.0
"92635248B45876172984247","Kageshwori Manahora","2026-09-04_0000",10082.0,10773.0,6.85,0.0
"92635248B45876172984247","Kageshwori Manahora","2026-09-04_0800",8666.0,8635.0,-0.36,0.0
"92635248B45876172984247","Kageshwori Manahora","2026-09-04_1600",9820.0,10023.0,2.06,0.0
"92635248B45876172984247","Kageshwori Manahora","2026-09-05_0000",11071.0,11287.0,1.95,0.0
"92635248B45876172984247","Kageshwori Manahora","2026-09-05_0800",8610.0,8416.0,-2.25,0.0
"92635248B45876172984247","Kageshwori Manahora","2026-09-05_1600",9627.0,9767.0,1.46,0.0
"92635248B45876172984247","Kageshwori Manahora","2026-09-06_0000",10563.0,10734.0,1.62,0.0
"92635248B45876172984247","Kageshwori Manahora","2026-09-06_0800",8636.0,8495.0,-1.63,0.0
"92635248B45876172984247","Kageshwori Manahora","2026-09-06_1600",9213.0,9312.0,1.08,0.0
"92635248B46571941754675","Jugal","2026-08-26_0000",177.0,181.0,2.07,0.0
"92635248B46571941754675","Jugal","2026-08-26_0800",39.0,48.0,21.49,0.0
"92635248B46571941754675","Jugal","2026-08-26_1600",127.0,138.0,8.23,0.0
"92635248B46571941754675","Jugal","2026-08-27_0000",166.0,177.0,6.17,0.0
"92635248B46571941754675","Jugal","2026-08-27_0800",26.0,26.0,0.95,0.0
"92635248B46571941754675","Jugal","2026-08-27_1600",134.0,129.0,-3.21,0.0
"92635248B46571941754675","Jugal","2026-08-28_0000",148.0,150.0,0.9,0.0
"92635248B46571941754675","Jugal","2026-08-28_0800",40.0,26.0,-35.45,0.0
"92635248B46571941754675","Jugal","2026-08-28_1600",60.0,53.0,-10.76,0.0
"92635248B46571941754675","Jugal","2026-08-29_0000",147.0,145.0,-1.31,0.0
"92635248B46571941754675","Jugal","2026-08-29_0800",41.0,40.0,-2.86,0.0
"92635248B46571941754675","Jugal","2026-08-29_1600",99.0,108.0,9.15,0.0
"92635248B46571941754675","Jugal","2026-08-30_0000",173.0,196.0,13.17,0.0
"92635248B46571941754675","Jugal","2026-08-30_0800",41.0,38.0,-5.67,0.0
"92635248B46571941754675","Jugal","2026-08-30_1600",114.0,127.0,12.21,0.0
"92635248B46571941754675","Jugal","2026-08-31_0000",174.0,192.0,10.25,0.0
"92635248B46571941754675","Jugal","2026-08-31_0800",41.0,40.0,-2.19,0.0
"92635248B46571941754675","Jugal","2026-08-31_1600",101.0,105.0,4.59,0.0
"92635248B46571941754675","Jugal","2026-09-01_0000",176.0,178.0,1.35,0.0
"92635248B46571941754675","Jugal","2026-09-01_0800",40.0,37.0,-5.75,0.0
"92635248B46571941754675","Jugal","2026-09-01_1600",99.0,109.0,10.05,0.0
"92635248B46571941754675","Jugal","2026-09-02_0000",172.0,180.0,4.66,0.0
"92635248B46571941754675","Jugal","2026-09-02_0800",39.0,40.0,1.17,0.0
"92635248B46571941754675","Jugal","2026-09-02_1600",138.0,150.0,9.2,0.0
"92635248B46571941754675","Jugal","2026-09-03_0000",177.0,171.0,-3.2,0.0
"92635248B46571941754675","Jugal","2026-09-03_0800",41.0,41.0,-0.93,0.0
"92635248B46571941754675","Jugal","2026-09-03_1600",81.0,81.0,-0.61,0.0
"92635248B46571941754675","Jugal","2026-09-04_0000",176.0,168.0,-4.17,0.0
"92635248B46571941754675","Jugal","2026-09-04_0800",40.0,43.0,7.76,0.0
"92635248B46571941754675","Jugal","2026-09-04_1600",103.0,107.0,4.66,0.0
"92635248B46571941754675","Jugal","2026-09-05_0000",172.0,171.0,-0.47,0.0
"92635248B46571941754675","Jugal","2026-09-05_0800",51.0,48.0,-5.01,0.0
"92635248B46571941754675","Jugal","2026-09-05_1600",110.0,115.0,4.64,0.0
"92635248B46571941754675","Jugal","2026-09-06_0000",173.0,172.0,-0.43,0.0
"92635248B46571941754675","Jugal","2026-09-06_0800",51.0,53.0,5.42,0.0
"92635248B46571941754675","Jugal","2026-09-06_1600",136.0,148.0,8.64,0.0
"92635248B4772816067977","Gangajamuna","2026-08-26_0000",63.0,58.0,-7.76,0.0
"92635248B4772816067977","Gangajamuna","2026-08-26_0800",15.0,12.0,-14.65,0.0
"92635248B4772816067977","Gangajamuna","2026-08-26_1600",46.0,45.0,-1.23,0.0
"92635248B4772816067977","Gangajamuna","2026-08-27_0000",63.0,58.0,-6.87,0.0
"92635248B4772816067977","Gangajamuna","2026-08-27_0800",14.0,13.0,-6.9,0.0
"92635248B4772816067977","Gangajamuna","2026-08-27_1600",32.0,25.0,-20.46,0.0
"92635248B4772816067977","Gangajamuna","2026-08-28_0000",61.0,40.0,-33.91,0.0
"92635248B4772816067977","Gangajamuna","2026-08-28_1600",45.0,37.0,-16.77,0.0
"92635248B4772816067977","Gangajamuna","2026-08-29_0000",49.0,45.0,-7.32,0.0
"92635248B4772816067977","Gangajamuna","2026-08-29_0800",15.0,11.0,-25.16,0.0
"92635248B4772816067977","Gangajamuna","2026-08-29_1600",37.0,23.0,-37.97,0.0
"92635248B4772816067977","Gangajamuna","2026-08-30_0000",44.0,31.0,-29.7,0.0
"92635248B4772816067977","Gangajamuna","2026-08-30_0800",16.0,12.0,-20.38,0.0
"92635248B4772816067977","Gangajamuna","2026-08-30_1600",39.0,33.0,-15.44,0.0
"92635248B4772816067977","Gangajamuna","2026-08-31_0000",127.0,119.0,-5.87,0.0
"92635248B4772816067977","Gangajamuna","2026-08-31_0800",29.0,27.0,-9.28,0.0
"92635248B4772816067977","Gangajamuna","2026-08-31_1600",74.0,69.0,-6.49,0.0
"92635248B4772816067977","Gangajamuna","2026-09-01_0000",91.0,75.0,-17.76,0.0
"92635248B4772816067977","Gangajamuna","2026-09-01_1600",67.0,54.0,-19.38,0.0
"92635248B4772816067977","Gangajamuna","2026-09-02_0000",123.0,123.0,0.08,0.0
"92635248B4772816067977","Gangajamuna","2026-09-02_0800",29.0,31.0,8.04,0.0
"92635248B4772816067977","Gangajamuna","2026-09-02_1600",98.0,113.0,14.89,0.0
"92635248B4772816067977","Gangajamuna","2026-09-03_0000",123.0,121.0,-1.65,0.0
"92635248B4772816067977","Gangajamuna","2026-09-03_0800",29.0,31.0,8.01,0.0
"92635248B4772816067977","Gangajamuna","2026-09-03_1600",61.0,59.0,-3.66,0.0
"92635248B4772816067977","Gangajamuna","2026-09-04_0000",134.0,124.0,-7.72,0.0
"92635248B4772816067977","Gangajamuna","2026-09-04_0800",15.0,12.0,-21.57,0.0
"92635248B4772816067977","Gangajamuna","2026-09-04_1600",55.0,52.0,-5.17,0.0
"92635248B4772816067977","Gangajamuna","2026-09-05_0000",126.0,121.0,-3.75,0.0
"92635248B4772816067977","Gangajamuna","2026-09-05_0800",29.0,26.0,-11.54,0.0
"92635248B4772816067977","Gangajamuna","2026-09-05_1600",61.0,65.0,7.7,0.0
"92635248B4772816067977","Gangajamuna","2026-09-06_0000",121.0,111.0,-7.84,0.0
"92635248B4772816067977","Gangajamuna","2026-09-06_0800",16.0,11.0,-27.79,0.0
"92635248B4772816067977","Gangajamuna","2026-09-06_1600",75.0,64.0,-14.14,0.0
"92635248B47783309690674","Nilakantha","2026-08-26_0000",663.0,735.0,10.87,0.0
"92635248B47783309690674","Nilakantha","2026-08-26_0800",416.0,468.0,12.46,0.0
"92635248B47783309690674","Nilakantha","2026-08-26_1600",536.0,589.0,9.86,0.0
"92635248B47783309690674","Nilakantha","2026-08-27_0000",680.0,694.0,2.12,0.0
"92635248B47783309690674","Nilakantha","2026-08-27_0800",465.0,475.0,2.11,0.0
"92635248B47783309690674","Nilakantha","2026-08-27_1600",576.0,591.0,2.52,0.0
"92635248B47783309690674","Nilakantha","2026-08-28_0000",727.0,752.0,3.43,0.0
"92635248B47783309690674","Nilakantha","2026-08-28_0800",431.0,458.0,6.07,0.0
"92635248B47783309690674","Nilakantha","2026-08-28_1600",594.0,652.0,9.8,0.0
"92635248B47783309690674","Nilakantha","2026-08-29_0000",662.0,669.0,0.94,0.0
"92635248B47783309690674","Nilakantha","2026-08-29_0800",436.0,421.0,-3.42,0.0
"92635248B47783309690674","Nilakantha","2026-08-29_1600",591.0,623.0,5.31,0.0
"92635248B47783309690674","Nilakantha","2026-08-30_0000",680.0,715.0,5.19,0.0
"92635248B47783309690674","Nilakantha","2026-08-30_0800",462.0,504.0,9.01,0.0
"92635248B47783309690674","Nilakantha","2026-08-30_1600",628.0,652.0,3.77,0.0
"92635248B47783309690674","Nilakantha","2026-08-31_0000",745.0,729.0,-2.15,0.0
"92635248B47783309690674","Nilakantha","2026-08-31_0800",457.0,441.0,-3.49,0.0
"92635248B47783309690674","Nilakantha","2026-08-31_1600",638.0,649.0,1.72,0.0
"92635248B47783309690674","Nilakantha","2026-09-01_0000",849.0,848.0,-0.05,0.0
"92635248B47783309690674","Nilakantha","2026-09-01_0800",479.0,472.0,-1.45,0.0
"92635248B47783309690674","Nilakantha","2026-09-01_1600",683.0,689.0,0.96,0.0
"92635248B47783309690674","Nilakantha","2026-09-02_0000",868.0,891.0,2.61,0.0
"92635248B47783309690674","Nilakantha","2026-09-02_0800",504.0,498.0,-1.21,0.0
"92635248B47783309690674","Nilakantha","2026-09-02_1600",734.0,753.0,2.55,0.0
"92635248B47783309690674","Nilakantha","2026-09-03_0000",849.0,846.0,-0.38,0.0
"92635248B47783309690674","Nilakantha","2026-09-03_0800",556.0,540.0,-2.83,0.0
"92635248B47783309690674","Nilakantha","2026-09-03_1600",744.0,774.0,4.12,0.0
"92635248B47783309690674","Nilakantha","2026-09-04_0000",862.0,896.0,3.9,0.0
"92635248B47783309690674","Nilakantha","2026-09-04_0800",503.0,494.0,-1.83,0.0
"92635248B47783309690674","Nilakantha","2026-09-04_1600",724.0,699.0,-3.4,0.0
"92635248B47783309690674","Nilakantha","2026-09-05_0000",870.0,901.0,3.52,0.0
"92635248B47783309690674","Nilakantha","2026-09-05_0800",500.0,454.0,-9.17,0.0
"92635248B47783309690674","Nilakantha","2026-09-05_1600",708.0,711.0,0.5,0.0
"92635248B47783309690674","Nilakantha","2026-09-06_0000",855.0,871.0,1.84,0.0
"92635248B47783309690674","Nilakantha","2026-09-06_0800",474.0,441.0,-6.98,0.0
"92635248B47783309690674","Nilakantha","2026-09-06_1600",704.0,703.0,-0.21,0.0
"92635248B48041942094289","Gokarneshwor","2026-08-26_0000",36770.0,38748.0,5.38,0.0
"92635248B48041942094289","Gokarneshwor","2026-08-26_0800",29812.0,31108.0,4.34,0.0
"92635248B48041942094289","Gokarneshwor","2026-08-26_1600",32937.0,34053.0,3.39,0.0
"92635248B48041942094289","Gokarneshwor","2026-08-27_0000",37124.0,37911.0,2.12,0.0
"92635248B48041942094289","Gokarneshwor","2026-08-27_0800",29828.0,30364.0,1.8,0.0
"92635248B48041942094289","Gokarneshwor","2026-08-27_1600",33056.0,32997.0,-0.18,0.0
"92635248B48041942094289","Gokarneshwor","2026-08-28_0000",36799.0,39431.0,7.15,0.0
"92635248B48041942094289","Gokarneshwor","2026-08-28_0800",30083.0,30036.0,-0.16,0.0
"92635248B48041942094289","Gokarneshwor","2026-08-28_1600",33924.0,34784.0,2.53,0.0
"92635248B48041942094289","Gokarneshwor","2026-08-29_0000",38865.0,39936.0,2.75,0.0
"92635248B48041942094289","Gokarneshwor","2026-08-29_0800",29892.0,29451.0,-1.47,0.0
"92635248B48041942094289","Gokarneshwor","2026-08-29_1600",33850.0,34202.0,1.04,0.0
"92635248B48041942094289","Gokarneshwor","2026-08-30_0000",38037.0,38565.0,1.39,0.0
"92635248B48041942094289","Gokarneshwor","2026-08-30_0800",30010.0,30252.0,0.81,0.0
"92635248B48041942094289","Gokarneshwor","2026-08-30_1600",32966.0,33476.0,1.55,0.0
"92635248B48041942094289","Gokarneshwor","2026-08-31_0000",37043.0,37832.0,2.13,0.0
"92635248B48041942094289","Gokarneshwor","2026-08-31_0800",29943.0,29539.0,-1.35,0.0
"92635248B48041942094289","Gokarneshwor","2026-08-31_1600",32983.0,33291.0,0.93,0.0
"92635248B48041942094289","Gokarneshwor","2026-09-01_0000",37996.0,38070.0,0.19,0.0
"92635248B48041942094289","Gokarneshwor","2026-09-01_0800",29868.0,29388.0,-1.61,0.0
"92635248B48041942094289","Gokarneshwor","2026-09-01_1600",32703.0,33261.0,1.71,0.0
"92635248B48041942094289","Gokarneshwor","2026-09-02_0000",36770.0,37285.0,1.4,0.0
"92635248B48041942094289","Gokarneshwor","2026-09-02_0800",29851.0,29889.0,0.13,0.0
"92635248B48041942094289","Gokarneshwor","2026-09-02_1600",32937.0,33279.0,1.04,0.0
"92635248B48041942094289","Gokarneshwor","2026-09-03_0000",37113.0,37803.0,1.86,0.0
"92635248B48041942094289","Gokarneshwor","2026-09-03_0800",29828.0,29849.0,0.07,0.0
"92635248B48041942094289","Gokarneshwor","2026-09-03_1600",33056.0,34144.0,3.29,0.0
"92635248B48041942094289","Gokarneshwor","2026-09-04_0000",36747.0,37837.0,2.96,0.0
"92635248B48041942094289","Gokarneshwor","2026-09-04_0800",30083.0,29810.0,-0.91,0.0
"92635248B48041942094289","Gokarneshwor","2026-09-04_1600",33924.0,34489.0,1.67,0.0
"92635248B48041942094289","Gokarneshwor","2026-09-05_0000",38823.0,39320.0,1.28,0.0
"92635248B48041942094289","Gokarneshwor","2026-09-05_0800",29892.0,29315.0,-1.93,0.0
"92635248B48041942094289","Gokarneshwor","2026-09-05_1600",33815.0,34090.0,0.81,0.0
"92635248B48041942094289","Gokarneshwor","2026-09-06_0000",38025.0,38218.0,0.51,0.0
"92635248B48041942094289","Gokarneshwor","2026-09-06_0800",30039.0,29629.0,-1.37,0.0
"92635248B48041942094289","Gokarneshwor","2026-09-06_1600",33007.0,33213.0,0.62,0.0
"92635248B48688848444918","Gajuri","2026-08-26_0000",88.0,33.0,-61.97,0.0
"92635248B48688848444918","Gajuri","2026-08-26_0800",32.0,11.0,-67.04,0.0
"92635248B48688848444918","Gajuri","2026-08-26_1600",35.0,15.0,-58.42,0.0
"92635248B48688848444918","Gajuri","2026-08-27_0000",42.0,15.0,-65.01,0.0
"92635248B48688848444918","Gajuri","2026-08-27_0800",65.0,31.0,-52.46,0.0
"92635248B48688848444918","Gajuri","2026-08-27_1600",78.0,38.0,-50.98,0.0
"92635248B48688848444918","Gajuri","2026-08-28_0000",92.0,49.0,-46.7,0.0
"92635248B48688848444918","Gajuri","2026-08-28_0800",64.0,41.0,-36.73,0.0
"92635248B48688848444918","Gajuri","2026-08-28_1600",79.0,38.0,-51.85,0.0
"92635248B48688848444918","Gajuri","2026-08-29_0000",150.0,105.0,-29.76,0.0
"92635248B48688848444918","Gajuri","2026-08-29_0800",80.0,50.0,-37.56,0.0
"92635248B48688848444918","Gajuri","2026-08-29_1600",112.0,88.0,-21.55,0.0
"92635248B48688848444918","Gajuri","2026-08-30_0000",105.0,82.0,-21.97,0.0
"92635248B48688848444918","Gajuri","2026-08-30_0800",63.0,47.0,-25.64,0.0
"92635248B48688848444918","Gajuri","2026-08-30_1600",96.0,67.0,-30.14,0.0
"92635248B48688848444918","Gajuri","2026-08-31_0000",144.0,121.0,-15.68,0.0
"92635248B48688848444918","Gajuri","2026-08-31_0800",81.0,51.0,-37.07,0.0
"92635248B48688848444918","Gajuri","2026-08-31_1600",95.0,61.0,-36.01,0.0
"92635248B48688848444918","Gajuri","2026-09-01_0000",110.0,82.0,-25.13,0.0
"92635248B48688848444918","Gajuri","2026-09-01_0800",63.0,39.0,-38.52,0.0
"92635248B48688848444918","Gajuri","2026-09-01_1600",96.0,67.0,-30.28,0.0
"92635248B48688848444918","Gajuri","2026-09-02_0000",142.0,116.0,-18.17,0.0
"92635248B48688848444918","Gajuri","2026-09-02_0800",96.0,81.0,-16.03,0.0
"92635248B48688848444918","Gajuri","2026-09-02_1600",119.0,126.0,6.02,0.0
"92635248B48688848444918","Gajuri","2026-09-03_0000",139.0,134.0,-3.83,0.0
"92635248B48688848444918","Gajuri","2026-09-03_0800",93.0,82.0,-12.3,0.0
"92635248B48688848444918","Gajuri","2026-09-03_1600",127.0,118.0,-7.16,0.0
"92635248B48688848444918","Gajuri","2026-09-04_0000",147.0,138.0,-6.69,0.0
"92635248B48688848444918","Gajuri","2026-09-04_0800",92.0,90.0,-2.42,0.0
"92635248B48688848444918","Gajuri","2026-09-04_1600",128.0,116.0,-9.5,0.0
"92635248B48688848444918","Gajuri","2026-09-05_0000",150.0,150.0,0.05,0.0
"92635248B48688848444918","Gajuri","2026-09-05_0800",91.0,75.0,-18.03,0.0
"92635248B48688848444918","Gajuri","2026-09-05_1600",126.0,120.0,-4.86,0.0
"92635248B48688848444918","Gajuri","2026-09-06_0000",141.0,136.0,-3.37,0.0
"92635248B48688848444918","Gajuri","2026-09-06_0800",79.0,54.0,-31.25,0.0
"92635248B48688848444918","Gajuri","2026-09-06_1600",111.0,99.0,-10.87,0.0
"92635248B51256129586947","Changunarayan","2026-08-26_0000",4622.0,4978.0,7.71,0.0
"92635248B51256129586947","Changunarayan","2026-08-26_0800",3876.0,4129.0,6.53,0.0
"92635248B51256129586947","Changunarayan","2026-08-26_1600",4241.0,4473.0,5.47,0.0
"92635248B51256129586947","Changunarayan","2026-08-27_0000",4666.0,4841.0,3.75,0.0
"92635248B51256129586947","Changunarayan","2026-08-27_0800",3880.0,4060.0,4.63,0.0
"92635248B51256129586947","Changunarayan","2026-08-27_1600",4236.0,4329.0,2.22,0.0
"92635248B51256129586947","Changunarayan","2026-08-28_0000",4661.0,5335.0,14.48,0.0
"92635248B51256129586947","Changunarayan","2026-08-28_0800",3955.0,4115.0,4.02,0.0
"92635248B51256129586947","Changunarayan","2026-08-28_1600",4569.0,4851.0,6.19,0.0
"92635248B51256129586947","Changunarayan","2026-08-29_0000",5165.0,5414.0,4.82,0.0
"92635248B51256129586947","Changunarayan","2026-08-29_0800",3922.0,3961.0,0.99,0.0
"92635248B51256129586947","Changunarayan","2026-08-29_1600",4456.0,4588.0,2.96,0.0
"92635248B51256129586947","Changunarayan","2026-08-30_0000",4874.0,5077.0,4.17,0.0
"92635248B51256129586947","Changunarayan","2026-08-30_0800",3906.0,3965.0,1.49,0.0
"92635248B51256129586947","Changunarayan","2026-08-30_1600",4233.0,4351.0,2.78,0.0
"92635248B51256129586947","Changunarayan","2026-08-31_0000",4669.0,4759.0,1.93,0.0
"92635248B51256129586947","Changunarayan","2026-08-31_0800",3879.0,3829.0,-1.29,0.0
"92635248B51256129586947","Changunarayan","2026-08-31_1600",4239.0,4280.0,0.97,0.0
"92635248B51256129586947","Changunarayan","2026-09-01_0000",4771.0,4805.0,0.71,0.0
"92635248B51256129586947","Changunarayan","2026-09-01_0800",3884.0,3812.0,-1.84,0.0
"92635248B51256129586947","Changunarayan","2026-09-01_1600",4212.0,4249.0,0.88,0.0
"92635248B51256129586947","Changunarayan","2026-09-02_0000",4622.0,4729.0,2.31,0.0
"92635248B51256129586947","Changunarayan","2026-09-02_0800",3876.0,3902.0,0.68,0.0
"92635248B51256129586947","Changunarayan","2026-09-02_1600",4241.0,4282.0,0.96,0.0
"92635248B51256129586947","Changunarayan","2026-09-03_0000",4666.0,4723.0,1.23,0.0
"92635248B51256129586947","Changunarayan","2026-09-03_0800",3880.0,3897.0,0.43,0.0
"92635248B51256129586947","Changunarayan","2026-09-03_1600",4236.0,4455.0,5.19,0.0
"92635248B51256129586947","Changunarayan","2026-09-04_0000",4661.0,5029.0,7.91,0.0
"92635248B51256129586947","Changunarayan","2026-09-04_0800",3955.0,3955.0,0.0,0.0
"92635248B51256129586947","Changunarayan","2026-09-04_1600",4569.0,4612.0,0.96,0.0
"92635248B51256129586947","Changunarayan","2026-09-05_0000",5165.0,5255.0,1.74,0.0
"92635248B51256129586947","Changunarayan","2026-09-05_0800",3922.0,3807.0,-2.95,0.0
"92635248B51256129586947","Changunarayan","2026-09-05_1600",4456.0,4499.0,0.98,0.0
"92635248B51256129586947","Changunarayan","2026-09-06_0000",4874.0,4952.0,1.6,0.0
"92635248B51256129586947","Changunarayan","2026-09-06_0800",3906.0,3819.0,-2.24,0.0
"92635248B51256129586947","Changunarayan","2026-09-06_1600",4233.0,4226.0,-0.16,0.0
"92635248B53559033029587","Shankharapur","2026-08-26_0000",2638.0,2842.0,7.77,0.0
"92635248B53559033029587","Shankharapur","2026-08-26_0800",2016.0,2043.0,1.35,0.0
"92635248B53559033029587","Shankharapur","2026-08-26_1600",2358.0,2480.0,5.15,0.0
"92635248B53559033029587","Shankharapur","2026-08-27_0000",2654.0,2752.0,3.69,0.0
"92635248B53559033029587","Shankharapur","2026-08-27_0800",2036.0,2103.0,3.28,0.0
"92635248B53559033029587","Shankharapur","2026-08-27_1600",2372.0,2372.0,-0.03,0.0
"92635248B53559033029587","Shankharapur","2026-08-28_0000",2681.0,3008.0,12.19,0.0
"92635248B53559033029587","Shankharapur","2026-08-28_0800",2127.0,2187.0,2.82,0.0
"92635248B53559033029587","Shankharapur","2026-08-28_1600",2581.0,2727.0,5.64,0.0
"92635248B53559033029587","Shankharapur","2026-08-29_0000",2937.0,3032.0,3.24,0.0
"92635248B53559033029587","Shankharapur","2026-08-29_0800",2102.0,2046.0,-2.63,0.0
"92635248B53559033029587","Shankharapur","2026-08-29_1600",2484.0,2382.0,-4.11,0.0
"92635248B53559033029587","Shankharapur","2026-08-30_0000",2720.0,2786.0,2.41,0.0
"92635248B53559033029587","Shankharapur","2026-08-30_0800",2034.0,1996.0,-1.86,0.0
"92635248B53559033029587","Shankharapur","2026-08-30_1600",2327.0,2332.0,0.22,0.0
"92635248B53559033029587","Shankharapur","2026-08-31_0000",2658.0,2659.0,0.01,0.0
"92635248B53559033029587","Shankharapur","2026-08-31_0800",2006.0,1923.0,-4.14,0.0
"92635248B53559033029587","Shankharapur","2026-08-31_1600",2338.0,2344.0,0.25,0.0
"92635248B53559033029587","Shankharapur","2026-09-01_0000",2696.0,2656.0,-1.49,0.0
"92635248B53559033029587","Shankharapur","2026-09-01_0800",2026.0,1903.0,-6.11,0.0
"92635248B53559033029587","Shankharapur","2026-09-01_1600",2353.0,2325.0,-1.2,0.0
"92635248B53559033029587","Shankharapur","2026-09-02_0000",2638.0,2618.0,-0.75,0.0
"92635248B53559033029587","Shankharapur","2026-09-02_0800",2016.0,1962.0,-2.68,0.0
"92635248B53559033029587","Shankharapur","2026-09-02_1600",2358.0,2352.0,-0.29,0.0
"92635248B53559033029587","Shankharapur","2026-09-03_0000",2654.0,2638.0,-0.59,0.0
"92635248B53559033029587","Shankharapur","2026-09-03_0800",2036.0,1978.0,-2.87,0.0
"92635248B53559033029587","Shankharapur","2026-09-03_1600",2372.0,2397.0,1.02,0.0
"92635248B53559033029587","Shankharapur","2026-09-04_0000",2681.0,2787.0,3.95,0.0
"92635248B53559033029587","Shankharapur","2026-09-04_0800",2127.0,2041.0,-4.07,0.0
"92635248B53559033029587","Shankharapur","2026-09-04_1600",2581.0,2530.0,-2.0,0.0
"92635248B53559033029587","Shankharapur","2026-09-05_0000",2937.0,2950.0,0.43,0.0
"92635248B53559033029587","Shankharapur","2026-09-05_0800",2102.0,2002.0,-4.73,0.0
"92635248B53559033029587","Shankharapur","2026-09-05_1600",2484.0,2516.0,1.28,0.0
"92635248B53559033029587","Shankharapur","2026-09-06_0000",2720.0,2752.0,1.17,0.0
"92635248B53559033029587","Shankharapur","2026-09-06_0800",2034.0,1922.0,-5.49,0.0
"92635248B53559033029587","Shankharapur","2026-09-06_1600",2327.0,2343.0,0.71,0.0
"92635248B5445652462419","Suryagadhi","2026-08-26_0000",145.0,28.0,-80.72,0.0
"92635248B5445652462419","Suryagadhi","2026-08-26_0800",60.0,22.0,-63.71,0.0
"92635248B5445652462419","Suryagadhi","2026-08-26_1600",195.0,83.0,-57.55,0.0
"92635248B5445652462419","Suryagadhi","2026-08-27_0000",205.0,92.0,-55.3,0.0
"92635248B5445652462419","Suryagadhi","2026-08-27_0800",138.0,100.0,-27.4,0.0
"92635248B5445652462419","Suryagadhi","2026-08-27_1600",236.0,144.0,-38.77,0.0
"92635248B5445652462419","Suryagadhi","2026-08-28_0000",310.0,308.0,-0.69,0.0
"92635248B5445652462419","Suryagadhi","2026-08-28_0800",206.0,229.0,11.22,0.0
"92635248B5445652462419","Suryagadhi","2026-08-28_1600",268.0,324.0,20.84,0.0
"92635248B5445652462419","Suryagadhi","2026-08-29_0000",313.0,365.0,16.49,0.0
"92635248B5445652462419","Suryagadhi","2026-08-29_0800",195.0,198.0,1.78,0.0
"92635248B5445652462419","Suryagadhi","2026-08-29_1600",263.0,287.0,9.13,0.0
"92635248B5445652462419","Suryagadhi","2026-08-30_0000",310.0,295.0,-4.77,0.0
"92635248B5445652462419","Suryagadhi","2026-08-30_0800",174.0,195.0,12.25,0.0
"92635248B5445652462419","Suryagadhi","2026-08-30_1600",258.0,249.0,-3.53,0.0
"92635248B5445652462419","Suryagadhi","2026-08-31_0000",323.0,328.0,1.3,0.0
"92635248B5445652462419","Suryagadhi","2026-08-31_0800",162.0,115.0,-29.07,0.0
"92635248B5445652462419","Suryagadhi","2026-08-31_1600",255.0,214.0,-16.29,0.0
"92635248B5445652462419","Suryagadhi","2026-09-01_0000",346.0,330.0,-4.83,0.0
"92635248B5445652462419","Suryagadhi","2026-09-01_0800",189.0,189.0,0.09,0.0
"92635248B5445652462419","Suryagadhi","2026-09-01_1600",297.0,320.0,7.82,0.0
"92635248B5445652462419","Suryagadhi","2026-09-02_0000",356.0,387.0,8.56,0.0
"92635248B5445652462419","Suryagadhi","2026-09-02_0800",207.0,220.0,5.97,0.0
"92635248B5445652462419","Suryagadhi","2026-09-02_1600",292.0,323.0,10.64,0.0
"92635248B5445652462419","Suryagadhi","2026-09-03_0000",348.0,393.0,12.8,0.0
"92635248B5445652462419","Suryagadhi","2026-09-03_0800",202.0,213.0,5.18,0.0
"92635248B5445652462419","Suryagadhi","2026-09-03_1600",295.0,319.0,8.15,0.0
"92635248B5445652462419","Suryagadhi","2026-09-04_0000",340.0,375.0,10.37,0.0
"92635248B5445652462419","Suryagadhi","2026-09-04_0800",206.0,200.0,-2.61,0.0
"92635248B5445652462419","Suryagadhi","2026-09-04_1600",291.0,330.0,13.28,0.0
"92635248B5445652462419","Suryagadhi","2026-09-05_0000",351.0,400.0,13.76,0.0
"92635248B5445652462419","Suryagadhi","2026-09-05_0800",207.0,203.0,-2.0,0.0
"92635248B5445652462419","Suryagadhi","2026-09-05_1600",286.0,341.0,19.36,0.0
"92635248B5445652462419","Suryagadhi","2026-09-06_0000",333.0,378.0,13.57,0.0
"92635248B5445652462419","Suryagadhi","2026-09-06_0800",199.0,201.0,1.5,0.0
"92635248B5445652462419","Suryagadhi","2026-09-06_1600",287.0,320.0,11.41,0.0
"92635248B55958627439397","Shivapuri","2026-08-26_0000",258.0,195.0,-24.36,0.0
"92635248B55958627439397","Shivapuri","2026-08-26_0800",115.0,108.0,-5.86,0.0
"92635248B55958627439397","Shivapuri","2026-08-26_1600",174.0,134.0,-22.91,0.0
"92635248B55958627439397","Shivapuri","2026-08-27_0000",272.0,240.0,-11.55,0.0
"92635248B55958627439397","Shivapuri","2026-08-27_0800",118.0,106.0,-10.76,0.0
"92635248B55958627439397","Shivapuri","2026-08-27_1600",170.0,146.0,-14.21,0.0
"92635248B55958627439397","Shivapuri","2026-08-28_0000",311.0,353.0,13.52,0.0
"92635248B55958627439397","Shivapuri","2026-08-28_0800",185.0,206.0,11.36,0.0
"92635248B55958627439397","Shivapuri","2026-08-28_1600",281.0,254.0,-9.83,0.0
"92635248B55958627439397","Shivapuri","2026-08-29_0000",455.0,496.0,8.95,0.0
"92635248B55958627439397","Shivapuri","2026-08-29_0800",192.0,214.0,11.08,0.0
"92635248B55958627439397","Shivapuri","2026-08-29_1600",334.0,341.0,2.23,0.0
"92635248B55958627439397","Shivapuri","2026-08-30_0000",348.0,390.0,12.08,0.0
"92635248B55958627439397","Shivapuri","2026-08-30_0800",154.0,160.0,3.58,0.0
"92635248B55958627439397","Shivapuri","2026-08-30_1600",298.0,311.0,4.09,0.0
"92635248B55958627439397","Shivapuri","2026-08-31_0000",393.0,425.0,8.16,0.0
"92635248B55958627439397","Shivapuri","2026-08-31_0800",160.0,197.0,23.31,0.0
"92635248B55958627439397","Shivapuri","2026-08-31_1600",242.0,260.0,7.42,0.0
"92635248B55958627439397","Shivapuri","2026-09-01_0000",339.0,327.0,-3.78,0.0
"92635248B55958627439397","Shivapuri","2026-09-01_0800",168.0,168.0,0.06,0.0
"92635248B55958627439397","Shivapuri","2026-09-01_1600",299.0,338.0,12.84,0.0
"92635248B55958627439397","Shivapuri","2026-09-02_0000",382.0,429.0,12.2,0.0
"92635248B55958627439397","Shivapuri","2026-09-02_0800",176.0,190.0,7.62,0.0
"92635248B55958627439397","Shivapuri","2026-09-02_1600",309.0,343.0,11.12,0.0
"92635248B55958627439397","Shivapuri","2026-09-03_0000",387.0,423.0,9.13,0.0
"92635248B55958627439397","Shivapuri","2026-09-03_0800",147.0,173.0,17.8,0.0
"92635248B55958627439397","Shivapuri","2026-09-03_1600",277.0,316.0,14.12,0.0
"92635248B55958627439397","Shivapuri","2026-09-04_0000",358.0,369.0,3.05,0.0
"92635248B55958627439397","Shivapuri","2026-09-04_0800",197.0,212.0,7.51,0.0
"92635248B55958627439397","Shivapuri","2026-09-04_1600",322.0,314.0,-2.53,0.0
"92635248B55958627439397","Shivapuri","2026-09-05_0000",393.0,386.0,-1.66,0.0
"92635248B55958627439397","Shivapuri","2026-09-05_0800",165.0,164.0,-0.74,0.0
"92635248B55958627439397","Shivapuri","2026-09-05_1600",253.0,212.0,-16.11,0.0
"92635248B55958627439397","Shivapuri","2026-09-06_0000",293.0,236.0,-19.43,0.0
"92635248B55958627439397","Shivapuri","2026-09-06_0800",74.0,57.0,-22.92,0.0
"92635248B55958627439397","Shivapuri","2026-09-06_1600",242.0,206.0,-14.74,0.0
"92635248B60445344966626","Meghang","2026-08-27_0000",28.0,10.0,-64.47,0.0
"92635248B60445344966626","Meghang","2026-08-27_1600",25.0,14.0,-46.48,0.0
"92635248B60445344966626","Meghang","2026-08-28_0000",89.0,35.0,-61.01,0.0
"92635248B60445344966626","Meghang","2026-08-28_1600",157.0,81.0,-48.68,0.0
"92635248B60445344966626","Meghang","2026-08-29_0000",161.0,62.0,-61.72,0.0
"92635248B60445344966626","Meghang","2026-08-29_1600",107.0,48.0,-55.09,0.0
"92635248B60445344966626","Meghang","2026-08-30_0000",258.0,138.0,-46.64,0.0
"92635248B60445344966626","Meghang","2026-08-30_0800",40.0,23.0,-42.89,0.0
"92635248B60445344966626","Meghang","2026-08-30_1600",221.0,149.0,-32.39,0.0
"92635248B60445344966626","Meghang","2026-08-31_0000",325.0,285.0,-12.44,0.0
"92635248B60445344966626","Meghang","2026-08-31_0800",156.0,116.0,-25.48,0.0
"92635248B60445344966626","Meghang","2026-08-31_1600",277.0,243.0,-12.19,0.0
"92635248B60445344966626","Meghang","2026-09-01_0000",380.0,350.0,-8.02,0.0
"92635248B60445344966626","Meghang","2026-09-01_0800",220.0,191.0,-13.56,0.0
"92635248B60445344966626","Meghang","2026-09-01_1600",299.0,298.0,-0.35,0.0
"92635248B60445344966626","Meghang","2026-09-02_0000",371.0,383.0,3.11,0.0
"92635248B60445344966626","Meghang","2026-09-02_0800",237.0,207.0,-12.54,0.0
"92635248B60445344966626","Meghang","2026-09-02_1600",303.0,318.0,4.82,0.0
"92635248B60445344966626","Meghang","2026-09-03_0000",406.0,407.0,0.37,0.0
"92635248B60445344966626","Meghang","2026-09-03_0800",248.0,224.0,-9.51,0.0
"92635248B60445344966626","Meghang","2026-09-03_1600",340.0,338.0,-0.44,0.0
"92635248B60445344966626","Meghang","2026-09-04_0000",399.0,386.0,-3.23,0.0
"92635248B60445344966626","Meghang","2026-09-04_0800",255.0,247.0,-3.09,0.0
"92635248B60445344966626","Meghang","2026-09-04_1600",323.0,305.0,-5.77,0.0
"92635248B60445344966626","Meghang","2026-09-05_0000",386.0,366.0,-5.17,0.0
"92635248B60445344966626","Meghang","2026-09-05_0800",244.0,218.0,-10.4,0.0
"92635248B60445344966626","Meghang","2026-09-05_1600",326.0,356.0,9.23,0.0
"92635248B60445344966626","Meghang","2026-09-06_0000",394.0,401.0,1.89,0.0
"92635248B60445344966626","Meghang","2026-09-06_0800",189.0,161.0,-14.75,0.0
"92635248B60445344966626","Meghang","2026-09-06_1600",324.0,335.0,3.32,0.0
"92635248B60784306991744","Tripura Sundari","2026-08-26_0000",27.0,24.0,-8.68,0.0
"92635248B60784306991744","Tripura Sundari","2026-08-26_1600",24.0,27.0,13.18,0.0
"92635248B60784306991744","Tripura Sundari","2026-08-27_0000",27.0,31.0,13.13,0.0
"92635248B60784306991744","Tripura Sundari","2026-08-27_1600",13.0,10.0,-19.64,0.0
"92635248B60784306991744","Tripura Sundari","2026-08-28_0000",28.0,22.0,-23.4,0.0
"92635248B60784306991744","Tripura Sundari","2026-08-28_1600",12.0,12.0,-3.46,0.0
"92635248B60784306991744","Tripura Sundari","2026-08-29_1600",13.0,11.0,-14.65,0.0
"92635248B60784306991744","Tripura Sundari","2026-08-30_0000",26.0,25.0,-6.87,0.0
"92635248B60784306991744","Tripura Sundari","2026-08-31_0000",28.0,25.0,-7.98,0.0
"92635248B60784306991744","Tripura Sundari","2026-08-31_1600",24.0,24.0,-0.29,0.0
"92635248B60784306991744","Tripura Sundari","2026-09-01_0000",29.0,24.0,-17.35,0.0
"92635248B60784306991744","Tripura Sundari","2026-09-01_1600",24.0,25.0,2.16,0.0
"92635248B60784306991744","Tripura Sundari","2026-09-02_0000",27.0,27.0,0.49,0.0
"92635248B60784306991744","Tripura Sundari","2026-09-02_1600",24.0,23.0,-5.76,0.0
"92635248B60784306991744","Tripura Sundari","2026-09-03_0000",27.0,25.0,-8.81,0.0
"92635248B60784306991744","Tripura Sundari","2026-09-03_1600",13.0,11.0,-11.15,0.0
"92635248B60784306991744","Tripura Sundari","2026-09-04_0000",28.0,25.0,-12.78,0.0
"92635248B60784306991744","Tripura Sundari","2026-09-05_0000",26.0,25.0,-5.34,0.0
"92635248B60784306991744","Tripura Sundari","2026-09-05_1600",13.0,13.0,1.6,0.0
"92635248B60784306991744","Tripura Sundari","2026-09-06_0000",15.0,13.0,-14.69,0.0
"92635248B62046464792266","Netrawati","2026-08-26_0000",16.0,12.0,-27.74,0.0
"92635248B62046464792266","Netrawati","2026-08-27_0000",28.0,24.0,-14.81,0.0
"92635248B62046464792266","Netrawati","2026-08-30_0000",88.0,56.0,-36.51,0.0
"92635248B62046464792266","Netrawati","2026-08-30_1600",35.0,26.0,-26.35,0.0
"92635248B62046464792266","Netrawati","2026-08-31_0000",135.0,109.0,-19.35,0.0
"92635248B62046464792266","Netrawati","2026-08-31_0800",34.0,31.0,-9.23,0.0
"92635248B62046464792266","Netrawati","2026-08-31_1600",81.0,70.0,-13.59,0.0
"92635248B62046464792266","Netrawati","2026-09-01_0000",113.0,93.0,-17.7,0.0
"92635248B62046464792266","Netrawati","2026-09-01_0800",32.0,30.0,-7.0,0.0
"92635248B62046464792266","Netrawati","2026-09-01_1600",93.0,86.0,-7.25,0.0
"92635248B62046464792266","Netrawati","2026-09-02_0000",137.0,124.0,-9.88,0.0
"92635248B62046464792266","Netrawati","2026-09-02_0800",56.0,50.0,-10.68,0.0
"92635248B62046464792266","Netrawati","2026-09-02_1600",91.0,83.0,-8.13,0.0
"92635248B62046464792266","Netrawati","2026-09-03_0000",135.0,119.0,-12.28,0.0
"92635248B62046464792266","Netrawati","2026-09-03_0800",45.0,39.0,-14.33,0.0
"92635248B62046464792266","Netrawati","2026-09-03_1600",81.0,72.0,-11.02,0.0
"92635248B62046464792266","Netrawati","2026-09-04_0000",109.0,94.0,-13.92,0.0
"92635248B62046464792266","Netrawati","2026-09-04_0800",45.0,37.0,-16.36,0.0
"92635248B62046464792266","Netrawati","2026-09-04_1600",50.0,46.0,-8.42,0.0
"92635248B62046464792266","Netrawati","2026-09-05_0000",115.0,99.0,-14.2,0.0
"92635248B62046464792266","Netrawati","2026-09-05_0800",56.0,49.0,-11.96,0.0
"92635248B62046464792266","Netrawati","2026-09-05_1600",73.0,75.0,2.75,0.0
"92635248B62046464792266","Netrawati","2026-09-06_0000",103.0,92.0,-10.24,0.0
"92635248B62046464792266","Netrawati","2026-09-06_0800",18.0,12.0,-32.98,0.0
"92635248B62046464792266","Netrawati","2026-09-06_1600",101.0,94.0,-7.38,0.0
"92635248B62642439200605","Chautara SangachokGadhi","2026-08-26_0000",1337.0,1472.0,10.1,0.0
"92635248B62642439200605","Chautara SangachokGadhi","2026-08-26_0800",863.0,953.0,10.44,0.0
"92635248B62642439200605","Chautara SangachokGadhi","2026-08-26_1600",1174.0,1278.0,8.8,0.0
"92635248B62642439200605","Chautara SangachokGadhi","2026-08-27_0000",1339.0,1363.0,1.75,0.0
"92635248B62642439200605","Chautara SangachokGadhi","2026-08-27_0800",881.0,861.0,-2.23,0.0
"92635248B62642439200605","Chautara SangachokGadhi","2026-08-27_1600",1149.0,1110.0,-3.38,0.0
"92635248B62642439200605","Chautara SangachokGadhi","2026-08-28_0000",1335.0,1391.0,4.21,0.0
"92635248B62642439200605","Chautara SangachokGadhi","2026-08-28_0800",935.0,842.0,-10.03,0.0
"92635248B62642439200605","Chautara SangachokGadhi","2026-08-28_1600",1171.0,1182.0,0.98,0.0
"92635248B62642439200605","Chautara SangachokGadhi","2026-08-29_0000",1337.0,1361.0,1.82,0.0
"92635248B62642439200605","Chautara SangachokGadhi","2026-08-29_0800",909.0,845.0,-7.0,0.0
"92635248B62642439200605","Chautara SangachokGadhi","2026-08-29_1600",1175.0,1149.0,-2.23,0.0
"92635248B62642439200605","Chautara SangachokGadhi","2026-08-30_0000",1284.0,1350.0,5.18,0.0
"92635248B62642439200605","Chautara SangachokGadhi","2026-08-30_0800",847.0,810.0,-4.33,0.0
"92635248B62642439200605","Chautara SangachokGadhi","2026-08-30_1600",1158.0,1210.0,4.44,0.0
"92635248B62642439200605","Chautara SangachokGadhi","2026-08-31_0000",1304.0,1356.0,3.99,0.0
"92635248B62642439200605","Chautara SangachokGadhi","2026-08-31_0800",850.0,814.0,-4.18,0.0
"92635248B62642439200605","Chautara SangachokGadhi","2026-08-31_1600",1166.0,1193.0,2.3,0.0
"92635248B62642439200605","Chautara SangachokGadhi","2026-09-01_0000",1347.0,1392.0,3.34,0.0
"92635248B62642439200605","Chautara SangachokGadhi","2026-09-01_0800",838.0,843.0,0.57,0.0
"92635248B62642439200605","Chautara SangachokGadhi","2026-09-01_1600",1154.0,1191.0,3.2,0.0
"92635248B62642439200605","Chautara SangachokGadhi","2026-09-02_0000",1337.0,1401.0,4.76,0.0
"92635248B62642439200605","Chautara SangachokGadhi","2026-09-02_0800",817.0,715.0,-12.4,0.0
"92635248B62642439200605","Chautara SangachokGadhi","2026-09-02_1600",1159.0,1143.0,-1.43,0.0
"92635248B62642439200605","Chautara SangachokGadhi","2026-09-03_0000",1320.0,1389.0,5.22,0.0
"92635248B62642439200605","Chautara SangachokGadhi","2026-09-03_0800",862.0,770.0,-10.65,0.0
"92635248B62642439200605","Chautara SangachokGadhi","2026-09-03_1600",1149.0,1175.0,2.22,0.0
"92635248B62642439200605","Chautara SangachokGadhi","2026-09-04_0000",1335.0,1348.0,0.98,0.0
"92635248B62642439200605","Chautara SangachokGadhi","2026-09-04_0800",913.0,788.0,-13.65,0.0
"92635248B62642439200605","Chautara SangachokGadhi","2026-09-04_1600",1171.0,1145.0,-2.18,0.0
"92635248B62642439200605","Chautara SangachokGadhi","2026-09-05_0000",1337.0,1308.0,-2.18,0.0
"92635248B62642439200605","Chautara SangachokGadhi","2026-09-05_0800",891.0,834.0,-6.39,0.0
"92635248B62642439200605","Chautara SangachokGadhi","2026-09-05_1600",1175.0,1150.0,-2.12,0.0
"92635248B62642439200605","Chautara SangachokGadhi","2026-09-06_0000",1284.0,1346.0,4.83,0.0
"92635248B62642439200605","Chautara SangachokGadhi","2026-09-06_0800",847.0,793.0,-6.4,0.0
"92635248B62642439200605","Chautara SangachokGadhi","2026-09-06_1600",1158.0,1178.0,1.73,0.0
"92635248B63118297072064","Balefi","2026-08-26_0000",370.0,419.0,13.15,0.0
"92635248B63118297072064","Balefi","2026-08-26_0800",251.0,267.0,6.3,0.0
"92635248B63118297072064","Balefi","2026-08-26_1600",324.0,377.0,16.2,0.0
"92635248B63118297072064","Balefi","2026-08-27_0000",381.0,429.0,12.43,0.0
"92635248B63118297072064","Balefi","2026-08-27_0800",253.0,246.0,-2.75,0.0
"92635248B63118297072064","Balefi","2026-08-27_1600",325.0,346.0,6.53,0.0
"92635248B63118297072064","Balefi","2026-08-28_0000",383.0,418.0,9.31,0.0
"92635248B63118297072064","Balefi","2026-08-28_0800",236.0,217.0,-7.9,0.0
"92635248B63118297072064","Balefi","2026-08-28_1600",332.0,345.0,4.08,0.0
"92635248B63118297072064","Balefi","2026-08-29_0000",388.0,415.0,7.05,0.0
"92635248B63118297072064","Balefi","2026-08-29_0800",260.0,267.0,2.31,0.0
"92635248B63118297072064","Balefi","2026-08-29_1600",337.0,332.0,-1.41,0.0
"92635248B63118297072064","Balefi","2026-08-30_0000",373.0,399.0,7.13,0.0
"92635248B63118297072064","Balefi","2026-08-30_0800",253.0,242.0,-4.38,0.0
"92635248B63118297072064","Balefi","2026-08-30_1600",326.0,347.0,6.3,0.0
"92635248B63118297072064","Balefi","2026-08-31_0000",373.0,406.0,9.06,0.0
"92635248B63118297072064","Balefi","2026-08-31_0800",253.0,238.0,-5.68,0.0
"92635248B63118297072064","Balefi","2026-08-31_1600",321.0,343.0,6.95,0.0
"92635248B63118297072064","Balefi","2026-09-01_0000",385.0,408.0,5.85,0.0
"92635248B63118297072064","Balefi","2026-09-01_0800",251.0,239.0,-4.67,0.0
"92635248B63118297072064","Balefi","2026-09-01_1600",316.0,347.0,9.72,0.0
"92635248B63118297072064","Balefi","2026-09-02_0000",370.0,398.0,7.45,0.0
"92635248B63118297072064","Balefi","2026-09-02_0800",251.0,242.0,-3.77,0.0
"92635248B63118297072064","Balefi","2026-09-02_1600",324.0,343.0,5.78,0.0
"92635248B63118297072064","Balefi","2026-09-03_0000",381.0,390.0,2.18,0.0
"92635248B63118297072064","Balefi","2026-09-03_0800",253.0,242.0,-4.36,0.0
"92635248B63118297072064","Balefi","2026-09-03_1600",325.0,344.0,6.11,0.0
"92635248B63118297072064","Balefi","2026-09-04_0000",383.0,378.0,-1.15,0.0
"92635248B63118297072064","Balefi","2026-09-04_0800",264.0,251.0,-5.08,0.0
"92635248B63118297072064","Balefi","2026-09-04_1600",332.0,351.0,5.69,0.0
"92635248B63118297072064","Balefi","2026-09-05_0000",388.0,389.0,0.45,0.0
"92635248B63118297072064","Balefi","2026-09-05_0800",260.0,252.0,-3.11,0.0
"92635248B63118297072064","Balefi","2026-09-05_1600",337.0,332.0,-1.48,0.0
"92635248B63118297072064","Balefi","2026-09-06_0000",373.0,390.0,4.64,0.0
"92635248B63118297072064","Balefi","2026-09-06_0800",253.0,223.0,-11.89,0.0
"92635248B63118297072064","Balefi","2026-09-06_1600",326.0,319.0,-2.37,0.0
"92635248B64074432572085","Uttargaya","2026-08-26_0000",97.0,12.0,-87.36,0.0
"92635248B64074432572085","Uttargaya","2026-08-28_0000",96.0,11.0,-88.4,0.0
"92635248B64074432572085","Uttargaya","2026-08-28_1600",86.0,12.0,-85.58,0.0
"92635248B64074432572085","Uttargaya","2026-08-29_0000",99.0,16.0,-83.96,0.0
"92635248B64074432572085","Uttargaya","2026-08-29_0800",69.0,11.0,-84.84,0.0
"92635248B64074432572085","Uttargaya","2026-08-29_1600",86.0,19.0,-77.46,0.0
"92635248B64074432572085","Uttargaya","2026-08-30_0000",99.0,16.0,-83.58,0.0
"92635248B64074432572085","Uttargaya","2026-08-30_1600",87.0,16.0,-82.09,0.0
"92635248B64074432572085","Uttargaya","2026-08-31_0000",143.0,93.0,-34.45,0.0
"92635248B64074432572085","Uttargaya","2026-08-31_0800",68.0,23.0,-66.49,0.0
"92635248B64074432572085","Uttargaya","2026-08-31_1600",189.0,116.0,-38.56,0.0
"92635248B64074432572085","Uttargaya","2026-09-01_0000",223.0,149.0,-33.27,0.0
"92635248B64074432572085","Uttargaya","2026-09-01_0800",99.0,73.0,-26.47,0.0
"92635248B64074432572085","Uttargaya","2026-09-01_1600",189.0,166.0,-12.48,0.0
"92635248B64074432572085","Uttargaya","2026-09-02_0000",215.0,152.0,-29.28,0.0
"92635248B64074432572085","Uttargaya","2026-09-02_0800",149.0,98.0,-34.32,0.0
"92635248B64074432572085","Uttargaya","2026-09-02_1600",186.0,145.0,-21.95,0.0
"92635248B64074432572085","Uttargaya","2026-09-03_0000",241.0,183.0,-23.97,0.0
"92635248B64074432572085","Uttargaya","2026-09-03_0800",153.0,110.0,-27.88,0.0
"92635248B64074432572085","Uttargaya","2026-09-03_1600",187.0,162.0,-13.6,0.0
"92635248B64074432572085","Uttargaya","2026-09-04_0000",267.0,200.0,-25.17,0.0
"92635248B64074432572085","Uttargaya","2026-09-04_0800",181.0,119.0,-34.5,0.0
"92635248B64074432572085","Uttargaya","2026-09-04_1600",241.0,216.0,-10.61,0.0
"92635248B64074432572085","Uttargaya","2026-09-05_0000",276.0,231.0,-16.34,0.0
"92635248B64074432572085","Uttargaya","2026-09-05_0800",179.0,140.0,-21.71,0.0
"92635248B64074432572085","Uttargaya","2026-09-05_1600",237.0,224.0,-5.63,0.0
"92635248B64074432572085","Uttargaya","2026-09-06_0000",271.0,250.0,-7.7,0.0
"92635248B64074432572085","Uttargaya","2026-09-06_0800",176.0,136.0,-22.64,0.0
"92635248B64074432572085","Uttargaya","2026-09-06_1600",238.0,219.0,-7.99,0.0
"92635248B66096559065694","Galchi","2026-08-26_0000",833.0,631.0,-24.24,0.0
"92635248B66096559065694","Galchi","2026-08-26_0800",513.0,376.0,-26.83,0.0
"92635248B66096559065694","Galchi","2026-08-26_1600",658.0,539.0,-18.13,0.0
"92635248B66096559065694","Galchi","2026-08-27_0000",822.0,695.0,-15.48,0.0
"92635248B66096559065694","Galchi","2026-08-27_0800",635.0,537.0,-15.48,0.0
"92635248B66096559065694","Galchi","2026-08-27_1600",742.0,622.0,-16.28,0.0
"92635248B66096559065694","Galchi","2026-08-28_0000",890.0,747.0,-16.0,0.0
"92635248B66096559065694","Galchi","2026-08-28_0800",643.0,524.0,-18.51,0.0
"92635248B66096559065694","Galchi","2026-08-28_1600",770.0,691.0,-10.2,0.0
"92635248B66096559065694","Galchi","2026-08-29_0000",906.0,827.0,-8.78,0.0
"92635248B66096559065694","Galchi","2026-08-29_0800",601.0,471.0,-21.56,0.0
"92635248B66096559065694","Galchi","2026-08-29_1600",760.0,610.0,-19.76,0.0
"92635248B66096559065694","Galchi","2026-08-30_0000",904.0,887.0,-1.79,0.0
"92635248B66096559065694","Galchi","2026-08-30_0800",638.0,547.0,-14.34,0.0
"92635248B66096559065694","Galchi","2026-08-30_1600",791.0,732.0,-7.39,0.0
"92635248B66096559065694","Galchi","2026-08-31_0000",907.0,903.0,-0.43,0.0
"92635248B66096559065694","Galchi","2026-08-31_0800",606.0,449.0,-25.86,0.0
"92635248B66096559065694","Galchi","2026-08-31_1600",766.0,613.0,-19.94,0.0
"92635248B66096559065694","Galchi","2026-09-01_0000",917.0,883.0,-3.71,0.0
"92635248B66096559065694","Galchi","2026-09-01_0800",631.0,500.0,-20.83,0.0
"92635248B66096559065694","Galchi","2026-09-01_1600",788.0,728.0,-7.62,0.0
"92635248B66096559065694","Galchi","2026-09-02_0000",915.0,896.0,-2.09,0.0
"92635248B66096559065694","Galchi","2026-09-02_0800",640.0,592.0,-7.49,0.0
"92635248B66096559065694","Galchi","2026-09-02_1600",765.0,753.0,-1.58,0.0
"92635248B66096559065694","Galchi","2026-09-03_0000",905.0,839.0,-7.38,0.0
"92635248B66096559065694","Galchi","2026-09-03_0800",647.0,578.0,-10.66,0.0
"92635248B66096559065694","Galchi","2026-09-03_1600",792.0,760.0,-4.03,0.0
"92635248B66096559065694","Galchi","2026-09-04_0000",927.0,874.0,-5.74,0.0
"92635248B66096559065694","Galchi","2026-09-04_0800",661.0,586.0,-11.31,0.0
"92635248B66096559065694","Galchi","2026-09-04_1600",794.0,770.0,-3.02,0.0
"92635248B66096559065694","Galchi","2026-09-05_0000",920.0,894.0,-2.74,0.0
"92635248B66096559065694","Galchi","2026-09-05_0800",611.0,526.0,-13.8,0.0
"92635248B66096559065694","Galchi","2026-09-05_1600",771.0,740.0,-4.03,0.0
"92635248B66096559065694","Galchi","2026-09-06_0000",890.0,871.0,-2.16,0.0
"92635248B66096559065694","Galchi","2026-09-06_0800",626.0,516.0,-17.49,0.0
"92635248B66096559065694","Galchi","2026-09-06_1600",780.0,755.0,-3.14,0.0
"92635248B68525684212789","Tarkeshwar","2026-08-26_0000",43.0,11.0,-74.45,0.0
"92635248B68525684212789","Tarkeshwar","2026-08-27_0000",75.0,26.0,-65.32,0.0
"92635248B68525684212789","Tarkeshwar","2026-08-27_1600",38.0,15.0,-60.78,0.0
"92635248B68525684212789","Tarkeshwar","2026-08-28_0000",111.0,48.0,-56.66,0.0
"92635248B68525684212789","Tarkeshwar","2026-08-28_0800",53.0,24.0,-53.5,0.0
"92635248B68525684212789","Tarkeshwar","2026-08-28_1600",72.0,31.0,-56.86,0.0
"92635248B68525684212789","Tarkeshwar","2026-08-29_0000",146.0,60.0,-58.79,0.0
"92635248B68525684212789","Tarkeshwar","2026-08-29_0800",31.0,15.0,-52.36,0.0
"92635248B68525684212789","Tarkeshwar","2026-08-29_1600",73.0,35.0,-52.51,0.0
"92635248B68525684212789","Tarkeshwar","2026-08-30_0000",173.0,81.0,-52.94,0.0
"92635248B68525684212789","Tarkeshwar","2026-08-30_0800",30.0,17.0,-44.47,0.0
"92635248B68525684212789","Tarkeshwar","2026-08-30_1600",128.0,63.0,-50.51,0.0
"92635248B68525684212789","Tarkeshwar","2026-08-31_0000",143.0,63.0,-56.41,0.0
"92635248B68525684212789","Tarkeshwar","2026-08-31_0800",31.0,14.0,-55.21,0.0
"92635248B68525684212789","Tarkeshwar","2026-08-31_1600",71.0,34.0,-51.68,0.0
"92635248B68525684212789","Tarkeshwar","2026-09-01_0000",239.0,155.0,-35.1,0.0
"92635248B68525684212789","Tarkeshwar","2026-09-01_0800",121.0,96.0,-20.17,0.0
"92635248B68525684212789","Tarkeshwar","2026-09-01_1600",169.0,153.0,-9.03,0.0
"92635248B68525684212789","Tarkeshwar","2026-09-02_0000",347.0,261.0,-24.76,0.0
"92635248B68525684212789","Tarkeshwar","2026-09-02_0800",167.0,129.0,-23.17,0.0
"92635248B68525684212789","Tarkeshwar","2026-09-02_1600",292.0,233.0,-20.17,0.0
"92635248B68525684212789","Tarkeshwar","2026-09-03_0000",364.0,300.0,-17.75,0.0
"92635248B68525684212789","Tarkeshwar","2026-09-03_0800",140.0,101.0,-27.57,0.0
"92635248B68525684212789","Tarkeshwar","2026-09-03_1600",278.0,228.0,-17.87,0.0
"92635248B68525684212789","Tarkeshwar","2026-09-04_0000",340.0,299.0,-11.97,0.0
"92635248B68525684212789","Tarkeshwar","2026-09-04_0800",186.0,154.0,-17.08,0.0
"92635248B68525684212789","Tarkeshwar","2026-09-04_1600",285.0,238.0,-16.29,0.0
"92635248B68525684212789","Tarkeshwar","2026-09-05_0000",349.0,300.0,-14.01,0.0
"92635248B68525684212789","Tarkeshwar","2026-09-05_0800",183.0,135.0,-26.14,0.0
"92635248B68525684212789","Tarkeshwar","2026-09-05_1600",294.0,256.0,-13.11,0.0
"92635248B68525684212789","Tarkeshwar","2026-09-06_0000",365.0,320.0,-12.32,0.0
"92635248B68525684212789","Tarkeshwar","2026-09-06_0800",148.0,111.0,-25.06,0.0
"92635248B68525684212789","Tarkeshwar","2026-09-06_1600",290.0,251.0,-13.36,0.0
"92635248B68533478650104","Thakre","2026-08-26_0000",1004.0,1076.0,7.1,0.0
"92635248B68533478650104","Thakre","2026-08-26_0800",705.0,631.0,-10.53,0.0
"92635248B68533478650104","Thakre","2026-08-26_1600",885.0,909.0,2.76,0.0
"92635248B68533478650104","Thakre","2026-08-27_0000",1011.0,1023.0,1.22,0.0
"92635248B68533478650104","Thakre","2026-08-27_0800",703.0,669.0,-4.9,0.0
"92635248B68533478650104","Thakre","2026-08-27_1600",895.0,884.0,-1.16,0.0
"92635248B68533478650104","Thakre","2026-08-28_0000",1015.0,1069.0,5.28,0.0
"92635248B68533478650104","Thakre","2026-08-28_0800",741.0,685.0,-7.56,0.0
"92635248B68533478650104","Thakre","2026-08-28_1600",905.0,926.0,2.31,0.0
"92635248B68533478650104","Thakre","2026-08-29_0000",1015.0,1071.0,5.55,0.0
"92635248B68533478650104","Thakre","2026-08-29_0800",660.0,559.0,-15.34,0.0
"92635248B68533478650104","Thakre","2026-08-29_1600",883.0,855.0,-3.1,0.0
"92635248B68533478650104","Thakre","2026-08-30_0000",1008.0,1038.0,3.0,0.0
"92635248B68533478650104","Thakre","2026-08-30_0800",699.0,649.0,-7.21,0.0
"92635248B68533478650104","Thakre","2026-08-30_1600",860.0,858.0,-0.31,0.0
"92635248B68533478650104","Thakre","2026-08-31_0000",993.0,973.0,-2.0,0.0
"92635248B68533478650104","Thakre","2026-08-31_0800",662.0,455.0,-31.33,0.0
"92635248B68533478650104","Thakre","2026-08-31_1600",855.0,758.0,-11.34,0.0
"92635248B68533478650104","Thakre","2026-09-01_0000",1025.0,978.0,-4.62,0.0
"92635248B68533478650104","Thakre","2026-09-01_0800",714.0,536.0,-25.04,0.0
"92635248B68533478650104","Thakre","2026-09-01_1600",878.0,836.0,-4.85,0.0
"92635248B68533478650104","Thakre","2026-09-02_0000",1004.0,943.0,-6.13,0.0
"92635248B68533478650104","Thakre","2026-09-02_0800",693.0,574.0,-17.11,0.0
"92635248B68533478650104","Thakre","2026-09-02_1600",885.0,832.0,-5.96,0.0
"92635248B68533478650104","Thakre","2026-09-03_0000",1011.0,940.0,-6.98,0.0
"92635248B68533478650104","Thakre","2026-09-03_0800",703.0,573.0,-18.57,0.0
"92635248B68533478650104","Thakre","2026-09-03_1600",895.0,832.0,-6.99,0.0
"92635248B68533478650104","Thakre","2026-09-04_0000",1015.0,939.0,-7.55,0.0
"92635248B68533478650104","Thakre","2026-09-04_0800",741.0,641.0,-13.58,0.0
"92635248B68533478650104","Thakre","2026-09-04_1600",905.0,839.0,-7.3,0.0
"92635248B68533478650104","Thakre","2026-09-05_0000",1015.0,969.0,-4.47,0.0
"92635248B68533478650104","Thakre","2026-09-05_0800",684.0,564.0,-17.59,0.0
"92635248B68533478650104","Thakre","2026-09-05_1600",883.0,812.0,-8.01,0.0
"92635248B68533478650104","Thakre","2026-09-06_0000",1008.0,940.0,-6.66,0.0
"92635248B68533478650104","Thakre","2026-09-06_0800",687.0,538.0,-21.68,0.0
"92635248B68533478650104","Thakre","2026-09-06_1600",860.0,822.0,-4.48,0.0
"92635248B69277423418155","Chandragiri","2026-08-26_0000",1012.0,1100.0,8.7,0.0
"92635248B69277423418155","Chandragiri","2026-08-26_0800",853.0,936.0,9.74,0.0
"92635248B69277423418155","Chandragiri","2026-08-26_1600",928.0,972.0,4.66,0.0
"92635248B69277423418155","Chandragiri","2026-08-27_0000",1024.0,1024.0,-0.04,0.0
"92635248B69277423418155","Chandragiri","2026-08-27_0800",866.0,913.0,5.45,0.0
"92635248B69277423418155","Chandragiri","2026-08-27_1600",936.0,1024.0,9.37,0.0
"92635248B69277423418155","Chandragiri","2026-08-28_0000",1025.0,1195.0,16.55,0.0
"92635248B69277423418155","Chandragiri","2026-08-28_0800",885.0,900.0,1.7,0.0
"92635248B69277423418155","Chandragiri","2026-08-28_1600",1015.0,1048.0,3.2,0.0
"92635248B69277423418155","Chandragiri","2026-08-29_0000",1162.0,1184.0,1.83,0.0
"92635248B69277423418155","Chandragiri","2026-08-29_0800",870.0,872.0,0.23,0.0
"92635248B69277423418155","Chandragiri","2026-08-29_1600",977.0,1017.0,4.1,0.0
"92635248B69277423418155","Chandragiri","2026-08-30_0000",1062.0,1102.0,3.77,0.0
"92635248B69277423418155","Chandragiri","2026-08-30_0800",867.0,856.0,-1.36,0.0
"92635248B69277423418155","Chandragiri","2026-08-30_1600",923.0,933.0,1.18,0.0
"92635248B69277423418155","Chandragiri","2026-08-31_0000",1018.0,1062.0,4.24,0.0
"92635248B69277423418155","Chandragiri","2026-08-31_0800",863.0,848.0,-1.74,0.0
"92635248B69277423418155","Chandragiri","2026-08-31_1600",927.0,929.0,0.27,0.0
"92635248B69277423418155","Chandragiri","2026-09-01_0000",1045.0,1054.0,0.83,0.0
"92635248B69277423418155","Chandragiri","2026-09-01_0800",851.0,833.0,-2.06,0.0
"92635248B69277423418155","Chandragiri","2026-09-01_1600",914.0,919.0,0.62,0.0
"92635248B69277423418155","Chandragiri","2026-09-02_0000",1012.0,1031.0,1.92,0.0
"92635248B69277423418155","Chandragiri","2026-09-02_0800",853.0,854.0,0.08,0.0
"92635248B69277423418155","Chandragiri","2026-09-02_1600",928.0,937.0,0.9,0.0
"92635248B69277423418155","Chandragiri","2026-09-03_0000",1024.0,1059.0,3.39,0.0
"92635248B69277423418155","Chandragiri","2026-09-03_0800",866.0,859.0,-0.76,0.0
"92635248B69277423418155","Chandragiri","2026-09-03_1600",936.0,958.0,2.33,0.0
"92635248B69277423418155","Chandragiri","2026-09-04_0000",1025.0,1041.0,1.59,0.0
"92635248B69277423418155","Chandragiri","2026-09-04_0800",885.0,885.0,0.09,0.0
"92635248B69277423418155","Chandragiri","2026-09-04_1600",1015.0,1031.0,1.61,0.0
"92635248B69277423418155","Chandragiri","2026-09-05_0000",1162.0,1148.0,-1.25,0.0
"92635248B69277423418155","Chandragiri","2026-09-05_0800",870.0,846.0,-2.74,0.0
"92635248B69277423418155","Chandragiri","2026-09-05_1600",977.0,944.0,-3.36,0.0
"92635248B69277423418155","Chandragiri","2026-09-06_0000",1062.0,1052.0,-0.92,0.0
"92635248B69277423418155","Chandragiri","2026-09-06_0800",867.0,833.0,-3.98,0.0
"92635248B69277423418155","Chandragiri","2026-09-06_1600",923.0,931.0,0.95,0.0
"92635248B69318511512389","Mandandeupur","2026-08-26_0000",889.0,972.0,9.33,0.0
"92635248B69318511512389","Mandandeupur","2026-08-26_0800",626.0,657.0,4.94,0.0
"92635248B69318511512389","Mandandeupur","2026-08-26_1600",793.0,859.0,8.35,0.0
"92635248B69318511512389","Mandandeupur","2026-08-27_0000",928.0,936.0,0.85,0.0
"92635248B69318511512389","Mandandeupur","2026-08-27_0800",649.0,600.0,-7.61,0.0
"92635248B69318511512389","Mandandeupur","2026-08-27_1600",814.0,748.0,-8.14,0.0
"92635248B69318511512389","Mandandeupur","2026-08-28_0000",977.0,1128.0,15.42,0.0
"92635248B69318511512389","Mandandeupur","2026-08-28_0800",764.0,785.0,2.7,0.0
"92635248B69318511512389","Mandandeupur","2026-08-28_1600",955.0,1028.0,7.65,0.0
"92635248B69318511512389","Mandandeupur","2026-08-29_0000",1079.0,1049.0,-2.71,0.0
"92635248B69318511512389","Mandandeupur","2026-08-29_0800",752.0,690.0,-8.24,0.0
"92635248B69318511512389","Mandandeupur","2026-08-29_1600",920.0,884.0,-3.9,0.0
"92635248B69318511512389","Mandandeupur","2026-08-30_0000",921.0,900.0,-2.25,0.0
"92635248B69318511512389","Mandandeupur","2026-08-30_0800",636.0,627.0,-1.43,0.0
"92635248B69318511512389","Mandandeupur","2026-08-30_1600",806.0,790.0,-1.97,0.0
"92635248B69318511512389","Mandandeupur","2026-08-31_0000",905.0,900.0,-0.52,0.0
"92635248B69318511512389","Mandandeupur","2026-08-31_0800",626.0,518.0,-17.23,0.0
"92635248B69318511512389","Mandandeupur","2026-08-31_1600",798.0,795.0,-0.33,0.0
"92635248B69318511512389","Mandandeupur","2026-09-01_0000",925.0,917.0,-0.91,0.0
"92635248B69318511512389","Mandandeupur","2026-09-01_0800",632.0,553.0,-12.56,0.0
"92635248B69318511512389","Mandandeupur","2026-09-01_1600",784.0,798.0,1.7,0.0
"92635248B69318511512389","Mandandeupur","2026-09-02_0000",889.0,923.0,3.72,0.0
"92635248B69318511512389","Mandandeupur","2026-09-02_0800",626.0,612.0,-2.12,0.0
"92635248B69318511512389","Mandandeupur","2026-09-02_1600",793.0,797.0,0.55,0.0
"92635248B69318511512389","Mandandeupur","2026-09-03_0000",928.0,872.0,-6.08,0.0
"92635248B69318511512389","Mandandeupur","2026-09-03_0800",649.0,513.0,-20.95,0.0
"92635248B69318511512389","Mandandeupur","2026-09-03_1600",814.0,753.0,-7.5,0.0
"92635248B69318511512389","Mandandeupur","2026-09-04_0000",977.0,985.0,0.8,0.0
"92635248B69318511512389","Mandandeupur","2026-09-04_0800",764.0,681.0,-10.91,0.0
"92635248B69318511512389","Mandandeupur","2026-09-04_1600",955.0,872.0,-8.68,0.0
"92635248B69318511512389","Mandandeupur","2026-09-05_0000",1079.0,1077.0,-0.13,0.0
"92635248B69318511512389","Mandandeupur","2026-09-05_0800",752.0,699.0,-7.12,0.0
"92635248B69318511512389","Mandandeupur","2026-09-05_1600",920.0,884.0,-3.91,0.0
"92635248B69318511512389","Mandandeupur","2026-09-06_0000",921.0,870.0,-5.55,0.0
"92635248B69318511512389","Mandandeupur","2026-09-06_0800",636.0,573.0,-9.9,0.0
"92635248B69318511512389","Mandandeupur","2026-09-06_1600",806.0,772.0,-4.27,0.0
"92635248B69748389600023","Kathmandu","2026-08-26_0000",126471.0,134952.0,6.71,0.0
"92635248B69748389600023","Kathmandu","2026-08-26_0800",82306.0,86974.0,5.67,0.0
"92635248B69748389600023","Kathmandu","2026-08-26_1600",105146.0,109092.0,3.75,0.0
"92635248B69748389600023","Kathmandu","2026-08-27_0000",127126.0,130623.0,2.75,0.0
"92635248B69748389600023","Kathmandu","2026-08-27_0800",82409.0,84272.0,2.26,0.0
"92635248B69748389600023","Kathmandu","2026-08-27_1600",104772.0,96674.0,-7.73,0.0
"92635248B69748389600023","Kathmandu","2026-08-28_0000",125858.0,118203.0,-6.08,0.0
"92635248B69748389600023","Kathmandu","2026-08-28_0800",82826.0,82018.0,-0.97,0.0
"92635248B69748389600023","Kathmandu","2026-08-28_1600",93793.0,95175.0,1.47,0.0
"92635248B69748389600023","Kathmandu","2026-08-29_0000",111386.0,112803.0,1.27,0.0
"92635248B69748389600023","Kathmandu","2026-08-29_0800",81768.0,80634.0,-1.39,0.0
"92635248B69748389600023","Kathmandu","2026-08-29_1600",101386.0,102589.0,1.19,0.0
"92635248B69748389600023","Kathmandu","2026-08-30_0000",122967.0,124611.0,1.34,0.0
"92635248B69748389600023","Kathmandu","2026-08-30_0800",82707.0,83111.0,0.49,0.0
"92635248B69748389600023","Kathmandu","2026-08-30_1600",105293.0,106285.0,0.94,0.0
"92635248B69748389600023","Kathmandu","2026-08-31_0000",127135.0,129269.0,1.68,0.0
"92635248B69748389600023","Kathmandu","2026-08-31_0800",82588.0,80854.0,-2.1,0.0
"92635248B69748389600023","Kathmandu","2026-08-31_1600",105366.0,105864.0,0.47,0.0
"92635248B69748389600023","Kathmandu","2026-09-01_0000",130504.0,129273.0,-0.94,0.0
"92635248B69748389600023","Kathmandu","2026-09-01_0800",82617.0,80724.0,-2.29,0.0
"92635248B69748389600023","Kathmandu","2026-09-01_1600",104728.0,105512.0,0.75,0.0
"92635248B69748389600023","Kathmandu","2026-09-02_0000",126471.0,127505.0,0.82,0.0
"92635248B69748389600023","Kathmandu","2026-09-02_0800",82306.0,82344.0,0.05,0.0
"92635248B69748389600023","Kathmandu","2026-09-02_1600",105146.0,105430.0,0.27,0.0
"92635248B69748389600023","Kathmandu","2026-09-03_0000",127126.0,128464.0,1.05,0.0
"92635248B69748389600023","Kathmandu","2026-09-03_0800",82409.0,82530.0,0.15,0.0
"92635248B69748389600023","Kathmandu","2026-09-03_1600",104772.0,103295.0,-1.41,0.0
"92635248B69748389600023","Kathmandu","2026-09-04_0000",125858.0,121550.0,-3.42,0.0
"92635248B69748389600023","Kathmandu","2026-09-04_0800",82826.0,82886.0,0.07,0.0
"92635248B69748389600023","Kathmandu","2026-09-04_1600",93793.0,95567.0,1.89,0.0
"92635248B69748389600023","Kathmandu","2026-09-05_0000",111386.0,113270.0,1.69,0.0
"92635248B69748389600023","Kathmandu","2026-09-05_0800",81768.0,80716.0,-1.29,0.0
"92635248B69748389600023","Kathmandu","2026-09-05_1600",101386.0,101932.0,0.54,0.0
"92635248B69748389600023","Kathmandu","2026-09-06_0000",122967.0,123196.0,0.19,0.0
"92635248B69748389600023","Kathmandu","2026-09-06_0800",82707.0,81625.0,-1.31,0.0
"92635248B69748389600023","Kathmandu","2026-09-06_1600",105293.0,105579.0,0.27,0.0
"92635248B71277389600816","Naukunda","2026-08-28_0000",77.0,23.0,-69.75,0.0
"92635248B71277389600816","Naukunda","2026-08-28_1600",39.0,11.0,-72.83,0.0
"92635248B71277389600816","Naukunda","2026-08-29_0000",46.0,10.0,-77.7,0.0
"92635248B71277389600816","Naukunda","2026-08-31_0000",111.0,64.0,-41.88,0.0
"92635248B71277389600816","Naukunda","2026-08-31_1600",69.0,32.0,-54.04,0.0
"92635248B71277389600816","Naukunda","2026-09-01_0000",166.0,195.0,17.46,0.0
"92635248B71277389600816","Naukunda","2026-09-01_0800",53.0,23.0,-57.31,0.0
"92635248B71277389600816","Naukunda","2026-09-01_1600",122.0,133.0,8.69,0.0
"92635248B71277389600816","Naukunda","2026-09-02_0000",152.0,172.0,12.97,0.0
"92635248B71277389600816","Naukunda","2026-09-02_0800",63.0,71.0,12.23,0.0
"92635248B71277389600816","Naukunda","2026-09-02_1600",121.0,126.0,4.02,0.0
"92635248B71277389600816","Naukunda","2026-09-03_0000",166.0,225.0,35.72,0.0
"92635248B71277389600816","Naukunda","2026-09-03_0800",66.0,78.0,19.37,0.0
"92635248B71277389600816","Naukunda","2026-09-03_1600",135.0,181.0,34.48,0.0
"92635248B71277389600816","Naukunda","2026-09-04_0000",166.0,214.0,29.09,0.0
"92635248B71277389600816","Naukunda","2026-09-04_0800",65.0,69.0,5.52,0.0
"92635248B71277389600816","Naukunda","2026-09-04_1600",120.0,149.0,23.94,0.0
"92635248B71277389600816","Naukunda","2026-09-05_0000",164.0,231.0,41.18,0.0
"92635248B71277389600816","Naukunda","2026-09-05_0800",66.0,79.0,20.16,0.0
"92635248B71277389600816","Naukunda","2026-09-05_1600",108.0,149.0,37.96,0.0
"92635248B71277389600816","Naukunda","2026-09-06_0000",154.0,213.0,38.73,0.0
"92635248B71277389600816","Naukunda","2026-09-06_0800",78.0,96.0,23.43,0.0
"92635248B71277389600816","Naukunda","2026-09-06_1600",134.0,183.0,37.31,0.0
"92635248B72590676446573","Bidur","2026-08-26_0000",3208.0,1166.0,-63.63,0.0
"92635248B72590676446573","Bidur","2026-08-26_0800",1871.0,611.0,-67.36,0.0
"92635248B72590676446573","Bidur","2026-08-26_1600",2522.0,686.0,-72.79,0.0
"92635248B72590676446573","Bidur","2026-08-27_0000",3230.0,1851.0,-42.68,0.0
"92635248B72590676446573","Bidur","2026-08-27_0800",2193.0,1475.0,-32.73,0.0
"92635248B72590676446573","Bidur","2026-08-27_1600",2658.0,1807.0,-32.02,0.0
"92635248B72590676446573","Bidur","2026-08-28_0000",3165.0,2442.0,-22.86,0.0
"92635248B72590676446573","Bidur","2026-08-28_0800",2189.0,1769.0,-19.21,0.0
"92635248B72590676446573","Bidur","2026-08-28_1600",2606.0,2222.0,-14.73,0.0
"92635248B72590676446573","Bidur","2026-08-29_0000",3433.0,2838.0,-17.33,0.0
"92635248B72590676446573","Bidur","2026-08-29_0800",2299.0,1922.0,-16.43,0.0
"92635248B72590676446573","Bidur","2026-08-29_1600",3027.0,2571.0,-15.07,0.0
"92635248B72590676446573","Bidur","2026-08-30_0000",3553.0,2946.0,-17.09,0.0
"92635248B72590676446573","Bidur","2026-08-30_0800",2402.0,1972.0,-17.91,0.0
"92635248B72590676446573","Bidur","2026-08-30_1600",3071.0,2570.0,-16.31,0.0
"92635248B72590676446573","Bidur","2026-08-31_0000",3594.0,3062.0,-14.8,0.0
"92635248B72590676446573","Bidur","2026-08-31_0800",2428.0,1863.0,-23.28,0.0
"92635248B72590676446573","Bidur","2026-08-31_1600",3069.0,2600.0,-15.28,0.0
"92635248B72590676446573","Bidur","2026-09-01_0000",3689.0,3191.0,-13.51,0.0
"92635248B72590676446573","Bidur","2026-09-01_0800",2285.0,1934.0,-15.32,0.0
"92635248B72590676446573","Bidur","2026-09-01_1600",3088.0,2864.0,-7.26,0.0
"92635248B72590676446573","Bidur","2026-09-02_0000",3580.0,3258.0,-8.99,0.0
"92635248B72590676446573","Bidur","2026-09-02_0800",2470.0,2256.0,-8.69,0.0
"92635248B72590676446573","Bidur","2026-09-02_1600",3150.0,2918.0,-7.35,0.0
"92635248B72590676446573","Bidur","2026-09-03_0000",3610.0,3417.0,-5.34,0.0
"92635248B72590676446573","Bidur","2026-09-03_0800",2468.0,2180.0,-11.69,0.0
"92635248B72590676446573","Bidur","2026-09-03_1600",3172.0,3004.0,-5.3,0.0
"92635248B72590676446573","Bidur","2026-09-04_0000",3609.0,3638.0,0.82,0.0
"92635248B72590676446573","Bidur","2026-09-04_0800",2519.0,2432.0,-3.45,0.0
"92635248B72590676446573","Bidur","2026-09-04_1600",3127.0,3250.0,3.92,0.0
"92635248B72590676446573","Bidur","2026-09-05_0000",3580.0,3718.0,3.85,0.0
"92635248B72590676446573","Bidur","2026-09-05_0800",2501.0,2395.0,-4.26,0.0
"92635248B72590676446573","Bidur","2026-09-05_1600",3154.0,3197.0,1.37,0.0
"92635248B72590676446573","Bidur","2026-09-06_0000",3553.0,3717.0,4.61,0.0
"92635248B72590676446573","Bidur","2026-09-06_0800",2490.0,2307.0,-7.34,0.0
"92635248B72590676446573","Bidur","2026-09-06_1600",3157.0,3191.0,1.08,0.0
"92635248B73416509412594","Tokha","2026-08-26_0000",19222.0,20789.0,8.15,0.0
"92635248B73416509412594","Tokha","2026-08-26_0800",15895.0,16638.0,4.68,0.0
"92635248B73416509412594","Tokha","2026-08-26_1600",17514.0,18250.0,4.2,0.0
"92635248B73416509412594","Tokha","2026-08-27_0000",19415.0,19847.0,2.23,0.0
"92635248B73416509412594","Tokha","2026-08-27_0800",15901.0,16612.0,4.47,0.0
"92635248B73416509412594","Tokha","2026-08-27_1600",17549.0,18416.0,4.94,0.0
"92635248B73416509412594","Tokha","2026-08-28_0000",19137.0,21640.0,13.08,0.0
"92635248B73416509412594","Tokha","2026-08-28_0800",15979.0,16280.0,1.88,0.0
"92635248B73416509412594","Tokha","2026-08-28_1600",18050.0,18739.0,3.82,0.0
"92635248B73416509412594","Tokha","2026-08-29_0000",20435.0,21192.0,3.71,0.0
"92635248B73416509412594","Tokha","2026-08-29_0800",15895.0,15844.0,-0.32,0.0
"92635248B73416509412594","Tokha","2026-08-29_1600",18098.0,18649.0,3.04,0.0
"92635248B73416509412594","Tokha","2026-08-30_0000",20017.0,20428.0,2.05,0.0
"92635248B73416509412594","Tokha","2026-08-30_0800",15980.0,16319.0,2.12,0.0
"92635248B73416509412594","Tokha","2026-08-30_1600",17545.0,17885.0,1.94,0.0
"92635248B73416509412594","Tokha","2026-08-31_0000",19349.0,19887.0,2.78,0.0
"92635248B73416509412594","Tokha","2026-08-31_0800",15986.0,16010.0,0.15,0.0
"92635248B73416509412594","Tokha","2026-08-31_1600",17508.0,17869.0,2.06,0.0
"92635248B73416509412594","Tokha","2026-09-01_0000",19785.0,20072.0,1.45,0.0
"92635248B73416509412594","Tokha","2026-09-01_0800",15937.0,15892.0,-0.28,0.0
"92635248B73416509412594","Tokha","2026-09-01_1600",17405.0,17815.0,2.35,0.0
"92635248B73416509412594","Tokha","2026-09-02_0000",19222.0,19566.0,1.79,0.0
"92635248B73416509412594","Tokha","2026-09-02_0800",15895.0,15933.0,0.24,0.0
"92635248B73416509412594","Tokha","2026-09-02_1600",17514.0,17781.0,1.53,0.0
"92635248B73416509412594","Tokha","2026-09-03_0000",19415.0,19866.0,2.33,0.0
"92635248B73416509412594","Tokha","2026-09-03_0800",15901.0,16085.0,1.16,0.0
"92635248B73416509412594","Tokha","2026-09-03_1600",17549.0,18484.0,5.33,0.0
"92635248B73416509412594","Tokha","2026-09-04_0000",19137.0,20014.0,4.58,0.0
"92635248B73416509412594","Tokha","2026-09-04_0800",15979.0,16020.0,0.26,0.0
"92635248B73416509412594","Tokha","2026-09-04_1600",18050.0,18589.0,2.98,0.0
"92635248B73416509412594","Tokha","2026-09-05_0000",20435.0,21099.0,3.25,0.0
"92635248B73416509412594","Tokha","2026-09-05_0800",15895.0,15820.0,-0.47,0.0
"92635248B73416509412594","Tokha","2026-09-05_1600",18098.0,18359.0,1.44,0.0
"92635248B73416509412594","Tokha","2026-09-06_0000",20017.0,20386.0,1.84,0.0
"92635248B73416509412594","Tokha","2026-09-06_0800",15980.0,15644.0,-2.1,0.0
"92635248B73416509412594","Tokha","2026-09-06_1600",17545.0,17808.0,1.5,0.0
"92635248B77392965640149","Siddhalek","2026-08-26_0000",218.0,89.0,-59.26,0.0
"92635248B77392965640149","Siddhalek","2026-08-26_0800",134.0,36.0,-73.48,0.0
"92635248B77392965640149","Siddhalek","2026-08-26_1600",181.0,53.0,-70.94,0.0
"92635248B77392965640149","Siddhalek","2026-08-27_0000",218.0,67.0,-69.47,0.0
"92635248B77392965640149","Siddhalek","2026-08-27_0800",164.0,92.0,-43.68,0.0
"92635248B77392965640149","Siddhalek","2026-08-27_1600",193.0,120.0,-37.72,0.0
"92635248B77392965640149","Siddhalek","2026-08-28_0000",228.0,165.0,-27.52,0.0
"92635248B77392965640149","Siddhalek","2026-08-28_0800",160.0,108.0,-32.83,0.0
"92635248B77392965640149","Siddhalek","2026-08-28_1600",194.0,125.0,-35.46,0.0
"92635248B77392965640149","Siddhalek","2026-08-29_0000",225.0,159.0,-29.46,0.0
"92635248B77392965640149","Siddhalek","2026-08-29_0800",162.0,92.0,-43.63,0.0
"92635248B77392965640149","Siddhalek","2026-08-29_1600",190.0,152.0,-20.04,0.0
"92635248B77392965640149","Siddhalek","2026-08-30_0000",218.0,188.0,-13.59,0.0
"92635248B77392965640149","Siddhalek","2026-08-30_0800",159.0,128.0,-19.36,0.0
"92635248B77392965640149","Siddhalek","2026-08-30_1600",190.0,153.0,-19.35,0.0
"92635248B77392965640149","Siddhalek","2026-08-31_0000",220.0,149.0,-32.31,0.0
"92635248B77392965640149","Siddhalek","2026-08-31_0800",135.0,73.0,-46.01,0.0
"92635248B77392965640149","Siddhalek","2026-08-31_1600",187.0,137.0,-26.46,0.0
"92635248B77392965640149","Siddhalek","2026-09-01_0000",221.0,187.0,-15.53,0.0
"92635248B77392965640149","Siddhalek","2026-09-01_0800",158.0,116.0,-26.57,0.0
"92635248B77392965640149","Siddhalek","2026-09-01_1600",187.0,149.0,-20.27,0.0
"92635248B77392965640149","Siddhalek","2026-09-02_0000",218.0,162.0,-25.6,0.0
"92635248B77392965640149","Siddhalek","2026-09-02_0800",159.0,139.0,-12.87,0.0
"92635248B77392965640149","Siddhalek","2026-09-02_1600",181.0,172.0,-5.0,0.0
"92635248B77392965640149","Siddhalek","2026-09-03_0000",218.0,192.0,-11.9,0.0
"92635248B77392965640149","Siddhalek","2026-09-03_0800",164.0,135.0,-17.49,0.0
"92635248B77392965640149","Siddhalek","2026-09-03_1600",193.0,181.0,-6.54,0.0
"92635248B77392965640149","Siddhalek","2026-09-04_0000",228.0,187.0,-18.0,0.0
"92635248B77392965640149","Siddhalek","2026-09-04_0800",160.0,137.0,-14.74,0.0
"92635248B77392965640149","Siddhalek","2026-09-04_1600",194.0,172.0,-11.42,0.0
"92635248B77392965640149","Siddhalek","2026-09-05_0000",225.0,204.0,-9.55,0.0
"92635248B77392965640149","Siddhalek","2026-09-05_0800",162.0,141.0,-13.29,0.0
"92635248B77392965640149","Siddhalek","2026-09-05_1600",190.0,178.0,-6.34,0.0
"92635248B77392965640149","Siddhalek","2026-09-06_0000",218.0,207.0,-5.25,0.0
"92635248B77392965640149","Siddhalek","2026-09-06_0800",159.0,113.0,-29.16,0.0
"92635248B77392965640149","Siddhalek","2026-09-06_1600",190.0,168.0,-11.2,0.0
"92635248B79488873426228","Rubi Valley","2026-08-26_0000",14.0,14.0,-0.3,0.0
"92635248B79488873426228","Rubi Valley","2026-08-26_1600",12.0,10.0,-18.15,0.0
"92635248B79488873426228","Rubi Valley","2026-08-27_0000",29.0,27.0,-8.91,0.0
"92635248B79488873426228","Rubi Valley","2026-08-27_1600",23.0,25.0,9.05,0.0
"92635248B79488873426228","Rubi Valley","2026-08-28_0000",29.0,24.0,-16.89,0.0
"92635248B79488873426228","Rubi Valley","2026-08-28_1600",25.0,23.0,-8.47,0.0
"92635248B79488873426228","Rubi Valley","2026-08-29_0000",15.0,17.0,13.55,0.0
"92635248B79488873426228","Rubi Valley","2026-08-30_0000",43.0,40.0,-5.53,0.0
"92635248B79488873426228","Rubi Valley","2026-08-30_1600",36.0,38.0,5.6,0.0
"92635248B79488873426228","Rubi Valley","2026-08-31_0000",52.0,65.0,23.63,0.0
"92635248B79488873426228","Rubi Valley","2026-08-31_1600",11.0,11.0,2.43,0.0
"92635248B79488873426228","Rubi Valley","2026-09-01_0000",44.0,47.0,7.56,0.0
"92635248B79488873426228","Rubi Valley","2026-09-01_0800",11.0,11.0,0.34,0.0
"92635248B79488873426228","Rubi Valley","2026-09-01_1600",25.0,24.0,-4.36,0.0
"92635248B79488873426228","Rubi Valley","2026-09-02_0000",55.0,66.0,21.36,0.0
"92635248B79488873426228","Rubi Valley","2026-09-02_0800",11.0,12.0,5.82,0.0
"92635248B79488873426228","Rubi Valley","2026-09-02_1600",36.0,39.0,8.16,0.0
"92635248B79488873426228","Rubi Valley","2026-09-03_0000",42.0,47.0,9.99,0.0
"92635248B79488873426228","Rubi Valley","2026-09-03_1600",34.0,41.0,21.66,0.0
"92635248B79488873426228","Rubi Valley","2026-09-04_0000",54.0,57.0,6.43,0.0
"92635248B79488873426228","Rubi Valley","2026-09-04_1600",36.0,38.0,7.14,0.0
"92635248B79488873426228","Rubi Valley","2026-09-05_0000",43.0,48.0,9.51,0.0
"92635248B79488873426228","Rubi Valley","2026-09-05_1600",22.0,25.0,11.88,0.0
"92635248B79488873426228","Rubi Valley","2026-09-06_0000",53.0,53.0,0.32,0.0
"92635248B79488873426228","Rubi Valley","2026-09-06_1600",36.0,36.0,1.54,0.0
"92635248B83619346597878","Kispang","2026-08-29_1600",96.0,12.0,-86.99,0.0
"92635248B83619346597878","Kispang","2026-08-30_0000",109.0,19.0,-82.29,0.0
"92635248B83619346597878","Kispang","2026-08-30_0800",78.0,16.0,-80.0,0.0
"92635248B83619346597878","Kispang","2026-08-30_1600",92.0,24.0,-74.03,0.0
"92635248B83619346597878","Kispang","2026-08-31_0000",403.0,121.0,-69.97,0.0
"92635248B83619346597878","Kispang","2026-08-31_0800",76.0,13.0,-83.5,0.0
"92635248B83619346597878","Kispang","2026-08-31_1600",317.0,103.0,-67.6,0.0
"92635248B83619346597878","Kispang","2026-09-01_0000",381.0,122.0,-67.94,0.0
"92635248B83619346597878","Kispang","2026-09-01_0800",129.0,34.0,-73.18,0.0
"92635248B83619346597878","Kispang","2026-09-01_1600",282.0,94.0,-66.51,0.0
"92635248B83619346597878","Kispang","2026-09-02_0000",402.0,137.0,-65.98,0.0
"92635248B83619346597878","Kispang","2026-09-02_0800",159.0,57.0,-64.32,0.0
"92635248B83619346597878","Kispang","2026-09-02_1600",344.0,134.0,-61.07,0.0
"92635248B83619346597878","Kispang","2026-09-03_0000",475.0,241.0,-49.32,0.0
"92635248B83619346597878","Kispang","2026-09-03_0800",303.0,150.0,-50.4,0.0
"92635248B83619346597878","Kispang","2026-09-03_1600",399.0,253.0,-36.73,0.0
"92635248B83619346597878","Kispang","2026-09-04_0000",516.0,341.0,-34.01,0.0
"92635248B83619346597878","Kispang","2026-09-04_0800",364.0,201.0,-44.86,0.0
"92635248B83619346597878","Kispang","2026-09-04_1600",447.0,322.0,-27.93,0.0
"92635248B83619346597878","Kispang","2026-09-05_0000",508.0,354.0,-30.35,0.0
"92635248B83619346597878","Kispang","2026-09-05_0800",354.0,231.0,-34.74,0.0
"92635248B83619346597878","Kispang","2026-09-05_1600",442.0,351.0,-20.7,0.0
"92635248B83619346597878","Kispang","2026-09-06_0000",518.0,407.0,-21.54,0.0
"92635248B83619346597878","Kispang","2026-09-06_0800",350.0,240.0,-31.39,0.0
"92635248B83619346597878","Kispang","2026-09-06_1600",439.0,348.0,-20.89,0.0
"92635248B86541261588188","Khaniyabash","2026-08-27_0000",48.0,31.0,-36.98,0.0
"92635248B86541261588188","Khaniyabash","2026-08-27_0800",38.0,23.0,-38.03,0.0
"92635248B86541261588188","Khaniyabash","2026-08-27_1600",42.0,31.0,-27.4,0.0
"92635248B86541261588188","Khaniyabash","2026-08-28_0000",51.0,33.0,-35.53,0.0
"92635248B86541261588188","Khaniyabash","2026-08-28_0800",20.0,10.0,-50.31,0.0
"92635248B86541261588188","Khaniyabash","2026-08-28_1600",57.0,45.0,-22.01,0.0
"92635248B86541261588188","Khaniyabash","2026-08-29_0000",50.0,32.0,-36.68,0.0
"92635248B86541261588188","Khaniyabash","2026-08-29_1600",55.0,43.0,-21.34,0.0
"92635248B86541261588188","Khaniyabash","2026-08-30_0000",49.0,37.0,-24.57,0.0
"92635248B86541261588188","Khaniyabash","2026-08-30_0800",16.0,11.0,-32.55,0.0
"92635248B86541261588188","Khaniyabash","2026-08-30_1600",42.0,38.0,-9.97,0.0
"92635248B86541261588188","Khaniyabash","2026-08-31_0000",91.0,103.0,13.2,0.0
"92635248B86541261588188","Khaniyabash","2026-08-31_0800",38.0,40.0,2.99,0.0
"92635248B86541261588188","Khaniyabash","2026-08-31_1600",56.0,56.0,0.37,0.0
"92635248B86541261588188","Khaniyabash","2026-09-01_0000",79.0,84.0,5.9,0.0
"92635248B86541261588188","Khaniyabash","2026-09-01_0800",51.0,40.0,-20.98,0.0
"92635248B86541261588188","Khaniyabash","2026-09-01_1600",69.0,74.0,6.48,0.0
"92635248B86541261588188","Khaniyabash","2026-09-02_0000",89.0,93.0,5.4,0.0
"92635248B86541261588188","Khaniyabash","2026-09-02_0800",48.0,51.0,6.98,0.0
"92635248B86541261588188","Khaniyabash","2026-09-02_1600",65.0,76.0,16.8,0.0
"92635248B86541261588188","Khaniyabash","2026-09-03_0000",86.0,100.0,16.17,0.0
"92635248B86541261588188","Khaniyabash","2026-09-03_0800",49.0,49.0,-0.71,0.0
"92635248B86541261588188","Khaniyabash","2026-09-03_1600",65.0,67.0,2.7,0.0
"92635248B86541261588188","Khaniyabash","2026-09-04_0000",78.0,80.0,2.55,0.0
"92635248B86541261588188","Khaniyabash","2026-09-04_0800",37.0,41.0,10.67,0.0
"92635248B86541261588188","Khaniyabash","2026-09-04_1600",68.0,72.0,5.83,0.0
"92635248B86541261588188","Khaniyabash","2026-09-05_0000",87.0,103.0,18.39,0.0
"92635248B86541261588188","Khaniyabash","2026-09-05_0800",36.0,42.0,14.47,0.0
"92635248B86541261588188","Khaniyabash","2026-09-05_1600",65.0,85.0,31.0,0.0
"92635248B86541261588188","Khaniyabash","2026-09-06_0000",87.0,95.0,9.97,0.0
"92635248B86541261588188","Khaniyabash","2026-09-06_0800",36.0,33.0,-8.22,0.0
"92635248B86541261588188","Khaniyabash","2026-09-06_1600",55.0,66.0,20.83,0.0
"92635248B87016090447008","Likhu","2026-08-26_0000",761.0,282.0,-62.98,0.0
"92635248B87016090447008","Likhu","2026-08-26_0800",308.0,117.0,-62.16,0.0
"92635248B87016090447008","Likhu","2026-08-26_1600",581.0,299.0,-48.52,0.0
"92635248B87016090447008","Likhu","2026-08-27_0000",761.0,564.0,-25.86,0.0
"92635248B87016090447008","Likhu","2026-08-27_0800",505.0,463.0,-8.33,0.0
"92635248B87016090447008","Likhu","2026-08-27_1600",657.0,537.0,-18.24,0.0
"92635248B87016090447008","Likhu","2026-08-28_0000",771.0,901.0,16.92,0.0
"92635248B87016090447008","Likhu","2026-08-28_0800",518.0,618.0,19.41,0.0
"92635248B87016090447008","Likhu","2026-08-28_1600",677.0,816.0,20.63,0.0
"92635248B87016090447008","Likhu","2026-08-29_0000",785.0,997.0,26.97,0.0
"92635248B87016090447008","Likhu","2026-08-29_0800",515.0,584.0,13.56,0.0
"92635248B87016090447008","Likhu","2026-08-29_1600",676.0,812.0,20.0,0.0
"92635248B87016090447008","Likhu","2026-08-30_0000",758.0,883.0,16.4,0.0
"92635248B87016090447008","Likhu","2026-08-30_0800",504.0,570.0,13.02,0.0
"92635248B87016090447008","Likhu","2026-08-30_1600",658.0,719.0,9.23,0.0
"92635248B87016090447008","Likhu","2026-08-31_0000",762.0,868.0,13.92,0.0
"92635248B87016090447008","Likhu","2026-08-31_0800",511.0,495.0,-3.09,0.0
"92635248B87016090447008","Likhu","2026-08-31_1600",657.0,686.0,4.38,0.0
"92635248B87016090447008","Likhu","2026-09-01_0000",769.0,808.0,5.18,0.0
"92635248B87016090447008","Likhu","2026-09-01_0800",503.0,517.0,2.91,0.0
"92635248B87016090447008","Likhu","2026-09-01_1600",657.0,743.0,13.19,0.0
"92635248B87016090447008","Likhu","2026-09-02_0000",761.0,865.0,13.79,0.0
"92635248B87016090447008","Likhu","2026-09-02_0800",503.0,539.0,7.1,0.0
"92635248B87016090447008","Likhu","2026-09-02_1600",658.0,742.0,12.78,0.0
"92635248B87016090447008","Likhu","2026-09-03_0000",761.0,838.0,10.11,0.0
"92635248B87016090447008","Likhu","2026-09-03_0800",505.0,555.0,9.97,0.0
"92635248B87016090447008","Likhu","2026-09-03_1600",657.0,720.0,9.65,0.0
"92635248B87016090447008","Likhu","2026-09-04_0000",771.0,845.0,9.61,0.0
"92635248B87016090447008","Likhu","2026-09-04_0800",518.0,527.0,1.88,0.0
"92635248B87016090447008","Likhu","2026-09-04_1600",677.0,742.0,9.61,0.0
"92635248B87016090447008","Likhu","2026-09-05_0000",785.0,901.0,14.76,0.0
"92635248B87016090447008","Likhu","2026-09-05_0800",515.0,542.0,5.3,0.0
"92635248B87016090447008","Likhu","2026-09-05_1600",676.0,742.0,9.69,0.0
"92635248B87016090447008","Likhu","2026-09-06_0000",758.0,799.0,5.3,0.0
"92635248B87016090447008","Likhu","2026-09-06_0800",504.0,418.0,-17.04,0.0
"92635248B87016090447008","Likhu","2026-09-06_1600",658.0,684.0,4.0,0.0
"92635248B88481679786319","Parbati Kunda","2026-08-26_0000",160.0,93.0,-41.68,0.0
"92635248B88481679786319","Parbati Kunda","2026-08-26_1600",93.0,25.0,-72.82,0.0
"92635248B88481679786319","Parbati Kunda","2026-08-27_0000",185.0,81.0,-56.41,0.0
"92635248B88481679786319","Parbati Kunda","2026-08-27_0800",110.0,62.0,-43.56,0.0
"92635248B88481679786319","Parbati Kunda","2026-08-27_1600",133.0,93.0,-29.5,0.0
"92635248B88481679786319","Parbati Kunda","2026-08-28_0000",202.0,141.0,-30.25,0.0
"92635248B88481679786319","Parbati Kunda","2026-08-28_0800",129.0,63.0,-51.04,0.0
"92635248B88481679786319","Parbati Kunda","2026-08-28_1600",149.0,108.0,-27.22,0.0
"92635248B88481679786319","Parbati Kunda","2026-08-29_0000",194.0,131.0,-32.69,0.0
"92635248B88481679786319","Parbati Kunda","2026-08-29_0800",72.0,47.0,-34.46,0.0
"92635248B88481679786319","Parbati Kunda","2026-08-29_1600",200.0,140.0,-30.04,0.0
"92635248B88481679786319","Parbati Kunda","2026-08-30_0000",229.0,166.0,-27.69,0.0
"92635248B88481679786319","Parbati Kunda","2026-08-30_0800",72.0,42.0,-40.68,0.0
"92635248B88481679786319","Parbati Kunda","2026-08-30_1600",183.0,128.0,-30.21,0.0
"92635248B88481679786319","Parbati Kunda","2026-08-31_0000",215.0,182.0,-15.32,0.0
"92635248B88481679786319","Parbati Kunda","2026-08-31_0800",132.0,92.0,-30.29,0.0
"92635248B88481679786319","Parbati Kunda","2026-08-31_1600",203.0,188.0,-7.06,0.0
"92635248B88481679786319","Parbati Kunda","2026-09-01_0000",268.0,241.0,-10.07,0.0
"92635248B88481679786319","Parbati Kunda","2026-09-01_0800",169.0,172.0,1.77,0.0
"92635248B88481679786319","Parbati Kunda","2026-09-01_1600",246.0,238.0,-3.16,0.0
"92635248B88481679786319","Parbati Kunda","2026-09-02_0000",276.0,266.0,-3.61,0.0
"92635248B88481679786319","Parbati Kunda","2026-09-02_0800",153.0,153.0,-0.18,0.0
"92635248B88481679786319","Parbati Kunda","2026-09-02_1600",246.0,259.0,5.3,0.0
"92635248B88481679786319","Parbati Kunda","2026-09-03_0000",267.0,258.0,-3.2,0.0
"92635248B88481679786319","Parbati Kunda","2026-09-03_0800",166.0,175.0,5.44,0.0
"92635248B88481679786319","Parbati Kunda","2026-09-03_1600",199.0,194.0,-2.55,0.0
"92635248B88481679786319","Parbati Kunda","2026-09-04_0000",318.0,292.0,-8.26,0.0
"92635248B88481679786319","Parbati Kunda","2026-09-04_0800",151.0,147.0,-3.23,0.0
"92635248B88481679786319","Parbati Kunda","2026-09-04_1600",255.0,279.0,9.06,0.0
"92635248B88481679786319","Parbati Kunda","2026-09-05_0000",255.0,248.0,-2.67,0.0
"92635248B88481679786319","Parbati Kunda","2026-09-05_0800",146.0,124.0,-15.66,0.0
"92635248B88481679786319","Parbati Kunda","2026-09-05_1600",175.0,190.0,8.56,0.0
"92635248B88481679786319","Parbati Kunda","2026-09-06_0000",274.0,234.0,-14.35,0.0
"92635248B88481679786319","Parbati Kunda","2026-09-06_0800",164.0,153.0,-6.44,0.0
"92635248B88481679786319","Parbati Kunda","2026-09-06_1600",209.0,149.0,-28.81,0.0
"92635248B93894813806429","Melamchi","2026-08-26_0000",1243.0,1381.0,11.12,0.0
"92635248B93894813806429","Melamchi","2026-08-26_0800",764.0,809.0,5.88,0.0
"92635248B93894813806429","Melamchi","2026-08-26_1600",1068.0,1192.0,11.58,0.0
"92635248B93894813806429","Melamchi","2026-08-27_0000",1252.0,1343.0,7.28,0.0
"92635248B93894813806429","Melamchi","2026-08-27_0800",774.0,765.0,-1.27,0.0
"92635248B93894813806429","Melamchi","2026-08-27_1600",1073.0,1007.0,-6.19,0.0
"92635248B93894813806429","Melamchi","2026-08-28_0000",1213.0,1361.0,12.21,0.0
"92635248B93894813806429","Melamchi","2026-08-28_0800",783.0,826.0,5.54,0.0
"92635248B93894813806429","Melamchi","2026-08-28_1600",1068.0,1134.0,6.23,0.0
"92635248B93894813806429","Melamchi","2026-08-29_0000",1260.0,1378.0,9.33,0.0
"92635248B93894813806429","Melamchi","2026-08-29_0800",757.0,691.0,-8.8,0.0
"92635248B93894813806429","Melamchi","2026-08-29_1600",1088.0,1178.0,8.21,0.0
"92635248B93894813806429","Melamchi","2026-08-30_0000",1202.0,1316.0,9.52,0.0
"92635248B93894813806429","Melamchi","2026-08-30_0800",725.0,753.0,3.88,0.0
"92635248B93894813806429","Melamchi","2026-08-30_1600",1057.0,1086.0,2.8,0.0
"92635248B93894813806429","Melamchi","2026-08-31_0000",1247.0,1305.0,4.64,0.0
"92635248B93894813806429","Melamchi","2026-08-31_0800",739.0,663.0,-10.23,0.0
"92635248B93894813806429","Melamchi","2026-08-31_1600",1048.0,1094.0,4.37,0.0
"92635248B93894813806429","Melamchi","2026-09-01_0000",1224.0,1320.0,7.8,0.0
"92635248B93894813806429","Melamchi","2026-09-01_0800",747.0,690.0,-7.61,0.0
"92635248B93894813806429","Melamchi","2026-09-01_1600",1040.0,1086.0,4.5,0.0
"92635248B93894813806429","Melamchi","2026-09-02_0000",1243.0,1285.0,3.37,0.0
"92635248B93894813806429","Melamchi","2026-09-02_0800",763.0,748.0,-2.01,0.0
"92635248B93894813806429","Melamchi","2026-09-02_1600",1036.0,1082.0,4.42,0.0
"92635248B93894813806429","Melamchi","2026-09-03_0000",1252.0,1292.0,3.21,0.0
"92635248B93894813806429","Melamchi","2026-09-03_0800",751.0,673.0,-10.32,0.0
"92635248B93894813806429","Melamchi","2026-09-03_1600",1063.0,1095.0,3.04,0.0
"92635248B93894813806429","Melamchi","2026-09-04_0000",1226.0,1297.0,5.78,0.0
"92635248B93894813806429","Melamchi","2026-09-04_0800",780.0,722.0,-7.47,0.0
"92635248B93894813806429","Melamchi","2026-09-04_1600",1071.0,1097.0,2.36,0.0
"92635248B93894813806429","Melamchi","2026-09-05_0000",1232.0,1275.0,3.51,0.0
"92635248B93894813806429","Melamchi","2026-09-05_0800",746.0,681.0,-8.63,0.0
"92635248B93894813806429","Melamchi","2026-09-05_1600",1067.0,1081.0,1.28,0.0
"92635248B93894813806429","Melamchi","2026-09-06_0000",1191.0,1249.0,4.9,0.0
"92635248B93894813806429","Melamchi","2026-09-06_0800",725.0,665.0,-8.32,0.0
"92635248B93894813806429","Melamchi","2026-09-06_1600",1047.0,1057.0,0.95,0.0
