{"type": "FeatureCollection", "features": [{"type": "Feature", "geometry": {"type": "LineString", "coordinates": [[85.1101293, 27.8611923], [85.1103087, 27.861069], [85.1102348, 27.8609849], [85.1100554, 27.8611083], [85.1101293, 27.8611923]]}, "properties": {"source": "osm", "dmg": 1.0, "dmg_class": 3, "dmg_label": "Destroyed", "confidence": null, "bid": "way/342010791"}}, {"type": "Feature", "geometry": {"type": "LineString", "coordinates": [[85.1851663, 27.9707603], [85.1851993, 27.9707512], [85.1852046, 27.970766], [85.1852542, 27.9707522], [85.1852694, 27.9707948], [85.1851868, 27.9708178], [85.1851663, 27.9707603]]}, "properties": {"source": "osm", "dmg": 1.0, "dmg_class": 3, "dmg_label": "Destroyed", "confidence": null, "bid": "way/341461747"}}, {"type": "Feature", "geometry": {"type": "LineString", "coordinates": [[85.1487137, 27.9339084], [85.1487559, 27.9339465], [85.1487891, 27.9339177], [85.1487469, 27.9338796], [85.1487137, 27.9339084]]}, "properties": {"source": "osm", "dmg": 1.0, "dmg_class": 3, "dmg_label": "Destroyed", "confidence": null, "bid": "way/890977298"}}, {"type": "Feature", "geometry": {"type": "LineString", "coordinates": [[85.1088287, 27.8598904], [85.1087474, 27.8599369], [85.1087718, 27.8599702], [85.108853, 27.8599237], [85.1088287, 27.8598904]]}, "properties": {"source": "osm", "dmg": 1.0, "dmg_class": 3, "dmg_label": "Destroyed", "confidence": null, "bid": "way/342010948"}}, {"type": "Feature", "geometry": {"type": "LineString", "coordinates": [[85.1838919, 27.9745081], [85.1838565, 27.974535], [85.1838057, 27.974483], [85.1838411, 27.9744561], [85.1838919, 27.9745081]]}, "properties": {"source": "osm", "dmg": 1.0, "dmg_class": 3, "dmg_label": "Destroyed", "confidence": null, "bid": "way/341461768"}}, {"type": "Feature", "geometry": {"type": "LineString", "coordinates": [[85.172542, 27.9625725], [85.1725685, 27.9626007], [85.1726191, 27.9625635], [85.1725926, 27.9625354], [85.172542, 27.9625725]]}, "properties": {"source": "osm", "dmg": 1.0, "dmg_class": 3, "dmg_label": "Destroyed", "confidence": null, "bid": "way/886277379"}}, {"type": "Feature", "geometry": {"type": "LineString", "coordinates": [[85.1825616, 27.9708407], [85.1825611, 27.9707928], [85.1826087, 27.9707924], [85.1826093, 27.9708403], [85.1825616, 27.9708407]]}, "properties": {"source": "osm", "dmg": 1.0, "dmg_class": 3, "dmg_label": "Destroyed", "confidence": null, "bid": "way/1552639497"}}, {"type": "Feature", "geometry": {"type": "LineString", "coordinates": [[85.3762089, 28.2655991], [85.3762465, 28.2655991], [85.3762465, 28.265559], [85.3762089, 28.265559], [85.3762089, 28.2655991]]}, "properties": {"source": "osm", "dmg": 1.0, "dmg_class": 3, "dmg_label": "Destroyed \u00b7 floods", "confidence": null, "bid": "way/851966241"}}, {"type": "Feature", "geometry": {"type": "LineString", "coordinates": [[85.3667535, 28.2580983], [85.3667723, 28.2580829], [85.3667509, 28.2580626], [85.3667187, 28.2580321], [85.3666998, 28.2580475], [85.3667535, 28.2580983]]}, "properties": {"source": "osm", "dmg": 1.0, "dmg_class": 3, "dmg_label": "Destroyed", "confidence": null, "bid": "way/1552614213"}}, {"type": "Feature", "geometry": {"type": "LineString", "coordinates": [[85.3777248, 28.2792778], [85.3777078, 28.2793204], [85.3777604, 28.2793363], [85.3778462, 28.2793622], [85.3778962, 28.2793773], [85.3779125, 28.2793344], [85.3778627, 28.2793194], [85.3777772, 28.2792936], [85.3777248, 28.2792778]]}, "properties": {"source": "osm", "dmg": 1.0, "dmg_class": 3, "dmg_label": "Destroyed (part)", "confidence": null, "bid": "way/1552746570"}}, {"type": "Feature", "geometry": {"type": "LineString", "coordinates": [[85.3765802, 28.2722221], [85.3765675, 28.2722476], [85.3766119, 28.2722648], [85.3766246, 28.2722393], [85.3765802, 28.2722221]]}, "properties": {"source": "osm", "dmg": 1.0, "dmg_class": 3, "dmg_label": "Destroyed \u00b7 floods", "confidence": null, "bid": "way/1552753258"}}, {"type": "Feature", "geometry": {"type": "LineString", "coordinates": [[85.3787687, 28.2722528], [85.3788216, 28.2722514], [85.3788176, 28.2721326], [85.3787647, 28.272134], [85.3787687, 28.2722528]]}, "properties": {"source": "osm", "dmg": 1.0, "dmg_class": 3, "dmg_label": "Destroyed \u00b7 floods", "confidence": null, "bid": "way/1552911474"}}, {"type": "Feature", "geometry": {"type": "LineString", "coordinates": [[85.3588235, 28.2372691], [85.3588652, 28.2373024], [85.3589101, 28.2372587], [85.3588685, 28.2372254], [85.3588235, 28.2372691]]}, "properties": {"source": "osm", "dmg": 1.0, "dmg_class": 3, "dmg_label": "Destroyed", "confidence": null, "bid": "way/851966267"}}, {"type": "Feature", "geometry": {"type": "LineString", "coordinates": [[85.3366229, 28.1608627], [85.3366242, 28.1608177], [85.336586, 28.1608169], [85.3365846, 28.1608618], [85.3366229, 28.1608627]]}, "properties": {"source": "osm", "dmg": 1.0, "dmg_class": 3, "dmg_label": "Destroyed", "confidence": null, "bid": "way/1553070045"}}, {"type": "Feature", "geometry": {"type": "LineString", "coordinates": [[85.3664995, 28.2536606], [85.366563, 28.2536598], [85.3665621, 28.2536075], [85.3664987, 28.2536083], [85.3664995, 28.2536606]]}, "properties": {"source": "osm", "dmg": 1.0, "dmg_class": 3, "dmg_label": "Destroyed", "confidence": null, "bid": "way/1552646443"}}, {"type": "Feature", "geometry": {"type": "LineString", "coordinates": [[85.366734, 28.2555792], [85.3667693, 28.2555783], [85.3667672, 28.2555122], [85.366732, 28.255513], [85.366734, 28.2555792]]}, "properties": {"source": "osm", "dmg": 1.0, "dmg_class": 3, "dmg_label": "Destroyed", "confidence": null, "bid": "way/1552942073"}}, {"type": "Feature", "geometry": {"type": "LineString", "coordinates": [[85.1846099, 27.9706484], [85.1847071, 27.9706461], [85.1847049, 27.9705732], [85.1846078, 27.9705754], [85.1846099, 27.9706484]]}, "properties": {"source": "osm", "dmg": 1.0, "dmg_class": 3, "dmg_label": "Destroyed", "confidence": null, "bid": "way/341462118"}}, {"type": "Feature", "geometry": {"type": "LineString", "coordinates": [[85.1743895, 27.9669594], [85.1743846, 27.9669931], [85.1744237, 27.9669975], [85.1744286, 27.9669639], [85.1743895, 27.9669594]]}, "properties": {"source": "osm", "dmg": 1.0, "dmg_class": 3, "dmg_label": "Destroyed", "confidence": null, "bid": "way/341622766"}}, {"type": "Feature", "geometry": {"type": "LineString", "coordinates": [[85.1576536, 27.9401502], [85.1577302, 27.9400866], [85.1576377, 27.9399997], [85.1575611, 27.9400632], [85.1576193, 27.9401179], [85.1576536, 27.9401502]]}, "properties": {"source": "osm", "dmg": 1.0, "dmg_class": 3, "dmg_label": "Destroyed", "confidence": null, "bid": "way/890976913"}}, {"type": "Feature", "geometry": {"type": "LineString", "coordinates": [[85.1494382, 27.9330917], [85.149472, 27.9331008], [85.1494867, 27.9330581], [85.149453, 27.933049], [85.1494382, 27.9330917]]}, "properties": {"source": "osm", "dmg": 1.0, "dmg_class": 3, "dmg_label": "Destroyed", "confidence": null, "bid": "way/1553165899"}}, {"type": "Feature", "geometry": {"type": "LineString", "coordinates": [[85.1492753, 27.9327534], [85.1493327, 27.9327996], [85.1493669, 27.9327664], [85.1493095, 27.9327202], [85.1492753, 27.9327534]]}, "properties": {"source": "osm", "dmg": 1.0, "dmg_class": 3, "dmg_label": "Destroyed", "confidence": null, "bid": "way/1553165903"}}, {"type": "Feature", "geometry": {"type": "LineString", "coordinates": [[85.3799444, 28.2806162], [85.3799806, 28.2806366], [85.3800153, 28.2805887], [85.3799791, 28.2805684], [85.3799444, 28.2806162]]}, "properties": {"source": "osm", "dmg": 1.0, "dmg_class": 3, "dmg_label": "Destroyed", "confidence": null, "bid": "way/341558525"}}, {"type": "Feature", "geometry": {"type": "LineString", "coordinates": [[85.3363212, 28.1615374], [85.336344, 28.1616284], [85.3364357, 28.1616105], [85.3364129, 28.1615195], [85.3363212, 28.1615374]]}, "properties": {"source": "osm", "dmg": 1.0, "dmg_class": 3, "dmg_label": "Destroyed", "confidence": null, "bid": "way/854115527"}}, {"type": "Feature", "geometry": {"type": "LineString", "coordinates": [[85.368709, 28.2584573], [85.3687616, 28.2584621], [85.3687662, 28.2584237], [85.3687135, 28.2584189], [85.368709, 28.2584573]]}, "properties": {"source": "osm", "dmg": 1.0, "dmg_class": 3, "dmg_label": "Destroyed", "confidence": null, "bid": "way/1552756849"}}, {"type": "Feature", "geometry": {"type": "LineString", "coordinates": [[85.3666938, 28.2558739], [85.3667314, 28.2558739], [85.3667314, 28.2557948], [85.3666938, 28.2557948], [85.3666938, 28.2558739]]}, "properties": {"source": "osm", "dmg": 1.0, "dmg_class": 3, "dmg_label": "Destroyed", "confidence": null, "bid": "way/1552942075"}}, {"type": "Feature", "geometry": {"type": "LineString", "coordinates": [[85.1683209, 27.9582639], [85.16831, 27.9582314], [85.1682401, 27.9582497], [85.168251, 27.9582822], [85.1683209, 27.9582639]]}, "properties": {"source": "osm", "dmg": 1.0, "dmg_class": 3, "dmg_label": "Destroyed", "confidence": null, "bid": "way/430746880"}}, {"type": "Feature", "geometry": {"type": "LineString", "coordinates": [[85.1794647, 27.9682258], [85.1794632, 27.9681656], [85.1795359, 27.9681643], [85.1795373, 27.9682244], [85.1794647, 27.9682258]]}, "properties": {"source": "osm", "dmg": 1.0, "dmg_class": 3, "dmg_label": "Destroyed", "confidence": null, "bid": "way/1552643515"}}, {"type": "Feature", "geometry": {"type": "LineString", "coordinates": [[85.1565909, 27.9392321], [85.1565483, 27.939195], [85.1566565, 27.9390979], [85.1566991, 27.9391349], [85.1565909, 27.9392321]]}, "properties": {"source": "osm", "dmg": 1.0, "dmg_class": 3, "dmg_label": "Destroyed", "confidence": null, "bid": "way/1552644688"}}, {"type": "Feature", "geometry": {"type": "LineString", "coordinates": [[85.3664786, 28.2513063], [85.3664316, 28.2514587], [85.3665032, 28.2514758], [85.3665501, 28.2513234], [85.3664786, 28.2513063]]}, "properties": {"source": "osm", "dmg": 1.0, "dmg_class": 3, "dmg_label": "Destroyed", "confidence": null, "bid": "way/851368436"}}, {"type": "Feature", "geometry": {"type": "LineString", "coordinates": [[85.110274, 27.8633746], [85.110394, 27.8635032], [85.1104463, 27.8634651], [85.1103263, 27.8633365], [85.110274, 27.8633746]]}, "properties": {"source": "osm", "dmg": 1.0, "dmg_class": 3, "dmg_label": "Destroyed", "confidence": null, "bid": "way/1552587159"}}, {"type": "Feature", "geometry": {"type": "LineString", "coordinates": [[85.3662066, 28.2528825], [85.3661864, 28.2527648], [85.3662834, 28.2527518], [85.3663036, 28.2528696], [85.3662066, 28.2528825]]}, "properties": {"source": "osm", "dmg": 1.0, "dmg_class": 3, "dmg_label": "Destroyed", "confidence": null, "bid": "way/340615919"}}, {"type": "Feature", "geometry": {"type": "LineString", "coordinates": [[85.3662439, 28.2535005], [85.3662509, 28.253529], [85.3663314, 28.2535137], [85.3663243, 28.2534851], [85.3662439, 28.2535005]]}, "properties": {"source": "osm", "dmg": 1.0, "dmg_class": 3, "dmg_label": "Destroyed", "confidence": null, "bid": "way/853711533"}}, {"type": "Feature", "geometry": {"type": "LineString", "coordinates": [[85.3663856, 28.2526016], [85.3665359, 28.2525911], [85.3665316, 28.2525429], [85.366432, 28.2525498], [85.366428, 28.2525058], [85.3663773, 28.2525093], [85.3663856, 28.2526016]]}, "properties": {"source": "osm", "dmg": 1.0, "dmg_class": 3, "dmg_label": "Destroyed", "confidence": null, "bid": "way/1552942037"}}, {"type": "Feature", "geometry": {"type": "LineString", "coordinates": [[85.3658677, 28.2526991], [85.3659387, 28.2526939], [85.3659233, 28.2525314], [85.3658523, 28.2525367], [85.3658677, 28.2526991]]}, "properties": {"source": "osm", "dmg": 1.0, "dmg_class": 3, "dmg_label": "Destroyed", "confidence": null, "bid": "way/1552942065"}}, {"type": "Feature", "geometry": {"type": "LineString", "coordinates": [[85.1085585, 27.8597886], [85.1086028, 27.8597553], [85.1085381, 27.8596926], [85.1084962, 27.8597276], [85.1085585, 27.8597886]]}, "properties": {"source": "osm", "dmg": 1.0, "dmg_class": 3, "dmg_label": "Destroyed", "confidence": null, "bid": "way/342010748"}}, {"type": "Feature", "geometry": {"type": "LineString", "coordinates": [[85.1098207, 27.8606786], [85.1098915, 27.8606453], [85.109854, 27.8605829], [85.1097832, 27.8606162], [85.1098207, 27.8606786]]}, "properties": {"source": "osm", "dmg": 1.0, "dmg_class": 3, "dmg_label": "Destroyed", "confidence": null, "bid": "way/342010844"}}, {"type": "Feature", "geometry": {"type": "LineString", "coordinates": [[85.1138279, 27.8674163], [85.1138748, 27.8674068], [85.1138579, 27.8673415], [85.113811, 27.867351], [85.1138279, 27.8674163]]}, "properties": {"source": "osm", "dmg": 1.0, "dmg_class": 3, "dmg_label": "Destroyed", "confidence": null, "bid": "way/1552587258"}}, {"type": "Feature", "geometry": {"type": "LineString", "coordinates": [[85.1828872, 27.9696834], [85.1828865, 27.9696304], [85.1830151, 27.9696291], [85.1830158, 27.9696822], [85.1828872, 27.9696834]]}, "properties": {"source": "osm", "dmg": 1.0, "dmg_class": 3, "dmg_label": "Destroyed", "confidence": null, "bid": "way/1552644568"}}, {"type": "Feature", "geometry": {"type": "LineString", "coordinates": [[85.1711494, 27.962073], [85.1712101, 27.962013], [85.1710586, 27.9618934], [85.1709978, 27.9619534], [85.1711494, 27.962073]]}, "properties": {"source": "osm", "dmg": 1.0, "dmg_class": 3, "dmg_label": "Destroyed", "confidence": null, "bid": "way/1553012957"}}, {"type": "Feature", "geometry": {"type": "LineString", "coordinates": [[85.1517584, 27.9310772], [85.15178, 27.9310702], [85.1517818, 27.9310746], [85.1518183, 27.9311625], [85.1517887, 27.9311721], [85.1517503, 27.9310798], [85.1517584, 27.9310772]]}, "properties": {"source": "osm", "dmg": 1.0, "dmg_class": 3, "dmg_label": "Destroyed", "confidence": null, "bid": "way/341919193"}}, {"type": "Feature", "geometry": {"type": "LineString", "coordinates": [[85.1490875, 27.9342724], [85.1491228, 27.9342925], [85.1491566, 27.9342463], [85.1491214, 27.9342262], [85.1490875, 27.9342724]]}, "properties": {"source": "osm", "dmg": 1.0, "dmg_class": 3, "dmg_label": "Destroyed", "confidence": null, "bid": "way/1553165909"}}, {"type": "Feature", "geometry": {"type": "LineString", "coordinates": [[85.3776067, 28.2796372], [85.377755, 28.2796819], [85.3777714, 28.2796378], [85.3777433, 28.2796293], [85.3776554, 28.2796028], [85.3776237, 28.2795933], [85.3776067, 28.2796372]]}, "properties": {"source": "osm", "dmg": 1.0, "dmg_class": 3, "dmg_label": "Destroyed (part)", "confidence": null, "bid": "way/1552746565"}}, {"type": "Feature", "geometry": {"type": "LineString", "coordinates": [[85.1078163, 27.8594153], [85.1079912, 27.8593547], [85.1079217, 27.859198], [85.1077468, 27.8592586], [85.107804, 27.8593874], [85.1078163, 27.8594153]]}, "properties": {"source": "osm", "dmg": 1.0, "dmg_class": 3, "dmg_label": "Destroyed", "confidence": null, "bid": "way/342010947"}}, {"type": "Feature", "geometry": {"type": "LineString", "coordinates": [[85.1492087, 27.9243204], [85.1494851, 27.9242583], [85.1494421, 27.924109], [85.1491657, 27.9241711], [85.1492087, 27.9243204]]}, "properties": {"source": "osm", "dmg": 1.0, "dmg_class": 3, "dmg_label": "Destroyed", "confidence": null, "bid": "way/341730968"}}, {"type": "Feature", "geometry": {"type": "LineString", "coordinates": [[85.3777714, 28.2796378], [85.3777967, 28.2795704], [85.378048, 28.2796469], [85.3781106, 28.2794873], [85.3779284, 28.2794319], [85.3779436, 28.2793899], [85.3780171, 28.279412], [85.3780307, 28.2793771], [85.3780863, 28.2793939], [85.378142, 28.2794106], [85.3781284, 28.2794456], [85.3782045, 28.2794685], [85.3780674, 28.2798213], [85.3779971, 28.2798001], [85.3779828, 28.2798369], [85.3779263, 28.2798199], [85.3778697, 28.2798029], [85.3778843, 28.2797652], [85.3777891, 28.2797365], [85.3778045, 28.2796968], [85.377821, 28.2796528], [85.3777714, 28.2796378]]}, "properties": {"source": "osm", "dmg": 1.0, "dmg_class": 3, "dmg_label": "Destroyed (part)", "confidence": null, "bid": "way/1552746566"}}, {"type": "Feature", "geometry": {"type": "LineString", "coordinates": [[85.3433686, 28.1644085], [85.3434016, 28.1644316], [85.3434493, 28.1643788], [85.3434162, 28.1643557], [85.3433686, 28.1644085]]}, "properties": {"source": "osm", "dmg": 1.0, "dmg_class": 3, "dmg_label": "Destroyed", "confidence": null, "bid": "way/850782573"}}, {"type": "Feature", "geometry": {"type": "LineString", "coordinates": [[85.3657515, 28.2522096], [85.3657901, 28.2522138], [85.365798, 28.2521585], [85.3657593, 28.2521542], [85.3657515, 28.2522096]]}, "properties": {"source": "osm", "dmg": 1.0, "dmg_class": 3, "dmg_label": "Destroyed", "confidence": null, "bid": "way/1552871505"}}, {"type": "Feature", "geometry": {"type": "LineString", "coordinates": [[85.3659844, 28.2571834], [85.3660153, 28.2572247], [85.3661038, 28.2571733], [85.3660729, 28.257132], [85.3659844, 28.2571834]]}, "properties": {"source": "osm", "dmg": 1.0, "dmg_class": 3, "dmg_label": "Destroyed", "confidence": null, "bid": "way/1552916427"}}, {"type": "Feature", "geometry": {"type": "LineString", "coordinates": [[85.3670043, 28.2545207], [85.367064, 28.2545187], [85.3670619, 28.2544705], [85.3670022, 28.2544725], [85.3670043, 28.2545207]]}, "properties": {"source": "osm", "dmg": 1.0, "dmg_class": 3, "dmg_label": "Destroyed", "confidence": null, "bid": "way/1552942080"}}, {"type": "Feature", "geometry": {"type": "LineString", "coordinates": [[85.3796113, 28.2804864], [85.3796941, 28.2805452], [85.3797303, 28.2805056], [85.3796475, 28.2804469], [85.3796113, 28.2804864]]}, "properties": {"source": "osm", "dmg": 1.0, "dmg_class": 3, "dmg_label": "Destroyed", "confidence": null, "bid": "way/849463479"}}, {"type": "Feature", "geometry": {"type": "LineString", "coordinates": [[85.3799151, 28.2808207], [85.3802611, 28.2809907], [85.3802833, 28.2809558], [85.3800187, 28.2808257], [85.3800459, 28.2807828], [85.3799645, 28.2807428], [85.3799151, 28.2808207]]}, "properties": {"source": "osm", "dmg": 1.0, "dmg_class": 3, "dmg_label": "Destroyed", "confidence": null, "bid": "way/846902679"}}, {"type": "Feature", "geometry": {"type": "LineString", "coordinates": [[85.376504, 28.2705287], [85.3765174, 28.2705653], [85.3765678, 28.270551], [85.3765544, 28.2705144], [85.376504, 28.2705287]]}, "properties": {"source": "osm", "dmg": 1.0, "dmg_class": 3, "dmg_label": "Destroyed \u00b7 floods", "confidence": null, "bid": "way/846902652"}}, {"type": "Feature", "geometry": {"type": "LineString", "coordinates": [[85.3385665, 28.1638706], [85.3387073, 28.1639498], [85.3387442, 28.1638987], [85.3386034, 28.1638195], [85.3385665, 28.1638706]]}, "properties": {"source": "osm", "dmg": 1.0, "dmg_class": 3, "dmg_label": "Destroyed", "confidence": null, "bid": "way/854113203"}}, {"type": "Feature", "geometry": {"type": "LineString", "coordinates": [[85.3371785, 28.1629886], [85.3372241, 28.1630542], [85.3372599, 28.1630348], [85.3372144, 28.1629692], [85.3371785, 28.1629886]]}, "properties": {"source": "osm", "dmg": 1.0, "dmg_class": 3, "dmg_label": "Destroyed", "confidence": null, "bid": "way/854113216"}}, {"type": "Feature", "geometry": {"type": "LineString", "coordinates": [[85.3364287, 28.16097], [85.3364706, 28.1610425], [85.336602, 28.1609833], [85.3365601, 28.1609109], [85.3364287, 28.16097]]}, "properties": {"source": "osm", "dmg": 1.0, "dmg_class": 3, "dmg_label": "Destroyed", "confidence": null, "bid": "way/854113227"}}, {"type": "Feature", "geometry": {"type": "LineString", "coordinates": [[85.3418459, 28.1673164], [85.3418696, 28.1672941], [85.341888, 28.1673093], [85.3418643, 28.1673316], [85.3418459, 28.1673164]]}, "properties": {"source": "osm", "dmg": 1.0, "dmg_class": 3, "dmg_label": "Destroyed", "confidence": null, "bid": "way/1132149386"}}, {"type": "Feature", "geometry": {"type": "LineString", "coordinates": [[85.3428196, 28.165083], [85.3428248, 28.1650445], [85.3428589, 28.1650481], [85.3428537, 28.1650866], [85.3428196, 28.165083]]}, "properties": {"source": "osm", "dmg": 1.0, "dmg_class": 3, "dmg_label": "Destroyed", "confidence": null, "bid": "way/1162337475"}}, {"type": "Feature", "geometry": {"type": "LineString", "coordinates": [[85.3761817, 28.2652866], [85.3762279, 28.2653225], [85.3762839, 28.2652666], [85.3762376, 28.2652307], [85.3761817, 28.2652866]]}, "properties": {"source": "osm", "dmg": 1.0, "dmg_class": 3, "dmg_label": "Destroyed \u00b7 floods", "confidence": null, "bid": "way/340605209"}}, {"type": "Feature", "geometry": {"type": "LineString", "coordinates": [[85.3643989, 28.252612], [85.364406, 28.2526851], [85.3647533, 28.252659], [85.3647462, 28.2525859], [85.3643989, 28.252612]]}, "properties": {"source": "osm", "dmg": 1.0, "dmg_class": 3, "dmg_label": "Destroyed", "confidence": null, "bid": "way/851367097"}}, {"type": "Feature", "geometry": {"type": "LineString", "coordinates": [[85.3737366, 28.2630743], [85.3737473, 28.2631782], [85.373868, 28.2631686], [85.3738573, 28.2630646], [85.3737366, 28.2630743]]}, "properties": {"source": "osm", "dmg": 1.0, "dmg_class": 3, "dmg_label": "Destroyed \u00b7 floods", "confidence": null, "bid": "way/851367132"}}, {"type": "Feature", "geometry": {"type": "LineString", "coordinates": [[85.3666208, 28.2522609], [85.3666342, 28.2524026], [85.3666933, 28.2523983], [85.3666799, 28.2522565], [85.3666208, 28.2522609]]}, "properties": {"source": "osm", "dmg": 1.0, "dmg_class": 3, "dmg_label": "Destroyed", "confidence": null, "bid": "way/851368443"}}, {"type": "Feature", "geometry": {"type": "LineString", "coordinates": [[85.3663838, 28.2543545], [85.3664259, 28.2543387], [85.3663803, 28.2542442], [85.3663382, 28.25426], [85.3663838, 28.2543545]]}, "properties": {"source": "osm", "dmg": 1.0, "dmg_class": 3, "dmg_label": "Destroyed", "confidence": null, "bid": "way/853711525"}}, {"type": "Feature", "geometry": {"type": "LineString", "coordinates": [[85.3662524, 28.2532062], [85.3662658, 28.2533014], [85.3663145, 28.2532961], [85.3663011, 28.2532009], [85.3662524, 28.2532062]]}, "properties": {"source": "osm", "dmg": 1.0, "dmg_class": 3, "dmg_label": "Destroyed", "confidence": null, "bid": "way/853711538"}}, {"type": "Feature", "geometry": {"type": "LineString", "coordinates": [[85.3762378, 28.2655082], [85.3762988, 28.2655401], [85.3763198, 28.2655088], [85.3762588, 28.2654769], [85.3762378, 28.2655082]]}, "properties": {"source": "osm", "dmg": 1.0, "dmg_class": 3, "dmg_label": "Destroyed \u00b7 floods", "confidence": null, "bid": "way/1552914669"}}, {"type": "Feature", "geometry": {"type": "LineString", "coordinates": [[85.1835291, 27.9714684], [85.1834539, 27.9715138], [85.1835089, 27.9715848], [85.1835841, 27.9715395], [85.1835291, 27.9714684]]}, "properties": {"source": "osm", "dmg": 1.0, "dmg_class": 3, "dmg_label": "Destroyed", "confidence": null, "bid": "way/1553122727"}}, {"type": "Feature", "geometry": {"type": "LineString", "coordinates": [[85.3801914, 28.2806789], [85.3802957, 28.2807639], [85.3805573, 28.2805147], [85.3804775, 28.2804498], [85.3802746, 28.2806432], [85.38025, 28.2806231], [85.3801914, 28.2806789]]}, "properties": {"source": "osm", "dmg": 1.0, "dmg_class": 3, "dmg_label": "Destroyed", "confidence": null, "bid": "way/1552971844"}}, {"type": "Feature", "geometry": {"type": "LineString", "coordinates": [[85.3768896, 28.2735102], [85.3768645, 28.2735509], [85.376924, 28.2735794], [85.3769364, 28.2735593], [85.3769757, 28.2735781], [85.3769921, 28.2735515], [85.3769542, 28.2735151], [85.3768896, 28.2735102]]}, "properties": {"source": "osm", "dmg": 1.0, "dmg_class": 3, "dmg_label": "Destroyed \u00b7 floods", "confidence": null, "bid": "way/1552753261"}}, {"type": "Feature", "geometry": {"type": "LineString", "coordinates": [[85.3768145, 28.2810202], [85.3771926, 28.2798438], [85.3775025, 28.279921], [85.3771246, 28.2810975], [85.3768145, 28.2810202]]}, "properties": {"source": "osm", "dmg": 1.0, "dmg_class": 3, "dmg_label": "Destroyed \u00b7 flood", "confidence": null, "bid": "way/1552733043"}}, {"type": "Feature", "geometry": {"type": "LineString", "coordinates": [[85.343373, 28.1640884], [85.3434252, 28.1641339], [85.343507, 28.164061], [85.3434548, 28.1640155], [85.343373, 28.1640884]]}, "properties": {"source": "osm", "dmg": 1.0, "dmg_class": 3, "dmg_label": "Destroyed", "confidence": null, "bid": "way/344279075"}}, {"type": "Feature", "geometry": {"type": "LineString", "coordinates": [[85.3426, 28.1645009], [85.3425302, 28.1644286], [85.3424804, 28.164466], [85.3425502, 28.1645382], [85.3426, 28.1645009]]}, "properties": {"source": "osm", "dmg": 1.0, "dmg_class": 3, "dmg_label": "Destroyed", "confidence": null, "bid": "way/344279102"}}, {"type": "Feature", "geometry": {"type": "LineString", "coordinates": [[85.3584332, 28.2417476], [85.3587302, 28.2417596], [85.3587343, 28.2416805], [85.3584373, 28.2416685], [85.3584332, 28.2417476]]}, "properties": {"source": "osm", "dmg": 1.0, "dmg_class": 3, "dmg_label": "Destroyed", "confidence": null, "bid": "way/846885641"}}, {"type": "Feature", "geometry": {"type": "LineString", "coordinates": [[85.33641, 28.1607159], [85.3364663, 28.1608271], [85.3366147, 28.1607686], [85.3365584, 28.1606575], [85.33641, 28.1607159]]}, "properties": {"source": "osm", "dmg": 1.0, "dmg_class": 3, "dmg_label": "Destroyed", "confidence": null, "bid": "way/851001702"}}, {"type": "Feature", "geometry": {"type": "LineString", "coordinates": [[85.3363201, 28.1606181], [85.3363918, 28.1607056], [85.3364586, 28.1606631], [85.3363869, 28.1605756], [85.3363201, 28.1606181]]}, "properties": {"source": "osm", "dmg": 1.0, "dmg_class": 3, "dmg_label": "Destroyed", "confidence": null, "bid": "way/851001703"}}, {"type": "Feature", "geometry": {"type": "LineString", "coordinates": [[85.3412524, 28.165287], [85.341361, 28.1653484], [85.3413965, 28.1652998], [85.3412879, 28.1652383], [85.3412524, 28.165287]]}, "properties": {"source": "osm", "dmg": 1.0, "dmg_class": 3, "dmg_label": "Destroyed", "confidence": null, "bid": "way/853760522"}}, {"type": "Feature", "geometry": {"type": "LineString", "coordinates": [[85.3371392, 28.1628714], [85.337142, 28.1629072], [85.3371811, 28.1629048], [85.3371782, 28.162869], [85.3371392, 28.1628714]]}, "properties": {"source": "osm", "dmg": 1.0, "dmg_class": 3, "dmg_label": "Destroyed", "confidence": null, "bid": "way/854115532"}}, {"type": "Feature", "geometry": {"type": "LineString", "coordinates": [[85.3579414, 28.239813], [85.3579211, 28.2397807], [85.357981, 28.2397514], [85.3580013, 28.2397837], [85.3579414, 28.239813]]}, "properties": {"source": "osm", "dmg": 1.0, "dmg_class": 3, "dmg_label": "Destroyed", "confidence": null, "bid": "way/1552929281"}}, {"type": "Feature", "geometry": {"type": "LineString", "coordinates": [[85.3361235, 28.1604498], [85.3360707, 28.1604716], [85.3361267, 28.1605769], [85.3361796, 28.160555], [85.3361235, 28.1604498]]}, "properties": {"source": "osm", "dmg": 1.0, "dmg_class": 3, "dmg_label": "Destroyed", "confidence": null, "bid": "way/1552968628"}}, {"type": "Feature", "geometry": {"type": "LineString", "coordinates": [[85.3367793, 28.1611332], [85.3368041, 28.1611816], [85.3368328, 28.1611702], [85.336808, 28.1611217], [85.3367793, 28.1611332]]}, "properties": {"source": "osm", "dmg": 1.0, "dmg_class": 3, "dmg_label": "Destroyed", "confidence": null, "bid": "way/1553061069"}}, {"type": "Feature", "geometry": {"type": "LineString", "coordinates": [[85.3423186, 28.1643417], [85.3423512, 28.1643586], [85.3423807, 28.1643142], [85.3423481, 28.1642974], [85.3423186, 28.1643417]]}, "properties": {"source": "osm", "dmg": 1.0, "dmg_class": 3, "dmg_label": "Destroyed", "confidence": null, "bid": "way/1553066595"}}, {"type": "Feature", "geometry": {"type": "LineString", "coordinates": [[85.3642282, 28.2559643], [85.3642349, 28.2560647], [85.3642917, 28.2560617], [85.364285, 28.2559613], [85.3642282, 28.2559643]]}, "properties": {"source": "osm", "dmg": 1.0, "dmg_class": 3, "dmg_label": "Destroyed", "confidence": null, "bid": "way/851368423"}}, {"type": "Feature", "geometry": {"type": "LineString", "coordinates": [[85.3667373, 28.2526135], [85.3667776, 28.2527351], [85.3668664, 28.2527124], [85.3668262, 28.2525907], [85.3667373, 28.2526135]]}, "properties": {"source": "osm", "dmg": 1.0, "dmg_class": 3, "dmg_label": "Destroyed", "confidence": null, "bid": "way/851368441"}}, {"type": "Feature", "geometry": {"type": "LineString", "coordinates": [[85.3669063, 28.2557173], [85.3668876, 28.2556027], [85.3668481, 28.2556078], [85.3668669, 28.2557223], [85.3669063, 28.2557173]]}, "properties": {"source": "osm", "dmg": 1.0, "dmg_class": 3, "dmg_label": "Destroyed", "confidence": null, "bid": "way/853711507"}}, {"type": "Feature", "geometry": {"type": "LineString", "coordinates": [[85.3671867, 28.254874], [85.3672524, 28.2548633], [85.3672329, 28.2547699], [85.3671672, 28.2547805], [85.3671867, 28.254874]]}, "properties": {"source": "osm", "dmg": 1.0, "dmg_class": 3, "dmg_label": "Destroyed", "confidence": null, "bid": "way/853711515"}}, {"type": "Feature", "geometry": {"type": "LineString", "coordinates": [[85.3664383, 28.2535178], [85.3664665, 28.2535143], [85.3664585, 28.2534635], [85.3664303, 28.253467], [85.3664383, 28.2535178]]}, "properties": {"source": "osm", "dmg": 1.0, "dmg_class": 3, "dmg_label": "Destroyed", "confidence": null, "bid": "way/853711535"}}, {"type": "Feature", "geometry": {"type": "LineString", "coordinates": [[85.3663627, 28.2535671], [85.3663615, 28.2536018], [85.3664272, 28.2536035], [85.3664283, 28.2535688], [85.3663627, 28.2535671]]}, "properties": {"source": "osm", "dmg": 1.0, "dmg_class": 3, "dmg_label": "Destroyed", "confidence": null, "bid": "way/853711536"}}, {"type": "Feature", "geometry": {"type": "LineString", "coordinates": [[85.3663549, 28.2527708], [85.3665691, 28.2527194], [85.3665533, 28.2526683], [85.3663751, 28.2527111], [85.3663552, 28.2526467], [85.3663192, 28.2526554], [85.3663549, 28.2527708]]}, "properties": {"source": "osm", "dmg": 1.0, "dmg_class": 3, "dmg_label": "Destroyed", "confidence": null, "bid": "way/1552646437"}}, {"type": "Feature", "geometry": {"type": "LineString", "coordinates": [[85.3768989, 28.2649501], [85.3769678, 28.2649187], [85.3769458, 28.2648812], [85.3768769, 28.2649126], [85.3768989, 28.2649501]]}, "properties": {"source": "osm", "dmg": 1.0, "dmg_class": 3, "dmg_label": "Destroyed \u00b7 floods", "confidence": null, "bid": "way/1552914668"}}, {"type": "Feature", "geometry": {"type": "LineString", "coordinates": [[85.3663766, 28.2574102], [85.3665176, 28.2573323], [85.3662239, 28.25692], [85.3660829, 28.2569979], [85.3663766, 28.2574102]]}, "properties": {"source": "osm", "dmg": 1.0, "dmg_class": 3, "dmg_label": "Destroyed", "confidence": null, "bid": "way/1552916431"}}, {"type": "Feature", "geometry": {"type": "LineString", "coordinates": [[85.3663867, 28.2542018], [85.3664241, 28.2541965], [85.36641, 28.2541183], [85.3663726, 28.2541235], [85.3663867, 28.2542018]]}, "properties": {"source": "osm", "dmg": 1.0, "dmg_class": 3, "dmg_label": "Destroyed", "confidence": null, "bid": "way/1552942057"}}, {"type": "Feature", "geometry": {"type": "LineString", "coordinates": [[85.3659381, 28.2522951], [85.3659233, 28.2523636], [85.3659565, 28.2523692], [85.3659713, 28.2523006], [85.3659381, 28.2522951]]}, "properties": {"source": "osm", "dmg": 1.0, "dmg_class": 3, "dmg_label": "Destroyed", "confidence": null, "bid": "way/1553122352"}}, {"type": "Feature", "geometry": {"type": "LineString", "coordinates": [[85.3667334, 28.2532945], [85.3667374, 28.2533252], [85.3667712, 28.2533218], [85.3667672, 28.2532911], [85.3667334, 28.2532945]]}, "properties": {"source": "osm", "dmg": 1.0, "dmg_class": 3, "dmg_label": "Destroyed", "confidence": null, "bid": "way/1553122359"}}, {"type": "Feature", "geometry": {"type": "LineString", "coordinates": [[85.1726212, 27.9646098], [85.1725727, 27.9645793], [85.1726194, 27.9645213], [85.1726679, 27.9645518], [85.1726212, 27.9646098]]}, "properties": {"source": "osm", "dmg": 1.0, "dmg_class": 3, "dmg_label": "Destroyed", "confidence": null, "bid": "way/341049764"}}, {"type": "Feature", "geometry": {"type": "LineString", "coordinates": [[85.1712495, 27.9647476], [85.1712032, 27.9647216], [85.1712557, 27.9646487], [85.1713019, 27.9646747], [85.1712495, 27.9647476]]}, "properties": {"source": "osm", "dmg": 1.0, "dmg_class": 3, "dmg_label": "Destroyed", "confidence": null, "bid": "way/341049842"}}, {"type": "Feature", "geometry": {"type": "LineString", "coordinates": [[85.1728364, 27.9655394], [85.1727979, 27.965508], [85.172838, 27.9654697], [85.1728764, 27.9655011], [85.1728364, 27.9655394]]}, "properties": {"source": "osm", "dmg": 1.0, "dmg_class": 3, "dmg_label": "Destroyed", "confidence": null, "bid": "way/341049862"}}, {"type": "Feature", "geometry": {"type": "LineString", "coordinates": [[85.1766403, 27.9691919], [85.1766382, 27.9691647], [85.1766971, 27.9691611], [85.1766992, 27.9691883], [85.1766403, 27.9691919]]}, "properties": {"source": "osm", "dmg": 1.0, "dmg_class": 3, "dmg_label": "Destroyed", "confidence": null, "bid": "way/341462092"}}, {"type": "Feature", "geometry": {"type": "LineString", "coordinates": [[85.1740644, 27.9637692], [85.1739383, 27.9637153], [85.1739581, 27.9636792], [85.1740842, 27.9637331], [85.1740644, 27.9637692]]}, "properties": {"source": "osm", "dmg": 1.0, "dmg_class": 3, "dmg_label": "Destroyed", "confidence": null, "bid": "way/341587341"}}, {"type": "Feature", "geometry": {"type": "LineString", "coordinates": [[85.1763389, 27.967273], [85.1763281, 27.967299], [85.1762907, 27.9672868], [85.1763015, 27.9672608], [85.1763389, 27.967273]]}, "properties": {"source": "osm", "dmg": 1.0, "dmg_class": 3, "dmg_label": "Destroyed", "confidence": null, "bid": "way/341622679"}}, {"type": "Feature", "geometry": {"type": "LineString", "coordinates": [[85.1738563, 27.9659792], [85.1738571, 27.9660036], [85.1739064, 27.9660024], [85.1739056, 27.965978], [85.1738563, 27.9659792]]}, "properties": {"source": "osm", "dmg": 1.0, "dmg_class": 3, "dmg_label": "Destroyed", "confidence": null, "bid": "way/341622687"}}, {"type": "Feature", "geometry": {"type": "LineString", "coordinates": [[85.174641, 27.9668424], [85.174681, 27.9668188], [85.1746521, 27.9667804], [85.174612, 27.966804], [85.174641, 27.9668424]]}, "properties": {"source": "osm", "dmg": 1.0, "dmg_class": 3, "dmg_label": "Destroyed", "confidence": null, "bid": "way/341623094"}}, {"type": "Feature", "geometry": {"type": "LineString", "coordinates": [[85.1749658, 27.9668826], [85.1749013, 27.9668447], [85.1749428, 27.9667896], [85.1750073, 27.9668276], [85.174994, 27.9668452], [85.1749658, 27.9668826]]}, "properties": {"source": "osm", "dmg": 1.0, "dmg_class": 3, "dmg_label": "Destroyed", "confidence": null, "bid": "way/341623258"}}, {"type": "Feature", "geometry": {"type": "LineString", "coordinates": [[85.1758126, 27.9677868], [85.1759059, 27.9677477], [85.1758826, 27.9677045], [85.1758978, 27.9676981], [85.1758697, 27.9676458], [85.1758366, 27.9676596], [85.1758485, 27.9676816], [85.175773, 27.9677133], [85.1758126, 27.9677868]]}, "properties": {"source": "osm", "dmg": 1.0, "dmg_class": 3, "dmg_label": "Destroyed", "confidence": null, "bid": "way/341623266"}}, {"type": "Feature", "geometry": {"type": "LineString", "coordinates": [[85.1717981, 27.9618215], [85.1718256, 27.9618437], [85.1718658, 27.9618047], [85.1718382, 27.9617825], [85.1717981, 27.9618215]]}, "properties": {"source": "osm", "dmg": 1.0, "dmg_class": 3, "dmg_label": "Destroyed", "confidence": null, "bid": "way/519255256"}}, {"type": "Feature", "geometry": {"type": "LineString", "coordinates": [[85.1804053, 27.9686357], [85.1804984, 27.9685675], [85.1804263, 27.9684907], [85.1803332, 27.9685588], [85.1804053, 27.9686357]]}, "properties": {"source": "osm", "dmg": 1.0, "dmg_class": 3, "dmg_label": "Destroyed", "confidence": null, "bid": "way/704709266"}}, {"type": "Feature", "geometry": {"type": "LineString", "coordinates": [[85.1828317, 27.9761137], [85.1828746, 27.9761439], [85.1828965, 27.9761197], [85.1828535, 27.9760895], [85.1828317, 27.9761137]]}, "properties": {"source": "osm", "dmg": 1.0, "dmg_class": 3, "dmg_label": "Destroyed", "confidence": null, "bid": "way/846895890"}}, {"type": "Feature", "geometry": {"type": "LineString", "coordinates": [[85.1721396, 27.9625486], [85.1722336, 27.9625705], [85.1722589, 27.9624855], [85.1721649, 27.9624636], [85.1721396, 27.9625486]]}, "properties": {"source": "osm", "dmg": 1.0, "dmg_class": 3, "dmg_label": "Destroyed", "confidence": null, "bid": "way/886277374"}}, {"type": "Feature", "geometry": {"type": "LineString", "coordinates": [[85.177365, 27.969126], [85.1773702, 27.9690696], [85.1774568, 27.9690758], [85.1774516, 27.9691322], [85.177365, 27.969126]]}, "properties": {"source": "osm", "dmg": 1.0, "dmg_class": 3, "dmg_label": "Destroyed", "confidence": null, "bid": "way/886387035"}}, {"type": "Feature", "geometry": {"type": "LineString", "coordinates": [[85.181096, 27.977963], [85.1809934, 27.9779497], [85.1810217, 27.9777474], [85.1811349, 27.977756], [85.181096, 27.977963]]}, "properties": {"source": "osm", "dmg": 1.0, "dmg_class": 3, "dmg_label": "Destroyed", "confidence": null, "bid": "way/886462149"}}, {"type": "Feature", "geometry": {"type": "LineString", "coordinates": [[85.1836459, 27.970095], [85.1837567, 27.9701079], [85.1837772, 27.9699702], [85.1836665, 27.9699573], [85.1836459, 27.970095]]}, "properties": {"source": "osm", "dmg": 1.0, "dmg_class": 3, "dmg_label": "Destroyed", "confidence": null, "bid": "way/1360231616"}}, {"type": "Feature", "geometry": {"type": "LineString", "coordinates": [[85.1093953, 27.8597442], [85.1093114, 27.8598032], [85.1093366, 27.8598312], [85.1092492, 27.8598926], [85.109218, 27.8598578], [85.1091648, 27.8598951], [85.1091929, 27.8599264], [85.1091592, 27.8599501], [85.1092635, 27.8600661], [85.1093986, 27.8599712], [85.1095217, 27.8598846], [85.1093953, 27.8597442]]}, "properties": {"source": "osm", "dmg": 1.0, "dmg_class": 3, "dmg_label": "Destroyed", "confidence": null, "bid": "way/341439710"}}, {"type": "Feature", "geometry": {"type": "LineString", "coordinates": [[85.1095774, 27.8610064], [85.1096638, 27.8610724], [85.1097456, 27.8610022], [85.1096568, 27.8609341], [85.1095774, 27.8610064]]}, "properties": {"source": "osm", "dmg": 1.0, "dmg_class": 3, "dmg_label": "Destroyed", "confidence": null, "bid": "way/342000489"}}, {"type": "Feature", "geometry": {"type": "LineString", "coordinates": [[85.1104719, 27.8613947], [85.110547, 27.8613383], [85.1106214, 27.8614157], [85.1105463, 27.8614721], [85.1104719, 27.8613947]]}, "properties": {"source": "osm", "dmg": 1.0, "dmg_class": 3, "dmg_label": "Destroyed", "confidence": null, "bid": "way/342003407"}}, {"type": "Feature", "geometry": {"type": "LineString", "coordinates": [[85.1099817, 27.8596249], [85.1100281, 27.8596018], [85.1099906, 27.8595429], [85.1099442, 27.859566], [85.1099817, 27.8596249]]}, "properties": {"source": "osm", "dmg": 1.0, "dmg_class": 3, "dmg_label": "Destroyed", "confidence": null, "bid": "way/342010736"}}, {"type": "Feature", "geometry": {"type": "LineString", "coordinates": [[85.1083349, 27.8597651], [85.1084345, 27.8597025], [85.1083876, 27.8596441], [85.1082879, 27.8597067], [85.1083349, 27.8597651]]}, "properties": {"source": "osm", "dmg": 1.0, "dmg_class": 3, "dmg_label": "Destroyed", "confidence": null, "bid": "way/342010753"}}, {"type": "Feature", "geometry": {"type": "LineString", "coordinates": [[85.1117293, 27.8660487], [85.1118311, 27.8659978], [85.1117868, 27.8659285], [85.1116849, 27.8659794], [85.1117293, 27.8660487]]}, "properties": {"source": "osm", "dmg": 1.0, "dmg_class": 3, "dmg_label": "Destroyed", "confidence": null, "bid": "way/342010790"}}, {"type": "Feature", "geometry": {"type": "LineString", "coordinates": [[85.1114901, 27.8609866], [85.1115174, 27.8610793], [85.1116281, 27.8610539], [85.1116008, 27.8609612], [85.1114901, 27.8609866]]}, "properties": {"source": "osm", "dmg": 1.0, "dmg_class": 3, "dmg_label": "Destroyed", "confidence": null, "bid": "way/342010794"}}, {"type": "Feature", "geometry": {"type": "LineString", "coordinates": [[85.1090014, 27.8602643], [85.1090324, 27.860233], [85.1089607, 27.8601776], [85.1089297, 27.8602089], [85.1090014, 27.8602643]]}, "properties": {"source": "osm", "dmg": 1.0, "dmg_class": 3, "dmg_label": "Destroyed", "confidence": null, "bid": "way/342010849"}}, {"type": "Feature", "geometry": {"type": "LineString", "coordinates": [[85.1097874, 27.8608359], [85.1097132, 27.860896], [85.1097619, 27.860943], [85.1098361, 27.8608829], [85.1097874, 27.8608359]]}, "properties": {"source": "osm", "dmg": 1.0, "dmg_class": 3, "dmg_label": "Destroyed", "confidence": null, "bid": "way/342010924"}}, {"type": "Feature", "geometry": {"type": "LineString", "coordinates": [[85.1085972, 27.8595056], [85.108706, 27.859502], [85.1087013, 27.8593907], [85.1085925, 27.8593944], [85.1085972, 27.8595056]]}, "properties": {"source": "osm", "dmg": 1.0, "dmg_class": 3, "dmg_label": "Destroyed", "confidence": null, "bid": "way/342155433"}}, {"type": "Feature", "geometry": {"type": "LineString", "coordinates": [[85.0723931, 27.854456], [85.0724186, 27.854436], [85.0723757, 27.8543933], [85.0723502, 27.8544133], [85.0723931, 27.854456]]}, "properties": {"source": "osm", "dmg": 1.0, "dmg_class": 3, "dmg_label": "Destroyed", "confidence": null, "bid": "way/1552715388"}}, {"type": "Feature", "geometry": {"type": "LineString", "coordinates": [[85.0713068, 27.8544441], [85.0713692, 27.8544092], [85.0713183, 27.854338], [85.0712559, 27.854373], [85.0713068, 27.8544441]]}, "properties": {"source": "osm", "dmg": 1.0, "dmg_class": 3, "dmg_label": "Destroyed", "confidence": null, "bid": "way/1552715458"}}, {"type": "Feature", "geometry": {"type": "LineString", "coordinates": [[85.152772, 27.9354408], [85.1528455, 27.935352], [85.1527536, 27.9352926], [85.1526801, 27.9353815], [85.152772, 27.9354408]]}, "properties": {"source": "osm", "dmg": 1.0, "dmg_class": 3, "dmg_label": "Destroyed", "confidence": null, "bid": "way/341959126"}}, {"type": "Feature", "geometry": {"type": "LineString", "coordinates": [[85.1603255, 27.9467527], [85.1602895, 27.9467637], [85.160271, 27.9467162], [85.1603071, 27.9467052], [85.1603255, 27.9467527]]}, "properties": {"source": "osm", "dmg": 1.0, "dmg_class": 3, "dmg_label": "Destroyed", "confidence": null, "bid": "way/342139617"}}, {"type": "Feature", "geometry": {"type": "LineString", "coordinates": [[85.1561875, 27.9372222], [85.1561556, 27.9372521], [85.1561156, 27.9372189], [85.1561476, 27.937189], [85.1561875, 27.9372222]]}, "properties": {"source": "osm", "dmg": 1.0, "dmg_class": 3, "dmg_label": "Destroyed", "confidence": null, "bid": "way/342215732"}}, {"type": "Feature", "geometry": {"type": "LineString", "coordinates": [[85.1498002, 27.9239402], [85.1498927, 27.9239267], [85.1499099, 27.924019], [85.1498174, 27.9240325], [85.1498002, 27.9239402]]}, "properties": {"source": "osm", "dmg": 1.0, "dmg_class": 3, "dmg_label": "Destroyed", "confidence": null, "bid": "way/889069179"}}, {"type": "Feature", "geometry": {"type": "LineString", "coordinates": [[85.1478044, 27.9290537], [85.1478038, 27.9288641], [85.1478514, 27.928864], [85.147852, 27.9290536], [85.1478044, 27.9290537]]}, "properties": {"source": "osm", "dmg": 1.0, "dmg_class": 3, "dmg_label": "Destroyed", "confidence": null, "bid": "way/890977078"}}, {"type": "Feature", "geometry": {"type": "LineString", "coordinates": [[85.1555092, 27.9383726], [85.1555301, 27.9383886], [85.1555561, 27.9384086], [85.1555877, 27.9383764], [85.1555408, 27.9383404], [85.1555092, 27.9383726]]}, "properties": {"source": "osm", "dmg": 1.0, "dmg_class": 3, "dmg_label": "Destroyed", "confidence": null, "bid": "way/891929268"}}, {"type": "Feature", "geometry": {"type": "LineString", "coordinates": [[85.1555541, 27.9383379], [85.1556198, 27.938391], [85.1556484, 27.9383635], [85.1555827, 27.9383103], [85.1555541, 27.9383379]]}, "properties": {"source": "osm", "dmg": 1.0, "dmg_class": 3, "dmg_label": "Destroyed", "confidence": null, "bid": "way/891929269"}}, {"type": "Feature", "geometry": {"type": "LineString", "coordinates": [[85.1565443, 27.9391803], [85.1565062, 27.9391472], [85.1566074, 27.9390561], [85.1566456, 27.9390892], [85.1565443, 27.9391803]]}, "properties": {"source": "osm", "dmg": 1.0, "dmg_class": 3, "dmg_label": "Destroyed", "confidence": null, "bid": "way/1552644687"}}, {"type": "Feature", "geometry": {"type": "LineString", "coordinates": [[85.1505728, 27.9243091], [85.1506895, 27.9243056], [85.1506845, 27.9241768], [85.1505678, 27.9241803], [85.1505728, 27.9243091]]}, "properties": {"source": "osm", "dmg": 1.0, "dmg_class": 3, "dmg_label": "Destroyed", "confidence": null, "bid": "way/1553138006"}}, {"type": "Feature", "geometry": {"type": "LineString", "coordinates": [[85.1476396, 27.9293709], [85.147697, 27.9293788], [85.1477089, 27.9293105], [85.1476515, 27.9293026], [85.1476396, 27.9293709]]}, "properties": {"source": "osm", "dmg": 1.0, "dmg_class": 3, "dmg_label": "Destroyed", "confidence": null, "bid": "way/1553155469"}}, {"type": "Feature", "geometry": {"type": "LineString", "coordinates": [[85.149052, 27.9326841], [85.1491135, 27.9327345], [85.1491819, 27.9326694], [85.1491204, 27.9326189], [85.149052, 27.9326841]]}, "properties": {"source": "osm", "dmg": 1.0, "dmg_class": 3, "dmg_label": "Destroyed", "confidence": null, "bid": "way/1553165905"}}, {"type": "Feature", "geometry": {"type": "LineString", "coordinates": [[85.3412923, 28.1817137], [85.3412634, 28.1816457], [85.3415061, 28.1815679], [85.3415329, 28.181639], [85.3412923, 28.1817137]]}, "properties": {"source": "osm", "dmg": 1.0, "dmg_class": 3, "dmg_label": "Destroyed", "confidence": null, "bid": "way/1552979149"}}, {"type": "Feature", "geometry": {"type": "LineString", "coordinates": [[85.1491291, 27.9343032], [85.1491804, 27.9343325], [85.1492026, 27.9343023], [85.1491513, 27.934273], [85.1491291, 27.9343032]]}, "properties": {"source": "osm", "dmg": 1.0, "dmg_class": 3, "dmg_label": "Destroyed", "confidence": null, "bid": "way/1553165910"}}, {"type": "Feature", "geometry": {"type": "LineString", "coordinates": [[85.3664739, 28.2532147], [85.3665826, 28.2531979], [85.3665714, 28.2531414], [85.3664626, 28.2531581], [85.3664739, 28.2532147]]}, "properties": {"source": "osm", "dmg": 1.0, "dmg_class": 3, "dmg_label": "Destroyed", "confidence": null, "bid": "way/340624554"}}, {"type": "Feature", "geometry": {"type": "LineString", "coordinates": [[85.3663472, 28.2558728], [85.3663659, 28.255956], [85.3664175, 28.255947], [85.3663987, 28.2558637], [85.3663472, 28.2558728]]}, "properties": {"source": "osm", "dmg": 1.0, "dmg_class": 3, "dmg_label": "Destroyed", "confidence": null, "bid": "way/851966252"}}, {"type": "Feature", "geometry": {"type": "LineString", "coordinates": [[85.1721254, 27.9622868], [85.1721776, 27.9623261], [85.1722368, 27.9622648], [85.1721845, 27.9622255], [85.1721254, 27.9622868]]}, "properties": {"source": "osm", "dmg": 1.0, "dmg_class": 3, "dmg_label": "Destroyed", "confidence": null, "bid": "way/341623260"}}, {"type": "Feature", "geometry": {"type": "LineString", "coordinates": [[85.3665295, 28.2520966], [85.366618, 28.2520966], [85.366618, 28.2520671], [85.3665295, 28.2520671], [85.3665295, 28.2520966]]}, "properties": {"source": "osm", "dmg": 1.0, "dmg_class": 3, "dmg_label": "Destroyed", "confidence": null, "bid": "way/1553122348"}}, {"type": "Feature", "geometry": {"type": "LineString", "coordinates": [[85.3401004, 28.1646379], [85.3401875, 28.1646651], [85.3402006, 28.1646325], [85.3401135, 28.1646053], [85.3401004, 28.1646379]]}, "properties": {"source": "osm", "dmg": 1.0, "dmg_class": 3, "dmg_label": "Destroyed", "confidence": null, "bid": "way/854385614"}}, {"type": "Feature", "geometry": {"type": "LineString", "coordinates": [[85.3426562, 28.1647921], [85.3427003, 28.1648], [85.3427244, 28.164696], [85.3426451, 28.1646817], [85.3426369, 28.1647171], [85.3426721, 28.1647235], [85.3426562, 28.1647921]]}, "properties": {"source": "osm", "dmg": 1.0, "dmg_class": 3, "dmg_label": "Destroyed", "confidence": null, "bid": "way/344279081"}}, {"type": "Feature", "geometry": {"type": "LineString", "coordinates": [[85.3437777, 28.1638844], [85.3437905, 28.1638964], [85.3438246, 28.1638682], [85.3438118, 28.1638562], [85.3437777, 28.1638844]]}, "properties": {"source": "osm", "dmg": 1.0, "dmg_class": 3, "dmg_label": "Destroyed", "confidence": null, "bid": "way/344279100"}}, {"type": "Feature", "geometry": {"type": "LineString", "coordinates": [[85.3357966, 28.1606643], [85.3358172, 28.1607532], [85.3358488, 28.1607476], [85.3358437, 28.1607255], [85.3358752, 28.1607199], [85.3358598, 28.160653], [85.3357966, 28.1606643]]}, "properties": {"source": "osm", "dmg": 1.0, "dmg_class": 3, "dmg_label": "Destroyed", "confidence": null, "bid": "way/854115531"}}, {"type": "Feature", "geometry": {"type": "LineString", "coordinates": [[85.3664995, 28.2535001], [85.3665624, 28.2534923], [85.3665541, 28.2534405], [85.3664913, 28.2534483], [85.3664995, 28.2535001]]}, "properties": {"source": "osm", "dmg": 1.0, "dmg_class": 3, "dmg_label": "Destroyed", "confidence": null, "bid": "way/1552646441"}}, {"type": "Feature", "geometry": {"type": "LineString", "coordinates": [[85.3764631, 28.2653198], [85.3764631, 28.2653528], [85.3764926, 28.2653528], [85.3764926, 28.2653198], [85.3764631, 28.2653198]]}, "properties": {"source": "osm", "dmg": 1.0, "dmg_class": 3, "dmg_label": "Destroyed \u00b7 floods", "confidence": null, "bid": "way/1552914666"}}, {"type": "Feature", "geometry": {"type": "LineString", "coordinates": [[85.1851057, 27.9709872], [85.1851242, 27.9710318], [85.185224, 27.9709996], [85.1852055, 27.970955], [85.1851057, 27.9709872]]}, "properties": {"source": "osm", "dmg": 1.0, "dmg_class": 3, "dmg_label": "Destroyed", "confidence": null, "bid": "way/886398143"}}, {"type": "Feature", "geometry": {"type": "LineString", "coordinates": [[85.1795489, 27.9682996], [85.1795789, 27.9682888], [85.1795937, 27.9683207], [85.1795638, 27.9683316], [85.1795489, 27.9682996]]}, "properties": {"source": "osm", "dmg": 1.0, "dmg_class": 3, "dmg_label": "Destroyed", "confidence": null, "bid": "way/1552643514"}}, {"type": "Feature", "geometry": {"type": "LineString", "coordinates": [[85.1536974, 27.9371178], [85.1537719, 27.9371787], [85.1538381, 27.9371155], [85.1537636, 27.9370546], [85.1536974, 27.9371178]]}, "properties": {"source": "osm", "dmg": 1.0, "dmg_class": 3, "dmg_label": "Destroyed", "confidence": null, "bid": "way/890977268"}}, {"type": "Feature", "geometry": {"type": "LineString", "coordinates": [[85.1613071, 27.9464875], [85.1612771, 27.9464312], [85.1613419, 27.9464042], [85.161372, 27.9464605], [85.1613071, 27.9464875]]}, "properties": {"source": "osm", "dmg": 1.0, "dmg_class": 3, "dmg_label": "Destroyed", "confidence": null, "bid": "way/1553150031"}}, {"type": "Feature", "geometry": {"type": "LineString", "coordinates": [[85.3585473, 28.233698], [85.3585848, 28.2337311], [85.3586331, 28.2336885], [85.3585955, 28.2336554], [85.3585473, 28.233698]]}, "properties": {"source": "osm", "dmg": 1.0, "dmg_class": 3, "dmg_label": "Destroyed", "confidence": null, "bid": "way/846885672"}}, {"type": "Feature", "geometry": {"type": "LineString", "coordinates": [[85.3604247, 28.2260644], [85.3604103, 28.2260026], [85.360457, 28.2259942], [85.3604714, 28.226056], [85.3604247, 28.2260644]]}, "properties": {"source": "osm", "dmg": 1.0, "dmg_class": 3, "dmg_label": "Destroyed", "confidence": null, "bid": "way/1553323106"}}, {"type": "Feature", "geometry": {"type": "LineString", "coordinates": [[85.1101838, 27.861198], [85.1102336, 27.8612715], [85.1103443, 27.8612127], [85.1102945, 27.8611393], [85.1101838, 27.861198]]}, "properties": {"source": "osm", "dmg": 1.0, "dmg_class": 3, "dmg_label": "Destroyed", "confidence": null, "bid": "way/342010826"}}, {"type": "Feature", "geometry": {"type": "LineString", "coordinates": [[85.1085768, 27.8598359], [85.1086066, 27.8598771], [85.1086739, 27.8598394], [85.1086454, 27.8597998], [85.1085768, 27.8598359]]}, "properties": {"source": "osm", "dmg": 1.0, "dmg_class": 3, "dmg_label": "Destroyed", "confidence": null, "bid": "way/342010925"}}, {"type": "Feature", "geometry": {"type": "LineString", "coordinates": [[85.1718315, 27.9624328], [85.1718936, 27.9624437], [85.1719092, 27.9623738], [85.1718471, 27.962363], [85.1718315, 27.9624328]]}, "properties": {"source": "osm", "dmg": 1.0, "dmg_class": 3, "dmg_label": "Destroyed", "confidence": null, "bid": "way/886361363"}}, {"type": "Feature", "geometry": {"type": "LineString", "coordinates": [[85.3662828, 28.254166], [85.3663564, 28.254158], [85.3663517, 28.2541246], [85.3662781, 28.2541327], [85.3662828, 28.254166]]}, "properties": {"source": "osm", "dmg": 1.0, "dmg_class": 3, "dmg_label": "Destroyed", "confidence": null, "bid": "way/1552942058"}}, {"type": "Feature", "geometry": {"type": "LineString", "coordinates": [[85.1725149, 27.9625179], [85.1725405, 27.9625472], [85.172603, 27.9625045], [85.1725773, 27.9624753], [85.1725149, 27.9625179]]}, "properties": {"source": "osm", "dmg": 1.0, "dmg_class": 3, "dmg_label": "Destroyed", "confidence": null, "bid": "way/886277378"}}, {"type": "Feature", "geometry": {"type": "LineString", "coordinates": [[85.1705647, 27.9606563], [85.1706022, 27.9606231], [85.170562, 27.9605876], [85.1705244, 27.9606208], [85.1705647, 27.9606563]]}, "properties": {"source": "osm", "dmg": 1.0, "dmg_class": 3, "dmg_label": "Destroyed", "confidence": null, "bid": "way/1553012956"}}, {"type": "Feature", "geometry": {"type": "LineString", "coordinates": [[85.3778458, 28.2805041], [85.3779852, 28.2804959], [85.3779821, 28.2804548], [85.3778426, 28.280463], [85.3778458, 28.2805041]]}, "properties": {"source": "osm", "dmg": 1.0, "dmg_class": 3, "dmg_label": "Destroyed", "confidence": null, "bid": "way/846902683"}}, {"type": "Feature", "geometry": {"type": "LineString", "coordinates": [[85.3614583, 28.2261638], [85.361471, 28.2260871], [85.3616151, 28.2261057], [85.3616024, 28.2261824], [85.3614583, 28.2261638]]}, "properties": {"source": "osm", "dmg": 1.0, "dmg_class": 3, "dmg_label": "Destroyed", "confidence": null, "bid": "way/1553323105"}}, {"type": "Feature", "geometry": {"type": "LineString", "coordinates": [[85.3778659, 28.2808974], [85.3779235, 28.280934], [85.3780067, 28.2808327], [85.3779491, 28.280796], [85.3778659, 28.2808974]]}, "properties": {"source": "osm", "dmg": 1.0, "dmg_class": 3, "dmg_label": "Destroyed", "confidence": null, "bid": "way/846902681"}}, {"type": "Feature", "geometry": {"type": "LineString", "coordinates": [[85.1725034, 27.9645272], [85.1725364, 27.9644791], [85.1724728, 27.9644451], [85.1724398, 27.9644933], [85.1725034, 27.9645272]]}, "properties": {"source": "osm", "dmg": 1.0, "dmg_class": 3, "dmg_label": "Destroyed", "confidence": null, "bid": "way/1553016006"}}, {"type": "Feature", "geometry": {"type": "LineString", "coordinates": [[85.1505339, 27.9239584], [85.1506613, 27.923943], [85.150648, 27.9238572], [85.1505206, 27.9238726], [85.1505339, 27.9239584]]}, "properties": {"source": "osm", "dmg": 1.0, "dmg_class": 3, "dmg_label": "Destroyed", "confidence": null, "bid": "way/1553138005"}}, {"type": "Feature", "geometry": {"type": "LineString", "coordinates": [[85.1491814, 27.9343405], [85.1492334, 27.9343664], [85.1492662, 27.9343148], [85.1492143, 27.934289], [85.1491814, 27.9343405]]}, "properties": {"source": "osm", "dmg": 1.0, "dmg_class": 3, "dmg_label": "Destroyed", "confidence": null, "bid": "way/1553165911"}}, {"type": "Feature", "geometry": {"type": "LineString", "coordinates": [[85.1101286, 27.8634429], [85.1100539, 27.8633616], [85.1101103, 27.8633211], [85.110185, 27.8634023], [85.1101286, 27.8634429]]}, "properties": {"source": "osm", "dmg": 1.0, "dmg_class": 3, "dmg_label": "Destroyed", "confidence": null, "bid": "way/341649658"}}, {"type": "Feature", "geometry": {"type": "LineString", "coordinates": [[85.1100105, 27.8610011], [85.1100625, 27.8610623], [85.1101883, 27.8609789], [85.1101364, 27.8609177], [85.1100105, 27.8610011]]}, "properties": {"source": "osm", "dmg": 1.0, "dmg_class": 3, "dmg_label": "Destroyed", "confidence": null, "bid": "way/342003409"}}, {"type": "Feature", "geometry": {"type": "LineString", "coordinates": [[85.1087268, 27.859818], [85.1087777, 27.8597945], [85.1087378, 27.8597268], [85.1086868, 27.8597503], [85.1087268, 27.859818]]}, "properties": {"source": "osm", "dmg": 1.0, "dmg_class": 3, "dmg_label": "Destroyed", "confidence": null, "bid": "way/342010731"}}, {"type": "Feature", "geometry": {"type": "LineString", "coordinates": [[85.1097608, 27.8606147], [85.1098228, 27.8605873], [85.1097887, 27.860527], [85.1097267, 27.8605544], [85.1097608, 27.8606147]]}, "properties": {"source": "osm", "dmg": 1.0, "dmg_class": 3, "dmg_label": "Destroyed", "confidence": null, "bid": "way/342010868"}}, {"type": "Feature", "geometry": {"type": "LineString", "coordinates": [[85.1123554, 27.8672397], [85.1124104, 27.8672193], [85.1123728, 27.8671399], [85.1123178, 27.8671602], [85.1123554, 27.8672397]]}, "properties": {"source": "osm", "dmg": 1.0, "dmg_class": 3, "dmg_label": "Destroyed", "confidence": null, "bid": "way/1552587198"}}, {"type": "Feature", "geometry": {"type": "LineString", "coordinates": [[85.0723153, 27.8545224], [85.0723797, 27.8544726], [85.0723335, 27.8544259], [85.0722691, 27.8544757], [85.0723153, 27.8545224]]}, "properties": {"source": "osm", "dmg": 1.0, "dmg_class": 3, "dmg_label": "Destroyed", "confidence": null, "bid": "way/1552715389"}}, {"type": "Feature", "geometry": {"type": "LineString", "coordinates": [[85.1749304, 27.966712], [85.1749438, 27.9666637], [85.1748996, 27.9666542], [85.1748862, 27.9667025], [85.1749304, 27.966712]]}, "properties": {"source": "osm", "dmg": 1.0, "dmg_class": 3, "dmg_label": "Destroyed", "confidence": null, "bid": "way/341623136"}}, {"type": "Feature", "geometry": {"type": "LineString", "coordinates": [[85.171164, 27.964628], [85.1712227, 27.9646589], [85.1712856, 27.9645659], [85.1712269, 27.964535], [85.171164, 27.964628]]}, "properties": {"source": "osm", "dmg": 1.0, "dmg_class": 3, "dmg_label": "Destroyed", "confidence": null, "bid": "way/886386997"}}, {"type": "Feature", "geometry": {"type": "LineString", "coordinates": [[85.3589898, 28.2345794], [85.3590086, 28.234596], [85.3590555, 28.2345546], [85.3590368, 28.2345381], [85.3589898, 28.2345794]]}, "properties": {"source": "osm", "dmg": 1.0, "dmg_class": 3, "dmg_label": "Destroyed", "confidence": null, "bid": "way/846885671"}}, {"type": "Feature", "geometry": {"type": "LineString", "coordinates": [[85.3664645, 28.2530263], [85.3664532, 28.2529648], [85.3665369, 28.2529529], [85.3665482, 28.2530144], [85.3664645, 28.2530263]]}, "properties": {"source": "osm", "dmg": 1.0, "dmg_class": 3, "dmg_label": "Destroyed", "confidence": null, "bid": "way/340615918"}}, {"type": "Feature", "geometry": {"type": "LineString", "coordinates": [[85.3667468, 28.2520246], [85.3667923, 28.2520342], [85.3668191, 28.2519362], [85.3667736, 28.2519265], [85.3667468, 28.2520246]]}, "properties": {"source": "osm", "dmg": 1.0, "dmg_class": 3, "dmg_label": "Destroyed", "confidence": null, "bid": "way/851369404"}}, {"type": "Feature", "geometry": {"type": "LineString", "coordinates": [[85.3664038, 28.2543944], [85.3664266, 28.2544187], [85.3664574, 28.2543962], [85.3664347, 28.254372], [85.3664038, 28.2543944]]}, "properties": {"source": "osm", "dmg": 1.0, "dmg_class": 3, "dmg_label": "Destroyed", "confidence": null, "bid": "way/853711523"}}, {"type": "Feature", "geometry": {"type": "LineString", "coordinates": [[85.3665731, 28.2526412], [85.3666136, 28.2526351], [85.3666015, 28.2525736], [85.366561, 28.2525798], [85.3665731, 28.2526412]]}, "properties": {"source": "osm", "dmg": 1.0, "dmg_class": 3, "dmg_label": "Destroyed", "confidence": null, "bid": "way/1552942038"}}, {"type": "Feature", "geometry": {"type": "LineString", "coordinates": [[85.1090857, 27.8593236], [85.1091451, 27.8593014], [85.1091239, 27.8592569], [85.1090645, 27.8592791], [85.1090857, 27.8593236]]}, "properties": {"source": "osm", "dmg": 1.0, "dmg_class": 3, "dmg_label": "Destroyed", "confidence": null, "bid": "way/341998614"}}, {"type": "Feature", "geometry": {"type": "LineString", "coordinates": [[85.1083858, 27.8601331], [85.1084716, 27.8602267], [85.1085536, 27.860168], [85.1084677, 27.8600744], [85.1083858, 27.8601331]]}, "properties": {"source": "osm", "dmg": 1.0, "dmg_class": 3, "dmg_label": "Destroyed", "confidence": null, "bid": "way/342010767"}}, {"type": "Feature", "geometry": {"type": "LineString", "coordinates": [[85.1728206, 27.9628765], [85.1728854, 27.9628366], [85.1729636, 27.9629359], [85.1728987, 27.9629757], [85.1728206, 27.9628765]]}, "properties": {"source": "osm", "dmg": 1.0, "dmg_class": 3, "dmg_label": "Destroyed", "confidence": null, "bid": "way/886277381"}}, {"type": "Feature", "geometry": {"type": "LineString", "coordinates": [[85.1685061, 27.9630609], [85.1685468, 27.9631147], [85.168697, 27.9630258], [85.1686563, 27.9629721], [85.1685061, 27.9630609]]}, "properties": {"source": "osm", "dmg": 1.0, "dmg_class": 3, "dmg_label": "Destroyed", "confidence": null, "bid": "way/1552890517"}}, {"type": "Feature", "geometry": {"type": "LineString", "coordinates": [[85.1493569, 27.9251432], [85.1494992, 27.9251194], [85.1494813, 27.9250359], [85.149339, 27.9250598], [85.1493569, 27.9251432]]}, "properties": {"source": "osm", "dmg": 1.0, "dmg_class": 3, "dmg_label": "Destroyed", "confidence": null, "bid": "way/341598246"}}, {"type": "Feature", "geometry": {"type": "LineString", "coordinates": [[85.1477954, 27.9287289], [85.1478333, 27.9288202], [85.1478624, 27.9288107], [85.1478245, 27.9287195], [85.1477954, 27.9287289]]}, "properties": {"source": "osm", "dmg": 1.0, "dmg_class": 3, "dmg_label": "Destroyed", "confidence": null, "bid": "way/890977079"}}, {"type": "Feature", "geometry": {"type": "LineString", "coordinates": [[85.1504924, 27.9238523], [85.1505977, 27.9238347], [85.1505509, 27.9236156], [85.1504447, 27.9236333], [85.1504508, 27.9236619], [85.1504824, 27.9236566], [85.1505121, 27.9237955], [85.1504814, 27.9238007], [85.1504924, 27.9238523]]}, "properties": {"source": "osm", "dmg": 1.0, "dmg_class": 3, "dmg_label": "Destroyed", "confidence": null, "bid": "way/1553138008"}}, {"type": "Feature", "geometry": {"type": "LineString", "coordinates": [[85.1539189, 27.936908], [85.1540562, 27.936917], [85.1540616, 27.9368531], [85.1539242, 27.9368441], [85.1539189, 27.936908]]}, "properties": {"source": "osm", "dmg": 1.0, "dmg_class": 3, "dmg_label": "Destroyed", "confidence": null, "bid": "way/1553174087"}}, {"type": "Feature", "geometry": {"type": "LineString", "coordinates": [[85.3665993, 28.2527735], [85.3666884, 28.2527617], [85.3666812, 28.2527192], [85.366592, 28.252731], [85.3665993, 28.2527735]]}, "properties": {"source": "osm", "dmg": 1.0, "dmg_class": 3, "dmg_label": "Destroyed", "confidence": null, "bid": "way/1552942041"}}, {"type": "Feature", "geometry": {"type": "LineString", "coordinates": [[85.3667247, 28.2566813], [85.3667592, 28.2566464], [85.366723, 28.2566186], [85.3666884, 28.2566536], [85.3667247, 28.2566813]]}, "properties": {"source": "osm", "dmg": 1.0, "dmg_class": 3, "dmg_label": "Destroyed", "confidence": null, "bid": "way/1553000681"}}, {"type": "Feature", "geometry": {"type": "LineString", "coordinates": [[85.1089193, 27.8606984], [85.1089887, 27.8607371], [85.1090629, 27.8606331], [85.1089934, 27.8605944], [85.1089193, 27.8606984]]}, "properties": {"source": "osm", "dmg": 1.0, "dmg_class": 3, "dmg_label": "Destroyed", "confidence": null, "bid": "way/342003412"}}, {"type": "Feature", "geometry": {"type": "LineString", "coordinates": [[85.3773299, 28.2773216], [85.3774262, 28.2774697], [85.3774061, 28.2774798], [85.3774529, 28.2775517], [85.3775147, 28.2775205], [85.3774918, 28.2774853], [85.3775434, 28.2774593], [85.3774849, 28.2773694], [85.3775023, 28.2773606], [85.3774406, 28.2772657], [85.3773299, 28.2773216]]}, "properties": {"source": "osm", "dmg": 1.0, "dmg_class": 3, "dmg_label": "Destroyed \u00b7 landslide", "confidence": null, "bid": "way/1552581856"}}, {"type": "Feature", "geometry": {"type": "LineString", "coordinates": [[85.1485998, 27.9250492], [85.1485768, 27.9249958], [85.1486271, 27.9249788], [85.1486502, 27.9250322], [85.1485998, 27.9250492]]}, "properties": {"source": "osm", "dmg": 1.0, "dmg_class": 3, "dmg_label": "Destroyed", "confidence": null, "bid": "way/888538472"}}, {"type": "Feature", "geometry": {"type": "LineString", "coordinates": [[85.3788909, 28.2804978], [85.3791614, 28.280627], [85.3792178, 28.2805353], [85.3789473, 28.2804061], [85.3788909, 28.2804978]]}, "properties": {"source": "osm", "dmg": 1.0, "dmg_class": 3, "dmg_label": "Destroyed", "confidence": null, "bid": "way/846902608"}}, {"type": "Feature", "geometry": {"type": "LineString", "coordinates": [[85.3792989, 28.2709672], [85.3793393, 28.2709524], [85.3793147, 28.2709005], [85.3792743, 28.2709153], [85.3792989, 28.2709672]]}, "properties": {"source": "osm", "dmg": 1.0, "dmg_class": 3, "dmg_label": "Destroyed \u00b7 floods", "confidence": null, "bid": "way/341571497"}}, {"type": "Feature", "geometry": {"type": "LineString", "coordinates": [[85.3788221, 28.2722709], [85.378892, 28.2722761], [85.3789041, 28.2721509], [85.3788891, 28.2721498], [85.3788915, 28.2721143], [85.3788597, 28.2721126], [85.3788573, 28.2721474], [85.3788341, 28.2721457], [85.3788221, 28.2722709]]}, "properties": {"source": "osm", "dmg": 1.0, "dmg_class": 3, "dmg_label": "Destroyed \u00b7 floods", "confidence": null, "bid": "way/846902622"}}, {"type": "Feature", "geometry": {"type": "LineString", "coordinates": [[85.378098, 28.2780866], [85.378144, 28.2780886], [85.3781453, 28.2780643], [85.3781871, 28.278066], [85.3781794, 28.2782089], [85.3780916, 28.2782053], [85.378098, 28.2780866]]}, "properties": {"source": "osm", "dmg": 1.0, "dmg_class": 3, "dmg_label": "Destroyed \u00b7 landslide", "confidence": null, "bid": "way/806977546"}}, {"type": "Feature", "geometry": {"type": "LineString", "coordinates": [[85.3784147, 28.2719974], [85.3784557, 28.271997], [85.3784549, 28.2719191], [85.3784448, 28.2718935], [85.3784135, 28.2718938], [85.3784147, 28.2719974]]}, "properties": {"source": "osm", "dmg": 1.0, "dmg_class": 3, "dmg_label": "Destroyed \u00b7 floods", "confidence": null, "bid": "way/1552911472"}}, {"type": "Feature", "geometry": {"type": "LineString", "coordinates": [[85.3417314, 28.1654973], [85.3417859, 28.1655421], [85.3418174, 28.1655124], [85.3417629, 28.1654676], [85.3417314, 28.1654973]]}, "properties": {"source": "osm", "dmg": 1.0, "dmg_class": 3, "dmg_label": "Destroyed", "confidence": null, "bid": "way/507471921"}}, {"type": "Feature", "geometry": {"type": "LineString", "coordinates": [[85.3419733, 28.1668812], [85.3420572, 28.1668576], [85.3420196, 28.1667536], [85.3419357, 28.1667771], [85.3419733, 28.1668812]]}, "properties": {"source": "osm", "dmg": 1.0, "dmg_class": 3, "dmg_label": "Destroyed", "confidence": null, "bid": "way/760438588"}}, {"type": "Feature", "geometry": {"type": "LineString", "coordinates": [[85.3421601, 28.1820595], [85.3421601, 28.1820204], [85.3422222, 28.1820189], [85.3422232, 28.1820513], [85.3421601, 28.1820595]]}, "properties": {"source": "osm", "dmg": 1.0, "dmg_class": 3, "dmg_label": "Destroyed", "confidence": null, "bid": "way/847078096"}}, {"type": "Feature", "geometry": {"type": "LineString", "coordinates": [[85.3360284, 28.1613782], [85.3361347, 28.161567], [85.3362367, 28.1615224], [85.3361303, 28.1613335], [85.3360284, 28.1613782]]}, "properties": {"source": "osm", "dmg": 1.0, "dmg_class": 3, "dmg_label": "Destroyed", "confidence": null, "bid": "way/851001707"}}, {"type": "Feature", "geometry": {"type": "LineString", "coordinates": [[85.3416678, 28.1652797], [85.3417335, 28.1653246], [85.3417711, 28.1652818], [85.3417054, 28.1652369], [85.3416678, 28.1652797]]}, "properties": {"source": "osm", "dmg": 1.0, "dmg_class": 3, "dmg_label": "Destroyed", "confidence": null, "bid": "way/853760524"}}, {"type": "Feature", "geometry": {"type": "LineString", "coordinates": [[85.3381304, 28.1640353], [85.3381696, 28.1640685], [85.3382863, 28.1639615], [85.338247, 28.1639283], [85.3381304, 28.1640353]]}, "properties": {"source": "osm", "dmg": 1.0, "dmg_class": 3, "dmg_label": "Destroyed", "confidence": null, "bid": "way/854113204"}}, {"type": "Feature", "geometry": {"type": "LineString", "coordinates": [[85.3379932, 28.1636764], [85.3380239, 28.1636961], [85.3380705, 28.1636396], [85.3380398, 28.16362], [85.3379932, 28.1636764]]}, "properties": {"source": "osm", "dmg": 1.0, "dmg_class": 3, "dmg_label": "Destroyed", "confidence": null, "bid": "way/854113207"}}, {"type": "Feature", "geometry": {"type": "LineString", "coordinates": [[85.3373799, 28.1634691], [85.3374289, 28.1634969], [85.3374855, 28.1634195], [85.3374365, 28.1633917], [85.3373799, 28.1634691]]}, "properties": {"source": "osm", "dmg": 1.0, "dmg_class": 3, "dmg_label": "Destroyed", "confidence": null, "bid": "way/854113211"}}, {"type": "Feature", "geometry": {"type": "LineString", "coordinates": [[85.3378805, 28.1628407], [85.3379097, 28.162862], [85.3379374, 28.1628325], [85.3379082, 28.1628112], [85.3378805, 28.1628407]]}, "properties": {"source": "osm", "dmg": 1.0, "dmg_class": 3, "dmg_label": "Destroyed", "confidence": null, "bid": "way/854115535"}}, {"type": "Feature", "geometry": {"type": "LineString", "coordinates": [[85.3379252, 28.1636193], [85.3379545, 28.163582], [85.3380126, 28.1636174], [85.3379832, 28.1636548], [85.3379252, 28.1636193]]}, "properties": {"source": "osm", "dmg": 1.0, "dmg_class": 3, "dmg_label": "Destroyed", "confidence": null, "bid": "way/1132149401"}}, {"type": "Feature", "geometry": {"type": "LineString", "coordinates": [[85.3430339, 28.1645162], [85.3430826, 28.1644629], [85.3431106, 28.1644827], [85.3430619, 28.1645361], [85.3430339, 28.1645162]]}, "properties": {"source": "osm", "dmg": 1.0, "dmg_class": 3, "dmg_label": "Destroyed", "confidence": null, "bid": "way/1552750024"}}, {"type": "Feature", "geometry": {"type": "LineString", "coordinates": [[85.3362696, 28.1609319], [85.3361904, 28.1609595], [85.3362251, 28.161037], [85.3363044, 28.1610094], [85.3362696, 28.1609319]]}, "properties": {"source": "osm", "dmg": 1.0, "dmg_class": 3, "dmg_label": "Destroyed", "confidence": null, "bid": "way/1552968627"}}, {"type": "Feature", "geometry": {"type": "LineString", "coordinates": [[85.3367055, 28.1611103], [85.3367391, 28.1612043], [85.336779, 28.1611932], [85.3367455, 28.1610992], [85.3367055, 28.1611103]]}, "properties": {"source": "osm", "dmg": 1.0, "dmg_class": 3, "dmg_label": "Destroyed", "confidence": null, "bid": "way/1553061068"}}, {"type": "Feature", "geometry": {"type": "LineString", "coordinates": [[85.3435182, 28.1643355], [85.3435393, 28.1643349], [85.3435387, 28.1643179], [85.3435176, 28.1643184], [85.3435182, 28.1643355]]}, "properties": {"source": "osm", "dmg": 1.0, "dmg_class": 3, "dmg_label": "Destroyed", "confidence": null, "bid": "way/1553066596"}}, {"type": "Feature", "geometry": {"type": "LineString", "coordinates": [[85.3353676, 28.1603956], [85.3354306, 28.1604321], [85.3354454, 28.1604122], [85.3353824, 28.1603758], [85.3353676, 28.1603956]]}, "properties": {"source": "osm", "dmg": 1.0, "dmg_class": 3, "dmg_label": "Destroyed", "confidence": null, "bid": "way/1553070061"}}, {"type": "Feature", "geometry": {"type": "LineString", "coordinates": [[85.1088498, 27.8605923], [85.1088997, 27.860623], [85.1089483, 27.8605611], [85.1088984, 27.8605304], [85.1088498, 27.8605923]]}, "properties": {"source": "osm", "dmg": 1.0, "dmg_class": 3, "dmg_label": "Destroyed", "confidence": null, "bid": "way/342003413"}}, {"type": "Feature", "geometry": {"type": "LineString", "coordinates": [[85.1088198, 27.8595791], [85.1089017, 27.8595439], [85.1088224, 27.8593997], [85.1087404, 27.8594349], [85.1088198, 27.8595791]]}, "properties": {"source": "osm", "dmg": 1.0, "dmg_class": 3, "dmg_label": "Destroyed", "confidence": null, "bid": "way/342010760"}}, {"type": "Feature", "geometry": {"type": "LineString", "coordinates": [[85.1086117, 27.8603661], [85.1086692, 27.8603074], [85.108607, 27.8602597], [85.1085494, 27.8603184], [85.1086117, 27.8603661]]}, "properties": {"source": "osm", "dmg": 1.0, "dmg_class": 3, "dmg_label": "Destroyed", "confidence": null, "bid": "way/342010793"}}, {"type": "Feature", "geometry": {"type": "LineString", "coordinates": [[85.108923, 27.8602974], [85.1089689, 27.8602532], [85.1089157, 27.8602101], [85.1088699, 27.8602543], [85.108923, 27.8602974]]}, "properties": {"source": "osm", "dmg": 1.0, "dmg_class": 3, "dmg_label": "Destroyed", "confidence": null, "bid": "way/342010820"}}, {"type": "Feature", "geometry": {"type": "LineString", "coordinates": [[85.109566, 27.8609338], [85.1096213, 27.8608907], [85.1095675, 27.8608366], [85.1095121, 27.8608797], [85.109566, 27.8609338]]}, "properties": {"source": "osm", "dmg": 1.0, "dmg_class": 3, "dmg_label": "Destroyed", "confidence": null, "bid": "way/342010870"}}, {"type": "Feature", "geometry": {"type": "LineString", "coordinates": [[85.1099209, 27.8608216], [85.1100116, 27.8607637], [85.1099539, 27.860693], [85.1098632, 27.8607509], [85.1099209, 27.8608216]]}, "properties": {"source": "osm", "dmg": 1.0, "dmg_class": 3, "dmg_label": "Destroyed", "confidence": null, "bid": "way/342010874"}}, {"type": "Feature", "geometry": {"type": "LineString", "coordinates": [[85.1089532, 27.8604796], [85.1089864, 27.8604385], [85.1089301, 27.8604029], [85.1088969, 27.860444], [85.1089532, 27.8604796]]}, "properties": {"source": "osm", "dmg": 1.0, "dmg_class": 3, "dmg_label": "Destroyed", "confidence": null, "bid": "way/342010939"}}, {"type": "Feature", "geometry": {"type": "LineString", "coordinates": [[85.1088419, 27.8597729], [85.108884, 27.8598434], [85.1089653, 27.8598055], [85.1089232, 27.859735], [85.1088419, 27.8597729]]}, "properties": {"source": "osm", "dmg": 1.0, "dmg_class": 3, "dmg_label": "Destroyed", "confidence": null, "bid": "way/342010966"}}, {"type": "Feature", "geometry": {"type": "LineString", "coordinates": [[85.1094498, 27.8609506], [85.1095042, 27.8608978], [85.1094545, 27.8608578], [85.1094001, 27.8609106], [85.1094498, 27.8609506]]}, "properties": {"source": "osm", "dmg": 1.0, "dmg_class": 3, "dmg_label": "Destroyed", "confidence": null, "bid": "way/1552587164"}}, {"type": "Feature", "geometry": {"type": "LineString", "coordinates": [[85.0809634, 27.8569294], [85.0810632, 27.8569314], [85.0810617, 27.8569906], [85.0809619, 27.8569886], [85.0809634, 27.8569294]]}, "properties": {"source": "osm", "dmg": 1.0, "dmg_class": 3, "dmg_label": "Destroyed", "confidence": null, "bid": "way/1552751880"}}, {"type": "Feature", "geometry": {"type": "LineString", "coordinates": [[85.0803828, 27.8554238], [85.0804199, 27.8554285], [85.0804261, 27.8553911], [85.080389, 27.8553863], [85.0803828, 27.8554238]]}, "properties": {"source": "osm", "dmg": 1.0, "dmg_class": 3, "dmg_label": "Destroyed", "confidence": null, "bid": "way/1552755992"}}, {"type": "Feature", "geometry": {"type": "LineString", "coordinates": [[85.0758733, 27.8546765], [85.0759068, 27.854705], [85.075926, 27.8546873], [85.0758925, 27.8546589], [85.0758733, 27.8546765]]}, "properties": {"source": "osm", "dmg": 1.0, "dmg_class": 3, "dmg_label": "Destroyed", "confidence": null, "bid": "way/1553105859"}}, {"type": "Feature", "geometry": {"type": "LineString", "coordinates": [[85.0964944, 27.8609214], [85.0965591, 27.8609184], [85.0965575, 27.8608909], [85.0965559, 27.860865], [85.0964912, 27.860868], [85.0964944, 27.8609214]]}, "properties": {"source": "osm", "dmg": 1.0, "dmg_class": 3, "dmg_label": "Destroyed", "confidence": null, "bid": "way/1553133337"}}, {"type": "Feature", "geometry": {"type": "LineString", "coordinates": [[85.1671105, 27.9584213], [85.1671487, 27.9583985], [85.1671128, 27.9583516], [85.1670746, 27.9583743], [85.1671105, 27.9584213]]}, "properties": {"source": "osm", "dmg": 1.0, "dmg_class": 3, "dmg_label": "Destroyed", "confidence": null, "bid": "way/340932539"}}, {"type": "Feature", "geometry": {"type": "LineString", "coordinates": [[85.1725373, 27.9645559], [85.1724981, 27.964535], [85.1725034, 27.9645272], [85.1725364, 27.9644791], [85.1725459, 27.9644652], [85.1725851, 27.9644862], [85.1725373, 27.9645559]]}, "properties": {"source": "osm", "dmg": 1.0, "dmg_class": 3, "dmg_label": "Destroyed", "confidence": null, "bid": "way/341049792"}}, {"type": "Feature", "geometry": {"type": "LineString", "coordinates": [[85.1751533, 27.9670302], [85.1751708, 27.9669955], [85.175237, 27.9670214], [85.1752196, 27.9670561], [85.1751533, 27.9670302]]}, "properties": {"source": "osm", "dmg": 1.0, "dmg_class": 3, "dmg_label": "Destroyed", "confidence": null, "bid": "way/341355885"}}, {"type": "Feature", "geometry": {"type": "LineString", "coordinates": [[85.1846359, 27.9746713], [85.1845788, 27.9746501], [85.1846075, 27.9745901], [85.1846646, 27.9746113], [85.1846359, 27.9746713]]}, "properties": {"source": "osm", "dmg": 1.0, "dmg_class": 3, "dmg_label": "Destroyed", "confidence": null, "bid": "way/341461850"}}, {"type": "Feature", "geometry": {"type": "LineString", "coordinates": [[85.1848206, 27.9711458], [85.1849093, 27.9711252], [85.1849309, 27.9711978], [85.1848422, 27.9712184], [85.1848206, 27.9711458]]}, "properties": {"source": "osm", "dmg": 1.0, "dmg_class": 3, "dmg_label": "Destroyed", "confidence": null, "bid": "way/341461904"}}, {"type": "Feature", "geometry": {"type": "LineString", "coordinates": [[85.183973, 27.9748068], [85.1839102, 27.9748032], [85.1839201, 27.9746661], [85.1839829, 27.9746697], [85.183973, 27.9748068]]}, "properties": {"source": "osm", "dmg": 1.0, "dmg_class": 3, "dmg_label": "Destroyed", "confidence": null, "bid": "way/341462094"}}, {"type": "Feature", "geometry": {"type": "LineString", "coordinates": [[85.1716475, 27.9618301], [85.1716218, 27.9618586], [85.1715936, 27.9618387], [85.1716193, 27.9618102], [85.1716475, 27.9618301]]}, "properties": {"source": "osm", "dmg": 1.0, "dmg_class": 3, "dmg_label": "Destroyed", "confidence": null, "bid": "way/341587299"}}, {"type": "Feature", "geometry": {"type": "LineString", "coordinates": [[85.173768, 27.9659035], [85.1737815, 27.9658656], [85.1737351, 27.9658528], [85.1737217, 27.9658907], [85.173768, 27.9659035]]}, "properties": {"source": "osm", "dmg": 1.0, "dmg_class": 3, "dmg_label": "Destroyed", "confidence": null, "bid": "way/341622701"}}, {"type": "Feature", "geometry": {"type": "LineString", "coordinates": [[85.1724204, 27.9626289], [85.1724539, 27.962575], [85.1723802, 27.9625393], [85.1723467, 27.9625932], [85.1724204, 27.9626289]]}, "properties": {"source": "osm", "dmg": 1.0, "dmg_class": 3, "dmg_label": "Destroyed", "confidence": null, "bid": "way/341622918"}}, {"type": "Feature", "geometry": {"type": "LineString", "coordinates": [[85.1756326, 27.9670439], [85.1755524, 27.9670351], [85.1755594, 27.9669862], [85.1756396, 27.9669951], [85.1756326, 27.9670439]]}, "properties": {"source": "osm", "dmg": 1.0, "dmg_class": 3, "dmg_label": "Destroyed", "confidence": null, "bid": "way/341622989"}}, {"type": "Feature", "geometry": {"type": "LineString", "coordinates": [[85.1758021, 27.9680784], [85.1757635, 27.9680513], [85.1758085, 27.9680014], [85.175847, 27.9680285], [85.1758021, 27.9680784]]}, "properties": {"source": "osm", "dmg": 1.0, "dmg_class": 3, "dmg_label": "Destroyed", "confidence": null, "bid": "way/341623069"}}, {"type": "Feature", "geometry": {"type": "LineString", "coordinates": [[85.176712, 27.9688679], [85.1766865, 27.9688552], [85.1767097, 27.968819], [85.1767352, 27.9688318], [85.176712, 27.9688679]]}, "properties": {"source": "osm", "dmg": 1.0, "dmg_class": 3, "dmg_label": "Destroyed", "confidence": null, "bid": "way/341623105"}}, {"type": "Feature", "geometry": {"type": "LineString", "coordinates": [[85.1741209, 27.966175], [85.1740556, 27.9661338], [85.1740435, 27.9661261], [85.1740771, 27.9660846], [85.1741545, 27.9661334], [85.1741209, 27.966175]]}, "properties": {"source": "osm", "dmg": 1.0, "dmg_class": 3, "dmg_label": "Destroyed", "confidence": null, "bid": "way/341623236"}}, {"type": "Feature", "geometry": {"type": "LineString", "coordinates": [[85.1697174, 27.9634245], [85.1697664, 27.9633921], [85.1696982, 27.9633117], [85.1696492, 27.9633441], [85.1697174, 27.9634245]]}, "properties": {"source": "osm", "dmg": 1.0, "dmg_class": 3, "dmg_label": "Destroyed", "confidence": null, "bid": "way/341754083"}}, {"type": "Feature", "geometry": {"type": "LineString", "coordinates": [[85.17984, 27.9685324], [85.1799308, 27.9684998], [85.1799781, 27.9686027], [85.1798873, 27.9686353], [85.17984, 27.9685324]]}, "properties": {"source": "osm", "dmg": 1.0, "dmg_class": 3, "dmg_label": "Destroyed", "confidence": null, "bid": "way/342221350"}}, {"type": "Feature", "geometry": {"type": "LineString", "coordinates": [[85.1800487, 27.9681895], [85.1801457, 27.9681691], [85.1801218, 27.9680807], [85.1800248, 27.9681011], [85.1800487, 27.9681895]]}, "properties": {"source": "osm", "dmg": 1.0, "dmg_class": 3, "dmg_label": "Destroyed", "confidence": null, "bid": "way/704709265"}}, {"type": "Feature", "geometry": {"type": "LineString", "coordinates": [[85.1789824, 27.9671237], [85.179068, 27.9671636], [85.1791256, 27.9670669], [85.1790401, 27.9670271], [85.1789824, 27.9671237]]}, "properties": {"source": "osm", "dmg": 1.0, "dmg_class": 3, "dmg_label": "Destroyed", "confidence": null, "bid": "way/803106638"}}, {"type": "Feature", "geometry": {"type": "LineString", "coordinates": [[85.1841031, 27.9744792], [85.1841688, 27.9745254], [85.1842196, 27.9744691], [85.1841538, 27.9744229], [85.1841031, 27.9744792]]}, "properties": {"source": "osm", "dmg": 1.0, "dmg_class": 3, "dmg_label": "Destroyed", "confidence": null, "bid": "way/851737926"}}, {"type": "Feature", "geometry": {"type": "LineString", "coordinates": [[85.183494, 27.9698135], [85.1835977, 27.969836], [85.1836178, 27.9697635], [85.1835141, 27.9697411], [85.183494, 27.9698135]]}, "properties": {"source": "osm", "dmg": 1.0, "dmg_class": 3, "dmg_label": "Destroyed", "confidence": null, "bid": "way/886388183"}}, {"type": "Feature", "geometry": {"type": "LineString", "coordinates": [[85.1829154, 27.9695017], [85.1830157, 27.9695135], [85.1830268, 27.9694402], [85.1829265, 27.9694283], [85.1829154, 27.9695017]]}, "properties": {"source": "osm", "dmg": 1.0, "dmg_class": 3, "dmg_label": "Destroyed", "confidence": null, "bid": "way/886388189"}}, {"type": "Feature", "geometry": {"type": "LineString", "coordinates": [[85.179642, 27.9683257], [85.1796673, 27.968353], [85.1797764, 27.9682742], [85.1797512, 27.9682469], [85.179642, 27.9683257]]}, "properties": {"source": "osm", "dmg": 1.0, "dmg_class": 3, "dmg_label": "Destroyed", "confidence": null, "bid": "way/886391891"}}, {"type": "Feature", "geometry": {"type": "LineString", "coordinates": [[85.1811592, 27.969106], [85.1811948, 27.969199], [85.1812928, 27.9691698], [85.181271, 27.9691128], [85.1812158, 27.9691292], [85.181202, 27.9690932], [85.1811592, 27.969106]]}, "properties": {"source": "osm", "dmg": 1.0, "dmg_class": 3, "dmg_label": "Destroyed", "confidence": null, "bid": "way/886391896"}}, {"type": "Feature", "geometry": {"type": "LineString", "coordinates": [[85.1826556, 27.9692717], [85.1826311, 27.9693141], [85.18269, 27.9693407], [85.1827145, 27.9692983], [85.1826556, 27.9692717]]}, "properties": {"source": "osm", "dmg": 1.0, "dmg_class": 3, "dmg_label": "Destroyed", "confidence": null, "bid": "way/1552907372"}}, {"type": "Feature", "geometry": {"type": "LineString", "coordinates": [[85.1698555, 27.9610239], [85.1698002, 27.9609688], [85.1698436, 27.9609348], [85.1698989, 27.9609899], [85.1698555, 27.9610239]]}, "properties": {"source": "osm", "dmg": 1.0, "dmg_class": 3, "dmg_label": "Destroyed", "confidence": null, "bid": "way/1552982430"}}, {"type": "Feature", "geometry": {"type": "LineString", "coordinates": [[85.1791658, 27.9679156], [85.1792038, 27.9679621], [85.1793292, 27.9678822], [85.1792912, 27.9678357], [85.1791658, 27.9679156]]}, "properties": {"source": "osm", "dmg": 1.0, "dmg_class": 3, "dmg_label": "Destroyed", "confidence": null, "bid": "way/1553016722"}}, {"type": "Feature", "geometry": {"type": "LineString", "coordinates": [[85.184724, 27.9705925], [85.1847951, 27.9705818], [85.1847858, 27.9705335], [85.1847147, 27.9705442], [85.184724, 27.9705925]]}, "properties": {"source": "osm", "dmg": 1.0, "dmg_class": 3, "dmg_label": "Destroyed", "confidence": null, "bid": "way/1553122704"}}, {"type": "Feature", "geometry": {"type": "LineString", "coordinates": [[85.1836344, 27.9743448], [85.1836502, 27.9744081], [85.183787, 27.9743815], [85.1837712, 27.9743181], [85.1836344, 27.9743448]]}, "properties": {"source": "osm", "dmg": 1.0, "dmg_class": 3, "dmg_label": "Destroyed", "confidence": null, "bid": "way/1553122712"}}, {"type": "Feature", "geometry": {"type": "LineString", "coordinates": [[85.183283, 27.9719244], [85.1834089, 27.9719405], [85.1834297, 27.9718138], [85.1833038, 27.9717977], [85.183283, 27.9719244]]}, "properties": {"source": "osm", "dmg": 1.0, "dmg_class": 3, "dmg_label": "Destroyed", "confidence": null, "bid": "way/1553122731"}}, {"type": "Feature", "geometry": {"type": "LineString", "coordinates": [[85.1502949, 27.9235148], [85.1502904, 27.9234336], [85.150384, 27.9234295], [85.1503884, 27.9235108], [85.1502949, 27.9235148]]}, "properties": {"source": "osm", "dmg": 1.0, "dmg_class": 3, "dmg_label": "Destroyed", "confidence": null, "bid": "way/260125841"}}, {"type": "Feature", "geometry": {"type": "LineString", "coordinates": [[85.1560699, 27.9389407], [85.1561157, 27.9389068], [85.1561696, 27.9389635], [85.1561237, 27.9389974], [85.1560699, 27.9389407]]}, "properties": {"source": "osm", "dmg": 1.0, "dmg_class": 3, "dmg_label": "Destroyed", "confidence": null, "bid": "way/341698553"}}, {"type": "Feature", "geometry": {"type": "LineString", "coordinates": [[85.3780565, 28.2727625], [85.3781362, 28.2727861], [85.3781508, 28.272748], [85.3780711, 28.2727244], [85.3780565, 28.2727625]]}, "properties": {"source": "osm", "dmg": 1.0, "dmg_class": 3, "dmg_label": "Destroyed \u00b7 floods", "confidence": null, "bid": "way/1552911475"}}, {"type": "Feature", "geometry": {"type": "LineString", "coordinates": [[85.377755, 28.2796819], [85.3777714, 28.2796378], [85.377821, 28.2796528], [85.3778045, 28.2796968], [85.377755, 28.2796819]]}, "properties": {"source": "osm", "dmg": 1.0, "dmg_class": 3, "dmg_label": "Destroyed (part)", "confidence": null, "bid": "way/1552746564"}}, {"type": "Feature", "geometry": {"type": "LineString", "coordinates": [[85.37666, 28.2745525], [85.376817, 28.2746263], [85.3769641, 28.2743835], [85.376807, 28.2743097], [85.37666, 28.2745525]]}, "properties": {"source": "osm", "dmg": 1.0, "dmg_class": 3, "dmg_label": "Destroyed \u00b7 floods", "confidence": null, "bid": "way/1552753263"}}, {"type": "Feature", "geometry": {"type": "LineString", "coordinates": [[85.3765295, 28.2697769], [85.3765925, 28.269758], [85.3766515, 28.2699423], [85.3765905, 28.26996], [85.3765295, 28.2697769]]}, "properties": {"source": "osm", "dmg": 1.0, "dmg_class": 3, "dmg_label": "Destroyed \u00b7 floods", "confidence": null, "bid": "way/1552917668"}}, {"type": "Feature", "geometry": {"type": "LineString", "coordinates": [[85.3765965, 28.2655985], [85.3766727, 28.2655671], [85.3766378, 28.2655015], [85.3765617, 28.265533], [85.3765965, 28.2655985]]}, "properties": {"source": "osm", "dmg": 1.0, "dmg_class": 3, "dmg_label": "Destroyed \u00b7 floods", "confidence": null, "bid": "way/1552914672"}}, {"type": "Feature", "geometry": {"type": "LineString", "coordinates": [[85.375299, 28.265194], [85.3753249, 28.2651743], [85.375278, 28.2651264], [85.3752521, 28.2651461], [85.375299, 28.265194]]}, "properties": {"source": "osm", "dmg": 1.0, "dmg_class": 3, "dmg_label": "Destroyed \u00b7 floods", "confidence": null, "bid": "way/1552914663"}}, {"type": "Feature", "geometry": {"type": "LineString", "coordinates": [[85.3740321, 28.2644198], [85.3740783, 28.2644341], [85.3741006, 28.2643782], [85.3741338, 28.2643885], [85.3741525, 28.2643417], [85.374073, 28.2643171], [85.3740321, 28.2644198]]}, "properties": {"source": "osm", "dmg": 1.0, "dmg_class": 3, "dmg_label": "Destroyed \u00b7 floods", "confidence": null, "bid": "way/340605196"}}, {"type": "Feature", "geometry": {"type": "LineString", "coordinates": [[85.3738828, 28.2639401], [85.3738651, 28.2639613], [85.3739563, 28.2640204], [85.373974, 28.2639992], [85.3738828, 28.2639401]]}, "properties": {"source": "osm", "dmg": 1.0, "dmg_class": 3, "dmg_label": "Destroyed \u00b7 floods", "confidence": null, "bid": "way/1553294937"}}, {"type": "Feature", "geometry": {"type": "LineString", "coordinates": [[85.3738104, 28.2639443], [85.3737842, 28.2639768], [85.3739183, 28.2640606], [85.3739445, 28.2640281], [85.3738104, 28.2639443]]}, "properties": {"source": "osm", "dmg": 1.0, "dmg_class": 3, "dmg_label": "Destroyed \u00b7 floods", "confidence": null, "bid": "way/1553294938"}}, {"type": "Feature", "geometry": {"type": "LineString", "coordinates": [[85.3737816, 28.2633597], [85.3737441, 28.2634849], [85.373843, 28.2635079], [85.3738806, 28.2633827], [85.3737816, 28.2633597]]}, "properties": {"source": "osm", "dmg": 1.0, "dmg_class": 3, "dmg_label": "Destroyed \u00b7 floods", "confidence": null, "bid": "way/851367133"}}, {"type": "Feature", "geometry": {"type": "LineString", "coordinates": [[85.3666791, 28.2581733], [85.3667468, 28.2582235], [85.3667686, 28.2582007], [85.3667009, 28.2581505], [85.3666791, 28.2581733]]}, "properties": {"source": "osm", "dmg": 1.0, "dmg_class": 3, "dmg_label": "Destroyed", "confidence": null, "bid": "way/1552614220"}}, {"type": "Feature", "geometry": {"type": "LineString", "coordinates": [[85.3667703, 28.2581207], [85.3668346, 28.2581756], [85.3668565, 28.2581557], [85.3667921, 28.2581008], [85.3667703, 28.2581207]]}, "properties": {"source": "osm", "dmg": 1.0, "dmg_class": 3, "dmg_label": "Destroyed", "confidence": null, "bid": "way/1552614219"}}, {"type": "Feature", "geometry": {"type": "LineString", "coordinates": [[85.3668179, 28.2580534], [85.3668377, 28.2580349], [85.3668076, 28.2580099], [85.3667766, 28.2579841], [85.3667568, 28.2580026], [85.3668179, 28.2580534]]}, "properties": {"source": "osm", "dmg": 1.0, "dmg_class": 3, "dmg_label": "Destroyed", "confidence": null, "bid": "way/1552614211"}}, {"type": "Feature", "geometry": {"type": "LineString", "coordinates": [[85.3667039, 28.2579175], [85.3667682, 28.2579595], [85.366788, 28.257936], [85.3667236, 28.257894], [85.3667039, 28.2579175]]}, "properties": {"source": "osm", "dmg": 1.0, "dmg_class": 3, "dmg_label": "Destroyed", "confidence": null, "bid": "way/1552614215"}}, {"type": "Feature", "geometry": {"type": "LineString", "coordinates": [[85.367133, 28.2576441], [85.3671934, 28.2576913], [85.3672257, 28.2576593], [85.3671654, 28.257612], [85.367133, 28.2576441]]}, "properties": {"source": "osm", "dmg": 1.0, "dmg_class": 3, "dmg_label": "Destroyed", "confidence": null, "bid": "way/851367124"}}, {"type": "Feature", "geometry": {"type": "LineString", "coordinates": [[85.3659935, 28.2574861], [85.3660672, 28.257617], [85.3661705, 28.257572], [85.3660968, 28.257441], [85.3659935, 28.2574861]]}, "properties": {"source": "osm", "dmg": 1.0, "dmg_class": 3, "dmg_label": "Destroyed", "confidence": null, "bid": "way/1553013460"}}, {"type": "Feature", "geometry": {"type": "LineString", "coordinates": [[85.3667817, 28.2562785], [85.3668188, 28.2562723], [85.3667973, 28.2561721], [85.366796, 28.256166], [85.3667589, 28.2561722], [85.3667817, 28.2562785]]}, "properties": {"source": "osm", "dmg": 1.0, "dmg_class": 3, "dmg_label": "Destroyed", "confidence": null, "bid": "way/853711504"}}, {"type": "Feature", "geometry": {"type": "LineString", "coordinates": [[85.3664491, 28.2560446], [85.3664807, 28.2560388], [85.366466, 28.2559762], [85.3664343, 28.255982], [85.3664491, 28.2560446]]}, "properties": {"source": "osm", "dmg": 1.0, "dmg_class": 3, "dmg_label": "Destroyed", "confidence": null, "bid": "way/853711503"}}, {"type": "Feature", "geometry": {"type": "LineString", "coordinates": [[85.3670767, 28.2551486], [85.3671488, 28.2551329], [85.3671347, 28.2550827], [85.3670626, 28.2550984], [85.3670767, 28.2551486]]}, "properties": {"source": "osm", "dmg": 1.0, "dmg_class": 3, "dmg_label": "Destroyed", "confidence": null, "bid": "way/1552942085"}}, {"type": "Feature", "geometry": {"type": "LineString", "coordinates": [[85.3666958, 28.2544209], [85.3667688, 28.2544204], [85.3667682, 28.2543471], [85.3666952, 28.2543477], [85.3666958, 28.2544209]]}, "properties": {"source": "osm", "dmg": 1.0, "dmg_class": 3, "dmg_label": "Destroyed", "confidence": null, "bid": "way/1552942056"}}, {"type": "Feature", "geometry": {"type": "LineString", "coordinates": [[85.3663102, 28.2542164], [85.3663102, 28.2541798], [85.366274, 28.2541798], [85.366274, 28.2542164], [85.3663102, 28.2542164]]}, "properties": {"source": "osm", "dmg": 1.0, "dmg_class": 3, "dmg_label": "Destroyed", "confidence": null, "bid": "way/853711526"}}, {"type": "Feature", "geometry": {"type": "LineString", "coordinates": [[85.3667091, 28.2539816], [85.3667572, 28.2539744], [85.3667477, 28.2539258], [85.3666997, 28.2539331], [85.3667091, 28.2539816]]}, "properties": {"source": "osm", "dmg": 1.0, "dmg_class": 3, "dmg_label": "Destroyed", "confidence": null, "bid": "way/340624553"}}, {"type": "Feature", "geometry": {"type": "LineString", "coordinates": [[85.3667977, 28.2538096], [85.3668541, 28.2538096], [85.3668541, 28.2537741], [85.3667977, 28.2537741], [85.3667977, 28.2538096]]}, "properties": {"source": "osm", "dmg": 1.0, "dmg_class": 3, "dmg_label": "Destroyed", "confidence": null, "bid": "way/1553122358"}}, {"type": "Feature", "geometry": {"type": "LineString", "coordinates": [[85.3662007, 28.2540335], [85.3661975, 28.2540568], [85.3662524, 28.2540627], [85.3662557, 28.2540394], [85.3662007, 28.2540335]]}, "properties": {"source": "osm", "dmg": 1.0, "dmg_class": 3, "dmg_label": "Destroyed", "confidence": null, "bid": "way/853711528"}}, {"type": "Feature", "geometry": {"type": "LineString", "coordinates": [[85.3661037, 28.2538542], [85.366113, 28.2538949], [85.3661532, 28.2538878], [85.366144, 28.2538471], [85.3661037, 28.2538542]]}, "properties": {"source": "osm", "dmg": 1.0, "dmg_class": 3, "dmg_label": "Destroyed", "confidence": null, "bid": "way/853711530"}}, {"type": "Feature", "geometry": {"type": "LineString", "coordinates": [[85.3661901, 28.2534268], [85.3662143, 28.2535038], [85.3662538, 28.253494], [85.3662477, 28.253475], [85.3663163, 28.2534579], [85.3662975, 28.2533995], [85.3661901, 28.2534268]]}, "properties": {"source": "osm", "dmg": 1.0, "dmg_class": 3, "dmg_label": "Destroyed", "confidence": null, "bid": "way/853711539"}}, {"type": "Feature", "geometry": {"type": "LineString", "coordinates": [[85.3664569, 28.2531457], [85.3665526, 28.2531331], [85.3665395, 28.2530557], [85.3664438, 28.2530683], [85.3664569, 28.2531457]]}, "properties": {"source": "osm", "dmg": 1.0, "dmg_class": 3, "dmg_label": "Destroyed", "confidence": null, "bid": "way/340624535"}}, {"type": "Feature", "geometry": {"type": "LineString", "coordinates": [[85.3665456, 28.2528739], [85.3665604, 28.2529448], [85.3665952, 28.2529392], [85.3665805, 28.2528683], [85.3665456, 28.2528739]]}, "properties": {"source": "osm", "dmg": 1.0, "dmg_class": 3, "dmg_label": "Destroyed", "confidence": null, "bid": "way/1553122360"}}, {"type": "Feature", "geometry": {"type": "LineString", "coordinates": [[85.3660998, 28.2530108], [85.3661337, 28.2531371], [85.366181, 28.2531273], [85.3661932, 28.2531728], [85.3664208, 28.2531255], [85.3663802, 28.2529739], [85.3663411, 28.2529821], [85.3663549, 28.2530337], [85.3661862, 28.2530688], [85.3661669, 28.2529969], [85.3660998, 28.2530108]]}, "properties": {"source": "osm", "dmg": 1.0, "dmg_class": 3, "dmg_label": "Destroyed", "confidence": null, "bid": "way/886474959"}}, {"type": "Feature", "geometry": {"type": "LineString", "coordinates": [[85.3667951, 28.2524309], [85.3668365, 28.2524295], [85.3668345, 28.2523858], [85.3667931, 28.2523872], [85.3667951, 28.2524309]]}, "properties": {"source": "osm", "dmg": 1.0, "dmg_class": 3, "dmg_label": "Destroyed", "confidence": null, "bid": "way/1552942043"}}, {"type": "Feature", "geometry": {"type": "LineString", "coordinates": [[85.3666677, 28.2520884], [85.3666703, 28.2521675], [85.3666927, 28.2521669], [85.36669, 28.2520878], [85.3666677, 28.2520884]]}, "properties": {"source": "osm", "dmg": 1.0, "dmg_class": 3, "dmg_label": "Destroyed", "confidence": null, "bid": "way/1553122349"}}, {"type": "Feature", "geometry": {"type": "LineString", "coordinates": [[85.3659327, 28.2525325], [85.3660534, 28.2525266], [85.3660516, 28.2524984], [85.3659309, 28.2525043], [85.3659327, 28.2525325]]}, "properties": {"source": "osm", "dmg": 1.0, "dmg_class": 3, "dmg_label": "Destroyed", "confidence": null, "bid": "way/853711550"}}, {"type": "Feature", "geometry": {"type": "LineString", "coordinates": [[85.3645205, 28.2532094], [85.3645353, 28.2532756], [85.3645969, 28.2532649], [85.3645822, 28.2531988], [85.3645205, 28.2532094]]}, "properties": {"source": "osm", "dmg": 1.0, "dmg_class": 3, "dmg_label": "Destroyed", "confidence": null, "bid": "way/851367091"}}, {"type": "Feature", "geometry": {"type": "LineString", "coordinates": [[85.3660162, 28.2522878], [85.3660196, 28.2522064], [85.365921, 28.2522032], [85.3659187, 28.2522587], [85.3659607, 28.25226], [85.3659596, 28.252286], [85.3660162, 28.2522878]]}, "properties": {"source": "osm", "dmg": 1.0, "dmg_class": 3, "dmg_label": "Destroyed", "confidence": null, "bid": "way/340624558"}}, {"type": "Feature", "geometry": {"type": "LineString", "coordinates": [[85.3664991, 28.2517614], [85.366532, 28.2517763], [85.3665595, 28.2517291], [85.3665267, 28.2517142], [85.3664991, 28.2517614]]}, "properties": {"source": "osm", "dmg": 1.0, "dmg_class": 3, "dmg_label": "Destroyed", "confidence": null, "bid": "way/1552646436"}}, {"type": "Feature", "geometry": {"type": "LineString", "coordinates": [[85.3644905, 28.2528602], [85.364501, 28.2529122], [85.3647856, 28.2528679], [85.3647752, 28.2528159], [85.3647595, 28.2528183], [85.3644905, 28.2528602]]}, "properties": {"source": "osm", "dmg": 1.0, "dmg_class": 3, "dmg_label": "Destroyed", "confidence": null, "bid": "way/851367095"}}, {"type": "Feature", "geometry": {"type": "LineString", "coordinates": [[85.3660548, 28.251933], [85.3661091, 28.2519549], [85.3661218, 28.2519303], [85.3660675, 28.2519084], [85.3660548, 28.251933]]}, "properties": {"source": "osm", "dmg": 1.0, "dmg_class": 3, "dmg_label": "Destroyed", "confidence": null, "bid": "way/1552942064"}}, {"type": "Feature", "geometry": {"type": "LineString", "coordinates": [[85.3658965, 28.2520352], [85.3659289, 28.2520463], [85.3659517, 28.2519943], [85.3659193, 28.2519832], [85.3658965, 28.2520352]]}, "properties": {"source": "osm", "dmg": 1.0, "dmg_class": 3, "dmg_label": "Destroyed", "confidence": null, "bid": "way/853711556"}}, {"type": "Feature", "geometry": {"type": "LineString", "coordinates": [[85.3660481, 28.2518568], [85.3661492, 28.2518758], [85.3661787, 28.2517542], [85.3660776, 28.2517351], [85.3660481, 28.2518568]]}, "properties": {"source": "osm", "dmg": 1.0, "dmg_class": 3, "dmg_label": "Destroyed", "confidence": null, "bid": "way/851369403"}}, {"type": "Feature", "geometry": {"type": "LineString", "coordinates": [[85.3614214, 28.2264177], [85.3614396, 28.2262685], [85.3616111, 28.2262847], [85.3615929, 28.226434], [85.3614214, 28.2264177]]}, "properties": {"source": "osm", "dmg": 1.0, "dmg_class": 3, "dmg_label": "Destroyed", "confidence": null, "bid": "way/1553323102"}}, {"type": "Feature", "geometry": {"type": "LineString", "coordinates": [[85.1490686, 27.9244278], [85.1490459, 27.9243508], [85.1491197, 27.9243338], [85.1491424, 27.9244109], [85.1490686, 27.9244278]]}, "properties": {"source": "osm", "dmg": 1.0, "dmg_class": 3, "dmg_label": "Destroyed", "confidence": null, "bid": "way/888538467"}}, {"type": "Feature", "geometry": {"type": "LineString", "coordinates": [[85.1494778, 27.9268249], [85.1495001, 27.9266536], [85.1495651, 27.9266602], [85.1495428, 27.9268315], [85.1494778, 27.9268249]]}, "properties": {"source": "osm", "dmg": 1.0, "dmg_class": 3, "dmg_label": "Destroyed", "confidence": null, "bid": "way/888538923"}}, {"type": "Feature", "geometry": {"type": "LineString", "coordinates": [[85.1498017, 27.9239222], [85.149779, 27.9237776], [85.1498593, 27.9237677], [85.149882, 27.9239123], [85.1498017, 27.9239222]]}, "properties": {"source": "osm", "dmg": 1.0, "dmg_class": 3, "dmg_label": "Destroyed", "confidence": null, "bid": "way/889069178"}}, {"type": "Feature", "geometry": {"type": "LineString", "coordinates": [[85.1529264, 27.9352801], [85.1531022, 27.9353936], [85.1531638, 27.9353192], [85.152988, 27.9352057], [85.1529264, 27.9352801]]}, "properties": {"source": "osm", "dmg": 1.0, "dmg_class": 3, "dmg_label": "Destroyed", "confidence": null, "bid": "way/890977281"}}, {"type": "Feature", "geometry": {"type": "LineString", "coordinates": [[85.1546283, 27.9377561], [85.154681, 27.9377987], [85.1546992, 27.9377812], [85.1546465, 27.9377386], [85.1546283, 27.9377561]]}, "properties": {"source": "osm", "dmg": 1.0, "dmg_class": 3, "dmg_label": "Destroyed", "confidence": null, "bid": "way/891929267"}}, {"type": "Feature", "geometry": {"type": "LineString", "coordinates": [[85.1605076, 27.946847], [85.1605348, 27.9468914], [85.160577, 27.9468713], [85.160599, 27.9469071], [85.1607115, 27.9468534], [85.1606624, 27.9467731], [85.1605076, 27.946847]]}, "properties": {"source": "osm", "dmg": 1.0, "dmg_class": 3, "dmg_label": "Destroyed", "confidence": null, "bid": "way/892156969"}}, {"type": "Feature", "geometry": {"type": "LineString", "coordinates": [[85.1556465, 27.9385816], [85.1556221, 27.9385522], [85.1556455, 27.938537], [85.1556699, 27.9385664], [85.1556465, 27.9385816]]}, "properties": {"source": "osm", "dmg": 1.0, "dmg_class": 3, "dmg_label": "Destroyed", "confidence": null, "bid": "way/1552644691"}}, {"type": "Feature", "geometry": {"type": "LineString", "coordinates": [[85.3763838, 28.2818703], [85.3764363, 28.2818026], [85.3763892, 28.2817742], [85.3763367, 28.281842], [85.3763838, 28.2818703]]}, "properties": {"source": "osm", "dmg": 1.0, "dmg_class": 3, "dmg_label": "Destroyed", "confidence": null, "bid": "way/340629649"}}, {"type": "Feature", "geometry": {"type": "LineString", "coordinates": [[85.3783373, 28.2799833], [85.3783536, 28.2799943], [85.3783878, 28.2799547], [85.3783715, 28.2799437], [85.3783373, 28.2799833]]}, "properties": {"source": "osm", "dmg": 1.0, "dmg_class": 3, "dmg_label": "Destroyed", "confidence": null, "bid": "way/849463421"}}, {"type": "Feature", "geometry": {"type": "LineString", "coordinates": [[85.3793196, 28.2803022], [85.3793856, 28.2803564], [85.3794607, 28.2802855], [85.3793947, 28.2802313], [85.3793196, 28.2803022]]}, "properties": {"source": "osm", "dmg": 1.0, "dmg_class": 3, "dmg_label": "Destroyed", "confidence": null, "bid": "way/849463482"}}, {"type": "Feature", "geometry": {"type": "LineString", "coordinates": [[85.3808552, 28.2811372], [85.3809191, 28.2811009], [85.3807394, 28.2808553], [85.3806755, 28.2808915], [85.3808552, 28.2811372]]}, "properties": {"source": "osm", "dmg": 1.0, "dmg_class": 3, "dmg_label": "Destroyed", "confidence": null, "bid": "way/846902678"}}, {"type": "Feature", "geometry": {"type": "LineString", "coordinates": [[85.3799693, 28.2803887], [85.3802134, 28.2805915], [85.3803047, 28.2805062], [85.3800607, 28.2803034], [85.3799693, 28.2803887]]}, "properties": {"source": "osm", "dmg": 1.0, "dmg_class": 3, "dmg_label": "Destroyed", "confidence": null, "bid": "way/1552840234"}}, {"type": "Feature", "geometry": {"type": "LineString", "coordinates": [[85.3787416, 28.279766], [85.3787692, 28.2797931], [85.3788081, 28.2797624], [85.3787805, 28.2797353], [85.3787416, 28.279766]]}, "properties": {"source": "osm", "dmg": 1.0, "dmg_class": 3, "dmg_label": "Destroyed", "confidence": null, "bid": "way/849463475"}}, {"type": "Feature", "geometry": {"type": "LineString", "coordinates": [[85.3791828, 28.2801829], [85.3792266, 28.2802193], [85.379295, 28.2801555], [85.3792512, 28.2801191], [85.3791828, 28.2801829]]}, "properties": {"source": "osm", "dmg": 1.0, "dmg_class": 3, "dmg_label": "Destroyed", "confidence": null, "bid": "way/849463484"}}, {"type": "Feature", "geometry": {"type": "LineString", "coordinates": [[85.3779125, 28.2793344], [85.3778962, 28.2793773], [85.3778808, 28.2794174], [85.3779284, 28.2794319], [85.3779436, 28.2793899], [85.3779591, 28.2793484], [85.3779125, 28.2793344]]}, "properties": {"source": "osm", "dmg": 1.0, "dmg_class": 3, "dmg_label": "Destroyed (part)", "confidence": null, "bid": "way/1552746568"}}, {"type": "Feature", "geometry": {"type": "LineString", "coordinates": [[85.3435938, 28.1642085], [85.3436145, 28.1642309], [85.343664, 28.1641954], [85.3436433, 28.164173], [85.3435938, 28.1642085]]}, "properties": {"source": "osm", "dmg": 1.0, "dmg_class": 3, "dmg_label": "Destroyed", "confidence": null, "bid": "way/344279093"}}, {"type": "Feature", "geometry": {"type": "LineString", "coordinates": [[85.3415132, 28.1653227], [85.3417021, 28.1654389], [85.3417567, 28.1653692], [85.3415678, 28.165253], [85.3415132, 28.1653227]]}, "properties": {"source": "osm", "dmg": 1.0, "dmg_class": 3, "dmg_label": "Destroyed", "confidence": null, "bid": "way/507471926"}}, {"type": "Feature", "geometry": {"type": "LineString", "coordinates": [[85.3584004, 28.2411988], [85.3584011, 28.2412543], [85.3584622, 28.2412537], [85.3584615, 28.2411982], [85.3584004, 28.2411988]]}, "properties": {"source": "osm", "dmg": 1.0, "dmg_class": 3, "dmg_label": "Destroyed", "confidence": null, "bid": "way/846885633"}}, {"type": "Feature", "geometry": {"type": "LineString", "coordinates": [[85.3577211, 28.2392476], [85.357748, 28.2392594], [85.3577718, 28.2392173], [85.357745, 28.2392055], [85.3577211, 28.2392476]]}, "properties": {"source": "osm", "dmg": 1.0, "dmg_class": 3, "dmg_label": "Destroyed", "confidence": null, "bid": "way/846885654"}}, {"type": "Feature", "geometry": {"type": "LineString", "coordinates": [[85.3423987, 28.1643934], [85.3424383, 28.1643562], [85.342396, 28.1643213], [85.3423565, 28.1643586], [85.3423987, 28.1643934]]}, "properties": {"source": "osm", "dmg": 1.0, "dmg_class": 3, "dmg_label": "Destroyed", "confidence": null, "bid": "way/1162337472"}}, {"type": "Feature", "geometry": {"type": "LineString", "coordinates": [[85.3777325, 28.2808545], [85.3777729, 28.2808714], [85.3777969, 28.280827], [85.3777565, 28.2808101], [85.3777325, 28.2808545]]}, "properties": {"source": "osm", "dmg": 1.0, "dmg_class": 3, "dmg_label": "Destroyed", "confidence": null, "bid": "way/262207904"}}, {"type": "Feature", "geometry": {"type": "LineString", "coordinates": [[85.3737897, 28.2637327], [85.373913, 28.2638009], [85.3740165, 28.2636557], [85.3738932, 28.2635876], [85.3737897, 28.2637327]]}, "properties": {"source": "osm", "dmg": 1.0, "dmg_class": 3, "dmg_label": "Destroyed \u00b7 floods", "confidence": null, "bid": "way/340605194"}}, {"type": "Feature", "geometry": {"type": "LineString", "coordinates": [[85.3767201, 28.2651319], [85.3767686, 28.2651231], [85.3767551, 28.2650657], [85.3767323, 28.2650699], [85.3767281, 28.2650517], [85.3767024, 28.2650564], [85.3767201, 28.2651319]]}, "properties": {"source": "osm", "dmg": 1.0, "dmg_class": 3, "dmg_label": "Destroyed \u00b7 floods", "confidence": null, "bid": "way/340605205"}}, {"type": "Feature", "geometry": {"type": "LineString", "coordinates": [[85.3674058, 28.2578103], [85.3674571, 28.2577949], [85.3674934, 28.257889], [85.3674421, 28.2579044], [85.3674058, 28.2578103]]}, "properties": {"source": "osm", "dmg": 1.0, "dmg_class": 3, "dmg_label": "Destroyed", "confidence": null, "bid": "way/340606192"}}, {"type": "Feature", "geometry": {"type": "LineString", "coordinates": [[85.366869, 28.2550677], [85.3669, 28.2550541], [85.3668873, 28.2550318], [85.3668444, 28.2549562], [85.3668134, 28.2549699], [85.366869, 28.2550677]]}, "properties": {"source": "osm", "dmg": 1.0, "dmg_class": 3, "dmg_label": "Destroyed", "confidence": null, "bid": "way/340624509"}}, {"type": "Feature", "geometry": {"type": "LineString", "coordinates": [[85.3780101, 28.2781787], [85.3780564, 28.278184], [85.378063, 28.2781395], [85.3780167, 28.2781341], [85.3780101, 28.2781787]]}, "properties": {"source": "osm", "dmg": 1.0, "dmg_class": 3, "dmg_label": "Destroyed \u00b7 landslide", "confidence": null, "bid": "way/846902588"}}, {"type": "Feature", "geometry": {"type": "LineString", "coordinates": [[85.3749007, 28.2649854], [85.3749972, 28.2650398], [85.3750451, 28.2649737], [85.3749486, 28.2649194], [85.3749007, 28.2649854]]}, "properties": {"source": "osm", "dmg": 1.0, "dmg_class": 3, "dmg_label": "Destroyed \u00b7 floods", "confidence": null, "bid": "way/851367125"}}, {"type": "Feature", "geometry": {"type": "LineString", "coordinates": [[85.3742214, 28.2644252], [85.3741636, 28.2645542], [85.3742373, 28.2645798], [85.3742951, 28.2644508], [85.3742214, 28.2644252]]}, "properties": {"source": "osm", "dmg": 1.0, "dmg_class": 3, "dmg_label": "Destroyed \u00b7 floods", "confidence": null, "bid": "way/851367127"}}, {"type": "Feature", "geometry": {"type": "LineString", "coordinates": [[85.366321, 28.2519667], [85.3662968, 28.2520706], [85.3663362, 28.2520777], [85.3663603, 28.2519737], [85.366321, 28.2519667]]}, "properties": {"source": "osm", "dmg": 1.0, "dmg_class": 3, "dmg_label": "Destroyed", "confidence": null, "bid": "way/851368433"}}, {"type": "Feature", "geometry": {"type": "LineString", "coordinates": [[85.3663941, 28.2527753], [85.3664089, 28.2528583], [85.3665798, 28.2528346], [85.3665651, 28.2527517], [85.3663941, 28.2527753]]}, "properties": {"source": "osm", "dmg": 1.0, "dmg_class": 3, "dmg_label": "Destroyed", "confidence": null, "bid": "way/851368439"}}, {"type": "Feature", "geometry": {"type": "LineString", "coordinates": [[85.3664223, 28.252151], [85.3664727, 28.2521464], [85.366466, 28.2520897], [85.3664156, 28.2520943], [85.3664223, 28.252151]]}, "properties": {"source": "osm", "dmg": 1.0, "dmg_class": 3, "dmg_label": "Destroyed", "confidence": null, "bid": "way/853711546"}}, {"type": "Feature", "geometry": {"type": "LineString", "coordinates": [[85.3663664, 28.2506143], [85.3664307, 28.2505859], [85.3663956, 28.2505242], [85.3663313, 28.2505525], [85.3663664, 28.2506143]]}, "properties": {"source": "osm", "dmg": 1.0, "dmg_class": 3, "dmg_label": "Destroyed", "confidence": null, "bid": "way/1552646444"}}, {"type": "Feature", "geometry": {"type": "LineString", "coordinates": [[85.3663035, 28.253402], [85.3663729, 28.2533925], [85.3663659, 28.2533527], [85.3662965, 28.2533622], [85.3663035, 28.253402]]}, "properties": {"source": "osm", "dmg": 1.0, "dmg_class": 3, "dmg_label": "Destroyed", "confidence": null, "bid": "way/1552942028"}}, {"type": "Feature", "geometry": {"type": "LineString", "coordinates": [[85.3666167, 28.254314], [85.3666865, 28.2543113], [85.3666825, 28.2542298], [85.3666127, 28.2542325], [85.3666167, 28.254314]]}, "properties": {"source": "osm", "dmg": 1.0, "dmg_class": 3, "dmg_label": "Destroyed", "confidence": null, "bid": "way/1552942054"}}, {"type": "Feature", "geometry": {"type": "LineString", "coordinates": [[85.3640686, 28.252425], [85.364113, 28.2524238], [85.3641103, 28.2523517], [85.3640659, 28.252353], [85.3640686, 28.252425]]}, "properties": {"source": "osm", "dmg": 1.0, "dmg_class": 3, "dmg_label": "Destroyed", "confidence": null, "bid": "way/1552942101"}}, {"type": "Feature", "geometry": {"type": "LineString", "coordinates": [[85.3737051, 28.2629786], [85.3737081, 28.2630328], [85.3737637, 28.2630304], [85.3737608, 28.2629762], [85.3737051, 28.2629786]]}, "properties": {"source": "osm", "dmg": 1.0, "dmg_class": 3, "dmg_label": "Destroyed \u00b7 floods", "confidence": null, "bid": "way/1553294942"}}, {"type": "Feature", "geometry": {"type": "LineString", "coordinates": [[85.3675903, 28.2579807], [85.3676788, 28.2579441], [85.3676453, 28.2578812], [85.3675568, 28.2579178], [85.3675903, 28.2579807]]}, "properties": {"source": "osm", "dmg": 1.0, "dmg_class": 3, "dmg_label": "Destroyed", "confidence": null, "bid": "way/1553295461"}}, {"type": "Feature", "geometry": {"type": "LineString", "coordinates": [[85.3673117, 28.2571527], [85.3673314, 28.2571487], [85.367311, 28.257069], [85.3672913, 28.2570729], [85.3673117, 28.2571527]]}, "properties": {"source": "osm", "dmg": 1.0, "dmg_class": 3, "dmg_label": "Destroyed", "confidence": null, "bid": "way/1553295462"}}, {"type": "Feature", "geometry": {"type": "LineString", "coordinates": [[85.108247, 27.85963], [85.1082825, 27.8596572], [85.1083467, 27.8595917], [85.1083112, 27.8595645], [85.108247, 27.85963]]}, "properties": {"source": "osm", "dmg": 1.0, "dmg_class": 3, "dmg_label": "Destroyed", "confidence": null, "bid": "way/341998617"}}, {"type": "Feature", "geometry": {"type": "LineString", "coordinates": [[85.1091099, 27.8606689], [85.1091697, 27.8606259], [85.1091111, 27.8605624], [85.1090514, 27.8606054], [85.1091099, 27.8606689]]}, "properties": {"source": "osm", "dmg": 1.0, "dmg_class": 3, "dmg_label": "Destroyed", "confidence": null, "bid": "way/342010916"}}, {"type": "Feature", "geometry": {"type": "LineString", "coordinates": [[85.1087644, 27.8598943], [85.1088486, 27.8598512], [85.108805, 27.8597847], [85.1087208, 27.8598277], [85.1087644, 27.8598943]]}, "properties": {"source": "osm", "dmg": 1.0, "dmg_class": 3, "dmg_label": "Destroyed", "confidence": null, "bid": "way/342010980"}}, {"type": "Feature", "geometry": {"type": "LineString", "coordinates": [[85.1092903, 27.8609772], [85.1094096, 27.8608148], [85.1093487, 27.8607798], [85.1092293, 27.8609423], [85.1092903, 27.8609772]]}, "properties": {"source": "osm", "dmg": 1.0, "dmg_class": 3, "dmg_label": "Destroyed", "confidence": null, "bid": "way/1552587165"}}, {"type": "Feature", "geometry": {"type": "LineString", "coordinates": [[85.1134202, 27.8652657], [85.1134695, 27.8652424], [85.1134373, 27.8651891], [85.113388, 27.8652123], [85.1134202, 27.8652657]]}, "properties": {"source": "osm", "dmg": 1.0, "dmg_class": 3, "dmg_label": "Destroyed", "confidence": null, "bid": "way/1552587217"}}, {"type": "Feature", "geometry": {"type": "LineString", "coordinates": [[85.0713605, 27.854667], [85.0714159, 27.8546413], [85.071389, 27.8545962], [85.0713336, 27.854622], [85.0713605, 27.854667]]}, "properties": {"source": "osm", "dmg": 1.0, "dmg_class": 3, "dmg_label": "Destroyed", "confidence": null, "bid": "way/1552715459"}}, {"type": "Feature", "geometry": {"type": "LineString", "coordinates": [[85.1847927, 27.9708038], [85.1848792, 27.9707884], [85.1848446, 27.970637], [85.1847582, 27.9706524], [85.1847927, 27.9708038]]}, "properties": {"source": "osm", "dmg": 1.0, "dmg_class": 3, "dmg_label": "Destroyed", "confidence": null, "bid": "way/341461764"}}, {"type": "Feature", "geometry": {"type": "LineString", "coordinates": [[85.1846462, 27.9709028], [85.1847206, 27.9708726], [85.1846567, 27.9707497], [85.1845209, 27.9708049], [85.1845487, 27.9708584], [85.1845781, 27.9708464], [85.1845922, 27.9708735], [85.1846242, 27.9708605], [85.1846462, 27.9709028]]}, "properties": {"source": "osm", "dmg": 1.0, "dmg_class": 3, "dmg_label": "Destroyed", "confidence": null, "bid": "way/341461774"}}, {"type": "Feature", "geometry": {"type": "LineString", "coordinates": [[85.1839142, 27.9745404], [85.1838858, 27.9745602], [85.1839163, 27.9745943], [85.1839447, 27.9745745], [85.1839142, 27.9745404]]}, "properties": {"source": "osm", "dmg": 1.0, "dmg_class": 3, "dmg_label": "Destroyed", "confidence": null, "bid": "way/341461824"}}, {"type": "Feature", "geometry": {"type": "LineString", "coordinates": [[85.1845605, 27.9745609], [85.1845779, 27.9745278], [85.1845249, 27.974506], [85.1845074, 27.9745391], [85.1845605, 27.9745609]]}, "properties": {"source": "osm", "dmg": 1.0, "dmg_class": 3, "dmg_label": "Destroyed", "confidence": null, "bid": "way/341462034"}}, {"type": "Feature", "geometry": {"type": "LineString", "coordinates": [[85.1716518, 27.962376], [85.1716253, 27.9623388], [85.1717151, 27.9622889], [85.1717416, 27.9623261], [85.1716518, 27.962376]]}, "properties": {"source": "osm", "dmg": 1.0, "dmg_class": 3, "dmg_label": "Destroyed", "confidence": null, "bid": "way/341623039"}}, {"type": "Feature", "geometry": {"type": "LineString", "coordinates": [[85.1843895, 27.9708384], [85.1845197, 27.9710274], [85.1846616, 27.9709511], [85.1846309, 27.9709064], [85.1845358, 27.9709575], [85.1844364, 27.9708132], [85.1843895, 27.9708384]]}, "properties": {"source": "osm", "dmg": 1.0, "dmg_class": 3, "dmg_label": "Destroyed", "confidence": null, "bid": "way/516998503"}}, {"type": "Feature", "geometry": {"type": "LineString", "coordinates": [[85.1726048, 27.9651524], [85.1726829, 27.9651747], [85.1727461, 27.9650021], [85.172668, 27.9649798], [85.1726048, 27.9651524]]}, "properties": {"source": "osm", "dmg": 1.0, "dmg_class": 3, "dmg_label": "Destroyed", "confidence": null, "bid": "way/886391953"}}, {"type": "Feature", "geometry": {"type": "LineString", "coordinates": [[85.1824643, 27.9692372], [85.1826221, 27.9693102], [85.1826564, 27.9692523], [85.1824986, 27.9691793], [85.1824643, 27.9692372]]}, "properties": {"source": "osm", "dmg": 1.0, "dmg_class": 3, "dmg_label": "Destroyed", "confidence": null, "bid": "way/886391963"}}, {"type": "Feature", "geometry": {"type": "LineString", "coordinates": [[85.179793, 27.9684498], [85.1797469, 27.9684754], [85.179707, 27.9684194], [85.1797345, 27.9684042], [85.1797478, 27.9684229], [85.1797664, 27.9684126], [85.179793, 27.9684498]]}, "properties": {"source": "osm", "dmg": 1.0, "dmg_class": 3, "dmg_label": "Destroyed", "confidence": null, "bid": "way/1552643513"}}, {"type": "Feature", "geometry": {"type": "LineString", "coordinates": [[85.1847169, 27.970822], [85.18473, 27.9709014], [85.1848089, 27.9708933], [85.1847982, 27.9708115], [85.1847169, 27.970822]]}, "properties": {"source": "osm", "dmg": 1.0, "dmg_class": 3, "dmg_label": "Destroyed", "confidence": null, "bid": "way/1552644574"}}, {"type": "Feature", "geometry": {"type": "LineString", "coordinates": [[85.1827613, 27.9692653], [85.1828107, 27.9692856], [85.18287, 27.9691733], [85.1828207, 27.9691529], [85.1827613, 27.9692653]]}, "properties": {"source": "osm", "dmg": 1.0, "dmg_class": 3, "dmg_label": "Destroyed", "confidence": null, "bid": "way/1552907373"}}, {"type": "Feature", "geometry": {"type": "LineString", "coordinates": [[85.17217, 27.9658276], [85.1719416, 27.9656546], [85.1720109, 27.9655831], [85.1722394, 27.9657561], [85.17217, 27.9658276]]}, "properties": {"source": "osm", "dmg": 1.0, "dmg_class": 3, "dmg_label": "Destroyed", "confidence": null, "bid": "way/1552982431"}}, {"type": "Feature", "geometry": {"type": "LineString", "coordinates": [[85.1728693, 27.9629816], [85.1728184, 27.9629146], [85.1727828, 27.9629357], [85.1728338, 27.9630027], [85.1728693, 27.9629816]]}, "properties": {"source": "osm", "dmg": 1.0, "dmg_class": 3, "dmg_label": "Destroyed", "confidence": null, "bid": "way/1553016012"}}, {"type": "Feature", "geometry": {"type": "LineString", "coordinates": [[85.1769748, 27.9691288], [85.1770184, 27.9691282], [85.1770178, 27.9690955], [85.1769649, 27.9690962], [85.1769652, 27.969115], [85.1769746, 27.9691149], [85.1769748, 27.9691288]]}, "properties": {"source": "osm", "dmg": 1.0, "dmg_class": 3, "dmg_label": "Destroyed", "confidence": null, "bid": "way/1553101809"}}, {"type": "Feature", "geometry": {"type": "LineString", "coordinates": [[85.1801549, 27.9681945], [85.1800751, 27.9682307], [85.1800896, 27.9682556], [85.1801694, 27.9682195], [85.1801549, 27.9681945]]}, "properties": {"source": "osm", "dmg": 1.0, "dmg_class": 3, "dmg_label": "Destroyed", "confidence": null, "bid": "way/1553101816"}}, {"type": "Feature", "geometry": {"type": "LineString", "coordinates": [[85.180922, 27.974201], [85.1811171, 27.9741318], [85.1810783, 27.9740465], [85.1808832, 27.9741157], [85.180922, 27.974201]]}, "properties": {"source": "osm", "dmg": 1.0, "dmg_class": 3, "dmg_label": "Destroyed", "confidence": null, "bid": "way/1553176474"}}, {"type": "Feature", "geometry": {"type": "LineString", "coordinates": [[85.1555814, 27.9384476], [85.1556255, 27.9384033], [85.1557204, 27.938477], [85.1556763, 27.9385213], [85.1555814, 27.9384476]]}, "properties": {"source": "osm", "dmg": 1.0, "dmg_class": 3, "dmg_label": "Destroyed", "confidence": null, "bid": "way/341698555"}}, {"type": "Feature", "geometry": {"type": "LineString", "coordinates": [[85.1495446, 27.9243019], [85.1497425, 27.9242828], [85.1497354, 27.9242256], [85.1495375, 27.9242448], [85.1495446, 27.9243019]]}, "properties": {"source": "osm", "dmg": 1.0, "dmg_class": 3, "dmg_label": "Destroyed", "confidence": null, "bid": "way/341699321"}}, {"type": "Feature", "geometry": {"type": "LineString", "coordinates": [[85.1521033, 27.9352478], [85.1521101, 27.9352617], [85.1521417, 27.9352496], [85.1521262, 27.935218], [85.1520912, 27.9352314], [85.1520999, 27.9352491], [85.1521033, 27.9352478]]}, "properties": {"source": "osm", "dmg": 1.0, "dmg_class": 3, "dmg_label": "Destroyed", "confidence": null, "bid": "way/341919214"}}, {"type": "Feature", "geometry": {"type": "LineString", "coordinates": [[85.1486416, 27.9337765], [85.1487167, 27.9338097], [85.1487462, 27.9337576], [85.1486711, 27.9337244], [85.1486416, 27.9337765]]}, "properties": {"source": "osm", "dmg": 1.0, "dmg_class": 3, "dmg_label": "Destroyed", "confidence": null, "bid": "way/890977299"}}, {"type": "Feature", "geometry": {"type": "LineString", "coordinates": [[85.1562651, 27.9387178], [85.1563276, 27.9387698], [85.1563609, 27.9387385], [85.1562984, 27.9386866], [85.1562651, 27.9387178]]}, "properties": {"source": "osm", "dmg": 1.0, "dmg_class": 3, "dmg_label": "Destroyed", "confidence": null, "bid": "way/891929273"}}, {"type": "Feature", "geometry": {"type": "LineString", "coordinates": [[85.1600216, 27.946215], [85.1600685, 27.9462867], [85.160124, 27.9462583], [85.1600771, 27.9461866], [85.1600216, 27.946215]]}, "properties": {"source": "osm", "dmg": 1.0, "dmg_class": 3, "dmg_label": "Destroyed", "confidence": null, "bid": "way/892156962"}}, {"type": "Feature", "geometry": {"type": "LineString", "coordinates": [[85.1555121, 27.9384573], [85.1555474, 27.9384198], [85.1555161, 27.9383969], [85.1554809, 27.9384345], [85.1555121, 27.9384573]]}, "properties": {"source": "osm", "dmg": 1.0, "dmg_class": 3, "dmg_label": "Destroyed", "confidence": null, "bid": "way/1552644689"}}, {"type": "Feature", "geometry": {"type": "LineString", "coordinates": [[85.157229, 27.9408696], [85.1573268, 27.9409234], [85.1573724, 27.9408588], [85.1572746, 27.940805], [85.157229, 27.9408696]]}, "properties": {"source": "osm", "dmg": 1.0, "dmg_class": 3, "dmg_label": "Destroyed", "confidence": null, "bid": "way/1553091916"}}, {"type": "Feature", "geometry": {"type": "LineString", "coordinates": [[85.1610233, 27.9464582], [85.1611162, 27.9464215], [85.1610921, 27.946374], [85.1609992, 27.9464107], [85.1610233, 27.9464582]]}, "properties": {"source": "osm", "dmg": 1.0, "dmg_class": 3, "dmg_label": "Destroyed", "confidence": null, "bid": "way/1553150025"}}, {"type": "Feature", "geometry": {"type": "LineString", "coordinates": [[85.147514, 27.9292539], [85.1476155, 27.9292659], [85.1476015, 27.9293577], [85.1475587, 27.9293526], [85.1475001, 27.9293457], [85.147514, 27.9292539]]}, "properties": {"source": "osm", "dmg": 1.0, "dmg_class": 3, "dmg_label": "Destroyed", "confidence": null, "bid": "way/1553155465"}}, {"type": "Feature", "geometry": {"type": "LineString", "coordinates": [[85.1497249, 27.9265445], [85.1497345, 27.9263171], [85.1495883, 27.9263122], [85.1495875, 27.9263312], [85.1494567, 27.9263269], [85.1494506, 27.9264721], [85.1495878, 27.9264766], [85.1495918, 27.9263816], [85.149615, 27.9263824], [85.1496083, 27.9265407], [85.1497249, 27.9265445]]}, "properties": {"source": "osm", "dmg": 1.0, "dmg_class": 3, "dmg_label": "Destroyed", "confidence": null, "bid": "way/1553155492"}}, {"type": "Feature", "geometry": {"type": "LineString", "coordinates": [[85.1486098, 27.9281335], [85.1486479, 27.9280907], [85.1486975, 27.9281251], [85.1486594, 27.9281679], [85.1486098, 27.9281335]]}, "properties": {"source": "osm", "dmg": 1.0, "dmg_class": 3, "dmg_label": "Destroyed", "confidence": null, "bid": "way/1553155494"}}, {"type": "Feature", "geometry": {"type": "LineString", "coordinates": [[85.1484612, 27.9301142], [85.1485023, 27.9300882], [85.1485499, 27.9301472], [85.1485088, 27.9301731], [85.1484612, 27.9301142]]}, "properties": {"source": "osm", "dmg": 1.0, "dmg_class": 3, "dmg_label": "Destroyed", "confidence": null, "bid": "way/1553155495"}}, {"type": "Feature", "geometry": {"type": "LineString", "coordinates": [[85.1521491, 27.9308137], [85.1523832, 27.9308105], [85.152382, 27.9307432], [85.1521479, 27.9307464], [85.1521491, 27.9308137]]}, "properties": {"source": "osm", "dmg": 1.0, "dmg_class": 3, "dmg_label": "Destroyed", "confidence": null, "bid": "way/1553173747"}}, {"type": "Feature", "geometry": {"type": "LineString", "coordinates": [[85.163321, 27.9550322], [85.1633751, 27.9550491], [85.1633935, 27.9550028], [85.1633394, 27.954986], [85.163321, 27.9550322]]}, "properties": {"source": "osm", "dmg": 1.0, "dmg_class": 3, "dmg_label": "Destroyed", "confidence": null, "bid": "way/1553174373"}}, {"type": "Feature", "geometry": {"type": "LineString", "coordinates": [[85.1489246, 27.9253247], [85.1489407, 27.9253685], [85.1489863, 27.9253555], [85.1489702, 27.9253116], [85.1489246, 27.9253247]]}, "properties": {"source": "osm", "dmg": 1.0, "dmg_class": 3, "dmg_label": "Destroyed", "confidence": null, "bid": "way/1553176621"}}, {"type": "Feature", "geometry": {"type": "LineString", "coordinates": [[85.3780096, 28.2724292], [85.3781924, 28.2724079], [85.3781837, 28.27235], [85.3780009, 28.2723714], [85.3780096, 28.2724292]]}, "properties": {"source": "osm", "dmg": 1.0, "dmg_class": 3, "dmg_label": "Destroyed \u00b7 floods", "confidence": null, "bid": "way/846902616"}}, {"type": "Feature", "geometry": {"type": "LineString", "coordinates": [[85.3766059, 28.2705269], [85.3766099, 28.2705559], [85.3766593, 28.2705506], [85.3766553, 28.2705216], [85.3766059, 28.2705269]]}, "properties": {"source": "osm", "dmg": 1.0, "dmg_class": 3, "dmg_label": "Destroyed \u00b7 floods", "confidence": null, "bid": "way/846902651"}}, {"type": "Feature", "geometry": {"type": "LineString", "coordinates": [[85.3769029, 28.2734059], [85.3769789, 28.2734095], [85.3769849, 28.2733115], [85.376909, 28.2733079], [85.3769029, 28.2734059]]}, "properties": {"source": "osm", "dmg": 1.0, "dmg_class": 3, "dmg_label": "Destroyed \u00b7 floods", "confidence": null, "bid": "way/1552613664"}}, {"type": "Feature", "geometry": {"type": "LineString", "coordinates": [[85.3660752, 28.252216], [85.3661416, 28.2522311], [85.3661529, 28.2521922], [85.3660865, 28.2521772], [85.3660752, 28.252216]]}, "properties": {"source": "osm", "dmg": 1.0, "dmg_class": 3, "dmg_label": "Destroyed", "confidence": null, "bid": "way/340624552"}}, {"type": "Feature", "geometry": {"type": "LineString", "coordinates": [[85.3644267, 28.2524298], [85.3644213, 28.2525621], [85.3644868, 28.2525641], [85.3644922, 28.2524318], [85.3644267, 28.2524298]]}, "properties": {"source": "osm", "dmg": 1.0, "dmg_class": 3, "dmg_label": "Destroyed", "confidence": null, "bid": "way/851367098"}}, {"type": "Feature", "geometry": {"type": "LineString", "coordinates": [[85.3669743, 28.2555621], [85.3669753, 28.2557223], [85.3670377, 28.255722], [85.3670367, 28.2555618], [85.3669743, 28.2555621]]}, "properties": {"source": "osm", "dmg": 1.0, "dmg_class": 3, "dmg_label": "Destroyed", "confidence": null, "bid": "way/851367113"}}, {"type": "Feature", "geometry": {"type": "LineString", "coordinates": [[85.3665899, 28.2560984], [85.3666227, 28.2561468], [85.3666741, 28.2561197], [85.3666413, 28.2560713], [85.3665899, 28.2560984]]}, "properties": {"source": "osm", "dmg": 1.0, "dmg_class": 3, "dmg_label": "Destroyed", "confidence": null, "bid": "way/851508433"}}, {"type": "Feature", "geometry": {"type": "LineString", "coordinates": [[85.3748392, 28.2645835], [85.374849, 28.2644691], [85.374602, 28.2644527], [85.3745921, 28.264567], [85.3748392, 28.2645835]]}, "properties": {"source": "osm", "dmg": 1.0, "dmg_class": 3, "dmg_label": "Destroyed \u00b7 floods", "confidence": null, "bid": "way/851966243"}}, {"type": "Feature", "geometry": {"type": "LineString", "coordinates": [[85.3740612, 28.2642012], [85.3741003, 28.2642046], [85.374109, 28.2641284], [85.3740699, 28.264125], [85.3740612, 28.2642012]]}, "properties": {"source": "osm", "dmg": 1.0, "dmg_class": 3, "dmg_label": "Destroyed \u00b7 floods", "confidence": null, "bid": "way/851966245"}}, {"type": "Feature", "geometry": {"type": "LineString", "coordinates": [[85.3661297, 28.2539226], [85.366136, 28.2539742], [85.3661857, 28.2539695], [85.3661793, 28.2539178], [85.3661297, 28.2539226]]}, "properties": {"source": "osm", "dmg": 1.0, "dmg_class": 3, "dmg_label": "Destroyed", "confidence": null, "bid": "way/853711529"}}, {"type": "Feature", "geometry": {"type": "LineString", "coordinates": [[85.3667803, 28.258077], [85.3668001, 28.2580604], [85.3667378, 28.2580026], [85.3667179, 28.2580191], [85.3667803, 28.258077]]}, "properties": {"source": "osm", "dmg": 1.0, "dmg_class": 3, "dmg_label": "Destroyed", "confidence": null, "bid": "way/1552614212"}}, {"type": "Feature", "geometry": {"type": "LineString", "coordinates": [[85.3664249, 28.251729], [85.3664577, 28.2517439], [85.3664853, 28.2516967], [85.3664524, 28.2516818], [85.3664434, 28.2516972], [85.3664249, 28.251729]]}, "properties": {"source": "osm", "dmg": 1.0, "dmg_class": 3, "dmg_label": "Destroyed", "confidence": null, "bid": "way/1552646435"}}, {"type": "Feature", "geometry": {"type": "LineString", "coordinates": [[85.3669285, 28.2553518], [85.3669759, 28.2553569], [85.3669938, 28.2552281], [85.3670818, 28.2552376], [85.3670878, 28.2551947], [85.3669523, 28.2551801], [85.3669285, 28.2553518]]}, "properties": {"source": "osm", "dmg": 1.0, "dmg_class": 3, "dmg_label": "Destroyed", "confidence": null, "bid": "way/1552646445"}}, {"type": "Feature", "geometry": {"type": "LineString", "coordinates": [[85.3742783, 28.2643588], [85.3743601, 28.264201], [85.3744011, 28.2642175], [85.3743677, 28.264282], [85.3744201, 28.264303], [85.3743717, 28.2643964], [85.3742783, 28.2643588]]}, "properties": {"source": "osm", "dmg": 1.0, "dmg_class": 3, "dmg_label": "Destroyed \u00b7 floods", "confidence": null, "bid": "way/1552916218"}}, {"type": "Feature", "geometry": {"type": "LineString", "coordinates": [[85.3661265, 28.2537511], [85.3661656, 28.2537515], [85.3661663, 28.2537025], [85.3661272, 28.2537021], [85.3661265, 28.2537511]]}, "properties": {"source": "osm", "dmg": 1.0, "dmg_class": 3, "dmg_label": "Destroyed", "confidence": null, "bid": "way/1552942026"}}, {"type": "Feature", "geometry": {"type": "LineString", "coordinates": [[85.3665604, 28.2568461], [85.366643, 28.2567957], [85.3666249, 28.2567727], [85.3665423, 28.2568231], [85.3665604, 28.2568461]]}, "properties": {"source": "osm", "dmg": 1.0, "dmg_class": 3, "dmg_label": "Destroyed", "confidence": null, "bid": "way/1553000678"}}, {"type": "Feature", "geometry": {"type": "LineString", "coordinates": [[85.3668326, 28.2537446], [85.3668728, 28.2537446], [85.3668728, 28.2537021], [85.3668326, 28.2537021], [85.3668326, 28.2537446]]}, "properties": {"source": "osm", "dmg": 1.0, "dmg_class": 3, "dmg_label": "Destroyed", "confidence": null, "bid": "way/1553122355"}}, {"type": "Feature", "geometry": {"type": "LineString", "coordinates": [[85.1084334, 27.8598517], [85.1083952, 27.8598135], [85.1084547, 27.859767], [85.1084928, 27.8598053], [85.1084334, 27.8598517]]}, "properties": {"source": "osm", "dmg": 1.0, "dmg_class": 3, "dmg_label": "Destroyed", "confidence": null, "bid": "way/342003414"}}, {"type": "Feature", "geometry": {"type": "LineString", "coordinates": [[85.1126657, 27.8643099], [85.1127156, 27.8642772], [85.1126646, 27.8642162], [85.1126146, 27.8642489], [85.1126657, 27.8643099]]}, "properties": {"source": "osm", "dmg": 1.0, "dmg_class": 3, "dmg_label": "Destroyed", "confidence": null, "bid": "way/342010798"}}, {"type": "Feature", "geometry": {"type": "LineString", "coordinates": [[85.1107037, 27.8606874], [85.1106131, 27.8607565], [85.1106685, 27.8608132], [85.1107591, 27.8607442], [85.1107037, 27.8606874]]}, "properties": {"source": "osm", "dmg": 1.0, "dmg_class": 3, "dmg_label": "Destroyed", "confidence": null, "bid": "way/342010807"}}, {"type": "Feature", "geometry": {"type": "LineString", "coordinates": [[85.1098405, 27.8609742], [85.1099127, 27.8609092], [85.1099584, 27.8609488], [85.1098862, 27.8610139], [85.1098405, 27.8609742]]}, "properties": {"source": "osm", "dmg": 1.0, "dmg_class": 3, "dmg_label": "Destroyed", "confidence": null, "bid": "way/342017040"}}, {"type": "Feature", "geometry": {"type": "LineString", "coordinates": [[85.1839097, 27.9746701], [85.1839144, 27.9746048], [85.1838803, 27.9746029], [85.1838755, 27.9746682], [85.1839097, 27.9746701]]}, "properties": {"source": "osm", "dmg": 1.0, "dmg_class": 3, "dmg_label": "Destroyed", "confidence": null, "bid": "way/341462102"}}, {"type": "Feature", "geometry": {"type": "LineString", "coordinates": [[85.1722882, 27.9619909], [85.1723145, 27.9619668], [85.172271, 27.9619297], [85.1722447, 27.9619537], [85.1722882, 27.9619909]]}, "properties": {"source": "osm", "dmg": 1.0, "dmg_class": 3, "dmg_label": "Destroyed", "confidence": null, "bid": "way/341587323"}}, {"type": "Feature", "geometry": {"type": "LineString", "coordinates": [[85.1724703, 27.9625326], [85.1724901, 27.9625015], [85.1724164, 27.962465], [85.1723966, 27.9624961], [85.1724703, 27.9625326]]}, "properties": {"source": "osm", "dmg": 1.0, "dmg_class": 3, "dmg_label": "Destroyed", "confidence": null, "bid": "way/341623159"}}, {"type": "Feature", "geometry": {"type": "LineString", "coordinates": [[85.1744563, 27.9666951], [85.1743902, 27.9666514], [85.1744266, 27.9666084], [85.1744927, 27.9666521], [85.1744563, 27.9666951]]}, "properties": {"source": "osm", "dmg": 1.0, "dmg_class": 3, "dmg_label": "Destroyed", "confidence": null, "bid": "way/341623211"}}, {"type": "Feature", "geometry": {"type": "LineString", "coordinates": [[85.1791336, 27.9675109], [85.1791664, 27.9675364], [85.1792052, 27.9674973], [85.1791724, 27.9674719], [85.1791336, 27.9675109]]}, "properties": {"source": "osm", "dmg": 1.0, "dmg_class": 3, "dmg_label": "Destroyed", "confidence": null, "bid": "way/886361484"}}, {"type": "Feature", "geometry": {"type": "LineString", "coordinates": [[85.1724318, 27.9654907], [85.1724411, 27.9654432], [85.1725415, 27.9654824], [85.1725229, 27.9655278], [85.1724318, 27.9654907]]}, "properties": {"source": "osm", "dmg": 1.0, "dmg_class": 3, "dmg_label": "Destroyed", "confidence": null, "bid": "way/886387018"}}, {"type": "Feature", "geometry": {"type": "LineString", "coordinates": [[85.1850177, 27.9704521], [85.18503, 27.9705071], [85.1851079, 27.9704935], [85.1850956, 27.9704385], [85.1850177, 27.9704521]]}, "properties": {"source": "osm", "dmg": 1.0, "dmg_class": 3, "dmg_label": "Destroyed", "confidence": null, "bid": "way/886466490"}}, {"type": "Feature", "geometry": {"type": "LineString", "coordinates": [[85.183457, 27.9695953], [85.1834924, 27.9695958], [85.1834933, 27.9695486], [85.1834579, 27.9695481], [85.183457, 27.9695953]]}, "properties": {"source": "osm", "dmg": 1.0, "dmg_class": 3, "dmg_label": "Destroyed", "confidence": null, "bid": "way/1553085874"}}, {"type": "Feature", "geometry": {"type": "LineString", "coordinates": [[85.1738007, 27.9661999], [85.1738919, 27.9662034], [85.1738938, 27.9661664], [85.1738026, 27.9661628], [85.1738007, 27.9661999]]}, "properties": {"source": "osm", "dmg": 1.0, "dmg_class": 3, "dmg_label": "Destroyed", "confidence": null, "bid": "way/1553120407"}}, {"type": "Feature", "geometry": {"type": "LineString", "coordinates": [[85.1834721, 27.9740842], [85.1835391, 27.9741338], [85.1836296, 27.9740384], [85.1835626, 27.9739888], [85.1834721, 27.9740842]]}, "properties": {"source": "osm", "dmg": 1.0, "dmg_class": 3, "dmg_label": "Destroyed", "confidence": null, "bid": "way/1553122710"}}, {"type": "Feature", "geometry": {"type": "LineString", "coordinates": [[85.1606297, 27.947193], [85.1606608, 27.9472213], [85.160701, 27.9471869], [85.16067, 27.9471586], [85.1606297, 27.947193]]}, "properties": {"source": "osm", "dmg": 1.0, "dmg_class": 3, "dmg_label": "Destroyed", "confidence": null, "bid": "way/892156964"}}, {"type": "Feature", "geometry": {"type": "LineString", "coordinates": [[85.1561998, 27.9388404], [85.1562249, 27.938821], [85.1562912, 27.9388879], [85.1562661, 27.9389073], [85.1561998, 27.9388404]]}, "properties": {"source": "osm", "dmg": 1.0, "dmg_class": 3, "dmg_label": "Destroyed", "confidence": null, "bid": "way/1553091924"}}, {"type": "Feature", "geometry": {"type": "LineString", "coordinates": [[85.1476056, 27.9297065], [85.1477029, 27.9297223], [85.1477149, 27.929664], [85.1476652, 27.929656], [85.1476684, 27.9296405], [85.147621, 27.9296328], [85.1476056, 27.9297065]]}, "properties": {"source": "osm", "dmg": 1.0, "dmg_class": 3, "dmg_label": "Destroyed", "confidence": null, "bid": "way/1553155456"}}, {"type": "Feature", "geometry": {"type": "LineString", "coordinates": [[85.1473823, 27.9293155], [85.1474524, 27.9293272], [85.1474721, 27.9292346], [85.147402, 27.9292229], [85.1473823, 27.9293155]]}, "properties": {"source": "osm", "dmg": 1.0, "dmg_class": 3, "dmg_label": "Destroyed", "confidence": null, "bid": "way/1553155463"}}, {"type": "Feature", "geometry": {"type": "LineString", "coordinates": [[85.1474399, 27.9290257], [85.1475291, 27.9290425], [85.147553, 27.9289436], [85.1474638, 27.9289268], [85.1474399, 27.9290257]]}, "properties": {"source": "osm", "dmg": 1.0, "dmg_class": 3, "dmg_label": "Destroyed", "confidence": null, "bid": "way/1553155467"}}, {"type": "Feature", "geometry": {"type": "LineString", "coordinates": [[85.3669751, 28.2559185], [85.3669825, 28.2560184], [85.3670618, 28.2560138], [85.3670544, 28.255914], [85.3669751, 28.2559185]]}, "properties": {"source": "osm", "dmg": 1.0, "dmg_class": 3, "dmg_label": "Destroyed", "confidence": null, "bid": "way/851367111"}}, {"type": "Feature", "geometry": {"type": "LineString", "coordinates": [[85.3666321, 28.2527086], [85.3666835, 28.2527112], [85.3666889, 28.2526303], [85.3666375, 28.2526276], [85.3666321, 28.2527086]]}, "properties": {"source": "osm", "dmg": 1.0, "dmg_class": 3, "dmg_label": "Destroyed", "confidence": null, "bid": "way/1552942039"}}, {"type": "Feature", "geometry": {"type": "LineString", "coordinates": [[85.1091638, 27.8592317], [85.1092618, 27.8591867], [85.1091988, 27.8590793], [85.1091008, 27.8591243], [85.1091638, 27.8592317]]}, "properties": {"source": "osm", "dmg": 1.0, "dmg_class": 3, "dmg_label": "Destroyed", "confidence": null, "bid": "way/341998611"}}, {"type": "Feature", "geometry": {"type": "LineString", "coordinates": [[85.1088183, 27.8600601], [85.1087354, 27.8601156], [85.1086373, 27.8600012], [85.1087153, 27.859949], [85.1087453, 27.859984], [85.1087085, 27.8600086], [85.1087508, 27.8600581], [85.1087926, 27.8600301], [85.1088183, 27.8600601]]}, "properties": {"source": "osm", "dmg": 1.0, "dmg_class": 3, "dmg_label": "Destroyed", "confidence": null, "bid": "way/342003856"}}, {"type": "Feature", "geometry": {"type": "LineString", "coordinates": [[85.1721309, 27.9622371], [85.172102, 27.9622643], [85.172068, 27.9622361], [85.172097, 27.9622089], [85.1721309, 27.9622371]]}, "properties": {"source": "osm", "dmg": 1.0, "dmg_class": 3, "dmg_label": "Destroyed", "confidence": null, "bid": "way/341623035"}}, {"type": "Feature", "geometry": {"type": "LineString", "coordinates": [[85.1711801, 27.9608025], [85.1712174, 27.9608789], [85.1713466, 27.9608297], [85.1713093, 27.9607533], [85.1711801, 27.9608025]]}, "properties": {"source": "osm", "dmg": 1.0, "dmg_class": 3, "dmg_label": "Destroyed", "confidence": null, "bid": "way/886277363"}}, {"type": "Feature", "geometry": {"type": "LineString", "coordinates": [[85.3665268, 28.2567002], [85.3666023, 28.2567362], [85.3666245, 28.2567002], [85.366549, 28.2566642], [85.3665268, 28.2567002]]}, "properties": {"source": "osm", "dmg": 1.0, "dmg_class": 3, "dmg_label": "Destroyed", "confidence": null, "bid": "way/1553000684"}}, {"type": "Feature", "geometry": {"type": "LineString", "coordinates": [[85.1833681, 27.9754489], [85.1834344, 27.9753713], [85.1835712, 27.9754625], [85.1835049, 27.9755401], [85.1833681, 27.9754489]]}, "properties": {"source": "osm", "dmg": 1.0, "dmg_class": 3, "dmg_label": "Destroyed", "confidence": null, "bid": "way/346363626"}}, {"type": "Feature", "geometry": {"type": "LineString", "coordinates": [[85.1730765, 27.9645108], [85.1731668, 27.9645466], [85.1731909, 27.9644993], [85.1731007, 27.9644634], [85.1730765, 27.9645108]]}, "properties": {"source": "osm", "dmg": 1.0, "dmg_class": 3, "dmg_label": "Destroyed", "confidence": null, "bid": "way/1552890522"}}, {"type": "Feature", "geometry": {"type": "LineString", "coordinates": [[85.1494718, 27.9331906], [85.1495262, 27.9332327], [85.149559, 27.9331995], [85.1495046, 27.9331574], [85.1494718, 27.9331906]]}, "properties": {"source": "osm", "dmg": 1.0, "dmg_class": 3, "dmg_label": "Destroyed", "confidence": null, "bid": "way/1553165897"}}, {"type": "Feature", "geometry": {"type": "LineString", "coordinates": [[85.3777248, 28.2792778], [85.3776791, 28.2792641], [85.3776625, 28.2793052], [85.3776458, 28.2793459], [85.3776918, 28.2793599], [85.3777078, 28.2793204], [85.3777248, 28.2792778]]}, "properties": {"source": "osm", "dmg": 1.0, "dmg_class": 3, "dmg_label": "Destroyed (part)", "confidence": null, "bid": "way/1552746569"}}, {"type": "Feature", "geometry": {"type": "LineString", "coordinates": [[85.3770469, 28.2712873], [85.377044, 28.271344], [85.3771347, 28.2713475], [85.3771375, 28.2712908], [85.3770469, 28.2712873]]}, "properties": {"source": "osm", "dmg": 1.0, "dmg_class": 3, "dmg_label": "Destroyed \u00b7 floods", "confidence": null, "bid": "way/846902647"}}, {"type": "Feature", "geometry": {"type": "LineString", "coordinates": [[85.3785473, 28.2718262], [85.3786019, 28.2718191], [85.3785756, 28.2716625], [85.3785211, 28.2716695], [85.3785473, 28.2718262]]}, "properties": {"source": "osm", "dmg": 1.0, "dmg_class": 3, "dmg_label": "Destroyed \u00b7 floods", "confidence": null, "bid": "way/1552911473"}}, {"type": "Feature", "geometry": {"type": "LineString", "coordinates": [[85.1528971, 27.9355211], [85.1529564, 27.935441], [85.1530991, 27.9355236], [85.1530397, 27.9356036], [85.1528971, 27.9355211]]}, "properties": {"source": "osm", "dmg": 1.0, "dmg_class": 3, "dmg_label": "Destroyed", "confidence": null, "bid": "way/341654634"}}, {"type": "Feature", "geometry": {"type": "LineString", "coordinates": [[85.1540373, 27.9363339], [85.15412, 27.9361851], [85.1542301, 27.9362289], [85.1541533, 27.9363831], [85.1540373, 27.9363339]]}, "properties": {"source": "osm", "dmg": 1.0, "dmg_class": 3, "dmg_label": "Destroyed", "confidence": null, "bid": "way/341698560"}}, {"type": "Feature", "geometry": {"type": "LineString", "coordinates": [[85.3765865, 28.2721351], [85.3766596, 28.2721209], [85.3766334, 28.2720162], [85.3765603, 28.2720304], [85.3765865, 28.2721351]]}, "properties": {"source": "osm", "dmg": 1.0, "dmg_class": 3, "dmg_label": "Destroyed \u00b7 floods", "confidence": null, "bid": "way/846902646"}}, {"type": "Feature", "geometry": {"type": "LineString", "coordinates": [[85.3360143, 28.1609445], [85.3359887, 28.1609441], [85.3359881, 28.1609745], [85.3360137, 28.1609749], [85.3360143, 28.1609445]]}, "properties": {"source": "osm", "dmg": 1.0, "dmg_class": 3, "dmg_label": "Destroyed", "confidence": null, "bid": "way/1552968624"}}, {"type": "Feature", "geometry": {"type": "LineString", "coordinates": [[85.3664303, 28.2524008], [85.3664886, 28.2525172], [85.3665675, 28.2524865], [85.3665092, 28.2523701], [85.3664303, 28.2524008]]}, "properties": {"source": "osm", "dmg": 1.0, "dmg_class": 3, "dmg_label": "Destroyed", "confidence": null, "bid": "way/851368442"}}, {"type": "Feature", "geometry": {"type": "LineString", "coordinates": [[85.3782561, 28.2724634], [85.3783247, 28.2724457], [85.3782604, 28.272252], [85.3781918, 28.2722697], [85.3782561, 28.2724634]]}, "properties": {"source": "osm", "dmg": 1.0, "dmg_class": 3, "dmg_label": "Destroyed \u00b7 floods", "confidence": null, "bid": "way/846902618"}}, {"type": "Feature", "geometry": {"type": "LineString", "coordinates": [[85.378094, 28.2717588], [85.3781266, 28.2717591], [85.3781271, 28.2717095], [85.3780945, 28.2717093], [85.378094, 28.2717588]]}, "properties": {"source": "osm", "dmg": 1.0, "dmg_class": 3, "dmg_label": "Destroyed \u00b7 floods", "confidence": null, "bid": "way/1552910811"}}, {"type": "Feature", "geometry": {"type": "LineString", "coordinates": [[85.1722721, 27.9641937], [85.1722939, 27.9641381], [85.1723649, 27.9641597], [85.1723431, 27.9642154], [85.1722721, 27.9641937]]}, "properties": {"source": "osm", "dmg": 1.0, "dmg_class": 3, "dmg_label": "Destroyed", "confidence": null, "bid": "way/886387010"}}, {"type": "Feature", "geometry": {"type": "LineString", "coordinates": [[85.1833932, 27.9695396], [85.1833966, 27.9694274], [85.1834951, 27.9694297], [85.1834917, 27.9695418], [85.1833932, 27.9695396]]}, "properties": {"source": "osm", "dmg": 1.0, "dmg_class": 3, "dmg_label": "Destroyed", "confidence": null, "bid": "way/886388192"}}, {"type": "Feature", "geometry": {"type": "LineString", "coordinates": [[85.1849365, 27.9715714], [85.1849686, 27.9716739], [85.1851111, 27.9716391], [85.185079, 27.9715366], [85.1849365, 27.9715714]]}, "properties": {"source": "osm", "dmg": 1.0, "dmg_class": 3, "dmg_label": "Destroyed", "confidence": null, "bid": "way/886398145"}}, {"type": "Feature", "geometry": {"type": "LineString", "coordinates": [[85.3788472, 28.2800743], [85.3788939, 28.2801088], [85.3789585, 28.2800411], [85.3789118, 28.2800066], [85.3788472, 28.2800743]]}, "properties": {"source": "osm", "dmg": 1.0, "dmg_class": 3, "dmg_label": "Destroyed", "confidence": null, "bid": "way/341558548"}}, {"type": "Feature", "geometry": {"type": "LineString", "coordinates": [[85.3784791, 28.2795853], [85.3788502, 28.2798909], [85.3787709, 28.2799656], [85.3783998, 28.27966], [85.3784791, 28.2795853]]}, "properties": {"source": "osm", "dmg": 1.0, "dmg_class": 3, "dmg_label": "Destroyed \u00b7 landslide", "confidence": null, "bid": "way/806977551"}}, {"type": "Feature", "geometry": {"type": "LineString", "coordinates": [[85.3432709, 28.1643775], [85.3432328, 28.1643486], [85.3432077, 28.1643743], [85.3432459, 28.1644032], [85.3432709, 28.1643775]]}, "properties": {"source": "osm", "dmg": 1.0, "dmg_class": 3, "dmg_label": "Destroyed", "confidence": null, "bid": "way/344279088"}}, {"type": "Feature", "geometry": {"type": "LineString", "coordinates": [[85.3588155, 28.2381936], [85.3588517, 28.2381842], [85.3588282, 28.2381142], [85.358792, 28.2381236], [85.3588155, 28.2381936]]}, "properties": {"source": "osm", "dmg": 1.0, "dmg_class": 3, "dmg_label": "Destroyed", "confidence": null, "bid": "way/846885663"}}, {"type": "Feature", "geometry": {"type": "LineString", "coordinates": [[85.3364573, 28.1609135], [85.3365806, 28.1608686], [85.336563, 28.1608309], [85.3364396, 28.1608758], [85.3364573, 28.1609135]]}, "properties": {"source": "osm", "dmg": 1.0, "dmg_class": 3, "dmg_label": "Destroyed", "confidence": null, "bid": "way/1553070046"}}, {"type": "Feature", "geometry": {"type": "LineString", "coordinates": [[85.337849, 28.1640084], [85.3379017, 28.1639518], [85.3378531, 28.1639167], [85.3378005, 28.1639733], [85.337849, 28.1640084]]}, "properties": {"source": "osm", "dmg": 1.0, "dmg_class": 3, "dmg_label": "Destroyed", "confidence": null, "bid": "way/1553118176"}}, {"type": "Feature", "geometry": {"type": "LineString", "coordinates": [[85.3760011, 28.2658082], [85.3760547, 28.2658525], [85.3760916, 28.2658178], [85.376038, 28.2657735], [85.3760011, 28.2658082]]}, "properties": {"source": "osm", "dmg": 1.0, "dmg_class": 3, "dmg_label": "Destroyed \u00b7 floods", "confidence": null, "bid": "way/846902674"}}, {"type": "Feature", "geometry": {"type": "LineString", "coordinates": [[85.3641585, 28.2554681], [85.3641558, 28.2556441], [85.3642344, 28.2556451], [85.3642371, 28.2554691], [85.3641585, 28.2554681]]}, "properties": {"source": "osm", "dmg": 1.0, "dmg_class": 3, "dmg_label": "Destroyed", "confidence": null, "bid": "way/851368424"}}, {"type": "Feature", "geometry": {"type": "LineString", "coordinates": [[85.3735013, 28.2632467], [85.373512, 28.2633253], [85.3735745, 28.2633187], [85.3735638, 28.2632401], [85.3735013, 28.2632467]]}, "properties": {"source": "osm", "dmg": 1.0, "dmg_class": 3, "dmg_label": "Destroyed \u00b7 floods", "confidence": null, "bid": "way/851966250"}}, {"type": "Feature", "geometry": {"type": "LineString", "coordinates": [[85.3777128, 28.2776172], [85.3778021, 28.2778708], [85.3780935, 28.2777912], [85.3780041, 28.2775376], [85.3777128, 28.2776172]]}, "properties": {"source": "osm", "dmg": 1.0, "dmg_class": 3, "dmg_label": "Destroyed \u00b7 landslide", "confidence": null, "bid": "way/1552581857"}}, {"type": "Feature", "geometry": {"type": "LineString", "coordinates": [[85.3668715, 28.2525337], [85.3669273, 28.2525298], [85.3669232, 28.252485], [85.3668675, 28.2524888], [85.3668715, 28.2525337]]}, "properties": {"source": "osm", "dmg": 1.0, "dmg_class": 3, "dmg_label": "Destroyed", "confidence": null, "bid": "way/1552942044"}}, {"type": "Feature", "geometry": {"type": "LineString", "coordinates": [[85.3666938, 28.2551734], [85.3667429, 28.2551665], [85.3667228, 28.255056], [85.3666737, 28.2550629], [85.3666938, 28.2551734]]}, "properties": {"source": "osm", "dmg": 1.0, "dmg_class": 3, "dmg_label": "Destroyed", "confidence": null, "bid": "way/1552942072"}}, {"type": "Feature", "geometry": {"type": "LineString", "coordinates": [[85.3664262, 28.2556239], [85.3664905, 28.2556209], [85.366487, 28.2555622], [85.3664227, 28.2555651], [85.3664262, 28.2556239]]}, "properties": {"source": "osm", "dmg": 1.0, "dmg_class": 3, "dmg_label": "Destroyed", "confidence": null, "bid": "way/1553013462"}}, {"type": "Feature", "geometry": {"type": "LineString", "coordinates": [[85.3659689, 28.25234], [85.3659716, 28.2524191], [85.3660526, 28.252417], [85.3660499, 28.2523379], [85.3659689, 28.25234]]}, "properties": {"source": "osm", "dmg": 1.0, "dmg_class": 3, "dmg_label": "Destroyed", "confidence": null, "bid": "way/1553122351"}}, {"type": "Feature", "geometry": {"type": "LineString", "coordinates": [[85.1105851, 27.8648614], [85.1106441, 27.8649432], [85.1107013, 27.8649109], [85.1106423, 27.8648291], [85.1105851, 27.8648614]]}, "properties": {"source": "osm", "dmg": 1.0, "dmg_class": 3, "dmg_label": "Destroyed", "confidence": null, "bid": "way/1553091758"}}, {"type": "Feature", "geometry": {"type": "LineString", "coordinates": [[85.1851835, 27.9710683], [85.1851657, 27.9710273], [85.1852404, 27.9710019], [85.1852463, 27.9710155], [85.1852582, 27.9710429], [85.1851835, 27.9710683]]}, "properties": {"source": "osm", "dmg": 1.0, "dmg_class": 3, "dmg_label": "Destroyed", "confidence": null, "bid": "way/341461679"}}, {"type": "Feature", "geometry": {"type": "LineString", "coordinates": [[85.1838114, 27.9747147], [85.1838588, 27.9747172], [85.1838616, 27.9746747], [85.1838143, 27.9746722], [85.1838114, 27.9747147]]}, "properties": {"source": "osm", "dmg": 1.0, "dmg_class": 3, "dmg_label": "Destroyed", "confidence": null, "bid": "way/341461799"}}, {"type": "Feature", "geometry": {"type": "LineString", "coordinates": [[85.1842281, 27.9695398], [85.1841689, 27.9695403], [85.1841696, 27.9695919], [85.1842288, 27.9695914], [85.1842281, 27.9695398]]}, "properties": {"source": "osm", "dmg": 1.0, "dmg_class": 3, "dmg_label": "Destroyed", "confidence": null, "bid": "way/1552644571"}}, {"type": "Feature", "geometry": {"type": "LineString", "coordinates": [[85.149632, 27.9246655], [85.149681, 27.9245288], [85.149587, 27.9245025], [85.149538, 27.9246392], [85.149632, 27.9246655]]}, "properties": {"source": "osm", "dmg": 1.0, "dmg_class": 3, "dmg_label": "Destroyed", "confidence": null, "bid": "way/341699319"}}, {"type": "Feature", "geometry": {"type": "LineString", "coordinates": [[85.1562604, 27.9391728], [85.1563042, 27.9392123], [85.1563571, 27.9391666], [85.1563133, 27.9391271], [85.1562604, 27.9391728]]}, "properties": {"source": "osm", "dmg": 1.0, "dmg_class": 3, "dmg_label": "Destroyed", "confidence": null, "bid": "way/891929262"}}, {"type": "Feature", "geometry": {"type": "LineString", "coordinates": [[85.1586009, 27.9426202], [85.1586353, 27.9426593], [85.1586861, 27.9426243], [85.1586517, 27.9425852], [85.1586009, 27.9426202]]}, "properties": {"source": "osm", "dmg": 1.0, "dmg_class": 3, "dmg_label": "Destroyed", "confidence": null, "bid": "way/1553091915"}}, {"type": "Feature", "geometry": {"type": "LineString", "coordinates": [[85.1475324, 27.9291656], [85.1475984, 27.9291794], [85.1476217, 27.9290919], [85.1475978, 27.9290869], [85.1475558, 27.9290782], [85.1475324, 27.9291656]]}, "properties": {"source": "osm", "dmg": 1.0, "dmg_class": 3, "dmg_label": "Destroyed", "confidence": null, "bid": "way/1553155466"}}, {"type": "Feature", "geometry": {"type": "LineString", "coordinates": [[85.1489595, 27.9262347], [85.1490263, 27.9262232], [85.1490076, 27.9261379], [85.1489407, 27.9261494], [85.1489595, 27.9262347]]}, "properties": {"source": "osm", "dmg": 1.0, "dmg_class": 3, "dmg_label": "Destroyed", "confidence": null, "bid": "way/1553176611"}}, {"type": "Feature", "geometry": {"type": "LineString", "coordinates": [[85.3670049, 28.2551191], [85.3670073, 28.2551497], [85.3670576, 28.2551467], [85.3670552, 28.2551161], [85.3670049, 28.2551191]]}, "properties": {"source": "osm", "dmg": 1.0, "dmg_class": 3, "dmg_label": "Destroyed", "confidence": null, "bid": "way/1552942084"}}, {"type": "Feature", "geometry": {"type": "LineString", "coordinates": [[85.1754747, 27.9671912], [85.1755199, 27.967117], [85.1753799, 27.9670504], [85.1753347, 27.9671245], [85.1754747, 27.9671912]]}, "properties": {"source": "osm", "dmg": 1.0, "dmg_class": 3, "dmg_label": "Destroyed", "confidence": null, "bid": "way/341623059"}}, {"type": "Feature", "geometry": {"type": "LineString", "coordinates": [[85.1727117, 27.9644982], [85.1727533, 27.964505], [85.1727564, 27.9644778], [85.1727841, 27.9644805], [85.1727856, 27.9644506], [85.1727163, 27.964441], [85.1727117, 27.9644982]]}, "properties": {"source": "osm", "dmg": 1.0, "dmg_class": 3, "dmg_label": "Destroyed", "confidence": null, "bid": "way/886387013"}}, {"type": "Feature", "geometry": {"type": "LineString", "coordinates": [[85.3642926, 28.2551958], [85.3643102, 28.2552822], [85.3643541, 28.2552752], [85.3643365, 28.2551889], [85.3642926, 28.2551958]]}, "properties": {"source": "osm", "dmg": 1.0, "dmg_class": 3, "dmg_label": "Destroyed", "confidence": null, "bid": "way/851368426"}}, {"type": "Feature", "geometry": {"type": "LineString", "coordinates": [[85.366559, 28.2552153], [85.3665362, 28.2551279], [85.3664903, 28.2551372], [85.3665131, 28.2552246], [85.366559, 28.2552153]]}, "properties": {"source": "osm", "dmg": 1.0, "dmg_class": 3, "dmg_label": "Destroyed", "confidence": null, "bid": "way/853711513"}}, {"type": "Feature", "geometry": {"type": "LineString", "coordinates": [[85.3661392, 28.2525251], [85.3662299, 28.2525273], [85.366232, 28.2524612], [85.3662177, 28.2524608], [85.366219, 28.2524184], [85.3661095, 28.2524157], [85.3661078, 28.2524689], [85.3661409, 28.2524697], [85.3661392, 28.2525251]]}, "properties": {"source": "osm", "dmg": 1.0, "dmg_class": 3, "dmg_label": "Destroyed", "confidence": null, "bid": "way/853711549"}}, {"type": "Feature", "geometry": {"type": "LineString", "coordinates": [[85.3660896, 28.2524091], [85.3661726, 28.252396], [85.3661627, 28.2523477], [85.3660798, 28.2523608], [85.3660896, 28.2524091]]}, "properties": {"source": "osm", "dmg": 1.0, "dmg_class": 3, "dmg_label": "Destroyed", "confidence": null, "bid": "way/1552942049"}}, {"type": "Feature", "geometry": {"type": "LineString", "coordinates": [[85.1747783, 27.9666224], [85.1748135, 27.9665739], [85.1748252, 27.9665806], [85.1748408, 27.9665592], [85.1747801, 27.9665248], [85.1747293, 27.9665947], [85.1747783, 27.9666224]]}, "properties": {"source": "osm", "dmg": 1.0, "dmg_class": 3, "dmg_label": "Destroyed", "confidence": null, "bid": "way/341623232"}}, {"type": "Feature", "geometry": {"type": "LineString", "coordinates": [[85.1557741, 27.9385509], [85.1557364, 27.9385187], [85.1558591, 27.9384067], [85.1558968, 27.9384388], [85.1557741, 27.9385509]]}, "properties": {"source": "osm", "dmg": 1.0, "dmg_class": 3, "dmg_label": "Destroyed", "confidence": null, "bid": "way/1552644690"}}, {"type": "Feature", "geometry": {"type": "LineString", "coordinates": [[85.3588383, 28.2377034], [85.3588866, 28.2376041], [85.3589214, 28.2376289], [85.3589161, 28.2377081], [85.3588986, 28.2377329], [85.3588383, 28.2377034]]}, "properties": {"source": "osm", "dmg": 1.0, "dmg_class": 3, "dmg_label": "Destroyed", "confidence": null, "bid": "way/1552920306"}}, {"type": "Feature", "geometry": {"type": "LineString", "coordinates": [[85.3429046, 28.1645609], [85.3429444, 28.164616], [85.3430482, 28.1645576], [85.3430084, 28.1645025], [85.3429046, 28.1645609]]}, "properties": {"source": "osm", "dmg": 1.0, "dmg_class": 3, "dmg_label": "Destroyed", "confidence": null, "bid": "way/344279061"}}, {"type": "Feature", "geometry": {"type": "LineString", "coordinates": [[85.340433, 28.1647396], [85.3407415, 28.1647916], [85.3407533, 28.1647369], [85.3404449, 28.1646849], [85.340433, 28.1647396]]}, "properties": {"source": "osm", "dmg": 1.0, "dmg_class": 3, "dmg_label": "Destroyed", "confidence": null, "bid": "way/854385616"}}, {"type": "Feature", "geometry": {"type": "LineString", "coordinates": [[85.3372602, 28.162892], [85.3372952, 28.1628841], [85.3372802, 28.162833], [85.3372453, 28.162841], [85.3372602, 28.162892]]}, "properties": {"source": "osm", "dmg": 1.0, "dmg_class": 3, "dmg_label": "Destroyed", "confidence": null, "bid": "way/1552886489"}}, {"type": "Feature", "geometry": {"type": "LineString", "coordinates": [[85.3761616, 28.2651596], [85.3762137, 28.265146], [85.376201, 28.2651083], [85.3761489, 28.2651219], [85.3761616, 28.2651596]]}, "properties": {"source": "osm", "dmg": 1.0, "dmg_class": 3, "dmg_label": "Destroyed \u00b7 floods", "confidence": null, "bid": "way/341558543"}}, {"type": "Feature", "geometry": {"type": "LineString", "coordinates": [[85.3666187, 28.2536276], [85.3666804, 28.2536282], [85.3666808, 28.2535945], [85.3666191, 28.2535939], [85.3666187, 28.2536276]]}, "properties": {"source": "osm", "dmg": 1.0, "dmg_class": 3, "dmg_label": "Destroyed", "confidence": null, "bid": "way/853711531"}}, {"type": "Feature", "geometry": {"type": "LineString", "coordinates": [[85.3773542, 28.2771154], [85.377477, 28.2771302], [85.3775148, 28.2768873], [85.377392, 28.2768725], [85.3773542, 28.2771154]]}, "properties": {"source": "osm", "dmg": 1.0, "dmg_class": 3, "dmg_label": "Destroyed \u00b7 landslide", "confidence": null, "bid": "way/1552895311"}}, {"type": "Feature", "geometry": {"type": "LineString", "coordinates": [[85.1108682, 27.8618189], [85.1109893, 27.8617578], [85.1109284, 27.8616635], [85.1108073, 27.8617247], [85.1108682, 27.8618189]]}, "properties": {"source": "osm", "dmg": 1.0, "dmg_class": 3, "dmg_label": "Destroyed", "confidence": null, "bid": "way/342003405"}}, {"type": "Feature", "geometry": {"type": "LineString", "coordinates": [[85.1790524, 27.9673396], [85.1791111, 27.9673749], [85.1791839, 27.9672805], [85.1791252, 27.9672451], [85.1790524, 27.9673396]]}, "properties": {"source": "osm", "dmg": 1.0, "dmg_class": 3, "dmg_label": "Destroyed", "confidence": null, "bid": "way/886361377"}}, {"type": "Feature", "geometry": {"type": "LineString", "coordinates": [[85.1587883, 27.9418953], [85.1588261, 27.941883], [85.1588039, 27.9418298], [85.1587661, 27.9418421], [85.1587883, 27.9418953]]}, "properties": {"source": "osm", "dmg": 1.0, "dmg_class": 3, "dmg_label": "Destroyed", "confidence": null, "bid": "way/891809355"}}, {"type": "Feature", "geometry": {"type": "LineString", "coordinates": [[85.1508236, 27.9240176], [85.1508126, 27.923933], [85.1507559, 27.9239388], [85.1507669, 27.9240234], [85.1508236, 27.9240176]]}, "properties": {"source": "osm", "dmg": 1.0, "dmg_class": 3, "dmg_label": "Destroyed", "confidence": null, "bid": "way/891929322"}}, {"type": "Feature", "geometry": {"type": "LineString", "coordinates": [[85.1473944, 27.9305665], [85.1474369, 27.9305493], [85.1474109, 27.9304992], [85.1473684, 27.9305165], [85.1473944, 27.9305665]]}, "properties": {"source": "osm", "dmg": 1.0, "dmg_class": 3, "dmg_label": "Destroyed", "confidence": null, "bid": "way/1553155497"}}, {"type": "Feature", "geometry": {"type": "LineString", "coordinates": [[85.376764, 28.2812295], [85.3768542, 28.2812576], [85.3768776, 28.2811991], [85.3767875, 28.281171], [85.376764, 28.2812295]]}, "properties": {"source": "osm", "dmg": 1.0, "dmg_class": 3, "dmg_label": "Destroyed", "confidence": null, "bid": "way/340629645"}}, {"type": "Feature", "geometry": {"type": "LineString", "coordinates": [[85.3809115, 28.2812187], [85.3809712, 28.2811919], [85.380931, 28.2811223], [85.3808713, 28.281149], [85.3809115, 28.2812187]]}, "properties": {"source": "osm", "dmg": 1.0, "dmg_class": 3, "dmg_label": "Destroyed", "confidence": null, "bid": "way/846902677"}}, {"type": "Feature", "geometry": {"type": "LineString", "coordinates": [[85.3785377, 28.2803293], [85.3787096, 28.2804045], [85.3786814, 28.2804546], [85.3788556, 28.2805307], [85.3788873, 28.2804744], [85.3789276, 28.2804031], [85.3785814, 28.2802518], [85.3785377, 28.2803293]]}, "properties": {"source": "osm", "dmg": 1.0, "dmg_class": 3, "dmg_label": "Destroyed", "confidence": null, "bid": "way/846902609"}}, {"type": "Feature", "geometry": {"type": "LineString", "coordinates": [[85.3786652, 28.2800825], [85.3787143, 28.2801194], [85.378776, 28.2800556], [85.3787269, 28.2800187], [85.3786652, 28.2800825]]}, "properties": {"source": "osm", "dmg": 1.0, "dmg_class": 3, "dmg_label": "Destroyed", "confidence": null, "bid": "way/849463477"}}, {"type": "Feature", "geometry": {"type": "LineString", "coordinates": [[85.3766554, 28.2732884], [85.3769112, 28.2732688], [85.3768992, 28.2731477], [85.3766434, 28.2731673], [85.3766554, 28.2732884]]}, "properties": {"source": "osm", "dmg": 1.0, "dmg_class": 3, "dmg_label": "Destroyed \u00b7 floods", "confidence": null, "bid": "way/846902641"}}, {"type": "Feature", "geometry": {"type": "LineString", "coordinates": [[85.3769005, 28.2730534], [85.3769813, 28.2730457], [85.3769677, 28.2729338], [85.3768868, 28.2729415], [85.3769005, 28.2730534]]}, "properties": {"source": "osm", "dmg": 1.0, "dmg_class": 3, "dmg_label": "Destroyed \u00b7 floods", "confidence": null, "bid": "way/846902643"}}, {"type": "Feature", "geometry": {"type": "LineString", "coordinates": [[85.3766464, 28.271462], [85.3767036, 28.2714622], [85.3767041, 28.2713381], [85.3766468, 28.271338], [85.3766464, 28.271462]]}, "properties": {"source": "osm", "dmg": 1.0, "dmg_class": 3, "dmg_label": "Destroyed \u00b7 floods", "confidence": null, "bid": "way/846902648"}}, {"type": "Feature", "geometry": {"type": "LineString", "coordinates": [[85.3372275, 28.1642728], [85.3373127, 28.1641995], [85.3372695, 28.1641604], [85.3371842, 28.1642336], [85.3372275, 28.1642728]]}, "properties": {"source": "osm", "dmg": 1.0, "dmg_class": 3, "dmg_label": "Destroyed", "confidence": null, "bid": "way/1553015579"}}, {"type": "Feature", "geometry": {"type": "LineString", "coordinates": [[85.3764096, 28.2694197], [85.3765208, 28.2693698], [85.3765407, 28.2694042], [85.3764295, 28.269454], [85.3764096, 28.2694197]]}, "properties": {"source": "osm", "dmg": 1.0, "dmg_class": 3, "dmg_label": "Destroyed \u00b7 floods", "confidence": null, "bid": "way/1552917659"}}, {"type": "Feature", "geometry": {"type": "LineString", "coordinates": [[85.3502582, 28.1946143], [85.3502899, 28.1946795], [85.3503324, 28.1946634], [85.3503007, 28.1945982], [85.3502582, 28.1946143]]}, "properties": {"source": "osm", "dmg": 1.0, "dmg_class": 3, "dmg_label": "Destroyed", "confidence": null, "bid": "way/342039381"}}, {"type": "Feature", "geometry": {"type": "LineString", "coordinates": [[85.3424691, 28.1646979], [85.342526, 28.1646502], [85.3424653, 28.164594], [85.3424084, 28.1646417], [85.3424691, 28.1646979]]}, "properties": {"source": "osm", "dmg": 1.0, "dmg_class": 3, "dmg_label": "Destroyed", "confidence": null, "bid": "way/344279079"}}, {"type": "Feature", "geometry": {"type": "LineString", "coordinates": [[85.3434136, 28.1641984], [85.3434622, 28.1642469], [85.3435265, 28.1641968], [85.3434779, 28.1641483], [85.3434136, 28.1641984]]}, "properties": {"source": "osm", "dmg": 1.0, "dmg_class": 3, "dmg_label": "Destroyed", "confidence": null, "bid": "way/344279104"}}, {"type": "Feature", "geometry": {"type": "LineString", "coordinates": [[85.3361596, 28.1609466], [85.3362227, 28.1609194], [85.3361699, 28.1608242], [85.3361068, 28.1608514], [85.3361596, 28.1609466]]}, "properties": {"source": "osm", "dmg": 1.0, "dmg_class": 3, "dmg_label": "Destroyed", "confidence": null, "bid": "way/769001612"}}, {"type": "Feature", "geometry": {"type": "LineString", "coordinates": [[85.3585764, 28.2411888], [85.3586355, 28.2411901], [85.3586404, 28.2410243], [85.3585813, 28.2410229], [85.3585764, 28.2411888]]}, "properties": {"source": "osm", "dmg": 1.0, "dmg_class": 3, "dmg_label": "Destroyed", "confidence": null, "bid": "way/846885637"}}, {"type": "Feature", "geometry": {"type": "LineString", "coordinates": [[85.3587797, 28.2421427], [85.3586904, 28.2421477], [85.3587085, 28.2424034], [85.3587979, 28.2423985], [85.3587797, 28.2421427]]}, "properties": {"source": "osm", "dmg": 1.0, "dmg_class": 3, "dmg_label": "Destroyed", "confidence": null, "bid": "way/846885644"}}, {"type": "Feature", "geometry": {"type": "LineString", "coordinates": [[85.3436348, 28.1638842], [85.3436578, 28.1639074], [85.3437692, 28.1638217], [85.3437462, 28.1637984], [85.3436348, 28.1638842]]}, "properties": {"source": "osm", "dmg": 1.0, "dmg_class": 3, "dmg_label": "Destroyed", "confidence": null, "bid": "way/850782568"}}, {"type": "Feature", "geometry": {"type": "LineString", "coordinates": [[85.3590167, 28.2370311], [85.3590395, 28.2370396], [85.3590583, 28.2370006], [85.3590354, 28.2369921], [85.3590167, 28.2370311]]}, "properties": {"source": "osm", "dmg": 1.0, "dmg_class": 3, "dmg_label": "Destroyed", "confidence": null, "bid": "way/853711570"}}, {"type": "Feature", "geometry": {"type": "LineString", "coordinates": [[85.3375014, 28.1635071], [85.3375456, 28.1635366], [85.3374971, 28.163593], [85.3375509, 28.163629], [85.3376697, 28.1634909], [85.3375717, 28.1634254], [85.3375014, 28.1635071]]}, "properties": {"source": "osm", "dmg": 1.0, "dmg_class": 3, "dmg_label": "Destroyed", "confidence": null, "bid": "way/854113210"}}, {"type": "Feature", "geometry": {"type": "LineString", "coordinates": [[85.3362745, 28.1613776], [85.3363113, 28.1615008], [85.336388, 28.161483], [85.3363512, 28.1613598], [85.3362745, 28.1613776]]}, "properties": {"source": "osm", "dmg": 1.0, "dmg_class": 3, "dmg_label": "Destroyed", "confidence": null, "bid": "way/854115528"}}, {"type": "Feature", "geometry": {"type": "LineString", "coordinates": [[85.3360867, 28.160934], [85.3361285, 28.1610115], [85.3361626, 28.1609972], [85.3361208, 28.1609197], [85.3360867, 28.160934]]}, "properties": {"source": "osm", "dmg": 1.0, "dmg_class": 3, "dmg_label": "Destroyed", "confidence": null, "bid": "way/854115529"}}, {"type": "Feature", "geometry": {"type": "LineString", "coordinates": [[85.3378443, 28.1628103], [85.3378678, 28.1628286], [85.3378939, 28.1628026], [85.3378704, 28.1627843], [85.3378443, 28.1628103]]}, "properties": {"source": "osm", "dmg": 1.0, "dmg_class": 3, "dmg_label": "Destroyed", "confidence": null, "bid": "way/854115536"}}, {"type": "Feature", "geometry": {"type": "LineString", "coordinates": [[85.3574531, 28.2390385], [85.3575263, 28.2390617], [85.3575527, 28.2389829], [85.3574633, 28.2389507], [85.3574531, 28.2390385]]}, "properties": {"source": "osm", "dmg": 1.0, "dmg_class": 3, "dmg_label": "Destroyed", "confidence": null, "bid": "way/1552758573"}}, {"type": "Feature", "geometry": {"type": "LineString", "coordinates": [[85.3574735, 28.2389256], [85.3575568, 28.2389597], [85.3575853, 28.2389041], [85.3574918, 28.2388701], [85.3574735, 28.2389256]]}, "properties": {"source": "osm", "dmg": 1.0, "dmg_class": 3, "dmg_label": "Destroyed", "confidence": null, "bid": "way/1552758679"}}, {"type": "Feature", "geometry": {"type": "LineString", "coordinates": [[85.3361916, 28.1606095], [85.3361206, 28.1606362], [85.3361507, 28.1606983], [85.3362217, 28.1606715], [85.3361916, 28.1606095]]}, "properties": {"source": "osm", "dmg": 1.0, "dmg_class": 3, "dmg_label": "Destroyed", "confidence": null, "bid": "way/1552968626"}}, {"type": "Feature", "geometry": {"type": "LineString", "coordinates": [[85.3424808, 28.1642944], [85.342404, 28.164231], [85.3423662, 28.1642666], [85.342443, 28.16433], [85.3424808, 28.1642944]]}, "properties": {"source": "osm", "dmg": 1.0, "dmg_class": 3, "dmg_label": "Destroyed", "confidence": null, "bid": "way/1552968649"}}, {"type": "Feature", "geometry": {"type": "LineString", "coordinates": [[85.3417984, 28.1814938], [85.3418997, 28.1815807], [85.3419507, 28.1815412], [85.3418514, 28.1814518], [85.3417984, 28.1814938]]}, "properties": {"source": "osm", "dmg": 1.0, "dmg_class": 3, "dmg_label": "Destroyed", "confidence": null, "bid": "way/1552979148"}}, {"type": "Feature", "geometry": {"type": "LineString", "coordinates": [[85.3504789, 28.1950304], [85.3505179, 28.195019], [85.3505045, 28.1949835], [85.3504655, 28.194995], [85.3504789, 28.1950304]]}, "properties": {"source": "osm", "dmg": 1.0, "dmg_class": 3, "dmg_label": "Destroyed", "confidence": null, "bid": "way/1553022004"}}, {"type": "Feature", "geometry": {"type": "LineString", "coordinates": [[85.3437415, 28.1641815], [85.34378, 28.1642133], [85.3438189, 28.1641766], [85.3437804, 28.1641448], [85.3437415, 28.1641815]]}, "properties": {"source": "osm", "dmg": 1.0, "dmg_class": 3, "dmg_label": "Destroyed", "confidence": null, "bid": "way/1553066600"}}, {"type": "Feature", "geometry": {"type": "LineString", "coordinates": [[85.3352442, 28.160249], [85.3352657, 28.1603034], [85.3353091, 28.1602901], [85.3352876, 28.1602357], [85.3352442, 28.160249]]}, "properties": {"source": "osm", "dmg": 1.0, "dmg_class": 3, "dmg_label": "Destroyed", "confidence": null, "bid": "way/1553070060"}}, {"type": "Feature", "geometry": {"type": "LineString", "coordinates": [[85.366481, 28.2538859], [85.366462, 28.2537701], [85.3665645, 28.2537571], [85.3665834, 28.253873], [85.366481, 28.2538859]]}, "properties": {"source": "osm", "dmg": 1.0, "dmg_class": 3, "dmg_label": "Destroyed", "confidence": null, "bid": "way/340615912"}}, {"type": "Feature", "geometry": {"type": "LineString", "coordinates": [[85.3663868, 28.253959], [85.3664805, 28.2539484], [85.3664742, 28.2539049], [85.3663804, 28.2539155], [85.3663868, 28.253959]]}, "properties": {"source": "osm", "dmg": 1.0, "dmg_class": 3, "dmg_label": "Destroyed", "confidence": null, "bid": "way/340624500"}}, {"type": "Feature", "geometry": {"type": "LineString", "coordinates": [[85.3664234, 28.254292], [85.3665062, 28.2542853], [85.3664988, 28.2542145], [85.366416, 28.2542212], [85.3664234, 28.254292]]}, "properties": {"source": "osm", "dmg": 1.0, "dmg_class": 3, "dmg_label": "Destroyed", "confidence": null, "bid": "way/340624512"}}, {"type": "Feature", "geometry": {"type": "LineString", "coordinates": [[85.3667175, 28.2538283], [85.3667751, 28.2538224], [85.3667681, 28.2537687], [85.3667105, 28.2537746], [85.3667175, 28.2538283]]}, "properties": {"source": "osm", "dmg": 1.0, "dmg_class": 3, "dmg_label": "Destroyed", "confidence": null, "bid": "way/340624533"}}, {"type": "Feature", "geometry": {"type": "LineString", "coordinates": [[85.3641705, 28.2552354], [85.3641719, 28.2554457], [85.3642528, 28.2554453], [85.3642515, 28.255235], [85.3641705, 28.2552354]]}, "properties": {"source": "osm", "dmg": 1.0, "dmg_class": 3, "dmg_label": "Destroyed", "confidence": null, "bid": "way/851368425"}}, {"type": "Feature", "geometry": {"type": "LineString", "coordinates": [[85.3665134, 28.2518852], [85.3665429, 28.2520057], [85.3666672, 28.2519821], [85.3666377, 28.2518616], [85.3665134, 28.2518852]]}, "properties": {"source": "osm", "dmg": 1.0, "dmg_class": 3, "dmg_label": "Destroyed", "confidence": null, "bid": "way/851368430"}}, {"type": "Feature", "geometry": {"type": "LineString", "coordinates": [[85.373522, 28.2633637], [85.3735428, 28.2634381], [85.3735919, 28.2634275], [85.3735711, 28.2633531], [85.373522, 28.2633637]]}, "properties": {"source": "osm", "dmg": 1.0, "dmg_class": 3, "dmg_label": "Destroyed \u00b7 floods", "confidence": null, "bid": "way/851966249"}}, {"type": "Feature", "geometry": {"type": "LineString", "coordinates": [[85.3749195, 28.2641019], [85.3749656, 28.264135], [85.3750005, 28.2640972], [85.3749543, 28.2640641], [85.3749195, 28.2641019]]}, "properties": {"source": "osm", "dmg": 1.0, "dmg_class": 3, "dmg_label": "Destroyed \u00b7 floods", "confidence": null, "bid": "way/853711495"}}, {"type": "Feature", "geometry": {"type": "LineString", "coordinates": [[85.3669358, 28.2554223], [85.3670881, 28.2554469], [85.3671269, 28.2552601], [85.3670413, 28.2552463], [85.3670303, 28.2552994], [85.3670647, 28.2553049], [85.3670459, 28.2553956], [85.3669448, 28.2553793], [85.3669358, 28.2554223]]}, "properties": {"source": "osm", "dmg": 1.0, "dmg_class": 3, "dmg_label": "Destroyed", "confidence": null, "bid": "way/886474960"}}, {"type": "Feature", "geometry": {"type": "LineString", "coordinates": [[85.3665045, 28.2567613], [85.3665712, 28.2567973], [85.3666063, 28.2567469], [85.3665396, 28.2567109], [85.3665045, 28.2567613]]}, "properties": {"source": "osm", "dmg": 1.0, "dmg_class": 3, "dmg_label": "Destroyed", "confidence": null, "bid": "way/1552757573"}}, {"type": "Feature", "geometry": {"type": "LineString", "coordinates": [[85.3666216, 28.2537333], [85.3666693, 28.2537243], [85.3666578, 28.2536768], [85.3666101, 28.2536858], [85.3666216, 28.2537333]]}, "properties": {"source": "osm", "dmg": 1.0, "dmg_class": 3, "dmg_label": "Destroyed", "confidence": null, "bid": "way/1552855516"}}, {"type": "Feature", "geometry": {"type": "LineString", "coordinates": [[85.3662238, 28.2565018], [85.3662763, 28.2564818], [85.3662388, 28.256405], [85.3661862, 28.256425], [85.3662238, 28.2565018]]}, "properties": {"source": "osm", "dmg": 1.0, "dmg_class": 3, "dmg_label": "Destroyed", "confidence": null, "bid": "way/1552916421"}}, {"type": "Feature", "geometry": {"type": "LineString", "coordinates": [[85.3775396, 28.2691145], [85.3775526, 28.2690936], [85.3776034, 28.2691182], [85.3775904, 28.2691391], [85.3775396, 28.2691145]]}, "properties": {"source": "osm", "dmg": 1.0, "dmg_class": 3, "dmg_label": "Destroyed \u00b7 floods", "confidence": null, "bid": "way/1552917657"}}, {"type": "Feature", "geometry": {"type": "LineString", "coordinates": [[85.3660933, 28.2536029], [85.3660368, 28.2536015], [85.3660355, 28.2536441], [85.3660687, 28.2536449], [85.3660674, 28.2536858], [85.3660911, 28.2536864], [85.3660909, 28.2536932], [85.3661424, 28.2536945], [85.3661455, 28.2535941], [85.3660937, 28.2535928], [85.3660933, 28.2536029]]}, "properties": {"source": "osm", "dmg": 1.0, "dmg_class": 3, "dmg_label": "Destroyed", "confidence": null, "bid": "way/1552942027"}}, {"type": "Feature", "geometry": {"type": "LineString", "coordinates": [[85.366677, 28.2536985], [85.3666811, 28.2537481], [85.366718, 28.2537458], [85.366714, 28.2536962], [85.366677, 28.2536985]]}, "properties": {"source": "osm", "dmg": 1.0, "dmg_class": 3, "dmg_label": "Destroyed", "confidence": null, "bid": "way/1553122357"}}, {"type": "Feature", "geometry": {"type": "LineString", "coordinates": [[85.1107063, 27.861568], [85.1107484, 27.8615367], [85.1107161, 27.8615028], [85.110674, 27.8615341], [85.1107063, 27.861568]]}, "properties": {"source": "osm", "dmg": 1.0, "dmg_class": 3, "dmg_label": "Destroyed", "confidence": null, "bid": "way/342010747"}}, {"type": "Feature", "geometry": {"type": "LineString", "coordinates": [[85.176908, 27.9688061], [85.1768959, 27.9687979], [85.1769097, 27.9687819], [85.1769219, 27.9687901], [85.176908, 27.9688061]]}, "properties": {"source": "osm", "dmg": 1.0, "dmg_class": 3, "dmg_label": "Destroyed", "confidence": null, "bid": "way/341461950"}}, {"type": "Feature", "geometry": {"type": "LineString", "coordinates": [[85.1844703, 27.970564], [85.1845178, 27.9705627], [85.1845158, 27.9705014], [85.1844683, 27.9705027], [85.1844703, 27.970564]]}, "properties": {"source": "osm", "dmg": 1.0, "dmg_class": 3, "dmg_label": "Destroyed", "confidence": null, "bid": "way/341462112"}}, {"type": "Feature", "geometry": {"type": "LineString", "coordinates": [[85.173554, 27.963409], [85.1735032, 27.9633543], [85.1735081, 27.9633508], [85.1735348, 27.9633315], [85.1735856, 27.9633861], [85.173554, 27.963409]]}, "properties": {"source": "osm", "dmg": 1.0, "dmg_class": 3, "dmg_label": "Destroyed", "confidence": null, "bid": "way/341587457"}}, {"type": "Feature", "geometry": {"type": "LineString", "coordinates": [[85.176837, 27.9693666], [85.1769054, 27.9693344], [85.1768629, 27.9692639], [85.1767945, 27.9692961], [85.176837, 27.9693666]]}, "properties": {"source": "osm", "dmg": 1.0, "dmg_class": 3, "dmg_label": "Destroyed", "confidence": null, "bid": "way/341622667"}}, {"type": "Feature", "geometry": {"type": "LineString", "coordinates": [[85.174388, 27.9667526], [85.1744354, 27.966713], [85.1743985, 27.9666786], [85.1743511, 27.9667182], [85.174388, 27.9667526]]}, "properties": {"source": "osm", "dmg": 1.0, "dmg_class": 3, "dmg_label": "Destroyed", "confidence": null, "bid": "way/341623118"}}, {"type": "Feature", "geometry": {"type": "LineString", "coordinates": [[85.1807165, 27.9691082], [85.1807773, 27.9689151], [85.1808394, 27.9689304], [85.1807785, 27.9691234], [85.1807165, 27.9691082]]}, "properties": {"source": "osm", "dmg": 1.0, "dmg_class": 3, "dmg_label": "Destroyed", "confidence": null, "bid": "way/346560099"}}, {"type": "Feature", "geometry": {"type": "LineString", "coordinates": [[85.1825069, 27.9761305], [85.1827645, 27.9762502], [85.1827868, 27.9762129], [85.1825868, 27.9761199], [85.1826627, 27.9759925], [85.1828777, 27.9760925], [85.182903, 27.97605], [85.1826305, 27.9759233], [85.1825069, 27.9761305]]}, "properties": {"source": "osm", "dmg": 1.0, "dmg_class": 3, "dmg_label": "Destroyed", "confidence": null, "bid": "way/846895891"}}, {"type": "Feature", "geometry": {"type": "LineString", "coordinates": [[85.1716007, 27.9624379], [85.171648, 27.9624841], [85.1717626, 27.9623925], [85.1717153, 27.9623464], [85.1716007, 27.9624379]]}, "properties": {"source": "osm", "dmg": 1.0, "dmg_class": 3, "dmg_label": "Destroyed", "confidence": null, "bid": "way/886361361"}}, {"type": "Feature", "geometry": {"type": "LineString", "coordinates": [[85.1717605, 27.9625325], [85.1718084, 27.9625707], [85.1718555, 27.9625246], [85.1718075, 27.9624864], [85.1717605, 27.9625325]]}, "properties": {"source": "osm", "dmg": 1.0, "dmg_class": 3, "dmg_label": "Destroyed", "confidence": null, "bid": "way/886361369"}}, {"type": "Feature", "geometry": {"type": "LineString", "coordinates": [[85.1787367, 27.9673922], [85.1787847, 27.9674448], [85.1788613, 27.9673903], [85.1788133, 27.9673377], [85.1787367, 27.9673922]]}, "properties": {"source": "osm", "dmg": 1.0, "dmg_class": 3, "dmg_label": "Destroyed", "confidence": null, "bid": "way/886361375"}}, {"type": "Feature", "geometry": {"type": "LineString", "coordinates": [[85.1788157, 27.9672875], [85.1788574, 27.9672374], [85.1791136, 27.9674035], [85.179072, 27.9674536], [85.1788157, 27.9672875]]}, "properties": {"source": "osm", "dmg": 1.0, "dmg_class": 3, "dmg_label": "Destroyed", "confidence": null, "bid": "way/886361376"}}, {"type": "Feature", "geometry": {"type": "LineString", "coordinates": [[85.1713506, 27.9645889], [85.1714548, 27.9646], [85.1714757, 27.9644481], [85.1713715, 27.964437], [85.1713506, 27.9645889]]}, "properties": {"source": "osm", "dmg": 1.0, "dmg_class": 3, "dmg_label": "Destroyed", "confidence": null, "bid": "way/886386998"}}, {"type": "Feature", "geometry": {"type": "LineString", "coordinates": [[85.1741061, 27.9658145], [85.1741457, 27.9657731], [85.1742974, 27.9658866], [85.1742577, 27.965928], [85.1741061, 27.9658145]]}, "properties": {"source": "osm", "dmg": 1.0, "dmg_class": 3, "dmg_label": "Destroyed", "confidence": null, "bid": "way/886387021"}}, {"type": "Feature", "geometry": {"type": "LineString", "coordinates": [[85.1837254, 27.9695383], [85.1838131, 27.9695357], [85.1838098, 27.9694512], [85.1837222, 27.9694538], [85.1837254, 27.9695383]]}, "properties": {"source": "osm", "dmg": 1.0, "dmg_class": 3, "dmg_label": "Destroyed", "confidence": null, "bid": "way/886388194"}}, {"type": "Feature", "geometry": {"type": "LineString", "coordinates": [[85.1798315, 27.9677575], [85.1798913, 27.9677687], [85.1799186, 27.9676555], [85.1798588, 27.9676442], [85.1798315, 27.9677575]]}, "properties": {"source": "osm", "dmg": 1.0, "dmg_class": 3, "dmg_label": "Destroyed", "confidence": null, "bid": "way/886391883"}}, {"type": "Feature", "geometry": {"type": "LineString", "coordinates": [[85.1809448, 27.9689975], [85.180948, 27.9689584], [85.1810136, 27.9689626], [85.1810104, 27.9690017], [85.1809448, 27.9689975]]}, "properties": {"source": "osm", "dmg": 1.0, "dmg_class": 3, "dmg_label": "Destroyed", "confidence": null, "bid": "way/886391895"}}, {"type": "Feature", "geometry": {"type": "LineString", "coordinates": [[85.1813415, 27.9769101], [85.1811497, 27.9769143], [85.1811477, 27.976842], [85.1813395, 27.9768378], [85.1813415, 27.9769101]]}, "properties": {"source": "osm", "dmg": 1.0, "dmg_class": 3, "dmg_label": "Destroyed", "confidence": null, "bid": "way/886462146"}}, {"type": "Feature", "geometry": {"type": "LineString", "coordinates": [[85.184451, 27.9707665], [85.1844532, 27.9707978], [85.1845013, 27.9707952], [85.1844991, 27.9707639], [85.184451, 27.9707665]]}, "properties": {"source": "osm", "dmg": 1.0, "dmg_class": 3, "dmg_label": "Destroyed", "confidence": null, "bid": "way/886466493"}}, {"type": "Feature", "geometry": {"type": "LineString", "coordinates": [[85.1635498, 27.9483611], [85.1635591, 27.9483128], [85.1636217, 27.9483221], [85.1636124, 27.9483704], [85.1635498, 27.9483611]]}, "properties": {"source": "osm", "dmg": 1.0, "dmg_class": 3, "dmg_label": "Destroyed", "confidence": null, "bid": "way/1553150050"}}, {"type": "Feature", "geometry": {"type": "LineString", "coordinates": [[85.1637835, 27.9530286], [85.1638967, 27.9530214], [85.1638903, 27.9529424], [85.1637771, 27.9529497], [85.1637835, 27.9530286]]}, "properties": {"source": "osm", "dmg": 1.0, "dmg_class": 3, "dmg_label": "Destroyed", "confidence": null, "bid": "way/1553174371"}}, {"type": "Feature", "geometry": {"type": "LineString", "coordinates": [[85.1503441, 27.9254935], [85.1503643, 27.9253538], [85.1503345, 27.9253504], [85.1503481, 27.9252562], [85.1504772, 27.9252708], [85.1504635, 27.9253663], [85.1504835, 27.9253685], [85.1504636, 27.925507], [85.1503441, 27.9254935]]}, "properties": {"source": "osm", "dmg": 1.0, "dmg_class": 3, "dmg_label": "Destroyed", "confidence": null, "bid": "way/260128015"}}, {"type": "Feature", "geometry": {"type": "LineString", "coordinates": [[85.1589319, 27.9438082], [85.1589624, 27.9438893], [85.1590228, 27.9438715], [85.1589923, 27.9437905], [85.1589319, 27.9438082]]}, "properties": {"source": "osm", "dmg": 1.0, "dmg_class": 3, "dmg_label": "Destroyed", "confidence": null, "bid": "way/890976917"}}, {"type": "Feature", "geometry": {"type": "LineString", "coordinates": [[85.1587569, 27.9424386], [85.1587753, 27.9424639], [85.1588128, 27.9424425], [85.1587944, 27.9424172], [85.1587569, 27.9424386]]}, "properties": {"source": "osm", "dmg": 1.0, "dmg_class": 3, "dmg_label": "Destroyed", "confidence": null, "bid": "way/891929254"}}, {"type": "Feature", "geometry": {"type": "LineString", "coordinates": [[85.1513493, 27.9348476], [85.1512876, 27.9349104], [85.1513441, 27.9349538], [85.1514058, 27.934891], [85.1513493, 27.9348476]]}, "properties": {"source": "osm", "dmg": 1.0, "dmg_class": 3, "dmg_label": "Destroyed", "confidence": null, "bid": "way/1553117344"}}, {"type": "Feature", "geometry": {"type": "LineString", "coordinates": [[85.1608441, 27.9462194], [85.1608141, 27.9461807], [85.1608505, 27.9461587], [85.1608805, 27.9461974], [85.1608441, 27.9462194]]}, "properties": {"source": "osm", "dmg": 1.0, "dmg_class": 3, "dmg_label": "Destroyed", "confidence": null, "bid": "way/1553150020"}}, {"type": "Feature", "geometry": {"type": "LineString", "coordinates": [[85.1611894, 27.94627], [85.1612116, 27.9462614], [85.161198, 27.9462337], [85.1611757, 27.9462423], [85.1611894, 27.94627]]}, "properties": {"source": "osm", "dmg": 1.0, "dmg_class": 3, "dmg_label": "Destroyed", "confidence": null, "bid": "way/1553150029"}}, {"type": "Feature", "geometry": {"type": "LineString", "coordinates": [[85.1614428, 27.9465868], [85.1614801, 27.9465726], [85.1614667, 27.9465451], [85.1614294, 27.9465593], [85.1614428, 27.9465868]]}, "properties": {"source": "osm", "dmg": 1.0, "dmg_class": 3, "dmg_label": "Destroyed", "confidence": null, "bid": "way/1553150036"}}, {"type": "Feature", "geometry": {"type": "LineString", "coordinates": [[85.161311, 27.9473795], [85.1613552, 27.9473532], [85.1613056, 27.9472883], [85.1612614, 27.9473146], [85.161311, 27.9473795]]}, "properties": {"source": "osm", "dmg": 1.0, "dmg_class": 3, "dmg_label": "Destroyed", "confidence": null, "bid": "way/1553150990"}}, {"type": "Feature", "geometry": {"type": "LineString", "coordinates": [[85.148884, 27.9266973], [85.1489568, 27.9266844], [85.1489615, 27.9267051], [85.1490581, 27.9266879], [85.149038, 27.9265999], [85.1489436, 27.9266167], [85.1489382, 27.926593], [85.1490189, 27.9265787], [85.1490085, 27.926533], [85.1489315, 27.9265467], [85.1489368, 27.9265699], [85.1488581, 27.9265839], [85.148884, 27.9266973]]}, "properties": {"source": "osm", "dmg": 1.0, "dmg_class": 3, "dmg_label": "Destroyed", "confidence": null, "bid": "way/1553155491"}}, {"type": "Feature", "geometry": {"type": "LineString", "coordinates": [[85.3358671, 28.1608765], [85.3358872, 28.1609308], [85.3359271, 28.1609194], [85.335907, 28.160865], [85.3358671, 28.1608765]]}, "properties": {"source": "osm", "dmg": 1.0, "dmg_class": 3, "dmg_label": "Destroyed", "confidence": null, "bid": "way/854115530"}}, {"type": "Feature", "geometry": {"type": "LineString", "coordinates": [[85.3646667, 28.2537605], [85.3646741, 28.2538497], [85.3647651, 28.2538439], [85.3647577, 28.2537547], [85.3646667, 28.2537605]]}, "properties": {"source": "osm", "dmg": 1.0, "dmg_class": 3, "dmg_label": "Destroyed", "confidence": null, "bid": "way/851368428"}}, {"type": "Feature", "geometry": {"type": "LineString", "coordinates": [[85.3664786, 28.2545186], [85.366537, 28.2545107], [85.3665203, 28.2544145], [85.3664619, 28.2544223], [85.3664786, 28.2545186]]}, "properties": {"source": "osm", "dmg": 1.0, "dmg_class": 3, "dmg_label": "Destroyed", "confidence": null, "bid": "way/853711519"}}, {"type": "Feature", "geometry": {"type": "LineString", "coordinates": [[85.1077485, 27.8610606], [85.1078362, 27.8610029], [85.1077834, 27.8609401], [85.1076956, 27.8609978], [85.1077485, 27.8610606]]}, "properties": {"source": "osm", "dmg": 1.0, "dmg_class": 3, "dmg_label": "Destroyed", "confidence": null, "bid": "way/341778025"}}, {"type": "Feature", "geometry": {"type": "LineString", "coordinates": [[85.1775756, 27.9692427], [85.1776183, 27.9692419], [85.1776172, 27.969197], [85.1775745, 27.9691978], [85.1775756, 27.9692427]]}, "properties": {"source": "osm", "dmg": 1.0, "dmg_class": 3, "dmg_label": "Destroyed", "confidence": null, "bid": "way/886387037"}}, {"type": "Feature", "geometry": {"type": "LineString", "coordinates": [[85.1837059, 27.9697804], [85.1838256, 27.9697843], [85.1838276, 27.9697362], [85.1837079, 27.9697323], [85.1837059, 27.9697804]]}, "properties": {"source": "osm", "dmg": 1.0, "dmg_class": 3, "dmg_label": "Destroyed", "confidence": null, "bid": "way/886388186"}}, {"type": "Feature", "geometry": {"type": "LineString", "coordinates": [[85.1845249, 27.9740759], [85.1844162, 27.9740273], [85.1843805, 27.9740897], [85.1844891, 27.9741383], [85.1845249, 27.9740759]]}, "properties": {"source": "osm", "dmg": 1.0, "dmg_class": 3, "dmg_label": "Destroyed", "confidence": null, "bid": "way/1553122711"}}, {"type": "Feature", "geometry": {"type": "LineString", "coordinates": [[85.1637835, 27.9484128], [85.1637354, 27.9484106], [85.1637397, 27.9483365], [85.1637878, 27.9483386], [85.1637835, 27.9484128]]}, "properties": {"source": "osm", "dmg": 1.0, "dmg_class": 3, "dmg_label": "Destroyed", "confidence": null, "bid": "way/1553150048"}}, {"type": "Feature", "geometry": {"type": "LineString", "coordinates": [[85.1575482, 27.9400559], [85.1576237, 27.9399927], [85.1575548, 27.9399285], [85.1574794, 27.9399916], [85.1575482, 27.9400559]]}, "properties": {"source": "osm", "dmg": 1.0, "dmg_class": 3, "dmg_label": "Destroyed", "confidence": null, "bid": "way/890976914"}}, {"type": "Feature", "geometry": {"type": "LineString", "coordinates": [[85.1474783, 27.929428], [85.147548, 27.9294351], [85.1475587, 27.9293526], [85.1475001, 27.9293457], [85.1474891, 27.9293451], [85.1474783, 27.929428]]}, "properties": {"source": "osm", "dmg": 1.0, "dmg_class": 3, "dmg_label": "Destroyed", "confidence": null, "bid": "way/1553155462"}}, {"type": "Feature", "geometry": {"type": "LineString", "coordinates": [[85.1494255, 27.9325612], [85.1494653, 27.9325902], [85.1494891, 27.9325647], [85.1494493, 27.9325357], [85.1494255, 27.9325612]]}, "properties": {"source": "osm", "dmg": 1.0, "dmg_class": 3, "dmg_label": "Destroyed", "confidence": null, "bid": "way/1553165895"}}, {"type": "Feature", "geometry": {"type": "LineString", "coordinates": [[85.1547222, 27.9378215], [85.1548026, 27.9378476], [85.1548173, 27.937812], [85.1547369, 27.937786], [85.1547222, 27.9378215]]}, "properties": {"source": "osm", "dmg": 1.0, "dmg_class": 3, "dmg_label": "Destroyed", "confidence": null, "bid": "way/1553174084"}}, {"type": "Feature", "geometry": {"type": "LineString", "coordinates": [[85.341259, 28.1809421], [85.3412663, 28.1809879], [85.3413102, 28.1809824], [85.3413028, 28.1809366], [85.341259, 28.1809421]]}, "properties": {"source": "osm", "dmg": 1.0, "dmg_class": 3, "dmg_label": "Destroyed", "confidence": null, "bid": "way/851374918"}}, {"type": "Feature", "geometry": {"type": "LineString", "coordinates": [[85.3377293, 28.1636565], [85.3377762, 28.1636932], [85.3378445, 28.1636252], [85.3377976, 28.1635886], [85.3377293, 28.1636565]]}, "properties": {"source": "osm", "dmg": 1.0, "dmg_class": 3, "dmg_label": "Destroyed", "confidence": null, "bid": "way/854113208"}}, {"type": "Feature", "geometry": {"type": "LineString", "coordinates": [[85.3366792, 28.1620786], [85.3367542, 28.1620741], [85.336748, 28.1619951], [85.336673, 28.1619997], [85.3366792, 28.1620786]]}, "properties": {"source": "osm", "dmg": 1.0, "dmg_class": 3, "dmg_label": "Destroyed", "confidence": null, "bid": "way/854113222"}}, {"type": "Feature", "geometry": {"type": "LineString", "coordinates": [[85.3408603, 28.1650337], [85.3408409, 28.1650779], [85.3409604, 28.1651185], [85.3409797, 28.1650742], [85.3408603, 28.1650337]]}, "properties": {"source": "osm", "dmg": 1.0, "dmg_class": 3, "dmg_label": "Destroyed", "confidence": null, "bid": "way/934778619"}}, {"type": "Feature", "geometry": {"type": "LineString", "coordinates": [[85.3779707, 28.2780559], [85.3780406, 28.2780405], [85.3780606, 28.278111], [85.3779908, 28.2781263], [85.3779707, 28.2780559]]}, "properties": {"source": "osm", "dmg": 1.0, "dmg_class": 3, "dmg_label": "Destroyed \u00b7 landslide", "confidence": null, "bid": "way/806977548"}}, {"type": "Feature", "geometry": {"type": "LineString", "coordinates": [[85.3645607, 28.2523671], [85.3645795, 28.2524475], [85.3646694, 28.2524312], [85.3646507, 28.2523508], [85.3645607, 28.2523671]]}, "properties": {"source": "osm", "dmg": 1.0, "dmg_class": 3, "dmg_label": "Destroyed", "confidence": null, "bid": "way/851367100"}}, {"type": "Feature", "geometry": {"type": "LineString", "coordinates": [[85.3663372, 28.2514081], [85.3662941, 28.251447], [85.3663365, 28.2514834], [85.3662318, 28.251578], [85.3662946, 28.251632], [85.3664424, 28.2514985], [85.3663372, 28.2514081]]}, "properties": {"source": "osm", "dmg": 1.0, "dmg_class": 3, "dmg_label": "Destroyed", "confidence": null, "bid": "way/851368435"}}, {"type": "Feature", "geometry": {"type": "LineString", "coordinates": [[85.3765724, 28.2654952], [85.3766381, 28.2654686], [85.3766157, 28.2654255], [85.3765499, 28.2654521], [85.3765724, 28.2654952]]}, "properties": {"source": "osm", "dmg": 1.0, "dmg_class": 3, "dmg_label": "Destroyed \u00b7 floods", "confidence": null, "bid": "way/1552914671"}}, {"type": "Feature", "geometry": {"type": "LineString", "coordinates": [[85.3661111, 28.2572779], [85.3661493, 28.2572546], [85.3661131, 28.2572085], [85.3660749, 28.2572318], [85.3661111, 28.2572779]]}, "properties": {"source": "osm", "dmg": 1.0, "dmg_class": 3, "dmg_label": "Destroyed", "confidence": null, "bid": "way/1552916429"}}, {"type": "Feature", "geometry": {"type": "LineString", "coordinates": [[85.1705914, 27.9648071], [85.1705574, 27.9647276], [85.1706435, 27.9646989], [85.1706776, 27.9647784], [85.1705914, 27.9648071]]}, "properties": {"source": "osm", "dmg": 1.0, "dmg_class": 3, "dmg_label": "Destroyed", "confidence": null, "bid": "way/341049734"}}, {"type": "Feature", "geometry": {"type": "LineString", "coordinates": [[85.1710551, 27.9648544], [85.1710989, 27.9647984], [85.1711783, 27.9648445], [85.1711389, 27.9648935], [85.1710551, 27.9648544]]}, "properties": {"source": "osm", "dmg": 1.0, "dmg_class": 3, "dmg_label": "Destroyed", "confidence": null, "bid": "way/341049857"}}, {"type": "Feature", "geometry": {"type": "LineString", "coordinates": [[85.1748689, 27.9667746], [85.174901, 27.9667927], [85.1749281, 27.9667553], [85.174896, 27.9667372], [85.1748689, 27.9667746]]}, "properties": {"source": "osm", "dmg": 1.0, "dmg_class": 3, "dmg_label": "Destroyed", "confidence": null, "bid": "way/341623142"}}, {"type": "Feature", "geometry": {"type": "LineString", "coordinates": [[85.174681, 27.9669949], [85.1746619, 27.9669537], [85.1747355, 27.966927], [85.1747546, 27.9669682], [85.174681, 27.9669949]]}, "properties": {"source": "osm", "dmg": 1.0, "dmg_class": 3, "dmg_label": "Destroyed", "confidence": null, "bid": "way/341623176"}}, {"type": "Feature", "geometry": {"type": "LineString", "coordinates": [[85.162082, 27.9480907], [85.162178, 27.9480674], [85.1621987, 27.9481343], [85.1621027, 27.9481575], [85.162082, 27.9480907]]}, "properties": {"source": "osm", "dmg": 1.0, "dmg_class": 3, "dmg_label": "Destroyed", "confidence": null, "bid": "way/341697707"}}, {"type": "Feature", "geometry": {"type": "LineString", "coordinates": [[85.1717375, 27.9621584], [85.1717873, 27.9621118], [85.171821, 27.9621399], [85.1717711, 27.9621865], [85.1717375, 27.9621584]]}, "properties": {"source": "osm", "dmg": 1.0, "dmg_class": 3, "dmg_label": "Destroyed", "confidence": null, "bid": "way/886277373"}}, {"type": "Feature", "geometry": {"type": "LineString", "coordinates": [[85.1774641, 27.9691266], [85.1774963, 27.9690894], [85.1775853, 27.9691497], [85.1775531, 27.9691869], [85.1774641, 27.9691266]]}, "properties": {"source": "osm", "dmg": 1.0, "dmg_class": 3, "dmg_label": "Destroyed", "confidence": null, "bid": "way/886387036"}}, {"type": "Feature", "geometry": {"type": "LineString", "coordinates": [[85.1849379, 27.9716769], [85.1849541, 27.9717531], [85.1850554, 27.9717362], [85.1850392, 27.9716601], [85.1849686, 27.9716739], [85.1849379, 27.9716769]]}, "properties": {"source": "osm", "dmg": 1.0, "dmg_class": 3, "dmg_label": "Destroyed", "confidence": null, "bid": "way/886398146"}}, {"type": "Feature", "geometry": {"type": "LineString", "coordinates": [[85.1488561, 27.925838], [85.1489912, 27.9258107], [85.1490058, 27.9258671], [85.1488707, 27.9258944], [85.1488561, 27.925838]]}, "properties": {"source": "osm", "dmg": 1.0, "dmg_class": 3, "dmg_label": "Destroyed", "confidence": null, "bid": "way/341654713"}}, {"type": "Feature", "geometry": {"type": "LineString", "coordinates": [[85.1520451, 27.9352915], [85.1520639, 27.9352619], [85.1521001, 27.9352891], [85.1520773, 27.935314], [85.1520451, 27.9352915]]}, "properties": {"source": "osm", "dmg": 1.0, "dmg_class": 3, "dmg_label": "Destroyed", "confidence": null, "bid": "way/341919215"}}, {"type": "Feature", "geometry": {"type": "LineString", "coordinates": [[85.1528178, 27.9352232], [85.1528824, 27.9352649], [85.1529238, 27.9352149], [85.1528592, 27.9351732], [85.1528178, 27.9352232]]}, "properties": {"source": "osm", "dmg": 1.0, "dmg_class": 3, "dmg_label": "Destroyed", "confidence": null, "bid": "way/890977280"}}, {"type": "Feature", "geometry": {"type": "LineString", "coordinates": [[85.1586905, 27.9390289], [85.1587483, 27.9389976], [85.15873, 27.9389712], [85.1586722, 27.9390025], [85.1586905, 27.9390289]]}, "properties": {"source": "osm", "dmg": 1.0, "dmg_class": 3, "dmg_label": "Destroyed", "confidence": null, "bid": "way/1553119364"}}, {"type": "Feature", "geometry": {"type": "LineString", "coordinates": [[85.1501423, 27.9236337], [85.1502555, 27.9236201], [85.1502043, 27.923288], [85.1500911, 27.9233016], [85.1501423, 27.9236337]]}, "properties": {"source": "osm", "dmg": 1.0, "dmg_class": 3, "dmg_label": "Destroyed", "confidence": null, "bid": "way/1553138017"}}, {"type": "Feature", "geometry": {"type": "LineString", "coordinates": [[85.1606767, 27.945846], [85.1607188, 27.9458998], [85.1608074, 27.9458456], [85.1607653, 27.9457918], [85.1606767, 27.945846]]}, "properties": {"source": "osm", "dmg": 1.0, "dmg_class": 3, "dmg_label": "Destroyed", "confidence": null, "bid": "way/1553172620"}}, {"type": "Feature", "geometry": {"type": "LineString", "coordinates": [[85.1494463, 27.9247642], [85.149528, 27.9247447], [85.1495052, 27.92467], [85.1494235, 27.9246895], [85.1494463, 27.9247642]]}, "properties": {"source": "osm", "dmg": 1.0, "dmg_class": 3, "dmg_label": "Destroyed", "confidence": null, "bid": "way/1553176623"}}, {"type": "Feature", "geometry": {"type": "LineString", "coordinates": [[85.3359771, 28.1601376], [85.3360589, 28.1601849], [85.3360872, 28.1601468], [85.3360054, 28.1600995], [85.3359771, 28.1601376]]}, "properties": {"source": "osm", "dmg": 1.0, "dmg_class": 3, "dmg_label": "Destroyed", "confidence": null, "bid": "way/851001706"}}, {"type": "Feature", "geometry": {"type": "LineString", "coordinates": [[85.3433494, 28.1643698], [85.3433008, 28.1643178], [85.3432624, 28.1643457], [85.3433109, 28.1643977], [85.3433494, 28.1643698]]}, "properties": {"source": "osm", "dmg": 1.0, "dmg_class": 3, "dmg_label": "Destroyed", "confidence": null, "bid": "way/344279097"}}, {"type": "Feature", "geometry": {"type": "LineString", "coordinates": [[85.3783078, 28.279991], [85.3783567, 28.2799485], [85.3783377, 28.2799315], [85.3782888, 28.279974], [85.3783078, 28.279991]]}, "properties": {"source": "osm", "dmg": 1.0, "dmg_class": 3, "dmg_label": "Destroyed", "confidence": null, "bid": "way/849463422"}}, {"type": "Feature", "geometry": {"type": "LineString", "coordinates": [[85.3787778, 28.2715835], [85.3788905, 28.2715409], [85.3788394, 28.271436], [85.3787268, 28.2714786], [85.3787778, 28.2715835]]}, "properties": {"source": "osm", "dmg": 1.0, "dmg_class": 3, "dmg_label": "Destroyed \u00b7 floods", "confidence": null, "bid": "way/846902626"}}, {"type": "Feature", "geometry": {"type": "LineString", "coordinates": [[85.3769266, 28.2722889], [85.3769206, 28.2723244], [85.3769707, 28.272331], [85.3769767, 28.2722955], [85.3769266, 28.2722889]]}, "properties": {"source": "osm", "dmg": 1.0, "dmg_class": 3, "dmg_label": "Destroyed \u00b7 floods", "confidence": null, "bid": "way/1552753260"}}, {"type": "Feature", "geometry": {"type": "LineString", "coordinates": [[85.3785002, 28.2703976], [85.3785927, 28.2703941], [85.3785859, 28.2702556], [85.3784933, 28.2702592], [85.3785002, 28.2703976]]}, "properties": {"source": "osm", "dmg": 1.0, "dmg_class": 3, "dmg_label": "Destroyed \u00b7 floods", "confidence": null, "bid": "way/846902630"}}, {"type": "Feature", "geometry": {"type": "LineString", "coordinates": [[85.3584071, 28.2411822], [85.3584581, 28.2411816], [85.3584568, 28.2410975], [85.3584059, 28.2410981], [85.3584071, 28.2411822]]}, "properties": {"source": "osm", "dmg": 1.0, "dmg_class": 3, "dmg_label": "Destroyed", "confidence": null, "bid": "way/846885634"}}, {"type": "Feature", "geometry": {"type": "LineString", "coordinates": [[85.3383429, 28.1638492], [85.3383912, 28.163886], [85.3385789, 28.1636944], [85.3385307, 28.1636577], [85.3383429, 28.1638492]]}, "properties": {"source": "osm", "dmg": 1.0, "dmg_class": 3, "dmg_label": "Destroyed", "confidence": null, "bid": "way/854113200"}}, {"type": "Feature", "geometry": {"type": "LineString", "coordinates": [[85.3428812, 28.1649077], [85.3429287, 28.1648765], [85.3429052, 28.1648487], [85.3428577, 28.1648799], [85.3428812, 28.1649077]]}, "properties": {"source": "osm", "dmg": 1.0, "dmg_class": 3, "dmg_label": "Destroyed", "confidence": null, "bid": "way/1552968646"}}, {"type": "Feature", "geometry": {"type": "LineString", "coordinates": [[85.3760191, 28.2648515], [85.37603, 28.2649126], [85.3761104, 28.2649014], [85.3760995, 28.2648404], [85.3760191, 28.2648515]]}, "properties": {"source": "osm", "dmg": 1.0, "dmg_class": 3, "dmg_label": "Destroyed \u00b7 floods", "confidence": null, "bid": "way/340605206"}}, {"type": "Feature", "geometry": {"type": "LineString", "coordinates": [[85.3768782, 28.2651408], [85.376885, 28.2651969], [85.3769534, 28.2651904], [85.3769466, 28.2651343], [85.3768782, 28.2651408]]}, "properties": {"source": "osm", "dmg": 1.0, "dmg_class": 3, "dmg_label": "Destroyed \u00b7 floods", "confidence": null, "bid": "way/851966239"}}, {"type": "Feature", "geometry": {"type": "LineString", "coordinates": [[85.366152, 28.253519], [85.3661615, 28.2535491], [85.3662004, 28.2535397], [85.3661909, 28.2535095], [85.366152, 28.253519]]}, "properties": {"source": "osm", "dmg": 1.0, "dmg_class": 3, "dmg_label": "Destroyed", "confidence": null, "bid": "way/853711534"}}, {"type": "Feature", "geometry": {"type": "LineString", "coordinates": [[85.3658804, 28.2523081], [85.3659071, 28.25231], [85.3659111, 28.2522663], [85.3658845, 28.2522644], [85.3658804, 28.2523081]]}, "properties": {"source": "osm", "dmg": 1.0, "dmg_class": 3, "dmg_label": "Destroyed", "confidence": null, "bid": "way/853711552"}}, {"type": "Feature", "geometry": {"type": "LineString", "coordinates": [[85.3659079, 28.2521302], [85.3659587, 28.2521431], [85.3660302, 28.2519238], [85.3659794, 28.2519109], [85.3659079, 28.2521302]]}, "properties": {"source": "osm", "dmg": 1.0, "dmg_class": 3, "dmg_label": "Destroyed", "confidence": null, "bid": "way/853711555"}}, {"type": "Feature", "geometry": {"type": "LineString", "coordinates": [[85.3763317, 28.2651337], [85.3763701, 28.2651051], [85.3763406, 28.2650744], [85.3763022, 28.265103], [85.3763317, 28.2651337]]}, "properties": {"source": "osm", "dmg": 1.0, "dmg_class": 3, "dmg_label": "Destroyed \u00b7 floods", "confidence": null, "bid": "way/1552914662"}}, {"type": "Feature", "geometry": {"type": "LineString", "coordinates": [[85.3761318, 28.265403], [85.3762085, 28.265361], [85.3761489, 28.2652765], [85.3760722, 28.2653186], [85.3761318, 28.265403]]}, "properties": {"source": "osm", "dmg": 1.0, "dmg_class": 3, "dmg_label": "Destroyed \u00b7 floods", "confidence": null, "bid": "way/1552914665"}}, {"type": "Feature", "geometry": {"type": "LineString", "coordinates": [[85.3735579, 28.2634525], [85.3736188, 28.2634579], [85.3736023, 28.263602], [85.3735675, 28.2636003], [85.3735413, 28.2635973], [85.3735579, 28.2634525]]}, "properties": {"source": "osm", "dmg": 1.0, "dmg_class": 3, "dmg_label": "Destroyed \u00b7 floods", "confidence": null, "bid": "way/1552916217"}}, {"type": "Feature", "geometry": {"type": "LineString", "coordinates": [[85.3658429, 28.2573948], [85.3659099, 28.2574858], [85.3661969, 28.2573204], [85.366159, 28.2572694], [85.3659195, 28.2574074], [85.3658904, 28.2573678], [85.3658853, 28.2573707], [85.3658824, 28.2573041], [85.3659114, 28.2572668], [85.365871, 28.2572424], [85.3658503, 28.2572692], [85.3658375, 28.2572696], [85.3658429, 28.2573948]]}, "properties": {"source": "osm", "dmg": 1.0, "dmg_class": 3, "dmg_label": "Destroyed", "confidence": null, "bid": "way/1552916428"}}, {"type": "Feature", "geometry": {"type": "LineString", "coordinates": [[85.366612, 28.2567534], [85.366675, 28.2567823], [85.3666975, 28.2567444], [85.3666344, 28.2567155], [85.366612, 28.2567534]]}, "properties": {"source": "osm", "dmg": 1.0, "dmg_class": 3, "dmg_label": "Destroyed", "confidence": null, "bid": "way/1553000683"}}, {"type": "Feature", "geometry": {"type": "LineString", "coordinates": [[85.1103808, 27.8604326], [85.1104273, 27.8604914], [85.1105151, 27.860437], [85.1104686, 27.8603783], [85.1103808, 27.8604326]]}, "properties": {"source": "osm", "dmg": 1.0, "dmg_class": 3, "dmg_label": "Destroyed", "confidence": null, "bid": "way/342010738"}}, {"type": "Feature", "geometry": {"type": "LineString", "coordinates": [[85.1097777, 27.8611326], [85.1098307, 27.8610891], [85.109761, 27.8610227], [85.109708, 27.8610662], [85.1097777, 27.8611326]]}, "properties": {"source": "osm", "dmg": 1.0, "dmg_class": 3, "dmg_label": "Destroyed", "confidence": null, "bid": "way/1552587163"}}, {"type": "Feature", "geometry": {"type": "LineString", "coordinates": [[85.1087491, 27.8601354], [85.1087907, 27.8601805], [85.1089616, 27.8600572], [85.10892, 27.8600122], [85.1087491, 27.8601354]]}, "properties": {"source": "osm", "dmg": 1.0, "dmg_class": 3, "dmg_label": "Destroyed", "confidence": null, "bid": "way/1553089624"}}, {"type": "Feature", "geometry": {"type": "LineString", "coordinates": [[85.1838068, 27.974976], [85.1838023, 27.9750137], [85.1838582, 27.9750188], [85.1838627, 27.9749812], [85.1838068, 27.974976]]}, "properties": {"source": "osm", "dmg": 1.0, "dmg_class": 3, "dmg_label": "Destroyed", "confidence": null, "bid": "way/341461681"}}, {"type": "Feature", "geometry": {"type": "LineString", "coordinates": [[85.1716957, 27.9619135], [85.1716563, 27.9618834], [85.1716891, 27.9618499], [85.1717285, 27.9618799], [85.1716957, 27.9619135]]}, "properties": {"source": "osm", "dmg": 1.0, "dmg_class": 3, "dmg_label": "Destroyed", "confidence": null, "bid": "way/341587280"}}, {"type": "Feature", "geometry": {"type": "LineString", "coordinates": [[85.1726378, 27.9627817], [85.172685, 27.9627443], [85.1726297, 27.9626897], [85.1725824, 27.9627271], [85.1726378, 27.9627817]]}, "properties": {"source": "osm", "dmg": 1.0, "dmg_class": 3, "dmg_label": "Destroyed", "confidence": null, "bid": "way/341587301"}}, {"type": "Feature", "geometry": {"type": "LineString", "coordinates": [[85.1717365, 27.961865], [85.1717072, 27.9618375], [85.1717534, 27.9617991], [85.1717827, 27.9618266], [85.1717365, 27.961865]]}, "properties": {"source": "osm", "dmg": 1.0, "dmg_class": 3, "dmg_label": "Destroyed", "confidence": null, "bid": "way/341587389"}}, {"type": "Feature", "geometry": {"type": "LineString", "coordinates": [[85.1727071, 27.9645485], [85.1727456, 27.9645485], [85.1727533, 27.9645227], [85.1727148, 27.9645172], [85.1727071, 27.9645485]]}, "properties": {"source": "osm", "dmg": 1.0, "dmg_class": 3, "dmg_label": "Destroyed", "confidence": null, "bid": "way/886387014"}}, {"type": "Feature", "geometry": {"type": "LineString", "coordinates": [[85.1842779, 27.9698606], [85.1843022, 27.9699096], [85.1844262, 27.9698615], [85.1844019, 27.9698125], [85.1842779, 27.9698606]]}, "properties": {"source": "osm", "dmg": 1.0, "dmg_class": 3, "dmg_label": "Destroyed", "confidence": null, "bid": "way/1552644572"}}, {"type": "Feature", "geometry": {"type": "LineString", "coordinates": [[85.1687193, 27.9590761], [85.1687606, 27.9591199], [85.1688089, 27.9590844], [85.1687676, 27.9590405], [85.1687193, 27.9590761]]}, "properties": {"source": "osm", "dmg": 1.0, "dmg_class": 3, "dmg_label": "Destroyed", "confidence": null, "bid": "way/1552893388"}}, {"type": "Feature", "geometry": {"type": "LineString", "coordinates": [[85.1799128, 27.9676396], [85.1799655, 27.9676174], [85.1799225, 27.9675381], [85.1798699, 27.9675603], [85.1799128, 27.9676396]]}, "properties": {"source": "osm", "dmg": 1.0, "dmg_class": 3, "dmg_label": "Destroyed", "confidence": null, "bid": "way/1553016721"}}, {"type": "Feature", "geometry": {"type": "LineString", "coordinates": [[85.1851032, 27.9718724], [85.1850278, 27.9717788], [85.1850894, 27.9717401], [85.1851649, 27.9718336], [85.1851032, 27.9718724]]}, "properties": {"source": "osm", "dmg": 1.0, "dmg_class": 3, "dmg_label": "Destroyed", "confidence": null, "bid": "way/1553017208"}}, {"type": "Feature", "geometry": {"type": "LineString", "coordinates": [[85.1808858, 27.9681335], [85.1809482, 27.9680939], [85.1809072, 27.9680437], [85.1808449, 27.9680834], [85.1808858, 27.9681335]]}, "properties": {"source": "osm", "dmg": 1.0, "dmg_class": 3, "dmg_label": "Destroyed", "confidence": null, "bid": "way/1553101815"}}, {"type": "Feature", "geometry": {"type": "LineString", "coordinates": [[85.1692484, 27.959865], [85.1692396, 27.9598728], [85.1692377, 27.9598837], [85.1692434, 27.9598935], [85.1692545, 27.9598985], [85.1692668, 27.9598967], [85.1692756, 27.9598889], [85.1692775, 27.959878], [85.1692718, 27.9598682], [85.1692607, 27.9598632], [85.1692484, 27.959865]]}, "properties": {"source": "osm", "dmg": 1.0, "dmg_class": 3, "dmg_label": "Destroyed", "confidence": null, "bid": "way/1553122477"}}, {"type": "Feature", "geometry": {"type": "LineString", "coordinates": [[85.1494168, 27.9247477], [85.1493698, 27.924634], [85.14917, 27.9246873], [85.1491982, 27.9247596], [85.1493256, 27.924743], [85.149343, 27.9247679], [85.1494168, 27.9247477]]}, "properties": {"source": "osm", "dmg": 1.0, "dmg_class": 3, "dmg_label": "Destroyed", "confidence": null, "bid": "way/341598243"}}, {"type": "Feature", "geometry": {"type": "LineString", "coordinates": [[85.1565838, 27.9392737], [85.156645, 27.9392164], [85.1567153, 27.9392749], [85.156654, 27.9393322], [85.1565838, 27.9392737]]}, "properties": {"source": "osm", "dmg": 1.0, "dmg_class": 3, "dmg_label": "Destroyed", "confidence": null, "bid": "way/341698551"}}, {"type": "Feature", "geometry": {"type": "LineString", "coordinates": [[85.1534994, 27.9366926], [85.1535627, 27.9365962], [85.1536399, 27.9366358], [85.1535766, 27.9367322], [85.1534994, 27.9366926]]}, "properties": {"source": "osm", "dmg": 1.0, "dmg_class": 3, "dmg_label": "Destroyed", "confidence": null, "bid": "way/341698561"}}, {"type": "Feature", "geometry": {"type": "LineString", "coordinates": [[85.1600866, 27.9461611], [85.1601237, 27.9462162], [85.1601723, 27.9461907], [85.1601352, 27.9461356], [85.1600866, 27.9461611]]}, "properties": {"source": "osm", "dmg": 1.0, "dmg_class": 3, "dmg_label": "Destroyed", "confidence": null, "bid": "way/755069213"}}, {"type": "Feature", "geometry": {"type": "LineString", "coordinates": [[85.1489304, 27.9255893], [85.1489127, 27.9255451], [85.1490342, 27.9255072], [85.1490519, 27.9255515], [85.1489304, 27.9255893]]}, "properties": {"source": "osm", "dmg": 1.0, "dmg_class": 3, "dmg_label": "Destroyed", "confidence": null, "bid": "way/888538471"}}, {"type": "Feature", "geometry": {"type": "LineString", "coordinates": [[85.1493724, 27.9260392], [85.1493635, 27.9259876], [85.1494348, 27.925978], [85.1494437, 27.9260296], [85.1493724, 27.9260392]]}, "properties": {"source": "osm", "dmg": 1.0, "dmg_class": 3, "dmg_label": "Destroyed", "confidence": null, "bid": "way/888538908"}}, {"type": "Feature", "geometry": {"type": "LineString", "coordinates": [[85.1544473, 27.9351107], [85.1545196, 27.9351574], [85.1545613, 27.9351071], [85.1544889, 27.9350604], [85.1544473, 27.9351107]]}, "properties": {"source": "osm", "dmg": 1.0, "dmg_class": 3, "dmg_label": "Destroyed", "confidence": null, "bid": "way/890977279"}}, {"type": "Feature", "geometry": {"type": "LineString", "coordinates": [[85.1498848, 27.9341355], [85.149992, 27.9342022], [85.1500175, 27.9341702], [85.1499103, 27.9341035], [85.1498848, 27.9341355]]}, "properties": {"source": "osm", "dmg": 1.0, "dmg_class": 3, "dmg_label": "Destroyed", "confidence": null, "bid": "way/890977300"}}, {"type": "Feature", "geometry": {"type": "LineString", "coordinates": [[85.1507834, 27.9299364], [85.1508358, 27.9299323], [85.1508306, 27.9298801], [85.1507782, 27.9298842], [85.1507834, 27.9299364]]}, "properties": {"source": "osm", "dmg": 1.0, "dmg_class": 3, "dmg_label": "Destroyed", "confidence": null, "bid": "way/890977343"}}, {"type": "Feature", "geometry": {"type": "LineString", "coordinates": [[85.1516376, 27.9348938], [85.1515464, 27.9348026], [85.1515077, 27.9348328], [85.1515989, 27.9349241], [85.1516376, 27.9348938]]}, "properties": {"source": "osm", "dmg": 1.0, "dmg_class": 3, "dmg_label": "Destroyed", "confidence": null, "bid": "way/1553117345"}}, {"type": "Feature", "geometry": {"type": "LineString", "coordinates": [[85.1494114, 27.9258745], [85.1495656, 27.9258448], [85.14955, 27.9257812], [85.1493958, 27.9258109], [85.1494114, 27.9258745]]}, "properties": {"source": "osm", "dmg": 1.0, "dmg_class": 3, "dmg_label": "Destroyed", "confidence": null, "bid": "way/1553138024"}}, {"type": "Feature", "geometry": {"type": "LineString", "coordinates": [[85.1493544, 27.9260273], [85.1493494, 27.925952], [85.1493142, 27.9259539], [85.1493192, 27.9260292], [85.1493544, 27.9260273]]}, "properties": {"source": "osm", "dmg": 1.0, "dmg_class": 3, "dmg_label": "Destroyed", "confidence": null, "bid": "way/1553138025"}}, {"type": "Feature", "geometry": {"type": "LineString", "coordinates": [[85.1514961, 27.9307661], [85.1515488, 27.9308228], [85.1516419, 27.9307553], [85.1515892, 27.9306985], [85.1514961, 27.9307661]]}, "properties": {"source": "osm", "dmg": 1.0, "dmg_class": 3, "dmg_label": "Destroyed", "confidence": null, "bid": "way/1553173749"}}, {"type": "Feature", "geometry": {"type": "LineString", "coordinates": [[85.1488803, 27.9260558], [85.1489321, 27.9260511], [85.1489227, 27.9259694], [85.1488709, 27.925974], [85.1488803, 27.9260558]]}, "properties": {"source": "osm", "dmg": 1.0, "dmg_class": 3, "dmg_label": "Destroyed", "confidence": null, "bid": "way/1553176613"}}, {"type": "Feature", "geometry": {"type": "LineString", "coordinates": [[85.1507995, 27.9286638], [85.1508349, 27.9286777], [85.1508534, 27.9286409], [85.150818, 27.928627], [85.1507995, 27.9286638]]}, "properties": {"source": "osm", "dmg": 1.0, "dmg_class": 3, "dmg_label": "Destroyed", "confidence": null, "bid": "way/890977366"}}, {"type": "Feature", "geometry": {"type": "LineString", "coordinates": [[85.1798078, 27.9684705], [85.1798636, 27.968438], [85.1798218, 27.968382], [85.1797664, 27.9684126], [85.179793, 27.9684498], [85.1798078, 27.9684705]]}, "properties": {"source": "osm", "dmg": 1.0, "dmg_class": 3, "dmg_label": "Destroyed", "confidence": null, "bid": "way/704709267"}}, {"type": "Feature", "geometry": {"type": "LineString", "coordinates": [[85.3796305, 28.2803589], [85.3797468, 28.2804685], [85.379838, 28.2803934], [85.3797217, 28.2802839], [85.3796305, 28.2803589]]}, "properties": {"source": "osm", "dmg": 1.0, "dmg_class": 3, "dmg_label": "Destroyed", "confidence": null, "bid": "way/262207911"}}, {"type": "Feature", "geometry": {"type": "LineString", "coordinates": [[85.3783165, 28.2804829], [85.3784922, 28.2804923], [85.3784967, 28.2804277], [85.378321, 28.2804183], [85.3783165, 28.2804829]]}, "properties": {"source": "osm", "dmg": 1.0, "dmg_class": 3, "dmg_label": "Destroyed", "confidence": null, "bid": "way/846902680"}}, {"type": "Feature", "geometry": {"type": "LineString", "coordinates": [[85.3790045, 28.2801805], [85.3790755, 28.2802453], [85.3792311, 28.280113], [85.37916, 28.2800483], [85.3790045, 28.2801805]]}, "properties": {"source": "osm", "dmg": 1.0, "dmg_class": 3, "dmg_label": "Destroyed", "confidence": null, "bid": "way/849463485"}}, {"type": "Feature", "geometry": {"type": "LineString", "coordinates": [[85.3803362, 28.2804929], [85.3804381, 28.280398], [85.3804057, 28.280371], [85.3803909, 28.2803848], [85.380215, 28.2802385], [85.3802206, 28.2802333], [85.3801378, 28.2801644], [85.3800452, 28.2802508], [85.3800769, 28.2802772], [85.3800909, 28.2802642], [85.3803195, 28.2804544], [85.3803055, 28.2804674], [85.3803362, 28.2804929]]}, "properties": {"source": "osm", "dmg": 1.0, "dmg_class": 3, "dmg_label": "Destroyed", "confidence": null, "bid": "way/1552971845"}}, {"type": "Feature", "geometry": {"type": "LineString", "coordinates": [[85.3785495, 28.2710745], [85.3786594, 28.2710331], [85.3785984, 28.2709072], [85.3784884, 28.2709486], [85.3785495, 28.2710745]]}, "properties": {"source": "osm", "dmg": 1.0, "dmg_class": 3, "dmg_label": "Destroyed \u00b7 floods", "confidence": null, "bid": "way/846902629"}}, {"type": "Feature", "geometry": {"type": "LineString", "coordinates": [[85.3766272, 28.2708838], [85.3766366, 28.2709778], [85.3769082, 28.2709569], [85.3768989, 28.2708629], [85.3766272, 28.2708838]]}, "properties": {"source": "osm", "dmg": 1.0, "dmg_class": 3, "dmg_label": "Destroyed \u00b7 floods", "confidence": null, "bid": "way/846902650"}}, {"type": "Feature", "geometry": {"type": "LineString", "coordinates": [[85.3380858, 28.1646048], [85.3381757, 28.1646428], [85.3382146, 28.1645711], [85.3381247, 28.1645332], [85.3380858, 28.1646048]]}, "properties": {"source": "osm", "dmg": 1.0, "dmg_class": 3, "dmg_label": "Destroyed", "confidence": null, "bid": "way/854116047"}}, {"type": "Feature", "geometry": {"type": "LineString", "coordinates": [[85.3764997, 28.2699902], [85.376435, 28.269809], [85.376519, 28.2697857], [85.3765837, 28.2699669], [85.3764997, 28.2699902]]}, "properties": {"source": "osm", "dmg": 1.0, "dmg_class": 3, "dmg_label": "Destroyed \u00b7 floods", "confidence": null, "bid": "way/1552917669"}}, {"type": "Feature", "geometry": {"type": "LineString", "coordinates": [[85.3436537, 28.1640824], [85.343684, 28.164053], [85.3436516, 28.164027], [85.3436213, 28.1640564], [85.3436537, 28.1640824]]}, "properties": {"source": "osm", "dmg": 1.0, "dmg_class": 3, "dmg_label": "Destroyed", "confidence": null, "bid": "way/344279073"}}, {"type": "Feature", "geometry": {"type": "LineString", "coordinates": [[85.3428858, 28.1648271], [85.3429341, 28.1648182], [85.3429159, 28.1647419], [85.3428676, 28.1647509], [85.3428858, 28.1648271]]}, "properties": {"source": "osm", "dmg": 1.0, "dmg_class": 3, "dmg_label": "Destroyed", "confidence": null, "bid": "way/344279077"}}, {"type": "Feature", "geometry": {"type": "LineString", "coordinates": [[85.3584969, 28.2412703], [85.358665, 28.2412548], [85.3586597, 28.2412102], [85.3584916, 28.2412257], [85.3584969, 28.2412703]]}, "properties": {"source": "osm", "dmg": 1.0, "dmg_class": 3, "dmg_label": "Destroyed", "confidence": null, "bid": "way/846885635"}}, {"type": "Feature", "geometry": {"type": "LineString", "coordinates": [[85.3586456, 28.2421269], [85.3588032, 28.2421166], [85.3587976, 28.2420512], [85.3586401, 28.2420615], [85.3586456, 28.2421269]]}, "properties": {"source": "osm", "dmg": 1.0, "dmg_class": 3, "dmg_label": "Destroyed", "confidence": null, "bid": "way/846885643"}}, {"type": "Feature", "geometry": {"type": "LineString", "coordinates": [[85.358491, 28.2422729], [85.3585666, 28.2422737], [85.3585703, 28.2420058], [85.3584947, 28.242005], [85.358491, 28.2422729]]}, "properties": {"source": "osm", "dmg": 1.0, "dmg_class": 3, "dmg_label": "Destroyed", "confidence": null, "bid": "way/846885645"}}, {"type": "Feature", "geometry": {"type": "LineString", "coordinates": [[85.3589228, 28.2376041], [85.3589523, 28.2376277], [85.3589967, 28.2375847], [85.3589672, 28.2375611], [85.3589228, 28.2376041]]}, "properties": {"source": "osm", "dmg": 1.0, "dmg_class": 3, "dmg_label": "Destroyed", "confidence": null, "bid": "way/846885666"}}, {"type": "Feature", "geometry": {"type": "LineString", "coordinates": [[85.3362027, 28.1619506], [85.3362628, 28.1620042], [85.3362912, 28.1619795], [85.3362311, 28.1619259], [85.3362027, 28.1619506]]}, "properties": {"source": "osm", "dmg": 1.0, "dmg_class": 3, "dmg_label": "Destroyed", "confidence": null, "bid": "way/854385631"}}, {"type": "Feature", "geometry": {"type": "LineString", "coordinates": [[85.3644405, 28.252712], [85.3644451, 28.2527496], [85.364701, 28.2527255], [85.3647055, 28.2527622], [85.3644404, 28.2527872], [85.3644461, 28.2528345], [85.3647706, 28.252804], [85.3647558, 28.2526823], [85.3644405, 28.252712]]}, "properties": {"source": "osm", "dmg": 1.0, "dmg_class": 3, "dmg_label": "Destroyed", "confidence": null, "bid": "way/851367096"}}, {"type": "Feature", "geometry": {"type": "LineString", "coordinates": [[85.3660937, 28.251708], [85.3661538, 28.2517174], [85.3661686, 28.2516441], [85.3661084, 28.2516347], [85.3660937, 28.251708]]}, "properties": {"source": "osm", "dmg": 1.0, "dmg_class": 3, "dmg_label": "Destroyed", "confidence": null, "bid": "way/851369401"}}, {"type": "Feature", "geometry": {"type": "LineString", "coordinates": [[85.3659586, 28.2532335], [85.3660442, 28.2532166], [85.3660356, 28.2531829], [85.3659501, 28.2531998], [85.3659586, 28.2532335]]}, "properties": {"source": "osm", "dmg": 1.0, "dmg_class": 3, "dmg_label": "Destroyed", "confidence": null, "bid": "way/853711541"}}, {"type": "Feature", "geometry": {"type": "LineString", "coordinates": [[85.3754827, 28.2654521], [85.3755118, 28.2654288], [85.3754447, 28.2653638], [85.3754157, 28.2653871], [85.3754827, 28.2654521]]}, "properties": {"source": "osm", "dmg": 1.0, "dmg_class": 3, "dmg_label": "Destroyed \u00b7 floods", "confidence": null, "bid": "way/1552914659"}}, {"type": "Feature", "geometry": {"type": "LineString", "coordinates": [[85.3667233, 28.2569436], [85.3667517, 28.2569318], [85.3667074, 28.2568491], [85.3666791, 28.2568609], [85.3667233, 28.2569436]]}, "properties": {"source": "osm", "dmg": 1.0, "dmg_class": 3, "dmg_label": "Destroyed", "confidence": null, "bid": "way/1553000686"}}, {"type": "Feature", "geometry": {"type": "LineString", "coordinates": [[85.3668849, 28.253793], [85.3668849, 28.2538757], [85.3669198, 28.2538757], [85.3669198, 28.253793], [85.3668849, 28.253793]]}, "properties": {"source": "osm", "dmg": 1.0, "dmg_class": 3, "dmg_label": "Destroyed", "confidence": null, "bid": "way/1553122354"}}, {"type": "Feature", "geometry": {"type": "LineString", "coordinates": [[85.1092485, 27.8591261], [85.1093143, 27.8590938], [85.1092475, 27.8589873], [85.1091817, 27.8590195], [85.1092485, 27.8591261]]}, "properties": {"source": "osm", "dmg": 1.0, "dmg_class": 3, "dmg_label": "Destroyed", "confidence": null, "bid": "way/342000680"}}, {"type": "Feature", "geometry": {"type": "LineString", "coordinates": [[85.1095001, 27.8608668], [85.1095378, 27.8608473], [85.1094972, 27.8607863], [85.1094595, 27.8608058], [85.1095001, 27.8608668]]}, "properties": {"source": "osm", "dmg": 1.0, "dmg_class": 3, "dmg_label": "Destroyed", "confidence": null, "bid": "way/342010862"}}, {"type": "Feature", "geometry": {"type": "LineString", "coordinates": [[85.0722241, 27.8563081], [85.0722821, 27.856338], [85.0723103, 27.8562953], [85.0722523, 27.8562654], [85.0722241, 27.8563081]]}, "properties": {"source": "osm", "dmg": 1.0, "dmg_class": 3, "dmg_label": "Destroyed", "confidence": null, "bid": "way/1552715239"}}, {"type": "Feature", "geometry": {"type": "LineString", "coordinates": [[85.0804719, 27.855037], [85.0804742, 27.8550825], [85.0805641, 27.8550789], [85.0805618, 27.8550334], [85.0804719, 27.855037]]}, "properties": {"source": "osm", "dmg": 1.0, "dmg_class": 3, "dmg_label": "Destroyed", "confidence": null, "bid": "way/1553285276"}}, {"type": "Feature", "geometry": {"type": "LineString", "coordinates": [[85.172724, 27.9656408], [85.1727457, 27.9656179], [85.1726781, 27.9655678], [85.1726563, 27.9655908], [85.172724, 27.9656408]]}, "properties": {"source": "osm", "dmg": 1.0, "dmg_class": 3, "dmg_label": "Destroyed", "confidence": null, "bid": "way/341049816"}}, {"type": "Feature", "geometry": {"type": "LineString", "coordinates": [[85.1743609, 27.9661989], [85.1743994, 27.9661289], [85.174496, 27.9661703], [85.1744575, 27.9662403], [85.1743609, 27.9661989]]}, "properties": {"source": "osm", "dmg": 1.0, "dmg_class": 3, "dmg_label": "Destroyed", "confidence": null, "bid": "way/341355851"}}, {"type": "Feature", "geometry": {"type": "LineString", "coordinates": [[85.1734134, 27.9633496], [85.1734442, 27.9633234], [85.1733681, 27.9632535], [85.1733373, 27.9632797], [85.1734134, 27.9633496]]}, "properties": {"source": "osm", "dmg": 1.0, "dmg_class": 3, "dmg_label": "Destroyed", "confidence": null, "bid": "way/341587282"}}, {"type": "Feature", "geometry": {"type": "LineString", "coordinates": [[85.176246, 27.9671505], [85.1762333, 27.9671698], [85.1761877, 27.9671464], [85.1762003, 27.9671272], [85.176246, 27.9671505]]}, "properties": {"source": "osm", "dmg": 1.0, "dmg_class": 3, "dmg_label": "Destroyed", "confidence": null, "bid": "way/341622885"}}, {"type": "Feature", "geometry": {"type": "LineString", "coordinates": [[85.1684526, 27.9585817], [85.1684886, 27.9585771], [85.1684855, 27.9585582], [85.1684495, 27.9585628], [85.1684526, 27.9585817]]}, "properties": {"source": "osm", "dmg": 1.0, "dmg_class": 3, "dmg_label": "Destroyed", "confidence": null, "bid": "way/430746882"}}, {"type": "Feature", "geometry": {"type": "LineString", "coordinates": [[85.1718272, 27.9624918], [85.1718658, 27.9625117], [85.1718958, 27.9624665], [85.1718573, 27.9624465], [85.1718272, 27.9624918]]}, "properties": {"source": "osm", "dmg": 1.0, "dmg_class": 3, "dmg_label": "Destroyed", "confidence": null, "bid": "way/886361365"}}, {"type": "Feature", "geometry": {"type": "LineString", "coordinates": [[85.1718754, 27.9626126], [85.1719204, 27.9626398], [85.1719945, 27.9625441], [85.1719494, 27.9625169], [85.1718754, 27.9626126]]}, "properties": {"source": "osm", "dmg": 1.0, "dmg_class": 3, "dmg_label": "Destroyed", "confidence": null, "bid": "way/886361368"}}, {"type": "Feature", "geometry": {"type": "LineString", "coordinates": [[85.1788756, 27.967187], [85.1789091, 27.967199], [85.1789356, 27.9671416], [85.1789021, 27.9671295], [85.1788756, 27.967187]]}, "properties": {"source": "osm", "dmg": 1.0, "dmg_class": 3, "dmg_label": "Destroyed", "confidence": null, "bid": "way/886361378"}}, {"type": "Feature", "geometry": {"type": "LineString", "coordinates": [[85.1728755, 27.9654412], [85.1729222, 27.9654742], [85.1729548, 27.965437], [85.1729081, 27.965402], [85.1728755, 27.9654412]]}, "properties": {"source": "osm", "dmg": 1.0, "dmg_class": 3, "dmg_label": "Destroyed", "confidence": null, "bid": "way/886387015"}}, {"type": "Feature", "geometry": {"type": "LineString", "coordinates": [[85.1737959, 27.9663925], [85.1738257, 27.9664269], [85.1739164, 27.9663656], [85.1738866, 27.9663311], [85.1737959, 27.9663925]]}, "properties": {"source": "osm", "dmg": 1.0, "dmg_class": 3, "dmg_label": "Destroyed", "confidence": null, "bid": "way/886387024"}}, {"type": "Feature", "geometry": {"type": "LineString", "coordinates": [[85.1763767, 27.9691651], [85.1763727, 27.9692638], [85.1766125, 27.9692674], [85.1766064, 27.9691723], [85.1763767, 27.9691651]]}, "properties": {"source": "osm", "dmg": 1.0, "dmg_class": 3, "dmg_label": "Destroyed", "confidence": null, "bid": "way/886387031"}}, {"type": "Feature", "geometry": {"type": "LineString", "coordinates": [[85.1841494, 27.9697173], [85.1841361, 27.9696644], [85.1842472, 27.9696426], [85.1842605, 27.9696955], [85.1841494, 27.9697173]]}, "properties": {"source": "osm", "dmg": 1.0, "dmg_class": 3, "dmg_label": "Destroyed", "confidence": null, "bid": "way/886388198"}}, {"type": "Feature", "geometry": {"type": "LineString", "coordinates": [[85.1840456, 27.9691409], [85.1840631, 27.9690933], [85.1841301, 27.9691125], [85.1841126, 27.9691601], [85.1840456, 27.9691409]]}, "properties": {"source": "osm", "dmg": 1.0, "dmg_class": 3, "dmg_label": "Destroyed", "confidence": null, "bid": "way/886388200"}}, {"type": "Feature", "geometry": {"type": "LineString", "coordinates": [[85.1739469, 27.9660154], [85.1739356, 27.9660507], [85.1739665, 27.9660584], [85.1739569, 27.9660884], [85.1740214, 27.9661046], [85.1740424, 27.9660393], [85.1739469, 27.9660154]]}, "properties": {"source": "osm", "dmg": 1.0, "dmg_class": 3, "dmg_label": "Destroyed", "confidence": null, "bid": "way/887418169"}}, {"type": "Feature", "geometry": {"type": "LineString", "coordinates": [[85.1791399, 27.9672456], [85.1791569, 27.9672146], [85.1791893, 27.9672284], [85.1791722, 27.9672594], [85.1791399, 27.9672456]]}, "properties": {"source": "osm", "dmg": 1.0, "dmg_class": 3, "dmg_label": "Destroyed", "confidence": null, "bid": "way/1552643507"}}, {"type": "Feature", "geometry": {"type": "LineString", "coordinates": [[85.1793335, 27.9679614], [85.1794281, 27.9678939], [85.1794966, 27.9679686], [85.179402, 27.9680362], [85.1793335, 27.9679614]]}, "properties": {"source": "osm", "dmg": 1.0, "dmg_class": 3, "dmg_label": "Destroyed", "confidence": null, "bid": "way/1552643511"}}, {"type": "Feature", "geometry": {"type": "LineString", "coordinates": [[85.17928, 27.9675734], [85.1792995, 27.9675516], [85.1793248, 27.9675694], [85.1793053, 27.9675911], [85.17928, 27.9675734]]}, "properties": {"source": "osm", "dmg": 1.0, "dmg_class": 3, "dmg_label": "Destroyed", "confidence": null, "bid": "way/1552643521"}}, {"type": "Feature", "geometry": {"type": "LineString", "coordinates": [[85.1810404, 27.9687732], [85.1810894, 27.9687613], [85.1811035, 27.9688064], [85.1810545, 27.9688183], [85.1810404, 27.9687732]]}, "properties": {"source": "osm", "dmg": 1.0, "dmg_class": 3, "dmg_label": "Destroyed", "confidence": null, "bid": "way/1552643523"}}, {"type": "Feature", "geometry": {"type": "LineString", "coordinates": [[85.1497494, 27.9257402], [85.1497664, 27.925623], [85.1498021, 27.9253761], [85.1498929, 27.9253864], [85.1498497, 27.9256851], [85.1500647, 27.9257094], [85.1500994, 27.9254698], [85.150167, 27.9254774], [85.1501325, 27.9257161], [85.150164, 27.9257197], [85.1501544, 27.925786], [85.1497494, 27.9257402]]}, "properties": {"source": "osm", "dmg": 1.0, "dmg_class": 3, "dmg_label": "Destroyed", "confidence": null, "bid": "way/260127795"}}, {"type": "Feature", "geometry": {"type": "LineString", "coordinates": [[85.149089, 27.9245671], [85.1490075, 27.9245967], [85.1490679, 27.9247263], [85.1491494, 27.9246967], [85.149089, 27.9245671]]}, "properties": {"source": "osm", "dmg": 1.0, "dmg_class": 3, "dmg_label": "Destroyed", "confidence": null, "bid": "way/341598232"}}, {"type": "Feature", "geometry": {"type": "LineString", "coordinates": [[85.1495806, 27.9253928], [85.1495979, 27.9254576], [85.1494573, 27.9254868], [85.1494401, 27.925422], [85.1495806, 27.9253928]]}, "properties": {"source": "osm", "dmg": 1.0, "dmg_class": 3, "dmg_label": "Destroyed", "confidence": null, "bid": "way/341598245"}}, {"type": "Feature", "geometry": {"type": "LineString", "coordinates": [[85.1487804, 27.9253148], [85.1488286, 27.9253047], [85.1487901, 27.925161], [85.1487419, 27.9251711], [85.1487804, 27.9253148]]}, "properties": {"source": "osm", "dmg": 1.0, "dmg_class": 3, "dmg_label": "Destroyed", "confidence": null, "bid": "way/341654795"}}, {"type": "Feature", "geometry": {"type": "LineString", "coordinates": [[85.1540882, 27.9307847], [85.154217, 27.9308185], [85.154235, 27.9307651], [85.1541062, 27.9307313], [85.1540882, 27.9307847]]}, "properties": {"source": "osm", "dmg": 1.0, "dmg_class": 3, "dmg_label": "Destroyed", "confidence": null, "bid": "way/342057153"}}, {"type": "Feature", "geometry": {"type": "LineString", "coordinates": [[85.1612149, 27.9474102], [85.1612664, 27.9474591], [85.1612231, 27.9474947], [85.1611716, 27.9474458], [85.1612149, 27.9474102]]}, "properties": {"source": "osm", "dmg": 1.0, "dmg_class": 3, "dmg_label": "Destroyed", "confidence": null, "bid": "way/342150599"}}, {"type": "Feature", "geometry": {"type": "LineString", "coordinates": [[85.1486733, 27.9255312], [85.1486655, 27.9254973], [85.1487236, 27.9254868], [85.1487315, 27.9255207], [85.1486733, 27.9255312]]}, "properties": {"source": "osm", "dmg": 1.0, "dmg_class": 3, "dmg_label": "Destroyed", "confidence": null, "bid": "way/888538475"}}, {"type": "Feature", "geometry": {"type": "LineString", "coordinates": [[85.1496354, 27.9241726], [85.1496305, 27.9240894], [85.1496936, 27.9240865], [85.1496985, 27.9241697], [85.1496354, 27.9241726]]}, "properties": {"source": "osm", "dmg": 1.0, "dmg_class": 3, "dmg_label": "Destroyed", "confidence": null, "bid": "way/889069180"}}, {"type": "Feature", "geometry": {"type": "LineString", "coordinates": [[85.1516055, 27.9355408], [85.1516517, 27.9355675], [85.1517208, 27.9354744], [85.1516745, 27.9354476], [85.1516055, 27.9355408]]}, "properties": {"source": "osm", "dmg": 1.0, "dmg_class": 3, "dmg_label": "Destroyed", "confidence": null, "bid": "way/890977286"}}, {"type": "Feature", "geometry": {"type": "LineString", "coordinates": [[85.1487377, 27.933841], [85.1488253, 27.9338929], [85.1488608, 27.9338461], [85.1487731, 27.9337943], [85.1487377, 27.933841]]}, "properties": {"source": "osm", "dmg": 1.0, "dmg_class": 3, "dmg_label": "Destroyed", "confidence": null, "bid": "way/890977297"}}, {"type": "Feature", "geometry": {"type": "LineString", "coordinates": [[85.1497896, 27.9342363], [85.1500138, 27.9343609], [85.1500366, 27.934329], [85.1498124, 27.9342043], [85.1497896, 27.9342363]]}, "properties": {"source": "osm", "dmg": 1.0, "dmg_class": 3, "dmg_label": "Destroyed", "confidence": null, "bid": "way/890977302"}}, {"type": "Feature", "geometry": {"type": "LineString", "coordinates": [[85.15239, 27.930389], [85.1524453, 27.9303848], [85.1524428, 27.9303592], [85.1523875, 27.9303634], [85.15239, 27.930389]]}, "properties": {"source": "osm", "dmg": 1.0, "dmg_class": 3, "dmg_label": "Destroyed", "confidence": null, "bid": "way/890977307"}}, {"type": "Feature", "geometry": {"type": "LineString", "coordinates": [[85.1538615, 27.937206], [85.1538677, 27.9371942], [85.1538507, 27.9371803], [85.1538351, 27.9371951], [85.1538615, 27.937206]]}, "properties": {"source": "osm", "dmg": 1.0, "dmg_class": 3, "dmg_label": "Destroyed", "confidence": null, "bid": "way/1552641524"}}, {"type": "Feature", "geometry": {"type": "LineString", "coordinates": [[85.1591125, 27.9440249], [85.1592326, 27.9442939], [85.1592968, 27.9442715], [85.1591768, 27.9440025], [85.1591125, 27.9440249]]}, "properties": {"source": "osm", "dmg": 1.0, "dmg_class": 3, "dmg_label": "Destroyed", "confidence": null, "bid": "way/1553091914"}}, {"type": "Feature", "geometry": {"type": "LineString", "coordinates": [[85.1573501, 27.9398307], [85.1574496, 27.9398881], [85.1574943, 27.9398276], [85.1573949, 27.9397702], [85.1573501, 27.9398307]]}, "properties": {"source": "osm", "dmg": 1.0, "dmg_class": 3, "dmg_label": "Destroyed", "confidence": null, "bid": "way/1553091920"}}, {"type": "Feature", "geometry": {"type": "LineString", "coordinates": [[85.156268, 27.9387714], [85.1562932, 27.938752], [85.1563293, 27.9387884], [85.1563595, 27.9388189], [85.1563343, 27.9388384], [85.156268, 27.9387714]]}, "properties": {"source": "osm", "dmg": 1.0, "dmg_class": 3, "dmg_label": "Destroyed", "confidence": null, "bid": "way/1553091922"}}, {"type": "Feature", "geometry": {"type": "LineString", "coordinates": [[85.1606201, 27.9412998], [85.160643, 27.941378], [85.1607149, 27.9413616], [85.1606919, 27.9412834], [85.1606201, 27.9412998]]}, "properties": {"source": "osm", "dmg": 1.0, "dmg_class": 3, "dmg_label": "Destroyed", "confidence": null, "bid": "way/1553091942"}}, {"type": "Feature", "geometry": {"type": "LineString", "coordinates": [[85.1517168, 27.9349555], [85.151752, 27.9349996], [85.1518566, 27.9349344], [85.1518214, 27.9348903], [85.1517168, 27.9349555]]}, "properties": {"source": "osm", "dmg": 1.0, "dmg_class": 3, "dmg_label": "Destroyed", "confidence": null, "bid": "way/1553117346"}}, {"type": "Feature", "geometry": {"type": "LineString", "coordinates": [[85.1577346, 27.9395021], [85.1577789, 27.9394782], [85.1577338, 27.9394128], [85.1576895, 27.9394367], [85.1577346, 27.9395021]]}, "properties": {"source": "osm", "dmg": 1.0, "dmg_class": 3, "dmg_label": "Destroyed", "confidence": null, "bid": "way/1553119365"}}, {"type": "Feature", "geometry": {"type": "LineString", "coordinates": [[85.1507042, 27.923892], [85.1507927, 27.9238814], [85.1507859, 27.9238372], [85.1506974, 27.9238478], [85.1507042, 27.923892]]}, "properties": {"source": "osm", "dmg": 1.0, "dmg_class": 3, "dmg_label": "Destroyed", "confidence": null, "bid": "way/1553138004"}}, {"type": "Feature", "geometry": {"type": "LineString", "coordinates": [[85.1610177, 27.9461358], [85.1611061, 27.9460968], [85.1610834, 27.9460567], [85.160995, 27.9460957], [85.1610177, 27.9461358]]}, "properties": {"source": "osm", "dmg": 1.0, "dmg_class": 3, "dmg_label": "Destroyed", "confidence": null, "bid": "way/1553150019"}}, {"type": "Feature", "geometry": {"type": "LineString", "coordinates": [[85.1612246, 27.9462713], [85.1612713, 27.9462518], [85.1612435, 27.9461999], [85.1611969, 27.9462194], [85.1612246, 27.9462713]]}, "properties": {"source": "osm", "dmg": 1.0, "dmg_class": 3, "dmg_label": "Destroyed", "confidence": null, "bid": "way/1553150021"}}, {"type": "Feature", "geometry": {"type": "LineString", "coordinates": [[85.1605375, 27.9467209], [85.1605081, 27.9466624], [85.160592, 27.9466294], [85.1606215, 27.9466878], [85.1605375, 27.9467209]]}, "properties": {"source": "osm", "dmg": 1.0, "dmg_class": 3, "dmg_label": "Destroyed", "confidence": null, "bid": "way/1553150033"}}, {"type": "Feature", "geometry": {"type": "LineString", "coordinates": [[85.147624, 27.9296227], [85.1476767, 27.9296324], [85.1476949, 27.9295551], [85.1476423, 27.9295454], [85.147624, 27.9296227]]}, "properties": {"source": "osm", "dmg": 1.0, "dmg_class": 3, "dmg_label": "Destroyed", "confidence": null, "bid": "way/1553155457"}}, {"type": "Feature", "geometry": {"type": "LineString", "coordinates": [[85.1474405, 27.9295969], [85.1474893, 27.9296053], [85.1475075, 27.929522], [85.1474745, 27.9295138], [85.1474587, 27.9295137], [85.1474405, 27.9295969]]}, "properties": {"source": "osm", "dmg": 1.0, "dmg_class": 3, "dmg_label": "Destroyed", "confidence": null, "bid": "way/1553155459"}}, {"type": "Feature", "geometry": {"type": "LineString", "coordinates": [[85.1475558, 27.9290782], [85.1475841, 27.9289637], [85.1476297, 27.9289743], [85.1475978, 27.9290869], [85.1475558, 27.9290782]]}, "properties": {"source": "osm", "dmg": 1.0, "dmg_class": 3, "dmg_label": "Destroyed", "confidence": null, "bid": "way/1553155468"}}, {"type": "Feature", "geometry": {"type": "LineString", "coordinates": [[85.1491026, 27.9325534], [85.1491726, 27.9325841], [85.1492017, 27.9325324], [85.1491317, 27.9325016], [85.1491026, 27.9325534]]}, "properties": {"source": "osm", "dmg": 1.0, "dmg_class": 3, "dmg_label": "Destroyed", "confidence": null, "bid": "way/1553165906"}}, {"type": "Feature", "geometry": {"type": "LineString", "coordinates": [[85.1492733, 27.9257797], [85.1493681, 27.925766], [85.1493494, 27.9256641], [85.1492545, 27.9256778], [85.1492733, 27.9257797]]}, "properties": {"source": "osm", "dmg": 1.0, "dmg_class": 3, "dmg_label": "Destroyed", "confidence": null, "bid": "way/1553176609"}}, {"type": "Feature", "geometry": {"type": "LineString", "coordinates": [[85.3788288, 28.2798132], [85.3788704, 28.2798451], [85.378897, 28.2798182], [85.3788554, 28.2797863], [85.3788288, 28.2798132]]}, "properties": {"source": "osm", "dmg": 1.0, "dmg_class": 3, "dmg_label": "Destroyed", "confidence": null, "bid": "way/849463476"}}, {"type": "Feature", "geometry": {"type": "LineString", "coordinates": [[85.3667719, 28.2536918], [85.3668522, 28.253684], [85.3668444, 28.2536223], [85.3667641, 28.2536301], [85.3667719, 28.2536918]]}, "properties": {"source": "osm", "dmg": 1.0, "dmg_class": 3, "dmg_label": "Destroyed", "confidence": null, "bid": "way/340624536"}}, {"type": "Feature", "geometry": {"type": "LineString", "coordinates": [[85.3752957, 28.265132], [85.375325, 28.2651632], [85.3754075, 28.2651029], [85.3753781, 28.2650717], [85.3752957, 28.265132]]}, "properties": {"source": "osm", "dmg": 1.0, "dmg_class": 3, "dmg_label": "Destroyed \u00b7 floods", "confidence": null, "bid": "way/1552914664"}}, {"type": "Feature", "geometry": {"type": "LineString", "coordinates": [[85.1520112, 27.9353308], [85.1520294, 27.9353103], [85.1520588, 27.9353307], [85.1520406, 27.9353512], [85.1520112, 27.9353308]]}, "properties": {"source": "osm", "dmg": 1.0, "dmg_class": 3, "dmg_label": "Destroyed", "confidence": null, "bid": "way/341919278"}}, {"type": "Feature", "geometry": {"type": "LineString", "coordinates": [[85.343556, 28.1640899], [85.3435812, 28.1641212], [85.343622, 28.1640958], [85.3435968, 28.1640645], [85.343556, 28.1640899]]}, "properties": {"source": "osm", "dmg": 1.0, "dmg_class": 3, "dmg_label": "Destroyed", "confidence": null, "bid": "way/344279068"}}, {"type": "Feature", "geometry": {"type": "LineString", "coordinates": [[85.3427356, 28.164265], [85.3427334, 28.1641964], [85.3426687, 28.164198], [85.3426709, 28.1642667], [85.3427356, 28.164265]]}, "properties": {"source": "osm", "dmg": 1.0, "dmg_class": 3, "dmg_label": "Destroyed", "confidence": null, "bid": "way/344279095"}}, {"type": "Feature", "geometry": {"type": "LineString", "coordinates": [[85.3662863, 28.2512758], [85.366396, 28.2513066], [85.366419, 28.2512432], [85.3663094, 28.2512122], [85.3662863, 28.2512758]]}, "properties": {"source": "osm", "dmg": 1.0, "dmg_class": 3, "dmg_label": "Destroyed", "confidence": null, "bid": "way/340624523"}}, {"type": "Feature", "geometry": {"type": "LineString", "coordinates": [[85.376447, 28.2744665], [85.3766323, 28.2745577], [85.3767355, 28.2743951], [85.3766505, 28.2743533], [85.3766894, 28.2742921], [85.3765891, 28.2742427], [85.376447, 28.2744665]]}, "properties": {"source": "osm", "dmg": 1.0, "dmg_class": 3, "dmg_label": "Destroyed \u00b7 floods", "confidence": null, "bid": "way/846902631"}}, {"type": "Feature", "geometry": {"type": "LineString", "coordinates": [[85.3667374, 28.2559844], [85.3667546, 28.2560175], [85.3667868, 28.2560045], [85.3667696, 28.2559714], [85.3667374, 28.2559844]]}, "properties": {"source": "osm", "dmg": 1.0, "dmg_class": 3, "dmg_label": "Destroyed", "confidence": null, "bid": "way/853711502"}}, {"type": "Feature", "geometry": {"type": "LineString", "coordinates": [[85.3665919, 28.2578744], [85.3666717, 28.2579099], [85.3666858, 28.2578851], [85.366606, 28.2578497], [85.3665919, 28.2578744]]}, "properties": {"source": "osm", "dmg": 1.0, "dmg_class": 3, "dmg_label": "Destroyed", "confidence": null, "bid": "way/1552614214"}}, {"type": "Feature", "geometry": {"type": "LineString", "coordinates": [[85.3657517, 28.2577061], [85.3658883, 28.2576652], [85.3658098, 28.257462], [85.3656732, 28.2575029], [85.3657517, 28.2577061]]}, "properties": {"source": "osm", "dmg": 1.0, "dmg_class": 3, "dmg_label": "Destroyed", "confidence": null, "bid": "way/1552916419"}}, {"type": "Feature", "geometry": {"type": "LineString", "coordinates": [[85.1088627, 27.8597067], [85.1089703, 27.8596713], [85.1089408, 27.8596172], [85.108829, 27.859647], [85.1088627, 27.8597067]]}, "properties": {"source": "osm", "dmg": 1.0, "dmg_class": 3, "dmg_label": "Destroyed", "confidence": null, "bid": "way/341998616"}}, {"type": "Feature", "geometry": {"type": "LineString", "coordinates": [[85.10991, 27.860301], [85.110004, 27.8602494], [85.1099473, 27.8601686], [85.1098532, 27.8602202], [85.10991, 27.860301]]}, "properties": {"source": "osm", "dmg": 1.0, "dmg_class": 3, "dmg_label": "Destroyed", "confidence": null, "bid": "way/341998620"}}, {"type": "Feature", "geometry": {"type": "LineString", "coordinates": [[85.1086493, 27.8597279], [85.1086936, 27.8597142], [85.1086693, 27.8596529], [85.108625, 27.8596666], [85.1086493, 27.8597279]]}, "properties": {"source": "osm", "dmg": 1.0, "dmg_class": 3, "dmg_label": "Destroyed", "confidence": null, "bid": "way/342010795"}}, {"type": "Feature", "geometry": {"type": "LineString", "coordinates": [[85.1097298, 27.8608633], [85.1097764, 27.8608273], [85.1097454, 27.860796], [85.1096988, 27.860832], [85.1097298, 27.8608633]]}, "properties": {"source": "osm", "dmg": 1.0, "dmg_class": 3, "dmg_label": "Destroyed", "confidence": null, "bid": "way/342010833"}}, {"type": "Feature", "geometry": {"type": "LineString", "coordinates": [[85.1106882, 27.8613176], [85.1106218, 27.8612649], [85.1105651, 27.8613207], [85.1106315, 27.8613734], [85.1106882, 27.8613176]]}, "properties": {"source": "osm", "dmg": 1.0, "dmg_class": 3, "dmg_label": "Destroyed", "confidence": null, "bid": "way/342010879"}}, {"type": "Feature", "geometry": {"type": "LineString", "coordinates": [[85.1084269, 27.8595135], [85.1085044, 27.8594808], [85.1084613, 27.8594008], [85.1084146, 27.8594205], [85.1084321, 27.8594531], [85.1084013, 27.8594661], [85.1084269, 27.8595135]]}, "properties": {"source": "osm", "dmg": 1.0, "dmg_class": 3, "dmg_label": "Destroyed", "confidence": null, "bid": "way/342010934"}}, {"type": "Feature", "geometry": {"type": "LineString", "coordinates": [[85.1131171, 27.8648294], [85.1133209, 27.864757], [85.1132954, 27.8647008], [85.1130916, 27.8647732], [85.1131171, 27.8648294]]}, "properties": {"source": "osm", "dmg": 1.0, "dmg_class": 3, "dmg_label": "Destroyed", "confidence": null, "bid": "way/1552587216"}}, {"type": "Feature", "geometry": {"type": "LineString", "coordinates": [[85.0757915, 27.8546255], [85.0758424, 27.8546504], [85.0758598, 27.8546227], [85.0758088, 27.8545978], [85.0757915, 27.8546255]]}, "properties": {"source": "osm", "dmg": 1.0, "dmg_class": 3, "dmg_label": "Destroyed", "confidence": null, "bid": "way/1553105860"}}, {"type": "Feature", "geometry": {"type": "LineString", "coordinates": [[85.1732674, 27.9656217], [85.1732989, 27.9655713], [85.1732392, 27.9655421], [85.1732076, 27.9655925], [85.1732674, 27.9656217]]}, "properties": {"source": "osm", "dmg": 1.0, "dmg_class": 3, "dmg_label": "Destroyed", "confidence": null, "bid": "way/341049869"}}, {"type": "Feature", "geometry": {"type": "LineString", "coordinates": [[85.1744886, 27.9662385], [85.1744704, 27.9662758], [85.1745083, 27.9662902], [85.1745265, 27.9662529], [85.1744886, 27.9662385]]}, "properties": {"source": "osm", "dmg": 1.0, "dmg_class": 3, "dmg_label": "Destroyed", "confidence": null, "bid": "way/887418171"}}, {"type": "Feature", "geometry": {"type": "LineString", "coordinates": [[85.1852176, 27.9709437], [85.1853316, 27.9709176], [85.1853224, 27.9708865], [85.1852084, 27.9709125], [85.1852176, 27.9709437]]}, "properties": {"source": "osm", "dmg": 1.0, "dmg_class": 3, "dmg_label": "Destroyed", "confidence": null, "bid": "way/912640593"}}, {"type": "Feature", "geometry": {"type": "LineString", "coordinates": [[85.1832458, 27.969593], [85.183284, 27.9695935], [85.1832845, 27.9695664], [85.1832463, 27.9695659], [85.1832458, 27.969593]]}, "properties": {"source": "osm", "dmg": 1.0, "dmg_class": 3, "dmg_label": "Destroyed", "confidence": null, "bid": "way/1553085873"}}, {"type": "Feature", "geometry": {"type": "LineString", "coordinates": [[85.1493424, 27.9251367], [85.1493242, 27.9250526], [85.1491504, 27.9250821], [85.1491687, 27.9251662], [85.1493424, 27.9251367]]}, "properties": {"source": "osm", "dmg": 1.0, "dmg_class": 3, "dmg_label": "Destroyed", "confidence": null, "bid": "way/341598242"}}, {"type": "Feature", "geometry": {"type": "LineString", "coordinates": [[85.1523251, 27.9353944], [85.1523873, 27.9353413], [85.1524539, 27.9354022], [85.1523917, 27.9354553], [85.1523251, 27.9353944]]}, "properties": {"source": "osm", "dmg": 1.0, "dmg_class": 3, "dmg_label": "Destroyed", "confidence": null, "bid": "way/341654740"}}, {"type": "Feature", "geometry": {"type": "LineString", "coordinates": [[85.1559728, 27.9386912], [85.1560349, 27.9387414], [85.1560677, 27.9387097], [85.1560056, 27.9386595], [85.1559728, 27.9386912]]}, "properties": {"source": "osm", "dmg": 1.0, "dmg_class": 3, "dmg_label": "Destroyed", "confidence": null, "bid": "way/891929270"}}, {"type": "Feature", "geometry": {"type": "LineString", "coordinates": [[85.1557656, 27.9383157], [85.155813, 27.9383541], [85.1558701, 27.938299], [85.1558227, 27.9382606], [85.1557656, 27.9383157]]}, "properties": {"source": "osm", "dmg": 1.0, "dmg_class": 3, "dmg_label": "Destroyed", "confidence": null, "bid": "way/1553091927"}}, {"type": "Feature", "geometry": {"type": "LineString", "coordinates": [[85.1471058, 27.930205], [85.1471675, 27.9301766], [85.1471088, 27.9300773], [85.1470472, 27.9301058], [85.1471058, 27.930205]]}, "properties": {"source": "osm", "dmg": 1.0, "dmg_class": 3, "dmg_label": "Destroyed", "confidence": null, "bid": "way/1553155454"}}, {"type": "Feature", "geometry": {"type": "LineString", "coordinates": [[85.3769618, 28.2740601], [85.3771291, 28.2740824], [85.3772754, 28.2732293], [85.3771081, 28.273207], [85.3769618, 28.2740601]]}, "properties": {"source": "osm", "dmg": 1.0, "dmg_class": 3, "dmg_label": "Destroyed \u00b7 floods", "confidence": null, "bid": "way/1552793903"}}, {"type": "Feature", "geometry": {"type": "LineString", "coordinates": [[85.3588207, 28.2429882], [85.3589005, 28.2429732], [85.3587842, 28.242493], [85.3587045, 28.242508], [85.3588207, 28.2429882]]}, "properties": {"source": "osm", "dmg": 1.0, "dmg_class": 3, "dmg_label": "Destroyed", "confidence": null, "bid": "way/846885648"}}, {"type": "Feature", "geometry": {"type": "LineString", "coordinates": [[85.3361122, 28.1612191], [85.3361625, 28.1613077], [85.3362749, 28.1612582], [85.3362246, 28.1611695], [85.3361122, 28.1612191]]}, "properties": {"source": "osm", "dmg": 1.0, "dmg_class": 3, "dmg_label": "Destroyed", "confidence": null, "bid": "way/851001700"}}, {"type": "Feature", "geometry": {"type": "LineString", "coordinates": [[85.3578874, 28.2394331], [85.3579009, 28.2394768], [85.3579361, 28.2394684], [85.3579227, 28.2394247], [85.3578874, 28.2394331]]}, "properties": {"source": "osm", "dmg": 1.0, "dmg_class": 3, "dmg_label": "Destroyed", "confidence": null, "bid": "way/851966265"}}, {"type": "Feature", "geometry": {"type": "LineString", "coordinates": [[85.337666, 28.1634274], [85.3377692, 28.1635072], [85.3378561, 28.1634199], [85.3377529, 28.16334], [85.337666, 28.1634274]]}, "properties": {"source": "osm", "dmg": 1.0, "dmg_class": 3, "dmg_label": "Destroyed", "confidence": null, "bid": "way/854113213"}}, {"type": "Feature", "geometry": {"type": "LineString", "coordinates": [[85.3367235, 28.1616643], [85.3366222, 28.1616879], [85.3366584, 28.1618085], [85.3367597, 28.1617849], [85.3367235, 28.1616643]]}, "properties": {"source": "osm", "dmg": 1.0, "dmg_class": 3, "dmg_label": "Destroyed", "confidence": null, "bid": "way/854113226"}}, {"type": "Feature", "geometry": {"type": "LineString", "coordinates": [[85.3376277, 28.1637022], [85.337692, 28.1637476], [85.337741, 28.1636936], [85.3376767, 28.1636483], [85.3376277, 28.1637022]]}, "properties": {"source": "osm", "dmg": 1.0, "dmg_class": 3, "dmg_label": "Destroyed", "confidence": null, "bid": "way/854385622"}}, {"type": "Feature", "geometry": {"type": "LineString", "coordinates": [[85.3586292, 28.2422577], [85.3586906, 28.2422576], [85.3586904, 28.2421874], [85.3586291, 28.2421875], [85.3586292, 28.2422577]]}, "properties": {"source": "osm", "dmg": 1.0, "dmg_class": 3, "dmg_label": "Destroyed", "confidence": null, "bid": "way/1552590872"}}, {"type": "Feature", "geometry": {"type": "LineString", "coordinates": [[85.3423984, 28.1644794], [85.3424751, 28.1644071], [85.3424352, 28.1643742], [85.3423585, 28.1644465], [85.3423984, 28.1644794]]}, "properties": {"source": "osm", "dmg": 1.0, "dmg_class": 3, "dmg_label": "Destroyed", "confidence": null, "bid": "way/1552968648"}}, {"type": "Feature", "geometry": {"type": "LineString", "coordinates": [[85.3369595, 28.1626527], [85.3369381, 28.1625522], [85.3368464, 28.1625675], [85.3368678, 28.162668], [85.3369595, 28.1626527]]}, "properties": {"source": "osm", "dmg": 1.0, "dmg_class": 3, "dmg_label": "Destroyed", "confidence": null, "bid": "way/1553070062"}}, {"type": "Feature", "geometry": {"type": "LineString", "coordinates": [[85.3769037, 28.2674093], [85.376937, 28.2673921], [85.3768867, 28.2673165], [85.3768534, 28.2673337], [85.3769037, 28.2674093]]}, "properties": {"source": "osm", "dmg": 1.0, "dmg_class": 3, "dmg_label": "Destroyed \u00b7 floods", "confidence": null, "bid": "way/846902671"}}, {"type": "Feature", "geometry": {"type": "LineString", "coordinates": [[85.3764644, 28.265106], [85.3765047, 28.2651745], [85.37657, 28.2651447], [85.3765298, 28.2650762], [85.3764644, 28.265106]]}, "properties": {"source": "osm", "dmg": 1.0, "dmg_class": 3, "dmg_label": "Destroyed \u00b7 floods", "confidence": null, "bid": "way/851367135"}}, {"type": "Feature", "geometry": {"type": "LineString", "coordinates": [[85.3663176, 28.2510687], [85.3662875, 28.2511967], [85.366414, 28.2512197], [85.3664235, 28.2511793], [85.3664942, 28.2511922], [85.3665148, 28.2511047], [85.3663176, 28.2510687]]}, "properties": {"source": "osm", "dmg": 1.0, "dmg_class": 3, "dmg_label": "Destroyed", "confidence": null, "bid": "way/851508430"}}, {"type": "Feature", "geometry": {"type": "LineString", "coordinates": [[85.3763042, 28.2656168], [85.3763287, 28.2656444], [85.3763843, 28.265606], [85.3763598, 28.2655784], [85.3763042, 28.2656168]]}, "properties": {"source": "osm", "dmg": 1.0, "dmg_class": 3, "dmg_label": "Destroyed \u00b7 floods", "confidence": null, "bid": "way/1552914670"}}, {"type": "Feature", "geometry": {"type": "LineString", "coordinates": [[85.3668573, 28.2523191], [85.3668213, 28.2523179], [85.3668191, 28.2523663], [85.366856, 28.2523676], [85.3668538, 28.2524177], [85.3669053, 28.2524195], [85.3669098, 28.2523185], [85.3668574, 28.2523167], [85.3668573, 28.2523191]]}, "properties": {"source": "osm", "dmg": 1.0, "dmg_class": 3, "dmg_label": "Destroyed", "confidence": null, "bid": "way/1552942042"}}, {"type": "Feature", "geometry": {"type": "LineString", "coordinates": [[85.3670063, 28.2551066], [85.3670633, 28.255083], [85.3670489, 28.2550561], [85.3669919, 28.2550798], [85.3670063, 28.2551066]]}, "properties": {"source": "osm", "dmg": 1.0, "dmg_class": 3, "dmg_label": "Destroyed", "confidence": null, "bid": "way/1552942083"}}, {"type": "Feature", "geometry": {"type": "LineString", "coordinates": [[85.3660419, 28.2577434], [85.3661423, 28.2578085], [85.3663077, 28.2576107], [85.3662073, 28.2575456], [85.3660419, 28.2577434]]}, "properties": {"source": "osm", "dmg": 1.0, "dmg_class": 3, "dmg_label": "Destroyed", "confidence": null, "bid": "way/1553013461"}}, {"type": "Feature", "geometry": {"type": "LineString", "coordinates": [[85.3744434, 28.2646908], [85.3744766, 28.2647006], [85.3745027, 28.2646321], [85.3744695, 28.2646223], [85.3744434, 28.2646908]]}, "properties": {"source": "osm", "dmg": 1.0, "dmg_class": 3, "dmg_label": "Destroyed \u00b7 floods", "confidence": null, "bid": "way/1553294939"}}, {"type": "Feature", "geometry": {"type": "LineString", "coordinates": [[85.1712944, 27.9648997], [85.1713276, 27.9648458], [85.1712694, 27.964818], [85.1712362, 27.9648719], [85.1712944, 27.9648997]]}, "properties": {"source": "osm", "dmg": 1.0, "dmg_class": 3, "dmg_label": "Destroyed", "confidence": null, "bid": "way/341049864"}}, {"type": "Feature", "geometry": {"type": "LineString", "coordinates": [[85.1700942, 27.960125], [85.1700371, 27.9600728], [85.1699947, 27.960109], [85.1700518, 27.9601612], [85.1700942, 27.960125]]}, "properties": {"source": "osm", "dmg": 1.0, "dmg_class": 3, "dmg_label": "Destroyed", "confidence": null, "bid": "way/341587454"}}, {"type": "Feature", "geometry": {"type": "LineString", "coordinates": [[85.1748132, 27.9666458], [85.1747958, 27.9666363], [85.1748208, 27.9666005], [85.1748382, 27.96661], [85.1748132, 27.9666458]]}, "properties": {"source": "osm", "dmg": 1.0, "dmg_class": 3, "dmg_label": "Destroyed", "confidence": null, "bid": "way/341622923"}}, {"type": "Feature", "geometry": {"type": "LineString", "coordinates": [[85.1733626, 27.9657045], [85.1733212, 27.9656766], [85.173356, 27.9656363], [85.1733974, 27.9656642], [85.1733626, 27.9657045]]}, "properties": {"source": "osm", "dmg": 1.0, "dmg_class": 3, "dmg_label": "Destroyed", "confidence": null, "bid": "way/341623051"}}, {"type": "Feature", "geometry": {"type": "LineString", "coordinates": [[85.171646, 27.9625023], [85.171687, 27.9625467], [85.171762, 27.9624927], [85.171721, 27.9624483], [85.171646, 27.9625023]]}, "properties": {"source": "osm", "dmg": 1.0, "dmg_class": 3, "dmg_label": "Destroyed", "confidence": null, "bid": "way/886361362"}}, {"type": "Feature", "geometry": {"type": "LineString", "coordinates": [[85.1793457, 27.9681158], [85.1793847, 27.9681877], [85.1794516, 27.9681594], [85.1794126, 27.9680874], [85.1793457, 27.9681158]]}, "properties": {"source": "osm", "dmg": 1.0, "dmg_class": 3, "dmg_label": "Destroyed", "confidence": null, "bid": "way/886391890"}}, {"type": "Feature", "geometry": {"type": "LineString", "coordinates": [[85.1786609, 27.9673097], [85.1786966, 27.9673512], [85.178761, 27.967308], [85.1787253, 27.9672665], [85.1786609, 27.9673097]]}, "properties": {"source": "osm", "dmg": 1.0, "dmg_class": 3, "dmg_label": "Destroyed", "confidence": null, "bid": "way/1553016720"}}, {"type": "Feature", "geometry": {"type": "LineString", "coordinates": [[85.1521809, 27.9352023], [85.1522842, 27.9352067], [85.1522897, 27.9351057], [85.1521863, 27.9351013], [85.1521809, 27.9352023]]}, "properties": {"source": "osm", "dmg": 1.0, "dmg_class": 3, "dmg_label": "Destroyed", "confidence": null, "bid": "way/341654603"}}, {"type": "Feature", "geometry": {"type": "LineString", "coordinates": [[85.1530337, 27.9357521], [85.1529376, 27.9356997], [85.1529845, 27.9356326], [85.1530806, 27.935685], [85.1530337, 27.9357521]]}, "properties": {"source": "osm", "dmg": 1.0, "dmg_class": 3, "dmg_label": "Destroyed", "confidence": null, "bid": "way/341654780"}}, {"type": "Feature", "geometry": {"type": "LineString", "coordinates": [[85.1492895, 27.9259435], [85.149285, 27.9259038], [85.1493381, 27.9258991], [85.1493426, 27.9259387], [85.1492895, 27.9259435]]}, "properties": {"source": "osm", "dmg": 1.0, "dmg_class": 3, "dmg_label": "Destroyed", "confidence": null, "bid": "way/888538903"}}, {"type": "Feature", "geometry": {"type": "LineString", "coordinates": [[85.1579423, 27.940072], [85.1579792, 27.9400404], [85.1576851, 27.9397715], [85.1576482, 27.939803], [85.1579423, 27.940072]]}, "properties": {"source": "osm", "dmg": 1.0, "dmg_class": 3, "dmg_label": "Destroyed", "confidence": null, "bid": "way/890976916"}}, {"type": "Feature", "geometry": {"type": "LineString", "coordinates": [[85.1539613, 27.9372588], [85.154013, 27.9371988], [85.1539711, 27.9371707], [85.1539195, 27.9372306], [85.1539613, 27.9372588]]}, "properties": {"source": "osm", "dmg": 1.0, "dmg_class": 3, "dmg_label": "Destroyed", "confidence": null, "bid": "way/1552641522"}}, {"type": "Feature", "geometry": {"type": "LineString", "coordinates": [[85.1473063, 27.9304311], [85.1473583, 27.9304214], [85.1473753, 27.9304925], [85.1473233, 27.9305022], [85.1473063, 27.9304311]]}, "properties": {"source": "osm", "dmg": 1.0, "dmg_class": 3, "dmg_label": "Destroyed", "confidence": null, "bid": "way/1553155496"}}, {"type": "Feature", "geometry": {"type": "LineString", "coordinates": [[85.1493356, 27.9330858], [85.1494104, 27.9331131], [85.1494473, 27.9330343], [85.1493725, 27.933007], [85.1493588, 27.9330363], [85.1493356, 27.9330858]]}, "properties": {"source": "osm", "dmg": 1.0, "dmg_class": 3, "dmg_label": "Destroyed", "confidence": null, "bid": "way/1553165900"}}, {"type": "Feature", "geometry": {"type": "LineString", "coordinates": [[85.1490232, 27.9321207], [85.1490605, 27.932168], [85.1491201, 27.9321313], [85.1490828, 27.932084], [85.1490232, 27.9321207]]}, "properties": {"source": "osm", "dmg": 1.0, "dmg_class": 3, "dmg_label": "Destroyed", "confidence": null, "bid": "way/1553165908"}}, {"type": "Feature", "geometry": {"type": "LineString", "coordinates": [[85.1488803, 27.9254455], [85.1489072, 27.925519], [85.1489903, 27.9254953], [85.1489635, 27.9254218], [85.1488803, 27.9254455]]}, "properties": {"source": "osm", "dmg": 1.0, "dmg_class": 3, "dmg_label": "Destroyed", "confidence": null, "bid": "way/1553176619"}}, {"type": "Feature", "geometry": {"type": "LineString", "coordinates": [[85.1494744, 27.9245521], [85.1495911, 27.9245153], [85.1495569, 27.9244306], [85.1494403, 27.9244673], [85.1494744, 27.9245521]]}, "properties": {"source": "osm", "dmg": 1.0, "dmg_class": 3, "dmg_label": "Destroyed", "confidence": null, "bid": "way/1553176622"}}, {"type": "Feature", "geometry": {"type": "LineString", "coordinates": [[85.1478785, 27.9290844], [85.1479191, 27.9290843], [85.1479188, 27.9289576], [85.1478782, 27.9289577], [85.1478785, 27.9290844]]}, "properties": {"source": "osm", "dmg": 1.0, "dmg_class": 3, "dmg_label": "Destroyed", "confidence": null, "bid": "way/890977077"}}, {"type": "Feature", "geometry": {"type": "LineString", "coordinates": [[85.3668413, 28.2569052], [85.3668891, 28.2568807], [85.3668509, 28.2568228], [85.3668031, 28.2568473], [85.3668413, 28.2569052]]}, "properties": {"source": "osm", "dmg": 1.0, "dmg_class": 3, "dmg_label": "Destroyed", "confidence": null, "bid": "way/1553000679"}}, {"type": "Feature", "geometry": {"type": "LineString", "coordinates": [[85.3764721, 28.2695158], [85.3766325, 28.2694594], [85.3766539, 28.2695068], [85.3764935, 28.2695632], [85.3764721, 28.2695158]]}, "properties": {"source": "osm", "dmg": 1.0, "dmg_class": 3, "dmg_label": "Destroyed \u00b7 floods", "confidence": null, "bid": "way/1552917661"}}, {"type": "Feature", "geometry": {"type": "LineString", "coordinates": [[85.362248, 28.2462287], [85.3623982, 28.2463658], [85.3624683, 28.2463062], [85.3623181, 28.2461692], [85.362248, 28.2462287]]}, "properties": {"source": "osm", "dmg": 1.0, "dmg_class": 3, "dmg_label": "Destroyed", "confidence": null, "bid": "way/851368421"}}, {"type": "Feature", "geometry": {"type": "LineString", "coordinates": [[85.3669982, 28.255027], [85.3670992, 28.2550102], [85.367055, 28.254804], [85.366954, 28.2548208], [85.3669982, 28.255027]]}, "properties": {"source": "osm", "dmg": 1.0, "dmg_class": 3, "dmg_label": "Destroyed", "confidence": null, "bid": "way/340624563"}}, {"type": "Feature", "geometry": {"type": "LineString", "coordinates": [[85.3660581, 28.2534847], [85.3660715, 28.2535899], [85.3661383, 28.2535833], [85.3661249, 28.2534781], [85.3660581, 28.2534847]]}, "properties": {"source": "osm", "dmg": 1.0, "dmg_class": 3, "dmg_label": "Destroyed", "confidence": null, "bid": "way/851367103"}}, {"type": "Feature", "geometry": {"type": "LineString", "coordinates": [[85.3660146, 28.2520919], [85.3660709, 28.2521025], [85.3661004, 28.2519808], [85.3660441, 28.2519702], [85.3660146, 28.2520919]]}, "properties": {"source": "osm", "dmg": 1.0, "dmg_class": 3, "dmg_label": "Destroyed", "confidence": null, "bid": "way/853711554"}}, {"type": "Feature", "geometry": {"type": "LineString", "coordinates": [[85.3664944, 28.2534338], [85.3665572, 28.2534261], [85.366549, 28.2533743], [85.3664862, 28.253382], [85.3664944, 28.2534338]]}, "properties": {"source": "osm", "dmg": 1.0, "dmg_class": 3, "dmg_label": "Destroyed", "confidence": null, "bid": "way/1552646440"}}, {"type": "Feature", "geometry": {"type": "LineString", "coordinates": [[85.184923, 27.9710703], [85.1849701, 27.9710605], [85.1849472, 27.9709742], [85.1849, 27.970984], [85.184923, 27.9710703]]}, "properties": {"source": "osm", "dmg": 1.0, "dmg_class": 3, "dmg_label": "Destroyed", "confidence": null, "bid": "way/341462030"}}, {"type": "Feature", "geometry": {"type": "LineString", "coordinates": [[85.1848186, 27.9746643], [85.1848472, 27.9746043], [85.1847263, 27.9745592], [85.1846976, 27.9746192], [85.1848186, 27.9746643]]}, "properties": {"source": "osm", "dmg": 1.0, "dmg_class": 3, "dmg_label": "Destroyed", "confidence": null, "bid": "way/341462084"}}, {"type": "Feature", "geometry": {"type": "LineString", "coordinates": [[85.1740692, 27.9662121], [85.1740988, 27.9661996], [85.1740836, 27.9661715], [85.174054, 27.9661839], [85.1740692, 27.9662121]]}, "properties": {"source": "osm", "dmg": 1.0, "dmg_class": 3, "dmg_label": "Destroyed", "confidence": null, "bid": "way/341622676"}}, {"type": "Feature", "geometry": {"type": "LineString", "coordinates": [[85.3736883, 28.2638563], [85.3737849, 28.2638941], [85.3738273, 28.2638101], [85.3737307, 28.2637723], [85.3736883, 28.2638563]]}, "properties": {"source": "osm", "dmg": 1.0, "dmg_class": 3, "dmg_label": "Destroyed \u00b7 floods", "confidence": null, "bid": "way/851367134"}}, {"type": "Feature", "geometry": {"type": "LineString", "coordinates": [[85.3795208, 28.2805709], [85.3796373, 28.280642], [85.3796842, 28.2805823], [85.3795677, 28.2805112], [85.3795208, 28.2805709]]}, "properties": {"source": "osm", "dmg": 1.0, "dmg_class": 3, "dmg_label": "Destroyed", "confidence": null, "bid": "way/849463480"}}, {"type": "Feature", "geometry": {"type": "LineString", "coordinates": [[85.1532127, 27.935712], [85.153238, 27.9356782], [85.1533011, 27.9357151], [85.1532758, 27.9357489], [85.1532127, 27.935712]]}, "properties": {"source": "osm", "dmg": 1.0, "dmg_class": 3, "dmg_label": "Destroyed", "confidence": null, "bid": "way/341654734"}}, {"type": "Feature", "geometry": {"type": "LineString", "coordinates": [[85.3665589, 28.2511821], [85.3665645, 28.2511828], [85.3665696, 28.251149], [85.3665226, 28.2511434], [85.3665175, 28.251177], [85.3665421, 28.2511799], [85.3665387, 28.2512022], [85.3665556, 28.2512042], [85.3665589, 28.2511821]]}, "properties": {"source": "osm", "dmg": 1.0, "dmg_class": 3, "dmg_label": "Destroyed", "confidence": null, "bid": "way/1553122347"}}, {"type": "Feature", "geometry": {"type": "LineString", "coordinates": [[85.338007, 28.163838], [85.3380563, 28.1637802], [85.3379885, 28.1637353], [85.3379392, 28.1637931], [85.338007, 28.163838]]}, "properties": {"source": "osm", "dmg": 1.0, "dmg_class": 3, "dmg_label": "Destroyed", "confidence": null, "bid": "way/769001602"}}, {"type": "Feature", "geometry": {"type": "LineString", "coordinates": [[85.1727181, 27.9627331], [85.1727669, 27.9627021], [85.172736, 27.962664], [85.1726872, 27.962695], [85.1727181, 27.9627331]]}, "properties": {"source": "osm", "dmg": 1.0, "dmg_class": 3, "dmg_label": "Destroyed", "confidence": null, "bid": "way/341587429"}}, {"type": "Feature", "geometry": {"type": "LineString", "coordinates": [[85.343421, 28.1643376], [85.3434223, 28.1642808], [85.3433407, 28.1642793], [85.3433393, 28.1643361], [85.343421, 28.1643376]]}, "properties": {"source": "osm", "dmg": 1.0, "dmg_class": 3, "dmg_label": "Destroyed", "confidence": null, "bid": "way/1553066604"}}, {"type": "Feature", "geometry": {"type": "LineString", "coordinates": [[85.1717683, 27.9620256], [85.1718803, 27.9619587], [85.1718351, 27.9618997], [85.1717231, 27.9619667], [85.1717683, 27.9620256]]}, "properties": {"source": "osm", "dmg": 1.0, "dmg_class": 3, "dmg_label": "Destroyed", "confidence": null, "bid": "way/1553016015"}}, {"type": "Feature", "geometry": {"type": "LineString", "coordinates": [[85.1803038, 27.9679938], [85.1803413, 27.9680336], [85.1804057, 27.9679862], [85.1803681, 27.9679464], [85.1803038, 27.9679938]]}, "properties": {"source": "osm", "dmg": 1.0, "dmg_class": 3, "dmg_label": "Destroyed", "confidence": null, "bid": "way/1553016718"}}, {"type": "Feature", "geometry": {"type": "LineString", "coordinates": [[85.3785796, 28.2720243], [85.3786341, 28.2720172], [85.3786079, 28.2718606], [85.3785533, 28.2718676], [85.3785796, 28.2720243]]}, "properties": {"source": "osm", "dmg": 1.0, "dmg_class": 3, "dmg_label": "Destroyed \u00b7 floods", "confidence": null, "bid": "way/846902621"}}, {"type": "Feature", "geometry": {"type": "LineString", "coordinates": [[85.3368098, 28.1625094], [85.3368099, 28.1625564], [85.3368829, 28.1625563], [85.3368828, 28.1625092], [85.3368098, 28.1625094]]}, "properties": {"source": "osm", "dmg": 1.0, "dmg_class": 3, "dmg_label": "Destroyed", "confidence": null, "bid": "way/854113220"}}, {"type": "Feature", "geometry": {"type": "LineString", "coordinates": [[85.3366716, 28.1619877], [85.3367681, 28.1619874], [85.3367677, 28.1618547], [85.3366712, 28.1618549], [85.3366716, 28.1619877]]}, "properties": {"source": "osm", "dmg": 1.0, "dmg_class": 3, "dmg_label": "Destroyed", "confidence": null, "bid": "way/854113223"}}, {"type": "Feature", "geometry": {"type": "LineString", "coordinates": [[85.33639, 28.1620522], [85.3364398, 28.162048], [85.3364488, 28.1621303], [85.3365699, 28.1621201], [85.3365655, 28.1620793], [85.3365933, 28.1620769], [85.3365851, 28.1620009], [85.3365588, 28.1620031], [85.3365549, 28.1619675], [85.3365242, 28.1619701], [85.3365141, 28.1618767], [85.3363723, 28.1618886], [85.33639, 28.1620522]]}, "properties": {"source": "osm", "dmg": 1.0, "dmg_class": 3, "dmg_label": "Destroyed", "confidence": null, "bid": "way/854113231"}}, {"type": "Feature", "geometry": {"type": "LineString", "coordinates": [[85.3661473, 28.2514906], [85.3662115, 28.2515316], [85.3662679, 28.251463], [85.3662036, 28.2514221], [85.3661473, 28.2514906]]}, "properties": {"source": "osm", "dmg": 1.0, "dmg_class": 3, "dmg_label": "Destroyed", "confidence": null, "bid": "way/851369402"}}, {"type": "Feature", "geometry": {"type": "LineString", "coordinates": [[85.1085127, 27.8599719], [85.1085725, 27.8599405], [85.1085189, 27.8598606], [85.1084591, 27.8598919], [85.1085127, 27.8599719]]}, "properties": {"source": "osm", "dmg": 1.0, "dmg_class": 3, "dmg_label": "Destroyed", "confidence": null, "bid": "way/342010973"}}, {"type": "Feature", "geometry": {"type": "LineString", "coordinates": [[85.0810567, 27.8555021], [85.081102, 27.8554979], [85.0810955, 27.8554424], [85.0810501, 27.8554466], [85.0810567, 27.8555021]]}, "properties": {"source": "osm", "dmg": 1.0, "dmg_class": 3, "dmg_label": "Destroyed", "confidence": null, "bid": "way/1553076162"}}, {"type": "Feature", "geometry": {"type": "LineString", "coordinates": [[85.1797238, 27.9682109], [85.1797694, 27.9681856], [85.1797317, 27.9681328], [85.1796863, 27.968158], [85.1797238, 27.9682109]]}, "properties": {"source": "osm", "dmg": 1.0, "dmg_class": 3, "dmg_label": "Destroyed", "confidence": null, "bid": "way/704709270"}}, {"type": "Feature", "geometry": {"type": "LineString", "coordinates": [[85.1718916, 27.9625043], [85.171923, 27.9625195], [85.1719455, 27.9624832], [85.1719141, 27.962468], [85.1718916, 27.9625043]]}, "properties": {"source": "osm", "dmg": 1.0, "dmg_class": 3, "dmg_label": "Destroyed", "confidence": null, "bid": "way/886361366"}}, {"type": "Feature", "geometry": {"type": "LineString", "coordinates": [[85.1851889, 27.9706137], [85.1851904, 27.9706405], [85.1852224, 27.9706391], [85.185221, 27.9706124], [85.1851889, 27.9706137]]}, "properties": {"source": "osm", "dmg": 1.0, "dmg_class": 3, "dmg_label": "Destroyed", "confidence": null, "bid": "way/886466494"}}, {"type": "Feature", "geometry": {"type": "LineString", "coordinates": [[85.18334, 27.9700263], [85.1834534, 27.9700737], [85.1834917, 27.9700022], [85.1833784, 27.9699549], [85.18334, 27.9700263]]}, "properties": {"source": "osm", "dmg": 1.0, "dmg_class": 3, "dmg_label": "Destroyed", "confidence": null, "bid": "way/1360231615"}}, {"type": "Feature", "geometry": {"type": "LineString", "coordinates": [[85.1488404, 27.9258236], [85.1488329, 27.9257887], [85.1489218, 27.9257739], [85.1489292, 27.9258089], [85.1488404, 27.9258236]]}, "properties": {"source": "osm", "dmg": 1.0, "dmg_class": 3, "dmg_label": "Destroyed", "confidence": null, "bid": "way/888538901"}}, {"type": "Feature", "geometry": {"type": "LineString", "coordinates": [[85.1573924, 27.9406152], [85.1574625, 27.9406706], [85.1575055, 27.9406281], [85.1574354, 27.9405727], [85.1573924, 27.9406152]]}, "properties": {"source": "osm", "dmg": 1.0, "dmg_class": 3, "dmg_label": "Destroyed", "confidence": null, "bid": "way/1553091917"}}, {"type": "Feature", "geometry": {"type": "LineString", "coordinates": [[85.1501517, 27.9253827], [85.1500069, 27.9253768], [85.150004, 27.9254322], [85.1501488, 27.9254381], [85.1501517, 27.9253827]]}, "properties": {"source": "osm", "dmg": 1.0, "dmg_class": 3, "dmg_label": "Destroyed", "confidence": null, "bid": "way/1553138022"}}, {"type": "Feature", "geometry": {"type": "LineString", "coordinates": [[85.1491714, 27.9248317], [85.1492078, 27.9248175], [85.149177, 27.9247558], [85.1491405, 27.9247701], [85.1491714, 27.9248317]]}, "properties": {"source": "osm", "dmg": 1.0, "dmg_class": 3, "dmg_label": "Destroyed", "confidence": null, "bid": "way/1553176618"}}, {"type": "Feature", "geometry": {"type": "LineString", "coordinates": [[85.3779081, 28.2724404], [85.3779623, 28.2724398], [85.377961, 28.2723377], [85.3779068, 28.2723382], [85.3779081, 28.2724404]]}, "properties": {"source": "osm", "dmg": 1.0, "dmg_class": 3, "dmg_label": "Destroyed \u00b7 floods", "confidence": null, "bid": "way/846902619"}}, {"type": "Feature", "geometry": {"type": "LineString", "coordinates": [[85.1842075, 27.9738215], [85.1842056, 27.9738439], [85.1842459, 27.9738464], [85.1842477, 27.973824], [85.1842075, 27.9738215]]}, "properties": {"source": "osm", "dmg": 1.0, "dmg_class": 3, "dmg_label": "Destroyed", "confidence": null, "bid": "way/341461828"}}, {"type": "Feature", "geometry": {"type": "LineString", "coordinates": [[85.3789912, 28.2799079], [85.379043, 28.2799448], [85.3791117, 28.2798699], [85.3790599, 28.279833], [85.3789912, 28.2799079]]}, "properties": {"source": "osm", "dmg": 1.0, "dmg_class": 3, "dmg_label": "Destroyed", "confidence": null, "bid": "way/341558551"}}, {"type": "Feature", "geometry": {"type": "LineString", "coordinates": [[85.3787953, 28.2797896], [85.3788182, 28.2798083], [85.3788423, 28.2797852], [85.3788194, 28.2797666], [85.3787953, 28.2797896]]}, "properties": {"source": "osm", "dmg": 1.0, "dmg_class": 3, "dmg_label": "Destroyed", "confidence": null, "bid": "way/849463474"}}, {"type": "Feature", "geometry": {"type": "LineString", "coordinates": [[85.3779175, 28.2806264], [85.3779799, 28.2806299], [85.3779827, 28.2805912], [85.3779203, 28.2805877], [85.3779175, 28.2806264]]}, "properties": {"source": "osm", "dmg": 1.0, "dmg_class": 3, "dmg_label": "Destroyed", "confidence": null, "bid": "way/846902684"}}, {"type": "Feature", "geometry": {"type": "LineString", "coordinates": [[85.3760858, 28.2654896], [85.3761085, 28.2655262], [85.3761481, 28.2655071], [85.3761594, 28.2655253], [85.3762274, 28.2654925], [85.3761935, 28.2654378], [85.3760858, 28.2654896]]}, "properties": {"source": "osm", "dmg": 1.0, "dmg_class": 3, "dmg_label": "Destroyed \u00b7 floods", "confidence": null, "bid": "way/340605208"}}, {"type": "Feature", "geometry": {"type": "LineString", "coordinates": [[85.3769875, 28.2675829], [85.3770377, 28.2675593], [85.3769639, 28.2674377], [85.3769137, 28.2674613], [85.3769875, 28.2675829]]}, "properties": {"source": "osm", "dmg": 1.0, "dmg_class": 3, "dmg_label": "Destroyed \u00b7 floods", "confidence": null, "bid": "way/846902670"}}, {"type": "Feature", "geometry": {"type": "LineString", "coordinates": [[85.3734416, 28.2631404], [85.3734738, 28.2632373], [85.3735613, 28.2632147], [85.3735291, 28.2631179], [85.3734416, 28.2631404]]}, "properties": {"source": "osm", "dmg": 1.0, "dmg_class": 3, "dmg_label": "Destroyed \u00b7 floods", "confidence": null, "bid": "way/851367131"}}, {"type": "Feature", "geometry": {"type": "LineString", "coordinates": [[85.1793555, 27.9678541], [85.1794236, 27.9678035], [85.1793666, 27.9677437], [85.1792985, 27.9677943], [85.1793555, 27.9678541]]}, "properties": {"source": "osm", "dmg": 1.0, "dmg_class": 3, "dmg_label": "Destroyed", "confidence": null, "bid": "way/704709264"}}, {"type": "Feature", "geometry": {"type": "LineString", "coordinates": [[85.1853902, 27.9709263], [85.1853755, 27.9708773], [85.185477, 27.9708536], [85.1854917, 27.9709025], [85.1853902, 27.9709263]]}, "properties": {"source": "osm", "dmg": 1.0, "dmg_class": 3, "dmg_label": "Destroyed", "confidence": null, "bid": "way/1553027477"}}, {"type": "Feature", "geometry": {"type": "LineString", "coordinates": [[85.1494809, 27.9262762], [85.1494653, 27.92617], [85.1495749, 27.9261575], [85.1495904, 27.9262636], [85.1494809, 27.9262762]]}, "properties": {"source": "osm", "dmg": 1.0, "dmg_class": 3, "dmg_label": "Destroyed", "confidence": null, "bid": "way/888538909"}}, {"type": "Feature", "geometry": {"type": "LineString", "coordinates": [[85.3588745, 28.2374187], [85.3589244, 28.2373663], [85.3589007, 28.2373488], [85.3588508, 28.2374012], [85.3588745, 28.2374187]]}, "properties": {"source": "osm", "dmg": 1.0, "dmg_class": 3, "dmg_label": "Destroyed", "confidence": null, "bid": "way/1552920308"}}, {"type": "Feature", "geometry": {"type": "LineString", "coordinates": [[85.3760572, 28.2654198], [85.3760938, 28.2654711], [85.37615, 28.26544], [85.3761134, 28.2653887], [85.3760572, 28.2654198]]}, "properties": {"source": "osm", "dmg": 1.0, "dmg_class": 3, "dmg_label": "Destroyed \u00b7 floods", "confidence": null, "bid": "way/340605207"}}, {"type": "Feature", "geometry": {"type": "LineString", "coordinates": [[85.3738582, 28.2640393], [85.3737831, 28.2641574], [85.3738514, 28.2641911], [85.3739265, 28.264073], [85.3738582, 28.2640393]]}, "properties": {"source": "osm", "dmg": 1.0, "dmg_class": 3, "dmg_label": "Destroyed \u00b7 floods", "confidence": null, "bid": "way/851367130"}}, {"type": "Feature", "geometry": {"type": "LineString", "coordinates": [[85.3666227, 28.2556434], [85.3666944, 28.2556438], [85.3666948, 28.2555878], [85.3666231, 28.2555873], [85.3666227, 28.2556434]]}, "properties": {"source": "osm", "dmg": 1.0, "dmg_class": 3, "dmg_label": "Destroyed", "confidence": null, "bid": "way/1552855511"}}, {"type": "Feature", "geometry": {"type": "LineString", "coordinates": [[85.1563842, 27.9390398], [85.1564298, 27.938993], [85.1564905, 27.9390391], [85.1564449, 27.9390859], [85.1563842, 27.9390398]]}, "properties": {"source": "osm", "dmg": 1.0, "dmg_class": 3, "dmg_label": "Destroyed", "confidence": null, "bid": "way/341698549"}}, {"type": "Feature", "geometry": {"type": "LineString", "coordinates": [[85.3782722, 28.2799514], [85.378289, 28.2799646], [85.3783346, 28.2799198], [85.3783178, 28.2799065], [85.3782722, 28.2799514]]}, "properties": {"source": "osm", "dmg": 1.0, "dmg_class": 3, "dmg_label": "Destroyed", "confidence": null, "bid": "way/849463423"}}, {"type": "Feature", "geometry": {"type": "LineString", "coordinates": [[85.3378487, 28.1637807], [85.3379008, 28.1638118], [85.3379625, 28.1637314], [85.3379104, 28.1637003], [85.3378487, 28.1637807]]}, "properties": {"source": "osm", "dmg": 1.0, "dmg_class": 3, "dmg_label": "Destroyed", "confidence": null, "bid": "way/854385621"}}, {"type": "Feature", "geometry": {"type": "LineString", "coordinates": [[85.171034, 27.9604561], [85.1710787, 27.9605034], [85.1712008, 27.9604133], [85.1711561, 27.9603661], [85.171034, 27.9604561]]}, "properties": {"source": "osm", "dmg": 1.0, "dmg_class": 3, "dmg_label": "Destroyed", "confidence": null, "bid": "way/1552893390"}}, {"type": "Feature", "geometry": {"type": "LineString", "coordinates": [[85.10961, 27.8603863], [85.1096819, 27.8603382], [85.109792, 27.860467], [85.1097201, 27.8605151], [85.10961, 27.8603863]]}, "properties": {"source": "osm", "dmg": 1.0, "dmg_class": 3, "dmg_label": "Destroyed", "confidence": null, "bid": "way/342003411"}}, {"type": "Feature", "geometry": {"type": "LineString", "coordinates": [[85.1084456, 27.8598486], [85.1084691, 27.8598815], [85.1085634, 27.8598288], [85.1085398, 27.8597959], [85.1084456, 27.8598486]]}, "properties": {"source": "osm", "dmg": 1.0, "dmg_class": 3, "dmg_label": "Destroyed", "confidence": null, "bid": "way/342003415"}}, {"type": "Feature", "geometry": {"type": "LineString", "coordinates": [[85.1085507, 27.8600236], [85.1086149, 27.8599864], [85.1085806, 27.8599401], [85.1085164, 27.8599773], [85.1085507, 27.8600236]]}, "properties": {"source": "osm", "dmg": 1.0, "dmg_class": 3, "dmg_label": "Destroyed", "confidence": null, "bid": "way/342010727"}}, {"type": "Feature", "geometry": {"type": "LineString", "coordinates": [[85.1085003, 27.8597956], [85.1085291, 27.8597701], [85.1084892, 27.8597349], [85.1084604, 27.8597604], [85.1085003, 27.8597956]]}, "properties": {"source": "osm", "dmg": 1.0, "dmg_class": 3, "dmg_label": "Destroyed", "confidence": null, "bid": "way/342010778"}}, {"type": "Feature", "geometry": {"type": "LineString", "coordinates": [[85.1093082, 27.8607134], [85.1093478, 27.8606749], [85.1091441, 27.8605108], [85.1091045, 27.8605492], [85.1093082, 27.8607134]]}, "properties": {"source": "osm", "dmg": 1.0, "dmg_class": 3, "dmg_label": "Destroyed", "confidence": null, "bid": "way/342010930"}}, {"type": "Feature", "geometry": {"type": "LineString", "coordinates": [[85.1084045, 27.8619305], [85.1085171, 27.8620408], [85.1085863, 27.8619855], [85.1084736, 27.8618753], [85.1084045, 27.8619305]]}, "properties": {"source": "osm", "dmg": 1.0, "dmg_class": 3, "dmg_label": "Destroyed", "confidence": null, "bid": "way/1552587194"}}, {"type": "Feature", "geometry": {"type": "LineString", "coordinates": [[85.097032, 27.8608099], [85.0970301, 27.8607446], [85.0971041, 27.8607429], [85.0971059, 27.8608083], [85.097032, 27.8608099]]}, "properties": {"source": "osm", "dmg": 1.0, "dmg_class": 3, "dmg_label": "Destroyed", "confidence": null, "bid": "way/1552749729"}}, {"type": "Feature", "geometry": {"type": "LineString", "coordinates": [[85.1077527, 27.8594003], [85.1077683, 27.859449], [85.1078196, 27.8594361], [85.107804, 27.8593874], [85.1077527, 27.8594003]]}, "properties": {"source": "osm", "dmg": 1.0, "dmg_class": 3, "dmg_label": "Destroyed", "confidence": null, "bid": "way/1553089614"}}, {"type": "Feature", "geometry": {"type": "LineString", "coordinates": [[85.1095916, 27.8601889], [85.1095338, 27.8602296], [85.1096015, 27.8603047], [85.1096593, 27.860264], [85.1095916, 27.8601889]]}, "properties": {"source": "osm", "dmg": 1.0, "dmg_class": 3, "dmg_label": "Destroyed", "confidence": null, "bid": "way/1553089616"}}, {"type": "Feature", "geometry": {"type": "LineString", "coordinates": [[85.1087907, 27.8616282], [85.108834, 27.8616688], [85.108881, 27.8616297], [85.1088376, 27.861589], [85.1087907, 27.8616282]]}, "properties": {"source": "osm", "dmg": 1.0, "dmg_class": 3, "dmg_label": "Destroyed", "confidence": null, "bid": "way/1553089645"}}, {"type": "Feature", "geometry": {"type": "LineString", "coordinates": [[85.1716036, 27.9652917], [85.1716293, 27.965235], [85.171696, 27.9652585], [85.1716703, 27.9653153], [85.1716036, 27.9652917]]}, "properties": {"source": "osm", "dmg": 1.0, "dmg_class": 3, "dmg_label": "Destroyed", "confidence": null, "bid": "way/341049874"}}, {"type": "Feature", "geometry": {"type": "LineString", "coordinates": [[85.1748704, 27.9664715], [85.1749382, 27.9663283], [85.1748696, 27.966303], [85.1748018, 27.9664461], [85.1748704, 27.9664715]]}, "properties": {"source": "osm", "dmg": 1.0, "dmg_class": 3, "dmg_label": "Destroyed", "confidence": null, "bid": "way/341355836"}}, {"type": "Feature", "geometry": {"type": "LineString", "coordinates": [[85.1694491, 27.9640553], [85.1694305, 27.9640407], [85.1694486, 27.9640228], [85.1694672, 27.9640374], [85.1694491, 27.9640553]]}, "properties": {"source": "osm", "dmg": 1.0, "dmg_class": 3, "dmg_label": "Destroyed", "confidence": null, "bid": "way/341587404"}}, {"type": "Feature", "geometry": {"type": "LineString", "coordinates": [[85.1843206, 27.9701329], [85.184389, 27.9701133], [85.1843487, 27.9700039], [85.1842803, 27.9700235], [85.1843206, 27.9701329]]}, "properties": {"source": "osm", "dmg": 1.0, "dmg_class": 3, "dmg_label": "Destroyed", "confidence": null, "bid": "way/346560100"}}, {"type": "Feature", "geometry": {"type": "LineString", "coordinates": [[85.1833737, 27.9697981], [85.1834464, 27.9698174], [85.1834899, 27.9696898], [85.1834172, 27.9696705], [85.1833737, 27.9697981]]}, "properties": {"source": "osm", "dmg": 1.0, "dmg_class": 3, "dmg_label": "Destroyed", "confidence": null, "bid": "way/886388184"}}, {"type": "Feature", "geometry": {"type": "LineString", "coordinates": [[85.1789159, 27.9670902], [85.1789517, 27.9670582], [85.1789759, 27.9670792], [85.1789402, 27.9671113], [85.1789159, 27.9670902]]}, "properties": {"source": "osm", "dmg": 1.0, "dmg_class": 3, "dmg_label": "Destroyed", "confidence": null, "bid": "way/1552643508"}}, {"type": "Feature", "geometry": {"type": "LineString", "coordinates": [[85.1839181, 27.9701963], [85.1839123, 27.9700353], [85.1840587, 27.9700311], [85.1840646, 27.9701922], [85.1839181, 27.9701963]]}, "properties": {"source": "osm", "dmg": 1.0, "dmg_class": 3, "dmg_label": "Destroyed", "confidence": null, "bid": "way/1552644570"}}, {"type": "Feature", "geometry": {"type": "LineString", "coordinates": [[85.1711923, 27.9649597], [85.1712266, 27.9649749], [85.1712508, 27.9649322], [85.1712164, 27.9649171], [85.1711923, 27.9649597]]}, "properties": {"source": "osm", "dmg": 1.0, "dmg_class": 3, "dmg_label": "Destroyed", "confidence": null, "bid": "way/1552890528"}}, {"type": "Feature", "geometry": {"type": "LineString", "coordinates": [[85.1724657, 27.9626564], [85.1725149, 27.9627046], [85.1725773, 27.9626548], [85.172528, 27.9626066], [85.1724657, 27.9626564]]}, "properties": {"source": "osm", "dmg": 1.0, "dmg_class": 3, "dmg_label": "Destroyed", "confidence": null, "bid": "way/1553016005"}}, {"type": "Feature", "geometry": {"type": "LineString", "coordinates": [[85.1720372, 27.9655531], [85.1720949, 27.9655768], [85.1721518, 27.9654686], [85.1720942, 27.965445], [85.1720372, 27.9655531]]}, "properties": {"source": "osm", "dmg": 1.0, "dmg_class": 3, "dmg_label": "Destroyed", "confidence": null, "bid": "way/1553120405"}}, {"type": "Feature", "geometry": {"type": "LineString", "coordinates": [[85.1844504, 27.9702857], [85.1846335, 27.9702188], [85.1845886, 27.970123], [85.1844055, 27.9701899], [85.1844504, 27.9702857]]}, "properties": {"source": "osm", "dmg": 1.0, "dmg_class": 3, "dmg_label": "Destroyed", "confidence": null, "bid": "way/1553122726"}}, {"type": "Feature", "geometry": {"type": "LineString", "coordinates": [[85.1501528, 27.9236793], [85.15042, 27.923651], [85.1504349, 27.9237609], [85.1501677, 27.9237892], [85.1501528, 27.9236793]]}, "properties": {"source": "osm", "dmg": 1.0, "dmg_class": 3, "dmg_label": "Destroyed", "confidence": null, "bid": "way/341654700"}}, {"type": "Feature", "geometry": {"type": "LineString", "coordinates": [[85.1565261, 27.9390322], [85.1565716, 27.9390636], [85.1565079, 27.9391356], [85.1564624, 27.9391042], [85.1565261, 27.9390322]]}, "properties": {"source": "osm", "dmg": 1.0, "dmg_class": 3, "dmg_label": "Destroyed", "confidence": null, "bid": "way/341698550"}}, {"type": "Feature", "geometry": {"type": "LineString", "coordinates": [[85.155525, 27.9384595], [85.1555411, 27.9384401], [85.1556065, 27.9384824], [85.1555903, 27.9385018], [85.155525, 27.9384595]]}, "properties": {"source": "osm", "dmg": 1.0, "dmg_class": 3, "dmg_label": "Destroyed", "confidence": null, "bid": "way/341698556"}}, {"type": "Feature", "geometry": {"type": "LineString", "coordinates": [[85.1548513, 27.937808], [85.1548723, 27.9377804], [85.1549032, 27.9377988], [85.1548823, 27.9378264], [85.1548513, 27.937808]]}, "properties": {"source": "osm", "dmg": 1.0, "dmg_class": 3, "dmg_label": "Destroyed", "confidence": null, "bid": "way/341698559"}}, {"type": "Feature", "geometry": {"type": "LineString", "coordinates": [[85.1532986, 27.9363173], [85.1533871, 27.9362132], [85.1534487, 27.9362541], [85.1533602, 27.9363581], [85.1532986, 27.9363173]]}, "properties": {"source": "osm", "dmg": 1.0, "dmg_class": 3, "dmg_label": "Destroyed", "confidence": null, "bid": "way/341698564"}}, {"type": "Feature", "geometry": {"type": "LineString", "coordinates": [[85.1566625, 27.9394211], [85.1566193, 27.9394483], [85.1565874, 27.9394088], [85.1566307, 27.9393816], [85.1566625, 27.9394211]]}, "properties": {"source": "osm", "dmg": 1.0, "dmg_class": 3, "dmg_label": "Destroyed", "confidence": null, "bid": "way/342148047"}}, {"type": "Feature", "geometry": {"type": "LineString", "coordinates": [[85.1496434, 27.9252927], [85.1496528, 27.925141], [85.1495659, 27.9251368], [85.1495565, 27.9252885], [85.1496434, 27.9252927]]}, "properties": {"source": "osm", "dmg": 1.0, "dmg_class": 3, "dmg_label": "Destroyed", "confidence": null, "bid": "way/512730542"}}, {"type": "Feature", "geometry": {"type": "LineString", "coordinates": [[85.1485973, 27.9248733], [85.1486265, 27.9248601], [85.1486635, 27.924924], [85.1486343, 27.9249372], [85.1485973, 27.9248733]]}, "properties": {"source": "osm", "dmg": 1.0, "dmg_class": 3, "dmg_label": "Destroyed", "confidence": null, "bid": "way/888538473"}}, {"type": "Feature", "geometry": {"type": "LineString", "coordinates": [[85.1487789, 27.925783], [85.148771, 27.9257446], [85.1488796, 27.9257271], [85.1488875, 27.9257655], [85.1487789, 27.925783]]}, "properties": {"source": "osm", "dmg": 1.0, "dmg_class": 3, "dmg_label": "Destroyed", "confidence": null, "bid": "way/888538900"}}, {"type": "Feature", "geometry": {"type": "LineString", "coordinates": [[85.1578656, 27.9401442], [85.1579032, 27.9401133], [85.1576331, 27.9398568], [85.1575955, 27.9398878], [85.1578656, 27.9401442]]}, "properties": {"source": "osm", "dmg": 1.0, "dmg_class": 3, "dmg_label": "Destroyed", "confidence": null, "bid": "way/890976915"}}, {"type": "Feature", "geometry": {"type": "LineString", "coordinates": [[85.1477967, 27.9293013], [85.1478523, 27.9293011], [85.1478517, 27.9290903], [85.1477961, 27.9290905], [85.1477967, 27.9293013]]}, "properties": {"source": "osm", "dmg": 1.0, "dmg_class": 3, "dmg_label": "Destroyed", "confidence": null, "bid": "way/890977076"}}, {"type": "Feature", "geometry": {"type": "LineString", "coordinates": [[85.1524819, 27.9306514], [85.1525174, 27.9307034], [85.1525529, 27.9306845], [85.1525174, 27.9306325], [85.1524819, 27.9306514]]}, "properties": {"source": "osm", "dmg": 1.0, "dmg_class": 3, "dmg_label": "Destroyed", "confidence": null, "bid": "way/890977303"}}, {"type": "Feature", "geometry": {"type": "LineString", "coordinates": [[85.1523511, 27.9304097], [85.1523866, 27.9304232], [85.1523947, 27.9304066], [85.1523592, 27.9303931], [85.1523511, 27.9304097]]}, "properties": {"source": "osm", "dmg": 1.0, "dmg_class": 3, "dmg_label": "Destroyed", "confidence": null, "bid": "way/890977304"}}, {"type": "Feature", "geometry": {"type": "LineString", "coordinates": [[85.1525483, 27.9303955], [85.1525897, 27.9303924], [85.1525873, 27.930368], [85.1525459, 27.9303711], [85.1525483, 27.9303955]]}, "properties": {"source": "osm", "dmg": 1.0, "dmg_class": 3, "dmg_label": "Destroyed", "confidence": null, "bid": "way/890977305"}}, {"type": "Feature", "geometry": {"type": "LineString", "coordinates": [[85.1586999, 27.942396], [85.1587289, 27.9424356], [85.1587872, 27.9424024], [85.1587582, 27.9423627], [85.1587363, 27.9423752], [85.1586999, 27.942396]]}, "properties": {"source": "osm", "dmg": 1.0, "dmg_class": 3, "dmg_label": "Destroyed", "confidence": null, "bid": "way/891929255"}}, {"type": "Feature", "geometry": {"type": "LineString", "coordinates": [[85.1507984, 27.9240619], [85.1508117, 27.9241243], [85.1508714, 27.9241143], [85.1508581, 27.9240519], [85.1507984, 27.9240619]]}, "properties": {"source": "osm", "dmg": 1.0, "dmg_class": 3, "dmg_label": "Destroyed", "confidence": null, "bid": "way/891929321"}}, {"type": "Feature", "geometry": {"type": "LineString", "coordinates": [[85.1602677, 27.9460933], [85.1603949, 27.9460336], [85.1604255, 27.9460845], [85.1602983, 27.9461442], [85.1602677, 27.9460933]]}, "properties": {"source": "osm", "dmg": 1.0, "dmg_class": 3, "dmg_label": "Destroyed", "confidence": null, "bid": "way/1552973628"}}, {"type": "Feature", "geometry": {"type": "LineString", "coordinates": [[85.1580401, 27.9408461], [85.1580751, 27.9408755], [85.1581287, 27.9408259], [85.1580937, 27.9407964], [85.1580401, 27.9408461]]}, "properties": {"source": "osm", "dmg": 1.0, "dmg_class": 3, "dmg_label": "Destroyed", "confidence": null, "bid": "way/1553091919"}}, {"type": "Feature", "geometry": {"type": "LineString", "coordinates": [[85.1560061, 27.9382594], [85.1559711, 27.9382298], [85.1561402, 27.9380738], [85.1561752, 27.9381034], [85.1560061, 27.9382594]]}, "properties": {"source": "osm", "dmg": 1.0, "dmg_class": 3, "dmg_label": "Destroyed", "confidence": null, "bid": "way/1553091926"}}, {"type": "Feature", "geometry": {"type": "LineString", "coordinates": [[85.1505487, 27.9230957], [85.1506037, 27.9230614], [85.1505633, 27.9230109], [85.1505083, 27.9230453], [85.1505487, 27.9230957]]}, "properties": {"source": "osm", "dmg": 1.0, "dmg_class": 3, "dmg_label": "Destroyed", "confidence": null, "bid": "way/1553138003"}}, {"type": "Feature", "geometry": {"type": "LineString", "coordinates": [[85.1500334, 27.9240846], [85.1504038, 27.9240331], [85.1503773, 27.9238841], [85.1502733, 27.9238986], [85.1502872, 27.9239768], [85.1501162, 27.9240006], [85.1501027, 27.9239248], [85.1500073, 27.9239381], [85.1500334, 27.9240846]]}, "properties": {"source": "osm", "dmg": 1.0, "dmg_class": 3, "dmg_label": "Destroyed", "confidence": null, "bid": "way/1553138019"}}, {"type": "Feature", "geometry": {"type": "LineString", "coordinates": [[85.1500041, 27.926214], [85.1501313, 27.9262185], [85.1501386, 27.926058], [85.1500781, 27.9260559], [85.1500817, 27.925978], [85.1500149, 27.9259757], [85.1500041, 27.926214]]}, "properties": {"source": "osm", "dmg": 1.0, "dmg_class": 3, "dmg_label": "Destroyed", "confidence": null, "bid": "way/1553138029"}}, {"type": "Feature", "geometry": {"type": "LineString", "coordinates": [[85.1608976, 27.9463828], [85.1608602, 27.9463144], [85.1609154, 27.9462908], [85.1609267, 27.9463114], [85.1610129, 27.9462746], [85.1610391, 27.9463225], [85.1608976, 27.9463828]]}, "properties": {"source": "osm", "dmg": 1.0, "dmg_class": 3, "dmg_label": "Destroyed", "confidence": null, "bid": "way/1553150024"}}, {"type": "Feature", "geometry": {"type": "LineString", "coordinates": [[85.1610012, 27.9463945], [85.160983, 27.9463558], [85.1610748, 27.9463222], [85.161093, 27.9463609], [85.1610012, 27.9463945]]}, "properties": {"source": "osm", "dmg": 1.0, "dmg_class": 3, "dmg_label": "Destroyed", "confidence": null, "bid": "way/1553150026"}}, {"type": "Feature", "geometry": {"type": "LineString", "coordinates": [[85.1613541, 27.9474297], [85.1613948, 27.9474103], [85.1613657, 27.9473627], [85.161325, 27.9473821], [85.1613541, 27.9474297]]}, "properties": {"source": "osm", "dmg": 1.0, "dmg_class": 3, "dmg_label": "Destroyed", "confidence": null, "bid": "way/1553150988"}}, {"type": "Feature", "geometry": {"type": "LineString", "coordinates": [[85.161379, 27.9472961], [85.1613648, 27.947268], [85.1614008, 27.9472539], [85.1614149, 27.947282], [85.161379, 27.9472961]]}, "properties": {"source": "osm", "dmg": 1.0, "dmg_class": 3, "dmg_label": "Destroyed", "confidence": null, "bid": "way/1553150989"}}, {"type": "Feature", "geometry": {"type": "LineString", "coordinates": [[85.1474745, 27.9295138], [85.1475577, 27.929521], [85.147565, 27.9294641], [85.1474829, 27.9294559], [85.1474745, 27.9295138]]}, "properties": {"source": "osm", "dmg": 1.0, "dmg_class": 3, "dmg_label": "Destroyed", "confidence": null, "bid": "way/1553155460"}}, {"type": "Feature", "geometry": {"type": "LineString", "coordinates": [[85.1489743, 27.9320301], [85.1490212, 27.9320968], [85.1490867, 27.9320607], [85.1490398, 27.9319941], [85.1489743, 27.9320301]]}, "properties": {"source": "osm", "dmg": 1.0, "dmg_class": 3, "dmg_label": "Destroyed", "confidence": null, "bid": "way/1553165907"}}, {"type": "Feature", "geometry": {"type": "LineString", "coordinates": [[85.3586468, 28.2411973], [85.3587046, 28.2411986], [85.3587093, 28.2410371], [85.3586516, 28.2410358], [85.3586468, 28.2411973]]}, "properties": {"source": "osm", "dmg": 1.0, "dmg_class": 3, "dmg_label": "Destroyed", "confidence": null, "bid": "way/846885636"}}, {"type": "Feature", "geometry": {"type": "LineString", "coordinates": [[85.3586266, 28.2425415], [85.3586966, 28.2424964], [85.3585454, 28.2423143], [85.3584754, 28.2423594], [85.3586266, 28.2425415]]}, "properties": {"source": "osm", "dmg": 1.0, "dmg_class": 3, "dmg_label": "Destroyed", "confidence": null, "bid": "way/846885646"}}, {"type": "Feature", "geometry": {"type": "LineString", "coordinates": [[85.3587075, 28.2428891], [85.358733, 28.2428835], [85.3587778, 28.2428738], [85.3586872, 28.2425488], [85.3586169, 28.242564], [85.3587075, 28.2428891]]}, "properties": {"source": "osm", "dmg": 1.0, "dmg_class": 3, "dmg_label": "Destroyed", "confidence": null, "bid": "way/846885649"}}, {"type": "Feature", "geometry": {"type": "LineString", "coordinates": [[85.3588707, 28.2430551], [85.3588673, 28.2430123], [85.3587907, 28.243017], [85.358794, 28.2430599], [85.3588707, 28.2430551]]}, "properties": {"source": "osm", "dmg": 1.0, "dmg_class": 3, "dmg_label": "Destroyed", "confidence": null, "bid": "way/853711560"}}, {"type": "Feature", "geometry": {"type": "LineString", "coordinates": [[85.3584835, 28.2416445], [85.3587, 28.2416469], [85.3587006, 28.2416042], [85.3584841, 28.2416018], [85.3584835, 28.2416445]]}, "properties": {"source": "osm", "dmg": 1.0, "dmg_class": 3, "dmg_label": "Destroyed", "confidence": null, "bid": "way/853711563"}}, {"type": "Feature", "geometry": {"type": "LineString", "coordinates": [[85.3589175, 28.243128], [85.3591274, 28.2434394], [85.3591935, 28.2434048], [85.3589836, 28.2430934], [85.3589175, 28.243128]]}, "properties": {"source": "osm", "dmg": 1.0, "dmg_class": 3, "dmg_label": "Destroyed", "confidence": null, "bid": "way/886474955"}}, {"type": "Feature", "geometry": {"type": "LineString", "coordinates": [[85.3583752, 28.2377657], [85.3584326, 28.2377867], [85.3585215, 28.2375989], [85.358464, 28.2375778], [85.3583752, 28.2377657]]}, "properties": {"source": "osm", "dmg": 1.0, "dmg_class": 3, "dmg_label": "Destroyed", "confidence": null, "bid": "way/1552575629"}}, {"type": "Feature", "geometry": {"type": "LineString", "coordinates": [[85.3583461, 28.2359842], [85.3584416, 28.2357909], [85.3585549, 28.2358345], [85.3584735, 28.2360403], [85.3583461, 28.2359842]]}, "properties": {"source": "osm", "dmg": 1.0, "dmg_class": 3, "dmg_label": "Destroyed", "confidence": null, "bid": "way/1552759018"}}, {"type": "Feature", "geometry": {"type": "LineString", "coordinates": [[85.3581278, 28.2365661], [85.3580826, 28.2365481], [85.3581562, 28.2364043], [85.3582014, 28.2364223], [85.3581278, 28.2365661]]}, "properties": {"source": "osm", "dmg": 1.0, "dmg_class": 3, "dmg_label": "Destroyed", "confidence": null, "bid": "way/1552890617"}}, {"type": "Feature", "geometry": {"type": "LineString", "coordinates": [[85.361389, 28.2266797], [85.3614193, 28.2265759], [85.3616472, 28.2266275], [85.3616169, 28.2267313], [85.361389, 28.2266797]]}, "properties": {"source": "osm", "dmg": 1.0, "dmg_class": 3, "dmg_label": "Destroyed", "confidence": null, "bid": "way/1553323103"}}, {"type": "Feature", "geometry": {"type": "LineString", "coordinates": [[85.3779034, 28.2725904], [85.3780107, 28.2726022], [85.3780201, 28.2725364], [85.3779128, 28.2725246], [85.3779034, 28.2725904]]}, "properties": {"source": "osm", "dmg": 1.0, "dmg_class": 3, "dmg_label": "Destroyed \u00b7 floods", "confidence": null, "bid": "way/846902614"}}, {"type": "Feature", "geometry": {"type": "LineString", "coordinates": [[85.3766625, 28.2735631], [85.3767359, 28.2735621], [85.3767326, 28.2733327], [85.376659, 28.2733335], [85.3766625, 28.2735631]]}, "properties": {"source": "osm", "dmg": 1.0, "dmg_class": 3, "dmg_label": "Destroyed \u00b7 floods", "confidence": null, "bid": "way/846902636"}}, {"type": "Feature", "geometry": {"type": "LineString", "coordinates": [[85.3766911, 28.2697238], [85.3767541, 28.2697043], [85.3768205, 28.269908], [85.3767514, 28.2699228], [85.3766911, 28.2697238]]}, "properties": {"source": "osm", "dmg": 1.0, "dmg_class": 3, "dmg_label": "Destroyed \u00b7 floods", "confidence": null, "bid": "way/1552917666"}}, {"type": "Feature", "geometry": {"type": "LineString", "coordinates": [[85.3585077, 28.2411784], [85.3585581, 28.2411779], [85.358556, 28.2410212], [85.3585056, 28.2410217], [85.3585077, 28.2411784]]}, "properties": {"source": "osm", "dmg": 1.0, "dmg_class": 3, "dmg_label": "Destroyed", "confidence": null, "bid": "way/846885638"}}, {"type": "Feature", "geometry": {"type": "LineString", "coordinates": [[85.3372807, 28.1633509], [85.3373404, 28.1633952], [85.3373807, 28.1633531], [85.337321, 28.1633088], [85.3372807, 28.1633509]]}, "properties": {"source": "osm", "dmg": 1.0, "dmg_class": 3, "dmg_label": "Destroyed", "confidence": null, "bid": "way/854113212"}}, {"type": "Feature", "geometry": {"type": "LineString", "coordinates": [[85.3372486, 28.1631469], [85.3373315, 28.1632289], [85.3374052, 28.163171], [85.3373224, 28.1630889], [85.3372486, 28.1631469]]}, "properties": {"source": "osm", "dmg": 1.0, "dmg_class": 3, "dmg_label": "Destroyed", "confidence": null, "bid": "way/854113215"}}, {"type": "Feature", "geometry": {"type": "LineString", "coordinates": [[85.3415585, 28.1651857], [85.3415992, 28.1651134], [85.341526, 28.1650814], [85.3414854, 28.1651537], [85.3415585, 28.1651857]]}, "properties": {"source": "osm", "dmg": 1.0, "dmg_class": 3, "dmg_label": "Destroyed", "confidence": null, "bid": "way/934778620"}}, {"type": "Feature", "geometry": {"type": "LineString", "coordinates": [[85.3435953, 28.1643695], [85.3436315, 28.1643399], [85.3436007, 28.1643105], [85.3435644, 28.1643401], [85.3435953, 28.1643695]]}, "properties": {"source": "osm", "dmg": 1.0, "dmg_class": 3, "dmg_label": "Destroyed", "confidence": null, "bid": "way/1553066602"}}, {"type": "Feature", "geometry": {"type": "LineString", "coordinates": [[85.3761593, 28.2657479], [85.3762425, 28.2657474], [85.376242, 28.265696], [85.3761589, 28.2656966], [85.3761593, 28.2657479]]}, "properties": {"source": "osm", "dmg": 1.0, "dmg_class": 3, "dmg_label": "Destroyed \u00b7 floods", "confidence": null, "bid": "way/846902675"}}, {"type": "Feature", "geometry": {"type": "LineString", "coordinates": [[85.3739161, 28.2641644], [85.3740207, 28.2641904], [85.3740415, 28.2641254], [85.3739369, 28.2640994], [85.3739161, 28.2641644]]}, "properties": {"source": "osm", "dmg": 1.0, "dmg_class": 3, "dmg_label": "Destroyed \u00b7 floods", "confidence": null, "bid": "way/851367129"}}, {"type": "Feature", "geometry": {"type": "LineString", "coordinates": [[85.3662618, 28.2540153], [85.3662737, 28.2541008], [85.3663109, 28.2540968], [85.3662944, 28.2539781], [85.3662732, 28.2539804], [85.3662724, 28.2539746], [85.366225, 28.2539797], [85.3662304, 28.2540187], [85.3662618, 28.2540153]]}, "properties": {"source": "osm", "dmg": 1.0, "dmg_class": 3, "dmg_label": "Destroyed", "confidence": null, "bid": "way/1552942059"}}, {"type": "Feature", "geometry": {"type": "LineString", "coordinates": [[85.366325, 28.2524469], [85.366414, 28.252444], [85.36641, 28.2523494], [85.366321, 28.2523524], [85.366325, 28.2524469]]}, "properties": {"source": "osm", "dmg": 1.0, "dmg_class": 3, "dmg_label": "Destroyed", "confidence": null, "bid": "way/1552942067"}}, {"type": "Feature", "geometry": {"type": "LineString", "coordinates": [[85.3672577, 28.2549649], [85.367293, 28.2549659], [85.3672957, 28.2548956], [85.3672604, 28.2548946], [85.3672577, 28.2549649]]}, "properties": {"source": "osm", "dmg": 1.0, "dmg_class": 3, "dmg_label": "Destroyed", "confidence": null, "bid": "way/1552942081"}}, {"type": "Feature", "geometry": {"type": "LineString", "coordinates": [[85.0893617, 27.861929], [85.0893687, 27.8618588], [85.0892984, 27.8618533], [85.0892914, 27.8619236], [85.0893617, 27.861929]]}, "properties": {"source": "osm", "dmg": 1.0, "dmg_class": 3, "dmg_label": "Destroyed", "confidence": null, "bid": "way/341986991"}}, {"type": "Feature", "geometry": {"type": "LineString", "coordinates": [[85.1090179, 27.8605249], [85.1090543, 27.8604747], [85.1089893, 27.8604379], [85.108953, 27.860488], [85.1090179, 27.8605249]]}, "properties": {"source": "osm", "dmg": 1.0, "dmg_class": 3, "dmg_label": "Destroyed", "confidence": null, "bid": "way/342010893"}}, {"type": "Feature", "geometry": {"type": "LineString", "coordinates": [[85.1689864, 27.9599544], [85.1690075, 27.959928], [85.1689584, 27.9598972], [85.1689372, 27.9599237], [85.1689864, 27.9599544]]}, "properties": {"source": "osm", "dmg": 1.0, "dmg_class": 3, "dmg_label": "Destroyed", "confidence": null, "bid": "way/341587310"}}, {"type": "Feature", "geometry": {"type": "LineString", "coordinates": [[85.1806328, 27.9691716], [85.1806732, 27.9691179], [85.1807424, 27.9691585], [85.180702, 27.9692122], [85.1806328, 27.9691716]]}, "properties": {"source": "osm", "dmg": 1.0, "dmg_class": 3, "dmg_label": "Destroyed", "confidence": null, "bid": "way/346560102"}}, {"type": "Feature", "geometry": {"type": "LineString", "coordinates": [[85.1821589, 27.9717555], [85.1821615, 27.97173], [85.1822078, 27.9717335], [85.1822052, 27.9717591], [85.1821589, 27.9717555]]}, "properties": {"source": "osm", "dmg": 1.0, "dmg_class": 3, "dmg_label": "Destroyed", "confidence": null, "bid": "way/1552640165"}}, {"type": "Feature", "geometry": {"type": "LineString", "coordinates": [[85.1729371, 27.9641726], [85.1730253, 27.9642071], [85.1730595, 27.964139], [85.1729713, 27.9641045], [85.1729371, 27.9641726]]}, "properties": {"source": "osm", "dmg": 1.0, "dmg_class": 3, "dmg_label": "Destroyed", "confidence": null, "bid": "way/1552890521"}}, {"type": "Feature", "geometry": {"type": "LineString", "coordinates": [[85.1841286, 27.9696017], [85.1841304, 27.9696456], [85.1842216, 27.9696427], [85.1842198, 27.9695987], [85.1841286, 27.9696017]]}, "properties": {"source": "osm", "dmg": 1.0, "dmg_class": 3, "dmg_label": "Destroyed", "confidence": null, "bid": "way/1552907375"}}, {"type": "Feature", "geometry": {"type": "LineString", "coordinates": [[85.1636432, 27.9483173], [85.1635916, 27.9483079], [85.1636125, 27.9482176], [85.1636641, 27.9482269], [85.1636432, 27.9483173]]}, "properties": {"source": "osm", "dmg": 1.0, "dmg_class": 3, "dmg_label": "Destroyed", "confidence": null, "bid": "way/1553150049"}}, {"type": "Feature", "geometry": {"type": "LineString", "coordinates": [[85.1561308, 27.938895], [85.1561824, 27.9388542], [85.156226, 27.9388973], [85.1561744, 27.9389381], [85.1561308, 27.938895]]}, "properties": {"source": "osm", "dmg": 1.0, "dmg_class": 3, "dmg_label": "Destroyed", "confidence": null, "bid": "way/341698554"}}, {"type": "Feature", "geometry": {"type": "LineString", "coordinates": [[85.1543381, 27.9367632], [85.1543372, 27.9366776], [85.1544924, 27.9366764], [85.1544933, 27.9367619], [85.1543381, 27.9367632]]}, "properties": {"source": "osm", "dmg": 1.0, "dmg_class": 3, "dmg_label": "Destroyed", "confidence": null, "bid": "way/341698562"}}, {"type": "Feature", "geometry": {"type": "LineString", "coordinates": [[85.1504796, 27.9239934], [85.1504868, 27.92409], [85.1505949, 27.9240836], [85.1505876, 27.9239871], [85.1504796, 27.9239934]]}, "properties": {"source": "osm", "dmg": 1.0, "dmg_class": 3, "dmg_label": "Destroyed", "confidence": null, "bid": "way/891929323"}}, {"type": "Feature", "geometry": {"type": "LineString", "coordinates": [[85.1517117, 27.9306768], [85.1520419, 27.9304457], [85.1523955, 27.9304759], [85.1523818, 27.9306007], [85.1520778, 27.9305746], [85.1519151, 27.9307141], [85.1518793, 27.9306951], [85.1517863, 27.9307601], [85.1517117, 27.9306768]]}, "properties": {"source": "osm", "dmg": 1.0, "dmg_class": 3, "dmg_label": "Destroyed", "confidence": null, "bid": "way/1553173748"}}, {"type": "Feature", "geometry": {"type": "LineString", "coordinates": [[85.376476, 28.2732367], [85.3764614, 28.2733082], [85.3765603, 28.2733239], [85.3765749, 28.2732524], [85.376476, 28.2732367]]}, "properties": {"source": "osm", "dmg": 1.0, "dmg_class": 3, "dmg_label": "Destroyed \u00b7 floods", "confidence": null, "bid": "way/1552753262"}}, {"type": "Feature", "geometry": {"type": "LineString", "coordinates": [[85.338102, 28.1637246], [85.3381713, 28.16377], [85.3382519, 28.1636744], [85.3383211, 28.1637197], [85.3382413, 28.1638144], [85.3382999, 28.1638527], [85.3384233, 28.1637063], [85.3382262, 28.1635773], [85.338102, 28.1637246]]}, "properties": {"source": "osm", "dmg": 1.0, "dmg_class": 3, "dmg_label": "Destroyed", "confidence": null, "bid": "way/854113201"}}, {"type": "Feature", "geometry": {"type": "LineString", "coordinates": [[85.3361296, 28.1611431], [85.3361641, 28.1611324], [85.3361223, 28.1610285], [85.3360879, 28.1610393], [85.3361296, 28.1611431]]}, "properties": {"source": "osm", "dmg": 1.0, "dmg_class": 3, "dmg_label": "Destroyed", "confidence": null, "bid": "way/1132149399"}}, {"type": "Feature", "geometry": {"type": "LineString", "coordinates": [[85.3361922, 28.1618838], [85.3361611, 28.1619109], [85.3361942, 28.1619406], [85.3362254, 28.1619135], [85.3361922, 28.1618838]]}, "properties": {"source": "osm", "dmg": 1.0, "dmg_class": 3, "dmg_label": "Destroyed", "confidence": null, "bid": "way/1552968874"}}, {"type": "Feature", "geometry": {"type": "LineString", "coordinates": [[85.3359316, 28.160421], [85.3358733, 28.1604232], [85.3358757, 28.1604738], [85.3359341, 28.1604716], [85.3359316, 28.160421]]}, "properties": {"source": "osm", "dmg": 1.0, "dmg_class": 3, "dmg_label": "Destroyed", "confidence": null, "bid": "way/1552972096"}}, {"type": "Feature", "geometry": {"type": "LineString", "coordinates": [[85.3662911, 28.2523051], [85.3663792, 28.2523191], [85.3664069, 28.2521844], [85.3663188, 28.2521704], [85.3662911, 28.2523051]]}, "properties": {"source": "osm", "dmg": 1.0, "dmg_class": 3, "dmg_label": "Destroyed", "confidence": null, "bid": "way/340624550"}}, {"type": "Feature", "geometry": {"type": "LineString", "coordinates": [[85.375649, 28.2647091], [85.3757644, 28.2647469], [85.3758224, 28.2646095], [85.3757071, 28.2645717], [85.375649, 28.2647091]]}, "properties": {"source": "osm", "dmg": 1.0, "dmg_class": 3, "dmg_label": "Destroyed \u00b7 floods", "confidence": null, "bid": "way/851367136"}}, {"type": "Feature", "geometry": {"type": "LineString", "coordinates": [[85.3659325, 28.25315], [85.3659688, 28.2531398], [85.3659432, 28.2530693], [85.3660038, 28.2530522], [85.3660471, 28.2531715], [85.3659502, 28.2531988], [85.3659325, 28.25315]]}, "properties": {"source": "osm", "dmg": 1.0, "dmg_class": 3, "dmg_label": "Destroyed", "confidence": null, "bid": "way/851369397"}}, {"type": "Feature", "geometry": {"type": "LineString", "coordinates": [[85.3668214, 28.2553176], [85.366915, 28.2553207], [85.3669182, 28.2552447], [85.3668247, 28.2552416], [85.3668214, 28.2553176]]}, "properties": {"source": "osm", "dmg": 1.0, "dmg_class": 3, "dmg_label": "Destroyed", "confidence": null, "bid": "way/853711512"}}, {"type": "Feature", "geometry": {"type": "LineString", "coordinates": [[85.3665556, 28.2548872], [85.3665756, 28.2549324], [85.3666373, 28.2549111], [85.3666173, 28.254866], [85.3665556, 28.2548872]]}, "properties": {"source": "osm", "dmg": 1.0, "dmg_class": 3, "dmg_label": "Destroyed", "confidence": null, "bid": "way/853711514"}}, {"type": "Feature", "geometry": {"type": "LineString", "coordinates": [[85.3663727, 28.2533654], [85.3664485, 28.253355], [85.3664412, 28.2533138], [85.3663655, 28.2533241], [85.3663727, 28.2533654]]}, "properties": {"source": "osm", "dmg": 1.0, "dmg_class": 3, "dmg_label": "Destroyed", "confidence": null, "bid": "way/853711532"}}, {"type": "Feature", "geometry": {"type": "LineString", "coordinates": [[85.3662955, 28.2516809], [85.3664463, 28.2515494], [85.3664848, 28.2515836], [85.366334, 28.2517152], [85.3662955, 28.2516809]]}, "properties": {"source": "osm", "dmg": 1.0, "dmg_class": 3, "dmg_label": "Destroyed", "confidence": null, "bid": "way/1552646434"}}, {"type": "Feature", "geometry": {"type": "LineString", "coordinates": [[85.3754003, 28.2653912], [85.3754444, 28.2653543], [85.3753941, 28.2653077], [85.37535, 28.2653446], [85.3754003, 28.2653912]]}, "properties": {"source": "osm", "dmg": 1.0, "dmg_class": 3, "dmg_label": "Destroyed \u00b7 floods", "confidence": null, "bid": "way/1552914660"}}, {"type": "Feature", "geometry": {"type": "LineString", "coordinates": [[85.3754735, 28.265147], [85.3755435, 28.2651367], [85.3755403, 28.2651197], [85.375617, 28.2651085], [85.375624, 28.2651452], [85.3756908, 28.2651354], [85.3756728, 28.2650401], [85.3754718, 28.2650696], [85.3754778, 28.2651013], [85.3754652, 28.2651032], [85.3754735, 28.265147]]}, "properties": {"source": "osm", "dmg": 1.0, "dmg_class": 3, "dmg_label": "Destroyed \u00b7 floods", "confidence": null, "bid": "way/1552914673"}}, {"type": "Feature", "geometry": {"type": "LineString", "coordinates": [[85.3743415, 28.2645319], [85.3744777, 28.2645733], [85.3745327, 28.2644327], [85.3743964, 28.2643913], [85.3743415, 28.2645319]]}, "properties": {"source": "osm", "dmg": 1.0, "dmg_class": 3, "dmg_label": "Destroyed \u00b7 floods", "confidence": null, "bid": "way/1553294940"}}, {"type": "Feature", "geometry": {"type": "LineString", "coordinates": [[85.3735127, 28.2630908], [85.3735898, 28.2630932], [85.3735936, 28.2629974], [85.3735164, 28.262995], [85.3735127, 28.2630908]]}, "properties": {"source": "osm", "dmg": 1.0, "dmg_class": 3, "dmg_label": "Destroyed \u00b7 floods", "confidence": null, "bid": "way/1553294943"}}, {"type": "Feature", "geometry": {"type": "LineString", "coordinates": [[85.3755686, 28.2649766], [85.375639, 28.2649666], [85.3756312, 28.2649245], [85.3755608, 28.2649346], [85.3755686, 28.2649766]]}, "properties": {"source": "osm", "dmg": 1.0, "dmg_class": 3, "dmg_label": "Destroyed \u00b7 floods", "confidence": null, "bid": "way/1553295211"}}, {"type": "Feature", "geometry": {"type": "LineString", "coordinates": [[85.0909881, 27.8612483], [85.0910492, 27.8612988], [85.0911006, 27.8612503], [85.0910395, 27.8611997], [85.0909881, 27.8612483]]}, "properties": {"source": "osm", "dmg": 1.0, "dmg_class": 3, "dmg_label": "Destroyed", "confidence": null, "bid": "way/341986988"}}, {"type": "Feature", "geometry": {"type": "LineString", "coordinates": [[85.0908857, 27.8611999], [85.0909582, 27.8612015], [85.0909569, 27.8612473], [85.0908844, 27.8612457], [85.0908857, 27.8611999]]}, "properties": {"source": "osm", "dmg": 1.0, "dmg_class": 3, "dmg_label": "Destroyed", "confidence": null, "bid": "way/341986989"}}, {"type": "Feature", "geometry": {"type": "LineString", "coordinates": [[85.0893761, 27.8619293], [85.0894435, 27.8619475], [85.0894547, 27.8619078], [85.0893873, 27.8618929], [85.0893761, 27.8619293]]}, "properties": {"source": "osm", "dmg": 1.0, "dmg_class": 3, "dmg_label": "Destroyed", "confidence": null, "bid": "way/341986990"}}, {"type": "Feature", "geometry": {"type": "LineString", "coordinates": [[85.1083685, 27.8592272], [85.1085055, 27.8593169], [85.1085591, 27.8592529], [85.1084221, 27.8591632], [85.1083685, 27.8592272]]}, "properties": {"source": "osm", "dmg": 1.0, "dmg_class": 3, "dmg_label": "Destroyed", "confidence": null, "bid": "way/341998604"}}, {"type": "Feature", "geometry": {"type": "LineString", "coordinates": [[85.0801476, 27.8549595], [85.0802198, 27.854976], [85.0802485, 27.854878], [85.0801763, 27.8548615], [85.0801476, 27.8549595]]}, "properties": {"source": "osm", "dmg": 1.0, "dmg_class": 3, "dmg_label": "Destroyed", "confidence": null, "bid": "way/1552578835"}}, {"type": "Feature", "geometry": {"type": "LineString", "coordinates": [[85.1103692, 27.8607449], [85.1102969, 27.8607889], [85.1103948, 27.8609146], [85.1104671, 27.8608705], [85.1103692, 27.8607449]]}, "properties": {"source": "osm", "dmg": 1.0, "dmg_class": 3, "dmg_label": "Destroyed", "confidence": null, "bid": "way/1553089617"}}, {"type": "Feature", "geometry": {"type": "LineString", "coordinates": [[85.1090281, 27.8594205], [85.1090871, 27.8595189], [85.1091522, 27.8594884], [85.1090932, 27.85939], [85.1090281, 27.8594205]]}, "properties": {"source": "osm", "dmg": 1.0, "dmg_class": 3, "dmg_label": "Destroyed", "confidence": null, "bid": "way/1553089637"}}, {"type": "Feature", "geometry": {"type": "LineString", "coordinates": [[85.1713457, 27.9650151], [85.1713534, 27.9649803], [85.1714229, 27.9649922], [85.1714152, 27.9650271], [85.1713457, 27.9650151]]}, "properties": {"source": "osm", "dmg": 1.0, "dmg_class": 3, "dmg_label": "Destroyed", "confidence": null, "bid": "way/341049866"}}, {"type": "Feature", "geometry": {"type": "LineString", "coordinates": [[85.1694601, 27.9640088], [85.1694746, 27.9639889], [85.1694442, 27.9639717], [85.1694297, 27.9639915], [85.1694601, 27.9640088]]}, "properties": {"source": "osm", "dmg": 1.0, "dmg_class": 3, "dmg_label": "Destroyed", "confidence": null, "bid": "way/341587255"}}, {"type": "Feature", "geometry": {"type": "LineString", "coordinates": [[85.1719013, 27.9622255], [85.1718258, 27.9621581], [85.1717821, 27.9621963], [85.1718577, 27.9622636], [85.1719013, 27.9622255]]}, "properties": {"source": "osm", "dmg": 1.0, "dmg_class": 3, "dmg_label": "Destroyed", "confidence": null, "bid": "way/341587466"}}, {"type": "Feature", "geometry": {"type": "LineString", "coordinates": [[85.1685416, 27.9586503], [85.1686099, 27.9586261], [85.1685713, 27.9585412], [85.1685349, 27.958554], [85.168503, 27.9585653], [85.1685416, 27.9586503]]}, "properties": {"source": "osm", "dmg": 1.0, "dmg_class": 3, "dmg_label": "Destroyed", "confidence": null, "bid": "way/341587471"}}, {"type": "Feature", "geometry": {"type": "LineString", "coordinates": [[85.172236, 27.9624202], [85.172245, 27.9623929], [85.1721788, 27.9623757], [85.1721697, 27.962403], [85.172236, 27.9624202]]}, "properties": {"source": "osm", "dmg": 1.0, "dmg_class": 3, "dmg_label": "Destroyed", "confidence": null, "bid": "way/341622690"}}, {"type": "Feature", "geometry": {"type": "LineString", "coordinates": [[85.1747084, 27.9669212], [85.1746498, 27.966874], [85.1747209, 27.966805], [85.174756, 27.9668333], [85.1747795, 27.9668522], [85.1747084, 27.9669212]]}, "properties": {"source": "osm", "dmg": 1.0, "dmg_class": 3, "dmg_label": "Destroyed", "confidence": null, "bid": "way/341623261"}}, {"type": "Feature", "geometry": {"type": "LineString", "coordinates": [[85.1684918, 27.9586685], [85.1685171, 27.9586578], [85.168489, 27.9586056], [85.1684637, 27.9586162], [85.1684918, 27.9586685]]}, "properties": {"source": "osm", "dmg": 1.0, "dmg_class": 3, "dmg_label": "Destroyed", "confidence": null, "bid": "way/430746881"}}, {"type": "Feature", "geometry": {"type": "LineString", "coordinates": [[85.1841259, 27.9739284], [85.1841315, 27.9739875], [85.1842602, 27.9739781], [85.1842546, 27.973919], [85.1841259, 27.9739284]]}, "properties": {"source": "osm", "dmg": 1.0, "dmg_class": 3, "dmg_label": "Destroyed", "confidence": null, "bid": "way/846895892"}}, {"type": "Feature", "geometry": {"type": "LineString", "coordinates": [[85.1716503, 27.9620394], [85.1716955, 27.9620767], [85.1717302, 27.9620439], [85.171685, 27.9620066], [85.1716503, 27.9620394]]}, "properties": {"source": "osm", "dmg": 1.0, "dmg_class": 3, "dmg_label": "Destroyed", "confidence": null, "bid": "way/886361360"}}, {"type": "Feature", "geometry": {"type": "LineString", "coordinates": [[85.1796354, 27.9683745], [85.1796703, 27.9684339], [85.179707, 27.9684194], [85.1797246, 27.968409], [85.1796897, 27.9683496], [85.1796354, 27.9683745]]}, "properties": {"source": "osm", "dmg": 1.0, "dmg_class": 3, "dmg_label": "Destroyed", "confidence": null, "bid": "way/886391893"}}, {"type": "Feature", "geometry": {"type": "LineString", "coordinates": [[85.1830973, 27.9699227], [85.1832099, 27.9699387], [85.1832263, 27.9698486], [85.1831137, 27.9698326], [85.1830973, 27.9699227]]}, "properties": {"source": "osm", "dmg": 1.0, "dmg_class": 3, "dmg_label": "Destroyed", "confidence": null, "bid": "way/1360231617"}}, {"type": "Feature", "geometry": {"type": "LineString", "coordinates": [[85.1573984, 27.9358767], [85.1574397, 27.9358706], [85.157431, 27.9358244], [85.1573896, 27.9358305], [85.1573984, 27.9358767]]}, "properties": {"source": "osm", "dmg": 1.0, "dmg_class": 3, "dmg_label": "Destroyed", "confidence": null, "bid": "way/1553007151"}}, {"type": "Feature", "geometry": {"type": "LineString", "coordinates": [[85.1567146, 27.9391629], [85.1567456, 27.939193], [85.1567955, 27.9391527], [85.1567761, 27.9391133], [85.1567146, 27.9391629]]}, "properties": {"source": "osm", "dmg": 1.0, "dmg_class": 3, "dmg_label": "Destroyed", "confidence": null, "bid": "way/1553091921"}}, {"type": "Feature", "geometry": {"type": "LineString", "coordinates": [[85.1490491, 27.9274915], [85.1490481, 27.9274202], [85.149137, 27.9274192], [85.1491379, 27.9274906], [85.1490491, 27.9274915]]}, "properties": {"source": "osm", "dmg": 1.0, "dmg_class": 3, "dmg_label": "Destroyed", "confidence": null, "bid": "way/1553155493"}}, {"type": "Feature", "geometry": {"type": "LineString", "coordinates": [[85.1695535, 27.9599544], [85.1695938, 27.959956], [85.1695964, 27.9599021], [85.1695561, 27.9599005], [85.1695535, 27.9599544]]}, "properties": {"source": "osm", "dmg": 1.0, "dmg_class": 3, "dmg_label": "Destroyed", "confidence": null, "bid": "way/1553122475"}}, {"type": "Feature", "geometry": {"type": "LineString", "coordinates": [[85.1606305, 27.9453406], [85.1605887, 27.9452814], [85.1606935, 27.9452236], [85.1607353, 27.9452828], [85.1606305, 27.9453406]]}, "properties": {"source": "osm", "dmg": 1.0, "dmg_class": 3, "dmg_label": "Destroyed", "confidence": null, "bid": "way/1553172619"}}, {"type": "Feature", "geometry": {"type": "LineString", "coordinates": [[85.3665739, 28.2553903], [85.3665835, 28.255472], [85.3666366, 28.2554671], [85.3666269, 28.2553854], [85.3665739, 28.2553903]]}, "properties": {"source": "osm", "dmg": 1.0, "dmg_class": 3, "dmg_label": "Destroyed", "confidence": null, "bid": "way/851966254"}}, {"type": "Feature", "geometry": {"type": "LineString", "coordinates": [[85.1563825, 27.9392285], [85.1564335, 27.9392746], [85.1564632, 27.939249], [85.1564121, 27.9392029], [85.1563825, 27.9392285]]}, "properties": {"source": "osm", "dmg": 1.0, "dmg_class": 3, "dmg_label": "Destroyed", "confidence": null, "bid": "way/891929260"}}, {"type": "Feature", "geometry": {"type": "LineString", "coordinates": [[85.1731769, 27.9631812], [85.173229, 27.9631434], [85.1732339, 27.9631399], [85.1731934, 27.9630963], [85.1731364, 27.9631376], [85.1731769, 27.9631812]]}, "properties": {"source": "osm", "dmg": 1.0, "dmg_class": 3, "dmg_label": "Destroyed", "confidence": null, "bid": "way/341587455"}}, {"type": "Feature", "geometry": {"type": "LineString", "coordinates": [[85.1741774, 27.9665656], [85.1741307, 27.9665361], [85.1741644, 27.9664945], [85.1742111, 27.966524], [85.1741774, 27.9665656]]}, "properties": {"source": "osm", "dmg": 1.0, "dmg_class": 3, "dmg_label": "Destroyed", "confidence": null, "bid": "way/341623212"}}, {"type": "Feature", "geometry": {"type": "LineString", "coordinates": [[85.3423937, 28.1644877], [85.3423414, 28.1644446], [85.3422636, 28.1645179], [85.3423159, 28.164561], [85.3423937, 28.1644877]]}, "properties": {"source": "osm", "dmg": 1.0, "dmg_class": 3, "dmg_label": "Destroyed", "confidence": null, "bid": "way/1552968647"}}, {"type": "Feature", "geometry": {"type": "LineString", "coordinates": [[85.1491442, 27.9329409], [85.1491942, 27.9329748], [85.1492274, 27.9329366], [85.1492068, 27.9329226], [85.1491774, 27.9329027], [85.1491442, 27.9329409]]}, "properties": {"source": "osm", "dmg": 1.0, "dmg_class": 3, "dmg_label": "Destroyed", "confidence": null, "bid": "way/1553165901"}}, {"type": "Feature", "geometry": {"type": "LineString", "coordinates": [[85.3666817, 28.258012], [85.3667041, 28.2579981], [85.3666551, 28.2579373], [85.3666328, 28.2579512], [85.3666817, 28.258012]]}, "properties": {"source": "osm", "dmg": 1.0, "dmg_class": 3, "dmg_label": "Destroyed", "confidence": null, "bid": "way/1552614216"}}, {"type": "Feature", "geometry": {"type": "LineString", "coordinates": [[85.366661, 28.2555744], [85.3667068, 28.2555728], [85.3667035, 28.2555013], [85.3666576, 28.255503], [85.366661, 28.2555744]]}, "properties": {"source": "osm", "dmg": 1.0, "dmg_class": 3, "dmg_label": "Destroyed", "confidence": null, "bid": "way/1552942074"}}, {"type": "Feature", "geometry": {"type": "LineString", "coordinates": [[85.1701641, 27.9632388], [85.170128, 27.9632128], [85.1701704, 27.963167], [85.1702065, 27.963193], [85.1701641, 27.9632388]]}, "properties": {"source": "osm", "dmg": 1.0, "dmg_class": 3, "dmg_label": "Destroyed", "confidence": null, "bid": "way/341754178"}}, {"type": "Feature", "geometry": {"type": "LineString", "coordinates": [[85.1566298, 27.939046], [85.1566709, 27.9390793], [85.1567107, 27.9390409], [85.1566696, 27.9390076], [85.1566298, 27.939046]]}, "properties": {"source": "osm", "dmg": 1.0, "dmg_class": 3, "dmg_label": "Destroyed", "confidence": null, "bid": "way/1553091925"}}, {"type": "Feature", "geometry": {"type": "LineString", "coordinates": [[85.3798066, 28.2804338], [85.3798733, 28.2805034], [85.3799117, 28.2804749], [85.379845, 28.2804053], [85.3798066, 28.2804338]]}, "properties": {"source": "osm", "dmg": 1.0, "dmg_class": 3, "dmg_label": "Destroyed", "confidence": null, "bid": "way/262207908"}}, {"type": "Feature", "geometry": {"type": "LineString", "coordinates": [[85.3429254, 28.1648448], [85.3429348, 28.1648755], [85.3429763, 28.1648657], [85.3429669, 28.1648349], [85.3429254, 28.1648448]]}, "properties": {"source": "osm", "dmg": 1.0, "dmg_class": 3, "dmg_label": "Destroyed", "confidence": null, "bid": "way/850782570"}}, {"type": "Feature", "geometry": {"type": "LineString", "coordinates": [[85.3660457, 28.2527234], [85.3662101, 28.2527072], [85.3661983, 28.252614], [85.3660339, 28.2526302], [85.3660457, 28.2527234]]}, "properties": {"source": "osm", "dmg": 1.0, "dmg_class": 3, "dmg_label": "Destroyed", "confidence": null, "bid": "way/340624545"}}, {"type": "Feature", "geometry": {"type": "LineString", "coordinates": [[85.3736622, 28.2630737], [85.3736912, 28.2630705], [85.3736804, 28.2629943], [85.3736515, 28.2629975], [85.3736622, 28.2630737]]}, "properties": {"source": "osm", "dmg": 1.0, "dmg_class": 3, "dmg_label": "Destroyed \u00b7 floods", "confidence": null, "bid": "way/1553294941"}}, {"type": "Feature", "geometry": {"type": "LineString", "coordinates": [[85.1085962, 27.8597358], [85.1086249, 27.8597123], [85.1085645, 27.8596544], [85.1085357, 27.8596779], [85.1085962, 27.8597358]]}, "properties": {"source": "osm", "dmg": 1.0, "dmg_class": 3, "dmg_label": "Destroyed", "confidence": null, "bid": "way/342010813"}}, {"type": "Feature", "geometry": {"type": "LineString", "coordinates": [[85.1848772, 27.9699502], [85.1849118, 27.970047], [85.1850297, 27.9700142], [85.1850174, 27.9699798], [85.1850623, 27.9699673], [85.18504, 27.9699048], [85.1848772, 27.9699502]]}, "properties": {"source": "osm", "dmg": 1.0, "dmg_class": 3, "dmg_label": "Destroyed", "confidence": null, "bid": "way/803106637"}}, {"type": "Feature", "geometry": {"type": "LineString", "coordinates": [[85.1489245, 27.9252173], [85.1489957, 27.9251976], [85.1489729, 27.9251331], [85.1489017, 27.9251528], [85.1489245, 27.9252173]]}, "properties": {"source": "osm", "dmg": 1.0, "dmg_class": 3, "dmg_label": "Destroyed", "confidence": null, "bid": "way/888538470"}}, {"type": "Feature", "geometry": {"type": "LineString", "coordinates": [[85.1603727, 27.9470818], [85.1604114, 27.9470638], [85.1603911, 27.9470297], [85.1603523, 27.9470477], [85.1603727, 27.9470818]]}, "properties": {"source": "osm", "dmg": 1.0, "dmg_class": 3, "dmg_label": "Destroyed", "confidence": null, "bid": "way/1552973625"}}, {"type": "Feature", "geometry": {"type": "LineString", "coordinates": [[85.1616481, 27.9445442], [85.1615956, 27.9444339], [85.1616269, 27.9444223], [85.1616793, 27.9445326], [85.1616481, 27.9445442]]}, "properties": {"source": "osm", "dmg": 1.0, "dmg_class": 3, "dmg_label": "Destroyed", "confidence": null, "bid": "way/1553172621"}}, {"type": "Feature", "geometry": {"type": "LineString", "coordinates": [[85.3661492, 28.2520283], [85.3662482, 28.2520641], [85.3662842, 28.251987], [85.3661852, 28.2519511], [85.3661492, 28.2520283]]}, "properties": {"source": "osm", "dmg": 1.0, "dmg_class": 3, "dmg_label": "Destroyed", "confidence": null, "bid": "way/340624503"}}, {"type": "Feature", "geometry": {"type": "LineString", "coordinates": [[85.3668564, 28.2551528], [85.3668562, 28.2551694], [85.3669079, 28.2551698], [85.3669089, 28.2550699], [85.3668575, 28.2550696], [85.3668572, 28.2550985], [85.3668288, 28.2550983], [85.3668283, 28.2551526], [85.3668564, 28.2551528]]}, "properties": {"source": "osm", "dmg": 1.0, "dmg_class": 3, "dmg_label": "Destroyed", "confidence": null, "bid": "way/1552942071"}}, {"type": "Feature", "geometry": {"type": "LineString", "coordinates": [[85.1615669, 27.9469534], [85.1615341, 27.9468794], [85.161627, 27.9468473], [85.1616598, 27.9469213], [85.1615669, 27.9469534]]}, "properties": {"source": "osm", "dmg": 1.0, "dmg_class": 3, "dmg_label": "Destroyed", "confidence": null, "bid": "way/1553150985"}}, {"type": "Feature", "geometry": {"type": "LineString", "coordinates": [[85.3769079, 28.2739934], [85.3768664, 28.274047], [85.3769024, 28.2740686], [85.3769438, 28.274015], [85.3769079, 28.2739934]]}, "properties": {"source": "osm", "dmg": 1.0, "dmg_class": 3, "dmg_label": "Destroyed \u00b7 floods", "confidence": null, "bid": "way/1552753255"}}, {"type": "Feature", "geometry": {"type": "LineString", "coordinates": [[85.3764033, 28.2696644], [85.3767169, 28.2695592], [85.3766969, 28.2695129], [85.3763833, 28.2696182], [85.3764033, 28.2696644]]}, "properties": {"source": "osm", "dmg": 1.0, "dmg_class": 3, "dmg_label": "Destroyed \u00b7 floods", "confidence": null, "bid": "way/1552917663"}}, {"type": "Feature", "geometry": {"type": "LineString", "coordinates": [[85.3367611, 28.1617009], [85.3368402, 28.1617009], [85.3368402, 28.161643], [85.3367611, 28.161643], [85.3367611, 28.1617009]]}, "properties": {"source": "osm", "dmg": 1.0, "dmg_class": 3, "dmg_label": "Destroyed", "confidence": null, "bid": "way/854113225"}}, {"type": "Feature", "geometry": {"type": "LineString", "coordinates": [[85.3587887, 28.2379587], [85.3587952, 28.237866], [85.3588329, 28.2378681], [85.3588264, 28.2379607], [85.3587887, 28.2379587]]}, "properties": {"source": "osm", "dmg": 1.0, "dmg_class": 3, "dmg_label": "Destroyed", "confidence": null, "bid": "way/1552920307"}}, {"type": "Feature", "geometry": {"type": "LineString", "coordinates": [[85.3663153, 28.2537856], [85.3663092, 28.2539321], [85.3663716, 28.2539341], [85.3663777, 28.2537876], [85.3663153, 28.2537856]]}, "properties": {"source": "osm", "dmg": 1.0, "dmg_class": 3, "dmg_label": "Destroyed", "confidence": null, "bid": "way/851367105"}}, {"type": "Feature", "geometry": {"type": "LineString", "coordinates": [[85.3756034, 28.264754], [85.3756249, 28.2648839], [85.3757195, 28.2648718], [85.3756981, 28.2647418], [85.3756034, 28.264754]]}, "properties": {"source": "osm", "dmg": 1.0, "dmg_class": 3, "dmg_label": "Destroyed \u00b7 floods", "confidence": null, "bid": "way/851367137"}}, {"type": "Feature", "geometry": {"type": "LineString", "coordinates": [[85.3667387, 28.252601], [85.366795, 28.2525821], [85.3667763, 28.2525388], [85.36672, 28.2525577], [85.3667387, 28.252601]]}, "properties": {"source": "osm", "dmg": 1.0, "dmg_class": 3, "dmg_label": "Destroyed", "confidence": null, "bid": "way/853711544"}}, {"type": "Feature", "geometry": {"type": "LineString", "coordinates": [[85.3761046, 28.2651349], [85.3761027, 28.2651011], [85.3761278, 28.2651001], [85.3761297, 28.2651338], [85.3761046, 28.2651349]]}, "properties": {"source": "osm", "dmg": 1.0, "dmg_class": 3, "dmg_label": "Destroyed \u00b7 floods", "confidence": null, "bid": "way/1552958961"}}, {"type": "Feature", "geometry": {"type": "LineString", "coordinates": [[85.1111314, 27.8607674], [85.1112266, 27.8607263], [85.1111928, 27.860665], [85.1110976, 27.8607061], [85.1111314, 27.8607674]]}, "properties": {"source": "osm", "dmg": 1.0, "dmg_class": 3, "dmg_label": "Destroyed", "confidence": null, "bid": "way/342010858"}}, {"type": "Feature", "geometry": {"type": "LineString", "coordinates": [[85.1087826, 27.8606387], [85.1088569, 27.8605763], [85.108751, 27.8604779], [85.1086767, 27.8605403], [85.1087826, 27.8606387]]}, "properties": {"source": "osm", "dmg": 1.0, "dmg_class": 3, "dmg_label": "Destroyed", "confidence": null, "bid": "way/1552587167"}}, {"type": "Feature", "geometry": {"type": "LineString", "coordinates": [[85.1682453, 27.9582258], [85.1682201, 27.9581779], [85.1682795, 27.9581535], [85.1683047, 27.9582013], [85.1682453, 27.9582258]]}, "properties": {"source": "osm", "dmg": 1.0, "dmg_class": 3, "dmg_label": "Destroyed", "confidence": null, "bid": "way/341587398"}}, {"type": "Feature", "geometry": {"type": "LineString", "coordinates": [[85.1700712, 27.9646152], [85.1700712, 27.9646424], [85.1701082, 27.9646383], [85.1701128, 27.9646098], [85.1700712, 27.9646152]]}, "properties": {"source": "osm", "dmg": 1.0, "dmg_class": 3, "dmg_label": "Destroyed", "confidence": null, "bid": "way/886386995"}}, {"type": "Feature", "geometry": {"type": "LineString", "coordinates": [[85.1833749, 27.9696976], [85.183407, 27.9696985], [85.1834083, 27.9696594], [85.1833762, 27.9696585], [85.1833749, 27.9696976]]}, "properties": {"source": "osm", "dmg": 1.0, "dmg_class": 3, "dmg_label": "Destroyed", "confidence": null, "bid": "way/1552907368"}}, {"type": "Feature", "geometry": {"type": "LineString", "coordinates": [[85.1549703, 27.9363891], [85.1550615, 27.936382], [85.1550534, 27.9363014], [85.1549622, 27.9363085], [85.1549703, 27.9363891]]}, "properties": {"source": "osm", "dmg": 1.0, "dmg_class": 3, "dmg_label": "Destroyed", "confidence": null, "bid": "way/890977269"}}, {"type": "Feature", "geometry": {"type": "LineString", "coordinates": [[85.1612362, 27.9463575], [85.1612998, 27.9463305], [85.1612647, 27.9462662], [85.1612012, 27.9462933], [85.1612362, 27.9463575]]}, "properties": {"source": "osm", "dmg": 1.0, "dmg_class": 3, "dmg_label": "Destroyed", "confidence": null, "bid": "way/1553150028"}}, {"type": "Feature", "geometry": {"type": "LineString", "coordinates": [[85.3368718, 28.1631531], [85.3367785, 28.163175], [85.3368069, 28.1632694], [85.3369003, 28.1632475], [85.3368718, 28.1631531]]}, "properties": {"source": "osm", "dmg": 1.0, "dmg_class": 3, "dmg_label": "Destroyed", "confidence": null, "bid": "way/1552977382"}}, {"type": "Feature", "geometry": {"type": "LineString", "coordinates": [[85.3380423, 28.1635358], [85.3380784, 28.1635532], [85.3381193, 28.1634869], [85.3380832, 28.1634696], [85.3380423, 28.1635358]]}, "properties": {"source": "osm", "dmg": 1.0, "dmg_class": 3, "dmg_label": "Destroyed", "confidence": null, "bid": "way/854113202"}}, {"type": "Feature", "geometry": {"type": "LineString", "coordinates": [[85.3387325, 28.1642819], [85.3388143, 28.1643233], [85.3388328, 28.1642949], [85.338751, 28.1642535], [85.3387325, 28.1642819]]}, "properties": {"source": "osm", "dmg": 1.0, "dmg_class": 3, "dmg_label": "Destroyed", "confidence": null, "bid": "way/854385619"}}, {"type": "Feature", "geometry": {"type": "LineString", "coordinates": [[85.1767695, 27.9688985], [85.1767988, 27.9688572], [85.1767554, 27.9688331], [85.1767261, 27.9688744], [85.1767695, 27.9688985]]}, "properties": {"source": "osm", "dmg": 1.0, "dmg_class": 3, "dmg_label": "Destroyed", "confidence": null, "bid": "way/341623079"}}, {"type": "Feature", "geometry": {"type": "LineString", "coordinates": [[85.1524832, 27.9303742], [85.1525314, 27.9303705], [85.152529, 27.9303454], [85.1524808, 27.930349], [85.1524832, 27.9303742]]}, "properties": {"source": "osm", "dmg": 1.0, "dmg_class": 3, "dmg_label": "Destroyed", "confidence": null, "bid": "way/890977306"}}, {"type": "Feature", "geometry": {"type": "LineString", "coordinates": [[85.1510569, 27.927858], [85.1511767, 27.9279052], [85.1512195, 27.9278203], [85.1510997, 27.9277732], [85.1510569, 27.927858]]}, "properties": {"source": "osm", "dmg": 1.0, "dmg_class": 3, "dmg_label": "Destroyed", "confidence": null, "bid": "way/890977372"}}, {"type": "Feature", "geometry": {"type": "LineString", "coordinates": [[85.1502147, 27.9233114], [85.1504508, 27.9233162], [85.1504736, 27.9234216], [85.1505245, 27.9234169], [85.1505031, 27.9232688], [85.1502111, 27.9232571], [85.1502147, 27.9233114]]}, "properties": {"source": "osm", "dmg": 1.0, "dmg_class": 3, "dmg_label": "Destroyed", "confidence": null, "bid": "way/1553138015"}}, {"type": "Feature", "geometry": {"type": "LineString", "coordinates": [[85.1563376, 27.9382521], [85.156321, 27.9383009], [85.1562219, 27.9382746], [85.1562385, 27.9382258], [85.1563376, 27.9382521]]}, "properties": {"source": "osm", "dmg": 1.0, "dmg_class": 3, "dmg_label": "Destroyed", "confidence": null, "bid": "way/1553091930"}}, {"type": "Feature", "geometry": {"type": "LineString", "coordinates": [[85.3588048, 28.2375521], [85.3588825, 28.2375757], [85.3589082, 28.2375103], [85.3588304, 28.2374867], [85.3588048, 28.2375521]]}, "properties": {"source": "osm", "dmg": 1.0, "dmg_class": 3, "dmg_label": "Destroyed", "confidence": null, "bid": "way/846885667"}}, {"type": "Feature", "geometry": {"type": "LineString", "coordinates": [[85.3769187, 28.2732422], [85.3770486, 28.2732392], [85.3770453, 28.2731289], [85.3769155, 28.2731319], [85.3769187, 28.2732422]]}, "properties": {"source": "osm", "dmg": 1.0, "dmg_class": 3, "dmg_label": "Destroyed \u00b7 floods", "confidence": null, "bid": "way/846902640"}}, {"type": "Feature", "geometry": {"type": "LineString", "coordinates": [[85.3362552, 28.1617929], [85.336347, 28.1617449], [85.3362404, 28.1615864], [85.3361486, 28.1616344], [85.3362552, 28.1617929]]}, "properties": {"source": "osm", "dmg": 1.0, "dmg_class": 3, "dmg_label": "Destroyed", "confidence": null, "bid": "way/769001578"}}, {"type": "Feature", "geometry": {"type": "LineString", "coordinates": [[85.3554889, 28.2160838], [85.3555526, 28.2161441], [85.3555914, 28.2161122], [85.3555277, 28.2160519], [85.3554889, 28.2160838]]}, "properties": {"source": "osm", "dmg": 1.0, "dmg_class": 3, "dmg_label": "Destroyed", "confidence": null, "bid": "way/847869348"}}, {"type": "Feature", "geometry": {"type": "LineString", "coordinates": [[85.3658781, 28.2530258], [85.3659395, 28.2530337], [85.3659843, 28.2527657], [85.3658864, 28.252753], [85.3658767, 28.2528115], [85.365913, 28.2528162], [85.3658781, 28.2530258]]}, "properties": {"source": "osm", "dmg": 1.0, "dmg_class": 3, "dmg_label": "Destroyed", "confidence": null, "bid": "way/851369399"}}, {"type": "Feature", "geometry": {"type": "LineString", "coordinates": [[85.3775355, 28.2778305], [85.3776131, 28.277731], [85.3773881, 28.2775951], [85.3773106, 28.2776946], [85.3775355, 28.2778305]]}, "properties": {"source": "osm", "dmg": 1.0, "dmg_class": 3, "dmg_label": "Destroyed \u00b7 landslide", "confidence": null, "bid": "way/1154989010"}}, {"type": "Feature", "geometry": {"type": "LineString", "coordinates": [[85.1104054, 27.8614859], [85.1104644, 27.8615381], [85.1104979, 27.8615084], [85.1104389, 27.8614562], [85.1104054, 27.8614859]]}, "properties": {"source": "osm", "dmg": 1.0, "dmg_class": 3, "dmg_label": "Destroyed", "confidence": null, "bid": "way/1553089623"}}, {"type": "Feature", "geometry": {"type": "LineString", "coordinates": [[85.0964566, 27.8609891], [85.0965263, 27.8609879], [85.0965253, 27.8609427], [85.0964556, 27.8609439], [85.0964566, 27.8609891]]}, "properties": {"source": "osm", "dmg": 1.0, "dmg_class": 3, "dmg_label": "Destroyed", "confidence": null, "bid": "way/1553248203"}}, {"type": "Feature", "geometry": {"type": "LineString", "coordinates": [[85.1838663, 27.9748143], [85.1838592, 27.9748687], [85.1839454, 27.9748776], [85.1839525, 27.9748232], [85.1838663, 27.9748143]]}, "properties": {"source": "osm", "dmg": 1.0, "dmg_class": 3, "dmg_label": "Destroyed", "confidence": null, "bid": "way/341461890"}}, {"type": "Feature", "geometry": {"type": "LineString", "coordinates": [[85.1740657, 27.9668142], [85.1740677, 27.9667469], [85.1740097, 27.9667455], [85.1740077, 27.9668128], [85.1740657, 27.9668142]]}, "properties": {"source": "osm", "dmg": 1.0, "dmg_class": 3, "dmg_label": "Destroyed", "confidence": null, "bid": "way/341623183"}}, {"type": "Feature", "geometry": {"type": "LineString", "coordinates": [[85.1700167, 27.9632883], [85.1699755, 27.9632549], [85.1700428, 27.9631903], [85.1700839, 27.9632237], [85.1700167, 27.9632883]]}, "properties": {"source": "osm", "dmg": 1.0, "dmg_class": 3, "dmg_label": "Destroyed", "confidence": null, "bid": "way/341754331"}}, {"type": "Feature", "geometry": {"type": "LineString", "coordinates": [[85.1840106, 27.9745455], [85.1840749, 27.9745941], [85.1841251, 27.9745422], [85.1840608, 27.9744936], [85.1840106, 27.9745455]]}, "properties": {"source": "osm", "dmg": 1.0, "dmg_class": 3, "dmg_label": "Destroyed", "confidence": null, "bid": "way/851737927"}}, {"type": "Feature", "geometry": {"type": "LineString", "coordinates": [[85.1795554, 27.9680459], [85.1796553, 27.9679796], [85.1795996, 27.9679141], [85.1794997, 27.9679805], [85.1795554, 27.9680459]]}, "properties": {"source": "osm", "dmg": 1.0, "dmg_class": 3, "dmg_label": "Destroyed", "confidence": null, "bid": "way/1553016719"}}, {"type": "Feature", "geometry": {"type": "LineString", "coordinates": [[85.1490046, 27.9243817], [85.1489097, 27.9244238], [85.14886, 27.9243364], [85.1489549, 27.9242943], [85.1490046, 27.9243817]]}, "properties": {"source": "osm", "dmg": 1.0, "dmg_class": 3, "dmg_label": "Destroyed", "confidence": null, "bid": "way/341598233"}}, {"type": "Feature", "geometry": {"type": "LineString", "coordinates": [[85.1493675, 27.9260897], [85.149454, 27.9260858], [85.1494514, 27.9260388], [85.1493648, 27.9260426], [85.1493675, 27.9260897]]}, "properties": {"source": "osm", "dmg": 1.0, "dmg_class": 3, "dmg_label": "Destroyed", "confidence": null, "bid": "way/1553138027"}}, {"type": "Feature", "geometry": {"type": "LineString", "coordinates": [[85.3577735, 28.2393854], [85.3577465, 28.2393411], [85.3577729, 28.2393286], [85.3577999, 28.2393729], [85.3577735, 28.2393854]]}, "properties": {"source": "osm", "dmg": 1.0, "dmg_class": 3, "dmg_label": "Destroyed", "confidence": null, "bid": "way/341463014"}}, {"type": "Feature", "geometry": {"type": "LineString", "coordinates": [[85.1838162, 27.9695063], [85.1839222, 27.9695098], [85.1839273, 27.9693901], [85.1838213, 27.9693866], [85.1838162, 27.9695063]]}, "properties": {"source": "osm", "dmg": 1.0, "dmg_class": 3, "dmg_label": "Destroyed", "confidence": null, "bid": "way/886388196"}}, {"type": "Feature", "geometry": {"type": "LineString", "coordinates": [[85.1853715, 27.97062], [85.1852005, 27.9706526], [85.1852236, 27.9707473], [85.1853946, 27.9707147], [85.1853715, 27.97062]]}, "properties": {"source": "osm", "dmg": 1.0, "dmg_class": 3, "dmg_label": "Destroyed", "confidence": null, "bid": "way/1553122703"}}, {"type": "Feature", "geometry": {"type": "LineString", "coordinates": [[85.1834849, 27.9714559], [85.1834292, 27.9713902], [85.1833756, 27.9714256], [85.1834312, 27.9714914], [85.1834849, 27.9714559]]}, "properties": {"source": "osm", "dmg": 1.0, "dmg_class": 3, "dmg_label": "Destroyed", "confidence": null, "bid": "way/1553122728"}}, {"type": "Feature", "geometry": {"type": "LineString", "coordinates": [[85.1724023, 27.9647288], [85.1724375, 27.9647427], [85.1724803, 27.964658], [85.1724451, 27.9646442], [85.1724023, 27.9647288]]}, "properties": {"source": "osm", "dmg": 1.0, "dmg_class": 3, "dmg_label": "Destroyed", "confidence": null, "bid": "way/886387008"}}, {"type": "Feature", "geometry": {"type": "LineString", "coordinates": [[85.1832146, 27.9698096], [85.1832285, 27.9696962], [85.1833153, 27.9697045], [85.1833014, 27.9698179], [85.1832146, 27.9698096]]}, "properties": {"source": "osm", "dmg": 1.0, "dmg_class": 3, "dmg_label": "Destroyed", "confidence": null, "bid": "way/886388185"}}, {"type": "Feature", "geometry": {"type": "LineString", "coordinates": [[85.1695494, 27.9600166], [85.1695776, 27.960016], [85.1695762, 27.9599669], [85.1695481, 27.9599675], [85.1695494, 27.9600166]]}, "properties": {"source": "osm", "dmg": 1.0, "dmg_class": 3, "dmg_label": "Destroyed", "confidence": null, "bid": "way/1553122476"}}, {"type": "Feature", "geometry": {"type": "LineString", "coordinates": [[85.3792472, 28.2802361], [85.3793077, 28.2802872], [85.3793734, 28.280227], [85.3793129, 28.2801758], [85.3792472, 28.2802361]]}, "properties": {"source": "osm", "dmg": 1.0, "dmg_class": 3, "dmg_label": "Destroyed", "confidence": null, "bid": "way/849463483"}}, {"type": "Feature", "geometry": {"type": "LineString", "coordinates": [[85.3764037, 28.2734809], [85.3764176, 28.2735985], [85.3765111, 28.2735899], [85.3764972, 28.2734723], [85.3764037, 28.2734809]]}, "properties": {"source": "osm", "dmg": 1.0, "dmg_class": 3, "dmg_label": "Destroyed \u00b7 floods", "confidence": null, "bid": "way/1552753256"}}, {"type": "Feature", "geometry": {"type": "LineString", "coordinates": [[85.336643, 28.1616261], [85.3368013, 28.161593], [85.3367699, 28.1614766], [85.3366117, 28.1615097], [85.336643, 28.1616261]]}, "properties": {"source": "osm", "dmg": 1.0, "dmg_class": 3, "dmg_label": "Destroyed", "confidence": null, "bid": "way/854113224"}}, {"type": "Feature", "geometry": {"type": "LineString", "coordinates": [[85.3435396, 28.1642099], [85.34352, 28.1642389], [85.3435623, 28.1642611], [85.3435819, 28.164232], [85.3435396, 28.1642099]]}, "properties": {"source": "osm", "dmg": 1.0, "dmg_class": 3, "dmg_label": "Destroyed", "confidence": null, "bid": "way/1553066599"}}, {"type": "Feature", "geometry": {"type": "LineString", "coordinates": [[85.3663037, 28.2539554], [85.3663683, 28.2539504], [85.3663816, 28.2540843], [85.366317, 28.2540893], [85.3663037, 28.2539554]]}, "properties": {"source": "osm", "dmg": 1.0, "dmg_class": 3, "dmg_label": "Destroyed", "confidence": null, "bid": "way/340615913"}}, {"type": "Feature", "geometry": {"type": "LineString", "coordinates": [[85.3664899, 28.2555089], [85.3664878, 28.255553], [85.3666313, 28.2555582], [85.366635, 28.2554795], [85.3664915, 28.2554742], [85.3664899, 28.2555089]]}, "properties": {"source": "osm", "dmg": 1.0, "dmg_class": 3, "dmg_label": "Destroyed", "confidence": null, "bid": "way/851966251"}}, {"type": "Feature", "geometry": {"type": "LineString", "coordinates": [[85.3659709, 28.2533687], [85.3660533, 28.2533661], [85.3660923, 28.2533649], [85.3660912, 28.253337], [85.3660881, 28.2532584], [85.3660383, 28.25326], [85.3660375, 28.2532396], [85.3659658, 28.2532418], [85.3659709, 28.2533687]]}, "properties": {"source": "osm", "dmg": 1.0, "dmg_class": 3, "dmg_label": "Destroyed", "confidence": null, "bid": "way/853711540"}}, {"type": "Feature", "geometry": {"type": "LineString", "coordinates": [[85.1741188, 27.963644], [85.1741511, 27.9635968], [85.1740893, 27.9635638], [85.174057, 27.963611], [85.1741188, 27.963644]]}, "properties": {"source": "osm", "dmg": 1.0, "dmg_class": 3, "dmg_label": "Destroyed", "confidence": null, "bid": "way/341587312"}}, {"type": "Feature", "geometry": {"type": "LineString", "coordinates": [[85.1849475, 27.9712072], [85.1849569, 27.971263], [85.1850228, 27.9712543], [85.1850133, 27.9711985], [85.1849475, 27.9712072]]}, "properties": {"source": "osm", "dmg": 1.0, "dmg_class": 3, "dmg_label": "Destroyed", "confidence": null, "bid": "way/886398144"}}, {"type": "Feature", "geometry": {"type": "LineString", "coordinates": [[85.1704171, 27.9644622], [85.1704936, 27.9644267], [85.170459, 27.9643687], [85.1703826, 27.9644042], [85.1704171, 27.9644622]]}, "properties": {"source": "osm", "dmg": 1.0, "dmg_class": 3, "dmg_label": "Destroyed", "confidence": null, "bid": "way/1553012955"}}, {"type": "Feature", "geometry": {"type": "LineString", "coordinates": [[85.1738383, 27.9661507], [85.1738933, 27.9661489], [85.173892, 27.9661173], [85.173837, 27.9661191], [85.1738383, 27.9661507]]}, "properties": {"source": "osm", "dmg": 1.0, "dmg_class": 3, "dmg_label": "Destroyed", "confidence": null, "bid": "way/1553120406"}}, {"type": "Feature", "geometry": {"type": "LineString", "coordinates": [[85.1494625, 27.926818], [85.1494836, 27.9266471], [85.1494219, 27.9266411], [85.1494007, 27.9268121], [85.1494625, 27.926818]]}, "properties": {"source": "osm", "dmg": 1.0, "dmg_class": 3, "dmg_label": "Destroyed", "confidence": null, "bid": "way/888538924"}}, {"type": "Feature", "geometry": {"type": "LineString", "coordinates": [[85.1602817, 27.9468245], [85.1603495, 27.9469252], [85.1604074, 27.9468948], [85.1603397, 27.9467941], [85.1602817, 27.9468245]]}, "properties": {"source": "osm", "dmg": 1.0, "dmg_class": 3, "dmg_label": "Destroyed", "confidence": null, "bid": "way/892156967"}}, {"type": "Feature", "geometry": {"type": "LineString", "coordinates": [[85.1501693, 27.9256225], [85.1503307, 27.9256454], [85.150355, 27.9255119], [85.1503217, 27.9255072], [85.1503439, 27.9253855], [85.1502057, 27.9253658], [85.1501741, 27.9255398], [85.1502285, 27.9255475], [85.1502205, 27.9255915], [85.1501761, 27.9255852], [85.1501693, 27.9256225]]}, "properties": {"source": "osm", "dmg": 1.0, "dmg_class": 3, "dmg_label": "Destroyed", "confidence": null, "bid": "way/1553138023"}}, {"type": "Feature", "geometry": {"type": "LineString", "coordinates": [[85.3577852, 28.2391811], [85.3578096, 28.2391808], [85.3578562, 28.2391802], [85.3578558, 28.2391541], [85.3578114, 28.2391547], [85.3577848, 28.239155], [85.3577852, 28.2391811]]}, "properties": {"source": "osm", "dmg": 1.0, "dmg_class": 3, "dmg_label": "Destroyed", "confidence": null, "bid": "way/341463015"}}, {"type": "Feature", "geometry": {"type": "LineString", "coordinates": [[85.3368433, 28.1612728], [85.3367981, 28.1612826], [85.3368229, 28.1613718], [85.336868, 28.1613621], [85.3368433, 28.1612728]]}, "properties": {"source": "osm", "dmg": 1.0, "dmg_class": 3, "dmg_label": "Destroyed", "confidence": null, "bid": "way/343851628"}}, {"type": "Feature", "geometry": {"type": "LineString", "coordinates": [[85.3430386, 28.1645869], [85.3430798, 28.1646168], [85.3431223, 28.1645713], [85.3430811, 28.1645414], [85.3430386, 28.1645869]]}, "properties": {"source": "osm", "dmg": 1.0, "dmg_class": 3, "dmg_label": "Destroyed", "confidence": null, "bid": "way/344279070"}}, {"type": "Feature", "geometry": {"type": "LineString", "coordinates": [[85.3430494, 28.1643267], [85.3431079, 28.164378], [85.3431934, 28.1643021], [85.3431349, 28.1642508], [85.3430494, 28.1643267]]}, "properties": {"source": "osm", "dmg": 1.0, "dmg_class": 3, "dmg_label": "Destroyed", "confidence": null, "bid": "way/344279076"}}, {"type": "Feature", "geometry": {"type": "LineString", "coordinates": [[85.3433077, 28.1641511], [85.3433519, 28.1641869], [85.3434098, 28.1641313], [85.3433656, 28.1640955], [85.3433077, 28.1641511]]}, "properties": {"source": "osm", "dmg": 1.0, "dmg_class": 3, "dmg_label": "Destroyed", "confidence": null, "bid": "way/344279082"}}, {"type": "Feature", "geometry": {"type": "LineString", "coordinates": [[85.3434928, 28.1641337], [85.3435176, 28.1641609], [85.3435643, 28.1641276], [85.3435394, 28.1641005], [85.3434928, 28.1641337]]}, "properties": {"source": "osm", "dmg": 1.0, "dmg_class": 3, "dmg_label": "Destroyed", "confidence": null, "bid": "way/344279096"}}, {"type": "Feature", "geometry": {"type": "LineString", "coordinates": [[85.3413904, 28.1650831], [85.3414483, 28.1651061], [85.3414352, 28.1651318], [85.3414801, 28.1651497], [85.3415081, 28.1650949], [85.3414052, 28.1650541], [85.3413904, 28.1650831]]}, "properties": {"source": "osm", "dmg": 1.0, "dmg_class": 3, "dmg_label": "Destroyed", "confidence": null, "bid": "way/507471924"}}, {"type": "Feature", "geometry": {"type": "LineString", "coordinates": [[85.3619957, 28.2460505], [85.3620866, 28.2461131], [85.3621599, 28.2460306], [85.362069, 28.245968], [85.3619957, 28.2460505]]}, "properties": {"source": "osm", "dmg": 1.0, "dmg_class": 3, "dmg_label": "Destroyed", "confidence": null, "bid": "way/851368419"}}, {"type": "Feature", "geometry": {"type": "LineString", "coordinates": [[85.3621468, 28.2461636], [85.3622072, 28.2462105], [85.3622986, 28.2461191], [85.3622381, 28.2460722], [85.3621468, 28.2461636]]}, "properties": {"source": "osm", "dmg": 1.0, "dmg_class": 3, "dmg_label": "Destroyed", "confidence": null, "bid": "way/851368420"}}, {"type": "Feature", "geometry": {"type": "LineString", "coordinates": [[85.3584616, 28.2425215], [85.3584321, 28.2424495], [85.358367, 28.2424702], [85.3583966, 28.2425422], [85.3584616, 28.2425215]]}, "properties": {"source": "osm", "dmg": 1.0, "dmg_class": 3, "dmg_label": "Destroyed", "confidence": null, "bid": "way/853711562"}}, {"type": "Feature", "geometry": {"type": "LineString", "coordinates": [[85.3408125, 28.1649666], [85.3409761, 28.1650257], [85.3410042, 28.1649653], [85.3408406, 28.1649062], [85.3408125, 28.1649666]]}, "properties": {"source": "osm", "dmg": 1.0, "dmg_class": 3, "dmg_label": "Destroyed", "confidence": null, "bid": "way/853760523"}}, {"type": "Feature", "geometry": {"type": "LineString", "coordinates": [[85.3374178, 28.1632588], [85.337472, 28.1632999], [85.3374953, 28.1632761], [85.3375301, 28.1633025], [85.3376001, 28.1632309], [85.337511, 28.1631633], [85.3374178, 28.1632588]]}, "properties": {"source": "osm", "dmg": 1.0, "dmg_class": 3, "dmg_label": "Destroyed", "confidence": null, "bid": "way/854113214"}}, {"type": "Feature", "geometry": {"type": "LineString", "coordinates": [[85.3368576, 28.1626734], [85.3368576, 28.1627331], [85.3369528, 28.1627331], [85.3369528, 28.1626734], [85.3368576, 28.1626734]]}, "properties": {"source": "osm", "dmg": 1.0, "dmg_class": 3, "dmg_label": "Destroyed", "confidence": null, "bid": "way/854113219"}}, {"type": "Feature", "geometry": {"type": "LineString", "coordinates": [[85.3362091, 28.1610552], [85.3362439, 28.1611132], [85.3362829, 28.1610949], [85.336248, 28.161037], [85.3362091, 28.1610552]]}, "properties": {"source": "osm", "dmg": 1.0, "dmg_class": 3, "dmg_label": "Destroyed", "confidence": null, "bid": "way/854113228"}}, {"type": "Feature", "geometry": {"type": "LineString", "coordinates": [[85.3371352, 28.163128], [85.3371796, 28.1631239], [85.3371716, 28.1630561], [85.3371271, 28.1630602], [85.3371352, 28.163128]]}, "properties": {"source": "osm", "dmg": 1.0, "dmg_class": 3, "dmg_label": "Destroyed", "confidence": null, "bid": "way/854385628"}}, {"type": "Feature", "geometry": {"type": "LineString", "coordinates": [[85.3360495, 28.1619624], [85.3360897, 28.1619868], [85.3361244, 28.1619423], [85.3360842, 28.1619179], [85.3360495, 28.1619624]]}, "properties": {"source": "osm", "dmg": 1.0, "dmg_class": 3, "dmg_label": "Destroyed", "confidence": null, "bid": "way/854385630"}}, {"type": "Feature", "geometry": {"type": "LineString", "coordinates": [[85.3367593, 28.1631747], [85.3368426, 28.1631507], [85.3368076, 28.1630565], [85.3367244, 28.1630805], [85.3367593, 28.1631747]]}, "properties": {"source": "osm", "dmg": 1.0, "dmg_class": 3, "dmg_label": "Destroyed", "confidence": null, "bid": "way/854385640"}}, {"type": "Feature", "geometry": {"type": "LineString", "coordinates": [[85.3362612, 28.1604975], [85.3363308, 28.1604557], [85.3363027, 28.1604193], [85.3362817, 28.160432], [85.3362477, 28.160388], [85.3361991, 28.1604172], [85.3362612, 28.1604975]]}, "properties": {"source": "osm", "dmg": 1.0, "dmg_class": 3, "dmg_label": "Destroyed", "confidence": null, "bid": "way/1132149398"}}, {"type": "Feature", "geometry": {"type": "LineString", "coordinates": [[85.3579921, 28.2366172], [85.3580488, 28.2366546], [85.3581195, 28.2365766], [85.3580629, 28.2365455], [85.3579921, 28.2366172]]}, "properties": {"source": "osm", "dmg": 1.0, "dmg_class": 3, "dmg_label": "Destroyed", "confidence": null, "bid": "way/1552758995"}}, {"type": "Feature", "geometry": {"type": "LineString", "coordinates": [[85.3587952, 28.2378267], [85.3588462, 28.2377342], [85.3588848, 28.2377508], [85.3588338, 28.2378432], [85.3587952, 28.2378267]]}, "properties": {"source": "osm", "dmg": 1.0, "dmg_class": 3, "dmg_label": "Destroyed", "confidence": null, "bid": "way/1552920304"}}, {"type": "Feature", "geometry": {"type": "LineString", "coordinates": [[85.3436268, 28.1639314], [85.3435983, 28.1639026], [85.3435417, 28.1639462], [85.3435702, 28.163975], [85.3436268, 28.1639314]]}, "properties": {"source": "osm", "dmg": 1.0, "dmg_class": 3, "dmg_label": "Destroyed", "confidence": null, "bid": "way/1552966816"}}, {"type": "Feature", "geometry": {"type": "LineString", "coordinates": [[85.3361723, 28.1610119], [85.3361362, 28.1610244], [85.3361616, 28.1610814], [85.3361976, 28.161069], [85.3361723, 28.1610119]]}, "properties": {"source": "osm", "dmg": 1.0, "dmg_class": 3, "dmg_label": "Destroyed", "confidence": null, "bid": "way/1552968625"}}, {"type": "Feature", "geometry": {"type": "LineString", "coordinates": [[85.3427041, 28.1644717], [85.3427947, 28.1644717], [85.3427947, 28.1644091], [85.3427041, 28.1644091], [85.3427041, 28.1644717]]}, "properties": {"source": "osm", "dmg": 1.0, "dmg_class": 3, "dmg_label": "Destroyed", "confidence": null, "bid": "way/1552968650"}}, {"type": "Feature", "geometry": {"type": "LineString", "coordinates": [[85.3366647, 28.1607944], [85.3366915, 28.1608317], [85.3367219, 28.1608146], [85.3366951, 28.1607774], [85.3366647, 28.1607944]]}, "properties": {"source": "osm", "dmg": 1.0, "dmg_class": 3, "dmg_label": "Destroyed", "confidence": null, "bid": "way/1553061067"}}, {"type": "Feature", "geometry": {"type": "LineString", "coordinates": [[85.3435447, 28.1642034], [85.3435676, 28.1642042], [85.3435686, 28.1641832], [85.3435589, 28.1641829], [85.3435457, 28.1641824], [85.3435447, 28.1642034]]}, "properties": {"source": "osm", "dmg": 1.0, "dmg_class": 3, "dmg_label": "Destroyed", "confidence": null, "bid": "way/1553066597"}}, {"type": "Feature", "geometry": {"type": "LineString", "coordinates": [[85.3434924, 28.1642592], [85.3435077, 28.1642589], [85.343507, 28.1642352], [85.3434917, 28.1642356], [85.3434924, 28.1642592]]}, "properties": {"source": "osm", "dmg": 1.0, "dmg_class": 3, "dmg_label": "Destroyed", "confidence": null, "bid": "way/1553066598"}}, {"type": "Feature", "geometry": {"type": "LineString", "coordinates": [[85.3433391, 28.1644398], [85.3433681, 28.1644578], [85.3433856, 28.1644359], [85.3433566, 28.164418], [85.3433391, 28.1644398]]}, "properties": {"source": "osm", "dmg": 1.0, "dmg_class": 3, "dmg_label": "Destroyed", "confidence": null, "bid": "way/1553066601"}}, {"type": "Feature", "geometry": {"type": "LineString", "coordinates": [[85.3366351, 28.1610604], [85.3366793, 28.1610959], [85.3367068, 28.1610693], [85.3366625, 28.1610338], [85.3366351, 28.1610604]]}, "properties": {"source": "osm", "dmg": 1.0, "dmg_class": 3, "dmg_label": "Destroyed", "confidence": null, "bid": "way/1553070047"}}, {"type": "Feature", "geometry": {"type": "LineString", "coordinates": [[85.3659346, 28.2525492], [85.3659515, 28.2526323], [85.3661848, 28.2525954], [85.3661745, 28.2525447], [85.3661344, 28.2525511], [85.366137, 28.2525635], [85.3659948, 28.252586], [85.3659856, 28.2525411], [85.3659346, 28.2525492]]}, "properties": {"source": "osm", "dmg": 1.0, "dmg_class": 3, "dmg_label": "Destroyed", "confidence": null, "bid": "way/340615924"}}, {"type": "Feature", "geometry": {"type": "LineString", "coordinates": [[85.3659159, 28.2515369], [85.3659549, 28.2514604], [85.3659917, 28.2513884], [85.3660361, 28.251406], [85.3659603, 28.2515545], [85.3659159, 28.2515369]]}, "properties": {"source": "osm", "dmg": 1.0, "dmg_class": 3, "dmg_label": "Destroyed", "confidence": null, "bid": "way/340615926"}}, {"type": "Feature", "geometry": {"type": "LineString", "coordinates": [[85.3663166, 28.2521328], [85.3662455, 28.2521214], [85.3662177, 28.2522556], [85.3662887, 28.252267], [85.3663166, 28.2521328]]}, "properties": {"source": "osm", "dmg": 1.0, "dmg_class": 3, "dmg_label": "Destroyed", "confidence": null, "bid": "way/340624508"}}, {"type": "Feature", "geometry": {"type": "LineString", "coordinates": [[85.366638, 28.2535593], [85.3668372, 28.2535724], [85.3668434, 28.2534998], [85.3666442, 28.2534867], [85.366638, 28.2535593]]}, "properties": {"source": "osm", "dmg": 1.0, "dmg_class": 3, "dmg_label": "Destroyed", "confidence": null, "bid": "way/340624546"}}, {"type": "Feature", "geometry": {"type": "LineString", "coordinates": [[85.3665293, 28.2544472], [85.3666186, 28.2544465], [85.3666179, 28.2543738], [85.3665782, 28.2543741], [85.3665771, 28.2542612], [85.3665275, 28.2542616], [85.3665293, 28.2544472]]}, "properties": {"source": "osm", "dmg": 1.0, "dmg_class": 3, "dmg_label": "Destroyed", "confidence": null, "bid": "way/340624547"}}, {"type": "Feature", "geometry": {"type": "LineString", "coordinates": [[85.3648089, 28.2528385], [85.3648115, 28.2528763], [85.364856, 28.2528739], [85.3648534, 28.2528361], [85.3648089, 28.2528385]]}, "properties": {"source": "osm", "dmg": 1.0, "dmg_class": 3, "dmg_label": "Destroyed", "confidence": null, "bid": "way/851367090"}}, {"type": "Feature", "geometry": {"type": "LineString", "coordinates": [[85.3648036, 28.2530979], [85.3648257, 28.2530963], [85.3648161, 28.2529895], [85.3645241, 28.2530098], [85.3645336, 28.2531161], [85.3646618, 28.2531072], [85.364674, 28.2532436], [85.3648158, 28.2532338], [85.3648036, 28.2530979]]}, "properties": {"source": "osm", "dmg": 1.0, "dmg_class": 3, "dmg_label": "Destroyed", "confidence": null, "bid": "way/851367092"}}, {"type": "Feature", "geometry": {"type": "LineString", "coordinates": [[85.3644803, 28.2522431], [85.3644795, 28.2523176], [85.3646163, 28.2523188], [85.3646171, 28.2522443], [85.3644803, 28.2522431]]}, "properties": {"source": "osm", "dmg": 1.0, "dmg_class": 3, "dmg_label": "Destroyed", "confidence": null, "bid": "way/851367101"}}, {"type": "Feature", "geometry": {"type": "LineString", "coordinates": [[85.366096, 28.2533406], [85.3660947, 28.2534528], [85.3661302, 28.2534531], [85.3661315, 28.2533409], [85.366096, 28.2533406]]}, "properties": {"source": "osm", "dmg": 1.0, "dmg_class": 3, "dmg_label": "Destroyed", "confidence": null, "bid": "way/851367102"}}, {"type": "Feature", "geometry": {"type": "LineString", "coordinates": [[85.3662429, 28.2538039], [85.3662402, 28.2539728], [85.3662855, 28.2539734], [85.3662881, 28.2538044], [85.3662429, 28.2538039]]}, "properties": {"source": "osm", "dmg": 1.0, "dmg_class": 3, "dmg_label": "Destroyed", "confidence": null, "bid": "way/851367106"}}, {"type": "Feature", "geometry": {"type": "LineString", "coordinates": [[85.3668865, 28.2545265], [85.3668928, 28.2546187], [85.3669939, 28.2546133], [85.3669876, 28.2545211], [85.3668865, 28.2545265]]}, "properties": {"source": "osm", "dmg": 1.0, "dmg_class": 3, "dmg_label": "Destroyed", "confidence": null, "bid": "way/851367107"}}, {"type": "Feature", "geometry": {"type": "LineString", "coordinates": [[85.3647472, 28.2542236], [85.3647559, 28.2542726], [85.3648111, 28.254265], [85.3648024, 28.254216], [85.3647472, 28.2542236]]}, "properties": {"source": "osm", "dmg": 1.0, "dmg_class": 3, "dmg_label": "Destroyed", "confidence": null, "bid": "way/851368427"}}, {"type": "Feature", "geometry": {"type": "LineString", "coordinates": [[85.3665979, 28.2525408], [85.3666214, 28.2526105], [85.3666874, 28.2525933], [85.3666639, 28.2525236], [85.3665979, 28.2525408]]}, "properties": {"source": "osm", "dmg": 1.0, "dmg_class": 3, "dmg_label": "Destroyed", "confidence": null, "bid": "way/851368440"}}, {"type": "Feature", "geometry": {"type": "LineString", "coordinates": [[85.3665523, 28.2552218], [85.3665563, 28.2553352], [85.3666281, 28.2553333], [85.366624, 28.2552199], [85.3665523, 28.2552218]]}, "properties": {"source": "osm", "dmg": 1.0, "dmg_class": 3, "dmg_label": "Destroyed", "confidence": null, "bid": "way/851966255"}}, {"type": "Feature", "geometry": {"type": "LineString", "coordinates": [[85.366724, 28.2559017], [85.3667332, 28.2559273], [85.3668056, 28.2559073], [85.3667964, 28.2558816], [85.366724, 28.2559017]]}, "properties": {"source": "osm", "dmg": 1.0, "dmg_class": 3, "dmg_label": "Destroyed", "confidence": null, "bid": "way/853711506"}}, {"type": "Feature", "geometry": {"type": "LineString", "coordinates": [[85.3664409, 28.254549], [85.3664825, 28.254536], [85.3664656, 28.2544942], [85.3664241, 28.2545072], [85.3664409, 28.254549]]}, "properties": {"source": "osm", "dmg": 1.0, "dmg_class": 3, "dmg_label": "Destroyed", "confidence": null, "bid": "way/853711520"}}, {"type": "Feature", "geometry": {"type": "LineString", "coordinates": [[85.3664488, 28.2545678], [85.3664625, 28.2546495], [85.3664987, 28.2546448], [85.366485, 28.2545631], [85.3664488, 28.2545678]]}, "properties": {"source": "osm", "dmg": 1.0, "dmg_class": 3, "dmg_label": "Destroyed", "confidence": null, "bid": "way/853711521"}}, {"type": "Feature", "geometry": {"type": "LineString", "coordinates": [[85.3662371, 28.2541458], [85.3662677, 28.2541424], [85.3662569, 28.2540668], [85.3662264, 28.2540702], [85.3662371, 28.2541458]]}, "properties": {"source": "osm", "dmg": 1.0, "dmg_class": 3, "dmg_label": "Destroyed", "confidence": null, "bid": "way/853711527"}}, {"type": "Feature", "geometry": {"type": "LineString", "coordinates": [[85.3669171, 28.2524357], [85.3669507, 28.2524465], [85.3669708, 28.2523981], [85.3669372, 28.2523872], [85.3669171, 28.2524357]]}, "properties": {"source": "osm", "dmg": 1.0, "dmg_class": 3, "dmg_label": "Destroyed", "confidence": null, "bid": "way/853711547"}}, {"type": "Feature", "geometry": {"type": "LineString", "coordinates": [[85.3659783, 28.2518993], [85.3660452, 28.2519194], [85.3660654, 28.2518675], [85.3659984, 28.2518474], [85.3659783, 28.2518993]]}, "properties": {"source": "osm", "dmg": 1.0, "dmg_class": 3, "dmg_label": "Destroyed", "confidence": null, "bid": "way/853711557"}}, {"type": "Feature", "geometry": {"type": "LineString", "coordinates": [[85.3661178, 28.2508208], [85.3661281, 28.2508638], [85.3662045, 28.2508496], [85.3661755, 28.2507943], [85.3661178, 28.2508208]]}, "properties": {"source": "osm", "dmg": 1.0, "dmg_class": 3, "dmg_label": "Destroyed", "confidence": null, "bid": "way/853711558"}}, {"type": "Feature", "geometry": {"type": "LineString", "coordinates": [[85.3669526, 28.2547847], [85.3669651, 28.254816], [85.3670261, 28.2547971], [85.3670137, 28.2547658], [85.3669526, 28.2547847]]}, "properties": {"source": "osm", "dmg": 1.0, "dmg_class": 3, "dmg_label": "Destroyed", "confidence": null, "bid": "way/1552598456"}}, {"type": "Feature", "geometry": {"type": "LineString", "coordinates": [[85.3670718, 28.2546797], [85.3670801, 28.2547756], [85.3671719, 28.2547695], [85.3671637, 28.2546736], [85.3670718, 28.2546797]]}, "properties": {"source": "osm", "dmg": 1.0, "dmg_class": 3, "dmg_label": "Destroyed", "confidence": null, "bid": "way/1552598458"}}, {"type": "Feature", "geometry": {"type": "LineString", "coordinates": [[85.3664692, 28.2533], [85.3665422, 28.2532875], [85.3665357, 28.2532584], [85.3666018, 28.2532471], [85.3665927, 28.2532062], [85.3664537, 28.25323], [85.3664692, 28.2533]]}, "properties": {"source": "osm", "dmg": 1.0, "dmg_class": 3, "dmg_label": "Destroyed", "confidence": null, "bid": "way/1552646438"}}, {"type": "Feature", "geometry": {"type": "LineString", "coordinates": [[85.3666893, 28.2541733], [85.3668195, 28.2541653], [85.36681, 28.2540448], [85.3667646, 28.2540476], [85.3667603, 28.2539926], [85.3666755, 28.2539978], [85.3666893, 28.2541733]]}, "properties": {"source": "osm", "dmg": 1.0, "dmg_class": 3, "dmg_label": "Destroyed", "confidence": null, "bid": "way/1552855515"}}, {"type": "Feature", "geometry": {"type": "LineString", "coordinates": [[85.3665543, 28.2531008], [85.366638, 28.2530889], [85.3666268, 28.2530275], [85.3665431, 28.2530394], [85.3665543, 28.2531008]]}, "properties": {"source": "osm", "dmg": 1.0, "dmg_class": 3, "dmg_label": "Destroyed", "confidence": null, "bid": "way/1552942036"}}, {"type": "Feature", "geometry": {"type": "LineString", "coordinates": [[85.3665463, 28.2542018], [85.366598, 28.254199], [85.3665966, 28.2541787], [85.3665449, 28.2541815], [85.3665463, 28.2542018]]}, "properties": {"source": "osm", "dmg": 1.0, "dmg_class": 3, "dmg_label": "Destroyed", "confidence": null, "bid": "way/1552942053"}}, {"type": "Feature", "geometry": {"type": "LineString", "coordinates": [[85.3662231, 28.2523004], [85.3662688, 28.2522997], [85.3662681, 28.2522666], [85.3662224, 28.2522673], [85.3662231, 28.2523004]]}, "properties": {"source": "osm", "dmg": 1.0, "dmg_class": 3, "dmg_label": "Destroyed", "confidence": null, "bid": "way/1552942066"}}, {"type": "Feature", "geometry": {"type": "LineString", "coordinates": [[85.3661079, 28.2521483], [85.3661731, 28.2521778], [85.3662303, 28.2520798], [85.3661651, 28.2520503], [85.3661079, 28.2521483]]}, "properties": {"source": "osm", "dmg": 1.0, "dmg_class": 3, "dmg_label": "Destroyed", "confidence": null, "bid": "way/1552942068"}}, {"type": "Feature", "geometry": {"type": "LineString", "coordinates": [[85.3669144, 28.2544073], [85.366958, 28.2544058], [85.366956, 28.2543589], [85.3669124, 28.2543603], [85.3669144, 28.2544073]]}, "properties": {"source": "osm", "dmg": 1.0, "dmg_class": 3, "dmg_label": "Destroyed", "confidence": null, "bid": "way/1552942078"}}, {"type": "Feature", "geometry": {"type": "LineString", "coordinates": [[85.3668702, 28.254822], [85.3669543, 28.2548048], [85.3669161, 28.2546589], [85.3668319, 28.2546761], [85.3668702, 28.254822]]}, "properties": {"source": "osm", "dmg": 1.0, "dmg_class": 3, "dmg_label": "Destroyed", "confidence": null, "bid": "way/1552942088"}}, {"type": "Feature", "geometry": {"type": "LineString", "coordinates": [[85.3659086, 28.2553606], [85.365982, 28.2553596], [85.3659794, 28.2552061], [85.3659059, 28.2552071], [85.3659086, 28.2553606]]}, "properties": {"source": "osm", "dmg": 1.0, "dmg_class": 3, "dmg_label": "Destroyed", "confidence": null, "bid": "way/1552942098"}}, {"type": "Feature", "geometry": {"type": "LineString", "coordinates": [[85.3668407, 28.2567977], [85.366879, 28.2567828], [85.3668301, 28.2566848], [85.3667917, 28.2566996], [85.3668407, 28.2567977]]}, "properties": {"source": "osm", "dmg": 1.0, "dmg_class": 3, "dmg_label": "Destroyed", "confidence": null, "bid": "way/1553000680"}}, {"type": "Feature", "geometry": {"type": "LineString", "coordinates": [[85.3665584, 28.2566536], [85.3666012, 28.2566462], [85.3665898, 28.2565948], [85.366547, 28.2566022], [85.3665584, 28.2566536]]}, "properties": {"source": "osm", "dmg": 1.0, "dmg_class": 3, "dmg_label": "Destroyed", "confidence": null, "bid": "way/1553000682"}}, {"type": "Feature", "geometry": {"type": "LineString", "coordinates": [[85.3665014, 28.2566677], [85.3665365, 28.2566537], [85.3665077, 28.2565976], [85.3664725, 28.2566116], [85.3665014, 28.2566677]]}, "properties": {"source": "osm", "dmg": 1.0, "dmg_class": 3, "dmg_label": "Destroyed", "confidence": null, "bid": "way/1553000685"}}, {"type": "Feature", "geometry": {"type": "LineString", "coordinates": [[85.3657758, 28.2551586], [85.3659496, 28.2551142], [85.3657296, 28.2544468], [85.3655559, 28.2544912], [85.3657758, 28.2551586]]}, "properties": {"source": "osm", "dmg": 1.0, "dmg_class": 3, "dmg_label": "Destroyed", "confidence": null, "bid": "way/1553303476"}}, {"type": "Feature", "geometry": {"type": "LineString", "coordinates": [[85.1713691, 27.9646883], [85.1713981, 27.9646372], [85.1713069, 27.9645969], [85.1712779, 27.9646481], [85.1713691, 27.9646883]]}, "properties": {"source": "osm", "dmg": 1.0, "dmg_class": 3, "dmg_label": "Destroyed", "confidence": null, "bid": "way/341049748"}}, {"type": "Feature", "geometry": {"type": "LineString", "coordinates": [[85.1721468, 27.9652545], [85.1720808, 27.965227], [85.1721186, 27.9651563], [85.1721846, 27.9651838], [85.1721468, 27.9652545]]}, "properties": {"source": "osm", "dmg": 1.0, "dmg_class": 3, "dmg_label": "Destroyed", "confidence": null, "bid": "way/341049756"}}, {"type": "Feature", "geometry": {"type": "LineString", "coordinates": [[85.1710622, 27.9645584], [85.1710035, 27.964529], [85.1710363, 27.9644781], [85.171095, 27.9645075], [85.1710622, 27.9645584]]}, "properties": {"source": "osm", "dmg": 1.0, "dmg_class": 3, "dmg_label": "Destroyed", "confidence": null, "bid": "way/341049870"}}, {"type": "Feature", "geometry": {"type": "LineString", "coordinates": [[85.1845169, 27.9746081], [85.1844858, 27.9746387], [85.1844219, 27.9745878], [85.184453, 27.9745573], [85.1845169, 27.9746081]]}, "properties": {"source": "osm", "dmg": 1.0, "dmg_class": 3, "dmg_label": "Destroyed", "confidence": null, "bid": "way/341461930"}}, {"type": "Feature", "geometry": {"type": "LineString", "coordinates": [[85.185104, 27.9707701], [85.1852103, 27.9707418], [85.1851694, 27.970622], [85.1850631, 27.9706503], [85.185104, 27.9707701]]}, "properties": {"source": "osm", "dmg": 1.0, "dmg_class": 3, "dmg_label": "Destroyed", "confidence": null, "bid": "way/341462060"}}, {"type": "Feature", "geometry": {"type": "LineString", "coordinates": [[85.1700962, 27.9602956], [85.1702003, 27.9602193], [85.1701142, 27.9601277], [85.1700705, 27.9601597], [85.1700763, 27.9601659], [85.1700543, 27.960182], [85.1700874, 27.9602172], [85.170075, 27.9602263], [85.1700656, 27.9602163], [85.1700396, 27.9602353], [85.1700962, 27.9602956]]}, "properties": {"source": "osm", "dmg": 1.0, "dmg_class": 3, "dmg_label": "Destroyed", "confidence": null, "bid": "way/341587237"}}, {"type": "Feature", "geometry": {"type": "LineString", "coordinates": [[85.1749869, 27.9667586], [85.1750264, 27.9667295], [85.1749902, 27.9666911], [85.1749507, 27.9667202], [85.1749869, 27.9667586]]}, "properties": {"source": "osm", "dmg": 1.0, "dmg_class": 3, "dmg_label": "Destroyed", "confidence": null, "bid": "way/341622689"}}, {"type": "Feature", "geometry": {"type": "LineString", "coordinates": [[85.1763914, 27.9672217], [85.176417, 27.9671739], [85.1763606, 27.9671504], [85.176335, 27.9671981], [85.1763914, 27.9672217]]}, "properties": {"source": "osm", "dmg": 1.0, "dmg_class": 3, "dmg_label": "Destroyed", "confidence": null, "bid": "way/341622739"}}, {"type": "Feature", "geometry": {"type": "LineString", "coordinates": [[85.1742573, 27.966319], [85.1742174, 27.9663019], [85.1742457, 27.9662507], [85.1742856, 27.9662678], [85.1742573, 27.966319]]}, "properties": {"source": "osm", "dmg": 1.0, "dmg_class": 3, "dmg_label": "Destroyed", "confidence": null, "bid": "way/341622758"}}, {"type": "Feature", "geometry": {"type": "LineString", "coordinates": [[85.1772728, 27.9693837], [85.1772489, 27.9694082], [85.1772025, 27.9693729], [85.1772264, 27.9693484], [85.1772728, 27.9693837]]}, "properties": {"source": "osm", "dmg": 1.0, "dmg_class": 3, "dmg_label": "Destroyed", "confidence": null, "bid": "way/341622910"}}, {"type": "Feature", "geometry": {"type": "LineString", "coordinates": [[85.1741908, 27.96609], [85.1740862, 27.9660451], [85.1741125, 27.9659972], [85.1742172, 27.9660421], [85.1741908, 27.96609]]}, "properties": {"source": "osm", "dmg": 1.0, "dmg_class": 3, "dmg_label": "Destroyed", "confidence": null, "bid": "way/341622933"}}, {"type": "Feature", "geometry": {"type": "LineString", "coordinates": [[85.1719916, 27.9624527], [85.1720263, 27.9624713], [85.1720555, 27.9624288], [85.1720208, 27.9624102], [85.1719916, 27.9624527]]}, "properties": {"source": "osm", "dmg": 1.0, "dmg_class": 3, "dmg_label": "Destroyed", "confidence": null, "bid": "way/341623005"}}, {"type": "Feature", "geometry": {"type": "LineString", "coordinates": [[85.1723878, 27.9624969], [85.172411, 27.9624631], [85.1723541, 27.9624327], [85.172331, 27.9624665], [85.1723878, 27.9624969]]}, "properties": {"source": "osm", "dmg": 1.0, "dmg_class": 3, "dmg_label": "Destroyed", "confidence": null, "bid": "way/341623096"}}, {"type": "Feature", "geometry": {"type": "LineString", "coordinates": [[85.1753259, 27.9673689], [85.1752861, 27.9673446], [85.1753216, 27.9672992], [85.1753614, 27.9673234], [85.1753259, 27.9673689]]}, "properties": {"source": "osm", "dmg": 1.0, "dmg_class": 3, "dmg_label": "Destroyed", "confidence": null, "bid": "way/341623098"}}, {"type": "Feature", "geometry": {"type": "LineString", "coordinates": [[85.1734305, 27.9656329], [85.1734568, 27.9656081], [85.1734234, 27.9655806], [85.1733971, 27.9656054], [85.1734305, 27.9656329]]}, "properties": {"source": "osm", "dmg": 1.0, "dmg_class": 3, "dmg_label": "Destroyed", "confidence": null, "bid": "way/341623188"}}, {"type": "Feature", "geometry": {"type": "LineString", "coordinates": [[85.1804342, 27.9689394], [85.180401, 27.969008], [85.1804534, 27.9690278], [85.1805166, 27.9688972], [85.18043, 27.9688645], [85.1804, 27.9689265], [85.1804342, 27.9689394]]}, "properties": {"source": "osm", "dmg": 1.0, "dmg_class": 3, "dmg_label": "Destroyed", "confidence": null, "bid": "way/346560103"}}, {"type": "Feature", "geometry": {"type": "LineString", "coordinates": [[85.1797733, 27.9683689], [85.1798472, 27.9683041], [85.1797995, 27.9682616], [85.1797256, 27.9683264], [85.1797733, 27.9683689]]}, "properties": {"source": "osm", "dmg": 1.0, "dmg_class": 3, "dmg_label": "Destroyed", "confidence": null, "bid": "way/704709269"}}, {"type": "Feature", "geometry": {"type": "LineString", "coordinates": [[85.1847938, 27.9745319], [85.1848729, 27.9745461], [85.1848822, 27.9745058], [85.184803, 27.9744916], [85.1847938, 27.9745319]]}, "properties": {"source": "osm", "dmg": 1.0, "dmg_class": 3, "dmg_label": "Destroyed", "confidence": null, "bid": "way/846895895"}}, {"type": "Feature", "geometry": {"type": "LineString", "coordinates": [[85.1847254, 27.9741949], [85.1847643, 27.9742127], [85.1847767, 27.9741914], [85.1847378, 27.9741737], [85.1847254, 27.9741949]]}, "properties": {"source": "osm", "dmg": 1.0, "dmg_class": 3, "dmg_label": "Destroyed", "confidence": null, "bid": "way/853609362"}}, {"type": "Feature", "geometry": {"type": "LineString", "coordinates": [[85.17033, 27.9604337], [85.1703628, 27.9604592], [85.1704126, 27.9604092], [85.1703798, 27.9603837], [85.17033, 27.9604337]]}, "properties": {"source": "osm", "dmg": 1.0, "dmg_class": 3, "dmg_label": "Destroyed", "confidence": null, "bid": "way/886277360"}}, {"type": "Feature", "geometry": {"type": "LineString", "coordinates": [[85.1712426, 27.9608809], [85.1712831, 27.9609588], [85.1713905, 27.9609153], [85.17135, 27.9608373], [85.1712426, 27.9608809]]}, "properties": {"source": "osm", "dmg": 1.0, "dmg_class": 3, "dmg_label": "Destroyed", "confidence": null, "bid": "way/886277364"}}, {"type": "Feature", "geometry": {"type": "LineString", "coordinates": [[85.1724322, 27.9624552], [85.1724523, 27.9624238], [85.1724955, 27.9624455], [85.1724753, 27.9624768], [85.1724322, 27.9624552]]}, "properties": {"source": "osm", "dmg": 1.0, "dmg_class": 3, "dmg_label": "Destroyed", "confidence": null, "bid": "way/886277377"}}, {"type": "Feature", "geometry": {"type": "LineString", "coordinates": [[85.1735266, 27.9634257], [85.1735562, 27.963457], [85.1735076, 27.9634928], [85.1734781, 27.9634615], [85.1735266, 27.9634257]]}, "properties": {"source": "osm", "dmg": 1.0, "dmg_class": 3, "dmg_label": "Destroyed", "confidence": null, "bid": "way/886277383"}}, {"type": "Feature", "geometry": {"type": "LineString", "coordinates": [[85.1791987, 27.9674536], [85.1792646, 27.9674922], [85.1793142, 27.967426], [85.1792483, 27.9673874], [85.1791987, 27.9674536]]}, "properties": {"source": "osm", "dmg": 1.0, "dmg_class": 3, "dmg_label": "Destroyed", "confidence": null, "bid": "way/886361483"}}, {"type": "Feature", "geometry": {"type": "LineString", "coordinates": [[85.1701022, 27.9644652], [85.1701399, 27.9645022], [85.170189, 27.9644632], [85.1701514, 27.9644262], [85.1701022, 27.9644652]]}, "properties": {"source": "osm", "dmg": 1.0, "dmg_class": 3, "dmg_label": "Destroyed", "confidence": null, "bid": "way/886386993"}}, {"type": "Feature", "geometry": {"type": "LineString", "coordinates": [[85.171436, 27.9647816], [85.1714493, 27.9646946], [85.1715041, 27.9647012], [85.1714907, 27.9647882], [85.171436, 27.9647816]]}, "properties": {"source": "osm", "dmg": 1.0, "dmg_class": 3, "dmg_label": "Destroyed", "confidence": null, "bid": "way/886386999"}}, {"type": "Feature", "geometry": {"type": "LineString", "coordinates": [[85.1713639, 27.964869], [85.1713617, 27.9649084], [85.1714365, 27.9649117], [85.1714388, 27.9648723], [85.1713639, 27.964869]]}, "properties": {"source": "osm", "dmg": 1.0, "dmg_class": 3, "dmg_label": "Destroyed", "confidence": null, "bid": "way/886387004"}}, {"type": "Feature", "geometry": {"type": "LineString", "coordinates": [[85.171378, 27.9649519], [85.1714184, 27.9649601], [85.1714267, 27.9649285], [85.1713863, 27.9649202], [85.171378, 27.9649519]]}, "properties": {"source": "osm", "dmg": 1.0, "dmg_class": 3, "dmg_label": "Destroyed", "confidence": null, "bid": "way/886387006"}}, {"type": "Feature", "geometry": {"type": "LineString", "coordinates": [[85.172684, 27.9654453], [85.1727424, 27.9654948], [85.1728054, 27.9654432], [85.1727447, 27.9653958], [85.172684, 27.9654453]]}, "properties": {"source": "osm", "dmg": 1.0, "dmg_class": 3, "dmg_label": "Destroyed", "confidence": null, "bid": "way/886387017"}}, {"type": "Feature", "geometry": {"type": "LineString", "coordinates": [[85.1836986, 27.9698583], [85.1838187, 27.9698659], [85.183824, 27.9698008], [85.1837039, 27.9697931], [85.1836986, 27.9698583]]}, "properties": {"source": "osm", "dmg": 1.0, "dmg_class": 3, "dmg_label": "Destroyed", "confidence": null, "bid": "way/886388187"}}, {"type": "Feature", "geometry": {"type": "LineString", "coordinates": [[85.1830863, 27.9696582], [85.1831845, 27.9696599], [85.1831897, 27.9694187], [85.1830915, 27.969417], [85.1830863, 27.9696582]]}, "properties": {"source": "osm", "dmg": 1.0, "dmg_class": 3, "dmg_label": "Destroyed", "confidence": null, "bid": "way/886388188"}}, {"type": "Feature", "geometry": {"type": "LineString", "coordinates": [[85.1835212, 27.9694856], [85.1835231, 27.9693404], [85.1835734, 27.969341], [85.1835738, 27.9693087], [85.1836544, 27.9693096], [85.183652, 27.969487], [85.1835212, 27.9694856]]}, "properties": {"source": "osm", "dmg": 1.0, "dmg_class": 3, "dmg_label": "Destroyed", "confidence": null, "bid": "way/886388199"}}, {"type": "Feature", "geometry": {"type": "LineString", "coordinates": [[85.1803392, 27.9684299], [85.1803801, 27.9684763], [85.1804246, 27.9684457], [85.1803837, 27.9683993], [85.1803392, 27.9684299]]}, "properties": {"source": "osm", "dmg": 1.0, "dmg_class": 3, "dmg_label": "Destroyed", "confidence": null, "bid": "way/886391885"}}, {"type": "Feature", "geometry": {"type": "LineString", "coordinates": [[85.1801579, 27.9683111], [85.1801949, 27.9683644], [85.18023, 27.9683454], [85.180193, 27.9682921], [85.1801579, 27.9683111]]}, "properties": {"source": "osm", "dmg": 1.0, "dmg_class": 3, "dmg_label": "Destroyed", "confidence": null, "bid": "way/886391886"}}, {"type": "Feature", "geometry": {"type": "LineString", "coordinates": [[85.1720146, 27.9661781], [85.1720045, 27.9660924], [85.1721728, 27.966077], [85.1721828, 27.9661627], [85.1720146, 27.9661781]]}, "properties": {"source": "osm", "dmg": 1.0, "dmg_class": 3, "dmg_label": "Destroyed", "confidence": null, "bid": "way/886391920"}}, {"type": "Feature", "geometry": {"type": "LineString", "coordinates": [[85.1826032, 27.9697073], [85.1826618, 27.9697753], [85.1827105, 27.9697425], [85.1826519, 27.9696746], [85.1826032, 27.9697073]]}, "properties": {"source": "osm", "dmg": 1.0, "dmg_class": 3, "dmg_label": "Destroyed", "confidence": null, "bid": "way/886391965"}}, {"type": "Feature", "geometry": {"type": "LineString", "coordinates": [[85.1809669, 27.9725915], [85.1809211, 27.9726071], [85.180944, 27.9726596], [85.1809898, 27.972644], [85.1809669, 27.9725915]]}, "properties": {"source": "osm", "dmg": 1.0, "dmg_class": 3, "dmg_label": "Destroyed", "confidence": null, "bid": "way/887418151"}}, {"type": "Feature", "geometry": {"type": "LineString", "coordinates": [[85.1798718, 27.9683094], [85.1799412, 27.9683704], [85.1799079, 27.9684], [85.1798385, 27.968339], [85.1798718, 27.9683094]]}, "properties": {"source": "osm", "dmg": 1.0, "dmg_class": 3, "dmg_label": "Destroyed", "confidence": null, "bid": "way/1552643512"}}, {"type": "Feature", "geometry": {"type": "LineString", "coordinates": [[85.1728351, 27.965103], [85.1729237, 27.9651421], [85.1729478, 27.9650995], [85.1728593, 27.9650604], [85.1728351, 27.965103]]}, "properties": {"source": "osm", "dmg": 1.0, "dmg_class": 3, "dmg_label": "Destroyed", "confidence": null, "bid": "way/1552890519"}}, {"type": "Feature", "geometry": {"type": "LineString", "coordinates": [[85.1827043, 27.9693417], [85.1827656, 27.9693693], [85.1827908, 27.9693257], [85.1827295, 27.9692981], [85.1827043, 27.9693417]]}, "properties": {"source": "osm", "dmg": 1.0, "dmg_class": 3, "dmg_label": "Destroyed", "confidence": null, "bid": "way/1552907371"}}, {"type": "Feature", "geometry": {"type": "LineString", "coordinates": [[85.1839643, 27.9721103], [85.1839831, 27.9721576], [85.1840441, 27.9721386], [85.1840253, 27.9720914], [85.1839643, 27.9721103]]}, "properties": {"source": "osm", "dmg": 1.0, "dmg_class": 3, "dmg_label": "Destroyed", "confidence": null, "bid": "way/1553122729"}}, {"type": "Feature", "geometry": {"type": "LineString", "coordinates": [[85.3424472, 28.1645804], [85.3423766, 28.1645195], [85.3423226, 28.1645682], [85.3423932, 28.1646291], [85.3424472, 28.1645804]]}, "properties": {"source": "osm", "dmg": 1.0, "dmg_class": 3, "dmg_label": "Destroyed", "confidence": null, "bid": "way/344279090"}}, {"type": "Feature", "geometry": {"type": "LineString", "coordinates": [[85.3430495, 28.1646621], [85.3430984, 28.1646976], [85.3431251, 28.1646689], [85.3430762, 28.1646334], [85.3430495, 28.1646621]]}, "properties": {"source": "osm", "dmg": 1.0, "dmg_class": 3, "dmg_label": "Destroyed", "confidence": null, "bid": "way/850782569"}}, {"type": "Feature", "geometry": {"type": "LineString", "coordinates": [[85.3358397, 28.1617967], [85.3358861, 28.1617685], [85.3358324, 28.1617], [85.335786, 28.1617282], [85.3358397, 28.1617967]]}, "properties": {"source": "osm", "dmg": 1.0, "dmg_class": 3, "dmg_label": "Destroyed", "confidence": null, "bid": "way/854385629"}}, {"type": "Feature", "geometry": {"type": "LineString", "coordinates": [[85.3426312, 28.1648356], [85.3426492, 28.1648121], [85.3426135, 28.1647908], [85.3425954, 28.1648143], [85.3426312, 28.1648356]]}, "properties": {"source": "osm", "dmg": 1.0, "dmg_class": 3, "dmg_label": "Destroyed", "confidence": null, "bid": "way/1162337473"}}, {"type": "Feature", "geometry": {"type": "LineString", "coordinates": [[85.0712357, 27.8562179], [85.0712727, 27.85621], [85.0712593, 27.8561614], [85.0712223, 27.8561693], [85.0712357, 27.8562179]]}, "properties": {"source": "osm", "dmg": 1.0, "dmg_class": 3, "dmg_label": "Destroyed", "confidence": null, "bid": "way/1552715238"}}, {"type": "Feature", "geometry": {"type": "LineString", "coordinates": [[85.0701642, 27.8564835], [85.0702176, 27.8564614], [85.0701774, 27.8563855], [85.070124, 27.8564077], [85.0701642, 27.8564835]]}, "properties": {"source": "osm", "dmg": 1.0, "dmg_class": 3, "dmg_label": "Destroyed", "confidence": null, "bid": "way/1552715242"}}, {"type": "Feature", "geometry": {"type": "LineString", "coordinates": [[85.1699879, 27.9600723], [85.1700071, 27.960089], [85.1700374, 27.9600618], [85.1700181, 27.9600451], [85.1699879, 27.9600723]]}, "properties": {"source": "osm", "dmg": 1.0, "dmg_class": 3, "dmg_label": "Destroyed", "confidence": null, "bid": "way/341587314"}}, {"type": "Feature", "geometry": {"type": "LineString", "coordinates": [[85.179265, 27.967505], [85.1792918, 27.9674848], [85.1793281, 27.9675224], [85.1793014, 27.9675426], [85.179265, 27.967505]]}, "properties": {"source": "osm", "dmg": 1.0, "dmg_class": 3, "dmg_label": "Destroyed", "confidence": null, "bid": "way/1552643510"}}, {"type": "Feature", "geometry": {"type": "LineString", "coordinates": [[85.1521823, 27.9354524], [85.1521016, 27.9353829], [85.1521802, 27.9353117], [85.1522608, 27.9353812], [85.1521823, 27.9354524]]}, "properties": {"source": "osm", "dmg": 1.0, "dmg_class": 3, "dmg_label": "Destroyed", "confidence": null, "bid": "way/341959127"}}, {"type": "Feature", "geometry": {"type": "LineString", "coordinates": [[85.1564844, 27.9393132], [85.1565119, 27.9393422], [85.1565805, 27.9392914], [85.156553, 27.9392624], [85.1564844, 27.9393132]]}, "properties": {"source": "osm", "dmg": 1.0, "dmg_class": 3, "dmg_label": "Destroyed", "confidence": null, "bid": "way/891929258"}}, {"type": "Feature", "geometry": {"type": "LineString", "coordinates": [[85.1490279, 27.9262536], [85.1490279, 27.9262987], [85.1490909, 27.9262987], [85.1490909, 27.9262536], [85.1490279, 27.9262536]]}, "properties": {"source": "osm", "dmg": 1.0, "dmg_class": 3, "dmg_label": "Destroyed", "confidence": null, "bid": "way/1553176610"}}, {"type": "Feature", "geometry": {"type": "LineString", "coordinates": [[85.3661771, 28.2537248], [85.3662515, 28.2537219], [85.3662493, 28.253677], [85.3663368, 28.2536736], [85.3663332, 28.2536], [85.3661712, 28.2536062], [85.3661771, 28.2537248]]}, "properties": {"source": "osm", "dmg": 1.0, "dmg_class": 3, "dmg_label": "Destroyed", "confidence": null, "bid": "way/851367104"}}, {"type": "Feature", "geometry": {"type": "LineString", "coordinates": [[85.180076, 27.9686748], [85.18013, 27.9686378], [85.1800882, 27.9685902], [85.1800342, 27.9686272], [85.180076, 27.9686748]]}, "properties": {"source": "osm", "dmg": 1.0, "dmg_class": 3, "dmg_label": "Destroyed", "confidence": null, "bid": "way/704709268"}}, {"type": "Feature", "geometry": {"type": "LineString", "coordinates": [[85.1732173, 27.96583], [85.1732952, 27.9658447], [85.1733123, 27.9657742], [85.1732345, 27.9657595], [85.1732173, 27.96583]]}, "properties": {"source": "osm", "dmg": 1.0, "dmg_class": 3, "dmg_label": "Destroyed", "confidence": null, "bid": "way/886387020"}}, {"type": "Feature", "geometry": {"type": "LineString", "coordinates": [[85.1519274, 27.9354137], [85.1519422, 27.9353945], [85.1519706, 27.9354116], [85.1519558, 27.9354308], [85.1519274, 27.9354137]]}, "properties": {"source": "osm", "dmg": 1.0, "dmg_class": 3, "dmg_label": "Destroyed", "confidence": null, "bid": "way/341919356"}}, {"type": "Feature", "geometry": {"type": "LineString", "coordinates": [[85.1742466, 27.9660305], [85.1742689, 27.9659835], [85.1741878, 27.9659535], [85.1741654, 27.9660004], [85.1742466, 27.9660305]]}, "properties": {"source": "osm", "dmg": 1.0, "dmg_class": 3, "dmg_label": "Destroyed", "confidence": null, "bid": "way/341622985"}}, {"type": "Feature", "geometry": {"type": "LineString", "coordinates": [[85.1705368, 27.9640406], [85.1704052, 27.963971], [85.1704336, 27.963929], [85.1705652, 27.9639986], [85.1705368, 27.9640406]]}, "properties": {"source": "osm", "dmg": 1.0, "dmg_class": 3, "dmg_label": "Destroyed", "confidence": null, "bid": "way/341647691"}}, {"type": "Feature", "geometry": {"type": "LineString", "coordinates": [[85.1799404, 27.9679654], [85.1799907, 27.9679452], [85.1799666, 27.9678984], [85.1799163, 27.9679186], [85.1799404, 27.9679654]]}, "properties": {"source": "osm", "dmg": 1.0, "dmg_class": 3, "dmg_label": "Destroyed", "confidence": null, "bid": "way/704709623"}}, {"type": "Feature", "geometry": {"type": "LineString", "coordinates": [[85.1722596, 27.9625708], [85.1722768, 27.9625216], [85.1723389, 27.9625385], [85.1723218, 27.9625877], [85.1722596, 27.9625708]]}, "properties": {"source": "osm", "dmg": 1.0, "dmg_class": 3, "dmg_label": "Destroyed", "confidence": null, "bid": "way/886277375"}}, {"type": "Feature", "geometry": {"type": "LineString", "coordinates": [[85.1578321, 27.9398508], [85.157868, 27.9398166], [85.1577353, 27.9397079], [85.1576994, 27.9397421], [85.1578321, 27.9398508]]}, "properties": {"source": "osm", "dmg": 1.0, "dmg_class": 3, "dmg_label": "Destroyed", "confidence": null, "bid": "way/890976911"}}, {"type": "Feature", "geometry": {"type": "LineString", "coordinates": [[85.3779933, 28.2711854], [85.3780241, 28.2712008], [85.3780529, 28.271156], [85.378022, 28.2711406], [85.3779933, 28.2711854]]}, "properties": {"source": "osm", "dmg": 1.0, "dmg_class": 3, "dmg_label": "Destroyed \u00b7 floods", "confidence": null, "bid": "way/846902628"}}, {"type": "Feature", "geometry": {"type": "LineString", "coordinates": [[85.3765838, 28.2708482], [85.3767387, 28.2708086], [85.3767277, 28.2707754], [85.3765728, 28.270815], [85.3765838, 28.2708482]]}, "properties": {"source": "osm", "dmg": 1.0, "dmg_class": 3, "dmg_label": "Destroyed \u00b7 floods", "confidence": null, "bid": "way/1552898136"}}, {"type": "Feature", "geometry": {"type": "LineString", "coordinates": [[85.3767487, 28.265217], [85.3767697, 28.2652454], [85.3768174, 28.2652181], [85.3767964, 28.2651897], [85.3767487, 28.265217]]}, "properties": {"source": "osm", "dmg": 1.0, "dmg_class": 3, "dmg_label": "Destroyed \u00b7 floods", "confidence": null, "bid": "way/1552914667"}}, {"type": "Feature", "geometry": {"type": "LineString", "coordinates": [[85.108884, 27.8604522], [85.1089239, 27.8604072], [85.108816, 27.8603326], [85.1087758, 27.8603048], [85.1087359, 27.8603498], [85.1086844, 27.860408], [85.1087246, 27.8604359], [85.1087652, 27.860464], [85.1088034, 27.8604209], [85.1088706, 27.8604673], [85.108884, 27.8604522]]}, "properties": {"source": "osm", "dmg": 1.0, "dmg_class": 3, "dmg_label": "Destroyed", "confidence": null, "bid": "way/342010881"}}, {"type": "Feature", "geometry": {"type": "LineString", "coordinates": [[85.169431, 27.9641075], [85.1694416, 27.9640868], [85.1694112, 27.9640746], [85.1694005, 27.9640953], [85.169431, 27.9641075]]}, "properties": {"source": "osm", "dmg": 1.0, "dmg_class": 3, "dmg_label": "Destroyed", "confidence": null, "bid": "way/341587309"}}, {"type": "Feature", "geometry": {"type": "LineString", "coordinates": [[85.1723658, 27.9624183], [85.1723968, 27.9623674], [85.1724455, 27.9623905], [85.1724145, 27.9624414], [85.1723658, 27.9624183]]}, "properties": {"source": "osm", "dmg": 1.0, "dmg_class": 3, "dmg_label": "Destroyed", "confidence": null, "bid": "way/886277376"}}, {"type": "Feature", "geometry": {"type": "LineString", "coordinates": [[85.1701125, 27.9634567], [85.1701326, 27.9634306], [85.1701071, 27.9634164], [85.170087, 27.9634093], [85.1700696, 27.9634413], [85.1701125, 27.9634567]]}, "properties": {"source": "osm", "dmg": 1.0, "dmg_class": 3, "dmg_label": "Destroyed", "confidence": null, "bid": "way/430746879"}}, {"type": "Feature", "geometry": {"type": "LineString", "coordinates": [[85.1605123, 27.9464963], [85.1604976, 27.9464529], [85.1605758, 27.9464321], [85.1605906, 27.9464755], [85.1605123, 27.9464963]]}, "properties": {"source": "osm", "dmg": 1.0, "dmg_class": 3, "dmg_label": "Destroyed", "confidence": null, "bid": "way/1553150032"}}, {"type": "Feature", "geometry": {"type": "LineString", "coordinates": [[85.3794491, 28.2805443], [85.3795021, 28.2805769], [85.379539, 28.2805302], [85.3794859, 28.2804977], [85.3794491, 28.2805443]]}, "properties": {"source": "osm", "dmg": 1.0, "dmg_class": 3, "dmg_label": "Destroyed", "confidence": null, "bid": "way/849463478"}}, {"type": "Feature", "geometry": {"type": "LineString", "coordinates": [[85.3361893, 28.1608259], [85.3361612, 28.1607714], [85.3362266, 28.1607453], [85.3362547, 28.1607998], [85.3361893, 28.1608259]]}, "properties": {"source": "osm", "dmg": 1.0, "dmg_class": 3, "dmg_label": "Destroyed", "confidence": null, "bid": "way/1132149397"}}, {"type": "Feature", "geometry": {"type": "LineString", "coordinates": [[85.3669848, 28.254448], [85.3669824, 28.254363], [85.3670716, 28.254361], [85.367074, 28.254446], [85.3669848, 28.254448]]}, "properties": {"source": "osm", "dmg": 1.0, "dmg_class": 3, "dmg_label": "Destroyed", "confidence": null, "bid": "way/340615900"}}, {"type": "Feature", "geometry": {"type": "LineString", "coordinates": [[85.1612705, 27.9464244], [85.1613463, 27.9463958], [85.1613169, 27.9463348], [85.161241, 27.9463633], [85.1612705, 27.9464244]]}, "properties": {"source": "osm", "dmg": 1.0, "dmg_class": 3, "dmg_label": "Destroyed", "confidence": null, "bid": "way/1553150030"}}, {"type": "Feature", "geometry": {"type": "LineString", "coordinates": [[85.3383336, 28.1647623], [85.3383993, 28.1647161], [85.3384438, 28.1647654], [85.3383781, 28.1648116], [85.3383336, 28.1647623]]}, "properties": {"source": "osm", "dmg": 1.0, "dmg_class": 3, "dmg_label": "Destroyed", "confidence": null, "bid": "way/1553015577"}}, {"type": "Feature", "geometry": {"type": "LineString", "coordinates": [[85.3766804, 28.270104], [85.3767266, 28.2702659], [85.3768543, 28.2702375], [85.3768081, 28.2700757], [85.3766804, 28.270104]]}, "properties": {"source": "osm", "dmg": 1.0, "dmg_class": 3, "dmg_label": "Destroyed \u00b7 floods", "confidence": null, "bid": "way/846902654"}}, {"type": "Feature", "geometry": {"type": "LineString", "coordinates": [[85.3763959, 28.2694841], [85.3765762, 28.2694082], [85.3765993, 28.2694508], [85.3764191, 28.2695267], [85.3763959, 28.2694841]]}, "properties": {"source": "osm", "dmg": 1.0, "dmg_class": 3, "dmg_label": "Destroyed \u00b7 floods", "confidence": null, "bid": "way/1552917660"}}, {"type": "Feature", "geometry": {"type": "LineString", "coordinates": [[85.3432104, 28.1646779], [85.3432777, 28.1645909], [85.3432018, 28.1645453], [85.3431773, 28.1645771], [85.3432226, 28.1646044], [85.3432018, 28.1646312], [85.3431364, 28.1645919], [85.3431144, 28.1646202], [85.3432104, 28.1646779]]}, "properties": {"source": "osm", "dmg": 1.0, "dmg_class": 3, "dmg_label": "Destroyed", "confidence": null, "bid": "way/344279083"}}, {"type": "Feature", "geometry": {"type": "LineString", "coordinates": [[85.3430309, 28.1644439], [85.3429823, 28.1643883], [85.342944, 28.1644142], [85.3429926, 28.1644699], [85.3430309, 28.1644439]]}, "properties": {"source": "osm", "dmg": 1.0, "dmg_class": 3, "dmg_label": "Destroyed", "confidence": null, "bid": "way/344279098"}}, {"type": "Feature", "geometry": {"type": "LineString", "coordinates": [[85.3377758, 28.1639671], [85.3378349, 28.1639084], [85.3377752, 28.1638617], [85.3377161, 28.1639204], [85.3377758, 28.1639671]]}, "properties": {"source": "osm", "dmg": 1.0, "dmg_class": 3, "dmg_label": "Destroyed", "confidence": null, "bid": "way/769001603"}}, {"type": "Feature", "geometry": {"type": "LineString", "coordinates": [[85.3363499, 28.1605131], [85.3363948, 28.1605521], [85.3364563, 28.1604971], [85.3364114, 28.160458], [85.3363499, 28.1605131]]}, "properties": {"source": "osm", "dmg": 1.0, "dmg_class": 3, "dmg_label": "Destroyed", "confidence": null, "bid": "way/851001705"}}, {"type": "Feature", "geometry": {"type": "LineString", "coordinates": [[85.3591079, 28.234401], [85.3591282, 28.2344148], [85.359151, 28.2343888], [85.3591306, 28.234375], [85.3591079, 28.234401]]}, "properties": {"source": "osm", "dmg": 1.0, "dmg_class": 3, "dmg_label": "Destroyed", "confidence": null, "bid": "way/853711581"}}, {"type": "Feature", "geometry": {"type": "LineString", "coordinates": [[85.3376354, 28.1635815], [85.3377166, 28.1636465], [85.33778, 28.1635849], [85.3376989, 28.1635199], [85.3376354, 28.1635815]]}, "properties": {"source": "osm", "dmg": 1.0, "dmg_class": 3, "dmg_label": "Destroyed", "confidence": null, "bid": "way/854113209"}}, {"type": "Feature", "geometry": {"type": "LineString", "coordinates": [[85.3362675, 28.16115], [85.3362903, 28.1612056], [85.3363339, 28.1611917], [85.3363111, 28.1611361], [85.3362675, 28.16115]]}, "properties": {"source": "osm", "dmg": 1.0, "dmg_class": 3, "dmg_label": "Destroyed", "confidence": null, "bid": "way/854113229"}}, {"type": "Feature", "geometry": {"type": "LineString", "coordinates": [[85.3645286, 28.2524793], [85.3645392, 28.2525392], [85.3647028, 28.2525168], [85.3646922, 28.2524569], [85.3645286, 28.2524793]]}, "properties": {"source": "osm", "dmg": 1.0, "dmg_class": 3, "dmg_label": "Destroyed", "confidence": null, "bid": "way/851367099"}}, {"type": "Feature", "geometry": {"type": "LineString", "coordinates": [[85.3667213, 28.2562419], [85.3667466, 28.2562364], [85.3667238, 28.2561549], [85.3666985, 28.2561604], [85.3667213, 28.2562419]]}, "properties": {"source": "osm", "dmg": 1.0, "dmg_class": 3, "dmg_label": "Destroyed", "confidence": null, "bid": "way/853711505"}}, {"type": "Feature", "geometry": {"type": "LineString", "coordinates": [[85.3661044, 28.2564025], [85.3661521, 28.2563853], [85.3661092, 28.2562932], [85.3660615, 28.2563104], [85.3661044, 28.2564025]]}, "properties": {"source": "osm", "dmg": 1.0, "dmg_class": 3, "dmg_label": "Destroyed", "confidence": null, "bid": "way/1552916423"}}, {"type": "Feature", "geometry": {"type": "LineString", "coordinates": [[85.1138507, 27.8671259], [85.1139219, 27.8670952], [85.113871, 27.8670027], [85.1137997, 27.8670334], [85.1138507, 27.8671259]]}, "properties": {"source": "osm", "dmg": 1.0, "dmg_class": 3, "dmg_label": "Destroyed", "confidence": null, "bid": "way/892314193"}}, {"type": "Feature", "geometry": {"type": "LineString", "coordinates": [[85.1722787, 27.9624314], [85.1723264, 27.9624552], [85.1723956, 27.9623467], [85.1723479, 27.962323], [85.1722787, 27.9624314]]}, "properties": {"source": "osm", "dmg": 1.0, "dmg_class": 3, "dmg_label": "Destroyed", "confidence": null, "bid": "way/341623230"}}, {"type": "Feature", "geometry": {"type": "LineString", "coordinates": [[85.1519594, 27.9353757], [85.1519827, 27.93535], [85.1520138, 27.935372], [85.1519905, 27.9353977], [85.1519594, 27.9353757]]}, "properties": {"source": "osm", "dmg": 1.0, "dmg_class": 3, "dmg_label": "Destroyed", "confidence": null, "bid": "way/341919300"}}, {"type": "Feature", "geometry": {"type": "LineString", "coordinates": [[85.1529168, 27.9331954], [85.1529731, 27.9332203], [85.1529933, 27.9331847], [85.152937, 27.9331598], [85.1529168, 27.9331954]]}, "properties": {"source": "osm", "dmg": 1.0, "dmg_class": 3, "dmg_label": "Destroyed", "confidence": null, "bid": "way/342032753"}}, {"type": "Feature", "geometry": {"type": "LineString", "coordinates": [[85.1602596, 27.9466435], [85.1602339, 27.9465768], [85.1602765, 27.946564], [85.1603021, 27.9466307], [85.1602596, 27.9466435]]}, "properties": {"source": "osm", "dmg": 1.0, "dmg_class": 3, "dmg_label": "Destroyed", "confidence": null, "bid": "way/417350946"}}, {"type": "Feature", "geometry": {"type": "LineString", "coordinates": [[85.3778664, 28.2720566], [85.3779617, 28.2720587], [85.3779687, 28.2718227], [85.3778733, 28.2718205], [85.3778664, 28.2720566]]}, "properties": {"source": "osm", "dmg": 1.0, "dmg_class": 3, "dmg_label": "Destroyed \u00b7 floods", "confidence": null, "bid": "way/846902624"}}, {"type": "Feature", "geometry": {"type": "LineString", "coordinates": [[85.3367476, 28.1624711], [85.3367984, 28.1624642], [85.336783, 28.162376], [85.3367322, 28.1623828], [85.3367476, 28.1624711]]}, "properties": {"source": "osm", "dmg": 1.0, "dmg_class": 3, "dmg_label": "Destroyed", "confidence": null, "bid": "way/474054895"}}, {"type": "Feature", "geometry": {"type": "LineString", "coordinates": [[85.3428966, 28.1650132], [85.3429455, 28.1650068], [85.3429348, 28.164943], [85.3428858, 28.1649494], [85.3428966, 28.1650132]]}, "properties": {"source": "osm", "dmg": 1.0, "dmg_class": 3, "dmg_label": "Destroyed", "confidence": null, "bid": "way/760438590"}}, {"type": "Feature", "geometry": {"type": "LineString", "coordinates": [[85.3666872, 28.2546629], [85.3666831, 28.2545877], [85.3667833, 28.2545835], [85.3667874, 28.2546586], [85.3666872, 28.2546629]]}, "properties": {"source": "osm", "dmg": 1.0, "dmg_class": 3, "dmg_label": "Destroyed", "confidence": null, "bid": "way/340615902"}}, {"type": "Feature", "geometry": {"type": "LineString", "coordinates": [[85.3666171, 28.2547082], [85.3665724, 28.254466], [85.3665427, 28.2544702], [85.3665635, 28.2545829], [85.3665278, 28.254588], [85.3665517, 28.2547175], [85.3666171, 28.2547082]]}, "properties": {"source": "osm", "dmg": 1.0, "dmg_class": 3, "dmg_label": "Destroyed", "confidence": null, "bid": "way/853711516"}}, {"type": "Feature", "geometry": {"type": "LineString", "coordinates": [[85.1730305, 27.9629931], [85.172982, 27.9629356], [85.1730528, 27.962889], [85.1731013, 27.9629465], [85.1730305, 27.9629931]]}, "properties": {"source": "osm", "dmg": 1.0, "dmg_class": 3, "dmg_label": "Destroyed", "confidence": null, "bid": "way/341587450"}}, {"type": "Feature", "geometry": {"type": "LineString", "coordinates": [[85.1848654, 27.9698161], [85.1849946, 27.9697799], [85.1850308, 27.9698805], [85.1849016, 27.9699168], [85.1848654, 27.9698161]]}, "properties": {"source": "osm", "dmg": 1.0, "dmg_class": 3, "dmg_label": "Destroyed", "confidence": null, "bid": "way/346560101"}}, {"type": "Feature", "geometry": {"type": "LineString", "coordinates": [[85.1687906, 27.959967], [85.1688337, 27.9599642], [85.1688337, 27.9600091], [85.168789, 27.9600078], [85.1687906, 27.959967]]}, "properties": {"source": "osm", "dmg": 1.0, "dmg_class": 3, "dmg_label": "Destroyed", "confidence": null, "bid": "way/886361359"}}, {"type": "Feature", "geometry": {"type": "LineString", "coordinates": [[85.1688674, 27.9634618], [85.1689609, 27.9637054], [85.1690416, 27.9636812], [85.1689481, 27.9634376], [85.1688674, 27.9634618]]}, "properties": {"source": "osm", "dmg": 1.0, "dmg_class": 3, "dmg_label": "Destroyed", "confidence": null, "bid": "way/1552893405"}}, {"type": "Feature", "geometry": {"type": "LineString", "coordinates": [[85.1500249, 27.9259722], [85.1500265, 27.9259029], [85.150103, 27.9259043], [85.1501014, 27.9259736], [85.1500249, 27.9259722]]}, "properties": {"source": "osm", "dmg": 1.0, "dmg_class": 3, "dmg_label": "Destroyed", "confidence": null, "bid": "way/888538914"}}, {"type": "Feature", "geometry": {"type": "LineString", "coordinates": [[85.1498598, 27.9237501], [85.149841, 27.9235819], [85.1499294, 27.9235742], [85.1499482, 27.9237424], [85.1498598, 27.9237501]]}, "properties": {"source": "osm", "dmg": 1.0, "dmg_class": 3, "dmg_label": "Destroyed", "confidence": null, "bid": "way/889069177"}}, {"type": "Feature", "geometry": {"type": "LineString", "coordinates": [[85.1499331, 27.9233529], [85.1500404, 27.9233422], [85.1500309, 27.9232678], [85.1499236, 27.9232785], [85.1499331, 27.9233529]]}, "properties": {"source": "osm", "dmg": 1.0, "dmg_class": 3, "dmg_label": "Destroyed", "confidence": null, "bid": "way/1553138016"}}, {"type": "Feature", "geometry": {"type": "LineString", "coordinates": [[85.1610892, 27.9465728], [85.1611597, 27.946546], [85.1611339, 27.9464929], [85.1610633, 27.9465197], [85.1610892, 27.9465728]]}, "properties": {"source": "osm", "dmg": 1.0, "dmg_class": 3, "dmg_label": "Destroyed", "confidence": null, "bid": "way/1553150027"}}, {"type": "Feature", "geometry": {"type": "LineString", "coordinates": [[85.1614213, 27.9465386], [85.1614019, 27.9464884], [85.1614984, 27.9464592], [85.1615178, 27.9465095], [85.1614213, 27.9465386]]}, "properties": {"source": "osm", "dmg": 1.0, "dmg_class": 3, "dmg_label": "Destroyed", "confidence": null, "bid": "way/1553150035"}}, {"type": "Feature", "geometry": {"type": "LineString", "coordinates": [[85.1491777, 27.9328583], [85.1492073, 27.9328856], [85.1492291, 27.9328673], [85.1491995, 27.9328399], [85.1491777, 27.9328583]]}, "properties": {"source": "osm", "dmg": 1.0, "dmg_class": 3, "dmg_label": "Destroyed", "confidence": null, "bid": "way/1553165902"}}, {"type": "Feature", "geometry": {"type": "LineString", "coordinates": [[85.3665919, 28.2562171], [85.3666241, 28.256262], [85.3666677, 28.2562377], [85.3666355, 28.2561928], [85.3665919, 28.2562171]]}, "properties": {"source": "osm", "dmg": 1.0, "dmg_class": 3, "dmg_label": "Destroyed", "confidence": null, "bid": "way/851508432"}}, {"type": "Feature", "geometry": {"type": "LineString", "coordinates": [[85.3664018, 28.2544887], [85.3664426, 28.2544756], [85.3664225, 28.2544271], [85.3663817, 28.2544403], [85.3664018, 28.2544887]]}, "properties": {"source": "osm", "dmg": 1.0, "dmg_class": 3, "dmg_label": "Destroyed", "confidence": null, "bid": "way/853711522"}}, {"type": "Feature", "geometry": {"type": "LineString", "coordinates": [[85.3665335, 28.2572094], [85.366626, 28.2571632], [85.3665402, 28.2570297], [85.3664477, 28.2570759], [85.3665335, 28.2572094]]}, "properties": {"source": "osm", "dmg": 1.0, "dmg_class": 3, "dmg_label": "Destroyed", "confidence": null, "bid": "way/1552916430"}}, {"type": "Feature", "geometry": {"type": "LineString", "coordinates": [[85.3661714, 28.2533996], [85.3662671, 28.2533932], [85.3662577, 28.2532851], [85.3661621, 28.2532915], [85.3661714, 28.2533996]]}, "properties": {"source": "osm", "dmg": 1.0, "dmg_class": 3, "dmg_label": "Destroyed", "confidence": null, "bid": "way/1552942029"}}, {"type": "Feature", "geometry": {"type": "LineString", "coordinates": [[85.109473, 27.8604933], [85.1095616, 27.8604307], [85.1094697, 27.8603292], [85.1093812, 27.8603919], [85.109473, 27.8604933]]}, "properties": {"source": "osm", "dmg": 1.0, "dmg_class": 3, "dmg_label": "Destroyed", "confidence": null, "bid": "way/342010976"}}, {"type": "Feature", "geometry": {"type": "LineString", "coordinates": [[85.17991, 27.9678745], [85.1799638, 27.9678767], [85.1799672, 27.9678119], [85.1799134, 27.9678097], [85.17991, 27.9678745]]}, "properties": {"source": "osm", "dmg": 1.0, "dmg_class": 3, "dmg_label": "Destroyed", "confidence": null, "bid": "way/886391889"}}, {"type": "Feature", "geometry": {"type": "LineString", "coordinates": [[85.1718481, 27.9642555], [85.1718373, 27.9643081], [85.1719332, 27.9643235], [85.171944, 27.9642709], [85.1718481, 27.9642555]]}, "properties": {"source": "osm", "dmg": 1.0, "dmg_class": 3, "dmg_label": "Destroyed", "confidence": null, "bid": "way/1553016010"}}, {"type": "Feature", "geometry": {"type": "LineString", "coordinates": [[85.3768895, 28.273501], [85.3769827, 28.273509], [85.3769921, 28.2734246], [85.3768989, 28.2734165], [85.3768895, 28.273501]]}, "properties": {"source": "osm", "dmg": 1.0, "dmg_class": 3, "dmg_label": "Destroyed \u00b7 floods", "confidence": null, "bid": "way/1552613663"}}, {"type": "Feature", "geometry": {"type": "LineString", "coordinates": [[85.3379177, 28.1628659], [85.3379435, 28.1628812], [85.3379639, 28.1628547], [85.337938, 28.1628393], [85.3379177, 28.1628659]]}, "properties": {"source": "osm", "dmg": 1.0, "dmg_class": 3, "dmg_label": "Destroyed", "confidence": null, "bid": "way/854115534"}}, {"type": "Feature", "geometry": {"type": "LineString", "coordinates": [[85.1479577, 27.930376], [85.14803, 27.9305498], [85.1481494, 27.930511], [85.1480771, 27.9303372], [85.1479577, 27.930376]]}, "properties": {"source": "osm", "dmg": 1.0, "dmg_class": 3, "dmg_label": "Destroyed", "confidence": null, "bid": "way/890977080"}}, {"type": "Feature", "geometry": {"type": "LineString", "coordinates": [[85.3666901, 28.2549508], [85.3667237, 28.2550342], [85.3667653, 28.2550212], [85.3667317, 28.2549378], [85.3666901, 28.2549508]]}, "properties": {"source": "osm", "dmg": 1.0, "dmg_class": 3, "dmg_label": "Destroyed", "confidence": null, "bid": "way/853711511"}}, {"type": "Feature", "geometry": {"type": "LineString", "coordinates": [[85.3664964, 28.2535583], [85.3665598, 28.2535575], [85.366559, 28.2535052], [85.3664955, 28.253506], [85.3664964, 28.2535583]]}, "properties": {"source": "osm", "dmg": 1.0, "dmg_class": 3, "dmg_label": "Destroyed", "confidence": null, "bid": "way/1552646442"}}, {"type": "Feature", "geometry": {"type": "LineString", "coordinates": [[85.3669719, 28.2557325], [85.3669868, 28.2559098], [85.3670519, 28.2559056], [85.367037, 28.2557282], [85.3669719, 28.2557325]]}, "properties": {"source": "osm", "dmg": 1.0, "dmg_class": 3, "dmg_label": "Destroyed", "confidence": null, "bid": "way/851367112"}}, {"type": "Feature", "geometry": {"type": "LineString", "coordinates": [[85.3672892, 28.2577313], [85.3673339, 28.2577193], [85.3673686, 28.2578192], [85.3673239, 28.2578312], [85.3672892, 28.2577313]]}, "properties": {"source": "osm", "dmg": 1.0, "dmg_class": 3, "dmg_label": "Destroyed", "confidence": null, "bid": "way/340606191"}}, {"type": "Feature", "geometry": {"type": "LineString", "coordinates": [[85.3774005, 28.2794497], [85.3776494, 28.2795255], [85.3776819, 28.2795354], [85.3777692, 28.279562], [85.3777967, 28.2795704], [85.378048, 28.2796469], [85.3781106, 28.2794873], [85.3779284, 28.2794319], [85.3778808, 28.2794174], [85.3778308, 28.2794022], [85.3777447, 28.279376], [85.3776918, 28.2793599], [85.3776458, 28.2793459], [85.3774631, 28.2792903], [85.3774005, 28.2794497]]}, "properties": {"source": "osm", "dmg": 1.0, "dmg_class": 3, "dmg_label": "Destroyed (part)", "confidence": null, "bid": "way/1552746561"}}, {"type": "Feature", "geometry": {"type": "LineString", "coordinates": [[85.3780469, 28.2721445], [85.3781214, 28.2721449], [85.378122, 28.272054], [85.3780476, 28.2720536], [85.3780469, 28.2721445]]}, "properties": {"source": "osm", "dmg": 1.0, "dmg_class": 3, "dmg_label": "Destroyed \u00b7 floods", "confidence": null, "bid": "way/846902620"}}, {"type": "Feature", "geometry": {"type": "LineString", "coordinates": [[85.3372641, 28.1629105], [85.3372735, 28.1629498], [85.3373204, 28.1629411], [85.337311, 28.1629018], [85.3372641, 28.1629105]]}, "properties": {"source": "osm", "dmg": 1.0, "dmg_class": 3, "dmg_label": "Destroyed", "confidence": null, "bid": "way/854115533"}}, {"type": "Feature", "geometry": {"type": "LineString", "coordinates": [[85.341718, 28.1652311], [85.3417799, 28.1652747], [85.3418044, 28.1652476], [85.3417426, 28.1652041], [85.341718, 28.1652311]]}, "properties": {"source": "osm", "dmg": 1.0, "dmg_class": 3, "dmg_label": "Destroyed", "confidence": null, "bid": "way/854385615"}}, {"type": "Feature", "geometry": {"type": "LineString", "coordinates": [[85.3585489, 28.2375181], [85.358594, 28.2375443], [85.3586951, 28.2374093], [85.3586499, 28.237383], [85.3585489, 28.2375181]]}, "properties": {"source": "osm", "dmg": 1.0, "dmg_class": 3, "dmg_label": "Destroyed", "confidence": null, "bid": "way/1552575628"}}, {"type": "Feature", "geometry": {"type": "LineString", "coordinates": [[85.3664441, 28.252954], [85.3664313, 28.2528857], [85.366532, 28.252871], [85.3665448, 28.2529394], [85.3664441, 28.252954]]}, "properties": {"source": "osm", "dmg": 1.0, "dmg_class": 3, "dmg_label": "Destroyed", "confidence": null, "bid": "way/340615917"}}, {"type": "Feature", "geometry": {"type": "LineString", "coordinates": [[85.3663681, 28.2537028], [85.3664661, 28.2537039], [85.3664668, 28.2536594], [85.3663688, 28.2536583], [85.3663681, 28.2537028]]}, "properties": {"source": "osm", "dmg": 1.0, "dmg_class": 3, "dmg_label": "Destroyed", "confidence": null, "bid": "way/340624502"}}, {"type": "Feature", "geometry": {"type": "LineString", "coordinates": [[85.3661449, 28.2522401], [85.36607, 28.2522242], [85.3660454, 28.2523138], [85.3661203, 28.2523298], [85.3661449, 28.2522401]]}, "properties": {"source": "osm", "dmg": 1.0, "dmg_class": 3, "dmg_label": "Destroyed", "confidence": null, "bid": "way/340624527"}}, {"type": "Feature", "geometry": {"type": "LineString", "coordinates": [[85.3656139, 28.2525117], [85.3656865, 28.252521], [85.3657132, 28.2523585], [85.3656407, 28.2523493], [85.3656139, 28.2525117]]}, "properties": {"source": "osm", "dmg": 1.0, "dmg_class": 3, "dmg_label": "Destroyed", "confidence": null, "bid": "way/1552871506"}}, {"type": "Feature", "geometry": {"type": "LineString", "coordinates": [[85.3665892, 28.2527168], [85.3666188, 28.2527089], [85.3666021, 28.2526604], [85.3665724, 28.2526684], [85.3665892, 28.2527168]]}, "properties": {"source": "osm", "dmg": 1.0, "dmg_class": 3, "dmg_label": "Destroyed", "confidence": null, "bid": "way/1552942040"}}, {"type": "Feature", "geometry": {"type": "LineString", "coordinates": [[85.3658389, 28.2523908], [85.3658335, 28.2524735], [85.3658522, 28.2524744], [85.3658576, 28.2523917], [85.3658389, 28.2523908]]}, "properties": {"source": "osm", "dmg": 1.0, "dmg_class": 3, "dmg_label": "Destroyed", "confidence": null, "bid": "way/1553122350"}}, {"type": "Feature", "geometry": {"type": "LineString", "coordinates": [[85.3794216, 28.280386], [85.3794854, 28.2804432], [85.3795658, 28.2803735], [85.379502, 28.2803164], [85.3794216, 28.280386]]}, "properties": {"source": "osm", "dmg": 1.0, "dmg_class": 3, "dmg_label": "Destroyed", "confidence": null, "bid": "way/849463481"}}, {"type": "Feature", "geometry": {"type": "LineString", "coordinates": [[85.3587834, 28.2380767], [85.3588155, 28.2380696], [85.3588035, 28.238027], [85.3587713, 28.2380341], [85.3587834, 28.2380767]]}, "properties": {"source": "osm", "dmg": 1.0, "dmg_class": 3, "dmg_label": "Destroyed", "confidence": null, "bid": "way/846885662"}}, {"type": "Feature", "geometry": {"type": "LineString", "coordinates": [[85.336689, 28.1621591], [85.3367475, 28.1621558], [85.336742, 28.1620785], [85.3366835, 28.1620818], [85.336689, 28.1621591]]}, "properties": {"source": "osm", "dmg": 1.0, "dmg_class": 3, "dmg_label": "Destroyed", "confidence": null, "bid": "way/854113221"}}, {"type": "Feature", "geometry": {"type": "LineString", "coordinates": [[85.3367234, 28.1608018], [85.3367468, 28.1608314], [85.3367756, 28.1608136], [85.3367522, 28.160784], [85.3367234, 28.1608018]]}, "properties": {"source": "osm", "dmg": 1.0, "dmg_class": 3, "dmg_label": "Destroyed", "confidence": null, "bid": "way/1553061065"}}, {"type": "Feature", "geometry": {"type": "LineString", "coordinates": [[85.3385611, 28.1639734], [85.3386288, 28.1640118], [85.3386485, 28.1639848], [85.3385808, 28.1639463], [85.3385611, 28.1639734]]}, "properties": {"source": "osm", "dmg": 1.0, "dmg_class": 3, "dmg_label": "Destroyed", "confidence": null, "bid": "way/1553061071"}}, {"type": "Feature", "geometry": {"type": "LineString", "coordinates": [[85.3666803, 28.2520343], [85.3666779, 28.2520713], [85.3667128, 28.252073], [85.3667071, 28.2521642], [85.3667593, 28.2521667], [85.3667675, 28.2520386], [85.3666803, 28.2520343]]}, "properties": {"source": "osm", "dmg": 1.0, "dmg_class": 3, "dmg_label": "Destroyed", "confidence": null, "bid": "way/851368431"}}, {"type": "Feature", "geometry": {"type": "LineString", "coordinates": [[85.3656471, 28.2531055], [85.3657074, 28.2531043], [85.3657047, 28.2529957], [85.3656444, 28.2529968], [85.3656471, 28.2531055]]}, "properties": {"source": "osm", "dmg": 1.0, "dmg_class": 3, "dmg_label": "Destroyed", "confidence": null, "bid": "way/851369400"}}, {"type": "Feature", "geometry": {"type": "LineString", "coordinates": [[85.3668203, 28.2533447], [85.3668887, 28.2533391], [85.3668747, 28.2532051], [85.3668062, 28.2532107], [85.3668203, 28.2533447]]}, "properties": {"source": "osm", "dmg": 1.0, "dmg_class": 3, "dmg_label": "Destroyed", "confidence": null, "bid": "way/1552646433"}}, {"type": "Feature", "geometry": {"type": "LineString", "coordinates": [[85.3668223, 28.255586], [85.3668839, 28.2555872], [85.3668857, 28.2555098], [85.3668531, 28.2555092], [85.3668524, 28.2555394], [85.3668234, 28.2555389], [85.3668223, 28.255586]]}, "properties": {"source": "osm", "dmg": 1.0, "dmg_class": 3, "dmg_label": "Destroyed", "confidence": null, "bid": "way/1552942048"}}, {"type": "Feature", "geometry": {"type": "LineString", "coordinates": [[85.1098982, 27.8595366], [85.1099354, 27.8595996], [85.1098422, 27.8596425], [85.1098289, 27.8596199], [85.1097491, 27.8596566], [85.1097253, 27.8596162], [85.1098982, 27.8595366]]}, "properties": {"source": "osm", "dmg": 1.0, "dmg_class": 3, "dmg_label": "Destroyed", "confidence": null, "bid": "way/341439397"}}, {"type": "Feature", "geometry": {"type": "LineString", "coordinates": [[85.1086799, 27.8603003], [85.1087441, 27.8602474], [85.1086877, 27.8601938], [85.1086235, 27.8602466], [85.1086799, 27.8603003]]}, "properties": {"source": "osm", "dmg": 1.0, "dmg_class": 3, "dmg_label": "Destroyed", "confidence": null, "bid": "way/342010733"}}, {"type": "Feature", "geometry": {"type": "LineString", "coordinates": [[85.1091997, 27.8624297], [85.1092968, 27.8623426], [85.1092029, 27.8622608], [85.1091059, 27.8623479], [85.1091997, 27.8624297]]}, "properties": {"source": "osm", "dmg": 1.0, "dmg_class": 3, "dmg_label": "Destroyed", "confidence": null, "bid": "way/1552587195"}}, {"type": "Feature", "geometry": {"type": "LineString", "coordinates": [[85.1137675, 27.8673547], [85.1139539, 27.8673013], [85.1139273, 27.8672287], [85.1137409, 27.867282], [85.1137675, 27.8673547]]}, "properties": {"source": "osm", "dmg": 1.0, "dmg_class": 3, "dmg_label": "Destroyed", "confidence": null, "bid": "way/1552587259"}}, {"type": "Feature", "geometry": {"type": "LineString", "coordinates": [[85.1712965, 27.9645515], [85.1710975, 27.9644713], [85.1711301, 27.9644081], [85.1713291, 27.9644884], [85.1712965, 27.9645515]]}, "properties": {"source": "osm", "dmg": 1.0, "dmg_class": 3, "dmg_label": "Destroyed", "confidence": null, "bid": "way/341049825"}}, {"type": "Feature", "geometry": {"type": "LineString", "coordinates": [[85.1638585, 27.9483635], [85.1638829, 27.948419], [85.1639514, 27.9483955], [85.1639271, 27.94834], [85.1638585, 27.9483635]]}, "properties": {"source": "osm", "dmg": 1.0, "dmg_class": 3, "dmg_label": "Destroyed", "confidence": null, "bid": "way/341697705"}}, {"type": "Feature", "geometry": {"type": "LineString", "coordinates": [[85.1619363, 27.948135], [85.1619188, 27.9480486], [85.1620233, 27.9480321], [85.1620408, 27.9481185], [85.1619363, 27.948135]]}, "properties": {"source": "osm", "dmg": 1.0, "dmg_class": 3, "dmg_label": "Destroyed", "confidence": null, "bid": "way/341697706"}}, {"type": "Feature", "geometry": {"type": "LineString", "coordinates": [[85.1746977, 27.9659761], [85.1747228, 27.9659151], [85.1750822, 27.9660302], [85.1750572, 27.9660912], [85.1746977, 27.9659761]]}, "properties": {"source": "osm", "dmg": 1.0, "dmg_class": 3, "dmg_label": "Destroyed", "confidence": null, "bid": "way/886387022"}}, {"type": "Feature", "geometry": {"type": "LineString", "coordinates": [[85.3772423, 28.2709279], [85.3772423, 28.2710053], [85.3773194, 28.2710053], [85.3773194, 28.2708518], [85.3772932, 28.2708518], [85.3772423, 28.2708518], [85.3771906, 28.2708518], [85.3771906, 28.2709279], [85.3772423, 28.2709279]]}, "properties": {"source": "osm", "dmg": 1.0, "dmg_class": 3, "dmg_label": "Destroyed \u00b7 floods", "confidence": null, "bid": "way/1552898137"}}, {"type": "Feature", "geometry": {"type": "LineString", "coordinates": [[85.3418929, 28.1666167], [85.3419764, 28.1665865], [85.3419334, 28.1664943], [85.34185, 28.1665245], [85.3418929, 28.1666167]]}, "properties": {"source": "osm", "dmg": 1.0, "dmg_class": 3, "dmg_label": "Destroyed", "confidence": null, "bid": "way/760438587"}}, {"type": "Feature", "geometry": {"type": "LineString", "coordinates": [[85.3586787, 28.2379574], [85.3586639, 28.2378818], [85.3586259, 28.2378875], [85.3586407, 28.2379631], [85.3586787, 28.2379574]]}, "properties": {"source": "osm", "dmg": 1.0, "dmg_class": 3, "dmg_label": "Destroyed", "confidence": null, "bid": "way/853711566"}}, {"type": "Feature", "geometry": {"type": "LineString", "coordinates": [[85.3668279, 28.2562761], [85.3668293, 28.2564037], [85.3668813, 28.2564033], [85.36688, 28.2562757], [85.3668279, 28.2562761]]}, "properties": {"source": "osm", "dmg": 1.0, "dmg_class": 3, "dmg_label": "Destroyed", "confidence": null, "bid": "way/851508431"}}, {"type": "Feature", "geometry": {"type": "LineString", "coordinates": [[85.3664092, 28.2540715], [85.3664805, 28.2540728], [85.3664817, 28.2540211], [85.3664105, 28.2540197], [85.3664092, 28.2540715]]}, "properties": {"source": "osm", "dmg": 1.0, "dmg_class": 3, "dmg_label": "Destroyed", "confidence": null, "bid": "way/340624548"}}, {"type": "Feature", "geometry": {"type": "LineString", "coordinates": [[85.3768379, 28.2722354], [85.3769108, 28.2722122], [85.3768826, 28.2721437], [85.3768098, 28.2721669], [85.3768379, 28.2722354]]}, "properties": {"source": "osm", "dmg": 1.0, "dmg_class": 3, "dmg_label": "Destroyed \u00b7 floods", "confidence": null, "bid": "way/846902644"}}, {"type": "Feature", "geometry": {"type": "LineString", "coordinates": [[85.3422633, 28.1820097], [85.3422625, 28.1819522], [85.3423839, 28.1819508], [85.3423847, 28.1820084], [85.3422633, 28.1820097]]}, "properties": {"source": "osm", "dmg": 1.0, "dmg_class": 3, "dmg_label": "Destroyed", "confidence": null, "bid": "way/847078095"}}, {"type": "Feature", "geometry": {"type": "LineString", "coordinates": [[85.3368878, 28.162794], [85.3368867, 28.1628399], [85.3369873, 28.1628417], [85.3369883, 28.1627958], [85.3368878, 28.162794]]}, "properties": {"source": "osm", "dmg": 1.0, "dmg_class": 3, "dmg_label": "Destroyed", "confidence": null, "bid": "way/854113218"}}, {"type": "Feature", "geometry": {"type": "LineString", "coordinates": [[85.3668816, 28.2545206], [85.366879, 28.254461], [85.3669827, 28.2544575], [85.3669852, 28.2545171], [85.3668816, 28.2545206]]}, "properties": {"source": "osm", "dmg": 1.0, "dmg_class": 3, "dmg_label": "Destroyed", "confidence": null, "bid": "way/340615904"}}, {"type": "Feature", "geometry": {"type": "LineString", "coordinates": [[85.3665859, 28.2518048], [85.3666172, 28.2518149], [85.3666413, 28.2517564], [85.36661, 28.2517464], [85.3665859, 28.2518048]]}, "properties": {"source": "osm", "dmg": 1.0, "dmg_class": 3, "dmg_label": "Destroyed", "confidence": null, "bid": "way/851508429"}}, {"type": "Feature", "geometry": {"type": "LineString", "coordinates": [[85.3660762, 28.2506766], [85.3660788, 28.2507347], [85.3661472, 28.2507324], [85.3661446, 28.2506743], [85.3660762, 28.2506766]]}, "properties": {"source": "osm", "dmg": 1.0, "dmg_class": 3, "dmg_label": "Destroyed", "confidence": null, "bid": "way/853711559"}}, {"type": "Feature", "geometry": {"type": "LineString", "coordinates": [[85.3666632, 28.2531503], [85.3666656, 28.2531942], [85.3667593, 28.2531903], [85.3667521, 28.2530554], [85.3666959, 28.2530578], [85.3667008, 28.2531488], [85.3666632, 28.2531503]]}, "properties": {"source": "osm", "dmg": 1.0, "dmg_class": 3, "dmg_label": "Destroyed", "confidence": null, "bid": "way/966745826"}}, {"type": "Feature", "geometry": {"type": "LineString", "coordinates": [[85.3362739, 28.1620061], [85.3363309, 28.1620701], [85.3363727, 28.1620411], [85.3363157, 28.1619771], [85.3362739, 28.1620061]]}, "properties": {"source": "osm", "dmg": 1.0, "dmg_class": 3, "dmg_label": "Destroyed", "confidence": null, "bid": "way/854385632"}}, {"type": "Feature", "geometry": {"type": "LineString", "coordinates": [[85.1797969, 27.9678469], [85.1798447, 27.9678354], [85.1798656, 27.9679034], [85.1798177, 27.9679148], [85.1797969, 27.9678469]]}, "properties": {"source": "osm", "dmg": 1.0, "dmg_class": 3, "dmg_label": "Destroyed", "confidence": null, "bid": "way/886391888"}}, {"type": "Feature", "geometry": {"type": "LineString", "coordinates": [[85.1830717, 27.9753912], [85.182878, 27.9753066], [85.1829053, 27.9752578], [85.183099, 27.9753424], [85.1830717, 27.9753912]]}, "properties": {"source": "osm", "dmg": 1.0, "dmg_class": 3, "dmg_label": "Destroyed", "confidence": null, "bid": "way/1553121370"}}, {"type": "Feature", "geometry": {"type": "LineString", "coordinates": [[85.3410027, 28.1650282], [85.3410798, 28.1650695], [85.341145, 28.1649752], [85.3410679, 28.1649338], [85.3410027, 28.1650282]]}, "properties": {"source": "osm", "dmg": 1.0, "dmg_class": 3, "dmg_label": "Destroyed", "confidence": null, "bid": "way/507471923"}}, {"type": "Feature", "geometry": {"type": "LineString", "coordinates": [[85.3384326, 28.1641041], [85.3384996, 28.1641407], [85.338527, 28.1641018], [85.33846, 28.1640652], [85.3384326, 28.1641041]]}, "properties": {"source": "osm", "dmg": 1.0, "dmg_class": 3, "dmg_label": "Destroyed", "confidence": null, "bid": "way/854385617"}}, {"type": "Feature", "geometry": {"type": "LineString", "coordinates": [[85.3661835, 28.2514044], [85.3662618, 28.2514506], [85.3663055, 28.2513932], [85.3663251, 28.2513675], [85.3662469, 28.2513212], [85.3661835, 28.2514044]]}, "properties": {"source": "osm", "dmg": 1.0, "dmg_class": 3, "dmg_label": "Destroyed", "confidence": null, "bid": "way/340615925"}}, {"type": "Feature", "geometry": {"type": "LineString", "coordinates": [[85.3661888, 28.2519332], [85.3662843, 28.2519766], [85.3662931, 28.2519616], [85.3662977, 28.2519637], [85.3663304, 28.2519079], [85.3662855, 28.2518875], [85.3662591, 28.2519326], [85.3662038, 28.2519075], [85.3661888, 28.2519332]]}, "properties": {"source": "osm", "dmg": 1.0, "dmg_class": 3, "dmg_label": "Destroyed", "confidence": null, "bid": "way/1552942024"}}, {"type": "Feature", "geometry": {"type": "LineString", "coordinates": [[85.0738603, 27.8541928], [85.0739515, 27.8541928], [85.0739515, 27.8541216], [85.0738603, 27.8541216], [85.0738603, 27.8541928]]}, "properties": {"source": "osm", "dmg": 1.0, "dmg_class": 3, "dmg_label": "Destroyed", "confidence": null, "bid": "way/1552715383"}}, {"type": "Feature", "geometry": {"type": "LineString", "coordinates": [[85.1768677, 27.9687866], [85.1768477, 27.9688182], [85.1768208, 27.968805], [85.1768109, 27.9688206], [85.1767908, 27.9688108], [85.1768011, 27.9687945], [85.1767906, 27.9687894], [85.1768102, 27.9687583], [85.1768677, 27.9687866]]}, "properties": {"source": "osm", "dmg": 1.0, "dmg_class": 3, "dmg_label": "Destroyed", "confidence": null, "bid": "way/341461820"}}, {"type": "Feature", "geometry": {"type": "LineString", "coordinates": [[85.1742275, 27.9666224], [85.1742028, 27.9665863], [85.1742385, 27.9665673], [85.1742507, 27.9665851], [85.1742616, 27.9665793], [85.1742741, 27.9665976], [85.1742275, 27.9666224]]}, "properties": {"source": "osm", "dmg": 1.0, "dmg_class": 3, "dmg_label": "Destroyed", "confidence": null, "bid": "way/341623227"}}, {"type": "Feature", "geometry": {"type": "LineString", "coordinates": [[85.1806787, 27.967697], [85.1807699, 27.9676805], [85.1808427, 27.9679946], [85.1807514, 27.9680111], [85.1806787, 27.967697]]}, "properties": {"source": "osm", "dmg": 1.0, "dmg_class": 3, "dmg_label": "Destroyed", "confidence": null, "bid": "way/1552643524"}}, {"type": "Feature", "geometry": {"type": "LineString", "coordinates": [[85.1605281, 27.9467569], [85.1605621, 27.9468131], [85.1606593, 27.9467672], [85.1606253, 27.946711], [85.1605281, 27.9467569]]}, "properties": {"source": "osm", "dmg": 1.0, "dmg_class": 3, "dmg_label": "Destroyed", "confidence": null, "bid": "way/892156968"}}, {"type": "Feature", "geometry": {"type": "LineString", "coordinates": [[85.1494107, 27.9331361], [85.1494778, 27.9331651], [85.1494945, 27.9331349], [85.1494275, 27.9331059], [85.1494221, 27.9331157], [85.1494107, 27.9331361]]}, "properties": {"source": "osm", "dmg": 1.0, "dmg_class": 3, "dmg_label": "Destroyed", "confidence": null, "bid": "way/1553165898"}}, {"type": "Feature", "geometry": {"type": "LineString", "coordinates": [[85.3433357, 28.1644746], [85.3432957, 28.1645346], [85.343342, 28.1645586], [85.343382, 28.1644986], [85.3433357, 28.1644746]]}, "properties": {"source": "osm", "dmg": 1.0, "dmg_class": 3, "dmg_label": "Destroyed", "confidence": null, "bid": "way/344279078"}}, {"type": "Feature", "geometry": {"type": "LineString", "coordinates": [[85.3661648, 28.2529602], [85.3662061, 28.2529575], [85.3662007, 28.2528949], [85.3661594, 28.2528976], [85.3661648, 28.2529602]]}, "properties": {"source": "osm", "dmg": 1.0, "dmg_class": 3, "dmg_label": "Destroyed", "confidence": null, "bid": "way/853711543"}}, {"type": "Feature", "geometry": {"type": "LineString", "coordinates": [[85.1100465, 27.8607596], [85.1100019, 27.8608331], [85.1100639, 27.8608625], [85.1101085, 27.8607889], [85.1100465, 27.8607596]]}, "properties": {"source": "osm", "dmg": 1.0, "dmg_class": 3, "dmg_label": "Destroyed", "confidence": null, "bid": "way/342010831"}}, {"type": "Feature", "geometry": {"type": "LineString", "coordinates": [[85.1494488, 27.926209], [85.1494001, 27.9262116], [85.1494026, 27.9262495], [85.1493347, 27.926253], [85.149331, 27.9261974], [85.1493115, 27.9261984], [85.1493075, 27.9261389], [85.1493551, 27.9261364], [85.1493526, 27.9260996], [85.1494411, 27.9260949], [85.1494488, 27.926209]]}, "properties": {"source": "osm", "dmg": 1.0, "dmg_class": 3, "dmg_label": "Destroyed", "confidence": null, "bid": "way/1553138028"}}, {"type": "Feature", "geometry": {"type": "LineString", "coordinates": [[85.3780818, 28.2798286], [85.3781265, 28.2798603], [85.3781815, 28.2798], [85.3781368, 28.2797684], [85.3780818, 28.2798286]]}, "properties": {"source": "osm", "dmg": 1.0, "dmg_class": 3, "dmg_label": "Destroyed \u00b7 landslide", "confidence": null, "bid": "way/849463424"}}, {"type": "Feature", "geometry": {"type": "LineString", "coordinates": [[85.3776237, 28.2795933], [85.3776067, 28.2796372], [85.3775576, 28.2796225], [85.3775743, 28.2795784], [85.3776237, 28.2795933]]}, "properties": {"source": "osm", "dmg": 1.0, "dmg_class": 3, "dmg_label": "Destroyed (part)", "confidence": null, "bid": "way/1552746563"}}, {"type": "Feature", "geometry": {"type": "LineString", "coordinates": [[85.3780735, 28.2725204], [85.3780856, 28.2725994], [85.3783489, 28.2725682], [85.3783368, 28.2724891], [85.3780735, 28.2725204]]}, "properties": {"source": "osm", "dmg": 1.0, "dmg_class": 3, "dmg_label": "Destroyed \u00b7 floods", "confidence": null, "bid": "way/846902615"}}, {"type": "Feature", "geometry": {"type": "LineString", "coordinates": [[85.3765608, 28.272257], [85.3765389, 28.2723], [85.3766896, 28.2723595], [85.3767115, 28.2723165], [85.3765608, 28.272257]]}, "properties": {"source": "osm", "dmg": 1.0, "dmg_class": 3, "dmg_label": "Destroyed \u00b7 floods", "confidence": null, "bid": "way/1552753257"}}, {"type": "Feature", "geometry": {"type": "LineString", "coordinates": [[85.3766371, 28.2722379], [85.3766174, 28.2722651], [85.3766538, 28.2722856], [85.3766735, 28.2722584], [85.3766371, 28.2722379]]}, "properties": {"source": "osm", "dmg": 1.0, "dmg_class": 3, "dmg_label": "Destroyed \u00b7 floods", "confidence": null, "bid": "way/1552753259"}}, {"type": "Feature", "geometry": {"type": "LineString", "coordinates": [[85.3776237, 28.2795933], [85.3776494, 28.2795255], [85.3774005, 28.2794497], [85.3774631, 28.2792903], [85.3776458, 28.2793459], [85.3776625, 28.2793052], [85.3775928, 28.2792842], [85.3776064, 28.2792494], [85.3775523, 28.2792331], [85.3774982, 28.2792168], [85.3774851, 28.2792507], [85.3774074, 28.2792273], [85.3772699, 28.2795817], [85.3773472, 28.2796049], [85.3773331, 28.2796411], [85.3773878, 28.2796576], [85.3774425, 28.279674], [85.3774563, 28.2796385], [85.3775415, 28.2796641], [85.3775576, 28.2796225], [85.3775743, 28.2795784], [85.3776237, 28.2795933]]}, "properties": {"source": "osm", "dmg": 1.0, "dmg_class": 3, "dmg_label": "Destroyed (part)", "confidence": null, "bid": "way/1552746562"}}, {"type": "Feature", "geometry": {"type": "LineString", "coordinates": [[85.3763189, 28.2700829], [85.3763652, 28.2702955], [85.3764953, 28.2702735], [85.376449, 28.2700609], [85.3763189, 28.2700829]]}, "properties": {"source": "osm", "dmg": 1.0, "dmg_class": 3, "dmg_label": "Destroyed \u00b7 floods", "confidence": null, "bid": "way/846902653"}}, {"type": "Feature", "geometry": {"type": "LineString", "coordinates": [[85.3763873, 28.2693722], [85.3764709, 28.2693346], [85.3764899, 28.2693673], [85.3764063, 28.2694049], [85.3763873, 28.2693722]]}, "properties": {"source": "osm", "dmg": 1.0, "dmg_class": 3, "dmg_label": "Destroyed \u00b7 floods", "confidence": null, "bid": "way/1552917658"}}, {"type": "Feature", "geometry": {"type": "LineString", "coordinates": [[85.37642, 28.2697241], [85.376656, 28.2696441], [85.3766359, 28.2695982], [85.3764, 28.2696783], [85.37642, 28.2697241]]}, "properties": {"source": "osm", "dmg": 1.0, "dmg_class": 3, "dmg_label": "Destroyed \u00b7 floods", "confidence": null, "bid": "way/1552917664"}}, {"type": "Feature", "geometry": {"type": "LineString", "coordinates": [[85.3764433, 28.2697872], [85.3767377, 28.2696931], [85.3767165, 28.2696417], [85.3764222, 28.2697358], [85.3764433, 28.2697872]]}, "properties": {"source": "osm", "dmg": 1.0, "dmg_class": 3, "dmg_label": "Destroyed \u00b7 floods", "confidence": null, "bid": "way/1552917665"}}, {"type": "Feature", "geometry": {"type": "LineString", "coordinates": [[85.3431417, 28.1642382], [85.3431997, 28.1642898], [85.3432651, 28.1642328], [85.343207, 28.1641811], [85.3431417, 28.1642382]]}, "properties": {"source": "osm", "dmg": 1.0, "dmg_class": 3, "dmg_label": "Destroyed", "confidence": null, "bid": "way/344279066"}}, {"type": "Feature", "geometry": {"type": "LineString", "coordinates": [[85.3425435, 28.16476], [85.3425981, 28.164713], [85.3425344, 28.1646555], [85.3424798, 28.1647025], [85.3425435, 28.16476]]}, "properties": {"source": "osm", "dmg": 1.0, "dmg_class": 3, "dmg_label": "Destroyed", "confidence": null, "bid": "way/344279086"}}, {"type": "Feature", "geometry": {"type": "LineString", "coordinates": [[85.3367961, 28.1614219], [85.3367514, 28.1612953], [85.3365497, 28.1613508], [85.3365624, 28.1613866], [85.3365549, 28.1613886], [85.3365726, 28.1614387], [85.3366519, 28.1614169], [85.3366663, 28.1614576], [85.3367961, 28.1614219]]}, "properties": {"source": "osm", "dmg": 1.0, "dmg_class": 3, "dmg_label": "Destroyed", "confidence": null, "bid": "way/769001599"}}, {"type": "Feature", "geometry": {"type": "LineString", "coordinates": [[85.3379379, 28.1640754], [85.3380558, 28.1639931], [85.3379994, 28.1639304], [85.3378815, 28.1640128], [85.3379379, 28.1640754]]}, "properties": {"source": "osm", "dmg": 1.0, "dmg_class": 3, "dmg_label": "Destroyed", "confidence": null, "bid": "way/769001600"}}, {"type": "Feature", "geometry": {"type": "LineString", "coordinates": [[85.3584806, 28.2415764], [85.3587294, 28.2415846], [85.3587342, 28.2414706], [85.3584854, 28.2414624], [85.3584806, 28.2415764]]}, "properties": {"source": "osm", "dmg": 1.0, "dmg_class": 3, "dmg_label": "Destroyed", "confidence": null, "bid": "way/846885640"}}, {"type": "Feature", "geometry": {"type": "LineString", "coordinates": [[85.3584698, 28.2419838], [85.3587606, 28.2419884], [85.3587643, 28.2418078], [85.3584735, 28.2418032], [85.3584698, 28.2419838]]}, "properties": {"source": "osm", "dmg": 1.0, "dmg_class": 3, "dmg_label": "Destroyed", "confidence": null, "bid": "way/846885642"}}, {"type": "Feature", "geometry": {"type": "LineString", "coordinates": [[85.3364549, 28.1611547], [85.336473, 28.1612191], [85.3365748, 28.1611969], [85.3365567, 28.1611325], [85.3364549, 28.1611547]]}, "properties": {"source": "osm", "dmg": 1.0, "dmg_class": 3, "dmg_label": "Destroyed", "confidence": null, "bid": "way/851001701"}}, {"type": "Feature", "geometry": {"type": "LineString", "coordinates": [[85.3578271, 28.2394401], [85.3578547, 28.239514], [85.3578933, 28.2395028], [85.3578657, 28.239429], [85.3578271, 28.2394401]]}, "properties": {"source": "osm", "dmg": 1.0, "dmg_class": 3, "dmg_label": "Destroyed", "confidence": null, "bid": "way/851966266"}}, {"type": "Feature", "geometry": {"type": "LineString", "coordinates": [[85.3585178, 28.2408981], [85.3585178, 28.2409536], [85.3586224, 28.2409536], [85.3586224, 28.2408981], [85.3585178, 28.2408981]]}, "properties": {"source": "osm", "dmg": 1.0, "dmg_class": 3, "dmg_label": "Destroyed", "confidence": null, "bid": "way/853711565"}}, {"type": "Feature", "geometry": {"type": "LineString", "coordinates": [[85.3376032, 28.1636731], [85.3376444, 28.1636489], [85.3376122, 28.1636063], [85.3375711, 28.1636305], [85.3376032, 28.1636731]]}, "properties": {"source": "osm", "dmg": 1.0, "dmg_class": 3, "dmg_label": "Destroyed", "confidence": null, "bid": "way/854385623"}}, {"type": "Feature", "geometry": {"type": "LineString", "coordinates": [[85.3367785, 28.1628313], [85.3368166, 28.1628285], [85.3368126, 28.1627859], [85.3367744, 28.1627887], [85.3367785, 28.1628313]]}, "properties": {"source": "osm", "dmg": 1.0, "dmg_class": 3, "dmg_label": "Destroyed", "confidence": null, "bid": "way/854385638"}}, {"type": "Feature", "geometry": {"type": "LineString", "coordinates": [[85.3367035, 28.1629084], [85.3367658, 28.1629056], [85.3367602, 28.1628074], [85.3366979, 28.1628102], [85.3367035, 28.1629084]]}, "properties": {"source": "osm", "dmg": 1.0, "dmg_class": 3, "dmg_label": "Destroyed", "confidence": null, "bid": "way/1132149400"}}, {"type": "Feature", "geometry": {"type": "LineString", "coordinates": [[85.3428418, 28.1652503], [85.3428708, 28.1652525], [85.3428743, 28.1652172], [85.3428453, 28.165215], [85.3428418, 28.1652503]]}, "properties": {"source": "osm", "dmg": 1.0, "dmg_class": 3, "dmg_label": "Destroyed", "confidence": null, "bid": "way/1162337476"}}, {"type": "Feature", "geometry": {"type": "LineString", "coordinates": [[85.3426914, 28.1648464], [85.3427775, 28.1648397], [85.3427826, 28.164891], [85.3426965, 28.1648977], [85.3426914, 28.1648464]]}, "properties": {"source": "osm", "dmg": 1.0, "dmg_class": 3, "dmg_label": "Destroyed", "confidence": null, "bid": "way/1162337477"}}, {"type": "Feature", "geometry": {"type": "LineString", "coordinates": [[85.3385343, 28.1641281], [85.338522, 28.1641299], [85.3385124, 28.164137], [85.3385085, 28.1641475], [85.3385112, 28.1641583], [85.3385191, 28.1641659], [85.3385302, 28.1641692], [85.3385417, 28.1641673], [85.3385507, 28.1641608], [85.338555, 28.1641512], [85.3385535, 28.1641409], [85.3385459, 28.1641322], [85.3385343, 28.1641281]]}, "properties": {"source": "osm", "dmg": 1.0, "dmg_class": 3, "dmg_label": "Destroyed", "confidence": null, "bid": "way/1553118867"}}, {"type": "Feature", "geometry": {"type": "LineString", "coordinates": [[85.3502253, 28.1946116], [85.3502828, 28.1945895], [85.3502539, 28.194531], [85.3502214, 28.1945435], [85.3502381, 28.1945773], [85.3502131, 28.1945869], [85.3502253, 28.1946116]]}, "properties": {"source": "osm", "dmg": 1.0, "dmg_class": 3, "dmg_label": "Destroyed", "confidence": null, "bid": "way/1553222863"}}, {"type": "Feature", "geometry": {"type": "LineString", "coordinates": [[85.3613655, 28.226061], [85.3613915, 28.225725], [85.3616543, 28.2257408], [85.3616255, 28.2261119], [85.3615436, 28.226087], [85.3615654, 28.2258075], [85.3614836, 28.2258026], [85.361463, 28.2260668], [85.3613655, 28.226061]]}, "properties": {"source": "osm", "dmg": 1.0, "dmg_class": 3, "dmg_label": "Destroyed", "confidence": null, "bid": "way/1553323104"}}, {"type": "Feature", "geometry": {"type": "LineString", "coordinates": [[85.3765181, 28.2649906], [85.3765414, 28.2650646], [85.3766465, 28.2650399], [85.3766238, 28.2649657], [85.3765181, 28.2649906]]}, "properties": {"source": "osm", "dmg": 1.0, "dmg_class": 3, "dmg_label": "Destroyed \u00b7 floods", "confidence": null, "bid": "way/340605204"}}, {"type": "Feature", "geometry": {"type": "LineString", "coordinates": [[85.3751439, 28.2653312], [85.3751029, 28.2653501], [85.3751357, 28.2654052], [85.3751767, 28.2653863], [85.3751439, 28.2653312]]}, "properties": {"source": "osm", "dmg": 1.0, "dmg_class": 3, "dmg_label": "Destroyed \u00b7 floods", "confidence": null, "bid": "way/340608972"}}, {"type": "Feature", "geometry": {"type": "LineString", "coordinates": [[85.3664897, 28.2540706], [85.3664885, 28.2539551], [85.3665626, 28.2539545], [85.3665638, 28.2540699], [85.3664897, 28.2540706]]}, "properties": {"source": "osm", "dmg": 1.0, "dmg_class": 3, "dmg_label": "Destroyed", "confidence": null, "bid": "way/340615907"}}, {"type": "Feature", "geometry": {"type": "LineString", "coordinates": [[85.3778015, 28.2805998], [85.3778438, 28.2806116], [85.3778599, 28.2805668], [85.3778177, 28.280555], [85.3778015, 28.2805998]]}, "properties": {"source": "osm", "dmg": 1.0, "dmg_class": 3, "dmg_label": "Destroyed", "confidence": null, "bid": "way/846902685"}}, {"type": "Feature", "geometry": {"type": "LineString", "coordinates": [[85.3644779, 28.2529325], [85.3644858, 28.2529822], [85.3648035, 28.2529429], [85.3647956, 28.2528933], [85.3644779, 28.2529325]]}, "properties": {"source": "osm", "dmg": 1.0, "dmg_class": 3, "dmg_label": "Destroyed", "confidence": null, "bid": "way/851367094"}}, {"type": "Feature", "geometry": {"type": "LineString", "coordinates": [[85.3662967, 28.2516854], [85.3662249, 28.2517449], [85.3662569, 28.2517748], [85.3663287, 28.2517153], [85.3662967, 28.2516854]]}, "properties": {"source": "osm", "dmg": 1.0, "dmg_class": 3, "dmg_label": "Destroyed", "confidence": null, "bid": "way/851368432"}}, {"type": "Feature", "geometry": {"type": "LineString", "coordinates": [[85.3657477, 28.2519383], [85.3657316, 28.2519773], [85.3657775, 28.251992], [85.3657936, 28.2519531], [85.3657477, 28.2519383]]}, "properties": {"source": "osm", "dmg": 1.0, "dmg_class": 3, "dmg_label": "Destroyed", "confidence": null, "bid": "way/851368444"}}, {"type": "Feature", "geometry": {"type": "LineString", "coordinates": [[85.3660186, 28.252933], [85.3660728, 28.2529261], [85.3660447, 28.2527548], [85.3659904, 28.2527617], [85.3660186, 28.252933]]}, "properties": {"source": "osm", "dmg": 1.0, "dmg_class": 3, "dmg_label": "Destroyed", "confidence": null, "bid": "way/851369398"}}, {"type": "Feature", "geometry": {"type": "LineString", "coordinates": [[85.3775163, 28.2779375], [85.377572, 28.2778497], [85.3777697, 28.2779471], [85.3777139, 28.2780349], [85.3775163, 28.2779375]]}, "properties": {"source": "osm", "dmg": 1.0, "dmg_class": 3, "dmg_label": "Destroyed \u00b7 landslide", "confidence": null, "bid": "way/1154989011"}}, {"type": "Feature", "geometry": {"type": "LineString", "coordinates": [[85.3670022, 28.2546711], [85.3670659, 28.2546705], [85.3670641, 28.2545287], [85.3670004, 28.2545293], [85.3670022, 28.2546711]]}, "properties": {"source": "osm", "dmg": 1.0, "dmg_class": 3, "dmg_label": "Destroyed", "confidence": null, "bid": "way/1552598457"}}, {"type": "Feature", "geometry": {"type": "LineString", "coordinates": [[85.3666529, 28.2580552], [85.3667153, 28.258106], [85.3667305, 28.2580914], [85.3666682, 28.2580406], [85.3666529, 28.2580552]]}, "properties": {"source": "osm", "dmg": 1.0, "dmg_class": 3, "dmg_label": "Destroyed", "confidence": null, "bid": "way/1552614217"}}, {"type": "Feature", "geometry": {"type": "LineString", "coordinates": [[85.3736023, 28.263602], [85.3735984, 28.2636657], [85.3735637, 28.2636641], [85.3735675, 28.2636003], [85.3736023, 28.263602]]}, "properties": {"source": "osm", "dmg": 1.0, "dmg_class": 3, "dmg_label": "Destroyed \u00b7 floods", "confidence": null, "bid": "way/1552916216"}}, {"type": "Feature", "geometry": {"type": "LineString", "coordinates": [[85.3661647, 28.2563671], [85.3662202, 28.2563497], [85.3661572, 28.2561938], [85.3661017, 28.2562112], [85.3661647, 28.2563671]]}, "properties": {"source": "osm", "dmg": 1.0, "dmg_class": 3, "dmg_label": "Destroyed", "confidence": null, "bid": "way/1552916422"}}, {"type": "Feature", "geometry": {"type": "LineString", "coordinates": [[85.3667649, 28.2551622], [85.3668134, 28.255163], [85.3668147, 28.2551034], [85.3667662, 28.2551025], [85.3667649, 28.2551622]]}, "properties": {"source": "osm", "dmg": 1.0, "dmg_class": 3, "dmg_label": "Destroyed", "confidence": null, "bid": "way/1552942070"}}, {"type": "Feature", "geometry": {"type": "LineString", "coordinates": [[85.3671746, 28.2546855], [85.3672097, 28.2546827], [85.3672043, 28.2546307], [85.3671692, 28.2546335], [85.3671746, 28.2546855]]}, "properties": {"source": "osm", "dmg": 1.0, "dmg_class": 3, "dmg_label": "Destroyed", "confidence": null, "bid": "way/1552942086"}}, {"type": "Feature", "geometry": {"type": "LineString", "coordinates": [[85.3671062, 28.257611], [85.3671676, 28.2575794], [85.3670845, 28.2574541], [85.367023, 28.2574858], [85.3671062, 28.257611]]}, "properties": {"source": "osm", "dmg": 1.0, "dmg_class": 3, "dmg_label": "Destroyed", "confidence": null, "bid": "way/1553000687"}}, {"type": "Feature", "geometry": {"type": "LineString", "coordinates": [[85.3667508, 28.2537552], [85.3668098, 28.2537552], [85.3668098, 28.2537151], [85.3667508, 28.2537151], [85.3667508, 28.2537552]]}, "properties": {"source": "osm", "dmg": 1.0, "dmg_class": 3, "dmg_label": "Destroyed", "confidence": null, "bid": "way/1553122356"}}, {"type": "Feature", "geometry": {"type": "LineString", "coordinates": [[85.1684996, 27.9584514], [85.1685329, 27.9585123], [85.1686198, 27.9584753], [85.1685864, 27.9584143], [85.1684996, 27.9584514]]}, "properties": {"source": "osm", "dmg": 1.0, "dmg_class": 3, "dmg_label": "Destroyed", "confidence": null, "bid": "way/341587472"}}, {"type": "Feature", "geometry": {"type": "LineString", "coordinates": [[85.1711714, 27.9618133], [85.1712624, 27.961867], [85.1712881, 27.9618298], [85.1712531, 27.9618072], [85.1713512, 27.961704], [85.1713021, 27.9616731], [85.1711714, 27.9618133]]}, "properties": {"source": "osm", "dmg": 1.0, "dmg_class": 3, "dmg_label": "Destroyed", "confidence": null, "bid": "way/886277371"}}, {"type": "Feature", "geometry": {"type": "LineString", "coordinates": [[85.1797238, 27.9677519], [85.1797519, 27.9678283], [85.1798312, 27.9678056], [85.1798032, 27.9677292], [85.1797238, 27.9677519]]}, "properties": {"source": "osm", "dmg": 1.0, "dmg_class": 3, "dmg_label": "Destroyed", "confidence": null, "bid": "way/886391887"}}, {"type": "Feature", "geometry": {"type": "LineString", "coordinates": [[85.1825212, 27.9691598], [85.1826317, 27.9692183], [85.1827128, 27.9690987], [85.1826023, 27.9690403], [85.1825212, 27.9691598]]}, "properties": {"source": "osm", "dmg": 1.0, "dmg_class": 3, "dmg_label": "Destroyed", "confidence": null, "bid": "way/886391962"}}, {"type": "Feature", "geometry": {"type": "LineString", "coordinates": [[85.1844262, 27.9705465], [85.1844316, 27.9705793], [85.1844545, 27.9705764], [85.1844492, 27.9705436], [85.1844262, 27.9705465]]}, "properties": {"source": "osm", "dmg": 1.0, "dmg_class": 3, "dmg_label": "Destroyed", "confidence": null, "bid": "way/886466492"}}, {"type": "Feature", "geometry": {"type": "LineString", "coordinates": [[85.1850161, 27.9704162], [85.1850111, 27.9703927], [85.1850721, 27.9703825], [85.1850772, 27.970406], [85.1850161, 27.9704162]]}, "properties": {"source": "osm", "dmg": 1.0, "dmg_class": 3, "dmg_label": "Destroyed", "confidence": null, "bid": "way/1552637155"}}, {"type": "Feature", "geometry": {"type": "LineString", "coordinates": [[85.1533703, 27.9365295], [85.1533305, 27.9365867], [85.1533754, 27.9366111], [85.1534152, 27.9365539], [85.1533703, 27.9365295]]}, "properties": {"source": "osm", "dmg": 1.0, "dmg_class": 3, "dmg_label": "Destroyed", "confidence": null, "bid": "way/341698563"}}, {"type": "Feature", "geometry": {"type": "LineString", "coordinates": [[85.1539841, 27.9373325], [85.1540002, 27.9373143], [85.1540279, 27.9373335], [85.1540119, 27.9373517], [85.1539841, 27.9373325]]}, "properties": {"source": "osm", "dmg": 1.0, "dmg_class": 3, "dmg_label": "Destroyed", "confidence": null, "bid": "way/1552641521"}}, {"type": "Feature", "geometry": {"type": "LineString", "coordinates": [[85.1557108, 27.9385917], [85.1557519, 27.938625], [85.1557917, 27.9385866], [85.1557506, 27.9385533], [85.1557108, 27.9385917]]}, "properties": {"source": "osm", "dmg": 1.0, "dmg_class": 3, "dmg_label": "Destroyed", "confidence": null, "bid": "way/1553091929"}}, {"type": "Feature", "geometry": {"type": "LineString", "coordinates": [[85.3436208, 28.1642678], [85.3436942, 28.164331], [85.3437513, 28.1642794], [85.3436779, 28.1642162], [85.3436208, 28.1642678]]}, "properties": {"source": "osm", "dmg": 1.0, "dmg_class": 3, "dmg_label": "Destroyed", "confidence": null, "bid": "way/344279067"}}, {"type": "Feature", "geometry": {"type": "LineString", "coordinates": [[85.3380342, 28.1637039], [85.3380722, 28.1637273], [85.3381148, 28.1636734], [85.3380768, 28.1636501], [85.3380342, 28.1637039]]}, "properties": {"source": "osm", "dmg": 1.0, "dmg_class": 3, "dmg_label": "Destroyed", "confidence": null, "bid": "way/854113206"}}, {"type": "Feature", "geometry": {"type": "LineString", "coordinates": [[85.3391321, 28.1644298], [85.3392166, 28.1644605], [85.3392325, 28.1644266], [85.339148, 28.1643958], [85.3391321, 28.1644298]]}, "properties": {"source": "osm", "dmg": 1.0, "dmg_class": 3, "dmg_label": "Destroyed", "confidence": null, "bid": "way/854385618"}}, {"type": "Feature", "geometry": {"type": "LineString", "coordinates": [[85.3387895, 28.1639944], [85.3388186, 28.164024], [85.3388897, 28.1639696], [85.3388606, 28.16394], [85.3387895, 28.1639944]]}, "properties": {"source": "osm", "dmg": 1.0, "dmg_class": 3, "dmg_label": "Destroyed", "confidence": null, "bid": "way/854385620"}}, {"type": "Feature", "geometry": {"type": "LineString", "coordinates": [[85.3364743, 28.1623052], [85.3365137, 28.1622998], [85.3365068, 28.1622607], [85.3364674, 28.162266], [85.3364743, 28.1623052]]}, "properties": {"source": "osm", "dmg": 1.0, "dmg_class": 3, "dmg_label": "Destroyed", "confidence": null, "bid": "way/854385634"}}, {"type": "Feature", "geometry": {"type": "LineString", "coordinates": [[85.3367266, 28.16237], [85.3367838, 28.1623607], [85.3367675, 28.1622928], [85.3367126, 28.162302], [85.3367266, 28.16237]]}, "properties": {"source": "osm", "dmg": 1.0, "dmg_class": 3, "dmg_label": "Destroyed", "confidence": null, "bid": "way/1552886488"}}, {"type": "Feature", "geometry": {"type": "LineString", "coordinates": [[85.353502, 28.2029627], [85.3535421, 28.2029565], [85.353536, 28.2029259], [85.3534959, 28.2029321], [85.353502, 28.2029627]]}, "properties": {"source": "osm", "dmg": 1.0, "dmg_class": 3, "dmg_label": "Destroyed", "confidence": null, "bid": "way/1553035808"}}, {"type": "Feature", "geometry": {"type": "LineString", "coordinates": [[85.1095697, 27.8609378], [85.1096073, 27.860973], [85.1096551, 27.8609331], [85.1096175, 27.8608979], [85.1095697, 27.8609378]]}, "properties": {"source": "osm", "dmg": 1.0, "dmg_class": 3, "dmg_label": "Destroyed", "confidence": null, "bid": "way/342010929"}}, {"type": "Feature", "geometry": {"type": "LineString", "coordinates": [[85.1705132, 27.9644355], [85.1705928, 27.9643981], [85.1705173, 27.964273], [85.1704376, 27.9643104], [85.1705132, 27.9644355]]}, "properties": {"source": "osm", "dmg": 1.0, "dmg_class": 3, "dmg_label": "Destroyed", "confidence": null, "bid": "way/341049791"}}, {"type": "Feature", "geometry": {"type": "LineString", "coordinates": [[85.1842149, 27.9745429], [85.1842729, 27.9745007], [85.1843461, 27.9745791], [85.1842881, 27.9746213], [85.1842149, 27.9745429]]}, "properties": {"source": "osm", "dmg": 1.0, "dmg_class": 3, "dmg_label": "Destroyed", "confidence": null, "bid": "way/341461777"}}, {"type": "Feature", "geometry": {"type": "LineString", "coordinates": [[85.183932, 27.9746142], [85.1839662, 27.9746596], [85.1840524, 27.9746088], [85.1840182, 27.9745634], [85.183932, 27.9746142]]}, "properties": {"source": "osm", "dmg": 1.0, "dmg_class": 3, "dmg_label": "Destroyed", "confidence": null, "bid": "way/341462077"}}, {"type": "Feature", "geometry": {"type": "LineString", "coordinates": [[85.1702255, 27.9603761], [85.1702729, 27.9603408], [85.170231, 27.9602969], [85.1702069, 27.9603148], [85.1702148, 27.9603231], [85.1701915, 27.9603404], [85.1702255, 27.9603761]]}, "properties": {"source": "osm", "dmg": 1.0, "dmg_class": 3, "dmg_label": "Destroyed", "confidence": null, "bid": "way/341587337"}}, {"type": "Feature", "geometry": {"type": "LineString", "coordinates": [[85.1716676, 27.9618062], [85.1717253, 27.9617547], [85.1716659, 27.9617028], [85.1716082, 27.9617544], [85.1716676, 27.9618062]]}, "properties": {"source": "osm", "dmg": 1.0, "dmg_class": 3, "dmg_label": "Destroyed", "confidence": null, "bid": "way/341587348"}}, {"type": "Feature", "geometry": {"type": "LineString", "coordinates": [[85.1684655, 27.9584297], [85.1684376, 27.9583812], [85.1685083, 27.9583495], [85.1685362, 27.958398], [85.1684655, 27.9584297]]}, "properties": {"source": "osm", "dmg": 1.0, "dmg_class": 3, "dmg_label": "Destroyed", "confidence": null, "bid": "way/341587354"}}, {"type": "Feature", "geometry": {"type": "LineString", "coordinates": [[85.1718953, 27.9622712], [85.1719221, 27.9622436], [85.1719725, 27.9622818], [85.1719458, 27.9623094], [85.1718953, 27.9622712]]}, "properties": {"source": "osm", "dmg": 1.0, "dmg_class": 3, "dmg_label": "Destroyed", "confidence": null, "bid": "way/886277372"}}, {"type": "Feature", "geometry": {"type": "LineString", "coordinates": [[85.1750741, 27.9669823], [85.1751257, 27.9670132], [85.175158, 27.9669712], [85.1751063, 27.9669403], [85.1750741, 27.9669823]]}, "properties": {"source": "osm", "dmg": 1.0, "dmg_class": 3, "dmg_label": "Destroyed", "confidence": null, "bid": "way/886387025"}}, {"type": "Feature", "geometry": {"type": "LineString", "coordinates": [[85.1828679, 27.9695463], [85.1828687, 27.9696188], [85.1830247, 27.9696174], [85.1830239, 27.9695449], [85.1828679, 27.9695463]]}, "properties": {"source": "osm", "dmg": 1.0, "dmg_class": 3, "dmg_label": "Destroyed", "confidence": null, "bid": "way/886388193"}}, {"type": "Feature", "geometry": {"type": "LineString", "coordinates": [[85.1837266, 27.9696291], [85.1838298, 27.9696306], [85.1838311, 27.969553], [85.183728, 27.9695516], [85.1837266, 27.9696291]]}, "properties": {"source": "osm", "dmg": 1.0, "dmg_class": 3, "dmg_label": "Destroyed", "confidence": null, "bid": "way/886388195"}}, {"type": "Feature", "geometry": {"type": "LineString", "coordinates": [[85.1707575, 27.9648071], [85.1708316, 27.9648523], [85.1708668, 27.9648073], [85.1707927, 27.9647621], [85.1707575, 27.9648071]]}, "properties": {"source": "osm", "dmg": 1.0, "dmg_class": 3, "dmg_label": "Destroyed", "confidence": null, "bid": "way/886391948"}}, {"type": "Feature", "geometry": {"type": "LineString", "coordinates": [[85.1791526, 27.9673555], [85.1791788, 27.9672948], [85.179233, 27.9673129], [85.1792069, 27.9673737], [85.1791526, 27.9673555]]}, "properties": {"source": "osm", "dmg": 1.0, "dmg_class": 3, "dmg_label": "Destroyed", "confidence": null, "bid": "way/1552643509"}}, {"type": "Feature", "geometry": {"type": "LineString", "coordinates": [[85.1833729, 27.9701199], [85.1833464, 27.9701588], [85.1834068, 27.9701908], [85.1834332, 27.9701519], [85.1833729, 27.9701199]]}, "properties": {"source": "osm", "dmg": 1.0, "dmg_class": 3, "dmg_label": "Destroyed", "confidence": null, "bid": "way/1552907369"}}, {"type": "Feature", "geometry": {"type": "LineString", "coordinates": [[85.1728774, 27.9630739], [85.1729251, 27.9630492], [85.1728842, 27.9629876], [85.1728365, 27.9630123], [85.1728774, 27.9630739]]}, "properties": {"source": "osm", "dmg": 1.0, "dmg_class": 3, "dmg_label": "Destroyed", "confidence": null, "bid": "way/1553016013"}}, {"type": "Feature", "geometry": {"type": "LineString", "coordinates": [[85.179939, 27.9675117], [85.1800125, 27.9675224], [85.1800259, 27.9674508], [85.1799524, 27.96744], [85.179939, 27.9675117]]}, "properties": {"source": "osm", "dmg": 1.0, "dmg_class": 3, "dmg_label": "Destroyed", "confidence": null, "bid": "way/1553016717"}}, {"type": "Feature", "geometry": {"type": "LineString", "coordinates": [[85.1775069, 27.9690195], [85.177649, 27.9690876], [85.1776855, 27.9690282], [85.1775934, 27.9689841], [85.1775846, 27.9689984], [85.1775346, 27.9689744], [85.1775069, 27.9690195]]}, "properties": {"source": "osm", "dmg": 1.0, "dmg_class": 3, "dmg_label": "Destroyed", "confidence": null, "bid": "way/1553101813"}}, {"type": "Feature", "geometry": {"type": "LineString", "coordinates": [[85.1846811, 27.9728287], [85.1845966, 27.9727903], [85.1845496, 27.9728708], [85.1846342, 27.9729092], [85.1846811, 27.9728287]]}, "properties": {"source": "osm", "dmg": 1.0, "dmg_class": 3, "dmg_label": "Destroyed", "confidence": null, "bid": "way/1553122715"}}, {"type": "Feature", "geometry": {"type": "LineString", "coordinates": [[85.1507138, 27.922886], [85.1506547, 27.922808], [85.1507126, 27.9227737], [85.1507717, 27.9228517], [85.1507138, 27.922886]]}, "properties": {"source": "osm", "dmg": 1.0, "dmg_class": 3, "dmg_label": "Destroyed", "confidence": null, "bid": "way/888538432"}}, {"type": "Feature", "geometry": {"type": "LineString", "coordinates": [[85.1500236, 27.925866], [85.1501063, 27.9258655], [85.150106, 27.9258283], [85.1500233, 27.9258288], [85.1500236, 27.925866]]}, "properties": {"source": "osm", "dmg": 1.0, "dmg_class": 3, "dmg_label": "Destroyed", "confidence": null, "bid": "way/888538902"}}, {"type": "Feature", "geometry": {"type": "LineString", "coordinates": [[85.1581577, 27.9408102], [85.1582259, 27.9408712], [85.1582515, 27.9408488], [85.1581834, 27.9407878], [85.1581577, 27.9408102]]}, "properties": {"source": "osm", "dmg": 1.0, "dmg_class": 3, "dmg_label": "Destroyed", "confidence": null, "bid": "way/890976910"}}, {"type": "Feature", "geometry": {"type": "LineString", "coordinates": [[85.1536245, 27.937059], [85.1536904, 27.937105], [85.1537226, 27.937069], [85.1536566, 27.937023], [85.1536245, 27.937059]]}, "properties": {"source": "osm", "dmg": 1.0, "dmg_class": 3, "dmg_label": "Destroyed", "confidence": null, "bid": "way/890977267"}}, {"type": "Feature", "geometry": {"type": "LineString", "coordinates": [[85.1507525, 27.9288605], [85.1507826, 27.9288723], [85.1508151, 27.9288078], [85.150785, 27.9287959], [85.1507525, 27.9288605]]}, "properties": {"source": "osm", "dmg": 1.0, "dmg_class": 3, "dmg_label": "Destroyed", "confidence": null, "bid": "way/890977365"}}, {"type": "Feature", "geometry": {"type": "LineString", "coordinates": [[85.1490547, 27.9247452], [85.1490747, 27.9248113], [85.149108, 27.9248034], [85.1490879, 27.9247373], [85.1490547, 27.9247452]]}, "properties": {"source": "osm", "dmg": 1.0, "dmg_class": 3, "dmg_label": "Destroyed", "confidence": null, "bid": "way/891929279"}}, {"type": "Feature", "geometry": {"type": "LineString", "coordinates": [[85.1604998, 27.9470829], [85.1605563, 27.947142], [85.1606376, 27.9470813], [85.160581, 27.9470222], [85.1604998, 27.9470829]]}, "properties": {"source": "osm", "dmg": 1.0, "dmg_class": 3, "dmg_label": "Destroyed", "confidence": null, "bid": "way/892156965"}}, {"type": "Feature", "geometry": {"type": "LineString", "coordinates": [[85.1604252, 27.9470099], [85.1604634, 27.9470565], [85.1605097, 27.9470269], [85.1604715, 27.9469803], [85.1604252, 27.9470099]]}, "properties": {"source": "osm", "dmg": 1.0, "dmg_class": 3, "dmg_label": "Destroyed", "confidence": null, "bid": "way/892156966"}}, {"type": "Feature", "geometry": {"type": "LineString", "coordinates": [[85.147395, 27.9292077], [85.1474741, 27.9292196], [85.1474929, 27.9291449], [85.1474728, 27.9291367], [85.1474902, 27.9290644], [85.1474231, 27.9290549], [85.1474044, 27.9291272], [85.1474164, 27.9291295], [85.147395, 27.9292077]]}, "properties": {"source": "osm", "dmg": 1.0, "dmg_class": 3, "dmg_label": "Destroyed", "confidence": null, "bid": "way/1553155464"}}, {"type": "Feature", "geometry": {"type": "LineString", "coordinates": [[85.1490198, 27.926134], [85.1491378, 27.9261316], [85.1491359, 27.9260577], [85.1490179, 27.92606], [85.1490198, 27.926134]]}, "properties": {"source": "osm", "dmg": 1.0, "dmg_class": 3, "dmg_label": "Destroyed", "confidence": null, "bid": "way/1553176612"}}, {"type": "Feature", "geometry": {"type": "LineString", "coordinates": [[85.1112908, 27.860911], [85.111649, 27.8607544], [85.1115659, 27.8606057], [85.1112076, 27.8607622], [85.1112908, 27.860911]]}, "properties": {"source": "osm", "dmg": 1.0, "dmg_class": 3, "dmg_label": "Destroyed", "confidence": null, "bid": "way/341332135"}}, {"type": "Feature", "geometry": {"type": "LineString", "coordinates": [[85.1096903, 27.8602984], [85.1097707, 27.8602418], [85.1097018, 27.8601653], [85.109672, 27.8601323], [85.1095916, 27.8601889], [85.1096593, 27.860264], [85.1096903, 27.8602984]]}, "properties": {"source": "osm", "dmg": 1.0, "dmg_class": 3, "dmg_label": "Destroyed", "confidence": null, "bid": "way/341998618"}}, {"type": "Feature", "geometry": {"type": "LineString", "coordinates": [[85.1085018, 27.8603963], [85.1085726, 27.8603552], [85.1085234, 27.8602889], [85.1084526, 27.86033], [85.1085018, 27.8603963]]}, "properties": {"source": "osm", "dmg": 1.0, "dmg_class": 3, "dmg_label": "Destroyed", "confidence": null, "bid": "way/342010898"}}, {"type": "Feature", "geometry": {"type": "LineString", "coordinates": [[85.1132847, 27.8655229], [85.1136173, 27.8653949], [85.1135754, 27.8653098], [85.1132428, 27.8654378], [85.1132847, 27.8655229]]}, "properties": {"source": "osm", "dmg": 1.0, "dmg_class": 3, "dmg_label": "Destroyed", "confidence": null, "bid": "way/1552587218"}}, {"type": "Feature", "geometry": {"type": "LineString", "coordinates": [[85.3781777, 28.2716584], [85.3781696, 28.2722348], [85.3782509, 28.2722357], [85.378259, 28.2716593], [85.3781777, 28.2716584]]}, "properties": {"source": "osm", "dmg": 1.0, "dmg_class": 3, "dmg_label": "Destroyed \u00b7 floods", "confidence": null, "bid": "way/846902625"}}, {"type": "Feature", "geometry": {"type": "LineString", "coordinates": [[85.3789213, 28.2713992], [85.378987, 28.2713791], [85.3789695, 28.2713347], [85.3789038, 28.2713548], [85.3789213, 28.2713992]]}, "properties": {"source": "osm", "dmg": 1.0, "dmg_class": 3, "dmg_label": "Destroyed \u00b7 floods", "confidence": null, "bid": "way/846902627"}}, {"type": "Feature", "geometry": {"type": "LineString", "coordinates": [[85.3768063, 28.2731408], [85.3768788, 28.2731379], [85.3768748, 28.2730631], [85.3768024, 28.2730661], [85.3768063, 28.2731408]]}, "properties": {"source": "osm", "dmg": 1.0, "dmg_class": 3, "dmg_label": "Destroyed \u00b7 floods", "confidence": null, "bid": "way/846902642"}}, {"type": "Feature", "geometry": {"type": "LineString", "coordinates": [[85.3781374, 28.2716743], [85.37817, 28.2716746], [85.3781705, 28.271625], [85.3781379, 28.2716248], [85.3781374, 28.2716743]]}, "properties": {"source": "osm", "dmg": 1.0, "dmg_class": 3, "dmg_label": "Destroyed \u00b7 floods", "confidence": null, "bid": "way/1552911471"}}, {"type": "Feature", "geometry": {"type": "LineString", "coordinates": [[85.3766052, 28.2697651], [85.376681, 28.2697421], [85.3767434, 28.2699458], [85.3766689, 28.2699647], [85.3766052, 28.2697651]]}, "properties": {"source": "osm", "dmg": 1.0, "dmg_class": 3, "dmg_label": "Destroyed \u00b7 floods", "confidence": null, "bid": "way/1552917667"}}, {"type": "Feature", "geometry": {"type": "LineString", "coordinates": [[85.3626582, 28.2465171], [85.3629552, 28.2467991], [85.3630905, 28.2466885], [85.3627934, 28.2464065], [85.3626582, 28.2465171]]}, "properties": {"source": "osm", "dmg": 1.0, "dmg_class": 3, "dmg_label": "Destroyed", "confidence": null, "bid": "way/851368422"}}, {"type": "Feature", "geometry": {"type": "LineString", "coordinates": [[85.3588611, 28.2345062], [85.3589147, 28.2345014], [85.3589094, 28.2344546], [85.3588558, 28.2344594], [85.3588611, 28.2345062]]}, "properties": {"source": "osm", "dmg": 1.0, "dmg_class": 3, "dmg_label": "Destroyed", "confidence": null, "bid": "way/853711582"}}, {"type": "Feature", "geometry": {"type": "LineString", "coordinates": [[85.3662726, 28.2517788], [85.366219, 28.2518791], [85.3662713, 28.2519008], [85.3663249, 28.2518005], [85.3662726, 28.2517788]]}, "properties": {"source": "osm", "dmg": 1.0, "dmg_class": 3, "dmg_label": "Destroyed", "confidence": null, "bid": "way/851368434"}}, {"type": "Feature", "geometry": {"type": "LineString", "coordinates": [[85.3766803, 28.2652618], [85.3767006, 28.2652893], [85.3767616, 28.2652545], [85.3767414, 28.265227], [85.3766803, 28.2652618]]}, "properties": {"source": "osm", "dmg": 1.0, "dmg_class": 3, "dmg_label": "Destroyed \u00b7 floods", "confidence": null, "bid": "way/851966240"}}, {"type": "Feature", "geometry": {"type": "LineString", "coordinates": [[85.3665094, 28.2556139], [85.3665223, 28.2557748], [85.3666186, 28.2557688], [85.3666056, 28.2556079], [85.3665094, 28.2556139]]}, "properties": {"source": "osm", "dmg": 1.0, "dmg_class": 3, "dmg_label": "Destroyed", "confidence": null, "bid": "way/851966253"}}, {"type": "Feature", "geometry": {"type": "LineString", "coordinates": [[85.3667146, 28.2556554], [85.3667669, 28.255653], [85.3667632, 28.2555891], [85.3667109, 28.2555915], [85.3667146, 28.2556554]]}, "properties": {"source": "osm", "dmg": 1.0, "dmg_class": 3, "dmg_label": "Destroyed", "confidence": null, "bid": "way/853711508"}}, {"type": "Feature", "geometry": {"type": "LineString", "coordinates": [[85.3670572, 28.2543258], [85.3671114, 28.254324], [85.3671075, 28.2542354], [85.3670534, 28.2542372], [85.3670572, 28.2543258]]}, "properties": {"source": "osm", "dmg": 1.0, "dmg_class": 3, "dmg_label": "Destroyed", "confidence": null, "bid": "way/1552942079"}}, {"type": "Feature", "geometry": {"type": "LineString", "coordinates": [[85.1102056, 27.8605295], [85.1102756, 27.8604965], [85.1101892, 27.8603726], [85.1101192, 27.8604139], [85.1102056, 27.8605295]]}, "properties": {"source": "osm", "dmg": 1.0, "dmg_class": 3, "dmg_label": "Destroyed", "confidence": null, "bid": "way/342000484"}}, {"type": "Feature", "geometry": {"type": "LineString", "coordinates": [[85.0751585, 27.8546149], [85.0752106, 27.8546201], [85.0752213, 27.8545371], [85.0751692, 27.8545319], [85.0751585, 27.8546149]]}, "properties": {"source": "osm", "dmg": 1.0, "dmg_class": 3, "dmg_label": "Destroyed", "confidence": null, "bid": "way/1552715243"}}, {"type": "Feature", "geometry": {"type": "LineString", "coordinates": [[85.0756963, 27.8547062], [85.0757392, 27.8547216], [85.075755, 27.8546871], [85.0757121, 27.8546717], [85.0756963, 27.8547062]]}, "properties": {"source": "osm", "dmg": 1.0, "dmg_class": 3, "dmg_label": "Destroyed", "confidence": null, "bid": "way/1553105861"}}, {"type": "Feature", "geometry": {"type": "LineString", "coordinates": [[85.1827311, 27.9764611], [85.1827637, 27.9764615], [85.1827644, 27.976419], [85.1827318, 27.9764186], [85.1827311, 27.9764611]]}, "properties": {"source": "osm", "dmg": 1.0, "dmg_class": 3, "dmg_label": "Destroyed", "confidence": null, "bid": "way/341462042"}}, {"type": "Feature", "geometry": {"type": "LineString", "coordinates": [[85.1713325, 27.9618404], [85.1712812, 27.9618008], [85.1713812, 27.9616997], [85.1714325, 27.9617393], [85.1713325, 27.9618404]]}, "properties": {"source": "osm", "dmg": 1.0, "dmg_class": 3, "dmg_label": "Destroyed", "confidence": null, "bid": "way/341587426"}}, {"type": "Feature", "geometry": {"type": "LineString", "coordinates": [[85.1718777, 27.9618973], [85.1718433, 27.961865], [85.1718723, 27.9618409], [85.1718903, 27.9618578], [85.1719075, 27.9618435], [85.1719239, 27.9618589], [85.1718777, 27.9618973]]}, "properties": {"source": "osm", "dmg": 1.0, "dmg_class": 3, "dmg_label": "Destroyed", "confidence": null, "bid": "way/341587465"}}, {"type": "Feature", "geometry": {"type": "LineString", "coordinates": [[85.172139, 27.9622239], [85.1720927, 27.9621848], [85.1721303, 27.9621501], [85.1721766, 27.9621892], [85.172139, 27.9622239]]}, "properties": {"source": "osm", "dmg": 1.0, "dmg_class": 3, "dmg_label": "Destroyed", "confidence": null, "bid": "way/341623206"}}, {"type": "Feature", "geometry": {"type": "LineString", "coordinates": [[85.1758535, 27.9673198], [85.1758863, 27.9673691], [85.1759553, 27.9673332], [85.1759225, 27.9672839], [85.1758535, 27.9673198]]}, "properties": {"source": "osm", "dmg": 1.0, "dmg_class": 3, "dmg_label": "Destroyed", "confidence": null, "bid": "way/886387026"}}, {"type": "Feature", "geometry": {"type": "LineString", "coordinates": [[85.1841275, 27.9691651], [85.1841484, 27.9691223], [85.1842166, 27.9691484], [85.1841957, 27.9691912], [85.1841275, 27.9691651]]}, "properties": {"source": "osm", "dmg": 1.0, "dmg_class": 3, "dmg_label": "Destroyed", "confidence": null, "bid": "way/886388201"}}, {"type": "Feature", "geometry": {"type": "LineString", "coordinates": [[85.1756364, 27.9662798], [85.1756216, 27.9662954], [85.175658, 27.9663223], [85.1756728, 27.9663067], [85.1756364, 27.9662798]]}, "properties": {"source": "osm", "dmg": 1.0, "dmg_class": 3, "dmg_label": "Destroyed", "confidence": null, "bid": "way/887418173"}}, {"type": "Feature", "geometry": {"type": "LineString", "coordinates": [[85.1847418, 27.9710032], [85.1847199, 27.9709274], [85.1848452, 27.9708992], [85.184867, 27.970975], [85.1847418, 27.9710032]]}, "properties": {"source": "osm", "dmg": 1.0, "dmg_class": 3, "dmg_label": "Destroyed", "confidence": null, "bid": "way/1552644573"}}, {"type": "Feature", "geometry": {"type": "LineString", "coordinates": [[85.1715718, 27.9646434], [85.1716519, 27.9646712], [85.1716787, 27.9646108], [85.1715986, 27.964583], [85.1715718, 27.9646434]]}, "properties": {"source": "osm", "dmg": 1.0, "dmg_class": 3, "dmg_label": "Destroyed", "confidence": null, "bid": "way/1552890523"}}, {"type": "Feature", "geometry": {"type": "LineString", "coordinates": [[85.1837088, 27.9697148], [85.1838309, 27.9697148], [85.1838309, 27.969636], [85.1837088, 27.969636], [85.1837088, 27.9697148]]}, "properties": {"source": "osm", "dmg": 1.0, "dmg_class": 3, "dmg_label": "Destroyed", "confidence": null, "bid": "way/1552907374"}}, {"type": "Feature", "geometry": {"type": "LineString", "coordinates": [[85.183295, 27.9751304], [85.1834223, 27.975106], [85.1834005, 27.9750169], [85.1832731, 27.9750412], [85.183295, 27.9751304]]}, "properties": {"source": "osm", "dmg": 1.0, "dmg_class": 3, "dmg_label": "Destroyed", "confidence": null, "bid": "way/1553121371"}}, {"type": "Feature", "geometry": {"type": "LineString", "coordinates": [[85.1485946, 27.9254083], [85.1486453, 27.9253888], [85.1485951, 27.9252868], [85.1485444, 27.9253062], [85.1485946, 27.9254083]]}, "properties": {"source": "osm", "dmg": 1.0, "dmg_class": 3, "dmg_label": "Destroyed", "confidence": null, "bid": "way/341654681"}}, {"type": "Feature", "geometry": {"type": "LineString", "coordinates": [[85.149611, 27.9242087], [85.1495665, 27.9238772], [85.1494994, 27.9238842], [85.1495441, 27.9242157], [85.149611, 27.9242087]]}, "properties": {"source": "osm", "dmg": 1.0, "dmg_class": 3, "dmg_label": "Destroyed", "confidence": null, "bid": "way/341699315"}}, {"type": "Feature", "geometry": {"type": "LineString", "coordinates": [[85.1487349, 27.9255784], [85.1487247, 27.9255446], [85.1488128, 27.9255237], [85.148823, 27.9255576], [85.1487349, 27.9255784]]}, "properties": {"source": "osm", "dmg": 1.0, "dmg_class": 3, "dmg_label": "Destroyed", "confidence": null, "bid": "way/888538474"}}, {"type": "Feature", "geometry": {"type": "LineString", "coordinates": [[85.1576819, 27.94017], [85.1578175, 27.9403015], [85.1579116, 27.9402259], [85.157776, 27.9400942], [85.1576819, 27.94017]]}, "properties": {"source": "osm", "dmg": 1.0, "dmg_class": 3, "dmg_label": "Destroyed", "confidence": null, "bid": "way/890976912"}}, {"type": "Feature", "geometry": {"type": "LineString", "coordinates": [[85.1592695, 27.9430066], [85.1595286, 27.9434078], [85.1596307, 27.9433564], [85.1593715, 27.9429552], [85.1592695, 27.9430066]]}, "properties": {"source": "osm", "dmg": 1.0, "dmg_class": 3, "dmg_label": "Destroyed", "confidence": null, "bid": "way/890976919"}}, {"type": "Feature", "geometry": {"type": "LineString", "coordinates": [[85.1561116, 27.938767], [85.156159, 27.9388054], [85.1562161, 27.9387503], [85.1561687, 27.9387119], [85.1561116, 27.938767]]}, "properties": {"source": "osm", "dmg": 1.0, "dmg_class": 3, "dmg_label": "Destroyed", "confidence": null, "bid": "way/891929271"}}, {"type": "Feature", "geometry": {"type": "LineString", "coordinates": [[85.1492874, 27.9310626], [85.1493191, 27.9311241], [85.1493657, 27.9311053], [85.149334, 27.9310438], [85.1492874, 27.9310626]]}, "properties": {"source": "osm", "dmg": 1.0, "dmg_class": 3, "dmg_label": "Destroyed", "confidence": null, "bid": "way/891929274"}}, {"type": "Feature", "geometry": {"type": "LineString", "coordinates": [[85.153959, 27.9372798], [85.1540075, 27.9373105], [85.1540175, 27.9372982], [85.1540445, 27.9373153], [85.1540764, 27.9372761], [85.1540009, 27.9372282], [85.153959, 27.9372798]]}, "properties": {"source": "osm", "dmg": 1.0, "dmg_class": 3, "dmg_label": "Destroyed", "confidence": null, "bid": "way/1552641520"}}, {"type": "Feature", "geometry": {"type": "LineString", "coordinates": [[85.1604547, 27.9464116], [85.1605635, 27.9463759], [85.1605401, 27.9463203], [85.1604314, 27.946356], [85.1604547, 27.9464116]]}, "properties": {"source": "osm", "dmg": 1.0, "dmg_class": 3, "dmg_label": "Destroyed", "confidence": null, "bid": "way/1552973626"}}, {"type": "Feature", "geometry": {"type": "LineString", "coordinates": [[85.157163, 27.9358524], [85.1571959, 27.9359039], [85.157242, 27.9358809], [85.1572091, 27.9358294], [85.157163, 27.9358524]]}, "properties": {"source": "osm", "dmg": 1.0, "dmg_class": 3, "dmg_label": "Destroyed", "confidence": null, "bid": "way/1553007152"}}, {"type": "Feature", "geometry": {"type": "LineString", "coordinates": [[85.1578956, 27.9405989], [85.1579815, 27.9406665], [85.1580248, 27.9406235], [85.157939, 27.9405559], [85.1578956, 27.9405989]]}, "properties": {"source": "osm", "dmg": 1.0, "dmg_class": 3, "dmg_label": "Destroyed", "confidence": null, "bid": "way/1553091918"}}, {"type": "Feature", "geometry": {"type": "LineString", "coordinates": [[85.1506372, 27.924129], [85.1507606, 27.9241172], [85.1507447, 27.9239883], [85.1506213, 27.9240001], [85.1506372, 27.924129]]}, "properties": {"source": "osm", "dmg": 1.0, "dmg_class": 3, "dmg_label": "Destroyed", "confidence": null, "bid": "way/1553138007"}}, {"type": "Feature", "geometry": {"type": "LineString", "coordinates": [[85.1502711, 27.9236468], [85.1505221, 27.9236118], [85.1505098, 27.9235425], [85.1502587, 27.9235774], [85.1502711, 27.9236468]]}, "properties": {"source": "osm", "dmg": 1.0, "dmg_class": 3, "dmg_label": "Destroyed", "confidence": null, "bid": "way/1553138018"}}, {"type": "Feature", "geometry": {"type": "LineString", "coordinates": [[85.1610473, 27.9463223], [85.1610136, 27.9462562], [85.161111, 27.9462174], [85.1611447, 27.9462835], [85.1610473, 27.9463223]]}, "properties": {"source": "osm", "dmg": 1.0, "dmg_class": 3, "dmg_label": "Destroyed", "confidence": null, "bid": "way/1553150023"}}, {"type": "Feature", "geometry": {"type": "LineString", "coordinates": [[85.1605418, 27.9469953], [85.1605174, 27.9469578], [85.1605582, 27.9469371], [85.1605826, 27.9469745], [85.1605418, 27.9469953]]}, "properties": {"source": "osm", "dmg": 1.0, "dmg_class": 3, "dmg_label": "Destroyed", "confidence": null, "bid": "way/1553150034"}}, {"type": "Feature", "geometry": {"type": "LineString", "coordinates": [[85.14748, 27.9298703], [85.1475126, 27.9297582], [85.1476082, 27.9297719], [85.1475619, 27.9298889], [85.14748, 27.9298703]]}, "properties": {"source": "osm", "dmg": 1.0, "dmg_class": 3, "dmg_label": "Destroyed", "confidence": null, "bid": "way/1553155455"}}, {"type": "Feature", "geometry": {"type": "LineString", "coordinates": [[85.1473341, 27.9294765], [85.1474034, 27.9294869], [85.1474179, 27.9294116], [85.1473486, 27.9294012], [85.1473341, 27.9294765]]}, "properties": {"source": "osm", "dmg": 1.0, "dmg_class": 3, "dmg_label": "Destroyed", "confidence": null, "bid": "way/1553155461"}}, {"type": "Feature", "geometry": {"type": "LineString", "coordinates": [[85.1629588, 27.9547599], [85.1630135, 27.9547336], [85.1629732, 27.954668], [85.1629184, 27.9546942], [85.1629588, 27.9547599]]}, "properties": {"source": "osm", "dmg": 1.0, "dmg_class": 3, "dmg_label": "Destroyed", "confidence": null, "bid": "way/1553174372"}}, {"type": "Feature", "geometry": {"type": "LineString", "coordinates": [[85.148659, 27.9252784], [85.1486943, 27.9253397], [85.1487681, 27.9253065], [85.1487328, 27.9252453], [85.148659, 27.9252784]]}, "properties": {"source": "osm", "dmg": 1.0, "dmg_class": 3, "dmg_label": "Destroyed", "confidence": null, "bid": "way/1553176620"}}, {"type": "Feature", "geometry": {"type": "LineString", "coordinates": [[85.3789573, 28.2712726], [85.3789772, 28.2712757], [85.3789714, 28.2713049], [85.3789977, 28.271309], [85.3790083, 28.2712558], [85.3790188, 28.2712026], [85.3789726, 28.2711955], [85.3789573, 28.2712726]]}, "properties": {"source": "osm", "dmg": 1.0, "dmg_class": 3, "dmg_label": "Destroyed \u00b7 floods", "confidence": null, "bid": "way/341571474"}}, {"type": "Feature", "geometry": {"type": "LineString", "coordinates": [[85.3663398, 28.2536553], [85.3663958, 28.2536531], [85.3663943, 28.2536225], [85.3663382, 28.2536247], [85.3663398, 28.2536553]]}, "properties": {"source": "osm", "dmg": 1.0, "dmg_class": 3, "dmg_label": "Destroyed", "confidence": null, "bid": "way/1552942052"}}, {"type": "Feature", "geometry": {"type": "LineString", "coordinates": [[85.3668205, 28.2552339], [85.3669148, 28.255237], [85.3669174, 28.255176], [85.3668231, 28.2551729], [85.3668205, 28.2552339]]}, "properties": {"source": "osm", "dmg": 1.0, "dmg_class": 3, "dmg_label": "Destroyed", "confidence": null, "bid": "way/1552942063"}}, {"type": "Feature", "geometry": {"type": "LineString", "coordinates": [[85.366779, 28.255083], [85.3668144, 28.255084], [85.3668177, 28.2549919], [85.3667823, 28.2549909], [85.366779, 28.255083]]}, "properties": {"source": "osm", "dmg": 1.0, "dmg_class": 3, "dmg_label": "Destroyed", "confidence": null, "bid": "way/1552942069"}}, {"type": "Feature", "geometry": {"type": "LineString", "coordinates": [[85.3671116, 28.254998], [85.3671671, 28.2549941], [85.3671564, 28.2548759], [85.3671008, 28.2548798], [85.3671116, 28.254998]]}, "properties": {"source": "osm", "dmg": 1.0, "dmg_class": 3, "dmg_label": "Destroyed", "confidence": null, "bid": "way/1552942082"}}, {"type": "Feature", "geometry": {"type": "LineString", "coordinates": [[85.3778069, 28.2801534], [85.3784975, 28.2802916], [85.3785153, 28.2802229], [85.3778246, 28.2800847], [85.3778069, 28.2801534]]}, "properties": {"source": "osm", "dmg": 1.0, "dmg_class": 3, "dmg_label": "Destroyed", "confidence": null, "bid": "way/846902610"}}, {"type": "Feature", "geometry": {"type": "LineString", "coordinates": [[85.37805, 28.27251], [85.3782243, 28.2724865], [85.3782138, 28.2724254], [85.3780394, 28.2724489], [85.37805, 28.27251]]}, "properties": {"source": "osm", "dmg": 1.0, "dmg_class": 3, "dmg_label": "Destroyed \u00b7 floods", "confidence": null, "bid": "way/846902617"}}, {"type": "Feature", "geometry": {"type": "LineString", "coordinates": [[85.3767454, 28.2710868], [85.376736, 28.2712705], [85.377098, 28.2712848], [85.3771074, 28.2711012], [85.3767454, 28.2710868]]}, "properties": {"source": "osm", "dmg": 1.0, "dmg_class": 3, "dmg_label": "Destroyed \u00b7 floods", "confidence": null, "bid": "way/846902649"}}, {"type": "Feature", "geometry": {"type": "LineString", "coordinates": [[85.3779134, 28.2714171], [85.3779303, 28.2713216], [85.3780147, 28.2713332], [85.3779978, 28.2714287], [85.3779134, 28.2714171]]}, "properties": {"source": "osm", "dmg": 1.0, "dmg_class": 3, "dmg_label": "Destroyed \u00b7 floods", "confidence": null, "bid": "way/1154989013"}}, {"type": "Feature", "geometry": {"type": "LineString", "coordinates": [[85.350315, 28.1947352], [85.3504538, 28.1949759], [85.35051, 28.1949507], [85.3503713, 28.19471], [85.350315, 28.1947352]]}, "properties": {"source": "osm", "dmg": 1.0, "dmg_class": 3, "dmg_label": "Destroyed", "confidence": null, "bid": "way/342039361"}}, {"type": "Feature", "geometry": {"type": "LineString", "coordinates": [[85.3435078, 28.1642776], [85.343538, 28.1643028], [85.3435646, 28.164278], [85.3435344, 28.1642528], [85.3435078, 28.1642776]]}, "properties": {"source": "osm", "dmg": 1.0, "dmg_class": 3, "dmg_label": "Destroyed", "confidence": null, "bid": "way/344279069"}}, {"type": "Feature", "geometry": {"type": "LineString", "coordinates": [[85.3424799, 28.1647747], [85.3424462, 28.1648249], [85.3425539, 28.1648811], [85.3425876, 28.1648309], [85.3424799, 28.1647747]]}, "properties": {"source": "osm", "dmg": 1.0, "dmg_class": 3, "dmg_label": "Destroyed", "confidence": null, "bid": "way/344279072"}}, {"type": "Feature", "geometry": {"type": "LineString", "coordinates": [[85.3359823, 28.1611854], [85.3360423, 28.1611685], [85.3360004, 28.1610525], [85.3359404, 28.1610693], [85.3359823, 28.1611854]]}, "properties": {"source": "osm", "dmg": 1.0, "dmg_class": 3, "dmg_label": "Destroyed", "confidence": null, "bid": "way/769001613"}}, {"type": "Feature", "geometry": {"type": "LineString", "coordinates": [[85.3577963, 28.239104], [85.3578754, 28.2391082], [85.3578786, 28.23906], [85.3577995, 28.2390558], [85.3577963, 28.239104]]}, "properties": {"source": "osm", "dmg": 1.0, "dmg_class": 3, "dmg_label": "Destroyed", "confidence": null, "bid": "way/846885660"}}, {"type": "Feature", "geometry": {"type": "LineString", "coordinates": [[85.3362772, 28.1605634], [85.3363137, 28.1606048], [85.3363621, 28.1605716], [85.3363255, 28.1605302], [85.3362772, 28.1605634]]}, "properties": {"source": "osm", "dmg": 1.0, "dmg_class": 3, "dmg_label": "Destroyed", "confidence": null, "bid": "way/851001704"}}, {"type": "Feature", "geometry": {"type": "LineString", "coordinates": [[85.3587172, 28.2429512], [85.3587258, 28.2430143], [85.3587953, 28.243007], [85.3587868, 28.2429439], [85.3587172, 28.2429512]]}, "properties": {"source": "osm", "dmg": 1.0, "dmg_class": 3, "dmg_label": "Destroyed", "confidence": null, "bid": "way/853711561"}}, {"type": "Feature", "geometry": {"type": "LineString", "coordinates": [[85.3589362, 28.2371327], [85.3589591, 28.2371499], [85.358998, 28.2371097], [85.3589751, 28.2370925], [85.3589362, 28.2371327]]}, "properties": {"source": "osm", "dmg": 1.0, "dmg_class": 3, "dmg_label": "Destroyed", "confidence": null, "bid": "way/853711571"}}, {"type": "Feature", "geometry": {"type": "LineString", "coordinates": [[85.3380558, 28.1639052], [85.3381571, 28.1639862], [85.33823, 28.1639153], [85.3381287, 28.1638344], [85.3380558, 28.1639052]]}, "properties": {"source": "osm", "dmg": 1.0, "dmg_class": 3, "dmg_label": "Destroyed", "confidence": null, "bid": "way/854113205"}}, {"type": "Feature", "geometry": {"type": "LineString", "coordinates": [[85.3369448, 28.1629584], [85.3370393, 28.1629661], [85.3370491, 28.1628726], [85.3369545, 28.1628649], [85.3369448, 28.1629584]]}, "properties": {"source": "osm", "dmg": 1.0, "dmg_class": 3, "dmg_label": "Destroyed", "confidence": null, "bid": "way/854113217"}}, {"type": "Feature", "geometry": {"type": "LineString", "coordinates": [[85.3425761, 28.1643532], [85.3425948, 28.1643106], [85.3426692, 28.1643361], [85.3426505, 28.1643787], [85.3425761, 28.1643532]]}, "properties": {"source": "osm", "dmg": 1.0, "dmg_class": 3, "dmg_label": "Destroyed", "confidence": null, "bid": "way/1162337471"}}, {"type": "Feature", "geometry": {"type": "LineString", "coordinates": [[85.3428675, 28.1650999], [85.3428779, 28.1650599], [85.3429056, 28.1650655], [85.3428951, 28.1651055], [85.3428675, 28.1650999]]}, "properties": {"source": "osm", "dmg": 1.0, "dmg_class": 3, "dmg_label": "Destroyed", "confidence": null, "bid": "way/1162337474"}}, {"type": "Feature", "geometry": {"type": "LineString", "coordinates": [[85.3585987, 28.2427926], [85.3586661, 28.2427779], [85.3586025, 28.2425517], [85.3585351, 28.2425664], [85.3585987, 28.2427926]]}, "properties": {"source": "osm", "dmg": 1.0, "dmg_class": 3, "dmg_label": "Destroyed", "confidence": null, "bid": "way/1552590871"}}, {"type": "Feature", "geometry": {"type": "LineString", "coordinates": [[85.3575484, 28.2390622], [85.3576524, 28.2390635], [85.3576605, 28.2389847], [85.3575853, 28.2389704], [85.3575484, 28.2390622]]}, "properties": {"source": "osm", "dmg": 1.0, "dmg_class": 3, "dmg_label": "Destroyed", "confidence": null, "bid": "way/1552758837"}}, {"type": "Feature", "geometry": {"type": "LineString", "coordinates": [[85.3359651, 28.1609586], [85.3359184, 28.1609699], [85.335927, 28.1609977], [85.3359737, 28.1609865], [85.3359651, 28.1609586]]}, "properties": {"source": "osm", "dmg": 1.0, "dmg_class": 3, "dmg_label": "Destroyed", "confidence": null, "bid": "way/1552968623"}}, {"type": "Feature", "geometry": {"type": "LineString", "coordinates": [[85.3366408, 28.1607335], [85.3366683, 28.1607725], [85.336694, 28.1607585], [85.3366665, 28.1607195], [85.3366408, 28.1607335]]}, "properties": {"source": "osm", "dmg": 1.0, "dmg_class": 3, "dmg_label": "Destroyed", "confidence": null, "bid": "way/1553061066"}}, {"type": "Feature", "geometry": {"type": "LineString", "coordinates": [[85.3376629, 28.1631765], [85.3376978, 28.1632073], [85.3377162, 28.163191], [85.3376814, 28.1631603], [85.3376629, 28.1631765]]}, "properties": {"source": "osm", "dmg": 1.0, "dmg_class": 3, "dmg_label": "Destroyed", "confidence": null, "bid": "way/1553061070"}}, {"type": "Feature", "geometry": {"type": "LineString", "coordinates": [[85.3368166, 28.1614664], [85.3368803, 28.1614646], [85.3368791, 28.1614309], [85.3368154, 28.1614326], [85.3368166, 28.1614664]]}, "properties": {"source": "osm", "dmg": 1.0, "dmg_class": 3, "dmg_label": "Destroyed", "confidence": null, "bid": "way/1553070048"}}, {"type": "Feature", "geometry": {"type": "LineString", "coordinates": [[85.3660953, 28.2532502], [85.3660356, 28.253133], [85.3661043, 28.2531058], [85.366164, 28.2532231], [85.3660953, 28.2532502]]}, "properties": {"source": "osm", "dmg": 1.0, "dmg_class": 3, "dmg_label": "Destroyed", "confidence": null, "bid": "way/340615920"}}, {"type": "Feature", "geometry": {"type": "LineString", "coordinates": [[85.3664876, 28.2542112], [85.3665196, 28.2542095], [85.3665177, 28.254181], [85.3665611, 28.2541787], [85.3665567, 28.2541137], [85.3664812, 28.2541177], [85.3664876, 28.2542112]]}, "properties": {"source": "osm", "dmg": 1.0, "dmg_class": 3, "dmg_label": "Destroyed", "confidence": null, "bid": "way/340624549"}}, {"type": "Feature", "geometry": {"type": "LineString", "coordinates": [[85.3667031, 28.2542802], [85.3667726, 28.254274], [85.3667629, 28.2541884], [85.3666933, 28.2541945], [85.3667031, 28.2542802]]}, "properties": {"source": "osm", "dmg": 1.0, "dmg_class": 3, "dmg_label": "Destroyed", "confidence": null, "bid": "way/340624557"}}, {"type": "Feature", "geometry": {"type": "LineString", "coordinates": [[85.3780169, 28.2805003], [85.3781672, 28.2805045], [85.3781691, 28.2804507], [85.3780188, 28.2804466], [85.3780169, 28.2805003]]}, "properties": {"source": "osm", "dmg": 1.0, "dmg_class": 3, "dmg_label": "Destroyed", "confidence": null, "bid": "way/340629647"}}, {"type": "Feature", "geometry": {"type": "LineString", "coordinates": [[85.3761268, 28.2657985], [85.3761611, 28.2657596], [85.3761044, 28.2657209], [85.3760701, 28.2657598], [85.3761268, 28.2657985]]}, "properties": {"source": "osm", "dmg": 1.0, "dmg_class": 3, "dmg_label": "Destroyed \u00b7 floods", "confidence": null, "bid": "way/341558538"}}, {"type": "Feature", "geometry": {"type": "LineString", "coordinates": [[85.3761397, 28.2651077], [85.3761878, 28.2650764], [85.3761358, 28.2650142], [85.3760876, 28.2650455], [85.3761397, 28.2651077]]}, "properties": {"source": "osm", "dmg": 1.0, "dmg_class": 3, "dmg_label": "Destroyed \u00b7 floods", "confidence": null, "bid": "way/341558547"}}, {"type": "Feature", "geometry": {"type": "LineString", "coordinates": [[85.3665013, 28.2533653], [85.3665633, 28.2533564], [85.3665543, 28.2533077], [85.3664923, 28.2533166], [85.3665013, 28.2533653]]}, "properties": {"source": "osm", "dmg": 1.0, "dmg_class": 3, "dmg_label": "Destroyed", "confidence": null, "bid": "way/341558554"}}, {"type": "Feature", "geometry": {"type": "LineString", "coordinates": [[85.3764282, 28.2662919], [85.3764966, 28.2663657], [85.3765873, 28.2663005], [85.3765189, 28.2662267], [85.3764282, 28.2662919]]}, "properties": {"source": "osm", "dmg": 1.0, "dmg_class": 3, "dmg_label": "Destroyed \u00b7 floods", "confidence": null, "bid": "way/846902672"}}, {"type": "Feature", "geometry": {"type": "LineString", "coordinates": [[85.366682, 28.2546676], [85.366695, 28.254838], [85.3668198, 28.2548307], [85.3668069, 28.2546603], [85.366682, 28.2546676]]}, "properties": {"source": "osm", "dmg": 1.0, "dmg_class": 3, "dmg_label": "Destroyed", "confidence": null, "bid": "way/851367108"}}, {"type": "Feature", "geometry": {"type": "LineString", "coordinates": [[85.3668503, 28.2553234], [85.366835, 28.2554976], [85.366895, 28.2555017], [85.3669102, 28.2553274], [85.3668503, 28.2553234]]}, "properties": {"source": "osm", "dmg": 1.0, "dmg_class": 3, "dmg_label": "Destroyed", "confidence": null, "bid": "way/851367110"}}, {"type": "Feature", "geometry": {"type": "LineString", "coordinates": [[85.3739742, 28.2641969], [85.3739265, 28.2643773], [85.374022, 28.264397], [85.3740697, 28.2642164], [85.3739742, 28.2641969]]}, "properties": {"source": "osm", "dmg": 1.0, "dmg_class": 3, "dmg_label": "Destroyed \u00b7 floods", "confidence": null, "bid": "way/851367128"}}, {"type": "Feature", "geometry": {"type": "LineString", "coordinates": [[85.3754184, 28.2646217], [85.3754505, 28.2648343], [85.3755321, 28.2648247], [85.3754999, 28.2646121], [85.3754184, 28.2646217]]}, "properties": {"source": "osm", "dmg": 1.0, "dmg_class": 3, "dmg_label": "Destroyed \u00b7 floods", "confidence": null, "bid": "way/851367138"}}, {"type": "Feature", "geometry": {"type": "LineString", "coordinates": [[85.3670914, 28.2554646], [85.3670982, 28.2555024], [85.367144, 28.255496], [85.3671373, 28.2554582], [85.3670914, 28.2554646]]}, "properties": {"source": "osm", "dmg": 1.0, "dmg_class": 3, "dmg_label": "Destroyed", "confidence": null, "bid": "way/851966260"}}, {"type": "Feature", "geometry": {"type": "LineString", "coordinates": [[85.3667143, 28.2551918], [85.3667495, 28.255389], [85.3668042, 28.2553814], [85.3667689, 28.2551842], [85.3667143, 28.2551918]]}, "properties": {"source": "osm", "dmg": 1.0, "dmg_class": 3, "dmg_label": "Destroyed", "confidence": null, "bid": "way/853711509"}}, {"type": "Feature", "geometry": {"type": "LineString", "coordinates": [[85.36664, 28.2549347], [85.3666687, 28.2550542], [85.3667065, 28.2550472], [85.3666778, 28.2549276], [85.36664, 28.2549347]]}, "properties": {"source": "osm", "dmg": 1.0, "dmg_class": 3, "dmg_label": "Destroyed", "confidence": null, "bid": "way/853711510"}}, {"type": "Feature", "geometry": {"type": "LineString", "coordinates": [[85.3670083, 28.2540989], [85.3670605, 28.2541007], [85.3670672, 28.2539448], [85.367015, 28.253943], [85.3670083, 28.2540989]]}, "properties": {"source": "osm", "dmg": 1.0, "dmg_class": 3, "dmg_label": "Destroyed", "confidence": null, "bid": "way/853711524"}}, {"type": "Feature", "geometry": {"type": "LineString", "coordinates": [[85.3666234, 28.2580735], [85.3666864, 28.2581284], [85.3667041, 28.2581126], [85.3666411, 28.2580577], [85.3666234, 28.2580735]]}, "properties": {"source": "osm", "dmg": 1.0, "dmg_class": 3, "dmg_label": "Destroyed", "confidence": null, "bid": "way/1552614218"}}, {"type": "Feature", "geometry": {"type": "LineString", "coordinates": [[85.3754586, 28.2653387], [85.3754983, 28.2653099], [85.3754292, 28.265236], [85.3753895, 28.2652648], [85.3754586, 28.2653387]]}, "properties": {"source": "osm", "dmg": 1.0, "dmg_class": 3, "dmg_label": "Destroyed \u00b7 floods", "confidence": null, "bid": "way/1552914661"}}, {"type": "Feature", "geometry": {"type": "LineString", "coordinates": [[85.3663398, 28.2532898], [85.3664131, 28.2532817], [85.3663988, 28.2531799], [85.3663254, 28.2531879], [85.3663398, 28.2532898]]}, "properties": {"source": "osm", "dmg": 1.0, "dmg_class": 3, "dmg_label": "Destroyed", "confidence": null, "bid": "way/1552942051"}}, {"type": "Feature", "geometry": {"type": "LineString", "coordinates": [[85.1105293, 27.8606173], [85.110624, 27.8605644], [85.1105636, 27.8604799], [85.110469, 27.8605327], [85.1105293, 27.8606173]]}, "properties": {"source": "osm", "dmg": 1.0, "dmg_class": 3, "dmg_label": "Destroyed", "confidence": null, "bid": "way/342000486"}}, {"type": "Feature", "geometry": {"type": "LineString", "coordinates": [[85.1702604, 27.9604219], [85.1702358, 27.960397], [85.1702473, 27.9603882], [85.1702371, 27.9603779], [85.1702936, 27.9603342], [85.1703447, 27.9603857], [85.1702767, 27.9604383], [85.1702604, 27.9604219]]}, "properties": {"source": "osm", "dmg": 1.0, "dmg_class": 3, "dmg_label": "Destroyed", "confidence": null, "bid": "way/341623259"}}, {"type": "Feature", "geometry": {"type": "LineString", "coordinates": [[85.1796492, 27.968176], [85.1795961, 27.9681134], [85.1796636, 27.9680686], [85.1797168, 27.9681313], [85.1796492, 27.968176]]}, "properties": {"source": "osm", "dmg": 1.0, "dmg_class": 3, "dmg_label": "Destroyed", "confidence": null, "bid": "way/1552643517"}}, {"type": "Feature", "geometry": {"type": "LineString", "coordinates": [[85.1826996, 27.969777], [85.1827375, 27.9698209], [85.1827895, 27.9697859], [85.1827517, 27.969742], [85.1826996, 27.969777]]}, "properties": {"source": "osm", "dmg": 1.0, "dmg_class": 3, "dmg_label": "Destroyed", "confidence": null, "bid": "way/1552907370"}}, {"type": "Feature", "geometry": {"type": "LineString", "coordinates": [[85.3787709, 28.270768], [85.3788131, 28.2707812], [85.378827, 28.2707468], [85.3787848, 28.2707336], [85.3787709, 28.270768]]}, "properties": {"source": "osm", "dmg": 1.0, "dmg_class": 3, "dmg_label": "Destroyed \u00b7 floods", "confidence": null, "bid": "way/341571460"}}, {"type": "Feature", "geometry": {"type": "LineString", "coordinates": [[85.336643, 28.1626669], [85.3366765, 28.1626539], [85.3366617, 28.1626244], [85.3366283, 28.1626374], [85.336643, 28.1626669]]}, "properties": {"source": "osm", "dmg": 1.0, "dmg_class": 3, "dmg_label": "Destroyed", "confidence": null, "bid": "way/854385636"}}, {"type": "Feature", "geometry": {"type": "LineString", "coordinates": [[85.3433888, 28.1642758], [85.34343, 28.1642462], [85.3434019, 28.1642157], [85.3433606, 28.1642453], [85.3433888, 28.1642758]]}, "properties": {"source": "osm", "dmg": 1.0, "dmg_class": 3, "dmg_label": "Destroyed", "confidence": null, "bid": "way/1553066603"}}, {"type": "Feature", "geometry": {"type": "LineString", "coordinates": [[85.1564475, 27.9389515], [85.1564886, 27.9389848], [85.1564981, 27.9389756], [85.1565284, 27.9389464], [85.1564873, 27.9389131], [85.1564475, 27.9389515]]}, "properties": {"source": "osm", "dmg": 1.0, "dmg_class": 3, "dmg_label": "Destroyed", "confidence": null, "bid": "way/891929272"}}, {"type": "Feature", "geometry": {"type": "LineString", "coordinates": [[85.1494718, 27.9260996], [85.1496167, 27.926092], [85.1496086, 27.9259704], [85.1494636, 27.925978], [85.1494718, 27.9260996]]}, "properties": {"source": "osm", "dmg": 1.0, "dmg_class": 3, "dmg_label": "Destroyed", "confidence": null, "bid": "way/1553138026"}}, {"type": "Feature", "geometry": {"type": "LineString", "coordinates": [[85.1705596, 27.964893], [85.1706005, 27.9648733], [85.1705644, 27.9648149], [85.1705234, 27.9648347], [85.1704465, 27.9648719], [85.1704827, 27.9649302], [85.1705596, 27.964893]]}, "properties": {"source": "osm", "dmg": 1.0, "dmg_class": 3, "dmg_label": "Destroyed", "confidence": null, "bid": "way/341049765"}}, {"type": "Feature", "geometry": {"type": "LineString", "coordinates": [[85.1701456, 27.9603508], [85.1702525, 27.9602712], [85.170207, 27.9602235], [85.1701002, 27.9603031], [85.1701456, 27.9603508]]}, "properties": {"source": "osm", "dmg": 1.0, "dmg_class": 3, "dmg_label": "Destroyed", "confidence": null, "bid": "way/341587311"}}, {"type": "Feature", "geometry": {"type": "LineString", "coordinates": [[85.1846779, 27.972625], [85.184721, 27.9726308], [85.1847279, 27.9725907], [85.1846848, 27.9725849], [85.1846779, 27.972625]]}, "properties": {"source": "osm", "dmg": 1.0, "dmg_class": 3, "dmg_label": "Destroyed", "confidence": null, "bid": "way/886398161"}}, {"type": "Feature", "geometry": {"type": "LineString", "coordinates": [[85.3361947, 28.1608301], [85.3362319, 28.1608947], [85.3362847, 28.1608727], [85.3362531, 28.1608069], [85.3361947, 28.1608301]]}, "properties": {"source": "osm", "dmg": 1.0, "dmg_class": 3, "dmg_label": "Destroyed", "confidence": null, "bid": "way/851001699"}}, {"type": "Feature", "geometry": {"type": "LineString", "coordinates": [[85.366494, 28.2560653], [85.3666328, 28.2560546], [85.3666272, 28.2559976], [85.3664884, 28.2560082], [85.366494, 28.2560653]]}, "properties": {"source": "osm", "dmg": 1.0, "dmg_class": 3, "dmg_label": "Destroyed", "confidence": null, "bid": "way/851508434"}}, {"type": "Feature", "geometry": {"type": "LineString", "coordinates": [[85.3789037, 28.2799857], [85.3789644, 28.2800349], [85.3790397, 28.2799629], [85.3789789, 28.2799136], [85.3789037, 28.2799857]]}, "properties": {"source": "osm", "dmg": 1.0, "dmg_class": 3, "dmg_label": "Destroyed", "confidence": null, "bid": "way/341558545"}}, {"type": "Feature", "geometry": {"type": "LineString", "coordinates": [[85.376348, 28.2696364], [85.3764481, 28.2698836], [85.376366, 28.2699094], [85.3762659, 28.2696622], [85.376348, 28.2696364]]}, "properties": {"source": "osm", "dmg": 1.0, "dmg_class": 3, "dmg_label": "Destroyed \u00b7 floods", "confidence": null, "bid": "way/1552917662"}}, {"type": "Feature", "geometry": {"type": "LineString", "coordinates": [[85.3376495, 28.1638825], [85.3377258, 28.1638093], [85.3376668, 28.1637615], [85.3375905, 28.1638346], [85.3376495, 28.1638825]]}, "properties": {"source": "osm", "dmg": 1.0, "dmg_class": 3, "dmg_label": "Destroyed", "confidence": null, "bid": "way/769001574"}}, {"type": "Feature", "geometry": {"type": "LineString", "coordinates": [[85.3376788, 28.1632574], [85.3377163, 28.1632858], [85.337734, 28.1632677], [85.3376964, 28.1632393], [85.3376788, 28.1632574]]}, "properties": {"source": "osm", "dmg": 1.0, "dmg_class": 3, "dmg_label": "Destroyed", "confidence": null, "bid": "way/854385624"}}, {"type": "Feature", "geometry": {"type": "LineString", "coordinates": [[85.3673598, 28.2579678], [85.3674456, 28.2579111], [85.3675275, 28.2579927], [85.3674322, 28.2580575], [85.3673598, 28.2579678]]}, "properties": {"source": "osm", "dmg": 1.0, "dmg_class": 3, "dmg_label": "Destroyed", "confidence": null, "bid": "way/340606193"}}, {"type": "Feature", "geometry": {"type": "LineString", "coordinates": [[85.3750389, 28.265307], [85.3750661, 28.265274], [85.375101, 28.2652963], [85.3750738, 28.2653293], [85.3750389, 28.265307]]}, "properties": {"source": "osm", "dmg": 1.0, "dmg_class": 3, "dmg_label": "Destroyed \u00b7 floods", "confidence": null, "bid": "way/340608975"}}, {"type": "Feature", "geometry": {"type": "LineString", "coordinates": [[85.3667708, 28.2539912], [85.3668129, 28.2539876], [85.3668079, 28.253943], [85.3668049, 28.253915], [85.3667628, 28.2539186], [85.3667708, 28.2539912]]}, "properties": {"source": "osm", "dmg": 1.0, "dmg_class": 3, "dmg_label": "Destroyed", "confidence": null, "bid": "way/340624524"}}, {"type": "Feature", "geometry": {"type": "LineString", "coordinates": [[85.3667797, 28.2542628], [85.3668657, 28.2542578], [85.3668603, 28.2541851], [85.3667743, 28.2541901], [85.3667797, 28.2542628]]}, "properties": {"source": "osm", "dmg": 1.0, "dmg_class": 3, "dmg_label": "Destroyed", "confidence": null, "bid": "way/340624537"}}, {"type": "Feature", "geometry": {"type": "LineString", "coordinates": [[85.3765536, 28.2653209], [85.3765765, 28.2653549], [85.3766523, 28.2653153], [85.3766294, 28.2652814], [85.3765536, 28.2653209]]}, "properties": {"source": "osm", "dmg": 1.0, "dmg_class": 3, "dmg_label": "Destroyed \u00b7 floods", "confidence": null, "bid": "way/851966238"}}, {"type": "Feature", "geometry": {"type": "LineString", "coordinates": [[85.3759649, 28.2656706], [85.3760467, 28.2657373], [85.3761262, 28.2656617], [85.3760444, 28.2655949], [85.3759649, 28.2656706]]}, "properties": {"source": "osm", "dmg": 1.0, "dmg_class": 3, "dmg_label": "Destroyed \u00b7 floods", "confidence": null, "bid": "way/851966242"}}, {"type": "Feature", "geometry": {"type": "LineString", "coordinates": [[85.3740866, 28.2640576], [85.3741277, 28.2640757], [85.3741988, 28.2639505], [85.3741577, 28.2639324], [85.3740866, 28.2640576]]}, "properties": {"source": "osm", "dmg": 1.0, "dmg_class": 3, "dmg_label": "Destroyed \u00b7 floods", "confidence": null, "bid": "way/851966246"}}, {"type": "Feature", "geometry": {"type": "LineString", "coordinates": [[85.3663379, 28.2535637], [85.3663853, 28.253559], [85.3663784, 28.2535056], [85.3663311, 28.2535103], [85.3663379, 28.2535637]]}, "properties": {"source": "osm", "dmg": 1.0, "dmg_class": 3, "dmg_label": "Destroyed", "confidence": null, "bid": "way/853711537"}}, {"type": "Feature", "geometry": {"type": "LineString", "coordinates": [[85.37006, 28.2596697], [85.3701157, 28.2596283], [85.3701485, 28.2596625], [85.3700928, 28.2597039], [85.37006, 28.2596697]]}, "properties": {"source": "osm", "dmg": 1.0, "dmg_class": 3, "dmg_label": "Destroyed", "confidence": null, "bid": "way/1552918315"}}, {"type": "Feature", "geometry": {"type": "LineString", "coordinates": [[85.3666288, 28.2544333], [85.3666827, 28.2544349], [85.3666854, 28.2543664], [85.3666314, 28.2543648], [85.3666288, 28.2544333]]}, "properties": {"source": "osm", "dmg": 1.0, "dmg_class": 3, "dmg_label": "Destroyed", "confidence": null, "bid": "way/1552942055"}}, {"type": "Feature", "geometry": {"type": "LineString", "coordinates": [[85.3644864, 28.2522254], [85.364664, 28.2522183], [85.3646592, 28.252124], [85.3644815, 28.252131], [85.3644864, 28.2522254]]}, "properties": {"source": "osm", "dmg": 1.0, "dmg_class": 3, "dmg_label": "Destroyed", "confidence": null, "bid": "way/1552942100"}}, {"type": "Feature", "geometry": {"type": "LineString", "coordinates": [[85.3667649, 28.2572389], [85.3667961, 28.257234], [85.3667747, 28.2571266], [85.3667434, 28.2571314], [85.3667649, 28.2572389]]}, "properties": {"source": "osm", "dmg": 1.0, "dmg_class": 3, "dmg_label": "Destroyed", "confidence": null, "bid": "way/1553000677"}}, {"type": "Feature", "geometry": {"type": "LineString", "coordinates": [[85.1106144, 27.8609945], [85.1106954, 27.8610998], [85.1109477, 27.8609482], [85.1108667, 27.8608428], [85.1106144, 27.8609945]]}, "properties": {"source": "osm", "dmg": 1.0, "dmg_class": 3, "dmg_label": "Destroyed", "confidence": null, "bid": "way/342010818"}}, {"type": "Feature", "geometry": {"type": "LineString", "coordinates": [[85.0704217, 27.8558907], [85.0704807, 27.8558812], [85.07047, 27.855829], [85.070411, 27.8558385], [85.0704217, 27.8558907]]}, "properties": {"source": "osm", "dmg": 1.0, "dmg_class": 3, "dmg_label": "Destroyed", "confidence": null, "bid": "way/1552715240"}}, {"type": "Feature", "geometry": {"type": "LineString", "coordinates": [[85.0702447, 27.8559002], [85.0703083, 27.8558939], [85.0702975, 27.8558086], [85.0702339, 27.8558148], [85.0702447, 27.8559002]]}, "properties": {"source": "osm", "dmg": 1.0, "dmg_class": 3, "dmg_label": "Destroyed", "confidence": null, "bid": "way/1552715241"}}, {"type": "Feature", "geometry": {"type": "LineString", "coordinates": [[85.0724146, 27.8544062], [85.0724709, 27.8543706], [85.072439, 27.8543311], [85.0723827, 27.8543667], [85.0724146, 27.8544062]]}, "properties": {"source": "osm", "dmg": 1.0, "dmg_class": 3, "dmg_label": "Destroyed", "confidence": null, "bid": "way/1552715382"}}, {"type": "Feature", "geometry": {"type": "LineString", "coordinates": [[85.1722556, 27.9623743], [85.1723274, 27.9623008], [85.1722672, 27.9622549], [85.1721954, 27.9623284], [85.1722556, 27.9623743]]}, "properties": {"source": "osm", "dmg": 1.0, "dmg_class": 3, "dmg_label": "Destroyed", "confidence": null, "bid": "way/341623117"}}, {"type": "Feature", "geometry": {"type": "LineString", "coordinates": [[85.1638461, 27.9482123], [85.1638815, 27.9483375], [85.1638141, 27.9483524], [85.1637787, 27.9482272], [85.1638461, 27.9482123]]}, "properties": {"source": "osm", "dmg": 1.0, "dmg_class": 3, "dmg_label": "Destroyed", "confidence": null, "bid": "way/341697704"}}, {"type": "Feature", "geometry": {"type": "LineString", "coordinates": [[85.1798632, 27.9680824], [85.1799673, 27.9680729], [85.1799557, 27.967975], [85.1798517, 27.9679845], [85.1798632, 27.9680824]]}, "properties": {"source": "osm", "dmg": 1.0, "dmg_class": 3, "dmg_label": "Destroyed", "confidence": null, "bid": "way/704709621"}}, {"type": "Feature", "geometry": {"type": "LineString", "coordinates": [[85.1635185, 27.9563752], [85.163539, 27.9563756], [85.16354, 27.9563279], [85.1635195, 27.9563275], [85.1635185, 27.9563752]]}, "properties": {"source": "osm", "dmg": 1.0, "dmg_class": 3, "dmg_label": "Destroyed", "confidence": null, "bid": "way/860665510"}}, {"type": "Feature", "geometry": {"type": "LineString", "coordinates": [[85.1721328, 27.9650404], [85.1721615, 27.9649968], [85.1722554, 27.965045], [85.1722267, 27.9650886], [85.1721328, 27.9650404]]}, "properties": {"source": "osm", "dmg": 1.0, "dmg_class": 3, "dmg_label": "Destroyed", "confidence": null, "bid": "way/886387007"}}, {"type": "Feature", "geometry": {"type": "LineString", "coordinates": [[85.1799581, 27.9685035], [85.179982, 27.9685755], [85.1800359, 27.9685616], [85.180012, 27.9684896], [85.1799581, 27.9685035]]}, "properties": {"source": "osm", "dmg": 1.0, "dmg_class": 3, "dmg_label": "Destroyed", "confidence": null, "bid": "way/886391892"}}, {"type": "Feature", "geometry": {"type": "LineString", "coordinates": [[85.1799304, 27.9676923], [85.179936, 27.9676642], [85.1799838, 27.9676716], [85.1799783, 27.9676996], [85.1799304, 27.9676923]]}, "properties": {"source": "osm", "dmg": 1.0, "dmg_class": 3, "dmg_label": "Destroyed", "confidence": null, "bid": "way/1552643520"}}, {"type": "Feature", "geometry": {"type": "LineString", "coordinates": [[85.3764512, 28.2816432], [85.3765451, 28.2816905], [85.3768031, 28.2812928], [85.3767093, 28.2812455], [85.3764512, 28.2816432]]}, "properties": {"source": "osm", "dmg": 1.0, "dmg_class": 3, "dmg_label": "Destroyed", "confidence": null, "bid": "way/846902607"}}, {"type": "Feature", "geometry": {"type": "LineString", "coordinates": [[85.1097759, 27.8602373], [85.1099134, 27.8601506], [85.1098471, 27.8600685], [85.1098119, 27.8600907], [85.1097715, 27.8600405], [85.1097261, 27.8600692], [85.1097678, 27.860121], [85.109711, 27.8601568], [85.1097759, 27.8602373]]}, "properties": {"source": "osm", "dmg": 1.0, "dmg_class": 3, "dmg_label": "Destroyed", "confidence": null, "bid": "way/341998619"}}, {"type": "Feature", "geometry": {"type": "LineString", "coordinates": [[85.1106753, 27.8611961], [85.1106213, 27.8612558], [85.1106988, 27.8613106], [85.1107528, 27.8612509], [85.1106753, 27.8611961]]}, "properties": {"source": "osm", "dmg": 1.0, "dmg_class": 3, "dmg_label": "Destroyed", "confidence": null, "bid": "way/342010801"}}, {"type": "Feature", "geometry": {"type": "LineString", "coordinates": [[85.1087538, 27.8606666], [85.1087779, 27.8606462], [85.1086753, 27.8605514], [85.1086512, 27.8605718], [85.1087538, 27.8606666]]}, "properties": {"source": "osm", "dmg": 1.0, "dmg_class": 3, "dmg_label": "Destroyed", "confidence": null, "bid": "way/1552587166"}}, {"type": "Feature", "geometry": {"type": "LineString", "coordinates": [[85.3662251, 28.2529732], [85.3663445, 28.2529685], [85.3663401, 28.2528827], [85.3662207, 28.2528874], [85.3662251, 28.2529732]]}, "properties": {"source": "osm", "dmg": 1.0, "dmg_class": 3, "dmg_label": "Destroyed", "confidence": null, "bid": "way/1552942050"}}, {"type": "Feature", "geometry": {"type": "LineString", "coordinates": [[85.1839197, 27.9695969], [85.183966, 27.9696004], [85.1839805, 27.9694521], [85.1839342, 27.9694486], [85.1839197, 27.9695969]]}, "properties": {"source": "osm", "dmg": 1.0, "dmg_class": 3, "dmg_label": "Destroyed", "confidence": null, "bid": "way/886388197"}}, {"type": "Feature", "geometry": {"type": "LineString", "coordinates": [[85.1727916, 27.9630283], [85.1728262, 27.9630069], [85.172792, 27.9629637], [85.1727574, 27.9629851], [85.1727916, 27.9630283]]}, "properties": {"source": "osm", "dmg": 1.0, "dmg_class": 3, "dmg_label": "Destroyed", "confidence": null, "bid": "way/1553016011"}}, {"type": "Feature", "geometry": {"type": "LineString", "coordinates": [[85.1560958, 27.9368207], [85.1561688, 27.9367859], [85.1561123, 27.9366934], [85.1560393, 27.9367282], [85.1560958, 27.9368207]]}, "properties": {"source": "osm", "dmg": 1.0, "dmg_class": 3, "dmg_label": "Destroyed", "confidence": null, "bid": "way/342215731"}}, {"type": "Feature", "geometry": {"type": "LineString", "coordinates": [[85.1508512, 27.9237617], [85.1506894, 27.9237869], [85.1506706, 27.9236933], [85.1508326, 27.923668], [85.1508512, 27.9237617]]}, "properties": {"source": "osm", "dmg": 1.0, "dmg_class": 3, "dmg_label": "Destroyed", "confidence": null, "bid": "way/889069176"}}, {"type": "Feature", "geometry": {"type": "LineString", "coordinates": [[85.1563738, 27.9391566], [85.1563231, 27.9391092], [85.1563641, 27.9390749], [85.1564148, 27.9391223], [85.1563738, 27.9391566]]}, "properties": {"source": "osm", "dmg": 1.0, "dmg_class": 3, "dmg_label": "Destroyed", "confidence": null, "bid": "way/1552644686"}}, {"type": "Feature", "geometry": {"type": "LineString", "coordinates": [[85.1474889, 27.9296641], [85.1475571, 27.9296753], [85.1475713, 27.9296083], [85.1475031, 27.9295971], [85.1474889, 27.9296641]]}, "properties": {"source": "osm", "dmg": 1.0, "dmg_class": 3, "dmg_label": "Destroyed", "confidence": null, "bid": "way/1553155458"}}, {"type": "Feature", "geometry": {"type": "LineString", "coordinates": [[85.1489038, 27.9328393], [85.1489471, 27.9328873], [85.1489866, 27.9328594], [85.1489434, 27.9328115], [85.1489038, 27.9328393]]}, "properties": {"source": "osm", "dmg": 1.0, "dmg_class": 3, "dmg_label": "Destroyed", "confidence": null, "bid": "way/1553165904"}}, {"type": "Feature", "geometry": {"type": "LineString", "coordinates": [[85.1849293, 27.9704355], [85.1849409, 27.970495], [85.1849984, 27.9704863], [85.1849868, 27.9704268], [85.1849293, 27.9704355]]}, "properties": {"source": "osm", "dmg": 1.0, "dmg_class": 3, "dmg_label": "Destroyed", "confidence": null, "bid": "way/886466489"}}, {"type": "Feature", "geometry": {"type": "LineString", "coordinates": [[85.1096147, 27.8607596], [85.1096546, 27.8608105], [85.1097569, 27.8607478], [85.1097171, 27.8606969], [85.1096147, 27.8607596]]}, "properties": {"source": "osm", "dmg": 1.0, "dmg_class": 3, "dmg_label": "Destroyed", "confidence": null, "bid": "way/342010815"}}, {"type": "Feature", "geometry": {"type": "LineString", "coordinates": [[85.1101948, 27.8605718], [85.1102646, 27.8606559], [85.1103591, 27.8605947], [85.1102894, 27.8605105], [85.1101948, 27.8605718]]}, "properties": {"source": "osm", "dmg": 1.0, "dmg_class": 3, "dmg_label": "Destroyed", "confidence": null, "bid": "way/1553089619"}}, {"type": "Feature", "geometry": {"type": "LineString", "coordinates": [[85.1082583, 27.8593007], [85.1084112, 27.8591466], [85.108374, 27.8591178], [85.1082211, 27.8592719], [85.1082583, 27.8593007]]}, "properties": {"source": "osm", "dmg": 1.0, "dmg_class": 3, "dmg_label": "Destroyed", "confidence": null, "bid": "way/1553089639"}}, {"type": "Feature", "geometry": {"type": "LineString", "coordinates": [[85.1758362, 27.9674242], [85.1759119, 27.9673708], [85.1759445, 27.9674069], [85.1759291, 27.9674178], [85.1759426, 27.9674327], [85.1759215, 27.9674476], [85.1759348, 27.9674624], [85.1758958, 27.96749], [85.1758362, 27.9674242]]}, "properties": {"source": "osm", "dmg": 1.0, "dmg_class": 3, "dmg_label": "Destroyed", "confidence": null, "bid": "way/341355894"}}, {"type": "Feature", "geometry": {"type": "LineString", "coordinates": [[85.184188, 27.974672], [85.184264, 27.9746166], [85.1841908, 27.9745382], [85.1841147, 27.9745936], [85.184188, 27.974672]]}, "properties": {"source": "osm", "dmg": 1.0, "dmg_class": 3, "dmg_label": "Destroyed", "confidence": null, "bid": "way/341461718"}}, {"type": "Feature", "geometry": {"type": "LineString", "coordinates": [[85.1734107, 27.9634524], [85.173289, 27.9633642], [85.1733307, 27.9633192], [85.1734524, 27.9634074], [85.1734107, 27.9634524]]}, "properties": {"source": "osm", "dmg": 1.0, "dmg_class": 3, "dmg_label": "Destroyed", "confidence": null, "bid": "way/341587387"}}, {"type": "Feature", "geometry": {"type": "LineString", "coordinates": [[85.1721881, 27.9625701], [85.1721839, 27.9625942], [85.1721404, 27.9625883], [85.1721445, 27.9625643], [85.1721881, 27.9625701]]}, "properties": {"source": "osm", "dmg": 1.0, "dmg_class": 3, "dmg_label": "Destroyed", "confidence": null, "bid": "way/341622670"}}, {"type": "Feature", "geometry": {"type": "LineString", "coordinates": [[85.1726769, 27.9628199], [85.172651, 27.9628017], [85.1726792, 27.9627705], [85.1727051, 27.9627887], [85.1726769, 27.9628199]]}, "properties": {"source": "osm", "dmg": 1.0, "dmg_class": 3, "dmg_label": "Destroyed", "confidence": null, "bid": "way/341622768"}}, {"type": "Feature", "geometry": {"type": "LineString", "coordinates": [[85.173417, 27.9657663], [85.1733682, 27.9657378], [85.1734218, 27.9656662], [85.1734706, 27.9656946], [85.173417, 27.9657663]]}, "properties": {"source": "osm", "dmg": 1.0, "dmg_class": 3, "dmg_label": "Destroyed", "confidence": null, "bid": "way/341623134"}}, {"type": "Feature", "geometry": {"type": "LineString", "coordinates": [[85.1740041, 27.966142], [85.1739851, 27.9661654], [85.1739198, 27.9661243], [85.1739388, 27.9661008], [85.1740041, 27.966142]]}, "properties": {"source": "osm", "dmg": 1.0, "dmg_class": 3, "dmg_label": "Destroyed", "confidence": null, "bid": "way/341623204"}}, {"type": "Feature", "geometry": {"type": "LineString", "coordinates": [[85.1836427, 27.975321], [85.1837033, 27.9751845], [85.1837752, 27.9752095], [85.1837147, 27.9753459], [85.1836427, 27.975321]]}, "properties": {"source": "osm", "dmg": 1.0, "dmg_class": 3, "dmg_label": "Destroyed", "confidence": null, "bid": "way/346363624"}}, {"type": "Feature", "geometry": {"type": "LineString", "coordinates": [[85.1842375, 27.9698651], [85.1843833, 27.9698104], [85.1843212, 27.9696811], [85.1841754, 27.9697357], [85.1842375, 27.9698651]]}, "properties": {"source": "osm", "dmg": 1.0, "dmg_class": 3, "dmg_label": "Destroyed", "confidence": null, "bid": "way/346560104"}}, {"type": "Feature", "geometry": {"type": "LineString", "coordinates": [[85.1732433, 27.9632884], [85.1732828, 27.9633129], [85.1733211, 27.9632648], [85.1732816, 27.9632403], [85.1732433, 27.9632884]]}, "properties": {"source": "osm", "dmg": 1.0, "dmg_class": 3, "dmg_label": "Destroyed", "confidence": null, "bid": "way/886277382"}}, {"type": "Feature", "geometry": {"type": "LineString", "coordinates": [[85.1720029, 27.9625528], [85.1720329, 27.9625642], [85.1720656, 27.9624973], [85.1720356, 27.9624859], [85.1720029, 27.9625528]]}, "properties": {"source": "osm", "dmg": 1.0, "dmg_class": 3, "dmg_label": "Destroyed", "confidence": null, "bid": "way/886361367"}}, {"type": "Feature", "geometry": {"type": "LineString", "coordinates": [[85.1719897, 27.9626696], [85.1720807, 27.9627193], [85.1721363, 27.9626399], [85.1720454, 27.9625902], [85.1719897, 27.9626696]]}, "properties": {"source": "osm", "dmg": 1.0, "dmg_class": 3, "dmg_label": "Destroyed", "confidence": null, "bid": "way/886361370"}}, {"type": "Feature", "geometry": {"type": "LineString", "coordinates": [[85.1714695, 27.9646045], [85.1714783, 27.9645207], [85.1715753, 27.9645286], [85.1715665, 27.9646124], [85.1714695, 27.9646045]]}, "properties": {"source": "osm", "dmg": 1.0, "dmg_class": 3, "dmg_label": "Destroyed", "confidence": null, "bid": "way/886387000"}}, {"type": "Feature", "geometry": {"type": "LineString", "coordinates": [[85.1832265, 27.9694025], [85.1833372, 27.9694003], [85.1833352, 27.9693222], [85.183208, 27.9693247], [85.1832093, 27.9693758], [85.1832258, 27.9693754], [85.1832265, 27.9694025]]}, "properties": {"source": "osm", "dmg": 1.0, "dmg_class": 3, "dmg_label": "Destroyed", "confidence": null, "bid": "way/886388190"}}, {"type": "Feature", "geometry": {"type": "LineString", "coordinates": [[85.1833864, 27.9694161], [85.1833912, 27.9692386], [85.1835166, 27.9692412], [85.1835118, 27.9694187], [85.1833864, 27.9694161]]}, "properties": {"source": "osm", "dmg": 1.0, "dmg_class": 3, "dmg_label": "Destroyed", "confidence": null, "bid": "way/886388191"}}, {"type": "Feature", "geometry": {"type": "LineString", "coordinates": [[85.180477, 27.9690454], [85.1805045, 27.9689824], [85.1806288, 27.9690248], [85.1806014, 27.9690878], [85.180477, 27.9690454]]}, "properties": {"source": "osm", "dmg": 1.0, "dmg_class": 3, "dmg_label": "Destroyed", "confidence": null, "bid": "way/886391884"}}, {"type": "Feature", "geometry": {"type": "LineString", "coordinates": [[85.1823508, 27.9692061], [85.182442, 27.9692494], [85.1824908, 27.9691691], [85.1823996, 27.9691258], [85.1823508, 27.9692061]]}, "properties": {"source": "osm", "dmg": 1.0, "dmg_class": 3, "dmg_label": "Destroyed", "confidence": null, "bid": "way/886391964"}}, {"type": "Feature", "geometry": {"type": "LineString", "coordinates": [[85.1843225, 27.9706015], [85.1843277, 27.9706515], [85.1843726, 27.9706478], [85.1843674, 27.9705978], [85.1843225, 27.9706015]]}, "properties": {"source": "osm", "dmg": 1.0, "dmg_class": 3, "dmg_label": "Destroyed", "confidence": null, "bid": "way/886466491"}}, {"type": "Feature", "geometry": {"type": "LineString", "coordinates": [[85.1743882, 27.9662297], [85.1743788, 27.9662476], [85.174419, 27.966264], [85.1744284, 27.9662461], [85.1743882, 27.9662297]]}, "properties": {"source": "osm", "dmg": 1.0, "dmg_class": 3, "dmg_label": "Destroyed", "confidence": null, "bid": "way/887418170"}}, {"type": "Feature", "geometry": {"type": "LineString", "coordinates": [[85.1795783, 27.9682473], [85.1795967, 27.9682709], [85.1796245, 27.968254], [85.1796061, 27.9682304], [85.1795783, 27.9682473]]}, "properties": {"source": "osm", "dmg": 1.0, "dmg_class": 3, "dmg_label": "Destroyed", "confidence": null, "bid": "way/1552643516"}}, {"type": "Feature", "geometry": {"type": "LineString", "coordinates": [[85.1798775, 27.9681752], [85.1799206, 27.9681748], [85.1799201, 27.9681248], [85.179877, 27.9681252], [85.1798775, 27.9681752]]}, "properties": {"source": "osm", "dmg": 1.0, "dmg_class": 3, "dmg_label": "Destroyed", "confidence": null, "bid": "way/1552643518"}}, {"type": "Feature", "geometry": {"type": "LineString", "coordinates": [[85.1799111, 27.9682047], [85.179947, 27.9681943], [85.1799767, 27.9682737], [85.1799408, 27.9682842], [85.1799111, 27.9682047]]}, "properties": {"source": "osm", "dmg": 1.0, "dmg_class": 3, "dmg_label": "Destroyed", "confidence": null, "bid": "way/1552643519"}}, {"type": "Feature", "geometry": {"type": "LineString", "coordinates": [[85.1802702, 27.9688199], [85.1803554, 27.9688549], [85.1803123, 27.9689366], [85.1802271, 27.9689016], [85.1802702, 27.9688199]]}, "properties": {"source": "osm", "dmg": 1.0, "dmg_class": 3, "dmg_label": "Destroyed", "confidence": null, "bid": "way/1552643522"}}, {"type": "Feature", "geometry": {"type": "LineString", "coordinates": [[85.1838702, 27.969796], [85.1838575, 27.9697004], [85.1839784, 27.9696878], [85.1839911, 27.9697834], [85.1838702, 27.969796]]}, "properties": {"source": "osm", "dmg": 1.0, "dmg_class": 3, "dmg_label": "Destroyed", "confidence": null, "bid": "way/1552644569"}}, {"type": "Feature", "geometry": {"type": "LineString", "coordinates": [[85.1730376, 27.9642194], [85.1731768, 27.9642714], [85.1732137, 27.9641944], [85.1730745, 27.9641424], [85.1730376, 27.9642194]]}, "properties": {"source": "osm", "dmg": 1.0, "dmg_class": 3, "dmg_label": "Destroyed", "confidence": null, "bid": "way/1552890520"}}, {"type": "Feature", "geometry": {"type": "LineString", "coordinates": [[85.1729103, 27.9648661], [85.1729619, 27.9648835], [85.1729834, 27.9648338], [85.1729317, 27.9648164], [85.1729103, 27.9648661]]}, "properties": {"source": "osm", "dmg": 1.0, "dmg_class": 3, "dmg_label": "Destroyed", "confidence": null, "bid": "way/1552893385"}}, {"type": "Feature", "geometry": {"type": "LineString", "coordinates": [[85.1831329, 27.9691903], [85.1831306, 27.9692671], [85.1832506, 27.9692699], [85.1832528, 27.9691931], [85.1831329, 27.9691903]]}, "properties": {"source": "osm", "dmg": 1.0, "dmg_class": 3, "dmg_label": "Destroyed", "confidence": null, "bid": "way/1552907367"}}, {"type": "Feature", "geometry": {"type": "LineString", "coordinates": [[85.1701833, 27.9610655], [85.1702266, 27.9610184], [85.1703153, 27.961082], [85.170272, 27.9611291], [85.1701833, 27.9610655]]}, "properties": {"source": "osm", "dmg": 1.0, "dmg_class": 3, "dmg_label": "Destroyed", "confidence": null, "bid": "way/1552982429"}}, {"type": "Feature", "geometry": {"type": "LineString", "coordinates": [[85.1803225, 27.968981], [85.180299, 27.9690131], [85.1803654, 27.969051], [85.1803889, 27.9690189], [85.1803225, 27.968981]]}, "properties": {"source": "osm", "dmg": 1.0, "dmg_class": 3, "dmg_label": "Destroyed", "confidence": null, "bid": "way/1553101814"}}, {"type": "Feature", "geometry": {"type": "LineString", "coordinates": [[85.1641622, 27.9577209], [85.1645069, 27.95785], [85.1645538, 27.9577524], [85.1642091, 27.9576232], [85.1641622, 27.9577209]]}, "properties": {"source": "osm", "dmg": 1.0, "dmg_class": 3, "dmg_label": "Destroyed", "confidence": null, "bid": "way/1553118870"}}, {"type": "Feature", "geometry": {"type": "LineString", "coordinates": [[85.1728861, 27.9658173], [85.1729397, 27.9657865], [85.1728776, 27.9657021], [85.172824, 27.9657329], [85.1728861, 27.9658173]]}, "properties": {"source": "osm", "dmg": 1.0, "dmg_class": 3, "dmg_label": "Destroyed", "confidence": null, "bid": "way/1553120404"}}, {"type": "Feature", "geometry": {"type": "LineString", "coordinates": [[85.1840039, 27.9719848], [85.1839512, 27.9720079], [85.1839947, 27.9720855], [85.1840474, 27.9720624], [85.1840039, 27.9719848]]}, "properties": {"source": "osm", "dmg": 1.0, "dmg_class": 3, "dmg_label": "Destroyed", "confidence": null, "bid": "way/1553122730"}}, {"type": "Feature", "geometry": {"type": "LineString", "coordinates": [[85.1527858, 27.9356193], [85.1528431, 27.9355373], [85.1529807, 27.9356123], [85.1529703, 27.9356272], [85.1529234, 27.9356943], [85.1527858, 27.9356193]]}, "properties": {"source": "osm", "dmg": 1.0, "dmg_class": 3, "dmg_label": "Destroyed", "confidence": null, "bid": "way/341654819"}}, {"type": "Feature", "geometry": {"type": "LineString", "coordinates": [[85.153925, 27.9307356], [85.1540808, 27.9307705], [85.1541, 27.9307039], [85.1539442, 27.9306689], [85.153925, 27.9307356]]}, "properties": {"source": "osm", "dmg": 1.0, "dmg_class": 3, "dmg_label": "Destroyed", "confidence": null, "bid": "way/342040307"}}, {"type": "Feature", "geometry": {"type": "LineString", "coordinates": [[85.1605545, 27.9409186], [85.1605609, 27.940986], [85.1604655, 27.9409931], [85.160459, 27.9409257], [85.1605545, 27.9409186]]}, "properties": {"source": "osm", "dmg": 1.0, "dmg_class": 3, "dmg_label": "Destroyed", "confidence": null, "bid": "way/342146297"}}, {"type": "Feature", "geometry": {"type": "LineString", "coordinates": [[85.1604185, 27.9471331], [85.1604128, 27.9471359], [85.1604065, 27.9471369], [85.1604001, 27.9471361], [85.1603943, 27.9471335], [85.1603898, 27.9471294], [85.1603871, 27.9471243], [85.1603863, 27.9471186], [85.1603876, 27.9471131], [85.1603909, 27.9471082], [85.1603959, 27.9471045], [85.1604019, 27.9471023], [85.1604083, 27.9471021], [85.1604147, 27.9471037], [85.1604202, 27.9471072], [85.160424, 27.947112], [85.1604258, 27.9471177], [85.1604253, 27.9471236], [85.1604228, 27.9471288], [85.1604185, 27.9471331]]}, "properties": {"source": "osm", "dmg": 1.0, "dmg_class": 3, "dmg_label": "Destroyed", "confidence": null, "bid": "way/342150360"}}, {"type": "Feature", "geometry": {"type": "LineString", "coordinates": [[85.1541788, 27.9373153], [85.1541247, 27.9373868], [85.1540468, 27.9373409], [85.1541008, 27.9372693], [85.1541788, 27.9373153]]}, "properties": {"source": "osm", "dmg": 1.0, "dmg_class": 3, "dmg_label": "Destroyed", "confidence": null, "bid": "way/342174881"}}, {"type": "Feature", "geometry": {"type": "LineString", "coordinates": [[85.1589111, 27.9432558], [85.1589938, 27.9433183], [85.1590678, 27.9432417], [85.1589852, 27.9431793], [85.1589111, 27.9432558]]}, "properties": {"source": "osm", "dmg": 1.0, "dmg_class": 3, "dmg_label": "Destroyed", "confidence": null, "bid": "way/890976918"}}, {"type": "Feature", "geometry": {"type": "LineString", "coordinates": [[85.1591634, 27.9435172], [85.1592163, 27.9436109], [85.1595454, 27.943466], [85.1594925, 27.9433722], [85.1591634, 27.9435172]]}, "properties": {"source": "osm", "dmg": 1.0, "dmg_class": 3, "dmg_label": "Destroyed", "confidence": null, "bid": "way/890976920"}}, {"type": "Feature", "geometry": {"type": "LineString", "coordinates": [[85.1600904, 27.9463198], [85.1601363, 27.9463847], [85.1602147, 27.9463415], [85.1601688, 27.9462765], [85.1600904, 27.9463198]]}, "properties": {"source": "osm", "dmg": 1.0, "dmg_class": 3, "dmg_label": "Destroyed", "confidence": null, "bid": "way/892156963"}}, {"type": "Feature", "geometry": {"type": "LineString", "coordinates": [[85.1539144, 27.9372222], [85.1539637, 27.937162], [85.153926, 27.9371379], [85.1538767, 27.9371982], [85.1539144, 27.9372222]]}, "properties": {"source": "osm", "dmg": 1.0, "dmg_class": 3, "dmg_label": "Destroyed", "confidence": null, "bid": "way/1552641523"}}, {"type": "Feature", "geometry": {"type": "LineString", "coordinates": [[85.1562329, 27.938796], [85.1562581, 27.9387765], [85.1563244, 27.9388435], [85.1562992, 27.9388629], [85.1562329, 27.938796]]}, "properties": {"source": "osm", "dmg": 1.0, "dmg_class": 3, "dmg_label": "Destroyed", "confidence": null, "bid": "way/1553091923"}}, {"type": "Feature", "geometry": {"type": "LineString", "coordinates": [[85.1556949, 27.9383924], [85.1557423, 27.9384308], [85.1557994, 27.9383757], [85.155752, 27.9383373], [85.1556949, 27.9383924]]}, "properties": {"source": "osm", "dmg": 1.0, "dmg_class": 3, "dmg_label": "Destroyed", "confidence": null, "bid": "way/1553091928"}}, {"type": "Feature", "geometry": {"type": "LineString", "coordinates": [[85.1573293, 27.9368491], [85.1573735, 27.9368329], [85.1573368, 27.9367548], [85.1572927, 27.936771], [85.1573293, 27.9368491]]}, "properties": {"source": "osm", "dmg": 1.0, "dmg_class": 3, "dmg_label": "Destroyed", "confidence": null, "bid": "way/1553119366"}}, {"type": "Feature", "geometry": {"type": "LineString", "coordinates": [[85.1611784, 27.9462209], [85.1612298, 27.9461991], [85.1611971, 27.946139], [85.1611457, 27.9461609], [85.1611784, 27.9462209]]}, "properties": {"source": "osm", "dmg": 1.0, "dmg_class": 3, "dmg_label": "Destroyed", "confidence": null, "bid": "way/1553150022"}}, {"type": "Feature", "geometry": {"type": "LineString", "coordinates": [[85.1616733, 27.9469194], [85.1616556, 27.9468835], [85.1617507, 27.9468471], [85.1617683, 27.946883], [85.1616733, 27.9469194]]}, "properties": {"source": "osm", "dmg": 1.0, "dmg_class": 3, "dmg_label": "Destroyed", "confidence": null, "bid": "way/1553150986"}}, {"type": "Feature", "geometry": {"type": "LineString", "coordinates": [[85.1616887, 27.9468539], [85.1617367, 27.9468411], [85.1617331, 27.9468307], [85.1617256, 27.9468089], [85.1616776, 27.9468217], [85.1616887, 27.9468539]]}, "properties": {"source": "osm", "dmg": 1.0, "dmg_class": 3, "dmg_label": "Destroyed", "confidence": null, "bid": "way/1553150987"}}, {"type": "Feature", "geometry": {"type": "LineString", "coordinates": [[85.1502255, 27.9257228], [85.1502885, 27.9257287], [85.1502939, 27.9256834], [85.1502309, 27.9256775], [85.1502255, 27.9257228]]}, "properties": {"source": "osm", "dmg": 1.0, "dmg_class": 3, "dmg_label": "Destroyed", "confidence": null, "bid": "way/1553138021"}}, {"type": "Feature", "geometry": {"type": "LineString", "coordinates": [[85.1498459, 27.9341877], [85.1500929, 27.9343124], [85.1501197, 27.9342709], [85.1498727, 27.9341462], [85.1498459, 27.9341877]]}, "properties": {"source": "osm", "dmg": 1.0, "dmg_class": 3, "dmg_label": "Destroyed", "confidence": null, "bid": "way/890977301"}}, {"type": "Feature", "geometry": {"type": "LineString", "coordinates": [[85.1494577, 27.9329581], [85.1495217, 27.932993], [85.1495472, 27.9329566], [85.1494832, 27.9329217], [85.1494577, 27.9329581]]}, "properties": {"source": "osm", "dmg": 1.0, "dmg_class": 3, "dmg_label": "Destroyed", "confidence": null, "bid": "way/1553165896"}}, {"type": "Feature", "geometry": {"type": "LineString", "coordinates": [[85.1732777, 27.9632018], [85.173239, 27.9631579], [85.1731999, 27.9631848], [85.1732386, 27.9632287], [85.1732777, 27.9632018]]}, "properties": {"source": "osm", "dmg": 1.0, "dmg_class": 3, "dmg_label": "Destroyed", "confidence": null, "bid": "way/341587445"}}, {"type": "Feature", "geometry": {"type": "LineString", "coordinates": [[85.1717387, 27.9621301], [85.171706, 27.9621039], [85.1717244, 27.962086], [85.1717495, 27.9620616], [85.1717821, 27.9620879], [85.1717387, 27.9621301]]}, "properties": {"source": "osm", "dmg": 1.0, "dmg_class": 3, "dmg_label": "Destroyed", "confidence": null, "bid": "way/341587446"}}, {"type": "Feature", "geometry": {"type": "LineString", "coordinates": [[85.1716349, 27.9623912], [85.1715927, 27.9624173], [85.1715589, 27.9623748], [85.1716011, 27.9623487], [85.1716349, 27.9623912]]}, "properties": {"source": "osm", "dmg": 1.0, "dmg_class": 3, "dmg_label": "Destroyed", "confidence": null, "bid": "way/341622869"}}, {"type": "Feature", "geometry": {"type": "LineString", "coordinates": [[85.1727351, 27.9627647], [85.1728112, 27.9628579], [85.1728935, 27.9628055], [85.1728173, 27.9627122], [85.1727351, 27.9627647]]}, "properties": {"source": "osm", "dmg": 1.0, "dmg_class": 3, "dmg_label": "Destroyed", "confidence": null, "bid": "way/886277380"}}, {"type": "Feature", "geometry": {"type": "LineString", "coordinates": [[85.1719115, 27.9624467], [85.1719636, 27.9624599], [85.1719809, 27.9624064], [85.1719288, 27.9623932], [85.1719115, 27.9624467]]}, "properties": {"source": "osm", "dmg": 1.0, "dmg_class": 3, "dmg_label": "Destroyed", "confidence": null, "bid": "way/886361364"}}, {"type": "Feature", "geometry": {"type": "LineString", "coordinates": [[85.1637749, 27.9493329], [85.1637127, 27.9493284], [85.163721, 27.9492388], [85.1637832, 27.9492433], [85.1637749, 27.9493329]]}, "properties": {"source": "osm", "dmg": 1.0, "dmg_class": 3, "dmg_label": "Destroyed", "confidence": null, "bid": "way/341903676"}}, {"type": "Feature", "geometry": {"type": "LineString", "coordinates": [[85.160546, 27.940643], [85.1606032, 27.9406278], [85.16057, 27.9405339], [85.160514, 27.9405488], [85.160546, 27.940643]]}, "properties": {"source": "osm", "dmg": 1.0, "dmg_class": 3, "dmg_label": "Destroyed", "confidence": null, "bid": "way/342139889"}}, {"type": "Feature", "geometry": {"type": "LineString", "coordinates": [[85.1563427, 27.9383997], [85.1563629, 27.9383834], [85.1563416, 27.9383628], [85.1563214, 27.938379], [85.1563427, 27.9383997]]}, "properties": {"source": "osm", "dmg": 1.0, "dmg_class": 3, "dmg_label": "Destroyed", "confidence": null, "bid": "way/1553091931"}}, {"type": "Feature", "geometry": {"type": "LineString", "coordinates": [[85.1605482, 27.941179], [85.1605916, 27.9412501], [85.160657, 27.941219], [85.1606136, 27.9411479], [85.1605482, 27.941179]]}, "properties": {"source": "osm", "dmg": 1.0, "dmg_class": 3, "dmg_label": "Destroyed", "confidence": null, "bid": "way/1553091941"}}, {"type": "Feature", "geometry": {"type": "LineString", "coordinates": [[85.1090793, 27.863455], [85.1089916, 27.863383], [85.1090278, 27.8633486], [85.1091154, 27.8634206], [85.1090793, 27.863455]]}, "properties": {"source": "osm", "dmg": 1.0, "dmg_class": 3, "dmg_label": "Destroyed", "confidence": null, "bid": "way/341649657"}}, {"type": "Feature", "geometry": {"type": "LineString", "coordinates": [[85.1111517, 27.8617817], [85.1112778, 27.86179], [85.1112828, 27.8617299], [85.1111568, 27.8617216], [85.1111517, 27.8617817]]}, "properties": {"source": "osm", "dmg": 1.0, "dmg_class": 3, "dmg_label": "Destroyed", "confidence": null, "bid": "way/1552587160"}}, {"type": "Feature", "geometry": {"type": "LineString", "coordinates": [[85.1724017, 27.9643036], [85.1723945, 27.9643139], [85.1723391, 27.9642841], [85.1722688, 27.9642462], [85.1722206, 27.9643148], [85.172291, 27.9643534], [85.1723102, 27.9643261], [85.1723077, 27.9643296], [85.1723635, 27.9643601], [85.1723492, 27.9643804], [85.1724268, 27.964423], [85.1724804, 27.9643467], [85.1724017, 27.9643036]]}, "properties": {"source": "osm", "dmg": 1.0, "dmg_class": 3, "dmg_label": "Destroyed", "confidence": null, "bid": "way/1553016007"}}, {"type": "Feature", "geometry": {"type": "LineString", "coordinates": [[85.1722772, 27.9651208], [85.1722613, 27.9651732], [85.172331, 27.9651898], [85.172347, 27.9651374], [85.1722772, 27.9651208]]}, "properties": {"source": "osm", "dmg": 1.0, "dmg_class": 3, "dmg_label": "Destroyed", "confidence": null, "bid": "way/1553016009"}}, {"type": "Feature", "geometry": {"type": "LineString", "coordinates": [[85.1565459, 27.9393341], [85.1565744, 27.9393687], [85.1566152, 27.9393425], [85.1565868, 27.9393079], [85.1565459, 27.9393341]]}, "properties": {"source": "osm", "dmg": 1.0, "dmg_class": 3, "dmg_label": "Destroyed", "confidence": null, "bid": "way/341698552"}}, {"type": "Feature", "geometry": {"type": "Polygon", "coordinates": [[[85.3772699, 28.2795817], [85.3774074, 28.2792273], [85.3774851, 28.2792507], [85.3774982, 28.2792168], [85.3775523, 28.2792331], [85.3776064, 28.2792494], [85.3775928, 28.2792842], [85.3776625, 28.2793052], [85.3776791, 28.2792641], [85.3777248, 28.2792778], [85.3777772, 28.2792936], [85.3778627, 28.2793194], [85.3779125, 28.2793344], [85.3779591, 28.2793484], [85.3779436, 28.2793899], [85.3780171, 28.279412], [85.3780307, 28.2793771], [85.3780863, 28.2793939], [85.378142, 28.2794106], [85.3781284, 28.2794456], [85.3782045, 28.2794685], [85.3780674, 28.2798213], [85.3779971, 28.2798001], [85.3779828, 28.2798369], [85.3779263, 28.2798199], [85.3778697, 28.2798029], [85.3778843, 28.2797652], [85.3777891, 28.2797365], [85.3778045, 28.2796968], [85.377755, 28.2796819], [85.3777264, 28.2796732], [85.3776381, 28.2796467], [85.3776067, 28.2796372], [85.3775576, 28.2796225], [85.3775415, 28.2796641], [85.3774563, 28.2796385], [85.3774425, 28.279674], [85.3773878, 28.2796576], [85.3773331, 28.2796411], [85.3773472, 28.2796049], [85.3772699, 28.2795817]], [[85.3776237, 28.2795933], [85.3776554, 28.2796028], [85.3777433, 28.2796293], [85.3777714, 28.2796378], [85.3777967, 28.2795704], [85.3777692, 28.279562], [85.3776819, 28.2795354], [85.3776494, 28.2795255], [85.3776237, 28.2795933]], [[85.3776918, 28.2793599], [85.3777447, 28.279376], [85.3778308, 28.2794022], [85.3778808, 28.2794174], [85.3778962, 28.2793773], [85.3778462, 28.2793622], [85.3777604, 28.2793363], [85.3777078, 28.2793204], [85.3776918, 28.2793599]]]}, "properties": {"source": "osm", "dmg": 1.0, "dmg_class": 3, "dmg_label": "Destroyed \u00b7 landslide", "confidence": null, "bid": "relation/21288172"}}]}