{"type": "FeatureCollection", "features": [{"type": "Feature", "geometry": {"type": "MultiPolygon", "coordinates": [[[[85.3768645, 28.2735509], [85.3768896, 28.2735102], [85.3769542, 28.2735151], [85.3769921, 28.2735515], [85.3769757, 28.2735781], [85.3769364, 28.2735593], [85.376924, 28.2735794], [85.3768645, 28.2735509]]]]}, "properties": {"source": "hot-fair", "dmg": 1.0, "dmg_class": 3, "dmg_label": "Destroyed", "confidence": 0.8262, "bid": "1552753261"}}, {"type": "Feature", "geometry": {"type": "MultiPolygon", "coordinates": [[[[85.3778431, 28.2809069], [85.3779181, 28.2808006], [85.3779785, 28.2808337], [85.3779034, 28.2809399], [85.3778431, 28.2809069]]]]}, "properties": {"source": "hot-fair", "dmg": 0.6666666666666666, "dmg_class": 2, "dmg_label": "Major damage", "confidence": 0.1346, "bid": "846902681"}}, {"type": "Feature", "geometry": {"type": "MultiPolygon", "coordinates": [[[[85.3779034, 28.2725904], [85.3779128, 28.2725246], [85.3780201, 28.2725364], [85.3780107, 28.2726022], [85.3779034, 28.2725904]]]]}, "properties": {"source": "hot-fair", "dmg": 1.0, "dmg_class": 3, "dmg_label": "Destroyed", "confidence": 0.9991, "bid": "846902614"}}, {"type": "Feature", "geometry": {"type": "MultiPolygon", "coordinates": [[[[85.3768098, 28.2721669], [85.3768826, 28.2721437], [85.3769108, 28.2722122], [85.3768379, 28.2722354], [85.3768098, 28.2721669]]]]}, "properties": {"source": "hot-fair", "dmg": 1.0, "dmg_class": 3, "dmg_label": "Destroyed", "confidence": 0.9885, "bid": "846902644"}}, {"type": "Feature", "geometry": {"type": "MultiPolygon", "coordinates": [[[[85.3765603, 28.2720304], [85.3766334, 28.2720162], [85.3766596, 28.2721209], [85.3765865, 28.2721351], [85.3765603, 28.2720304]]]]}, "properties": {"source": "hot-fair", "dmg": 1.0, "dmg_class": 3, "dmg_label": "Destroyed", "confidence": 0.9977, "bid": "846902646"}}, {"type": "Feature", "geometry": {"type": "MultiPolygon", "coordinates": [[[[85.3780469, 28.2721445], [85.3780476, 28.2720536], [85.378122, 28.272054], [85.3781214, 28.2721449], [85.3780469, 28.2721445]]]]}, "properties": {"source": "hot-fair", "dmg": 1.0, "dmg_class": 3, "dmg_label": "Destroyed", "confidence": 0.9882, "bid": "846902620"}}, {"type": "Feature", "geometry": {"type": "MultiPolygon", "coordinates": [[[[85.3779068, 28.2723382], [85.377961, 28.2723377], [85.3779623, 28.2724398], [85.3779081, 28.2724404], [85.3779068, 28.2723382]]]]}, "properties": {"source": "hot-fair", "dmg": 1.0, "dmg_class": 3, "dmg_label": "Destroyed", "confidence": 0.9955, "bid": "846902619"}}, {"type": "Feature", "geometry": {"type": "MultiPolygon", "coordinates": [[[[85.3781918, 28.2722697], [85.3782604, 28.272252], [85.3783247, 28.2724457], [85.3782561, 28.2724634], [85.3781918, 28.2722697]]]]}, "properties": {"source": "hot-fair", "dmg": 1.0, "dmg_class": 3, "dmg_label": "Destroyed", "confidence": 0.9999, "bid": "846902618"}}, {"type": "Feature", "geometry": {"type": "MultiPolygon", "coordinates": [[[[85.3768868, 28.2729415], [85.3769677, 28.2729338], [85.3769813, 28.2730457], [85.3769005, 28.2730534], [85.3768868, 28.2729415]]]]}, "properties": {"source": "hot-fair", "dmg": 1.0, "dmg_class": 3, "dmg_label": "Destroyed", "confidence": 0.9897, "bid": "846902643"}}, {"type": "Feature", "geometry": {"type": "MultiPolygon", "coordinates": [[[[85.3768664, 28.274047], [85.3769079, 28.2739934], [85.3769438, 28.274015], [85.3769024, 28.2740686], [85.3768664, 28.274047]]]]}, "properties": {"source": "hot-fair", "dmg": 1.0, "dmg_class": 3, "dmg_label": "Destroyed", "confidence": 0.9876, "bid": "1552753255"}}, {"type": "Feature", "geometry": {"type": "MultiPolygon", "coordinates": [[[[85.3765389, 28.2723], [85.3765608, 28.272257], [85.3767115, 28.2723165], [85.3766896, 28.2723595], [85.3765389, 28.2723]]]]}, "properties": {"source": "hot-fair", "dmg": 1.0, "dmg_class": 3, "dmg_label": "Destroyed", "confidence": 0.9957, "bid": "1552753257"}}, {"type": "Feature", "geometry": {"type": "MultiPolygon", "coordinates": [[[[85.3765675, 28.2722476], [85.3765802, 28.2722221], [85.3766246, 28.2722393], [85.3766119, 28.2722648], [85.3765675, 28.2722476]]]]}, "properties": {"source": "hot-fair", "dmg": 1.0, "dmg_class": 3, "dmg_label": "Destroyed", "confidence": 0.9949, "bid": "1552753258"}}, {"type": "Feature", "geometry": {"type": "MultiPolygon", "coordinates": [[[[85.3766174, 28.2722651], [85.3766371, 28.2722379], [85.3766735, 28.2722584], [85.3766538, 28.2722856], [85.3766174, 28.2722651]]]]}, "properties": {"source": "hot-fair", "dmg": 1.0, "dmg_class": 3, "dmg_label": "Destroyed", "confidence": 0.9966, "bid": "1552753259"}}, {"type": "Feature", "geometry": {"type": "MultiPolygon", "coordinates": [[[[85.3769206, 28.2723244], [85.3769266, 28.2722889], [85.3769767, 28.2722955], [85.3769707, 28.272331], [85.3769206, 28.2723244]]]]}, "properties": {"source": "hot-fair", "dmg": 1.0, "dmg_class": 3, "dmg_label": "Destroyed", "confidence": 0.9956, "bid": "1552753260"}}, {"type": "Feature", "geometry": {"type": "MultiPolygon", "coordinates": [[[[85.3788221, 28.2722709], [85.3788341, 28.2721457], [85.3788573, 28.2721474], [85.3788597, 28.2721126], [85.3788915, 28.2721143], [85.3788891, 28.2721498], [85.3789041, 28.2721509], [85.378892, 28.2722761], [85.3788221, 28.2722709]]]]}, "properties": {"source": "hot-fair", "dmg": 1.0, "dmg_class": 3, "dmg_label": "Destroyed", "confidence": 0.9974, "bid": "846902622"}}, {"type": "Feature", "geometry": {"type": "MultiPolygon", "coordinates": [[[[85.3769155, 28.2731319], [85.3770453, 28.2731289], [85.3770486, 28.2732392], [85.3769187, 28.2732422], [85.3769155, 28.2731319]]]]}, "properties": {"source": "hot-fair", "dmg": 1.0, "dmg_class": 3, "dmg_label": "Destroyed", "confidence": 0.9975, "bid": "846902640"}}, {"type": "Feature", "geometry": {"type": "MultiPolygon", "coordinates": [[[[85.376447, 28.2744665], [85.3765891, 28.2742427], [85.3766894, 28.2742921], [85.3766505, 28.2743533], [85.3767355, 28.2743951], [85.3766323, 28.2745577], [85.376447, 28.2744665]]]]}, "properties": {"source": "hot-fair", "dmg": 1.0, "dmg_class": 3, "dmg_label": "Destroyed", "confidence": 0.9765, "bid": "846902631"}}, {"type": "Feature", "geometry": {"type": "MultiPolygon", "coordinates": [[[[85.3764614, 28.2733082], [85.376476, 28.2732367], [85.3765749, 28.2732524], [85.3765603, 28.2733239], [85.3764614, 28.2733082]]]]}, "properties": {"source": "hot-fair", "dmg": 1.0, "dmg_class": 3, "dmg_label": "Destroyed", "confidence": 0.9892, "bid": "1552753262"}}, {"type": "Feature", "geometry": {"type": "MultiPolygon", "coordinates": [[[[85.3769029, 28.2734059], [85.376909, 28.2733079], [85.3769849, 28.2733115], [85.3769789, 28.2734095], [85.3769029, 28.2734059]]]]}, "properties": {"source": "hot-fair", "dmg": 1.0, "dmg_class": 3, "dmg_label": "Destroyed", "confidence": 0.9532, "bid": "1552613664"}}, {"type": "Feature", "geometry": {"type": "MultiPolygon", "coordinates": [[[[85.37666, 28.2745525], [85.376807, 28.2743097], [85.3769641, 28.2743835], [85.376817, 28.2746263], [85.37666, 28.2745525]]]]}, "properties": {"source": "hot-fair", "dmg": 1.0, "dmg_class": 3, "dmg_label": "Destroyed", "confidence": 0.996, "bid": "1552753263"}}, {"type": "Feature", "geometry": {"type": "MultiPolygon", "coordinates": [[[[85.3764037, 28.2734809], [85.3764972, 28.2734723], [85.3765111, 28.2735899], [85.3764176, 28.2735985], [85.3764037, 28.2734809]]]]}, "properties": {"source": "hot-fair", "dmg": 1.0, "dmg_class": 3, "dmg_label": "Destroyed", "confidence": 0.9878, "bid": "1552753256"}}, {"type": "Feature", "geometry": {"type": "MultiPolygon", "coordinates": [[[[85.3768895, 28.273501], [85.3768989, 28.2734165], [85.3769921, 28.2734246], [85.3769827, 28.273509], [85.3768895, 28.273501]]]]}, "properties": {"source": "hot-fair", "dmg": 1.0, "dmg_class": 3, "dmg_label": "Destroyed", "confidence": 0.8147, "bid": "1552613663"}}, {"type": "Feature", "geometry": {"type": "MultiPolygon", "coordinates": [[[[85.3768024, 28.2730661], [85.3768748, 28.2730631], [85.3768788, 28.2731379], [85.3768063, 28.2731408], [85.3768024, 28.2730661]]]]}, "properties": {"source": "hot-fair", "dmg": 1.0, "dmg_class": 3, "dmg_label": "Destroyed", "confidence": 0.9993, "bid": "846902642"}}, {"type": "Feature", "geometry": {"type": "MultiPolygon", "coordinates": [[[[85.376659, 28.2733335], [85.3767326, 28.2733327], [85.3767359, 28.2735621], [85.3766625, 28.2735631], [85.376659, 28.2733335]]]]}, "properties": {"source": "hot-fair", "dmg": 1.0, "dmg_class": 3, "dmg_label": "Destroyed", "confidence": 0.9919, "bid": "846902636"}}, {"type": "Feature", "geometry": {"type": "MultiPolygon", "coordinates": [[[[85.3778664, 28.2720566], [85.3778733, 28.2718205], [85.3779687, 28.2718227], [85.3779617, 28.2720587], [85.3778664, 28.2720566]]]]}, "properties": {"source": "hot-fair", "dmg": 1.0, "dmg_class": 3, "dmg_label": "Destroyed", "confidence": 0.9995, "bid": "846902624"}}, {"type": "Feature", "geometry": {"type": "MultiPolygon", "coordinates": [[[[85.3780394, 28.2724489], [85.3782138, 28.2724254], [85.3782243, 28.2724865], [85.37805, 28.27251], [85.3780394, 28.2724489]]]]}, "properties": {"source": "hot-fair", "dmg": 1.0, "dmg_class": 3, "dmg_label": "Destroyed", "confidence": 0.9931, "bid": "846902617"}}, {"type": "Feature", "geometry": {"type": "MultiPolygon", "coordinates": [[[[85.3769618, 28.2740601], [85.3771081, 28.273207], [85.3772754, 28.2732293], [85.3771291, 28.2740824], [85.3769618, 28.2740601]]]]}, "properties": {"source": "hot-fair", "dmg": 1.0, "dmg_class": 3, "dmg_label": "Destroyed", "confidence": 0.9528, "bid": "1552793903"}}, {"type": "Feature", "geometry": {"type": "MultiPolygon", "coordinates": [[[[85.3766434, 28.2731673], [85.3768992, 28.2731477], [85.3769112, 28.2732688], [85.3766554, 28.2732884], [85.3766434, 28.2731673]]]]}, "properties": {"source": "hot-fair", "dmg": 1.0, "dmg_class": 3, "dmg_label": "Destroyed", "confidence": 0.9973, "bid": "846902641"}}, {"type": "Feature", "geometry": {"type": "MultiPolygon", "coordinates": [[[[85.3781696, 28.2722348], [85.3781777, 28.2716584], [85.378259, 28.2716593], [85.3782509, 28.2722357], [85.3781696, 28.2722348]]]]}, "properties": {"source": "hot-fair", "dmg": 1.0, "dmg_class": 3, "dmg_label": "Destroyed", "confidence": 0.9998, "bid": "846902625"}}, {"type": "Feature", "geometry": {"type": "MultiPolygon", "coordinates": [[[[85.3780009, 28.2723714], [85.3781837, 28.27235], [85.3781924, 28.2724079], [85.3780096, 28.2724292], [85.3780009, 28.2723714]]]]}, "properties": {"source": "hot-fair", "dmg": 1.0, "dmg_class": 3, "dmg_label": "Destroyed", "confidence": 0.9887, "bid": "846902616"}}, {"type": "Feature", "geometry": {"type": "MultiPolygon", "coordinates": [[[[85.3780735, 28.2725204], [85.3783368, 28.2724891], [85.3783489, 28.2725682], [85.3780856, 28.2725994], [85.3780735, 28.2725204]]]]}, "properties": {"source": "hot-fair", "dmg": 1.0, "dmg_class": 3, "dmg_label": "Destroyed", "confidence": 0.9956, "bid": "846902615"}}, {"type": "Feature", "geometry": {"type": "MultiPolygon", "coordinates": [[[[85.378094, 28.2717588], [85.3780945, 28.2717093], [85.3781271, 28.2717095], [85.3781266, 28.2717591], [85.378094, 28.2717588]]]]}, "properties": {"source": "hot-fair", "dmg": 1.0, "dmg_class": 3, "dmg_label": "Destroyed", "confidence": 0.9907, "bid": "1552910811"}}, {"type": "Feature", "geometry": {"type": "MultiPolygon", "coordinates": [[[[85.3784135, 28.2718938], [85.3784448, 28.2718935], [85.3784549, 28.2719191], [85.3784557, 28.271997], [85.3784147, 28.2719974], [85.3784135, 28.2718938]]]]}, "properties": {"source": "hot-fair", "dmg": 1.0, "dmg_class": 3, "dmg_label": "Destroyed", "confidence": 0.9956, "bid": "1552911472"}}, {"type": "Feature", "geometry": {"type": "MultiPolygon", "coordinates": [[[[85.3785211, 28.2716695], [85.3785756, 28.2716625], [85.3786019, 28.2718191], [85.3785473, 28.2718262], [85.3785211, 28.2716695]]]]}, "properties": {"source": "hot-fair", "dmg": 1.0, "dmg_class": 3, "dmg_label": "Destroyed", "confidence": 0.9906, "bid": "1552911473"}}, {"type": "Feature", "geometry": {"type": "MultiPolygon", "coordinates": [[[[85.3787647, 28.272134], [85.3788176, 28.2721326], [85.3788216, 28.2722514], [85.3787687, 28.2722528], [85.3787647, 28.272134]]]]}, "properties": {"source": "hot-fair", "dmg": 1.0, "dmg_class": 3, "dmg_label": "Destroyed", "confidence": 0.9736, "bid": "1552911474"}}, {"type": "Feature", "geometry": {"type": "MultiPolygon", "coordinates": [[[[85.3780565, 28.2727625], [85.3780711, 28.2727244], [85.3781508, 28.272748], [85.3781362, 28.2727861], [85.3780565, 28.2727625]]]]}, "properties": {"source": "hot-fair", "dmg": 1.0, "dmg_class": 3, "dmg_label": "Destroyed", "confidence": 0.9715, "bid": "1552911475"}}, {"type": "Feature", "geometry": {"type": "MultiPolygon", "coordinates": [[[[85.3785533, 28.2718676], [85.3786079, 28.2718606], [85.3786341, 28.2720172], [85.3785796, 28.2720243], [85.3785533, 28.2718676]]]]}, "properties": {"source": "hot-fair", "dmg": 1.0, "dmg_class": 3, "dmg_label": "Destroyed", "confidence": 0.994, "bid": "846902621"}}, {"type": "Feature", "geometry": {"type": "MultiPolygon", "coordinates": [[[[85.37006, 28.2596697], [85.3701157, 28.2596283], [85.3701485, 28.2596625], [85.3700928, 28.2597039], [85.37006, 28.2596697]]]]}, "properties": {"source": "hot-fair", "dmg": 1.0, "dmg_class": 3, "dmg_label": "Destroyed", "confidence": 0.859, "bid": "1552918315"}}, {"type": "Feature", "geometry": {"type": "MultiPolygon", "coordinates": [[[[85.3737366, 28.2630743], [85.3738573, 28.2630646], [85.373868, 28.2631686], [85.3737473, 28.2631782], [85.3737366, 28.2630743]]]]}, "properties": {"source": "hot-fair", "dmg": 1.0, "dmg_class": 3, "dmg_label": "Destroyed", "confidence": 0.9996, "bid": "851367132"}}, {"type": "Feature", "geometry": {"type": "MultiPolygon", "coordinates": [[[[85.3734416, 28.2631404], [85.3735291, 28.2631179], [85.3735613, 28.2632147], [85.3734738, 28.2632373], [85.3734416, 28.2631404]]]]}, "properties": {"source": "hot-fair", "dmg": 1.0, "dmg_class": 3, "dmg_label": "Destroyed", "confidence": 0.9762, "bid": "851367131"}}, {"type": "Feature", "geometry": {"type": "MultiPolygon", "coordinates": [[[[85.3735013, 28.2632467], [85.3735638, 28.2632401], [85.3735745, 28.2633187], [85.373512, 28.2633253], [85.3735013, 28.2632467]]]]}, "properties": {"source": "hot-fair", "dmg": 1.0, "dmg_class": 3, "dmg_label": "Destroyed", "confidence": 0.9282, "bid": "851966250"}}, {"type": "Feature", "geometry": {"type": "MultiPolygon", "coordinates": [[[[85.373522, 28.2633637], [85.3735711, 28.2633531], [85.3735919, 28.2634275], [85.3735428, 28.2634381], [85.373522, 28.2633637]]]]}, "properties": {"source": "hot-fair", "dmg": 1.0, "dmg_class": 3, "dmg_label": "Destroyed", "confidence": 0.944, "bid": "851966249"}}, {"type": "Feature", "geometry": {"type": "MultiPolygon", "coordinates": [[[[85.3736883, 28.2638563], [85.3737307, 28.2637723], [85.3738273, 28.2638101], [85.3737849, 28.2638941], [85.3736883, 28.2638563]]]]}, "properties": {"source": "hot-fair", "dmg": 1.0, "dmg_class": 3, "dmg_label": "Destroyed", "confidence": 0.9991, "bid": "851367134"}}, {"type": "Feature", "geometry": {"type": "MultiPolygon", "coordinates": [[[[85.3737897, 28.2637327], [85.3738932, 28.2635876], [85.3740165, 28.2636557], [85.373913, 28.2638009], [85.3737897, 28.2637327]]]]}, "properties": {"source": "hot-fair", "dmg": 1.0, "dmg_class": 3, "dmg_label": "Destroyed", "confidence": 0.9983, "bid": "340605194"}}, {"type": "Feature", "geometry": {"type": "MultiPolygon", "coordinates": [[[[85.3749195, 28.2641019], [85.3749543, 28.2640641], [85.3750005, 28.2640972], [85.3749656, 28.264135], [85.3749195, 28.2641019]]]]}, "properties": {"source": "hot-fair", "dmg": 1.0, "dmg_class": 3, "dmg_label": "Destroyed", "confidence": 0.8849, "bid": "853711495"}}, {"type": "Feature", "geometry": {"type": "MultiPolygon", "coordinates": [[[[85.3740866, 28.2640576], [85.3741577, 28.2639324], [85.3741988, 28.2639505], [85.3741277, 28.2640757], [85.3740866, 28.2640576]]]]}, "properties": {"source": "hot-fair", "dmg": 1.0, "dmg_class": 3, "dmg_label": "Destroyed", "confidence": 0.9965, "bid": "851966246"}}, {"type": "Feature", "geometry": {"type": "MultiPolygon", "coordinates": [[[[85.3740612, 28.2642012], [85.3740699, 28.264125], [85.374109, 28.2641284], [85.3741003, 28.2642046], [85.3740612, 28.2642012]]]]}, "properties": {"source": "hot-fair", "dmg": 1.0, "dmg_class": 3, "dmg_label": "Destroyed", "confidence": 0.9996, "bid": "851966245"}}, {"type": "Feature", "geometry": {"type": "MultiPolygon", "coordinates": [[[[85.3787709, 28.270768], [85.3787848, 28.2707336], [85.378827, 28.2707468], [85.3788131, 28.2707812], [85.3787709, 28.270768]]]]}, "properties": {"source": "hot-fair", "dmg": 1.0, "dmg_class": 3, "dmg_label": "Destroyed", "confidence": 0.9974, "bid": "341571460"}}, {"type": "Feature", "geometry": {"type": "MultiPolygon", "coordinates": [[[[85.376736, 28.2712705], [85.3767454, 28.2710868], [85.3771074, 28.2711012], [85.377098, 28.2712848], [85.376736, 28.2712705]]]]}, "properties": {"source": "hot-fair", "dmg": 1.0, "dmg_class": 3, "dmg_label": "Destroyed", "confidence": 0.9991, "bid": "846902649"}}, {"type": "Feature", "geometry": {"type": "MultiPolygon", "coordinates": [[[[85.376504, 28.2705287], [85.3765544, 28.2705144], [85.3765678, 28.270551], [85.3765174, 28.2705653], [85.376504, 28.2705287]]]]}, "properties": {"source": "hot-fair", "dmg": 1.0, "dmg_class": 3, "dmg_label": "Destroyed", "confidence": 0.9729, "bid": "846902652"}}, {"type": "Feature", "geometry": {"type": "MultiPolygon", "coordinates": [[[[85.3766059, 28.2705269], [85.3766553, 28.2705216], [85.3766593, 28.2705506], [85.3766099, 28.2705559], [85.3766059, 28.2705269]]]]}, "properties": {"source": "hot-fair", "dmg": 1.0, "dmg_class": 3, "dmg_label": "Destroyed", "confidence": 0.9481, "bid": "846902651"}}, {"type": "Feature", "geometry": {"type": "MultiPolygon", "coordinates": [[[[85.3792743, 28.2709153], [85.3793147, 28.2709005], [85.3793393, 28.2709524], [85.3792989, 28.2709672], [85.3792743, 28.2709153]]]]}, "properties": {"source": "hot-fair", "dmg": 1.0, "dmg_class": 3, "dmg_label": "Destroyed", "confidence": 0.9936, "bid": "341571497"}}, {"type": "Feature", "geometry": {"type": "MultiPolygon", "coordinates": [[[[85.3789038, 28.2713548], [85.3789695, 28.2713347], [85.378987, 28.2713791], [85.3789213, 28.2713992], [85.3789038, 28.2713548]]]]}, "properties": {"source": "hot-fair", "dmg": 1.0, "dmg_class": 3, "dmg_label": "Destroyed", "confidence": 0.9973, "bid": "846902627"}}, {"type": "Feature", "geometry": {"type": "MultiPolygon", "coordinates": [[[[85.3754184, 28.2646217], [85.3754999, 28.2646121], [85.3755321, 28.2648247], [85.3754505, 28.2648343], [85.3754184, 28.2646217]]]]}, "properties": {"source": "hot-fair", "dmg": 1.0, "dmg_class": 3, "dmg_label": "Destroyed", "confidence": 0.9224, "bid": "851367138"}}, {"type": "Feature", "geometry": {"type": "MultiPolygon", "coordinates": [[[[85.3756034, 28.264754], [85.3756981, 28.2647418], [85.3757195, 28.2648718], [85.3756249, 28.2648839], [85.3756034, 28.264754]]]]}, "properties": {"source": "hot-fair", "dmg": 0.6666666666666666, "dmg_class": 2, "dmg_label": "Major damage", "confidence": 0.0071, "bid": "851367137"}}, {"type": "Feature", "geometry": {"type": "MultiPolygon", "coordinates": [[[[85.375649, 28.2647091], [85.3757071, 28.2645717], [85.3758224, 28.2646095], [85.3757644, 28.2647469], [85.375649, 28.2647091]]]]}, "properties": {"source": "hot-fair", "dmg": 0.6666666666666666, "dmg_class": 2, "dmg_label": "Major damage", "confidence": 0.006, "bid": "851367136"}}, {"type": "Feature", "geometry": {"type": "MultiPolygon", "coordinates": [[[[85.3760876, 28.2650455], [85.3761358, 28.2650142], [85.3761878, 28.2650764], [85.3761397, 28.2651077], [85.3760876, 28.2650455]]]]}, "properties": {"source": "hot-fair", "dmg": 0.6666666666666666, "dmg_class": 2, "dmg_label": "Major damage", "confidence": 0.0397, "bid": "341558547"}}, {"type": "Feature", "geometry": {"type": "MultiPolygon", "coordinates": [[[[85.3745707, 28.2646719], [85.3745989, 28.2644551], [85.3747282, 28.2644682], [85.3747001, 28.2646849], [85.3745707, 28.2646719]]]]}, "properties": {"source": "hot-fair", "dmg": 1.0, "dmg_class": 3, "dmg_label": "Destroyed", "confidence": 0.9995, "bid": "851966243"}}, {"type": "Feature", "geometry": {"type": "MultiPolygon", "coordinates": [[[[85.3787268, 28.2714786], [85.3788394, 28.271436], [85.3788905, 28.2715409], [85.3787778, 28.2715835], [85.3787268, 28.2714786]]]]}, "properties": {"source": "hot-fair", "dmg": 1.0, "dmg_class": 3, "dmg_label": "Destroyed", "confidence": 0.9312, "bid": "846902626"}}, {"type": "Feature", "geometry": {"type": "MultiPolygon", "coordinates": [[[[85.3764282, 28.2662919], [85.3765189, 28.2662267], [85.3765873, 28.2663005], [85.3764966, 28.2663657], [85.3764282, 28.2662919]]]]}, "properties": {"source": "hot-fair", "dmg": 1.0, "dmg_class": 3, "dmg_label": "Destroyed", "confidence": 0.9742, "bid": "846902672"}}, {"type": "Feature", "geometry": {"type": "MultiPolygon", "coordinates": [[[[85.3759649, 28.2656706], [85.3760444, 28.2655949], [85.3761262, 28.2656617], [85.3760467, 28.2657373], [85.3759649, 28.2656706]]]]}, "properties": {"source": "hot-fair", "dmg": 1.0, "dmg_class": 3, "dmg_label": "Destroyed", "confidence": 0.9911, "bid": "851966242"}}, {"type": "Feature", "geometry": {"type": "MultiPolygon", "coordinates": [[[[85.3761589, 28.2656966], [85.376242, 28.265696], [85.3762425, 28.2657474], [85.3761593, 28.2657479], [85.3761589, 28.2656966]]]]}, "properties": {"source": "hot-fair", "dmg": 1.0, "dmg_class": 3, "dmg_label": "Destroyed", "confidence": 0.9966, "bid": "846902675"}}, {"type": "Feature", "geometry": {"type": "MultiPolygon", "coordinates": [[[[85.3760701, 28.2657598], [85.3761044, 28.2657209], [85.3761611, 28.2657596], [85.3761268, 28.2657985], [85.3760701, 28.2657598]]]]}, "properties": {"source": "hot-fair", "dmg": 1.0, "dmg_class": 3, "dmg_label": "Destroyed", "confidence": 0.9871, "bid": "341558538"}}, {"type": "Feature", "geometry": {"type": "MultiPolygon", "coordinates": [[[[85.3760011, 28.2658082], [85.376038, 28.2657735], [85.3760916, 28.2658178], [85.3760547, 28.2658525], [85.3760011, 28.2658082]]]]}, "properties": {"source": "hot-fair", "dmg": 1.0, "dmg_class": 3, "dmg_label": "Destroyed", "confidence": 0.9115, "bid": "846902674"}}, {"type": "Feature", "geometry": {"type": "MultiPolygon", "coordinates": [[[[85.3768782, 28.2651408], [85.3769466, 28.2651343], [85.3769534, 28.2651904], [85.376885, 28.2651969], [85.3768782, 28.2651408]]]]}, "properties": {"source": "hot-fair", "dmg": 1.0, "dmg_class": 3, "dmg_label": "Destroyed", "confidence": 0.9932, "bid": "851966239"}}, {"type": "Feature", "geometry": {"type": "MultiPolygon", "coordinates": [[[[85.3765536, 28.2653209], [85.3766294, 28.2652814], [85.3766523, 28.2653153], [85.3765765, 28.2653549], [85.3765536, 28.2653209]]]]}, "properties": {"source": "hot-fair", "dmg": 1.0, "dmg_class": 3, "dmg_label": "Destroyed", "confidence": 0.9974, "bid": "851966238"}}, {"type": "Feature", "geometry": {"type": "MultiPolygon", "coordinates": [[[[85.3761489, 28.2651219], [85.376201, 28.2651083], [85.3762137, 28.265146], [85.3761616, 28.2651596], [85.3761489, 28.2651219]]]]}, "properties": {"source": "hot-fair", "dmg": 1.0, "dmg_class": 3, "dmg_label": "Destroyed", "confidence": 0.8664, "bid": "341558543"}}, {"type": "Feature", "geometry": {"type": "MultiPolygon", "coordinates": [[[[85.3760572, 28.2654198], [85.3761134, 28.2653887], [85.37615, 28.26544], [85.3760938, 28.2654711], [85.3760572, 28.2654198]]]]}, "properties": {"source": "hot-fair", "dmg": 1.0, "dmg_class": 3, "dmg_label": "Destroyed", "confidence": 0.9968, "bid": "340605207"}}, {"type": "Feature", "geometry": {"type": "MultiPolygon", "coordinates": [[[[85.3760858, 28.2654896], [85.3761935, 28.2654378], [85.3762274, 28.2654925], [85.3761594, 28.2655253], [85.3761481, 28.2655071], [85.3761085, 28.2655262], [85.3760858, 28.2654896]]]]}, "properties": {"source": "hot-fair", "dmg": 1.0, "dmg_class": 3, "dmg_label": "Destroyed", "confidence": 0.9963, "bid": "340605208"}}, {"type": "Feature", "geometry": {"type": "MultiPolygon", "coordinates": [[[[85.3762089, 28.265559], [85.3762465, 28.265559], [85.3762465, 28.2655991], [85.3762089, 28.2655991], [85.3762089, 28.265559]]]]}, "properties": {"source": "hot-fair", "dmg": 1.0, "dmg_class": 3, "dmg_label": "Destroyed", "confidence": 0.9961, "bid": "851966241"}}, {"type": "Feature", "geometry": {"type": "MultiPolygon", "coordinates": [[[[85.3737831, 28.2641574], [85.3738582, 28.2640393], [85.3739265, 28.264073], [85.3738514, 28.2641911], [85.3737831, 28.2641574]]]]}, "properties": {"source": "hot-fair", "dmg": 1.0, "dmg_class": 3, "dmg_label": "Destroyed", "confidence": 0.9994, "bid": "851367130"}}, {"type": "Feature", "geometry": {"type": "MultiPolygon", "coordinates": [[[[85.3737441, 28.2634849], [85.3737816, 28.2633597], [85.3738806, 28.2633827], [85.373843, 28.2635079], [85.3737441, 28.2634849]]]]}, "properties": {"source": "hot-fair", "dmg": 1.0, "dmg_class": 3, "dmg_label": "Destroyed", "confidence": 0.9986, "bid": "851367133"}}, {"type": "Feature", "geometry": {"type": "MultiPolygon", "coordinates": [[[[85.3739161, 28.2641644], [85.3739369, 28.2640994], [85.3740415, 28.2641254], [85.3740207, 28.2641904], [85.3739161, 28.2641644]]]]}, "properties": {"source": "hot-fair", "dmg": 1.0, "dmg_class": 3, "dmg_label": "Destroyed", "confidence": 0.9998, "bid": "851367129"}}, {"type": "Feature", "geometry": {"type": "MultiPolygon", "coordinates": [[[[85.3741636, 28.2645542], [85.3742214, 28.2644252], [85.3742951, 28.2644508], [85.3742373, 28.2645798], [85.3741636, 28.2645542]]]]}, "properties": {"source": "hot-fair", "dmg": 1.0, "dmg_class": 3, "dmg_label": "Destroyed", "confidence": 0.9993, "bid": "851367127"}}, {"type": "Feature", "geometry": {"type": "MultiPolygon", "coordinates": [[[[85.3739265, 28.2643773], [85.3739742, 28.2641969], [85.3740697, 28.2642164], [85.374022, 28.264397], [85.3739265, 28.2643773]]]]}, "properties": {"source": "hot-fair", "dmg": 1.0, "dmg_class": 3, "dmg_label": "Destroyed", "confidence": 1.0, "bid": "851367128"}}, {"type": "Feature", "geometry": {"type": "MultiPolygon", "coordinates": [[[[85.3740321, 28.2644198], [85.374073, 28.2643171], [85.3741525, 28.2643417], [85.3741338, 28.2643885], [85.3741006, 28.2643782], [85.3740783, 28.2644341], [85.3740321, 28.2644198]]]]}, "properties": {"source": "hot-fair", "dmg": 1.0, "dmg_class": 3, "dmg_label": "Destroyed", "confidence": 0.9999, "bid": "340605196"}}, {"type": "Feature", "geometry": {"type": "MultiPolygon", "coordinates": [[[[85.3771906, 28.2708518], [85.3772423, 28.2708518], [85.3772932, 28.2708518], [85.3773194, 28.2708518], [85.3773194, 28.2710053], [85.3772423, 28.2710053], [85.3772423, 28.2709279], [85.3771906, 28.2709279], [85.3771906, 28.2708518]]]]}, "properties": {"source": "hot-fair", "dmg": 1.0, "dmg_class": 3, "dmg_label": "Destroyed", "confidence": 0.9977, "bid": "1552898137"}}, {"type": "Feature", "geometry": {"type": "MultiPolygon", "coordinates": [[[[85.3766464, 28.271462], [85.3766468, 28.271338], [85.3767041, 28.2713381], [85.3767036, 28.2714622], [85.3766464, 28.271462]]]]}, "properties": {"source": "hot-fair", "dmg": 1.0, "dmg_class": 3, "dmg_label": "Destroyed", "confidence": 0.9977, "bid": "846902648"}}, {"type": "Feature", "geometry": {"type": "MultiPolygon", "coordinates": [[[[85.3766272, 28.2708838], [85.3768989, 28.2708629], [85.3769082, 28.2709569], [85.3766366, 28.2709778], [85.3766272, 28.2708838]]]]}, "properties": {"source": "hot-fair", "dmg": 1.0, "dmg_class": 3, "dmg_label": "Destroyed", "confidence": 0.9939, "bid": "846902650"}}, {"type": "Feature", "geometry": {"type": "MultiPolygon", "coordinates": [[[[85.3789573, 28.2712726], [85.3789726, 28.2711955], [85.3790188, 28.2712026], [85.3790083, 28.2712558], [85.3789977, 28.271309], [85.3789714, 28.2713049], [85.3789772, 28.2712757], [85.3789573, 28.2712726]]]]}, "properties": {"source": "hot-fair", "dmg": 1.0, "dmg_class": 3, "dmg_label": "Destroyed", "confidence": 0.9992, "bid": "341571474"}}, {"type": "Feature", "geometry": {"type": "MultiPolygon", "coordinates": [[[[85.3765728, 28.270815], [85.3767277, 28.2707754], [85.3767387, 28.2708086], [85.3765838, 28.2708482], [85.3765728, 28.270815]]]]}, "properties": {"source": "hot-fair", "dmg": 1.0, "dmg_class": 3, "dmg_label": "Destroyed", "confidence": 0.9988, "bid": "1552898136"}}, {"type": "Feature", "geometry": {"type": "MultiPolygon", "coordinates": [[[[85.3779134, 28.2714171], [85.3779303, 28.2713216], [85.3780147, 28.2713332], [85.3779978, 28.2714287], [85.3779134, 28.2714171]]]]}, "properties": {"source": "hot-fair", "dmg": 1.0, "dmg_class": 3, "dmg_label": "Destroyed", "confidence": 0.9252, "bid": "1154989013"}}, {"type": "Feature", "geometry": {"type": "MultiPolygon", "coordinates": [[[[85.377044, 28.271344], [85.3770469, 28.2712873], [85.3771375, 28.2712908], [85.3771347, 28.2713475], [85.377044, 28.271344]]]]}, "properties": {"source": "hot-fair", "dmg": 1.0, "dmg_class": 3, "dmg_label": "Destroyed", "confidence": 0.9977, "bid": "846902647"}}, {"type": "Feature", "geometry": {"type": "MultiPolygon", "coordinates": [[[[85.3779933, 28.2711854], [85.378022, 28.2711406], [85.3780529, 28.271156], [85.3780241, 28.2712008], [85.3779933, 28.2711854]]]]}, "properties": {"source": "hot-fair", "dmg": 1.0, "dmg_class": 3, "dmg_label": "Destroyed", "confidence": 0.995, "bid": "846902628"}}, {"type": "Feature", "geometry": {"type": "MultiPolygon", "coordinates": [[[[85.3781374, 28.2716743], [85.3781379, 28.2716248], [85.3781705, 28.271625], [85.37817, 28.2716746], [85.3781374, 28.2716743]]]]}, "properties": {"source": "hot-fair", "dmg": 1.0, "dmg_class": 3, "dmg_label": "Destroyed", "confidence": 0.9974, "bid": "1552911471"}}, {"type": "Feature", "geometry": {"type": "MultiPolygon", "coordinates": [[[[85.3754157, 28.2653871], [85.3754447, 28.2653638], [85.3755118, 28.2654288], [85.3754827, 28.2654521], [85.3754157, 28.2653871]]]]}, "properties": {"source": "hot-fair", "dmg": 1.0, "dmg_class": 3, "dmg_label": "Destroyed", "confidence": 0.91, "bid": "1552914659"}}, {"type": "Feature", "geometry": {"type": "MultiPolygon", "coordinates": [[[[85.37535, 28.2653446], [85.3753941, 28.2653077], [85.3754444, 28.2653543], [85.3754003, 28.2653912], [85.37535, 28.2653446]]]]}, "properties": {"source": "hot-fair", "dmg": 1.0, "dmg_class": 3, "dmg_label": "Destroyed", "confidence": 0.9886, "bid": "1552914660"}}, {"type": "Feature", "geometry": {"type": "MultiPolygon", "coordinates": [[[[85.3753895, 28.2652648], [85.3754292, 28.265236], [85.3754983, 28.2653099], [85.3754586, 28.2653387], [85.3753895, 28.2652648]]]]}, "properties": {"source": "hot-fair", "dmg": 1.0, "dmg_class": 3, "dmg_label": "Destroyed", "confidence": 0.9909, "bid": "1552914661"}}, {"type": "Feature", "geometry": {"type": "MultiPolygon", "coordinates": [[[[85.3763022, 28.265103], [85.3763406, 28.2650744], [85.3763701, 28.2651051], [85.3763317, 28.2651337], [85.3763022, 28.265103]]]]}, "properties": {"source": "hot-fair", "dmg": 1.0, "dmg_class": 3, "dmg_label": "Destroyed", "confidence": 0.993, "bid": "1552914662"}}, {"type": "Feature", "geometry": {"type": "MultiPolygon", "coordinates": [[[[85.3752521, 28.2651461], [85.375278, 28.2651264], [85.3753249, 28.2651743], [85.375299, 28.265194], [85.3752521, 28.2651461]]]]}, "properties": {"source": "hot-fair", "dmg": 1.0, "dmg_class": 3, "dmg_label": "Destroyed", "confidence": 0.9972, "bid": "1552914663"}}, {"type": "Feature", "geometry": {"type": "MultiPolygon", "coordinates": [[[[85.3752957, 28.265132], [85.3753781, 28.2650717], [85.3754075, 28.2651029], [85.375325, 28.2651632], [85.3752957, 28.265132]]]]}, "properties": {"source": "hot-fair", "dmg": 1.0, "dmg_class": 3, "dmg_label": "Destroyed", "confidence": 0.9922, "bid": "1552914664"}}, {"type": "Feature", "geometry": {"type": "MultiPolygon", "coordinates": [[[[85.3760722, 28.2653186], [85.3761489, 28.2652765], [85.3762085, 28.265361], [85.3761318, 28.265403], [85.3760722, 28.2653186]]]]}, "properties": {"source": "hot-fair", "dmg": 1.0, "dmg_class": 3, "dmg_label": "Destroyed", "confidence": 0.9945, "bid": "1552914665"}}, {"type": "Feature", "geometry": {"type": "MultiPolygon", "coordinates": [[[[85.3764631, 28.2653198], [85.3764926, 28.2653198], [85.3764926, 28.2653528], [85.3764631, 28.2653528], [85.3764631, 28.2653198]]]]}, "properties": {"source": "hot-fair", "dmg": 1.0, "dmg_class": 3, "dmg_label": "Destroyed", "confidence": 0.9943, "bid": "1552914666"}}, {"type": "Feature", "geometry": {"type": "MultiPolygon", "coordinates": [[[[85.3767487, 28.265217], [85.3767964, 28.2651897], [85.3768174, 28.2652181], [85.3767697, 28.2652454], [85.3767487, 28.265217]]]]}, "properties": {"source": "hot-fair", "dmg": 1.0, "dmg_class": 3, "dmg_label": "Destroyed", "confidence": 0.9981, "bid": "1552914667"}}, {"type": "Feature", "geometry": {"type": "MultiPolygon", "coordinates": [[[[85.3768769, 28.2649126], [85.3769458, 28.2648812], [85.3769678, 28.2649187], [85.3768989, 28.2649501], [85.3768769, 28.2649126]]]]}, "properties": {"source": "hot-fair", "dmg": 1.0, "dmg_class": 3, "dmg_label": "Destroyed", "confidence": 0.9967, "bid": "1552914668"}}, {"type": "Feature", "geometry": {"type": "MultiPolygon", "coordinates": [[[[85.3762378, 28.2655082], [85.3762588, 28.2654769], [85.3763198, 28.2655088], [85.3762988, 28.2655401], [85.3762378, 28.2655082]]]]}, "properties": {"source": "hot-fair", "dmg": 1.0, "dmg_class": 3, "dmg_label": "Destroyed", "confidence": 0.9976, "bid": "1552914669"}}, {"type": "Feature", "geometry": {"type": "MultiPolygon", "coordinates": [[[[85.3763042, 28.2656168], [85.3763598, 28.2655784], [85.3763843, 28.265606], [85.3763287, 28.2656444], [85.3763042, 28.2656168]]]]}, "properties": {"source": "hot-fair", "dmg": 1.0, "dmg_class": 3, "dmg_label": "Destroyed", "confidence": 0.9988, "bid": "1552914670"}}, {"type": "Feature", "geometry": {"type": "MultiPolygon", "coordinates": [[[[85.3765499, 28.2654521], [85.3766157, 28.2654255], [85.3766381, 28.2654686], [85.3765724, 28.2654952], [85.3765499, 28.2654521]]]]}, "properties": {"source": "hot-fair", "dmg": 1.0, "dmg_class": 3, "dmg_label": "Destroyed", "confidence": 0.9999, "bid": "1552914671"}}, {"type": "Feature", "geometry": {"type": "MultiPolygon", "coordinates": [[[[85.3765617, 28.265533], [85.3766378, 28.2655015], [85.3766727, 28.2655671], [85.3765965, 28.2655985], [85.3765617, 28.265533]]]]}, "properties": {"source": "hot-fair", "dmg": 1.0, "dmg_class": 3, "dmg_label": "Destroyed", "confidence": 0.9984, "bid": "1552914672"}}, {"type": "Feature", "geometry": {"type": "MultiPolygon", "coordinates": [[[[85.3754652, 28.2651032], [85.3754778, 28.2651013], [85.3754718, 28.2650696], [85.3756728, 28.2650401], [85.3756908, 28.2651354], [85.375624, 28.2651452], [85.375617, 28.2651085], [85.3755403, 28.2651197], [85.3755435, 28.2651367], [85.3754735, 28.265147], [85.3754652, 28.2651032]]]]}, "properties": {"source": "hot-fair", "dmg": 1.0, "dmg_class": 3, "dmg_label": "Destroyed", "confidence": 0.9797, "bid": "1552914673"}}, {"type": "Feature", "geometry": {"type": "MultiPolygon", "coordinates": [[[[85.3767024, 28.2650564], [85.3767281, 28.2650517], [85.3767323, 28.2650699], [85.3767551, 28.2650657], [85.3767686, 28.2651231], [85.3767201, 28.2651319], [85.3767024, 28.2650564]]]]}, "properties": {"source": "hot-fair", "dmg": 1.0, "dmg_class": 3, "dmg_label": "Destroyed", "confidence": 0.9635, "bid": "340605205"}}, {"type": "Feature", "geometry": {"type": "MultiPolygon", "coordinates": [[[[85.3766803, 28.2652618], [85.3767414, 28.265227], [85.3767616, 28.2652545], [85.3767006, 28.2652893], [85.3766803, 28.2652618]]]]}, "properties": {"source": "hot-fair", "dmg": 1.0, "dmg_class": 3, "dmg_label": "Destroyed", "confidence": 0.998, "bid": "851966240"}}, {"type": "Feature", "geometry": {"type": "MultiPolygon", "coordinates": [[[[85.3761817, 28.2652866], [85.3762376, 28.2652307], [85.3762839, 28.2652666], [85.3762279, 28.2653225], [85.3761817, 28.2652866]]]]}, "properties": {"source": "hot-fair", "dmg": 1.0, "dmg_class": 3, "dmg_label": "Destroyed", "confidence": 0.9937, "bid": "340605209"}}, {"type": "Feature", "geometry": {"type": "MultiPolygon", "coordinates": [[[[85.3735637, 28.2636641], [85.3735675, 28.2636003], [85.3736023, 28.263602], [85.3735984, 28.2636657], [85.3735637, 28.2636641]]]]}, "properties": {"source": "hot-fair", "dmg": 1.0, "dmg_class": 3, "dmg_label": "Destroyed", "confidence": 0.999, "bid": "1552916216"}}, {"type": "Feature", "geometry": {"type": "MultiPolygon", "coordinates": [[[[85.3735413, 28.2635973], [85.3735579, 28.2634525], [85.3736188, 28.2634579], [85.3736023, 28.263602], [85.3735675, 28.2636003], [85.3735413, 28.2635973]]]]}, "properties": {"source": "hot-fair", "dmg": 1.0, "dmg_class": 3, "dmg_label": "Destroyed", "confidence": 0.999, "bid": "1552916217"}}, {"type": "Feature", "geometry": {"type": "MultiPolygon", "coordinates": [[[[85.3742783, 28.2643588], [85.3743601, 28.264201], [85.3744011, 28.2642175], [85.3743677, 28.264282], [85.3744201, 28.264303], [85.3743717, 28.2643964], [85.3742783, 28.2643588]]]]}, "properties": {"source": "hot-fair", "dmg": 1.0, "dmg_class": 3, "dmg_label": "Destroyed", "confidence": 0.9987, "bid": "1552916218"}}, {"type": "Feature", "geometry": {"type": "MultiPolygon", "coordinates": [[[[85.3768534, 28.2673337], [85.3768867, 28.2673165], [85.376937, 28.2673921], [85.3769037, 28.2674093], [85.3768534, 28.2673337]]]]}, "properties": {"source": "hot-fair", "dmg": 1.0, "dmg_class": 3, "dmg_label": "Destroyed", "confidence": 0.8179, "bid": "846902671"}}, {"type": "Feature", "geometry": {"type": "MultiPolygon", "coordinates": [[[[85.3784933, 28.2702592], [85.3785859, 28.2702556], [85.3785927, 28.2703941], [85.3785002, 28.2703976], [85.3784933, 28.2702592]]]]}, "properties": {"source": "hot-fair", "dmg": 1.0, "dmg_class": 3, "dmg_label": "Destroyed", "confidence": 0.9934, "bid": "846902630"}}, {"type": "Feature", "geometry": {"type": "MultiPolygon", "coordinates": [[[[85.3769137, 28.2674613], [85.3769639, 28.2674377], [85.3770377, 28.2675593], [85.3769875, 28.2675829], [85.3769137, 28.2674613]]]]}, "properties": {"source": "hot-fair", "dmg": 1.0, "dmg_class": 3, "dmg_label": "Destroyed", "confidence": 0.9676, "bid": "846902670"}}, {"type": "Feature", "geometry": {"type": "MultiPolygon", "coordinates": [[[[85.3766804, 28.270104], [85.3768081, 28.2700757], [85.3768543, 28.2702375], [85.3767266, 28.2702659], [85.3766804, 28.270104]]]]}, "properties": {"source": "hot-fair", "dmg": 1.0, "dmg_class": 3, "dmg_label": "Destroyed", "confidence": 0.9998, "bid": "846902654"}}, {"type": "Feature", "geometry": {"type": "MultiPolygon", "coordinates": [[[[85.3751029, 28.2653501], [85.3751439, 28.2653312], [85.3751767, 28.2653863], [85.3751357, 28.2654052], [85.3751029, 28.2653501]]]]}, "properties": {"source": "hot-fair", "dmg": 1.0, "dmg_class": 3, "dmg_label": "Destroyed", "confidence": 0.9817, "bid": "340608972"}}, {"type": "Feature", "geometry": {"type": "MultiPolygon", "coordinates": [[[[85.3765181, 28.2649906], [85.3766238, 28.2649657], [85.3766465, 28.2650399], [85.3765414, 28.2650646], [85.3765181, 28.2649906]]]]}, "properties": {"source": "hot-fair", "dmg": 1.0, "dmg_class": 3, "dmg_label": "Destroyed", "confidence": 0.9976, "bid": "340605204"}}, {"type": "Feature", "geometry": {"type": "MultiPolygon", "coordinates": [[[[85.3749007, 28.2649854], [85.3749486, 28.2649194], [85.3750451, 28.2649737], [85.3749972, 28.2650398], [85.3749007, 28.2649854]]]]}, "properties": {"source": "hot-fair", "dmg": 1.0, "dmg_class": 3, "dmg_label": "Destroyed", "confidence": 0.9995, "bid": "851367125"}}, {"type": "Feature", "geometry": {"type": "MultiPolygon", "coordinates": [[[[85.3764644, 28.265106], [85.3765298, 28.2650762], [85.37657, 28.2651447], [85.3765047, 28.2651745], [85.3764644, 28.265106]]]]}, "properties": {"source": "hot-fair", "dmg": 1.0, "dmg_class": 3, "dmg_label": "Destroyed", "confidence": 0.9949, "bid": "851367135"}}, {"type": "Feature", "geometry": {"type": "MultiPolygon", "coordinates": [[[[85.3750389, 28.265307], [85.3750661, 28.265274], [85.375101, 28.2652963], [85.3750738, 28.2653293], [85.3750389, 28.265307]]]]}, "properties": {"source": "hot-fair", "dmg": 1.0, "dmg_class": 3, "dmg_label": "Destroyed", "confidence": 0.995, "bid": "340608975"}}, {"type": "Feature", "geometry": {"type": "MultiPolygon", "coordinates": [[[[85.3760191, 28.2648515], [85.3760995, 28.2648404], [85.3761104, 28.2649014], [85.37603, 28.2649126], [85.3760191, 28.2648515]]]]}, "properties": {"source": "hot-fair", "dmg": 1.0, "dmg_class": 3, "dmg_label": "Destroyed", "confidence": 0.872, "bid": "340605206"}}, {"type": "Feature", "geometry": {"type": "MultiPolygon", "coordinates": [[[[85.3775396, 28.2691145], [85.3775526, 28.2690936], [85.3776034, 28.2691182], [85.3775904, 28.2691391], [85.3775396, 28.2691145]]]]}, "properties": {"source": "hot-fair", "dmg": 1.0, "dmg_class": 3, "dmg_label": "Destroyed", "confidence": 0.8704, "bid": "1552917657"}}, {"type": "Feature", "geometry": {"type": "MultiPolygon", "coordinates": [[[[85.3763873, 28.2693722], [85.3764709, 28.2693346], [85.3764899, 28.2693673], [85.3764063, 28.2694049], [85.3763873, 28.2693722]]]]}, "properties": {"source": "hot-fair", "dmg": 1.0, "dmg_class": 3, "dmg_label": "Destroyed", "confidence": 0.9971, "bid": "1552917658"}}, {"type": "Feature", "geometry": {"type": "MultiPolygon", "coordinates": [[[[85.3764096, 28.2694197], [85.3765208, 28.2693698], [85.3765407, 28.2694042], [85.3764295, 28.269454], [85.3764096, 28.2694197]]]]}, "properties": {"source": "hot-fair", "dmg": 1.0, "dmg_class": 3, "dmg_label": "Destroyed", "confidence": 0.9997, "bid": "1552917659"}}, {"type": "Feature", "geometry": {"type": "MultiPolygon", "coordinates": [[[[85.3763959, 28.2694841], [85.3765762, 28.2694082], [85.3765993, 28.2694508], [85.3764191, 28.2695267], [85.3763959, 28.2694841]]]]}, "properties": {"source": "hot-fair", "dmg": 1.0, "dmg_class": 3, "dmg_label": "Destroyed", "confidence": 0.9999, "bid": "1552917660"}}, {"type": "Feature", "geometry": {"type": "MultiPolygon", "coordinates": [[[[85.3764721, 28.2695158], [85.3766325, 28.2694594], [85.3766539, 28.2695068], [85.3764935, 28.2695632], [85.3764721, 28.2695158]]]]}, "properties": {"source": "hot-fair", "dmg": 1.0, "dmg_class": 3, "dmg_label": "Destroyed", "confidence": 0.9999, "bid": "1552917661"}}, {"type": "Feature", "geometry": {"type": "MultiPolygon", "coordinates": [[[[85.3762659, 28.2696622], [85.376348, 28.2696364], [85.3764481, 28.2698836], [85.376366, 28.2699094], [85.3762659, 28.2696622]]]]}, "properties": {"source": "hot-fair", "dmg": 1.0, "dmg_class": 3, "dmg_label": "Destroyed", "confidence": 0.9985, "bid": "1552917662"}}, {"type": "Feature", "geometry": {"type": "MultiPolygon", "coordinates": [[[[85.3763833, 28.2696182], [85.3766969, 28.2695129], [85.3767169, 28.2695592], [85.3764033, 28.2696644], [85.3763833, 28.2696182]]]]}, "properties": {"source": "hot-fair", "dmg": 1.0, "dmg_class": 3, "dmg_label": "Destroyed", "confidence": 0.9997, "bid": "1552917663"}}, {"type": "Feature", "geometry": {"type": "MultiPolygon", "coordinates": [[[[85.3764, 28.2696783], [85.3766359, 28.2695982], [85.376656, 28.2696441], [85.37642, 28.2697241], [85.3764, 28.2696783]]]]}, "properties": {"source": "hot-fair", "dmg": 1.0, "dmg_class": 3, "dmg_label": "Destroyed", "confidence": 0.9997, "bid": "1552917664"}}, {"type": "Feature", "geometry": {"type": "MultiPolygon", "coordinates": [[[[85.3764222, 28.2697358], [85.3767165, 28.2696417], [85.3767377, 28.2696931], [85.3764433, 28.2697872], [85.3764222, 28.2697358]]]]}, "properties": {"source": "hot-fair", "dmg": 1.0, "dmg_class": 3, "dmg_label": "Destroyed", "confidence": 0.9991, "bid": "1552917665"}}, {"type": "Feature", "geometry": {"type": "MultiPolygon", "coordinates": [[[[85.3766911, 28.2697238], [85.3767541, 28.2697043], [85.3768205, 28.269908], [85.3767514, 28.2699228], [85.3766911, 28.2697238]]]]}, "properties": {"source": "hot-fair", "dmg": 1.0, "dmg_class": 3, "dmg_label": "Destroyed", "confidence": 0.9969, "bid": "1552917666"}}, {"type": "Feature", "geometry": {"type": "MultiPolygon", "coordinates": [[[[85.3766052, 28.2697651], [85.376681, 28.2697421], [85.3767434, 28.2699458], [85.3766689, 28.2699647], [85.3766052, 28.2697651]]]]}, "properties": {"source": "hot-fair", "dmg": 1.0, "dmg_class": 3, "dmg_label": "Destroyed", "confidence": 0.9986, "bid": "1552917667"}}, {"type": "Feature", "geometry": {"type": "MultiPolygon", "coordinates": [[[[85.3765295, 28.2697769], [85.3765925, 28.269758], [85.3766515, 28.2699423], [85.3765905, 28.26996], [85.3765295, 28.2697769]]]]}, "properties": {"source": "hot-fair", "dmg": 1.0, "dmg_class": 3, "dmg_label": "Destroyed", "confidence": 0.9996, "bid": "1552917668"}}, {"type": "Feature", "geometry": {"type": "MultiPolygon", "coordinates": [[[[85.376435, 28.269809], [85.376519, 28.2697857], [85.3765837, 28.2699669], [85.3764997, 28.2699902], [85.376435, 28.269809]]]]}, "properties": {"source": "hot-fair", "dmg": 1.0, "dmg_class": 3, "dmg_label": "Destroyed", "confidence": 0.9996, "bid": "1552917669"}}, {"type": "Feature", "geometry": {"type": "MultiPolygon", "coordinates": [[[[85.3763189, 28.2700829], [85.376449, 28.2700609], [85.3764953, 28.2702735], [85.3763652, 28.2702955], [85.3763189, 28.2700829]]]]}, "properties": {"source": "hot-fair", "dmg": 1.0, "dmg_class": 3, "dmg_label": "Destroyed", "confidence": 0.9985, "bid": "846902653"}}, {"type": "Feature", "geometry": {"type": "MultiPolygon", "coordinates": [[[[85.3784884, 28.2709486], [85.3785984, 28.2709072], [85.3786594, 28.2710331], [85.3785495, 28.2710745], [85.3784884, 28.2709486]]]]}, "properties": {"source": "hot-fair", "dmg": 1.0, "dmg_class": 3, "dmg_label": "Destroyed", "confidence": 0.9992, "bid": "846902629"}}, {"type": "Feature", "geometry": {"type": "MultiPolygon", "coordinates": [[[[85.3761027, 28.2651011], [85.3761278, 28.2651001], [85.3761297, 28.2651338], [85.3761046, 28.2651349], [85.3761027, 28.2651011]]]]}, "properties": {"source": "hot-fair", "dmg": 1.0, "dmg_class": 3, "dmg_label": "Destroyed", "confidence": 0.7678, "bid": "1552958961"}}, {"type": "Feature", "geometry": {"type": "MultiPolygon", "coordinates": [[[[85.3675649, 28.2565278], [85.3676061, 28.2565078], [85.367637, 28.2565575], [85.3675957, 28.2565774], [85.3675649, 28.2565278]]]]}, "properties": {"source": "hot-fair", "dmg": 0.3333333333333333, "dmg_class": 1, "dmg_label": "Minor damage", "confidence": 0.0724, "bid": "1552916417"}}, {"type": "Feature", "geometry": {"type": "MultiPolygon", "coordinates": [[[[85.3674452, 28.256461], [85.3675001, 28.2564588], [85.3675031, 28.2565176], [85.3674482, 28.2565198], [85.3674452, 28.256461]]]]}, "properties": {"source": "hot-fair", "dmg": 0.3333333333333333, "dmg_class": 1, "dmg_label": "Minor damage", "confidence": 0.0604, "bid": "1552916418"}}, {"type": "Feature", "geometry": {"type": "MultiPolygon", "coordinates": [[[[85.3656732, 28.2575029], [85.3658098, 28.257462], [85.3658883, 28.2576652], [85.3657517, 28.2577061], [85.3656732, 28.2575029]]]]}, "properties": {"source": "hot-fair", "dmg": 1.0, "dmg_class": 3, "dmg_label": "Destroyed", "confidence": 0.9573, "bid": "1552916419"}}, {"type": "Feature", "geometry": {"type": "MultiPolygon", "coordinates": [[[[85.3661862, 28.256425], [85.3662388, 28.256405], [85.3662763, 28.2564818], [85.3662238, 28.2565018], [85.3661862, 28.256425]]]]}, "properties": {"source": "hot-fair", "dmg": 1.0, "dmg_class": 3, "dmg_label": "Destroyed", "confidence": 0.9637, "bid": "1552916421"}}, {"type": "Feature", "geometry": {"type": "MultiPolygon", "coordinates": [[[[85.3661017, 28.2562112], [85.3661572, 28.2561938], [85.3662202, 28.2563497], [85.3661647, 28.2563671], [85.3661017, 28.2562112]]]]}, "properties": {"source": "hot-fair", "dmg": 1.0, "dmg_class": 3, "dmg_label": "Destroyed", "confidence": 0.9194, "bid": "1552916422"}}, {"type": "Feature", "geometry": {"type": "MultiPolygon", "coordinates": [[[[85.3660615, 28.2563104], [85.3661092, 28.2562932], [85.3661521, 28.2563853], [85.3661044, 28.2564025], [85.3660615, 28.2563104]]]]}, "properties": {"source": "hot-fair", "dmg": 1.0, "dmg_class": 3, "dmg_label": "Destroyed", "confidence": 0.9696, "bid": "1552916423"}}, {"type": "Feature", "geometry": {"type": "MultiPolygon", "coordinates": [[[[85.3678834, 28.2562161], [85.3679229, 28.2562159], [85.3679236, 28.2563031], [85.367884, 28.2563033], [85.3678834, 28.2562161]]]]}, "properties": {"source": "hot-fair", "dmg": 1.0, "dmg_class": 3, "dmg_label": "Destroyed", "confidence": 0.9175, "bid": "1552916424"}}, {"type": "Feature", "geometry": {"type": "MultiPolygon", "coordinates": [[[[85.3676891, 28.2560862], [85.3677298, 28.2560859], [85.3677303, 28.256159], [85.3676896, 28.2561592], [85.3676891, 28.2560862]]]]}, "properties": {"source": "hot-fair", "dmg": 0.0, "dmg_class": 0, "dmg_label": "No damage", "confidence": 0.8111, "bid": "1552916425"}}, {"type": "Feature", "geometry": {"type": "MultiPolygon", "coordinates": [[[[85.3675068, 28.2561361], [85.367597, 28.2561356], [85.3675975, 28.2561953], [85.3675072, 28.2561958], [85.3675068, 28.2561361]]]]}, "properties": {"source": "hot-fair", "dmg": 0.0, "dmg_class": 0, "dmg_label": "No damage", "confidence": 0.9296, "bid": "1552916426"}}, {"type": "Feature", "geometry": {"type": "MultiPolygon", "coordinates": [[[[85.3659844, 28.2571834], [85.3660729, 28.257132], [85.3661038, 28.2571733], [85.3660153, 28.2572247], [85.3659844, 28.2571834]]]]}, "properties": {"source": "hot-fair", "dmg": 1.0, "dmg_class": 3, "dmg_label": "Destroyed", "confidence": 0.9941, "bid": "1552916427"}}, {"type": "Feature", "geometry": {"type": "MultiPolygon", "coordinates": [[[[85.3674897, 28.2554035], [85.3675402, 28.2553462], [85.3675834, 28.2553758], [85.3675329, 28.2554331], [85.3674897, 28.2554035]]]]}, "properties": {"source": "hot-fair", "dmg": 0.0, "dmg_class": 0, "dmg_label": "No damage", "confidence": 0.8724, "bid": "1552855513"}}, {"type": "Feature", "geometry": {"type": "MultiPolygon", "coordinates": [[[[85.3668062, 28.2532107], [85.3668747, 28.2532051], [85.3668887, 28.2533391], [85.3668203, 28.2533447], [85.3668062, 28.2532107]]]]}, "properties": {"source": "hot-fair", "dmg": 1.0, "dmg_class": 3, "dmg_label": "Destroyed", "confidence": 0.8741, "bid": "1552646433"}}, {"type": "Feature", "geometry": {"type": "MultiPolygon", "coordinates": [[[[85.3670718, 28.2546797], [85.3671637, 28.2546736], [85.3671719, 28.2547695], [85.3670801, 28.2547756], [85.3670718, 28.2546797]]]]}, "properties": {"source": "hot-fair", "dmg": 1.0, "dmg_class": 3, "dmg_label": "Destroyed", "confidence": 0.9788, "bid": "1552598458"}}, {"type": "Feature", "geometry": {"type": "MultiPolygon", "coordinates": [[[[85.3645205, 28.2532094], [85.3645822, 28.2531988], [85.3645969, 28.2532649], [85.3645353, 28.2532756], [85.3645205, 28.2532094]]]]}, "properties": {"source": "hot-fair", "dmg": 1.0, "dmg_class": 3, "dmg_label": "Destroyed", "confidence": 0.9926, "bid": "851367091"}}, {"type": "Feature", "geometry": {"type": "MultiPolygon", "coordinates": [[[[85.3664303, 28.253467], [85.3664585, 28.2534635], [85.3664665, 28.2535143], [85.3664383, 28.2535178], [85.3664303, 28.253467]]]]}, "properties": {"source": "hot-fair", "dmg": 1.0, "dmg_class": 3, "dmg_label": "Destroyed", "confidence": 0.9992, "bid": "853711535"}}, {"type": "Feature", "geometry": {"type": "MultiPolygon", "coordinates": [[[[85.3666013, 28.2536241], [85.3666017, 28.2535904], [85.3666634, 28.253591], [85.366663, 28.2536247], [85.3666013, 28.2536241]]]]}, "properties": {"source": "hot-fair", "dmg": 1.0, "dmg_class": 3, "dmg_label": "Destroyed", "confidence": 0.9396, "bid": "853711531"}}, {"type": "Feature", "geometry": {"type": "MultiPolygon", "coordinates": [[[[85.3663681, 28.2537028], [85.3663688, 28.2536583], [85.3664668, 28.2536594], [85.3664661, 28.2537039], [85.3663681, 28.2537028]]]]}, "properties": {"source": "hot-fair", "dmg": 1.0, "dmg_class": 3, "dmg_label": "Destroyed", "confidence": 0.999, "bid": "340624502"}}, {"type": "Feature", "geometry": {"type": "MultiPolygon", "coordinates": [[[[85.366462, 28.2537701], [85.3665645, 28.2537571], [85.3665834, 28.253873], [85.366481, 28.2538859], [85.366462, 28.2537701]]]]}, "properties": {"source": "hot-fair", "dmg": 1.0, "dmg_class": 3, "dmg_label": "Destroyed", "confidence": 0.9855, "bid": "340615912"}}, {"type": "Feature", "geometry": {"type": "MultiPolygon", "coordinates": [[[[85.366685, 28.2536372], [85.3667653, 28.2536294], [85.3667731, 28.2536911], [85.3666928, 28.2536989], [85.366685, 28.2536372]]]]}, "properties": {"source": "hot-fair", "dmg": 1.0, "dmg_class": 3, "dmg_label": "Destroyed", "confidence": 0.9945, "bid": "340624536"}}, {"type": "Feature", "geometry": {"type": "MultiPolygon", "coordinates": [[[[85.3666882, 28.2537133], [85.366884, 28.2537027], [85.3668959, 28.2538726], [85.3668554, 28.2538748], [85.3668471, 28.2537562], [85.3666918, 28.2537647], [85.3666882, 28.2537133]]]]}, "properties": {"source": "hot-fair", "dmg": 1.0, "dmg_class": 3, "dmg_label": "Destroyed", "confidence": 0.9309, "bid": "886474961"}}, {"type": "Feature", "geometry": {"type": "MultiPolygon", "coordinates": [[[[85.3670153, 28.2534042], [85.36702, 28.2532901], [85.36707, 28.2532917], [85.3670654, 28.2534058], [85.3670153, 28.2534042]]]]}, "properties": {"source": "hot-fair", "dmg": 0.0, "dmg_class": 0, "dmg_label": "No damage", "confidence": 0.8851, "bid": "340624499"}}, {"type": "Feature", "geometry": {"type": "MultiPolygon", "coordinates": [[[[85.3667065, 28.2526265], [85.3667954, 28.2526037], [85.3668356, 28.2527254], [85.3667468, 28.2527481], [85.3667065, 28.2526265]]]]}, "properties": {"source": "hot-fair", "dmg": 1.0, "dmg_class": 3, "dmg_label": "Destroyed", "confidence": 0.9997, "bid": "851368441"}}, {"type": "Feature", "geometry": {"type": "MultiPolygon", "coordinates": [[[[85.3666798, 28.2525589], [85.3667361, 28.25254], [85.3667548, 28.2525833], [85.3666985, 28.2526022], [85.3666798, 28.2525589]]]]}, "properties": {"source": "hot-fair", "dmg": 1.0, "dmg_class": 3, "dmg_label": "Destroyed", "confidence": 0.9985, "bid": "853711544"}}, {"type": "Feature", "geometry": {"type": "MultiPolygon", "coordinates": [[[[85.3664571, 28.2526117], [85.3664969, 28.2526058], [85.3665157, 28.2527051], [85.3664759, 28.2527109], [85.3664571, 28.2526117]]]]}, "properties": {"source": "hot-fair", "dmg": 1.0, "dmg_class": 3, "dmg_label": "Destroyed", "confidence": 0.9999, "bid": "853711545"}}, {"type": "Feature", "geometry": {"type": "MultiPolygon", "coordinates": [[[[85.3663619, 28.2528048], [85.3665329, 28.2527812], [85.3665476, 28.2528641], [85.3663767, 28.2528878], [85.3663619, 28.2528048]]]]}, "properties": {"source": "hot-fair", "dmg": 1.0, "dmg_class": 3, "dmg_label": "Destroyed", "confidence": 0.9999, "bid": "851368439"}}, {"type": "Feature", "geometry": {"type": "MultiPolygon", "coordinates": [[[[85.3667374, 28.2559844], [85.3667696, 28.2559714], [85.3667868, 28.2560045], [85.3667546, 28.2560175], [85.3667374, 28.2559844]]]]}, "properties": {"source": "hot-fair", "dmg": 1.0, "dmg_class": 3, "dmg_label": "Destroyed", "confidence": 0.9848, "bid": "853711502"}}, {"type": "Feature", "geometry": {"type": "MultiPolygon", "coordinates": [[[[85.3671014, 28.2560765], [85.3671202, 28.2560419], [85.3671506, 28.2560547], [85.3671318, 28.2560893], [85.3671014, 28.2560765]]]]}, "properties": {"source": "hot-fair", "dmg": 0.3333333333333333, "dmg_class": 1, "dmg_label": "Minor damage", "confidence": 0.1071, "bid": "341558535"}}, {"type": "Feature", "geometry": {"type": "MultiPolygon", "coordinates": [[[[85.3664903, 28.2551372], [85.3665362, 28.2551279], [85.366559, 28.2552153], [85.3665131, 28.2552246], [85.3664903, 28.2551372]]]]}, "properties": {"source": "hot-fair", "dmg": 1.0, "dmg_class": 3, "dmg_label": "Destroyed", "confidence": 0.9789, "bid": "853711513"}}, {"type": "Feature", "geometry": {"type": "MultiPolygon", "coordinates": [[[[85.3669358, 28.2554223], [85.3669448, 28.2553793], [85.3670459, 28.2553956], [85.3670647, 28.2553049], [85.3670303, 28.2552994], [85.3670413, 28.2552463], [85.3671269, 28.2552601], [85.3670881, 28.2554469], [85.3669358, 28.2554223]]]]}, "properties": {"source": "hot-fair", "dmg": 1.0, "dmg_class": 3, "dmg_label": "Destroyed", "confidence": 0.9524, "bid": "886474960"}}, {"type": "Feature", "geometry": {"type": "MultiPolygon", "coordinates": [[[[85.3667743, 28.2541901], [85.3668603, 28.2541851], [85.3668657, 28.2542578], [85.3667797, 28.2542628], [85.3667743, 28.2541901]]]]}, "properties": {"source": "hot-fair", "dmg": 1.0, "dmg_class": 3, "dmg_label": "Destroyed", "confidence": 0.9851, "bid": "340624537"}}, {"type": "Feature", "geometry": {"type": "MultiPolygon", "coordinates": [[[[85.3666933, 28.2541945], [85.3667629, 28.2541884], [85.3667726, 28.254274], [85.3667031, 28.2542802], [85.3666933, 28.2541945]]]]}, "properties": {"source": "hot-fair", "dmg": 1.0, "dmg_class": 3, "dmg_label": "Destroyed", "confidence": 0.9972, "bid": "340624557"}}, {"type": "Feature", "geometry": {"type": "MultiPolygon", "coordinates": [[[[85.3667628, 28.2539186], [85.3668049, 28.253915], [85.3668079, 28.253943], [85.3668129, 28.2539876], [85.3667708, 28.2539912], [85.3667628, 28.2539186]]]]}, "properties": {"source": "hot-fair", "dmg": 1.0, "dmg_class": 3, "dmg_label": "Destroyed", "confidence": 0.9912, "bid": "340624524"}}, {"type": "Feature", "geometry": {"type": "MultiPolygon", "coordinates": [[[[85.3666997, 28.2539331], [85.3667477, 28.2539258], [85.3667572, 28.2539744], [85.3667091, 28.2539816], [85.3666997, 28.2539331]]]]}, "properties": {"source": "hot-fair", "dmg": 1.0, "dmg_class": 3, "dmg_label": "Destroyed", "confidence": 0.9782, "bid": "340624553"}}, {"type": "Feature", "geometry": {"type": "MultiPolygon", "coordinates": [[[[85.3664092, 28.2540715], [85.3664105, 28.2540197], [85.3664817, 28.2540211], [85.3664805, 28.2540728], [85.3664092, 28.2540715]]]]}, "properties": {"source": "hot-fair", "dmg": 1.0, "dmg_class": 3, "dmg_label": "Destroyed", "confidence": 0.9715, "bid": "340624548"}}, {"type": "Feature", "geometry": {"type": "MultiPolygon", "coordinates": [[[[85.3664885, 28.2539551], [85.3665626, 28.2539545], [85.3665638, 28.2540699], [85.3664897, 28.2540706], [85.3664885, 28.2539551]]]]}, "properties": {"source": "hot-fair", "dmg": 1.0, "dmg_class": 3, "dmg_label": "Destroyed", "confidence": 0.9972, "bid": "340615907"}}, {"type": "Feature", "geometry": {"type": "MultiPolygon", "coordinates": [[[[85.3663804, 28.2539155], [85.3664742, 28.2539049], [85.3664805, 28.2539484], [85.3663868, 28.253959], [85.3663804, 28.2539155]]]]}, "properties": {"source": "hot-fair", "dmg": 1.0, "dmg_class": 3, "dmg_label": "Destroyed", "confidence": 0.9988, "bid": "340624500"}}, {"type": "Feature", "geometry": {"type": "MultiPolygon", "coordinates": [[[[85.3647472, 28.2542236], [85.3648024, 28.254216], [85.3648111, 28.254265], [85.3647559, 28.2542726], [85.3647472, 28.2542236]]]]}, "properties": {"source": "hot-fair", "dmg": 1.0, "dmg_class": 3, "dmg_label": "Destroyed", "confidence": 0.7382, "bid": "851368427"}}, {"type": "Feature", "geometry": {"type": "MultiPolygon", "coordinates": [[[[85.3641571, 28.255233], [85.3642381, 28.2552326], [85.3642394, 28.2554429], [85.3641585, 28.2554433], [85.3641571, 28.255233]]]]}, "properties": {"source": "hot-fair", "dmg": 1.0, "dmg_class": 3, "dmg_label": "Destroyed", "confidence": 0.5913, "bid": "851368425"}}, {"type": "Feature", "geometry": {"type": "MultiPolygon", "coordinates": [[[[85.3646667, 28.2537605], [85.3647577, 28.2537547], [85.3647651, 28.2538439], [85.3646741, 28.2538497], [85.3646667, 28.2537605]]]]}, "properties": {"source": "hot-fair", "dmg": 1.0, "dmg_class": 3, "dmg_label": "Destroyed", "confidence": 0.998, "bid": "851368428"}}, {"type": "Feature", "geometry": {"type": "MultiPolygon", "coordinates": [[[[85.3656444, 28.2529968], [85.3657047, 28.2529957], [85.3657074, 28.2531043], [85.3656471, 28.2531055], [85.3656444, 28.2529968]]]]}, "properties": {"source": "hot-fair", "dmg": 1.0, "dmg_class": 3, "dmg_label": "Destroyed", "confidence": 0.5599, "bid": "851369400"}}, {"type": "Feature", "geometry": {"type": "MultiPolygon", "coordinates": [[[[85.3659309, 28.2525043], [85.3660516, 28.2524984], [85.3660534, 28.2525266], [85.3659327, 28.2525325], [85.3659309, 28.2525043]]]]}, "properties": {"source": "hot-fair", "dmg": 1.0, "dmg_class": 3, "dmg_label": "Destroyed", "confidence": 0.9999, "bid": "853711550"}}, {"type": "Feature", "geometry": {"type": "MultiPolygon", "coordinates": [[[[85.3659153, 28.2523376], [85.3659381, 28.2522821], [85.3659909, 28.2522989], [85.3659681, 28.2523544], [85.3659153, 28.2523376]]]]}, "properties": {"source": "hot-fair", "dmg": 1.0, "dmg_class": 3, "dmg_label": "Destroyed", "confidence": 0.9999, "bid": "853711553"}}, {"type": "Feature", "geometry": {"type": "MultiPolygon", "coordinates": [[[[85.3660454, 28.2523138], [85.36607, 28.2522242], [85.3661449, 28.2522401], [85.3661203, 28.2523298], [85.3660454, 28.2523138]]]]}, "properties": {"source": "hot-fair", "dmg": 1.0, "dmg_class": 3, "dmg_label": "Destroyed", "confidence": 0.9998, "bid": "340624527"}}, {"type": "Feature", "geometry": {"type": "MultiPolygon", "coordinates": [[[[85.3660752, 28.252216], [85.3660865, 28.2521772], [85.3661529, 28.2521922], [85.3661416, 28.2522311], [85.3660752, 28.252216]]]]}, "properties": {"source": "hot-fair", "dmg": 1.0, "dmg_class": 3, "dmg_label": "Destroyed", "confidence": 0.9998, "bid": "340624552"}}, {"type": "Feature", "geometry": {"type": "MultiPolygon", "coordinates": [[[[85.3658804, 28.2523081], [85.3658845, 28.2522644], [85.3659111, 28.2522663], [85.3659071, 28.25231], [85.3658804, 28.2523081]]]]}, "properties": {"source": "hot-fair", "dmg": 1.0, "dmg_class": 3, "dmg_label": "Destroyed", "confidence": 0.9998, "bid": "853711552"}}, {"type": "Feature", "geometry": {"type": "MultiPolygon", "coordinates": [[[[85.3657316, 28.2519773], [85.3657477, 28.2519383], [85.3657936, 28.2519531], [85.3657775, 28.251992], [85.3657316, 28.2519773]]]]}, "properties": {"source": "hot-fair", "dmg": 1.0, "dmg_class": 3, "dmg_label": "Destroyed", "confidence": 0.9945, "bid": "851368444"}}, {"type": "Feature", "geometry": {"type": "MultiPolygon", "coordinates": [[[[85.3669171, 28.2524357], [85.3669372, 28.2523872], [85.3669708, 28.2523981], [85.3669507, 28.2524465], [85.3669171, 28.2524357]]]]}, "properties": {"source": "hot-fair", "dmg": 1.0, "dmg_class": 3, "dmg_label": "Destroyed", "confidence": 0.9025, "bid": "853711547"}}, {"type": "Feature", "geometry": {"type": "MultiPolygon", "coordinates": [[[[85.3669198, 28.2523388], [85.3669225, 28.2521651], [85.3670287, 28.2521664], [85.367026, 28.2523401], [85.3669198, 28.2523388]]]]}, "properties": {"source": "hot-fair", "dmg": 0.0, "dmg_class": 0, "dmg_label": "No damage", "confidence": 0.7809, "bid": "851367089"}}, {"type": "Feature", "geometry": {"type": "MultiPolygon", "coordinates": [[[[85.3667468, 28.2520246], [85.3667736, 28.2519265], [85.3668191, 28.2519362], [85.3667923, 28.2520342], [85.3667468, 28.2520246]]]]}, "properties": {"source": "hot-fair", "dmg": 1.0, "dmg_class": 3, "dmg_label": "Destroyed", "confidence": 0.97, "bid": "851369404"}}, {"type": "Feature", "geometry": {"type": "MultiPolygon", "coordinates": [[[[85.3665859, 28.2518048], [85.36661, 28.2517464], [85.3666413, 28.2517564], [85.3666172, 28.2518149], [85.3665859, 28.2518048]]]]}, "properties": {"source": "hot-fair", "dmg": 1.0, "dmg_class": 3, "dmg_label": "Destroyed", "confidence": 0.9966, "bid": "851508429"}}, {"type": "Feature", "geometry": {"type": "MultiPolygon", "coordinates": [[[[85.3662318, 28.251578], [85.3663365, 28.2514834], [85.3662941, 28.251447], [85.3663372, 28.2514081], [85.3664424, 28.2514985], [85.3662946, 28.251632], [85.3662318, 28.251578]]]]}, "properties": {"source": "hot-fair", "dmg": 1.0, "dmg_class": 3, "dmg_label": "Destroyed", "confidence": 0.9998, "bid": "851368435"}}, {"type": "Feature", "geometry": {"type": "MultiPolygon", "coordinates": [[[[85.3661473, 28.2514906], [85.3662036, 28.2514221], [85.3662679, 28.251463], [85.3662115, 28.2515316], [85.3661473, 28.2514906]]]]}, "properties": {"source": "hot-fair", "dmg": 1.0, "dmg_class": 3, "dmg_label": "Destroyed", "confidence": 0.9997, "bid": "851369402"}}, {"type": "Feature", "geometry": {"type": "MultiPolygon", "coordinates": [[[[85.3662863, 28.2512758], [85.3663094, 28.2512122], [85.366419, 28.2512432], [85.366396, 28.2513066], [85.3662863, 28.2512758]]]]}, "properties": {"source": "hot-fair", "dmg": 1.0, "dmg_class": 3, "dmg_label": "Destroyed", "confidence": 0.9996, "bid": "340624523"}}, {"type": "Feature", "geometry": {"type": "MultiPolygon", "coordinates": [[[[85.3660937, 28.251708], [85.3661084, 28.2516347], [85.3661686, 28.2516441], [85.3661538, 28.2517174], [85.3660937, 28.251708]]]]}, "properties": {"source": "hot-fair", "dmg": 1.0, "dmg_class": 3, "dmg_label": "Destroyed", "confidence": 0.9999, "bid": "851369401"}}, {"type": "Feature", "geometry": {"type": "MultiPolygon", "coordinates": [[[[85.3660481, 28.2518568], [85.3660776, 28.2517351], [85.3661787, 28.2517542], [85.3661492, 28.2518758], [85.3660481, 28.2518568]]]]}, "properties": {"source": "hot-fair", "dmg": 1.0, "dmg_class": 3, "dmg_label": "Destroyed", "confidence": 0.9999, "bid": "851369403"}}, {"type": "Feature", "geometry": {"type": "MultiPolygon", "coordinates": [[[[85.3659783, 28.2518993], [85.3659984, 28.2518474], [85.3660654, 28.2518675], [85.3660452, 28.2519194], [85.3659783, 28.2518993]]]]}, "properties": {"source": "hot-fair", "dmg": 1.0, "dmg_class": 3, "dmg_label": "Destroyed", "confidence": 1.0, "bid": "853711557"}}, {"type": "Feature", "geometry": {"type": "MultiPolygon", "coordinates": [[[[85.3661178, 28.2508208], [85.3661755, 28.2507943], [85.3662045, 28.2508496], [85.3661281, 28.2508638], [85.3661178, 28.2508208]]]]}, "properties": {"source": "hot-fair", "dmg": 1.0, "dmg_class": 3, "dmg_label": "Destroyed", "confidence": 0.9183, "bid": "853711558"}}, {"type": "Feature", "geometry": {"type": "MultiPolygon", "coordinates": [[[[85.3660762, 28.2506766], [85.3661446, 28.2506743], [85.3661472, 28.2507324], [85.3660788, 28.2507347], [85.3660762, 28.2506766]]]]}, "properties": {"source": "hot-fair", "dmg": 1.0, "dmg_class": 3, "dmg_label": "Destroyed", "confidence": 0.9916, "bid": "853711559"}}, {"type": "Feature", "geometry": {"type": "MultiPolygon", "coordinates": [[[[85.3674006, 28.2515644], [85.3674319, 28.2515298], [85.3674815, 28.2515647], [85.3674502, 28.2515993], [85.3674006, 28.2515644]]]]}, "properties": {"source": "hot-fair", "dmg": 0.0, "dmg_class": 0, "dmg_label": "No damage", "confidence": 0.9699, "bid": "851368429"}}, {"type": "Feature", "geometry": {"type": "MultiPolygon", "coordinates": [[[[85.3671491, 28.2553618], [85.3672108, 28.2552519], [85.3672452, 28.255267], [85.3671836, 28.2553768], [85.3671491, 28.2553618]]]]}, "properties": {"source": "hot-fair", "dmg": 1.0, "dmg_class": 3, "dmg_label": "Destroyed", "confidence": 0.5406, "bid": "851966261"}}, {"type": "Feature", "geometry": {"type": "MultiPolygon", "coordinates": [[[[85.3680396, 28.2561556], [85.3680815, 28.2561397], [85.3681268, 28.2562318], [85.3680849, 28.2562478], [85.3680396, 28.2561556]]]]}, "properties": {"source": "hot-fair", "dmg": 0.3333333333333333, "dmg_class": 1, "dmg_label": "Minor damage", "confidence": 0.084, "bid": "851367119"}}, {"type": "Feature", "geometry": {"type": "MultiPolygon", "coordinates": [[[[85.3675354, 28.2566707], [85.3675676, 28.2566584], [85.3675825, 28.2566885], [85.3675502, 28.2567009], [85.3675354, 28.2566707]]]]}, "properties": {"source": "hot-fair", "dmg": 0.6666666666666666, "dmg_class": 2, "dmg_label": "Major damage", "confidence": 0.1768, "bid": "851367120"}}, {"type": "Feature", "geometry": {"type": "MultiPolygon", "coordinates": [[[[85.3673851, 28.2568089], [85.3674379, 28.256788], [85.3674753, 28.2568613], [85.3674226, 28.2568822], [85.3673851, 28.2568089]]]]}, "properties": {"source": "hot-fair", "dmg": 0.6666666666666666, "dmg_class": 2, "dmg_label": "Major damage", "confidence": 0.5181, "bid": "851367121"}}, {"type": "Feature", "geometry": {"type": "MultiPolygon", "coordinates": [[[[85.3675246, 28.2569837], [85.3675541, 28.2569566], [85.3675986, 28.256994], [85.3675691, 28.2570212], [85.3675246, 28.2569837]]]]}, "properties": {"source": "hot-fair", "dmg": 0.3333333333333333, "dmg_class": 1, "dmg_label": "Minor damage", "confidence": 0.2446, "bid": "853711496"}}, {"type": "Feature", "geometry": {"type": "MultiPolygon", "coordinates": [[[[85.3675796, 28.2572176], [85.3676073, 28.257188], [85.3676971, 28.2572529], [85.3676695, 28.2572826], [85.3675796, 28.2572176]]]]}, "properties": {"source": "hot-fair", "dmg": 1.0, "dmg_class": 3, "dmg_label": "Destroyed", "confidence": 0.4824, "bid": "851367123"}}, {"type": "Feature", "geometry": {"type": "MultiPolygon", "coordinates": [[[[85.3674133, 28.2570487], [85.367458, 28.2570316], [85.3674915, 28.2570997], [85.3674468, 28.2571167], [85.3674133, 28.2570487]]]]}, "properties": {"source": "hot-fair", "dmg": 0.3333333333333333, "dmg_class": 1, "dmg_label": "Minor damage", "confidence": 0.2358, "bid": "851367122"}}, {"type": "Feature", "geometry": {"type": "MultiPolygon", "coordinates": [[[[85.3642282, 28.2559643], [85.364285, 28.2559613], [85.3642917, 28.2560617], [85.3642349, 28.2560647], [85.3642282, 28.2559643]]]]}, "properties": {"source": "hot-fair", "dmg": 1.0, "dmg_class": 3, "dmg_label": "Destroyed", "confidence": 0.9084, "bid": "851368423"}}, {"type": "Feature", "geometry": {"type": "MultiPolygon", "coordinates": [[[[85.3668279, 28.2562761], [85.36688, 28.2562757], [85.3668813, 28.2564033], [85.3668293, 28.2564037], [85.3668279, 28.2562761]]]]}, "properties": {"source": "hot-fair", "dmg": 1.0, "dmg_class": 3, "dmg_label": "Destroyed", "confidence": 0.8881, "bid": "851508431"}}, {"type": "Feature", "geometry": {"type": "MultiPolygon", "coordinates": [[[[85.3666985, 28.2561604], [85.3667238, 28.2561549], [85.3667466, 28.2562364], [85.3667213, 28.2562419], [85.3666985, 28.2561604]]]]}, "properties": {"source": "hot-fair", "dmg": 0.3333333333333333, "dmg_class": 1, "dmg_label": "Minor damage", "confidence": 0.0393, "bid": "853711505"}}, {"type": "Feature", "geometry": {"type": "MultiPolygon", "coordinates": [[[[85.3667589, 28.2561722], [85.366796, 28.256166], [85.3667973, 28.2561721], [85.3668188, 28.2562723], [85.3667817, 28.2562785], [85.3667589, 28.2561722]]]]}, "properties": {"source": "hot-fair", "dmg": 1.0, "dmg_class": 3, "dmg_label": "Destroyed", "confidence": 0.6648, "bid": "853711504"}}, {"type": "Feature", "geometry": {"type": "MultiPolygon", "coordinates": [[[[85.3665919, 28.2562171], [85.3666355, 28.2561928], [85.3666677, 28.2562377], [85.3666241, 28.256262], [85.3665919, 28.2562171]]]]}, "properties": {"source": "hot-fair", "dmg": 0.3333333333333333, "dmg_class": 1, "dmg_label": "Minor damage", "confidence": 0.0627, "bid": "851508432"}}, {"type": "Feature", "geometry": {"type": "MultiPolygon", "coordinates": [[[[85.3665899, 28.2560984], [85.3666413, 28.2560713], [85.3666741, 28.2561197], [85.3666227, 28.2561468], [85.3665899, 28.2560984]]]]}, "properties": {"source": "hot-fair", "dmg": 0.0, "dmg_class": 0, "dmg_label": "No damage", "confidence": 0.9256, "bid": "851508433"}}, {"type": "Feature", "geometry": {"type": "MultiPolygon", "coordinates": [[[[85.3664884, 28.2560082], [85.3666272, 28.2559976], [85.3666328, 28.2560546], [85.366494, 28.2560653], [85.3664884, 28.2560082]]]]}, "properties": {"source": "hot-fair", "dmg": 1.0, "dmg_class": 3, "dmg_label": "Destroyed", "confidence": 0.7706, "bid": "851508434"}}, {"type": "Feature", "geometry": {"type": "MultiPolygon", "coordinates": [[[[85.3664343, 28.255982], [85.366466, 28.2559762], [85.3664807, 28.2560388], [85.3664491, 28.2560446], [85.3664343, 28.255982]]]]}, "properties": {"source": "hot-fair", "dmg": 0.6666666666666666, "dmg_class": 2, "dmg_label": "Major damage", "confidence": 0.0339, "bid": "853711503"}}, {"type": "Feature", "geometry": {"type": "MultiPolygon", "coordinates": [[[[85.366724, 28.2559017], [85.3667964, 28.2558816], [85.3668056, 28.2559073], [85.3667332, 28.2559273], [85.366724, 28.2559017]]]]}, "properties": {"source": "hot-fair", "dmg": 1.0, "dmg_class": 3, "dmg_label": "Destroyed", "confidence": 0.9938, "bid": "853711506"}}, {"type": "Feature", "geometry": {"type": "MultiPolygon", "coordinates": [[[[85.3642813, 28.2551572], [85.3643543, 28.2551474], [85.3643701, 28.2552389], [85.3642971, 28.2552486], [85.3642813, 28.2551572]]]]}, "properties": {"source": "hot-fair", "dmg": 1.0, "dmg_class": 3, "dmg_label": "Destroyed", "confidence": 0.8233, "bid": "851368426"}}, {"type": "Feature", "geometry": {"type": "MultiPolygon", "coordinates": [[[[85.3641558, 28.2556441], [85.3641585, 28.2554681], [85.3642371, 28.2554691], [85.3642344, 28.2556451], [85.3641558, 28.2556441]]]]}, "properties": {"source": "hot-fair", "dmg": 1.0, "dmg_class": 3, "dmg_label": "Destroyed", "confidence": 0.8358, "bid": "851368424"}}, {"type": "Feature", "geometry": {"type": "MultiPolygon", "coordinates": [[[[85.3664038, 28.2543944], [85.3664347, 28.254372], [85.3664574, 28.2543962], [85.3664266, 28.2544187], [85.3664038, 28.2543944]]]]}, "properties": {"source": "hot-fair", "dmg": 1.0, "dmg_class": 3, "dmg_label": "Destroyed", "confidence": 0.978, "bid": "853711523"}}, {"type": "Feature", "geometry": {"type": "MultiPolygon", "coordinates": [[[[85.3667568, 28.2580026], [85.3667766, 28.2579841], [85.3668377, 28.2580349], [85.3668179, 28.2580534], [85.3667568, 28.2580026]]]]}, "properties": {"source": "hot-fair", "dmg": 1.0, "dmg_class": 3, "dmg_label": "Destroyed", "confidence": 0.9928, "bid": "1552614211"}}, {"type": "Feature", "geometry": {"type": "MultiPolygon", "coordinates": [[[[85.3667179, 28.2580191], [85.3667378, 28.2580026], [85.3668001, 28.2580604], [85.3667803, 28.258077], [85.3667179, 28.2580191]]]]}, "properties": {"source": "hot-fair", "dmg": 1.0, "dmg_class": 3, "dmg_label": "Destroyed", "confidence": 0.9975, "bid": "1552614212"}}, {"type": "Feature", "geometry": {"type": "MultiPolygon", "coordinates": [[[[85.3666998, 28.2580475], [85.3667187, 28.2580321], [85.3667723, 28.2580829], [85.3667535, 28.2580983], [85.3666998, 28.2580475]]]]}, "properties": {"source": "hot-fair", "dmg": 1.0, "dmg_class": 3, "dmg_label": "Destroyed", "confidence": 0.9992, "bid": "1552614213"}}, {"type": "Feature", "geometry": {"type": "MultiPolygon", "coordinates": [[[[85.3665919, 28.2578744], [85.366606, 28.2578497], [85.3666858, 28.2578851], [85.3666717, 28.2579099], [85.3665919, 28.2578744]]]]}, "properties": {"source": "hot-fair", "dmg": 1.0, "dmg_class": 3, "dmg_label": "Destroyed", "confidence": 0.9559, "bid": "1552614214"}}, {"type": "Feature", "geometry": {"type": "MultiPolygon", "coordinates": [[[[85.3667039, 28.2579175], [85.3667236, 28.257894], [85.366788, 28.257936], [85.3667682, 28.2579595], [85.3667039, 28.2579175]]]]}, "properties": {"source": "hot-fair", "dmg": 1.0, "dmg_class": 3, "dmg_label": "Destroyed", "confidence": 0.9475, "bid": "1552614215"}}, {"type": "Feature", "geometry": {"type": "MultiPolygon", "coordinates": [[[[85.3666328, 28.2579512], [85.3666551, 28.2579373], [85.3667041, 28.2579981], [85.3666817, 28.258012], [85.3666328, 28.2579512]]]]}, "properties": {"source": "hot-fair", "dmg": 1.0, "dmg_class": 3, "dmg_label": "Destroyed", "confidence": 0.9978, "bid": "1552614216"}}, {"type": "Feature", "geometry": {"type": "MultiPolygon", "coordinates": [[[[85.3666529, 28.2580552], [85.3666682, 28.2580406], [85.3667305, 28.2580914], [85.3667153, 28.258106], [85.3666529, 28.2580552]]]]}, "properties": {"source": "hot-fair", "dmg": 1.0, "dmg_class": 3, "dmg_label": "Destroyed", "confidence": 0.9997, "bid": "1552614217"}}, {"type": "Feature", "geometry": {"type": "MultiPolygon", "coordinates": [[[[85.3666234, 28.2580735], [85.3666411, 28.2580577], [85.3667041, 28.2581126], [85.3666864, 28.2581284], [85.3666234, 28.2580735]]]]}, "properties": {"source": "hot-fair", "dmg": 1.0, "dmg_class": 3, "dmg_label": "Destroyed", "confidence": 0.9998, "bid": "1552614218"}}, {"type": "Feature", "geometry": {"type": "MultiPolygon", "coordinates": [[[[85.3667703, 28.2581207], [85.3667921, 28.2581008], [85.3668565, 28.2581557], [85.3668346, 28.2581756], [85.3667703, 28.2581207]]]]}, "properties": {"source": "hot-fair", "dmg": 1.0, "dmg_class": 3, "dmg_label": "Destroyed", "confidence": 0.9977, "bid": "1552614219"}}, {"type": "Feature", "geometry": {"type": "MultiPolygon", "coordinates": [[[[85.3666791, 28.2581733], [85.3667009, 28.2581505], [85.3667686, 28.2582007], [85.3667468, 28.2582235], [85.3666791, 28.2581733]]]]}, "properties": {"source": "hot-fair", "dmg": 1.0, "dmg_class": 3, "dmg_label": "Destroyed", "confidence": 0.9992, "bid": "1552614220"}}, {"type": "Feature", "geometry": {"type": "MultiPolygon", "coordinates": [[[[85.3659506, 28.2524408], [85.3659818, 28.2524399], [85.3659791, 28.2523667], [85.3660271, 28.2523654], [85.3660314, 28.2524836], [85.3659522, 28.2524858], [85.3659506, 28.2524408]]]]}, "properties": {"source": "hot-fair", "dmg": 1.0, "dmg_class": 3, "dmg_label": "Destroyed", "confidence": 0.9998, "bid": "853711548"}}, {"type": "Feature", "geometry": {"type": "MultiPolygon", "coordinates": [[[[85.3664303, 28.2524008], [85.3665092, 28.2523701], [85.3665675, 28.2524865], [85.3664886, 28.2525172], [85.3664303, 28.2524008]]]]}, "properties": {"source": "hot-fair", "dmg": 1.0, "dmg_class": 3, "dmg_label": "Destroyed", "confidence": 0.9994, "bid": "851368442"}}, {"type": "Feature", "geometry": {"type": "MultiPolygon", "coordinates": [[[[85.3661297, 28.2539226], [85.3661793, 28.2539178], [85.3661857, 28.2539695], [85.366136, 28.2539742], [85.3661297, 28.2539226]]]]}, "properties": {"source": "hot-fair", "dmg": 1.0, "dmg_class": 3, "dmg_label": "Destroyed", "confidence": 0.97, "bid": "853711529"}}, {"type": "Feature", "geometry": {"type": "MultiPolygon", "coordinates": [[[[85.366274, 28.2541798], [85.3663102, 28.2541798], [85.3663102, 28.2542164], [85.366274, 28.2542164], [85.366274, 28.2541798]]]]}, "properties": {"source": "hot-fair", "dmg": 1.0, "dmg_class": 3, "dmg_label": "Destroyed", "confidence": 0.9883, "bid": "853711526"}}, {"type": "Feature", "geometry": {"type": "MultiPolygon", "coordinates": [[[[85.3664438, 28.2530683], [85.3665395, 28.2530557], [85.3665526, 28.2531331], [85.3664569, 28.2531457], [85.3664438, 28.2530683]]]]}, "properties": {"source": "hot-fair", "dmg": 1.0, "dmg_class": 3, "dmg_label": "Destroyed", "confidence": 0.9998, "bid": "340624535"}}, {"type": "Feature", "geometry": {"type": "MultiPolygon", "coordinates": [[[[85.3658338, 28.2525161], [85.3658552, 28.2523601], [85.3659099, 28.252366], [85.3658885, 28.2525219], [85.3658338, 28.2525161]]]]}, "properties": {"source": "hot-fair", "dmg": 1.0, "dmg_class": 3, "dmg_label": "Destroyed", "confidence": 0.9997, "bid": "853711551"}}, {"type": "Feature", "geometry": {"type": "MultiPolygon", "coordinates": [[[[85.3659904, 28.2527617], [85.3660447, 28.2527548], [85.3660728, 28.2529261], [85.3660186, 28.252933], [85.3659904, 28.2527617]]]]}, "properties": {"source": "hot-fair", "dmg": 1.0, "dmg_class": 3, "dmg_label": "Destroyed", "confidence": 0.9997, "bid": "851369398"}}, {"type": "Feature", "geometry": {"type": "MultiPolygon", "coordinates": [[[[85.3664249, 28.251729], [85.3664524, 28.2516818], [85.3664853, 28.2516967], [85.3664577, 28.2517439], [85.3664249, 28.251729]]]]}, "properties": {"source": "hot-fair", "dmg": 1.0, "dmg_class": 3, "dmg_label": "Destroyed", "confidence": 0.9994, "bid": "1552646435"}}, {"type": "Feature", "geometry": {"type": "MultiPolygon", "coordinates": [[[[85.3664991, 28.2517614], [85.3665267, 28.2517142], [85.3665595, 28.2517291], [85.366532, 28.2517763], [85.3664991, 28.2517614]]]]}, "properties": {"source": "hot-fair", "dmg": 1.0, "dmg_class": 3, "dmg_label": "Destroyed", "confidence": 0.9989, "bid": "1552646436"}}, {"type": "Feature", "geometry": {"type": "MultiPolygon", "coordinates": [[[[85.3662951, 28.2526956], [85.3663311, 28.2526869], [85.366351, 28.2527513], [85.3665292, 28.2527085], [85.366545, 28.2527596], [85.3663308, 28.252811], [85.3662951, 28.2526956]]]]}, "properties": {"source": "hot-fair", "dmg": 1.0, "dmg_class": 3, "dmg_label": "Destroyed", "confidence": 0.9999, "bid": "1552646437"}}, {"type": "Feature", "geometry": {"type": "MultiPolygon", "coordinates": [[[[85.3664537, 28.25323], [85.3665927, 28.2532062], [85.3666018, 28.2532471], [85.3665357, 28.2532584], [85.3665422, 28.2532875], [85.3664692, 28.2533], [85.3664537, 28.25323]]]]}, "properties": {"source": "hot-fair", "dmg": 1.0, "dmg_class": 3, "dmg_label": "Destroyed", "confidence": 0.9985, "bid": "1552646438"}}, {"type": "Feature", "geometry": {"type": "MultiPolygon", "coordinates": [[[[85.3664862, 28.253382], [85.366549, 28.2533743], [85.3665572, 28.2534261], [85.3664944, 28.2534338], [85.3664862, 28.253382]]]]}, "properties": {"source": "hot-fair", "dmg": 1.0, "dmg_class": 3, "dmg_label": "Destroyed", "confidence": 0.9951, "bid": "1552646440"}}, {"type": "Feature", "geometry": {"type": "MultiPolygon", "coordinates": [[[[85.3664913, 28.2534483], [85.3665541, 28.2534405], [85.3665624, 28.2534923], [85.3664995, 28.2535001], [85.3664913, 28.2534483]]]]}, "properties": {"source": "hot-fair", "dmg": 1.0, "dmg_class": 3, "dmg_label": "Destroyed", "confidence": 0.9911, "bid": "1552646441"}}, {"type": "Feature", "geometry": {"type": "MultiPolygon", "coordinates": [[[[85.3664955, 28.253506], [85.366559, 28.2535052], [85.3665598, 28.2535575], [85.3664964, 28.2535583], [85.3664955, 28.253506]]]]}, "properties": {"source": "hot-fair", "dmg": 1.0, "dmg_class": 3, "dmg_label": "Destroyed", "confidence": 0.9825, "bid": "1552646442"}}, {"type": "Feature", "geometry": {"type": "MultiPolygon", "coordinates": [[[[85.3664947, 28.2535681], [85.3665581, 28.2535673], [85.366559, 28.2536196], [85.3664955, 28.2536204], [85.3664947, 28.2535681]]]]}, "properties": {"source": "hot-fair", "dmg": 1.0, "dmg_class": 3, "dmg_label": "Destroyed", "confidence": 0.9758, "bid": "1552646443"}}, {"type": "Feature", "geometry": {"type": "MultiPolygon", "coordinates": [[[[85.3663313, 28.2505525], [85.3663956, 28.2505242], [85.3664307, 28.2505859], [85.3663664, 28.2506143], [85.3663313, 28.2505525]]]]}, "properties": {"source": "hot-fair", "dmg": 1.0, "dmg_class": 3, "dmg_label": "Destroyed", "confidence": 0.9816, "bid": "1552646444"}}, {"type": "Feature", "geometry": {"type": "MultiPolygon", "coordinates": [[[[85.3669285, 28.2553518], [85.3669523, 28.2551801], [85.3670878, 28.2551947], [85.3670818, 28.2552376], [85.3669938, 28.2552281], [85.3669759, 28.2553569], [85.3669285, 28.2553518]]]]}, "properties": {"source": "hot-fair", "dmg": 1.0, "dmg_class": 3, "dmg_label": "Destroyed", "confidence": 0.9962, "bid": "1552646445"}}, {"type": "Feature", "geometry": {"type": "MultiPolygon", "coordinates": [[[[85.3661037, 28.2538542], [85.366144, 28.2538471], [85.3661532, 28.2538878], [85.366113, 28.2538949], [85.3661037, 28.2538542]]]]}, "properties": {"source": "hot-fair", "dmg": 1.0, "dmg_class": 3, "dmg_label": "Destroyed", "confidence": 0.9726, "bid": "853711530"}}, {"type": "Feature", "geometry": {"type": "MultiPolygon", "coordinates": [[[[85.3664626, 28.2531581], [85.3665714, 28.2531414], [85.3665826, 28.2531979], [85.3664739, 28.2532147], [85.3664626, 28.2531581]]]]}, "properties": {"source": "hot-fair", "dmg": 1.0, "dmg_class": 3, "dmg_label": "Destroyed", "confidence": 0.9996, "bid": "340624554"}}, {"type": "Feature", "geometry": {"type": "MultiPolygon", "coordinates": [[[[85.3660339, 28.2526302], [85.3661983, 28.252614], [85.3662101, 28.2527072], [85.3660457, 28.2527234], [85.3660339, 28.2526302]]]]}, "properties": {"source": "hot-fair", "dmg": 1.0, "dmg_class": 3, "dmg_label": "Destroyed", "confidence": 0.9997, "bid": "340624545"}}, {"type": "Feature", "geometry": {"type": "MultiPolygon", "coordinates": [[[[85.3672892, 28.2577313], [85.3673339, 28.2577193], [85.3673686, 28.2578192], [85.3673239, 28.2578312], [85.3672892, 28.2577313]]]]}, "properties": {"source": "hot-fair", "dmg": 0.3333333333333333, "dmg_class": 1, "dmg_label": "Minor damage", "confidence": 0.0338, "bid": "340606191"}}, {"type": "Feature", "geometry": {"type": "MultiPolygon", "coordinates": [[[[85.3674407, 28.2577607], [85.367492, 28.2577453], [85.3675283, 28.2578394], [85.367477, 28.2578548], [85.3674407, 28.2577607]]]]}, "properties": {"source": "hot-fair", "dmg": 1.0, "dmg_class": 3, "dmg_label": "Destroyed", "confidence": 0.9673, "bid": "340606192"}}, {"type": "Feature", "geometry": {"type": "MultiPolygon", "coordinates": [[[[85.367133, 28.2576441], [85.3671654, 28.257612], [85.3672257, 28.2576593], [85.3671934, 28.2576913], [85.367133, 28.2576441]]]]}, "properties": {"source": "hot-fair", "dmg": 0.3333333333333333, "dmg_class": 1, "dmg_label": "Minor damage", "confidence": 0.0767, "bid": "851367124"}}, {"type": "Feature", "geometry": {"type": "MultiPolygon", "coordinates": [[[[85.3664488, 28.2545678], [85.366485, 28.2545631], [85.3664987, 28.2546448], [85.3664625, 28.2546495], [85.3664488, 28.2545678]]]]}, "properties": {"source": "hot-fair", "dmg": 1.0, "dmg_class": 3, "dmg_label": "Destroyed", "confidence": 0.9864, "bid": "853711521"}}, {"type": "Feature", "geometry": {"type": "MultiPolygon", "coordinates": [[[[85.3657515, 28.2522096], [85.3657593, 28.2521542], [85.365798, 28.2521585], [85.3657901, 28.2522138], [85.3657515, 28.2522096]]]]}, "properties": {"source": "hot-fair", "dmg": 1.0, "dmg_class": 3, "dmg_label": "Destroyed", "confidence": 0.982, "bid": "1552871505"}}, {"type": "Feature", "geometry": {"type": "MultiPolygon", "coordinates": [[[[85.3656139, 28.2525117], [85.3656407, 28.2523493], [85.3657132, 28.2523585], [85.3656865, 28.252521], [85.3656139, 28.2525117]]]]}, "properties": {"source": "hot-fair", "dmg": 1.0, "dmg_class": 3, "dmg_label": "Destroyed", "confidence": 0.9688, "bid": "1552871506"}}, {"type": "Feature", "geometry": {"type": "MultiPolygon", "coordinates": [[[[85.3666755, 28.2539978], [85.3667603, 28.2539926], [85.3667646, 28.2540476], [85.36681, 28.2540448], [85.3668195, 28.2541653], [85.3666893, 28.2541733], [85.3666755, 28.2539978]]]]}, "properties": {"source": "hot-fair", "dmg": 1.0, "dmg_class": 3, "dmg_label": "Destroyed", "confidence": 0.9848, "bid": "1552855515"}}, {"type": "Feature", "geometry": {"type": "MultiPolygon", "coordinates": [[[[85.3666101, 28.2536858], [85.3666578, 28.2536768], [85.3666693, 28.2537243], [85.3666216, 28.2537333], [85.3666101, 28.2536858]]]]}, "properties": {"source": "hot-fair", "dmg": 1.0, "dmg_class": 3, "dmg_label": "Destroyed", "confidence": 0.9301, "bid": "1552855516"}}, {"type": "Feature", "geometry": {"type": "MultiPolygon", "coordinates": [[[[85.3664241, 28.2545072], [85.3664656, 28.2544942], [85.3664825, 28.254536], [85.3664409, 28.254549], [85.3664241, 28.2545072]]]]}, "properties": {"source": "hot-fair", "dmg": 1.0, "dmg_class": 3, "dmg_label": "Destroyed", "confidence": 0.9948, "bid": "853711520"}}, {"type": "Feature", "geometry": {"type": "MultiPolygon", "coordinates": [[[[85.3663817, 28.2544403], [85.3664225, 28.2544271], [85.3664426, 28.2544756], [85.3664018, 28.2544887], [85.3663817, 28.2544403]]]]}, "properties": {"source": "hot-fair", "dmg": 1.0, "dmg_class": 3, "dmg_label": "Destroyed", "confidence": 0.9898, "bid": "853711522"}}, {"type": "Feature", "geometry": {"type": "MultiPolygon", "coordinates": [[[[85.3665556, 28.2548872], [85.3666173, 28.254866], [85.3666373, 28.2549111], [85.3665756, 28.2549324], [85.3665556, 28.2548872]]]]}, "properties": {"source": "hot-fair", "dmg": 1.0, "dmg_class": 3, "dmg_label": "Destroyed", "confidence": 0.9967, "bid": "853711514"}}, {"type": "Feature", "geometry": {"type": "MultiPolygon", "coordinates": [[[[85.368709, 28.2584573], [85.3687135, 28.2584189], [85.3687662, 28.2584237], [85.3687616, 28.2584621], [85.368709, 28.2584573]]]]}, "properties": {"source": "hot-fair", "dmg": 0.0, "dmg_class": 0, "dmg_label": "No damage", "confidence": 0.8876, "bid": "1552756849"}}, {"type": "Feature", "geometry": {"type": "MultiPolygon", "coordinates": [[[[85.3675328, 28.2563664], [85.367538, 28.2562565], [85.3676115, 28.2562591], [85.3676064, 28.2563691], [85.3675328, 28.2563664]]]]}, "properties": {"source": "hot-fair", "dmg": 0.0, "dmg_class": 0, "dmg_label": "No damage", "confidence": 0.8477, "bid": "851367117"}}, {"type": "Feature", "geometry": {"type": "MultiPolygon", "coordinates": [[[[85.3658375, 28.2572696], [85.3658503, 28.2572692], [85.365871, 28.2572424], [85.3659114, 28.2572668], [85.3658824, 28.2573041], [85.3658853, 28.2573707], [85.3658904, 28.2573678], [85.3659195, 28.2574074], [85.366159, 28.2572694], [85.3661969, 28.2573204], [85.3659099, 28.2574858], [85.3658429, 28.2573948], [85.3658375, 28.2572696]]]]}, "properties": {"source": "hot-fair", "dmg": 1.0, "dmg_class": 3, "dmg_label": "Destroyed", "confidence": 0.9902, "bid": "1552916428"}}, {"type": "Feature", "geometry": {"type": "MultiPolygon", "coordinates": [[[[85.3660749, 28.2572318], [85.3661131, 28.2572085], [85.3661493, 28.2572546], [85.3661111, 28.2572779], [85.3660749, 28.2572318]]]]}, "properties": {"source": "hot-fair", "dmg": 1.0, "dmg_class": 3, "dmg_label": "Destroyed", "confidence": 0.9974, "bid": "1552916429"}}, {"type": "Feature", "geometry": {"type": "MultiPolygon", "coordinates": [[[[85.3664477, 28.2570759], [85.3665402, 28.2570297], [85.366626, 28.2571632], [85.3665335, 28.2572094], [85.3664477, 28.2570759]]]]}, "properties": {"source": "hot-fair", "dmg": 1.0, "dmg_class": 3, "dmg_label": "Destroyed", "confidence": 0.9853, "bid": "1552916430"}}, {"type": "Feature", "geometry": {"type": "MultiPolygon", "coordinates": [[[[85.3660829, 28.2569979], [85.3662239, 28.25692], [85.3665176, 28.2573323], [85.3663766, 28.2574102], [85.3660829, 28.2569979]]]]}, "properties": {"source": "hot-fair", "dmg": 1.0, "dmg_class": 3, "dmg_label": "Destroyed", "confidence": 0.9929, "bid": "1552916431"}}, {"type": "Feature", "geometry": {"type": "MultiPolygon", "coordinates": [[[[85.366638, 28.2535593], [85.3666442, 28.2534867], [85.3668434, 28.2534998], [85.3668372, 28.2535724], [85.366638, 28.2535593]]]]}, "properties": {"source": "hot-fair", "dmg": 1.0, "dmg_class": 3, "dmg_label": "Destroyed", "confidence": 0.9871, "bid": "340624546"}}, {"type": "Feature", "geometry": {"type": "MultiPolygon", "coordinates": [[[[85.3665275, 28.2542616], [85.3665771, 28.2542612], [85.3665782, 28.2543741], [85.3666179, 28.2543738], [85.3666186, 28.2544465], [85.3665293, 28.2544472], [85.3665275, 28.2542616]]]]}, "properties": {"source": "hot-fair", "dmg": 1.0, "dmg_class": 3, "dmg_label": "Destroyed", "confidence": 0.991, "bid": "340624547"}}, {"type": "Feature", "geometry": {"type": "MultiPolygon", "coordinates": [[[[85.3664812, 28.2541177], [85.3665567, 28.2541137], [85.3665611, 28.2541787], [85.3665177, 28.254181], [85.3665196, 28.2542095], [85.3664876, 28.2542112], [85.3664812, 28.2541177]]]]}, "properties": {"source": "hot-fair", "dmg": 1.0, "dmg_class": 3, "dmg_label": "Destroyed", "confidence": 0.9981, "bid": "340624549"}}, {"type": "Feature", "geometry": {"type": "MultiPolygon", "coordinates": [[[[85.3659187, 28.2522587], [85.365921, 28.2522032], [85.3660196, 28.2522064], [85.3660162, 28.2522878], [85.3659596, 28.252286], [85.3659607, 28.25226], [85.3659187, 28.2522587]]]]}, "properties": {"source": "hot-fair", "dmg": 1.0, "dmg_class": 3, "dmg_label": "Destroyed", "confidence": 0.9998, "bid": "340624558"}}, {"type": "Feature", "geometry": {"type": "MultiPolygon", "coordinates": [[[[85.3662955, 28.2516809], [85.3664463, 28.2515494], [85.3664848, 28.2515836], [85.366334, 28.2517152], [85.3662955, 28.2516809]]]]}, "properties": {"source": "hot-fair", "dmg": 1.0, "dmg_class": 3, "dmg_label": "Destroyed", "confidence": 0.9998, "bid": "1552646434"}}, {"type": "Feature", "geometry": {"type": "MultiPolygon", "coordinates": [[[[85.3661888, 28.2519332], [85.3662038, 28.2519075], [85.3662591, 28.2519326], [85.3662855, 28.2518875], [85.3663304, 28.2519079], [85.3662977, 28.2519637], [85.3662931, 28.2519616], [85.3662843, 28.2519766], [85.3661888, 28.2519332]]]]}, "properties": {"source": "hot-fair", "dmg": 1.0, "dmg_class": 3, "dmg_label": "Destroyed", "confidence": 0.9998, "bid": "1552942024"}}, {"type": "Feature", "geometry": {"type": "MultiPolygon", "coordinates": [[[[85.3671692, 28.25565], [85.3671947, 28.2555721], [85.3672514, 28.2555115], [85.3674026, 28.2555898], [85.3673597, 28.2558402], [85.3672232, 28.255795], [85.3671893, 28.2557635], [85.3671719, 28.2557127], [85.3671692, 28.25565]]]]}, "properties": {"source": "hot-fair", "dmg": 0.0, "dmg_class": 0, "dmg_label": "No damage", "confidence": 0.8877, "bid": "1552942025"}}, {"type": "Feature", "geometry": {"type": "MultiPolygon", "coordinates": [[[[85.3661265, 28.2537511], [85.3661272, 28.2537021], [85.3661663, 28.2537025], [85.3661656, 28.2537515], [85.3661265, 28.2537511]]]]}, "properties": {"source": "hot-fair", "dmg": 1.0, "dmg_class": 3, "dmg_label": "Destroyed", "confidence": 0.999, "bid": "1552942026"}}, {"type": "Feature", "geometry": {"type": "MultiPolygon", "coordinates": [[[[85.3660355, 28.2536441], [85.3660368, 28.2536015], [85.3660933, 28.2536029], [85.3660937, 28.2535928], [85.3661455, 28.2535941], [85.3661424, 28.2536945], [85.3660909, 28.2536932], [85.3660911, 28.2536864], [85.3660674, 28.2536858], [85.3660687, 28.2536449], [85.3660355, 28.2536441]]]]}, "properties": {"source": "hot-fair", "dmg": 1.0, "dmg_class": 3, "dmg_label": "Destroyed", "confidence": 0.9995, "bid": "1552942027"}}, {"type": "Feature", "geometry": {"type": "MultiPolygon", "coordinates": [[[[85.3662965, 28.2533622], [85.3663659, 28.2533527], [85.3663729, 28.2533925], [85.3663035, 28.253402], [85.3662965, 28.2533622]]]]}, "properties": {"source": "hot-fair", "dmg": 1.0, "dmg_class": 3, "dmg_label": "Destroyed", "confidence": 0.9994, "bid": "1552942028"}}, {"type": "Feature", "geometry": {"type": "MultiPolygon", "coordinates": [[[[85.3661621, 28.2532915], [85.3662577, 28.2532851], [85.3662671, 28.2533932], [85.3661714, 28.2533996], [85.3661621, 28.2532915]]]]}, "properties": {"source": "hot-fair", "dmg": 1.0, "dmg_class": 3, "dmg_label": "Destroyed", "confidence": 0.9993, "bid": "1552942029"}}, {"type": "Feature", "geometry": {"type": "MultiPolygon", "coordinates": [[[[85.3677694, 28.2533045], [85.3677774, 28.2531711], [85.3679195, 28.2531777], [85.3679114, 28.2533112], [85.3677694, 28.2533045]]]]}, "properties": {"source": "hot-fair", "dmg": 0.0, "dmg_class": 0, "dmg_label": "No damage", "confidence": 0.9662, "bid": "1552942030"}}, {"type": "Feature", "geometry": {"type": "MultiPolygon", "coordinates": [[[[85.3675427, 28.2556412], [85.3675514, 28.2555993], [85.3675834, 28.2556044], [85.3675747, 28.2556463], [85.3675427, 28.2556412]]]]}, "properties": {"source": "hot-fair", "dmg": 0.0, "dmg_class": 0, "dmg_label": "No damage", "confidence": 0.9143, "bid": "1552942031"}}, {"type": "Feature", "geometry": {"type": "MultiPolygon", "coordinates": [[[[85.3674321, 28.2557505], [85.3674348, 28.2556997], [85.3674667, 28.255701], [85.367464, 28.2557518], [85.3674321, 28.2557505]]]]}, "properties": {"source": "hot-fair", "dmg": 0.3333333333333333, "dmg_class": 1, "dmg_label": "Minor damage", "confidence": 0.0545, "bid": "1552942032"}}, {"type": "Feature", "geometry": {"type": "MultiPolygon", "coordinates": [[[[85.3677741, 28.255819], [85.3677754, 28.2557623], [85.3678347, 28.2557634], [85.3678333, 28.2558201], [85.3677741, 28.255819]]]]}, "properties": {"source": "hot-fair", "dmg": 0.6666666666666666, "dmg_class": 2, "dmg_label": "Major damage", "confidence": 0.2914, "bid": "1552942033"}}, {"type": "Feature", "geometry": {"type": "MultiPolygon", "coordinates": [[[[85.3681556, 28.2559492], [85.3681613, 28.2558823], [85.3681908, 28.2558842], [85.3681851, 28.2559512], [85.3681556, 28.2559492]]]]}, "properties": {"source": "hot-fair", "dmg": 0.6666666666666666, "dmg_class": 2, "dmg_label": "Major damage", "confidence": 0.6866, "bid": "1552942034"}}, {"type": "Feature", "geometry": {"type": "MultiPolygon", "coordinates": [[[[85.3667079, 28.2534788], [85.366721, 28.2533249], [85.3667977, 28.2533299], [85.3667847, 28.2534839], [85.3667079, 28.2534788]]]]}, "properties": {"source": "hot-fair", "dmg": 1.0, "dmg_class": 3, "dmg_label": "Destroyed", "confidence": 0.9927, "bid": "1552942035"}}, {"type": "Feature", "geometry": {"type": "MultiPolygon", "coordinates": [[[[85.3665431, 28.2530394], [85.3666268, 28.2530275], [85.366638, 28.2530889], [85.3665543, 28.2531008], [85.3665431, 28.2530394]]]]}, "properties": {"source": "hot-fair", "dmg": 1.0, "dmg_class": 3, "dmg_label": "Destroyed", "confidence": 0.9999, "bid": "1552942036"}}, {"type": "Feature", "geometry": {"type": "MultiPolygon", "coordinates": [[[[85.3663773, 28.2525093], [85.366428, 28.2525058], [85.366432, 28.2525498], [85.3665316, 28.2525429], [85.3665359, 28.2525911], [85.3663856, 28.2526016], [85.3663773, 28.2525093]]]]}, "properties": {"source": "hot-fair", "dmg": 1.0, "dmg_class": 3, "dmg_label": "Destroyed", "confidence": 0.9999, "bid": "1552942037"}}, {"type": "Feature", "geometry": {"type": "MultiPolygon", "coordinates": [[[[85.366561, 28.2525798], [85.3666015, 28.2525736], [85.3666136, 28.2526351], [85.3665731, 28.2526412], [85.366561, 28.2525798]]]]}, "properties": {"source": "hot-fair", "dmg": 1.0, "dmg_class": 3, "dmg_label": "Destroyed", "confidence": 0.9997, "bid": "1552942038"}}, {"type": "Feature", "geometry": {"type": "MultiPolygon", "coordinates": [[[[85.3666321, 28.2527086], [85.3666375, 28.2526276], [85.3666889, 28.2526303], [85.3666835, 28.2527112], [85.3666321, 28.2527086]]]]}, "properties": {"source": "hot-fair", "dmg": 1.0, "dmg_class": 3, "dmg_label": "Destroyed", "confidence": 0.9997, "bid": "1552942039"}}, {"type": "Feature", "geometry": {"type": "MultiPolygon", "coordinates": [[[[85.3665724, 28.2526684], [85.3666021, 28.2526604], [85.3666188, 28.2527089], [85.3665892, 28.2527168], [85.3665724, 28.2526684]]]]}, "properties": {"source": "hot-fair", "dmg": 1.0, "dmg_class": 3, "dmg_label": "Destroyed", "confidence": 0.9998, "bid": "1552942040"}}, {"type": "Feature", "geometry": {"type": "MultiPolygon", "coordinates": [[[[85.366592, 28.252731], [85.3666812, 28.2527192], [85.3666884, 28.2527617], [85.3665993, 28.2527735], [85.366592, 28.252731]]]]}, "properties": {"source": "hot-fair", "dmg": 1.0, "dmg_class": 3, "dmg_label": "Destroyed", "confidence": 0.9998, "bid": "1552942041"}}, {"type": "Feature", "geometry": {"type": "MultiPolygon", "coordinates": [[[[85.3668191, 28.2523663], [85.3668213, 28.2523179], [85.3668573, 28.2523191], [85.3668574, 28.2523167], [85.3669098, 28.2523185], [85.3669053, 28.2524195], [85.3668538, 28.2524177], [85.366856, 28.2523676], [85.3668191, 28.2523663]]]]}, "properties": {"source": "hot-fair", "dmg": 1.0, "dmg_class": 3, "dmg_label": "Destroyed", "confidence": 0.9463, "bid": "1552942042"}}, {"type": "Feature", "geometry": {"type": "MultiPolygon", "coordinates": [[[[85.3667931, 28.2523872], [85.3668345, 28.2523858], [85.3668365, 28.2524295], [85.3667951, 28.2524309], [85.3667931, 28.2523872]]]]}, "properties": {"source": "hot-fair", "dmg": 1.0, "dmg_class": 3, "dmg_label": "Destroyed", "confidence": 0.9755, "bid": "1552942043"}}, {"type": "Feature", "geometry": {"type": "MultiPolygon", "coordinates": [[[[85.3645241, 28.2530098], [85.3648161, 28.2529895], [85.3648257, 28.2530963], [85.3648036, 28.2530979], [85.3648158, 28.2532338], [85.364674, 28.2532436], [85.3646618, 28.2531072], [85.3645336, 28.2531161], [85.3645241, 28.2530098]]]]}, "properties": {"source": "hot-fair", "dmg": 1.0, "dmg_class": 3, "dmg_label": "Destroyed", "confidence": 0.9995, "bid": "851367092"}}, {"type": "Feature", "geometry": {"type": "MultiPolygon", "coordinates": [[[[85.3662249, 28.2517449], [85.3662967, 28.2516854], [85.3663287, 28.2517153], [85.3662569, 28.2517748], [85.3662249, 28.2517449]]]]}, "properties": {"source": "hot-fair", "dmg": 1.0, "dmg_class": 3, "dmg_label": "Destroyed", "confidence": 0.9997, "bid": "851368432"}}, {"type": "Feature", "geometry": {"type": "MultiPolygon", "coordinates": [[[[85.3664878, 28.255553], [85.3664899, 28.2555089], [85.3664915, 28.2554742], [85.366635, 28.2554795], [85.3666313, 28.2555582], [85.3664878, 28.255553]]]]}, "properties": {"source": "hot-fair", "dmg": 1.0, "dmg_class": 3, "dmg_label": "Destroyed", "confidence": 0.9994, "bid": "851966251"}}, {"type": "Feature", "geometry": {"type": "MultiPolygon", "coordinates": [[[[85.3665278, 28.254588], [85.3665635, 28.2545829], [85.3665427, 28.2544702], [85.3665724, 28.254466], [85.3666171, 28.2547082], [85.3665517, 28.2547175], [85.3665278, 28.254588]]]]}, "properties": {"source": "hot-fair", "dmg": 1.0, "dmg_class": 3, "dmg_label": "Destroyed", "confidence": 0.9972, "bid": "853711516"}}, {"type": "Feature", "geometry": {"type": "MultiPolygon", "coordinates": [[[[85.3666087, 28.2544679], [85.3666473, 28.2544672], [85.3666484, 28.2545114], [85.3666666, 28.2545111], [85.3666681, 28.254575], [85.3666113, 28.2545761], [85.3666087, 28.2544679]]]]}, "properties": {"source": "hot-fair", "dmg": 1.0, "dmg_class": 3, "dmg_label": "Destroyed", "confidence": 0.9834, "bid": "853711518"}}, {"type": "Feature", "geometry": {"type": "MultiPolygon", "coordinates": [[[[85.3661901, 28.2534268], [85.3662975, 28.2533995], [85.3663163, 28.2534579], [85.3662477, 28.253475], [85.3662538, 28.253494], [85.3662143, 28.2535038], [85.3661901, 28.2534268]]]]}, "properties": {"source": "hot-fair", "dmg": 1.0, "dmg_class": 3, "dmg_label": "Destroyed", "confidence": 0.9991, "bid": "853711539"}}, {"type": "Feature", "geometry": {"type": "MultiPolygon", "coordinates": [[[[85.3659658, 28.2532418], [85.3660375, 28.2532396], [85.3660383, 28.25326], [85.3660881, 28.2532584], [85.3660912, 28.253337], [85.3660923, 28.2533649], [85.3660533, 28.2533661], [85.3659709, 28.2533687], [85.3659658, 28.2532418]]]]}, "properties": {"source": "hot-fair", "dmg": 1.0, "dmg_class": 3, "dmg_label": "Destroyed", "confidence": 0.9993, "bid": "853711540"}}, {"type": "Feature", "geometry": {"type": "MultiPolygon", "coordinates": [[[[85.3661078, 28.2524689], [85.3661095, 28.2524157], [85.366219, 28.2524184], [85.3662177, 28.2524608], [85.366232, 28.2524612], [85.3662299, 28.2525273], [85.3661392, 28.2525251], [85.3661409, 28.2524697], [85.3661078, 28.2524689]]]]}, "properties": {"source": "hot-fair", "dmg": 1.0, "dmg_class": 3, "dmg_label": "Destroyed", "confidence": 0.9999, "bid": "853711549"}}, {"type": "Feature", "geometry": {"type": "MultiPolygon", "coordinates": [[[[85.3660998, 28.2530108], [85.3661669, 28.2529969], [85.3661862, 28.2530688], [85.3663549, 28.2530337], [85.3663411, 28.2529821], [85.3663802, 28.2529739], [85.3664208, 28.2531255], [85.3661932, 28.2531728], [85.366181, 28.2531273], [85.3661337, 28.2531371], [85.3660998, 28.2530108]]]]}, "properties": {"source": "hot-fair", "dmg": 1.0, "dmg_class": 3, "dmg_label": "Destroyed", "confidence": 0.9998, "bid": "886474959"}}, {"type": "Feature", "geometry": {"type": "MultiPolygon", "coordinates": [[[[85.3663382, 28.2536247], [85.3663943, 28.2536225], [85.3663958, 28.2536531], [85.3663398, 28.2536553], [85.3663382, 28.2536247]]]]}, "properties": {"source": "hot-fair", "dmg": 1.0, "dmg_class": 3, "dmg_label": "Destroyed", "confidence": 0.9999, "bid": "1552942052"}}, {"type": "Feature", "geometry": {"type": "MultiPolygon", "coordinates": [[[[85.3665449, 28.2541815], [85.3665966, 28.2541787], [85.366598, 28.254199], [85.3665463, 28.2542018], [85.3665449, 28.2541815]]]]}, "properties": {"source": "hot-fair", "dmg": 1.0, "dmg_class": 3, "dmg_label": "Destroyed", "confidence": 0.9956, "bid": "1552942053"}}, {"type": "Feature", "geometry": {"type": "MultiPolygon", "coordinates": [[[[85.3666127, 28.2542325], [85.3666825, 28.2542298], [85.3666865, 28.2543113], [85.3666167, 28.254314], [85.3666127, 28.2542325]]]]}, "properties": {"source": "hot-fair", "dmg": 1.0, "dmg_class": 3, "dmg_label": "Destroyed", "confidence": 0.9973, "bid": "1552942054"}}, {"type": "Feature", "geometry": {"type": "MultiPolygon", "coordinates": [[[[85.3666288, 28.2544333], [85.3666314, 28.2543648], [85.3666854, 28.2543664], [85.3666827, 28.2544349], [85.3666288, 28.2544333]]]]}, "properties": {"source": "hot-fair", "dmg": 1.0, "dmg_class": 3, "dmg_label": "Destroyed", "confidence": 0.9184, "bid": "1552942055"}}, {"type": "Feature", "geometry": {"type": "MultiPolygon", "coordinates": [[[[85.3666952, 28.2543477], [85.3667682, 28.2543471], [85.3667688, 28.2544204], [85.3666958, 28.2544209], [85.3666952, 28.2543477]]]]}, "properties": {"source": "hot-fair", "dmg": 1.0, "dmg_class": 3, "dmg_label": "Destroyed", "confidence": 0.8791, "bid": "1552942056"}}, {"type": "Feature", "geometry": {"type": "MultiPolygon", "coordinates": [[[[85.3663726, 28.2541235], [85.36641, 28.2541183], [85.3664241, 28.2541965], [85.3663867, 28.2542018], [85.3663726, 28.2541235]]]]}, "properties": {"source": "hot-fair", "dmg": 1.0, "dmg_class": 3, "dmg_label": "Destroyed", "confidence": 0.9918, "bid": "1552942057"}}, {"type": "Feature", "geometry": {"type": "MultiPolygon", "coordinates": [[[[85.3662781, 28.2541327], [85.3663517, 28.2541246], [85.3663564, 28.254158], [85.3662828, 28.254166], [85.3662781, 28.2541327]]]]}, "properties": {"source": "hot-fair", "dmg": 1.0, "dmg_class": 3, "dmg_label": "Destroyed", "confidence": 0.9776, "bid": "1552942058"}}, {"type": "Feature", "geometry": {"type": "MultiPolygon", "coordinates": [[[[85.366225, 28.2539797], [85.3662724, 28.2539746], [85.3662732, 28.2539804], [85.3662944, 28.2539781], [85.3663109, 28.2540968], [85.3662737, 28.2541008], [85.3662618, 28.2540153], [85.3662304, 28.2540187], [85.366225, 28.2539797]]]]}, "properties": {"source": "hot-fair", "dmg": 1.0, "dmg_class": 3, "dmg_label": "Destroyed", "confidence": 0.8921, "bid": "1552942059"}}, {"type": "Feature", "geometry": {"type": "MultiPolygon", "coordinates": [[[[85.3676574, 28.255337], [85.3676618, 28.2552321], [85.3677258, 28.2552342], [85.3677213, 28.2553391], [85.3676574, 28.255337]]]]}, "properties": {"source": "hot-fair", "dmg": 0.3333333333333333, "dmg_class": 1, "dmg_label": "Minor damage", "confidence": 0.094, "bid": "1552942060"}}, {"type": "Feature", "geometry": {"type": "MultiPolygon", "coordinates": [[[[85.3671907, 28.2560233], [85.3671939, 28.255947], [85.3672524, 28.2559489], [85.3672491, 28.2560253], [85.3671907, 28.2560233]]]]}, "properties": {"source": "hot-fair", "dmg": 0.0, "dmg_class": 0, "dmg_label": "No damage", "confidence": 0.8264, "bid": "1552942061"}}, {"type": "Feature", "geometry": {"type": "MultiPolygon", "coordinates": [[[[85.3671934, 28.2559253], [85.3671962, 28.2558586], [85.3672497, 28.2558603], [85.3672469, 28.2559271], [85.3671934, 28.2559253]]]]}, "properties": {"source": "hot-fair", "dmg": 0.0, "dmg_class": 0, "dmg_label": "No damage", "confidence": 0.9011, "bid": "1552942062"}}, {"type": "Feature", "geometry": {"type": "MultiPolygon", "coordinates": [[[[85.3668205, 28.2552339], [85.3668231, 28.2551729], [85.3669174, 28.255176], [85.3669148, 28.255237], [85.3668205, 28.2552339]]]]}, "properties": {"source": "hot-fair", "dmg": 1.0, "dmg_class": 3, "dmg_label": "Destroyed", "confidence": 0.9991, "bid": "1552942063"}}, {"type": "Feature", "geometry": {"type": "MultiPolygon", "coordinates": [[[[85.3668675, 28.2524888], [85.3669232, 28.252485], [85.3669273, 28.2525298], [85.3668715, 28.2525337], [85.3668675, 28.2524888]]]]}, "properties": {"source": "hot-fair", "dmg": 1.0, "dmg_class": 3, "dmg_label": "Destroyed", "confidence": 0.9701, "bid": "1552942044"}}, {"type": "Feature", "geometry": {"type": "MultiPolygon", "coordinates": [[[[85.367072, 28.2527086], [85.3670733, 28.2526666], [85.3671177, 28.2526677], [85.3671163, 28.2527097], [85.367072, 28.2527086]]]]}, "properties": {"source": "hot-fair", "dmg": 0.3333333333333333, "dmg_class": 1, "dmg_label": "Minor damage", "confidence": 0.0715, "bid": "1552942045"}}, {"type": "Feature", "geometry": {"type": "MultiPolygon", "coordinates": [[[[85.3670023, 28.2526802], [85.3670513, 28.2526714], [85.3670627, 28.2527204], [85.3670137, 28.2527292], [85.3670023, 28.2526802]]]]}, "properties": {"source": "hot-fair", "dmg": 0.3333333333333333, "dmg_class": 1, "dmg_label": "Minor damage", "confidence": 0.0966, "bid": "1552942046"}}, {"type": "Feature", "geometry": {"type": "MultiPolygon", "coordinates": [[[[85.3669419, 28.2526985], [85.3669833, 28.252698], [85.3669846, 28.2527783], [85.3669433, 28.2527789], [85.3669419, 28.2526985]]]]}, "properties": {"source": "hot-fair", "dmg": 0.6666666666666666, "dmg_class": 2, "dmg_label": "Major damage", "confidence": 0.2229, "bid": "1552942047"}}, {"type": "Feature", "geometry": {"type": "MultiPolygon", "coordinates": [[[[85.3668223, 28.255586], [85.3668234, 28.2555389], [85.3668524, 28.2555394], [85.3668531, 28.2555092], [85.3668857, 28.2555098], [85.3668839, 28.2555872], [85.3668223, 28.255586]]]]}, "properties": {"source": "hot-fair", "dmg": 1.0, "dmg_class": 3, "dmg_label": "Destroyed", "confidence": 0.9931, "bid": "1552942048"}}, {"type": "Feature", "geometry": {"type": "MultiPolygon", "coordinates": [[[[85.3660798, 28.2523608], [85.3661627, 28.2523477], [85.3661726, 28.252396], [85.3660896, 28.2524091], [85.3660798, 28.2523608]]]]}, "properties": {"source": "hot-fair", "dmg": 1.0, "dmg_class": 3, "dmg_label": "Destroyed", "confidence": 0.9999, "bid": "1552942049"}}, {"type": "Feature", "geometry": {"type": "MultiPolygon", "coordinates": [[[[85.3662207, 28.2528874], [85.3663401, 28.2528827], [85.3663445, 28.2529685], [85.3662251, 28.2529732], [85.3662207, 28.2528874]]]]}, "properties": {"source": "hot-fair", "dmg": 1.0, "dmg_class": 3, "dmg_label": "Destroyed", "confidence": 0.9994, "bid": "1552942050"}}, {"type": "Feature", "geometry": {"type": "MultiPolygon", "coordinates": [[[[85.3663254, 28.2531879], [85.3663988, 28.2531799], [85.3664131, 28.2532817], [85.3663398, 28.2532898], [85.3663254, 28.2531879]]]]}, "properties": {"source": "hot-fair", "dmg": 1.0, "dmg_class": 3, "dmg_label": "Destroyed", "confidence": 0.9996, "bid": "1552942051"}}, {"type": "Feature", "geometry": {"type": "MultiPolygon", "coordinates": [[[[85.3669466, 28.2538509], [85.3670271, 28.2538509], [85.3670271, 28.2539017], [85.3669466, 28.2539017], [85.3669466, 28.2538509]]]]}, "properties": {"source": "hot-fair", "dmg": 0.3333333333333333, "dmg_class": 1, "dmg_label": "Minor damage", "confidence": 0.0593, "bid": "1552942090"}}, {"type": "Feature", "geometry": {"type": "MultiPolygon", "coordinates": [[[[85.3672577, 28.2540612], [85.3673007, 28.2540612], [85.3673007, 28.2541084], [85.3672577, 28.2541084], [85.3672577, 28.2540612]]]]}, "properties": {"source": "hot-fair", "dmg": 0.3333333333333333, "dmg_class": 1, "dmg_label": "Minor damage", "confidence": 0.1231, "bid": "1552942091"}}, {"type": "Feature", "geometry": {"type": "MultiPolygon", "coordinates": [[[[85.3672041, 28.2539383], [85.3672566, 28.2539351], [85.3672606, 28.2539859], [85.3672081, 28.2539891], [85.3672041, 28.2539383]]]]}, "properties": {"source": "hot-fair", "dmg": 0.6666666666666666, "dmg_class": 2, "dmg_label": "Major damage", "confidence": 0.1435, "bid": "1552942092"}}, {"type": "Feature", "geometry": {"type": "MultiPolygon", "coordinates": [[[[85.3681452, 28.2546758], [85.3681906, 28.2546751], [85.368193, 28.2548018], [85.3681476, 28.2548025], [85.3681452, 28.2546758]]]]}, "properties": {"source": "hot-fair", "dmg": 0.0, "dmg_class": 0, "dmg_label": "No damage", "confidence": 0.9906, "bid": "1552942095"}}, {"type": "Feature", "geometry": {"type": "MultiPolygon", "coordinates": [[[[85.3673168, 28.2553612], [85.3673194, 28.2553175], [85.367356, 28.2553193], [85.3673533, 28.255363], [85.3673168, 28.2553612]]]]}, "properties": {"source": "hot-fair", "dmg": 0.3333333333333333, "dmg_class": 1, "dmg_label": "Minor damage", "confidence": 0.0878, "bid": "1552942096"}}, {"type": "Feature", "geometry": {"type": "MultiPolygon", "coordinates": [[[[85.3673168, 28.2552726], [85.3673181, 28.2552183], [85.3673664, 28.2552192], [85.367365, 28.2552735], [85.3673168, 28.2552726]]]]}, "properties": {"source": "hot-fair", "dmg": 0.3333333333333333, "dmg_class": 1, "dmg_label": "Minor damage", "confidence": 0.1194, "bid": "1552942097"}}, {"type": "Feature", "geometry": {"type": "MultiPolygon", "coordinates": [[[[85.3659059, 28.2552071], [85.3659794, 28.2552061], [85.365982, 28.2553596], [85.3659086, 28.2553606], [85.3659059, 28.2552071]]]]}, "properties": {"source": "hot-fair", "dmg": 1.0, "dmg_class": 3, "dmg_label": "Destroyed", "confidence": 0.9986, "bid": "1552942098"}}, {"type": "Feature", "geometry": {"type": "MultiPolygon", "coordinates": [[[[85.3655452, 28.2545266], [85.3656872, 28.2544832], [85.3659366, 28.2551164], [85.3657946, 28.2551598], [85.3655452, 28.2545266]]]]}, "properties": {"source": "hot-fair", "dmg": 1.0, "dmg_class": 3, "dmg_label": "Destroyed", "confidence": 0.9952, "bid": "1552942099"}}, {"type": "Feature", "geometry": {"type": "MultiPolygon", "coordinates": [[[[85.3644815, 28.252131], [85.3646592, 28.252124], [85.364664, 28.2522183], [85.3644864, 28.2522254], [85.3644815, 28.252131]]]]}, "properties": {"source": "hot-fair", "dmg": 1.0, "dmg_class": 3, "dmg_label": "Destroyed", "confidence": 0.9951, "bid": "1552942100"}}, {"type": "Feature", "geometry": {"type": "MultiPolygon", "coordinates": [[[[85.3640659, 28.252353], [85.3641103, 28.2523517], [85.364113, 28.2524238], [85.3640686, 28.252425], [85.3640659, 28.252353]]]]}, "properties": {"source": "hot-fair", "dmg": 1.0, "dmg_class": 3, "dmg_label": "Destroyed", "confidence": 0.9993, "bid": "1552942101"}}, {"type": "Feature", "geometry": {"type": "MultiPolygon", "coordinates": [[[[85.3669526, 28.2547847], [85.3670137, 28.2547658], [85.3670261, 28.2547971], [85.3669651, 28.254816], [85.3669526, 28.2547847]]]]}, "properties": {"source": "hot-fair", "dmg": 1.0, "dmg_class": 3, "dmg_label": "Destroyed", "confidence": 0.9994, "bid": "1552598456"}}, {"type": "Feature", "geometry": {"type": "MultiPolygon", "coordinates": [[[[85.3658965, 28.2520352], [85.3659193, 28.2519832], [85.3659517, 28.2519943], [85.3659289, 28.2520463], [85.3658965, 28.2520352]]]]}, "properties": {"source": "hot-fair", "dmg": 1.0, "dmg_class": 3, "dmg_label": "Destroyed", "confidence": 0.9999, "bid": "853711556"}}, {"type": "Feature", "geometry": {"type": "MultiPolygon", "coordinates": [[[[85.3661594, 28.2528976], [85.3662007, 28.2528949], [85.3662061, 28.2529575], [85.3661648, 28.2529602], [85.3661594, 28.2528976]]]]}, "properties": {"source": "hot-fair", "dmg": 1.0, "dmg_class": 3, "dmg_label": "Destroyed", "confidence": 0.9983, "bid": "853711543"}}, {"type": "Feature", "geometry": {"type": "MultiPolygon", "coordinates": [[[[85.366152, 28.253519], [85.3661909, 28.2535095], [85.3662004, 28.2535397], [85.3661615, 28.2535491], [85.366152, 28.253519]]]]}, "properties": {"source": "hot-fair", "dmg": 1.0, "dmg_class": 3, "dmg_label": "Destroyed", "confidence": 0.9997, "bid": "853711534"}}, {"type": "Feature", "geometry": {"type": "MultiPolygon", "coordinates": [[[[85.3662264, 28.2540702], [85.3662569, 28.2540668], [85.3662677, 28.2541424], [85.3662371, 28.2541458], [85.3662264, 28.2540702]]]]}, "properties": {"source": "hot-fair", "dmg": 1.0, "dmg_class": 3, "dmg_label": "Destroyed", "confidence": 0.9279, "bid": "853711527"}}, {"type": "Feature", "geometry": {"type": "MultiPolygon", "coordinates": [[[[85.3666811, 28.2544657], [85.3667759, 28.2544639], [85.3667786, 28.2545747], [85.3666838, 28.2545765], [85.3666811, 28.2544657]]]]}, "properties": {"source": "hot-fair", "dmg": 1.0, "dmg_class": 3, "dmg_label": "Destroyed", "confidence": 0.957, "bid": "853711517"}}, {"type": "Feature", "geometry": {"type": "MultiPolygon", "coordinates": [[[[85.36664, 28.2549347], [85.3666778, 28.2549276], [85.3667065, 28.2550472], [85.3666687, 28.2550542], [85.36664, 28.2549347]]]]}, "properties": {"source": "hot-fair", "dmg": 1.0, "dmg_class": 3, "dmg_label": "Destroyed", "confidence": 0.9994, "bid": "853711510"}}, {"type": "Feature", "geometry": {"type": "MultiPolygon", "coordinates": [[[[85.3668481, 28.2556078], [85.3668876, 28.2556027], [85.3669063, 28.2557173], [85.3668669, 28.2557223], [85.3668481, 28.2556078]]]]}, "properties": {"source": "hot-fair", "dmg": 1.0, "dmg_class": 3, "dmg_label": "Destroyed", "confidence": 0.9873, "bid": "853711507"}}, {"type": "Feature", "geometry": {"type": "MultiPolygon", "coordinates": [[[[85.3673181, 28.2554906], [85.3673289, 28.2554492], [85.3673684, 28.2554572], [85.3673576, 28.2554985], [85.3673181, 28.2554906]]]]}, "properties": {"source": "hot-fair", "dmg": 0.3333333333333333, "dmg_class": 1, "dmg_label": "Minor damage", "confidence": 0.0663, "bid": "851966257"}}, {"type": "Feature", "geometry": {"type": "MultiPolygon", "coordinates": [[[[85.3665739, 28.2553903], [85.3666269, 28.2553854], [85.3666366, 28.2554671], [85.3665835, 28.255472], [85.3665739, 28.2553903]]]]}, "properties": {"source": "hot-fair", "dmg": 1.0, "dmg_class": 3, "dmg_label": "Destroyed", "confidence": 0.9985, "bid": "851966254"}}, {"type": "Feature", "geometry": {"type": "MultiPolygon", "coordinates": [[[[85.3658767, 28.2528115], [85.3658864, 28.252753], [85.3659843, 28.2527657], [85.3659395, 28.2530337], [85.3658781, 28.2530258], [85.365913, 28.2528162], [85.3658767, 28.2528115]]]]}, "properties": {"source": "hot-fair", "dmg": 1.0, "dmg_class": 3, "dmg_label": "Destroyed", "confidence": 0.9998, "bid": "851369399"}}, {"type": "Feature", "geometry": {"type": "MultiPolygon", "coordinates": [[[[85.3665979, 28.2525408], [85.3666639, 28.2525236], [85.3666874, 28.2525933], [85.3666214, 28.2526105], [85.3665979, 28.2525408]]]]}, "properties": {"source": "hot-fair", "dmg": 1.0, "dmg_class": 3, "dmg_label": "Destroyed", "confidence": 0.9995, "bid": "851368440"}}, {"type": "Feature", "geometry": {"type": "MultiPolygon", "coordinates": [[[[85.366219, 28.2518791], [85.3662726, 28.2517788], [85.3663249, 28.2518005], [85.3662713, 28.2519008], [85.366219, 28.2518791]]]]}, "properties": {"source": "hot-fair", "dmg": 1.0, "dmg_class": 3, "dmg_label": "Destroyed", "confidence": 0.9997, "bid": "851368434"}}, {"type": "Feature", "geometry": {"type": "MultiPolygon", "coordinates": [[[[85.3672658, 28.2560103], [85.3672671, 28.2558969], [85.3673336, 28.2558975], [85.3673323, 28.2560109], [85.3672658, 28.2560103]]]]}, "properties": {"source": "hot-fair", "dmg": 0.0, "dmg_class": 0, "dmg_label": "No damage", "confidence": 0.8344, "bid": "851367116"}}, {"type": "Feature", "geometry": {"type": "MultiPolygon", "coordinates": [[[[85.3669719, 28.2557325], [85.367037, 28.2557282], [85.3670519, 28.2559056], [85.3669868, 28.2559098], [85.3669719, 28.2557325]]]]}, "properties": {"source": "hot-fair", "dmg": 0.3333333333333333, "dmg_class": 1, "dmg_label": "Minor damage", "confidence": 0.0675, "bid": "851367112"}}, {"type": "Feature", "geometry": {"type": "MultiPolygon", "coordinates": [[[[85.3668865, 28.2545265], [85.3669876, 28.2545211], [85.3669939, 28.2546133], [85.3668928, 28.2546187], [85.3668865, 28.2545265]]]]}, "properties": {"source": "hot-fair", "dmg": 1.0, "dmg_class": 3, "dmg_label": "Destroyed", "confidence": 0.99, "bid": "851367107"}}, {"type": "Feature", "geometry": {"type": "MultiPolygon", "coordinates": [[[[85.3660548, 28.251933], [85.3660675, 28.2519084], [85.3661218, 28.2519303], [85.3661091, 28.2519549], [85.3660548, 28.251933]]]]}, "properties": {"source": "hot-fair", "dmg": 1.0, "dmg_class": 3, "dmg_label": "Destroyed", "confidence": 0.9999, "bid": "1552942064"}}, {"type": "Feature", "geometry": {"type": "MultiPolygon", "coordinates": [[[[85.3658523, 28.2525367], [85.3659233, 28.2525314], [85.3659387, 28.2526939], [85.3658677, 28.2526991], [85.3658523, 28.2525367]]]]}, "properties": {"source": "hot-fair", "dmg": 1.0, "dmg_class": 3, "dmg_label": "Destroyed", "confidence": 0.9998, "bid": "1552942065"}}, {"type": "Feature", "geometry": {"type": "MultiPolygon", "coordinates": [[[[85.3662224, 28.2522673], [85.3662681, 28.2522666], [85.3662688, 28.2522997], [85.3662231, 28.2523004], [85.3662224, 28.2522673]]]]}, "properties": {"source": "hot-fair", "dmg": 1.0, "dmg_class": 3, "dmg_label": "Destroyed", "confidence": 0.9999, "bid": "1552942066"}}, {"type": "Feature", "geometry": {"type": "MultiPolygon", "coordinates": [[[[85.366321, 28.2523524], [85.36641, 28.2523494], [85.366414, 28.252444], [85.366325, 28.2524469], [85.366321, 28.2523524]]]]}, "properties": {"source": "hot-fair", "dmg": 1.0, "dmg_class": 3, "dmg_label": "Destroyed", "confidence": 0.9995, "bid": "1552942067"}}, {"type": "Feature", "geometry": {"type": "MultiPolygon", "coordinates": [[[[85.3661079, 28.2521483], [85.3661651, 28.2520503], [85.3662303, 28.2520798], [85.3661731, 28.2521778], [85.3661079, 28.2521483]]]]}, "properties": {"source": "hot-fair", "dmg": 1.0, "dmg_class": 3, "dmg_label": "Destroyed", "confidence": 0.9997, "bid": "1552942068"}}, {"type": "Feature", "geometry": {"type": "MultiPolygon", "coordinates": [[[[85.366779, 28.255083], [85.3667823, 28.2549909], [85.3668177, 28.2549919], [85.3668144, 28.255084], [85.366779, 28.255083]]]]}, "properties": {"source": "hot-fair", "dmg": 1.0, "dmg_class": 3, "dmg_label": "Destroyed", "confidence": 0.9998, "bid": "1552942069"}}, {"type": "Feature", "geometry": {"type": "MultiPolygon", "coordinates": [[[[85.3667649, 28.2551622], [85.3667662, 28.2551025], [85.3668147, 28.2551034], [85.3668134, 28.255163], [85.3667649, 28.2551622]]]]}, "properties": {"source": "hot-fair", "dmg": 1.0, "dmg_class": 3, "dmg_label": "Destroyed", "confidence": 0.9979, "bid": "1552942070"}}, {"type": "Feature", "geometry": {"type": "MultiPolygon", "coordinates": [[[[85.3668283, 28.2551526], [85.3668288, 28.2550983], [85.3668572, 28.2550985], [85.3668575, 28.2550696], [85.3669089, 28.2550699], [85.3669079, 28.2551698], [85.3668562, 28.2551694], [85.3668564, 28.2551528], [85.3668283, 28.2551526]]]]}, "properties": {"source": "hot-fair", "dmg": 1.0, "dmg_class": 3, "dmg_label": "Destroyed", "confidence": 0.9995, "bid": "1552942071"}}, {"type": "Feature", "geometry": {"type": "MultiPolygon", "coordinates": [[[[85.3666737, 28.2550629], [85.3667228, 28.255056], [85.3667429, 28.2551665], [85.3666938, 28.2551734], [85.3666737, 28.2550629]]]]}, "properties": {"source": "hot-fair", "dmg": 1.0, "dmg_class": 3, "dmg_label": "Destroyed", "confidence": 0.9884, "bid": "1552942072"}}, {"type": "Feature", "geometry": {"type": "MultiPolygon", "coordinates": [[[[85.366732, 28.255513], [85.3667672, 28.2555122], [85.3667693, 28.2555783], [85.366734, 28.2555792], [85.366732, 28.255513]]]]}, "properties": {"source": "hot-fair", "dmg": 1.0, "dmg_class": 3, "dmg_label": "Destroyed", "confidence": 0.9793, "bid": "1552942073"}}, {"type": "Feature", "geometry": {"type": "MultiPolygon", "coordinates": [[[[85.3666576, 28.255503], [85.3667035, 28.2555013], [85.3667068, 28.2555728], [85.366661, 28.2555744], [85.3666576, 28.255503]]]]}, "properties": {"source": "hot-fair", "dmg": 1.0, "dmg_class": 3, "dmg_label": "Destroyed", "confidence": 0.9928, "bid": "1552942074"}}, {"type": "Feature", "geometry": {"type": "MultiPolygon", "coordinates": [[[[85.3666938, 28.2557948], [85.3667314, 28.2557948], [85.3667314, 28.2558739], [85.3666938, 28.2558739], [85.3666938, 28.2557948]]]]}, "properties": {"source": "hot-fair", "dmg": 1.0, "dmg_class": 3, "dmg_label": "Destroyed", "confidence": 0.9972, "bid": "1552942075"}}, {"type": "Feature", "geometry": {"type": "MultiPolygon", "coordinates": [[[[85.3668182, 28.2542862], [85.3668929, 28.2542841], [85.366897, 28.2543981], [85.3669059, 28.2543979], [85.3669077, 28.2544479], [85.3668264, 28.2544502], [85.3668246, 28.2544005], [85.366848, 28.2543999], [85.3668459, 28.2543439], [85.3668203, 28.2543446], [85.3668182, 28.2542862]]]]}, "properties": {"source": "hot-fair", "dmg": 1.0, "dmg_class": 3, "dmg_label": "Destroyed", "confidence": 0.8621, "bid": "1552942076"}}, {"type": "Feature", "geometry": {"type": "MultiPolygon", "coordinates": [[[[85.3668985, 28.2542946], [85.3669533, 28.2542927], [85.3669558, 28.2543511], [85.366901, 28.254353], [85.3668985, 28.2542946]]]]}, "properties": {"source": "hot-fair", "dmg": 1.0, "dmg_class": 3, "dmg_label": "Destroyed", "confidence": 0.9204, "bid": "1552942077"}}, {"type": "Feature", "geometry": {"type": "MultiPolygon", "coordinates": [[[[85.3669124, 28.2543603], [85.366956, 28.2543589], [85.366958, 28.2544058], [85.3669144, 28.2544073], [85.3669124, 28.2543603]]]]}, "properties": {"source": "hot-fair", "dmg": 1.0, "dmg_class": 3, "dmg_label": "Destroyed", "confidence": 0.9816, "bid": "1552942078"}}, {"type": "Feature", "geometry": {"type": "MultiPolygon", "coordinates": [[[[85.3670534, 28.2542372], [85.3671075, 28.2542354], [85.3671114, 28.254324], [85.3670572, 28.2543258], [85.3670534, 28.2542372]]]]}, "properties": {"source": "hot-fair", "dmg": 1.0, "dmg_class": 3, "dmg_label": "Destroyed", "confidence": 0.971, "bid": "1552942079"}}, {"type": "Feature", "geometry": {"type": "MultiPolygon", "coordinates": [[[[85.3670022, 28.2544725], [85.3670619, 28.2544705], [85.367064, 28.2545187], [85.3670043, 28.2545207], [85.3670022, 28.2544725]]]]}, "properties": {"source": "hot-fair", "dmg": 1.0, "dmg_class": 3, "dmg_label": "Destroyed", "confidence": 0.9764, "bid": "1552942080"}}, {"type": "Feature", "geometry": {"type": "MultiPolygon", "coordinates": [[[[85.3672577, 28.2549649], [85.3672604, 28.2548946], [85.3672957, 28.2548956], [85.367293, 28.2549659], [85.3672577, 28.2549649]]]]}, "properties": {"source": "hot-fair", "dmg": 0.6666666666666666, "dmg_class": 2, "dmg_label": "Major damage", "confidence": 0.3907, "bid": "1552942081"}}, {"type": "Feature", "geometry": {"type": "MultiPolygon", "coordinates": [[[[85.3671008, 28.2548798], [85.3671564, 28.2548759], [85.3671671, 28.2549941], [85.3671116, 28.254998], [85.3671008, 28.2548798]]]]}, "properties": {"source": "hot-fair", "dmg": 1.0, "dmg_class": 3, "dmg_label": "Destroyed", "confidence": 0.9842, "bid": "1552942082"}}, {"type": "Feature", "geometry": {"type": "MultiPolygon", "coordinates": [[[[85.3669919, 28.2550798], [85.3670489, 28.2550561], [85.3670633, 28.255083], [85.3670063, 28.2551066], [85.3669919, 28.2550798]]]]}, "properties": {"source": "hot-fair", "dmg": 1.0, "dmg_class": 3, "dmg_label": "Destroyed", "confidence": 0.9994, "bid": "1552942083"}}, {"type": "Feature", "geometry": {"type": "MultiPolygon", "coordinates": [[[[85.3670049, 28.2551191], [85.3670552, 28.2551161], [85.3670576, 28.2551467], [85.3670073, 28.2551497], [85.3670049, 28.2551191]]]]}, "properties": {"source": "hot-fair", "dmg": 1.0, "dmg_class": 3, "dmg_label": "Destroyed", "confidence": 0.999, "bid": "1552942084"}}, {"type": "Feature", "geometry": {"type": "MultiPolygon", "coordinates": [[[[85.3670626, 28.2550984], [85.3671347, 28.2550827], [85.3671488, 28.2551329], [85.3670767, 28.2551486], [85.3670626, 28.2550984]]]]}, "properties": {"source": "hot-fair", "dmg": 1.0, "dmg_class": 3, "dmg_label": "Destroyed", "confidence": 0.995, "bid": "1552942085"}}, {"type": "Feature", "geometry": {"type": "MultiPolygon", "coordinates": [[[[85.3671692, 28.2546335], [85.3672043, 28.2546307], [85.3672097, 28.2546827], [85.3671746, 28.2546855], [85.3671692, 28.2546335]]]]}, "properties": {"source": "hot-fair", "dmg": 1.0, "dmg_class": 3, "dmg_label": "Destroyed", "confidence": 0.6326, "bid": "1552942086"}}, {"type": "Feature", "geometry": {"type": "MultiPolygon", "coordinates": [[[[85.3674421, 28.2546259], [85.3674778, 28.2546245], [85.3674805, 28.2546776], [85.3674448, 28.254679], [85.3674421, 28.2546259]]]]}, "properties": {"source": "hot-fair", "dmg": 0.3333333333333333, "dmg_class": 1, "dmg_label": "Minor damage", "confidence": 0.0789, "bid": "1552942087"}}, {"type": "Feature", "geometry": {"type": "MultiPolygon", "coordinates": [[[[85.3668319, 28.2546761], [85.3669161, 28.2546589], [85.3669543, 28.2548048], [85.3668702, 28.254822], [85.3668319, 28.2546761]]]]}, "properties": {"source": "hot-fair", "dmg": 1.0, "dmg_class": 3, "dmg_label": "Destroyed", "confidence": 0.9981, "bid": "1552942088"}}, {"type": "Feature", "geometry": {"type": "MultiPolygon", "coordinates": [[[[85.3669798, 28.253198], [85.3669818, 28.2531251], [85.3670289, 28.2531261], [85.3670273, 28.2531846], [85.3670462, 28.253185], [85.3670444, 28.2532497], [85.3669966, 28.2532487], [85.366998, 28.2531984], [85.3669798, 28.253198]]]]}, "properties": {"source": "hot-fair", "dmg": 0.0, "dmg_class": 0, "dmg_label": "No damage", "confidence": 0.8247, "bid": "1552942089"}}, {"type": "Feature", "geometry": {"type": "MultiPolygon", "coordinates": [[[[85.3666632, 28.2531503], [85.3667008, 28.2531488], [85.3666959, 28.2530578], [85.3667521, 28.2530554], [85.3667593, 28.2531903], [85.3666656, 28.2531942], [85.3666632, 28.2531503]]]]}, "properties": {"source": "hot-fair", "dmg": 1.0, "dmg_class": 3, "dmg_label": "Destroyed", "confidence": 0.9989, "bid": "966745826"}}, {"type": "Feature", "geometry": {"type": "MultiPolygon", "coordinates": [[[[85.3659079, 28.2521302], [85.3659794, 28.2519109], [85.3660302, 28.2519238], [85.3659587, 28.2521431], [85.3659079, 28.2521302]]]]}, "properties": {"source": "hot-fair", "dmg": 1.0, "dmg_class": 3, "dmg_label": "Destroyed", "confidence": 0.9999, "bid": "853711555"}}, {"type": "Feature", "geometry": {"type": "MultiPolygon", "coordinates": [[[[85.3662524, 28.2532062], [85.3663011, 28.2532009], [85.3663145, 28.2532961], [85.3662658, 28.2533014], [85.3662524, 28.2532062]]]]}, "properties": {"source": "hot-fair", "dmg": 1.0, "dmg_class": 3, "dmg_label": "Destroyed", "confidence": 0.9999, "bid": "853711538"}}, {"type": "Feature", "geometry": {"type": "MultiPolygon", "coordinates": [[[[85.3666901, 28.2549508], [85.3667317, 28.2549378], [85.3667653, 28.2550212], [85.3667237, 28.2550342], [85.3666901, 28.2549508]]]]}, "properties": {"source": "hot-fair", "dmg": 1.0, "dmg_class": 3, "dmg_label": "Destroyed", "confidence": 0.9998, "bid": "853711511"}}, {"type": "Feature", "geometry": {"type": "MultiPolygon", "coordinates": [[[[85.3674844, 28.2553122], [85.367518, 28.2552141], [85.3675598, 28.2552252], [85.3675262, 28.2553233], [85.3674844, 28.2553122]]]]}, "properties": {"source": "hot-fair", "dmg": 0.0, "dmg_class": 0, "dmg_label": "No damage", "confidence": 0.8428, "bid": "851966262"}}, {"type": "Feature", "geometry": {"type": "MultiPolygon", "coordinates": [[[[85.3677016, 28.2556004], [85.367719, 28.2555661], [85.3677524, 28.2555793], [85.367735, 28.2556136], [85.3677016, 28.2556004]]]]}, "properties": {"source": "hot-fair", "dmg": 0.0, "dmg_class": 0, "dmg_label": "No damage", "confidence": 0.832, "bid": "851966256"}}, {"type": "Feature", "geometry": {"type": "MultiPolygon", "coordinates": [[[[85.3663472, 28.2558728], [85.3663987, 28.2558637], [85.3664175, 28.255947], [85.3663659, 28.255956], [85.3663472, 28.2558728]]]]}, "properties": {"source": "hot-fair", "dmg": 1.0, "dmg_class": 3, "dmg_label": "Destroyed", "confidence": 0.9313, "bid": "851966252"}}, {"type": "Feature", "geometry": {"type": "MultiPolygon", "coordinates": [[[[85.3666208, 28.2522609], [85.3666799, 28.2522565], [85.3666933, 28.2523983], [85.3666342, 28.2524026], [85.3666208, 28.2522609]]]]}, "properties": {"source": "hot-fair", "dmg": 1.0, "dmg_class": 3, "dmg_label": "Destroyed", "confidence": 0.9982, "bid": "851368443"}}, {"type": "Feature", "geometry": {"type": "MultiPolygon", "coordinates": [[[[85.3668802, 28.2528545], [85.3669754, 28.2528427], [85.3669887, 28.2529258], [85.3668935, 28.2529376], [85.3668802, 28.2528545]]]]}, "properties": {"source": "hot-fair", "dmg": 0.3333333333333333, "dmg_class": 1, "dmg_label": "Minor damage", "confidence": 0.0805, "bid": "851368438"}}, {"type": "Feature", "geometry": {"type": "MultiPolygon", "coordinates": [[[[85.3662968, 28.2520706], [85.366321, 28.2519667], [85.3663603, 28.2519737], [85.3663362, 28.2520777], [85.3662968, 28.2520706]]]]}, "properties": {"source": "hot-fair", "dmg": 1.0, "dmg_class": 3, "dmg_label": "Destroyed", "confidence": 0.9998, "bid": "851368433"}}, {"type": "Feature", "geometry": {"type": "MultiPolygon", "coordinates": [[[[85.3674937, 28.2555513], [85.3675193, 28.2554867], [85.3675252, 28.2554719], [85.3676343, 28.2555056], [85.3676026, 28.255585], [85.3674937, 28.2555513]]]]}, "properties": {"source": "hot-fair", "dmg": 0.0, "dmg_class": 0, "dmg_label": "No damage", "confidence": 0.932, "bid": "851367114"}}, {"type": "Feature", "geometry": {"type": "MultiPolygon", "coordinates": [[[[85.366835, 28.2554976], [85.3668503, 28.2553234], [85.3669102, 28.2553274], [85.366895, 28.2555017], [85.366835, 28.2554976]]]]}, "properties": {"source": "hot-fair", "dmg": 1.0, "dmg_class": 3, "dmg_label": "Destroyed", "confidence": 0.9959, "bid": "851367110"}}, {"type": "Feature", "geometry": {"type": "MultiPolygon", "coordinates": [[[[85.3662402, 28.2539728], [85.3662429, 28.2538039], [85.3662881, 28.2538044], [85.3662855, 28.2539734], [85.3662402, 28.2539728]]]]}, "properties": {"source": "hot-fair", "dmg": 1.0, "dmg_class": 3, "dmg_label": "Destroyed", "confidence": 0.9993, "bid": "851367106"}}, {"type": "Feature", "geometry": {"type": "MultiPolygon", "coordinates": [[[[85.3660947, 28.2534528], [85.366096, 28.2533406], [85.3661315, 28.2533409], [85.3661302, 28.2534531], [85.3660947, 28.2534528]]]]}, "properties": {"source": "hot-fair", "dmg": 1.0, "dmg_class": 3, "dmg_label": "Destroyed", "confidence": 0.9995, "bid": "851367102"}}, {"type": "Feature", "geometry": {"type": "MultiPolygon", "coordinates": [[[[85.3644213, 28.2525621], [85.3644267, 28.2524298], [85.3644922, 28.2524318], [85.3644868, 28.2525641], [85.3644213, 28.2525621]]]]}, "properties": {"source": "hot-fair", "dmg": 1.0, "dmg_class": 3, "dmg_label": "Destroyed", "confidence": 0.9647, "bid": "851367098"}}, {"type": "Feature", "geometry": {"type": "MultiPolygon", "coordinates": [[[[85.3644779, 28.2529325], [85.3647956, 28.2528933], [85.3648035, 28.2529429], [85.3644858, 28.2529822], [85.3644779, 28.2529325]]]]}, "properties": {"source": "hot-fair", "dmg": 1.0, "dmg_class": 3, "dmg_label": "Destroyed", "confidence": 0.9967, "bid": "851367094"}}, {"type": "Feature", "geometry": {"type": "MultiPolygon", "coordinates": [[[[85.3664923, 28.2533166], [85.3665543, 28.2533077], [85.3665633, 28.2533564], [85.3665013, 28.2533653], [85.3664923, 28.2533166]]]]}, "properties": {"source": "hot-fair", "dmg": 1.0, "dmg_class": 3, "dmg_label": "Destroyed", "confidence": 0.9965, "bid": "341558554"}}, {"type": "Feature", "geometry": {"type": "MultiPolygon", "coordinates": [[[[85.3663092, 28.2539321], [85.3663153, 28.2537856], [85.3663777, 28.2537876], [85.3663716, 28.2539341], [85.3663092, 28.2539321]]]]}, "properties": {"source": "hot-fair", "dmg": 1.0, "dmg_class": 3, "dmg_label": "Destroyed", "confidence": 0.9998, "bid": "851367105"}}, {"type": "Feature", "geometry": {"type": "MultiPolygon", "coordinates": [[[[85.3644795, 28.2523176], [85.3644803, 28.2522431], [85.3646171, 28.2522443], [85.3646163, 28.2523188], [85.3644795, 28.2523176]]]]}, "properties": {"source": "hot-fair", "dmg": 1.0, "dmg_class": 3, "dmg_label": "Destroyed", "confidence": 0.8454, "bid": "851367101"}}, {"type": "Feature", "geometry": {"type": "MultiPolygon", "coordinates": [[[[85.3643989, 28.252612], [85.3647462, 28.2525859], [85.3647533, 28.252659], [85.364406, 28.2526851], [85.3643989, 28.252612]]]]}, "properties": {"source": "hot-fair", "dmg": 1.0, "dmg_class": 3, "dmg_label": "Destroyed", "confidence": 0.8048, "bid": "851367097"}}, {"type": "Feature", "geometry": {"type": "MultiPolygon", "coordinates": [[[[85.3659346, 28.2525492], [85.3659856, 28.2525411], [85.3659948, 28.252586], [85.366137, 28.2525635], [85.3661344, 28.2525511], [85.3661745, 28.2525447], [85.3661848, 28.2525954], [85.3659515, 28.2526323], [85.3659346, 28.2525492]]]]}, "properties": {"source": "hot-fair", "dmg": 1.0, "dmg_class": 3, "dmg_label": "Destroyed", "confidence": 0.9999, "bid": "340615924"}}, {"type": "Feature", "geometry": {"type": "MultiPolygon", "coordinates": [[[[85.3664532, 28.2529648], [85.3665369, 28.2529529], [85.3665482, 28.2530144], [85.3664645, 28.2530263], [85.3664532, 28.2529648]]]]}, "properties": {"source": "hot-fair", "dmg": 1.0, "dmg_class": 3, "dmg_label": "Destroyed", "confidence": 0.9999, "bid": "340615918"}}, {"type": "Feature", "geometry": {"type": "MultiPolygon", "coordinates": [[[[85.366879, 28.254461], [85.3669827, 28.2544575], [85.3669852, 28.2545171], [85.3668816, 28.2545206], [85.366879, 28.254461]]]]}, "properties": {"source": "hot-fair", "dmg": 1.0, "dmg_class": 3, "dmg_label": "Destroyed", "confidence": 0.9935, "bid": "340615904"}}, {"type": "Feature", "geometry": {"type": "MultiPolygon", "coordinates": [[[[85.3660581, 28.2534847], [85.3661249, 28.2534781], [85.3661383, 28.2535833], [85.3660715, 28.2535899], [85.3660581, 28.2534847]]]]}, "properties": {"source": "hot-fair", "dmg": 1.0, "dmg_class": 3, "dmg_label": "Destroyed", "confidence": 0.9999, "bid": "851367103"}}, {"type": "Feature", "geometry": {"type": "MultiPolygon", "coordinates": [[[[85.3645607, 28.2523671], [85.3646507, 28.2523508], [85.3646694, 28.2524312], [85.3645795, 28.2524475], [85.3645607, 28.2523671]]]]}, "properties": {"source": "hot-fair", "dmg": 0.6666666666666666, "dmg_class": 2, "dmg_label": "Major damage", "confidence": 0.032, "bid": "851367100"}}, {"type": "Feature", "geometry": {"type": "MultiPolygon", "coordinates": [[[[85.3644905, 28.2528602], [85.3647752, 28.2528159], [85.3647856, 28.2528679], [85.364501, 28.2529122], [85.3644905, 28.2528602]]]]}, "properties": {"source": "hot-fair", "dmg": 1.0, "dmg_class": 3, "dmg_label": "Destroyed", "confidence": 0.9857, "bid": "851367095"}}, {"type": "Feature", "geometry": {"type": "MultiPolygon", "coordinates": [[[[85.3648089, 28.2528385], [85.3648534, 28.2528361], [85.364856, 28.2528739], [85.3648115, 28.2528763], [85.3648089, 28.2528385]]]]}, "properties": {"source": "hot-fair", "dmg": 1.0, "dmg_class": 3, "dmg_label": "Destroyed", "confidence": 0.986, "bid": "851367090"}}, {"type": "Feature", "geometry": {"type": "MultiPolygon", "coordinates": [[[[85.366954, 28.2548208], [85.367055, 28.254804], [85.3670992, 28.2550102], [85.3669982, 28.255027], [85.366954, 28.2548208]]]]}, "properties": {"source": "hot-fair", "dmg": 1.0, "dmg_class": 3, "dmg_label": "Destroyed", "confidence": 0.9989, "bid": "340624563"}}, {"type": "Feature", "geometry": {"type": "MultiPolygon", "coordinates": [[[[85.3668134, 28.2549699], [85.3668444, 28.2549562], [85.3668873, 28.2550318], [85.3669, 28.2550541], [85.366869, 28.2550677], [85.3668134, 28.2549699]]]]}, "properties": {"source": "hot-fair", "dmg": 1.0, "dmg_class": 3, "dmg_label": "Destroyed", "confidence": 0.9997, "bid": "340624509"}}, {"type": "Feature", "geometry": {"type": "MultiPolygon", "coordinates": [[[[85.3659159, 28.2515369], [85.3659549, 28.2514604], [85.3659917, 28.2513884], [85.3660361, 28.251406], [85.3659603, 28.2515545], [85.3659159, 28.2515369]]]]}, "properties": {"source": "hot-fair", "dmg": 1.0, "dmg_class": 3, "dmg_label": "Destroyed", "confidence": 0.9961, "bid": "340615926"}}, {"type": "Feature", "geometry": {"type": "MultiPolygon", "coordinates": [[[[85.3660356, 28.253133], [85.3661043, 28.2531058], [85.366164, 28.2532231], [85.3660953, 28.2532502], [85.3660356, 28.253133]]]]}, "properties": {"source": "hot-fair", "dmg": 1.0, "dmg_class": 3, "dmg_label": "Destroyed", "confidence": 0.9989, "bid": "340615920"}}, {"type": "Feature", "geometry": {"type": "MultiPolygon", "coordinates": [[[[85.3669118, 28.254021], [85.3669132, 28.2539666], [85.3669931, 28.2539683], [85.3669916, 28.2540226], [85.3669118, 28.254021]]]]}, "properties": {"source": "hot-fair", "dmg": 0.6666666666666666, "dmg_class": 2, "dmg_label": "Major damage", "confidence": 0.1181, "bid": "340615914"}}, {"type": "Feature", "geometry": {"type": "MultiPolygon", "coordinates": [[[[85.3666831, 28.2545877], [85.3667833, 28.2545835], [85.3667874, 28.2546586], [85.3666872, 28.2546629], [85.3666831, 28.2545877]]]]}, "properties": {"source": "hot-fair", "dmg": 1.0, "dmg_class": 3, "dmg_label": "Destroyed", "confidence": 0.9782, "bid": "340615902"}}, {"type": "Feature", "geometry": {"type": "MultiPolygon", "coordinates": [[[[85.3660146, 28.2520919], [85.3660441, 28.2519702], [85.3661004, 28.2519808], [85.3660709, 28.2521025], [85.3660146, 28.2520919]]]]}, "properties": {"source": "hot-fair", "dmg": 1.0, "dmg_class": 3, "dmg_label": "Destroyed", "confidence": 0.9999, "bid": "853711554"}}, {"type": "Feature", "geometry": {"type": "MultiPolygon", "coordinates": [[[[85.3659501, 28.2531998], [85.3660356, 28.2531829], [85.3660442, 28.2532166], [85.3659586, 28.2532335], [85.3659501, 28.2531998]]]]}, "properties": {"source": "hot-fair", "dmg": 1.0, "dmg_class": 3, "dmg_label": "Destroyed", "confidence": 0.9995, "bid": "853711541"}}, {"type": "Feature", "geometry": {"type": "MultiPolygon", "coordinates": [[[[85.3663767, 28.2535556], [85.3664451, 28.253552], [85.366448, 28.2535956], [85.3663796, 28.2535991], [85.3663767, 28.2535556]]]]}, "properties": {"source": "hot-fair", "dmg": 1.0, "dmg_class": 3, "dmg_label": "Destroyed", "confidence": 0.9998, "bid": "853711536"}}, {"type": "Feature", "geometry": {"type": "MultiPolygon", "coordinates": [[[[85.3662439, 28.2535005], [85.3663243, 28.2534851], [85.3663314, 28.2535137], [85.3662509, 28.253529], [85.3662439, 28.2535005]]]]}, "properties": {"source": "hot-fair", "dmg": 1.0, "dmg_class": 3, "dmg_label": "Destroyed", "confidence": 0.9994, "bid": "853711533"}}, {"type": "Feature", "geometry": {"type": "MultiPolygon", "coordinates": [[[[85.3661975, 28.2540568], [85.3662007, 28.2540335], [85.3662557, 28.2540394], [85.3662524, 28.2540627], [85.3661975, 28.2540568]]]]}, "properties": {"source": "hot-fair", "dmg": 1.0, "dmg_class": 3, "dmg_label": "Destroyed", "confidence": 0.953, "bid": "853711528"}}, {"type": "Feature", "geometry": {"type": "MultiPolygon", "coordinates": [[[[85.3663382, 28.25426], [85.3663803, 28.2542442], [85.3664259, 28.2543387], [85.3663838, 28.2543545], [85.3663382, 28.25426]]]]}, "properties": {"source": "hot-fair", "dmg": 1.0, "dmg_class": 3, "dmg_label": "Destroyed", "confidence": 0.9861, "bid": "853711525"}}, {"type": "Feature", "geometry": {"type": "MultiPolygon", "coordinates": [[[[85.3664619, 28.2544223], [85.3665203, 28.2544145], [85.366537, 28.2545107], [85.3664786, 28.2545186], [85.3664619, 28.2544223]]]]}, "properties": {"source": "hot-fair", "dmg": 1.0, "dmg_class": 3, "dmg_label": "Destroyed", "confidence": 0.9947, "bid": "853711519"}}, {"type": "Feature", "geometry": {"type": "MultiPolygon", "coordinates": [[[[85.3671672, 28.2547805], [85.3672329, 28.2547699], [85.3672524, 28.2548633], [85.3671867, 28.254874], [85.3671672, 28.2547805]]]]}, "properties": {"source": "hot-fair", "dmg": 1.0, "dmg_class": 3, "dmg_label": "Destroyed", "confidence": 0.8779, "bid": "853711515"}}, {"type": "Feature", "geometry": {"type": "MultiPolygon", "coordinates": [[[[85.3667143, 28.2551918], [85.3667689, 28.2551842], [85.3668042, 28.2553814], [85.3667495, 28.255389], [85.3667143, 28.2551918]]]]}, "properties": {"source": "hot-fair", "dmg": 1.0, "dmg_class": 3, "dmg_label": "Destroyed", "confidence": 0.9937, "bid": "853711509"}}, {"type": "Feature", "geometry": {"type": "MultiPolygon", "coordinates": [[[[85.3670914, 28.2554646], [85.3671373, 28.2554582], [85.367144, 28.255496], [85.3670982, 28.2555024], [85.3670914, 28.2554646]]]]}, "properties": {"source": "hot-fair", "dmg": 1.0, "dmg_class": 3, "dmg_label": "Destroyed", "confidence": 0.7837, "bid": "851966260"}}, {"type": "Feature", "geometry": {"type": "MultiPolygon", "coordinates": [[[[85.3665094, 28.2556139], [85.3666056, 28.2556079], [85.3666186, 28.2557688], [85.3665223, 28.2557748], [85.3665094, 28.2556139]]]]}, "properties": {"source": "hot-fair", "dmg": 1.0, "dmg_class": 3, "dmg_label": "Destroyed", "confidence": 0.9999, "bid": "851966253"}}, {"type": "Feature", "geometry": {"type": "MultiPolygon", "coordinates": [[[[85.3662875, 28.2511967], [85.3663176, 28.2510687], [85.3665148, 28.2511047], [85.3664942, 28.2511922], [85.3664235, 28.2511793], [85.366414, 28.2512197], [85.3662875, 28.2511967]]]]}, "properties": {"source": "hot-fair", "dmg": 1.0, "dmg_class": 3, "dmg_label": "Destroyed", "confidence": 0.9974, "bid": "851508430"}}, {"type": "Feature", "geometry": {"type": "MultiPolygon", "coordinates": [[[[85.3664316, 28.2514587], [85.3664786, 28.2513063], [85.3665501, 28.2513234], [85.3665032, 28.2514758], [85.3664316, 28.2514587]]]]}, "properties": {"source": "hot-fair", "dmg": 1.0, "dmg_class": 3, "dmg_label": "Destroyed", "confidence": 0.9986, "bid": "851368436"}}, {"type": "Feature", "geometry": {"type": "MultiPolygon", "coordinates": [[[[85.3666779, 28.2520713], [85.3666803, 28.2520343], [85.3667675, 28.2520386], [85.3667593, 28.2521667], [85.3667071, 28.2521642], [85.3667128, 28.252073], [85.3666779, 28.2520713]]]]}, "properties": {"source": "hot-fair", "dmg": 1.0, "dmg_class": 3, "dmg_label": "Destroyed", "confidence": 0.9948, "bid": "851368431"}}, {"type": "Feature", "geometry": {"type": "MultiPolygon", "coordinates": [[[[85.3669743, 28.2555621], [85.3670367, 28.2555618], [85.3670377, 28.255722], [85.3669753, 28.2557223], [85.3669743, 28.2555621]]]]}, "properties": {"source": "hot-fair", "dmg": 1.0, "dmg_class": 3, "dmg_label": "Destroyed", "confidence": 0.7516, "bid": "851367113"}}, {"type": "Feature", "geometry": {"type": "MultiPolygon", "coordinates": [[[[85.366682, 28.2546676], [85.3668069, 28.2546603], [85.3668198, 28.2548307], [85.366695, 28.254838], [85.366682, 28.2546676]]]]}, "properties": {"source": "hot-fair", "dmg": 1.0, "dmg_class": 3, "dmg_label": "Destroyed", "confidence": 0.9937, "bid": "851367108"}}, {"type": "Feature", "geometry": {"type": "MultiPolygon", "coordinates": [[[[85.3661712, 28.2536062], [85.3663332, 28.2536], [85.3663368, 28.2536736], [85.3662493, 28.253677], [85.3662515, 28.2537219], [85.3661771, 28.2537248], [85.3661712, 28.2536062]]]]}, "properties": {"source": "hot-fair", "dmg": 1.0, "dmg_class": 3, "dmg_label": "Destroyed", "confidence": 0.9998, "bid": "851367104"}}, {"type": "Feature", "geometry": {"type": "MultiPolygon", "coordinates": [[[[85.3645286, 28.2524793], [85.3646922, 28.2524569], [85.3647028, 28.2525168], [85.3645392, 28.2525392], [85.3645286, 28.2524793]]]]}, "properties": {"source": "hot-fair", "dmg": 1.0, "dmg_class": 3, "dmg_label": "Destroyed", "confidence": 0.739, "bid": "851367099"}}, {"type": "Feature", "geometry": {"type": "MultiPolygon", "coordinates": [[[[85.3644404, 28.2527872], [85.3647055, 28.2527622], [85.364701, 28.2527255], [85.3644451, 28.2527496], [85.3644405, 28.252712], [85.3647558, 28.2526823], [85.3647706, 28.252804], [85.3644461, 28.2528345], [85.3644404, 28.2527872]]]]}, "properties": {"source": "hot-fair", "dmg": 1.0, "dmg_class": 3, "dmg_label": "Destroyed", "confidence": 0.6892, "bid": "851367096"}}, {"type": "Feature", "geometry": {"type": "MultiPolygon", "coordinates": [[[[85.3667105, 28.2537746], [85.3667681, 28.2537687], [85.3667751, 28.2538224], [85.3667175, 28.2538283], [85.3667105, 28.2537746]]]]}, "properties": {"source": "hot-fair", "dmg": 1.0, "dmg_class": 3, "dmg_label": "Destroyed", "confidence": 0.9882, "bid": "340624533"}}, {"type": "Feature", "geometry": {"type": "MultiPolygon", "coordinates": [[[[85.3662177, 28.2522556], [85.3662455, 28.2521214], [85.3663166, 28.2521328], [85.3662887, 28.252267], [85.3662177, 28.2522556]]]]}, "properties": {"source": "hot-fair", "dmg": 1.0, "dmg_class": 3, "dmg_label": "Destroyed", "confidence": 0.9999, "bid": "340624508"}}, {"type": "Feature", "geometry": {"type": "MultiPolygon", "coordinates": [[[[85.366416, 28.2542212], [85.3664988, 28.2542145], [85.3665062, 28.2542853], [85.3664234, 28.254292], [85.366416, 28.2542212]]]]}, "properties": {"source": "hot-fair", "dmg": 1.0, "dmg_class": 3, "dmg_label": "Destroyed", "confidence": 0.9933, "bid": "340624512"}}, {"type": "Feature", "geometry": {"type": "MultiPolygon", "coordinates": [[[[85.3661835, 28.2514044], [85.3662469, 28.2513212], [85.3663251, 28.2513675], [85.3663055, 28.2513932], [85.3662618, 28.2514506], [85.3661835, 28.2514044]]]]}, "properties": {"source": "hot-fair", "dmg": 1.0, "dmg_class": 3, "dmg_label": "Destroyed", "confidence": 0.9995, "bid": "340615925"}}, {"type": "Feature", "geometry": {"type": "MultiPolygon", "coordinates": [[[[85.3664507, 28.2528836], [85.3665591, 28.2528639], [85.3665757, 28.252935], [85.3664673, 28.2529546], [85.3664507, 28.2528836]]]]}, "properties": {"source": "hot-fair", "dmg": 1.0, "dmg_class": 3, "dmg_label": "Destroyed", "confidence": 0.9999, "bid": "340615917"}}, {"type": "Feature", "geometry": {"type": "MultiPolygon", "coordinates": [[[[85.3664156, 28.2520943], [85.366466, 28.2520897], [85.3664727, 28.2521464], [85.3664223, 28.252151], [85.3664156, 28.2520943]]]]}, "properties": {"source": "hot-fair", "dmg": 1.0, "dmg_class": 3, "dmg_label": "Destroyed", "confidence": 0.999, "bid": "853711546"}}, {"type": "Feature", "geometry": {"type": "MultiPolygon", "coordinates": [[[[85.3663337, 28.2535084], [85.3663739, 28.2535077], [85.3663753, 28.2535763], [85.3663351, 28.2535769], [85.3663337, 28.2535084]]]]}, "properties": {"source": "hot-fair", "dmg": 1.0, "dmg_class": 3, "dmg_label": "Destroyed", "confidence": 0.9997, "bid": "853711537"}}, {"type": "Feature", "geometry": {"type": "MultiPolygon", "coordinates": [[[[85.3663655, 28.2533241], [85.3664412, 28.2533138], [85.3664485, 28.253355], [85.3663727, 28.2533654], [85.3663655, 28.2533241]]]]}, "properties": {"source": "hot-fair", "dmg": 1.0, "dmg_class": 3, "dmg_label": "Destroyed", "confidence": 0.999, "bid": "853711532"}}, {"type": "Feature", "geometry": {"type": "MultiPolygon", "coordinates": [[[[85.3670083, 28.2540989], [85.367015, 28.253943], [85.3670672, 28.2539448], [85.3670605, 28.2541007], [85.3670083, 28.2540989]]]]}, "properties": {"source": "hot-fair", "dmg": 1.0, "dmg_class": 3, "dmg_label": "Destroyed", "confidence": 0.8224, "bid": "853711524"}}, {"type": "Feature", "geometry": {"type": "MultiPolygon", "coordinates": [[[[85.3668214, 28.2553176], [85.3668247, 28.2552416], [85.3669182, 28.2552447], [85.366915, 28.2553207], [85.3668214, 28.2553176]]]]}, "properties": {"source": "hot-fair", "dmg": 1.0, "dmg_class": 3, "dmg_label": "Destroyed", "confidence": 0.9985, "bid": "853711512"}}, {"type": "Feature", "geometry": {"type": "MultiPolygon", "coordinates": [[[[85.3667109, 28.2555915], [85.3667632, 28.2555891], [85.3667669, 28.255653], [85.3667146, 28.2556554], [85.3667109, 28.2555915]]]]}, "properties": {"source": "hot-fair", "dmg": 1.0, "dmg_class": 3, "dmg_label": "Destroyed", "confidence": 0.9867, "bid": "853711508"}}, {"type": "Feature", "geometry": {"type": "MultiPolygon", "coordinates": [[[[85.367471, 28.2557115], [85.3674938, 28.2556453], [85.3675434, 28.2556586], [85.3675206, 28.2557247], [85.367471, 28.2557115]]]]}, "properties": {"source": "hot-fair", "dmg": 0.3333333333333333, "dmg_class": 1, "dmg_label": "Minor damage", "confidence": 0.0773, "bid": "851966258"}}, {"type": "Feature", "geometry": {"type": "MultiPolygon", "coordinates": [[[[85.3665523, 28.2552218], [85.366624, 28.2552199], [85.3666281, 28.2553333], [85.3665563, 28.2553352], [85.3665523, 28.2552218]]]]}, "properties": {"source": "hot-fair", "dmg": 1.0, "dmg_class": 3, "dmg_label": "Destroyed", "confidence": 0.9959, "bid": "851966255"}}, {"type": "Feature", "geometry": {"type": "MultiPolygon", "coordinates": [[[[85.3659325, 28.25315], [85.3659688, 28.2531398], [85.3659432, 28.2530693], [85.3660038, 28.2530522], [85.3660471, 28.2531715], [85.3659502, 28.2531988], [85.3659325, 28.25315]]]]}, "properties": {"source": "hot-fair", "dmg": 1.0, "dmg_class": 3, "dmg_label": "Destroyed", "confidence": 0.9994, "bid": "851369397"}}, {"type": "Feature", "geometry": {"type": "MultiPolygon", "coordinates": [[[[85.3671518, 28.2513335], [85.3671963, 28.2513271], [85.3672151, 28.2514287], [85.3671705, 28.2514351], [85.3671518, 28.2513335]]]]}, "properties": {"source": "hot-fair", "dmg": 0.0, "dmg_class": 0, "dmg_label": "No damage", "confidence": 0.9826, "bid": "851368437"}}, {"type": "Feature", "geometry": {"type": "MultiPolygon", "coordinates": [[[[85.3665134, 28.2518852], [85.3666377, 28.2518616], [85.3666672, 28.2519821], [85.3665429, 28.2520057], [85.3665134, 28.2518852]]]]}, "properties": {"source": "hot-fair", "dmg": 1.0, "dmg_class": 3, "dmg_label": "Destroyed", "confidence": 0.9956, "bid": "851368430"}}, {"type": "Feature", "geometry": {"type": "MultiPolygon", "coordinates": [[[[85.3669751, 28.2559185], [85.3670544, 28.255914], [85.3670618, 28.2560138], [85.3669825, 28.2560184], [85.3669751, 28.2559185]]]]}, "properties": {"source": "hot-fair", "dmg": 0.3333333333333333, "dmg_class": 1, "dmg_label": "Minor damage", "confidence": 0.085, "bid": "851367111"}}, {"type": "Feature", "geometry": {"type": "MultiPolygon", "coordinates": [[[[85.3668866, 28.2534093], [85.3668906, 28.253332], [85.3668928, 28.2532896], [85.3668974, 28.2532029], [85.3669486, 28.253205], [85.3669436, 28.2532993], [85.3670015, 28.2533016], [85.366994, 28.2534459], [85.3669197, 28.2534429], [85.3669214, 28.2534107], [85.3668866, 28.2534093]]]]}, "properties": {"source": "hot-fair", "dmg": 0.3333333333333333, "dmg_class": 1, "dmg_label": "Minor damage", "confidence": 0.0593, "bid": "1552871504"}}, {"type": "Feature", "geometry": {"type": "MultiPolygon", "coordinates": [[[[85.3675877, 28.25534], [85.3676023, 28.2552333], [85.3676444, 28.2552378], [85.3676298, 28.2553445], [85.3675877, 28.25534]]]]}, "properties": {"source": "hot-fair", "dmg": 0.0, "dmg_class": 0, "dmg_label": "No damage", "confidence": 0.8076, "bid": "1552855514"}}, {"type": "Feature", "geometry": {"type": "MultiPolygon", "coordinates": [[[[85.3666227, 28.2556434], [85.3666231, 28.2555873], [85.3666948, 28.2555878], [85.3666944, 28.2556438], [85.3666227, 28.2556434]]]]}, "properties": {"source": "hot-fair", "dmg": 1.0, "dmg_class": 3, "dmg_label": "Destroyed", "confidence": 0.9983, "bid": "1552855511"}}, {"type": "Feature", "geometry": {"type": "MultiPolygon", "coordinates": [[[[85.3671545, 28.2552389], [85.3671826, 28.2550759], [85.367241, 28.2550837], [85.3672128, 28.2552467], [85.3671545, 28.2552389]]]]}, "properties": {"source": "hot-fair", "dmg": 1.0, "dmg_class": 3, "dmg_label": "Destroyed", "confidence": 0.7589, "bid": "1552643108"}}, {"type": "Feature", "geometry": {"type": "MultiPolygon", "coordinates": [[[[85.3670004, 28.2545293], [85.3670641, 28.2545287], [85.3670659, 28.2546705], [85.3670022, 28.2546711], [85.3670004, 28.2545293]]]]}, "properties": {"source": "hot-fair", "dmg": 1.0, "dmg_class": 3, "dmg_label": "Destroyed", "confidence": 0.9711, "bid": "1552598457"}}, {"type": "Feature", "geometry": {"type": "MultiPolygon", "coordinates": [[[[85.3671766, 28.2550158], [85.3671773, 28.254911], [85.367245, 28.2549113], [85.3672444, 28.2550161], [85.3671766, 28.2550158]]]]}, "properties": {"source": "hot-fair", "dmg": 1.0, "dmg_class": 3, "dmg_label": "Destroyed", "confidence": 0.5943, "bid": "1552587627"}}, {"type": "Feature", "geometry": {"type": "MultiPolygon", "coordinates": [[[[85.3662911, 28.2523051], [85.3663188, 28.2521704], [85.3664069, 28.2521844], [85.3663792, 28.2523191], [85.3662911, 28.2523051]]]]}, "properties": {"source": "hot-fair", "dmg": 1.0, "dmg_class": 3, "dmg_label": "Destroyed", "confidence": 0.9998, "bid": "340624550"}}, {"type": "Feature", "geometry": {"type": "MultiPolygon", "coordinates": [[[[85.3661492, 28.2520283], [85.3661852, 28.2519511], [85.3662842, 28.251987], [85.3662482, 28.2520641], [85.3661492, 28.2520283]]]]}, "properties": {"source": "hot-fair", "dmg": 1.0, "dmg_class": 3, "dmg_label": "Destroyed", "confidence": 0.9996, "bid": "340624503"}}, {"type": "Feature", "geometry": {"type": "MultiPolygon", "coordinates": [[[[85.3661864, 28.2527648], [85.3662834, 28.2527518], [85.3663036, 28.2528696], [85.3662066, 28.2528825], [85.3661864, 28.2527648]]]]}, "properties": {"source": "hot-fair", "dmg": 1.0, "dmg_class": 3, "dmg_label": "Destroyed", "confidence": 0.9997, "bid": "340615919"}}, {"type": "Feature", "geometry": {"type": "MultiPolygon", "coordinates": [[[[85.3663037, 28.2539554], [85.3663683, 28.2539504], [85.3663816, 28.2540843], [85.366317, 28.2540893], [85.3663037, 28.2539554]]]]}, "properties": {"source": "hot-fair", "dmg": 1.0, "dmg_class": 3, "dmg_label": "Destroyed", "confidence": 0.8613, "bid": "340615913"}}, {"type": "Feature", "geometry": {"type": "MultiPolygon", "coordinates": [[[[85.3669824, 28.254363], [85.3670716, 28.254361], [85.367074, 28.254446], [85.3669848, 28.254448], [85.3669824, 28.254363]]]]}, "properties": {"source": "hot-fair", "dmg": 1.0, "dmg_class": 3, "dmg_label": "Destroyed", "confidence": 0.9918, "bid": "340615900"}}, {"type": "Feature", "geometry": {"type": "MultiPolygon", "coordinates": [[[[85.3674527, 28.2558887], [85.36751, 28.2558886], [85.36751, 28.2559645], [85.3674527, 28.2559645], [85.3674527, 28.2558887]]]]}, "properties": {"source": "hot-fair", "dmg": 0.0, "dmg_class": 0, "dmg_label": "No damage", "confidence": 0.8581, "bid": "851367115"}}, {"type": "Feature", "geometry": {"type": "MultiPolygon", "coordinates": [[[[85.3675195, 28.2559406], [85.3676096, 28.2559401], [85.3676109, 28.2561197], [85.3675208, 28.2561202], [85.3675195, 28.2559406]]]]}, "properties": {"source": "hot-fair", "dmg": 0.0, "dmg_class": 0, "dmg_label": "No damage", "confidence": 0.9338, "bid": "851367118"}}, {"type": "Feature", "geometry": {"type": "MultiPolygon", "coordinates": [[[[85.3675207, 28.2558297], [85.3675933, 28.2558292], [85.367594, 28.2559266], [85.3675215, 28.2559269], [85.3675207, 28.2558297]]]]}, "properties": {"source": "hot-fair", "dmg": 0.0, "dmg_class": 0, "dmg_label": "No damage", "confidence": 0.9064, "bid": "341558537"}}, {"type": "Feature", "geometry": {"type": "MultiPolygon", "coordinates": [[[[85.3668031, 28.2568473], [85.3668509, 28.2568228], [85.3668891, 28.2568807], [85.3668413, 28.2569052], [85.3668031, 28.2568473]]]]}, "properties": {"source": "hot-fair", "dmg": 0.0, "dmg_class": 0, "dmg_label": "No damage", "confidence": 0.7563, "bid": "1553000679"}}, {"type": "Feature", "geometry": {"type": "MultiPolygon", "coordinates": [[[[85.3667917, 28.2566996], [85.3668301, 28.2566848], [85.366879, 28.2567828], [85.3668407, 28.2567977], [85.3667917, 28.2566996]]]]}, "properties": {"source": "hot-fair", "dmg": 0.3333333333333333, "dmg_class": 1, "dmg_label": "Minor damage", "confidence": 0.1421, "bid": "1553000680"}}, {"type": "Feature", "geometry": {"type": "MultiPolygon", "coordinates": [[[[85.366547, 28.2566022], [85.3665898, 28.2565948], [85.3666012, 28.2566462], [85.3665584, 28.2566536], [85.366547, 28.2566022]]]]}, "properties": {"source": "hot-fair", "dmg": 1.0, "dmg_class": 3, "dmg_label": "Destroyed", "confidence": 0.6549, "bid": "1553000682"}}, {"type": "Feature", "geometry": {"type": "MultiPolygon", "coordinates": [[[[85.3665268, 28.2567002], [85.366549, 28.2566642], [85.3666245, 28.2567002], [85.3666023, 28.2567362], [85.3665268, 28.2567002]]]]}, "properties": {"source": "hot-fair", "dmg": 0.6666666666666666, "dmg_class": 2, "dmg_label": "Major damage", "confidence": 0.1976, "bid": "1553000684"}}, {"type": "Feature", "geometry": {"type": "MultiPolygon", "coordinates": [[[[85.3664725, 28.2566116], [85.3665077, 28.2565976], [85.3665365, 28.2566537], [85.3665014, 28.2566677], [85.3664725, 28.2566116]]]]}, "properties": {"source": "hot-fair", "dmg": 0.6666666666666666, "dmg_class": 2, "dmg_label": "Major damage", "confidence": 0.2335, "bid": "1553000685"}}, {"type": "Feature", "geometry": {"type": "MultiPolygon", "coordinates": [[[[85.367023, 28.2574858], [85.3670845, 28.2574541], [85.3671676, 28.2575794], [85.3671062, 28.257611], [85.367023, 28.2574858]]]]}, "properties": {"source": "hot-fair", "dmg": 0.6666666666666666, "dmg_class": 2, "dmg_label": "Major damage", "confidence": 0.046, "bid": "1553000687"}}, {"type": "Feature", "geometry": {"type": "MultiPolygon", "coordinates": [[[[85.3667434, 28.2571314], [85.3667747, 28.2571266], [85.3667961, 28.257234], [85.3667649, 28.2572389], [85.3667434, 28.2571314]]]]}, "properties": {"source": "hot-fair", "dmg": 0.0, "dmg_class": 0, "dmg_label": "No damage", "confidence": 0.8318, "bid": "1553000677"}}, {"type": "Feature", "geometry": {"type": "MultiPolygon", "coordinates": [[[[85.3673598, 28.2579678], [85.3674456, 28.2579111], [85.3675275, 28.2579927], [85.3674322, 28.2580575], [85.3673598, 28.2579678]]]]}, "properties": {"source": "hot-fair", "dmg": 0.6666666666666666, "dmg_class": 2, "dmg_label": "Major damage", "confidence": 0.0124, "bid": "340606193"}}, {"type": "Feature", "geometry": {"type": "MultiPolygon", "coordinates": [[[[85.3665423, 28.2568231], [85.3666249, 28.2567727], [85.366643, 28.2567957], [85.3665604, 28.2568461], [85.3665423, 28.2568231]]]]}, "properties": {"source": "hot-fair", "dmg": 0.6666666666666666, "dmg_class": 2, "dmg_label": "Major damage", "confidence": 0.0978, "bid": "1553000678"}}, {"type": "Feature", "geometry": {"type": "MultiPolygon", "coordinates": [[[[85.3666884, 28.2566536], [85.366723, 28.2566186], [85.3667592, 28.2566464], [85.3667247, 28.2566813], [85.3666884, 28.2566536]]]]}, "properties": {"source": "hot-fair", "dmg": 0.3333333333333333, "dmg_class": 1, "dmg_label": "Minor damage", "confidence": 0.1139, "bid": "1553000681"}}, {"type": "Feature", "geometry": {"type": "MultiPolygon", "coordinates": [[[[85.366612, 28.2567534], [85.3666344, 28.2567155], [85.3666975, 28.2567444], [85.366675, 28.2567823], [85.366612, 28.2567534]]]]}, "properties": {"source": "hot-fair", "dmg": 1.0, "dmg_class": 3, "dmg_label": "Destroyed", "confidence": 0.7682, "bid": "1553000683"}}, {"type": "Feature", "geometry": {"type": "MultiPolygon", "coordinates": [[[[85.3666791, 28.2568609], [85.3667074, 28.2568491], [85.3667517, 28.2569318], [85.3667233, 28.2569436], [85.3666791, 28.2568609]]]]}, "properties": {"source": "hot-fair", "dmg": 0.6666666666666666, "dmg_class": 2, "dmg_label": "Major damage", "confidence": 0.074, "bid": "1553000686"}}, {"type": "Feature", "geometry": {"type": "MultiPolygon", "coordinates": [[[[85.3665045, 28.2567613], [85.3665396, 28.2567109], [85.3666063, 28.2567469], [85.3665712, 28.2567973], [85.3665045, 28.2567613]]]]}, "properties": {"source": "hot-fair", "dmg": 0.3333333333333333, "dmg_class": 1, "dmg_label": "Minor damage", "confidence": 0.0764, "bid": "1552757573"}}, {"type": "Feature", "geometry": {"type": "MultiPolygon", "coordinates": [[[[85.3659935, 28.2574861], [85.3660968, 28.257441], [85.3661705, 28.257572], [85.3660672, 28.257617], [85.3659935, 28.2574861]]]]}, "properties": {"source": "hot-fair", "dmg": 1.0, "dmg_class": 3, "dmg_label": "Destroyed", "confidence": 0.8163, "bid": "1553013460"}}, {"type": "Feature", "geometry": {"type": "MultiPolygon", "coordinates": [[[[85.3660419, 28.2577434], [85.3662073, 28.2575456], [85.3663077, 28.2576107], [85.3661423, 28.2578085], [85.3660419, 28.2577434]]]]}, "properties": {"source": "hot-fair", "dmg": 1.0, "dmg_class": 3, "dmg_label": "Destroyed", "confidence": 0.6157, "bid": "1553013461"}}, {"type": "Feature", "geometry": {"type": "MultiPolygon", "coordinates": [[[[85.3664227, 28.2555651], [85.366487, 28.2555622], [85.3664905, 28.2556209], [85.3664262, 28.2556239], [85.3664227, 28.2555651]]]]}, "properties": {"source": "hot-fair", "dmg": 1.0, "dmg_class": 3, "dmg_label": "Destroyed", "confidence": 0.9941, "bid": "1553013462"}}, {"type": "Feature", "geometry": {"type": "MultiPolygon", "coordinates": [[[[85.3674942, 28.2516058], [85.3675244, 28.2515865], [85.3675505, 28.2516181], [85.3675202, 28.2516375], [85.3674942, 28.2516058]]]]}, "properties": {"source": "hot-fair", "dmg": 0.0, "dmg_class": 0, "dmg_label": "No damage", "confidence": 0.9747, "bid": "1553013463"}}, {"type": "Feature", "geometry": {"type": "MultiPolygon", "coordinates": [[[[85.3674049, 28.2561087], [85.3674442, 28.2560727], [85.3674588, 28.256085], [85.3674196, 28.2561211], [85.3674049, 28.2561087]]]]}, "properties": {"source": "hot-fair", "dmg": 0.6666666666666666, "dmg_class": 2, "dmg_label": "Major damage", "confidence": 0.2977, "bid": "1553060839"}}, {"type": "Feature", "geometry": {"type": "MultiPolygon", "coordinates": [[[[85.3681945, 28.2548463], [85.3682171, 28.2548461], [85.3682174, 28.2548718], [85.3681948, 28.254872], [85.3681945, 28.2548463]]]]}, "properties": {"source": "hot-fair", "dmg": null, "dmg_class": null, "dmg_label": "No data", "confidence": null, "bid": "1552942093"}}, {"type": "Feature", "geometry": {"type": "MultiPolygon", "coordinates": [[[[85.3681791, 28.254816], [85.3682113, 28.254816], [85.3682113, 28.2548397], [85.3681791, 28.2548397], [85.3681791, 28.254816]]]]}, "properties": {"source": "hot-fair", "dmg": null, "dmg_class": null, "dmg_label": "No data", "confidence": null, "bid": "1552942094"}}, {"type": "Feature", "geometry": {"type": "MultiPolygon", "coordinates": [[[[85.3556491, 28.2402425], [85.3556916, 28.2402369], [85.3557189, 28.2403982], [85.3556765, 28.2404038], [85.3556491, 28.2402425]]]]}, "properties": {"source": "hot-fair", "dmg": 0.0, "dmg_class": 0, "dmg_label": "No damage", "confidence": 0.9514, "bid": "846885650"}}, {"type": "Feature", "geometry": {"type": "MultiPolygon", "coordinates": [[[[85.3578874, 28.2394331], [85.3579227, 28.2394247], [85.3579361, 28.2394684], [85.3579009, 28.2394768], [85.3578874, 28.2394331]]]]}, "properties": {"source": "hot-fair", "dmg": 1.0, "dmg_class": 3, "dmg_label": "Destroyed", "confidence": 0.9668, "bid": "851966265"}}, {"type": "Feature", "geometry": {"type": "MultiPolygon", "coordinates": [[[[85.3578271, 28.2394401], [85.3578657, 28.239429], [85.3578933, 28.2395028], [85.3578547, 28.239514], [85.3578271, 28.2394401]]]]}, "properties": {"source": "hot-fair", "dmg": 1.0, "dmg_class": 3, "dmg_label": "Destroyed", "confidence": 0.972, "bid": "851966266"}}, {"type": "Feature", "geometry": {"type": "MultiPolygon", "coordinates": [[[[85.3577465, 28.2393411], [85.3577729, 28.2393286], [85.3577999, 28.2393729], [85.3577735, 28.2393854], [85.3577465, 28.2393411]]]]}, "properties": {"source": "hot-fair", "dmg": 1.0, "dmg_class": 3, "dmg_label": "Destroyed", "confidence": 0.9869, "bid": "341463014"}}, {"type": "Feature", "geometry": {"type": "MultiPolygon", "coordinates": [[[[85.3564511, 28.2400947], [85.3564819, 28.2400631], [85.3565194, 28.2400914], [85.3564887, 28.240123], [85.3564511, 28.2400947]]]]}, "properties": {"source": "hot-fair", "dmg": 0.6666666666666666, "dmg_class": 2, "dmg_label": "Major damage", "confidence": 0.0499, "bid": "846885651"}}, {"type": "Feature", "geometry": {"type": "MultiPolygon", "coordinates": [[[[85.3563961, 28.2401325], [85.3564161, 28.2400982], [85.3564737, 28.2401242], [85.3564538, 28.2401585], [85.3563961, 28.2401325]]]]}, "properties": {"source": "hot-fair", "dmg": 0.6666666666666666, "dmg_class": 2, "dmg_label": "Major damage", "confidence": 0.0419, "bid": "846885652"}}, {"type": "Feature", "geometry": {"type": "MultiPolygon", "coordinates": [[[[85.3577211, 28.2392476], [85.357745, 28.2392055], [85.3577718, 28.2392173], [85.357748, 28.2392594], [85.3577211, 28.2392476]]]]}, "properties": {"source": "hot-fair", "dmg": 1.0, "dmg_class": 3, "dmg_label": "Destroyed", "confidence": 0.9703, "bid": "846885654"}}, {"type": "Feature", "geometry": {"type": "MultiPolygon", "coordinates": [[[[85.3577848, 28.239155], [85.3578114, 28.2391547], [85.3578558, 28.2391541], [85.3578562, 28.2391802], [85.3578096, 28.2391808], [85.3577852, 28.2391811], [85.3577848, 28.239155]]]]}, "properties": {"source": "hot-fair", "dmg": 1.0, "dmg_class": 3, "dmg_label": "Destroyed", "confidence": 0.9844, "bid": "341463015"}}, {"type": "Feature", "geometry": {"type": "MultiPolygon", "coordinates": [[[[85.3577963, 28.239104], [85.3577995, 28.2390558], [85.3578786, 28.23906], [85.3578754, 28.2391082], [85.3577963, 28.239104]]]]}, "properties": {"source": "hot-fair", "dmg": 1.0, "dmg_class": 3, "dmg_label": "Destroyed", "confidence": 0.9813, "bid": "846885660"}}, {"type": "Feature", "geometry": {"type": "MultiPolygon", "coordinates": [[[[85.3574531, 28.2390385], [85.3574633, 28.2389507], [85.3575527, 28.2389829], [85.3575263, 28.2390617], [85.3574531, 28.2390385]]]]}, "properties": {"source": "hot-fair", "dmg": 0.6666666666666666, "dmg_class": 2, "dmg_label": "Major damage", "confidence": 0.0407, "bid": "1552758573"}}, {"type": "Feature", "geometry": {"type": "MultiPolygon", "coordinates": [[[[85.3574735, 28.2389256], [85.3574918, 28.2388701], [85.3575853, 28.2389041], [85.3575568, 28.2389597], [85.3574735, 28.2389256]]]]}, "properties": {"source": "hot-fair", "dmg": 0.6666666666666666, "dmg_class": 2, "dmg_label": "Major damage", "confidence": 0.0566, "bid": "1552758679"}}, {"type": "Feature", "geometry": {"type": "MultiPolygon", "coordinates": [[[[85.3575484, 28.2390622], [85.3575853, 28.2389704], [85.3576605, 28.2389847], [85.3576524, 28.2390635], [85.3575484, 28.2390622]]]]}, "properties": {"source": "hot-fair", "dmg": 1.0, "dmg_class": 3, "dmg_label": "Destroyed", "confidence": 0.957, "bid": "1552758837"}}, {"type": "Feature", "geometry": {"type": "MultiPolygon", "coordinates": [[[[85.3579921, 28.2366172], [85.3580629, 28.2365455], [85.3581195, 28.2365766], [85.3580488, 28.2366546], [85.3579921, 28.2366172]]]]}, "properties": {"source": "hot-fair", "dmg": 1.0, "dmg_class": 3, "dmg_label": "Destroyed", "confidence": 0.8641, "bid": "1552758995"}}, {"type": "Feature", "geometry": {"type": "MultiPolygon", "coordinates": [[[[85.3579211, 28.2397807], [85.357981, 28.2397514], [85.3580013, 28.2397837], [85.3579414, 28.239813], [85.3579211, 28.2397807]]]]}, "properties": {"source": "hot-fair", "dmg": 1.0, "dmg_class": 3, "dmg_label": "Destroyed", "confidence": 0.9926, "bid": "1552929281"}}, {"type": "Feature", "geometry": {"type": "MultiPolygon", "coordinates": [[[[85.3583461, 28.2359842], [85.3584416, 28.2357909], [85.3585549, 28.2358345], [85.3584735, 28.2360403], [85.3583461, 28.2359842]]]]}, "properties": {"source": "hot-fair", "dmg": 1.0, "dmg_class": 3, "dmg_label": "Destroyed", "confidence": 0.9911, "bid": "1552759018"}}, {"type": "Feature", "geometry": {"type": "MultiPolygon", "coordinates": [[[[85.3585351, 28.2425664], [85.3586025, 28.2425517], [85.3586661, 28.2427779], [85.3585987, 28.2427926], [85.3585351, 28.2425664]]]]}, "properties": {"source": "hot-fair", "dmg": 1.0, "dmg_class": 3, "dmg_label": "Destroyed", "confidence": 0.9867, "bid": "1552590871"}}, {"type": "Feature", "geometry": {"type": "MultiPolygon", "coordinates": [[[[85.3584916, 28.2412257], [85.3586597, 28.2412102], [85.358665, 28.2412548], [85.3584969, 28.2412703], [85.3584916, 28.2412257]]]]}, "properties": {"source": "hot-fair", "dmg": 1.0, "dmg_class": 3, "dmg_label": "Destroyed", "confidence": 0.9976, "bid": "846885635"}}, {"type": "Feature", "geometry": {"type": "MultiPolygon", "coordinates": [[[[85.3587713, 28.2380341], [85.3588035, 28.238027], [85.3588155, 28.2380696], [85.3587834, 28.2380767], [85.3587713, 28.2380341]]]]}, "properties": {"source": "hot-fair", "dmg": 1.0, "dmg_class": 3, "dmg_label": "Destroyed", "confidence": 0.8401, "bid": "846885662"}}, {"type": "Feature", "geometry": {"type": "MultiPolygon", "coordinates": [[[[85.3585764, 28.2411888], [85.3585813, 28.2410229], [85.3586404, 28.2410243], [85.3586355, 28.2411901], [85.3585764, 28.2411888]]]]}, "properties": {"source": "hot-fair", "dmg": 1.0, "dmg_class": 3, "dmg_label": "Destroyed", "confidence": 0.9994, "bid": "846885637"}}, {"type": "Feature", "geometry": {"type": "MultiPolygon", "coordinates": [[[[85.3584004, 28.2411988], [85.3584615, 28.2411982], [85.3584622, 28.2412537], [85.3584011, 28.2412543], [85.3584004, 28.2411988]]]]}, "properties": {"source": "hot-fair", "dmg": 1.0, "dmg_class": 3, "dmg_label": "Destroyed", "confidence": 0.992, "bid": "846885633"}}, {"type": "Feature", "geometry": {"type": "MultiPolygon", "coordinates": [[[[85.3585178, 28.2408981], [85.3586224, 28.2408981], [85.3586224, 28.2409536], [85.3585178, 28.2409536], [85.3585178, 28.2408981]]]]}, "properties": {"source": "hot-fair", "dmg": 1.0, "dmg_class": 3, "dmg_label": "Destroyed", "confidence": 0.9966, "bid": "853711565"}}, {"type": "Feature", "geometry": {"type": "MultiPolygon", "coordinates": [[[[85.3584059, 28.2410981], [85.3584568, 28.2410975], [85.3584581, 28.2411816], [85.3584071, 28.2411822], [85.3584059, 28.2410981]]]]}, "properties": {"source": "hot-fair", "dmg": 1.0, "dmg_class": 3, "dmg_label": "Destroyed", "confidence": 0.9927, "bid": "846885634"}}, {"type": "Feature", "geometry": {"type": "MultiPolygon", "coordinates": [[[[85.3586259, 28.2378875], [85.3586639, 28.2378818], [85.3586787, 28.2379574], [85.3586407, 28.2379631], [85.3586259, 28.2378875]]]]}, "properties": {"source": "hot-fair", "dmg": 1.0, "dmg_class": 3, "dmg_label": "Destroyed", "confidence": 0.7042, "bid": "853711566"}}, {"type": "Feature", "geometry": {"type": "MultiPolygon", "coordinates": [[[[85.3589228, 28.2376041], [85.3589672, 28.2375611], [85.3589967, 28.2375847], [85.3589523, 28.2376277], [85.3589228, 28.2376041]]]]}, "properties": {"source": "hot-fair", "dmg": 1.0, "dmg_class": 3, "dmg_label": "Destroyed", "confidence": 0.9987, "bid": "846885666"}}, {"type": "Feature", "geometry": {"type": "MultiPolygon", "coordinates": [[[[85.3588048, 28.2375521], [85.3588304, 28.2374867], [85.3589082, 28.2375103], [85.3588825, 28.2375757], [85.3588048, 28.2375521]]]]}, "properties": {"source": "hot-fair", "dmg": 1.0, "dmg_class": 3, "dmg_label": "Destroyed", "confidence": 0.9875, "bid": "846885667"}}, {"type": "Feature", "geometry": {"type": "MultiPolygon", "coordinates": [[[[85.3589362, 28.2371327], [85.3589751, 28.2370925], [85.358998, 28.2371097], [85.3589591, 28.2371499], [85.3589362, 28.2371327]]]]}, "properties": {"source": "hot-fair", "dmg": 0.6666666666666666, "dmg_class": 2, "dmg_label": "Major damage", "confidence": 0.6967, "bid": "853711571"}}, {"type": "Feature", "geometry": {"type": "MultiPolygon", "coordinates": [[[[85.3588235, 28.2372691], [85.3588685, 28.2372254], [85.3589101, 28.2372587], [85.3588652, 28.2373024], [85.3588235, 28.2372691]]]]}, "properties": {"source": "hot-fair", "dmg": 1.0, "dmg_class": 3, "dmg_label": "Destroyed", "confidence": 0.9336, "bid": "851966267"}}, {"type": "Feature", "geometry": {"type": "MultiPolygon", "coordinates": [[[[85.3590167, 28.2370311], [85.3590354, 28.2369921], [85.3590583, 28.2370006], [85.3590395, 28.2370396], [85.3590167, 28.2370311]]]]}, "properties": {"source": "hot-fair", "dmg": 0.6666666666666666, "dmg_class": 2, "dmg_label": "Major damage", "confidence": 0.6724, "bid": "853711570"}}, {"type": "Feature", "geometry": {"type": "MultiPolygon", "coordinates": [[[[85.3585489, 28.2375181], [85.3586499, 28.237383], [85.3586951, 28.2374093], [85.358594, 28.2375443], [85.3585489, 28.2375181]]]]}, "properties": {"source": "hot-fair", "dmg": 1.0, "dmg_class": 3, "dmg_label": "Destroyed", "confidence": 0.9974, "bid": "1552575628"}}, {"type": "Feature", "geometry": {"type": "MultiPolygon", "coordinates": [[[[85.3583752, 28.2377657], [85.358464, 28.2375778], [85.3585215, 28.2375989], [85.3584326, 28.2377867], [85.3583752, 28.2377657]]]]}, "properties": {"source": "hot-fair", "dmg": 1.0, "dmg_class": 3, "dmg_label": "Destroyed", "confidence": 0.8352, "bid": "1552575629"}}, {"type": "Feature", "geometry": {"type": "MultiPolygon", "coordinates": [[[[85.3580826, 28.2365481], [85.3581562, 28.2364043], [85.3582014, 28.2364223], [85.3581278, 28.2365661], [85.3580826, 28.2365481]]]]}, "properties": {"source": "hot-fair", "dmg": 1.0, "dmg_class": 3, "dmg_label": "Destroyed", "confidence": 0.9496, "bid": "1552890617"}}, {"type": "Feature", "geometry": {"type": "MultiPolygon", "coordinates": [[[[85.3586169, 28.242564], [85.3586872, 28.2425488], [85.3587778, 28.2428738], [85.358733, 28.2428835], [85.3587075, 28.2428891], [85.3586169, 28.242564]]]]}, "properties": {"source": "hot-fair", "dmg": 1.0, "dmg_class": 3, "dmg_label": "Destroyed", "confidence": 0.9933, "bid": "846885649"}}, {"type": "Feature", "geometry": {"type": "MultiPolygon", "coordinates": [[[[85.3584698, 28.2419838], [85.3584735, 28.2418032], [85.3587643, 28.2418078], [85.3587606, 28.2419884], [85.3584698, 28.2419838]]]]}, "properties": {"source": "hot-fair", "dmg": 1.0, "dmg_class": 3, "dmg_label": "Destroyed", "confidence": 0.9936, "bid": "846885642"}}, {"type": "Feature", "geometry": {"type": "MultiPolygon", "coordinates": [[[[85.3586291, 28.2421875], [85.3586904, 28.2421874], [85.3586906, 28.2422576], [85.3586292, 28.2422577], [85.3586291, 28.2421875]]]]}, "properties": {"source": "hot-fair", "dmg": 1.0, "dmg_class": 3, "dmg_label": "Destroyed", "confidence": 0.9998, "bid": "1552590872"}}, {"type": "Feature", "geometry": {"type": "MultiPolygon", "coordinates": [[[[85.3587907, 28.243017], [85.3588673, 28.2430123], [85.3588707, 28.2430551], [85.358794, 28.2430599], [85.3587907, 28.243017]]]]}, "properties": {"source": "hot-fair", "dmg": 1.0, "dmg_class": 3, "dmg_label": "Destroyed", "confidence": 0.9908, "bid": "853711560"}}, {"type": "Feature", "geometry": {"type": "MultiPolygon", "coordinates": [[[[85.3587045, 28.242508], [85.3587842, 28.242493], [85.3589005, 28.2429732], [85.3588207, 28.2429882], [85.3587045, 28.242508]]]]}, "properties": {"source": "hot-fair", "dmg": 1.0, "dmg_class": 3, "dmg_label": "Destroyed", "confidence": 0.9983, "bid": "846885648"}}, {"type": "Feature", "geometry": {"type": "MultiPolygon", "coordinates": [[[[85.3584754, 28.2423594], [85.3585454, 28.2423143], [85.3586966, 28.2424964], [85.3586266, 28.2425415], [85.3584754, 28.2423594]]]]}, "properties": {"source": "hot-fair", "dmg": 1.0, "dmg_class": 3, "dmg_label": "Destroyed", "confidence": 0.9836, "bid": "846885646"}}, {"type": "Feature", "geometry": {"type": "MultiPolygon", "coordinates": [[[[85.3586904, 28.2421477], [85.3587797, 28.2421427], [85.3587979, 28.2423985], [85.3587085, 28.2424034], [85.3586904, 28.2421477]]]]}, "properties": {"source": "hot-fair", "dmg": 1.0, "dmg_class": 3, "dmg_label": "Destroyed", "confidence": 0.9996, "bid": "846885644"}}, {"type": "Feature", "geometry": {"type": "MultiPolygon", "coordinates": [[[[85.3584806, 28.2415764], [85.3584854, 28.2414624], [85.3587342, 28.2414706], [85.3587294, 28.2415846], [85.3584806, 28.2415764]]]]}, "properties": {"source": "hot-fair", "dmg": 1.0, "dmg_class": 3, "dmg_label": "Destroyed", "confidence": 0.9954, "bid": "846885640"}}, {"type": "Feature", "geometry": {"type": "MultiPolygon", "coordinates": [[[[85.3587172, 28.2429512], [85.3587868, 28.2429439], [85.3587953, 28.243007], [85.3587258, 28.2430143], [85.3587172, 28.2429512]]]]}, "properties": {"source": "hot-fair", "dmg": 1.0, "dmg_class": 3, "dmg_label": "Destroyed", "confidence": 0.9921, "bid": "853711561"}}, {"type": "Feature", "geometry": {"type": "MultiPolygon", "coordinates": [[[[85.3619957, 28.2460505], [85.362069, 28.245968], [85.3621599, 28.2460306], [85.3620866, 28.2461131], [85.3619957, 28.2460505]]]]}, "properties": {"source": "hot-fair", "dmg": 1.0, "dmg_class": 3, "dmg_label": "Destroyed", "confidence": 0.9995, "bid": "851368419"}}, {"type": "Feature", "geometry": {"type": "MultiPolygon", "coordinates": [[[[85.3586401, 28.2420615], [85.3587976, 28.2420512], [85.3588032, 28.2421166], [85.3586456, 28.2421269], [85.3586401, 28.2420615]]]]}, "properties": {"source": "hot-fair", "dmg": 1.0, "dmg_class": 3, "dmg_label": "Destroyed", "confidence": 0.999, "bid": "846885643"}}, {"type": "Feature", "geometry": {"type": "MultiPolygon", "coordinates": [[[[85.3589175, 28.243128], [85.3589836, 28.2430934], [85.3591935, 28.2434048], [85.3591274, 28.2434394], [85.3589175, 28.243128]]]]}, "properties": {"source": "hot-fair", "dmg": 1.0, "dmg_class": 3, "dmg_label": "Destroyed", "confidence": 0.9585, "bid": "886474955"}}, {"type": "Feature", "geometry": {"type": "MultiPolygon", "coordinates": [[[[85.3584835, 28.2416445], [85.3584841, 28.2416018], [85.3587006, 28.2416042], [85.3587, 28.2416469], [85.3584835, 28.2416445]]]]}, "properties": {"source": "hot-fair", "dmg": 1.0, "dmg_class": 3, "dmg_label": "Destroyed", "confidence": 0.9956, "bid": "853711563"}}, {"type": "Feature", "geometry": {"type": "MultiPolygon", "coordinates": [[[[85.3621468, 28.2461636], [85.3622381, 28.2460722], [85.3622986, 28.2461191], [85.3622072, 28.2462105], [85.3621468, 28.2461636]]]]}, "properties": {"source": "hot-fair", "dmg": 1.0, "dmg_class": 3, "dmg_label": "Destroyed", "confidence": 0.9988, "bid": "851368420"}}, {"type": "Feature", "geometry": {"type": "MultiPolygon", "coordinates": [[[[85.358491, 28.2422729], [85.3584947, 28.242005], [85.3585703, 28.2420058], [85.3585666, 28.2422737], [85.358491, 28.2422729]]]]}, "properties": {"source": "hot-fair", "dmg": 1.0, "dmg_class": 3, "dmg_label": "Destroyed", "confidence": 0.997, "bid": "846885645"}}, {"type": "Feature", "geometry": {"type": "MultiPolygon", "coordinates": [[[[85.3584332, 28.2417476], [85.3584373, 28.2416685], [85.3587343, 28.2416805], [85.3587302, 28.2417596], [85.3584332, 28.2417476]]]]}, "properties": {"source": "hot-fair", "dmg": 1.0, "dmg_class": 3, "dmg_label": "Destroyed", "confidence": 0.9817, "bid": "846885641"}}, {"type": "Feature", "geometry": {"type": "MultiPolygon", "coordinates": [[[[85.3626582, 28.2465171], [85.3627934, 28.2464065], [85.3630905, 28.2466885], [85.3629552, 28.2467991], [85.3626582, 28.2465171]]]]}, "properties": {"source": "hot-fair", "dmg": 1.0, "dmg_class": 3, "dmg_label": "Destroyed", "confidence": 0.9997, "bid": "851368422"}}, {"type": "Feature", "geometry": {"type": "MultiPolygon", "coordinates": [[[[85.362248, 28.2462287], [85.3623181, 28.2461692], [85.3624683, 28.2463062], [85.3623982, 28.2463658], [85.362248, 28.2462287]]]]}, "properties": {"source": "hot-fair", "dmg": 1.0, "dmg_class": 3, "dmg_label": "Destroyed", "confidence": 0.9985, "bid": "851368421"}}, {"type": "Feature", "geometry": {"type": "MultiPolygon", "coordinates": [[[[85.3587952, 28.2378267], [85.3588462, 28.2377342], [85.3588848, 28.2377508], [85.3588338, 28.2378432], [85.3587952, 28.2378267]]]]}, "properties": {"source": "hot-fair", "dmg": 1.0, "dmg_class": 3, "dmg_label": "Destroyed", "confidence": 0.9955, "bid": "1552920304"}}, {"type": "Feature", "geometry": {"type": "MultiPolygon", "coordinates": [[[[85.3588383, 28.2377034], [85.3588866, 28.2376041], [85.3589214, 28.2376289], [85.3589161, 28.2377081], [85.3588986, 28.2377329], [85.3588383, 28.2377034]]]]}, "properties": {"source": "hot-fair", "dmg": 1.0, "dmg_class": 3, "dmg_label": "Destroyed", "confidence": 0.9988, "bid": "1552920306"}}, {"type": "Feature", "geometry": {"type": "MultiPolygon", "coordinates": [[[[85.3587887, 28.2379587], [85.3587952, 28.237866], [85.3588329, 28.2378681], [85.3588264, 28.2379607], [85.3587887, 28.2379587]]]]}, "properties": {"source": "hot-fair", "dmg": 1.0, "dmg_class": 3, "dmg_label": "Destroyed", "confidence": 0.9545, "bid": "1552920307"}}, {"type": "Feature", "geometry": {"type": "MultiPolygon", "coordinates": [[[[85.3588508, 28.2374012], [85.3589007, 28.2373488], [85.3589244, 28.2373663], [85.3588745, 28.2374187], [85.3588508, 28.2374012]]]]}, "properties": {"source": "hot-fair", "dmg": 1.0, "dmg_class": 3, "dmg_label": "Destroyed", "confidence": 0.9958, "bid": "1552920308"}}, {"type": "Feature", "geometry": {"type": "MultiPolygon", "coordinates": [[[[85.358792, 28.2381236], [85.3588282, 28.2381142], [85.3588517, 28.2381842], [85.3588155, 28.2381936], [85.358792, 28.2381236]]]]}, "properties": {"source": "hot-fair", "dmg": 1.0, "dmg_class": 3, "dmg_label": "Destroyed", "confidence": 0.9432, "bid": "846885663"}}, {"type": "Feature", "geometry": {"type": "MultiPolygon", "coordinates": [[[[85.3585056, 28.2410217], [85.358556, 28.2410212], [85.3585581, 28.2411779], [85.3585077, 28.2411784], [85.3585056, 28.2410217]]]]}, "properties": {"source": "hot-fair", "dmg": 1.0, "dmg_class": 3, "dmg_label": "Destroyed", "confidence": 0.9975, "bid": "846885638"}}, {"type": "Feature", "geometry": {"type": "MultiPolygon", "coordinates": [[[[85.3586468, 28.2411973], [85.3586516, 28.2410358], [85.3587093, 28.2410371], [85.3587046, 28.2411986], [85.3586468, 28.2411973]]]]}, "properties": {"source": "hot-fair", "dmg": 1.0, "dmg_class": 3, "dmg_label": "Destroyed", "confidence": 0.9997, "bid": "846885636"}}, {"type": "Feature", "geometry": {"type": "MultiPolygon", "coordinates": [[[[85.358367, 28.2424702], [85.3584321, 28.2424495], [85.3584616, 28.2425215], [85.3583966, 28.2425422], [85.358367, 28.2424702]]]]}, "properties": {"source": "hot-fair", "dmg": 1.0, "dmg_class": 3, "dmg_label": "Destroyed", "confidence": 0.9809, "bid": "853711562"}}, {"type": "Feature", "geometry": {"type": "MultiPolygon", "coordinates": [[[[85.3579867, 28.233809], [85.3580323, 28.233809], [85.3580323, 28.2339343], [85.3579867, 28.2339343], [85.3579867, 28.233809]]]]}, "properties": {"source": "hot-fair", "dmg": 0.3333333333333333, "dmg_class": 1, "dmg_label": "Minor damage", "confidence": 0.166, "bid": "846885675"}}, {"type": "Feature", "geometry": {"type": "MultiPolygon", "coordinates": [[[[85.3579766, 28.2339437], [85.3580376, 28.2339437], [85.3580376, 28.2339709], [85.3579766, 28.2339709], [85.3579766, 28.2339437]]]]}, "properties": {"source": "hot-fair", "dmg": 0.0, "dmg_class": 0, "dmg_label": "No damage", "confidence": 0.7912, "bid": "853711583"}}, {"type": "Feature", "geometry": {"type": "MultiPolygon", "coordinates": [[[[85.3575783, 28.2332528], [85.3576294, 28.2331666], [85.3576785, 28.2331893], [85.3576273, 28.2332754], [85.3575783, 28.2332528]]]]}, "properties": {"source": "hot-fair", "dmg": 0.0, "dmg_class": 0, "dmg_label": "No damage", "confidence": 0.7086, "bid": "1552890618"}}, {"type": "Feature", "geometry": {"type": "MultiPolygon", "coordinates": [[[[85.3580742, 28.2338772], [85.3580779, 28.2338568], [85.358104, 28.2338604], [85.3581004, 28.2338808], [85.3580742, 28.2338772]]]]}, "properties": {"source": "hot-fair", "dmg": 0.0, "dmg_class": 0, "dmg_label": "No damage", "confidence": 0.9235, "bid": "341558552"}}, {"type": "Feature", "geometry": {"type": "MultiPolygon", "coordinates": [[[[85.3585473, 28.233698], [85.3585955, 28.2336554], [85.3586331, 28.2336885], [85.3585848, 28.2337311], [85.3585473, 28.233698]]]]}, "properties": {"source": "hot-fair", "dmg": 0.0, "dmg_class": 0, "dmg_label": "No damage", "confidence": 0.8739, "bid": "846885672"}}, {"type": "Feature", "geometry": {"type": "MultiPolygon", "coordinates": [[[[85.3589898, 28.2345794], [85.3590368, 28.2345381], [85.3590555, 28.2345546], [85.3590086, 28.234596], [85.3589898, 28.2345794]]]]}, "properties": {"source": "hot-fair", "dmg": 1.0, "dmg_class": 3, "dmg_label": "Destroyed", "confidence": 0.8892, "bid": "846885671"}}, {"type": "Feature", "geometry": {"type": "MultiPolygon", "coordinates": [[[[85.3588558, 28.2344594], [85.3589094, 28.2344546], [85.3589147, 28.2345014], [85.3588611, 28.2345062], [85.3588558, 28.2344594]]]]}, "properties": {"source": "hot-fair", "dmg": 1.0, "dmg_class": 3, "dmg_label": "Destroyed", "confidence": 0.5738, "bid": "853711582"}}, {"type": "Feature", "geometry": {"type": "MultiPolygon", "coordinates": [[[[85.3591079, 28.234401], [85.3591306, 28.234375], [85.359151, 28.2343888], [85.3591282, 28.2344148], [85.3591079, 28.234401]]]]}, "properties": {"source": "hot-fair", "dmg": 1.0, "dmg_class": 3, "dmg_label": "Destroyed", "confidence": 0.9688, "bid": "853711581"}}, {"type": "Feature", "geometry": {"type": "MultiPolygon", "coordinates": [[[[85.3614434, 28.226421], [85.3614559, 28.2262762], [85.3616185, 28.2262871], [85.3616061, 28.2264319], [85.3614434, 28.226421]]]]}, "properties": {"source": "hot-fair", "dmg": 1.0, "dmg_class": 3, "dmg_label": "Destroyed", "confidence": 0.9984, "bid": "1552575630"}}, {"type": "Feature", "geometry": {"type": "MultiPolygon", "coordinates": [[[[85.3583, 28.2340607], [85.3583071, 28.2339609], [85.3583501, 28.2339632], [85.358343, 28.2340631], [85.3583, 28.2340607]]]]}, "properties": {"source": "hot-fair", "dmg": 0.0, "dmg_class": 0, "dmg_label": "No damage", "confidence": 0.7374, "bid": "846885673"}}, {"type": "Feature", "geometry": {"type": "MultiPolygon", "coordinates": [[[[85.3582949, 28.2339316], [85.3583166, 28.2338407], [85.3583676, 28.2338502], [85.3583459, 28.233941], [85.3582949, 28.2339316]]]]}, "properties": {"source": "hot-fair", "dmg": 0.0, "dmg_class": 0, "dmg_label": "No damage", "confidence": 0.7333, "bid": "846885674"}}, {"type": "Feature", "geometry": {"type": "MultiPolygon", "coordinates": [[[[85.3613878, 28.2260733], [85.3613964, 28.2259231], [85.3614231, 28.2257334], [85.3616366, 28.2257697], [85.361627, 28.2260952], [85.3615625, 28.2260958], [85.361567, 28.2258183], [85.361495, 28.2258067], [85.3614689, 28.2260779], [85.3613878, 28.2260733]]]]}, "properties": {"source": "hot-fair", "dmg": 1.0, "dmg_class": 3, "dmg_label": "Destroyed", "confidence": 0.9855, "bid": "1552575631"}}, {"type": "Feature", "geometry": {"type": "MultiPolygon", "coordinates": [[[[85.3604181, 28.2260815], [85.3604195, 28.2260023], [85.3604691, 28.2259834], [85.3604704, 28.2260566], [85.3604181, 28.2260815]]]]}, "properties": {"source": "hot-fair", "dmg": 1.0, "dmg_class": 3, "dmg_label": "Destroyed", "confidence": 0.9109, "bid": "1552948160"}}, {"type": "Feature", "geometry": {"type": "MultiPolygon", "coordinates": [[[[85.3614513, 28.2261631], [85.361471, 28.226097], [85.3616407, 28.2261363], [85.361621, 28.2262024], [85.3614513, 28.2261631]]]]}, "properties": {"source": "hot-fair", "dmg": 1.0, "dmg_class": 3, "dmg_label": "Destroyed", "confidence": 0.9946, "bid": "1552948161"}}, {"type": "Feature", "geometry": {"type": "MultiPolygon", "coordinates": [[[[85.3616051, 28.2265625], [85.3616134, 28.2265009], [85.3616773, 28.2265076], [85.361669, 28.2265692], [85.3616051, 28.2265625]]]]}, "properties": {"source": "hot-fair", "dmg": 1.0, "dmg_class": 3, "dmg_label": "Destroyed", "confidence": 0.9445, "bid": "1552948162"}}, {"type": "Feature", "geometry": {"type": "MultiPolygon", "coordinates": [[[[85.3614005, 28.2266782], [85.3614085, 28.2265783], [85.3616385, 28.2266475], [85.3616345, 28.2266794], [85.3616848, 28.2267107], [85.3616479, 28.2267526], [85.3614005, 28.2266782]]]]}, "properties": {"source": "hot-fair", "dmg": 1.0, "dmg_class": 3, "dmg_label": "Destroyed", "confidence": 0.9385, "bid": "1552948163"}}, {"type": "Feature", "geometry": {"type": "MultiPolygon", "coordinates": [[[[85.3614339, 28.2264951], [85.3614393, 28.2264423], [85.3616077, 28.2264556], [85.3616024, 28.2265084], [85.3614339, 28.2264951]]]]}, "properties": {"source": "hot-fair", "dmg": 1.0, "dmg_class": 3, "dmg_label": "Destroyed", "confidence": 0.9892, "bid": "1552948164"}}, {"type": "Feature", "geometry": {"type": "MultiPolygon", "coordinates": [[[[85.3580988, 28.2300827], [85.3581013, 28.2300429], [85.3581414, 28.2300449], [85.3581389, 28.2300846], [85.3580988, 28.2300827]]]]}, "properties": {"source": "hot-fair", "dmg": 0.0, "dmg_class": 0, "dmg_label": "No damage", "confidence": 0.8664, "bid": "1552951925"}}, {"type": "Feature", "geometry": {"type": "MultiPolygon", "coordinates": [[[[85.357398, 28.2127997], [85.3574066, 28.2127624], [85.3574623, 28.2127724], [85.3574536, 28.2128097], [85.357398, 28.2127997]]]]}, "properties": {"source": "hot-fair", "dmg": 0.0, "dmg_class": 0, "dmg_label": "No damage", "confidence": 0.9512, "bid": "342026988"}}, {"type": "Feature", "geometry": {"type": "MultiPolygon", "coordinates": [[[[85.3574418, 28.2118751], [85.3574511, 28.2117929], [85.3575187, 28.2117988], [85.3575093, 28.211881], [85.3574418, 28.2118751]]]]}, "properties": {"source": "hot-fair", "dmg": 0.6666666666666666, "dmg_class": 2, "dmg_label": "Major damage", "confidence": 0.8313, "bid": "342026959"}}, {"type": "Feature", "geometry": {"type": "MultiPolygon", "coordinates": [[[[85.3571016, 28.2110872], [85.3571239, 28.2110542], [85.3571729, 28.2110799], [85.3571506, 28.2111129], [85.3571016, 28.2110872]]]]}, "properties": {"source": "hot-fair", "dmg": 0.0, "dmg_class": 0, "dmg_label": "No damage", "confidence": 0.9468, "bid": "342026973"}}, {"type": "Feature", "geometry": {"type": "MultiPolygon", "coordinates": [[[[85.3570261, 28.2110882], [85.3570676, 28.211075], [85.3570809, 28.2111071], [85.3570394, 28.2111204], [85.3570261, 28.2110882]]]]}, "properties": {"source": "hot-fair", "dmg": 0.6666666666666666, "dmg_class": 2, "dmg_label": "Major damage", "confidence": 0.1935, "bid": "342026953"}}, {"type": "Feature", "geometry": {"type": "MultiPolygon", "coordinates": [[[[85.3564256, 28.2109626], [85.3564757, 28.2109299], [85.3565025, 28.2109618], [85.3564525, 28.2109945], [85.3564256, 28.2109626]]]]}, "properties": {"source": "hot-fair", "dmg": 0.6666666666666666, "dmg_class": 2, "dmg_label": "Major damage", "confidence": 0.1524, "bid": "847869366"}}, {"type": "Feature", "geometry": {"type": "MultiPolygon", "coordinates": [[[[85.3563594, 28.2110918], [85.3564181, 28.2110656], [85.3564634, 28.2111445], [85.3564047, 28.2111707], [85.3563594, 28.2110918]]]]}, "properties": {"source": "hot-fair", "dmg": 0.3333333333333333, "dmg_class": 1, "dmg_label": "Minor damage", "confidence": 0.0808, "bid": "342026976"}}, {"type": "Feature", "geometry": {"type": "MultiPolygon", "coordinates": [[[[85.3564277, 28.2111666], [85.3564788, 28.2111549], [85.3564885, 28.211188], [85.3564375, 28.2111996], [85.3564277, 28.2111666]]]]}, "properties": {"source": "hot-fair", "dmg": 0.3333333333333333, "dmg_class": 1, "dmg_label": "Minor damage", "confidence": 0.0861, "bid": "342026993"}}, {"type": "Feature", "geometry": {"type": "MultiPolygon", "coordinates": [[[[85.356504, 28.2112034], [85.3565429, 28.2111903], [85.3565655, 28.2112426], [85.3565266, 28.2112557], [85.356504, 28.2112034]]]]}, "properties": {"source": "hot-fair", "dmg": 0.3333333333333333, "dmg_class": 1, "dmg_label": "Minor damage", "confidence": 0.0676, "bid": "342026949"}}, {"type": "Feature", "geometry": {"type": "MultiPolygon", "coordinates": [[[[85.3563696, 28.2110448], [85.3564073, 28.211029], [85.3564212, 28.2110548], [85.3563835, 28.2110706], [85.3563696, 28.2110448]]]]}, "properties": {"source": "hot-fair", "dmg": 0.3333333333333333, "dmg_class": 1, "dmg_label": "Minor damage", "confidence": 0.0781, "bid": "342026961"}}, {"type": "Feature", "geometry": {"type": "MultiPolygon", "coordinates": [[[[85.3563009, 28.2109898], [85.3563386, 28.2109524], [85.3563976, 28.2109985], [85.35636, 28.2110359], [85.3563009, 28.2109898]]]]}, "properties": {"source": "hot-fair", "dmg": 0.3333333333333333, "dmg_class": 1, "dmg_label": "Minor damage", "confidence": 0.0437, "bid": "847869365"}}, {"type": "Feature", "geometry": {"type": "MultiPolygon", "coordinates": [[[[85.3554319, 28.2121467], [85.3554507, 28.2120782], [85.3555003, 28.2120888], [85.3554816, 28.2121573], [85.3554319, 28.2121467]]]]}, "properties": {"source": "hot-fair", "dmg": 1.0, "dmg_class": 3, "dmg_label": "Destroyed", "confidence": 0.8311, "bid": "847869362"}}, {"type": "Feature", "geometry": {"type": "MultiPolygon", "coordinates": [[[[85.3571136, 28.2120227], [85.3571663, 28.2119899], [85.3571985, 28.2120301], [85.3571458, 28.2120628], [85.3571136, 28.2120227]]]]}, "properties": {"source": "hot-fair", "dmg": 0.6666666666666666, "dmg_class": 2, "dmg_label": "Major damage", "confidence": 0.984, "bid": "847869356"}}, {"type": "Feature", "geometry": {"type": "MultiPolygon", "coordinates": [[[[85.3565873, 28.2126283], [85.3566248, 28.2125533], [85.3566679, 28.21257], [85.3566304, 28.2126451], [85.3565873, 28.2126283]]]]}, "properties": {"source": "hot-fair", "dmg": 0.0, "dmg_class": 0, "dmg_label": "No damage", "confidence": 0.8838, "bid": "847869359"}}, {"type": "Feature", "geometry": {"type": "MultiPolygon", "coordinates": [[[[85.3553917, 28.2149393], [85.3554533, 28.2149393], [85.3554533, 28.2149783], [85.3553917, 28.2149783], [85.3553917, 28.2149393]]]]}, "properties": {"source": "hot-fair", "dmg": 0.6666666666666666, "dmg_class": 2, "dmg_label": "Major damage", "confidence": 0.0085, "bid": "847869349"}}, {"type": "Feature", "geometry": {"type": "MultiPolygon", "coordinates": [[[[85.3554889, 28.2160838], [85.3555277, 28.2160519], [85.3555914, 28.2161122], [85.3555526, 28.2161441], [85.3554889, 28.2160838]]]]}, "properties": {"source": "hot-fair", "dmg": 0.0, "dmg_class": 0, "dmg_label": "No damage", "confidence": 0.9017, "bid": "847869348"}}, {"type": "Feature", "geometry": {"type": "MultiPolygon", "coordinates": [[[[85.356433, 28.2143868], [85.3564652, 28.2142994], [85.356499, 28.214309], [85.3564668, 28.2143965], [85.356433, 28.2143868]]]]}, "properties": {"source": "hot-fair", "dmg": 0.0, "dmg_class": 0, "dmg_label": "No damage", "confidence": 0.8633, "bid": "847869353"}}, {"type": "Feature", "geometry": {"type": "MultiPolygon", "coordinates": [[[[85.3554292, 28.2148436], [85.355444, 28.2147916], [85.3554758, 28.2147986], [85.3554611, 28.2148506], [85.3554292, 28.2148436]]]]}, "properties": {"source": "hot-fair", "dmg": 0.6666666666666666, "dmg_class": 2, "dmg_label": "Major damage", "confidence": 0.0041, "bid": "847869350"}}, {"type": "Feature", "geometry": {"type": "MultiPolygon", "coordinates": [[[[85.3563184, 28.2143236], [85.356319, 28.2142958], [85.3563542, 28.2142965], [85.3563536, 28.2143242], [85.3563184, 28.2143236]]]]}, "properties": {"source": "hot-fair", "dmg": 0.3333333333333333, "dmg_class": 1, "dmg_label": "Minor damage", "confidence": 0.024, "bid": "847869351"}}, {"type": "Feature", "geometry": {"type": "MultiPolygon", "coordinates": [[[[85.3564961, 28.2142887], [85.3565282, 28.2142444], [85.3565542, 28.214259], [85.356522, 28.2143034], [85.3564961, 28.2142887]]]]}, "properties": {"source": "hot-fair", "dmg": 0.0, "dmg_class": 0, "dmg_label": "No damage", "confidence": 0.8748, "bid": "847869352"}}, {"type": "Feature", "geometry": {"type": "MultiPolygon", "coordinates": [[[[85.3572791, 28.2139173], [85.3573111, 28.2138527], [85.3573668, 28.2138742], [85.3573349, 28.2139388], [85.3572791, 28.2139173]]]]}, "properties": {"source": "hot-fair", "dmg": 0.0, "dmg_class": 0, "dmg_label": "No damage", "confidence": 0.8592, "bid": "342026990"}}, {"type": "Feature", "geometry": {"type": "MultiPolygon", "coordinates": [[[[85.3573398, 28.2136699], [85.357346, 28.2136134], [85.3574188, 28.2136196], [85.3574126, 28.2136761], [85.3573398, 28.2136699]]]]}, "properties": {"source": "hot-fair", "dmg": 0.0, "dmg_class": 0, "dmg_label": "No damage", "confidence": 0.9737, "bid": "342027014"}}, {"type": "Feature", "geometry": {"type": "MultiPolygon", "coordinates": [[[[85.3572623, 28.2136352], [85.3572688, 28.213548], [85.3573345, 28.2135518], [85.357328, 28.213639], [85.3572623, 28.2136352]]]]}, "properties": {"source": "hot-fair", "dmg": 0.0, "dmg_class": 0, "dmg_label": "No damage", "confidence": 0.975, "bid": "342026975"}}, {"type": "Feature", "geometry": {"type": "MultiPolygon", "coordinates": [[[[85.357244, 28.2134996], [85.3572454, 28.2134534], [85.3573435, 28.2134558], [85.357342, 28.213502], [85.357244, 28.2134996]]]]}, "properties": {"source": "hot-fair", "dmg": 0.0, "dmg_class": 0, "dmg_label": "No damage", "confidence": 0.9883, "bid": "342026986"}}, {"type": "Feature", "geometry": {"type": "MultiPolygon", "coordinates": [[[[85.3572863, 28.2134455], [85.3572879, 28.2133911], [85.3573473, 28.2133924], [85.3573457, 28.2134468], [85.3572863, 28.2134455]]]]}, "properties": {"source": "hot-fair", "dmg": 0.0, "dmg_class": 0, "dmg_label": "No damage", "confidence": 0.9927, "bid": "342027003"}}, {"type": "Feature", "geometry": {"type": "MultiPolygon", "coordinates": [[[[85.3570895, 28.2134248], [85.357121, 28.2134248], [85.357121, 28.2134999], [85.3570895, 28.2134999], [85.3570895, 28.2134248]]]]}, "properties": {"source": "hot-fair", "dmg": 0.0, "dmg_class": 0, "dmg_label": "No damage", "confidence": 0.9737, "bid": "847869355"}}, {"type": "Feature", "geometry": {"type": "MultiPolygon", "coordinates": [[[[85.3570408, 28.2135538], [85.3570412, 28.2135082], [85.3571223, 28.2135087], [85.3571219, 28.2135544], [85.3570408, 28.2135538]]]]}, "properties": {"source": "hot-fair", "dmg": 0.0, "dmg_class": 0, "dmg_label": "No damage", "confidence": 0.9433, "bid": "847869354"}}, {"type": "Feature", "geometry": {"type": "MultiPolygon", "coordinates": [[[[85.35697, 28.2127183], [85.3569707, 28.2126825], [85.3570156, 28.2126831], [85.3570149, 28.212719], [85.35697, 28.2127183]]]]}, "properties": {"source": "hot-fair", "dmg": 0.0, "dmg_class": 0, "dmg_label": "No damage", "confidence": 0.8773, "bid": "342026964"}}, {"type": "Feature", "geometry": {"type": "MultiPolygon", "coordinates": [[[[85.3570394, 28.2126747], [85.3570602, 28.2126082], [85.3571226, 28.2126234], [85.3571019, 28.2126898], [85.3570394, 28.2126747]]]]}, "properties": {"source": "hot-fair", "dmg": 0.3333333333333333, "dmg_class": 1, "dmg_label": "Minor damage", "confidence": 0.0474, "bid": "342027015"}}, {"type": "Feature", "geometry": {"type": "MultiPolygon", "coordinates": [[[[85.3571219, 28.2127266], [85.3571634, 28.2127227], [85.35717, 28.2127767], [85.3571285, 28.2127806], [85.3571219, 28.2127266]]]]}, "properties": {"source": "hot-fair", "dmg": 0.0, "dmg_class": 0, "dmg_label": "No damage", "confidence": 0.9042, "bid": "342027005"}}, {"type": "Feature", "geometry": {"type": "MultiPolygon", "coordinates": [[[[85.357119, 28.2128215], [85.3571616, 28.2128075], [85.3571777, 28.2128453], [85.3571351, 28.2128594], [85.357119, 28.2128215]]]]}, "properties": {"source": "hot-fair", "dmg": 0.0, "dmg_class": 0, "dmg_label": "No damage", "confidence": 0.9656, "bid": "847869357"}}, {"type": "Feature", "geometry": {"type": "MultiPolygon", "coordinates": [[[[85.3565301, 28.2126698], [85.3565377, 28.2126354], [85.3565927, 28.2126449], [85.356585, 28.2126792], [85.3565301, 28.2126698]]]]}, "properties": {"source": "hot-fair", "dmg": 0.0, "dmg_class": 0, "dmg_label": "No damage", "confidence": 0.906, "bid": "847869358"}}, {"type": "Feature", "geometry": {"type": "MultiPolygon", "coordinates": [[[[85.3561266, 28.212532], [85.3561735, 28.2124599], [85.3561982, 28.2124724], [85.3561512, 28.2125445], [85.3561266, 28.212532]]]]}, "properties": {"source": "hot-fair", "dmg": 0.0, "dmg_class": 0, "dmg_label": "No damage", "confidence": 0.9541, "bid": "847869360"}}, {"type": "Feature", "geometry": {"type": "MultiPolygon", "coordinates": [[[[85.3553957, 28.2121657], [85.3554413, 28.2121621], [85.3554463, 28.2122128], [85.3554007, 28.2122163], [85.3553957, 28.2121657]]]]}, "properties": {"source": "hot-fair", "dmg": 0.3333333333333333, "dmg_class": 1, "dmg_label": "Minor damage", "confidence": 0.0138, "bid": "847869361"}}, {"type": "Feature", "geometry": {"type": "MultiPolygon", "coordinates": [[[[85.355279, 28.2120534], [85.3552844, 28.2119423], [85.3553429, 28.2119445], [85.3553376, 28.2120556], [85.355279, 28.2120534]]]]}, "properties": {"source": "hot-fair", "dmg": 1.0, "dmg_class": 3, "dmg_label": "Destroyed", "confidence": 0.9598, "bid": "847869363"}}, {"type": "Feature", "geometry": {"type": "MultiPolygon", "coordinates": [[[[85.3561507, 28.2124032], [85.3561936, 28.2123607], [85.3562304, 28.2123895], [85.3561875, 28.212432], [85.3561507, 28.2124032]]]]}, "properties": {"source": "hot-fair", "dmg": 0.3333333333333333, "dmg_class": 1, "dmg_label": "Minor damage", "confidence": 0.0288, "bid": "1553036855"}}, {"type": "Feature", "geometry": {"type": "MultiPolygon", "coordinates": [[[[85.3562521, 28.2123596], [85.3563178, 28.2123573], [85.3563197, 28.2123985], [85.356254, 28.2124008], [85.3562521, 28.2123596]]]]}, "properties": {"source": "hot-fair", "dmg": 0.0, "dmg_class": 0, "dmg_label": "No damage", "confidence": 0.9041, "bid": "1553036856"}}, {"type": "Feature", "geometry": {"type": "MultiPolygon", "coordinates": [[[[85.3559683, 28.2108314], [85.3560329, 28.2108255], [85.3560409, 28.2108941], [85.3559764, 28.2109], [85.3559683, 28.2108314]]]]}, "properties": {"source": "hot-fair", "dmg": 1.0, "dmg_class": 3, "dmg_label": "Destroyed", "confidence": 0.7931, "bid": "1553036857"}}, {"type": "Feature", "geometry": {"type": "MultiPolygon", "coordinates": [[[[85.3565302, 28.2111103], [85.3565692, 28.2110981], [85.3566054, 28.2111879], [85.3565665, 28.2112001], [85.3565302, 28.2111103]]]]}, "properties": {"source": "hot-fair", "dmg": 0.6666666666666666, "dmg_class": 2, "dmg_label": "Major damage", "confidence": 0.2372, "bid": "1553036858"}}, {"type": "Feature", "geometry": {"type": "MultiPolygon", "coordinates": [[[[85.3563519, 28.2109141], [85.3563954, 28.2108945], [85.3564249, 28.2109453], [85.3563814, 28.210965], [85.3563519, 28.2109141]]]]}, "properties": {"source": "hot-fair", "dmg": 0.3333333333333333, "dmg_class": 1, "dmg_label": "Minor damage", "confidence": 0.0395, "bid": "1553036859"}}, {"type": "Feature", "geometry": {"type": "MultiPolygon", "coordinates": [[[[85.3563237, 28.2108432], [85.3563593, 28.2108256], [85.3563902, 28.2108741], [85.3563546, 28.2108917], [85.3563237, 28.2108432]]]]}, "properties": {"source": "hot-fair", "dmg": 0.6666666666666666, "dmg_class": 2, "dmg_label": "Major damage", "confidence": 0.0698, "bid": "1553036860"}}, {"type": "Feature", "geometry": {"type": "MultiPolygon", "coordinates": [[[[85.3572276, 28.2108692], [85.3573124, 28.2108404], [85.3573647, 28.2109597], [85.3572799, 28.2109886], [85.3572276, 28.2108692]]]]}, "properties": {"source": "hot-fair", "dmg": 0.0, "dmg_class": 0, "dmg_label": "No damage", "confidence": 0.9805, "bid": "847869374"}}, {"type": "Feature", "geometry": {"type": "MultiPolygon", "coordinates": [[[[85.3570385, 28.2106601], [85.357086, 28.2106587], [85.35709, 28.2107639], [85.3570425, 28.2107653], [85.3570385, 28.2106601]]]]}, "properties": {"source": "hot-fair", "dmg": 0.0, "dmg_class": 0, "dmg_label": "No damage", "confidence": 0.9217, "bid": "847869370"}}, {"type": "Feature", "geometry": {"type": "MultiPolygon", "coordinates": [[[[85.3575442, 28.2128998], [85.3575906, 28.2128898], [85.3576126, 28.2129687], [85.3575662, 28.2129787], [85.3575442, 28.2128998]]]]}, "properties": {"source": "hot-fair", "dmg": 0.0, "dmg_class": 0, "dmg_label": "No damage", "confidence": 0.9404, "bid": "1553036930"}}, {"type": "Feature", "geometry": {"type": "MultiPolygon", "coordinates": [[[[85.3574925, 28.2128688], [85.3575025, 28.2127954], [85.3575892, 28.2128045], [85.3575792, 28.2128779], [85.3574925, 28.2128688]]]]}, "properties": {"source": "hot-fair", "dmg": 0.0, "dmg_class": 0, "dmg_label": "No damage", "confidence": 0.9487, "bid": "342026970"}}, {"type": "Feature", "geometry": {"type": "MultiPolygon", "coordinates": [[[[85.3574254, 28.212922], [85.3574665, 28.2128985], [85.3575136, 28.2129624], [85.3574725, 28.212986], [85.3574254, 28.212922]]]]}, "properties": {"source": "hot-fair", "dmg": 0.0, "dmg_class": 0, "dmg_label": "No damage", "confidence": 0.9578, "bid": "342026950"}}, {"type": "Feature", "geometry": {"type": "MultiPolygon", "coordinates": [[[[85.357343, 28.2107404], [85.3573939, 28.2107318], [85.3574167, 28.2108358], [85.3573658, 28.2108444], [85.357343, 28.2107404]]]]}, "properties": {"source": "hot-fair", "dmg": 0.0, "dmg_class": 0, "dmg_label": "No damage", "confidence": 0.9887, "bid": "847869375"}}, {"type": "Feature", "geometry": {"type": "MultiPolygon", "coordinates": [[[[85.357091, 28.2109969], [85.3570951, 28.2109375], [85.3571751, 28.2109418], [85.357171, 28.2110012], [85.357091, 28.2109969]]]]}, "properties": {"source": "hot-fair", "dmg": 0.0, "dmg_class": 0, "dmg_label": "No damage", "confidence": 0.954, "bid": "847869372"}}, {"type": "Feature", "geometry": {"type": "MultiPolygon", "coordinates": [[[[85.3566269, 28.2114188], [85.3566652, 28.2113885], [85.3567363, 28.2114582], [85.3566979, 28.2114885], [85.3566269, 28.2114188]]]]}, "properties": {"source": "hot-fair", "dmg": 0.6666666666666666, "dmg_class": 2, "dmg_label": "Major damage", "confidence": 0.221, "bid": "847869371"}}, {"type": "Feature", "geometry": {"type": "MultiPolygon", "coordinates": [[[[85.3569612, 28.2108092], [85.356983, 28.2108076], [85.3569794, 28.2107709], [85.3570397, 28.2107663], [85.3570532, 28.2109039], [85.3569953, 28.2109083], [85.3569907, 28.2108615], [85.3569665, 28.2108633], [85.3569612, 28.2108092]]]]}, "properties": {"source": "hot-fair", "dmg": 0.0, "dmg_class": 0, "dmg_label": "No damage", "confidence": 0.8972, "bid": "847869373"}}, {"type": "Feature", "geometry": {"type": "MultiPolygon", "coordinates": [[[[85.3559924, 28.2110099], [85.3560635, 28.2109803], [85.3561198, 28.2110855], [85.3560488, 28.211115], [85.3559924, 28.2110099]]]]}, "properties": {"source": "hot-fair", "dmg": 0.6666666666666666, "dmg_class": 2, "dmg_label": "Major damage", "confidence": 0.2802, "bid": "847869364"}}, {"type": "Feature", "geometry": {"type": "MultiPolygon", "coordinates": [[[[85.3570829, 28.2125746], [85.3571177, 28.2125179], [85.3571498, 28.2125332], [85.357115, 28.2125899], [85.3570829, 28.2125746]]]]}, "properties": {"source": "hot-fair", "dmg": null, "dmg_class": null, "dmg_label": "No data", "confidence": null, "bid": "848292126"}}, {"type": "Feature", "geometry": {"type": "MultiPolygon", "coordinates": [[[[85.3498033, 28.2001249], [85.3498207, 28.2001024], [85.3498542, 28.2001225], [85.3498368, 28.200145], [85.3498033, 28.2001249]]]]}, "properties": {"source": "hot-fair", "dmg": 0.6666666666666666, "dmg_class": 2, "dmg_label": "Major damage", "confidence": 0.1644, "bid": "846897194"}}, {"type": "Feature", "geometry": {"type": "MultiPolygon", "coordinates": [[[[85.3499106, 28.2005422], [85.349962, 28.2005286], [85.3499821, 28.2005877], [85.3499307, 28.2006013], [85.3499106, 28.2005422]]]]}, "properties": {"source": "hot-fair", "dmg": 0.0, "dmg_class": 0, "dmg_label": "No damage", "confidence": 0.8361, "bid": "846897196"}}, {"type": "Feature", "geometry": {"type": "MultiPolygon", "coordinates": [[[[85.3498998, 28.2004594], [85.3499366, 28.2004536], [85.349946, 28.2004997], [85.3499092, 28.2005055], [85.3498998, 28.2004594]]]]}, "properties": {"source": "hot-fair", "dmg": 0.0, "dmg_class": 0, "dmg_label": "No damage", "confidence": 0.8047, "bid": "846897195"}}, {"type": "Feature", "geometry": {"type": "MultiPolygon", "coordinates": [[[[85.3507273, 28.2006852], [85.3507571, 28.2006727], [85.3507852, 28.2007247], [85.3507555, 28.2007372], [85.3507273, 28.2006852]]]]}, "properties": {"source": "hot-fair", "dmg": 0.3333333333333333, "dmg_class": 1, "dmg_label": "Minor damage", "confidence": 0.1992, "bid": "846897197"}}, {"type": "Feature", "geometry": {"type": "MultiPolygon", "coordinates": [[[[85.3550677, 28.2073121], [85.35509, 28.207279], [85.355118, 28.2072937], [85.3550958, 28.2073268], [85.3550677, 28.2073121]]]]}, "properties": {"source": "hot-fair", "dmg": 1.0, "dmg_class": 3, "dmg_label": "Destroyed", "confidence": 0.9847, "bid": "342634637"}}, {"type": "Feature", "geometry": {"type": "MultiPolygon", "coordinates": [[[[85.3550947, 28.2072729], [85.3551124, 28.2072404], [85.3551381, 28.2072513], [85.3551204, 28.2072837], [85.3550947, 28.2072729]]]]}, "properties": {"source": "hot-fair", "dmg": 1.0, "dmg_class": 3, "dmg_label": "Destroyed", "confidence": 0.9902, "bid": "342634638"}}, {"type": "Feature", "geometry": {"type": "MultiPolygon", "coordinates": [[[[85.3515315, 28.2084807], [85.3515584, 28.2084375], [85.3515826, 28.2084492], [85.3515558, 28.2084924], [85.3515315, 28.2084807]]]]}, "properties": {"source": "hot-fair", "dmg": 1.0, "dmg_class": 3, "dmg_label": "Destroyed", "confidence": 0.9669, "bid": "342039393"}}, {"type": "Feature", "geometry": {"type": "MultiPolygon", "coordinates": [[[[85.3548061, 28.2105497], [85.3548483, 28.2105476], [85.3548541, 28.2106374], [85.3548119, 28.2106395], [85.3548061, 28.2105497]]]]}, "properties": {"source": "hot-fair", "dmg": 0.3333333333333333, "dmg_class": 1, "dmg_label": "Minor damage", "confidence": 0.0339, "bid": "342039387"}}, {"type": "Feature", "geometry": {"type": "MultiPolygon", "coordinates": [[[[85.3567435, 28.2102275], [85.3567875, 28.2102116], [85.3568304, 28.2103038], [85.3567864, 28.2103197], [85.3567435, 28.2102275]]]]}, "properties": {"source": "hot-fair", "dmg": 0.3333333333333333, "dmg_class": 1, "dmg_label": "Minor damage", "confidence": 0.0244, "bid": "847869369"}}, {"type": "Feature", "geometry": {"type": "MultiPolygon", "coordinates": [[[[85.3566965, 28.2100432], [85.3567556, 28.2100432], [85.3567556, 28.2100987], [85.3566965, 28.2100987], [85.3566965, 28.2100432]]]]}, "properties": {"source": "hot-fair", "dmg": 0.3333333333333333, "dmg_class": 1, "dmg_label": "Minor damage", "confidence": 0.0191, "bid": "847869368"}}, {"type": "Feature", "geometry": {"type": "MultiPolygon", "coordinates": [[[[85.3569017, 28.2099912], [85.3569341, 28.2099841], [85.3569623, 28.2100846], [85.3569299, 28.2100916], [85.3569017, 28.2099912]]]]}, "properties": {"source": "hot-fair", "dmg": 0.3333333333333333, "dmg_class": 1, "dmg_label": "Minor damage", "confidence": 0.0172, "bid": "847869367"}}, {"type": "Feature", "geometry": {"type": "MultiPolygon", "coordinates": [[[[85.3507184, 28.2005868], [85.3507586, 28.2005525], [85.3507836, 28.2005753], [85.3507434, 28.2006095], [85.3507184, 28.2005868]]]]}, "properties": {"source": "hot-fair", "dmg": 0.3333333333333333, "dmg_class": 1, "dmg_label": "Minor damage", "confidence": 0.2364, "bid": "1553026760"}}, {"type": "Feature", "geometry": {"type": "MultiPolygon", "coordinates": [[[[85.353561, 28.2031459], [85.3536169, 28.203128], [85.3536853, 28.2032934], [85.3536294, 28.2033114], [85.353561, 28.2031459]]]]}, "properties": {"source": "hot-fair", "dmg": 1.0, "dmg_class": 3, "dmg_label": "Destroyed", "confidence": 0.9997, "bid": "1553035807"}}, {"type": "Feature", "geometry": {"type": "MultiPolygon", "coordinates": [[[[85.3534959, 28.2029321], [85.353536, 28.2029259], [85.3535421, 28.2029565], [85.353502, 28.2029627], [85.3534959, 28.2029321]]]]}, "properties": {"source": "hot-fair", "dmg": 1.0, "dmg_class": 3, "dmg_label": "Destroyed", "confidence": 0.9999, "bid": "1553035808"}}, {"type": "Feature", "geometry": {"type": "MultiPolygon", "coordinates": [[[[85.3535074, 28.2029828], [85.3535594, 28.2029698], [85.3535983, 28.2030903], [85.3535463, 28.2031033], [85.3535074, 28.2029828]]]]}, "properties": {"source": "hot-fair", "dmg": 1.0, "dmg_class": 3, "dmg_label": "Destroyed", "confidence": 0.9999, "bid": "1553035809"}}, {"type": "Feature", "geometry": {"type": "MultiPolygon", "coordinates": [[[[85.3567784, 28.2099852], [85.3568192, 28.20998], [85.3568313, 28.2100533], [85.3567904, 28.2100585], [85.3567784, 28.2099852]]]]}, "properties": {"source": "hot-fair", "dmg": 0.3333333333333333, "dmg_class": 1, "dmg_label": "Minor damage", "confidence": 0.0173, "bid": "1553036862"}}, {"type": "Feature", "geometry": {"type": "MultiPolygon", "coordinates": [[[[85.3567649, 28.2099202], [85.3568099, 28.2099183], [85.3568126, 28.2099655], [85.3567676, 28.2099675], [85.3567649, 28.2099202]]]]}, "properties": {"source": "hot-fair", "dmg": 0.6666666666666666, "dmg_class": 2, "dmg_label": "Major damage", "confidence": 0.0837, "bid": "1553036863"}}, {"type": "Feature", "geometry": {"type": "MultiPolygon", "coordinates": [[[[85.3433901, 28.1885746], [85.3434271, 28.1885513], [85.3434674, 28.1886009], [85.3434303, 28.1886243], [85.3433901, 28.1885746]]]]}, "properties": {"source": "hot-fair", "dmg": 0.0, "dmg_class": 0, "dmg_label": "No damage", "confidence": 0.7661, "bid": "1553018627"}}, {"type": "Feature", "geometry": {"type": "MultiPolygon", "coordinates": [[[[85.3434105, 28.1891191], [85.3434625, 28.1891042], [85.3434797, 28.1891508], [85.3434277, 28.1891656], [85.3434105, 28.1891191]]]]}, "properties": {"source": "hot-fair", "dmg": 0.3333333333333333, "dmg_class": 1, "dmg_label": "Minor damage", "confidence": 0.1698, "bid": "1553018631"}}, {"type": "Feature", "geometry": {"type": "MultiPolygon", "coordinates": [[[[85.3499906, 28.1969175], [85.3500431, 28.1968531], [85.3500998, 28.1968891], [85.3500473, 28.1969535], [85.3499906, 28.1969175]]]]}, "properties": {"source": "hot-fair", "dmg": 1.0, "dmg_class": 3, "dmg_label": "Destroyed", "confidence": 0.9962, "bid": "1553017128"}}, {"type": "Feature", "geometry": {"type": "MultiPolygon", "coordinates": [[[[85.3443436, 28.1908642], [85.3443772, 28.1908642], [85.3443772, 28.190889], [85.3443436, 28.190889], [85.3443436, 28.1908642]]]]}, "properties": {"source": "hot-fair", "dmg": 0.0, "dmg_class": 0, "dmg_label": "No damage", "confidence": 0.935, "bid": "853716984"}}, {"type": "Feature", "geometry": {"type": "MultiPolygon", "coordinates": [[[[85.3443725, 28.1908051], [85.344412, 28.1907726], [85.3444396, 28.1907987], [85.3444001, 28.1908312], [85.3443725, 28.1908051]]]]}, "properties": {"source": "hot-fair", "dmg": 0.0, "dmg_class": 0, "dmg_label": "No damage", "confidence": 0.9339, "bid": "853716986"}}, {"type": "Feature", "geometry": {"type": "MultiPolygon", "coordinates": [[[[85.3443089, 28.1909467], [85.3443264, 28.1908965], [85.3443711, 28.1909085], [85.3443537, 28.1909588], [85.3443089, 28.1909467]]]]}, "properties": {"source": "hot-fair", "dmg": 0.0, "dmg_class": 0, "dmg_label": "No damage", "confidence": 0.8859, "bid": "853716985"}}, {"type": "Feature", "geometry": {"type": "MultiPolygon", "coordinates": [[[[85.3503025, 28.1947053], [85.350345, 28.1946892], [85.3503767, 28.1947544], [85.3503342, 28.1947705], [85.3503025, 28.1947053]]]]}, "properties": {"source": "hot-fair", "dmg": 1.0, "dmg_class": 3, "dmg_label": "Destroyed", "confidence": 0.9747, "bid": "342039381"}}, {"type": "Feature", "geometry": {"type": "MultiPolygon", "coordinates": [[[[85.3504331, 28.1948856], [85.350471, 28.1948725], [85.3504921, 28.1949199], [85.3504542, 28.194933], [85.3504331, 28.1948856]]]]}, "properties": {"source": "hot-fair", "dmg": 1.0, "dmg_class": 3, "dmg_label": "Destroyed", "confidence": 0.9891, "bid": "342039361"}}, {"type": "Feature", "geometry": {"type": "MultiPolygon", "coordinates": [[[[85.3478141, 28.1970819], [85.3478464, 28.1970608], [85.3478829, 28.197104], [85.3478506, 28.1971252], [85.3478141, 28.1970819]]]]}, "properties": {"source": "hot-fair", "dmg": 0.6666666666666666, "dmg_class": 2, "dmg_label": "Major damage", "confidence": 0.8992, "bid": "846897199"}}, {"type": "Feature", "geometry": {"type": "MultiPolygon", "coordinates": [[[[85.350502, 28.1949906], [85.350541, 28.1949791], [85.3505544, 28.1950146], [85.3505154, 28.195026], [85.350502, 28.1949906]]]]}, "properties": {"source": "hot-fair", "dmg": 1.0, "dmg_class": 3, "dmg_label": "Destroyed", "confidence": 0.9867, "bid": "1553022004"}}, {"type": "Feature", "geometry": {"type": "MultiPolygon", "coordinates": [[[[85.3501079, 28.1969395], [85.3501487, 28.1968896], [85.3501861, 28.1969133], [85.3501452, 28.1969633], [85.3501079, 28.1969395]]]]}, "properties": {"source": "hot-fair", "dmg": 1.0, "dmg_class": 3, "dmg_label": "Destroyed", "confidence": 0.9982, "bid": "1553022006"}}, {"type": "Feature", "geometry": {"type": "MultiPolygon", "coordinates": [[[[85.3423923, 28.1825957], [85.3424442, 28.1825888], [85.3424482, 28.1826124], [85.3423963, 28.1826193], [85.3423923, 28.1825957]]]]}, "properties": {"source": "hot-fair", "dmg": 1.0, "dmg_class": 3, "dmg_label": "Destroyed", "confidence": 0.9998, "bid": "850782576"}}, {"type": "Feature", "geometry": {"type": "MultiPolygon", "coordinates": [[[[85.3422625, 28.1819522], [85.3423839, 28.1819508], [85.3423847, 28.1820084], [85.3422633, 28.1820097], [85.3422625, 28.1819522]]]]}, "properties": {"source": "hot-fair", "dmg": 1.0, "dmg_class": 3, "dmg_label": "Destroyed", "confidence": 0.9993, "bid": "847078095"}}, {"type": "Feature", "geometry": {"type": "MultiPolygon", "coordinates": [[[[85.3421601, 28.1820204], [85.3422222, 28.1820189], [85.3422232, 28.1820513], [85.3421601, 28.1820595], [85.3421601, 28.1820204]]]]}, "properties": {"source": "hot-fair", "dmg": 1.0, "dmg_class": 3, "dmg_label": "Destroyed", "confidence": 0.9997, "bid": "847078096"}}, {"type": "Feature", "geometry": {"type": "MultiPolygon", "coordinates": [[[[85.3417984, 28.1814938], [85.3418514, 28.1814518], [85.3419507, 28.1815412], [85.3418997, 28.1815807], [85.3417984, 28.1814938]]]]}, "properties": {"source": "hot-fair", "dmg": 1.0, "dmg_class": 3, "dmg_label": "Destroyed", "confidence": 0.9819, "bid": "1552979148"}}, {"type": "Feature", "geometry": {"type": "MultiPolygon", "coordinates": [[[[85.3412634, 28.1816457], [85.3415061, 28.1815679], [85.3415329, 28.181639], [85.3412923, 28.1817137], [85.3412634, 28.1816457]]]]}, "properties": {"source": "hot-fair", "dmg": 1.0, "dmg_class": 3, "dmg_label": "Destroyed", "confidence": 0.999, "bid": "1552979149"}}, {"type": "Feature", "geometry": {"type": "MultiPolygon", "coordinates": [[[[85.341259, 28.1809421], [85.3413028, 28.1809366], [85.3413102, 28.1809824], [85.3412663, 28.1809879], [85.341259, 28.1809421]]]]}, "properties": {"source": "hot-fair", "dmg": 1.0, "dmg_class": 3, "dmg_label": "Destroyed", "confidence": 0.99, "bid": "851374918"}}, {"type": "Feature", "geometry": {"type": "MultiPolygon", "coordinates": [[[[85.3452194, 28.1769353], [85.3452449, 28.1769139], [85.3452737, 28.1769407], [85.3452482, 28.176962], [85.3452194, 28.1769353]]]]}, "properties": {"source": "hot-fair", "dmg": 1.0, "dmg_class": 3, "dmg_label": "Destroyed", "confidence": 0.9992, "bid": "344279065"}}, {"type": "Feature", "geometry": {"type": "MultiPolygon", "coordinates": [[[[85.3452601, 28.1769821], [85.3452748, 28.1769675], [85.3453021, 28.1769889], [85.3452874, 28.1770035], [85.3452601, 28.1769821]]]]}, "properties": {"source": "hot-fair", "dmg": 1.0, "dmg_class": 3, "dmg_label": "Destroyed", "confidence": 0.9995, "bid": "344279089"}}, {"type": "Feature", "geometry": {"type": "MultiPolygon", "coordinates": [[[[85.345289, 28.1769333], [85.3453128, 28.1769113], [85.3453462, 28.1769393], [85.3453223, 28.1769614], [85.345289, 28.1769333]]]]}, "properties": {"source": "hot-fair", "dmg": 1.0, "dmg_class": 3, "dmg_label": "Destroyed", "confidence": 0.9993, "bid": "344279101"}}, {"type": "Feature", "geometry": {"type": "MultiPolygon", "coordinates": [[[[85.3455362, 28.176854], [85.3455544, 28.176843], [85.3455772, 28.1768725], [85.3455589, 28.1768834], [85.3455362, 28.176854]]]]}, "properties": {"source": "hot-fair", "dmg": 0.3333333333333333, "dmg_class": 1, "dmg_label": "Minor damage", "confidence": 0.0698, "bid": "344279074"}}, {"type": "Feature", "geometry": {"type": "MultiPolygon", "coordinates": [[[[85.3450228, 28.176969], [85.3450872, 28.1769454], [85.3451107, 28.1769952], [85.3450463, 28.1770188], [85.3450228, 28.176969]]]]}, "properties": {"source": "hot-fair", "dmg": 1.0, "dmg_class": 3, "dmg_label": "Destroyed", "confidence": 0.9973, "bid": "1553017129"}}, {"type": "Feature", "geometry": {"type": "MultiPolygon", "coordinates": [[[[85.3451568, 28.1769318], [85.3451973, 28.1769085], [85.3452279, 28.17695], [85.3451873, 28.1769732], [85.3451568, 28.1769318]]]]}, "properties": {"source": "hot-fair", "dmg": 1.0, "dmg_class": 3, "dmg_label": "Destroyed", "confidence": 0.9984, "bid": "1553017130"}}, {"type": "Feature", "geometry": {"type": "MultiPolygon", "coordinates": [[[[85.3456578, 28.1767526], [85.3457002, 28.1767173], [85.3457424, 28.1767566], [85.3457001, 28.176792], [85.3456578, 28.1767526]]]]}, "properties": {"source": "hot-fair", "dmg": 0.6666666666666666, "dmg_class": 2, "dmg_label": "Major damage", "confidence": 0.1759, "bid": "1553017131"}}, {"type": "Feature", "geometry": {"type": "MultiPolygon", "coordinates": [[[[85.3365599, 28.1625783], [85.3366417, 28.1625475], [85.3366692, 28.1626071], [85.3365853, 28.1626326], [85.3365599, 28.1625783]]]]}, "properties": {"source": "hot-fair", "dmg": 1.0, "dmg_class": 3, "dmg_label": "Destroyed", "confidence": 0.92, "bid": "854385637"}}, {"type": "Feature", "geometry": {"type": "MultiPolygon", "coordinates": [[[[85.3357504, 28.1629508], [85.3358357, 28.1628904], [85.3358972, 28.1629579], [85.3358118, 28.1630183], [85.3357504, 28.1629508]]]]}, "properties": {"source": "hot-fair", "dmg": 0.3333333333333333, "dmg_class": 1, "dmg_label": "Minor damage", "confidence": 0.2136, "bid": "854113198"}}, {"type": "Feature", "geometry": {"type": "MultiPolygon", "coordinates": [[[[85.334836, 28.1625829], [85.33494, 28.1625828], [85.33494, 28.1626929], [85.3348361, 28.162693], [85.334836, 28.1625829]]]]}, "properties": {"source": "hot-fair", "dmg": 1.0, "dmg_class": 3, "dmg_label": "Destroyed", "confidence": 0.6061, "bid": "1552972093"}}, {"type": "Feature", "geometry": {"type": "MultiPolygon", "coordinates": [[[[85.3361653, 28.1618611], [85.3361964, 28.161834], [85.3362296, 28.1618637], [85.3361984, 28.1618908], [85.3361653, 28.1618611]]]]}, "properties": {"source": "hot-fair", "dmg": 1.0, "dmg_class": 3, "dmg_label": "Destroyed", "confidence": 0.8877, "bid": "1552968874"}}, {"type": "Feature", "geometry": {"type": "MultiPolygon", "coordinates": [[[[85.3372622, 28.1628139], [85.3372971, 28.1628059], [85.3373121, 28.162857], [85.3372771, 28.1628649], [85.3372622, 28.1628139]]]]}, "properties": {"source": "hot-fair", "dmg": 1.0, "dmg_class": 3, "dmg_label": "Destroyed", "confidence": 0.9996, "bid": "1552886489"}}, {"type": "Feature", "geometry": {"type": "MultiPolygon", "coordinates": [[[[85.3355158, 28.1631007], [85.3355626, 28.1630749], [85.3355828, 28.1631035], [85.335536, 28.1631292], [85.3355158, 28.1631007]]]]}, "properties": {"source": "hot-fair", "dmg": 0.3333333333333333, "dmg_class": 1, "dmg_label": "Minor damage", "confidence": 0.0992, "bid": "1552970708"}}, {"type": "Feature", "geometry": {"type": "MultiPolygon", "coordinates": [[[[85.3353146, 28.1621148], [85.3353393, 28.1620814], [85.3353985, 28.1621155], [85.3353738, 28.1621488], [85.3353146, 28.1621148]]]]}, "properties": {"source": "hot-fair", "dmg": 0.3333333333333333, "dmg_class": 1, "dmg_label": "Minor damage", "confidence": 0.1105, "bid": "1552968617"}}, {"type": "Feature", "geometry": {"type": "MultiPolygon", "coordinates": [[[[85.3416023, 28.1675611], [85.3416484, 28.167555], [85.3416555, 28.1675966], [85.3416095, 28.1676027], [85.3416023, 28.1675611]]]]}, "properties": {"source": "hot-fair", "dmg": 1.0, "dmg_class": 3, "dmg_label": "Destroyed", "confidence": 0.9753, "bid": "1132149409"}}, {"type": "Feature", "geometry": {"type": "MultiPolygon", "coordinates": [[[[85.3412013, 28.1666994], [85.3413315, 28.166635], [85.3413731, 28.1667003], [85.3412429, 28.1667647], [85.3412013, 28.1666994]]]]}, "properties": {"source": "hot-fair", "dmg": 1.0, "dmg_class": 3, "dmg_label": "Destroyed", "confidence": 0.9929, "bid": "934778621"}}, {"type": "Feature", "geometry": {"type": "MultiPolygon", "coordinates": [[[[85.3406272, 28.1658905], [85.340772, 28.165819], [85.3407935, 28.1658529], [85.3406487, 28.1659244], [85.3406272, 28.1658905]]]]}, "properties": {"source": "hot-fair", "dmg": 0.0, "dmg_class": 0, "dmg_label": "No damage", "confidence": 0.8216, "bid": "934778617"}}, {"type": "Feature", "geometry": {"type": "MultiPolygon", "coordinates": [[[[85.3404148, 28.1660088], [85.3404453, 28.1659738], [85.3405485, 28.1660434], [85.340518, 28.1660785], [85.3404148, 28.1660088]]]]}, "properties": {"source": "hot-fair", "dmg": 0.6666666666666666, "dmg_class": 2, "dmg_label": "Major damage", "confidence": 0.2331, "bid": "934778585"}}, {"type": "Feature", "geometry": {"type": "MultiPolygon", "coordinates": [[[[85.3362069, 28.1619008], [85.3362353, 28.1618761], [85.3362954, 28.1619297], [85.336267, 28.1619544], [85.3362069, 28.1619008]]]]}, "properties": {"source": "hot-fair", "dmg": 1.0, "dmg_class": 3, "dmg_label": "Destroyed", "confidence": 0.9334, "bid": "854385631"}}, {"type": "Feature", "geometry": {"type": "MultiPolygon", "coordinates": [[[[85.3391321, 28.1644298], [85.339148, 28.1643958], [85.3392325, 28.1644266], [85.3392166, 28.1644605], [85.3391321, 28.1644298]]]]}, "properties": {"source": "hot-fair", "dmg": 1.0, "dmg_class": 3, "dmg_label": "Destroyed", "confidence": 0.9932, "bid": "854385618"}}, {"type": "Feature", "geometry": {"type": "MultiPolygon", "coordinates": [[[[85.34105, 28.1657818], [85.3411047, 28.1657329], [85.3412066, 28.1658216], [85.3411519, 28.1658704], [85.34105, 28.1657818]]]]}, "properties": {"source": "hot-fair", "dmg": 0.0, "dmg_class": 0, "dmg_label": "No damage", "confidence": 0.8319, "bid": "854385613"}}, {"type": "Feature", "geometry": {"type": "MultiPolygon", "coordinates": [[[[85.3411387, 28.1663541], [85.3412276, 28.1663214], [85.341292, 28.1664574], [85.3412031, 28.1664901], [85.3411387, 28.1663541]]]]}, "properties": {"source": "hot-fair", "dmg": 0.0, "dmg_class": 0, "dmg_label": "No damage", "confidence": 0.7915, "bid": "854385609"}}, {"type": "Feature", "geometry": {"type": "MultiPolygon", "coordinates": [[[[85.3349385, 28.1621999], [85.33499, 28.162154], [85.33509, 28.1622413], [85.3350385, 28.1622871], [85.3349385, 28.1621999]]]]}, "properties": {"source": "hot-fair", "dmg": 0.3333333333333333, "dmg_class": 1, "dmg_label": "Minor damage", "confidence": 0.2411, "bid": "854115570"}}, {"type": "Feature", "geometry": {"type": "MultiPolygon", "coordinates": [[[[85.3371703, 28.162924], [85.3372062, 28.1629046], [85.3372517, 28.1629702], [85.3372159, 28.1629896], [85.3371703, 28.162924]]]]}, "properties": {"source": "hot-fair", "dmg": 1.0, "dmg_class": 3, "dmg_label": "Destroyed", "confidence": 0.9977, "bid": "854113216"}}, {"type": "Feature", "geometry": {"type": "MultiPolygon", "coordinates": [[[[85.3379857, 28.1636178], [85.3380148, 28.1635529], [85.3380501, 28.1635651], [85.338021, 28.1636301], [85.3379857, 28.1636178]]]]}, "properties": {"source": "hot-fair", "dmg": 1.0, "dmg_class": 3, "dmg_label": "Destroyed", "confidence": 0.9993, "bid": "854113207"}}, {"type": "Feature", "geometry": {"type": "MultiPolygon", "coordinates": [[[[85.3380331, 28.1634603], [85.338074, 28.1633941], [85.3381101, 28.1634114], [85.3380692, 28.1634777], [85.3380331, 28.1634603]]]]}, "properties": {"source": "hot-fair", "dmg": 1.0, "dmg_class": 3, "dmg_label": "Destroyed", "confidence": 0.9995, "bid": "854113202"}}, {"type": "Feature", "geometry": {"type": "MultiPolygon", "coordinates": [[[[85.3383475, 28.1637783], [85.3385353, 28.1635868], [85.3385835, 28.1636235], [85.3383958, 28.1638151], [85.3383475, 28.1637783]]]]}, "properties": {"source": "hot-fair", "dmg": 1.0, "dmg_class": 3, "dmg_label": "Destroyed", "confidence": 0.9957, "bid": "854113200"}}, {"type": "Feature", "geometry": {"type": "MultiPolygon", "coordinates": [[[[85.3404821, 28.1661204], [85.3405433, 28.1660816], [85.3407149, 28.1662921], [85.3406537, 28.1663309], [85.3404821, 28.1661204]]]]}, "properties": {"source": "hot-fair", "dmg": 0.0, "dmg_class": 0, "dmg_label": "No damage", "confidence": 0.8808, "bid": "853760525"}}, {"type": "Feature", "geometry": {"type": "MultiPolygon", "coordinates": [[[[85.3377983, 28.1638895], [85.3378574, 28.1638308], [85.3379171, 28.1638775], [85.337858, 28.1639362], [85.3377983, 28.1638895]]]]}, "properties": {"source": "hot-fair", "dmg": 1.0, "dmg_class": 3, "dmg_label": "Destroyed", "confidence": 0.9998, "bid": "769001603"}}, {"type": "Feature", "geometry": {"type": "MultiPolygon", "coordinates": [[[[85.3358285, 28.1619862], [85.3358551, 28.1619504], [85.3359679, 28.1620157], [85.3359413, 28.1620514], [85.3358285, 28.1619862]]]]}, "properties": {"source": "hot-fair", "dmg": 0.6666666666666666, "dmg_class": 2, "dmg_label": "Major damage", "confidence": 0.1956, "bid": "769001597"}}, {"type": "Feature", "geometry": {"type": "MultiPolygon", "coordinates": [[[[85.3407469, 28.1655947], [85.340785, 28.1655615], [85.340867, 28.165635], [85.3408288, 28.1656681], [85.3407469, 28.1655947]]]]}, "properties": {"source": "hot-fair", "dmg": 0.0, "dmg_class": 0, "dmg_label": "No damage", "confidence": 0.8696, "bid": "769001572"}}, {"type": "Feature", "geometry": {"type": "MultiPolygon", "coordinates": [[[[85.3404678, 28.1658507], [85.3405314, 28.1658197], [85.3407164, 28.1661179], [85.3406528, 28.1661489], [85.3404678, 28.1658507]]]]}, "properties": {"source": "hot-fair", "dmg": 0.0, "dmg_class": 0, "dmg_label": "No damage", "confidence": 0.9082, "bid": "760438580"}}, {"type": "Feature", "geometry": {"type": "MultiPolygon", "coordinates": [[[[85.3413716, 28.1650914], [85.3413864, 28.1650624], [85.3414893, 28.1651032], [85.3414613, 28.165158], [85.3414164, 28.1651401], [85.3414295, 28.1651144], [85.3413716, 28.1650914]]]]}, "properties": {"source": "hot-fair", "dmg": 1.0, "dmg_class": 3, "dmg_label": "Destroyed", "confidence": 0.999, "bid": "507471924"}}, {"type": "Feature", "geometry": {"type": "MultiPolygon", "coordinates": [[[[85.3413475, 28.1669092], [85.3413984, 28.1669076], [85.3414, 28.1669461], [85.3413491, 28.1669477], [85.3413475, 28.1669092]]]]}, "properties": {"source": "hot-fair", "dmg": 0.6666666666666666, "dmg_class": 2, "dmg_label": "Major damage", "confidence": 0.1323, "bid": "1162337470"}}, {"type": "Feature", "geometry": {"type": "MultiPolygon", "coordinates": [[[[85.3414161, 28.1668791], [85.3414903, 28.1668661], [85.3415017, 28.1669172], [85.3414276, 28.1669301], [85.3414161, 28.1668791]]]]}, "properties": {"source": "hot-fair", "dmg": 1.0, "dmg_class": 3, "dmg_label": "Destroyed", "confidence": 0.8564, "bid": "1132149408"}}, {"type": "Feature", "geometry": {"type": "MultiPolygon", "coordinates": [[[[85.3409458, 28.1668991], [85.3409904, 28.1668456], [85.3411884, 28.1669739], [85.341144, 28.1670271], [85.3410848, 28.1669887], [85.341059, 28.1670197], [85.3410091, 28.1669873], [85.3410346, 28.1669567], [85.3409458, 28.1668991]]]]}, "properties": {"source": "hot-fair", "dmg": 0.3333333333333333, "dmg_class": 1, "dmg_label": "Minor damage", "confidence": 0.0478, "bid": "760438583"}}, {"type": "Feature", "geometry": {"type": "MultiPolygon", "coordinates": [[[[85.3404266, 28.1660947], [85.3404403, 28.1660673], [85.340493, 28.1660877], [85.3404793, 28.1661151], [85.3404266, 28.1660947]]]]}, "properties": {"source": "hot-fair", "dmg": 0.3333333333333333, "dmg_class": 1, "dmg_label": "Minor damage", "confidence": 0.0564, "bid": "1132149407"}}, {"type": "Feature", "geometry": {"type": "MultiPolygon", "coordinates": [[[[85.3407303, 28.1662729], [85.3409531, 28.1662559], [85.3409585, 28.1663107], [85.3407357, 28.1663278], [85.3407303, 28.1662729]]]]}, "properties": {"source": "hot-fair", "dmg": 0.3333333333333333, "dmg_class": 1, "dmg_label": "Minor damage", "confidence": 0.0776, "bid": "474658593"}}, {"type": "Feature", "geometry": {"type": "MultiPolygon", "coordinates": [[[[85.3401004, 28.1646379], [85.3401135, 28.1646053], [85.3402006, 28.1646325], [85.3401875, 28.1646651], [85.3401004, 28.1646379]]]]}, "properties": {"source": "hot-fair", "dmg": 1.0, "dmg_class": 3, "dmg_label": "Destroyed", "confidence": 0.9938, "bid": "854385614"}}, {"type": "Feature", "geometry": {"type": "MultiPolygon", "coordinates": [[[[85.3405645, 28.1658181], [85.340605, 28.1657867], [85.3406272, 28.1658091], [85.3406399, 28.1657992], [85.3406637, 28.1658232], [85.3406224, 28.1658551], [85.3406098, 28.1658425], [85.3405979, 28.1658517], [85.3405645, 28.1658181]]]]}, "properties": {"source": "hot-fair", "dmg": 0.0, "dmg_class": 0, "dmg_label": "No damage", "confidence": 0.9505, "bid": "1132149406"}}, {"type": "Feature", "geometry": {"type": "MultiPolygon", "coordinates": [[[[85.3405598, 28.1657301], [85.3406008, 28.1656825], [85.3407179, 28.1657609], [85.3406769, 28.1658085], [85.3405598, 28.1657301]]]]}, "properties": {"source": "hot-fair", "dmg": 0.0, "dmg_class": 0, "dmg_label": "No damage", "confidence": 0.9522, "bid": "934778616"}}, {"type": "Feature", "geometry": {"type": "MultiPolygon", "coordinates": [[[[85.3387358, 28.165132], [85.3387738, 28.1650392], [85.3388416, 28.165061], [85.3388036, 28.1651538], [85.3387358, 28.165132]]]]}, "properties": {"source": "hot-fair", "dmg": 0.3333333333333333, "dmg_class": 1, "dmg_label": "Minor damage", "confidence": 0.4173, "bid": "507472008"}}, {"type": "Feature", "geometry": {"type": "MultiPolygon", "coordinates": [[[[85.3388099, 28.1651453], [85.338841, 28.1650691], [85.3388882, 28.1650842], [85.3388571, 28.1651603], [85.3388099, 28.1651453]]]]}, "properties": {"source": "hot-fair", "dmg": 0.3333333333333333, "dmg_class": 1, "dmg_label": "Minor damage", "confidence": 0.3415, "bid": "934778590"}}, {"type": "Feature", "geometry": {"type": "MultiPolygon", "coordinates": [[[[85.3390508, 28.1652054], [85.3390775, 28.1651431], [85.3391685, 28.1651734], [85.3391418, 28.1652357], [85.3390508, 28.1652054]]]]}, "properties": {"source": "hot-fair", "dmg": 0.6666666666666666, "dmg_class": 2, "dmg_label": "Major damage", "confidence": 0.3848, "bid": "1132149404"}}, {"type": "Feature", "geometry": {"type": "MultiPolygon", "coordinates": [[[[85.3392177, 28.165227], [85.3392281, 28.165184], [85.339302, 28.1651979], [85.3392916, 28.1652409], [85.3392177, 28.165227]]]]}, "properties": {"source": "hot-fair", "dmg": 0.3333333333333333, "dmg_class": 1, "dmg_label": "Minor damage", "confidence": 0.3528, "bid": "1132149405"}}, {"type": "Feature", "geometry": {"type": "MultiPolygon", "coordinates": [[[[85.3389968, 28.1651563], [85.3390068, 28.1651251], [85.3390607, 28.1651385], [85.3390508, 28.1651697], [85.3389968, 28.1651563]]]]}, "properties": {"source": "hot-fair", "dmg": 0.3333333333333333, "dmg_class": 1, "dmg_label": "Minor damage", "confidence": 0.1846, "bid": "934778588"}}, {"type": "Feature", "geometry": {"type": "MultiPolygon", "coordinates": [[[[85.3389356, 28.1651639], [85.3389475, 28.1651193], [85.3389969, 28.1651296], [85.338985, 28.1651742], [85.3389356, 28.1651639]]]]}, "properties": {"source": "hot-fair", "dmg": 0.0, "dmg_class": 0, "dmg_label": "No damage", "confidence": 0.7288, "bid": "934778589"}}, {"type": "Feature", "geometry": {"type": "MultiPolygon", "coordinates": [[[[85.3393078, 28.1652726], [85.3393134, 28.1651906], [85.3393717, 28.1651937], [85.339371, 28.1652034], [85.3394521, 28.1652077], [85.3394508, 28.165227], [85.3394923, 28.1652292], [85.3394902, 28.1652597], [85.3394568, 28.1652579], [85.3394553, 28.1652804], [85.3393078, 28.1652726]]]]}, "properties": {"source": "hot-fair", "dmg": 0.3333333333333333, "dmg_class": 1, "dmg_label": "Minor damage", "confidence": 0.2142, "bid": "1132149388"}}, {"type": "Feature", "geometry": {"type": "MultiPolygon", "coordinates": [[[[85.3389979, 28.1650217], [85.3390245, 28.1649225], [85.339435, 28.1650078], [85.3394084, 28.165107], [85.3389979, 28.1650217]]]]}, "properties": {"source": "hot-fair", "dmg": 0.3333333333333333, "dmg_class": 1, "dmg_label": "Minor damage", "confidence": 0.26, "bid": "474658300"}}, {"type": "Feature", "geometry": {"type": "MultiPolygon", "coordinates": [[[[85.3372792, 28.1646621], [85.3374113, 28.1646591], [85.3374128, 28.1647129], [85.3372807, 28.1647159], [85.3372792, 28.1646621]]]]}, "properties": {"source": "hot-fair", "dmg": 0.6666666666666666, "dmg_class": 2, "dmg_label": "Major damage", "confidence": 0.4557, "bid": "854113174"}}, {"type": "Feature", "geometry": {"type": "MultiPolygon", "coordinates": [[[[85.3371298, 28.1646609], [85.3371506, 28.1646211], [85.3372659, 28.1646678], [85.3372452, 28.1647076], [85.3371298, 28.1646609]]]]}, "properties": {"source": "hot-fair", "dmg": 0.6666666666666666, "dmg_class": 2, "dmg_label": "Major damage", "confidence": 0.3924, "bid": "854113175"}}, {"type": "Feature", "geometry": {"type": "MultiPolygon", "coordinates": [[[[85.336991, 28.1645427], [85.3370323, 28.1645081], [85.3371456, 28.1646134], [85.3371043, 28.1646479], [85.336991, 28.1645427]]]]}, "properties": {"source": "hot-fair", "dmg": 0.6666666666666666, "dmg_class": 2, "dmg_label": "Major damage", "confidence": 0.318, "bid": "854113176"}}, {"type": "Feature", "geometry": {"type": "MultiPolygon", "coordinates": [[[[85.3371318, 28.1645409], [85.3371858, 28.1644944], [85.3372454, 28.1645482], [85.3371915, 28.1645947], [85.3371318, 28.1645409]]]]}, "properties": {"source": "hot-fair", "dmg": 0.6666666666666666, "dmg_class": 2, "dmg_label": "Major damage", "confidence": 0.3879, "bid": "854113177"}}, {"type": "Feature", "geometry": {"type": "MultiPolygon", "coordinates": [[[[85.337211, 28.1645935], [85.3372631, 28.1645438], [85.3373168, 28.1645876], [85.3372646, 28.1646373], [85.337211, 28.1645935]]]]}, "properties": {"source": "hot-fair", "dmg": 0.6666666666666666, "dmg_class": 2, "dmg_label": "Major damage", "confidence": 0.4488, "bid": "854113179"}}, {"type": "Feature", "geometry": {"type": "MultiPolygon", "coordinates": [[[[85.3373954, 28.1644783], [85.3374611, 28.1643908], [85.3375345, 28.1644336], [85.3374687, 28.1645211], [85.3373954, 28.1644783]]]]}, "properties": {"source": "hot-fair", "dmg": 0.3333333333333333, "dmg_class": 1, "dmg_label": "Minor damage", "confidence": 0.4691, "bid": "853760509"}}, {"type": "Feature", "geometry": {"type": "MultiPolygon", "coordinates": [[[[85.3373491, 28.1644589], [85.3373614, 28.1644345], [85.337394, 28.1644473], [85.3373817, 28.1644717], [85.3373491, 28.1644589]]]]}, "properties": {"source": "hot-fair", "dmg": 0.3333333333333333, "dmg_class": 1, "dmg_label": "Minor damage", "confidence": 0.4828, "bid": "1132149402"}}, {"type": "Feature", "geometry": {"type": "MultiPolygon", "coordinates": [[[[85.3373162, 28.1642412], [85.3373483, 28.1642066], [85.3374033, 28.1642462], [85.3373712, 28.1642808], [85.3373162, 28.1642412]]]]}, "properties": {"source": "hot-fair", "dmg": 0.6666666666666666, "dmg_class": 2, "dmg_label": "Major damage", "confidence": 0.5978, "bid": "854113183"}}, {"type": "Feature", "geometry": {"type": "MultiPolygon", "coordinates": [[[[85.3369454, 28.1640597], [85.3369873, 28.1640435], [85.3370094, 28.1640878], [85.3369676, 28.164104], [85.3369454, 28.1640597]]]]}, "properties": {"source": "hot-fair", "dmg": 0.3333333333333333, "dmg_class": 1, "dmg_label": "Minor damage", "confidence": 0.6684, "bid": "854385650"}}, {"type": "Feature", "geometry": {"type": "MultiPolygon", "coordinates": [[[[85.3368757, 28.1640579], [85.336915, 28.1640362], [85.3369498, 28.1640853], [85.3369106, 28.164107], [85.3368757, 28.1640579]]]]}, "properties": {"source": "hot-fair", "dmg": 0.3333333333333333, "dmg_class": 1, "dmg_label": "Minor damage", "confidence": 0.6503, "bid": "854385651"}}, {"type": "Feature", "geometry": {"type": "MultiPolygon", "coordinates": [[[[85.3369099, 28.1641176], [85.3369551, 28.1640927], [85.336992, 28.1641448], [85.3369468, 28.1641697], [85.3369099, 28.1641176]]]]}, "properties": {"source": "hot-fair", "dmg": 0.3333333333333333, "dmg_class": 1, "dmg_label": "Minor damage", "confidence": 0.6367, "bid": "854385649"}}, {"type": "Feature", "geometry": {"type": "MultiPolygon", "coordinates": [[[[85.3369535, 28.164185], [85.3369941, 28.1641676], [85.3370229, 28.1642196], [85.3369823, 28.1642371], [85.3369535, 28.164185]]]]}, "properties": {"source": "hot-fair", "dmg": 0.3333333333333333, "dmg_class": 1, "dmg_label": "Minor damage", "confidence": 0.5483, "bid": "854385648"}}, {"type": "Feature", "geometry": {"type": "MultiPolygon", "coordinates": [[[[85.3370024, 28.1641649], [85.3370393, 28.1641466], [85.3370682, 28.1641919], [85.3370314, 28.1642102], [85.3370024, 28.1641649]]]]}, "properties": {"source": "hot-fair", "dmg": 0.3333333333333333, "dmg_class": 1, "dmg_label": "Minor damage", "confidence": 0.5144, "bid": "854385647"}}, {"type": "Feature", "geometry": {"type": "MultiPolygon", "coordinates": [[[[85.3369233, 28.1642891], [85.3369778, 28.1642594], [85.3370495, 28.1643617], [85.336995, 28.1643914], [85.3369233, 28.1642891]]]]}, "properties": {"source": "hot-fair", "dmg": 0.3333333333333333, "dmg_class": 1, "dmg_label": "Minor damage", "confidence": 0.4362, "bid": "854113180"}}, {"type": "Feature", "geometry": {"type": "MultiPolygon", "coordinates": [[[[85.3372049, 28.1643228], [85.3373032, 28.1642384], [85.3374018, 28.1643277], [85.3373035, 28.164412], [85.3372049, 28.1643228]]]]}, "properties": {"source": "hot-fair", "dmg": 0.3333333333333333, "dmg_class": 1, "dmg_label": "Minor damage", "confidence": 0.5581, "bid": "854113182"}}, {"type": "Feature", "geometry": {"type": "MultiPolygon", "coordinates": [[[[85.3371124, 28.1643848], [85.3371455, 28.1643661], [85.3371757, 28.1644074], [85.3371426, 28.1644262], [85.3371124, 28.1643848]]]]}, "properties": {"source": "hot-fair", "dmg": 0.3333333333333333, "dmg_class": 1, "dmg_label": "Minor damage", "confidence": 0.4694, "bid": "854113181"}}, {"type": "Feature", "geometry": {"type": "MultiPolygon", "coordinates": [[[[85.3372929, 28.1644431], [85.3373183, 28.1644158], [85.3373389, 28.1644306], [85.3373135, 28.164458], [85.3372929, 28.1644431]]]]}, "properties": {"source": "hot-fair", "dmg": 0.3333333333333333, "dmg_class": 1, "dmg_label": "Minor damage", "confidence": 0.3867, "bid": "1132149403"}}, {"type": "Feature", "geometry": {"type": "MultiPolygon", "coordinates": [[[[85.3370943, 28.1644658], [85.3371719, 28.1644261], [85.3372081, 28.1644811], [85.3371305, 28.1645208], [85.3370943, 28.1644658]]]]}, "properties": {"source": "hot-fair", "dmg": 0.6666666666666666, "dmg_class": 2, "dmg_label": "Major damage", "confidence": 0.2937, "bid": "854113178"}}, {"type": "Feature", "geometry": {"type": "MultiPolygon", "coordinates": [[[[85.3368992, 28.1644617], [85.3369617, 28.1644126], [85.3370382, 28.1644882], [85.3369756, 28.1645374], [85.3368992, 28.1644617]]]]}, "properties": {"source": "hot-fair", "dmg": 1.0, "dmg_class": 3, "dmg_label": "Destroyed", "confidence": 0.5613, "bid": "853760508"}}, {"type": "Feature", "geometry": {"type": "MultiPolygon", "coordinates": [[[[85.3366224, 28.164346], [85.3367159, 28.1642862], [85.336754, 28.1643325], [85.3366605, 28.1643923], [85.3366224, 28.164346]]]]}, "properties": {"source": "hot-fair", "dmg": 0.6666666666666666, "dmg_class": 2, "dmg_label": "Major damage", "confidence": 0.3128, "bid": "853760510"}}, {"type": "Feature", "geometry": {"type": "MultiPolygon", "coordinates": [[[[85.3368039, 28.1643837], [85.3368607, 28.1643529], [85.3369036, 28.1644143], [85.3368469, 28.1644451], [85.3368039, 28.1643837]]]]}, "properties": {"source": "hot-fair", "dmg": 0.6666666666666666, "dmg_class": 2, "dmg_label": "Major damage", "confidence": 0.3145, "bid": "854385626"}}, {"type": "Feature", "geometry": {"type": "MultiPolygon", "coordinates": [[[[85.3366417, 28.1642382], [85.336674, 28.1642128], [85.3367122, 28.1642507], [85.3366799, 28.1642761], [85.3366417, 28.1642382]]]]}, "properties": {"source": "hot-fair", "dmg": 0.6666666666666666, "dmg_class": 2, "dmg_label": "Major damage", "confidence": 0.2679, "bid": "854385646"}}, {"type": "Feature", "geometry": {"type": "MultiPolygon", "coordinates": [[[[85.3367563, 28.1641295], [85.3368356, 28.1640765], [85.336957, 28.1642178], [85.3368777, 28.1642708], [85.3367563, 28.1641295]]]]}, "properties": {"source": "hot-fair", "dmg": 0.3333333333333333, "dmg_class": 1, "dmg_label": "Minor damage", "confidence": 0.488, "bid": "853760511"}}, {"type": "Feature", "geometry": {"type": "MultiPolygon", "coordinates": [[[[85.336424, 28.1640623], [85.3364618, 28.1640421], [85.3364758, 28.1640625], [85.3364379, 28.1640827], [85.336424, 28.1640623]]]]}, "properties": {"source": "hot-fair", "dmg": 0.3333333333333333, "dmg_class": 1, "dmg_label": "Minor damage", "confidence": 0.2481, "bid": "1132149389"}}, {"type": "Feature", "geometry": {"type": "MultiPolygon", "coordinates": [[[[85.3364539, 28.1641029], [85.3365079, 28.1640589], [85.3365655, 28.1641139], [85.3365116, 28.1641578], [85.3364539, 28.1641029]]]]}, "properties": {"source": "hot-fair", "dmg": 0.6666666666666666, "dmg_class": 2, "dmg_label": "Major damage", "confidence": 0.148, "bid": "854113186"}}, {"type": "Feature", "geometry": {"type": "MultiPolygon", "coordinates": [[[[85.3364687, 28.164185], [85.3364822, 28.1641652], [85.3365425, 28.1641971], [85.336529, 28.164217], [85.3364687, 28.164185]]]]}, "properties": {"source": "hot-fair", "dmg": 0.3333333333333333, "dmg_class": 1, "dmg_label": "Minor damage", "confidence": 0.2233, "bid": "854385627"}}, {"type": "Feature", "geometry": {"type": "MultiPolygon", "coordinates": [[[[85.3362927, 28.1640947], [85.3363488, 28.1640818], [85.3363719, 28.1641603], [85.3363158, 28.1641731], [85.3362927, 28.1640947]]]]}, "properties": {"source": "hot-fair", "dmg": 0.3333333333333333, "dmg_class": 1, "dmg_label": "Minor damage", "confidence": 0.2957, "bid": "854113188"}}, {"type": "Feature", "geometry": {"type": "MultiPolygon", "coordinates": [[[[85.3352308, 28.1626155], [85.3352782, 28.1626065], [85.3352957, 28.1626774], [85.3352483, 28.1626865], [85.3352308, 28.1626155]]]]}, "properties": {"source": "hot-fair", "dmg": 0.3333333333333333, "dmg_class": 1, "dmg_label": "Minor damage", "confidence": 0.1176, "bid": "769001594"}}, {"type": "Feature", "geometry": {"type": "MultiPolygon", "coordinates": [[[[85.3350914, 28.1625499], [85.3351341, 28.1625466], [85.3351421, 28.1626282], [85.3350994, 28.1626315], [85.3350914, 28.1625499]]]]}, "properties": {"source": "hot-fair", "dmg": 0.3333333333333333, "dmg_class": 1, "dmg_label": "Minor damage", "confidence": 0.0752, "bid": "854116029"}}, {"type": "Feature", "geometry": {"type": "MultiPolygon", "coordinates": [[[[85.3352208, 28.1628147], [85.3353164, 28.162784], [85.3353533, 28.1628733], [85.3352576, 28.162904], [85.3352208, 28.1628147]]]]}, "properties": {"source": "hot-fair", "dmg": 0.3333333333333333, "dmg_class": 1, "dmg_label": "Minor damage", "confidence": 0.3417, "bid": "854113171"}}, {"type": "Feature", "geometry": {"type": "MultiPolygon", "coordinates": [[[[85.3353582, 28.1628183], [85.3353821, 28.1627932], [85.3354397, 28.1628357], [85.3354159, 28.1628608], [85.3353582, 28.1628183]]]]}, "properties": {"source": "hot-fair", "dmg": 0.3333333333333333, "dmg_class": 1, "dmg_label": "Minor damage", "confidence": 0.2843, "bid": "854385659"}}, {"type": "Feature", "geometry": {"type": "MultiPolygon", "coordinates": [[[[85.3344874, 28.1629269], [85.3344884, 28.1628471], [85.3345259, 28.1628474], [85.3345249, 28.1629272], [85.3344874, 28.1629269]]]]}, "properties": {"source": "hot-fair", "dmg": 0.3333333333333333, "dmg_class": 1, "dmg_label": "Minor damage", "confidence": 0.1954, "bid": "1132149395"}}, {"type": "Feature", "geometry": {"type": "MultiPolygon", "coordinates": [[[[85.3344865, 28.162999], [85.3344874, 28.1629269], [85.3345249, 28.1629272], [85.334524, 28.1629993], [85.3344865, 28.162999]]]]}, "properties": {"source": "hot-fair", "dmg": 0.0, "dmg_class": 0, "dmg_label": "No damage", "confidence": 0.8861, "bid": "1132149394"}}, {"type": "Feature", "geometry": {"type": "MultiPolygon", "coordinates": [[[[85.3342089, 28.1626149], [85.3343035, 28.1625723], [85.334345, 28.1626441], [85.3342504, 28.1626866], [85.3342089, 28.1626149]]]]}, "properties": {"source": "hot-fair", "dmg": 0.6666666666666666, "dmg_class": 2, "dmg_label": "Major damage", "confidence": 0.1996, "bid": "854115568"}}, {"type": "Feature", "geometry": {"type": "MultiPolygon", "coordinates": [[[[85.3346059, 28.1626037], [85.3346392, 28.1625829], [85.3346701, 28.1626213], [85.3346367, 28.1626421], [85.3346059, 28.1626037]]]]}, "properties": {"source": "hot-fair", "dmg": 0.0, "dmg_class": 0, "dmg_label": "No damage", "confidence": 0.8426, "bid": "854385675"}}, {"type": "Feature", "geometry": {"type": "MultiPolygon", "coordinates": [[[[85.3345449, 28.1627887], [85.3345682, 28.1627824], [85.3345817, 28.1628208], [85.3345583, 28.1628271], [85.3345449, 28.1627887]]]]}, "properties": {"source": "hot-fair", "dmg": 0.3333333333333333, "dmg_class": 1, "dmg_label": "Minor damage", "confidence": 0.1325, "bid": "854385678"}}, {"type": "Feature", "geometry": {"type": "MultiPolygon", "coordinates": [[[[85.3346488, 28.1626687], [85.3346878, 28.1626435], [85.3347408, 28.1627074], [85.3347018, 28.1627326], [85.3346488, 28.1626687]]]]}, "properties": {"source": "hot-fair", "dmg": 0.3333333333333333, "dmg_class": 1, "dmg_label": "Minor damage", "confidence": 0.0779, "bid": "854385676"}}, {"type": "Feature", "geometry": {"type": "MultiPolygon", "coordinates": [[[[85.3350914, 28.1624577], [85.3351545, 28.1624416], [85.3351719, 28.1624948], [85.3351088, 28.1625109], [85.3350914, 28.1624577]]]]}, "properties": {"source": "hot-fair", "dmg": 0.3333333333333333, "dmg_class": 1, "dmg_label": "Minor damage", "confidence": 0.0649, "bid": "769001595"}}, {"type": "Feature", "geometry": {"type": "MultiPolygon", "coordinates": [[[[85.3352818, 28.1625209], [85.3353756, 28.1625069], [85.3353964, 28.1626151], [85.3353026, 28.1626291], [85.3352818, 28.1625209]]]]}, "properties": {"source": "hot-fair", "dmg": 0.3333333333333333, "dmg_class": 1, "dmg_label": "Minor damage", "confidence": 0.1349, "bid": "854113195"}}, {"type": "Feature", "geometry": {"type": "MultiPolygon", "coordinates": [[[[85.335255, 28.1624435], [85.335312, 28.1624295], [85.3353321, 28.1624933], [85.3352751, 28.1625073], [85.335255, 28.1624435]]]]}, "properties": {"source": "hot-fair", "dmg": 0.0, "dmg_class": 0, "dmg_label": "No damage", "confidence": 0.8755, "bid": "854385655"}}, {"type": "Feature", "geometry": {"type": "MultiPolygon", "coordinates": [[[[85.3353327, 28.1624529], [85.3353694, 28.1624438], [85.3353842, 28.1624899], [85.3353475, 28.162499], [85.3353327, 28.1624529]]]]}, "properties": {"source": "hot-fair", "dmg": 0.0, "dmg_class": 0, "dmg_label": "No damage", "confidence": 0.8377, "bid": "854385656"}}, {"type": "Feature", "geometry": {"type": "MultiPolygon", "coordinates": [[[[85.3368576, 28.1626734], [85.3369528, 28.1626734], [85.3369528, 28.1627331], [85.3368576, 28.1627331], [85.3368576, 28.1626734]]]]}, "properties": {"source": "hot-fair", "dmg": 1.0, "dmg_class": 3, "dmg_label": "Destroyed", "confidence": 0.9992, "bid": "854113219"}}, {"type": "Feature", "geometry": {"type": "MultiPolygon", "coordinates": [[[[85.3368867, 28.1628399], [85.3368878, 28.162794], [85.3369883, 28.1627958], [85.3369873, 28.1628417], [85.3368867, 28.1628399]]]]}, "properties": {"source": "hot-fair", "dmg": 1.0, "dmg_class": 3, "dmg_label": "Destroyed", "confidence": 0.9992, "bid": "854113218"}}, {"type": "Feature", "geometry": {"type": "MultiPolygon", "coordinates": [[[[85.3369448, 28.1629584], [85.3369545, 28.1628649], [85.3370491, 28.1628726], [85.3370393, 28.1629661], [85.3369448, 28.1629584]]]]}, "properties": {"source": "hot-fair", "dmg": 1.0, "dmg_class": 3, "dmg_label": "Destroyed", "confidence": 0.9854, "bid": "854113217"}}, {"type": "Feature", "geometry": {"type": "MultiPolygon", "coordinates": [[[[85.3366979, 28.1628102], [85.3367602, 28.1628074], [85.3367658, 28.1629056], [85.3367035, 28.1629084], [85.3366979, 28.1628102]]]]}, "properties": {"source": "hot-fair", "dmg": 1.0, "dmg_class": 3, "dmg_label": "Destroyed", "confidence": 0.9908, "bid": "1132149400"}}, {"type": "Feature", "geometry": {"type": "MultiPolygon", "coordinates": [[[[85.3367744, 28.1627887], [85.3368126, 28.1627859], [85.3368166, 28.1628285], [85.3367785, 28.1628313], [85.3367744, 28.1627887]]]]}, "properties": {"source": "hot-fair", "dmg": 1.0, "dmg_class": 3, "dmg_label": "Destroyed", "confidence": 0.9972, "bid": "854385638"}}, {"type": "Feature", "geometry": {"type": "MultiPolygon", "coordinates": [[[[85.3366283, 28.1626374], [85.3366617, 28.1626244], [85.3366765, 28.1626539], [85.336643, 28.1626669], [85.3366283, 28.1626374]]]]}, "properties": {"source": "hot-fair", "dmg": 1.0, "dmg_class": 3, "dmg_label": "Destroyed", "confidence": 0.9657, "bid": "854385636"}}, {"type": "Feature", "geometry": {"type": "MultiPolygon", "coordinates": [[[[85.3361468, 28.1626102], [85.3362013, 28.1626013], [85.3362187, 28.162684], [85.3361642, 28.1626929], [85.3361468, 28.1626102]]]]}, "properties": {"source": "hot-fair", "dmg": 0.0, "dmg_class": 0, "dmg_label": "No damage", "confidence": 0.7966, "bid": "853760520"}}, {"type": "Feature", "geometry": {"type": "MultiPolygon", "coordinates": [[[[85.3359027, 28.1629223], [85.335953, 28.1628874], [85.3360375, 28.162982], [85.3359872, 28.1630169], [85.3359027, 28.1629223]]]]}, "properties": {"source": "hot-fair", "dmg": 0.3333333333333333, "dmg_class": 1, "dmg_label": "Minor damage", "confidence": 0.1731, "bid": "854113197"}}, {"type": "Feature", "geometry": {"type": "MultiPolygon", "coordinates": [[[[85.3360596, 28.1630807], [85.3360806, 28.1630671], [85.3361181, 28.1631121], [85.3360972, 28.1631257], [85.3360596, 28.1630807]]]]}, "properties": {"source": "hot-fair", "dmg": 0.3333333333333333, "dmg_class": 1, "dmg_label": "Minor damage", "confidence": 0.1352, "bid": "854385665"}}, {"type": "Feature", "geometry": {"type": "MultiPolygon", "coordinates": [[[[85.3359845, 28.1632628], [85.3360168, 28.1632358], [85.3360551, 28.1632712], [85.3360227, 28.1632983], [85.3359845, 28.1632628]]]]}, "properties": {"source": "hot-fair", "dmg": 0.6666666666666666, "dmg_class": 2, "dmg_label": "Major damage", "confidence": 0.0845, "bid": "854385670"}}, {"type": "Feature", "geometry": {"type": "MultiPolygon", "coordinates": [[[[85.3360053, 28.1632013], [85.3360327, 28.1631812], [85.3360803, 28.1632314], [85.3360529, 28.1632516], [85.3360053, 28.1632013]]]]}, "properties": {"source": "hot-fair", "dmg": 0.3333333333333333, "dmg_class": 1, "dmg_label": "Minor damage", "confidence": 0.1539, "bid": "854385668"}}, {"type": "Feature", "geometry": {"type": "MultiPolygon", "coordinates": [[[[85.3374971, 28.163593], [85.3375456, 28.1635366], [85.3375014, 28.1635071], [85.3375717, 28.1634254], [85.3376697, 28.1634909], [85.3375509, 28.163629], [85.3374971, 28.163593]]]]}, "properties": {"source": "hot-fair", "dmg": 1.0, "dmg_class": 3, "dmg_label": "Destroyed", "confidence": 0.9979, "bid": "854113210"}}, {"type": "Feature", "geometry": {"type": "MultiPolygon", "coordinates": [[[[85.3372807, 28.1633509], [85.337321, 28.1633088], [85.3373807, 28.1633531], [85.3373404, 28.1633952], [85.3372807, 28.1633509]]]]}, "properties": {"source": "hot-fair", "dmg": 1.0, "dmg_class": 3, "dmg_label": "Destroyed", "confidence": 0.9971, "bid": "854113212"}}, {"type": "Feature", "geometry": {"type": "MultiPolygon", "coordinates": [[[[85.3371271, 28.1630602], [85.3371716, 28.1630561], [85.3371796, 28.1631239], [85.3371352, 28.163128], [85.3371271, 28.1630602]]]]}, "properties": {"source": "hot-fair", "dmg": 1.0, "dmg_class": 3, "dmg_label": "Destroyed", "confidence": 0.9958, "bid": "854385628"}}, {"type": "Feature", "geometry": {"type": "MultiPolygon", "coordinates": [[[[85.3376703, 28.1632498], [85.3376879, 28.1632317], [85.3377255, 28.1632601], [85.3377078, 28.1632782], [85.3376703, 28.1632498]]]]}, "properties": {"source": "hot-fair", "dmg": 1.0, "dmg_class": 3, "dmg_label": "Destroyed", "confidence": 0.9986, "bid": "854385624"}}, {"type": "Feature", "geometry": {"type": "MultiPolygon", "coordinates": [[[[85.3379109, 28.163605], [85.3379287, 28.1635624], [85.337995, 28.1635839], [85.3379772, 28.1636266], [85.3379109, 28.163605]]]]}, "properties": {"source": "hot-fair", "dmg": 1.0, "dmg_class": 3, "dmg_label": "Destroyed", "confidence": 0.9979, "bid": "1132149401"}}, {"type": "Feature", "geometry": {"type": "MultiPolygon", "coordinates": [[[[85.3379392, 28.1637931], [85.3379885, 28.1637353], [85.3380563, 28.1637802], [85.338007, 28.163838], [85.3379392, 28.1637931]]]]}, "properties": {"source": "hot-fair", "dmg": 1.0, "dmg_class": 3, "dmg_label": "Destroyed", "confidence": 0.9993, "bid": "769001602"}}, {"type": "Feature", "geometry": {"type": "MultiPolygon", "coordinates": [[[[85.3378487, 28.1637807], [85.3379104, 28.1637003], [85.3379625, 28.1637314], [85.3379008, 28.1638118], [85.3378487, 28.1637807]]]]}, "properties": {"source": "hot-fair", "dmg": 1.0, "dmg_class": 3, "dmg_label": "Destroyed", "confidence": 0.9994, "bid": "854385621"}}, {"type": "Feature", "geometry": {"type": "MultiPolygon", "coordinates": [[[[85.3379177, 28.1628659], [85.337938, 28.1628393], [85.3379639, 28.1628547], [85.3379435, 28.1628812], [85.3379177, 28.1628659]]]]}, "properties": {"source": "hot-fair", "dmg": 1.0, "dmg_class": 3, "dmg_label": "Destroyed", "confidence": 0.9733, "bid": "854115534"}}, {"type": "Feature", "geometry": {"type": "MultiPolygon", "coordinates": [[[[85.3378805, 28.1628407], [85.3379082, 28.1628112], [85.3379374, 28.1628325], [85.3379097, 28.162862], [85.3378805, 28.1628407]]]]}, "properties": {"source": "hot-fair", "dmg": 1.0, "dmg_class": 3, "dmg_label": "Destroyed", "confidence": 0.9806, "bid": "854115535"}}, {"type": "Feature", "geometry": {"type": "MultiPolygon", "coordinates": [[[[85.3378443, 28.1628103], [85.3378704, 28.1627843], [85.3378939, 28.1628026], [85.3378678, 28.1628286], [85.3378443, 28.1628103]]]]}, "properties": {"source": "hot-fair", "dmg": 1.0, "dmg_class": 3, "dmg_label": "Destroyed", "confidence": 0.9885, "bid": "854115536"}}, {"type": "Feature", "geometry": {"type": "MultiPolygon", "coordinates": [[[[85.3344677, 28.1630606], [85.3345318, 28.1630535], [85.3345492, 28.1631753], [85.3344852, 28.1631824], [85.3344677, 28.1630606]]]]}, "properties": {"source": "hot-fair", "dmg": 0.0, "dmg_class": 0, "dmg_label": "No damage", "confidence": 0.8489, "bid": "851001712"}}, {"type": "Feature", "geometry": {"type": "MultiPolygon", "coordinates": [[[[85.3346575, 28.1633822], [85.3347184, 28.1633311], [85.3347874, 28.1633949], [85.3347266, 28.1634461], [85.3346575, 28.1633822]]]]}, "properties": {"source": "hot-fair", "dmg": 0.3333333333333333, "dmg_class": 1, "dmg_label": "Minor damage", "confidence": 0.2392, "bid": "854115579"}}, {"type": "Feature", "geometry": {"type": "MultiPolygon", "coordinates": [[[[85.3358424, 28.1631883], [85.3358735, 28.1631514], [85.3359312, 28.1631893], [85.3359, 28.1632262], [85.3358424, 28.1631883]]]]}, "properties": {"source": "hot-fair", "dmg": 0.3333333333333333, "dmg_class": 1, "dmg_label": "Minor damage", "confidence": 0.1607, "bid": "854385669"}}, {"type": "Feature", "geometry": {"type": "MultiPolygon", "coordinates": [[[[85.335664, 28.1629507], [85.3356921, 28.1629304], [85.335729, 28.16297], [85.3357009, 28.1629903], [85.335664, 28.1629507]]]]}, "properties": {"source": "hot-fair", "dmg": 0.3333333333333333, "dmg_class": 1, "dmg_label": "Minor damage", "confidence": 0.1015, "bid": "854385664"}}, {"type": "Feature", "geometry": {"type": "MultiPolygon", "coordinates": [[[[85.3355996, 28.1630098], [85.3356204, 28.1629915], [85.335658, 28.1630246], [85.3356372, 28.1630429], [85.3355996, 28.1630098]]]]}, "properties": {"source": "hot-fair", "dmg": 0.3333333333333333, "dmg_class": 1, "dmg_label": "Minor damage", "confidence": 0.0761, "bid": "854385663"}}, {"type": "Feature", "geometry": {"type": "MultiPolygon", "coordinates": [[[[85.335548, 28.1629619], [85.3355696, 28.1629441], [85.3356098, 28.1629819], [85.3355882, 28.1629998], [85.335548, 28.1629619]]]]}, "properties": {"source": "hot-fair", "dmg": 0.3333333333333333, "dmg_class": 1, "dmg_label": "Minor damage", "confidence": 0.1207, "bid": "854385662"}}, {"type": "Feature", "geometry": {"type": "MultiPolygon", "coordinates": [[[[85.335495, 28.1629081], [85.3355116, 28.1628837], [85.3355598, 28.1629091], [85.3355433, 28.1629335], [85.335495, 28.1629081]]]]}, "properties": {"source": "hot-fair", "dmg": 0.6666666666666666, "dmg_class": 2, "dmg_label": "Major damage", "confidence": 0.3249, "bid": "854385661"}}, {"type": "Feature", "geometry": {"type": "MultiPolygon", "coordinates": [[[[85.3354441, 28.1628809], [85.3354636, 28.162848], [85.3355085, 28.1628687], [85.335489, 28.1629016], [85.3354441, 28.1628809]]]]}, "properties": {"source": "hot-fair", "dmg": 0.6666666666666666, "dmg_class": 2, "dmg_label": "Major damage", "confidence": 0.3397, "bid": "854385660"}}, {"type": "Feature", "geometry": {"type": "MultiPolygon", "coordinates": [[[[85.335369, 28.1626326], [85.3354281, 28.162607], [85.335475, 28.1626909], [85.3354159, 28.1627166], [85.335369, 28.1626326]]]]}, "properties": {"source": "hot-fair", "dmg": 0.3333333333333333, "dmg_class": 1, "dmg_label": "Minor damage", "confidence": 0.2209, "bid": "854385658"}}, {"type": "Feature", "geometry": {"type": "MultiPolygon", "coordinates": [[[[85.3352154, 28.1627556], [85.3352208, 28.1626971], [85.3352751, 28.162701], [85.3352697, 28.1627595], [85.3352154, 28.1627556]]]]}, "properties": {"source": "hot-fair", "dmg": 0.0, "dmg_class": 0, "dmg_label": "No damage", "confidence": 0.737, "bid": "854113168"}}, {"type": "Feature", "geometry": {"type": "MultiPolygon", "coordinates": [[[[85.3363171, 28.1634904], [85.3364008, 28.1634733], [85.3364162, 28.1635318], [85.3363325, 28.1635489], [85.3363171, 28.1634904]]]]}, "properties": {"source": "hot-fair", "dmg": 0.3333333333333333, "dmg_class": 1, "dmg_label": "Minor damage", "confidence": 0.3492, "bid": "854113193"}}, {"type": "Feature", "geometry": {"type": "MultiPolygon", "coordinates": [[[[85.3360596, 28.163396], [85.3360924, 28.1633895], [85.3361136, 28.163472], [85.3360809, 28.1634785], [85.3360596, 28.163396]]]]}, "properties": {"source": "hot-fair", "dmg": 0.3333333333333333, "dmg_class": 1, "dmg_label": "Minor damage", "confidence": 0.1975, "bid": "769001590"}}, {"type": "Feature", "geometry": {"type": "MultiPolygon", "coordinates": [[[[85.3358695, 28.163326], [85.3359192, 28.1632969], [85.3359689, 28.1633627], [85.3359332, 28.1633837], [85.3359193, 28.1633919], [85.3358695, 28.163326]]]]}, "properties": {"source": "hot-fair", "dmg": 0.6666666666666666, "dmg_class": 2, "dmg_label": "Major damage", "confidence": 0.0416, "bid": "854116028"}}, {"type": "Feature", "geometry": {"type": "MultiPolygon", "coordinates": [[[[85.3359332, 28.1633837], [85.3359689, 28.1633627], [85.3360152, 28.163424], [85.3359795, 28.1634449], [85.3359332, 28.1633837]]]]}, "properties": {"source": "hot-fair", "dmg": 0.3333333333333333, "dmg_class": 1, "dmg_label": "Minor damage", "confidence": 0.1657, "bid": "1132149391"}}, {"type": "Feature", "geometry": {"type": "MultiPolygon", "coordinates": [[[[85.3362958, 28.1639861], [85.3363555, 28.1639844], [85.336358, 28.1640508], [85.3362983, 28.1640526], [85.3362958, 28.1639861]]]]}, "properties": {"source": "hot-fair", "dmg": 0.3333333333333333, "dmg_class": 1, "dmg_label": "Minor damage", "confidence": 0.3567, "bid": "854113189"}}, {"type": "Feature", "geometry": {"type": "MultiPolygon", "coordinates": [[[[85.3363764, 28.163967], [85.3364394, 28.1639635], [85.3364452, 28.1640432], [85.3363822, 28.1640467], [85.3363764, 28.163967]]]]}, "properties": {"source": "hot-fair", "dmg": 0.3333333333333333, "dmg_class": 1, "dmg_label": "Minor damage", "confidence": 0.3457, "bid": "854113187"}}, {"type": "Feature", "geometry": {"type": "MultiPolygon", "coordinates": [[[[85.3375711, 28.1636305], [85.3376122, 28.1636063], [85.3376444, 28.1636489], [85.3376032, 28.1636731], [85.3375711, 28.1636305]]]]}, "properties": {"source": "hot-fair", "dmg": 1.0, "dmg_class": 3, "dmg_label": "Destroyed", "confidence": 0.999, "bid": "854385623"}}, {"type": "Feature", "geometry": {"type": "MultiPolygon", "coordinates": [[[[85.3376354, 28.1635815], [85.3376989, 28.1635199], [85.33778, 28.1635849], [85.3377166, 28.1636465], [85.3376354, 28.1635815]]]]}, "properties": {"source": "hot-fair", "dmg": 1.0, "dmg_class": 3, "dmg_label": "Destroyed", "confidence": 0.9991, "bid": "854113209"}}, {"type": "Feature", "geometry": {"type": "MultiPolygon", "coordinates": [[[[85.3377293, 28.1636565], [85.3377976, 28.1635886], [85.3378445, 28.1636252], [85.3377762, 28.1636932], [85.3377293, 28.1636565]]]]}, "properties": {"source": "hot-fair", "dmg": 1.0, "dmg_class": 3, "dmg_label": "Destroyed", "confidence": 0.9994, "bid": "854113208"}}, {"type": "Feature", "geometry": {"type": "MultiPolygon", "coordinates": [[[[85.3373799, 28.1634691], [85.3374365, 28.1633917], [85.3374855, 28.1634195], [85.3374289, 28.1634969], [85.3373799, 28.1634691]]]]}, "properties": {"source": "hot-fair", "dmg": 1.0, "dmg_class": 3, "dmg_label": "Destroyed", "confidence": 0.9986, "bid": "854113211"}}, {"type": "Feature", "geometry": {"type": "MultiPolygon", "coordinates": [[[[85.3430339, 28.1645162], [85.3430826, 28.1644629], [85.3431106, 28.1644827], [85.3430619, 28.1645361], [85.3430339, 28.1645162]]]]}, "properties": {"source": "hot-fair", "dmg": 1.0, "dmg_class": 3, "dmg_label": "Destroyed", "confidence": 0.9995, "bid": "1552750024"}}, {"type": "Feature", "geometry": {"type": "MultiPolygon", "coordinates": [[[[85.3437777, 28.1638844], [85.3438118, 28.1638562], [85.3438246, 28.1638682], [85.3437905, 28.1638964], [85.3437777, 28.1638844]]]]}, "properties": {"source": "hot-fair", "dmg": 1.0, "dmg_class": 3, "dmg_label": "Destroyed", "confidence": 0.9999, "bid": "344279100"}}, {"type": "Feature", "geometry": {"type": "MultiPolygon", "coordinates": [[[[85.3387405, 28.1643387], [85.338759, 28.1643103], [85.3388408, 28.1643517], [85.3388223, 28.1643801], [85.3387405, 28.1643387]]]]}, "properties": {"source": "hot-fair", "dmg": 1.0, "dmg_class": 3, "dmg_label": "Destroyed", "confidence": 0.9936, "bid": "854385619"}}, {"type": "Feature", "geometry": {"type": "MultiPolygon", "coordinates": [[[[85.3367126, 28.162302], [85.3367675, 28.1622928], [85.3367838, 28.1623607], [85.3367266, 28.16237], [85.3367126, 28.162302]]]]}, "properties": {"source": "hot-fair", "dmg": 1.0, "dmg_class": 3, "dmg_label": "Destroyed", "confidence": 0.9984, "bid": "1552886488"}}, {"type": "Feature", "geometry": {"type": "MultiPolygon", "coordinates": [[[[85.3436348, 28.1638842], [85.3437462, 28.1637984], [85.3437692, 28.1638217], [85.3436578, 28.1639074], [85.3436348, 28.1638842]]]]}, "properties": {"source": "hot-fair", "dmg": 1.0, "dmg_class": 3, "dmg_label": "Destroyed", "confidence": 0.9994, "bid": "850782568"}}, {"type": "Feature", "geometry": {"type": "MultiPolygon", "coordinates": [[[[85.3428577, 28.1648799], [85.3429052, 28.1648487], [85.3429287, 28.1648765], [85.3428812, 28.1649077], [85.3428577, 28.1648799]]]]}, "properties": {"source": "hot-fair", "dmg": 1.0, "dmg_class": 3, "dmg_label": "Destroyed", "confidence": 0.9997, "bid": "1552968646"}}, {"type": "Feature", "geometry": {"type": "MultiPolygon", "coordinates": [[[[85.3422636, 28.1645179], [85.3423414, 28.1644446], [85.3423937, 28.1644877], [85.3423159, 28.164561], [85.3422636, 28.1645179]]]]}, "properties": {"source": "hot-fair", "dmg": 1.0, "dmg_class": 3, "dmg_label": "Destroyed", "confidence": 0.9999, "bid": "1552968647"}}, {"type": "Feature", "geometry": {"type": "MultiPolygon", "coordinates": [[[[85.3423585, 28.1644465], [85.3424352, 28.1643742], [85.3424751, 28.1644071], [85.3423984, 28.1644794], [85.3423585, 28.1644465]]]]}, "properties": {"source": "hot-fair", "dmg": 1.0, "dmg_class": 3, "dmg_label": "Destroyed", "confidence": 0.9999, "bid": "1552968648"}}, {"type": "Feature", "geometry": {"type": "MultiPolygon", "coordinates": [[[[85.3423662, 28.1642666], [85.342404, 28.164231], [85.3424808, 28.1642944], [85.342443, 28.16433], [85.3423662, 28.1642666]]]]}, "properties": {"source": "hot-fair", "dmg": 1.0, "dmg_class": 3, "dmg_label": "Destroyed", "confidence": 0.9997, "bid": "1552968649"}}, {"type": "Feature", "geometry": {"type": "MultiPolygon", "coordinates": [[[[85.3427041, 28.1644091], [85.3427947, 28.1644091], [85.3427947, 28.1644717], [85.3427041, 28.1644717], [85.3427041, 28.1644091]]]]}, "properties": {"source": "hot-fair", "dmg": 1.0, "dmg_class": 3, "dmg_label": "Destroyed", "confidence": 0.9999, "bid": "1552968650"}}, {"type": "Feature", "geometry": {"type": "MultiPolygon", "coordinates": [[[[85.3342299, 28.1620696], [85.3342805, 28.1620525], [85.3343302, 28.1621665], [85.3342796, 28.1621836], [85.3342299, 28.1620696]]]]}, "properties": {"source": "hot-fair", "dmg": 0.0, "dmg_class": 0, "dmg_label": "No damage", "confidence": 0.7963, "bid": "854116032"}}, {"type": "Feature", "geometry": {"type": "MultiPolygon", "coordinates": [[[[85.3435417, 28.1639462], [85.3435983, 28.1639026], [85.3436268, 28.1639314], [85.3435702, 28.163975], [85.3435417, 28.1639462]]]]}, "properties": {"source": "hot-fair", "dmg": 1.0, "dmg_class": 3, "dmg_label": "Destroyed", "confidence": 0.9986, "bid": "1552966816"}}, {"type": "Feature", "geometry": {"type": "MultiPolygon", "coordinates": [[[[85.3436213, 28.1640564], [85.3436516, 28.164027], [85.343684, 28.164053], [85.3436537, 28.1640824], [85.3436213, 28.1640564]]]]}, "properties": {"source": "hot-fair", "dmg": 1.0, "dmg_class": 3, "dmg_label": "Destroyed", "confidence": 0.9998, "bid": "344279073"}}, {"type": "Feature", "geometry": {"type": "MultiPolygon", "coordinates": [[[[85.3343329, 28.162789], [85.3343892, 28.1627789], [85.3344067, 28.1628544], [85.3343504, 28.1628645], [85.3343329, 28.162789]]]]}, "properties": {"source": "hot-fair", "dmg": 0.3333333333333333, "dmg_class": 1, "dmg_label": "Minor damage", "confidence": 0.0724, "bid": "1552968619"}}, {"type": "Feature", "geometry": {"type": "MultiPolygon", "coordinates": [[[[85.335129, 28.1622107], [85.3351628, 28.1621745], [85.3351903, 28.1621945], [85.3351565, 28.1622307], [85.335129, 28.1622107]]]]}, "properties": {"source": "hot-fair", "dmg": 0.0, "dmg_class": 0, "dmg_label": "No damage", "confidence": 0.7993, "bid": "1552968622"}}, {"type": "Feature", "geometry": {"type": "MultiPolygon", "coordinates": [[[[85.3426914, 28.1648464], [85.3427775, 28.1648397], [85.3427826, 28.164891], [85.3426965, 28.1648977], [85.3426914, 28.1648464]]]]}, "properties": {"source": "hot-fair", "dmg": 1.0, "dmg_class": 3, "dmg_label": "Destroyed", "confidence": 0.9997, "bid": "1162337477"}}, {"type": "Feature", "geometry": {"type": "MultiPolygon", "coordinates": [[[[85.3416762, 28.1665448], [85.3417733, 28.1665135], [85.3418752, 28.1667594], [85.3417781, 28.1667907], [85.3416762, 28.1665448]]]]}, "properties": {"source": "hot-fair", "dmg": 1.0, "dmg_class": 3, "dmg_label": "Destroyed", "confidence": 0.9172, "bid": "760438589"}}, {"type": "Feature", "geometry": {"type": "MultiPolygon", "coordinates": [[[[85.3423226, 28.1645682], [85.3423766, 28.1645195], [85.3424472, 28.1645804], [85.3423932, 28.1646291], [85.3423226, 28.1645682]]]]}, "properties": {"source": "hot-fair", "dmg": 1.0, "dmg_class": 3, "dmg_label": "Destroyed", "confidence": 0.9999, "bid": "344279090"}}, {"type": "Feature", "geometry": {"type": "MultiPolygon", "coordinates": [[[[85.3433077, 28.1641511], [85.3433656, 28.1640955], [85.3434098, 28.1641313], [85.3433519, 28.1641869], [85.3433077, 28.1641511]]]]}, "properties": {"source": "hot-fair", "dmg": 1.0, "dmg_class": 3, "dmg_label": "Destroyed", "confidence": 0.9988, "bid": "344279082"}}, {"type": "Feature", "geometry": {"type": "MultiPolygon", "coordinates": [[[[85.343373, 28.1640884], [85.3434548, 28.1640155], [85.343507, 28.164061], [85.3434252, 28.1641339], [85.343373, 28.1640884]]]]}, "properties": {"source": "hot-fair", "dmg": 1.0, "dmg_class": 3, "dmg_label": "Destroyed", "confidence": 0.9993, "bid": "344279075"}}, {"type": "Feature", "geometry": {"type": "MultiPolygon", "coordinates": [[[[85.3436208, 28.1642678], [85.3436779, 28.1642162], [85.3437513, 28.1642794], [85.3436942, 28.164331], [85.3436208, 28.1642678]]]]}, "properties": {"source": "hot-fair", "dmg": 1.0, "dmg_class": 3, "dmg_label": "Destroyed", "confidence": 0.9986, "bid": "344279067"}}, {"type": "Feature", "geometry": {"type": "MultiPolygon", "coordinates": [[[[85.3434928, 28.1641337], [85.3435394, 28.1641005], [85.3435643, 28.1641276], [85.3435176, 28.1641609], [85.3434928, 28.1641337]]]]}, "properties": {"source": "hot-fair", "dmg": 1.0, "dmg_class": 3, "dmg_label": "Destroyed", "confidence": 0.9997, "bid": "344279096"}}, {"type": "Feature", "geometry": {"type": "MultiPolygon", "coordinates": [[[[85.3431144, 28.1646202], [85.3431364, 28.1645919], [85.3432018, 28.1646312], [85.3432226, 28.1646044], [85.3431773, 28.1645771], [85.3432018, 28.1645453], [85.3432777, 28.1645909], [85.3432104, 28.1646779], [85.3431144, 28.1646202]]]]}, "properties": {"source": "hot-fair", "dmg": 1.0, "dmg_class": 3, "dmg_label": "Destroyed", "confidence": 0.9998, "bid": "344279083"}}, {"type": "Feature", "geometry": {"type": "MultiPolygon", "coordinates": [[[[85.3436581, 28.1687738], [85.3436909, 28.16877], [85.343697, 28.1688115], [85.3436641, 28.1688152], [85.3436581, 28.1687738]]]]}, "properties": {"source": "hot-fair", "dmg": 0.6666666666666666, "dmg_class": 2, "dmg_label": "Major damage", "confidence": 0.2226, "bid": "344279080"}}, {"type": "Feature", "geometry": {"type": "MultiPolygon", "coordinates": [[[[85.3430494, 28.1643267], [85.3431349, 28.1642508], [85.3431934, 28.1643021], [85.3431079, 28.164378], [85.3430494, 28.1643267]]]]}, "properties": {"source": "hot-fair", "dmg": 1.0, "dmg_class": 3, "dmg_label": "Destroyed", "confidence": 0.9999, "bid": "344279076"}}, {"type": "Feature", "geometry": {"type": "MultiPolygon", "coordinates": [[[[85.343556, 28.1640899], [85.3435968, 28.1640645], [85.343622, 28.1640958], [85.3435812, 28.1641212], [85.343556, 28.1640899]]]]}, "properties": {"source": "hot-fair", "dmg": 1.0, "dmg_class": 3, "dmg_label": "Destroyed", "confidence": 0.9998, "bid": "344279068"}}, {"type": "Feature", "geometry": {"type": "MultiPolygon", "coordinates": [[[[85.3343227, 28.1623901], [85.3343732, 28.162359], [85.3344402, 28.1624435], [85.3343898, 28.1624746], [85.3343227, 28.1623901]]]]}, "properties": {"source": "hot-fair", "dmg": 0.3333333333333333, "dmg_class": 1, "dmg_label": "Minor damage", "confidence": 0.0408, "bid": "854115569"}}, {"type": "Feature", "geometry": {"type": "MultiPolygon", "coordinates": [[[[85.3434686, 28.1678496], [85.3434907, 28.1678219], [85.3435517, 28.1678597], [85.3435296, 28.1678874], [85.3434686, 28.1678496]]]]}, "properties": {"source": "hot-fair", "dmg": 0.3333333333333333, "dmg_class": 1, "dmg_label": "Minor damage", "confidence": 0.1671, "bid": "850782575"}}, {"type": "Feature", "geometry": {"type": "MultiPolygon", "coordinates": [[[[85.3433686, 28.1644085], [85.3434162, 28.1643557], [85.3434493, 28.1643788], [85.3434016, 28.1644316], [85.3433686, 28.1644085]]]]}, "properties": {"source": "hot-fair", "dmg": 1.0, "dmg_class": 3, "dmg_label": "Destroyed", "confidence": 0.9979, "bid": "850782573"}}, {"type": "Feature", "geometry": {"type": "MultiPolygon", "coordinates": [[[[85.3430495, 28.1646621], [85.3430762, 28.1646334], [85.3431251, 28.1646689], [85.3430984, 28.1646976], [85.3430495, 28.1646621]]]]}, "properties": {"source": "hot-fair", "dmg": 1.0, "dmg_class": 3, "dmg_label": "Destroyed", "confidence": 0.9996, "bid": "850782569"}}, {"type": "Feature", "geometry": {"type": "MultiPolygon", "coordinates": [[[[85.3428858, 28.1649494], [85.3429348, 28.164943], [85.3429455, 28.1650068], [85.3428966, 28.1650132], [85.3428858, 28.1649494]]]]}, "properties": {"source": "hot-fair", "dmg": 1.0, "dmg_class": 3, "dmg_label": "Destroyed", "confidence": 0.999, "bid": "760438590"}}, {"type": "Feature", "geometry": {"type": "MultiPolygon", "coordinates": [[[[85.34185, 28.1665245], [85.3419334, 28.1664943], [85.3419764, 28.1665865], [85.3418929, 28.1666167], [85.34185, 28.1665245]]]]}, "properties": {"source": "hot-fair", "dmg": 1.0, "dmg_class": 3, "dmg_label": "Destroyed", "confidence": 0.998, "bid": "760438587"}}, {"type": "Feature", "geometry": {"type": "MultiPolygon", "coordinates": [[[[85.3434136, 28.1641984], [85.3434779, 28.1641483], [85.3435265, 28.1641968], [85.3434622, 28.1642469], [85.3434136, 28.1641984]]]]}, "properties": {"source": "hot-fair", "dmg": 1.0, "dmg_class": 3, "dmg_label": "Destroyed", "confidence": 0.9994, "bid": "344279104"}}, {"type": "Feature", "geometry": {"type": "MultiPolygon", "coordinates": [[[[85.3426687, 28.164198], [85.3427334, 28.1641964], [85.3427356, 28.164265], [85.3426709, 28.1642667], [85.3426687, 28.164198]]]]}, "properties": {"source": "hot-fair", "dmg": 1.0, "dmg_class": 3, "dmg_label": "Destroyed", "confidence": 0.9997, "bid": "344279095"}}, {"type": "Feature", "geometry": {"type": "MultiPolygon", "coordinates": [[[[85.3435595, 28.1687885], [85.3435955, 28.1687853], [85.3436001, 28.1688254], [85.343564, 28.1688286], [85.3435595, 28.1687885]]]]}, "properties": {"source": "hot-fair", "dmg": 0.6666666666666666, "dmg_class": 2, "dmg_label": "Major damage", "confidence": 0.2365, "bid": "344279091"}}, {"type": "Feature", "geometry": {"type": "MultiPolygon", "coordinates": [[[[85.3432077, 28.1643743], [85.3432328, 28.1643486], [85.3432709, 28.1643775], [85.3432459, 28.1644032], [85.3432077, 28.1643743]]]]}, "properties": {"source": "hot-fair", "dmg": 1.0, "dmg_class": 3, "dmg_label": "Destroyed", "confidence": 0.9989, "bid": "344279088"}}, {"type": "Feature", "geometry": {"type": "MultiPolygon", "coordinates": [[[[85.3426369, 28.1647171], [85.3426451, 28.1646817], [85.3427244, 28.164696], [85.3427003, 28.1648], [85.3426562, 28.1647921], [85.3426721, 28.1647235], [85.3426369, 28.1647171]]]]}, "properties": {"source": "hot-fair", "dmg": 1.0, "dmg_class": 3, "dmg_label": "Destroyed", "confidence": 0.9998, "bid": "344279081"}}, {"type": "Feature", "geometry": {"type": "MultiPolygon", "coordinates": [[[[85.3424084, 28.1646417], [85.3424653, 28.164594], [85.342526, 28.1646502], [85.3424691, 28.1646979], [85.3424084, 28.1646417]]]]}, "properties": {"source": "hot-fair", "dmg": 1.0, "dmg_class": 3, "dmg_label": "Destroyed", "confidence": 0.9998, "bid": "344279079"}}, {"type": "Feature", "geometry": {"type": "MultiPolygon", "coordinates": [[[[85.3428676, 28.1647509], [85.3429159, 28.1647419], [85.3429341, 28.1648182], [85.3428858, 28.1648271], [85.3428676, 28.1647509]]]]}, "properties": {"source": "hot-fair", "dmg": 1.0, "dmg_class": 3, "dmg_label": "Destroyed", "confidence": 0.9995, "bid": "344279077"}}, {"type": "Feature", "geometry": {"type": "MultiPolygon", "coordinates": [[[[85.3424462, 28.1648249], [85.3424799, 28.1647747], [85.3425876, 28.1648309], [85.3425539, 28.1648811], [85.3424462, 28.1648249]]]]}, "properties": {"source": "hot-fair", "dmg": 1.0, "dmg_class": 3, "dmg_label": "Destroyed", "confidence": 0.9991, "bid": "344279072"}}, {"type": "Feature", "geometry": {"type": "MultiPolygon", "coordinates": [[[[85.3435078, 28.1642776], [85.3435344, 28.1642528], [85.3435646, 28.164278], [85.343538, 28.1643028], [85.3435078, 28.1642776]]]]}, "properties": {"source": "hot-fair", "dmg": 1.0, "dmg_class": 3, "dmg_label": "Destroyed", "confidence": 0.9973, "bid": "344279069"}}, {"type": "Feature", "geometry": {"type": "MultiPolygon", "coordinates": [[[[85.3431417, 28.1642382], [85.343207, 28.1641811], [85.3432651, 28.1642328], [85.3431997, 28.1642898], [85.3431417, 28.1642382]]]]}, "properties": {"source": "hot-fair", "dmg": 1.0, "dmg_class": 3, "dmg_label": "Destroyed", "confidence": 0.9998, "bid": "344279066"}}, {"type": "Feature", "geometry": {"type": "MultiPolygon", "coordinates": [[[[85.3362155, 28.1636266], [85.3362184, 28.1635852], [85.3362665, 28.1635879], [85.3362636, 28.1636292], [85.3362155, 28.1636266]]]]}, "properties": {"source": "hot-fair", "dmg": 0.3333333333333333, "dmg_class": 1, "dmg_label": "Minor damage", "confidence": 0.2235, "bid": "1552970701"}}, {"type": "Feature", "geometry": {"type": "MultiPolygon", "coordinates": [[[[85.3360037, 28.1638065], [85.3360324, 28.1637456], [85.3360766, 28.1637618], [85.3360479, 28.1638227], [85.3360037, 28.1638065]]]]}, "properties": {"source": "hot-fair", "dmg": 0.3333333333333333, "dmg_class": 1, "dmg_label": "Minor damage", "confidence": 0.1349, "bid": "1552970702"}}, {"type": "Feature", "geometry": {"type": "MultiPolygon", "coordinates": [[[[85.3360361, 28.1636202], [85.3360408, 28.1635712], [85.3360817, 28.1635742], [85.3360771, 28.1636232], [85.3360361, 28.1636202]]]]}, "properties": {"source": "hot-fair", "dmg": 0.3333333333333333, "dmg_class": 1, "dmg_label": "Minor damage", "confidence": 0.3523, "bid": "1552970703"}}, {"type": "Feature", "geometry": {"type": "MultiPolygon", "coordinates": [[[[85.336201, 28.1633469], [85.3362394, 28.1633414], [85.3362469, 28.1633815], [85.3362623, 28.1633793], [85.3362712, 28.1634271], [85.3362173, 28.1634349], [85.336201, 28.1633469]]]]}, "properties": {"source": "hot-fair", "dmg": 0.6666666666666666, "dmg_class": 2, "dmg_label": "Major damage", "confidence": 0.2112, "bid": "1552970704"}}, {"type": "Feature", "geometry": {"type": "MultiPolygon", "coordinates": [[[[85.3361359, 28.1629124], [85.3361931, 28.1628848], [85.3362121, 28.1629154], [85.336155, 28.162943], [85.3361359, 28.1629124]]]]}, "properties": {"source": "hot-fair", "dmg": 0.0, "dmg_class": 0, "dmg_label": "No damage", "confidence": 0.6878, "bid": "1552970705"}}, {"type": "Feature", "geometry": {"type": "MultiPolygon", "coordinates": [[[[85.3354862, 28.1627463], [85.3355232, 28.1627027], [85.3355678, 28.1627321], [85.3355807, 28.1627168], [85.33569, 28.1627889], [85.3356216, 28.1628696], [85.3355019, 28.1627907], [85.3355204, 28.1627689], [85.3354862, 28.1627463]]]]}, "properties": {"source": "hot-fair", "dmg": 0.3333333333333333, "dmg_class": 1, "dmg_label": "Minor damage", "confidence": 0.1982, "bid": "1552970706"}}, {"type": "Feature", "geometry": {"type": "MultiPolygon", "coordinates": [[[[85.336148, 28.1637257], [85.3361637, 28.1636233], [85.3362643, 28.1636353], [85.3362487, 28.1637377], [85.336148, 28.1637257]]]]}, "properties": {"source": "hot-fair", "dmg": 0.3333333333333333, "dmg_class": 1, "dmg_label": "Minor damage", "confidence": 0.2019, "bid": "769001588"}}, {"type": "Feature", "geometry": {"type": "MultiPolygon", "coordinates": [[[[85.3360903, 28.1635132], [85.3361216, 28.1635109], [85.3361254, 28.163552], [85.3360942, 28.1635543], [85.3360903, 28.1635132]]]]}, "properties": {"source": "hot-fair", "dmg": 0.3333333333333333, "dmg_class": 1, "dmg_label": "Minor damage", "confidence": 0.2369, "bid": "854385673"}}, {"type": "Feature", "geometry": {"type": "MultiPolygon", "coordinates": [[[[85.3356831, 28.1625792], [85.3357048, 28.1625494], [85.3358185, 28.1626137], [85.3357969, 28.1626434], [85.3356831, 28.1625792]]]]}, "properties": {"source": "hot-fair", "dmg": 0.3333333333333333, "dmg_class": 1, "dmg_label": "Minor damage", "confidence": 0.0424, "bid": "854385657"}}, {"type": "Feature", "geometry": {"type": "MultiPolygon", "coordinates": [[[[85.3362044, 28.1630186], [85.3362819, 28.1629726], [85.3363261, 28.1630305], [85.3362487, 28.1630765], [85.3362044, 28.1630186]]]]}, "properties": {"source": "hot-fair", "dmg": 0.6666666666666666, "dmg_class": 2, "dmg_label": "Major damage", "confidence": 0.1949, "bid": "853760516"}}, {"type": "Feature", "geometry": {"type": "MultiPolygon", "coordinates": [[[[85.3351021, 28.1639292], [85.3351519, 28.1638976], [85.3352018, 28.1639586], [85.3351519, 28.1639902], [85.3351021, 28.1639292]]]]}, "properties": {"source": "hot-fair", "dmg": 0.6666666666666666, "dmg_class": 2, "dmg_label": "Major damage", "confidence": 0.6425, "bid": "769001584"}}, {"type": "Feature", "geometry": {"type": "MultiPolygon", "coordinates": [[[[85.3362769, 28.1635891], [85.3364331, 28.1635844], [85.336436, 28.1636587], [85.3362798, 28.1636634], [85.3362769, 28.1635891]]]]}, "properties": {"source": "hot-fair", "dmg": 0.3333333333333333, "dmg_class": 1, "dmg_label": "Minor damage", "confidence": 0.2572, "bid": "854113192"}}, {"type": "Feature", "geometry": {"type": "MultiPolygon", "coordinates": [[[[85.3360195, 28.1628204], [85.3361188, 28.1627953], [85.3361417, 28.1628655], [85.3360423, 28.1628907], [85.3360195, 28.1628204]]]]}, "properties": {"source": "hot-fair", "dmg": 0.3333333333333333, "dmg_class": 1, "dmg_label": "Minor damage", "confidence": 0.2581, "bid": "853760521"}}, {"type": "Feature", "geometry": {"type": "MultiPolygon", "coordinates": [[[[85.3425761, 28.1643532], [85.3425948, 28.1643106], [85.3426692, 28.1643361], [85.3426505, 28.1643787], [85.3425761, 28.1643532]]]]}, "properties": {"source": "hot-fair", "dmg": 1.0, "dmg_class": 3, "dmg_label": "Destroyed", "confidence": 0.9998, "bid": "1162337471"}}, {"type": "Feature", "geometry": {"type": "MultiPolygon", "coordinates": [[[[85.3418513, 28.1673743], [85.341875, 28.167352], [85.3418934, 28.1673672], [85.3418697, 28.1673895], [85.3418513, 28.1673743]]]]}, "properties": {"source": "hot-fair", "dmg": 0.6666666666666666, "dmg_class": 2, "dmg_label": "Major damage", "confidence": 0.0451, "bid": "1132149386"}}, {"type": "Feature", "geometry": {"type": "MultiPolygon", "coordinates": [[[[85.3361529, 28.1622886], [85.3361815, 28.1622651], [85.3362203, 28.1623017], [85.3361917, 28.1623253], [85.3361529, 28.1622886]]]]}, "properties": {"source": "hot-fair", "dmg": 0.6666666666666666, "dmg_class": 2, "dmg_label": "Major damage", "confidence": 0.2297, "bid": "854385633"}}, {"type": "Feature", "geometry": {"type": "MultiPolygon", "coordinates": [[[[85.3428675, 28.1650999], [85.3428779, 28.1650599], [85.3429056, 28.1650655], [85.3428951, 28.1651055], [85.3428675, 28.1650999]]]]}, "properties": {"source": "hot-fair", "dmg": 1.0, "dmg_class": 3, "dmg_label": "Destroyed", "confidence": 0.9917, "bid": "1162337474"}}, {"type": "Feature", "geometry": {"type": "MultiPolygon", "coordinates": [[[[85.3423565, 28.1643586], [85.342396, 28.1643213], [85.3424383, 28.1643562], [85.3423987, 28.1643934], [85.3423565, 28.1643586]]]]}, "properties": {"source": "hot-fair", "dmg": 1.0, "dmg_class": 3, "dmg_label": "Destroyed", "confidence": 0.9999, "bid": "1162337472"}}, {"type": "Feature", "geometry": {"type": "MultiPolygon", "coordinates": [[[[85.3346505, 28.1620073], [85.334668, 28.161992], [85.3346989, 28.1620195], [85.3346814, 28.1620348], [85.3346505, 28.1620073]]]]}, "properties": {"source": "hot-fair", "dmg": 0.0, "dmg_class": 0, "dmg_label": "No damage", "confidence": 0.934, "bid": "854116031"}}, {"type": "Feature", "geometry": {"type": "MultiPolygon", "coordinates": [[[[85.3428418, 28.1652503], [85.3428453, 28.165215], [85.3428743, 28.1652172], [85.3428708, 28.1652525], [85.3428418, 28.1652503]]]]}, "properties": {"source": "hot-fair", "dmg": 1.0, "dmg_class": 3, "dmg_label": "Destroyed", "confidence": 0.9606, "bid": "1162337476"}}, {"type": "Feature", "geometry": {"type": "MultiPolygon", "coordinates": [[[[85.3425954, 28.1648143], [85.3426135, 28.1647908], [85.3426492, 28.1648121], [85.3426312, 28.1648356], [85.3425954, 28.1648143]]]]}, "properties": {"source": "hot-fair", "dmg": 1.0, "dmg_class": 3, "dmg_label": "Destroyed", "confidence": 0.9996, "bid": "1162337473"}}, {"type": "Feature", "geometry": {"type": "MultiPolygon", "coordinates": [[[[85.3417354, 28.1655718], [85.3417669, 28.1655421], [85.3418214, 28.1655869], [85.3417899, 28.1656166], [85.3417354, 28.1655718]]]]}, "properties": {"source": "hot-fair", "dmg": 1.0, "dmg_class": 3, "dmg_label": "Destroyed", "confidence": 0.9976, "bid": "507471921"}}, {"type": "Feature", "geometry": {"type": "MultiPolygon", "coordinates": [[[[85.3424804, 28.164466], [85.3425302, 28.1644286], [85.3426, 28.1645009], [85.3425502, 28.1645382], [85.3424804, 28.164466]]]]}, "properties": {"source": "hot-fair", "dmg": 1.0, "dmg_class": 3, "dmg_label": "Destroyed", "confidence": 0.9998, "bid": "344279102"}}, {"type": "Feature", "geometry": {"type": "MultiPolygon", "coordinates": [[[[85.3435938, 28.1642085], [85.3436433, 28.164173], [85.343664, 28.1641954], [85.3436145, 28.1642309], [85.3435938, 28.1642085]]]]}, "properties": {"source": "hot-fair", "dmg": 1.0, "dmg_class": 3, "dmg_label": "Destroyed", "confidence": 0.9999, "bid": "344279093"}}, {"type": "Feature", "geometry": {"type": "MultiPolygon", "coordinates": [[[[85.3424798, 28.1647025], [85.3425344, 28.1646555], [85.3425981, 28.164713], [85.3425435, 28.16476], [85.3424798, 28.1647025]]]]}, "properties": {"source": "hot-fair", "dmg": 1.0, "dmg_class": 3, "dmg_label": "Destroyed", "confidence": 0.9999, "bid": "344279086"}}, {"type": "Feature", "geometry": {"type": "MultiPolygon", "coordinates": [[[[85.3432957, 28.1645346], [85.3433357, 28.1644746], [85.343382, 28.1644986], [85.343342, 28.1645586], [85.3432957, 28.1645346]]]]}, "properties": {"source": "hot-fair", "dmg": 1.0, "dmg_class": 3, "dmg_label": "Destroyed", "confidence": 0.9982, "bid": "344279078"}}, {"type": "Feature", "geometry": {"type": "MultiPolygon", "coordinates": [[[[85.3430386, 28.1645869], [85.3430811, 28.1645414], [85.3431223, 28.1645713], [85.3430798, 28.1646168], [85.3430386, 28.1645869]]]]}, "properties": {"source": "hot-fair", "dmg": 1.0, "dmg_class": 3, "dmg_label": "Destroyed", "confidence": 0.9996, "bid": "344279070"}}, {"type": "Feature", "geometry": {"type": "MultiPolygon", "coordinates": [[[[85.3429046, 28.1645609], [85.3430084, 28.1645025], [85.3430482, 28.1645576], [85.3429444, 28.164616], [85.3429046, 28.1645609]]]]}, "properties": {"source": "hot-fair", "dmg": 1.0, "dmg_class": 3, "dmg_label": "Destroyed", "confidence": 0.9987, "bid": "344279061"}}, {"type": "Feature", "geometry": {"type": "MultiPolygon", "coordinates": [[[[85.3428196, 28.165083], [85.3428248, 28.1650445], [85.3428589, 28.1650481], [85.3428537, 28.1650866], [85.3428196, 28.165083]]]]}, "properties": {"source": "hot-fair", "dmg": 1.0, "dmg_class": 3, "dmg_label": "Destroyed", "confidence": 0.9928, "bid": "1162337475"}}, {"type": "Feature", "geometry": {"type": "MultiPolygon", "coordinates": [[[[85.3354353, 28.1634071], [85.3354788, 28.1633702], [85.3355298, 28.1634169], [85.3354863, 28.1634538], [85.3354353, 28.1634071]]]]}, "properties": {"source": "hot-fair", "dmg": 0.3333333333333333, "dmg_class": 1, "dmg_label": "Minor damage", "confidence": 0.0758, "bid": "854115583"}}, {"type": "Feature", "geometry": {"type": "MultiPolygon", "coordinates": [[[[85.343838, 28.1679093], [85.3438702, 28.167849], [85.3438969, 28.16786], [85.3438647, 28.1679203], [85.343838, 28.1679093]]]]}, "properties": {"source": "hot-fair", "dmg": 0.6666666666666666, "dmg_class": 2, "dmg_label": "Major damage", "confidence": 0.3328, "bid": "850782574"}}, {"type": "Feature", "geometry": {"type": "MultiPolygon", "coordinates": [[[[85.3429254, 28.1648448], [85.3429669, 28.1648349], [85.3429763, 28.1648657], [85.3429348, 28.1648755], [85.3429254, 28.1648448]]]]}, "properties": {"source": "hot-fair", "dmg": 1.0, "dmg_class": 3, "dmg_label": "Destroyed", "confidence": 0.9995, "bid": "850782570"}}, {"type": "Feature", "geometry": {"type": "MultiPolygon", "coordinates": [[[[85.3419357, 28.1667771], [85.3420196, 28.1667536], [85.3420572, 28.1668576], [85.3419733, 28.1668812], [85.3419357, 28.1667771]]]]}, "properties": {"source": "hot-fair", "dmg": 1.0, "dmg_class": 3, "dmg_label": "Destroyed", "confidence": 0.995, "bid": "760438588"}}, {"type": "Feature", "geometry": {"type": "MultiPolygon", "coordinates": [[[[85.3358661, 28.1624607], [85.3359964, 28.1623596], [85.3360802, 28.1624435], [85.3360247, 28.1624866], [85.3360553, 28.1625172], [85.336019, 28.1625453], [85.3360024, 28.1625287], [85.3359638, 28.1625586], [85.3359313, 28.1625261], [85.3359181, 28.1625364], [85.3358815, 28.1624998], [85.3358948, 28.1624895], [85.3358661, 28.1624607]]]]}, "properties": {"source": "hot-fair", "dmg": 0.6666666666666666, "dmg_class": 2, "dmg_label": "Major damage", "confidence": 0.3611, "bid": "851001708"}}, {"type": "Feature", "geometry": {"type": "MultiPolygon", "coordinates": [[[[85.3361101, 28.163786], [85.3361202, 28.1637394], [85.3361451, 28.1637435], [85.3361478, 28.1637309], [85.3362389, 28.1637463], [85.336226, 28.1638056], [85.3361101, 28.163786]]]]}, "properties": {"source": "hot-fair", "dmg": 0.0, "dmg_class": 0, "dmg_label": "No damage", "confidence": 0.7488, "bid": "854113184"}}, {"type": "Feature", "geometry": {"type": "MultiPolygon", "coordinates": [[[[85.3347104, 28.1634629], [85.334807, 28.163458], [85.3348113, 28.1635234], [85.3348598, 28.1635209], [85.3348631, 28.1635723], [85.3347786, 28.1635765], [85.3347774, 28.1635575], [85.3347337, 28.1635597], [85.3347315, 28.1635256], [85.3347145, 28.1635265], [85.3347104, 28.1634629]]]]}, "properties": {"source": "hot-fair", "dmg": 0.6666666666666666, "dmg_class": 2, "dmg_label": "Major damage", "confidence": 0.5819, "bid": "854115567"}}, {"type": "Feature", "geometry": {"type": "MultiPolygon", "coordinates": [[[[85.3360669, 28.1633019], [85.3361044, 28.163276], [85.3361333, 28.1633085], [85.3360957, 28.1633344], [85.3360669, 28.1633019]]]]}, "properties": {"source": "hot-fair", "dmg": 0.3333333333333333, "dmg_class": 1, "dmg_label": "Minor damage", "confidence": 0.1395, "bid": "854385671"}}, {"type": "Feature", "geometry": {"type": "MultiPolygon", "coordinates": [[[[85.3360172, 28.1638646], [85.3360632, 28.1638614], [85.3360687, 28.1639225], [85.3360227, 28.1639258], [85.3360172, 28.1638646]]]]}, "properties": {"source": "hot-fair", "dmg": 0.0, "dmg_class": 0, "dmg_label": "No damage", "confidence": 0.8442, "bid": "854113191"}}, {"type": "Feature", "geometry": {"type": "MultiPolygon", "coordinates": [[[[85.3362746, 28.163119], [85.3363307, 28.1630848], [85.3363669, 28.1631309], [85.3363109, 28.1631652], [85.3362746, 28.163119]]]]}, "properties": {"source": "hot-fair", "dmg": 0.6666666666666666, "dmg_class": 2, "dmg_label": "Major damage", "confidence": 0.2508, "bid": "853760517"}}, {"type": "Feature", "geometry": {"type": "MultiPolygon", "coordinates": [[[[85.3360413, 28.1635039], [85.3360764, 28.1635023], [85.3360801, 28.1635642], [85.3360449, 28.1635659], [85.3360413, 28.1635039]]]]}, "properties": {"source": "hot-fair", "dmg": 0.3333333333333333, "dmg_class": 1, "dmg_label": "Minor damage", "confidence": 0.2971, "bid": "854385674"}}, {"type": "Feature", "geometry": {"type": "MultiPolygon", "coordinates": [[[[85.3359962, 28.1637294], [85.3360148, 28.163624], [85.3361166, 28.1636379], [85.3360981, 28.1637433], [85.3359962, 28.1637294]]]]}, "properties": {"source": "hot-fair", "dmg": 0.3333333333333333, "dmg_class": 1, "dmg_label": "Minor damage", "confidence": 0.2989, "bid": "854385672"}}, {"type": "Feature", "geometry": {"type": "MultiPolygon", "coordinates": [[[[85.3362269, 28.1631777], [85.3362444, 28.1631663], [85.3362786, 28.1632071], [85.3362611, 28.1632185], [85.3362269, 28.1631777]]]]}, "properties": {"source": "hot-fair", "dmg": 0.6666666666666666, "dmg_class": 2, "dmg_label": "Major damage", "confidence": 0.5296, "bid": "854385666"}}, {"type": "Feature", "geometry": {"type": "MultiPolygon", "coordinates": [[[[85.3362961, 28.1633859], [85.3363569, 28.163373], [85.3363776, 28.1634495], [85.3363168, 28.1634623], [85.3362961, 28.1633859]]]]}, "properties": {"source": "hot-fair", "dmg": 0.6666666666666666, "dmg_class": 2, "dmg_label": "Major damage", "confidence": 0.4284, "bid": "854113194"}}, {"type": "Feature", "geometry": {"type": "MultiPolygon", "coordinates": [[[[85.3359676, 28.1637773], [85.3359906, 28.1637288], [85.3360295, 28.1637431], [85.3360064, 28.1637916], [85.3359676, 28.1637773]]]]}, "properties": {"source": "hot-fair", "dmg": 0.3333333333333333, "dmg_class": 1, "dmg_label": "Minor damage", "confidence": 0.1852, "bid": "854113190"}}, {"type": "Feature", "geometry": {"type": "MultiPolygon", "coordinates": [[[[85.3361453, 28.1629552], [85.3361984, 28.1629231], [85.3362484, 28.1629875], [85.3361953, 28.1630196], [85.3361453, 28.1629552]]]]}, "properties": {"source": "hot-fair", "dmg": 0.0, "dmg_class": 0, "dmg_label": "No damage", "confidence": 0.7388, "bid": "853760519"}}, {"type": "Feature", "geometry": {"type": "MultiPolygon", "coordinates": [[[[85.3360421, 28.1633155], [85.3360626, 28.163302], [85.3361064, 28.1633537], [85.3360858, 28.1633672], [85.3360421, 28.1633155]]]]}, "properties": {"source": "hot-fair", "dmg": 0.3333333333333333, "dmg_class": 1, "dmg_label": "Minor damage", "confidence": 0.141, "bid": "769001589"}}, {"type": "Feature", "geometry": {"type": "MultiPolygon", "coordinates": [[[[85.3368291, 28.1635562], [85.3368591, 28.1635424], [85.3368947, 28.1636026], [85.3369071, 28.1636022], [85.3369086, 28.1636407], [85.3368681, 28.1636419], [85.3368673, 28.1636208], [85.3368291, 28.1635562]]]]}, "properties": {"source": "hot-fair", "dmg": 1.0, "dmg_class": 3, "dmg_label": "Destroyed", "confidence": 0.9947, "bid": "854113199"}}, {"type": "Feature", "geometry": {"type": "MultiPolygon", "coordinates": [[[[85.336673, 28.1619997], [85.336748, 28.1619951], [85.3367542, 28.1620741], [85.3366792, 28.1620786], [85.336673, 28.1619997]]]]}, "properties": {"source": "hot-fair", "dmg": 1.0, "dmg_class": 3, "dmg_label": "Destroyed", "confidence": 0.9977, "bid": "854113222"}}, {"type": "Feature", "geometry": {"type": "MultiPolygon", "coordinates": [[[[85.3365136, 28.163957], [85.3365278, 28.1639567], [85.336527, 28.1639233], [85.3366088, 28.1639218], [85.3366111, 28.1640136], [85.336532, 28.1640151], [85.3365314, 28.1639904], [85.3365145, 28.1639908], [85.3365136, 28.163957]]]]}, "properties": {"source": "hot-fair", "dmg": 0.3333333333333333, "dmg_class": 1, "dmg_label": "Minor damage", "confidence": 0.3427, "bid": "854385644"}}, {"type": "Feature", "geometry": {"type": "MultiPolygon", "coordinates": [[[[85.3365185, 28.1638239], [85.3365491, 28.1638229], [85.3365483, 28.1638019], [85.3365793, 28.163801], [85.3365807, 28.1638379], [85.3366095, 28.1638371], [85.3366125, 28.1639166], [85.3365222, 28.1639193], [85.3365185, 28.1638239]]]]}, "properties": {"source": "hot-fair", "dmg": 0.3333333333333333, "dmg_class": 1, "dmg_label": "Minor damage", "confidence": 0.4247, "bid": "854385645"}}, {"type": "Feature", "geometry": {"type": "MultiPolygon", "coordinates": [[[[85.3368469, 28.1636928], [85.3369499, 28.163685], [85.3369598, 28.163787], [85.3368882, 28.1637924], [85.3368871, 28.1637809], [85.3368557, 28.1637833], [85.3368469, 28.1636928]]]]}, "properties": {"source": "hot-fair", "dmg": 1.0, "dmg_class": 3, "dmg_label": "Destroyed", "confidence": 0.9798, "bid": "854385654"}}, {"type": "Feature", "geometry": {"type": "MultiPolygon", "coordinates": [[[[85.336532, 28.1637799], [85.3365321, 28.1637226], [85.3365888, 28.1637227], [85.3365886, 28.16378], [85.336532, 28.1637799]]]]}, "properties": {"source": "hot-fair", "dmg": 0.3333333333333333, "dmg_class": 1, "dmg_label": "Minor damage", "confidence": 0.4358, "bid": "854385641"}}, {"type": "Feature", "geometry": {"type": "MultiPolygon", "coordinates": [[[[85.3370429, 28.1638105], [85.3370823, 28.1637973], [85.3371382, 28.1639265], [85.3370988, 28.1639398], [85.3370429, 28.1638105]]]]}, "properties": {"source": "hot-fair", "dmg": 1.0, "dmg_class": 3, "dmg_label": "Destroyed", "confidence": 0.9971, "bid": "854385625"}}, {"type": "Feature", "geometry": {"type": "MultiPolygon", "coordinates": [[[[85.3365128, 28.1635324], [85.3365759, 28.1635272], [85.3365826, 28.1635904], [85.3365195, 28.1635956], [85.3365128, 28.1635324]]]]}, "properties": {"source": "hot-fair", "dmg": 0.0, "dmg_class": 0, "dmg_label": "No damage", "confidence": 0.6228, "bid": "853760514"}}, {"type": "Feature", "geometry": {"type": "MultiPolygon", "coordinates": [[[[85.3367002, 28.1640187], [85.336784, 28.1639713], [85.3367547, 28.1639311], [85.3368025, 28.163904], [85.3368597, 28.1639826], [85.3367281, 28.164057], [85.3367002, 28.1640187]]]]}, "properties": {"source": "hot-fair", "dmg": 0.6666666666666666, "dmg_class": 2, "dmg_label": "Major damage", "confidence": 0.2451, "bid": "854113185"}}, {"type": "Feature", "geometry": {"type": "MultiPolygon", "coordinates": [[[[85.336821, 28.1638035], [85.3369405, 28.163801], [85.3369418, 28.1638512], [85.3368223, 28.1638536], [85.336821, 28.1638035]]]]}, "properties": {"source": "hot-fair", "dmg": 1.0, "dmg_class": 3, "dmg_label": "Destroyed", "confidence": 0.8942, "bid": "853760512"}}, {"type": "Feature", "geometry": {"type": "MultiPolygon", "coordinates": [[[[85.3371038, 28.1639674], [85.3371782, 28.1639346], [85.3372184, 28.1640056], [85.3371441, 28.1640384], [85.3371038, 28.1639674]]]]}, "properties": {"source": "hot-fair", "dmg": 1.0, "dmg_class": 3, "dmg_label": "Destroyed", "confidence": 0.9365, "bid": "769001604"}}, {"type": "Feature", "geometry": {"type": "MultiPolygon", "coordinates": [[[[85.3363676, 28.1632312], [85.3364093, 28.1632089], [85.3364414, 28.1632556], [85.3363998, 28.1632779], [85.3363676, 28.1632312]]]]}, "properties": {"source": "hot-fair", "dmg": 0.6666666666666666, "dmg_class": 2, "dmg_label": "Major damage", "confidence": 0.257, "bid": "854385667"}}, {"type": "Feature", "geometry": {"type": "MultiPolygon", "coordinates": [[[[85.3367244, 28.1630805], [85.3368076, 28.1630565], [85.3368426, 28.1631507], [85.3367593, 28.1631747], [85.3367244, 28.1630805]]]]}, "properties": {"source": "hot-fair", "dmg": 1.0, "dmg_class": 3, "dmg_label": "Destroyed", "confidence": 0.9794, "bid": "854385640"}}, {"type": "Feature", "geometry": {"type": "MultiPolygon", "coordinates": [[[[85.3372641, 28.1629105], [85.337311, 28.1629018], [85.3373204, 28.1629411], [85.3372735, 28.1629498], [85.3372641, 28.1629105]]]]}, "properties": {"source": "hot-fair", "dmg": 1.0, "dmg_class": 3, "dmg_label": "Destroyed", "confidence": 0.9988, "bid": "854115533"}}, {"type": "Feature", "geometry": {"type": "MultiPolygon", "coordinates": [[[[85.3366835, 28.1620818], [85.336742, 28.1620785], [85.3367475, 28.1621558], [85.336689, 28.1621591], [85.3366835, 28.1620818]]]]}, "properties": {"source": "hot-fair", "dmg": 1.0, "dmg_class": 3, "dmg_label": "Destroyed", "confidence": 0.9949, "bid": "854113221"}}, {"type": "Feature", "geometry": {"type": "MultiPolygon", "coordinates": [[[[85.3364306, 28.1633407], [85.3364845, 28.1633295], [85.3365065, 28.1634122], [85.3364526, 28.1634234], [85.3364306, 28.1633407]]]]}, "properties": {"source": "hot-fair", "dmg": 0.6666666666666666, "dmg_class": 2, "dmg_label": "Major damage", "confidence": 0.1528, "bid": "853760515"}}, {"type": "Feature", "geometry": {"type": "MultiPolygon", "coordinates": [[[[85.3366428, 28.1636634], [85.3366431, 28.1636198], [85.3366757, 28.16362], [85.3366754, 28.1636636], [85.3366428, 28.1636634]]]]}, "properties": {"source": "hot-fair", "dmg": 0.6666666666666666, "dmg_class": 2, "dmg_label": "Major damage", "confidence": 0.2727, "bid": "1552977377"}}, {"type": "Feature", "geometry": {"type": "MultiPolygon", "coordinates": [[[[85.3366296, 28.1637288], [85.3366301, 28.1636748], [85.3366632, 28.163675], [85.336663, 28.163696], [85.3366911, 28.1636962], [85.3366908, 28.1637292], [85.3366296, 28.1637288]]]]}, "properties": {"source": "hot-fair", "dmg": 0.6666666666666666, "dmg_class": 2, "dmg_label": "Major damage", "confidence": 0.3002, "bid": "1552977378"}}, {"type": "Feature", "geometry": {"type": "MultiPolygon", "coordinates": [[[[85.3368118, 28.1637606], [85.3368492, 28.1637594], [85.3368505, 28.1637929], [85.3368131, 28.1637941], [85.3368118, 28.1637606]]]]}, "properties": {"source": "hot-fair", "dmg": 1.0, "dmg_class": 3, "dmg_label": "Destroyed", "confidence": 0.8838, "bid": "1552977379"}}, {"type": "Feature", "geometry": {"type": "MultiPolygon", "coordinates": [[[[85.3365365, 28.1635972], [85.3365724, 28.1635956], [85.3365746, 28.1636324], [85.3365387, 28.1636341], [85.3365365, 28.1635972]]]]}, "properties": {"source": "hot-fair", "dmg": 0.3333333333333333, "dmg_class": 1, "dmg_label": "Minor damage", "confidence": 0.3584, "bid": "1552977380"}}, {"type": "Feature", "geometry": {"type": "MultiPolygon", "coordinates": [[[[85.3364404, 28.1618228], [85.3365091, 28.1618138], [85.3365307, 28.1619431], [85.336462, 28.1619521], [85.3364404, 28.1618228]]]]}, "properties": {"source": "hot-fair", "dmg": 1.0, "dmg_class": 3, "dmg_label": "Destroyed", "confidence": 0.9775, "bid": "1552977381"}}, {"type": "Feature", "geometry": {"type": "MultiPolygon", "coordinates": [[[[85.3367785, 28.163175], [85.3368718, 28.1631531], [85.3369003, 28.1632475], [85.3368069, 28.1632694], [85.3367785, 28.163175]]]]}, "properties": {"source": "hot-fair", "dmg": 1.0, "dmg_class": 3, "dmg_label": "Destroyed", "confidence": 0.9812, "bid": "1552977382"}}, {"type": "Feature", "geometry": {"type": "MultiPolygon", "coordinates": [[[[85.3366988, 28.1640943], [85.3368083, 28.1640226], [85.336843, 28.1640639], [85.3367336, 28.1641355], [85.3366988, 28.1640943]]]]}, "properties": {"source": "hot-fair", "dmg": 0.3333333333333333, "dmg_class": 1, "dmg_label": "Minor damage", "confidence": 0.4467, "bid": "854385652"}}, {"type": "Feature", "geometry": {"type": "MultiPolygon", "coordinates": [[[[85.3366336, 28.1639152], [85.3366786, 28.1639128], [85.3366828, 28.1639746], [85.3366378, 28.163977], [85.3366336, 28.1639152]]]]}, "properties": {"source": "hot-fair", "dmg": 0.3333333333333333, "dmg_class": 1, "dmg_label": "Minor damage", "confidence": 0.3311, "bid": "854385653"}}, {"type": "Feature", "geometry": {"type": "MultiPolygon", "coordinates": [[[[85.3364781, 28.1623417], [85.3365175, 28.1623364], [85.3365244, 28.1623755], [85.336485, 28.1623809], [85.3364781, 28.1623417]]]]}, "properties": {"source": "hot-fair", "dmg": 1.0, "dmg_class": 3, "dmg_label": "Destroyed", "confidence": 0.8774, "bid": "854385634"}}, {"type": "Feature", "geometry": {"type": "MultiPolygon", "coordinates": [[[[85.3366712, 28.1618549], [85.3367677, 28.1618547], [85.3367681, 28.1619874], [85.3366716, 28.1619877], [85.3366712, 28.1618549]]]]}, "properties": {"source": "hot-fair", "dmg": 1.0, "dmg_class": 3, "dmg_label": "Destroyed", "confidence": 0.995, "bid": "854113223"}}, {"type": "Feature", "geometry": {"type": "MultiPolygon", "coordinates": [[[[85.3364942, 28.1629317], [85.3364952, 28.1628708], [85.3365511, 28.1628715], [85.3365502, 28.1629324], [85.3364942, 28.1629317]]]]}, "properties": {"source": "hot-fair", "dmg": 0.3333333333333333, "dmg_class": 1, "dmg_label": "Minor damage", "confidence": 0.2393, "bid": "853760518"}}, {"type": "Feature", "geometry": {"type": "MultiPolygon", "coordinates": [[[[85.3365393, 28.163641], [85.3365949, 28.163639], [85.3365973, 28.1636899], [85.3365417, 28.163692], [85.3365393, 28.163641]]]]}, "properties": {"source": "hot-fair", "dmg": 0.3333333333333333, "dmg_class": 1, "dmg_label": "Minor damage", "confidence": 0.5125, "bid": "853760513"}}, {"type": "Feature", "geometry": {"type": "MultiPolygon", "coordinates": [[[[85.3367322, 28.1623828], [85.336783, 28.162376], [85.3367984, 28.1624642], [85.3367476, 28.1624711], [85.3367322, 28.1623828]]]]}, "properties": {"source": "hot-fair", "dmg": 1.0, "dmg_class": 3, "dmg_label": "Destroyed", "confidence": 0.9978, "bid": "474054895"}}, {"type": "Feature", "geometry": {"type": "MultiPolygon", "coordinates": [[[[85.3358661, 28.1626557], [85.3359139, 28.162613], [85.3359791, 28.1626695], [85.3359313, 28.1627123], [85.3358661, 28.1626557]]]]}, "properties": {"source": "hot-fair", "dmg": 0.0, "dmg_class": 0, "dmg_label": "No damage", "confidence": 0.8682, "bid": "1553015580"}}, {"type": "Feature", "geometry": {"type": "MultiPolygon", "coordinates": [[[[85.3356446, 28.1628459], [85.3357255, 28.1627873], [85.3358206, 28.1628893], [85.3357398, 28.1629479], [85.3356446, 28.1628459]]]]}, "properties": {"source": "hot-fair", "dmg": 0.3333333333333333, "dmg_class": 1, "dmg_label": "Minor damage", "confidence": 0.2292, "bid": "1552970707"}}, {"type": "Feature", "geometry": {"type": "MultiPolygon", "coordinates": [[[[85.3385501, 28.1639007], [85.3385698, 28.1638736], [85.3386375, 28.1639121], [85.3386178, 28.1639391], [85.3385501, 28.1639007]]]]}, "properties": {"source": "hot-fair", "dmg": 1.0, "dmg_class": 3, "dmg_label": "Destroyed", "confidence": 0.981, "bid": "1553061071"}}, {"type": "Feature", "geometry": {"type": "MultiPolygon", "coordinates": [[[[85.3385635, 28.1637967], [85.3386004, 28.1637456], [85.3387412, 28.1638248], [85.3387043, 28.1638759], [85.3385635, 28.1637967]]]]}, "properties": {"source": "hot-fair", "dmg": 1.0, "dmg_class": 3, "dmg_label": "Destroyed", "confidence": 0.9917, "bid": "854113203"}}, {"type": "Feature", "geometry": {"type": "MultiPolygon", "coordinates": [[[[85.3376629, 28.1631765], [85.3376814, 28.1631603], [85.3377162, 28.163191], [85.3376978, 28.1632073], [85.3376629, 28.1631765]]]]}, "properties": {"source": "hot-fair", "dmg": 1.0, "dmg_class": 3, "dmg_label": "Destroyed", "confidence": 0.9982, "bid": "1553061070"}}, {"type": "Feature", "geometry": {"type": "MultiPolygon", "coordinates": [[[[85.3432624, 28.1643457], [85.3433008, 28.1643178], [85.3433494, 28.1643698], [85.3433109, 28.1643977], [85.3432624, 28.1643457]]]]}, "properties": {"source": "hot-fair", "dmg": 1.0, "dmg_class": 3, "dmg_label": "Destroyed", "confidence": 0.9988, "bid": "344279097"}}, {"type": "Feature", "geometry": {"type": "MultiPolygon", "coordinates": [[[[85.342944, 28.1644142], [85.3429823, 28.1643883], [85.3430309, 28.1644439], [85.3429926, 28.1644699], [85.342944, 28.1644142]]]]}, "properties": {"source": "hot-fair", "dmg": 1.0, "dmg_class": 3, "dmg_label": "Destroyed", "confidence": 0.9988, "bid": "344279098"}}, {"type": "Feature", "geometry": {"type": "MultiPolygon", "coordinates": [[[[85.3410497, 28.1662427], [85.3411155, 28.1662007], [85.3410759, 28.166152], [85.3411798, 28.1660857], [85.3413101, 28.1662458], [85.3411946, 28.1663196], [85.3411337, 28.1662447], [85.3410795, 28.1662793], [85.3410497, 28.1662427]]]]}, "properties": {"source": "hot-fair", "dmg": 0.6666666666666666, "dmg_class": 2, "dmg_label": "Major damage", "confidence": 0.2388, "bid": "474658594"}}, {"type": "Feature", "geometry": {"type": "MultiPolygon", "coordinates": [[[[85.3360364, 28.1621123], [85.3360515, 28.1620931], [85.3360885, 28.1621157], [85.3360734, 28.1621349], [85.3360364, 28.1621123]]]]}, "properties": {"source": "hot-fair", "dmg": 0.6666666666666666, "dmg_class": 2, "dmg_label": "Major damage", "confidence": 0.2309, "bid": "1553070049"}}, {"type": "Feature", "geometry": {"type": "MultiPolygon", "coordinates": [[[[85.3361079, 28.162116], [85.3361388, 28.1620888], [85.3361683, 28.1621148], [85.3361374, 28.162142], [85.3361079, 28.162116]]]]}, "properties": {"source": "hot-fair", "dmg": 0.6666666666666666, "dmg_class": 2, "dmg_label": "Major damage", "confidence": 0.2273, "bid": "1553070050"}}, {"type": "Feature", "geometry": {"type": "MultiPolygon", "coordinates": [[[[85.3361562, 28.1622259], [85.336176, 28.1622059], [85.3362068, 28.1622295], [85.336187, 28.1622496], [85.3361562, 28.1622259]]]]}, "properties": {"source": "hot-fair", "dmg": 0.6666666666666666, "dmg_class": 2, "dmg_label": "Major damage", "confidence": 0.2924, "bid": "1553070051"}}, {"type": "Feature", "geometry": {"type": "MultiPolygon", "coordinates": [[[[85.3350846, 28.1628928], [85.3351144, 28.1628693], [85.33516, 28.1629142], [85.3351302, 28.1629377], [85.3350846, 28.1628928]]]]}, "properties": {"source": "hot-fair", "dmg": 0.6666666666666666, "dmg_class": 2, "dmg_label": "Major damage", "confidence": 0.2448, "bid": "1553070052"}}, {"type": "Feature", "geometry": {"type": "MultiPolygon", "coordinates": [[[[85.3368464, 28.1625675], [85.3369381, 28.1625522], [85.3369595, 28.1626527], [85.3368678, 28.162668], [85.3368464, 28.1625675]]]]}, "properties": {"source": "hot-fair", "dmg": 1.0, "dmg_class": 3, "dmg_label": "Destroyed", "confidence": 0.999, "bid": "1553070062"}}, {"type": "Feature", "geometry": {"type": "MultiPolygon", "coordinates": [[[[85.340862, 28.1657891], [85.3409091, 28.1657593], [85.3409895, 28.165858], [85.3409425, 28.1658878], [85.340862, 28.1657891]]]]}, "properties": {"source": "hot-fair", "dmg": 0.3333333333333333, "dmg_class": 1, "dmg_label": "Minor damage", "confidence": 0.0173, "bid": "1553070063"}}, {"type": "Feature", "geometry": {"type": "MultiPolygon", "coordinates": [[[[85.3411874, 28.1665215], [85.3413373, 28.1664613], [85.34138, 28.1665441], [85.3412301, 28.1666042], [85.3411874, 28.1665215]]]]}, "properties": {"source": "hot-fair", "dmg": 1.0, "dmg_class": 3, "dmg_label": "Destroyed", "confidence": 0.659, "bid": "934778623"}}, {"type": "Feature", "geometry": {"type": "MultiPolygon", "coordinates": [[[[85.3408409, 28.1650779], [85.3408603, 28.1650337], [85.3409797, 28.1650742], [85.3409604, 28.1651185], [85.3408409, 28.1650779]]]]}, "properties": {"source": "hot-fair", "dmg": 1.0, "dmg_class": 3, "dmg_label": "Destroyed", "confidence": 0.999, "bid": "934778619"}}, {"type": "Feature", "geometry": {"type": "MultiPolygon", "coordinates": [[[[85.3407007, 28.1659738], [85.3407518, 28.1659672], [85.3407952, 28.1659616], [85.3408343, 28.1659566], [85.340838, 28.1659789], [85.3408661, 28.1659753], [85.340885, 28.1660893], [85.3408569, 28.1660929], [85.3408595, 28.1661084], [85.3408202, 28.1661134], [85.3408223, 28.166126], [85.340779, 28.1661316], [85.340768, 28.1660656], [85.340717, 28.1660722], [85.3407007, 28.1659738]]]]}, "properties": {"source": "hot-fair", "dmg": 0.0, "dmg_class": 0, "dmg_label": "No damage", "confidence": 0.9408, "bid": "934778587"}}, {"type": "Feature", "geometry": {"type": "MultiPolygon", "coordinates": [[[[85.3404207, 28.165378], [85.3404458, 28.165349], [85.3405089, 28.1653916], [85.3404838, 28.1654205], [85.3404207, 28.165378]]]]}, "properties": {"source": "hot-fair", "dmg": 0.0, "dmg_class": 0, "dmg_label": "No damage", "confidence": 0.7565, "bid": "934778583"}}, {"type": "Feature", "geometry": {"type": "MultiPolygon", "coordinates": [[[[85.3346944, 28.1625697], [85.3347576, 28.1625288], [85.3348179, 28.1626012], [85.3347547, 28.1626421], [85.3346944, 28.1625697]]]]}, "properties": {"source": "hot-fair", "dmg": 0.6666666666666666, "dmg_class": 2, "dmg_label": "Major damage", "confidence": 0.293, "bid": "854385677"}}, {"type": "Feature", "geometry": {"type": "MultiPolygon", "coordinates": [[[[85.3360741, 28.1621875], [85.3360976, 28.1621603], [85.3361429, 28.1621907], [85.3361194, 28.162218], [85.3360741, 28.1621875]]]]}, "properties": {"source": "hot-fair", "dmg": 0.6666666666666666, "dmg_class": 2, "dmg_label": "Major damage", "confidence": 0.3156, "bid": "854385635"}}, {"type": "Feature", "geometry": {"type": "MultiPolygon", "coordinates": [[[[85.3360495, 28.1619624], [85.3360842, 28.1619179], [85.3361244, 28.1619423], [85.3360897, 28.1619868], [85.3360495, 28.1619624]]]]}, "properties": {"source": "hot-fair", "dmg": 1.0, "dmg_class": 3, "dmg_label": "Destroyed", "confidence": 0.8138, "bid": "854385630"}}, {"type": "Feature", "geometry": {"type": "MultiPolygon", "coordinates": [[[[85.3387942, 28.1639166], [85.3388653, 28.1638622], [85.3388944, 28.1638918], [85.3388233, 28.1639462], [85.3387942, 28.1639166]]]]}, "properties": {"source": "hot-fair", "dmg": 1.0, "dmg_class": 3, "dmg_label": "Destroyed", "confidence": 0.9743, "bid": "854385620"}}, {"type": "Feature", "geometry": {"type": "MultiPolygon", "coordinates": [[[[85.340433, 28.1647396], [85.3404449, 28.1646849], [85.3407533, 28.1647369], [85.3407415, 28.1647916], [85.340433, 28.1647396]]]]}, "properties": {"source": "hot-fair", "dmg": 1.0, "dmg_class": 3, "dmg_label": "Destroyed", "confidence": 0.9995, "bid": "854385616"}}, {"type": "Feature", "geometry": {"type": "MultiPolygon", "coordinates": [[[[85.3412061, 28.165889], [85.3412718, 28.1658219], [85.3413697, 28.1658964], [85.341304, 28.1659635], [85.3412061, 28.165889]]]]}, "properties": {"source": "hot-fair", "dmg": 0.6666666666666666, "dmg_class": 2, "dmg_label": "Major damage", "confidence": 0.4493, "bid": "854385612"}}, {"type": "Feature", "geometry": {"type": "MultiPolygon", "coordinates": [[[[85.3350693, 28.1622649], [85.3351303, 28.1622509], [85.3351531, 28.1623277], [85.3350921, 28.1623418], [85.3350693, 28.1622649]]]]}, "properties": {"source": "hot-fair", "dmg": 0.0, "dmg_class": 0, "dmg_label": "No damage", "confidence": 0.8342, "bid": "854115571"}}, {"type": "Feature", "geometry": {"type": "MultiPolygon", "coordinates": [[[[85.337127, 28.1627936], [85.337166, 28.1627912], [85.3371689, 28.162827], [85.3371298, 28.1628294], [85.337127, 28.1627936]]]]}, "properties": {"source": "hot-fair", "dmg": 1.0, "dmg_class": 3, "dmg_label": "Destroyed", "confidence": 0.9913, "bid": "854115532"}}, {"type": "Feature", "geometry": {"type": "MultiPolygon", "coordinates": [[[[85.336375, 28.1619619], [85.3365168, 28.16195], [85.3365269, 28.1620434], [85.3365576, 28.1620408], [85.3365615, 28.1620764], [85.3365878, 28.1620742], [85.336596, 28.1621502], [85.3365682, 28.1621526], [85.3365726, 28.1621934], [85.3364515, 28.1622036], [85.3364425, 28.1621213], [85.3363927, 28.1621255], [85.336375, 28.1619619]]]]}, "properties": {"source": "hot-fair", "dmg": 1.0, "dmg_class": 3, "dmg_label": "Destroyed", "confidence": 0.9922, "bid": "854113231"}}, {"type": "Feature", "geometry": {"type": "MultiPolygon", "coordinates": [[[[85.3368098, 28.1625094], [85.3368828, 28.1625092], [85.3368829, 28.1625563], [85.3368099, 28.1625564], [85.3368098, 28.1625094]]]]}, "properties": {"source": "hot-fair", "dmg": 1.0, "dmg_class": 3, "dmg_label": "Destroyed", "confidence": 0.9989, "bid": "854113220"}}, {"type": "Feature", "geometry": {"type": "MultiPolygon", "coordinates": [[[[85.3437187, 28.1676078], [85.3437261, 28.1675535], [85.3437596, 28.1675571], [85.3437522, 28.1676113], [85.3437187, 28.1676078]]]]}, "properties": {"source": "hot-fair", "dmg": 0.6666666666666666, "dmg_class": 2, "dmg_label": "Major damage", "confidence": 0.1822, "bid": "1553066594"}}, {"type": "Feature", "geometry": {"type": "MultiPolygon", "coordinates": [[[[85.3423186, 28.1643417], [85.3423481, 28.1642974], [85.3423807, 28.1643142], [85.3423512, 28.1643586], [85.3423186, 28.1643417]]]]}, "properties": {"source": "hot-fair", "dmg": 1.0, "dmg_class": 3, "dmg_label": "Destroyed", "confidence": 0.9997, "bid": "1553066595"}}, {"type": "Feature", "geometry": {"type": "MultiPolygon", "coordinates": [[[[85.3435176, 28.1643184], [85.3435387, 28.1643179], [85.3435393, 28.1643349], [85.3435182, 28.1643355], [85.3435176, 28.1643184]]]]}, "properties": {"source": "hot-fair", "dmg": 1.0, "dmg_class": 3, "dmg_label": "Destroyed", "confidence": 0.989, "bid": "1553066596"}}, {"type": "Feature", "geometry": {"type": "MultiPolygon", "coordinates": [[[[85.3435447, 28.1642034], [85.3435457, 28.1641824], [85.3435686, 28.1641832], [85.3435676, 28.1642042], [85.3435447, 28.1642034]]]]}, "properties": {"source": "hot-fair", "dmg": 1.0, "dmg_class": 3, "dmg_label": "Destroyed", "confidence": 0.9998, "bid": "1553066597"}}, {"type": "Feature", "geometry": {"type": "MultiPolygon", "coordinates": [[[[85.3434917, 28.1642356], [85.343507, 28.1642352], [85.3435077, 28.1642589], [85.3434924, 28.1642592], [85.3434917, 28.1642356]]]]}, "properties": {"source": "hot-fair", "dmg": 1.0, "dmg_class": 3, "dmg_label": "Destroyed", "confidence": 0.9988, "bid": "1553066598"}}, {"type": "Feature", "geometry": {"type": "MultiPolygon", "coordinates": [[[[85.34352, 28.1642389], [85.3435396, 28.1642099], [85.3435819, 28.164232], [85.3435623, 28.1642611], [85.34352, 28.1642389]]]]}, "properties": {"source": "hot-fair", "dmg": 1.0, "dmg_class": 3, "dmg_label": "Destroyed", "confidence": 0.9994, "bid": "1553066599"}}, {"type": "Feature", "geometry": {"type": "MultiPolygon", "coordinates": [[[[85.3437415, 28.1641815], [85.3437804, 28.1641448], [85.3438189, 28.1641766], [85.34378, 28.1642133], [85.3437415, 28.1641815]]]]}, "properties": {"source": "hot-fair", "dmg": 1.0, "dmg_class": 3, "dmg_label": "Destroyed", "confidence": 0.9999, "bid": "1553066600"}}, {"type": "Feature", "geometry": {"type": "MultiPolygon", "coordinates": [[[[85.3433391, 28.1644398], [85.3433566, 28.164418], [85.3433856, 28.1644359], [85.3433681, 28.1644578], [85.3433391, 28.1644398]]]]}, "properties": {"source": "hot-fair", "dmg": 1.0, "dmg_class": 3, "dmg_label": "Destroyed", "confidence": 0.9983, "bid": "1553066601"}}, {"type": "Feature", "geometry": {"type": "MultiPolygon", "coordinates": [[[[85.3435644, 28.1643401], [85.3436007, 28.1643105], [85.3436315, 28.1643399], [85.3435953, 28.1643695], [85.3435644, 28.1643401]]]]}, "properties": {"source": "hot-fair", "dmg": 1.0, "dmg_class": 3, "dmg_label": "Destroyed", "confidence": 0.9903, "bid": "1553066602"}}, {"type": "Feature", "geometry": {"type": "MultiPolygon", "coordinates": [[[[85.3433606, 28.1642453], [85.3434019, 28.1642157], [85.34343, 28.1642462], [85.3433888, 28.1642758], [85.3433606, 28.1642453]]]]}, "properties": {"source": "hot-fair", "dmg": 1.0, "dmg_class": 3, "dmg_label": "Destroyed", "confidence": 0.9987, "bid": "1553066603"}}, {"type": "Feature", "geometry": {"type": "MultiPolygon", "coordinates": [[[[85.3433393, 28.1643361], [85.3433407, 28.1642793], [85.3434223, 28.1642808], [85.343421, 28.1643376], [85.3433393, 28.1643361]]]]}, "properties": {"source": "hot-fair", "dmg": 1.0, "dmg_class": 3, "dmg_label": "Destroyed", "confidence": 0.999, "bid": "1553066604"}}, {"type": "Feature", "geometry": {"type": "MultiPolygon", "coordinates": [[[[85.3435913, 28.1685371], [85.3436395, 28.168459], [85.3436888, 28.1684827], [85.3436405, 28.1685607], [85.3435913, 28.1685371]]]]}, "properties": {"source": "hot-fair", "dmg": 1.0, "dmg_class": 3, "dmg_label": "Destroyed", "confidence": 0.806, "bid": "1553066606"}}, {"type": "Feature", "geometry": {"type": "MultiPolygon", "coordinates": [[[[85.3413734, 28.1668546], [85.3413755, 28.1667939], [85.3414447, 28.1667957], [85.3414444, 28.1668043], [85.3414673, 28.1668049], [85.3414655, 28.1668571], [85.3413734, 28.1668546]]]]}, "properties": {"source": "hot-fair", "dmg": 1.0, "dmg_class": 3, "dmg_label": "Destroyed", "confidence": 0.7391, "bid": "1553070064"}}, {"type": "Feature", "geometry": {"type": "MultiPolygon", "coordinates": [[[[85.3414908, 28.1651611], [85.3415314, 28.1650888], [85.3416046, 28.1651208], [85.3415639, 28.1651931], [85.3414908, 28.1651611]]]]}, "properties": {"source": "hot-fair", "dmg": 1.0, "dmg_class": 3, "dmg_label": "Destroyed", "confidence": 0.9997, "bid": "934778620"}}, {"type": "Feature", "geometry": {"type": "MultiPolygon", "coordinates": [[[[85.3406479, 28.1655011], [85.3406758, 28.1654769], [85.3407583, 28.1655508], [85.3407303, 28.1655751], [85.3406479, 28.1655011]]]]}, "properties": {"source": "hot-fair", "dmg": 0.0, "dmg_class": 0, "dmg_label": "No damage", "confidence": 0.8461, "bid": "934778584"}}, {"type": "Feature", "geometry": {"type": "MultiPolygon", "coordinates": [[[[85.3362781, 28.1619563], [85.3363199, 28.1619273], [85.3363769, 28.1619913], [85.3363351, 28.1620203], [85.3362781, 28.1619563]]]]}, "properties": {"source": "hot-fair", "dmg": 1.0, "dmg_class": 3, "dmg_label": "Destroyed", "confidence": 0.9867, "bid": "854385632"}}, {"type": "Feature", "geometry": {"type": "MultiPolygon", "coordinates": [[[[85.3376086, 28.1637275], [85.3376576, 28.1636736], [85.3377219, 28.1637189], [85.3376729, 28.1637729], [85.3376086, 28.1637275]]]]}, "properties": {"source": "hot-fair", "dmg": 1.0, "dmg_class": 3, "dmg_label": "Destroyed", "confidence": 0.9995, "bid": "854385622"}}, {"type": "Feature", "geometry": {"type": "MultiPolygon", "coordinates": [[[[85.341718, 28.1652311], [85.3417426, 28.1652041], [85.3418044, 28.1652476], [85.3417799, 28.1652747], [85.341718, 28.1652311]]]]}, "properties": {"source": "hot-fair", "dmg": 1.0, "dmg_class": 3, "dmg_label": "Destroyed", "confidence": 0.9996, "bid": "854385615"}}, {"type": "Feature", "geometry": {"type": "MultiPolygon", "coordinates": [[[[85.3348097, 28.1620651], [85.334844, 28.1620422], [85.3349151, 28.1621249], [85.3348808, 28.1621479], [85.3348097, 28.1620651]]]]}, "properties": {"source": "hot-fair", "dmg": 0.3333333333333333, "dmg_class": 1, "dmg_label": "Minor damage", "confidence": 0.0845, "bid": "854116030"}}, {"type": "Feature", "geometry": {"type": "MultiPolygon", "coordinates": [[[[85.3354577, 28.1620187], [85.3355013, 28.161994], [85.3355408, 28.1620484], [85.3354972, 28.1620731], [85.3354577, 28.1620187]]]]}, "properties": {"source": "hot-fair", "dmg": 0.3333333333333333, "dmg_class": 1, "dmg_label": "Minor damage", "confidence": 0.0847, "bid": "854115573"}}, {"type": "Feature", "geometry": {"type": "MultiPolygon", "coordinates": [[[[85.337412, 28.1631885], [85.3375052, 28.163093], [85.3375943, 28.1631606], [85.3375243, 28.1632322], [85.3374895, 28.1632058], [85.3374662, 28.1632296], [85.337412, 28.1631885]]]]}, "properties": {"source": "hot-fair", "dmg": 1.0, "dmg_class": 3, "dmg_label": "Destroyed", "confidence": 0.9998, "bid": "854113214"}}, {"type": "Feature", "geometry": {"type": "MultiPolygon", "coordinates": [[[[85.3381089, 28.1639823], [85.3382255, 28.1638753], [85.3382648, 28.1639085], [85.3381481, 28.1640155], [85.3381089, 28.1639823]]]]}, "properties": {"source": "hot-fair", "dmg": 1.0, "dmg_class": 3, "dmg_label": "Destroyed", "confidence": 0.9998, "bid": "854113204"}}, {"type": "Feature", "geometry": {"type": "MultiPolygon", "coordinates": [[[[85.3352047, 28.1622386], [85.3353321, 28.1622315], [85.3353388, 28.1623247], [85.3352114, 28.1623318], [85.3352047, 28.1622386]]]]}, "properties": {"source": "hot-fair", "dmg": 0.0, "dmg_class": 0, "dmg_label": "No damage", "confidence": 0.8619, "bid": "854113196"}}, {"type": "Feature", "geometry": {"type": "MultiPolygon", "coordinates": [[[[85.3349939, 28.1628116], [85.3350477, 28.162805], [85.3350613, 28.162891], [85.3350075, 28.1628976], [85.3349939, 28.1628116]]]]}, "properties": {"source": "hot-fair", "dmg": 0.3333333333333333, "dmg_class": 1, "dmg_label": "Minor damage", "confidence": 0.1056, "bid": "854113170"}}, {"type": "Feature", "geometry": {"type": "MultiPolygon", "coordinates": [[[[85.3412524, 28.165287], [85.3412879, 28.1652383], [85.3413965, 28.1652998], [85.341361, 28.1653484], [85.3412524, 28.165287]]]]}, "properties": {"source": "hot-fair", "dmg": 1.0, "dmg_class": 3, "dmg_label": "Destroyed", "confidence": 0.9964, "bid": "853760522"}}, {"type": "Feature", "geometry": {"type": "MultiPolygon", "coordinates": [[[[85.3349567, 28.1624129], [85.3350273, 28.1623992], [85.3350425, 28.1624602], [85.3349719, 28.1624739], [85.3349567, 28.1624129]]]]}, "properties": {"source": "hot-fair", "dmg": 0.3333333333333333, "dmg_class": 1, "dmg_label": "Minor damage", "confidence": 0.0701, "bid": "851001710"}}, {"type": "Feature", "geometry": {"type": "MultiPolygon", "coordinates": [[[[85.3355023, 28.1633713], [85.3355558, 28.1633278], [85.3356767, 28.1634435], [85.3356231, 28.1634869], [85.3355023, 28.1633713]]]]}, "properties": {"source": "hot-fair", "dmg": 0.0, "dmg_class": 0, "dmg_label": "No damage", "confidence": 0.9121, "bid": "769001615"}}, {"type": "Feature", "geometry": {"type": "MultiPolygon", "coordinates": [[[[85.3376891, 28.163825], [85.3377654, 28.1637519], [85.3378244, 28.1637997], [85.3377481, 28.1638729], [85.3376891, 28.163825]]]]}, "properties": {"source": "hot-fair", "dmg": 1.0, "dmg_class": 3, "dmg_label": "Destroyed", "confidence": 0.9996, "bid": "769001574"}}, {"type": "Feature", "geometry": {"type": "MultiPolygon", "coordinates": [[[[85.3406901, 28.1659163], [85.340831, 28.1659016], [85.3408375, 28.1659517], [85.3406966, 28.1659663], [85.3406901, 28.1659163]]]]}, "properties": {"source": "hot-fair", "dmg": 0.0, "dmg_class": 0, "dmg_label": "No damage", "confidence": 0.8578, "bid": "760438581"}}, {"type": "Feature", "geometry": {"type": "MultiPolygon", "coordinates": [[[[85.3413353, 28.1667245], [85.3414733, 28.1666734], [85.341522, 28.1667754], [85.3414583, 28.166799], [85.3414398, 28.1667601], [85.3413654, 28.1667876], [85.3413353, 28.1667245]]]]}, "properties": {"source": "hot-fair", "dmg": 1.0, "dmg_class": 3, "dmg_label": "Destroyed", "confidence": 0.8101, "bid": "760438576"}}, {"type": "Feature", "geometry": {"type": "MultiPolygon", "coordinates": [[[[85.3415132, 28.1653227], [85.3415678, 28.165253], [85.3417567, 28.1653692], [85.3417021, 28.1654389], [85.3415132, 28.1653227]]]]}, "properties": {"source": "hot-fair", "dmg": 1.0, "dmg_class": 3, "dmg_label": "Destroyed", "confidence": 0.9985, "bid": "507471926"}}, {"type": "Feature", "geometry": {"type": "MultiPolygon", "coordinates": [[[[85.3412392, 28.1660878], [85.3412753, 28.1660534], [85.3413377, 28.1661044], [85.3413767, 28.1660672], [85.3414173, 28.1661004], [85.3413421, 28.1661719], [85.3412392, 28.1660878]]]]}, "properties": {"source": "hot-fair", "dmg": 0.6666666666666666, "dmg_class": 2, "dmg_label": "Major damage", "confidence": 0.3523, "bid": "769001573"}}, {"type": "Feature", "geometry": {"type": "MultiPolygon", "coordinates": [[[[85.3415781, 28.1665469], [85.3416574, 28.1665206], [85.3417754, 28.1667972], [85.3416961, 28.1668235], [85.3415781, 28.1665469]]]]}, "properties": {"source": "hot-fair", "dmg": 1.0, "dmg_class": 3, "dmg_label": "Destroyed", "confidence": 0.8326, "bid": "760438585"}}, {"type": "Feature", "geometry": {"type": "MultiPolygon", "coordinates": [[[[85.3415467, 28.166938], [85.3416112, 28.166916], [85.3416417, 28.1669854], [85.3416475, 28.1669834], [85.3416794, 28.1670562], [85.3415783, 28.1670906], [85.3415472, 28.1670198], [85.3415779, 28.1670093], [85.3415467, 28.166938]]]]}, "properties": {"source": "hot-fair", "dmg": 1.0, "dmg_class": 3, "dmg_label": "Destroyed", "confidence": 0.8917, "bid": "760438577"}}, {"type": "Feature", "geometry": {"type": "MultiPolygon", "coordinates": [[[[85.3410027, 28.1650507], [85.3410679, 28.1649563], [85.341145, 28.1649977], [85.3410798, 28.165092], [85.3410027, 28.1650507]]]]}, "properties": {"source": "hot-fair", "dmg": 1.0, "dmg_class": 3, "dmg_label": "Destroyed", "confidence": 0.9991, "bid": "507471923"}}, {"type": "Feature", "geometry": {"type": "MultiPolygon", "coordinates": [[[[85.3376495, 28.1633438], [85.3377364, 28.1632564], [85.3378396, 28.1633363], [85.3377527, 28.1634236], [85.3376495, 28.1633438]]]]}, "properties": {"source": "hot-fair", "dmg": 1.0, "dmg_class": 3, "dmg_label": "Destroyed", "confidence": 0.9994, "bid": "854113213"}}, {"type": "Feature", "geometry": {"type": "MultiPolygon", "coordinates": [[[[85.3380263, 28.1638552], [85.3380992, 28.1637844], [85.3382005, 28.1638653], [85.3381276, 28.1639362], [85.3380263, 28.1638552]]]]}, "properties": {"source": "hot-fair", "dmg": 1.0, "dmg_class": 3, "dmg_label": "Destroyed", "confidence": 0.9995, "bid": "854113205"}}, {"type": "Feature", "geometry": {"type": "MultiPolygon", "coordinates": [[[[85.3356319, 28.1635478], [85.3357325, 28.1634987], [85.3357519, 28.1635296], [85.3356513, 28.1635787], [85.3356319, 28.1635478]]]]}, "properties": {"source": "hot-fair", "dmg": 0.3333333333333333, "dmg_class": 1, "dmg_label": "Minor damage", "confidence": 0.0754, "bid": "854113173"}}, {"type": "Feature", "geometry": {"type": "MultiPolygon", "coordinates": [[[[85.3353629, 28.1629519], [85.3354359, 28.1629009], [85.3355331, 28.1630091], [85.3354601, 28.16306], [85.3353629, 28.1629519]]]]}, "properties": {"source": "hot-fair", "dmg": 0.6666666666666666, "dmg_class": 2, "dmg_label": "Major damage", "confidence": 0.4093, "bid": "854113167"}}, {"type": "Feature", "geometry": {"type": "MultiPolygon", "coordinates": [[[[85.3408125, 28.1649666], [85.3408406, 28.1649062], [85.3410042, 28.1649653], [85.3409761, 28.1650257], [85.3408125, 28.1649666]]]]}, "properties": {"source": "hot-fair", "dmg": 1.0, "dmg_class": 3, "dmg_label": "Destroyed", "confidence": 0.9999, "bid": "853760523"}}, {"type": "Feature", "geometry": {"type": "MultiPolygon", "coordinates": [[[[85.3357675, 28.162025], [85.3358028, 28.1619818], [85.3359128, 28.1620515], [85.3358775, 28.1620948], [85.3357675, 28.162025]]]]}, "properties": {"source": "hot-fair", "dmg": 0.6666666666666666, "dmg_class": 2, "dmg_label": "Major damage", "confidence": 0.2035, "bid": "851001709"}}, {"type": "Feature", "geometry": {"type": "MultiPolygon", "coordinates": [[[[85.335024, 28.1621244], [85.3350599, 28.1620839], [85.3351165, 28.1621231], [85.3350805, 28.1621635], [85.335024, 28.1621244]]]]}, "properties": {"source": "hot-fair", "dmg": 0.0, "dmg_class": 0, "dmg_label": "No damage", "confidence": 0.7212, "bid": "769001596"}}, {"type": "Feature", "geometry": {"type": "MultiPolygon", "coordinates": [[[[85.3414244, 28.1664658], [85.3414899, 28.1664376], [85.3415387, 28.1665258], [85.3414732, 28.1665539], [85.3414244, 28.1664658]]]]}, "properties": {"source": "hot-fair", "dmg": 1.0, "dmg_class": 3, "dmg_label": "Destroyed", "confidence": 0.7331, "bid": "934778622"}}, {"type": "Feature", "geometry": {"type": "MultiPolygon", "coordinates": [[[[85.3413524, 28.1660096], [85.3414076, 28.165956], [85.3415698, 28.1660859], [85.3415579, 28.1660974], [85.3415842, 28.1661187], [85.3415522, 28.1661498], [85.3415259, 28.1661285], [85.3415146, 28.1661395], [85.3413524, 28.1660096]]]]}, "properties": {"source": "hot-fair", "dmg": 1.0, "dmg_class": 3, "dmg_label": "Destroyed", "confidence": 0.9937, "bid": "934778618"}}, {"type": "Feature", "geometry": {"type": "MultiPolygon", "coordinates": [[[[85.3407245, 28.1660847], [85.340759, 28.1660803], [85.3407684, 28.1661369], [85.3407339, 28.1661413], [85.3407245, 28.1660847]]]]}, "properties": {"source": "hot-fair", "dmg": 0.0, "dmg_class": 0, "dmg_label": "No damage", "confidence": 0.919, "bid": "934778586"}}, {"type": "Feature", "geometry": {"type": "MultiPolygon", "coordinates": [[[[85.3384455, 28.1640337], [85.3384729, 28.1639948], [85.3385399, 28.1640314], [85.3385125, 28.1640703], [85.3384455, 28.1640337]]]]}, "properties": {"source": "hot-fair", "dmg": 1.0, "dmg_class": 3, "dmg_label": "Destroyed", "confidence": 0.9928, "bid": "854385617"}}, {"type": "Feature", "geometry": {"type": "MultiPolygon", "coordinates": [[[[85.3415295, 28.1673291], [85.3416049, 28.1673126], [85.3416572, 28.1674982], [85.3415818, 28.1675148], [85.3415295, 28.1673291]]]]}, "properties": {"source": "hot-fair", "dmg": 1.0, "dmg_class": 3, "dmg_label": "Destroyed", "confidence": 0.9251, "bid": "854385611"}}, {"type": "Feature", "geometry": {"type": "MultiPolygon", "coordinates": [[[[85.3352117, 28.1620212], [85.3352409, 28.1619525], [85.3353408, 28.1619854], [85.3353028, 28.1620751], [85.3352727, 28.1620652], [85.3352816, 28.1620443], [85.3352117, 28.1620212]]]]}, "properties": {"source": "hot-fair", "dmg": 0.0, "dmg_class": 0, "dmg_label": "No damage", "confidence": 0.84, "bid": "854115572"}}, {"type": "Feature", "geometry": {"type": "MultiPolygon", "coordinates": [[[[85.3359269, 28.162078], [85.3359694, 28.1620288], [85.336052, 28.1620842], [85.3360095, 28.1621335], [85.3359269, 28.162078]]]]}, "properties": {"source": "hot-fair", "dmg": 0.3333333333333333, "dmg_class": 1, "dmg_label": "Minor damage", "confidence": 0.0845, "bid": "854113230"}}, {"type": "Feature", "geometry": {"type": "MultiPolygon", "coordinates": [[[[85.3372445, 28.1630873], [85.3373183, 28.1630293], [85.3374011, 28.1631114], [85.3373274, 28.1631693], [85.3372445, 28.1630873]]]]}, "properties": {"source": "hot-fair", "dmg": 1.0, "dmg_class": 3, "dmg_label": "Destroyed", "confidence": 0.9999, "bid": "854113215"}}, {"type": "Feature", "geometry": {"type": "MultiPolygon", "coordinates": [[[[85.3380244, 28.163644], [85.3380524, 28.1635832], [85.3380953, 28.1635985], [85.3380673, 28.1636594], [85.3380244, 28.163644]]]]}, "properties": {"source": "hot-fair", "dmg": 1.0, "dmg_class": 3, "dmg_label": "Destroyed", "confidence": 0.9996, "bid": "854113206"}}, {"type": "Feature", "geometry": {"type": "MultiPolygon", "coordinates": [[[[85.3380998, 28.1636658], [85.338224, 28.1635185], [85.3384211, 28.1636475], [85.3382977, 28.1637939], [85.3382391, 28.1637556], [85.3383189, 28.1636609], [85.3382497, 28.1636156], [85.3381691, 28.1637112], [85.3380998, 28.1636658]]]]}, "properties": {"source": "hot-fair", "dmg": 1.0, "dmg_class": 3, "dmg_label": "Destroyed", "confidence": 0.9971, "bid": "854113201"}}, {"type": "Feature", "geometry": {"type": "MultiPolygon", "coordinates": [[[[85.3356929, 28.1635803], [85.3357285, 28.1635615], [85.3357506, 28.163594], [85.335715, 28.1636128], [85.3356929, 28.1635803]]]]}, "properties": {"source": "hot-fair", "dmg": 0.3333333333333333, "dmg_class": 1, "dmg_label": "Minor damage", "confidence": 0.0631, "bid": "854113172"}}, {"type": "Feature", "geometry": {"type": "MultiPolygon", "coordinates": [[[[85.3416678, 28.1652797], [85.3417054, 28.1652369], [85.3417711, 28.1652818], [85.3417335, 28.1653246], [85.3416678, 28.1652797]]]]}, "properties": {"source": "hot-fair", "dmg": 1.0, "dmg_class": 3, "dmg_label": "Destroyed", "confidence": 0.9998, "bid": "853760524"}}, {"type": "Feature", "geometry": {"type": "MultiPolygon", "coordinates": [[[[85.3348393, 28.162732], [85.3349432, 28.162729], [85.3349458, 28.1628011], [85.3348419, 28.1628041], [85.3348393, 28.162732]]]]}, "properties": {"source": "hot-fair", "dmg": 0.6666666666666666, "dmg_class": 2, "dmg_label": "Major damage", "confidence": 0.4149, "bid": "851001711"}}, {"type": "Feature", "geometry": {"type": "MultiPolygon", "coordinates": [[[[85.3378835, 28.1639427], [85.3380014, 28.1638603], [85.3380578, 28.163923], [85.3379399, 28.1640053], [85.3378835, 28.1639427]]]]}, "properties": {"source": "hot-fair", "dmg": 1.0, "dmg_class": 3, "dmg_label": "Destroyed", "confidence": 0.9986, "bid": "769001600"}}, {"type": "Feature", "geometry": {"type": "MultiPolygon", "coordinates": [[[[85.3414747, 28.1665686], [85.3415381, 28.1665435], [85.3416468, 28.1667563], [85.3415834, 28.1667815], [85.3414747, 28.1665686]]]]}, "properties": {"source": "hot-fair", "dmg": 1.0, "dmg_class": 3, "dmg_label": "Destroyed", "confidence": 0.6874, "bid": "760438586"}}, {"type": "Feature", "geometry": {"type": "MultiPolygon", "coordinates": [[[[85.3410922, 28.166642], [85.341185, 28.166595], [85.3412213, 28.1666506], [85.3411284, 28.1666976], [85.3410922, 28.166642]]]]}, "properties": {"source": "hot-fair", "dmg": 1.0, "dmg_class": 3, "dmg_label": "Destroyed", "confidence": 0.9917, "bid": "760438578"}}, {"type": "Feature", "geometry": {"type": "MultiPolygon", "coordinates": [[[[85.3443148, 28.1687617], [85.3443456, 28.1687617], [85.3443456, 28.1688031], [85.3443148, 28.1688031], [85.3443148, 28.1687617]]]]}, "properties": {"source": "hot-fair", "dmg": 0.3333333333333333, "dmg_class": 1, "dmg_label": "Minor damage", "confidence": 0.1763, "bid": "1552968645"}}, {"type": "Feature", "geometry": {"type": "MultiPolygon", "coordinates": [[[[85.344933, 28.1622419], [85.3450252, 28.1622187], [85.3450537, 28.1623065], [85.3449614, 28.1623297], [85.344933, 28.1622419]]]]}, "properties": {"source": "hot-fair", "dmg": 1.0, "dmg_class": 3, "dmg_label": "Destroyed", "confidence": 0.7594, "bid": "1553015576"}}, {"type": "Feature", "geometry": {"type": "MultiPolygon", "coordinates": [[[[85.3447884, 28.1696202], [85.3448234, 28.1695885], [85.3448477, 28.1696094], [85.3448126, 28.169641], [85.3447884, 28.1696202]]]]}, "properties": {"source": "hot-fair", "dmg": 0.6666666666666666, "dmg_class": 2, "dmg_label": "Major damage", "confidence": 0.7932, "bid": "1553017132"}}, {"type": "Feature", "geometry": {"type": "MultiPolygon", "coordinates": [[[[85.3358733, 28.1604232], [85.3359316, 28.160421], [85.3359341, 28.1604716], [85.3358757, 28.1604738], [85.3358733, 28.1604232]]]]}, "properties": {"source": "hot-fair", "dmg": 1.0, "dmg_class": 3, "dmg_label": "Destroyed", "confidence": 0.9973, "bid": "1552972096"}}, {"type": "Feature", "geometry": {"type": "MultiPolygon", "coordinates": [[[[85.3361302, 28.1609509], [85.3361663, 28.1609384], [85.3361916, 28.1609955], [85.3361556, 28.1610079], [85.3361302, 28.1609509]]]]}, "properties": {"source": "hot-fair", "dmg": 1.0, "dmg_class": 3, "dmg_label": "Destroyed", "confidence": 0.994, "bid": "1552968625"}}, {"type": "Feature", "geometry": {"type": "MultiPolygon", "coordinates": [[[[85.3359184, 28.1609699], [85.3359651, 28.1609586], [85.3359737, 28.1609865], [85.335927, 28.1609977], [85.3359184, 28.1609699]]]]}, "properties": {"source": "hot-fair", "dmg": 1.0, "dmg_class": 3, "dmg_label": "Destroyed", "confidence": 0.9205, "bid": "1552968623"}}, {"type": "Feature", "geometry": {"type": "MultiPolygon", "coordinates": [[[[85.3328264, 28.1609366], [85.3328702, 28.1609335], [85.3328742, 28.1609764], [85.3328303, 28.1609795], [85.3328264, 28.1609366]]]]}, "properties": {"source": "hot-fair", "dmg": 0.3333333333333333, "dmg_class": 1, "dmg_label": "Minor damage", "confidence": 0.0867, "bid": "1552972098"}}, {"type": "Feature", "geometry": {"type": "MultiPolygon", "coordinates": [[[[85.3361904, 28.1609595], [85.3362696, 28.1609319], [85.3363044, 28.1610094], [85.3362251, 28.161037], [85.3361904, 28.1609595]]]]}, "properties": {"source": "hot-fair", "dmg": 1.0, "dmg_class": 3, "dmg_label": "Destroyed", "confidence": 0.9904, "bid": "1552968627"}}, {"type": "Feature", "geometry": {"type": "MultiPolygon", "coordinates": [[[[85.3361206, 28.1606362], [85.3361916, 28.1606095], [85.3362217, 28.1606715], [85.3361507, 28.1606983], [85.3361206, 28.1606362]]]]}, "properties": {"source": "hot-fair", "dmg": 1.0, "dmg_class": 3, "dmg_label": "Destroyed", "confidence": 0.9966, "bid": "1552968626"}}, {"type": "Feature", "geometry": {"type": "MultiPolygon", "coordinates": [[[[85.3359881, 28.1609745], [85.3359887, 28.1609441], [85.3360143, 28.1609445], [85.3360137, 28.1609749], [85.3359881, 28.1609745]]]]}, "properties": {"source": "hot-fair", "dmg": 1.0, "dmg_class": 3, "dmg_label": "Destroyed", "confidence": 0.961, "bid": "1552968624"}}, {"type": "Feature", "geometry": {"type": "MultiPolygon", "coordinates": [[[[85.3357966, 28.1606074], [85.3358598, 28.1605961], [85.3358752, 28.160663], [85.3358437, 28.1606686], [85.3358488, 28.1606907], [85.3358172, 28.1606963], [85.3357966, 28.1606074]]]]}, "properties": {"source": "hot-fair", "dmg": 1.0, "dmg_class": 3, "dmg_label": "Destroyed", "confidence": 0.9996, "bid": "854115531"}}, {"type": "Feature", "geometry": {"type": "MultiPolygon", "coordinates": [[[[85.3362745, 28.1613776], [85.3363512, 28.1613598], [85.336388, 28.161483], [85.3363113, 28.1615008], [85.3362745, 28.1613776]]]]}, "properties": {"source": "hot-fair", "dmg": 1.0, "dmg_class": 3, "dmg_label": "Destroyed", "confidence": 0.858, "bid": "854115528"}}, {"type": "Feature", "geometry": {"type": "MultiPolygon", "coordinates": [[[[85.3367611, 28.161643], [85.3368402, 28.161643], [85.3368402, 28.1617009], [85.3367611, 28.1617009], [85.3367611, 28.161643]]]]}, "properties": {"source": "hot-fair", "dmg": 1.0, "dmg_class": 3, "dmg_label": "Destroyed", "confidence": 0.9975, "bid": "854113225"}}, {"type": "Feature", "geometry": {"type": "MultiPolygon", "coordinates": [[[[85.3359591, 28.1601509], [85.3359874, 28.1601128], [85.3360692, 28.1601601], [85.3360409, 28.1601982], [85.3359591, 28.1601509]]]]}, "properties": {"source": "hot-fair", "dmg": 1.0, "dmg_class": 3, "dmg_label": "Destroyed", "confidence": 0.9989, "bid": "851001706"}}, {"type": "Feature", "geometry": {"type": "MultiPolygon", "coordinates": [[[[85.3363074, 28.1605715], [85.3363742, 28.160529], [85.3364459, 28.1606165], [85.3363791, 28.160659], [85.3363074, 28.1605715]]]]}, "properties": {"source": "hot-fair", "dmg": 1.0, "dmg_class": 3, "dmg_label": "Destroyed", "confidence": 0.9959, "bid": "851001703"}}, {"type": "Feature", "geometry": {"type": "MultiPolygon", "coordinates": [[[[85.336158, 28.1616758], [85.3362498, 28.1616278], [85.3363564, 28.1617863], [85.3362646, 28.1618343], [85.336158, 28.1616758]]]]}, "properties": {"source": "hot-fair", "dmg": 1.0, "dmg_class": 3, "dmg_label": "Destroyed", "confidence": 0.9771, "bid": "769001578"}}, {"type": "Feature", "geometry": {"type": "MultiPolygon", "coordinates": [[[[85.335786, 28.1617282], [85.3358324, 28.1617], [85.3358861, 28.1617685], [85.3358397, 28.1617967], [85.335786, 28.1617282]]]]}, "properties": {"source": "hot-fair", "dmg": 1.0, "dmg_class": 3, "dmg_label": "Destroyed", "confidence": 0.9758, "bid": "854385629"}}, {"type": "Feature", "geometry": {"type": "MultiPolygon", "coordinates": [[[[85.3324145, 28.1606079], [85.3324541, 28.1605334], [85.3325104, 28.1605566], [85.3324708, 28.1606311], [85.3324145, 28.1606079]]]]}, "properties": {"source": "hot-fair", "dmg": 1.0, "dmg_class": 3, "dmg_label": "Destroyed", "confidence": 0.7424, "bid": "854115537"}}, {"type": "Feature", "geometry": {"type": "MultiPolygon", "coordinates": [[[[85.3364392, 28.1609856], [85.3365706, 28.1609265], [85.3366125, 28.1609989], [85.3364811, 28.1610581], [85.3364392, 28.1609856]]]]}, "properties": {"source": "hot-fair", "dmg": 1.0, "dmg_class": 3, "dmg_label": "Destroyed", "confidence": 0.9787, "bid": "854113227"}}, {"type": "Feature", "geometry": {"type": "MultiPolygon", "coordinates": [[[[85.3364512, 28.161137], [85.336553, 28.1611148], [85.3365711, 28.1611792], [85.3364693, 28.1612014], [85.3364512, 28.161137]]]]}, "properties": {"source": "hot-fair", "dmg": 1.0, "dmg_class": 3, "dmg_label": "Destroyed", "confidence": 0.9873, "bid": "851001701"}}, {"type": "Feature", "geometry": {"type": "MultiPolygon", "coordinates": [[[[85.3362675, 28.16115], [85.3363111, 28.1611361], [85.3363339, 28.1611917], [85.3362903, 28.1612056], [85.3362675, 28.16115]]]]}, "properties": {"source": "hot-fair", "dmg": 1.0, "dmg_class": 3, "dmg_label": "Destroyed", "confidence": 0.9914, "bid": "854113229"}}, {"type": "Feature", "geometry": {"type": "MultiPolygon", "coordinates": [[[[85.3363265, 28.1615804], [85.3364182, 28.1615625], [85.336441, 28.1616535], [85.3363493, 28.1616714], [85.3363265, 28.1615804]]]]}, "properties": {"source": "hot-fair", "dmg": 1.0, "dmg_class": 3, "dmg_label": "Destroyed", "confidence": 0.9841, "bid": "854115527"}}, {"type": "Feature", "geometry": {"type": "MultiPolygon", "coordinates": [[[[85.3366222, 28.1616879], [85.3367235, 28.1616643], [85.3367597, 28.1617849], [85.3366584, 28.1618085], [85.3366222, 28.1616879]]]]}, "properties": {"source": "hot-fair", "dmg": 1.0, "dmg_class": 3, "dmg_label": "Destroyed", "confidence": 0.9937, "bid": "854113226"}}, {"type": "Feature", "geometry": {"type": "MultiPolygon", "coordinates": [[[[85.3361612, 28.1607714], [85.3362266, 28.1607453], [85.3362547, 28.1607998], [85.3361893, 28.1608259], [85.3361612, 28.1607714]]]]}, "properties": {"source": "hot-fair", "dmg": 1.0, "dmg_class": 3, "dmg_label": "Destroyed", "confidence": 0.9949, "bid": "1132149397"}}, {"type": "Feature", "geometry": {"type": "MultiPolygon", "coordinates": [[[[85.3360707, 28.1604716], [85.3361235, 28.1604498], [85.3361796, 28.160555], [85.3361267, 28.1605769], [85.3360707, 28.1604716]]]]}, "properties": {"source": "hot-fair", "dmg": 1.0, "dmg_class": 3, "dmg_label": "Destroyed", "confidence": 0.9987, "bid": "1552968628"}}, {"type": "Feature", "geometry": {"type": "MultiPolygon", "coordinates": [[[[85.3361947, 28.1608301], [85.3362531, 28.1608069], [85.3362847, 28.1608727], [85.3362319, 28.1608947], [85.3361947, 28.1608301]]]]}, "properties": {"source": "hot-fair", "dmg": 1.0, "dmg_class": 3, "dmg_label": "Destroyed", "confidence": 0.9538, "bid": "851001699"}}, {"type": "Feature", "geometry": {"type": "MultiPolygon", "coordinates": [[[[85.3362091, 28.1610552], [85.336248, 28.161037], [85.3362829, 28.1610949], [85.3362439, 28.1611132], [85.3362091, 28.1610552]]]]}, "properties": {"source": "hot-fair", "dmg": 1.0, "dmg_class": 3, "dmg_label": "Destroyed", "confidence": 0.995, "bid": "854113228"}}, {"type": "Feature", "geometry": {"type": "MultiPolygon", "coordinates": [[[[85.332826, 28.161009], [85.3328657, 28.1610001], [85.3328885, 28.1610793], [85.3328488, 28.1610882], [85.332826, 28.161009]]]]}, "properties": {"source": "hot-fair", "dmg": 0.0, "dmg_class": 0, "dmg_label": "No damage", "confidence": 0.7422, "bid": "851001720"}}, {"type": "Feature", "geometry": {"type": "MultiPolygon", "coordinates": [[[[85.3367081, 28.1607232], [85.3367369, 28.1607054], [85.3367603, 28.160735], [85.3367315, 28.1607528], [85.3367081, 28.1607232]]]]}, "properties": {"source": "hot-fair", "dmg": 1.0, "dmg_class": 3, "dmg_label": "Destroyed", "confidence": 0.9981, "bid": "1553061065"}}, {"type": "Feature", "geometry": {"type": "MultiPolygon", "coordinates": [[[[85.3366591, 28.1607184], [85.3366848, 28.1607044], [85.3367123, 28.1607434], [85.3366866, 28.1607574], [85.3366591, 28.1607184]]]]}, "properties": {"source": "hot-fair", "dmg": 1.0, "dmg_class": 3, "dmg_label": "Destroyed", "confidence": 0.9988, "bid": "1553061066"}}, {"type": "Feature", "geometry": {"type": "MultiPolygon", "coordinates": [[[[85.3366229, 28.1606581], [85.3366533, 28.1606411], [85.3366801, 28.1606783], [85.3366497, 28.1606954], [85.3366229, 28.1606581]]]]}, "properties": {"source": "hot-fair", "dmg": 1.0, "dmg_class": 3, "dmg_label": "Destroyed", "confidence": 0.9976, "bid": "1553061067"}}, {"type": "Feature", "geometry": {"type": "MultiPolygon", "coordinates": [[[[85.3366946, 28.1610353], [85.3367346, 28.1610242], [85.3367681, 28.1611182], [85.3367282, 28.1611293], [85.3366946, 28.1610353]]]]}, "properties": {"source": "hot-fair", "dmg": 1.0, "dmg_class": 3, "dmg_label": "Destroyed", "confidence": 0.9961, "bid": "1553061068"}}, {"type": "Feature", "geometry": {"type": "MultiPolygon", "coordinates": [[[[85.3367738, 28.1610584], [85.3368025, 28.1610469], [85.3368273, 28.1610954], [85.3367986, 28.1611068], [85.3367738, 28.1610584]]]]}, "properties": {"source": "hot-fair", "dmg": 1.0, "dmg_class": 3, "dmg_label": "Destroyed", "confidence": 0.9919, "bid": "1553061069"}}, {"type": "Feature", "geometry": {"type": "MultiPolygon", "coordinates": [[[[85.3367876, 28.161194], [85.3368328, 28.1611842], [85.3368575, 28.1612735], [85.3368124, 28.1612832], [85.3367876, 28.161194]]]]}, "properties": {"source": "hot-fair", "dmg": 1.0, "dmg_class": 3, "dmg_label": "Destroyed", "confidence": 0.9898, "bid": "343851628"}}, {"type": "Feature", "geometry": {"type": "MultiPolygon", "coordinates": [[[[85.3324574, 28.1606924], [85.3324628, 28.160651], [85.3324876, 28.1606535], [85.3324823, 28.1606949], [85.3324574, 28.1606924]]]]}, "properties": {"source": "hot-fair", "dmg": 0.3333333333333333, "dmg_class": 1, "dmg_label": "Minor damage", "confidence": 0.0446, "bid": "1553070039"}}, {"type": "Feature", "geometry": {"type": "MultiPolygon", "coordinates": [[[[85.3365846, 28.1608618], [85.336586, 28.1608169], [85.3366242, 28.1608177], [85.3366229, 28.1608627], [85.3365846, 28.1608618]]]]}, "properties": {"source": "hot-fair", "dmg": 1.0, "dmg_class": 3, "dmg_label": "Destroyed", "confidence": 0.9977, "bid": "1553070045"}}, {"type": "Feature", "geometry": {"type": "MultiPolygon", "coordinates": [[[[85.3364396, 28.1608758], [85.336563, 28.1608309], [85.3365806, 28.1608686], [85.3364573, 28.1609135], [85.3364396, 28.1608758]]]]}, "properties": {"source": "hot-fair", "dmg": 1.0, "dmg_class": 3, "dmg_label": "Destroyed", "confidence": 0.995, "bid": "1553070046"}}, {"type": "Feature", "geometry": {"type": "MultiPolygon", "coordinates": [[[[85.3366216, 28.1609868], [85.336649, 28.1609602], [85.3366933, 28.1609957], [85.3366658, 28.1610223], [85.3366216, 28.1609868]]]]}, "properties": {"source": "hot-fair", "dmg": 1.0, "dmg_class": 3, "dmg_label": "Destroyed", "confidence": 0.9848, "bid": "1553070047"}}, {"type": "Feature", "geometry": {"type": "MultiPolygon", "coordinates": [[[[85.3368034, 28.1613515], [85.3368671, 28.1613498], [85.3368683, 28.1613835], [85.3368046, 28.1613853], [85.3368034, 28.1613515]]]]}, "properties": {"source": "hot-fair", "dmg": 1.0, "dmg_class": 3, "dmg_label": "Destroyed", "confidence": 0.983, "bid": "1553070048"}}, {"type": "Feature", "geometry": {"type": "MultiPolygon", "coordinates": [[[[85.3352442, 28.160249], [85.3352876, 28.1602357], [85.3353091, 28.1602901], [85.3352657, 28.1603034], [85.3352442, 28.160249]]]]}, "properties": {"source": "hot-fair", "dmg": 1.0, "dmg_class": 3, "dmg_label": "Destroyed", "confidence": 0.9818, "bid": "1553070060"}}, {"type": "Feature", "geometry": {"type": "MultiPolygon", "coordinates": [[[[85.3353676, 28.1603956], [85.3353824, 28.1603758], [85.3354454, 28.1604122], [85.3354306, 28.1604321], [85.3353676, 28.1603956]]]]}, "properties": {"source": "hot-fair", "dmg": 1.0, "dmg_class": 3, "dmg_label": "Destroyed", "confidence": 0.9977, "bid": "1553070061"}}, {"type": "Feature", "geometry": {"type": "MultiPolygon", "coordinates": [[[[85.3360842, 28.1609491], [85.3361186, 28.1609383], [85.3361604, 28.1610422], [85.3361259, 28.1610529], [85.3360842, 28.1609491]]]]}, "properties": {"source": "hot-fair", "dmg": 1.0, "dmg_class": 3, "dmg_label": "Destroyed", "confidence": 0.9916, "bid": "1132149399"}}, {"type": "Feature", "geometry": {"type": "MultiPolygon", "coordinates": [[[[85.3360878, 28.1608641], [85.3361219, 28.1608498], [85.3361637, 28.1609273], [85.3361296, 28.1609416], [85.3360878, 28.1608641]]]]}, "properties": {"source": "hot-fair", "dmg": 1.0, "dmg_class": 3, "dmg_label": "Destroyed", "confidence": 0.9965, "bid": "854115529"}}, {"type": "Feature", "geometry": {"type": "MultiPolygon", "coordinates": [[[[85.3361947, 28.160349], [85.3362433, 28.1603198], [85.3362773, 28.1603638], [85.3362983, 28.1603511], [85.3363264, 28.1603875], [85.3362568, 28.1604293], [85.3361947, 28.160349]]]]}, "properties": {"source": "hot-fair", "dmg": 1.0, "dmg_class": 3, "dmg_label": "Destroyed", "confidence": 0.998, "bid": "1132149398"}}, {"type": "Feature", "geometry": {"type": "MultiPolygon", "coordinates": [[[[85.3366117, 28.1614309], [85.3367699, 28.1613978], [85.3368013, 28.1615142], [85.336643, 28.1615473], [85.3366117, 28.1614309]]]]}, "properties": {"source": "hot-fair", "dmg": 1.0, "dmg_class": 3, "dmg_label": "Destroyed", "confidence": 0.9929, "bid": "854113224"}}, {"type": "Feature", "geometry": {"type": "MultiPolygon", "coordinates": [[[[85.3363788, 28.1604498], [85.3364403, 28.1603947], [85.3364852, 28.1604338], [85.3364237, 28.1604888], [85.3363788, 28.1604498]]]]}, "properties": {"source": "hot-fair", "dmg": 1.0, "dmg_class": 3, "dmg_label": "Destroyed", "confidence": 0.9976, "bid": "851001705"}}, {"type": "Feature", "geometry": {"type": "MultiPolygon", "coordinates": [[[[85.3365343, 28.1613185], [85.3365425, 28.1613177], [85.3365378, 28.1612821], [85.3366971, 28.161266], [85.3367088, 28.1613561], [85.3365414, 28.1613731], [85.3365343, 28.1613185]]]]}, "properties": {"source": "hot-fair", "dmg": 1.0, "dmg_class": 3, "dmg_label": "Destroyed", "confidence": 0.9958, "bid": "769001599"}}, {"type": "Feature", "geometry": {"type": "MultiPolygon", "coordinates": [[[[85.3362528, 28.1605118], [85.3363011, 28.1604786], [85.3363377, 28.16052], [85.3362893, 28.1605532], [85.3362528, 28.1605118]]]]}, "properties": {"source": "hot-fair", "dmg": 1.0, "dmg_class": 3, "dmg_label": "Destroyed", "confidence": 0.9989, "bid": "851001704"}}, {"type": "Feature", "geometry": {"type": "MultiPolygon", "coordinates": [[[[85.3360806, 28.1611468], [85.336193, 28.1610972], [85.3362433, 28.1611859], [85.3361309, 28.1612354], [85.3360806, 28.1611468]]]]}, "properties": {"source": "hot-fair", "dmg": 1.0, "dmg_class": 3, "dmg_label": "Destroyed", "confidence": 0.9937, "bid": "851001700"}}, {"type": "Feature", "geometry": {"type": "MultiPolygon", "coordinates": [[[[85.3361571, 28.1608854], [85.3361983, 28.1608685], [85.3362239, 28.1609171], [85.3361828, 28.160934], [85.3361571, 28.1608854]]]]}, "properties": {"source": "hot-fair", "dmg": 1.0, "dmg_class": 3, "dmg_label": "Destroyed", "confidence": 0.9868, "bid": "769001612"}}, {"type": "Feature", "geometry": {"type": "MultiPolygon", "coordinates": [[[[85.3358469, 28.1608013], [85.3358868, 28.1607898], [85.3359069, 28.1608442], [85.335867, 28.1608556], [85.3358469, 28.1608013]]]]}, "properties": {"source": "hot-fair", "dmg": 1.0, "dmg_class": 3, "dmg_label": "Destroyed", "confidence": 0.9949, "bid": "854115530"}}, {"type": "Feature", "geometry": {"type": "MultiPolygon", "coordinates": [[[[85.3322308, 28.1608236], [85.3322483, 28.1607704], [85.3322948, 28.1607823], [85.3322774, 28.1608355], [85.3322308, 28.1608236]]]]}, "properties": {"source": "hot-fair", "dmg": 0.0, "dmg_class": 0, "dmg_label": "No damage", "confidence": 0.8418, "bid": "851001721"}}, {"type": "Feature", "geometry": {"type": "MultiPolygon", "coordinates": [[[[85.3360284, 28.1613782], [85.3361303, 28.1613335], [85.3362367, 28.1615224], [85.3361347, 28.161567], [85.3360284, 28.1613782]]]]}, "properties": {"source": "hot-fair", "dmg": 1.0, "dmg_class": 3, "dmg_label": "Destroyed", "confidence": 0.9163, "bid": "851001707"}}, {"type": "Feature", "geometry": {"type": "MultiPolygon", "coordinates": [[[[85.3364271, 28.1607018], [85.3365755, 28.1606434], [85.3366318, 28.1607545], [85.3364834, 28.160813], [85.3364271, 28.1607018]]]]}, "properties": {"source": "hot-fair", "dmg": 1.0, "dmg_class": 3, "dmg_label": "Destroyed", "confidence": 0.9982, "bid": "851001702"}}, {"type": "Feature", "geometry": {"type": "MultiPolygon", "coordinates": [[[[85.3359419, 28.1610018], [85.3360019, 28.160985], [85.3360438, 28.161101], [85.3359838, 28.1611179], [85.3359419, 28.1610018]]]]}, "properties": {"source": "hot-fair", "dmg": 1.0, "dmg_class": 3, "dmg_label": "Destroyed", "confidence": 0.9692, "bid": "769001613"}}, {"type": "Feature", "geometry": {"type": "MultiPolygon", "coordinates": [[[[85.3188224, 28.1470543], [85.3188586, 28.1470259], [85.3188884, 28.1470555], [85.3188522, 28.1470839], [85.3188224, 28.1470543]]]]}, "properties": {"source": "hot-fair", "dmg": 1.0, "dmg_class": 3, "dmg_label": "Destroyed", "confidence": 0.9978, "bid": "847018445"}}, {"type": "Feature", "geometry": {"type": "MultiPolygon", "coordinates": [[[[85.3198564, 28.1458375], [85.3198899, 28.1458221], [85.3199224, 28.1458771], [85.3198888, 28.1458925], [85.3198564, 28.1458375]]]]}, "properties": {"source": "hot-fair", "dmg": 0.6666666666666666, "dmg_class": 2, "dmg_label": "Major damage", "confidence": 0.0877, "bid": "847018444"}}, {"type": "Feature", "geometry": {"type": "MultiPolygon", "coordinates": [[[[85.3200495, 28.1457748], [85.3200575, 28.1457344], [85.32015, 28.1457486], [85.3201421, 28.145789], [85.3200495, 28.1457748]]]]}, "properties": {"source": "hot-fair", "dmg": 0.6666666666666666, "dmg_class": 2, "dmg_label": "Major damage", "confidence": 0.079, "bid": "847018460"}}, {"type": "Feature", "geometry": {"type": "MultiPolygon", "coordinates": [[[[85.3201991, 28.145697], [85.3202701, 28.1456828], [85.3202856, 28.1457429], [85.3202145, 28.1457571], [85.3201991, 28.145697]]]]}, "properties": {"source": "hot-fair", "dmg": 0.3333333333333333, "dmg_class": 1, "dmg_label": "Minor damage", "confidence": 0.0494, "bid": "847018462"}}, {"type": "Feature", "geometry": {"type": "MultiPolygon", "coordinates": [[[[85.3202317, 28.145603], [85.3202719, 28.1455988], [85.3202775, 28.1456412], [85.3202373, 28.1456453], [85.3202317, 28.145603]]]]}, "properties": {"source": "hot-fair", "dmg": 0.6666666666666666, "dmg_class": 2, "dmg_label": "Major damage", "confidence": 0.053, "bid": "847018463"}}, {"type": "Feature", "geometry": {"type": "MultiPolygon", "coordinates": [[[[85.3200428, 28.1455951], [85.3200629, 28.1455608], [85.3201044, 28.1455797], [85.3200843, 28.145614], [85.3200428, 28.1455951]]]]}, "properties": {"source": "hot-fair", "dmg": 0.3333333333333333, "dmg_class": 1, "dmg_label": "Minor damage", "confidence": 0.0378, "bid": "847018452"}}, {"type": "Feature", "geometry": {"type": "MultiPolygon", "coordinates": [[[[85.3198846, 28.14553], [85.3199372, 28.1455193], [85.3199613, 28.1456115], [85.3199087, 28.1456222], [85.3198846, 28.14553]]]]}, "properties": {"source": "hot-fair", "dmg": 0.6666666666666666, "dmg_class": 2, "dmg_label": "Major damage", "confidence": 0.1327, "bid": "847018457"}}, {"type": "Feature", "geometry": {"type": "MultiPolygon", "coordinates": [[[[85.3198872, 28.1456589], [85.3199526, 28.1456165], [85.3200049, 28.1456792], [85.3199396, 28.1457216], [85.3198872, 28.1456589]]]]}, "properties": {"source": "hot-fair", "dmg": 0.3333333333333333, "dmg_class": 1, "dmg_label": "Minor damage", "confidence": 0.055, "bid": "847018458"}}, {"type": "Feature", "geometry": {"type": "MultiPolygon", "coordinates": [[[[85.3199691, 28.1457263], [85.3200021, 28.1456885], [85.3200544, 28.145724], [85.3200214, 28.1457618], [85.3199691, 28.1457263]]]]}, "properties": {"source": "hot-fair", "dmg": 0.3333333333333333, "dmg_class": 1, "dmg_label": "Minor damage", "confidence": 0.0487, "bid": "847018459"}}, {"type": "Feature", "geometry": {"type": "MultiPolygon", "coordinates": [[[[85.3197826, 28.145277], [85.319851, 28.1452663], [85.31986, 28.1453112], [85.3197916, 28.1453219], [85.3197826, 28.145277]]]]}, "properties": {"source": "hot-fair", "dmg": 0.3333333333333333, "dmg_class": 1, "dmg_label": "Minor damage", "confidence": 0.0395, "bid": "847018453"}}, {"type": "Feature", "geometry": {"type": "MultiPolygon", "coordinates": [[[[85.3198886, 28.1452941], [85.3199323, 28.1452676], [85.3199766, 28.1453244], [85.3199328, 28.1453509], [85.3198886, 28.1452941]]]]}, "properties": {"source": "hot-fair", "dmg": 0.6666666666666666, "dmg_class": 2, "dmg_label": "Major damage", "confidence": 0.1217, "bid": "847018454"}}, {"type": "Feature", "geometry": {"type": "MultiPolygon", "coordinates": [[[[85.3198383, 28.1453816], [85.3198954, 28.1453647], [85.3199189, 28.1454262], [85.3198618, 28.1454431], [85.3198383, 28.1453816]]]]}, "properties": {"source": "hot-fair", "dmg": 0.6666666666666666, "dmg_class": 2, "dmg_label": "Major damage", "confidence": 0.1452, "bid": "847018455"}}, {"type": "Feature", "geometry": {"type": "MultiPolygon", "coordinates": [[[[85.3198691, 28.1454514], [85.3199242, 28.145444], [85.3199349, 28.1455067], [85.3198799, 28.145514], [85.3198691, 28.1454514]]]]}, "properties": {"source": "hot-fair", "dmg": 0.3333333333333333, "dmg_class": 1, "dmg_label": "Minor damage", "confidence": 0.0441, "bid": "847018456"}}, {"type": "Feature", "geometry": {"type": "MultiPolygon", "coordinates": [[[[85.3201072, 28.1454437], [85.3201377, 28.1454254], [85.3201659, 28.1454621], [85.3201354, 28.1454803], [85.3201072, 28.1454437]]]]}, "properties": {"source": "hot-fair", "dmg": 0.3333333333333333, "dmg_class": 1, "dmg_label": "Minor damage", "confidence": 0.0408, "bid": "847018451"}}, {"type": "Feature", "geometry": {"type": "MultiPolygon", "coordinates": [[[[85.320036, 28.1451929], [85.3200749, 28.1451775], [85.3200857, 28.1451989], [85.3200468, 28.1452143], [85.320036, 28.1451929]]]]}, "properties": {"source": "hot-fair", "dmg": 0.0, "dmg_class": 0, "dmg_label": "No damage", "confidence": 0.8692, "bid": "847018450"}}, {"type": "Feature", "geometry": {"type": "MultiPolygon", "coordinates": [[[[85.3213289, 28.1460976], [85.3213571, 28.1460742], [85.3214255, 28.146138], [85.3213973, 28.1461615], [85.3213289, 28.1460976]]]]}, "properties": {"source": "hot-fair", "dmg": 0.0, "dmg_class": 0, "dmg_label": "No damage", "confidence": 0.952, "bid": "847018442"}}, {"type": "Feature", "geometry": {"type": "MultiPolygon", "coordinates": [[[[85.3204264, 28.1455454], [85.3205176, 28.1455395], [85.3205216, 28.1455878], [85.3204304, 28.1455937], [85.3204264, 28.1455454]]]]}, "properties": {"source": "hot-fair", "dmg": 0.3333333333333333, "dmg_class": 1, "dmg_label": "Minor damage", "confidence": 0.0837, "bid": "847018467"}}, {"type": "Feature", "geometry": {"type": "MultiPolygon", "coordinates": [[[[85.3203647, 28.1456163], [85.320366, 28.1455773], [85.3204103, 28.1455785], [85.3204089, 28.1456175], [85.3203647, 28.1456163]]]]}, "properties": {"source": "hot-fair", "dmg": 0.3333333333333333, "dmg_class": 1, "dmg_label": "Minor damage", "confidence": 0.0626, "bid": "847018466"}}, {"type": "Feature", "geometry": {"type": "MultiPolygon", "coordinates": [[[[85.3203332, 28.1456199], [85.3203358, 28.1455797], [85.3203579, 28.1455808], [85.3203552, 28.145621], [85.3203332, 28.1456199]]]]}, "properties": {"source": "hot-fair", "dmg": 0.3333333333333333, "dmg_class": 1, "dmg_label": "Minor damage", "confidence": 0.0609, "bid": "847018464"}}, {"type": "Feature", "geometry": {"type": "MultiPolygon", "coordinates": [[[[85.3202882, 28.1455891], [85.3203188, 28.1455851], [85.3203255, 28.1456241], [85.3202949, 28.1456282], [85.3202882, 28.1455891]]]]}, "properties": {"source": "hot-fair", "dmg": 0.6666666666666666, "dmg_class": 2, "dmg_label": "Major damage", "confidence": 0.0575, "bid": "847018465"}}, {"type": "Feature", "geometry": {"type": "MultiPolygon", "coordinates": [[[[85.3202976, 28.1457346], [85.3203017, 28.1456672], [85.3203639, 28.1456701], [85.3203599, 28.1457375], [85.3202976, 28.1457346]]]]}, "properties": {"source": "hot-fair", "dmg": 0.6666666666666666, "dmg_class": 2, "dmg_label": "Major damage", "confidence": 0.0341, "bid": "847018461"}}, {"type": "Feature", "geometry": {"type": "MultiPolygon", "coordinates": [[[[85.3211036, 28.1465742], [85.3211334, 28.1465563], [85.3211535, 28.1465823], [85.3211237, 28.1466002], [85.3211036, 28.1465742]]]]}, "properties": {"source": "hot-fair", "dmg": 0.3333333333333333, "dmg_class": 1, "dmg_label": "Minor damage", "confidence": 0.1295, "bid": "847018438"}}, {"type": "Feature", "geometry": {"type": "MultiPolygon", "coordinates": [[[[85.3213276, 28.1465836], [85.3213397, 28.1465375], [85.3214045, 28.1465507], [85.3213924, 28.1465968], [85.3213276, 28.1465836]]]]}, "properties": {"source": "hot-fair", "dmg": 0.6666666666666666, "dmg_class": 2, "dmg_label": "Major damage", "confidence": 0.2039, "bid": "847018439"}}, {"type": "Feature", "geometry": {"type": "MultiPolygon", "coordinates": [[[[85.320467, 28.1453893], [85.3205448, 28.1453882], [85.3205457, 28.1454366], [85.3204679, 28.1454378], [85.320467, 28.1453893]]]]}, "properties": {"source": "hot-fair", "dmg": 0.0, "dmg_class": 0, "dmg_label": "No damage", "confidence": 0.8891, "bid": "847018468"}}, {"type": "Feature", "geometry": {"type": "MultiPolygon", "coordinates": [[[[85.3207879, 28.1458025], [85.3208946, 28.145794], [85.3208969, 28.1458167], [85.320864, 28.1458193], [85.3208695, 28.1458736], [85.3207958, 28.1458795], [85.3207879, 28.1458025]]]]}, "properties": {"source": "hot-fair", "dmg": 0.3333333333333333, "dmg_class": 1, "dmg_label": "Minor damage", "confidence": 0.0743, "bid": "847018449"}}, {"type": "Feature", "geometry": {"type": "MultiPolygon", "coordinates": [[[[85.323634, 28.1486118], [85.3236766, 28.1485611], [85.3237458, 28.1486064], [85.3237032, 28.148657], [85.323634, 28.1486118]]]]}, "properties": {"source": "hot-fair", "dmg": 0.3333333333333333, "dmg_class": 1, "dmg_label": "Minor damage", "confidence": 0.1795, "bid": "1552940621"}}, {"type": "Feature", "geometry": {"type": "MultiPolygon", "coordinates": [[[[85.3234507, 28.1487383], [85.323471, 28.148703], [85.3235464, 28.1487366], [85.3235262, 28.1487719], [85.3234507, 28.1487383]]]]}, "properties": {"source": "hot-fair", "dmg": 0.6666666666666666, "dmg_class": 2, "dmg_label": "Major damage", "confidence": 0.3576, "bid": "1552940622"}}, {"type": "Feature", "geometry": {"type": "MultiPolygon", "coordinates": [[[[85.3205902, 28.1456565], [85.3206191, 28.1456127], [85.3206469, 28.145627], [85.320618, 28.1456708], [85.3205902, 28.1456565]]]]}, "properties": {"source": "hot-fair", "dmg": 0.0, "dmg_class": 0, "dmg_label": "No damage", "confidence": 0.8301, "bid": "1552940624"}}, {"type": "Feature", "geometry": {"type": "MultiPolygon", "coordinates": [[[[85.3206378, 28.1456718], [85.3206667, 28.1456281], [85.3206945, 28.1456424], [85.3206656, 28.1456861], [85.3206378, 28.1456718]]]]}, "properties": {"source": "hot-fair", "dmg": 0.0, "dmg_class": 0, "dmg_label": "No damage", "confidence": 0.7995, "bid": "1552940625"}}, {"type": "Feature", "geometry": {"type": "MultiPolygon", "coordinates": [[[[85.3212561, 28.1467058], [85.3212885, 28.1466798], [85.3213306, 28.1467205], [85.3212982, 28.1467465], [85.3212561, 28.1467058]]]]}, "properties": {"source": "hot-fair", "dmg": 0.3333333333333333, "dmg_class": 1, "dmg_label": "Minor damage", "confidence": 0.0843, "bid": "1552940626"}}, {"type": "Feature", "geometry": {"type": "MultiPolygon", "coordinates": [[[[85.3209947, 28.1465898], [85.3210203, 28.1465731], [85.3210471, 28.1466048], [85.3210215, 28.1466216], [85.3209947, 28.1465898]]]]}, "properties": {"source": "hot-fair", "dmg": 0.6666666666666666, "dmg_class": 2, "dmg_label": "Major damage", "confidence": 0.2609, "bid": "1552940627"}}, {"type": "Feature", "geometry": {"type": "MultiPolygon", "coordinates": [[[[85.320943, 28.1465467], [85.3209712, 28.1465298], [85.3209967, 28.1465628], [85.3209685, 28.1465797], [85.320943, 28.1465467]]]]}, "properties": {"source": "hot-fair", "dmg": 0.0, "dmg_class": 0, "dmg_label": "No damage", "confidence": 0.8406, "bid": "1552940628"}}, {"type": "Feature", "geometry": {"type": "MultiPolygon", "coordinates": [[[[85.3235313, 28.1487087], [85.3235444, 28.1486848], [85.3235855, 28.1487023], [85.3235725, 28.1487262], [85.3235313, 28.1487087]]]]}, "properties": {"source": "hot-fair", "dmg": 0.6666666666666666, "dmg_class": 2, "dmg_label": "Major damage", "confidence": 0.3731, "bid": "1552940630"}}, {"type": "Feature", "geometry": {"type": "MultiPolygon", "coordinates": [[[[85.3238065, 28.1494075], [85.3238729, 28.1493875], [85.3238874, 28.149425], [85.3238211, 28.149445], [85.3238065, 28.1494075]]]]}, "properties": {"source": "hot-fair", "dmg": 0.3333333333333333, "dmg_class": 1, "dmg_label": "Minor damage", "confidence": 0.0582, "bid": "1552940631"}}, {"type": "Feature", "geometry": {"type": "MultiPolygon", "coordinates": [[[[85.3211224, 28.1466546], [85.3211546, 28.1466156], [85.3211897, 28.1466381], [85.3211575, 28.1466771], [85.3211224, 28.1466546]]]]}, "properties": {"source": "hot-fair", "dmg": 0.3333333333333333, "dmg_class": 1, "dmg_label": "Minor damage", "confidence": 0.0992, "bid": "1553071601"}}, {"type": "Feature", "geometry": {"type": "MultiPolygon", "coordinates": [[[[85.3235981, 28.1487724], [85.3236236, 28.1486908], [85.3236919, 28.1487074], [85.3236664, 28.148789], [85.3235981, 28.1487724]]]]}, "properties": {"source": "hot-fair", "dmg": 0.0, "dmg_class": 0, "dmg_label": "No damage", "confidence": 0.7877, "bid": "1553071602"}}, {"type": "Feature", "geometry": {"type": "MultiPolygon", "coordinates": [[[[85.320012, 28.1452876], [85.3200576, 28.1452876], [85.3200576, 28.1454638], [85.320012, 28.1454638], [85.320012, 28.1452876]]]]}, "properties": {"source": "hot-fair", "dmg": 0.3333333333333333, "dmg_class": 1, "dmg_label": "Minor damage", "confidence": 0.0361, "bid": "1553071605"}}, {"type": "Feature", "geometry": {"type": "MultiPolygon", "coordinates": [[[[85.3201117, 28.1455733], [85.3201479, 28.1455721], [85.3201488, 28.1455921], [85.3201126, 28.1455933], [85.3201117, 28.1455733]]]]}, "properties": {"source": "hot-fair", "dmg": 0.3333333333333333, "dmg_class": 1, "dmg_label": "Minor damage", "confidence": 0.0382, "bid": "1553071606"}}]}