rm_name,rm_type,lat,lng,source,beds,alt_name
अक्सफर्ड बोर्डिङ स्कुल,school,27.7202,85.3018,OSM infrastructure,,
मनमोहन मेमोरियल अस्पताल,hospital,27.7179,85.3112,OSM infrastructure,,
सैनिक अस्पताल,hospital,27.7114,85.2913,OSM + Healthsites,,
धन्वन्तरी आयुर्वेद अस्पताल तथा अनुसन्धान केन्द्र,hospital,27.7324,85.3444,OSM + Healthsites,,
सचदेवा संस्थान,school,27.7033,85.3192,OSM infrastructure,,
आरोग्य आश्रम,hospital,27.7178,85.3305,OSM + Healthsites,,
सहयोगी बैकलपिक विद्यालय,school,27.7210,85.3316,OSM infrastructure,,
शुसिला कला एकेडेमी,school,27.7386,85.3437,OSM infrastructure,,
न्यु सम्मिट विद्यालय,school,27.7039,85.3333,OSM infrastructure,,
बेगीनर्स होम एकेडेमी,school,27.7009,85.3220,OSM infrastructure,,
काठमाडौं उपत्यका शिक्षा केन्द्र,school,27.7018,85.3221,OSM infrastructure,,
अमेरिकन एजुकेशन फाउण्डेशन,school,27.7029,85.3226,OSM infrastructure,,
राइजिङ रे बोर्डिङ स्कूल,school,27.7026,85.3230,OSM infrastructure,,
सिमा सीए वर्गहरू क्लासेस,school,27.7022,85.3244,OSM infrastructure,,
भाइब्रेन्ट प्रवेश तयारी संस्था ,school,27.7011,85.3238,OSM infrastructure,,
Universal language and computer institute,school,27.7050,85.3250,OSM infrastructure,,
काठमाडौं अंग्रेजी विद्यालय,school,27.7133,85.3324,OSM infrastructure,,
वेस्टवुड  इन्टरनेसनल प्री विद्यालय,school,27.7226,85.3134,OSM infrastructure,,
किन्डर केयर इन्टरनेसनल,school,27.7204,85.3096,OSM infrastructure,,
सेक्रेड कोस्मोस इन्टरनेशनल एजुकेशन फाउन्डेशन प्रि-स्कूल,school,27.7261,85.3132,OSM infrastructure,,
क्युट चाइल्ड मन्टेश्वरी,school,27.7284,85.3127,OSM infrastructure,,
CIWEC Hospital,hospital,27.7203,85.3179,OSM + Healthsites,,
अन्तर्राष्ट्रिय फ्रान्सेली विद्यालय-इकोल फ्रान्सेइज इन्टरनेसनल,school,27.7251,85.3246,OSM infrastructure,,
गोरखा शिक्षा तथा करियर संस्थान,school,27.7240,85.3242,OSM infrastructure,,
सुब्बा मेडिकल सेन्टर प्रा. लि,hospital,27.7378,85.3230,OSM + Healthsites,,
एकता सदन आवासीय विद्यालय,school,27.7166,85.3336,OSM infrastructure,,
मिल्स बेरी स्कूल,school,27.7208,85.3192,OSM infrastructure,,
कुन्फेन तिब्बती चिकित्सा,hospital,27.7131,85.3092,OSM + Healthsites,,
यती अस्पताल,hospital,27.7025,85.2824,OSM + Healthsites,,
सान्द्रा नमुना विद्यालय,school,27.7195,85.3096,OSM infrastructure,,
वेस्टवुड इन्टरनेसनल प्री विद्यालय,school,27.7227,85.3134,OSM infrastructure,,
Mahadev Basi Helth post,hospital,27.7498,85.0669,OSM + Healthsites,,
दिव्या संजीवनी अस्पताल,hospital,27.7066,85.2868,OSM + Healthsites,,
Padmakanya Vidyashram H.S. School and College,school,27.7053,85.3260,OSM infrastructure,,
नेपाल डायग्नोस्टिक सेन्टर प्रा. लि.,hospital,27.7011,85.3116,OSM + Healthsites,,
नेपाल प्रहरी अस्पताल,hospital,27.7310,85.3236,OSM + Healthsites,,
,hospital,27.7297,85.3811,OSM + Healthsites,,
मनोहरा माध्यमिक विद्यालय,school,27.7057,85.4095,OSM infrastructure,,
बेला प्रि स्कुल,school,27.7056,85.2954,OSM infrastructure,,
Gosaikunda English Reading School,school,28.1643,85.3389,OSM infrastructure,,
तारिनी स्वास्थ्य केन्द्र,hospital,27.7050,85.3084,OSM + Healthsites,,
नेपाली महारिसी फाउन्डेसन फर भैदिक कल्चर,school,27.7113,85.3399,OSM infrastructure,,
सेतो बंगला आवासीय विद्यालय,school,27.7117,85.3380,OSM infrastructure,,
श्री बाल बयाबासाई केन्द्र माध्यमिक विद्यालय,school,27.7110,85.3406,OSM infrastructure,,
,hospital,27.7175,85.3476,OSM + Healthsites,,
लिसेम मोडेल विद्यालय,school,27.7149,85.3405,OSM infrastructure,,
Shree Sanjiwani Primary School,school,27.7403,85.5273,OSM infrastructure,,
मानसरोवास एकेडेमी,school,27.7269,85.3644,OSM infrastructure,,
,dam,27.7529,85.8383,OSM infrastructure,,
संस्कृती अन्तर्राष्ट्रिय विद्यालय,school,27.7188,85.2863,OSM infrastructure,,
Nepal Vipassana Meditation centre,school,27.7906,85.3711,OSM infrastructure,,
Kakani Brighter School,school,27.8175,85.2457,OSM infrastructure,,
,hospital,28.1422,85.3365,OSM + Healthsites,,
Healthpost,hospital,28.1758,85.0862,OSM + Healthsites,,
रसायन विज्ञान विभाग,school,27.7089,85.3162,OSM infrastructure,,
जीवविज्ञान विभाग,school,27.7087,85.3158,OSM infrastructure,,
भौतिकशास्त्र विभाग,school,27.7087,85.3162,OSM infrastructure,,
Lagarche Health Post,hospital,27.8685,85.6162,OSM + Healthsites,,
,school,27.7118,85.2878,OSM infrastructure,,
अनाथ विद्यालय,school,27.7121,85.2882,OSM infrastructure,,
Gauri Shankar Ni Ma Vi,school,27.9285,84.9956,OSM infrastructure,,
नेचर विद्यालय,school,27.7361,85.3175,OSM infrastructure,,
Apex Life School,school,27.7010,85.3397,OSM infrastructure,,
"Dhulikhel Hospital Outreach Centre, Manekharka",hospital,27.9376,85.6520,OSM + Healthsites,,
रुपी विद्यालय,school,27.7041,85.2861,OSM infrastructure,,
JosephPublic school,school,27.7273,85.3579,OSM infrastructure,,
काठमाडौं मेडिकल कलेज,hospital,27.7016,85.3276,OSM + Healthsites,,
चा: माटी ड्राइभिङ स्कुल,school,27.7230,85.2998,OSM infrastructure,,
Gramin Devi Secondary School,school,27.8470,85.3288,OSM infrastructure,,
अर्किड इन्टरनेशनल कलेज,school,27.7023,85.3466,OSM infrastructure,,
बिजेश्वरी ज्ञान मन्दिर सैनिक महाविद्यालय,school,27.7122,85.2976,OSM infrastructure,,
स्वीट हार्ट मोन्टेस्सोरी र डे केयर,school,27.7355,85.2965,OSM infrastructure,,
क्यान्भास बसन्त रितु अंग्रेजी बोर्डिङ स्कुल,school,27.7267,85.3167,OSM infrastructure,,
Nepal Army School,school,27.7082,85.5191,OSM infrastructure,,
श्री कालिका माध्यमिक विद्यालय,school,27.7108,85.4873,OSM infrastructure,,
माल्पी विज्ञान प्रयोगशाला,school,27.7236,85.3288,OSM infrastructure,,
एस.ई.आर.सी. विद्यालय,school,27.7308,85.3300,OSM infrastructure,,
IDA,school,27.7151,85.3431,OSM infrastructure,,
"Shree Mahakali Ma.Vi., Giran Chaur",school,27.7881,85.5552,OSM infrastructure,,
,school,27.9223,85.1406,OSM infrastructure,,
Nuwakot Adarsa Multiple Campus,school,27.8988,85.1459,OSM infrastructure,,
,hospital,27.9015,85.1458,OSM + Healthsites,,
वेस्टवुड इन्टरनेशनल स्कूल,school,27.7021,85.2936,OSM infrastructure,,
Universal English Boarding School,school,27.9180,85.2941,OSM infrastructure,,
शिन्वा कोरियन भाषा,school,27.7055,85.3205,OSM infrastructure,,
आईडीपी अष्ट्रेलिया,school,27.7182,85.3190,OSM infrastructure,,
Kalika Community Hospital,hospital,27.9939,85.2035,OSM + Healthsites,,
नार्कोडिल पब्लिक स्कूल,school,27.7496,85.4129,OSM infrastructure,,
,school,28.2196,85.2964,OSM infrastructure,,
हिमावारी जापानी परामर्श,school,27.7051,85.3280,OSM infrastructure,,
प्राइम कलेज,school,27.7170,85.3028,OSM infrastructure,,
युनिग्लोब उच्च माध्यमिक विद्यालय,school,27.7074,85.3191,OSM infrastructure,,
चाइना हस्पिटल (पी) लिमिटेड,hospital,27.7205,85.3622,OSM + Healthsites,,
,school,27.7598,85.8004,OSM infrastructure,,
,school,27.7228,85.2710,OSM infrastructure,,
,school,27.9179,85.1452,OSM infrastructure,,
व्हाइट फिल्ड स्कूल,school,27.7114,85.3061,OSM infrastructure,,
,school,27.7620,85.3007,OSM infrastructure,,
ईलाईट बैदेशिक स्टडिज,school,27.7001,85.3441,OSM infrastructure,,
,school,27.7791,85.3637,OSM infrastructure,,
सानो संसार,school,27.7208,85.3711,OSM infrastructure,,
डफोडिल आवासीय स्कुल-जुनियर विंग,school,27.7265,85.3554,OSM infrastructure,,
कपन अस्पताल,hospital,27.7348,85.3602,OSM + Healthsites,,
पीपुल्स डेंटल कलेज र अस्पताल,hospital,27.7190,85.3091,OSM + Healthsites,,
प्राइम इन्टरनेशनल एजुकेशन प्रा. लि.,school,27.7156,85.3462,OSM infrastructure,,
सेभेन हिल्स फाउण्डेशन (एजुकेशन कन्सल्टेन्सी),school,27.7030,85.3217,OSM infrastructure,,
,school,27.7641,85.5343,OSM infrastructure,,
,school,27.7768,85.3626,OSM infrastructure,,
,school,27.7025,85.3218,OSM infrastructure,,
Shree Neelkanta Higher Sec School,school,27.9786,85.1841,OSM infrastructure,,
इन्टर्नशिप नेपाल,school,27.7313,85.3307,OSM infrastructure,,
स्वाकोन अन्तर्राष्ट्रिय अस्पताल (काठमाडौं),hospital,27.7042,85.3364,OSM + Healthsites,,
महान सिद्धार्थ उच्च माध्यमिक विद्यालय,school,27.7157,85.3568,OSM infrastructure,,
मनोराम प्रि-स्कूल,school,27.7379,85.3487,OSM infrastructure,,
,school,27.7368,85.3481,OSM infrastructure,,
बेथेल अंग्रेजी र कम्प्युटर संस्थान,school,27.7373,85.3493,OSM infrastructure,,
आस्ना शिक्षा संस्थान,school,27.7389,85.3370,OSM infrastructure,,
काष्ठमण्डप ए लेभल एकेडेमी,school,27.7360,85.3481,OSM infrastructure,,
मोक्षदा विद्यालय,school,27.7131,85.3554,OSM infrastructure,,
प्रस्तावित इशान महिला तथा बालबालिका अस्पताल,hospital,27.7446,85.3335,OSM + Healthsites,,
पेडिअट्रिक्स,hospital,27.7366,85.3306,OSM + Healthsites,,
ज्ञान मन्दिर माध्यमिक ब्लाक बी,school,27.7317,85.2979,OSM infrastructure,,
,school,27.7769,85.3644,OSM infrastructure,,
,school,27.7732,85.3712,OSM infrastructure,,
,school,27.7607,85.3498,OSM infrastructure,,
पद्मोदया उच्च माध्यमिक विद्यालय,school,27.7015,85.3218,OSM infrastructure,,
ग्रान्डी सिटी अस्पताल,hospital,27.7110,85.3147,OSM + Healthsites,,
,hospital,28.0168,85.1692,OSM + Healthsites,,
,hospital,27.9255,85.1931,OSM + Healthsites,,
,school,27.7001,85.3354,OSM infrastructure,,
किंडर कास्टल पूर्व-विद्यालय,school,27.7240,85.3319,OSM infrastructure,,
,hospital,27.9026,85.1458,OSM + Healthsites,,
,school,27.7005,85.3209,OSM infrastructure,,
नीलगिरि विद्यालय,school,27.7174,85.3085,OSM infrastructure,,
Shree Bachchhala Ni.Ma.Vi.,school,27.8766,85.2629,OSM infrastructure,,
Shree Pemathan Pra V,school,28.4406,84.9095,OSM infrastructure,,
Shree Chandradevi Prathamik Bidhyala,school,28.1924,84.9030,OSM infrastructure,,
Ganesh Himal Prathamik Bidhyala,school,28.2958,84.9060,OSM infrastructure,,
Shree Chandra Devi PRA V,school,28.0586,84.9957,OSM infrastructure,,
श्री शिवालय प्रा वि,school,28.0226,84.9137,OSM infrastructure,,
Shree balkalyan Pra V,school,28.0638,84.9537,OSM infrastructure,,
Shree Kalyan Pra V,school,28.0575,84.9668,OSM infrastructure,,
Shree Nerkomo Pra V,school,28.0845,85.0616,OSM infrastructure,,
Shri kanyadevi Pra V,school,28.0408,85.0131,OSM infrastructure,,
Shri Narayani Devi Pra V,school,28.0395,85.0331,OSM infrastructure,,
Indira Devi Pra Vi,school,27.9857,84.9643,OSM infrastructure,,
श्री बराही देवी प्राथमिक विद्यालय,school,27.7245,85.1747,OSM infrastructure,,
Kali Devi Nimna Madyamik Vidyalaya,school,27.7208,85.1396,OSM infrastructure,,
श्री सेतीदेवी प्राथमिक विद्यालय,school,27.7114,85.1505,OSM infrastructure,,
Shri Brisheshwar Prathamik Vidyalaya,school,27.7306,85.1487,OSM infrastructure,,
Shri Uduwadevi Pragya Prathamik Vidyalaya,school,27.7313,85.1119,OSM infrastructure,,
Shri Janta Prathamik Vidyalaya,school,27.7401,85.1177,OSM infrastructure,,
Shri Amar Jyoti Nimna Madhyamik Vidyalaya,school,27.7369,85.1048,OSM infrastructure,,
Shree kaule Prathamik Vidyalaya,school,27.7192,85.1274,OSM infrastructure,,
Barahi Prathamik Vidyalaya,school,27.7370,85.0919,OSM infrastructure,,
ग्लोबल स्टडी पार्टनर्स नेपाल,school,27.7008,85.3238,OSM infrastructure,,
,school,27.8562,85.3232,OSM infrastructure,,
Bageshwari Pra Vi,school,27.9713,84.9208,OSM infrastructure,,
Gyanodaya Ni Ma Vi,school,27.9868,84.9196,OSM infrastructure,,
Shree Narayani Devi Pra Vi,school,27.9748,84.9417,OSM infrastructure,,
Shanti Kali Samudayik Pra Vi,school,27.9889,84.9489,OSM infrastructure,,
Niranjana Uchha Ma Vi,school,28.0069,84.9556,OSM infrastructure,,
Shree Kosinchet Pra Vi,school,28.0161,84.9818,OSM infrastructure,,
Shree Ghormu Balbikash kendra,school,27.9649,84.9816,OSM infrastructure,,
Shree Kanya Devi Pra V,school,28.1851,85.0824,OSM infrastructure,,
Samten Chholing Gonpa Pra V,school,28.1981,85.1166,OSM infrastructure,,
Shree Sangharsa Pra V,school,28.1405,85.0330,OSM infrastructure,,
Shree Tengchet Ni Ma V,school,28.1341,85.0222,OSM infrastructure,,
Shree Deurali Pra V,school,28.1184,84.9812,OSM infrastructure,,
Shree Nevar Pra V,school,28.2176,85.0632,OSM infrastructure,,
Shree Kunnesori Pra V,school,27.8144,84.9024,OSM infrastructure,,
Shree Jalpa Ni Ma V,school,27.8209,84.9063,OSM infrastructure,,
Shree Kalika Pra V,school,27.8136,84.9231,OSM infrastructure,,
Shree Bhumeshwor Pra V,school,27.8260,84.9231,OSM infrastructure,,
Shri Satyawati Uchha Ma V,school,27.8107,84.9378,OSM infrastructure,,
Shree Lali Guras Pra V,school,27.7379,85.0626,OSM infrastructure,,
Shree Rastriya Pra V,school,27.7322,85.0633,OSM infrastructure,,
Shree Liti Mahakal Ma V,school,27.7166,85.0531,OSM infrastructure,,
Shree Kamrang Pra V,school,27.7063,85.0515,OSM infrastructure,,
Shree Sharada Pra V,school,27.7084,85.0664,OSM infrastructure,,
Shree Mahakali Ma V,school,27.7171,85.0646,OSM infrastructure,,
Shree Chandibhumi Pra V,school,27.7243,85.0592,OSM infrastructure,,
Shree Shiva Shankar Pra V,school,27.7220,85.0828,OSM infrastructure,,
Shree Adarsha Ma V,school,27.7160,85.0887,OSM infrastructure,,
Shree Mahendrodaya Ni Ma V,school,27.7654,85.2372,OSM infrastructure,,
Shree Jiwanpur Kulchandra Ni Ma V,school,27.7589,85.1577,OSM infrastructure,,
Shri kewalpur Harihar Bhoj Kumari Ma V,school,27.7615,85.1031,OSM infrastructure,,
Shri Bagh Bhairab Ni Ma V,school,27.7626,85.0948,OSM infrastructure,,
Shree Dasharath Chandra Ma V,school,27.7338,85.1959,OSM infrastructure,,
Shri Bhanubhakta Ni Ma V,school,27.7405,85.2119,OSM infrastructure,,
Shree Bhadrapuri Sanakisan Pra V,school,27.7306,85.2133,OSM infrastructure,,
Shree Narayan Ni Ma V,school,27.7498,85.2094,OSM infrastructure,,
Shri Mahankaleswari Ma V,school,27.7602,85.1997,OSM infrastructure,,
Shree Trikureswori Ni Ma V,school,27.7525,85.1765,OSM infrastructure,,
Shree Nawa Prativa Pra V,school,27.7600,85.1701,OSM infrastructure,,
Shri Dhunibesi Adarsha Campus,school,27.7433,85.1928,OSM infrastructure,,
Shri Maheshdharma HSS,school,27.7415,85.1899,OSM infrastructure,,
Shri Mahadevsthan Ma V,school,27.7347,85.1696,OSM infrastructure,,
Shri Sharda Ni Ma V,school,27.7356,85.1575,OSM infrastructure,,
Shree Khaireni Ni Ma V,school,27.7559,85.1359,OSM infrastructure,,
Shree Kalika Pra V,school,27.7475,85.1550,OSM infrastructure,,
Shree Jyoti Secondery School,school,27.7513,85.1227,OSM infrastructure,,
Shree Goganpani Ma V,school,27.7852,85.0516,OSM infrastructure,,
Shree Saraswati Pra V,school,27.7455,85.1334,OSM infrastructure,,
Shri Goganpani Ni Ma V,school,27.7684,85.0830,OSM infrastructure,,
Shree Asare Pra V,school,27.7814,85.0779,OSM infrastructure,,
Shri Janajagriti Pra V,school,27.7550,85.0521,OSM infrastructure,,
Shri Barahi Pra V,school,27.7487,85.1004,OSM infrastructure,,
Shree Jwaladevi Pra V,school,27.8018,85.0187,OSM infrastructure,,
Shri Baghbachhala Pra V,school,27.7679,85.0575,OSM infrastructure,,
Shri Himalchuli Pra V,school,27.7616,85.0717,OSM infrastructure,,
Shree Nawalpur Pra Vi,school,27.8500,84.9108,OSM infrastructure,,
Shr Saraswati Uchha Ma Vi,school,27.9361,84.9746,OSM infrastructure,,
Shree Dhuseni Pra Vi,school,27.8940,84.9880,OSM infrastructure,,
Shree kanya Devi Pra Vi,school,27.8933,84.9698,OSM infrastructure,,
Shree Raghu Ni Ma V,school,27.8583,84.9411,OSM infrastructure,,
Shree Chakra Devi Pra Vi,school,27.8641,84.9766,OSM infrastructure,,
Shree Jana Kalika Pra Vi,school,27.8631,84.9829,OSM infrastructure,,
Shree Pateni Ni Ma Vi,school,27.8819,84.9542,OSM infrastructure,,
Shree Jal Devi Ni Ma Vi,school,27.9079,84.9711,OSM infrastructure,,
Shree Shiwalaya Pra V,school,27.8294,84.9248,OSM infrastructure,,
Shree Dhading Ni Ma V,school,27.8398,84.9201,OSM infrastructure,,
Shree Saraswati Ma V,school,27.8207,84.9977,OSM infrastructure,,
Shri Belinitar Pra Vi,school,27.8148,84.9443,OSM infrastructure,,
Shree Amarkhu Ma V,school,27.7327,85.0485,OSM infrastructure,,
Shree Bhakta Bachala Pra Vi,school,27.8292,84.9469,OSM infrastructure,,
चालान्तर निम्न माध्यमिक विद्यालय,school,27.7267,85.4142,OSM infrastructure,,
श्री भैरवी उच्च मा. वि.,school,27.8602,84.9235,OSM infrastructure,,
Shree Jal Kanya Pra Vi,school,27.8526,84.9376,OSM infrastructure,,
Shree Bhairabi Pra Vi,school,27.8720,84.9045,OSM infrastructure,,
Shree Chakradevi Pra Vi,school,27.8562,84.9491,OSM infrastructure,,
Shree kalika Ni Ma Vi,school,27.8652,84.9564,OSM infrastructure,,
Shree Manakamana Pra Vi,school,27.8674,84.9701,OSM infrastructure,,
Shree Annapurna Pra Vi,school,27.8528,84.9974,OSM infrastructure,,
Shree Arunodaya Pra Vi,school,27.8490,84.9638,OSM infrastructure,,
Shree Bageshwori Pra Vi,school,27.8749,84.9721,OSM infrastructure,,
Shree Bhairabi Pra Vi,school,27.8288,85.0051,OSM infrastructure,,
Shri Latidevi Ni Ma Vi,school,27.7519,85.0133,OSM infrastructure,,
Shri Setidevi Pra Vi,school,27.7618,85.0253,OSM infrastructure,,
Shri Panchakanya Ni Ma Vi,school,27.7639,85.0341,OSM infrastructure,,
Shree Bhumeswori Pra Vi,school,27.7421,85.0338,OSM infrastructure,,
Shree Tinkanya Pra Vi,school,27.8273,84.9585,OSM infrastructure,,
Shree kalleri Ma Vi,school,27.8379,84.9520,OSM infrastructure,,
Shri Mahakali Pra V,school,27.7383,85.0116,OSM infrastructure,,
Shree Simaldanda Balbikash Kendra,school,27.8177,84.9347,OSM infrastructure,,
Shree Jalpa Devi Pra Vi,school,27.8310,84.9950,OSM infrastructure,,
Shri Bandevi Pra Vi,school,27.7744,85.0330,OSM infrastructure,,
Shri Lila Kali Ma V,school,27.7491,85.0302,OSM infrastructure,,
ल्याण्डमार्क कन्सलटेन्सी,school,27.7031,85.3229,OSM infrastructure,,
श्री थुम्किदादा नि मा वि,school,27.7000,84.9410,OSM infrastructure,,
श्री सप्त कन्या प्रा वी,school,27.7140,84.9631,OSM infrastructure,,
श्री बागेश्वरी प्रा छैठौं,school,27.7073,84.9381,OSM infrastructure,,
Shree Panchakanya Ni Ma Vi,school,27.7717,84.9244,OSM infrastructure,,
Shri Ganesthan Pra Vi,school,27.7615,84.9315,OSM infrastructure,,
Shri Raktakali PraV,school,27.7465,84.9265,OSM infrastructure,,
Shri Rithuka Devi Pra V,school,27.7428,84.9376,OSM infrastructure,,
Shri Ritthabote Pra V,school,27.7347,84.9458,OSM infrastructure,,
Shri Sitadevi Pra V,school,27.7550,84.9483,OSM infrastructure,,
Shree Bhairabi Pra V,school,27.7830,84.9362,OSM infrastructure,,
Shri Jalakanya Ni Ma V,school,27.7617,84.9772,OSM infrastructure,,
Shri Thantichaur Pra V,school,27.7654,84.9466,OSM infrastructure,,
Shri Bandre Pra V,school,27.7636,85.0111,OSM infrastructure,,
Shree Balkumari Ni Ma V,school,27.7870,85.0060,OSM infrastructure,,
Shree Bageswori Pra Vi,school,27.7867,84.9554,OSM infrastructure,,
Shree Amaleshwor Pra V,school,27.7899,84.9721,OSM infrastructure,,
Shree Bhanu Bhakta Ma Vi,school,27.7880,84.9188,OSM infrastructure,,
Shri Indrayani Ni Ma Vi,school,27.8050,84.9439,OSM infrastructure,,
Shri Sarashwati Pra Vi,school,27.7989,84.9023,OSM infrastructure,,
Shree Bagh Sundar Pra Vi,school,27.7876,84.9069,OSM infrastructure,,
Shri Kiranchok Katunje Ma V,school,27.7604,84.9256,OSM infrastructure,,
Shree Mahadev Pra V,school,27.7802,84.9086,OSM infrastructure,,
Shri Pukun Pra V,school,27.7466,84.9125,OSM infrastructure,,
Maddarsha Hanfiya Pra V,school,27.7534,85.0634,OSM infrastructure,,
Shri kiranchok karkidanda Uchha Ma Vi,school,27.7621,84.9562,OSM infrastructure,,
Shree Ganesh Primary School,school,27.7034,85.1105,OSM infrastructure,,
Shree Grey Ni Ma Vi,school,28.1435,85.2951,OSM infrastructure,,
Shree Ghormu Pra Vi,school,28.0132,85.2530,OSM infrastructure,,
Shree Arukharka Pra Vi,school,28.0217,85.2651,OSM infrastructure,,
Shree Narayan Ma Vi,school,28.0264,85.2777,OSM infrastructure,,
Shree Thangdor Pra.Vi.,school,28.0306,85.2966,OSM infrastructure,,
Shree Surya Pra Vi,school,28.0360,85.3082,OSM infrastructure,,
Shree Simbandi Pra Vi,school,28.0411,85.3168,OSM infrastructure,,
Shree Larachyang Pra Vi,school,28.0171,85.2859,OSM infrastructure,,
Shree Bhumedebi Pra Vi,school,28.0049,85.2994,OSM infrastructure,,
Shree Gyanodaya Pra Vi,school,28.0055,85.2843,OSM infrastructure,,
Shree Gautam Buddha Ma Vi,school,28.0058,85.2713,OSM infrastructure,,
Shree Namuna Pra Vi,school,27.9910,85.2778,OSM infrastructure,,
Shree Dupcheswari Ni Ma Vi,school,27.9958,85.2706,OSM infrastructure,,
Shree Gaurishankar Pra Vi,school,27.9787,85.2776,OSM infrastructure,,
Shree Bhumeswari Pra Vi,school,27.9754,85.2763,OSM infrastructure,,
Shree Nirkubhume Uchha Ma Vi,school,27.9747,85.2717,OSM infrastructure,,
Shree Saraswoti Ni Ma Vi,school,28.1884,85.2981,OSM infrastructure,,
Gonggang Pra Vi,school,28.1992,85.2972,OSM infrastructure,,
Shree Tatopani Pra Vi,school,28.2180,85.2938,OSM infrastructure,,
Shree Pajung Pra Vi,school,28.1849,85.3275,OSM infrastructure,,
Shree Saraswoti Ni.Ma.V,school,28.0771,85.2445,OSM infrastructure,,
Shree Gaun Pharka Rastria Pra.V,school,28.0840,85.2661,OSM infrastructure,,
Shree Bhimali Pra.V,school,28.1001,85.2785,OSM infrastructure,,
Shree Gyan Jyoti Pra. V,school,28.0924,85.3222,OSM infrastructure,,
Shree Haku Besi Ni.Ma.V,school,28.1146,85.2795,OSM infrastructure,,
Shree Haku Ma.V,school,28.1151,85.2636,OSM infrastructure,,
Shree Gosaikunda Pra.Vi,school,28.1232,85.2690,OSM infrastructure,,
Shree Pabarti kunda Pra.V,school,28.1295,85.2819,OSM infrastructure,,
Shree Sila Devi Pra.Vi,school,28.0007,85.2097,OSM infrastructure,,
Shree Bhubaneshwari Pra.V,school,28.0090,85.2000,OSM infrastructure,,
Shree Barahi Pra.V,school,27.9880,85.1884,OSM infrastructure,,
Shree komin Pra.V,school,28.1617,85.3322,OSM infrastructure,,
Shree Arunodaya Primary School,school,28.2286,85.3519,OSM infrastructure,,
Shree Nepal Rastriya Pra Vi,school,28.1969,85.3450,OSM infrastructure,,
Shree Grang Pra Vi,school,28.0571,85.2258,OSM infrastructure,,
Shree Temrang Pra Vi,school,28.0312,85.2208,OSM infrastructure,,
Shree Palep pra vi,school,28.0477,85.2190,OSM infrastructure,,
Shree Prangse Pra Vi,school,28.0087,85.2179,OSM infrastructure,,
Shree Lokil Pra Vi,school,28.0130,85.2350,OSM infrastructure,,
Shree Betang Pra Vi,school,28.0054,85.2387,OSM infrastructure,,
Shree kavre Pra Vi,school,28.0109,85.2085,OSM infrastructure,,
Shree Sundhara Uchha Ma Vi,school,27.9850,85.2097,OSM infrastructure,,
Shree kakara Devi Pra Vi,school,27.9800,85.2119,OSM infrastructure,,
Shree Suryodaya Pra. Vi.,school,27.9794,85.2229,OSM infrastructure,,
Shree Saraswoti Ni Ma V,school,28.0277,85.1796,OSM infrastructure,,
Shree Danda Gaun Ucha Ma. V,school,28.0379,85.1852,OSM infrastructure,,
Shree Dipendra Pra Vi,school,28.0474,85.1895,OSM infrastructure,,
Shree Panchelinge Ni.Ma.V,school,28.0615,85.1957,OSM infrastructure,,
Shree Ganesh Pra Vi,school,28.0713,85.1991,OSM infrastructure,,
Shree Bhume Devi Pra Vi,school,28.0860,85.1750,OSM infrastructure,,
Shree karumaryang Ni Ma Vi,school,28.0871,85.1911,OSM infrastructure,,
Shree Chipleti Pra Vi,school,28.0564,85.2082,OSM infrastructure,,
Shree Tiru Pra Vi,school,28.0907,85.2096,OSM infrastructure,,
Shree kalika Pra Vi,school,28.0877,85.2220,OSM infrastructure,,
Shree Simle Pra Vi,school,28.0298,85.1908,OSM infrastructure,,
Shree Janakalyan Pra Vi,school,27.9837,85.2593,OSM infrastructure,,
Shree Sivalaya Ni Ma.V,school,27.9835,85.1913,OSM infrastructure,,
Shree Nilkantha Namuna U.Ma.V,school,27.9936,85.2241,OSM infrastructure,,
Shree Manakamana Pra.V,school,27.9911,85.1983,OSM infrastructure,,
Shree Amarjyoti Pra.V,school,27.9882,85.1948,OSM infrastructure,,
Shree Bhimsensthan Pra.V,school,27.9850,85.1931,OSM infrastructure,,
Shree Semjong Pra V,school,28.0060,85.2605,OSM infrastructure,,
Shree Deurali pra V Sisneri,school,27.9889,85.2486,OSM infrastructure,,
Shree Jwalanukhi Ni Ma V,school,27.9855,85.2413,OSM infrastructure,,
Shree Suryodaya Pra V,school,27.9785,85.2383,OSM infrastructure,,
Shree Bageswori Ma Vi,school,27.9830,85.2543,OSM infrastructure,,
Shree Dupcheswori Ni Ma Vi,school,27.9971,85.2386,OSM infrastructure,,
Shree Deurali Gaunda Pra Vi,school,27.9874,85.2231,OSM infrastructure,,
Shree Chandika MA V,school,27.9248,85.6211,OSM infrastructure,,
Urken Snter Floling PRA V,school,27.9237,85.6187,OSM infrastructure,,
Shree Ganesh PRA V,school,27.9360,85.6281,OSM infrastructure,,
Bandevi Ma Vi,school,27.7777,85.7152,OSM infrastructure,,
Krishna Ni Ma Vi,school,27.7683,85.7239,OSM infrastructure,,
Siddhi Ganesh Uchha Ma V,school,27.7605,85.7041,OSM infrastructure,,
Jalpa Devi Pra V,school,27.7553,85.7032,OSM infrastructure,,
Kalleri Ni Ma Vi,school,27.7474,85.7235,OSM infrastructure,,
Gyan Mandir Namuna Uchha Ma V,school,27.7567,85.7290,OSM infrastructure,,
Nabajyoti B B kendre,school,27.7523,85.7302,OSM infrastructure,,
Kali Devi Pra V,school,27.7373,85.7032,OSM infrastructure,,
Shuva kanya Pra V,school,27.7430,85.7108,OSM infrastructure,,
Ganesh Pra V,school,27.7315,85.7187,OSM infrastructure,,
Kundaladevi Ma Vi,school,27.7422,85.6962,OSM infrastructure,,
Shree Primary School,school,27.7762,85.7276,OSM infrastructure,,
Seti Devi Higher Secondary School,school,27.7373,85.7070,OSM infrastructure,,
Shree Bhotang Devi Ma V,school,27.9653,85.6449,OSM infrastructure,,
Shree Koldung Ma V,school,27.7068,85.8474,OSM infrastructure,,
Yangrima PRA V,school,27.9738,85.6354,OSM infrastructure,,
Janahit Ni Ma V,school,27.9045,85.6154,OSM infrastructure,,
Januttan PRA V,school,27.9016,85.6165,OSM infrastructure,,
Shree Bhim Bidyashram Ma v,school,27.8915,85.6000,OSM infrastructure,,
Shree Palchok Ni Ma V,school,27.8935,85.5756,OSM infrastructure,,
Shree Lawa Gaun PRA V,school,27.8842,85.5823,OSM infrastructure,,
Shree Jayabageshwori S s,school,27.8866,85.5574,OSM infrastructure,,
Shree Ishing PRA V,school,27.8949,85.5691,OSM infrastructure,,
Bal Sudhar Uchha Ma V,school,27.8682,85.5686,OSM infrastructure,,
Shree Jugal Bal Bikash kendra,school,27.8628,85.5651,OSM infrastructure,,
Namuna Bal Bikash kendra,school,27.8626,85.5543,OSM infrastructure,,
Shree Pragya PRA V,school,27.8674,85.5581,OSM infrastructure,,
Shri Siddhi Ganesh PRA V,school,27.7932,85.5669,OSM infrastructure,,
Shri Bhangang PRA V,school,27.8002,85.5601,OSM infrastructure,,
Shree Saraswati PRA V,school,27.8091,85.5441,OSM infrastructure,,
Shri Saraswati PRA V,school,27.8113,85.5598,OSM infrastructure,,
Shree Siddhi Ganesh PRA V,school,27.7900,85.5091,OSM infrastructure,,
Shree Singheshwori PRA V,school,27.7981,85.5111,OSM infrastructure,,
Shree Shanti Bal Bikash kendra,school,27.7935,85.5244,OSM infrastructure,,
Shri Sindhu Puranagaw Uchha Ma V,school,27.8153,85.5182,OSM infrastructure,,
Shri Mahadevsthan PRA V,school,27.8191,85.5110,OSM infrastructure,,
Shri Krishna Higher Secondary School,school,27.8266,85.4880,OSM infrastructure,,
Shree Mahabir Balbikash kendra,school,27.8348,85.5367,OSM infrastructure,,
Shri kalika PRA V,school,27.8233,85.5063,OSM infrastructure,,
Shri Bagh Devi PRA V,school,27.8285,85.4964,OSM infrastructure,,
Shri Dhaulashori NI MA V,school,27.8440,85.4955,OSM infrastructure,,
Shri Chipling PRA V,school,27.8668,85.4578,OSM infrastructure,,
Shri Shalme PRA V,school,27.8321,85.4829,OSM infrastructure,,
Dome Tasi Chiling Gumba,school,27.9755,85.6509,OSM infrastructure,,
Shri Thulothakani Secondary School,school,27.8442,85.4574,OSM infrastructure,,
Shri Thana Bhanjyang NI MA V,school,27.8503,85.4695,OSM infrastructure,,
Shri Dihi PRA V,school,27.8612,85.4827,OSM infrastructure,,
Shree Manakamana PRA V,school,27.8087,85.4868,OSM infrastructure,,
Shri kalikasaran Ni Ma V,school,27.8075,85.4782,OSM infrastructure,,
Shri Haibung PRA V,school,27.8138,85.4854,OSM infrastructure,,
Shri Thunge Danda PRA V,school,27.8344,85.4604,OSM infrastructure,,
Shree Bhuma Stan PRA Vi,school,27.7920,85.5053,OSM infrastructure,,
Shree Jaleswori Ni Ma Vi,school,27.7964,85.5017,OSM infrastructure,,
Shree Jalkeswori PRA V,school,27.7918,85.5357,OSM infrastructure,,
Shree Laligurash PRA Vi,school,27.7828,85.5568,OSM infrastructure,,
Pra V Chhimti,school,27.9795,85.6563,OSM infrastructure,,
Shree Ganesh PRA V,school,27.9527,85.6496,OSM infrastructure,,
Shree Kanyamati Ni Ma V,school,27.9223,85.6672,OSM infrastructure,,
Tanii Shaling Chucla khang,school,27.9379,85.6537,OSM infrastructure,,
Nagi Tasi Chholing Gumba,school,27.9400,85.6558,OSM infrastructure,,
Sheree Jugal PRA V,school,27.9345,85.6441,OSM infrastructure,,
Shree Baljyoti PRA V,school,27.8778,85.6211,OSM infrastructure,,
Shree langarche Ma V,school,27.8700,85.6156,OSM infrastructure,,
Shree Panchakanya PRA V,school,27.8688,85.6089,OSM infrastructure,,
Shree Ganesh PRA V,school,27.8007,85.6218,OSM infrastructure,,
Bhimsen Balbikas kendra,school,27.7141,85.6259,OSM infrastructure,,
Shree Juge Panchakanya PRA V,school,27.8229,85.6289,OSM infrastructure,,
Shree Bhuwaneshwori PRA V,school,27.8251,85.6484,OSM infrastructure,,
Shree Bageshwori PRA V,school,27.8410,85.6767,OSM infrastructure,,
Shree Mangalabhairab PRA V,school,27.8344,85.6889,OSM infrastructure,,
Shree kalikadevi PRA V,school,27.8228,85.6847,OSM infrastructure,,
Shree Panchkanya PRA V,school,27.8081,85.6557,OSM infrastructure,,
Shree Mahendra Higher Secondary School,school,27.7968,85.6612,OSM infrastructure,,
Shree Suryakiran PRA V,school,27.7792,85.6685,OSM infrastructure,,
Shree Prativa PRA V,school,27.7877,85.6479,OSM infrastructure,,
Shree Namo Budda PRA V,school,27.7896,85.5945,OSM infrastructure,,
Shree Panchakanya PRA V,school,27.7525,85.6132,OSM infrastructure,,
Shree Paropakar Ni Ma V,school,27.7308,85.6332,OSM infrastructure,,
Kyablunthang Ni Ma V,school,27.9633,85.8027,OSM infrastructure,,
Bramhayani Pra V,school,27.8932,85.7672,OSM infrastructure,,
Shri Himalaya Panchakanya Ni. Ma V,school,27.9051,85.8436,OSM infrastructure,,
Shri Setidevi Sarada Uchha Ma V,school,27.7552,85.8494,OSM infrastructure,,
Shri Setidevi Ma V,school,27.7399,85.8268,OSM infrastructure,,
Shree Suryodaya PRA V,school,27.7496,85.8293,OSM infrastructure,,
Shree Mahankal PRA V,school,27.7325,85.8168,OSM infrastructure,,
Shri Mahendradaya Uchha Ma V,school,27.7272,85.8348,OSM infrastructure,,
Shri Diwa Sishu Shyahar PRA V,school,27.7349,85.8301,OSM infrastructure,,
Shree Betrawoti Bal Bikash Kendra,school,27.7237,85.7956,OSM infrastructure,,
Shri Chandeswari Purba Pra V,school,27.7211,85.8176,OSM infrastructure,,
Shree Namo Buddha Pra V,school,27.7227,85.8131,OSM infrastructure,,
Shree Saraswati Secondary School,school,27.7682,85.8368,OSM infrastructure,,
Shree Golmadevi Primary School,school,27.7716,85.8415,OSM infrastructure,,
Shree Betrawati Primary School,school,27.7709,85.8043,OSM infrastructure,,
Shree Panchakanya Primary School,school,27.7665,85.8198,OSM infrastructure,,
Shree Satkanya Primary School,school,27.7561,85.8156,OSM infrastructure,,
Shree Baljyoti Primary School,school,27.7594,85.8339,OSM infrastructure,,
Shree Setidevi Primary School,school,27.7627,85.8358,OSM infrastructure,,
Shree Karangaira Lower Secondary School,school,27.7739,85.7901,OSM infrastructure,,
Shree Simasing Primary School,school,27.8018,85.8247,OSM infrastructure,,
Shri Manakamana Primary School,school,27.7978,85.7769,OSM infrastructure,,
Shri Phulpingkot Higher Secondary School,school,27.8014,85.7727,OSM infrastructure,,
Shree Bhimsen Primary School,school,27.8049,85.7801,OSM infrastructure,,
Shri Archale Primary School,school,27.7961,85.7655,OSM infrastructure,,
Jalpa Devi Pra V,school,27.7660,85.7578,OSM infrastructure,,
Seti Devi Pancha kanya U Ma V,school,27.7733,85.7601,OSM infrastructure,,
Dikpal Pra V,school,27.7408,85.7700,OSM infrastructure,,
Sat kanya kalika Pra V,school,27.7355,85.7775,OSM infrastructure,,
Ramdevi Secondary School,school,27.7162,85.7243,OSM infrastructure,,
Balhit Pra V,school,27.7035,85.7433,OSM infrastructure,,
Adarsha Pra V,school,27.7454,85.7598,OSM infrastructure,,
Shri kalika Chetana S S,school,27.7599,85.5814,OSM infrastructure,,
Shri kolechaur PRA V,school,27.8622,85.5378,OSM infrastructure,,
Shree Janajagriti Ma Vi,school,27.8331,85.5499,OSM infrastructure,,
Shri Dadhuwa PRA V,school,27.8213,85.5533,OSM infrastructure,,
Shree Saraswati Secondary School,school,27.8816,85.5417,OSM infrastructure,,
Shri Helambu Primary School,school,27.8858,85.5408,OSM infrastructure,,
Shree Saraswati PRA V,school,27.7102,85.7749,OSM infrastructure,,
Shree Seti Devi PRA V,school,27.7103,85.8039,OSM infrastructure,,
Shri Bhumeshwari Uchha Ma V,school,27.9164,85.5489,OSM infrastructure,,
Shri Chitre PRA V,school,27.9298,85.5681,OSM infrastructure,,
Shri Seti Devi PRA V,school,27.9231,85.5597,OSM infrastructure,,
Shree Indreshwori Uchha Ma V,school,27.8305,85.5745,OSM infrastructure,,
Shri Kakani PRA V,school,27.9680,85.5455,OSM infrastructure,,
Shree Ghyangual PRA V,school,27.9683,85.5638,OSM infrastructure,,
Shree Narayan L SS,school,27.9245,85.5356,OSM infrastructure,,
Shree Deurali PRA V,school,27.9552,85.5339,OSM infrastructure,,
Shree Mahendra PRA V,school,27.9092,85.5353,OSM infrastructure,,
Shree Pating Ni Ma V,school,27.9254,85.5105,OSM infrastructure,,
Shree Mahakaleswori Ni Ma Vi,school,27.9331,85.4961,OSM infrastructure,,
Shree Janachetana Primary School,school,27.7689,85.8437,OSM infrastructure,,
Shree Setidevi Primary School,school,27.7502,85.7983,OSM infrastructure,,
Shree Kalidevi Primary School,school,27.8443,85.8069,OSM infrastructure,,
Sindurche Pra V,school,27.8741,85.7266,OSM infrastructure,,
Nagh Raja Pra V,school,27.8479,85.7208,OSM infrastructure,,
Devi Nanda kumari Pra V,school,27.8473,85.7581,OSM infrastructure,,
Panch Pokhari Pra V,school,27.8435,85.7367,OSM infrastructure,,
Deurali Pra V,school,27.8549,85.7613,OSM infrastructure,,
Kunegau Pra V,school,27.8412,85.7682,OSM infrastructure,,
Nawajyoti Pra Vi,school,27.8480,85.7730,OSM infrastructure,,
Bhimeshwari Pra V,school,27.8208,85.7626,OSM infrastructure,,
Bankali Lower Secondary School,school,27.8164,85.7799,OSM infrastructure,,
Shri Phataksila Uchha Ma V,school,27.7454,85.5966,OSM infrastructure,,
Shree Gyanodaya PRA V,school,27.8761,85.5270,OSM infrastructure,,
Shree Siddhartha PRA V,school,27.9011,85.4910,OSM infrastructure,,
Bhadra Kali Lower Secondary School,school,27.7530,85.5500,OSM infrastructure,,
,school,27.7244,85.3816,OSM infrastructure,,
Shri Mahankaleshwar Primary School,school,27.7397,85.5859,OSM infrastructure,,
Shri Mahadev Primary School,school,27.7402,85.5990,OSM infrastructure,,
Shri Dev Balabhadreshwar Primary School,school,27.7336,85.5851,OSM infrastructure,,
"Nawa Chetana Primary School,",school,27.7261,85.5674,OSM infrastructure,,
Shri Bhimsen Primary School,school,27.7326,85.6058,OSM infrastructure,,
"Shree Bhawani Primary School,",school,27.7227,85.5874,OSM infrastructure,,
Shri Bajrayogini Primary School,school,27.7066,85.6169,OSM infrastructure,,
Shree Saraswati Primary School,school,27.7136,85.6310,OSM infrastructure,,
Shri Bhawani Lower Secondary School,school,27.7098,85.6072,OSM infrastructure,,
Shri Radha Krishna Ghanshyam Lower Secondary School,school,27.7022,85.6256,OSM infrastructure,,
Shri Deurali Primary School,school,27.7273,85.6085,OSM infrastructure,,
Shri Kali Devi Primary School,school,27.7198,85.6083,OSM infrastructure,,
Nari Chetana Bal Bikash Kendra,school,27.9142,85.1425,OSM infrastructure,,
Shri Ganga Devi Pra.Vi.,school,27.9730,85.3116,OSM infrastructure,,
Kalpesori Pra Vi,school,27.9729,85.3494,OSM infrastructure,,
Tutung Pra Vi,school,27.9504,85.3139,OSM infrastructure,,
Raluka Ma Vi,school,27.9401,85.3349,OSM infrastructure,,
Dhurba Jyoti Pra Vi,school,27.9408,85.3210,OSM infrastructure,,
Shree Jana Prabhat Primary School,school,27.7062,85.5670,OSM infrastructure,,
Shree Deupur Primary School,school,27.7071,85.5519,OSM infrastructure,,
Shree Bindha Basini Primary School,school,27.7050,85.5720,OSM infrastructure,,
Shree Golmeshwori Primary School,school,27.7137,85.5894,OSM infrastructure,,
Shree Janahit Pra V,school,27.9557,85.2473,OSM infrastructure,,
Shree Bhairavi Uchha Madhyamik Vidhyalaya,school,27.9168,85.1679,OSM infrastructure,,
Chaturmala Pra V,school,27.9425,85.2092,OSM infrastructure,,
Sri Mangala Devi Ni Ma Vi,school,27.9683,85.2310,OSM infrastructure,,
Shree Sapta Kanya Pra Vi,school,28.0251,84.9900,OSM infrastructure,,
Shree Salakhu Pra Vi,school,28.0045,85.1048,OSM infrastructure,,
Shri Siddhartha Jana Kalyan Pra Vi,school,27.9825,85.0958,OSM infrastructure,,
Shri Panchalinge Ma Vi,school,28.0022,85.1418,OSM infrastructure,,
Sri Chandeswori Pra Vi,school,27.9335,85.1936,OSM infrastructure,,
Shr Prithibi Ma Vi,school,27.9140,85.1416,OSM infrastructure,,
Shri Pachet Pra Vi,school,28.0376,85.0493,OSM infrastructure,,
Shree Chandra Devi Ni Ma Vi,school,28.0187,85.0278,OSM infrastructure,,
Shree Kankeswori Pra V,school,27.9165,85.3563,OSM infrastructure,,
Kalika Ma V,school,27.9344,85.2326,OSM infrastructure,,
Shree Jagriti Jwaladevi Pra V,school,27.9365,85.2187,OSM infrastructure,,
Aapchaur Pra V,school,27.8820,85.2670,OSM infrastructure,,
,school,27.7105,85.3310,OSM infrastructure,,
Shree Narshingha Pra V,school,27.9105,85.3716,OSM infrastructure,,
श्री बोलुङ् कटुन्जे आधारभूत विद्यालय,school,27.9708,85.4092,OSM infrastructure,,
Shri Mahendrodaya Janasewa Pra V,school,27.9067,85.2482,OSM infrastructure,,
Amarjyoti Technical Secondary School,school,27.9210,85.3062,OSM infrastructure,,
Shri Mangala Devi Pra Vii,school,27.9739,85.4075,OSM infrastructure,,
Shree Mahakali Pra Vi,school,27.9666,85.2615,OSM infrastructure,,
Shree Tribhuwan Ma Vi,school,28.0182,85.1783,OSM infrastructure,,
Shree Aaldanda Pra Vi,school,27.9427,85.2785,OSM infrastructure,,
,school,27.7645,85.3559,OSM infrastructure,,
,school,27.7637,85.3641,OSM infrastructure,,
Shree Gyanjyoti Ucha Ma Vi,school,28.0028,85.1658,OSM infrastructure,,
Shree Karki Manakamana Nima Vi,school,27.9883,85.1742,OSM infrastructure,,
Shri Kaule Devi Pra V,school,27.8136,85.2491,OSM infrastructure,,
Shree Mahakali Ni Ma v,school,27.7999,85.2355,OSM infrastructure,,
Shree Santi Devi Pra V,school,27.7914,85.2169,OSM infrastructure,,
Shree Surya Primary School,school,27.8050,85.2653,OSM infrastructure,,
Shri Jyoti Ni Ma Vi,school,28.0053,85.1288,OSM infrastructure,,
Shri Okharpouwa Ma V,school,27.7900,85.2654,OSM infrastructure,,
Shree Mukundeshwary Ma VI,school,27.7823,85.2240,OSM infrastructure,,
Shree Jwalamukhi Pra V,school,27.8183,85.0329,OSM infrastructure,,
Shri Sila Devi Ma. Vi,school,27.8515,85.0423,OSM infrastructure,,
Shree Sapchet Bhumisthan Pra Vi,school,28.0146,85.1054,OSM infrastructure,,
Shri Dikip Mahadev Pra Vi,school,28.0088,85.1141,OSM infrastructure,,
Shree Kanyadevi Pra Vi,school,28.0292,85.0878,OSM infrastructure,,
Shree Janagyan Niketan Campus,school,27.8582,85.2881,OSM infrastructure,,
Shree Singh Devi Pra Vi,school,27.9712,85.2206,OSM infrastructure,,
Shri Mahendra Pra Vi,school,27.8509,85.3035,OSM infrastructure,,
Shree Kalika Ma Vi,school,27.9505,85.1805,OSM infrastructure,,
Sundarikyurini Uchha Ma Vi,school,27.9367,85.1610,OSM infrastructure,,
Shree Jana Sahayog Pra Vi,school,27.8440,85.3480,OSM infrastructure,,
Seti Devi Ma Vi,school,27.9535,85.1957,OSM infrastructure,,
Shree Annapurna Panchakanya Pra Vi,school,27.8991,85.1667,OSM infrastructure,,
Shree Shanti Bidhya Mandir Pra Vi,school,27.9327,85.1301,OSM infrastructure,,
Shree Bhag Bhairam Pra Vi,school,27.9510,85.1417,OSM infrastructure,,
Shree Sulakshyana Ma Vi,school,27.9476,85.1585,OSM infrastructure,,
Shree Panchakanya Ni Ma Vi,school,27.8379,85.1825,OSM infrastructure,,
Shree Sapta kanya Pra Vi,school,27.8670,85.1868,OSM infrastructure,,
Shree Suryamati Secondary School,school,27.8831,85.1994,OSM infrastructure,,
Shree Bagbachhala Pra Vi,school,27.8467,85.2075,OSM infrastructure,,
श्री देवीस्थान प्राथमिक विधालय,school,27.8540,85.2017,OSM infrastructure,,
Shri Jaleshwar Pra Vi,school,27.8217,85.3176,OSM infrastructure,,
Shree Namuna Primary School,school,27.8334,85.2480,OSM infrastructure,,
Shri Jalpa Devi Pra Vi,school,27.8311,85.2550,OSM infrastructure,,
Shri Brameshwari Ni Ma Vi,school,27.8209,85.2242,OSM infrastructure,,
Shri Krishna Jyoti Pra Vi,school,27.8096,85.2090,OSM infrastructure,,
Shree Indrayani Primary School,school,27.8367,85.2222,OSM infrastructure,,
Shri Sundari kanya Pra Vi,school,27.8209,85.2168,OSM infrastructure,,
Shree Dhanapati Mahankal Pra Vi,school,27.8275,85.2269,OSM infrastructure,,
Shri kalika Devi Ma Vi,school,27.8218,85.3248,OSM infrastructure,,
Shree Chanabhume Pra Vi,school,27.8329,85.3372,OSM infrastructure,,
Shri Panchakanya Bhume Pra Vi,school,27.8233,85.3095,OSM infrastructure,,
Shree Ramche Pra Vi,school,27.8286,85.2903,OSM infrastructure,,
Shree Sat kanya Pra Vi,school,27.8208,85.2806,OSM infrastructure,,
Shree Saraswati Ma Vi,school,27.8291,85.2850,OSM infrastructure,,
Shree Thanapati Pra Vi,school,27.8474,85.2882,OSM infrastructure,,
Shree Jana Pra Vi,school,27.8533,85.3382,OSM infrastructure,,
Shree Samundra Uchha Ma Vi,school,27.8487,85.3557,OSM infrastructure,,
Shree Namuna Pra Vi,school,27.8440,85.3637,OSM infrastructure,,
Shri Shyauri Bhume Pra Vi,school,27.8517,85.3776,OSM infrastructure,,
Shri Shivapuri Ekata Ni Ma Vi,school,27.8420,85.3743,OSM infrastructure,,
Shri Shyauri Bhume Uchha Ma Vi,school,27.8572,85.3875,OSM infrastructure,,
Shree Shivalaya ni. Ma. Vi.,school,27.8506,85.4163,OSM infrastructure,,
Jwalamukhi PRA .V,school,27.8496,85.4248,OSM infrastructure,,
Shri Bachhala Pra Vi,school,27.8551,85.4406,OSM infrastructure,,
Shri Vishnu Devi Pra Vi,school,27.8450,85.4469,OSM infrastructure,,
Shree Hilche Pra Vi,school,27.8365,85.4393,OSM infrastructure,,
Shree Sitaram Pra Vi,school,27.8296,85.4378,OSM infrastructure,,
Shree Namuna Bal Bikas Kendra,school,27.8426,85.4311,OSM infrastructure,,
Shree Bhume Devi Uchha Ma Vi,school,27.8436,85.4250,OSM infrastructure,,
Shree Borlang Bhume Ni Ma Vi,school,27.8411,85.4151,OSM infrastructure,,
Shree Shanti Buddha Aadharbhut Pra Vi,school,27.8333,85.4240,OSM infrastructure,,
Shree Shivapuri Mahadev PRA.Vi,school,27.8307,85.4060,OSM infrastructure,,
Shree Navadeep Jyoti Bal Pra.Vi.,school,27.8369,85.4161,OSM infrastructure,,
Shree Chapabote Pra Vi,school,27.8468,85.4069,OSM infrastructure,,
Shri Maidan Pra Vi,school,27.8468,85.3918,OSM infrastructure,,
Shri Bishnu Devi Pra Vi,school,27.8479,85.3887,OSM infrastructure,,
Shri Ramayan Chap Ma Vi,school,27.8524,85.4007,OSM infrastructure,,
Shri Shilaka Devi Pra Vi,school,27.8579,85.4067,OSM infrastructure,,
Shree kholekharkha Ni Ma Vi,school,27.8612,85.4267,OSM infrastructure,,
Shree Mangche Bhume Pra Vi,school,27.8659,85.4227,OSM infrastructure,,
Shri Chhayadevi Pra Vi,school,27.8685,85.4045,OSM infrastructure,,
Shri Thangsang Bhume Pra Vi,school,27.8715,85.3958,OSM infrastructure,,
Shri Mangala Devi Pra.Vi.,school,27.8613,85.4050,OSM infrastructure,,
Shree Bhume Devi Pra Vi,school,27.8755,85.3727,OSM infrastructure,,
Shree Astadevi Pra Vi,school,27.8662,85.3766,OSM infrastructure,,
Shree Grohithum Bhume Devi Pra Vi,school,27.8813,85.3457,OSM infrastructure,,
Shree Mulabari Pra Vi,school,27.8658,85.3534,OSM infrastructure,,
Shree Janaki Ma Vi,school,27.8681,85.3678,OSM infrastructure,,
Shree Gyan kunja Pra Vi,school,27.8755,85.3628,OSM infrastructure,,
Shree Jebrang Pra Vi,school,27.8756,85.3571,OSM infrastructure,,
Shri Nava Jyoti Pra Vi,school,27.8745,85.3257,OSM infrastructure,,
Shree Janashakti Pra Vi,school,27.9728,85.2918,OSM infrastructure,,
Shree Rajamati Pra Vi,school,27.9496,85.2710,OSM infrastructure,,
Shree Sita Dharma Pra Vi,school,27.9331,85.2802,OSM infrastructure,,
Shri Suryamati Pra Vi,school,27.9191,85.2810,OSM infrastructure,,
Shree Shilakanya Devi Ni Ma Vi,school,27.9494,85.2503,OSM infrastructure,,
Shree Sapta kanya Pra Vi,school,27.9186,85.2296,OSM infrastructure,,
Kundala Ni Ma Vi,school,27.9369,85.2483,OSM infrastructure,,
Jan Jagriti Pra Vi,school,27.9346,85.2659,OSM infrastructure,,
Ban Devi Pra Vi,school,27.9387,85.2612,OSM infrastructure,,
Shree Jalpa Yuva Pra Vi,school,27.9152,85.2275,OSM infrastructure,,
Jalpa Devi Pra Vi,school,27.9163,85.2407,OSM infrastructure,,
Pancha Kanya Pra Vi,school,27.8954,85.2238,OSM infrastructure,,
Kanya Devi Pra Vi,school,27.8985,85.2333,OSM infrastructure,,
Indrayani Ni Ma Vi,school,27.9043,85.2696,OSM infrastructure,,
Bandevi Pra Vi,school,27.8869,85.2607,OSM infrastructure,,
Shree Shanti Bidhya Pra.Vi.,school,27.8855,85.2842,OSM infrastructure,,
Sansari Pra Vi,school,27.8943,85.3081,OSM infrastructure,,
Shri Mangaladevi Pra.Vi.,school,27.8883,85.3143,OSM infrastructure,,
Gambo Dadha Pra Vi,school,27.9043,85.3542,OSM infrastructure,,
Shree Sundar Kanya Pra.Vi.,school,27.9005,85.3598,OSM infrastructure,,
Chandra Prabha Pra Vi,school,27.9373,85.3089,OSM infrastructure,,
Majuwa Pra Vi,school,27.9013,85.3682,OSM infrastructure,,
Shri Bhume Devi Pra Vi,school,27.9319,85.3145,OSM infrastructure,,
Nawa Prabhat Pra Vi,school,27.9393,85.3719,OSM infrastructure,,
Mahendra Pra Vi,school,27.8959,85.4134,OSM infrastructure,,
Ujjwal Ni Ma Vi,school,27.8998,85.3969,OSM infrastructure,,
Shri Mahadev Ma.Vi,school,27.9119,85.3913,OSM infrastructure,,
Dhaulagiri Pra Vi,school,27.9124,85.4018,OSM infrastructure,,
Shree Dupcheswor Ucha Ma Vi,school,27.9443,85.3885,OSM infrastructure,,
Shri Chana Bhume Pra Vi,school,27.9778,85.3984,OSM infrastructure,,
Shri Nabodhya Pra Vi,school,27.9680,85.3804,OSM infrastructure,,
Shree Chayan Dadha Pra Vi,school,27.9552,85.3863,OSM infrastructure,,
Bachhala Ma V,school,27.9618,85.3955,OSM infrastructure,,
Shree Ghyangphedi Pra Vi,school,27.9767,85.4403,OSM infrastructure,,
Shree Janaki Pra Vi,school,27.9891,85.4501,OSM infrastructure,,
Shree Surya Kunda Pra Vi,school,28.0193,85.4628,OSM infrastructure,,
Shree Mangen Pra Vi,school,27.9903,85.4605,OSM infrastructure,,
Shree Indrayani Pra.Vi.,school,27.9997,85.4463,OSM infrastructure,,
Shri Bhagwan Pra Vi,school,27.9221,85.4059,OSM infrastructure,,
Shree Maple Ni Ma Vi,school,27.9354,85.4570,OSM infrastructure,,
Shri Chandeswari Pra Vi,school,27.9225,85.4160,OSM infrastructure,,
Shri Yashodha Pra.Vi.,school,27.9233,85.4252,OSM infrastructure,,
Shri Bageswari Pra Vi,school,27.9356,85.4496,OSM infrastructure,,
Shri Dhaneswari Pra Vi,school,27.9209,85.4452,OSM infrastructure,,
Shree Birendra Ma Vi,school,27.9296,85.4635,OSM infrastructure,,
Shree Maneswori Pra Vi,school,27.9100,85.4644,OSM infrastructure,,
Shri Jana Sahyogh Pra Vi,school,27.9257,85.4535,OSM infrastructure,,
Shri Himalaya Pra Vi,school,27.9362,85.4782,OSM infrastructure,,
Shri Golphubhanjyang Ma Vi,school,27.9027,85.4785,OSM infrastructure,,
Shri Arjun Pra Vi,school,27.9080,85.4564,OSM infrastructure,,
Shri Mane Dadha Pra Vi,school,27.9494,85.4391,OSM infrastructure,,
Shri Hoimang Manedadha Pra Vi,school,27.9033,85.4544,OSM infrastructure,,
Shri Vumesthan Ni Ma Vi,school,27.9103,85.4377,OSM infrastructure,,
Shri Sundara Pra Vi,school,27.9315,85.4354,OSM infrastructure,,
Shri Nawa Jyoti Pra Vi,school,27.9443,85.3975,OSM infrastructure,,
Shri Saroswati Ma Vi,school,27.9295,85.4053,OSM infrastructure,,
Shri Narayan Pra Vi,school,27.9391,85.4153,OSM infrastructure,,
Shri Nawa Gyan Niketan Pra Vi,school,27.9459,85.4028,OSM infrastructure,,
Shree Bandevi Pra Vi,school,27.8916,85.2116,OSM infrastructure,,
Shree Niranjana Pra.Vi.,school,27.8915,85.2321,OSM infrastructure,,
Shree Sidhi Ganesh Pra Vi,school,27.8828,85.2409,OSM infrastructure,,
Shree Sarwodevi Pra Vi,school,27.8826,85.2276,OSM infrastructure,,
Shree Aarukharka Chaap Pra Vi,school,27.8485,85.2586,OSM infrastructure,,
Shri Namsepuran Pra Vi,school,27.9051,85.4470,OSM infrastructure,,
Shree Rastriya Ma Vi,school,27.8589,85.2517,OSM infrastructure,,
Shr Mahendra Ma Vi,school,27.9055,85.1329,OSM infrastructure,,
Shri Sansari Devi Pra Vi,school,27.9107,85.1194,OSM infrastructure,,
Shree Naya Nepal Pra Vi,school,27.9194,85.1247,OSM infrastructure,,
Shri Tindhare Pipaldanda Ma Vi,school,27.9168,85.1148,OSM infrastructure,,
Shri Bhumesthan Pra Vi,school,27.9126,85.0967,OSM infrastructure,,
Shri Bageshwari Pra V,school,27.9134,85.1102,OSM infrastructure,,
Shri Mulabari Pra Vi,school,27.8972,85.1136,OSM infrastructure,,
Shree Bagha Vairab Pra.Vi,school,27.9168,85.0739,OSM infrastructure,,
Shree Shankhadevi Uchha Ma Vi,school,27.8984,85.0568,OSM infrastructure,,
Shree Bhume Devi Pra Vi,school,27.9126,85.0563,OSM infrastructure,,
Shri Dakschinkali Pra V,school,27.9074,85.0989,OSM infrastructure,,
Shree Bageshwori Ni Ma Vi,school,27.9003,85.0848,OSM infrastructure,,
Shree Bhamara Ni Ma Vi,school,27.8924,85.0806,OSM infrastructure,,
Shree Chakra Devi Pra V,school,27.9155,85.0577,OSM infrastructure,,
Shree Jana Chetana Pra V,school,27.9093,85.0396,OSM infrastructure,,
Shree Dangsing Ma Vi,school,27.9051,85.0386,OSM infrastructure,,
Shree Panchamilan kala devi Ni Ma Vi,school,27.9169,85.0242,OSM infrastructure,,
Shree Chandra Nayan Pra.Vi.,school,27.9091,85.0227,OSM infrastructure,,
Shree Bhanjyangkhadka Pra Vi,school,27.8913,85.0206,OSM infrastructure,,
Shri Hastikeswar Baiyakarna Lilanath Pra Vi,school,27.8772,85.0073,OSM infrastructure,,
Taruka Shri Krishna Campus,school,27.8663,85.0122,OSM infrastructure,,
Shree Raluka Devi Pra Vi,school,27.8861,85.0228,OSM infrastructure,,
Shree Jalpa Devi Nimnamadyamik School,school,27.8984,85.0394,OSM infrastructure,,
Shree Shilasita Pra.Vi.,school,27.8354,85.1293,OSM infrastructure,,
Shree Gaudeshwor Primary School,school,27.9188,85.0455,OSM infrastructure,,
Shree Saraswoti Prarthmik School,school,27.9184,85.0325,OSM infrastructure,,
Shri Pipal Danda Secondary School,school,27.8892,85.0006,OSM infrastructure,,
Shri Namuna Janajagriti Pra Vi,school,27.8686,85.0067,OSM infrastructure,,
Shree Chandi Ma. Bi.,school,27.8700,85.0420,OSM infrastructure,,
Shree Saraswoti Ni Ma Vi,school,27.8771,85.0218,OSM infrastructure,,
Shree Annapurna Pra Bi,school,27.8671,85.0495,OSM infrastructure,,
Shree Chakreswor Pra Bi,school,27.8711,85.0570,OSM infrastructure,,
Shri Seti Devi Pra Bi,school,27.8625,85.0874,OSM infrastructure,,
Shree Utpaneswor Pra Bi,school,27.8366,85.0802,OSM infrastructure,,
Shri Raktakali Primary School,school,27.8730,85.1315,OSM infrastructure,,
Shree Malika Madyamik School,school,27.8305,85.0800,OSM infrastructure,,
Shree Gaulingeshwor Ma.Vi.,school,27.8108,85.0691,OSM infrastructure,,
Shree Bandevi Ni Ma Bi,school,27.7973,85.0743,OSM infrastructure,,
Shree Nepal Ghedung Pra Bi,school,27.8261,85.0745,OSM infrastructure,,
Shree Kalyanidevi Higher Secondary School,school,27.8493,85.1069,OSM infrastructure,,
Shree Bageswori Pra Bi,school,27.8486,85.0991,OSM infrastructure,,
Shri Janasewa Lower Secondary School,school,27.8537,85.0897,OSM infrastructure,,
Shree Dhandakharka Pra.Vi.,school,27.9018,85.0227,OSM infrastructure,,
Shri Tarkeshwar Pra.Vi.,school,27.8979,84.9999,OSM infrastructure,,
Shri Gorakhnath Ni. Ma.Vi.,school,27.8732,85.0060,OSM infrastructure,,
Shri Ganeshman Singh Memorial Primary School,school,27.8491,85.0277,OSM infrastructure,,
Shree B.P.Smriti Pra.Vi.,school,27.8650,85.0007,OSM infrastructure,,
Shri Shahid Prashansha Pra Vi.,school,27.8527,85.0051,OSM infrastructure,,
Shree Vaisnabee Pra Bi,school,27.8660,85.0793,OSM infrastructure,,
Shree Bhairab Kunda Pra Bi,school,27.8426,85.0389,OSM infrastructure,,
Shri Chandi Ni.Ma.Vi.,school,27.8576,85.0806,OSM infrastructure,,
Shree Pimaltar Uchcha Ma.Vi.,school,27.8390,85.0193,OSM infrastructure,,
Shree Ujjwal Tara Pra. Vi.,school,27.8243,85.1163,OSM infrastructure,,
Shree Mahamaya Ni.Ma.Vi.,school,27.8466,85.1320,OSM infrastructure,,
Shree Mahadev Ni.Ma.Vi.,school,27.8315,85.1154,OSM infrastructure,,
Shree Janasahabhagita Pra.Vi.,school,27.8424,85.1202,OSM infrastructure,,
Shree Jana Sahayogi Pra. Vi.,school,27.8384,85.0983,OSM infrastructure,,
Shree Panchase Ma.Vi.,school,27.8139,85.0937,OSM infrastructure,,
Shree Tilakeshwor Prastabit Ni.Ma.Vi.,school,27.8126,85.1095,OSM infrastructure,,
Mahadev Multiple Campus,school,27.8523,85.0603,OSM infrastructure,,
Shree Balkumari Pra.Vi.,school,27.8395,85.1411,OSM infrastructure,,
Shri NawaDurga Bhawani Ni.Ma. Vi,school,27.8303,85.2108,OSM infrastructure,,
Shree Panchkanya Raktakali Pra Vi,school,27.8250,85.2017,OSM infrastructure,,
Kumari Namuna Campus,school,27.7775,85.1564,OSM infrastructure,,
Shree Bindukeshar Uchha Ma V,school,27.9541,85.0118,OSM infrastructure,,
Shree Gram Sewa Bidyashram Uchha Ma V,school,27.9475,85.0481,OSM infrastructure,,
Shree Devisthan Pra V,school,27.9748,85.0336,OSM infrastructure,,
Shree Chakradevi Pra V,school,27.9407,85.0189,OSM infrastructure,,
Shree Bhairabi Devi Pra V,school,27.9389,85.0262,OSM infrastructure,,
Shree Bajradevi Pra V,school,27.9446,85.0430,OSM infrastructure,,
Shree Rastriya Pra V,school,27.9451,85.0672,OSM infrastructure,,
Shree Sundara Devi Pra V,school,27.9558,85.0319,OSM infrastructure,,
Shree Dhaneshwori Pra V,school,27.9573,85.0604,OSM infrastructure,,
Shree Vai Jayanti Sikshya Niketan Ni Ma V,school,27.9672,85.0431,OSM infrastructure,,
Shree Jana Samudayik Pra V,school,27.8426,85.0637,OSM infrastructure,,
Shri Saptakanya Pra V,school,27.9431,85.2941,OSM infrastructure,,
Shree Arukharka Ma V,school,27.8130,85.1755,OSM infrastructure,,
Shree Sahanti Bidhya Pra V,school,27.8224,85.1513,OSM infrastructure,,
Shree Belkot Bhanjyang Ma V,school,27.8091,85.1572,OSM infrastructure,,
Shree Mandredhunga Pra V,school,27.8865,85.1299,OSM infrastructure,,
Shri Birendra Ma V,school,27.8894,85.1015,OSM infrastructure,,
Shri Sundaradevi Pra V,school,27.8844,85.1084,OSM infrastructure,,
Shree Gaurikharka Ni Ma V,school,27.7928,85.1897,OSM infrastructure,,
Shree Bageshwori Pra V,school,27.7766,85.1982,OSM infrastructure,,
Shree Kalika Ma V,school,27.7859,85.1829,OSM infrastructure,,
Shree Maneghang Pra V,school,27.8001,85.1819,OSM infrastructure,,
Shree Mangala Devi Pra V,school,27.7990,85.2070,OSM infrastructure,,
Shree Navshrijanshil Pra.Vi.,school,27.7812,85.2069,OSM infrastructure,,
Shree Dudhe Devi Pra V,school,27.9445,85.2896,OSM infrastructure,,
Shree Indreshwor Ni Ma V,school,27.8289,85.0457,OSM infrastructure,,
Shree Ganesh Sthan Pra V,school,27.8297,85.0320,OSM infrastructure,,
Shree Mahadev Uchha Ma V,school,27.8105,85.0141,OSM infrastructure,,
Shree Ganesh Ba.Bi. Kendra,school,27.8422,85.0550,OSM infrastructure,,
Shree Saraswati Ni.Ma.Vi,school,27.8472,85.0762,OSM infrastructure,,
Shree Bhumedevi Pra V,school,27.8842,85.0506,OSM infrastructure,,
Shree Nawa Jyoti Pra V,school,27.8813,85.0712,OSM infrastructure,,
Shri Kalyan Pra V,school,27.9433,85.1057,OSM infrastructure,,
Shree Nila Saraswati Ni Ma V,school,27.8945,85.0649,OSM infrastructure,,
Shri Bageshwari Ni Ma V,school,27.9331,85.0882,OSM infrastructure,,
Shri Sundaradevi Pra V,school,27.9478,85.0860,OSM infrastructure,,
Shri Pragatishil Pra V,school,27.9327,85.0970,OSM infrastructure,,
Shri Kalika Pra V,school,27.9425,85.0937,OSM infrastructure,,
Shree Kanya Devi Ni Ma V,school,27.9462,85.1176,OSM infrastructure,,
Shree Ajingare Uchha Ma V,school,27.9347,85.1192,OSM infrastructure,,
Shri Srijana Pra V,school,27.9395,85.0957,OSM infrastructure,,
Shri Srijanshil Pra V,school,27.9299,85.1104,OSM infrastructure,,
Shree Bag Bachhala Mahadev Pra V,school,27.8957,85.0922,OSM infrastructure,,
Shri Jalapadevi Pra V,school,27.8723,85.1039,OSM infrastructure,,
Shri Chandeshwari Pra V,school,27.8777,85.0904,OSM infrastructure,,
Shree Pokhari Ni Ma V,school,27.7926,85.1308,OSM infrastructure,,
Shree Shramik Ni Ma V,school,27.7776,85.1676,OSM infrastructure,,
Shree Laxmishwori Ma V,school,27.7836,85.1266,OSM infrastructure,,
Shree Nawa Jyoti Ni Ma V,school,27.7768,85.1211,OSM infrastructure,,
Shree Bikas Ni Ma V,school,27.7940,85.1010,OSM infrastructure,,
Shree Khaniyakharka Ni Ma V,school,27.7877,85.1707,OSM infrastructure,,
Shree Chitmare Ni Ma V,school,27.7946,85.1478,OSM infrastructure,,
Shree Ganesh Pra V,school,27.7759,85.1374,OSM infrastructure,,
Shree Krishna Pra V,school,27.7851,85.1367,OSM infrastructure,,
Shri Chandeswori Pra V,school,27.9519,85.3022,OSM infrastructure,,
Shree Dhude Devi Ni Ma V,school,27.9615,85.2938,OSM infrastructure,,
Shree Kalika Devi Pra V,school,27.9464,85.2905,OSM infrastructure,,
श्री नवजीवन प्राथमिक विद्यालय,school,27.8383,85.2006,OSM infrastructure,,
Shree Shiladevi Pra. Vi.,school,27.8741,85.2056,OSM infrastructure,,
Shree Bhrikuti Ma. Vi.,school,27.8713,85.1666,OSM infrastructure,,
Shree Parijat Pra.Vi.,school,27.9409,85.1349,OSM infrastructure,,
Shree Kalika Ni.Ma.Vi,school,27.8342,85.1667,OSM infrastructure,,
Shree Trishuli Pra.Vi.,school,27.9447,85.1503,OSM infrastructure,,
Shree Saraswoti Pra.Vi.,school,27.8593,85.1562,OSM infrastructure,,
Shri United Ni.Ma.Vi.,school,27.8995,85.1438,OSM infrastructure,,
Shri Mahalaxmi Pra.Vi.,school,27.8863,85.1367,OSM infrastructure,,
Shree Ganesh Surya Pra.V,school,27.8865,85.1771,OSM infrastructure,,
Shree Kalika Devi Pra Vi,school,27.8721,85.2455,OSM infrastructure,,
Shree Siddhi Ganesh Pra Vi,school,27.8574,85.2755,OSM infrastructure,,
Shree Lamagaun Primary School,school,27.8440,85.2377,OSM infrastructure,,
Shree Bachchala Ni Ma Vi,school,27.8703,85.3405,OSM infrastructure,,
Shree Shrijanshil Bal Bikas Kentra,school,27.8779,85.3472,OSM infrastructure,,
Shree Nepane Pra Vi,school,27.8703,85.3825,OSM infrastructure,,
Shree Amar Pra Vi,school,27.8353,85.2924,OSM infrastructure,,
Shree Sundara PRA Vi,school,27.8739,85.2963,OSM infrastructure,,
Shree Jalpa Devi Ni Ma Vi,school,27.8638,85.3817,OSM infrastructure,,
Shri Mahendra Uchha Ma Vi,school,27.8616,85.3957,OSM infrastructure,,
Shri Garwasi Lower Secondary School,school,27.8157,85.2015,OSM infrastructure,,
Shree Jana Chetana Bal Bikas kendra,school,27.8627,85.2341,OSM infrastructure,,
Shree Birendra Primary School,school,27.8464,85.2664,OSM infrastructure,,
Shree kshetrapal Lower Secondary School,school,27.8678,85.2353,OSM infrastructure,,
Shree Sundaradevi Pra Vi,school,27.9763,85.1770,OSM infrastructure,,
Shree Sundara Devi English School,school,27.9719,85.1713,OSM infrastructure,,
Shree Durgam Tara Pra Vi,school,28.0852,85.1454,OSM infrastructure,,
Shri Nuchet Pra Vi,school,28.0179,85.1286,OSM infrastructure,,
Shri kalika Bhume Pra Vi,school,28.0373,85.0932,OSM infrastructure,,
Shree Mahakali Pra Vi,school,27.9374,85.1828,OSM infrastructure,,
Shree Chetana Primary School,school,27.9619,85.1714,OSM infrastructure,,
Shree Siddheshwor Pra Vi,school,27.9494,85.1951,OSM infrastructure,,
Shree Shanti kalyan Ni Ma Vi,school,27.9549,85.2129,OSM infrastructure,,
Shree Bachchala Devi Ma Vi,school,27.9665,85.1562,OSM infrastructure,,
Shree Lachyang Pra Vi,school,27.9627,85.2873,OSM infrastructure,,
Shree Mangala Devi Ni Ma Vi,school,27.9541,85.2738,OSM infrastructure,,
Nergu Bhumi Pra Vi,school,27.9700,85.3055,OSM infrastructure,,
Shri Bigyan Uchha Ma Vi,school,27.9347,85.2890,OSM infrastructure,,
Jana Kalyan Pra. Vi.,school,27.9228,85.2942,OSM infrastructure,,
Shree Nawa Prakash Secondary School,school,27.8953,85.1955,OSM infrastructure,,
Shree Shakti Pra Vi,school,27.8788,85.2095,OSM infrastructure,,
Shree Mahendra Uchha Ma Vi,school,27.8594,85.2651,OSM infrastructure,,
Shree Arunodaya Lower Secondary School,school,27.8506,85.2456,OSM infrastructure,,
Shri Dupcheswori Pra Vi,school,27.8690,85.3141,OSM infrastructure,,
Shri Namaruna Devi Pra Vi,school,27.8827,85.2983,OSM infrastructure,,
हिमालय उपचार केन्द्र,hospital,27.7292,85.3707,OSM + Healthsites,,
केईसी इंस्टिट्यूट,school,27.7031,85.3219,OSM infrastructure,,
रेडवुड एजुकेशन नेटवर्क,school,27.7170,85.3336,OSM infrastructure,,
वेब स्कुल,school,27.7167,85.3817,OSM infrastructure,,
,school,27.7035,85.3304,OSM infrastructure,,
मुनलाईट विद्यालय,school,27.7348,85.3592,OSM infrastructure,,
Shree Gairi Gau Ni Ma Vi,school,27.8945,84.9063,OSM infrastructure,,
Shree Gauri Shankar Ma VI,school,27.8790,84.9537,OSM infrastructure,,
अक्षर एकेडेमी,school,27.7018,85.3333,OSM infrastructure,,
अक्षर एकेडेमी,school,27.7018,85.3329,OSM infrastructure,,
जुगल अंग्रेजी बोर्डिङ विद्यालय,school,27.7326,85.3565,OSM infrastructure,,
पाइलन एकेडेमी,school,27.7396,85.3370,OSM infrastructure,,
नमुना अध्यायन मन्टेश्वरी विद्यालय,school,27.7192,85.2592,OSM infrastructure,,
नमुना अध्यायन मन्टेश्वरी विद्यालय,school,27.7195,85.2595,OSM infrastructure,,
बिनायक अस्पताल,hospital,27.7351,85.3130,OSM + Healthsites,,
स्काइफल शैक्षिक परामर्श,school,27.7055,85.3230,OSM infrastructure,,
नेपाल पाथफाईन्दर कोएड,school,27.7031,85.3459,OSM infrastructure,,
,school,27.8210,84.9936,OSM infrastructure,,
Maha Saraswoti Niketan,school,27.7580,85.2794,OSM infrastructure,,
,school,27.7178,85.1630,OSM infrastructure,,
माया एनिमेसन एकेडेमी,school,27.7092,85.3149,OSM infrastructure,,
योग एकेडेमी केन्द्र,school,27.7266,85.2770,OSM infrastructure,,
,hospital,27.9874,85.2456,OSM + Healthsites,,
Rasuwa District Hospital,hospital,28.1104,85.2965,OSM + Healthsites,,
Shree Rasuwa Secondary School,school,28.1128,85.2953,OSM infrastructure,,
Highland HS School,school,28.1114,85.2997,OSM infrastructure,,
,school,27.7688,85.2983,OSM infrastructure,,
,school,27.7922,85.4208,OSM infrastructure,,
,school,27.7053,85.3219,OSM infrastructure,,
ग्यालेक्सी पब्लिक विद्यालय,school,27.7083,85.3304,OSM infrastructure,,
दक्षिण एसियाली पोलिक्लिनिक तथा निदान केन्द्र,hospital,27.7391,85.3262,OSM + Healthsites,,
साउथवेस्टर्न स्टेट विद्यालय,school,27.7364,85.3219,OSM infrastructure,,
मरिई स्टोप्स नेपाल,hospital,27.7348,85.3174,OSM + Healthsites,,
वेलनेस हस्पिटल प्रा. लि.,hospital,27.7424,85.3379,OSM + Healthsites,,
सहारा मन्टेश्वरी विद्यालय,school,27.7289,85.3638,OSM infrastructure,,
एलिम एकेडेमी,school,27.7401,85.3359,OSM infrastructure,,
सर्कोङ दोर्जी चाङ एकेडेमी,school,27.7142,85.2876,OSM infrastructure,,
,school,27.7082,85.3317,OSM infrastructure,,
गीतांजली उच्च माध्यमिक विद्यालय,school,27.7192,85.3049,OSM infrastructure,,
श्री बाल बयाबासाये केन्द्र माध्यमिक विद्यालय,school,27.7119,85.3409,OSM infrastructure,,
ह्वावे अन्तर्राष्ट्रिय अस्पताल,hospital,27.7130,85.3453,OSM + Healthsites,,
नर्थ पोल एकेडेमी,school,27.7508,85.3153,OSM infrastructure,,
हिमालय विद्यालय मन्दिर,school,27.7102,85.3388,OSM infrastructure,,
पाराडाईज अन्तर्राष्ट्रिय एकेडेमी,school,27.7136,85.3396,OSM infrastructure,,
,school,27.9968,85.2045,OSM infrastructure,,
प्यारागन विद्यालय,school,27.7016,85.3501,OSM infrastructure,,
महेन्द्र नारायण निधि मेमोरियल अस्पताल,hospital,27.7375,85.3253,OSM + Healthsites,,
Himalayan Boarding High School,school,27.7766,85.3618,OSM infrastructure,,
,school,27.7758,85.3615,OSM infrastructure,,
Himalaya Boarding School,school,27.7765,85.3617,OSM infrastructure,,
,school,27.8331,84.9917,OSM infrastructure,,
,school,27.7014,85.3721,OSM infrastructure,,
विद्यासंस्कार विद्यालय,school,27.7347,85.3798,OSM infrastructure,,
,hospital,27.7177,85.3111,OSM + Healthsites,,
डोल्गिरि उच्च माध्यमिक विद्यालय,school,27.7157,85.4268,OSM infrastructure,,
चम्पक विद्यापीठ,school,27.7171,85.4300,OSM infrastructure,,
Shri Sana Kisan Sahakari Secondary School,school,27.7389,85.2091,OSM infrastructure,,
Bindukeshar Basic School,school,27.9566,84.9985,OSM infrastructure,,
Sunkanya Basic School,school,27.9589,84.9530,OSM infrastructure,,
,school,27.9936,84.9204,OSM infrastructure,,
Katunje Health Post,hospital,27.9776,84.9300,OSM + Healthsites,,
Pujari Dada Khop Kendra,hospital,27.9695,84.9336,OSM + Healthsites,,
Umesh Pharmacy,hospital,27.9729,84.9222,OSM + Healthsites,,
Rip Bal Jyoti School,school,27.9845,84.9337,OSM infrastructure,,
Mahabirchuli Boarding School,school,27.9733,84.9293,OSM infrastructure,,
Bibek Medical,hospital,27.9724,84.9226,OSM + Healthsites,,
Child Care School,school,27.9811,84.9992,OSM infrastructure,,
,school,27.9886,84.9226,OSM infrastructure,,
चे हाई स्कुल,school,27.7215,85.3038,OSM infrastructure,,
गीताञ‍्जली एकेडेमी,school,27.7222,85.3030,OSM infrastructure,,
Family Beauty Parlour and Therapy Centre Pvt. Ltd.,hospital,27.7118,85.3097,OSM + Healthsites,,
क्रिश्चियन सामुदायिक विद्यालय,school,27.7047,85.3914,OSM infrastructure,,
Pachakanya Basic School,school,28.0300,84.9654,OSM infrastructure,,
,school,27.9026,85.1467,OSM infrastructure,,
,school,27.7217,85.3871,OSM infrastructure,,
श्री पशुपति माध्यमिक विद्यालय,school,27.7162,85.3459,OSM infrastructure,,
,hospital,27.9938,85.2035,OSM + Healthsites,,
Morgan International School,school,27.7566,85.3345,OSM infrastructure,,
तारापुञ्‍ज अंग्रेजी बोर्डिङ् स्कुल,school,27.7220,85.3384,OSM infrastructure,,
काठमाडौं ग्लोबल विद्यालय,school,27.7364,85.3218,OSM infrastructure,,
मैत्री सामुदायिक अस्पताल,hospital,27.7269,85.3451,OSM + Healthsites,,
ए.पि.एस. स्कुल,school,27.7418,85.3223,OSM infrastructure,,
,school,27.9647,85.1694,OSM infrastructure,,
मेट्रो अस्पताल,hospital,27.7398,85.3371,OSM + Healthsites,,
स्वास्थ्य चौकी,hospital,28.0186,85.7868,OSM + Healthsites,,
करुणा अस्पताल,hospital,27.7513,85.3625,OSM + Healthsites,,
हिमाली आवासीय विद्यालय,school,27.7032,85.3488,OSM infrastructure,,
,school,27.7475,85.6184,OSM infrastructure,,
,school,27.7883,85.2655,OSM infrastructure,,
,school,27.8994,85.2048,OSM infrastructure,,
,school,27.8429,85.2372,OSM infrastructure,,
Shree Nabin Gram Sikshya Mandir Secondary School,school,27.7620,85.5195,OSM infrastructure,,
,school,27.9197,85.3847,OSM infrastructure,,
,school,27.7888,85.5004,OSM infrastructure,,
om school,school,27.7802,85.3669,OSM infrastructure,,
Bal Bikash Samaj Adharbut Bidhayala,school,27.7903,85.3420,OSM infrastructure,,
,hospital,27.7541,85.8296,OSM + Healthsites,,
मूनलाइट स्कूल,school,27.7371,85.3414,OSM infrastructure,,
,school,27.8558,85.3232,OSM infrastructure,,
यन्त्र हाउस,school,27.7255,85.3589,OSM infrastructure,,
Linga Learning Institute,school,27.7102,85.3109,OSM infrastructure,,
Mahakali Secondary School,school,27.7141,85.5763,OSM infrastructure,,
Shree Sankhadevi Ma. Vi.,school,27.8822,84.9464,OSM infrastructure,,
सेन्ट लरेन्स विद्यालय,school,27.7146,85.3475,OSM infrastructure,,
सब्दालय नेपाल,school,27.7143,85.3430,OSM infrastructure,,
बिश्व शिक्षा सदन,school,27.7175,85.3498,OSM infrastructure,,
मनास्लु विश्व विद्यालय,school,27.7413,85.4217,OSM infrastructure,,
श्रीति विद्यालय,school,27.7188,85.3567,OSM infrastructure,,
मिसन पब्लिक विद्यालय,school,27.7189,85.3569,OSM infrastructure,,
जेभियर इन्टरनेशनल मोन्टेस्सोरी विद्यालय,school,27.7186,85.3566,OSM infrastructure,,
लारनिंग ट्री विद्यालय,school,27.7232,85.3597,OSM infrastructure,,
इम्पाओररिङ्ग एसिया,school,27.7165,85.3351,OSM infrastructure,,
मल्पी सिटी विद्यालय,school,27.7127,85.3295,OSM infrastructure,,
संकटा प्राथमिक विद्यालय,school,27.7019,85.3120,OSM infrastructure,,
महानकल माध्यमिक विद्यालय,school,27.7059,85.3121,OSM infrastructure,,
Sundarijal Swastha Chauki,hospital,27.7728,85.4291,OSM + Healthsites,,
The Rising Village Higher Secondary School,school,27.7991,84.9946,OSM infrastructure,,
Shiva Darshan Hospital,hospital,27.7351,85.1330,OSM + Healthsites,,
एन्जिलको विश्व अन्तर्राष्ट्रिय एकेडेमी,school,27.7389,85.3309,OSM infrastructure,,
काठमाडौं जीवन ज्योति अस्पताल,hospital,27.7182,85.3490,OSM + Healthsites,,
सानो पाठशाला मोन्टेसरी,school,27.7498,85.3365,OSM infrastructure,,
बी बज डे केयर स्कुल,school,27.7465,85.3345,OSM infrastructure,,
स्मृति मोन्टेस्सोरी पूर्व विद्यालय,school,27.7465,85.3390,OSM infrastructure,,
मिल्सबेरी स्कूल,school,27.7496,85.3406,OSM infrastructure,,
माउन्ट ओलम्पस स्कूल,school,27.7474,85.3362,OSM infrastructure,,
स्प्रिङभिल पूर्व विद्यालय,school,27.7459,85.3352,OSM infrastructure,,
बि.एन. एकेडेमी,school,27.7444,85.3312,OSM infrastructure,,
जेस्ट स्कूल,school,27.7408,85.3322,OSM infrastructure,,
लिबर्टी माध्यमिक विद्यालय,school,27.7398,85.3302,OSM infrastructure,,
ओरिएण्ट विद्यालय,school,27.7407,85.3303,OSM infrastructure,,
बालकुञ्ज एकेडेमी,school,27.7460,85.3354,OSM infrastructure,,
University School,school,27.7456,85.3337,OSM infrastructure,,
साउथवेस्टर्न स्टेट कलेज,school,27.7394,85.3255,OSM infrastructure,,
ग्रेसल्याण्ड मोन्टेस्सोरी र डे केयर,school,27.7462,85.3409,OSM infrastructure,,
रिपु मर्दिनी सैनिक माध्यमिक विधालय,school,27.7472,85.3447,OSM infrastructure,,
मुलबेरी,school,27.7437,85.3447,OSM infrastructure,,
साउथवेस्टर्न स्टेट विद्यालय,school,27.7393,85.3255,OSM infrastructure,,
All Nepal Hospital,hospital,27.7360,85.3176,OSM + Healthsites,,
आकाश दीप विद्यालय,school,27.7224,85.3854,OSM infrastructure,,
balbatika school,school,27.7230,85.3802,OSM infrastructure,,
बाला बटिका अन्तर्राष्ट्रिय विद्यालय,school,27.7390,85.3035,OSM infrastructure,,
राष्ट्रिय नमूना माध्यमिक विद्यालय,school,27.7406,85.3036,OSM infrastructure,,
"वत्सल्या प्राकृतिक आईवीएफ, फर्टिलिटी क्लिनिक",hospital,27.7156,85.3253,OSM infrastructure,,
युनिकेयर बाल स्कूल,school,27.7331,85.3716,OSM infrastructure,,
आधारशिला विद्यालय,school,27.7329,85.3728,OSM infrastructure,,
Melamchi hospital,hospital,27.8271,85.5736,OSM + Healthsites,,
Sita Basic School,school,27.7915,85.7043,OSM infrastructure,,
Singhadevi Basic School,school,27.7107,85.7591,OSM infrastructure,,
Siddhi Kalamadevi Secondary School,school,27.7753,85.6967,OSM infrastructure,,
Shree Setidevi Secondary School,school,27.8102,85.6926,OSM infrastructure,,
Shree Setidevi Panchkanya Child Development Centre School,school,27.8227,85.7204,OSM infrastructure,,
Shree Saraswati Basic School,school,27.8244,85.7130,OSM infrastructure,,
Shree Mangala Bhairab Basic School,school,27.8313,85.6883,OSM infrastructure,,
Shree Kalika Devi High School,school,27.7786,85.7401,OSM infrastructure,,
Shree Badshala Basic School,school,27.7805,85.7527,OSM infrastructure,,
Shree Baal Sudhar Basic school,school,27.7617,85.7238,OSM infrastructure,,
Setidevi Basic School,school,27.7302,85.7633,OSM infrastructure,,
Setidevi Basic School,school,27.8106,85.7288,OSM infrastructure,,
Setidevi Basic School,school,27.7393,85.7386,OSM infrastructure,,
Samaj Bikash Basic School,school,27.8161,85.7279,OSM infrastructure,,
Saat Kanya Basic School,school,27.8199,85.6966,OSM infrastructure,,
Rameshori Basic School,school,27.7984,85.7259,OSM infrastructure,,
Mahakali Setidevi Basic School,school,27.7570,85.7432,OSM infrastructure,,
Laliguransh Basic School,school,27.7073,85.7530,OSM infrastructure,,
Jugal Boarding High School,school,27.7757,85.7141,OSM infrastructure,,
Jugal Basic School,school,27.8014,85.7557,OSM infrastructure,,
Jhamaladevi Basic School,school,27.7062,85.6747,OSM infrastructure,,
Jana Kalyan Basic School,school,27.7061,85.7017,OSM infrastructure,,
Jana Jagriti Primary School,school,27.7714,85.7563,OSM infrastructure,,
Jana Chetana Basic School,school,27.7543,85.6855,OSM infrastructure,,
Irkhu Secondary School,school,27.7496,85.7476,OSM infrastructure,,
Golmadevi Secondary School,school,27.7249,85.7533,OSM infrastructure,,
Dinesh Ramji PolyTechnical School,school,27.7716,85.7255,OSM infrastructure,,
Chilaune Basic School,school,27.7520,85.7632,OSM infrastructure,,
Bright Vision English Boarding School,school,27.7197,85.6896,OSM infrastructure,,
Betrishwori Basic School,school,27.8126,85.7071,OSM infrastructure,,
Batase Basic School,school,27.8084,85.7546,OSM infrastructure,,
Bajhreshori Basic School,school,27.8065,85.7501,OSM infrastructure,,
Baghishori Basic School,school,27.7935,85.6844,OSM infrastructure,,
Baag Bhairab Basic School,school,27.7436,85.6849,OSM infrastructure,,
Chautara Hospital Sindhupalchok,hospital,27.7805,85.7112,OSM + Healthsites,,
District Community Eye Center,hospital,27.7798,85.7115,OSM + Healthsites,,
बेर्शेबा राष्ट्रिय एकेडेमी,school,27.7079,85.2663,OSM infrastructure,,
नागार्जुन भ्याली स्कुल,school,27.7331,85.2868,OSM infrastructure,,
रेडियन्ट माध्यामिक विद्यालय,school,27.7016,85.2756,OSM infrastructure,,
ज्ञानकुञ्‍ज विद्या मन्दिर,school,27.7004,85.2733,OSM infrastructure,,
प्याराडाइज इङ्गलिस आवासिय स्कुल,school,27.7342,85.2894,OSM infrastructure,,
सभ्यता पाठशाला,school,27.7339,85.2837,OSM infrastructure,,
चेतना सदन माध्यामिक विद्यालय,school,27.7288,85.2878,OSM infrastructure,,
विश्व दृष्टि विद्वान एकेडेमी,school,27.7276,85.2872,OSM infrastructure,,
स्वातिश्री गुरुकुल विद्यालय,school,27.7247,85.2849,OSM infrastructure,,
एन्जल्स होम एकेडेमी,school,27.7005,85.2799,OSM infrastructure,,
टाइम्स प्राथमिक विद्यालय,school,27.7075,85.2799,OSM infrastructure,,
प्रातिभा वर्ल्ड इङ्लिस स्कुल,school,27.7049,85.2654,OSM infrastructure,,
DI Skin Hospital And Referral Center,hospital,27.7501,85.3450,OSM infrastructure,,
नयाँ ईरा एकेडेमी,school,27.7427,85.3054,OSM infrastructure,,
सोमलता पतंजलि आयुर्वेद केन्द्र प्रा.लि,hospital,27.7057,85.3229,OSM + Healthsites,,
गार्डन अफ बड्स प्रि स्कूल,school,27.7071,85.3226,OSM infrastructure,,
जेभियर अन्तर्राष्ट्रिय विद्यालय,school,27.7166,85.3501,OSM infrastructure,,
समता अस्पताल,hospital,27.7165,85.3572,OSM + Healthsites,,
काठमाडौँ न्यूरो एण्ड जनरल अस्पताल,hospital,27.7060,85.3180,OSM + Healthsites,,
काठमाडौं ईएनटी हस्पिटल प्रा. लि,hospital,27.7033,85.3184,OSM + Healthsites,,
अध्यायन विद्यालय,school,27.7367,85.3193,OSM infrastructure,,
ज्ञान संस्कार अन्तर्राष्ट्रिय विद्यालय,school,27.7360,85.3179,OSM infrastructure,,
किंगडम हिमालय माध्यमिक आवसीय विद्यालय,school,27.7385,85.3235,OSM infrastructure,,
अल नेपाल अस्पताल,hospital,27.7359,85.3177,OSM + Healthsites,,
ग्रिनल्याण्ड जुनियर विंग,school,27.7466,85.3232,OSM infrastructure,,
रोना इन्टरनेशनल एकेडेमी,school,27.7485,85.3202,OSM infrastructure,,
आयानस अस्पताल,hospital,27.7635,85.3307,OSM + Healthsites,,
Divine School,school,27.7682,85.3312,OSM infrastructure,,
बिष्णुमती आवासिय माध्यमिक विद्यालय,school,27.7361,85.3084,OSM infrastructure,,
सुवेनियर बोर्डिङ स्कुल,school,27.7463,85.3268,OSM infrastructure,,
तिलिङ्गटार उच्च माध्यमिक विद्यालय,school,27.7464,85.3304,OSM infrastructure,,
,school,27.7456,85.3330,OSM infrastructure,,
टोखा चन्देश्वरी अस्पताल,hospital,27.7702,85.3295,OSM + Healthsites,,
नेपाल अाखा अस्पताल,hospital,27.7687,85.3302,OSM + Healthsites,,
The White Mountain School,school,27.7685,85.3301,OSM infrastructure,,
Asia Pacific School,school,27.8016,85.3278,OSM infrastructure,,
काठमाडौं युरो स्कुल,school,27.7469,85.3178,OSM infrastructure,,
चिल्ड्रेन हेभन स्कुल,school,27.7492,85.3160,OSM infrastructure,,
New Malashree English School,school,27.7601,85.3181,OSM infrastructure,,
North Pole Kids Academy,school,27.7584,85.3173,OSM infrastructure,,
प्यारामाउन्ट एकेडेमी,school,27.7479,85.3195,OSM infrastructure,,
,school,27.7574,85.3197,OSM infrastructure,,
श्री धापासी माध्यमिक विद्यालय,school,27.7497,85.3384,OSM infrastructure,,
इशान बाल तथा महिला अस्पताल,hospital,27.7481,85.3369,OSM + Healthsites,,
फ्लोरेसेंट माध्यमिक विद्यालय,school,27.7452,85.3179,OSM infrastructure,,
थर्ड आँखा एकेडेमी,school,27.7396,85.3155,OSM infrastructure,,
,school,27.7404,85.3118,OSM infrastructure,,
JB School,school,27.7564,85.3326,OSM infrastructure,,
Pragyan Academy,school,27.7579,85.3224,OSM infrastructure,,
Pragyan Academy,school,27.7564,85.3208,OSM infrastructure,,
पञ्चायन आकाशीय विद्यालय,school,27.7405,85.3260,OSM infrastructure,,
ओलम्पस स्कुल,school,27.7472,85.3362,OSM infrastructure,,
Shree Nepal Rashtriya Basic School,school,28.1421,85.3600,OSM infrastructure,,
कल्पना स्वास्थ्य सेवा केन्द्र,hospital,27.7670,85.3006,OSM + Healthsites,,
अलिफ स्वास्थ सेवा केन्द्र,hospital,27.7617,85.3178,OSM + Healthsites,,
,hospital,27.7216,85.3810,OSM + Healthsites,,
,school,27.7304,85.3560,OSM infrastructure,,
,school,27.7300,85.3546,OSM infrastructure,,
अक्षरिका स्कुल,school,27.7072,85.3840,OSM infrastructure,,
बाल सृजनालय माध्यमिक विद्यालय,school,27.7231,85.3802,OSM infrastructure,,
जनकनाथ स्मृति माध्यमिक बिद्यालय,school,27.7183,85.3137,OSM infrastructure,,
श्री शान्ति बिध्यागृह माध्यमिक विद्यालय,school,27.7180,85.3137,OSM infrastructure,,
लेट मी इन,hospital,27.7373,85.3338,OSM + Healthsites,,
बागमती बोर्डिङ स्कुल,school,27.7276,85.3464,OSM infrastructure,,
ओम हस्पिटल एण्ड रिसर्च सेन्टर प्रा. लि,hospital,27.7214,85.3448,OSM + Healthsites,,
Shree Mahendra Secondary School,school,27.8696,85.2145,OSM infrastructure,,
Shree Kakani Ganesh Lower Secondary School,school,27.8141,85.2685,OSM infrastructure,,
Shree Kakani Ganesh Lower Sec.,school,27.8143,85.2681,OSM infrastructure,,
ओरिसन मेडिकल हल,hospital,27.7072,85.3790,OSM + Healthsites,,
दिर्गजीवन मेडिकल हल,hospital,27.7067,85.3790,OSM + Healthsites,,
कोरियन भाषा केन्द्र,school,27.7058,85.3705,OSM infrastructure,,
,school,27.7074,85.3776,OSM infrastructure,,
कोपिला किड्स एकेडेमी,school,27.7092,85.3714,OSM infrastructure,,
प्रदेश मन्टेश्वरी स्कुल,school,27.7034,85.3776,OSM infrastructure,,
आधारभूत स्वास्थ्य केन्द्र,hospital,27.7072,85.3794,OSM + Healthsites,,
,school,27.7011,85.3777,OSM infrastructure,,
शिव्या प्री विद्यालय,school,27.7005,85.3841,OSM infrastructure,,
Sanjivani Hospital,hospital,27.8993,85.1461,OSM + Healthsites,,
Shree Langtang Snow View Secondary School,school,27.8328,85.2402,OSM infrastructure,,
नवशिक्षा निकेतन आधारभूत विद्यालय,school,27.9873,85.4401,OSM infrastructure,,
स्वास्थ्य चौकी,hospital,27.9765,85.4402,OSM + Healthsites,,
रेड पाण्डा बालज्योती आधारभूत विद्यालय,school,27.9794,85.4298,OSM infrastructure,,
सुर्यमती आधारभूत विद्यालय,school,27.9643,85.4216,OSM infrastructure,,
जानकी आधारभूत विद्यालय,school,27.9898,85.4518,OSM infrastructure,,
मङ्गलदेवी आधारभूत विद्यालय,school,27.9738,85.4075,OSM infrastructure,,
इन्द्रेनी आधारभूत विद्यालय,school,28.0008,85.4465,OSM infrastructure,,
श्री घ्याङ्फेदी माध्यामिक विद्यालय,school,27.9755,85.4400,OSM infrastructure,,
बालकुमारी स्वास्थ्य चौकी,hospital,27.9113,85.3918,OSM + Healthsites,,
शिखरबेंसी स्वास्थ्य चौकी,hospital,27.9617,85.3951,OSM + Healthsites,,
,school,27.7023,85.3857,OSM infrastructure,,
Kathmandu Meridian School,school,27.7393,85.3440,OSM infrastructure,,
,school,27.7391,85.2885,OSM infrastructure,,
Sano Madad Sigi Rasp Memorial School,school,28.2162,85.5122,OSM infrastructure,,
,school,27.7798,85.3581,OSM infrastructure,,
,dam,27.9223,85.3478,OSM infrastructure,,
Jeevan Jyoti Secondary School,school,27.7474,85.3064,OSM infrastructure,,
Hemawateshwor Ved Vidhyashram (Gurukul),school,27.9188,85.2950,OSM infrastructure,,
Holi Garden Boarding High School,school,27.7328,85.3049,OSM infrastructure,,
,school,27.7319,85.5300,OSM infrastructure,,
Stupa community hospital,hospital,27.7203,85.3512,OSM + Healthsites,,
Deerwalk Sifal School,school,27.7119,85.3419,OSM infrastructure,,
Golfutar Eye Hospital,hospital,27.7515,85.3457,OSM + Healthsites,,
Manichud Payul Ling Monastery school,school,27.7608,85.4697,OSM infrastructure,,
भ्याली अस्पताल (पुतलीसडक),hospital,27.7052,85.3232,OSM + Healthsites,,
Derma Clinic,hospital,27.7385,85.3264,OSM + Healthsites,,
,hospital,27.7503,85.3453,OSM + Healthsites,,DI Skin Hospital And Referral Center
Pineridge Academy,school,27.7349,85.3540,OSM infrastructure,,
National Trauma Center,hospital,27.7043,85.3131,OSM infrastructure,,
Tindhara Pathshala,school,27.7096,85.3175,OSM infrastructure,,
त्रिभुवन अन्तर्राष्ट्रिय विमानस्थल,airport,27.6937,85.3591,OSM infrastructure,,
Tilganga Institute of Opthalmology,hospital,27.7054,85.3507,OSM infrastructure,,
Kent Public School,school,27.7198,85.5231,OSM infrastructure,,
Shree Baluwa Secondary School,school,27.7240,85.5421,OSM infrastructure,,
Ayurveda Hospital,hospital,27.7078,85.3054,OSM infrastructure,,
Jaljala Shishu Sadan Secondary School,school,27.7087,85.3051,OSM infrastructure,,
Nava Adarsha Secondary School,school,27.7036,85.3067,OSM infrastructure,,
Shree Chanda Devi Primary and Secondary School,school,27.8621,85.1810,OSM infrastructure,,
Ram Janaki Primary School,school,27.8533,85.1904,OSM infrastructure,,
Shree Shakti Primary and High Secondary School,school,27.8677,85.1945,OSM infrastructure,,
Upendra Devkota Memorial - National Institute of Neurological and Allied Sciences,hospital,27.7487,85.3460,OSM infrastructure,,
Shahid Gangalal National Heart Centre,hospital,27.7458,85.3436,OSM infrastructure,,
Kaasthamandap Vidhyalaya,school,27.7354,85.3477,OSM infrastructure,,
NIBS School,school,27.7368,85.3485,OSM infrastructure,,
Malpi International College,school,27.7240,85.3280,OSM infrastructure,,
,school,27.7366,85.3495,OSM infrastructure,,
Lumbini Beginner's Academy,school,27.7345,85.3458,OSM infrastructure,,
Edmund English School,school,27.7332,85.3449,OSM infrastructure,,
Malpi Primary School,school,27.7171,85.3268,OSM infrastructure,,
Mount Gaurishankar School,school,27.7221,85.3282,OSM infrastructure,,
BioMed Hospital,hospital,27.7227,85.3311,OSM infrastructure,,
Shaheed Shukra Secondary School,school,27.7035,85.3188,OSM infrastructure,,
Shri Mahankal Janajagarit H.S. School,school,27.7487,85.3490,OSM infrastructure,,
Blossom Co-ed Academy,school,27.7478,85.3490,OSM infrastructure,,
Samye Memorial Buddist Vihara,school,27.7400,85.3440,OSM infrastructure,,
Phoenix College,school,27.7042,85.3322,OSM infrastructure,,
Shiradi Sai Academy,school,27.7269,85.3343,OSM infrastructure,,
Arunima Higher Secondary School,school,27.7169,85.3587,OSM infrastructure,,
Samata School,school,27.7170,85.3609,OSM infrastructure,,
ManMohan Cardiothoracic Vascular & Transplant Center,hospital,27.7358,85.3287,OSM infrastructure,,
Budhanilakantha School,school,27.7815,85.3596,OSM infrastructure,,
Ekita International School,school,27.7300,85.3359,OSM infrastructure,,
NIIT Kathmandu Center,school,27.7095,85.3149,OSM infrastructure,,
जन प्रसासन केन्द्रिय विभाग,school,27.7095,85.3152,OSM infrastructure,,
Shree Rani Bari Lower Secondary School,school,27.7273,85.3210,OSM infrastructure,,
Shree Tangal Higher Secondary School,school,27.7162,85.3319,OSM infrastructure,,
St. Davis Academy,school,27.7312,85.3489,OSM infrastructure,,
Om Hospital and Research Center,hospital,27.7213,85.3449,OSM infrastructure,,
Wendy's House,school,27.7225,85.3332,OSM infrastructure,,
The Spangle Boarding School,school,27.7022,85.3262,OSM infrastructure,,
Mount Gauri Shankar School,school,27.7217,85.3282,OSM infrastructure,,
Nepal Pathfinder Co-ed School,school,27.7028,85.3458,OSM infrastructure,,
Mahendra Rastriya Higher Secondary School,school,27.7249,85.3311,OSM infrastructure,,
Anapuram Vidya Sadan Elementary School,school,27.7198,85.3238,OSM infrastructure,,
Best's Montessori Children's House,school,27.7023,85.3402,OSM infrastructure,,
Apex School,school,27.7265,85.3560,OSM infrastructure,,
Baluwatar School,school,27.7265,85.3344,OSM infrastructure,,
Prime Time Pre-School,school,27.7345,85.3368,OSM infrastructure,,
Sun Moon English School,school,27.7313,85.3260,OSM infrastructure,,
Shivapuri High School,school,27.7305,85.3302,OSM infrastructure,,
Minar English Boarding School,school,27.7422,85.3355,OSM infrastructure,,
Glen BUDS Secondary School,school,27.7354,85.3278,OSM infrastructure,,
Shri Pashupati Mitra Secondary School,school,27.7164,85.3459,OSM infrastructure,,
Nepal Medical College and Teaching Hospital,hospital,27.7335,85.3806,OSM infrastructure,,
shree amritanksha jadibuti udyog,school,27.7202,85.3341,OSM infrastructure,,
St. George International School,school,27.7206,85.3381,OSM infrastructure,,
Nepal Hypnosis,hospital,27.7176,85.3341,OSM infrastructure,,
Euro School,school,27.7194,85.3353,OSM infrastructure,,
Meridian International School,school,27.7279,85.3264,OSM infrastructure,,
Ashirwad Boarding School,school,27.7281,85.3331,OSM infrastructure,,
New Knowledge Boarding Secondary School,school,27.7304,85.3356,OSM infrastructure,,
Sanskar School,school,27.7294,85.3395,OSM infrastructure,,
Maple School,school,27.7066,85.3265,OSM infrastructure,,
Swatha Parichyan,hospital,27.7056,85.3251,OSM infrastructure,,
Sigma Higher Secondary School,school,27.7183,85.3080,OSM infrastructure,,
Shanti Nikanj School,school,27.7046,85.3040,OSM infrastructure,,
J.P. School,school,27.7125,85.3099,OSM infrastructure,,
Bon Sky Lark INt. School,school,27.7184,85.3223,OSM infrastructure,,
Shree Seti Devi Secondary School,school,27.7402,85.0749,OSM infrastructure,,
"Jana Jagrati Secondary School, Mahadav Basi",school,27.7504,85.0677,OSM infrastructure,,
"Shree Mahakali Higher Secondary School / College , Simle Phat Dhading",school,27.7535,85.0433,OSM infrastructure,,
Ankur Vidyashram,school,27.7014,85.3463,OSM infrastructure,,
Mahendra Narayan Nidhi Memorial Hospital,hospital,27.7058,85.3452,OSM infrastructure,,
Nepal Music School,school,27.7022,85.3486,OSM infrastructure,,
Shambhavi School,school,27.7059,85.3441,OSM infrastructure,,
Himalaya Vidya Mandir Higher Secondary School,school,27.7098,85.3387,OSM infrastructure,,
Venus English School,school,27.7001,85.3475,OSM infrastructure,,
New English School,school,27.7171,85.3522,OSM infrastructure,,
Eureka High School,school,27.7428,85.3032,OSM infrastructure,,
The Chanbagh School (SLC Block),school,27.7447,85.3429,OSM infrastructure,,
Golden Peak High School,school,27.7259,85.3541,OSM infrastructure,,
Sagarmatha High School,school,27.7266,85.3531,OSM infrastructure,,
Shri Tribhuwan Chandra Sainik Hospital,hospital,27.7037,85.3131,OSM infrastructure,,
Little Diamond School,school,27.7374,85.2884,OSM infrastructure,,
Ananda Kuti Vidyapeth,school,27.7160,85.2866,OSM infrastructure,,
Suvechhya Hospital,hospital,27.7091,85.2811,OSM infrastructure,,
Sitala Higher Secondary School,school,27.7369,85.2948,OSM infrastructure,,
Bal Uddhar Higher Secondary School,school,27.7304,85.3560,OSM infrastructure,,
Vidya Sadan School,school,27.7242,85.3492,OSM infrastructure,,
Silverline Hospital,hospital,27.7282,85.3033,OSM infrastructure,,
Dikshyanta Academy,school,27.7270,85.3484,OSM infrastructure,,
BC-CAPS Montessori,school,27.7216,85.2875,OSM infrastructure,,
Bardford International School,school,27.7272,85.2905,OSM infrastructure,,
Coronal International School,school,27.7259,85.2915,OSM infrastructure,,
Global Vision School Academy,school,27.7296,85.2871,OSM infrastructure,,
Kamana International School (play group),school,27.7217,85.2883,OSM infrastructure,,
Nagarjun Valley Academy,school,27.7280,85.2913,OSM infrastructure,,
Twinkle Toes Infant School,school,27.7330,85.2988,OSM infrastructure,,
,school,27.7197,85.3624,OSM infrastructure,,
mohan siddartha H.S. school,school,27.7153,85.3567,OSM infrastructure,,
Naba Gyanbhumi Boarding High School,school,27.7673,85.3518,OSM infrastructure,,
Champak Binayak Primary School,school,27.7366,85.4159,OSM infrastructure,,
Mental hospital,hospital,27.7356,85.4156,OSM infrastructure,,
Shree Adarsha Higher Secondary School,school,27.7391,85.4189,OSM infrastructure,,
Gitanjali Secondary School,school,27.7100,85.3074,OSM infrastructure,,
Bhrikuti Secondary School,school,27.7267,85.3571,OSM infrastructure,,
Marvellous English Boarding School,school,27.7028,85.3338,OSM infrastructure,,
Pious English Boarding School,school,27.7007,85.3324,OSM infrastructure,,
Shree Ganesh Primary School,school,27.7318,85.4632,OSM infrastructure,,
nilkantha secondary boarding school,school,27.7198,85.3642,OSM infrastructure,,
Shree Krishna Prabha Primary School,school,27.7185,85.3365,OSM infrastructure,,
Little Children Academy,school,27.7166,85.3354,OSM infrastructure,,
Faryland Boarding School,school,27.7204,85.3256,OSM infrastructure,,
,school,27.7312,85.3298,OSM infrastructure,,
Morning Bells Montessori,school,27.7315,85.3295,OSM infrastructure,,
Ananda Bhumi High School,school,27.7054,85.3344,OSM infrastructure,,
Bal Bagaicha,school,27.7053,85.3296,OSM infrastructure,,
Maitidevi Boarding High School,school,27.7038,85.3281,OSM infrastructure,,
Helping Hands Community Hospital,hospital,27.7175,85.3462,OSM infrastructure,,
Advanced English Boarding High School,school,27.7164,85.3375,OSM infrastructure,,
Boston International High School,school,27.7125,85.3366,OSM infrastructure,,
New Sunshine Secondary School,school,27.7177,85.3387,OSM infrastructure,,
Nandi Secondary School,school,27.7137,85.3254,OSM infrastructure,,
Nepal Beijing Friendship Hospital,hospital,27.7314,85.3300,OSM infrastructure,,
Albert English Boarding School,school,27.7063,85.3346,OSM infrastructure,,
Apple Academy,school,27.7085,85.3354,OSM infrastructure,,
Little Flower Secondary School,school,27.7087,85.3341,OSM infrastructure,,
Martyrs' Memorial Boarding Secondary School,school,27.7096,85.3361,OSM infrastructure,,
Sai Educare Boarding High School,school,27.7098,85.3364,OSM infrastructure,,
Eden Public School,school,27.7170,85.3434,OSM infrastructure,,
Shridiwa International School,school,27.7184,85.3379,OSM infrastructure,,
Subharambha Secondary School,school,27.7176,85.3425,OSM infrastructure,,
Clinton School,school,27.7173,85.3438,OSM infrastructure,,
Odyssey International Academy,school,27.7406,85.3271,OSM infrastructure,,
Panchayan Celestial School,school,27.7405,85.3259,OSM infrastructure,,
Himalayan Heart Academy,school,27.7488,85.3390,OSM infrastructure,,
Shri Dhapasi Lower Secondary School,school,27.7495,85.3382,OSM infrastructure,,
The Skylark English School,school,27.7483,85.3314,OSM infrastructure,,
Holy Care School,school,27.7440,85.3453,OSM infrastructure,,
The Chandbagh Pre-School,school,27.7428,85.3450,OSM infrastructure,,
Elim Kids Academy,school,27.7343,85.3322,OSM infrastructure,,
Gorakshya Dibya Nikhil Jyoti Vidyashram,school,27.7386,85.3292,OSM infrastructure,,
Maruti Children Hospital,hospital,27.7353,85.3286,OSM infrastructure,,
Whiz Kids International School,school,27.7280,85.3301,OSM infrastructure,,
Anupam Higher Secondary School,school,27.7199,85.3256,OSM infrastructure,,
Newton High School,school,27.7257,85.3365,OSM infrastructure,,
Bellmount International School,school,27.7317,85.3171,OSM infrastructure,,
Diptimaya Bal Awasiya Vidyalaya,school,27.7309,85.3242,OSM infrastructure,,
Motherland Academy,school,27.7220,85.3311,OSM infrastructure,,
New Leera School,school,27.7210,85.3288,OSM infrastructure,,
Learning Zone Academy,school,27.7307,85.3177,OSM infrastructure,,
Suryodaya Jyoti Awasiya English Boarding School,school,27.7037,85.3302,OSM infrastructure,,
Charumati English School,school,27.7165,85.3437,OSM infrastructure,,
Texas International School,school,27.7128,85.3412,OSM infrastructure,,
Jagat Mandir English Boarding School,school,27.7152,85.3424,OSM infrastructure,,
City Montessori,school,27.7002,85.3289,OSM infrastructure,,
APS Sadan,school,27.7410,85.3202,OSM infrastructure,,
Greenland International Secondary Boarding School,school,27.7467,85.3239,OSM infrastructure,,
New Glorious Academy,school,27.7405,85.3215,OSM infrastructure,,
Nirmal Batika Academy,school,27.7435,85.3206,OSM infrastructure,,
Shree Manohar Higher Secondary School,school,27.7376,85.3192,OSM infrastructure,,
Souvenir Boarding School,school,27.7462,85.3267,OSM infrastructure,,
Triyog Higher Secondary School,school,27.7472,85.3259,OSM infrastructure,,
Paradise International Academy,school,27.7133,85.3392,OSM infrastructure,,
Creative English School,school,27.7141,85.3434,OSM infrastructure,,
National Orchid Boarding School,school,27.7151,85.3438,OSM infrastructure,,
The Pole Star English School,school,27.7410,85.3209,OSM infrastructure,,
Golden Garden International School,school,27.7279,85.3491,OSM infrastructure,,
Mahendra Bhawan Higher Secondary School,school,27.7130,85.3340,OSM infrastructure,,
Bijaya Smarak Higher Secondary School,school,27.7050,85.3270,OSM infrastructure,,
Saipal Academy,school,27.7249,85.3486,OSM infrastructure,,
Padma Gyan Mandir English School,school,27.7171,85.3365,OSM infrastructure,,
Vidya Sadan High School,school,27.7231,85.3506,OSM infrastructure,,
Jeevan Jyoti Baikalpik School,school,27.7238,85.3466,OSM infrastructure,,
Tashi Waldorf School,school,27.7416,85.3394,OSM infrastructure,,
Universal College Preparatory School,school,27.7265,85.3350,OSM infrastructure,,
Compact English School,school,27.7187,85.3349,OSM infrastructure,,
Children's Model High School,school,27.7241,85.3327,OSM infrastructure,,
Alakapuri Boarding High School,school,27.7208,85.3357,OSM infrastructure,,
Anmol Jyoti Secondary English Boarding School,school,27.7142,85.3355,OSM infrastructure,,
Anmol Jyoti Secondary School,school,27.7138,85.3350,OSM infrastructure,,
Columbus International School,school,27.7136,85.3353,OSM infrastructure,,
Baluwatar School,school,27.7265,85.3344,OSM infrastructure,,
St. Julian English Boarding School,school,27.7240,85.3521,OSM infrastructure,,
The Elite's Co-Ed,school,27.7120,85.3299,OSM infrastructure,,
,school,27.7045,85.3036,OSM infrastructure,,
ग्रीन सिटी अस्पताल (बसुन्धरा),hospital,27.7372,85.3228,OSM infrastructure,,
Prithvi Secondary Boarding School,school,27.7430,85.3318,OSM infrastructure,,
Ashraya Vidya Sadan,school,27.7034,85.3038,OSM infrastructure,,
Kalash Vidya Mandir,school,27.7031,85.3037,OSM infrastructure,,
Paropakar Higher Secondary School,school,27.7018,85.3032,OSM infrastructure,,
English Preparatory School,school,27.7000,85.3081,OSM infrastructure,,
Gautam English Boarding School,school,27.7003,85.3081,OSM infrastructure,,
Kathmandu Model School,school,27.7192,85.3054,OSM infrastructure,,
A.V.M Secondary School,school,27.7209,85.2974,OSM infrastructure,,
Paradise English Secondary School,school,27.7231,85.3000,OSM infrastructure,,
Namuna English Boarding School,school,27.7034,85.3032,OSM infrastructure,,
Nepal Model School,school,27.7439,85.3317,OSM infrastructure,,
Shree Chandra Bindu International Boarding School,school,27.7437,85.3326,OSM infrastructure,,
Basundhara National School,school,27.7442,85.3314,OSM infrastructure,,
Eden Bridge Academy,school,27.7499,85.3331,OSM infrastructure,,
Mount Glory International Boarding High School,school,27.7455,85.3319,OSM infrastructure,,
Namo Buddha International Model School,school,27.7521,85.3298,OSM infrastructure,,
Tilingatar Higher Secondary School,school,27.7462,85.3308,OSM infrastructure,,
Babyland English Secondary School,school,27.7434,85.3163,OSM infrastructure,,
Fluorescent Higher Secondary School,school,27.7456,85.3184,OSM infrastructure,,
Lunar English Boarding School,school,27.7376,85.3168,OSM infrastructure,,
Nature Boarding High School,school,27.7365,85.3175,OSM infrastructure,,
Gyan Sanskar International School,school,27.7360,85.3180,OSM infrastructure,,
Nepal Matri Griha,school,27.7406,85.3161,OSM infrastructure,,
Nimble Secondary School,school,27.7418,85.3169,OSM infrastructure,,
Rona International Academy,school,27.7476,85.3205,OSM infrastructure,,
Nature Boarding School,school,27.7395,85.3156,OSM infrastructure,,
Madan Bhandari Memorial English Boarding School,school,27.7197,85.3625,OSM infrastructure,,
Bal Bhusan Lower Secondary School,school,27.7031,85.4286,OSM infrastructure,,
Kathmandu International School,school,27.7132,85.3532,OSM infrastructure,,
Hilary High School,school,27.7140,85.3497,OSM infrastructure,,
Som Sarala Ved Vidhyala,school,27.7139,85.3499,OSM infrastructure,,
Fulbright School,school,27.7032,85.4204,OSM infrastructure,,
Mandev Amrit Smriti School,school,27.7031,85.4261,OSM infrastructure,,
Nabin English School,school,27.7061,85.4185,OSM infrastructure,,
Gyandeep Siksha Sadan,school,27.7147,85.3499,OSM infrastructure,,
New Life Health Care Pvt. Ltd.,hospital,27.7143,85.3500,OSM infrastructure,,
Mahan Siddhartha High School,school,27.7153,85.3545,OSM infrastructure,,
Chamunda Higher Secondary School,school,27.7223,85.3797,OSM infrastructure,,
Himalayan Internatinal Model High School,school,27.7234,85.3808,OSM infrastructure,,
Shree Bal Byabasayi Kendra Secondary School,school,27.7107,85.3406,OSM infrastructure,,
Mount Ural Teaching Academy,school,27.7230,85.3792,OSM infrastructure,,
Deerwalk Sifal School,school,27.7119,85.3414,OSM infrastructure,,
Seto Bangla Boarding School,school,27.7116,85.3382,OSM infrastructure,,
New Buddha Prakash Secondary School,school,27.7214,85.3785,OSM infrastructure,,
The Rising Star English Boarding School,school,27.7212,85.3797,OSM infrastructure,,
Mount View School,school,27.7137,85.3436,OSM infrastructure,,
Indrawati Public School,school,27.7151,85.3592,OSM infrastructure,,
Buddha Pashupati Academy,school,27.7154,85.3601,OSM infrastructure,,
Lords Light Academy,school,27.7156,85.3641,OSM infrastructure,,
HEMS School,school,27.7087,85.3379,OSM infrastructure,,
Nepal Adarsha Secondary School,school,27.7007,85.3096,OSM infrastructure,,
Nirmal Vidyapeeth Secondary School,school,27.7015,85.3095,OSM infrastructure,,
Bal Sewa Secondary School,school,27.7027,85.3085,OSM infrastructure,,
Bidhyodaya Secondary School,school,27.7025,85.3072,OSM infrastructure,,
mhf,hospital,27.7537,85.3301,OSM infrastructure,,
Angel's World International Academy,school,27.7406,85.3335,OSM infrastructure,,
Fluoresent Academy,school,27.7367,85.3216,OSM infrastructure,,
J.B. Memorial English School,school,27.7438,85.3280,OSM infrastructure,,
Canvas International Higher Secondary School,school,27.7264,85.3177,OSM infrastructure,,
Nepal Police School,school,27.7329,85.3189,OSM infrastructure,,
Amity Wits Co-Education English Secondary School,school,27.7347,85.3209,OSM infrastructure,,
My Land Academy,school,27.7323,85.3203,OSM infrastructure,,
Oracle Ray Academy,school,27.7334,85.3194,OSM infrastructure,,
Takshashila Academy,school,27.7331,85.3199,OSM infrastructure,,
Green Kantipur Higher Secondary School,school,27.7222,85.2836,OSM infrastructure,,
Reed Model School,school,27.7221,85.2841,OSM infrastructure,,
International Peace Academy,school,27.7245,85.2856,OSM infrastructure,,
Saraswati Vidhya Mandir,school,27.7239,85.2867,OSM infrastructure,,
Queens Garden Academy,school,27.7331,85.2884,OSM infrastructure,,
Janajagriti Gyan Rashmi Secondary School,school,27.7301,85.2947,OSM infrastructure,,
Vibhati Vidhya Mandir,school,27.7240,85.2932,OSM infrastructure,,
Graded Education Ment School,school,27.7307,85.2899,OSM infrastructure,,
New Creative Secondary School,school,27.7319,85.2891,OSM infrastructure,,
Bon Skylark International Secondary School,school,27.7191,85.3461,OSM infrastructure,,
Sagarmatha Vidya Mandir,school,27.7152,85.3472,OSM infrastructure,,
Elixir Academy,school,27.7145,85.3544,OSM infrastructure,,
Prerana School,school,27.7157,85.3510,OSM infrastructure,,
Prerana School,school,27.7158,85.3508,OSM infrastructure,,
Little Climbers English School,school,27.7226,85.2810,OSM infrastructure,,
Himalayan Valley Academy,school,27.7283,85.2851,OSM infrastructure,,
Lovely Kids Montessori School,school,27.7303,85.2826,OSM infrastructure,,
Pragya Jyoti English School,school,27.7135,85.2976,OSM infrastructure,,
KERIC Academy Secondary School,school,27.7358,85.3030,OSM infrastructure,,
Pragati Higher Secondary Boarding School,school,27.7315,85.3037,OSM infrastructure,,
Elysian Fields School,school,27.7211,85.2953,OSM infrastructure,,
Jun Montessori School,school,27.7519,85.3471,OSM infrastructure,,
British Gurkha Academy School,school,27.7458,85.3403,OSM infrastructure,,
St. Joseph English Secondary School,school,27.7521,85.3461,OSM infrastructure,,
Little Hands School,school,27.7579,85.3508,OSM infrastructure,,
Bhakti International School,school,27.7584,85.3494,OSM infrastructure,,
Palistha Academy,school,27.7575,85.3490,OSM infrastructure,,
Bhadrakali English Medium School,school,27.7587,85.3509,OSM infrastructure,,
Amardip Secondary School,school,27.7562,85.3491,OSM infrastructure,,
Tungram International Academy Higher Secondary School,school,27.7555,85.3468,OSM infrastructure,,
Saurdeep Boarding School,school,27.7264,85.2962,OSM infrastructure,,
Supreme International High School,school,27.7170,85.3511,OSM infrastructure,,
Baby Angel English Secondary School,school,27.7235,85.2765,OSM infrastructure,,
Sayapatri Children Education Academy,school,27.7021,85.3295,OSM infrastructure,,
Peoples Friendly Academy,school,27.7215,85.2827,OSM infrastructure,,
Esteem Learning School,school,27.7180,85.3512,OSM infrastructure,,
Disneyland Pre-School,school,27.7185,85.3507,OSM infrastructure,,
Bright Land Higher Secondary School,school,27.7306,85.3044,OSM infrastructure,,
Riviera International School,school,27.7183,85.3536,OSM infrastructure,,
Kohinoor School,school,27.7322,85.3038,OSM infrastructure,,
Bigyan High School,school,27.7378,85.3510,OSM infrastructure,,
Neighbourhood English High School,school,27.7385,85.3501,OSM infrastructure,,
Bright Heaven Boarding School,school,27.7331,85.3040,OSM infrastructure,,
Baba Boarding High School,school,27.7200,85.3491,OSM infrastructure,,
Arunodaya Secondary School,school,27.7058,85.3057,OSM infrastructure,,
Kanya Secondary School,school,27.7059,85.3068,OSM infrastructure,,
Kesh Chandra Primary School,school,27.7069,85.3080,OSM infrastructure,,
Next Generation Residential Academy,school,27.7059,85.3063,OSM infrastructure,,
Loyalty Academy,school,27.7369,85.3536,OSM infrastructure,,
Stephens International School,school,27.7410,85.3372,OSM infrastructure,,
Ekta English Boarding School,school,27.7084,85.3067,OSM infrastructure,,
Kanya Mandir Higher Secondary School,school,27.7100,85.3089,OSM infrastructure,,
Lumbini Academic Foundation,school,27.7202,85.3495,OSM infrastructure,,
Little Genius English Secondary School,school,27.7213,85.2917,OSM infrastructure,,
Bhakta Vidhyashram Secondary School,school,27.7088,85.3070,OSM infrastructure,,
Shree Shram Rastriya Secondary School,school,27.7170,85.3548,OSM infrastructure,,
Satya Sai Academy,school,27.7158,85.3528,OSM infrastructure,,
,school,27.7163,85.3532,OSM infrastructure,,
The Excel Public School,school,27.7169,85.2818,OSM infrastructure,,
Open House English Boarding School,school,27.7079,85.3039,OSM infrastructure,,
Swarnim Sikshya Sadan,school,27.7100,85.3050,OSM infrastructure,,
Paradigm Public School,school,27.7289,85.3131,OSM infrastructure,,
Pushpa Kunja High School,school,27.7325,85.3121,OSM infrastructure,,
SEB School,school,27.7287,85.3128,OSM infrastructure,,
Scholar's Home Academy,school,27.7327,85.3142,OSM infrastructure,,
Shree Ganesh Himal Secondary School,school,27.7336,85.3132,OSM infrastructure,,
Yuwa Sahavagati Secondary School,school,27.7158,85.2801,OSM infrastructure,,
Small Heaven Boarding School,school,27.7109,85.3055,OSM infrastructure,,
Small Heaven Boarding School,school,27.7103,85.3062,OSM infrastructure,,
Whitefield English Boarding School,school,27.7105,85.3061,OSM infrastructure,,
Whitefield English Boarding School,school,27.7097,85.3061,OSM infrastructure,,
Saraswati Boarding School,school,27.7124,85.3084,OSM infrastructure,,
Ananta Mangal Sadan,school,27.7336,85.3035,OSM infrastructure,,
Nepal Yubak Secondary School,school,27.7147,85.3080,OSM infrastructure,,
Shree Panchakanya Lower Secondary School,school,27.7314,85.3368,OSM infrastructure,,
Basbari Higher Secondary School / Chiran Milan Bishwashanti Campus,school,27.7411,85.3450,OSM infrastructure,,
Euro Kids Pre School Specialist,school,27.7397,85.3437,OSM infrastructure,,
Old Ganesh Higher Secondary School,school,27.7611,85.3522,OSM infrastructure,,
Guheshwari Boarding High School,school,27.7414,85.3441,OSM infrastructure,,
National United School,school,27.7608,85.3515,OSM infrastructure,,
Oliver Public School,school,27.7378,85.3449,OSM infrastructure,,
Shreyai Balsansar,school,27.7460,85.3482,OSM infrastructure,,
Valley Public Higher Secondary School,school,27.7499,85.3526,OSM infrastructure,,
Manjari Secondary School,school,27.7533,85.3468,OSM infrastructure,,
Gyan Jyoti Academy,school,27.7434,85.3407,OSM infrastructure,,
Modern Educare Montessori Based School,school,27.7462,85.3413,OSM infrastructure,,
Kumari English Boarding School,school,27.7009,85.3048,OSM infrastructure,,
The Chandbagh School Pipalbot,school,27.7414,85.3438,OSM infrastructure,,
Happy Home Kinder World,school,27.7232,85.3790,OSM infrastructure,,
Bhanubhakta Memorial Higher Secondary School,school,27.7268,85.3249,OSM infrastructure,,
Chandra Tara School,school,27.7237,85.3240,OSM infrastructure,,
Sunrise Boarding School,school,27.7262,85.3252,OSM infrastructure,,
Aradhana Academy,school,27.7312,85.3104,OSM infrastructure,,
Basanta Ritu English Boarding School,school,27.7268,85.3167,OSM infrastructure,,
Gandaki Public Boarding School,school,27.7254,85.3081,OSM infrastructure,,
Marshyangdi Boarding High School,school,27.7263,85.3079,OSM infrastructure,,
Mother International Academy,school,27.7259,85.3124,OSM infrastructure,,
New Himalayan Bidya Mandir Higher Secondary School,school,27.7239,85.3147,OSM infrastructure,,
The Imperial Academy,school,27.7298,85.3108,OSM infrastructure,,
Vijaya Secondary Boarding School,school,27.7274,85.3108,OSM infrastructure,,
White Haven Academy,school,27.7336,85.3106,OSM infrastructure,,
,dam,27.7048,85.4824,OSM infrastructure,,
Childrens Eternal Academy,school,27.7211,85.3088,OSM infrastructure,,
Eternal Light Public Higher Secondary School,school,27.7218,85.3089,OSM infrastructure,,
National Star High School,school,27.7203,85.3104,OSM infrastructure,,
Precious National Academy Higher Secondary School,school,27.7239,85.3085,OSM infrastructure,,
Siddhi Ganesh Higher Secondary School,school,27.7184,85.3102,OSM infrastructure,,
Bright Zone International School,school,27.7166,85.3724,OSM infrastructure,,
Buddha Academy,school,27.7180,85.3701,OSM infrastructure,,
Merryland English School,school,27.7152,85.3716,OSM infrastructure,,
Peace Nepal Secondary School,school,27.7153,85.3709,OSM infrastructure,,
Pearls English Academy,school,27.7159,85.3697,OSM infrastructure,,
Timeline International Academy,school,27.7149,85.3710,OSM infrastructure,,
Ages Graded English Higher Secondary School,school,27.7199,85.3658,OSM infrastructure,,
Arun Jyoti Vidya Mandir,school,27.7205,85.3698,OSM infrastructure,,
Centennial Higher Secondary School,school,27.7207,85.3704,OSM infrastructure,,
Children's Garden Pre-School,school,27.7185,85.3668,OSM infrastructure,,
Children's Liberty English Boarding School,school,27.7197,85.3690,OSM infrastructure,,
Kantipur Academy High School,school,27.7203,85.3670,OSM infrastructure,,
Mount Summit Boarding School,school,27.7204,85.3668,OSM infrastructure,,
Om Vajra Public School,school,27.7188,85.3671,OSM infrastructure,,
Pegasus English School,school,27.7175,85.3672,OSM infrastructure,,
Bipul Sikshya Sadan,school,27.7151,85.3665,OSM infrastructure,,
Charles Darwin Academy,school,27.7145,85.3677,OSM infrastructure,,
Sirjana Secondary English School,school,27.7143,85.3684,OSM infrastructure,,
World Angel Academy,school,27.7097,85.3016,OSM infrastructure,,
Buddha Jyoti Academy,school,27.7097,85.3011,OSM infrastructure,,
Little Buddhas Academy,school,27.7119,85.2994,OSM infrastructure,,
Bibhuti International School,school,27.7106,85.3001,OSM infrastructure,,
New Arunodaya English Higher Secondary School,school,27.7109,85.2990,OSM infrastructure,,
Budhanilakantha Model Community Academy,school,27.7682,85.3649,OSM infrastructure,,
Dhurba Tara Boarding High School,school,27.7679,85.3554,OSM infrastructure,,
Diamond English Medium Higher Secondary School,school,27.7648,85.3543,OSM infrastructure,,
Mother's Castle School,school,27.7746,85.3633,OSM infrastructure,,
Kathmandu Vidya Mandir,school,27.7228,85.3526,OSM infrastructure,,
Tara Sadan English School,school,27.7219,85.3524,OSM infrastructure,,
Arunima Sishu Sadan,school,27.7254,85.3574,OSM infrastructure,,
Samaj Dental Hospital,hospital,27.7257,85.3576,OSM infrastructure,,
Shri Janakalyan Higher Secondary School,school,27.7257,85.3580,OSM infrastructure,,
Progressive English Secondary School,school,27.7232,85.3554,OSM infrastructure,,
Progressive English Secondary School,school,27.7234,85.3555,OSM infrastructure,,
Shechan Clinic & Hospice,hospital,27.7246,85.3599,OSM infrastructure,,
three star school,school,27.7259,85.3631,OSM infrastructure,,
Three Star English School,school,27.7263,85.3630,OSM infrastructure,,
Shree Nawa Jagriti Secondary School,school,27.7283,85.3633,OSM infrastructure,,
Adarsha Yog-Hari Higher Secondary School,school,27.7185,85.3149,OSM infrastructure,,
Balbikash Boarding School,school,27.7788,85.3612,OSM infrastructure,,
Budhanilakantha Ved Vidya Ashram,school,27.7782,85.3620,OSM infrastructure,,
Diamond School,school,27.7783,85.3594,OSM infrastructure,,
Himalaya Boarding High School,school,27.7769,85.3616,OSM infrastructure,,
Shristi Gyan Academy,school,27.7791,85.3578,OSM infrastructure,,
Blooming Flower Montessori School,school,27.7707,85.3601,OSM infrastructure,,
Budhanilakantha Higher Secondary School,school,27.7768,85.3627,OSM infrastructure,,
Fusion Academy,school,27.7828,85.3559,OSM infrastructure,,
Panchakanya Secondary School,school,27.7801,85.3526,OSM infrastructure,,
Shree Ram Lower Secondary School,school,27.7697,85.3473,OSM infrastructure,,
St. Xavier English Academy,school,27.7755,85.3639,OSM infrastructure,,
Standford English Boarding School,school,27.7679,85.3527,OSM infrastructure,,
Three Star Academy,school,27.7686,85.3526,OSM infrastructure,,
Valley Public Kindergarten,school,27.7697,85.3502,OSM infrastructure,,
Gyan Jyoti Lower Secondary School,school,27.7011,85.4450,OSM infrastructure,,
Shree Mahakali Primary School,school,27.7012,85.4510,OSM infrastructure,,
Vidyodaya English School,school,27.7088,85.2990,OSM infrastructure,,
Divya Gyan English Boarding High School,school,27.7069,85.3009,OSM infrastructure,,
Dallu Awasiya Vidyalaya,school,27.7088,85.3010,OSM infrastructure,,
Holy Vision International Higher Secondary School,school,27.7018,85.2942,OSM infrastructure,,
Kathmandu Valley School and College,school,27.7033,85.2950,OSM infrastructure,,
Brain Land Academy,school,27.7337,85.3508,OSM infrastructure,,
Sypres Public School,school,27.7332,85.3496,OSM infrastructure,,
Zenith International English School,school,27.7325,85.3509,OSM infrastructure,,
Blooming Buds International School,school,27.7006,85.3413,OSM infrastructure,,
Loyala Higher Secondary School,school,27.7002,85.3425,OSM infrastructure,,
Gyan Bhumi Secondary School,school,27.7568,85.3063,OSM infrastructure,,
Him Rashmi High School,school,27.7505,85.3072,OSM infrastructure,,
Kathmandu Lincoln School,school,27.7544,85.3070,OSM infrastructure,,
Kindergarten Secondary School,school,27.7492,85.3054,OSM infrastructure,,
Maha Laxmi English High School,school,27.7596,85.3113,OSM infrastructure,,
New Crease English Secondary School,school,27.7435,85.3067,OSM infrastructure,,
North Valley English Secondary School,school,27.7619,85.3008,OSM infrastructure,,
Pragya Sadan Primary School,school,27.7233,85.3131,OSM infrastructure,,
Om Education Academy,school,27.7109,85.3076,OSM infrastructure,,
Bal Bikash Lower Secondary School,school,27.7118,85.3060,OSM infrastructure,,
Ursa Major Children's Academy,school,27.7166,85.3045,OSM infrastructure,,
Angel's Heart Higher Secondary School,school,27.7430,85.3125,OSM infrastructure,,
Image Secondary Boarding School,school,27.7404,85.3097,OSM infrastructure,,
Jeevan Jyoti English Boarding School,school,27.7467,85.3103,OSM infrastructure,,
Laligurans National Academy,school,27.7442,85.3140,OSM infrastructure,,
Manmaiju Secondary School,school,27.7513,85.3118,OSM infrastructure,,
Peace Land Academy,school,27.7454,85.3093,OSM infrastructure,,
Shree Mansingh Dharma Secondary School,school,27.7455,85.3114,OSM infrastructure,,
Shuvakamana English Boarding School,school,27.7447,85.3073,OSM infrastructure,,
Swarna Deep English School,school,27.7410,85.3125,OSM infrastructure,,
,school,27.7518,85.3119,OSM infrastructure,,
Blue Horizon Academy,school,27.7233,85.3260,OSM infrastructure,,
Shree Dhumrabarah Secondary School,school,27.7252,85.3428,OSM infrastructure,,
The Insight Vision Higher Secondary School,school,27.7269,85.3419,OSM infrastructure,,
Universal Higher Secondary School,school,27.7227,85.3403,OSM infrastructure,,
The Insight Vision HS School,school,27.7260,85.3433,OSM infrastructure,,
Gothatar English Secondary School,school,27.7073,85.3769,OSM infrastructure,,
Radha Krishna Lower Secondary School,school,27.7062,85.4596,OSM infrastructure,,
Kankeshwori Secondary School,school,27.7071,85.3034,OSM infrastructure,,
New Zenith English Model School,school,27.7106,85.3037,OSM infrastructure,,
Nepal Rastriya Lower Secondary School,school,27.7116,85.3040,OSM infrastructure,,
Surena English Boarding School,school,27.7128,85.3031,OSM infrastructure,,
Whitefield English Boarding School,school,27.7157,85.3031,OSM infrastructure,,
Shobha Bhagwati English Boarding School,school,27.7156,85.3025,OSM infrastructure,,
Kathmandu E.N.T. Hospital and Research Center,hospital,27.7037,85.3182,OSM infrastructure,,
Siddhartha Public Academy,school,27.7048,85.3179,OSM infrastructure,,
Kathmandu Vidya Kunja School,school,27.7507,85.3250,OSM infrastructure,,
Adwitiya Boarding School,school,27.7352,85.2986,OSM infrastructure,,
Asha Vidhyashram,school,27.7361,85.2964,OSM infrastructure,,
Amar English Secondary School,school,27.7622,85.3301,OSM infrastructure,,
Bindhyabasini Secondary School,school,27.7650,85.3319,OSM infrastructure,,
Ganesh English Secondary School,school,27.7652,85.3301,OSM infrastructure,,
Laxmipur English Secondary School,school,27.7702,85.3322,OSM infrastructure,,
Oasis Public School,school,27.7744,85.3305,OSM infrastructure,,
Sathya Sai Shikshya Sadan,school,27.7601,85.3312,OSM infrastructure,,
Shri Saraswati Higher Secondary School,school,27.7664,85.3316,OSM infrastructure,,
Pancha Kanya School,school,27.7085,85.4697,OSM infrastructure,,
Api School,school,27.7556,85.3268,OSM infrastructure,,
Niten Memorial School,school,27.7557,85.3263,OSM infrastructure,,
All Nepal Hospital,hospital,27.7345,85.3175,OSM infrastructure,,
Approach English School,school,27.7493,85.3368,OSM infrastructure,,
Children Herald English School,school,27.7499,85.3371,OSM infrastructure,,
Gyan Sindhu Academy,school,27.7383,85.3219,OSM infrastructure,,
अन्तर्राष्ट्रिय मैत्री बाल अस्पताल (महाराजगञ्ज),hospital,27.7313,85.3264,OSM infrastructure,,
Saptagandaki Secondary Boarding School,school,27.7383,85.3237,OSM infrastructure,,
Sarathi Pathshala,school,27.7521,85.3355,OSM infrastructure,,
Suvarnabhumi Vidhyalaya,school,27.7515,85.3385,OSM infrastructure,,
Creative Model Academy Boarding High School,school,27.7193,85.3245,OSM infrastructure,,
Pushpa Bal Academy,school,27.7185,85.3230,OSM infrastructure,,
,school,27.7196,85.3243,OSM infrastructure,,
Lily Flower Boarding School,school,27.7206,85.3507,OSM infrastructure,,
Balkumari School,school,27.7334,85.3646,OSM infrastructure,,
Little Moon High School,school,27.7321,85.3629,OSM infrastructure,,
Hamro Sunshine School,school,27.7334,85.3680,OSM infrastructure,,
Kailash Bodhi School,school,27.7312,85.3650,OSM infrastructure,,
Gangchen Samling School,school,27.7297,85.3701,OSM infrastructure,,
Mansarovar Academy,school,27.7268,85.3641,OSM infrastructure,,
Shree Mangal Dvip Boarding School,school,27.7258,85.3645,OSM infrastructure,,
Sambotta High School,school,27.7285,85.3684,OSM infrastructure,,
Srongtsen Bhrikuti Boarding High School,school,27.7282,85.3668,OSM infrastructure,,
Genesis Academy,school,27.7260,85.3691,OSM infrastructure,,
Tashi Orphan School,school,27.7245,85.3665,OSM infrastructure,,
Samata Academy,school,27.7227,85.3681,OSM infrastructure,,
Lord Buddha Secondary School,school,27.7221,85.3679,OSM infrastructure,,
Wits Academy,school,27.7263,85.3720,OSM infrastructure,,
Manjushree Community School,school,27.7242,85.3706,OSM infrastructure,,
Shangrila Public School,school,27.7252,85.3743,OSM infrastructure,,
Shanti Adarsha Secondary School,school,27.7209,85.3726,OSM infrastructure,,
Vidhya Sagar English Boarding School,school,27.7200,85.3719,OSM infrastructure,,
Chhahari Sikshya Sadan,school,27.7251,85.3756,OSM infrastructure,,
Readers International Model School,school,27.7253,85.3768,OSM infrastructure,,
Saraswoti Higher Secondary School,school,27.7269,85.3770,OSM infrastructure,,
Eyelens English High School,school,27.7293,85.3807,OSM infrastructure,,
Venus Public School,school,27.7296,85.3786,OSM infrastructure,,
Liberty Academy,school,27.7352,85.3808,OSM infrastructure,,
Vidya Byayam English High School,school,27.7371,85.3856,OSM infrastructure,,
Bal Srijanalaya Secondary School,school,27.7305,85.3740,OSM infrastructure,,
Jeevan Tara Academy,school,27.7308,85.3743,OSM infrastructure,,
Shree Arunodaya Secondary School,school,27.7310,85.3752,OSM infrastructure,,
Green Tara Child Haven School,school,27.7360,85.3773,OSM infrastructure,,
Shivalaya English School,school,27.7364,85.3834,OSM infrastructure,,
Shree Gokarneshwor Mahadev Secondary School,school,27.7388,85.3869,OSM infrastructure,,
Swarna Shiksha English School,school,27.7413,85.3885,OSM infrastructure,,
World Youth International School,school,27.7374,85.3934,OSM infrastructure,,
Vinayak English Higher Secondary School,school,27.7196,85.3477,OSM infrastructure,,
,school,27.7201,85.3477,OSM infrastructure,,
Dreamland Public School,school,27.7049,85.3218,OSM infrastructure,,
Kathmandu Model Hospital,hospital,27.7027,85.3201,OSM infrastructure,,
Madrasha Islamiya Secondary School,school,27.7068,85.3171,OSM infrastructure,,
National Star School,school,27.7124,85.3090,OSM infrastructure,,
Prabhat Secondary School,school,27.7097,85.3095,OSM infrastructure,,
Shanti Shikshya Mandir,school,27.7114,85.3099,OSM infrastructure,,
,school,27.7113,85.3100,OSM infrastructure,,
Kathmandu Model Hospital Dental Department,hospital,27.7065,85.3182,OSM infrastructure,,
Kamyak School,school,27.7062,85.3202,OSM infrastructure,,
Jana Kalyan Primary School,school,27.7135,85.3067,OSM infrastructure,,
Maya Lok English School,school,27.7130,85.3064,OSM infrastructure,,
Neelgiri School,school,27.7175,85.3077,OSM infrastructure,,
Pragya Higher Secondary School,school,27.7172,85.3115,OSM infrastructure,,
Albert Einstein Academy,school,27.7108,85.3133,OSM infrastructure,,
Annapurna Higher Secondary School,school,27.7096,85.3134,OSM infrastructure,,
Lokhit Lower Secondary School,school,27.7159,85.3125,OSM infrastructure,,
,school,27.7105,85.3134,OSM infrastructure,,
Bal Ujjwol Primary School,school,27.7105,85.3112,OSM infrastructure,,
Tyauda Secondary School,school,27.7099,85.3113,OSM infrastructure,,
Bodhisatta Primary School,school,27.7057,85.3113,OSM infrastructure,,
Himalaya Secondary School,school,27.7036,85.3119,OSM infrastructure,,
Norkhil Secondary Boarding School,school,27.7448,85.3558,OSM infrastructure,,
Oscar Scholar's Academy,school,27.7314,85.3599,OSM infrastructure,,
Pioneer International Public School,school,27.7355,85.3589,OSM infrastructure,,
Prasanti Sikshya Sadan,school,27.7308,85.3588,OSM infrastructure,,
Pushpalal Memorial Higher Secondary School,school,27.7323,85.3590,OSM infrastructure,,
Samten Memorial Educational Academy,school,27.7403,85.3611,OSM infrastructure,,
Sarada Academy,school,27.7400,85.3604,OSM infrastructure,,
Shree Gram Sikshya Higher Secondary School,school,27.7409,85.3640,OSM infrastructure,,
Tirupati English Boarding School,school,27.7437,85.3569,OSM infrastructure,,
Yuyutsu English School,school,27.7363,85.3558,OSM infrastructure,,
Fairyland International School,school,27.7421,85.3544,OSM infrastructure,,
Hundred Star International School,school,27.7449,85.3601,OSM infrastructure,,
Nepal Charter Pre School,school,27.7464,85.3568,OSM infrastructure,,
Trijyoti Higher Secondary School,school,27.7344,85.3625,OSM infrastructure,,
Gurukul National School,school,27.7042,85.3478,OSM infrastructure,,
Keta Keti Spowc Free School,school,27.7066,85.3504,OSM infrastructure,,
Midland English School,school,27.7025,85.3479,OSM infrastructure,,
New Shrine Boarding School,school,27.7047,85.3487,OSM infrastructure,,
Shri Bal Batika Secondary School,school,27.7049,85.3507,OSM infrastructure,,
Shri Sharada Higher Secondary School,school,27.7017,85.3501,OSM infrastructure,,
Shri Sharada Lower Secondary School,school,27.7051,85.3518,OSM infrastructure,,
Wilson Academy,school,27.7033,85.2842,OSM infrastructure,,
Gaurishanker Higher Secondary School,school,27.7022,85.2867,OSM infrastructure,,
Tiny Toys Kindergarten,school,27.7027,85.2872,OSM infrastructure,,
Swayambhu English Boarding School,school,27.7160,85.2939,OSM infrastructure,,
Sirius Higher Secondary School,school,27.7004,85.2835,OSM infrastructure,,
Mt. Kailash School,school,27.7350,85.3568,OSM infrastructure,,
Ratna Rajya Secondary School,school,27.7217,85.2503,OSM infrastructure,,
Kathmandu New Castle School,school,27.7460,85.3358,OSM infrastructure,,
Shubha Shree Baikalpik Mahila Vidhyalaya,school,27.7457,85.3280,OSM infrastructure,,
Adroit Scholar's International Academy Nepal (ASIAN),school,27.7001,85.2753,OSM infrastructure,,
Amar Jyoti Higher Secondary School,school,27.7015,85.2720,OSM infrastructure,,
Srijana Vidhya Mandir Secondary School,school,27.7000,85.2765,OSM infrastructure,,
Satya Sai School,school,27.7040,85.3469,OSM infrastructure,,
Care English Boarding School,school,27.7053,85.3459,OSM infrastructure,,
Shri Mangaladevi Secondary School,school,27.7076,85.3430,OSM infrastructure,,
Highly Creative Secondary School,school,27.7039,85.3801,OSM infrastructure,,
Gokarna Secondary School,school,27.7408,85.4012,OSM infrastructure,,
Shree Kanti Bhairab Gurukul School,school,27.7356,85.3970,OSM infrastructure,,
Uttar Baahini Boarding School,school,27.7398,85.4001,OSM infrastructure,,
Genius English School,school,27.7574,85.4191,OSM infrastructure,,
Sahayogi Higher Secondary School,school,27.7399,85.3871,OSM infrastructure,,
Shree Okhreni Secondary School,school,27.7563,85.4221,OSM infrastructure,,
Himshrinkhala Academy,school,27.7444,85.4071,OSM infrastructure,,
Shree Bal Sudhar Secondary School,school,27.7456,85.4047,OSM infrastructure,,
Swet Barahi School,school,27.7526,85.4144,OSM infrastructure,,
Shree Chandikashwori Secondary School,school,27.7480,85.4041,OSM infrastructure,,
Daffodil Public School,school,27.7340,85.3525,OSM infrastructure,,
Nawa Yuyutshu School,school,27.7357,85.3537,OSM infrastructure,,
Shri Nepal Bedh Vidhyashram,school,27.7095,85.3448,OSM infrastructure,,
Aruni Secondary English Boarding School,school,27.7373,85.3065,OSM infrastructure,,
Siddhartha Vanasthali Institute,school,27.7258,85.2980,OSM infrastructure,,
Trilok Children's Academy,school,27.7382,85.3071,OSM infrastructure,,
Sitaram Higher Secondary School,school,27.7183,85.2569,OSM infrastructure,,
Yashyaswi Secondary School,school,27.7174,85.2713,OSM infrastructure,,
Shishu Nikunja secondary school,school,27.7184,85.2700,OSM infrastructure,,
Maha manjushri higher secondary school,school,27.7189,85.2690,OSM infrastructure,,
Gajurmukhi Secondary Boarding School,school,27.7149,85.2600,OSM infrastructure,,
Capital Hill Secondary School,school,27.7110,85.2769,OSM infrastructure,,
Everest College of Engineering and Management,school,27.7105,85.2769,OSM infrastructure,,
Big Buddha National Academy,school,27.7131,85.2752,OSM infrastructure,,
Pascal International Academy,school,27.7264,85.3134,OSM infrastructure,,
Forward Academy,school,27.7354,85.3129,OSM infrastructure,,
Cupid Children's Home Academy,school,27.7511,85.3176,OSM infrastructure,,
Edu Summit English School,school,27.7519,85.3175,OSM infrastructure,,
,hospital,27.7529,85.3252,OSM infrastructure,,
Jalupa Secondary School,school,27.7504,85.3198,OSM infrastructure,,
Malashree English School,school,27.7589,85.3177,OSM infrastructure,,
Celestial Home English Medium School,school,27.7321,85.3521,OSM infrastructure,,
Joseph High School,school,27.7295,85.3547,OSM infrastructure,,
Little Skills International School,school,27.7326,85.3530,OSM infrastructure,,
Mt. Everest English School,school,27.7329,85.3530,OSM infrastructure,,
Reliance Public School,school,27.7307,85.3523,OSM infrastructure,,
Akshamala Vidya Sadan,school,27.7047,85.3395,OSM infrastructure,,
Bibhuti Pragya Niketan,school,27.7284,85.3548,OSM infrastructure,,
Sewa Sadan School,school,27.7031,85.3422,OSM infrastructure,,
Stepping Stone Pre-School,school,27.7035,85.3424,OSM infrastructure,,
National College NIST Higher Education Complex,school,27.7179,85.3050,OSM infrastructure,,
Janauddhar Secondary School,school,27.7175,85.2679,OSM infrastructure,,
Daisy Educational Academy,school,27.7215,85.2510,OSM infrastructure,,
Jyoti Academy,school,27.7078,85.2764,OSM infrastructure,,
Balbodh Secondary School,school,27.7291,85.2373,OSM infrastructure,,
Shree Sitapaila Higher Secondary School,school,27.7094,85.2808,OSM infrastructure,,
Radiant Public Boadring School,school,27.6998,85.2805,OSM infrastructure,,
People's Academy,school,27.7054,85.2816,OSM infrastructure,,
Nabin Jyoti English Boarding School,school,27.7267,85.2412,OSM infrastructure,,
Aakash Deep English Secondary School,school,27.7226,85.3858,OSM infrastructure,,
Gokarneshwor Light Academy,school,27.7328,85.3869,OSM infrastructure,,
Kanti Bhairav Higher Secondary School,school,27.7270,85.4038,OSM infrastructure,,
Miniland English High School,school,27.7274,85.4033,OSM infrastructure,,
Trikon Public School,school,27.7179,85.3934,OSM infrastructure,,
Hindu Vidhyapeeth Higher Secondary School,school,27.7253,85.4113,OSM infrastructure,,
Evergreen English School,school,27.7266,85.4595,OSM infrastructure,,
People's Life Care Hospital,hospital,27.7275,85.4607,OSM infrastructure,,
Shree Bahagyodaya Higher Secondary School,school,27.7273,85.4620,OSM infrastructure,,
Shree Bhagwati Higher Secondary School,school,27.7283,85.4609,OSM infrastructure,,
Shree Sankhu Primary School,school,27.7320,85.4646,OSM infrastructure,,
Shree Bajrayogini Secondary English School,school,27.7259,85.4556,OSM infrastructure,,
Chirayu Educational Academy,school,27.7298,85.4336,OSM infrastructure,,
Srijanshil Shikshasadan Secondary School,school,27.7332,85.4292,OSM infrastructure,,
Alpine Secondary School,school,27.7270,85.4193,OSM infrastructure,,
Bal Gitanjali School,school,27.7090,85.3915,OSM infrastructure,,
Chaula Narayan Primary School,school,27.7331,85.4101,OSM infrastructure,,
Mahakavi Devkota Memorial S. School,school,27.7149,85.3978,OSM infrastructure,,
Shri Ananda Bhairab Secondary School,school,27.7087,85.3931,OSM infrastructure,,
Shree Natheswori Primary School,school,27.7436,85.4237,OSM infrastructure,,
Shree Nepal Rastriya Nirman Higher Secondary School,school,27.7154,85.4010,OSM infrastructure,,
Shree Vidya Arjan English Secondary School,school,27.7122,85.3935,OSM infrastructure,,
Sikshalaya Nepal,school,27.7160,85.4048,OSM infrastructure,,
Shree Bal Bikash Secondary School,school,27.7515,85.4318,OSM infrastructure,,
Shree Thapadanda Lower Secondary School,school,27.7362,85.4250,OSM infrastructure,,
Changu Narayan Primary School,school,27.7126,85.4253,OSM infrastructure,,
Nyacho Pauwa Primary School,school,27.7169,85.4327,OSM infrastructure,,
Shree Balbhakta Primary School,school,27.7160,85.4443,OSM infrastructure,,
Shree Krishna Primary School,school,27.7172,85.4370,OSM infrastructure,,
Green Valley English Boarding School,school,27.7075,85.3050,OSM infrastructure,,
Krishna Mandir Primary School,school,27.7088,85.3086,OSM infrastructure,,
Bernhardt MTI School,school,27.7006,85.2961,OSM infrastructure,,
Frontline Hospital,hospital,27.7026,85.3385,OSM infrastructure,,
Tej Binayak School,school,27.7064,85.3791,OSM infrastructure,,
Vidya Vikash School,school,27.7101,85.3757,OSM infrastructure,,
Gyan Bikash Lower Secondary School,school,27.7101,85.3332,OSM infrastructure,,
Gitamata Higher Secondary School,school,27.7137,85.2998,OSM infrastructure,,
Kalika Katheri Primary School,school,27.8025,85.3272,OSM infrastructure,,
Sangla Bal Kumari Higher Secondary School,school,27.7900,85.3190,OSM infrastructure,,
Jhor Mahankal Secondary School,school,27.7972,85.3323,OSM infrastructure,,
Kunchipwakal Lower Secondary school,school,27.7989,85.3136,OSM infrastructure,,
Nateswori Primary School,school,27.7847,85.3209,OSM infrastructure,,
Public English School,school,27.7927,85.3302,OSM infrastructure,,
Chetana Mahila Secondary School,school,27.7354,85.3109,OSM infrastructure,,
The White Mountain School,school,27.7494,85.3271,OSM infrastructure,,
Mount Genius English School,school,27.7516,85.3266,OSM infrastructure,,
Mount Radiant Engish Boarding School,school,27.7419,85.3152,OSM infrastructure,,
North Pole Academy,school,27.7473,85.3164,OSM infrastructure,,
Swornim International Model School,school,27.7483,85.3263,OSM infrastructure,,
Champa Shikhar Primary School,school,27.7034,85.1919,OSM infrastructure,,
Richa Saha Shiksha Sadan,school,27.7007,85.2390,OSM infrastructure,,
Shadberry International Boarding School,school,27.7043,85.2319,OSM infrastructure,,
Shree Chandika Devi Secondary School,school,27.7014,85.2041,OSM infrastructure,,
Shree Krishna Secondary School,school,27.7024,85.2359,OSM infrastructure,,
Shree Nava Durga Primary School,school,27.7082,85.2284,OSM infrastructure,,
Shree Madan Ashrit Lower Secondary School,school,27.7771,85.3396,OSM infrastructure,,
Green Hills Academy,school,27.7838,85.3011,OSM infrastructure,,
Kavresthali Secondary School,school,27.7848,85.3010,OSM infrastructure,,
Kali Devi Higher Secondary School,school,27.7872,85.3124,OSM infrastructure,,
Tokha Chandeswori Lower Secondary School,school,27.7706,85.3290,OSM infrastructure,,
Bright Field Education Academy,school,27.7176,85.3022,OSM infrastructure,,
Rashmi Secondary School,school,27.7172,85.2940,OSM infrastructure,,
Shankari School,school,27.7073,85.2881,OSM infrastructure,,
Jana Sudhar Lower Secondary School,school,27.7140,85.2890,OSM infrastructure,,
Maitri School,school,27.7108,85.2899,OSM infrastructure,,
Niravana Academy,school,27.7136,85.2877,OSM infrastructure,,
Tri Ratna Awashiya Vidyalaya,school,27.7126,85.2948,OSM infrastructure,,
Shining Path Public School,school,27.7095,85.2983,OSM infrastructure,,
Jagat Sundar Bwonekuthi Secondary School,school,27.7074,85.3018,OSM infrastructure,,
Maha Saraswoti Niketan,school,27.7563,85.2792,OSM infrastructure,,
Nagarjun Secondary School,school,27.7577,85.2784,OSM infrastructure,,
Nirwana Boarding School,school,27.7560,85.2779,OSM infrastructure,,
Saint Joseph English Boarding School,school,27.7590,85.2788,OSM infrastructure,,
Elegant Pearl English School,school,27.7581,85.2794,OSM infrastructure,,
Genial Modern Academy,school,27.7542,85.2917,OSM infrastructure,,
Colorado English School,school,27.7483,85.4472,OSM infrastructure,,
Gagalphedi Harsa Lower Secondary School,school,27.7448,85.4386,OSM infrastructure,,
Manakamana Higher Secondary School,school,27.7220,85.3870,OSM infrastructure,,
Bright Himrashmi English Boarding School,school,27.7861,85.3174,OSM infrastructure,,
Boudeshwor Higher Secondary School,school,27.7984,85.3277,OSM infrastructure,,
Pancha Kanya Secondary School,school,27.7047,85.2902,OSM infrastructure,,
Shree Siddhiganesh Higher Secondary School,school,27.7548,85.4468,OSM infrastructure,,
Shree Manilingeshor Lower Secondary School,school,27.7531,85.4546,OSM infrastructure,,
Jana Primary School,school,27.7504,85.4394,OSM infrastructure,,
Prithvi Narayan Higher Secondary School,school,27.7593,85.2896,OSM infrastructure,,
Bal Srijana Boarding School,school,27.7524,85.2957,OSM infrastructure,,
Model Srijana English Boarding School,school,27.7470,85.2990,OSM infrastructure,,
Times Academy,school,27.7526,85.2956,OSM infrastructure,,
Shree Devi Primary School,school,27.7434,85.5108,OSM infrastructure,,
Shree Jagriti Pra V,school,27.7473,85.4806,OSM infrastructure,,
Shree Kalika Sharan Higher Secondary School,school,27.7502,85.4970,OSM infrastructure,,
Shree Mahendra Rastriya Primary School,school,27.7646,85.4974,OSM infrastructure,,
Gyanodaya Primary School,school,27.7895,85.2980,OSM infrastructure,,
Hill Side Academy English School,school,27.7488,85.4985,OSM infrastructure,,
Tarkeswor Bidhya Kunja English Secondary School,school,27.7855,85.2924,OSM infrastructure,,
Khadwalkot Primary School,school,27.7866,85.2898,OSM infrastructure,,
Shree Surya Jyoti Primary School,school,27.7617,85.5041,OSM infrastructure,,
श्री कालिका शरण माध्यमिक विद्यालय,school,27.7772,85.2789,OSM infrastructure,,
North Star English Boarding School,school,27.7753,85.2812,OSM infrastructure,,
Jitpurfedi Higher Secondary School,school,27.7727,85.2789,OSM infrastructure,,
Saraswati Primary School,school,27.7685,85.2811,OSM infrastructure,,
Nagarjun Thula Gaun Higher Secondary School,school,27.7688,85.2720,OSM infrastructure,,
Mahadevsthan Primary School,school,27.7753,85.2595,OSM infrastructure,,
Shree Krishna Higher Secondary School,school,27.7010,85.4694,OSM infrastructure,,
Nagarkot Lower Secondary School,school,27.7064,85.4742,OSM infrastructure,,
Quality Ebs,school,27.7043,85.4727,OSM infrastructure,,
Yagyamati Secondary School,school,27.7412,85.3701,OSM infrastructure,,
Shree  Devi Bal Sundar Secondary School,school,27.7640,85.3952,OSM infrastructure,,
Shuntakhan Secondary School,school,27.7575,85.3891,OSM infrastructure,,
Nava Suntakhan Academy,school,27.7529,85.3905,OSM infrastructure,,
Shree Gram Sudhar Lower Secondary School,school,27.7495,85.3853,OSM infrastructure,,
Jana Jagrati Secondary School,school,27.7473,85.3766,OSM infrastructure,,
Shree Naulin Secondary School,school,27.7543,85.3681,OSM infrastructure,,
Peak Point English Bording school,school,27.7518,85.3671,OSM infrastructure,,
Shree Ram Janaki Lower Secondary School,school,27.7556,85.4115,OSM infrastructure,,
Junkiri Public School,school,27.7384,85.4651,OSM infrastructure,,
Namgyal Higher Secondary School,school,27.7413,85.3995,OSM infrastructure,,
Sankhu Palubari Community School,school,27.7201,85.4813,OSM infrastructure,,
Shree Mahendra Bal Lower Secondary School,school,27.7222,85.4785,OSM infrastructure,,
Shree Taleju Bhawani Primary School,school,27.7364,85.3921,OSM infrastructure,,
Splendid Valley Community School,school,27.7207,85.4807,OSM infrastructure,,
Sishu Milan English High School,school,27.7549,85.3680,OSM infrastructure,,
Jeevan Jyoti School,school,27.7624,85.3678,OSM infrastructure,,
Jana Uddar Secondary School,school,27.7626,85.3655,OSM infrastructure,,
Anita Milan International Academy,school,27.7540,85.3542,OSM infrastructure,,
Fresh Buds School,school,27.7102,85.3360,OSM infrastructure,,
Himal Hospital,hospital,27.7102,85.3282,OSM infrastructure,,
Aman English Boarding School,school,27.7047,85.3234,OSM infrastructure,,
Asphodel Public school,school,27.7025,85.3271,OSM infrastructure,,
New Don Bosco Academy,school,27.7024,85.3233,OSM infrastructure,,
Trivei Public School,school,27.7023,85.3340,OSM infrastructure,,
Aasha Mandir English Boarding School,school,27.7054,85.3330,OSM infrastructure,,
Maple School,school,27.7090,85.3307,OSM infrastructure,,
Nepal Catalunya School,school,27.7567,85.3016,OSM infrastructure,,
Nepal Rastriya Higher Secondary School,school,27.7419,85.3034,OSM infrastructure,,
Padma Chakra School,school,27.7692,85.3145,OSM infrastructure,,
Shree Phutung Secondary School,school,27.7639,85.3121,OSM infrastructure,,
Bhadrakali Primary School,school,27.7592,85.3451,OSM infrastructure,,
Shanti Primary English School,school,27.7767,85.3491,OSM infrastructure,,
Atma Bikash Primary School,school,27.7895,85.3694,OSM infrastructure,,
Aum School,school,27.7781,85.3644,OSM infrastructure,,
Himalayan Asahaya Bal Sikshya Sadan,school,27.7801,85.3646,OSM infrastructure,,
Shree Jaya Bhadra Kali Lower Secondary School,school,27.7770,85.3701,OSM infrastructure,,
Alpine Valley School,school,27.7325,85.3394,OSM infrastructure,,
National Creative Co-Educational School,school,27.7280,85.3392,OSM infrastructure,,
Saraswati Education Academy,school,27.7283,85.3357,OSM infrastructure,,
Shree Narayan Primary School,school,27.7226,85.4894,OSM infrastructure,,
Chetana Primary School,school,27.7149,85.4850,OSM infrastructure,,
Tauthali Primary School,school,27.7143,85.4988,OSM infrastructure,,
Halchwok Secondary School,school,27.7223,85.2745,OSM infrastructure,,
East Pole Higher Secondary School,school,27.7192,85.3757,OSM infrastructure,,
Shree Seeta Bal Bikash Lower Secondary School,school,27.7227,85.2772,OSM infrastructure,,
The Celebration Co. Ed. School,school,27.7207,85.3819,OSM infrastructure,,
Bal Bikash Secondary School,school,27.7395,85.2839,OSM infrastructure,,
Shankarapur Academy,school,27.7199,85.3811,OSM infrastructure,,
Crystal Academy,school,27.7204,85.2808,OSM infrastructure,,
Nepal orthopaedic Hospital,hospital,27.7202,85.3812,OSM infrastructure,,
Gorkha Kali English Boarding School,school,27.7375,85.3039,OSM infrastructure,,
Atlantic English Boarding School,school,27.7194,85.3816,OSM infrastructure,,
,school,27.7097,85.3068,OSM infrastructure,,
Abhiyan Public School,school,27.7391,85.3065,OSM infrastructure,,
Kathmandu Neb Kider Garten,school,27.7103,85.3058,OSM infrastructure,,
National Kidney Center,hospital,27.7246,85.2958,OSM infrastructure,,
Chinese People Hospital Private Limited,hospital,27.7204,85.3618,OSM infrastructure,,
Medicare National Hospital and Research Center,hospital,27.7184,85.3464,OSM infrastructure,,
Lotus Feet Boarding School,school,27.7266,85.3132,OSM infrastructure,,
Genius English Boarding School,school,27.7243,85.3058,OSM infrastructure,,
Kathmandu Little Blossoms Public School,school,27.7230,85.3045,OSM infrastructure,,
Namuna Women School,school,27.7221,85.3060,OSM infrastructure,,
Grace Educational Foundation,school,27.7265,85.3112,OSM infrastructure,,
Gyan Sarobar Global English School,school,27.7288,85.3059,OSM infrastructure,,
Gyanmandir Secondary English School,school,27.7320,85.2965,OSM infrastructure,,
Kids Learning School,school,27.7388,85.3044,OSM infrastructure,,
Nava Indra Dhanus B H School,school,27.7322,85.2990,OSM infrastructure,,
Shree Bal Kalyan Primary School,school,27.7290,85.3066,OSM infrastructure,,
Swati Sadan Higher Secondary School,school,27.7365,85.3045,OSM infrastructure,,
Tarun Secondary School,school,27.7384,85.3028,OSM infrastructure,,
Rajan Memorial International School,school,27.7375,85.3034,OSM infrastructure,,
Nepal Good Weave Foundation,school,27.7104,85.3759,OSM infrastructure,,
Shramsil Vidyapeth,school,27.7093,85.3820,OSM infrastructure,,
Rising Rays Boarding School,school,27.7030,85.3247,OSM infrastructure,,
Ambassador Academy,school,27.7215,85.3761,OSM infrastructure,,
Shankarapur Hospital,hospital,27.7215,85.3766,OSM infrastructure,,
Shri Gyan Jyoti Women School,school,27.7131,85.3441,OSM infrastructure,,
बृहस्पति विद्यासदन,school,27.7143,85.3315,OSM infrastructure,,
Buddha Jyoti Bal Udhan Lower Secondary School,school,27.7373,85.3082,OSM infrastructure,,
Charles Darwin English Academy,school,27.7365,85.3110,OSM infrastructure,,
Children Herald Academy,school,27.7475,85.3017,OSM infrastructure,,
Creme Learning Ambiance School,school,27.7451,85.3008,OSM infrastructure,,
Deepjyoti Boarding School,school,27.7378,85.3096,OSM infrastructure,,
Divya Kanti High School,school,27.7371,85.3120,OSM infrastructure,,
Good Start Academy,school,27.7359,85.3100,OSM infrastructure,,
Prominent Kids School,school,27.7429,85.3021,OSM infrastructure,,
Kamana HS School,school,27.7394,85.3134,OSM infrastructure,,
Kantipur English Academy School,school,27.7355,85.3118,OSM infrastructure,,
Kaushal English Secondary School,school,27.7567,85.3034,OSM infrastructure,,
Kaushal English Secondary School,school,27.7553,85.3022,OSM infrastructure,,
Mt. Larke Secondary School,school,27.7393,85.3117,OSM infrastructure,,
Shree Yantra English Academy,school,27.7506,85.3027,OSM infrastructure,,
Siddhartha Model Secondary School,school,27.7469,85.3015,OSM infrastructure,,
Sunflower Academy,school,27.7510,85.3000,OSM infrastructure,,
Nil barahi Higher Secondary School,school,27.7004,85.3017,OSM infrastructure,,
Punarbal Sikshya Sadan,school,27.7094,85.2843,OSM infrastructure,,
Namgyal School,school,27.7238,85.2817,OSM infrastructure,,
Shree Indra Primary School,school,27.7220,85.2344,OSM infrastructure,,
Shanti Sewa Griha,hospital,27.7046,85.3509,OSM infrastructure,,
Winsome English Secondary School,school,27.7166,85.3817,OSM infrastructure,,
Bhimdhunga Lower Secondary School,school,27.7337,85.2235,OSM infrastructure,,
Goldhunga Orchid Academy,school,27.7459,85.2965,OSM infrastructure,,
Laligurans,school,27.7465,85.2951,OSM infrastructure,,
Sacred Heart School,school,27.7432,85.2997,OSM infrastructure,,
Gram Sewa Higher Secondary School and College,school,27.7654,85.3005,OSM infrastructure,,
Dharma Vidyashram,school,27.7658,85.2949,OSM infrastructure,,
Guiness Secondary School,school,27.7692,85.2957,OSM infrastructure,,
Milan Dharmasthali School,school,27.7811,85.3025,OSM infrastructure,,
Mega International School,school,27.7487,85.3033,OSM infrastructure,,
Bhubaneswor Primary School,school,27.7565,85.4771,OSM infrastructure,,
Shree Bair Mahadev Primary School,school,27.7654,85.4862,OSM infrastructure,,
Shree Baghdwar Primary School,school,27.7727,85.4292,OSM infrastructure,,
Shree Bhimdev Primary School,school,27.7620,85.4024,OSM infrastructure,,
Shree Tarevir Primary School,school,27.7737,85.3922,OSM infrastructure,,
Galaxy Public School,school,27.7075,85.3310,OSM infrastructure,,
Shine Model School,school,27.7111,85.2837,OSM infrastructure,,
People's Dental College & Hospital,hospital,27.7245,85.3066,OSM infrastructure,,
Metro Radiology and Imaging,hospital,27.7154,85.3261,OSM infrastructure,,
Rastriya Bal Sikshya,school,27.7100,85.3006,OSM infrastructure,,
Educational Environment,school,27.7130,85.3010,OSM infrastructure,,
Khagendra New Life Special Education Secondary School,school,27.7209,85.3811,OSM infrastructure,,
Young Hearts Boarding High School,school,27.7263,85.3825,OSM infrastructure,,
Shree Bal Uddhar Secondary School,school,27.7626,85.4450,OSM infrastructure,,
Shree Ugratara Lower Secondary School,school,27.7465,85.4650,OSM infrastructure,,
Shree Bandevi Lower Sec. School,school,27.7652,85.4693,OSM infrastructure,,
College of Dental Science and Hospital,hospital,27.7338,85.3803,OSM infrastructure,,
Capital Hospital,hospital,27.7028,85.3217,OSM infrastructure,,
लर्नहब प्राथमिक विद्यालय,school,27.7196,85.3391,OSM infrastructure,,
kids heaven kindergarden school,school,27.7134,85.3626,OSM infrastructure,,
Nepal Bharat Maitri Hospital,hospital,27.7116,85.3456,OSM infrastructure,,
Rasuwa Higher Secondary School,school,28.1124,85.2981,OSM infrastructure,,
Swatha Parichyan,hospital,27.7060,85.3250,OSM infrastructure,,
Pennwood School,school,27.7134,85.3335,OSM infrastructure,,
Bhadrakali English Medium School,school,27.7581,85.3477,OSM infrastructure,,
excelsior school,school,27.7174,85.2854,OSM infrastructure,,
,dam,28.4403,85.2524,OSM infrastructure,,
Sri Bhimsen Ma. Vi,school,27.8940,85.1478,OSM infrastructure,,
Niranjana Higher Secondary School,school,27.8513,85.1473,OSM infrastructure,,
Shree Bhairum Higher Secondary School,school,27.9230,85.1396,OSM infrastructure,,
Shree Saraswati Ma. Vi.,school,27.9895,85.1017,OSM infrastructure,,
Krishna Higher Secondary School,school,27.8636,85.0138,OSM infrastructure,,
Chandi Secondary School,school,27.8697,85.0453,OSM infrastructure,,
Pragatishil Higher Secondary School,school,27.8861,85.0952,OSM infrastructure,,
Sundara Uccha Ma V,school,27.9220,85.3442,OSM infrastructure,,
Shree Udaya Jalpadevi Ma V,school,27.9139,85.3296,OSM infrastructure,,
Kundala Higher Secondary School,school,27.8622,85.3373,OSM infrastructure,,
Nepal National Secondary school,school,28.1626,85.2654,OSM infrastructure,,
Goshainkuda Secondary school,school,28.0047,85.2490,OSM infrastructure,,
Setidevi Higher Secondary School,school,27.9823,85.2286,OSM infrastructure,,
Shree Kaukeshwori Ma Vi,school,27.9165,85.4201,OSM infrastructure,,
Bhumedevi Secondary School,school,28.0253,85.1735,OSM infrastructure,,
Shree Bhairam Ma Vi,school,27.9585,85.1465,OSM infrastructure,,
Kamarudevi Higher Secondary School,school,27.8366,85.0611,OSM infrastructure,,
Parwatikunda Secondary School,school,28.1681,85.3134,OSM infrastructure,,
Setibhumi Secondary School,school,28.0393,85.2198,OSM infrastructure,,
Tribhuwan Trishuli Higher School,school,27.9237,85.1500,OSM infrastructure,,
"Brahmasmi Academy, Think Tank Foundation",school,27.7291,85.3829,OSM infrastructure,,
Shri Sahid J P Jang Shah Sanskrit Ma V,school,27.8636,85.1134,OSM infrastructure,,
Durbar High School,school,27.7078,85.3140,OSM infrastructure,,
UNIVERSAL COLLEGE OF MEDICAL SCIENCES & UCMS COLLEGE OF DENTAL SURGERY,hospital,27.7067,85.3180,OSM infrastructure,,
,school,28.2897,84.9183,OSM infrastructure,,
,dam,27.9222,85.3478,OSM infrastructure,,
Shree Gaira Ni Ma Vi,school,27.9826,85.0250,OSM infrastructure,,
Purple Home International Pre-School,school,27.7035,85.3396,OSM infrastructure,,
आंखुखोला जलविद्युत परियोजना,hydropower,28.0083,84.9166,OSM infrastructure,,
,dam,28.0147,84.9229,OSM infrastructure,,
Shree Kirateshwor Primary School,school,27.8294,85.8312,OSM infrastructure,,
Kakani Brighter School,school,27.8176,85.2457,OSM infrastructure,,
,school,27.7225,85.3676,OSM infrastructure,,
International Buddhist Academy,school,27.7290,85.3699,OSM infrastructure,,
Shree Pema Chholing Ni Ma Vi,school,28.0051,85.5393,OSM infrastructure,,
Elite Grand School,school,27.7208,85.3518,OSM infrastructure,,
Shree Chandeswori Uchha Ma.Vi.,school,27.9645,85.1687,OSM infrastructure,,
Shree Sundaradevi Pra V,school,27.9035,85.3477,OSM infrastructure,,
Shree Sundaridevi Pra.Vi,school,27.9586,85.3086,OSM infrastructure,,
Shree Bolde PRA V,school,27.8909,85.4880,OSM infrastructure,,
Shree Jhalkane Devi Primary School,school,27.7522,85.5649,OSM infrastructure,,
Shri Janasewa Lower Secondary School,school,27.7412,85.7855,OSM infrastructure,,
Shri kalika Devi PRA V,school,27.7391,85.8416,OSM infrastructure,,
Shree Deurali PRA V,school,27.7161,85.8472,OSM infrastructure,,
Kumveswor Secondary School,school,27.8478,85.3142,OSM infrastructure,,
Shree Bachhala Ma.V,school,27.8738,85.3142,OSM infrastructure,,
Shree Ganesh Higher Secondary School,school,27.7148,85.7978,OSM infrastructure,,
Shree Setidevi PRA V,school,27.7689,85.6649,OSM infrastructure,,
Shri Rana Bhuwaneswari Uccha Madhyamik Prabidhik Bidyalaya,school,27.8623,85.1077,OSM infrastructure,,
Shri Chhetrapal Lower Secondary School,school,27.8633,85.0950,OSM infrastructure,,
Chandra Jyoti Secondary School,school,27.8682,85.1215,OSM infrastructure,,
Shri Laxmi Devi Secondary School,school,27.7851,85.7767,OSM infrastructure,,
Shree Ghairaun Devi Pra V,school,27.7145,85.0415,OSM infrastructure,,
Shri Setidevi Lower Secondary School,school,27.7748,85.7761,OSM infrastructure,,
Sherpa Developers,school,27.7261,85.3585,OSM infrastructure,,
Shree Salme Ma Vi,school,28.0184,85.0877,OSM infrastructure,,
Kutumsang Health Centre,hospital,27.9276,85.4861,OSM infrastructure,,
Shree Mahendra Uchha Ma Vi,school,27.9111,84.9247,OSM infrastructure,,
Shree Om Ram PRA V,school,27.7701,85.6361,OSM infrastructure,,
bodhi batika montessori based pre school,school,27.7064,85.3434,OSM infrastructure,,
Shree Krishna Pra Vi,school,27.9042,85.2180,OSM infrastructure,,
,school,27.8545,85.2245,OSM infrastructure,,
Shree Dalle Pokhari Lower Secondary School,school,27.8951,85.7930,OSM infrastructure,,
Shree Sita Ma Vi,school,28.0153,84.9971,OSM infrastructure,,
,school,27.8685,85.6085,OSM infrastructure,,
Shree Nau Lingeshwori,school,27.8638,85.6270,OSM infrastructure,,
Valley Maternity Nursing Home,hospital,27.7053,85.3226,OSM infrastructure,,
Shree Kalika Madhyamik Vidyalaya,school,27.7262,85.0979,OSM infrastructure,,
,dam,27.8890,85.1336,OSM infrastructure,,
Shree Kanyadevi Ni Ma Vi,school,27.9708,84.9565,OSM infrastructure,,
shree tripura sundari grill udhyog,school,27.7123,85.3371,OSM infrastructure,,
Kyangsing Pra V,school,27.9697,85.8259,OSM infrastructure,,
,school,28.0191,85.7853,OSM infrastructure,,
Shree Lingling Pra Vi,school,28.2146,85.3589,OSM infrastructure,,
Shree Melamchi Ghyang Ma v,school,28.0201,85.5279,OSM infrastructure,,
Maha Manjushri Higher Secondary School,school,27.7151,85.2829,OSM infrastructure,,
,school,27.7150,85.2773,OSM infrastructure,,
Shankarapur Hospital,hospital,27.7215,85.3780,OSM infrastructure,,
,dam,27.8847,85.6139,OSM infrastructure,,
Shree Chandrajyoti Pra Vi,school,27.9915,85.1514,OSM infrastructure,,
Saraswoti Academy English School,school,27.7239,85.3500,OSM infrastructure,,
Shree Sarashwoti PRA V,school,27.7891,85.6695,OSM infrastructure,,
Shree ChiuriBhanjyang primary School,school,27.8327,85.0129,OSM infrastructure,,
Jala Kanya Prathamik Vidhyalaya,school,28.0491,84.9114,OSM infrastructure,,
Sitala Devi Prathamik Vidhyalaya,school,28.0592,84.9283,OSM infrastructure,,
Shree Balautto Pra V,school,28.0672,84.9145,OSM infrastructure,,
Shree Mandali Secondary School,school,28.0638,84.9208,OSM infrastructure,,
Shree Dhadakharka Pra V,school,28.0814,84.9073,OSM infrastructure,,
Shree Saraswoti Pra V,school,28.0840,84.8999,OSM infrastructure,,
Shree Kuwapani Pra V,school,28.0751,84.9183,OSM infrastructure,,
Shree Ganga Jamuna Primary School,school,28.0687,84.9070,OSM infrastructure,,
Hile Pokhari Nimna Madhyamik Vidhyalaya,school,28.0603,84.8998,OSM infrastructure,,
Annapurna Primary School,school,28.0505,84.9000,OSM infrastructure,,
Phulkharka Gramin Hospital,hospital,28.0625,84.9217,OSM infrastructure,,
Xavier International College,school,27.7138,85.3371,OSM infrastructure,,
Binayak Hospital,hospital,27.7364,85.3180,OSM infrastructure,,
Nature Boarding High School,school,27.7361,85.3172,OSM infrastructure,,
,school,27.7361,85.3174,OSM infrastructure,,
Lord Buddha School,school,27.7055,85.3335,OSM infrastructure,,
Alchemist School,school,27.7210,85.3744,OSM infrastructure,,
RAI School,school,27.7243,85.3801,OSM infrastructure,,
Kapan Hospital,hospital,27.7336,85.3523,OSM infrastructure,,
Shree Aiselubhume Uccha Ma Vi,school,28.0082,85.1407,OSM infrastructure,,
Shree Aiselu Bhumi Secondary School,school,28.0080,85.1413,OSM infrastructure,,
Bouddha Meridian School,school,27.7354,85.3816,OSM infrastructure,,
Chowadi Higher Secondary School,school,27.8791,85.1419,OSM infrastructure,,
Shree Sundhara Primary School,school,27.8603,85.3089,OSM infrastructure,,
Elite Kid's Zone,school,27.7254,85.3513,OSM infrastructure,,
Green Garden Boarding School,school,27.9948,85.2043,OSM infrastructure,,
Dharmadwar Primary School,school,27.8367,84.9631,OSM infrastructure,,
Shree Janakalyan Higher Secondary School,school,27.8110,84.9607,OSM infrastructure,,
Shree Rakta Bachchhala Ni Ma Vi,school,27.8130,84.9673,OSM infrastructure,,
Shree Ganesh Kunda Uchha Ma V,school,28.0547,84.9888,OSM infrastructure,,
Tyod Secondary School,school,27.7093,85.3120,OSM infrastructure,,
Mnemonic School,school,27.7243,85.3815,OSM infrastructure,,
Shree Gandaki Nimna Madhyamik Bidhyala,school,28.2507,84.9077,OSM infrastructure,,
Shree Vishnu Prathamik Bidhyala,school,28.1648,84.9078,OSM infrastructure,,
shemrock school,school,27.7108,85.3265,OSM infrastructure,,
Shree Chakreshwori Ni Ma V,school,27.9945,84.9009,OSM infrastructure,,
Shree Yuba PRA V,school,27.9975,84.9384,OSM infrastructure,,
श्री पञ्चकन्या प्रा वि,school,28.0228,84.9341,OSM infrastructure,,
Shree Chimchok Ni Ma V,school,28.0704,84.9503,OSM infrastructure,,
Shree Saraswati Pra V,school,28.0654,84.9677,OSM infrastructure,,
Shree Kalyan Ni Ma V,school,28.0539,84.9502,OSM infrastructure,,
Shree Tamang Kharka Ma V,school,28.0409,84.9384,OSM infrastructure,,
Shree Bendi Devi Ni Ma V,school,28.1097,85.0203,OSM infrastructure,,
Shree Chandika Samudayik Pra V,school,28.0399,84.9342,OSM infrastructure,,
Shree Bhogateni Pra V,school,28.0671,84.9887,OSM infrastructure,,
Shree Singgang Pra V,school,28.0809,85.0110,OSM infrastructure,,
Shree Nimalchyat Pra V,school,28.0614,85.0041,OSM infrastructure,,
Shree Lyakchekunda Ni Ma V,school,28.0714,85.0128,OSM infrastructure,,
Shree Jharlang Ma V,school,28.1091,85.0248,OSM infrastructure,,
Shree Tashi Pra V,school,28.1220,85.0351,OSM infrastructure,,
Bachchhala Devi Uchha Ma V,school,28.0421,84.9945,OSM infrastructure,,
Shree Amarjyoti Bal Bikas kendra,school,28.0367,85.0209,OSM infrastructure,,
Shree Simaldanda Pra V,school,28.0332,85.0175,OSM infrastructure,,
pure love nursery,school,27.7149,85.3354,OSM infrastructure,,
Shri Kalika Devi Pra V,school,28.0386,84.9037,OSM infrastructure,,
Shree Sundar Pra V,school,28.0658,84.9357,OSM infrastructure,,
ashirv boarding school,school,27.7283,85.3332,OSM infrastructure,,
Boudha Secondary School,school,27.7256,85.3630,OSM infrastructure,,
Lord Buddha Secondary School,school,27.7222,85.3681,OSM infrastructure,,
Chirayu Hospital,hospital,27.7414,85.3340,OSM infrastructure,,
The Skin Hospital,hospital,27.7368,85.3332,OSM infrastructure,,
penwood academy,school,27.7408,85.3402,OSM infrastructure,,
Metro Ktm Hospital,hospital,27.7395,85.3370,OSM infrastructure,,
john academy,school,27.7137,85.3655,OSM infrastructure,,
Little Genius Boarding School,school,27.7215,85.2915,OSM infrastructure,,
little sweet heart kindergarden school,school,27.7152,85.3641,OSM infrastructure,,
Kalalaya Art School,school,27.7085,85.3101,OSM infrastructure,,
Shree Thala Pra Vi,school,27.9886,84.9844,OSM infrastructure,,
Shree Shanti Ra V,school,27.9873,84.9772,OSM infrastructure,,
Kuwapani Devi Prathamik Vidyalaya,school,27.7125,85.1774,OSM infrastructure,,
Shri Jwalamukhi Nimna Madhyamik Vidyalaya,school,27.7135,85.1689,OSM infrastructure,,
Shree Nisakot Prathamik Vidyalaya,school,27.7185,85.1933,OSM infrastructure,,
Shree Seti Devi Prathamik Vidyalaya,school,27.7052,85.1763,OSM infrastructure,,
Shree Dilli Sabitri Madhyamik Vidyalaya,school,27.7197,85.1820,OSM infrastructure,,
Shree Janakalyan Prathamik Vidyalaya,school,27.7314,85.1285,OSM infrastructure,,
Manamuhan Memorial College,school,27.7278,85.3038,OSM infrastructure,,
Shri Mahankaleshwari Higher Secondary School,school,27.7277,85.1199,OSM infrastructure,,
Shree Chautara Ma Vi,school,27.9851,84.9972,OSM infrastructure,,
Shree Buddha Pra Vi,school,27.9819,84.9968,OSM infrastructure,,
Shree Shanti Kali Pra Vi,school,27.9814,84.9248,OSM infrastructure,,
Shree Janabhabana Pra Vi,school,28.0075,84.9278,OSM infrastructure,,
Shree Sundari Pra Vi,school,28.0217,84.9543,OSM infrastructure,,
Mangaladevi Ma Vi,school,28.0243,84.9642,OSM infrastructure,,
Nimarchok Ni Ma V,school,28.0119,84.9403,OSM infrastructure,,
Shree Annapurna Pra Vi,school,28.0020,84.9545,OSM infrastructure,,
Shree Marpak Pokhara Pra Vi,school,28.0081,84.9821,OSM infrastructure,,
Shree kundala Devi Uchha Ma Vi,school,27.9686,84.9906,OSM infrastructure,,
Shree Bindu keshar Pra Vi,school,27.9568,84.9988,OSM infrastructure,,
Shree Gothan Devi Pra V,school,28.1781,85.1072,OSM infrastructure,,
Shree Himalaya Saraswati Ni Ma V,school,28.1776,84.9944,OSM infrastructure,,
Shree Ganesh Himal Pra V,school,28.2126,85.1237,OSM infrastructure,,
Shree Fedi Khola Pra V,school,28.1305,85.0011,OSM infrastructure,,
Shree Pasang Chok Mahadev Ma V,school,28.0846,84.9741,OSM infrastructure,,
Shree Gyan Mandir Pra V,school,28.0859,84.9630,OSM infrastructure,,
Shree Richet Pra V,school,28.1149,84.9979,OSM infrastructure,,
Shree Shanti Pra V,school,28.0851,84.9874,OSM infrastructure,,
Shree Mahakali Ma V,school,27.8074,84.9114,OSM infrastructure,,
Shree Bachala Paropakar Bal Bikash Kendra,school,27.8131,84.9119,OSM infrastructure,,
Sri Kalika Ni. Ma Vi,school,27.9635,85.2483,OSM infrastructure,,
Shree Bhuwan Pra V,school,27.7266,85.2048,OSM infrastructure,,
Shree Maha Laxmi Ni Ma V,school,27.7671,85.2451,OSM infrastructure,,
Shree Janasewa Ni Ma V,school,27.7924,85.0332,OSM infrastructure,,
Shree Thungi Ni Ma V,school,27.7524,85.2203,OSM infrastructure,,
Shree Mahakali Kisan Ma V,school,27.7652,85.2208,OSM infrastructure,,
Shree Mahendrodaya Hss,school,27.7552,85.2095,OSM infrastructure,,
Shri Bhuwaneshwari Ma V,school,27.7352,85.1412,OSM infrastructure,,
Shree Sarswati Pra Vi,school,27.8672,84.9259,OSM infrastructure,,
Shree Annapurna Pra Vi,school,27.9189,84.9511,OSM infrastructure,,
Shree Bar Pipal Ma Vi,school,27.9669,84.9028,OSM infrastructure,,
Shree Prakash Ma Vi,school,27.9136,84.9953,OSM infrastructure,,
Shree Mahendrodaya Ni Ma Vi,school,27.8892,84.9795,OSM infrastructure,,
Shree Suntar Pra V,school,27.8182,85.0058,OSM infrastructure,,
Shree Rizalthok Pra Vi,school,27.8908,84.9188,OSM infrastructure,,
Shree Sundaradevi Pra Vi,school,27.8999,84.9072,OSM infrastructure,,
Shree Panchakanya Pra V,school,27.8293,84.9322,OSM infrastructure,,
Shree Mahakali Devisthan Pra V,school,27.7101,85.0163,OSM infrastructure,,
Shree Bhairabi Pra V,school,27.7234,85.0390,OSM infrastructure,,
Shree Mahendrodaya kalika Ma Vi,school,27.8532,84.9812,OSM infrastructure,,
Shree Manakamana Devi Ni Ma Vi,school,27.8775,84.9821,OSM infrastructure,,
Shree Barahi Pra Vi,school,27.8055,85.0038,OSM infrastructure,,
Shri Kali Devi Pra Vi,school,27.8044,84.9766,OSM infrastructure,,
Shree Naba Joti Pra Vi,school,27.7319,85.0336,OSM infrastructure,,
Shree Bhagwati Ni Ma Vi,school,27.7440,85.0560,OSM infrastructure,,
Shri Juntara Pra V,school,27.7230,84.9234,OSM infrastructure,,
Shri Kiranchok Uchha Ma V,school,27.7572,84.9387,OSM infrastructure,,
Shree Bhumeshwari Pra V,school,27.7448,84.9537,OSM infrastructure,,
Shree Panchakanya Pra V,school,27.7990,84.9576,OSM infrastructure,,
Shree Bageshwori Pra V,school,27.7924,84.9865,OSM infrastructure,,
Shree Bageshwori Pra V,school,27.7736,84.9920,OSM infrastructure,,
Shree Balkumari Ni Ma V,school,27.7871,85.0062,OSM infrastructure,,
Shree Baljoti Pra Vi,school,27.7338,84.9843,OSM infrastructure,,
Shri Amanta Devi Ma Vi,school,27.7522,84.9874,OSM infrastructure,,
Shree Santaneswor Pra Vi,school,27.7933,84.9340,OSM infrastructure,,
Shree Jal kanya Pra Vi,school,27.7302,84.9048,OSM infrastructure,,
Shri Aldevi Pra Vi,school,27.7206,84.9125,OSM infrastructure,,
Shree kalika Pra Vi,school,27.7130,84.9182,OSM infrastructure,,
Shree Janachcetana Pra V,school,27.7820,84.9243,OSM infrastructure,,
Shree Manakamana Pra V,school,27.7398,84.9987,OSM infrastructure,,
श्री बागेश्‍वरी मा.वि.,school,27.8012,84.9873,OSM infrastructure,,
Shree kalika Pra Vi,school,27.9551,84.9202,OSM infrastructure,,
,school,28.1685,85.3140,OSM infrastructure,,
Shree Nawa Jeevan Pra Vi,school,28.0148,85.3037,OSM infrastructure,,
Shree Ghangvar Pra Vi,school,28.0095,85.3134,OSM infrastructure,,
Shree kalika Pra. Vi.,school,27.9724,85.2640,OSM infrastructure,,
Shree Gyanjyoti Pra Vi,school,28.2102,85.2842,OSM infrastructure,,
Shree Rasuwa Ucha Ma V,school,28.1109,85.2991,OSM infrastructure,,
Shree Nawa Vijayee Mahendra Ma.V,school,28.0126,85.1945,OSM infrastructure,,
Shree Bhimsen Lower Secondary School,school,28.1315,85.3162,OSM infrastructure,,
Shree Nepal Rastriya Ni Ma Vi,school,28.2099,85.3354,OSM infrastructure,,
Shree Nepal Rastriya Pra Vi,school,28.1732,85.3577,OSM infrastructure,,
Shree Narayansthan Ni Ma Vi,school,28.0057,85.2136,OSM infrastructure,,
Shree Bachala Devi Ni Ma Vi,school,27.9837,85.2023,OSM infrastructure,,
Shree Shyamey Wangphel Uchha Ma. VI.,school,28.1650,85.3393,OSM infrastructure,,
हिमालयन भ्याली अंग्रेजी बोर्डिंग स्कुल,school,27.7486,85.3178,OSM infrastructure,,
Shree Jalwai Devi S,school,27.8691,85.5863,OSM infrastructure,,
Shree Shiva Shankareshwor PRA V,school,27.8102,85.5377,OSM infrastructure,,
Shree Setikadevi Ma V,school,27.7928,85.5186,OSM infrastructure,,
Shree Bhumeshwori PRA V,school,27.8127,85.5158,OSM infrastructure,,
Shri kalika NI MA V,school,27.8206,85.5245,OSM infrastructure,,
Shree Ananteshwori PRA V,school,27.8165,85.4694,OSM infrastructure,,
Haibung Mahadevstan Ma V,school,27.8232,85.4692,OSM infrastructure,,
Shree Suyalchhap PRA V,school,27.8098,85.5013,OSM infrastructure,,
Chilaune Ma V,school,27.9372,85.6528,OSM infrastructure,,
Shree Taltuleshowry PRA V,school,27.9235,85.6585,OSM infrastructure,,
Shree Raithane Ma V,school,27.9313,85.6651,OSM infrastructure,,
Shree Thampaldhap Higher Secondary School,school,27.9154,85.6355,OSM infrastructure,,
Shree kumbheshwori PRA V,school,27.9230,85.6716,OSM infrastructure,,
Shree Bachhalamai PRA V,school,27.9077,85.6533,OSM infrastructure,,
Shree Balsudhar PRA V,school,27.8943,85.6584,OSM infrastructure,,
Golmeshwori Ni Ma V,school,27.8997,85.6337,OSM infrastructure,,
Shree Chhetrapaleshwori Higher Secondary School,school,27.8868,85.6173,OSM infrastructure,,
Ganesh Ni Ma V,school,27.8862,85.6324,OSM infrastructure,,
Shree kayaulathana Ni Ma V,school,27.8415,85.6271,OSM infrastructure,,
Shree Chhetrapaleshwori Ni Ma V,school,27.8220,85.5987,OSM infrastructure,,
Shree Lokatantra PRA V,school,27.8211,85.5846,OSM infrastructure,,
Shree Bhumesthan Ni Ma V,school,27.8305,85.5826,OSM infrastructure,,
Shree Nawalpur Ma V,school,27.8125,85.6250,OSM infrastructure,,
Shree Naba kanya PRA V,school,27.8376,85.6451,OSM infrastructure,,
Shree Simpaleswori Ma V,school,27.8214,85.6640,OSM infrastructure,,
Shree Golmeshwori PRA V,school,27.8129,85.6688,OSM infrastructure,,
Shree Himanchal PRA V,school,27.8327,85.6691,OSM infrastructure,,
Shree Bhimsen PRA V,school,27.8062,85.6443,OSM infrastructure,,
Shree Jaleshwor Ni Ma V,school,27.8021,85.6380,OSM infrastructure,,
Singhamati Ma V,school,27.7739,85.6692,OSM infrastructure,,
Shree Salle PRA V,school,27.7782,85.6403,OSM infrastructure,,
Shree kamaladevi Ma V,school,27.7789,85.6285,OSM infrastructure,,
Shree Panchakanya Ni Ma V,school,27.7680,85.6390,OSM infrastructure,,
Shree kalika PRA V,school,27.7829,85.6230,OSM infrastructure,,
Ainselukharka Uchha Ma V,school,27.7939,85.6169,OSM infrastructure,,
Shree Gorakhnath PRA V,school,27.7867,85.6064,OSM infrastructure,,
Shree kalika PRA V,school,27.7959,85.6048,OSM infrastructure,,
Shree Janasudhar Ni Ma V,school,27.7825,85.5957,OSM infrastructure,,
Shree Puspa Ganga PRA V,school,27.7790,85.5878,OSM infrastructure,,
Falateshwor PRA V,school,27.7747,85.6158,OSM infrastructure,,
Sipatinghara Sanskrit Uchha Ma V,school,27.7728,85.6082,OSM infrastructure,,
Shree Chandrawati PRA V,school,27.7632,85.6321,OSM infrastructure,,
Shree Rajeshwori Higher Secondary School,school,27.7625,85.6202,OSM infrastructure,,
Balsudhar Ni Ma V,school,27.7562,85.6225,OSM infrastructure,,
Shree kalika PRA V,school,27.7605,85.6076,OSM infrastructure,,
Shree Dhotar PRA V,school,27.7531,85.6050,OSM infrastructure,,
Shree Indrawati PRA V,school,27.7487,85.6072,OSM infrastructure,,
Bhimeshwori Higher Secondary School,school,27.7485,85.6362,OSM infrastructure,,
Shree Seti Devi Ma V,school,27.7247,85.6409,OSM infrastructure,,
Shree kalika PRA V,school,27.7220,85.6683,OSM infrastructure,,
Shree Suryodaya PRA V,school,27.7292,85.6737,OSM infrastructure,,
Shree Chandeshwaree Higher Secondary School,school,27.7370,85.6557,OSM infrastructure,,
Shree Jaleshwori Ni Ma V,school,27.7464,85.6705,OSM infrastructure,,
Shree Shipateendhara Janata Ma V,school,27.7528,85.6502,OSM infrastructure,,
Shree Saraswoti Ni Ma V,school,27.7405,85.6394,OSM infrastructure,,
Shree Sarbasudhar PRA V,school,27.7524,85.6351,OSM infrastructure,,
Tapgau primary school,school,27.9066,85.8060,OSM infrastructure,,
Seti Devi Ma Vi,school,27.9211,85.7883,OSM infrastructure,,
Gondegau Pra V,school,27.9152,85.7763,OSM infrastructure,,
Jugal Pra V,school,27.8966,85.7584,OSM infrastructure,,
Kalidevi Ma Vi,school,27.8959,85.7786,OSM infrastructure,,
Shree Seti Devi Primary School,school,27.8875,85.8479,OSM infrastructure,,
Shree Sundar Danda PRA V,school,27.7372,85.8150,OSM infrastructure,,
Shree Chamunadevi Ni Ma V,school,27.7288,85.8272,OSM infrastructure,,
Shree BP Aadarsa PRA V,school,27.7370,85.8035,OSM infrastructure,,
Shree Panchakanya PRA V,school,27.7126,85.8343,OSM infrastructure,,
Shree Daneswori PRA V,school,27.7036,85.8201,OSM infrastructure,,
Shree Saraswoti PRA V,school,27.7040,85.8309,OSM infrastructure,,
Shree Sundaradevi Primary School,school,27.7822,85.8218,OSM infrastructure,,
Shree Kupakanyaa Secondary School,school,27.7755,85.8187,OSM infrastructure,,
Shree Binjyal Primary School,school,27.7609,85.7942,OSM infrastructure,,
Shree Phalate Devi Pra V,school,27.7594,85.7859,OSM infrastructure,,
Shree Keurenidanda Primary School,school,27.7752,85.7727,OSM infrastructure,,
Shree Mangalamai Primary School,school,27.7783,85.7990,OSM infrastructure,,
Shree Chyandanda Primary School,school,27.7929,85.7854,OSM infrastructure,,
Shree Kalleri Primary School,school,27.7892,85.7799,OSM infrastructure,,
Shri Setidevi Primary School,school,27.7779,85.7642,OSM infrastructure,,
Kali Devi H.S.S,school,27.7300,85.7710,OSM infrastructure,,
Shree Jageshwori PRA V,school,27.8306,85.5637,OSM infrastructure,,
Shree Golmadevi S S,school,27.9540,85.5484,OSM infrastructure,,
Shree Mahakali Nindeshwori PRA V,school,27.8933,85.5317,OSM infrastructure,,
Shree Mahendra Kanti U Ma V,school,27.7028,85.7753,OSM infrastructure,,
Shree Seti Devi PRA V,school,27.7257,85.7877,OSM infrastructure,,
Shree Bhumeshowri Ma V,school,27.7044,85.8130,OSM infrastructure,,
Shree Ratankot Ni Ma V,school,27.7074,85.8385,OSM infrastructure,,
Shree Betrawoti L.S.S,school,27.7238,85.7932,OSM infrastructure,,
Shree Risankumane PRA V,school,27.9101,85.5605,OSM infrastructure,,
Shree Sarkathali PRA V,school,27.9864,85.5344,OSM infrastructure,,
Shree Nurbuling Secondary School,school,27.9466,85.5665,OSM infrastructure,,
Shree Manikantheswori PRA V,school,27.9043,85.5503,OSM infrastructure,,
Shree Satdhara PRA V,school,27.9030,85.5673,OSM infrastructure,,
Shree Mahendra Uchha Ma V,school,27.9117,85.5384,OSM infrastructure,,
Shree Hari Siddhi Samudayik PRA V,school,27.9141,85.5277,OSM infrastructure,,
Shri Banakalidevi Secondary School,school,27.8704,85.8079,OSM infrastructure,,
Pra V Hagam,school,27.8604,85.8082,OSM infrastructure,,
Shree Jugal Lower Secondary School,school,27.8342,85.8088,OSM infrastructure,,
Satkanya Ni Ma V,school,27.9422,85.7732,OSM infrastructure,,
Solethan Pra V,school,27.8664,85.7454,OSM infrastructure,,
Singha Mai Pra V,school,27.8588,85.7651,OSM infrastructure,,
Ghyuldevi Ni Ma V,school,27.9165,85.7571,OSM infrastructure,,
Ghyualdevi Ni Ma V,school,27.9159,85.7623,OSM infrastructure,,
Singeshwori Lower Secondary School,school,27.8359,85.7592,OSM infrastructure,,
Selang Ma Vi,school,27.8462,85.7505,OSM infrastructure,,
Selang Pra V,school,27.8541,85.7533,OSM infrastructure,,
Rameshwar Ma V,school,27.8338,85.7755,OSM infrastructure,,
Setidevi Ma V,school,27.8542,85.7851,OSM infrastructure,,
Dobang Pokhari Ni Ma Vi,school,27.8718,85.7741,OSM infrastructure,,
Ratna Rajya U Ma Vi,school,27.8728,85.7597,OSM infrastructure,,
Bhumeshwori Pra V,school,27.8423,85.7790,OSM infrastructure,,
Ananda Uchha Ma V,school,27.8114,85.7679,OSM infrastructure,,
Shree Sarvodaya Ni Ma V,school,27.8823,85.5016,OSM infrastructure,,
Shree Urleni PRA V,school,27.8644,85.5044,OSM infrastructure,,
Shree Bhanjyang PRA V,school,27.8849,85.5130,OSM infrastructure,,
Shree Padmeshwori PRA V,school,27.8963,85.5013,OSM infrastructure,,
Shree Nandajyoti Pra V,school,27.7344,85.5537,OSM infrastructure,,
Bindhya Basni Ma V,school,27.7099,85.6480,OSM infrastructure,,
Kali Kumari Pra V,school,27.7035,85.6465,OSM infrastructure,,
Him Jyoti Pra V,school,27.7031,85.6614,OSM infrastructure,,
Shree Pacha Kanya Primary School,school,27.7263,85.5611,OSM infrastructure,,
Shree Bramhayani Secondary School,school,27.7341,85.5906,OSM infrastructure,,
Shree Tapeshwor Higher Secondary School,school,27.7330,85.5771,OSM infrastructure,,
Shree Dedithumka Higher Secondary School,school,27.7191,85.6173,OSM infrastructure,,
Shree Seti Devi Primary School,school,27.7032,85.6275,OSM infrastructure,,
Kangesowra Pra Vi,school,27.9797,85.3150,OSM infrastructure,,
Sundara Ni Ma Vi,school,27.9681,85.3241,OSM infrastructure,,
Mangaleshwori Pra Vi,school,27.9691,85.3430,OSM infrastructure,,
Chelaune Pra vi,school,27.9463,85.3499,OSM infrastructure,,
Shree Kiran Pra.Vi.,school,27.9261,85.3422,OSM infrastructure,,
Sri Gufa Devi Pra Vi,school,27.9602,85.2548,OSM infrastructure,,
Sri Binayak Ma. VI.,school,27.9344,85.2057,OSM infrastructure,,
Shri Bidhyoprajan Pra Vi,school,27.9697,85.0824,OSM infrastructure,,
Shree Bhumedevi Pra.Vi.,school,27.9559,85.1314,OSM infrastructure,,
Shree Deurali Ma Vi,school,27.9751,85.0883,OSM infrastructure,,
Shree Gyanjyoti Pra Vi,school,28.0243,85.0212,OSM infrastructure,,
Shree Sanu Kimtang Ma Vi,school,28.0187,85.0320,OSM infrastructure,,
Shree Ratna Ma. V,school,27.9741,85.1407,OSM infrastructure,,
Shree Sacherta Pra Vi,school,27.9765,85.1615,OSM infrastructure,,
Shree Janasakti Prathamik Vidhyalaya,school,27.9571,85.1529,OSM infrastructure,,
Shree Bagh Bhairab Ni.Ma.Vi.,school,27.9845,85.0627,OSM infrastructure,,
Shree Ratandeu Pra Vi,school,27.9086,85.2088,OSM infrastructure,,
Shree Shivalaya Pra Vi,school,27.9200,85.2096,OSM infrastructure,,
Sri BP Smriti Pra Vi,school,27.9477,85.2337,OSM infrastructure,,
Shree Bhume Devi Uchha Ma Vi,school,27.9704,85.1079,OSM infrastructure,,
Shree Narayan Devi Higher Secondary School,school,27.9045,85.1891,OSM infrastructure,,
Sri Vidhya Niketan Pra Vi,school,27.9200,85.1802,OSM infrastructure,,
Shri Chhetrapal Uccha Ma V,school,27.9042,85.2414,OSM infrastructure,,
Shree Ganesh Uccha Ma V,school,27.9224,85.2498,OSM infrastructure,,
Ganesh Ma V,school,27.9212,85.2625,OSM infrastructure,,
Shree Bagiswori Higher Secondary School,school,27.9503,85.2292,OSM infrastructure,,
Sri Mahalaxmi Pra Vi,school,27.9265,85.1925,OSM infrastructure,,
Rastriya U M V,school,27.8896,85.2847,OSM infrastructure,,
Kalika Ma V,school,27.8996,85.2948,OSM infrastructure,,
Shree Singhadevi Pra V,school,27.9062,85.3085,OSM infrastructure,,
Shree Panchakanya Ma V,school,27.8895,85.3277,OSM infrastructure,,
Devaki Dharam Ni Ma V,school,27.8953,85.3233,OSM infrastructure,,
Shree Bhumesthan Pra V,school,27.8927,85.3521,OSM infrastructure,,
Shree Saptakanya Pra V,school,27.8848,85.3346,OSM infrastructure,,
Shree Gangadevi Pra V,school,27.9294,85.3770,OSM infrastructure,,
Shree Mangaladevi Ma V,school,27.9112,85.3567,OSM infrastructure,,
Rukmani U M V,school,27.9221,85.3818,OSM infrastructure,,
Dhandakharka Pra V,school,27.9434,85.3801,OSM infrastructure,,
Shree Kalyan Uccha Ma V,school,27.9202,85.3693,OSM infrastructure,,
Shri Om Shiva Shankar Pra V,school,27.8970,85.4064,OSM infrastructure,,
Kamal Manik Ni Ma V,school,27.9045,85.4064,OSM infrastructure,,
Kuljyoti Pra V,school,27.8896,85.3906,OSM infrastructure,,
Shri Balkalyan Pra V,school,27.9071,85.3830,OSM infrastructure,,
Shree Panchkanya Ni Ma V,school,27.9386,85.3639,OSM infrastructure,,
Shree Shikharbesi Pra Vi,school,27.9673,85.3964,OSM infrastructure,,
Sundaradevi Lower Secondary School,school,27.9323,85.3521,OSM infrastructure,,
Shree Nawasanjiwani Ma V,school,27.9103,85.2925,OSM infrastructure,,
Shree Balkanya Pra V,school,27.9167,85.2709,OSM infrastructure,,
Shree Jagrit Ni Ma V,school,27.9264,85.2730,OSM infrastructure,,
Shree Kapileshwor Pra V,school,27.9012,85.2802,OSM infrastructure,,
Bhumesthan Pra Vi,school,27.9702,85.4122,OSM infrastructure,,
Shree Shivalaya Pra V,school,27.9304,85.2527,OSM infrastructure,,
Shree Kalika Ni Ma Vi,school,28.0180,85.1628,OSM infrastructure,,
Shree Jaya Buddha Manetar Pra Vi,school,27.9997,85.1732,OSM infrastructure,,
Shree Ganesh Pra Vi,school,28.0092,85.1491,OSM infrastructure,,
Shree Mahadev Pra Vi,school,28.0122,85.1453,OSM infrastructure,,
Shree Simrangchaur Ni Ma Vi,school,28.0145,85.1498,OSM infrastructure,,
Shree Bhawani Secondary School,school,27.7849,85.2580,OSM infrastructure,,
Shree Manakamana Pra Vi,school,28.0020,85.1224,OSM infrastructure,,
Shree Mahalaxmi Primary School,school,27.7795,85.2530,OSM infrastructure,,
Shri Jalju Khola Ma Vi,school,28.0274,85.1063,OSM infrastructure,,
Shree Ramchandra Ni Ma Vi,school,27.9709,85.1846,OSM infrastructure,,
Shree Keraghari Pra Vi,school,27.9713,85.1993,OSM infrastructure,,
श्री नेत्रावती प्राथमीक बिध्यालय,school,28.0148,84.9182,OSM infrastructure,,
Shree Ijara Ni Ma Vi,school,27.9074,84.9086,OSM infrastructure,,
Shree Sirdevi Pra Vi,school,27.9113,84.9311,OSM infrastructure,,
Shree Shankos School,school,27.9362,84.9047,OSM infrastructure,,
Shree Mangala Devi Pra Vi,school,27.8990,84.9151,OSM infrastructure,,
Shree Ahal Danda Pra Vi,school,27.9049,84.9165,OSM infrastructure,,
BP Smriti Hospital,hospital,27.7374,85.3262,OSM infrastructure,,
Shree Panchakanya Ma Vi,school,27.9465,84.9300,OSM infrastructure,,
Shree Shoraghar Pra Vi,school,27.9182,84.9327,OSM infrastructure,,
Shree Saraha Devi Pra Vi,school,27.8957,84.9346,OSM infrastructure,,
Shree Lekali PRA V,school,28.1151,85.0232,OSM infrastructure,,
"Jyoti Primary School, Gyarcho",school,28.1234,85.0202,OSM infrastructure,,
Shree Lapa Ma V,school,28.1675,85.0123,OSM infrastructure,,
Shree Saath Kanya Devi Pra V,school,28.1834,85.0273,OSM infrastructure,,
Shree Timla Ni Ma V,school,28.1762,85.0452,OSM infrastructure,,
Shree Newarpani Pra Vi,school,27.8628,84.9191,OSM infrastructure,,
Shree Hindung Pra V,school,28.2161,85.0813,OSM infrastructure,,
Shree Chyamra Devi Ni Ma V,school,28.1766,85.0846,OSM infrastructure,,
Shree Mukrap Devi Uchha Ma V,school,28.1590,85.0561,OSM infrastructure,,
Shree Kharsa Gaun Pra V,school,28.1755,85.0935,OSM infrastructure,,
Shree Dong Den Devi Ma V,school,28.1754,85.1120,OSM infrastructure,,
Shree Lasang Karpo Pra V,school,28.2006,85.1163,OSM infrastructure,,
Shree Ganesh Himal PRA V,school,28.0528,84.9833,OSM infrastructure,,
Shree Brichet Ma V,school,28.0614,84.9978,OSM infrastructure,,
Shree Rudra Devi PRA V,school,28.0436,84.9808,OSM infrastructure,,
Shree Satya Devi Pra V,school,28.0331,85.0056,OSM infrastructure,,
Shree Sthaniya Bhumi PRA V,school,28.0369,84.9843,OSM infrastructure,,
Shree Salmetar Pra V,school,28.0317,84.9583,OSM infrastructure,,
Shree Sarswoti Prathamik Vidyalaya,school,27.7135,85.1381,OSM infrastructure,,
Shree Netrawati Pra V,school,28.0418,84.9561,OSM infrastructure,,
Gitamata Madhyamik Vidyalaya,school,27.7100,85.2968,OSM infrastructure,,
Shree Singala Devi Ma V,school,28.1252,85.0344,OSM infrastructure,,
Shree Jharlang Pra V,school,28.1294,85.0367,OSM infrastructure,,
Shree Pabitra Primary V,school,28.0941,85.0202,OSM infrastructure,,
Shree Duwang Pra V,school,28.1713,85.0686,OSM infrastructure,,
Shree Ratmata Pra V,school,28.0393,84.9214,OSM infrastructure,,
Shree Kalika Devi Pra V,school,28.0515,84.9400,OSM infrastructure,,
Shree Pancha kanya PRA V,school,27.8241,85.5604,OSM infrastructure,,
Shree Jattashankar Pra V,school,27.9694,84.9333,OSM infrastructure,,
Shree Sitaladevi Pra V,school,28.1110,84.9967,OSM infrastructure,,
Shree Laligurans Pra V,school,28.0801,84.9697,OSM infrastructure,,
Shree Buddha Pra V,school,28.0784,84.9801,OSM infrastructure,,
Shree Himalaya Pra V,school,28.0934,84.9977,OSM infrastructure,,
Shree Ree Gau Uccha Ma V,school,28.0916,84.9896,OSM infrastructure,,
Shree Chandeswary Pra V,school,27.7478,85.1779,OSM infrastructure,,
Shree Lamasthan Ni Ma Vi,school,27.9788,84.9042,OSM infrastructure,,
Shree Duikanya Pra Vi,school,28.0280,84.9854,OSM infrastructure,,
Shree Jana Chahana Pra Vi,school,28.0053,84.9630,OSM infrastructure,,
श्री कार्कीगाँउ उच्च माध्यामीक बिध्यालय,school,28.0211,84.9083,OSM infrastructure,,
Shree Jaljale Bhanjyang PRA V,school,28.0011,84.9155,OSM infrastructure,,
Shree Balbikas Pra Vi,school,27.9309,84.9865,OSM infrastructure,,
Shree Namrung Pra Vi,school,27.9422,85.0052,OSM infrastructure,,
Shree Jana Kalyan Pra Vi,school,27.9506,84.9791,OSM infrastructure,,
Shree Salla Ghari Pra Vi,school,27.9366,84.9530,OSM infrastructure,,
Shree Tamai Ratmate Ma Vi,school,27.9509,84.9702,OSM infrastructure,,
Shri Surya Kunda Pra Vi,school,27.9523,84.9442,OSM infrastructure,,
Shree Sunkanya PRA vi,school,27.9551,84.9536,OSM infrastructure,,
Shree Kunda Devi PRA V,school,28.0818,85.0271,OSM infrastructure,,
Shri Namuna Pra Vi,school,27.9936,84.9204,OSM infrastructure,,
Shree Mahendra Barahi Uchha Ma Vi,school,27.9722,84.9354,OSM infrastructure,,
"Lama Guru School, JugheDhara",school,27.9095,84.9467,OSM infrastructure,,
Shree Manrupi Ma Vi,school,27.9529,84.9056,OSM infrastructure,,
Shree Batuwa Pra Vi,school,27.9383,84.9169,OSM infrastructure,,
Shree Rudra Kanya Pra Vi,school,27.9270,84.9106,OSM infrastructure,,
Dhading Boarding School,school,27.9082,84.9032,OSM infrastructure,,
Shree Baldevi Pra V,school,27.8908,85.0598,OSM infrastructure,,
,school,27.9704,85.5587,OSM infrastructure,,
shree satyawati higher secondary school,school,27.8087,84.9402,OSM infrastructure,,
Tribeni Sadan English School Football Ground,school,27.7941,85.3285,OSM infrastructure,,
Aditya School,school,27.7326,85.2925,OSM infrastructure,,
,hospital,27.7334,85.3463,OSM infrastructure,,
NIC Academy,school,27.7256,85.2865,OSM infrastructure,,
New Florence International Boarding School,school,27.7010,85.3018,OSM infrastructure,,
Snowland Ranag Light of Education School,school,27.7688,85.3606,OSM infrastructure,,
Ganesh Higher secondary school,school,27.7593,85.3545,OSM infrastructure,,
Trishuli Hydro Power Dam,dam,27.9249,85.1469,OSM infrastructure,,
Trimurti Academy,school,27.7403,85.3442,OSM infrastructure,,
Rasuwa District Hospital,hospital,28.1100,85.2967,OSM infrastructure,,
Mulpani Primary Health Center,hospital,27.7144,85.3931,OSM infrastructure,,
,school,27.7396,85.3140,OSM infrastructure,,
Gothatar Health Post,hospital,27.7081,85.3715,OSM infrastructure,,
,school,27.8579,84.9182,OSM infrastructure,,
Phyaluling Madhaymic Bhidhalaya,school,27.7885,85.3395,OSM infrastructure,,
,hospital,27.8462,85.1308,OSM infrastructure,,
Bolde Ni Ma V,school,27.9426,85.7922,OSM infrastructure,,
Gautam Pra V,school,27.9113,85.7787,OSM infrastructure,,
Bhimsen Ma V,school,27.8848,85.7488,OSM infrastructure,,
Adarsha Pra V,school,27.8879,85.7772,OSM infrastructure,,
Shepgau Pra V,school,27.8467,85.7193,OSM infrastructure,,
Shree Kalansha Primary School,school,27.8197,85.7890,OSM infrastructure,,
,school,27.8558,85.6455,OSM infrastructure,,
Shree Pancha Pokhari PRA V,school,27.8591,85.6694,OSM infrastructure,,
Shree Bal Bikash PRA V,school,27.8953,85.5947,OSM infrastructure,,
Shree Bhumeshori PRA V,school,27.9027,85.6271,OSM infrastructure,,
Shree Satkanya PRA V,school,27.9459,85.6514,OSM infrastructure,,
Shree Panchakanya Primary School,school,27.8286,85.7891,OSM infrastructure,,
Shree Siddhartha Primary School,school,27.8320,85.7962,OSM infrastructure,,
吉隆镇完全小学,school,28.3925,85.3267,OSM infrastructure,,
Mahakali School Subedi dada,school,27.7145,85.5777,OSM infrastructure,,
Gothatar Health Post,hospital,27.7081,85.3716,OSM infrastructure,,
,dam,28.1865,85.3000,OSM infrastructure,,
,dam,28.1865,85.2998,OSM infrastructure,,
,school,27.7969,85.6888,OSM infrastructure,,
,school,27.8107,85.6861,OSM infrastructure,,
,school,27.7917,85.7042,OSM infrastructure,,
,school,27.8487,85.4616,OSM infrastructure,,
shree kalikadevi secondary school,school,27.8036,85.5545,OSM infrastructure,,
balbatika,school,27.7234,85.3758,OSM infrastructure,,
jorpati lions school,school,27.7271,85.3792,OSM infrastructure,,
chahari kala kendra,school,27.7254,85.3760,OSM infrastructure,,
shree kalika chetana secondary school,school,27.7598,85.5815,OSM infrastructure,,
,hospital,27.7209,85.3704,OSM infrastructure,,
venus high school,school,27.7303,85.3791,OSM infrastructure,,
nepalaya school,school,27.7310,85.3804,OSM infrastructure,,
,school,27.7932,85.7533,OSM infrastructure,,
,school,27.8005,85.7402,OSM infrastructure,,
,school,27.8038,85.7164,OSM infrastructure,,
,school,27.7162,85.7242,OSM infrastructure,,
Divine Buds Educational Academy,school,27.7299,85.3607,OSM infrastructure,,
,school,27.7299,85.3607,OSM infrastructure,,
बैरेनी अस्पताल,hospital,27.8012,84.9878,OSM infrastructure,,
Euro School,school,27.7630,85.3483,OSM infrastructure,,
Bhotenamlang Secondary School,school,27.8852,85.6545,OSM infrastructure,,
Reliance International School,school,27.7299,85.3546,OSM infrastructure,,
Gurukul Public High School,school,27.7423,85.3002,OSM infrastructure,,
Nava Arunima Secondary School,school,27.7334,85.3768,OSM infrastructure,,
Riviera Internation School,school,27.7176,85.3523,OSM infrastructure,,
श्री भवानी मा.वि,school,27.8327,85.2385,OSM infrastructure,,
Ganesh Himal Secondary School,school,27.7146,85.3936,OSM infrastructure,,
Deepshikha High School,school,27.7525,85.2960,OSM infrastructure,,
Ishan Children and Women's Hospital (P) Ltd.,hospital,27.7446,85.3328,OSM infrastructure,,
Durga Bhawani Academy (DBA) School,school,27.7292,85.3419,OSM infrastructure,,
Tej Binayak School,school,27.7110,85.3807,OSM infrastructure,,
Kathmandu Valley School,school,27.7389,85.2908,OSM infrastructure,,
sumit hospital,hospital,27.7275,85.3229,OSM infrastructure,,
,hospital,28.2157,85.5191,OSM infrastructure,,
Deerwalk Group,school,27.7122,85.3423,OSM infrastructure,,
,school,27.7522,85.3418,OSM infrastructure,,
Asia Pacific School,school,27.7551,85.3288,OSM infrastructure,,
Shree Jyoti Bhanjyang Ni Ma V,school,27.8580,85.5669,OSM infrastructure,,
Millsbery School,school,27.7499,85.3408,OSM infrastructure,,
,hydropower,28.0638,85.2067,OSM infrastructure,,
Adarsha Lower Secondary School,school,27.7136,85.3314,OSM infrastructure,,
TU Teaching Hospital,hospital,27.7361,85.3300,OSM infrastructure,,
Military Hospital,hospital,27.7111,85.2912,OSM infrastructure,,
Stupa Community Hospital,hospital,27.7207,85.3648,OSM infrastructure,,
Alok Vidyashram,school,27.7072,85.3419,OSM infrastructure,,
Trishuli Hydropower Station,hydropower,27.9215,85.1460,OSM infrastructure,,
BST College,school,27.7362,85.3083,OSM infrastructure,,
Trishuli Hospital,hospital,27.9246,85.1410,OSM infrastructure,,
T.U. Teaching Hospital,hospital,27.7360,85.3306,OSM infrastructure,,
Bir Hospital,hospital,27.7052,85.3134,OSM infrastructure,,
Mount Glory English Boarding High School,school,27.7060,85.2988,OSM infrastructure,,
Future Star English Secondary School,school,27.7075,85.3006,OSM infrastructure,,
Gurukul Pearl's school,school,27.7030,85.2860,OSM infrastructure,,
Modern Nepal Academy,school,27.7108,85.2947,OSM infrastructure,,
Divyatara Boarding School,school,27.7123,85.2880,OSM infrastructure,,
Academy of Sacred Hearts,school,27.7139,85.3035,OSM infrastructure,,
Snow Apex Academy,school,27.7090,85.3241,OSM infrastructure,,
